instance,algorithm_left,algorithm_right,orders_jaccard,aisles_jaccard,items_jaccard,orders_overlap,aisles_overlap,items_overlap
instance_0001.txt,pan_liu_sd1_oa1,pan_liu_sd1_oa2,0.03225806451612903,0.07142857142857142,0.02531645569620253,1,2,2
instance_0001.txt,pan_liu_sd1_oa1,pan_liu_sd1_oa3,0.8235294117647058,0.8181818181818182,0.8695652173913043,14,18,40
instance_0001.txt,pan_liu_sd1_oa1,pan_liu_sd1_oa4,0.19230769230769232,0.2727272727272727,0.19402985074626866,5,9,13
instance_0001.txt,pan_liu_sd1_oa1,pan_liu_sd2_oa1,0.2916666666666667,0.2413793103448276,0.323943661971831,7,7,23
instance_0001.txt,pan_liu_sd1_oa1,pan_liu_sd2_oa2,0.0,0.03225806451612903,0.0,0,1,0
instance_0001.txt,pan_liu_sd1_oa1,pan_liu_sd2_oa3,0.029411764705882353,0.06666666666666667,0.021052631578947368,1,2,2
instance_0001.txt,pan_liu_sd1_oa1,pan_liu_sd2_oa4,0.16666666666666666,0.22857142857142856,0.14772727272727273,5,8,13
instance_0001.txt,pan_liu_sd1_oa1,pan_liu_sd3_oa1,0.65,0.46875,0.7037037037037037,13,15,38
instance_0001.txt,pan_liu_sd1_oa1,pan_liu_sd3_oa2,0.027777777777777776,0.027777777777777776,0.02247191011235955,1,1,2
instance_0001.txt,pan_liu_sd1_oa1,pan_liu_sd3_oa3,0.65,0.5483870967741935,0.7037037037037037,13,17,38
instance_0001.txt,pan_liu_sd1_oa1,pan_liu_sd3_oa3_multi,0.65,0.5172413793103449,0.7037037037037037,13,15,38
instance_0001.txt,pan_liu_sd1_oa1,pan_liu_sd3_oa4,0.16666666666666666,0.22857142857142856,0.14772727272727273,5,8,13
instance_0001.txt,pan_liu_sd1_oa1,pan_liu_sd4_oa1,0.5714285714285714,0.42424242424242425,0.631578947368421,12,14,36
instance_0001.txt,pan_liu_sd1_oa1,pan_liu_sd4_oa2,0.0,0.03225806451612903,0.0,0,1,0
instance_0001.txt,pan_liu_sd1_oa1,pan_liu_sd4_oa3,0.5714285714285714,0.5,0.631578947368421,12,16,36
instance_0001.txt,pan_liu_sd1_oa1,pan_liu_sd4_oa4,0.16129032258064516,0.15,0.21052631578947367,5,6,16
instance_0001.txt,pan_liu_sd1_oa1,pan_liu_sl,1.0,1.0,1.0,16,22,44
instance_0001.txt,pan_liu_sd1_oa1,pan_liu_sl_multi,1.0,0.75,1.0,16,18,44
instance_0001.txt,pan_liu_sd1_oa1,pan_liu_sl_strict,1.0,1.0,1.0,16,22,44
instance_0001.txt,pan_liu_sd1_oa2,pan_liu_sd1_oa3,0.03333333333333333,0.08333333333333333,0.025974025974025976,1,2,2
instance_0001.txt,pan_liu_sd1_oa2,pan_liu_sd1_oa4,0.19230769230769232,0.21739130434782608,0.1774193548387097,5,5,11
instance_0001.txt,pan_liu_sd1_oa2,pan_liu_sd2_oa1,0.19230769230769232,0.2222222222222222,0.16,5,4,12
instance_0001.txt,pan_liu_sd1_oa2,pan_liu_sd2_oa2,0.7894736842105263,0.5,0.7142857142857143,15,6,35
instance_0001.txt,pan_liu_sd1_oa2,pan_liu_sd2_oa3,0.4583333333333333,0.38461538461538464,0.40625,11,5,26
instance_0001.txt,pan_liu_sd1_oa2,pan_liu_sd2_oa4,0.20689655172413793,0.11538461538461539,0.22077922077922077,6,3,17
instance_0001.txt,pan_liu_sd1_oa2,pan_liu_sd3_oa1,0.0,0.06451612903225806,0.0,0,2,0
instance_0001.txt,pan_liu_sd1_oa2,pan_liu_sd3_oa2,0.6818181818181818,0.35294117647058826,0.7142857142857143,15,6,35
instance_0001.txt,pan_liu_sd1_oa2,pan_liu_sd3_oa3,0.0,0.0625,0.0,0,2,0
instance_0001.txt,pan_liu_sd1_oa2,pan_liu_sd3_oa3_multi,0.0,0.0,0.0,0,0,0
instance_0001.txt,pan_liu_sd1_oa2,pan_liu_sd3_oa4,0.20689655172413793,0.11538461538461539,0.22077922077922077,6,3,17
instance_0001.txt,pan_liu_sd1_oa2,pan_liu_sd4_oa1,0.03125,0.1,0.03614457831325301,1,3,3
instance_0001.txt,pan_liu_sd1_oa2,pan_liu_sd4_oa2,0.7894736842105263,0.5,0.7142857142857143,15,6,35
instance_0001.txt,pan_liu_sd1_oa2,pan_liu_sd4_oa3,0.03125,0.0967741935483871,0.03614457831325301,1,3,3
instance_0001.txt,pan_liu_sd1_oa2,pan_liu_sd4_oa4,0.125,0.18518518518518517,0.11842105263157894,4,5,9
instance_0001.txt,pan_liu_sd1_oa2,pan_liu_sl,0.03225806451612903,0.07142857142857142,0.02531645569620253,1,2,2
instance_0001.txt,pan_liu_sd1_oa2,pan_liu_sl_multi,0.03225806451612903,0.07692307692307693,0.02531645569620253,1,2,2
instance_0001.txt,pan_liu_sd1_oa2,pan_liu_sl_strict,0.03225806451612903,0.07142857142857142,0.02531645569620253,1,2,2
instance_0001.txt,pan_liu_sd1_oa3,pan_liu_sd1_oa4,0.15384615384615385,0.3103448275862069,0.16417910447761194,4,9,11
instance_0001.txt,pan_liu_sd1_oa3,pan_liu_sd2_oa1,0.30434782608695654,0.28,0.3333333333333333,7,7,23
instance_0001.txt,pan_liu_sd1_oa3,pan_liu_sd2_oa2,0.0,0.037037037037037035,0.0,0,1,0
instance_0001.txt,pan_liu_sd1_oa3,pan_liu_sd2_oa3,0.030303030303030304,0.07692307692307693,0.021505376344086023,1,2,2
instance_0001.txt,pan_liu_sd1_oa3,pan_liu_sd2_oa4,0.13333333333333333,0.21875,0.125,4,7,11
instance_0001.txt,pan_liu_sd1_oa3,pan_liu_sd3_oa1,0.6842105263157895,0.4827586206896552,0.7307692307692307,13,14,38
instance_0001.txt,pan_liu_sd1_oa3,pan_liu_sd3_oa2,0.02857142857142857,0.03125,0.022988505747126436,1,1,2
instance_0001.txt,pan_liu_sd1_oa3,pan_liu_sd3_oa3,0.6842105263157895,0.5714285714285714,0.7307692307692307,13,16,38
instance_0001.txt,pan_liu_sd1_oa3,pan_liu_sd3_oa3_multi,0.6842105263157895,0.48148148148148145,0.7307692307692307,13,13,38
instance_0001.txt,pan_liu_sd1_oa3,pan_liu_sd3_oa4,0.13333333333333333,0.21875,0.125,4,7,11
instance_0001.txt,pan_liu_sd1_oa3,pan_liu_sd4_oa1,0.6,0.43333333333333335,0.6545454545454545,12,13,36
instance_0001.txt,pan_liu_sd1_oa3,pan_liu_sd4_oa2,0.0,0.037037037037037035,0.0,0,1,0
instance_0001.txt,pan_liu_sd1_oa3,pan_liu_sd4_oa3,0.6,0.5172413793103449,0.6545454545454545,12,15,36
instance_0001.txt,pan_liu_sd1_oa3,pan_liu_sd4_oa4,0.20689655172413793,0.13513513513513514,0.25,6,5,18
instance_0001.txt,pan_liu_sd1_oa3,pan_liu_sl,0.8235294117647058,0.8181818181818182,0.8695652173913043,14,18,40
instance_0001.txt,pan_liu_sd1_oa3,pan_liu_sl_multi,0.8235294117647058,0.6521739130434783,0.8695652173913043,14,15,40
instance_0001.txt,pan_liu_sd1_oa3,pan_liu_sl_strict,0.8235294117647058,0.8181818181818182,0.8695652173913043,14,18,40
instance_0001.txt,pan_liu_sd1_oa4,pan_liu_sd2_oa1,0.07142857142857142,0.21428571428571427,0.08860759493670886,2,6,7
instance_0001.txt,pan_liu_sd1_oa4,pan_liu_sd2_oa2,0.13793103448275862,0.15384615384615385,0.12162162162162163,4,4,9
instance_0001.txt,pan_liu_sd1_oa4,pan_liu_sd2_oa3,0.13333333333333333,0.2,0.12658227848101267,4,5,10
instance_0001.txt,pan_liu_sd1_oa4,pan_liu_sd2_oa4,0.0,0.1388888888888889,0.010869565217391304,0,5,1
instance_0001.txt,pan_liu_sd1_oa4,pan_liu_sd3_oa1,0.10344827586206896,0.25,0.12,3,9,9
instance_0001.txt,pan_liu_sd1_oa4,pan_liu_sd3_oa2,0.125,0.16666666666666666,0.12162162162162163,4,5,9
instance_0001.txt,pan_liu_sd1_oa4,pan_liu_sd3_oa3,0.10344827586206896,0.24324324324324326,0.12,3,9,9
instance_0001.txt,pan_liu_sd1_oa4,pan_liu_sd3_oa3_multi,0.10344827586206896,0.2,0.12,3,7,9
instance_0001.txt,pan_liu_sd1_oa4,pan_liu_sd3_oa4,0.0,0.1388888888888889,0.010869565217391304,0,5,1
instance_0001.txt,pan_liu_sd1_oa4,pan_liu_sd4_oa1,0.10344827586206896,0.25,0.11842105263157894,3,9,9
instance_0001.txt,pan_liu_sd1_oa4,pan_liu_sd4_oa2,0.13793103448275862,0.15384615384615385,0.12162162162162163,4,4,9
instance_0001.txt,pan_liu_sd1_oa4,pan_liu_sd4_oa3,0.10344827586206896,0.24324324324324326,0.11842105263157894,3,9,9
instance_0001.txt,pan_liu_sd1_oa4,pan_liu_sd4_oa4,0.0,0.1,0.0,0,4,0
instance_0001.txt,pan_liu_sd1_oa4,pan_liu_sl,0.19230769230769232,0.2727272727272727,0.19402985074626866,5,9,13
instance_0001.txt,pan_liu_sd1_oa4,pan_liu_sl_multi,0.19230769230769232,0.25,0.19402985074626866,5,8,13
instance_0001.txt,pan_liu_sd1_oa4,pan_liu_sl_strict,0.19230769230769232,0.2727272727272727,0.19402985074626866,5,9,13
instance_0001.txt,pan_liu_sd2_oa1,pan_liu_sd2_oa2,0.2222222222222222,0.2631578947368421,0.27631578947368424,6,5,21
instance_0001.txt,pan_liu_sd2_oa1,pan_liu_sd2_oa3,0.36,0.4117647058823529,0.3918918918918919,9,7,29
instance_0001.txt,pan_liu_sd2_oa1,pan_liu_sd2_oa4,0.25925925925925924,0.25,0.32098765432098764,7,7,26
instance_0001.txt,pan_liu_sd2_oa1,pan_liu_sd3_oa1,0.23076923076923078,0.18181818181818182,0.2727272727272727,6,6,21
instance_0001.txt,pan_liu_sd2_oa1,pan_liu_sd3_oa2,0.2,0.2608695652173913,0.1686746987951807,6,6,14
instance_0001.txt,pan_liu_sd2_oa1,pan_liu_sd3_oa3,0.23076923076923078,0.21212121212121213,0.2727272727272727,6,7,21
instance_0001.txt,pan_liu_sd2_oa1,pan_liu_sd3_oa3_multi,0.23076923076923078,0.2413793103448276,0.2727272727272727,6,7,21
instance_0001.txt,pan_liu_sd2_oa1,pan_liu_sd3_oa4,0.25925925925925924,0.25,0.32098765432098764,7,7,26
instance_0001.txt,pan_liu_sd2_oa1,pan_liu_sd4_oa1,0.18518518518518517,0.14705882352941177,0.2375,5,5,19
instance_0001.txt,pan_liu_sd2_oa1,pan_liu_sd4_oa2,0.2222222222222222,0.2631578947368421,0.27631578947368424,6,5,21
instance_0001.txt,pan_liu_sd2_oa1,pan_liu_sd4_oa3,0.18518518518518517,0.17647058823529413,0.2375,5,6,19
instance_0001.txt,pan_liu_sd2_oa1,pan_liu_sd4_oa4,0.20689655172413793,0.22580645161290322,0.225,6,7,18
instance_0001.txt,pan_liu_sd2_oa1,pan_liu_sl,0.2916666666666667,0.2413793103448276,0.323943661971831,7,7,23
instance_0001.txt,pan_liu_sd2_oa1,pan_liu_sl_multi,0.2916666666666667,0.21428571428571427,0.323943661971831,7,6,23
instance_0001.txt,pan_liu_sd2_oa1,pan_liu_sl_strict,0.2916666666666667,0.2413793103448276,0.323943661971831,7,7,23
instance_0001.txt,pan_liu_sd2_oa2,pan_liu_sd2_oa3,0.5416666666666666,0.5384615384615384,0.5873015873015873,13,7,37
instance_0001.txt,pan_liu_sd2_oa2,pan_liu_sd2_oa4,0.23333333333333334,0.19230769230769232,0.3333333333333333,7,5,26
instance_0001.txt,pan_liu_sd2_oa2,pan_liu_sd3_oa1,0.0,0.06060606060606061,0.0,0,2,0
instance_0001.txt,pan_liu_sd2_oa2,pan_liu_sd3_oa2,0.7727272727272727,0.5625,0.6785714285714286,17,9,38
instance_0001.txt,pan_liu_sd2_oa2,pan_liu_sd3_oa3,0.0,0.058823529411764705,0.0,0,2,0
instance_0001.txt,pan_liu_sd2_oa2,pan_liu_sd3_oa3_multi,0.0,0.03225806451612903,0.0,0,1,0
instance_0001.txt,pan_liu_sd2_oa2,pan_liu_sd3_oa4,0.23333333333333334,0.19230769230769232,0.3333333333333333,7,5,26
instance_0001.txt,pan_liu_sd2_oa2,pan_liu_sd4_oa1,0.029411764705882353,0.09375,0.03225806451612903,1,3,3
instance_0001.txt,pan_liu_sd2_oa2,pan_liu_sd4_oa2,1.0,1.0,1.0,18,10,47
instance_0001.txt,pan_liu_sd2_oa2,pan_liu_sd4_oa3,0.029411764705882353,0.09090909090909091,0.03225806451612903,1,3,3
instance_0001.txt,pan_liu_sd2_oa2,pan_liu_sd4_oa4,0.1875,0.3076923076923077,0.14457831325301204,6,8,12
instance_0001.txt,pan_liu_sd2_oa2,pan_liu_sl,0.0,0.03225806451612903,0.0,0,1,0
instance_0001.txt,pan_liu_sd2_oa2,pan_liu_sl_multi,0.0,0.034482758620689655,0.0,0,1,0
instance_0001.txt,pan_liu_sd2_oa2,pan_liu_sl_strict,0.0,0.03225806451612903,0.0,0,1,0
instance_0001.txt,pan_liu_sd2_oa3,pan_liu_sd2_oa4,0.26666666666666666,0.19230769230769232,0.35802469135802467,8,5,29
instance_0001.txt,pan_liu_sd2_oa3,pan_liu_sd3_oa1,0.0,0.09375,0.0,0,3,0
instance_0001.txt,pan_liu_sd2_oa3,pan_liu_sd3_oa2,0.42857142857142855,0.3888888888888889,0.3888888888888889,12,7,28
instance_0001.txt,pan_liu_sd2_oa3,pan_liu_sd3_oa3,0.0,0.09090909090909091,0.0,0,3,0
instance_0001.txt,pan_liu_sd2_oa3,pan_liu_sd3_oa3_multi,0.0,0.06666666666666667,0.0,0,2,0
instance_0001.txt,pan_liu_sd2_oa3,pan_liu_sd3_oa4,0.26666666666666666,0.19230769230769232,0.35802469135802467,8,5,29
instance_0001.txt,pan_liu_sd2_oa3,pan_liu_sd4_oa1,0.0,0.06060606060606061,0.0,0,2,0
instance_0001.txt,pan_liu_sd2_oa3,pan_liu_sd4_oa2,0.5416666666666666,0.5384615384615384,0.5873015873015873,13,7,37
instance_0001.txt,pan_liu_sd2_oa3,pan_liu_sd4_oa3,0.0,0.058823529411764705,0.0,0,2,0
instance_0001.txt,pan_liu_sd2_oa3,pan_liu_sd4_oa4,0.18181818181818182,0.21428571428571427,0.14772727272727273,6,6,13
instance_0001.txt,pan_liu_sd2_oa3,pan_liu_sl,0.029411764705882353,0.06666666666666667,0.021052631578947368,1,2,2
instance_0001.txt,pan_liu_sd2_oa3,pan_liu_sl_multi,0.029411764705882353,0.07142857142857142,0.021052631578947368,1,2,2
instance_0001.txt,pan_liu_sd2_oa3,pan_liu_sl_strict,0.029411764705882353,0.06666666666666667,0.021052631578947368,1,2,2
instance_0001.txt,pan_liu_sd2_oa4,pan_liu_sd3_oa1,0.2,0.24324324324324326,0.16666666666666666,6,9,15
instance_0001.txt,pan_liu_sd2_oa4,pan_liu_sd3_oa2,0.2903225806451613,0.2413793103448276,0.2839506172839506,9,7,23
instance_0001.txt,pan_liu_sd2_oa4,pan_liu_sd3_oa3,0.2,0.2702702702702703,0.16666666666666666,6,10,15
instance_0001.txt,pan_liu_sd2_oa4,pan_liu_sd3_oa3_multi,0.2,0.19444444444444445,0.16666666666666666,6,7,15
instance_0001.txt,pan_liu_sd2_oa4,pan_liu_sd3_oa4,1.0,1.0,1.0,19,21,57
instance_0001.txt,pan_liu_sd2_oa4,pan_liu_sd4_oa1,0.2,0.21052631578947367,0.16483516483516483,6,8,15
instance_0001.txt,pan_liu_sd2_oa4,pan_liu_sd4_oa2,0.23333333333333334,0.19230769230769232,0.3333333333333333,7,5,26
instance_0001.txt,pan_liu_sd2_oa4,pan_liu_sd4_oa3,0.2,0.23684210526315788,0.16483516483516483,6,9,15
instance_0001.txt,pan_liu_sd2_oa4,pan_liu_sd4_oa4,0.0,0.125,0.0,0,5,0
instance_0001.txt,pan_liu_sd2_oa4,pan_liu_sl,0.16666666666666666,0.22857142857142856,0.14772727272727273,5,8,13
instance_0001.txt,pan_liu_sd2_oa4,pan_liu_sl_multi,0.16666666666666666,0.20588235294117646,0.14772727272727273,5,7,13
instance_0001.txt,pan_liu_sd2_oa4,pan_liu_sl_strict,0.16666666666666666,0.22857142857142856,0.14772727272727273,5,8,13
instance_0001.txt,pan_liu_sd3_oa1,pan_liu_sd3_oa2,0.02702702702702703,0.05263157894736842,0.021505376344086023,1,2,2
instance_0001.txt,pan_liu_sd3_oa1,pan_liu_sd3_oa3,0.8888888888888888,0.8214285714285714,0.92,16,23,46
instance_0001.txt,pan_liu_sd3_oa1,pan_liu_sd3_oa3_multi,0.8888888888888888,0.5161290322580645,0.92,16,16,46
instance_0001.txt,pan_liu_sd3_oa1,pan_liu_sd3_oa4,0.2,0.24324324324324326,0.16666666666666666,6,9,15
instance_0001.txt,pan_liu_sd3_oa1,pan_liu_sd4_oa1,0.8888888888888888,0.9230769230769231,0.9019607843137255,16,24,46
instance_0001.txt,pan_liu_sd3_oa1,pan_liu_sd4_oa2,0.0,0.06060606060606061,0.0,0,2,0
instance_0001.txt,pan_liu_sd3_oa1,pan_liu_sd4_oa3,0.7894736842105263,0.7586206896551724,0.8301886792452831,15,22,44
instance_0001.txt,pan_liu_sd3_oa1,pan_liu_sd4_oa4,0.15625,0.13953488372093023,0.2,5,6,16
instance_0001.txt,pan_liu_sd3_oa1,pan_liu_sl,0.65,0.46875,0.7037037037037037,13,15,38
instance_0001.txt,pan_liu_sd3_oa1,pan_liu_sl_multi,0.65,0.45161290322580644,0.7037037037037037,13,14,38
instance_0001.txt,pan_liu_sd3_oa1,pan_liu_sl_strict,0.65,0.46875,0.7037037037037037,13,15,38
instance_0001.txt,pan_liu_sd3_oa2,pan_liu_sd3_oa3,0.02702702702702703,0.05128205128205128,0.021505376344086023,1,2,2
instance_0001.txt,pan_liu_sd3_oa2,pan_liu_sd3_oa3_multi,0.02702702702702703,0.027777777777777776,0.021505376344086023,1,1,2
instance_0001.txt,pan_liu_sd3_oa2,pan_liu_sd3_oa4,0.2903225806451613,0.2413793103448276,0.2839506172839506,9,7,23
instance_0001.txt,pan_liu_sd3_oa2,pan_liu_sd4_oa1,0.05555555555555555,0.08108108108108109,0.054945054945054944,2,3,5
instance_0001.txt,pan_liu_sd3_oa2,pan_liu_sd4_oa2,0.7727272727272727,0.5625,0.6785714285714286,17,9,38
instance_0001.txt,pan_liu_sd3_oa2,pan_liu_sd4_oa3,0.05555555555555555,0.07894736842105263,0.054945054945054944,2,3,5
instance_0001.txt,pan_liu_sd3_oa2,pan_liu_sd4_oa4,0.17142857142857143,0.3,0.14457831325301204,6,9,12
instance_0001.txt,pan_liu_sd3_oa2,pan_liu_sl,0.027777777777777776,0.027777777777777776,0.02247191011235955,1,1,2
instance_0001.txt,pan_liu_sd3_oa2,pan_liu_sl_multi,0.027777777777777776,0.029411764705882353,0.02247191011235955,1,1,2
instance_0001.txt,pan_liu_sd3_oa2,pan_liu_sl_strict,0.027777777777777776,0.027777777777777776,0.02247191011235955,1,1,2
instance_0001.txt,pan_liu_sd3_oa3,pan_liu_sd3_oa3_multi,1.0,0.5483870967741935,1.0,17,17,48
instance_0001.txt,pan_liu_sd3_oa3,pan_liu_sd3_oa4,0.2,0.2702702702702703,0.16666666666666666,6,10,15
instance_0001.txt,pan_liu_sd3_oa3,pan_liu_sd4_oa1,0.7894736842105263,0.7586206896551724,0.8301886792452831,15,22,44
instance_0001.txt,pan_liu_sd3_oa3,pan_liu_sd4_oa2,0.0,0.058823529411764705,0.0,0,2,0
instance_0001.txt,pan_liu_sd3_oa3,pan_liu_sd4_oa3,0.8888888888888888,0.9259259259259259,0.9019607843137255,16,25,46
instance_0001.txt,pan_liu_sd3_oa3,pan_liu_sd4_oa4,0.1935483870967742,0.16279069767441862,0.23076923076923078,6,7,18
instance_0001.txt,pan_liu_sd3_oa3,pan_liu_sl,0.65,0.5483870967741935,0.7037037037037037,13,17,38
instance_0001.txt,pan_liu_sd3_oa3,pan_liu_sl_multi,0.65,0.4375,0.7037037037037037,13,14,38
instance_0001.txt,pan_liu_sd3_oa3,pan_liu_sl_strict,0.65,0.5483870967741935,0.7037037037037037,13,17,38
instance_0001.txt,pan_liu_sd3_oa3_multi,pan_liu_sd3_oa4,0.2,0.19444444444444445,0.16666666666666666,6,7,15
instance_0001.txt,pan_liu_sd3_oa3_multi,pan_liu_sd4_oa1,0.7894736842105263,0.46875,0.8301886792452831,15,15,44
instance_0001.txt,pan_liu_sd3_oa3_multi,pan_liu_sd4_oa2,0.0,0.03225806451612903,0.0,0,1,0
instance_0001.txt,pan_liu_sd3_oa3_multi,pan_liu_sd4_oa3,0.8888888888888888,0.5,0.9019607843137255,16,16,46
instance_0001.txt,pan_liu_sd3_oa3_multi,pan_liu_sd4_oa4,0.1935483870967742,0.1794871794871795,0.23076923076923078,6,7,18
instance_0001.txt,pan_liu_sd3_oa3_multi,pan_liu_sl,0.65,0.5172413793103449,0.7037037037037037,13,15,38
instance_0001.txt,pan_liu_sd3_oa3_multi,pan_liu_sl_multi,0.65,0.6153846153846154,0.7037037037037037,13,16,38
instance_0001.txt,pan_liu_sd3_oa3_multi,pan_liu_sl_strict,0.65,0.5172413793103449,0.7037037037037037,13,15,38
instance_0001.txt,pan_liu_sd3_oa4,pan_liu_sd4_oa1,0.2,0.21052631578947367,0.16483516483516483,6,8,15
instance_0001.txt,pan_liu_sd3_oa4,pan_liu_sd4_oa2,0.23333333333333334,0.19230769230769232,0.3333333333333333,7,5,26
instance_0001.txt,pan_liu_sd3_oa4,pan_liu_sd4_oa3,0.2,0.23684210526315788,0.16483516483516483,6,9,15
instance_0001.txt,pan_liu_sd3_oa4,pan_liu_sd4_oa4,0.0,0.125,0.0,0,5,0
instance_0001.txt,pan_liu_sd3_oa4,pan_liu_sl,0.16666666666666666,0.22857142857142856,0.14772727272727273,5,8,13
instance_0001.txt,pan_liu_sd3_oa4,pan_liu_sl_multi,0.16666666666666666,0.20588235294117646,0.14772727272727273,5,7,13
instance_0001.txt,pan_liu_sd3_oa4,pan_liu_sl_strict,0.16666666666666666,0.22857142857142856,0.14772727272727273,5,8,13
instance_0001.txt,pan_liu_sd4_oa1,pan_liu_sd4_oa2,0.029411764705882353,0.09375,0.03225806451612903,1,3,3
instance_0001.txt,pan_liu_sd4_oa1,pan_liu_sd4_oa3,0.8888888888888888,0.8214285714285714,0.9215686274509803,16,23,47
instance_0001.txt,pan_liu_sd4_oa1,pan_liu_sd4_oa4,0.15625,0.13953488372093023,0.2125,5,6,17
instance_0001.txt,pan_liu_sd4_oa1,pan_liu_sl,0.5714285714285714,0.42424242424242425,0.631578947368421,12,14,36
instance_0001.txt,pan_liu_sd4_oa1,pan_liu_sl_multi,0.5714285714285714,0.40625,0.631578947368421,12,13,36
instance_0001.txt,pan_liu_sd4_oa1,pan_liu_sl_strict,0.5714285714285714,0.42424242424242425,0.631578947368421,12,14,36
instance_0001.txt,pan_liu_sd4_oa2,pan_liu_sd4_oa3,0.029411764705882353,0.09090909090909091,0.03225806451612903,1,3,3
instance_0001.txt,pan_liu_sd4_oa2,pan_liu_sd4_oa4,0.1875,0.3076923076923077,0.14457831325301204,6,8,12
instance_0001.txt,pan_liu_sd4_oa2,pan_liu_sl,0.0,0.03225806451612903,0.0,0,1,0
instance_0001.txt,pan_liu_sd4_oa2,pan_liu_sl_multi,0.0,0.034482758620689655,0.0,0,1,0
instance_0001.txt,pan_liu_sd4_oa2,pan_liu_sl_strict,0.0,0.03225806451612903,0.0,0,1,0
instance_0001.txt,pan_liu_sd4_oa3,pan_liu_sd4_oa4,0.1935483870967742,0.16279069767441862,0.24358974358974358,6,7,19
instance_0001.txt,pan_liu_sd4_oa3,pan_liu_sl,0.5714285714285714,0.5,0.631578947368421,12,16,36
instance_0001.txt,pan_liu_sd4_oa3,pan_liu_sl_multi,0.5714285714285714,0.3939393939393939,0.631578947368421,12,13,36
instance_0001.txt,pan_liu_sd4_oa3,pan_liu_sl_strict,0.5714285714285714,0.5,0.631578947368421,12,16,36
instance_0001.txt,pan_liu_sd4_oa4,pan_liu_sl,0.16129032258064516,0.15,0.21052631578947367,5,6,16
instance_0001.txt,pan_liu_sd4_oa4,pan_liu_sl_multi,0.16129032258064516,0.1282051282051282,0.21052631578947367,5,5,16
instance_0001.txt,pan_liu_sd4_oa4,pan_liu_sl_strict,0.16129032258064516,0.15,0.21052631578947367,5,6,16
instance_0001.txt,pan_liu_sl,pan_liu_sl_multi,1.0,0.75,1.0,16,18,44
instance_0001.txt,pan_liu_sl,pan_liu_sl_strict,1.0,1.0,1.0,16,22,44
instance_0001.txt,pan_liu_sl_multi,pan_liu_sl_strict,1.0,0.75,1.0,16,18,44
instance_0002.txt,pan_liu_sd1_oa1,pan_liu_sd1_oa2,1.0,1.0,1.0,1,1,1
instance_0002.txt,pan_liu_sd1_oa1,pan_liu_sd1_oa3,1.0,1.0,1.0,1,1,1
instance_0002.txt,pan_liu_sd1_oa1,pan_liu_sd1_oa4,1.0,1.0,1.0,1,1,1
instance_0002.txt,pan_liu_sd1_oa1,pan_liu_sd2_oa1,1.0,1.0,1.0,1,1,1
instance_0002.txt,pan_liu_sd1_oa1,pan_liu_sd2_oa2,1.0,1.0,1.0,1,1,1
instance_0002.txt,pan_liu_sd1_oa1,pan_liu_sd2_oa3,1.0,1.0,1.0,1,1,1
instance_0002.txt,pan_liu_sd1_oa1,pan_liu_sd2_oa4,1.0,1.0,1.0,1,1,1
instance_0002.txt,pan_liu_sd1_oa1,pan_liu_sd3_oa1,0.0,0.0,0.0,0,0,0
instance_0002.txt,pan_liu_sd1_oa1,pan_liu_sd3_oa2,0.0,0.0,0.0,0,0,0
instance_0002.txt,pan_liu_sd1_oa1,pan_liu_sd3_oa3,0.0,0.0,0.0,0,0,0
instance_0002.txt,pan_liu_sd1_oa1,pan_liu_sd3_oa3_multi,0.0,0.0,0.0,0,0,0
instance_0002.txt,pan_liu_sd1_oa1,pan_liu_sd3_oa4,0.0,0.0,0.0,0,0,0
instance_0002.txt,pan_liu_sd1_oa1,pan_liu_sd4_oa1,1.0,1.0,1.0,1,1,1
instance_0002.txt,pan_liu_sd1_oa1,pan_liu_sd4_oa2,1.0,1.0,1.0,1,1,1
instance_0002.txt,pan_liu_sd1_oa1,pan_liu_sd4_oa3,1.0,1.0,1.0,1,1,1
instance_0002.txt,pan_liu_sd1_oa1,pan_liu_sd4_oa4,1.0,1.0,1.0,1,1,1
instance_0002.txt,pan_liu_sd1_oa1,pan_liu_sl,0.0,0.0,0.0,0,0,0
instance_0002.txt,pan_liu_sd1_oa1,pan_liu_sl_multi,0.0,0.0,0.0,0,0,0
instance_0002.txt,pan_liu_sd1_oa1,pan_liu_sl_strict,1.0,1.0,1.0,1,1,1
instance_0002.txt,pan_liu_sd1_oa2,pan_liu_sd1_oa3,1.0,1.0,1.0,1,1,1
instance_0002.txt,pan_liu_sd1_oa2,pan_liu_sd1_oa4,1.0,1.0,1.0,1,1,1
instance_0002.txt,pan_liu_sd1_oa2,pan_liu_sd2_oa1,1.0,1.0,1.0,1,1,1
instance_0002.txt,pan_liu_sd1_oa2,pan_liu_sd2_oa2,1.0,1.0,1.0,1,1,1
instance_0002.txt,pan_liu_sd1_oa2,pan_liu_sd2_oa3,1.0,1.0,1.0,1,1,1
instance_0002.txt,pan_liu_sd1_oa2,pan_liu_sd2_oa4,1.0,1.0,1.0,1,1,1
instance_0002.txt,pan_liu_sd1_oa2,pan_liu_sd3_oa1,0.0,0.0,0.0,0,0,0
instance_0002.txt,pan_liu_sd1_oa2,pan_liu_sd3_oa2,0.0,0.0,0.0,0,0,0
instance_0002.txt,pan_liu_sd1_oa2,pan_liu_sd3_oa3,0.0,0.0,0.0,0,0,0
instance_0002.txt,pan_liu_sd1_oa2,pan_liu_sd3_oa3_multi,0.0,0.0,0.0,0,0,0
instance_0002.txt,pan_liu_sd1_oa2,pan_liu_sd3_oa4,0.0,0.0,0.0,0,0,0
instance_0002.txt,pan_liu_sd1_oa2,pan_liu_sd4_oa1,1.0,1.0,1.0,1,1,1
instance_0002.txt,pan_liu_sd1_oa2,pan_liu_sd4_oa2,1.0,1.0,1.0,1,1,1
instance_0002.txt,pan_liu_sd1_oa2,pan_liu_sd4_oa3,1.0,1.0,1.0,1,1,1
instance_0002.txt,pan_liu_sd1_oa2,pan_liu_sd4_oa4,1.0,1.0,1.0,1,1,1
instance_0002.txt,pan_liu_sd1_oa2,pan_liu_sl,0.0,0.0,0.0,0,0,0
instance_0002.txt,pan_liu_sd1_oa2,pan_liu_sl_multi,0.0,0.0,0.0,0,0,0
instance_0002.txt,pan_liu_sd1_oa2,pan_liu_sl_strict,1.0,1.0,1.0,1,1,1
instance_0002.txt,pan_liu_sd1_oa3,pan_liu_sd1_oa4,1.0,1.0,1.0,1,1,1
instance_0002.txt,pan_liu_sd1_oa3,pan_liu_sd2_oa1,1.0,1.0,1.0,1,1,1
instance_0002.txt,pan_liu_sd1_oa3,pan_liu_sd2_oa2,1.0,1.0,1.0,1,1,1
instance_0002.txt,pan_liu_sd1_oa3,pan_liu_sd2_oa3,1.0,1.0,1.0,1,1,1
instance_0002.txt,pan_liu_sd1_oa3,pan_liu_sd2_oa4,1.0,1.0,1.0,1,1,1
instance_0002.txt,pan_liu_sd1_oa3,pan_liu_sd3_oa1,0.0,0.0,0.0,0,0,0
instance_0002.txt,pan_liu_sd1_oa3,pan_liu_sd3_oa2,0.0,0.0,0.0,0,0,0
instance_0002.txt,pan_liu_sd1_oa3,pan_liu_sd3_oa3,0.0,0.0,0.0,0,0,0
instance_0002.txt,pan_liu_sd1_oa3,pan_liu_sd3_oa3_multi,0.0,0.0,0.0,0,0,0
instance_0002.txt,pan_liu_sd1_oa3,pan_liu_sd3_oa4,0.0,0.0,0.0,0,0,0
instance_0002.txt,pan_liu_sd1_oa3,pan_liu_sd4_oa1,1.0,1.0,1.0,1,1,1
instance_0002.txt,pan_liu_sd1_oa3,pan_liu_sd4_oa2,1.0,1.0,1.0,1,1,1
instance_0002.txt,pan_liu_sd1_oa3,pan_liu_sd4_oa3,1.0,1.0,1.0,1,1,1
instance_0002.txt,pan_liu_sd1_oa3,pan_liu_sd4_oa4,1.0,1.0,1.0,1,1,1
instance_0002.txt,pan_liu_sd1_oa3,pan_liu_sl,0.0,0.0,0.0,0,0,0
instance_0002.txt,pan_liu_sd1_oa3,pan_liu_sl_multi,0.0,0.0,0.0,0,0,0
instance_0002.txt,pan_liu_sd1_oa3,pan_liu_sl_strict,1.0,1.0,1.0,1,1,1
instance_0002.txt,pan_liu_sd1_oa4,pan_liu_sd2_oa1,1.0,1.0,1.0,1,1,1
instance_0002.txt,pan_liu_sd1_oa4,pan_liu_sd2_oa2,1.0,1.0,1.0,1,1,1
instance_0002.txt,pan_liu_sd1_oa4,pan_liu_sd2_oa3,1.0,1.0,1.0,1,1,1
instance_0002.txt,pan_liu_sd1_oa4,pan_liu_sd2_oa4,1.0,1.0,1.0,1,1,1
instance_0002.txt,pan_liu_sd1_oa4,pan_liu_sd3_oa1,0.0,0.0,0.0,0,0,0
instance_0002.txt,pan_liu_sd1_oa4,pan_liu_sd3_oa2,0.0,0.0,0.0,0,0,0
instance_0002.txt,pan_liu_sd1_oa4,pan_liu_sd3_oa3,0.0,0.0,0.0,0,0,0
instance_0002.txt,pan_liu_sd1_oa4,pan_liu_sd3_oa3_multi,0.0,0.0,0.0,0,0,0
instance_0002.txt,pan_liu_sd1_oa4,pan_liu_sd3_oa4,0.0,0.0,0.0,0,0,0
instance_0002.txt,pan_liu_sd1_oa4,pan_liu_sd4_oa1,1.0,1.0,1.0,1,1,1
instance_0002.txt,pan_liu_sd1_oa4,pan_liu_sd4_oa2,1.0,1.0,1.0,1,1,1
instance_0002.txt,pan_liu_sd1_oa4,pan_liu_sd4_oa3,1.0,1.0,1.0,1,1,1
instance_0002.txt,pan_liu_sd1_oa4,pan_liu_sd4_oa4,1.0,1.0,1.0,1,1,1
instance_0002.txt,pan_liu_sd1_oa4,pan_liu_sl,0.0,0.0,0.0,0,0,0
instance_0002.txt,pan_liu_sd1_oa4,pan_liu_sl_multi,0.0,0.0,0.0,0,0,0
instance_0002.txt,pan_liu_sd1_oa4,pan_liu_sl_strict,1.0,1.0,1.0,1,1,1
instance_0002.txt,pan_liu_sd2_oa1,pan_liu_sd2_oa2,1.0,1.0,1.0,1,1,1
instance_0002.txt,pan_liu_sd2_oa1,pan_liu_sd2_oa3,1.0,1.0,1.0,1,1,1
instance_0002.txt,pan_liu_sd2_oa1,pan_liu_sd2_oa4,1.0,1.0,1.0,1,1,1
instance_0002.txt,pan_liu_sd2_oa1,pan_liu_sd3_oa1,0.0,0.0,0.0,0,0,0
instance_0002.txt,pan_liu_sd2_oa1,pan_liu_sd3_oa2,0.0,0.0,0.0,0,0,0
instance_0002.txt,pan_liu_sd2_oa1,pan_liu_sd3_oa3,0.0,0.0,0.0,0,0,0
instance_0002.txt,pan_liu_sd2_oa1,pan_liu_sd3_oa3_multi,0.0,0.0,0.0,0,0,0
instance_0002.txt,pan_liu_sd2_oa1,pan_liu_sd3_oa4,0.0,0.0,0.0,0,0,0
instance_0002.txt,pan_liu_sd2_oa1,pan_liu_sd4_oa1,1.0,1.0,1.0,1,1,1
instance_0002.txt,pan_liu_sd2_oa1,pan_liu_sd4_oa2,1.0,1.0,1.0,1,1,1
instance_0002.txt,pan_liu_sd2_oa1,pan_liu_sd4_oa3,1.0,1.0,1.0,1,1,1
instance_0002.txt,pan_liu_sd2_oa1,pan_liu_sd4_oa4,1.0,1.0,1.0,1,1,1
instance_0002.txt,pan_liu_sd2_oa1,pan_liu_sl,0.0,0.0,0.0,0,0,0
instance_0002.txt,pan_liu_sd2_oa1,pan_liu_sl_multi,0.0,0.0,0.0,0,0,0
instance_0002.txt,pan_liu_sd2_oa1,pan_liu_sl_strict,1.0,1.0,1.0,1,1,1
instance_0002.txt,pan_liu_sd2_oa2,pan_liu_sd2_oa3,1.0,1.0,1.0,1,1,1
instance_0002.txt,pan_liu_sd2_oa2,pan_liu_sd2_oa4,1.0,1.0,1.0,1,1,1
instance_0002.txt,pan_liu_sd2_oa2,pan_liu_sd3_oa1,0.0,0.0,0.0,0,0,0
instance_0002.txt,pan_liu_sd2_oa2,pan_liu_sd3_oa2,0.0,0.0,0.0,0,0,0
instance_0002.txt,pan_liu_sd2_oa2,pan_liu_sd3_oa3,0.0,0.0,0.0,0,0,0
instance_0002.txt,pan_liu_sd2_oa2,pan_liu_sd3_oa3_multi,0.0,0.0,0.0,0,0,0
instance_0002.txt,pan_liu_sd2_oa2,pan_liu_sd3_oa4,0.0,0.0,0.0,0,0,0
instance_0002.txt,pan_liu_sd2_oa2,pan_liu_sd4_oa1,1.0,1.0,1.0,1,1,1
instance_0002.txt,pan_liu_sd2_oa2,pan_liu_sd4_oa2,1.0,1.0,1.0,1,1,1
instance_0002.txt,pan_liu_sd2_oa2,pan_liu_sd4_oa3,1.0,1.0,1.0,1,1,1
instance_0002.txt,pan_liu_sd2_oa2,pan_liu_sd4_oa4,1.0,1.0,1.0,1,1,1
instance_0002.txt,pan_liu_sd2_oa2,pan_liu_sl,0.0,0.0,0.0,0,0,0
instance_0002.txt,pan_liu_sd2_oa2,pan_liu_sl_multi,0.0,0.0,0.0,0,0,0
instance_0002.txt,pan_liu_sd2_oa2,pan_liu_sl_strict,1.0,1.0,1.0,1,1,1
instance_0002.txt,pan_liu_sd2_oa3,pan_liu_sd2_oa4,1.0,1.0,1.0,1,1,1
instance_0002.txt,pan_liu_sd2_oa3,pan_liu_sd3_oa1,0.0,0.0,0.0,0,0,0
instance_0002.txt,pan_liu_sd2_oa3,pan_liu_sd3_oa2,0.0,0.0,0.0,0,0,0
instance_0002.txt,pan_liu_sd2_oa3,pan_liu_sd3_oa3,0.0,0.0,0.0,0,0,0
instance_0002.txt,pan_liu_sd2_oa3,pan_liu_sd3_oa3_multi,0.0,0.0,0.0,0,0,0
instance_0002.txt,pan_liu_sd2_oa3,pan_liu_sd3_oa4,0.0,0.0,0.0,0,0,0
instance_0002.txt,pan_liu_sd2_oa3,pan_liu_sd4_oa1,1.0,1.0,1.0,1,1,1
instance_0002.txt,pan_liu_sd2_oa3,pan_liu_sd4_oa2,1.0,1.0,1.0,1,1,1
instance_0002.txt,pan_liu_sd2_oa3,pan_liu_sd4_oa3,1.0,1.0,1.0,1,1,1
instance_0002.txt,pan_liu_sd2_oa3,pan_liu_sd4_oa4,1.0,1.0,1.0,1,1,1
instance_0002.txt,pan_liu_sd2_oa3,pan_liu_sl,0.0,0.0,0.0,0,0,0
instance_0002.txt,pan_liu_sd2_oa3,pan_liu_sl_multi,0.0,0.0,0.0,0,0,0
instance_0002.txt,pan_liu_sd2_oa3,pan_liu_sl_strict,1.0,1.0,1.0,1,1,1
instance_0002.txt,pan_liu_sd2_oa4,pan_liu_sd3_oa1,0.0,0.0,0.0,0,0,0
instance_0002.txt,pan_liu_sd2_oa4,pan_liu_sd3_oa2,0.0,0.0,0.0,0,0,0
instance_0002.txt,pan_liu_sd2_oa4,pan_liu_sd3_oa3,0.0,0.0,0.0,0,0,0
instance_0002.txt,pan_liu_sd2_oa4,pan_liu_sd3_oa3_multi,0.0,0.0,0.0,0,0,0
instance_0002.txt,pan_liu_sd2_oa4,pan_liu_sd3_oa4,0.0,0.0,0.0,0,0,0
instance_0002.txt,pan_liu_sd2_oa4,pan_liu_sd4_oa1,1.0,1.0,1.0,1,1,1
instance_0002.txt,pan_liu_sd2_oa4,pan_liu_sd4_oa2,1.0,1.0,1.0,1,1,1
instance_0002.txt,pan_liu_sd2_oa4,pan_liu_sd4_oa3,1.0,1.0,1.0,1,1,1
instance_0002.txt,pan_liu_sd2_oa4,pan_liu_sd4_oa4,1.0,1.0,1.0,1,1,1
instance_0002.txt,pan_liu_sd2_oa4,pan_liu_sl,0.0,0.0,0.0,0,0,0
instance_0002.txt,pan_liu_sd2_oa4,pan_liu_sl_multi,0.0,0.0,0.0,0,0,0
instance_0002.txt,pan_liu_sd2_oa4,pan_liu_sl_strict,1.0,1.0,1.0,1,1,1
instance_0002.txt,pan_liu_sd3_oa1,pan_liu_sd3_oa2,0.3333333333333333,0.3333333333333333,0.3333333333333333,1,1,1
instance_0002.txt,pan_liu_sd3_oa1,pan_liu_sd3_oa3,1.0,1.0,1.0,2,2,2
instance_0002.txt,pan_liu_sd3_oa1,pan_liu_sd3_oa3_multi,1.0,1.0,1.0,2,2,2
instance_0002.txt,pan_liu_sd3_oa1,pan_liu_sd3_oa4,1.0,1.0,1.0,2,2,2
instance_0002.txt,pan_liu_sd3_oa1,pan_liu_sd4_oa1,0.0,0.0,0.0,0,0,0
instance_0002.txt,pan_liu_sd3_oa1,pan_liu_sd4_oa2,0.0,0.0,0.0,0,0,0
instance_0002.txt,pan_liu_sd3_oa1,pan_liu_sd4_oa3,0.0,0.0,0.0,0,0,0
instance_0002.txt,pan_liu_sd3_oa1,pan_liu_sd4_oa4,0.0,0.0,0.0,0,0,0
instance_0002.txt,pan_liu_sd3_oa1,pan_liu_sl,0.3333333333333333,0.3333333333333333,0.3333333333333333,1,1,1
instance_0002.txt,pan_liu_sd3_oa1,pan_liu_sl_multi,0.3333333333333333,0.3333333333333333,0.3333333333333333,1,1,1
instance_0002.txt,pan_liu_sd3_oa1,pan_liu_sl_strict,0.0,0.0,0.0,0,0,0
instance_0002.txt,pan_liu_sd3_oa2,pan_liu_sd3_oa3,0.3333333333333333,0.3333333333333333,0.3333333333333333,1,1,1
instance_0002.txt,pan_liu_sd3_oa2,pan_liu_sd3_oa3_multi,0.3333333333333333,0.3333333333333333,0.3333333333333333,1,1,1
instance_0002.txt,pan_liu_sd3_oa2,pan_liu_sd3_oa4,0.3333333333333333,0.3333333333333333,0.3333333333333333,1,1,1
instance_0002.txt,pan_liu_sd3_oa2,pan_liu_sd4_oa1,0.0,0.0,0.0,0,0,0
instance_0002.txt,pan_liu_sd3_oa2,pan_liu_sd4_oa2,0.0,0.0,0.0,0,0,0
instance_0002.txt,pan_liu_sd3_oa2,pan_liu_sd4_oa3,0.0,0.0,0.0,0,0,0
instance_0002.txt,pan_liu_sd3_oa2,pan_liu_sd4_oa4,0.0,0.0,0.0,0,0,0
instance_0002.txt,pan_liu_sd3_oa2,pan_liu_sl,0.3333333333333333,0.3333333333333333,0.3333333333333333,1,1,1
instance_0002.txt,pan_liu_sd3_oa2,pan_liu_sl_multi,0.3333333333333333,0.3333333333333333,0.3333333333333333,1,1,1
instance_0002.txt,pan_liu_sd3_oa2,pan_liu_sl_strict,0.0,0.0,0.0,0,0,0
instance_0002.txt,pan_liu_sd3_oa3,pan_liu_sd3_oa3_multi,1.0,1.0,1.0,2,2,2
instance_0002.txt,pan_liu_sd3_oa3,pan_liu_sd3_oa4,1.0,1.0,1.0,2,2,2
instance_0002.txt,pan_liu_sd3_oa3,pan_liu_sd4_oa1,0.0,0.0,0.0,0,0,0
instance_0002.txt,pan_liu_sd3_oa3,pan_liu_sd4_oa2,0.0,0.0,0.0,0,0,0
instance_0002.txt,pan_liu_sd3_oa3,pan_liu_sd4_oa3,0.0,0.0,0.0,0,0,0
instance_0002.txt,pan_liu_sd3_oa3,pan_liu_sd4_oa4,0.0,0.0,0.0,0,0,0
instance_0002.txt,pan_liu_sd3_oa3,pan_liu_sl,0.3333333333333333,0.3333333333333333,0.3333333333333333,1,1,1
instance_0002.txt,pan_liu_sd3_oa3,pan_liu_sl_multi,0.3333333333333333,0.3333333333333333,0.3333333333333333,1,1,1
instance_0002.txt,pan_liu_sd3_oa3,pan_liu_sl_strict,0.0,0.0,0.0,0,0,0
instance_0002.txt,pan_liu_sd3_oa3_multi,pan_liu_sd3_oa4,1.0,1.0,1.0,2,2,2
instance_0002.txt,pan_liu_sd3_oa3_multi,pan_liu_sd4_oa1,0.0,0.0,0.0,0,0,0
instance_0002.txt,pan_liu_sd3_oa3_multi,pan_liu_sd4_oa2,0.0,0.0,0.0,0,0,0
instance_0002.txt,pan_liu_sd3_oa3_multi,pan_liu_sd4_oa3,0.0,0.0,0.0,0,0,0
instance_0002.txt,pan_liu_sd3_oa3_multi,pan_liu_sd4_oa4,0.0,0.0,0.0,0,0,0
instance_0002.txt,pan_liu_sd3_oa3_multi,pan_liu_sl,0.3333333333333333,0.3333333333333333,0.3333333333333333,1,1,1
instance_0002.txt,pan_liu_sd3_oa3_multi,pan_liu_sl_multi,0.3333333333333333,0.3333333333333333,0.3333333333333333,1,1,1
instance_0002.txt,pan_liu_sd3_oa3_multi,pan_liu_sl_strict,0.0,0.0,0.0,0,0,0
instance_0002.txt,pan_liu_sd3_oa4,pan_liu_sd4_oa1,0.0,0.0,0.0,0,0,0
instance_0002.txt,pan_liu_sd3_oa4,pan_liu_sd4_oa2,0.0,0.0,0.0,0,0,0
instance_0002.txt,pan_liu_sd3_oa4,pan_liu_sd4_oa3,0.0,0.0,0.0,0,0,0
instance_0002.txt,pan_liu_sd3_oa4,pan_liu_sd4_oa4,0.0,0.0,0.0,0,0,0
instance_0002.txt,pan_liu_sd3_oa4,pan_liu_sl,0.3333333333333333,0.3333333333333333,0.3333333333333333,1,1,1
instance_0002.txt,pan_liu_sd3_oa4,pan_liu_sl_multi,0.3333333333333333,0.3333333333333333,0.3333333333333333,1,1,1
instance_0002.txt,pan_liu_sd3_oa4,pan_liu_sl_strict,0.0,0.0,0.0,0,0,0
instance_0002.txt,pan_liu_sd4_oa1,pan_liu_sd4_oa2,1.0,1.0,1.0,1,1,1
instance_0002.txt,pan_liu_sd4_oa1,pan_liu_sd4_oa3,1.0,1.0,1.0,1,1,1
instance_0002.txt,pan_liu_sd4_oa1,pan_liu_sd4_oa4,1.0,1.0,1.0,1,1,1
instance_0002.txt,pan_liu_sd4_oa1,pan_liu_sl,0.0,0.0,0.0,0,0,0
instance_0002.txt,pan_liu_sd4_oa1,pan_liu_sl_multi,0.0,0.0,0.0,0,0,0
instance_0002.txt,pan_liu_sd4_oa1,pan_liu_sl_strict,1.0,1.0,1.0,1,1,1
instance_0002.txt,pan_liu_sd4_oa2,pan_liu_sd4_oa3,1.0,1.0,1.0,1,1,1
instance_0002.txt,pan_liu_sd4_oa2,pan_liu_sd4_oa4,1.0,1.0,1.0,1,1,1
instance_0002.txt,pan_liu_sd4_oa2,pan_liu_sl,0.0,0.0,0.0,0,0,0
instance_0002.txt,pan_liu_sd4_oa2,pan_liu_sl_multi,0.0,0.0,0.0,0,0,0
instance_0002.txt,pan_liu_sd4_oa2,pan_liu_sl_strict,1.0,1.0,1.0,1,1,1
instance_0002.txt,pan_liu_sd4_oa3,pan_liu_sd4_oa4,1.0,1.0,1.0,1,1,1
instance_0002.txt,pan_liu_sd4_oa3,pan_liu_sl,0.0,0.0,0.0,0,0,0
instance_0002.txt,pan_liu_sd4_oa3,pan_liu_sl_multi,0.0,0.0,0.0,0,0,0
instance_0002.txt,pan_liu_sd4_oa3,pan_liu_sl_strict,1.0,1.0,1.0,1,1,1
instance_0002.txt,pan_liu_sd4_oa4,pan_liu_sl,0.0,0.0,0.0,0,0,0
instance_0002.txt,pan_liu_sd4_oa4,pan_liu_sl_multi,0.0,0.0,0.0,0,0,0
instance_0002.txt,pan_liu_sd4_oa4,pan_liu_sl_strict,1.0,1.0,1.0,1,1,1
instance_0002.txt,pan_liu_sl,pan_liu_sl_multi,1.0,1.0,1.0,2,2,2
instance_0002.txt,pan_liu_sl,pan_liu_sl_strict,0.0,0.0,0.0,0,0,0
instance_0002.txt,pan_liu_sl_multi,pan_liu_sl_strict,0.0,0.0,0.0,0,0,0
instance_0003.txt,pan_liu_sd1_oa1,pan_liu_sd1_oa2,0.06976744186046512,0.16279069767441862,0.08148148148148149,3,7,11
instance_0003.txt,pan_liu_sd1_oa1,pan_liu_sd1_oa3,0.5185185185185185,0.6410256410256411,0.5833333333333334,14,25,56
instance_0003.txt,pan_liu_sd1_oa1,pan_liu_sd1_oa4,0.24324324324324326,0.44680851063829785,0.2711864406779661,9,21,32
instance_0003.txt,pan_liu_sd1_oa1,pan_liu_sd2_oa1,0.75,0.8571428571428571,0.7362637362637363,18,30,67
instance_0003.txt,pan_liu_sd1_oa1,pan_liu_sd2_oa2,0.06976744186046512,0.16279069767441862,0.08148148148148149,3,7,11
instance_0003.txt,pan_liu_sd1_oa1,pan_liu_sd2_oa3,0.29411764705882354,0.4523809523809524,0.25806451612903225,10,19,32
instance_0003.txt,pan_liu_sd1_oa1,pan_liu_sd2_oa4,0.125,0.25925925925925924,0.12318840579710146,5,14,17
instance_0003.txt,pan_liu_sd1_oa1,pan_liu_sd3_oa1,0.6785714285714286,0.574468085106383,0.6767676767676768,19,27,67
instance_0003.txt,pan_liu_sd1_oa1,pan_liu_sd3_oa2,0.041666666666666664,0.16,0.027972027972027972,2,8,4
instance_0003.txt,pan_liu_sd1_oa1,pan_liu_sd3_oa3,0.5454545454545454,0.5909090909090909,0.5596330275229358,18,26,61
instance_0003.txt,pan_liu_sd1_oa1,pan_liu_sd3_oa3_multi,0.5454545454545454,0.5,0.5596330275229358,18,23,61
instance_0003.txt,pan_liu_sd1_oa1,pan_liu_sd3_oa4,0.24324324324324326,0.44680851063829785,0.2711864406779661,9,21,32
instance_0003.txt,pan_liu_sd1_oa1,pan_liu_sd4_oa1,0.6551724137931034,0.6136363636363636,0.6836734693877551,19,27,67
instance_0003.txt,pan_liu_sd1_oa1,pan_liu_sd4_oa2,0.021739130434782608,0.20930232558139536,0.013986013986013986,1,9,2
instance_0003.txt,pan_liu_sd1_oa1,pan_liu_sd4_oa3,0.5142857142857142,0.5454545454545454,0.504424778761062,18,24,57
instance_0003.txt,pan_liu_sd1_oa1,pan_liu_sd4_oa4,0.15555555555555556,0.23728813559322035,0.15492957746478872,7,14,22
instance_0003.txt,pan_liu_sd1_oa1,pan_liu_sl,1.0,1.0,1.0,22,33,78
instance_0003.txt,pan_liu_sd1_oa1,pan_liu_sl_multi,1.0,0.6153846153846154,1.0,22,24,78
instance_0003.txt,pan_liu_sd1_oa1,pan_liu_sl_strict,1.0,1.0,1.0,22,33,78
instance_0003.txt,pan_liu_sd1_oa2,pan_liu_sd1_oa3,0.10256410256410256,0.2972972972972973,0.15447154471544716,4,11,19
instance_0003.txt,pan_liu_sd1_oa2,pan_liu_sd1_oa4,0.11627906976744186,0.20930232558139536,0.12903225806451613,5,9,16
instance_0003.txt,pan_liu_sd1_oa2,pan_liu_sd2_oa1,0.1,0.1951219512195122,0.1746031746031746,4,8,22
instance_0003.txt,pan_liu_sd1_oa2,pan_liu_sd2_oa2,1.0,1.0,1.0,24,17,68
instance_0003.txt,pan_liu_sd1_oa2,pan_liu_sd2_oa3,0.3142857142857143,0.25,0.3394495412844037,11,9,37
instance_0003.txt,pan_liu_sd1_oa2,pan_liu_sd2_oa4,0.14634146341463414,0.2682926829268293,0.2184873949579832,6,11,26
instance_0003.txt,pan_liu_sd1_oa2,pan_liu_sd3_oa1,0.0,0.09433962264150944,0.0,0,5,0
instance_0003.txt,pan_liu_sd1_oa2,pan_liu_sd3_oa2,0.5294117647058824,0.3548387096774194,0.5568181818181818,18,11,49
instance_0003.txt,pan_liu_sd1_oa2,pan_liu_sd3_oa3,0.0,0.125,0.0,0,6,0
instance_0003.txt,pan_liu_sd1_oa2,pan_liu_sd3_oa3_multi,0.0,0.1276595744680851,0.0,0,6,0
instance_0003.txt,pan_liu_sd1_oa2,pan_liu_sd3_oa4,0.11627906976744186,0.20930232558139536,0.12903225806451613,5,9,16
instance_0003.txt,pan_liu_sd1_oa2,pan_liu_sd4_oa1,0.0,0.12244897959183673,0.0,0,6,0
instance_0003.txt,pan_liu_sd1_oa2,pan_liu_sd4_oa2,0.8148148148148148,0.7142857142857143,0.7763157894736842,22,15,59
instance_0003.txt,pan_liu_sd1_oa2,pan_liu_sd4_oa3,0.018518518518518517,0.10638297872340426,0.006289308176100629,1,5,1
instance_0003.txt,pan_liu_sd1_oa2,pan_liu_sd4_oa4,0.17391304347826086,0.2127659574468085,0.1,8,10,14
instance_0003.txt,pan_liu_sd1_oa2,pan_liu_sl,0.06976744186046512,0.16279069767441862,0.08148148148148149,3,7,11
instance_0003.txt,pan_liu_sd1_oa2,pan_liu_sl_multi,0.06976744186046512,0.175,0.08148148148148149,3,7,11
instance_0003.txt,pan_liu_sd1_oa2,pan_liu_sl_strict,0.06976744186046512,0.16279069767441862,0.08148148148148149,3,7,11
instance_0003.txt,pan_liu_sd1_oa3,pan_liu_sd1_oa4,0.30303030303030304,0.5,0.3644859813084112,10,22,39
instance_0003.txt,pan_liu_sd1_oa3,pan_liu_sd2_oa1,0.5,0.6153846153846154,0.54,13,24,54
instance_0003.txt,pan_liu_sd1_oa3,pan_liu_sd2_oa2,0.10256410256410256,0.2972972972972973,0.15447154471544716,4,11,19
instance_0003.txt,pan_liu_sd1_oa3,pan_liu_sd2_oa3,0.3225806451612903,0.475,0.3217391304347826,10,19,37
instance_0003.txt,pan_liu_sd1_oa3,pan_liu_sd2_oa4,0.16666666666666666,0.32,0.1889763779527559,6,16,24
instance_0003.txt,pan_liu_sd1_oa3,pan_liu_sd3_oa1,0.375,0.44,0.39655172413793105,12,22,46
instance_0003.txt,pan_liu_sd1_oa3,pan_liu_sd3_oa2,0.06818181818181818,0.24444444444444444,0.0916030534351145,3,11,12
instance_0003.txt,pan_liu_sd1_oa3,pan_liu_sd3_oa3,0.2972972972972973,0.4166666666666667,0.31746031746031744,11,20,40
instance_0003.txt,pan_liu_sd1_oa3,pan_liu_sd3_oa3_multi,0.2972972972972973,0.3673469387755102,0.31746031746031744,11,18,40
instance_0003.txt,pan_liu_sd1_oa3,pan_liu_sd3_oa4,0.30303030303030304,0.5,0.3644859813084112,10,22,39
instance_0003.txt,pan_liu_sd1_oa3,pan_liu_sd4_oa1,0.36363636363636365,0.46808510638297873,0.4,12,22,46
instance_0003.txt,pan_liu_sd1_oa3,pan_liu_sd4_oa2,0.07317073170731707,0.3157894736842105,0.08461538461538462,3,12,11
instance_0003.txt,pan_liu_sd1_oa3,pan_liu_sd4_oa3,0.25,0.375,0.26717557251908397,10,18,35
instance_0003.txt,pan_liu_sd1_oa3,pan_liu_sd4_oa4,0.08888888888888889,0.18333333333333332,0.0958904109589041,4,11,14
instance_0003.txt,pan_liu_sd1_oa3,pan_liu_sl,0.5185185185185185,0.6410256410256411,0.5833333333333334,14,25,56
instance_0003.txt,pan_liu_sd1_oa3,pan_liu_sl_multi,0.5185185185185185,0.4523809523809524,0.5833333333333334,14,19,56
instance_0003.txt,pan_liu_sd1_oa3,pan_liu_sl_strict,0.5185185185185185,0.6410256410256411,0.5833333333333334,14,25,56
instance_0003.txt,pan_liu_sd1_oa4,pan_liu_sd2_oa1,0.2222222222222222,0.425531914893617,0.2459016393442623,8,20,30
instance_0003.txt,pan_liu_sd1_oa4,pan_liu_sd2_oa2,0.11627906976744186,0.20930232558139536,0.12903225806451613,5,9,16
instance_0003.txt,pan_liu_sd1_oa4,pan_liu_sd2_oa3,0.3142857142857143,0.4,0.3392857142857143,11,18,38
instance_0003.txt,pan_liu_sd1_oa4,pan_liu_sd2_oa4,0.3055555555555556,0.37254901960784315,0.28448275862068967,11,19,33
instance_0003.txt,pan_liu_sd1_oa4,pan_liu_sd3_oa1,0.225,0.4339622641509434,0.25,9,23,32
instance_0003.txt,pan_liu_sd1_oa4,pan_liu_sd3_oa2,0.15555555555555556,0.22448979591836735,0.1652892561983471,7,11,20
instance_0003.txt,pan_liu_sd1_oa4,pan_liu_sd3_oa3,0.2619047619047619,0.4117647058823529,0.26153846153846155,11,21,34
instance_0003.txt,pan_liu_sd1_oa4,pan_liu_sd3_oa3_multi,0.2619047619047619,0.33962264150943394,0.26153846153846155,11,18,34
instance_0003.txt,pan_liu_sd1_oa4,pan_liu_sd3_oa4,1.0,1.0,1.0,24,35,72
instance_0003.txt,pan_liu_sd1_oa4,pan_liu_sd4_oa1,0.21951219512195122,0.43137254901960786,0.25196850393700787,9,22,32
instance_0003.txt,pan_liu_sd1_oa4,pan_liu_sd4_oa2,0.11363636363636363,0.22727272727272727,0.13008130081300814,5,10,16
instance_0003.txt,pan_liu_sd1_oa4,pan_liu_sd4_oa3,0.25,0.4,0.26153846153846155,11,20,34
instance_0003.txt,pan_liu_sd1_oa4,pan_liu_sd4_oa4,0.0,0.22950819672131148,0.006369426751592357,0,14,1
instance_0003.txt,pan_liu_sd1_oa4,pan_liu_sl,0.24324324324324326,0.44680851063829785,0.2711864406779661,9,21,32
instance_0003.txt,pan_liu_sd1_oa4,pan_liu_sl_multi,0.24324324324324326,0.32653061224489793,0.2711864406779661,9,16,32
instance_0003.txt,pan_liu_sd1_oa4,pan_liu_sl_strict,0.24324324324324326,0.44680851063829785,0.2711864406779661,9,21,32
instance_0003.txt,pan_liu_sd2_oa1,pan_liu_sd2_oa2,0.1,0.1951219512195122,0.1746031746031746,4,8,22
instance_0003.txt,pan_liu_sd2_oa1,pan_liu_sd2_oa3,0.4,0.5384615384615384,0.39823008849557523,12,21,45
instance_0003.txt,pan_liu_sd2_oa1,pan_liu_sd2_oa4,0.16216216216216217,0.3137254901960784,0.21705426356589147,6,16,28
instance_0003.txt,pan_liu_sd2_oa1,pan_liu_sd3_oa1,0.5517241379310345,0.5208333333333334,0.5272727272727272,16,25,58
instance_0003.txt,pan_liu_sd2_oa1,pan_liu_sd3_oa2,0.09090909090909091,0.1875,0.12878787878787878,4,9,17
instance_0003.txt,pan_liu_sd2_oa1,pan_liu_sd3_oa3,0.4411764705882353,0.5333333333333333,0.43333333333333335,15,24,52
instance_0003.txt,pan_liu_sd2_oa1,pan_liu_sd3_oa3_multi,0.4411764705882353,0.44680851063829785,0.43333333333333335,15,21,52
instance_0003.txt,pan_liu_sd2_oa1,pan_liu_sd3_oa4,0.2222222222222222,0.425531914893617,0.2459016393442623,8,20,30
instance_0003.txt,pan_liu_sd2_oa1,pan_liu_sd4_oa1,0.5333333333333333,0.5555555555555556,0.5321100917431193,16,25,58
instance_0003.txt,pan_liu_sd2_oa1,pan_liu_sd4_oa2,0.046511627906976744,0.24390243902439024,0.09701492537313433,2,10,13
instance_0003.txt,pan_liu_sd2_oa1,pan_liu_sd4_oa3,0.4166666666666667,0.4888888888888889,0.3870967741935484,15,22,48
instance_0003.txt,pan_liu_sd2_oa1,pan_liu_sd4_oa4,0.16279069767441862,0.22033898305084745,0.14482758620689656,7,13,21
instance_0003.txt,pan_liu_sd2_oa1,pan_liu_sl,0.75,0.8571428571428571,0.7362637362637363,18,30,67
instance_0003.txt,pan_liu_sd2_oa1,pan_liu_sl_multi,0.75,0.5121951219512195,0.7362637362637363,18,21,67
instance_0003.txt,pan_liu_sd2_oa1,pan_liu_sl_strict,0.75,0.8571428571428571,0.7362637362637363,18,30,67
instance_0003.txt,pan_liu_sd2_oa2,pan_liu_sd2_oa3,0.3142857142857143,0.25,0.3394495412844037,11,9,37
instance_0003.txt,pan_liu_sd2_oa2,pan_liu_sd2_oa4,0.14634146341463414,0.2682926829268293,0.2184873949579832,6,11,26
instance_0003.txt,pan_liu_sd2_oa2,pan_liu_sd3_oa1,0.0,0.09433962264150944,0.0,0,5,0
instance_0003.txt,pan_liu_sd2_oa2,pan_liu_sd3_oa2,0.5294117647058824,0.3548387096774194,0.5568181818181818,18,11,49
instance_0003.txt,pan_liu_sd2_oa2,pan_liu_sd3_oa3,0.0,0.125,0.0,0,6,0
instance_0003.txt,pan_liu_sd2_oa2,pan_liu_sd3_oa3_multi,0.0,0.1276595744680851,0.0,0,6,0
instance_0003.txt,pan_liu_sd2_oa2,pan_liu_sd3_oa4,0.11627906976744186,0.20930232558139536,0.12903225806451613,5,9,16
instance_0003.txt,pan_liu_sd2_oa2,pan_liu_sd4_oa1,0.0,0.12244897959183673,0.0,0,6,0
instance_0003.txt,pan_liu_sd2_oa2,pan_liu_sd4_oa2,0.8148148148148148,0.7142857142857143,0.7763157894736842,22,15,59
instance_0003.txt,pan_liu_sd2_oa2,pan_liu_sd4_oa3,0.018518518518518517,0.10638297872340426,0.006289308176100629,1,5,1
instance_0003.txt,pan_liu_sd2_oa2,pan_liu_sd4_oa4,0.17391304347826086,0.2127659574468085,0.1,8,10,14
instance_0003.txt,pan_liu_sd2_oa2,pan_liu_sl,0.06976744186046512,0.16279069767441862,0.08148148148148149,3,7,11
instance_0003.txt,pan_liu_sd2_oa2,pan_liu_sl_multi,0.06976744186046512,0.175,0.08148148148148149,3,7,11
instance_0003.txt,pan_liu_sd2_oa2,pan_liu_sl_strict,0.06976744186046512,0.16279069767441862,0.08148148148148149,3,7,11
instance_0003.txt,pan_liu_sd2_oa3,pan_liu_sd2_oa4,0.21621621621621623,0.3695652173913043,0.3135593220338983,8,17,37
instance_0003.txt,pan_liu_sd2_oa3,pan_liu_sd3_oa1,0.2702702702702703,0.38,0.2868217054263566,10,19,37
instance_0003.txt,pan_liu_sd2_oa3,pan_liu_sd3_oa2,0.3157894736842105,0.2619047619047619,0.37383177570093457,12,11,40
instance_0003.txt,pan_liu_sd2_oa3,pan_liu_sd3_oa3,0.21428571428571427,0.32653061224489793,0.22302158273381295,9,16,31
instance_0003.txt,pan_liu_sd2_oa3,pan_liu_sd3_oa3_multi,0.21428571428571427,0.28,0.22302158273381295,9,14,31
instance_0003.txt,pan_liu_sd2_oa3,pan_liu_sd3_oa4,0.3142857142857143,0.4,0.3392857142857143,11,18,38
instance_0003.txt,pan_liu_sd2_oa3,pan_liu_sd4_oa1,0.23076923076923078,0.29411764705882354,0.23134328358208955,9,15,31
instance_0003.txt,pan_liu_sd2_oa3,pan_liu_sd4_oa2,0.3055555555555556,0.3055555555555556,0.38095238095238093,11,11,40
instance_0003.txt,pan_liu_sd2_oa3,pan_liu_sd4_oa3,0.23255813953488372,0.3404255319148936,0.2318840579710145,10,16,32
instance_0003.txt,pan_liu_sd2_oa3,pan_liu_sd4_oa4,0.18181818181818182,0.23636363636363636,0.16312056737588654,8,13,23
instance_0003.txt,pan_liu_sd2_oa3,pan_liu_sl,0.29411764705882354,0.4523809523809524,0.25806451612903225,10,19,32
instance_0003.txt,pan_liu_sd2_oa3,pan_liu_sl_multi,0.29411764705882354,0.2608695652173913,0.25806451612903225,10,12,32
instance_0003.txt,pan_liu_sd2_oa3,pan_liu_sl_strict,0.29411764705882354,0.4523809523809524,0.25806451612903225,10,19,32
instance_0003.txt,pan_liu_sd2_oa4,pan_liu_sd3_oa1,0.14285714285714285,0.26666666666666666,0.13013698630136986,6,16,19
instance_0003.txt,pan_liu_sd2_oa4,pan_liu_sd3_oa2,0.1590909090909091,0.30434782608695654,0.226890756302521,7,14,27
instance_0003.txt,pan_liu_sd2_oa4,pan_liu_sd3_oa3,0.20930232558139536,0.3333333333333333,0.19014084507042253,9,18,27
instance_0003.txt,pan_liu_sd2_oa4,pan_liu_sd3_oa3_multi,0.20930232558139536,0.2909090909090909,0.19014084507042253,9,16,27
instance_0003.txt,pan_liu_sd2_oa4,pan_liu_sd3_oa4,0.3055555555555556,0.37254901960784315,0.28448275862068967,11,19,33
instance_0003.txt,pan_liu_sd2_oa4,pan_liu_sd4_oa1,0.13953488372093023,0.2807017543859649,0.1310344827586207,6,16,19
instance_0003.txt,pan_liu_sd2_oa4,pan_liu_sd4_oa2,0.14285714285714285,0.3170731707317073,0.22033898305084745,6,13,26
instance_0003.txt,pan_liu_sd2_oa4,pan_liu_sd4_oa3,0.2,0.34615384615384615,0.19014084507042253,9,18,27
instance_0003.txt,pan_liu_sd2_oa4,pan_liu_sd4_oa4,0.0,0.171875,0.006172839506172839,0,11,1
instance_0003.txt,pan_liu_sd2_oa4,pan_liu_sl,0.125,0.25925925925925924,0.12318840579710146,5,14,17
instance_0003.txt,pan_liu_sd2_oa4,pan_liu_sl_multi,0.125,0.22641509433962265,0.12318840579710146,5,12,17
instance_0003.txt,pan_liu_sd2_oa4,pan_liu_sl_strict,0.125,0.25925925925925924,0.12318840579710146,5,14,17
instance_0003.txt,pan_liu_sd3_oa1,pan_liu_sd3_oa2,0.019230769230769232,0.13793103448275862,0.01948051948051948,1,8,3
instance_0003.txt,pan_liu_sd3_oa1,pan_liu_sd3_oa3,0.7419354838709677,0.7727272727272727,0.7307692307692307,23,34,76
instance_0003.txt,pan_liu_sd3_oa1,pan_liu_sd3_oa3_multi,0.7419354838709677,0.6739130434782609,0.7307692307692307,23,31,76
instance_0003.txt,pan_liu_sd3_oa1,pan_liu_sd3_oa4,0.225,0.4339622641509434,0.25,9,23,32
instance_0003.txt,pan_liu_sd3_oa1,pan_liu_sd4_oa1,0.8888888888888888,0.8809523809523809,0.8817204301075269,24,37,82
instance_0003.txt,pan_liu_sd3_oa1,pan_liu_sd4_oa2,0.0,0.1320754716981132,0.0,0,7,0
instance_0003.txt,pan_liu_sd3_oa1,pan_liu_sd4_oa3,0.6470588235294118,0.7272727272727273,0.6513761467889908,22,32,71
instance_0003.txt,pan_liu_sd3_oa1,pan_liu_sd4_oa4,0.25,0.42105263157894735,0.29850746268656714,11,24,40
instance_0003.txt,pan_liu_sd3_oa1,pan_liu_sl,0.6785714285714286,0.574468085106383,0.6767676767676768,19,27,67
instance_0003.txt,pan_liu_sd3_oa1,pan_liu_sl_multi,0.6785714285714286,0.5434782608695652,0.6767676767676768,19,25,67
instance_0003.txt,pan_liu_sd3_oa1,pan_liu_sl_strict,0.6785714285714286,0.574468085106383,0.6767676767676768,19,27,67
instance_0003.txt,pan_liu_sd3_oa2,pan_liu_sd3_oa3,0.017857142857142856,0.14814814814814814,0.0189873417721519,1,8,3
instance_0003.txt,pan_liu_sd3_oa2,pan_liu_sd3_oa3_multi,0.017857142857142856,0.17307692307692307,0.0189873417721519,1,9,3
instance_0003.txt,pan_liu_sd3_oa2,pan_liu_sd3_oa4,0.15555555555555556,0.22448979591836735,0.1652892561983471,7,11,20
instance_0003.txt,pan_liu_sd3_oa2,pan_liu_sd4_oa1,0.018867924528301886,0.14545454545454545,0.0196078431372549,1,8,3
instance_0003.txt,pan_liu_sd3_oa2,pan_liu_sd4_oa2,0.5142857142857142,0.41935483870967744,0.5813953488372093,18,13,50
instance_0003.txt,pan_liu_sd3_oa2,pan_liu_sd4_oa3,0.05357142857142857,0.15384615384615385,0.03870967741935484,3,8,6
instance_0003.txt,pan_liu_sd3_oa2,pan_liu_sd4_oa4,0.23404255319148937,0.27450980392156865,0.14814814814814814,11,14,20
instance_0003.txt,pan_liu_sd3_oa2,pan_liu_sl,0.041666666666666664,0.16,0.027972027972027972,2,8,4
instance_0003.txt,pan_liu_sd3_oa2,pan_liu_sl_multi,0.041666666666666664,0.1702127659574468,0.027972027972027972,2,8,4
instance_0003.txt,pan_liu_sd3_oa2,pan_liu_sl_strict,0.041666666666666664,0.16,0.027972027972027972,2,8,4
instance_0003.txt,pan_liu_sd3_oa3,pan_liu_sd3_oa3_multi,1.0,0.825,1.0,29,33,92
instance_0003.txt,pan_liu_sd3_oa3,pan_liu_sd3_oa4,0.2619047619047619,0.4117647058823529,0.26153846153846155,11,21,34
instance_0003.txt,pan_liu_sd3_oa3,pan_liu_sd4_oa1,0.7741935483870968,0.875,0.79,24,35,79
instance_0003.txt,pan_liu_sd3_oa3,pan_liu_sd4_oa2,0.0,0.14285714285714285,0.0,0,7,0
instance_0003.txt,pan_liu_sd3_oa3,pan_liu_sd4_oa3,0.875,0.9459459459459459,0.8969072164948454,28,35,87
instance_0003.txt,pan_liu_sd3_oa3,pan_liu_sd4_oa4,0.22916666666666666,0.3508771929824561,0.2624113475177305,11,20,37
instance_0003.txt,pan_liu_sd3_oa3,pan_liu_sl,0.5454545454545454,0.5909090909090909,0.5596330275229358,18,26,61
instance_0003.txt,pan_liu_sd3_oa3,pan_liu_sl_multi,0.5454545454545454,0.5227272727272727,0.5596330275229358,18,23,61
instance_0003.txt,pan_liu_sd3_oa3,pan_liu_sl_strict,0.5454545454545454,0.5909090909090909,0.5596330275229358,18,26,61
instance_0003.txt,pan_liu_sd3_oa3_multi,pan_liu_sd3_oa4,0.2619047619047619,0.33962264150943394,0.26153846153846155,11,18,34
instance_0003.txt,pan_liu_sd3_oa3_multi,pan_liu_sd4_oa1,0.7741935483870968,0.7619047619047619,0.79,24,32,79
instance_0003.txt,pan_liu_sd3_oa3_multi,pan_liu_sd4_oa2,0.0,0.14583333333333334,0.0,0,7,0
instance_0003.txt,pan_liu_sd3_oa3_multi,pan_liu_sd4_oa3,0.875,0.775,0.8969072164948454,28,31,87
instance_0003.txt,pan_liu_sd3_oa3_multi,pan_liu_sd4_oa4,0.22916666666666666,0.4074074074074074,0.2624113475177305,11,22,37
instance_0003.txt,pan_liu_sd3_oa3_multi,pan_liu_sl,0.5454545454545454,0.5,0.5596330275229358,18,23,61
instance_0003.txt,pan_liu_sd3_oa3_multi,pan_liu_sl_multi,0.5454545454545454,0.5348837209302325,0.5596330275229358,18,23,61
instance_0003.txt,pan_liu_sd3_oa3_multi,pan_liu_sl_strict,0.5454545454545454,0.5,0.5596330275229358,18,23,61
instance_0003.txt,pan_liu_sd3_oa4,pan_liu_sd4_oa1,0.21951219512195122,0.43137254901960786,0.25196850393700787,9,22,32
instance_0003.txt,pan_liu_sd3_oa4,pan_liu_sd4_oa2,0.11363636363636363,0.22727272727272727,0.13008130081300814,5,10,16
instance_0003.txt,pan_liu_sd3_oa4,pan_liu_sd4_oa3,0.25,0.4,0.26153846153846155,11,20,34
instance_0003.txt,pan_liu_sd3_oa4,pan_liu_sd4_oa4,0.0,0.22950819672131148,0.006369426751592357,0,14,1
instance_0003.txt,pan_liu_sd3_oa4,pan_liu_sl,0.24324324324324326,0.44680851063829785,0.2711864406779661,9,21,32
instance_0003.txt,pan_liu_sd3_oa4,pan_liu_sl_multi,0.24324324324324326,0.32653061224489793,0.2711864406779661,9,16,32
instance_0003.txt,pan_liu_sd3_oa4,pan_liu_sl_strict,0.24324324324324326,0.44680851063829785,0.2711864406779661,9,21,32
instance_0003.txt,pan_liu_sd4_oa1,pan_liu_sd4_oa2,0.02,0.14,0.013157894736842105,1,7,2
instance_0003.txt,pan_liu_sd4_oa1,pan_liu_sd4_oa3,0.7272727272727273,0.825,0.7378640776699029,24,33,76
instance_0003.txt,pan_liu_sd4_oa1,pan_liu_sd4_oa4,0.2727272727272727,0.3684210526315789,0.291044776119403,12,21,39
instance_0003.txt,pan_liu_sd4_oa1,pan_liu_sl,0.6551724137931034,0.6136363636363636,0.6836734693877551,19,27,67
instance_0003.txt,pan_liu_sd4_oa1,pan_liu_sl_multi,0.6551724137931034,0.5813953488372093,0.6836734693877551,19,25,67
instance_0003.txt,pan_liu_sd4_oa1,pan_liu_sl_strict,0.6551724137931034,0.6136363636363636,0.6836734693877551,19,27,67
instance_0003.txt,pan_liu_sd4_oa2,pan_liu_sd4_oa3,0.01818181818181818,0.125,0.012738853503184714,1,6,2
instance_0003.txt,pan_liu_sd4_oa2,pan_liu_sd4_oa4,0.2222222222222222,0.2826086956521739,0.1590909090909091,10,13,21
instance_0003.txt,pan_liu_sd4_oa2,pan_liu_sl,0.021739130434782608,0.20930232558139536,0.013986013986013986,1,9,2
instance_0003.txt,pan_liu_sd4_oa2,pan_liu_sl_multi,0.021739130434782608,0.225,0.013986013986013986,1,9,2
instance_0003.txt,pan_liu_sd4_oa2,pan_liu_sl_strict,0.021739130434782608,0.20930232558139536,0.013986013986013986,1,9,2
instance_0003.txt,pan_liu_sd4_oa3,pan_liu_sd4_oa4,0.2708333333333333,0.3157894736842105,0.2624113475177305,13,18,37
instance_0003.txt,pan_liu_sd4_oa3,pan_liu_sl,0.5142857142857142,0.5454545454545454,0.504424778761062,18,24,57
instance_0003.txt,pan_liu_sd4_oa3,pan_liu_sl_multi,0.5142857142857142,0.4772727272727273,0.504424778761062,18,21,57
instance_0003.txt,pan_liu_sd4_oa3,pan_liu_sl_strict,0.5142857142857142,0.5454545454545454,0.504424778761062,18,24,57
instance_0003.txt,pan_liu_sd4_oa4,pan_liu_sl,0.15555555555555556,0.23728813559322035,0.15492957746478872,7,14,22
instance_0003.txt,pan_liu_sd4_oa4,pan_liu_sl_multi,0.15555555555555556,0.2962962962962963,0.15492957746478872,7,16,22
instance_0003.txt,pan_liu_sd4_oa4,pan_liu_sl_strict,0.15555555555555556,0.23728813559322035,0.15492957746478872,7,14,22
instance_0003.txt,pan_liu_sl,pan_liu_sl_multi,1.0,0.6153846153846154,1.0,22,24,78
instance_0003.txt,pan_liu_sl,pan_liu_sl_strict,1.0,1.0,1.0,22,33,78
instance_0003.txt,pan_liu_sl_multi,pan_liu_sl_strict,1.0,0.6153846153846154,1.0,22,24,78
instance_0004.txt,pan_liu_sd1_oa1,pan_liu_sd1_oa2,0.3076923076923077,0.4444444444444444,0.391304347826087,4,12,18
instance_0004.txt,pan_liu_sd1_oa1,pan_liu_sd1_oa3,1.0,1.0,1.0,9,18,33
instance_0004.txt,pan_liu_sd1_oa1,pan_liu_sd1_oa4,0.5833333333333334,0.5925925925925926,0.5869565217391305,7,16,27
instance_0004.txt,pan_liu_sd1_oa1,pan_liu_sd2_oa1,1.0,1.0,1.0,9,18,33
instance_0004.txt,pan_liu_sd1_oa1,pan_liu_sd2_oa2,0.3076923076923077,0.4444444444444444,0.391304347826087,4,12,18
instance_0004.txt,pan_liu_sd1_oa1,pan_liu_sd2_oa3,1.0,1.0,1.0,9,18,33
instance_0004.txt,pan_liu_sd1_oa1,pan_liu_sd2_oa4,0.5833333333333334,0.5925925925925926,0.5869565217391305,7,16,27
instance_0004.txt,pan_liu_sd1_oa1,pan_liu_sd3_oa1,1.0,1.0,1.0,9,18,33
instance_0004.txt,pan_liu_sd1_oa1,pan_liu_sd3_oa2,0.35714285714285715,0.32142857142857145,0.3333333333333333,5,9,16
instance_0004.txt,pan_liu_sd1_oa1,pan_liu_sd3_oa3,1.0,1.0,1.0,9,18,33
instance_0004.txt,pan_liu_sd1_oa1,pan_liu_sd3_oa3_multi,1.0,0.6818181818181818,1.0,9,15,33
instance_0004.txt,pan_liu_sd1_oa1,pan_liu_sd3_oa4,0.38461538461538464,0.5172413793103449,0.4791666666666667,5,15,23
instance_0004.txt,pan_liu_sd1_oa1,pan_liu_sd4_oa1,1.0,1.0,1.0,9,18,33
instance_0004.txt,pan_liu_sd1_oa1,pan_liu_sd4_oa2,0.26666666666666666,0.25806451612903225,0.23076923076923078,4,8,12
instance_0004.txt,pan_liu_sd1_oa1,pan_liu_sd4_oa3,1.0,1.0,1.0,9,18,33
instance_0004.txt,pan_liu_sd1_oa1,pan_liu_sd4_oa4,0.5,0.48148148148148145,0.5,6,13,23
instance_0004.txt,pan_liu_sd1_oa1,pan_liu_sl,1.0,1.0,1.0,9,18,33
instance_0004.txt,pan_liu_sd1_oa1,pan_liu_sl_multi,1.0,0.6818181818181818,1.0,9,15,33
instance_0004.txt,pan_liu_sd1_oa1,pan_liu_sl_strict,1.0,1.0,1.0,9,18,33
instance_0004.txt,pan_liu_sd1_oa2,pan_liu_sd1_oa3,0.3076923076923077,0.4444444444444444,0.391304347826087,4,12,18
instance_0004.txt,pan_liu_sd1_oa2,pan_liu_sd1_oa4,0.2,0.3939393939393939,0.26785714285714285,3,13,15
instance_0004.txt,pan_liu_sd1_oa2,pan_liu_sd2_oa1,0.3076923076923077,0.4444444444444444,0.391304347826087,4,12,18
instance_0004.txt,pan_liu_sd1_oa2,pan_liu_sd2_oa2,1.0,1.0,1.0,8,21,31
instance_0004.txt,pan_liu_sd1_oa2,pan_liu_sd2_oa3,0.3076923076923077,0.4444444444444444,0.391304347826087,4,12,18
instance_0004.txt,pan_liu_sd1_oa2,pan_liu_sd2_oa4,0.2,0.3939393939393939,0.26785714285714285,3,13,15
instance_0004.txt,pan_liu_sd1_oa2,pan_liu_sd3_oa1,0.3076923076923077,0.4444444444444444,0.391304347826087,4,12,18
instance_0004.txt,pan_liu_sd1_oa2,pan_liu_sd3_oa2,0.6363636363636364,0.6666666666666666,0.5897435897435898,7,16,23
instance_0004.txt,pan_liu_sd1_oa2,pan_liu_sd3_oa3,0.3076923076923077,0.4444444444444444,0.391304347826087,4,12,18
instance_0004.txt,pan_liu_sd1_oa2,pan_liu_sd3_oa3_multi,0.3076923076923077,0.48148148148148145,0.391304347826087,4,13,18
instance_0004.txt,pan_liu_sd1_oa2,pan_liu_sd3_oa4,0.21428571428571427,0.42424242424242425,0.2777777777777778,3,14,15
instance_0004.txt,pan_liu_sd1_oa2,pan_liu_sd4_oa1,0.3076923076923077,0.4444444444444444,0.391304347826087,4,12,18
instance_0004.txt,pan_liu_sd1_oa2,pan_liu_sd4_oa2,0.6363636363636364,0.6153846153846154,0.5897435897435898,7,16,23
instance_0004.txt,pan_liu_sd1_oa2,pan_liu_sd4_oa3,0.3076923076923077,0.4444444444444444,0.391304347826087,4,12,18
instance_0004.txt,pan_liu_sd1_oa2,pan_liu_sd4_oa4,0.21428571428571427,0.34375,0.24074074074074073,3,11,13
instance_0004.txt,pan_liu_sd1_oa2,pan_liu_sl,0.3076923076923077,0.4444444444444444,0.391304347826087,4,12,18
instance_0004.txt,pan_liu_sd1_oa2,pan_liu_sl_multi,0.3076923076923077,0.48148148148148145,0.391304347826087,4,13,18
instance_0004.txt,pan_liu_sd1_oa2,pan_liu_sl_strict,0.3076923076923077,0.4444444444444444,0.391304347826087,4,12,18
instance_0004.txt,pan_liu_sd1_oa3,pan_liu_sd1_oa4,0.5833333333333334,0.5925925925925926,0.5869565217391305,7,16,27
instance_0004.txt,pan_liu_sd1_oa3,pan_liu_sd2_oa1,1.0,1.0,1.0,9,18,33
instance_0004.txt,pan_liu_sd1_oa3,pan_liu_sd2_oa2,0.3076923076923077,0.4444444444444444,0.391304347826087,4,12,18
instance_0004.txt,pan_liu_sd1_oa3,pan_liu_sd2_oa3,1.0,1.0,1.0,9,18,33
instance_0004.txt,pan_liu_sd1_oa3,pan_liu_sd2_oa4,0.5833333333333334,0.5925925925925926,0.5869565217391305,7,16,27
instance_0004.txt,pan_liu_sd1_oa3,pan_liu_sd3_oa1,1.0,1.0,1.0,9,18,33
instance_0004.txt,pan_liu_sd1_oa3,pan_liu_sd3_oa2,0.35714285714285715,0.32142857142857145,0.3333333333333333,5,9,16
instance_0004.txt,pan_liu_sd1_oa3,pan_liu_sd3_oa3,1.0,1.0,1.0,9,18,33
instance_0004.txt,pan_liu_sd1_oa3,pan_liu_sd3_oa3_multi,1.0,0.6818181818181818,1.0,9,15,33
instance_0004.txt,pan_liu_sd1_oa3,pan_liu_sd3_oa4,0.38461538461538464,0.5172413793103449,0.4791666666666667,5,15,23
instance_0004.txt,pan_liu_sd1_oa3,pan_liu_sd4_oa1,1.0,1.0,1.0,9,18,33
instance_0004.txt,pan_liu_sd1_oa3,pan_liu_sd4_oa2,0.26666666666666666,0.25806451612903225,0.23076923076923078,4,8,12
instance_0004.txt,pan_liu_sd1_oa3,pan_liu_sd4_oa3,1.0,1.0,1.0,9,18,33
instance_0004.txt,pan_liu_sd1_oa3,pan_liu_sd4_oa4,0.5,0.48148148148148145,0.5,6,13,23
instance_0004.txt,pan_liu_sd1_oa3,pan_liu_sl,1.0,1.0,1.0,9,18,33
instance_0004.txt,pan_liu_sd1_oa3,pan_liu_sl_multi,1.0,0.6818181818181818,1.0,9,15,33
instance_0004.txt,pan_liu_sd1_oa3,pan_liu_sl_strict,1.0,1.0,1.0,9,18,33
instance_0004.txt,pan_liu_sd1_oa4,pan_liu_sd2_oa1,0.5833333333333334,0.5925925925925926,0.5869565217391305,7,16,27
instance_0004.txt,pan_liu_sd1_oa4,pan_liu_sd2_oa2,0.2,0.3939393939393939,0.26785714285714285,3,13,15
instance_0004.txt,pan_liu_sd1_oa4,pan_liu_sd2_oa3,0.5833333333333334,0.5925925925925926,0.5869565217391305,7,16,27
instance_0004.txt,pan_liu_sd1_oa4,pan_liu_sd2_oa4,1.0,1.0,1.0,10,25,40
instance_0004.txt,pan_liu_sd1_oa4,pan_liu_sd3_oa1,0.5833333333333334,0.5925925925925926,0.5869565217391305,7,16,27
instance_0004.txt,pan_liu_sd1_oa4,pan_liu_sd3_oa2,0.3333333333333333,0.3333333333333333,0.26785714285714285,5,11,15
instance_0004.txt,pan_liu_sd1_oa4,pan_liu_sd3_oa3,0.5833333333333334,0.5925925925925926,0.5869565217391305,7,16,27
instance_0004.txt,pan_liu_sd1_oa4,pan_liu_sd3_oa3_multi,0.5833333333333334,0.5172413793103449,0.5869565217391305,7,15,27
instance_0004.txt,pan_liu_sd1_oa4,pan_liu_sd3_oa4,0.7272727272727273,0.8888888888888888,0.8571428571428571,8,24,36
instance_0004.txt,pan_liu_sd1_oa4,pan_liu_sd4_oa1,0.5833333333333334,0.5925925925925926,0.5869565217391305,7,16,27
instance_0004.txt,pan_liu_sd1_oa4,pan_liu_sd4_oa2,0.3333333333333333,0.35294117647058826,0.26785714285714285,5,12,15
instance_0004.txt,pan_liu_sd1_oa4,pan_liu_sd4_oa3,0.5833333333333334,0.5925925925925926,0.5869565217391305,7,16,27
instance_0004.txt,pan_liu_sd1_oa4,pan_liu_sd4_oa4,0.7272727272727273,0.88,0.7674418604651163,8,22,33
instance_0004.txt,pan_liu_sd1_oa4,pan_liu_sl,0.5833333333333334,0.5925925925925926,0.5869565217391305,7,16,27
instance_0004.txt,pan_liu_sd1_oa4,pan_liu_sl_multi,0.5833333333333334,0.5172413793103449,0.5869565217391305,7,15,27
instance_0004.txt,pan_liu_sd1_oa4,pan_liu_sl_strict,0.5833333333333334,0.5925925925925926,0.5869565217391305,7,16,27
instance_0004.txt,pan_liu_sd2_oa1,pan_liu_sd2_oa2,0.3076923076923077,0.4444444444444444,0.391304347826087,4,12,18
instance_0004.txt,pan_liu_sd2_oa1,pan_liu_sd2_oa3,1.0,1.0,1.0,9,18,33
instance_0004.txt,pan_liu_sd2_oa1,pan_liu_sd2_oa4,0.5833333333333334,0.5925925925925926,0.5869565217391305,7,16,27
instance_0004.txt,pan_liu_sd2_oa1,pan_liu_sd3_oa1,1.0,1.0,1.0,9,18,33
instance_0004.txt,pan_liu_sd2_oa1,pan_liu_sd3_oa2,0.35714285714285715,0.32142857142857145,0.3333333333333333,5,9,16
instance_0004.txt,pan_liu_sd2_oa1,pan_liu_sd3_oa3,1.0,1.0,1.0,9,18,33
instance_0004.txt,pan_liu_sd2_oa1,pan_liu_sd3_oa3_multi,1.0,0.6818181818181818,1.0,9,15,33
instance_0004.txt,pan_liu_sd2_oa1,pan_liu_sd3_oa4,0.38461538461538464,0.5172413793103449,0.4791666666666667,5,15,23
instance_0004.txt,pan_liu_sd2_oa1,pan_liu_sd4_oa1,1.0,1.0,1.0,9,18,33
instance_0004.txt,pan_liu_sd2_oa1,pan_liu_sd4_oa2,0.26666666666666666,0.25806451612903225,0.23076923076923078,4,8,12
instance_0004.txt,pan_liu_sd2_oa1,pan_liu_sd4_oa3,1.0,1.0,1.0,9,18,33
instance_0004.txt,pan_liu_sd2_oa1,pan_liu_sd4_oa4,0.5,0.48148148148148145,0.5,6,13,23
instance_0004.txt,pan_liu_sd2_oa1,pan_liu_sl,1.0,1.0,1.0,9,18,33
instance_0004.txt,pan_liu_sd2_oa1,pan_liu_sl_multi,1.0,0.6818181818181818,1.0,9,15,33
instance_0004.txt,pan_liu_sd2_oa1,pan_liu_sl_strict,1.0,1.0,1.0,9,18,33
instance_0004.txt,pan_liu_sd2_oa2,pan_liu_sd2_oa3,0.3076923076923077,0.4444444444444444,0.391304347826087,4,12,18
instance_0004.txt,pan_liu_sd2_oa2,pan_liu_sd2_oa4,0.2,0.3939393939393939,0.26785714285714285,3,13,15
instance_0004.txt,pan_liu_sd2_oa2,pan_liu_sd3_oa1,0.3076923076923077,0.4444444444444444,0.391304347826087,4,12,18
instance_0004.txt,pan_liu_sd2_oa2,pan_liu_sd3_oa2,0.6363636363636364,0.6666666666666666,0.5897435897435898,7,16,23
instance_0004.txt,pan_liu_sd2_oa2,pan_liu_sd3_oa3,0.3076923076923077,0.4444444444444444,0.391304347826087,4,12,18
instance_0004.txt,pan_liu_sd2_oa2,pan_liu_sd3_oa3_multi,0.3076923076923077,0.48148148148148145,0.391304347826087,4,13,18
instance_0004.txt,pan_liu_sd2_oa2,pan_liu_sd3_oa4,0.21428571428571427,0.42424242424242425,0.2777777777777778,3,14,15
instance_0004.txt,pan_liu_sd2_oa2,pan_liu_sd4_oa1,0.3076923076923077,0.4444444444444444,0.391304347826087,4,12,18
instance_0004.txt,pan_liu_sd2_oa2,pan_liu_sd4_oa2,0.6363636363636364,0.6153846153846154,0.5897435897435898,7,16,23
instance_0004.txt,pan_liu_sd2_oa2,pan_liu_sd4_oa3,0.3076923076923077,0.4444444444444444,0.391304347826087,4,12,18
instance_0004.txt,pan_liu_sd2_oa2,pan_liu_sd4_oa4,0.21428571428571427,0.34375,0.24074074074074073,3,11,13
instance_0004.txt,pan_liu_sd2_oa2,pan_liu_sl,0.3076923076923077,0.4444444444444444,0.391304347826087,4,12,18
instance_0004.txt,pan_liu_sd2_oa2,pan_liu_sl_multi,0.3076923076923077,0.48148148148148145,0.391304347826087,4,13,18
instance_0004.txt,pan_liu_sd2_oa2,pan_liu_sl_strict,0.3076923076923077,0.4444444444444444,0.391304347826087,4,12,18
instance_0004.txt,pan_liu_sd2_oa3,pan_liu_sd2_oa4,0.5833333333333334,0.5925925925925926,0.5869565217391305,7,16,27
instance_0004.txt,pan_liu_sd2_oa3,pan_liu_sd3_oa1,1.0,1.0,1.0,9,18,33
instance_0004.txt,pan_liu_sd2_oa3,pan_liu_sd3_oa2,0.35714285714285715,0.32142857142857145,0.3333333333333333,5,9,16
instance_0004.txt,pan_liu_sd2_oa3,pan_liu_sd3_oa3,1.0,1.0,1.0,9,18,33
instance_0004.txt,pan_liu_sd2_oa3,pan_liu_sd3_oa3_multi,1.0,0.6818181818181818,1.0,9,15,33
instance_0004.txt,pan_liu_sd2_oa3,pan_liu_sd3_oa4,0.38461538461538464,0.5172413793103449,0.4791666666666667,5,15,23
instance_0004.txt,pan_liu_sd2_oa3,pan_liu_sd4_oa1,1.0,1.0,1.0,9,18,33
instance_0004.txt,pan_liu_sd2_oa3,pan_liu_sd4_oa2,0.26666666666666666,0.25806451612903225,0.23076923076923078,4,8,12
instance_0004.txt,pan_liu_sd2_oa3,pan_liu_sd4_oa3,1.0,1.0,1.0,9,18,33
instance_0004.txt,pan_liu_sd2_oa3,pan_liu_sd4_oa4,0.5,0.48148148148148145,0.5,6,13,23
instance_0004.txt,pan_liu_sd2_oa3,pan_liu_sl,1.0,1.0,1.0,9,18,33
instance_0004.txt,pan_liu_sd2_oa3,pan_liu_sl_multi,1.0,0.6818181818181818,1.0,9,15,33
instance_0004.txt,pan_liu_sd2_oa3,pan_liu_sl_strict,1.0,1.0,1.0,9,18,33
instance_0004.txt,pan_liu_sd2_oa4,pan_liu_sd3_oa1,0.5833333333333334,0.5925925925925926,0.5869565217391305,7,16,27
instance_0004.txt,pan_liu_sd2_oa4,pan_liu_sd3_oa2,0.3333333333333333,0.3333333333333333,0.26785714285714285,5,11,15
instance_0004.txt,pan_liu_sd2_oa4,pan_liu_sd3_oa3,0.5833333333333334,0.5925925925925926,0.5869565217391305,7,16,27
instance_0004.txt,pan_liu_sd2_oa4,pan_liu_sd3_oa3_multi,0.5833333333333334,0.5172413793103449,0.5869565217391305,7,15,27
instance_0004.txt,pan_liu_sd2_oa4,pan_liu_sd3_oa4,0.7272727272727273,0.8888888888888888,0.8571428571428571,8,24,36
instance_0004.txt,pan_liu_sd2_oa4,pan_liu_sd4_oa1,0.5833333333333334,0.5925925925925926,0.5869565217391305,7,16,27
instance_0004.txt,pan_liu_sd2_oa4,pan_liu_sd4_oa2,0.3333333333333333,0.35294117647058826,0.26785714285714285,5,12,15
instance_0004.txt,pan_liu_sd2_oa4,pan_liu_sd4_oa3,0.5833333333333334,0.5925925925925926,0.5869565217391305,7,16,27
instance_0004.txt,pan_liu_sd2_oa4,pan_liu_sd4_oa4,0.7272727272727273,0.88,0.7674418604651163,8,22,33
instance_0004.txt,pan_liu_sd2_oa4,pan_liu_sl,0.5833333333333334,0.5925925925925926,0.5869565217391305,7,16,27
instance_0004.txt,pan_liu_sd2_oa4,pan_liu_sl_multi,0.5833333333333334,0.5172413793103449,0.5869565217391305,7,15,27
instance_0004.txt,pan_liu_sd2_oa4,pan_liu_sl_strict,0.5833333333333334,0.5925925925925926,0.5869565217391305,7,16,27
instance_0004.txt,pan_liu_sd3_oa1,pan_liu_sd3_oa2,0.35714285714285715,0.32142857142857145,0.3333333333333333,5,9,16
instance_0004.txt,pan_liu_sd3_oa1,pan_liu_sd3_oa3,1.0,1.0,1.0,9,18,33
instance_0004.txt,pan_liu_sd3_oa1,pan_liu_sd3_oa3_multi,1.0,0.6818181818181818,1.0,9,15,33
instance_0004.txt,pan_liu_sd3_oa1,pan_liu_sd3_oa4,0.38461538461538464,0.5172413793103449,0.4791666666666667,5,15,23
instance_0004.txt,pan_liu_sd3_oa1,pan_liu_sd4_oa1,1.0,1.0,1.0,9,18,33
instance_0004.txt,pan_liu_sd3_oa1,pan_liu_sd4_oa2,0.26666666666666666,0.25806451612903225,0.23076923076923078,4,8,12
instance_0004.txt,pan_liu_sd3_oa1,pan_liu_sd4_oa3,1.0,1.0,1.0,9,18,33
instance_0004.txt,pan_liu_sd3_oa1,pan_liu_sd4_oa4,0.5,0.48148148148148145,0.5,6,13,23
instance_0004.txt,pan_liu_sd3_oa1,pan_liu_sl,1.0,1.0,1.0,9,18,33
instance_0004.txt,pan_liu_sd3_oa1,pan_liu_sl_multi,1.0,0.6818181818181818,1.0,9,15,33
instance_0004.txt,pan_liu_sd3_oa1,pan_liu_sl_strict,1.0,1.0,1.0,9,18,33
instance_0004.txt,pan_liu_sd3_oa2,pan_liu_sd3_oa3,0.35714285714285715,0.32142857142857145,0.3333333333333333,5,9,16
instance_0004.txt,pan_liu_sd3_oa2,pan_liu_sd3_oa3_multi,0.35714285714285715,0.3103448275862069,0.3333333333333333,5,9,16
instance_0004.txt,pan_liu_sd3_oa2,pan_liu_sd3_oa4,0.35714285714285715,0.40625,0.2777777777777778,5,13,15
instance_0004.txt,pan_liu_sd3_oa2,pan_liu_sd4_oa1,0.35714285714285715,0.32142857142857145,0.3333333333333333,5,9,16
instance_0004.txt,pan_liu_sd3_oa2,pan_liu_sd4_oa2,0.8181818181818182,0.7391304347826086,0.7714285714285715,9,17,27
instance_0004.txt,pan_liu_sd3_oa2,pan_liu_sd4_oa3,0.35714285714285715,0.32142857142857145,0.3333333333333333,5,9,16
instance_0004.txt,pan_liu_sd3_oa2,pan_liu_sd4_oa4,0.35714285714285715,0.28125,0.24074074074074073,5,9,13
instance_0004.txt,pan_liu_sd3_oa2,pan_liu_sl,0.35714285714285715,0.32142857142857145,0.3333333333333333,5,9,16
instance_0004.txt,pan_liu_sd3_oa2,pan_liu_sl_multi,0.35714285714285715,0.3103448275862069,0.3333333333333333,5,9,16
instance_0004.txt,pan_liu_sd3_oa2,pan_liu_sl_strict,0.35714285714285715,0.32142857142857145,0.3333333333333333,5,9,16
instance_0004.txt,pan_liu_sd3_oa3,pan_liu_sd3_oa3_multi,1.0,0.6818181818181818,1.0,9,15,33
instance_0004.txt,pan_liu_sd3_oa3,pan_liu_sd3_oa4,0.38461538461538464,0.5172413793103449,0.4791666666666667,5,15,23
instance_0004.txt,pan_liu_sd3_oa3,pan_liu_sd4_oa1,1.0,1.0,1.0,9,18,33
instance_0004.txt,pan_liu_sd3_oa3,pan_liu_sd4_oa2,0.26666666666666666,0.25806451612903225,0.23076923076923078,4,8,12
instance_0004.txt,pan_liu_sd3_oa3,pan_liu_sd4_oa3,1.0,1.0,1.0,9,18,33
instance_0004.txt,pan_liu_sd3_oa3,pan_liu_sd4_oa4,0.5,0.48148148148148145,0.5,6,13,23
instance_0004.txt,pan_liu_sd3_oa3,pan_liu_sl,1.0,1.0,1.0,9,18,33
instance_0004.txt,pan_liu_sd3_oa3,pan_liu_sl_multi,1.0,0.6818181818181818,1.0,9,15,33
instance_0004.txt,pan_liu_sd3_oa3,pan_liu_sl_strict,1.0,1.0,1.0,9,18,33
instance_0004.txt,pan_liu_sd3_oa3_multi,pan_liu_sd3_oa4,0.38461538461538464,0.5,0.4791666666666667,5,15,23
instance_0004.txt,pan_liu_sd3_oa3_multi,pan_liu_sd4_oa1,1.0,0.6818181818181818,1.0,9,15,33
instance_0004.txt,pan_liu_sd3_oa3_multi,pan_liu_sd4_oa2,0.26666666666666666,0.25,0.23076923076923078,4,8,12
instance_0004.txt,pan_liu_sd3_oa3_multi,pan_liu_sd4_oa3,1.0,0.6818181818181818,1.0,9,15,33
instance_0004.txt,pan_liu_sd3_oa3_multi,pan_liu_sd4_oa4,0.5,0.4642857142857143,0.5,6,13,23
instance_0004.txt,pan_liu_sd3_oa3_multi,pan_liu_sl,1.0,0.6818181818181818,1.0,9,15,33
instance_0004.txt,pan_liu_sd3_oa3_multi,pan_liu_sl_multi,1.0,1.0,1.0,9,19,33
instance_0004.txt,pan_liu_sd3_oa3_multi,pan_liu_sl_strict,1.0,0.6818181818181818,1.0,9,15,33
instance_0004.txt,pan_liu_sd3_oa4,pan_liu_sd4_oa1,0.38461538461538464,0.5172413793103449,0.4791666666666667,5,15,23
instance_0004.txt,pan_liu_sd3_oa4,pan_liu_sd4_oa2,0.35714285714285715,0.38235294117647056,0.2777777777777778,5,13,15
instance_0004.txt,pan_liu_sd3_oa4,pan_liu_sd4_oa3,0.38461538461538464,0.5172413793103449,0.4791666666666667,5,15,23
instance_0004.txt,pan_liu_sd3_oa4,pan_liu_sd4_oa4,0.6363636363636364,0.8461538461538461,0.7209302325581395,7,22,31
instance_0004.txt,pan_liu_sd3_oa4,pan_liu_sl,0.38461538461538464,0.5172413793103449,0.4791666666666667,5,15,23
instance_0004.txt,pan_liu_sd3_oa4,pan_liu_sl_multi,0.38461538461538464,0.5,0.4791666666666667,5,15,23
instance_0004.txt,pan_liu_sd3_oa4,pan_liu_sl_strict,0.38461538461538464,0.5172413793103449,0.4791666666666667,5,15,23
instance_0004.txt,pan_liu_sd4_oa1,pan_liu_sd4_oa2,0.26666666666666666,0.25806451612903225,0.23076923076923078,4,8,12
instance_0004.txt,pan_liu_sd4_oa1,pan_liu_sd4_oa3,1.0,1.0,1.0,9,18,33
instance_0004.txt,pan_liu_sd4_oa1,pan_liu_sd4_oa4,0.5,0.48148148148148145,0.5,6,13,23
instance_0004.txt,pan_liu_sd4_oa1,pan_liu_sl,1.0,1.0,1.0,9,18,33
instance_0004.txt,pan_liu_sd4_oa1,pan_liu_sl_multi,1.0,0.6818181818181818,1.0,9,15,33
instance_0004.txt,pan_liu_sd4_oa1,pan_liu_sl_strict,1.0,1.0,1.0,9,18,33
instance_0004.txt,pan_liu_sd4_oa2,pan_liu_sd4_oa3,0.26666666666666666,0.25806451612903225,0.23076923076923078,4,8,12
instance_0004.txt,pan_liu_sd4_oa2,pan_liu_sd4_oa4,0.35714285714285715,0.30303030303030304,0.24074074074074073,5,10,13
instance_0004.txt,pan_liu_sd4_oa2,pan_liu_sl,0.26666666666666666,0.25806451612903225,0.23076923076923078,4,8,12
instance_0004.txt,pan_liu_sd4_oa2,pan_liu_sl_multi,0.26666666666666666,0.25,0.23076923076923078,4,8,12
instance_0004.txt,pan_liu_sd4_oa2,pan_liu_sl_strict,0.26666666666666666,0.25806451612903225,0.23076923076923078,4,8,12
instance_0004.txt,pan_liu_sd4_oa3,pan_liu_sd4_oa4,0.5,0.48148148148148145,0.5,6,13,23
instance_0004.txt,pan_liu_sd4_oa3,pan_liu_sl,1.0,1.0,1.0,9,18,33
instance_0004.txt,pan_liu_sd4_oa3,pan_liu_sl_multi,1.0,0.6818181818181818,1.0,9,15,33
instance_0004.txt,pan_liu_sd4_oa3,pan_liu_sl_strict,1.0,1.0,1.0,9,18,33
instance_0004.txt,pan_liu_sd4_oa4,pan_liu_sl,0.5,0.48148148148148145,0.5,6,13,23
instance_0004.txt,pan_liu_sd4_oa4,pan_liu_sl_multi,0.5,0.4642857142857143,0.5,6,13,23
instance_0004.txt,pan_liu_sd4_oa4,pan_liu_sl_strict,0.5,0.48148148148148145,0.5,6,13,23
instance_0004.txt,pan_liu_sl,pan_liu_sl_multi,1.0,0.6818181818181818,1.0,9,15,33
instance_0004.txt,pan_liu_sl,pan_liu_sl_strict,1.0,1.0,1.0,9,18,33
instance_0004.txt,pan_liu_sl_multi,pan_liu_sl_strict,1.0,0.6818181818181818,1.0,9,15,33
instance_0005.txt,pan_liu_sd1_oa1,pan_liu_sd1_oa2,0.05698672911787666,0.697841726618705,0.11838658983761131,73,97,452
instance_0005.txt,pan_liu_sd1_oa1,pan_liu_sd1_oa3,1.0,1.0,1.0,545,135,2160
instance_0005.txt,pan_liu_sd1_oa1,pan_liu_sd1_oa4,0.1954242135367016,0.9071428571428571,0.3063306330633063,205,127,1021
instance_0005.txt,pan_liu_sd1_oa1,pan_liu_sd2_oa1,1.0,1.0,1.0,545,135,2160
instance_0005.txt,pan_liu_sd1_oa1,pan_liu_sd2_oa2,0.02261123267687819,0.4411764705882353,0.10967564595931831,31,60,399
instance_0005.txt,pan_liu_sd1_oa1,pan_liu_sd2_oa3,1.0,1.0,1.0,545,135,2160
instance_0005.txt,pan_liu_sd1_oa1,pan_liu_sd2_oa4,0.242512077294686,0.9357142857142857,0.35508815341787814,251,131,1148
instance_0005.txt,pan_liu_sd1_oa1,pan_liu_sd3_oa1,1.0,1.0,1.0,545,135,2160
instance_0005.txt,pan_liu_sd1_oa1,pan_liu_sd3_oa2,0.03099630996309963,0.7226277372262774,0.10731833462632531,42,99,415
instance_0005.txt,pan_liu_sd1_oa1,pan_liu_sd3_oa3,1.0,1.0,1.0,545,135,2160
instance_0005.txt,pan_liu_sd1_oa1,pan_liu_sd3_oa3_multi,1.0,0.948905109489051,1.0,545,130,2160
instance_0005.txt,pan_liu_sd1_oa1,pan_liu_sd3_oa4,0.22040423484119345,0.9148936170212766,0.3391544117647059,229,129,1107
instance_0005.txt,pan_liu_sd1_oa1,pan_liu_sd4_oa1,0.9726277372262774,1.0,0.9806183664051684,533,135,2125
instance_0005.txt,pan_liu_sd1_oa1,pan_liu_sd4_oa2,0.02823179791976226,0.39705882352941174,0.12234494477485132,38,54,432
instance_0005.txt,pan_liu_sd1_oa1,pan_liu_sd4_oa3,0.7606973058637084,1.0,0.8339801638637344,480,135,1934
instance_0005.txt,pan_liu_sd1_oa1,pan_liu_sd4_oa4,0.1359683794466403,0.9148936170212766,0.22900158478605387,172,129,867
instance_0005.txt,pan_liu_sd1_oa1,pan_liu_sl,1.0,1.0,1.0,545,135,2160
instance_0005.txt,pan_liu_sd1_oa1,pan_liu_sl_multi,1.0,0.948905109489051,1.0,545,130,2160
instance_0005.txt,pan_liu_sd1_oa1,pan_liu_sl_strict,1.0,1.0,1.0,545,135,2160
instance_0005.txt,pan_liu_sd1_oa2,pan_liu_sd1_oa3,0.05698672911787666,0.697841726618705,0.11838658983761131,73,97,452
instance_0005.txt,pan_liu_sd1_oa2,pan_liu_sd1_oa4,0.13537771129394166,0.725925925925926,0.19257412025491827,181,98,695
instance_0005.txt,pan_liu_sd1_oa2,pan_liu_sd2_oa1,0.05698672911787666,0.697841726618705,0.11838658983761131,73,97,452
instance_0005.txt,pan_liu_sd1_oa2,pan_liu_sd2_oa2,0.162595952547104,0.42105263157894735,0.19981944026482096,233,48,664
instance_0005.txt,pan_liu_sd1_oa2,pan_liu_sd2_oa3,0.05698672911787666,0.697841726618705,0.11838658983761131,73,97,452
instance_0005.txt,pan_liu_sd1_oa2,pan_liu_sd2_oa4,0.13138686131386862,0.7426470588235294,0.1865753424657534,180,101,681
instance_0005.txt,pan_liu_sd1_oa2,pan_liu_sd3_oa1,0.05698672911787666,0.697841726618705,0.11838658983761131,73,97,452
instance_0005.txt,pan_liu_sd1_oa2,pan_liu_sd3_oa2,0.28262548262548265,0.616,0.293398533007335,366,77,960
instance_0005.txt,pan_liu_sd1_oa2,pan_liu_sd3_oa3,0.05698672911787666,0.697841726618705,0.11838658983761131,73,97,452
instance_0005.txt,pan_liu_sd1_oa2,pan_liu_sd3_oa3_multi,0.05698672911787666,0.7132352941176471,0.11838658983761131,73,97,452
instance_0005.txt,pan_liu_sd1_oa2,pan_liu_sd3_oa4,0.12316715542521994,0.7352941176470589,0.18318729463307776,168,100,669
instance_0005.txt,pan_liu_sd1_oa2,pan_liu_sd4_oa1,0.056559308719560095,0.697841726618705,0.11778656126482213,72,97,447
instance_0005.txt,pan_liu_sd1_oa2,pan_liu_sd4_oa2,0.1396957123098202,0.3220338983050847,0.17050553395154053,202,38,570
instance_0005.txt,pan_liu_sd1_oa2,pan_liu_sd4_oa3,0.04801829268292683,0.697841726618705,0.10576164167324388,63,97,402
instance_0005.txt,pan_liu_sd1_oa2,pan_liu_sd4_oa4,0.1995768688293371,0.7226277372262774,0.21966083730789612,283,99,829
instance_0005.txt,pan_liu_sd1_oa2,pan_liu_sl,0.05698672911787666,0.697841726618705,0.11838658983761131,73,97,452
instance_0005.txt,pan_liu_sd1_oa2,pan_liu_sl_multi,0.05698672911787666,0.7132352941176471,0.11838658983761131,73,97,452
instance_0005.txt,pan_liu_sd1_oa2,pan_liu_sl_strict,0.05698672911787666,0.697841726618705,0.11838658983761131,73,97,452
instance_0005.txt,pan_liu_sd1_oa3,pan_liu_sd1_oa4,0.1954242135367016,0.9071428571428571,0.3063306330633063,205,127,1021
instance_0005.txt,pan_liu_sd1_oa3,pan_liu_sd2_oa1,1.0,1.0,1.0,545,135,2160
instance_0005.txt,pan_liu_sd1_oa3,pan_liu_sd2_oa2,0.02261123267687819,0.4411764705882353,0.10967564595931831,31,60,399
instance_0005.txt,pan_liu_sd1_oa3,pan_liu_sd2_oa3,1.0,1.0,1.0,545,135,2160
instance_0005.txt,pan_liu_sd1_oa3,pan_liu_sd2_oa4,0.242512077294686,0.9357142857142857,0.35508815341787814,251,131,1148
instance_0005.txt,pan_liu_sd1_oa3,pan_liu_sd3_oa1,1.0,1.0,1.0,545,135,2160
instance_0005.txt,pan_liu_sd1_oa3,pan_liu_sd3_oa2,0.03099630996309963,0.7226277372262774,0.10731833462632531,42,99,415
instance_0005.txt,pan_liu_sd1_oa3,pan_liu_sd3_oa3,1.0,1.0,1.0,545,135,2160
instance_0005.txt,pan_liu_sd1_oa3,pan_liu_sd3_oa3_multi,1.0,0.948905109489051,1.0,545,130,2160
instance_0005.txt,pan_liu_sd1_oa3,pan_liu_sd3_oa4,0.22040423484119345,0.9148936170212766,0.3391544117647059,229,129,1107
instance_0005.txt,pan_liu_sd1_oa3,pan_liu_sd4_oa1,0.9726277372262774,1.0,0.9806183664051684,533,135,2125
instance_0005.txt,pan_liu_sd1_oa3,pan_liu_sd4_oa2,0.02823179791976226,0.39705882352941174,0.12234494477485132,38,54,432
instance_0005.txt,pan_liu_sd1_oa3,pan_liu_sd4_oa3,0.7606973058637084,1.0,0.8339801638637344,480,135,1934
instance_0005.txt,pan_liu_sd1_oa3,pan_liu_sd4_oa4,0.1359683794466403,0.9148936170212766,0.22900158478605387,172,129,867
instance_0005.txt,pan_liu_sd1_oa3,pan_liu_sl,1.0,1.0,1.0,545,135,2160
instance_0005.txt,pan_liu_sd1_oa3,pan_liu_sl_multi,1.0,0.948905109489051,1.0,545,130,2160
instance_0005.txt,pan_liu_sd1_oa3,pan_liu_sl_strict,1.0,1.0,1.0,545,135,2160
instance_0005.txt,pan_liu_sd1_oa4,pan_liu_sd2_oa1,0.1954242135367016,0.9071428571428571,0.3063306330633063,205,127,1021
instance_0005.txt,pan_liu_sd1_oa4,pan_liu_sd2_oa2,0.20184190330007676,0.45112781954887216,0.26310890474713,263,60,848
instance_0005.txt,pan_liu_sd1_oa4,pan_liu_sd2_oa3,0.1954242135367016,0.9071428571428571,0.3063306330633063,205,127,1021
instance_0005.txt,pan_liu_sd1_oa4,pan_liu_sd2_oa4,0.29348795718108833,0.9142857142857143,0.3664500154750851,329,128,1184
instance_0005.txt,pan_liu_sd1_oa4,pan_liu_sd3_oa1,0.1954242135367016,0.9071428571428571,0.3063306330633063,205,127,1021
instance_0005.txt,pan_liu_sd1_oa4,pan_liu_sd3_oa2,0.15801186943620177,0.725925925925926,0.24595842956120093,213,98,852
instance_0005.txt,pan_liu_sd1_oa4,pan_liu_sd3_oa3,0.1954242135367016,0.9071428571428571,0.3063306330633063,205,127,1021
instance_0005.txt,pan_liu_sd1_oa4,pan_liu_sd3_oa3_multi,0.1954242135367016,0.8857142857142857,0.3063306330633063,205,124,1021
instance_0005.txt,pan_liu_sd1_oa4,pan_liu_sd3_oa4,0.5946547884187082,0.948905109489051,0.6585090361445783,534,130,1749
instance_0005.txt,pan_liu_sd1_oa4,pan_liu_sd4_oa1,0.19826756496631376,0.9071428571428571,0.3097184377838329,206,127,1023
instance_0005.txt,pan_liu_sd1_oa4,pan_liu_sd4_oa2,0.20654715510522215,0.3851851851851852,0.26207767603410165,265,52,830
instance_0005.txt,pan_liu_sd1_oa4,pan_liu_sd4_oa3,0.25,0.9071428571428571,0.3260129910300031,255,127,1054
instance_0005.txt,pan_liu_sd1_oa4,pan_liu_sd4_oa4,0.0,0.8936170212765957,0.08470261513538532,0,126,366
instance_0005.txt,pan_liu_sd1_oa4,pan_liu_sl,0.1954242135367016,0.9071428571428571,0.3063306330633063,205,127,1021
instance_0005.txt,pan_liu_sd1_oa4,pan_liu_sl_multi,0.1954242135367016,0.8857142857142857,0.3063306330633063,205,124,1021
instance_0005.txt,pan_liu_sd1_oa4,pan_liu_sl_strict,0.1954242135367016,0.9071428571428571,0.3063306330633063,205,127,1021
instance_0005.txt,pan_liu_sd2_oa1,pan_liu_sd2_oa2,0.02261123267687819,0.4411764705882353,0.10967564595931831,31,60,399
instance_0005.txt,pan_liu_sd2_oa1,pan_liu_sd2_oa3,1.0,1.0,1.0,545,135,2160
instance_0005.txt,pan_liu_sd2_oa1,pan_liu_sd2_oa4,0.242512077294686,0.9357142857142857,0.35508815341787814,251,131,1148
instance_0005.txt,pan_liu_sd2_oa1,pan_liu_sd3_oa1,1.0,1.0,1.0,545,135,2160
instance_0005.txt,pan_liu_sd2_oa1,pan_liu_sd3_oa2,0.03099630996309963,0.7226277372262774,0.10731833462632531,42,99,415
instance_0005.txt,pan_liu_sd2_oa1,pan_liu_sd3_oa3,1.0,1.0,1.0,545,135,2160
instance_0005.txt,pan_liu_sd2_oa1,pan_liu_sd3_oa3_multi,1.0,0.948905109489051,1.0,545,130,2160
instance_0005.txt,pan_liu_sd2_oa1,pan_liu_sd3_oa4,0.22040423484119345,0.9148936170212766,0.3391544117647059,229,129,1107
instance_0005.txt,pan_liu_sd2_oa1,pan_liu_sd4_oa1,0.9726277372262774,1.0,0.9806183664051684,533,135,2125
instance_0005.txt,pan_liu_sd2_oa1,pan_liu_sd4_oa2,0.02823179791976226,0.39705882352941174,0.12234494477485132,38,54,432
instance_0005.txt,pan_liu_sd2_oa1,pan_liu_sd4_oa3,0.7606973058637084,1.0,0.8339801638637344,480,135,1934
instance_0005.txt,pan_liu_sd2_oa1,pan_liu_sd4_oa4,0.1359683794466403,0.9148936170212766,0.22900158478605387,172,129,867
instance_0005.txt,pan_liu_sd2_oa1,pan_liu_sl,1.0,1.0,1.0,545,135,2160
instance_0005.txt,pan_liu_sd2_oa1,pan_liu_sl_multi,1.0,0.948905109489051,1.0,545,130,2160
instance_0005.txt,pan_liu_sd2_oa1,pan_liu_sl_strict,1.0,1.0,1.0,545,135,2160
instance_0005.txt,pan_liu_sd2_oa2,pan_liu_sd2_oa3,0.02261123267687819,0.4411764705882353,0.10967564595931831,31,60,399
instance_0005.txt,pan_liu_sd2_oa2,pan_liu_sd2_oa4,0.18898809523809523,0.43795620437956206,0.24106602059357965,254,60,796
instance_0005.txt,pan_liu_sd2_oa2,pan_liu_sd3_oa1,0.02261123267687819,0.4411764705882353,0.10967564595931831,31,60,399
instance_0005.txt,pan_liu_sd2_oa2,pan_liu_sd3_oa2,0.40311986863711,0.44642857142857145,0.46429879165140975,491,50,1268
instance_0005.txt,pan_liu_sd2_oa2,pan_liu_sd3_oa3,0.02261123267687819,0.4411764705882353,0.10967564595931831,31,60,399
instance_0005.txt,pan_liu_sd2_oa2,pan_liu_sd3_oa3_multi,0.02261123267687819,0.45112781954887216,0.10967564595931831,31,60,399
instance_0005.txt,pan_liu_sd2_oa2,pan_liu_sd3_oa4,0.19787717968157695,0.4411764705882353,0.2536031892057651,261,60,827
instance_0005.txt,pan_liu_sd2_oa2,pan_liu_sd4_oa1,0.02351212343864805,0.4411764705882353,0.1117581808097615,32,60,403
instance_0005.txt,pan_liu_sd2_oa2,pan_liu_sd4_oa2,0.7777777777777778,0.46835443037974683,0.7692307692307693,742,37,1600
instance_0005.txt,pan_liu_sd2_oa2,pan_liu_sd4_oa3,0.0739622641509434,0.4411764705882353,0.14673599075678798,98,60,508
instance_0005.txt,pan_liu_sd2_oa2,pan_liu_sd4_oa4,0.18898708361658736,0.45185185185185184,0.2199888330541597,278,61,788
instance_0005.txt,pan_liu_sd2_oa2,pan_liu_sl,0.02261123267687819,0.4411764705882353,0.10967564595931831,31,60,399
instance_0005.txt,pan_liu_sd2_oa2,pan_liu_sl_multi,0.02261123267687819,0.45112781954887216,0.10967564595931831,31,60,399
instance_0005.txt,pan_liu_sd2_oa2,pan_liu_sl_strict,0.02261123267687819,0.4411764705882353,0.10967564595931831,31,60,399
instance_0005.txt,pan_liu_sd2_oa3,pan_liu_sd2_oa4,0.242512077294686,0.9357142857142857,0.35508815341787814,251,131,1148
instance_0005.txt,pan_liu_sd2_oa3,pan_liu_sd3_oa1,1.0,1.0,1.0,545,135,2160
instance_0005.txt,pan_liu_sd2_oa3,pan_liu_sd3_oa2,0.03099630996309963,0.7226277372262774,0.10731833462632531,42,99,415
instance_0005.txt,pan_liu_sd2_oa3,pan_liu_sd3_oa3,1.0,1.0,1.0,545,135,2160
instance_0005.txt,pan_liu_sd2_oa3,pan_liu_sd3_oa3_multi,1.0,0.948905109489051,1.0,545,130,2160
instance_0005.txt,pan_liu_sd2_oa3,pan_liu_sd3_oa4,0.22040423484119345,0.9148936170212766,0.3391544117647059,229,129,1107
instance_0005.txt,pan_liu_sd2_oa3,pan_liu_sd4_oa1,0.9726277372262774,1.0,0.9806183664051684,533,135,2125
instance_0005.txt,pan_liu_sd2_oa3,pan_liu_sd4_oa2,0.02823179791976226,0.39705882352941174,0.12234494477485132,38,54,432
instance_0005.txt,pan_liu_sd2_oa3,pan_liu_sd4_oa3,0.7606973058637084,1.0,0.8339801638637344,480,135,1934
instance_0005.txt,pan_liu_sd2_oa3,pan_liu_sd4_oa4,0.1359683794466403,0.9148936170212766,0.22900158478605387,172,129,867
instance_0005.txt,pan_liu_sd2_oa3,pan_liu_sl,1.0,1.0,1.0,545,135,2160
instance_0005.txt,pan_liu_sd2_oa3,pan_liu_sl_multi,1.0,0.948905109489051,1.0,545,130,2160
instance_0005.txt,pan_liu_sd2_oa3,pan_liu_sl_strict,1.0,1.0,1.0,545,135,2160
instance_0005.txt,pan_liu_sd2_oa4,pan_liu_sd3_oa1,0.242512077294686,0.9357142857142857,0.35508815341787814,251,131,1148
instance_0005.txt,pan_liu_sd2_oa4,pan_liu_sd3_oa2,0.15018050541516245,0.7426470588235294,0.23732193732193732,208,101,833
instance_0005.txt,pan_liu_sd2_oa4,pan_liu_sd3_oa3,0.242512077294686,0.9357142857142857,0.35508815341787814,251,131,1148
instance_0005.txt,pan_liu_sd2_oa4,pan_liu_sd3_oa3_multi,0.242512077294686,0.9142857142857143,0.35508815341787814,251,128,1148
instance_0005.txt,pan_liu_sd2_oa4,pan_liu_sd3_oa4,0.545934530095037,0.9357142857142857,0.5777856888572446,517,131,1623
instance_0005.txt,pan_liu_sd2_oa4,pan_liu_sd4_oa1,0.24342745861733203,0.9357142857142857,0.3586142322097378,250,131,1149
instance_0005.txt,pan_liu_sd2_oa4,pan_liu_sd4_oa2,0.1942554799697657,0.39416058394160586,0.23853493382579255,257,54,775
instance_0005.txt,pan_liu_sd2_oa4,pan_liu_sd4_oa3,0.28515240904621436,0.9357142857142857,0.38624678663239076,290,131,1202
instance_0005.txt,pan_liu_sd2_oa4,pan_liu_sd4_oa4,0.14676966292134833,0.9496402877697842,0.23987375065754865,209,132,912
instance_0005.txt,pan_liu_sd2_oa4,pan_liu_sl,0.242512077294686,0.9357142857142857,0.35508815341787814,251,131,1148
instance_0005.txt,pan_liu_sd2_oa4,pan_liu_sl_multi,0.242512077294686,0.9142857142857143,0.35508815341787814,251,128,1148
instance_0005.txt,pan_liu_sd2_oa4,pan_liu_sl_strict,0.242512077294686,0.9357142857142857,0.35508815341787814,251,131,1148
instance_0005.txt,pan_liu_sd3_oa1,pan_liu_sd3_oa2,0.03099630996309963,0.7226277372262774,0.10731833462632531,42,99,415
instance_0005.txt,pan_liu_sd3_oa1,pan_liu_sd3_oa3,1.0,1.0,1.0,545,135,2160
instance_0005.txt,pan_liu_sd3_oa1,pan_liu_sd3_oa3_multi,1.0,0.948905109489051,1.0,545,130,2160
instance_0005.txt,pan_liu_sd3_oa1,pan_liu_sd3_oa4,0.22040423484119345,0.9148936170212766,0.3391544117647059,229,129,1107
instance_0005.txt,pan_liu_sd3_oa1,pan_liu_sd4_oa1,0.9726277372262774,1.0,0.9806183664051684,533,135,2125
instance_0005.txt,pan_liu_sd3_oa1,pan_liu_sd4_oa2,0.02823179791976226,0.39705882352941174,0.12234494477485132,38,54,432
instance_0005.txt,pan_liu_sd3_oa1,pan_liu_sd4_oa3,0.7606973058637084,1.0,0.8339801638637344,480,135,1934
instance_0005.txt,pan_liu_sd3_oa1,pan_liu_sd4_oa4,0.1359683794466403,0.9148936170212766,0.22900158478605387,172,129,867
instance_0005.txt,pan_liu_sd3_oa1,pan_liu_sl,1.0,1.0,1.0,545,135,2160
instance_0005.txt,pan_liu_sd3_oa1,pan_liu_sl_multi,1.0,0.948905109489051,1.0,545,130,2160
instance_0005.txt,pan_liu_sd3_oa1,pan_liu_sl_strict,1.0,1.0,1.0,545,135,2160
instance_0005.txt,pan_liu_sd3_oa2,pan_liu_sd3_oa3,0.03099630996309963,0.7226277372262774,0.10731833462632531,42,99,415
instance_0005.txt,pan_liu_sd3_oa2,pan_liu_sd3_oa3_multi,0.03099630996309963,0.7132352941176471,0.10731833462632531,42,97,415
instance_0005.txt,pan_liu_sd3_oa2,pan_liu_sd3_oa4,0.15300146412884333,0.7226277372262774,0.2362339514978602,209,99,828
instance_0005.txt,pan_liu_sd3_oa2,pan_liu_sd4_oa1,0.03197026022304833,0.7226277372262774,0.10954616588419405,43,99,420
instance_0005.txt,pan_liu_sd3_oa2,pan_liu_sd4_oa2,0.3860655737704918,0.39285714285714285,0.4483394833948339,471,44,1215
instance_0005.txt,pan_liu_sd3_oa2,pan_liu_sd4_oa3,0.044182621502209134,0.7226277372262774,0.12610205717339032,60,99,472
instance_0005.txt,pan_liu_sd3_oa2,pan_liu_sd4_oa4,0.21533101045296169,0.7226277372262774,0.2520347259902333,309,99,929
instance_0005.txt,pan_liu_sd3_oa2,pan_liu_sl,0.03099630996309963,0.7226277372262774,0.10731833462632531,42,99,415
instance_0005.txt,pan_liu_sd3_oa2,pan_liu_sl_multi,0.03099630996309963,0.7132352941176471,0.10731833462632531,42,97,415
instance_0005.txt,pan_liu_sd3_oa2,pan_liu_sl_strict,0.03099630996309963,0.7226277372262774,0.10731833462632531,42,99,415
instance_0005.txt,pan_liu_sd3_oa3,pan_liu_sd3_oa3_multi,1.0,0.948905109489051,1.0,545,130,2160
instance_0005.txt,pan_liu_sd3_oa3,pan_liu_sd3_oa4,0.22040423484119345,0.9148936170212766,0.3391544117647059,229,129,1107
instance_0005.txt,pan_liu_sd3_oa3,pan_liu_sd4_oa1,0.9726277372262774,1.0,0.9806183664051684,533,135,2125
instance_0005.txt,pan_liu_sd3_oa3,pan_liu_sd4_oa2,0.02823179791976226,0.39705882352941174,0.12234494477485132,38,54,432
instance_0005.txt,pan_liu_sd3_oa3,pan_liu_sd4_oa3,0.7606973058637084,1.0,0.8339801638637344,480,135,1934
instance_0005.txt,pan_liu_sd3_oa3,pan_liu_sd4_oa4,0.1359683794466403,0.9148936170212766,0.22900158478605387,172,129,867
instance_0005.txt,pan_liu_sd3_oa3,pan_liu_sl,1.0,1.0,1.0,545,135,2160
instance_0005.txt,pan_liu_sd3_oa3,pan_liu_sl_multi,1.0,0.948905109489051,1.0,545,130,2160
instance_0005.txt,pan_liu_sd3_oa3,pan_liu_sl_strict,1.0,1.0,1.0,545,135,2160
instance_0005.txt,pan_liu_sd3_oa3_multi,pan_liu_sd3_oa4,0.22040423484119345,0.8936170212765957,0.3391544117647059,229,126,1107
instance_0005.txt,pan_liu_sd3_oa3_multi,pan_liu_sd4_oa1,0.9726277372262774,0.948905109489051,0.9806183664051684,533,130,2125
instance_0005.txt,pan_liu_sd3_oa3_multi,pan_liu_sd4_oa2,0.02823179791976226,0.39552238805970147,0.12234494477485132,38,53,432
instance_0005.txt,pan_liu_sd3_oa3_multi,pan_liu_sd4_oa3,0.7606973058637084,0.948905109489051,0.8339801638637344,480,130,1934
instance_0005.txt,pan_liu_sd3_oa3_multi,pan_liu_sd4_oa4,0.1359683794466403,0.8802816901408451,0.22900158478605387,172,125,867
instance_0005.txt,pan_liu_sd3_oa3_multi,pan_liu_sl,1.0,0.948905109489051,1.0,545,130,2160
instance_0005.txt,pan_liu_sd3_oa3_multi,pan_liu_sl_multi,1.0,1.0,1.0,545,132,2160
instance_0005.txt,pan_liu_sd3_oa3_multi,pan_liu_sl_strict,1.0,0.948905109489051,1.0,545,130,2160
instance_0005.txt,pan_liu_sd3_oa4,pan_liu_sd4_oa1,0.22351797862001943,0.9148936170212766,0.34333436436746056,230,129,1110
instance_0005.txt,pan_liu_sd3_oa4,pan_liu_sd4_oa2,0.20153846153846153,0.39705882352941174,0.24272445820433436,262,54,784
instance_0005.txt,pan_liu_sd3_oa4,pan_liu_sd4_oa3,0.27750247770069375,0.9148936170212766,0.36461636017755233,280,129,1150
instance_0005.txt,pan_liu_sd3_oa4,pan_liu_sd4_oa4,0.0,0.9014084507042254,0.0876300578034682,0,128,379
instance_0005.txt,pan_liu_sd3_oa4,pan_liu_sl,0.22040423484119345,0.9148936170212766,0.3391544117647059,229,129,1107
instance_0005.txt,pan_liu_sd3_oa4,pan_liu_sl_multi,0.22040423484119345,0.8936170212765957,0.3391544117647059,229,126,1107
instance_0005.txt,pan_liu_sd3_oa4,pan_liu_sl_strict,0.22040423484119345,0.9148936170212766,0.3391544117647059,229,129,1107
instance_0005.txt,pan_liu_sd4_oa1,pan_liu_sd4_oa2,0.029191616766467067,0.39705882352941174,0.12428571428571429,39,54,435
instance_0005.txt,pan_liu_sd4_oa1,pan_liu_sd4_oa3,0.7774193548387097,1.0,0.8482064741907261,482,135,1939
instance_0005.txt,pan_liu_sd4_oa1,pan_liu_sd4_oa4,0.13333333333333333,0.9148936170212766,0.22613997879109227,168,129,853
instance_0005.txt,pan_liu_sd4_oa1,pan_liu_sl,0.9726277372262774,1.0,0.9806183664051684,533,135,2125
instance_0005.txt,pan_liu_sd4_oa1,pan_liu_sl_multi,0.9726277372262774,0.948905109489051,0.9806183664051684,533,130,2125
instance_0005.txt,pan_liu_sd4_oa1,pan_liu_sl_strict,0.9726277372262774,1.0,0.9806183664051684,533,135,2125
instance_0005.txt,pan_liu_sd4_oa2,pan_liu_sd4_oa3,0.08830364058869093,0.39705882352941174,0.1595238095238095,114,54,536
instance_0005.txt,pan_liu_sd4_oa2,pan_liu_sd4_oa4,0.18318523581681476,0.39705882352941174,0.21872340425531914,268,54,771
instance_0005.txt,pan_liu_sd4_oa2,pan_liu_sl,0.02823179791976226,0.39705882352941174,0.12234494477485132,38,54,432
instance_0005.txt,pan_liu_sd4_oa2,pan_liu_sl_multi,0.02823179791976226,0.39552238805970147,0.12234494477485132,38,53,432
instance_0005.txt,pan_liu_sd4_oa2,pan_liu_sl_strict,0.02823179791976226,0.39705882352941174,0.12234494477485132,38,54,432
instance_0005.txt,pan_liu_sd4_oa3,pan_liu_sd4_oa4,0.12067640276710223,0.9148936170212766,0.22000532056397978,157,129,827
instance_0005.txt,pan_liu_sd4_oa3,pan_liu_sl,0.7606973058637084,1.0,0.8339801638637344,480,135,1934
instance_0005.txt,pan_liu_sd4_oa3,pan_liu_sl_multi,0.7606973058637084,0.948905109489051,0.8339801638637344,480,130,1934
instance_0005.txt,pan_liu_sd4_oa3,pan_liu_sl_strict,0.7606973058637084,1.0,0.8339801638637344,480,135,1934
instance_0005.txt,pan_liu_sd4_oa4,pan_liu_sl,0.1359683794466403,0.9148936170212766,0.22900158478605387,172,129,867
instance_0005.txt,pan_liu_sd4_oa4,pan_liu_sl_multi,0.1359683794466403,0.8802816901408451,0.22900158478605387,172,125,867
instance_0005.txt,pan_liu_sd4_oa4,pan_liu_sl_strict,0.1359683794466403,0.9148936170212766,0.22900158478605387,172,129,867
instance_0005.txt,pan_liu_sl,pan_liu_sl_multi,1.0,0.948905109489051,1.0,545,130,2160
instance_0005.txt,pan_liu_sl,pan_liu_sl_strict,1.0,1.0,1.0,545,135,2160
instance_0005.txt,pan_liu_sl_multi,pan_liu_sl_strict,1.0,0.948905109489051,1.0,545,130,2160
instance_0006.txt,pan_liu_sd1_oa1,pan_liu_sd1_oa2,0.0030248033877797943,0.2818181818181818,0.002523659305993691,15,31,8
instance_0006.txt,pan_liu_sd1_oa1,pan_liu_sd1_oa3,0.9915417147251058,1.0,0.9896765313145217,2579,88,1438
instance_0006.txt,pan_liu_sd1_oa1,pan_liu_sd1_oa4,0.31047896912229517,0.6885245901639344,0.2503987240829346,1277,84,628
instance_0006.txt,pan_liu_sd1_oa1,pan_liu_sd2_oa1,1.0,1.0,1.0,2593,88,1447
instance_0006.txt,pan_liu_sd1_oa1,pan_liu_sd2_oa2,0.0030248033877797943,0.2818181818181818,0.002523659305993691,15,31,8
instance_0006.txt,pan_liu_sd1_oa1,pan_liu_sd2_oa3,0.9915417147251058,1.0,0.9896765313145217,2579,88,1438
instance_0006.txt,pan_liu_sd1_oa1,pan_liu_sd2_oa4,0.31047896912229517,0.6885245901639344,0.2503987240829346,1277,84,628
instance_0006.txt,pan_liu_sd1_oa1,pan_liu_sd3_oa1,0.9807037457434733,1.0,0.979011509817197,2592,88,1446
instance_0006.txt,pan_liu_sd1_oa1,pan_liu_sd3_oa2,0.04633867276887872,0.5934065934065934,0.03944055944055944,243,54,141
instance_0006.txt,pan_liu_sd1_oa1,pan_liu_sd3_oa3,0.9807037457434733,1.0,0.979011509817197,2592,88,1446
instance_0006.txt,pan_liu_sd1_oa1,pan_liu_sd3_oa3_multi,0.9807037457434733,0.6813186813186813,0.979011509817197,2592,62,1446
instance_0006.txt,pan_liu_sd1_oa1,pan_liu_sd3_oa4,0.334322453016815,0.65625,0.2757920389926889,1352,84,679
instance_0006.txt,pan_liu_sd1_oa1,pan_liu_sd4_oa1,0.9825625473843821,1.0,0.9803389830508474,2592,88,1446
instance_0006.txt,pan_liu_sd1_oa1,pan_liu_sd4_oa2,0.003621001810500905,0.27927927927927926,0.0018867924528301887,18,31,6
instance_0006.txt,pan_liu_sd1_oa1,pan_liu_sd4_oa3,0.9649321266968326,1.0,0.9537843268586738,2559,88,1424
instance_0006.txt,pan_liu_sd1_oa1,pan_liu_sd4_oa4,0.07568993506493507,0.43089430894308944,0.07444545730780917,373,53,245
instance_0006.txt,pan_liu_sd1_oa1,pan_liu_sl,1.0,1.0,1.0,2593,88,1447
instance_0006.txt,pan_liu_sd1_oa1,pan_liu_sl_multi,1.0,0.6344086021505376,1.0,2593,59,1447
instance_0006.txt,pan_liu_sd1_oa1,pan_liu_sl_strict,1.0,1.0,1.0,2593,88,1447
instance_0006.txt,pan_liu_sd1_oa2,pan_liu_sd1_oa3,0.0032310177705977385,0.2818181818181818,0.002842703727100442,16,31,9
instance_0006.txt,pan_liu_sd1_oa2,pan_liu_sd1_oa4,0.08485229415461974,0.3790322580645161,0.07818411097099622,405,47,248
instance_0006.txt,pan_liu_sd1_oa2,pan_liu_sd2_oa1,0.0030248033877797943,0.2818181818181818,0.002523659305993691,15,31,8
instance_0006.txt,pan_liu_sd1_oa2,pan_liu_sd2_oa2,1.0,1.0,1.0,2381,53,1731
instance_0006.txt,pan_liu_sd1_oa2,pan_liu_sd2_oa3,0.0032310177705977385,0.2818181818181818,0.002842703727100442,16,31,9
instance_0006.txt,pan_liu_sd1_oa2,pan_liu_sd2_oa4,0.08485229415461974,0.3790322580645161,0.07818411097099622,405,47,248
instance_0006.txt,pan_liu_sd1_oa2,pan_liu_sd3_oa1,0.0027949690556997404,0.2818181818181818,0.0021875,14,31,7
instance_0006.txt,pan_liu_sd1_oa2,pan_liu_sd3_oa2,0.1843286933093848,0.25,0.20481927710843373,821,22,680
instance_0006.txt,pan_liu_sd1_oa2,pan_liu_sd3_oa3,0.0027949690556997404,0.2818181818181818,0.0021875,14,31,7
instance_0006.txt,pan_liu_sd1_oa2,pan_liu_sd3_oa3_multi,0.0027949690556997404,0.1919191919191919,0.0021875,14,19,7
instance_0006.txt,pan_liu_sd1_oa2,pan_liu_sd3_oa4,0.0773067331670823,0.3937007874015748,0.0740043900909376,372,50,236
instance_0006.txt,pan_liu_sd1_oa2,pan_liu_sd4_oa1,0.002797761790567546,0.2818181818181818,0.002188868042526579,14,31,7
instance_0006.txt,pan_liu_sd1_oa2,pan_liu_sd4_oa2,0.8859060402684564,0.9107142857142857,0.8756756756756757,2244,51,1620
instance_0006.txt,pan_liu_sd1_oa2,pan_liu_sd4_oa3,0.002607300441235459,0.2818181818181818,0.0018779342723004694,13,31,6
instance_0006.txt,pan_liu_sd1_oa2,pan_liu_sd4_oa4,0.13644484144707458,0.25892857142857145,0.145083932853717,611,29,484
instance_0006.txt,pan_liu_sd1_oa2,pan_liu_sl,0.0030248033877797943,0.2818181818181818,0.002523659305993691,15,31,8
instance_0006.txt,pan_liu_sd1_oa2,pan_liu_sl_multi,0.0030248033877797943,0.17,0.002523659305993691,15,17,8
instance_0006.txt,pan_liu_sd1_oa2,pan_liu_sl_strict,0.0030248033877797943,0.2818181818181818,0.002523659305993691,15,31,8
instance_0006.txt,pan_liu_sd1_oa3,pan_liu_sd1_oa4,0.3087019931939718,0.6885245901639344,0.24870466321243523,1270,84,624
instance_0006.txt,pan_liu_sd1_oa3,pan_liu_sd2_oa1,0.9915417147251058,1.0,0.9896765313145217,2579,88,1438
instance_0006.txt,pan_liu_sd1_oa3,pan_liu_sd2_oa2,0.0032310177705977385,0.2818181818181818,0.002842703727100442,16,31,9
instance_0006.txt,pan_liu_sd1_oa3,pan_liu_sd2_oa3,1.0,1.0,1.0,2587,88,1444
instance_0006.txt,pan_liu_sd1_oa3,pan_liu_sd2_oa4,0.3087019931939718,0.6885245901639344,0.24870466321243523,1270,84,624
instance_0006.txt,pan_liu_sd1_oa3,pan_liu_sd3_oa1,0.972463221425877,1.0,0.968981793661497,2578,88,1437
instance_0006.txt,pan_liu_sd1_oa3,pan_liu_sd3_oa2,0.04679144385026738,0.5934065934065934,0.04005602240896359,245,54,143
instance_0006.txt,pan_liu_sd1_oa3,pan_liu_sd3_oa3,0.972463221425877,1.0,0.968981793661497,2578,88,1437
instance_0006.txt,pan_liu_sd1_oa3,pan_liu_sd3_oa3_multi,0.972463221425877,0.6813186813186813,0.968981793661497,2578,62,1437
instance_0006.txt,pan_liu_sd1_oa3,pan_liu_sd3_oa4,0.33217993079584773,0.65625,0.273538961038961,1344,84,674
instance_0006.txt,pan_liu_sd1_oa3,pan_liu_sd4_oa1,0.9743008314436886,1.0,0.9702903443619176,2578,88,1437
instance_0006.txt,pan_liu_sd1_oa3,pan_liu_sd4_oa2,0.0036253776435045317,0.27927927927927926,0.0018885741265344666,18,31,6
instance_0006.txt,pan_liu_sd1_oa3,pan_liu_sd4_oa3,0.9671201814058957,1.0,0.9557046979865772,2559,88,1424
instance_0006.txt,pan_liu_sd1_oa3,pan_liu_sd4_oa4,0.07534524776604387,0.43089430894308944,0.07386018237082066,371,53,243
instance_0006.txt,pan_liu_sd1_oa3,pan_liu_sl,0.9915417147251058,1.0,0.9896765313145217,2579,88,1438
instance_0006.txt,pan_liu_sd1_oa3,pan_liu_sl_multi,0.9915417147251058,0.6344086021505376,0.9896765313145217,2579,59,1438
instance_0006.txt,pan_liu_sd1_oa3,pan_liu_sl_strict,0.9915417147251058,1.0,0.9896765313145217,2579,88,1438
instance_0006.txt,pan_liu_sd1_oa4,pan_liu_sd2_oa1,0.31047896912229517,0.6885245901639344,0.2503987240829346,1277,84,628
instance_0006.txt,pan_liu_sd1_oa4,pan_liu_sd2_oa2,0.08485229415461974,0.3790322580645161,0.07818411097099622,405,47,248
instance_0006.txt,pan_liu_sd1_oa4,pan_liu_sd2_oa3,0.3087019931939718,0.6885245901639344,0.24870466321243523,1270,84,624
instance_0006.txt,pan_liu_sd1_oa4,pan_liu_sd2_oa4,1.0,1.0,1.0,2797,118,1689
instance_0006.txt,pan_liu_sd1_oa4,pan_liu_sd3_oa1,0.31123432979749277,0.6885245901639344,0.2509881422924901,1291,84,635
instance_0006.txt,pan_liu_sd1_oa4,pan_liu_sd3_oa2,0.10978939157566303,0.4583333333333333,0.1161872532430908,563,55,412
instance_0006.txt,pan_liu_sd1_oa4,pan_liu_sd3_oa3,0.31123432979749277,0.6885245901639344,0.2509881422924901,1291,84,635
instance_0006.txt,pan_liu_sd1_oa4,pan_liu_sd3_oa3_multi,0.31123432979749277,0.464,0.2509881422924901,1291,58,635
instance_0006.txt,pan_liu_sd1_oa4,pan_liu_sd3_oa4,0.6572950577093815,0.890625,0.6406401551891368,2221,114,1321
instance_0006.txt,pan_liu_sd1_oa4,pan_liu_sd4_oa1,0.31160994448467294,0.6885245901639344,0.2511867088607595,1291,84,635
instance_0006.txt,pan_liu_sd1_oa4,pan_liu_sd4_oa2,0.08503969912244046,0.376,0.07900535096002519,407,47,251
instance_0006.txt,pan_liu_sd1_oa4,pan_liu_sd4_oa3,0.30576320231492643,0.6885245901639344,0.24615384615384617,1268,84,624
instance_0006.txt,pan_liu_sd1_oa4,pan_liu_sd4_oa4,0.0,0.4305555555555556,0.0,0,62,0
instance_0006.txt,pan_liu_sd1_oa4,pan_liu_sl,0.31047896912229517,0.6885245901639344,0.2503987240829346,1277,84,628
instance_0006.txt,pan_liu_sd1_oa4,pan_liu_sl_multi,0.31047896912229517,0.4330708661417323,0.2503987240829346,1277,55,628
instance_0006.txt,pan_liu_sd1_oa4,pan_liu_sl_strict,0.31047896912229517,0.6885245901639344,0.2503987240829346,1277,84,628
instance_0006.txt,pan_liu_sd2_oa1,pan_liu_sd2_oa2,0.0030248033877797943,0.2818181818181818,0.002523659305993691,15,31,8
instance_0006.txt,pan_liu_sd2_oa1,pan_liu_sd2_oa3,0.9915417147251058,1.0,0.9896765313145217,2579,88,1438
instance_0006.txt,pan_liu_sd2_oa1,pan_liu_sd2_oa4,0.31047896912229517,0.6885245901639344,0.2503987240829346,1277,84,628
instance_0006.txt,pan_liu_sd2_oa1,pan_liu_sd3_oa1,0.9807037457434733,1.0,0.979011509817197,2592,88,1446
instance_0006.txt,pan_liu_sd2_oa1,pan_liu_sd3_oa2,0.04633867276887872,0.5934065934065934,0.03944055944055944,243,54,141
instance_0006.txt,pan_liu_sd2_oa1,pan_liu_sd3_oa3,0.9807037457434733,1.0,0.979011509817197,2592,88,1446
instance_0006.txt,pan_liu_sd2_oa1,pan_liu_sd3_oa3_multi,0.9807037457434733,0.6813186813186813,0.979011509817197,2592,62,1446
instance_0006.txt,pan_liu_sd2_oa1,pan_liu_sd3_oa4,0.334322453016815,0.65625,0.2757920389926889,1352,84,679
instance_0006.txt,pan_liu_sd2_oa1,pan_liu_sd4_oa1,0.9825625473843821,1.0,0.9803389830508474,2592,88,1446
instance_0006.txt,pan_liu_sd2_oa1,pan_liu_sd4_oa2,0.003621001810500905,0.27927927927927926,0.0018867924528301887,18,31,6
instance_0006.txt,pan_liu_sd2_oa1,pan_liu_sd4_oa3,0.9649321266968326,1.0,0.9537843268586738,2559,88,1424
instance_0006.txt,pan_liu_sd2_oa1,pan_liu_sd4_oa4,0.07568993506493507,0.43089430894308944,0.07444545730780917,373,53,245
instance_0006.txt,pan_liu_sd2_oa1,pan_liu_sl,1.0,1.0,1.0,2593,88,1447
instance_0006.txt,pan_liu_sd2_oa1,pan_liu_sl_multi,1.0,0.6344086021505376,1.0,2593,59,1447
instance_0006.txt,pan_liu_sd2_oa1,pan_liu_sl_strict,1.0,1.0,1.0,2593,88,1447
instance_0006.txt,pan_liu_sd2_oa2,pan_liu_sd2_oa3,0.0032310177705977385,0.2818181818181818,0.002842703727100442,16,31,9
instance_0006.txt,pan_liu_sd2_oa2,pan_liu_sd2_oa4,0.08485229415461974,0.3790322580645161,0.07818411097099622,405,47,248
instance_0006.txt,pan_liu_sd2_oa2,pan_liu_sd3_oa1,0.0027949690556997404,0.2818181818181818,0.0021875,14,31,7
instance_0006.txt,pan_liu_sd2_oa2,pan_liu_sd3_oa2,0.1843286933093848,0.25,0.20481927710843373,821,22,680
instance_0006.txt,pan_liu_sd2_oa2,pan_liu_sd3_oa3,0.0027949690556997404,0.2818181818181818,0.0021875,14,31,7
instance_0006.txt,pan_liu_sd2_oa2,pan_liu_sd3_oa3_multi,0.0027949690556997404,0.1919191919191919,0.0021875,14,19,7
instance_0006.txt,pan_liu_sd2_oa2,pan_liu_sd3_oa4,0.0773067331670823,0.3937007874015748,0.0740043900909376,372,50,236
instance_0006.txt,pan_liu_sd2_oa2,pan_liu_sd4_oa1,0.002797761790567546,0.2818181818181818,0.002188868042526579,14,31,7
instance_0006.txt,pan_liu_sd2_oa2,pan_liu_sd4_oa2,0.8859060402684564,0.9107142857142857,0.8756756756756757,2244,51,1620
instance_0006.txt,pan_liu_sd2_oa2,pan_liu_sd4_oa3,0.002607300441235459,0.2818181818181818,0.0018779342723004694,13,31,6
instance_0006.txt,pan_liu_sd2_oa2,pan_liu_sd4_oa4,0.13644484144707458,0.25892857142857145,0.145083932853717,611,29,484
instance_0006.txt,pan_liu_sd2_oa2,pan_liu_sl,0.0030248033877797943,0.2818181818181818,0.002523659305993691,15,31,8
instance_0006.txt,pan_liu_sd2_oa2,pan_liu_sl_multi,0.0030248033877797943,0.17,0.002523659305993691,15,17,8
instance_0006.txt,pan_liu_sd2_oa2,pan_liu_sl_strict,0.0030248033877797943,0.2818181818181818,0.002523659305993691,15,31,8
instance_0006.txt,pan_liu_sd2_oa3,pan_liu_sd2_oa4,0.3087019931939718,0.6885245901639344,0.24870466321243523,1270,84,624
instance_0006.txt,pan_liu_sd2_oa3,pan_liu_sd3_oa1,0.972463221425877,1.0,0.968981793661497,2578,88,1437
instance_0006.txt,pan_liu_sd2_oa3,pan_liu_sd3_oa2,0.04679144385026738,0.5934065934065934,0.04005602240896359,245,54,143
instance_0006.txt,pan_liu_sd2_oa3,pan_liu_sd3_oa3,0.972463221425877,1.0,0.968981793661497,2578,88,1437
instance_0006.txt,pan_liu_sd2_oa3,pan_liu_sd3_oa3_multi,0.972463221425877,0.6813186813186813,0.968981793661497,2578,62,1437
instance_0006.txt,pan_liu_sd2_oa3,pan_liu_sd3_oa4,0.33217993079584773,0.65625,0.273538961038961,1344,84,674
instance_0006.txt,pan_liu_sd2_oa3,pan_liu_sd4_oa1,0.9743008314436886,1.0,0.9702903443619176,2578,88,1437
instance_0006.txt,pan_liu_sd2_oa3,pan_liu_sd4_oa2,0.0036253776435045317,0.27927927927927926,0.0018885741265344666,18,31,6
instance_0006.txt,pan_liu_sd2_oa3,pan_liu_sd4_oa3,0.9671201814058957,1.0,0.9557046979865772,2559,88,1424
instance_0006.txt,pan_liu_sd2_oa3,pan_liu_sd4_oa4,0.07534524776604387,0.43089430894308944,0.07386018237082066,371,53,243
instance_0006.txt,pan_liu_sd2_oa3,pan_liu_sl,0.9915417147251058,1.0,0.9896765313145217,2579,88,1438
instance_0006.txt,pan_liu_sd2_oa3,pan_liu_sl_multi,0.9915417147251058,0.6344086021505376,0.9896765313145217,2579,59,1438
instance_0006.txt,pan_liu_sd2_oa3,pan_liu_sl_strict,0.9915417147251058,1.0,0.9896765313145217,2579,88,1438
instance_0006.txt,pan_liu_sd2_oa4,pan_liu_sd3_oa1,0.31123432979749277,0.6885245901639344,0.2509881422924901,1291,84,635
instance_0006.txt,pan_liu_sd2_oa4,pan_liu_sd3_oa2,0.10978939157566303,0.4583333333333333,0.1161872532430908,563,55,412
instance_0006.txt,pan_liu_sd2_oa4,pan_liu_sd3_oa3,0.31123432979749277,0.6885245901639344,0.2509881422924901,1291,84,635
instance_0006.txt,pan_liu_sd2_oa4,pan_liu_sd3_oa3_multi,0.31123432979749277,0.464,0.2509881422924901,1291,58,635
instance_0006.txt,pan_liu_sd2_oa4,pan_liu_sd3_oa4,0.6572950577093815,0.890625,0.6406401551891368,2221,114,1321
instance_0006.txt,pan_liu_sd2_oa4,pan_liu_sd4_oa1,0.31160994448467294,0.6885245901639344,0.2511867088607595,1291,84,635
instance_0006.txt,pan_liu_sd2_oa4,pan_liu_sd4_oa2,0.08503969912244046,0.376,0.07900535096002519,407,47,251
instance_0006.txt,pan_liu_sd2_oa4,pan_liu_sd4_oa3,0.30576320231492643,0.6885245901639344,0.24615384615384617,1268,84,624
instance_0006.txt,pan_liu_sd2_oa4,pan_liu_sd4_oa4,0.0,0.4305555555555556,0.0,0,62,0
instance_0006.txt,pan_liu_sd2_oa4,pan_liu_sl,0.31047896912229517,0.6885245901639344,0.2503987240829346,1277,84,628
instance_0006.txt,pan_liu_sd2_oa4,pan_liu_sl_multi,0.31047896912229517,0.4330708661417323,0.2503987240829346,1277,55,628
instance_0006.txt,pan_liu_sd2_oa4,pan_liu_sl_strict,0.31047896912229517,0.6885245901639344,0.2503987240829346,1277,84,628
instance_0006.txt,pan_liu_sd3_oa1,pan_liu_sd3_oa2,0.04729474082482028,0.5934065934065934,0.040566824117810506,250,54,146
instance_0006.txt,pan_liu_sd3_oa1,pan_liu_sd3_oa3,1.0,1.0,1.0,2642,88,1476
instance_0006.txt,pan_liu_sd3_oa1,pan_liu_sd3_oa3_multi,1.0,0.6813186813186813,1.0,2642,62,1476
instance_0006.txt,pan_liu_sd3_oa1,pan_liu_sd3_oa4,0.33423180592991913,0.65625,0.2746280659429031,1364,84,683
instance_0006.txt,pan_liu_sd3_oa1,pan_liu_sd4_oa1,0.9973514945138101,1.0,0.997291807718348,2636,88,1473
instance_0006.txt,pan_liu_sd3_oa1,pan_liu_sd4_oa2,0.0035856573705179283,0.27927927927927926,0.001869741352446245,18,31,6
instance_0006.txt,pan_liu_sd3_oa1,pan_liu_sd4_oa3,0.9474268789337282,1.0,0.9356110381077529,2559,88,1424
instance_0006.txt,pan_liu_sd3_oa1,pan_liu_sd4_oa4,0.07754279959718026,0.43089430894308944,0.0763888888888889,385,53,253
instance_0006.txt,pan_liu_sd3_oa1,pan_liu_sl,0.9807037457434733,1.0,0.979011509817197,2592,88,1446
instance_0006.txt,pan_liu_sd3_oa1,pan_liu_sl_multi,0.9807037457434733,0.6344086021505376,0.979011509817197,2592,59,1446
instance_0006.txt,pan_liu_sd3_oa1,pan_liu_sl_strict,0.9807037457434733,1.0,0.979011509817197,2592,88,1446
instance_0006.txt,pan_liu_sd3_oa2,pan_liu_sd3_oa3,0.04729474082482028,0.5934065934065934,0.040566824117810506,250,54,146
instance_0006.txt,pan_liu_sd3_oa2,pan_liu_sd3_oa3_multi,0.04729474082482028,0.4523809523809524,0.040566824117810506,250,38,146
instance_0006.txt,pan_liu_sd3_oa2,pan_liu_sd3_oa4,0.10664335664335664,0.4365079365079365,0.11633802816901409,549,55,413
instance_0006.txt,pan_liu_sd3_oa2,pan_liu_sd4_oa1,0.04733951903048665,0.5934065934065934,0.040589380038921326,250,54,146
instance_0006.txt,pan_liu_sd3_oa2,pan_liu_sd4_oa2,0.1669975733509817,0.23333333333333334,0.18755555555555556,757,21,633
instance_0006.txt,pan_liu_sd3_oa2,pan_liu_sd4_oa3,0.055534278054385294,0.5934065934065934,0.050576004495644845,290,54,180
instance_0006.txt,pan_liu_sd3_oa2,pan_liu_sd4_oa4,0.21255411255411255,0.3425925925925926,0.2245012644001124,982,37,799
instance_0006.txt,pan_liu_sd3_oa2,pan_liu_sl,0.04633867276887872,0.5934065934065934,0.03944055944055944,243,54,141
instance_0006.txt,pan_liu_sd3_oa2,pan_liu_sl_multi,0.04633867276887872,0.4235294117647059,0.03944055944055944,243,36,141
instance_0006.txt,pan_liu_sd3_oa2,pan_liu_sl_strict,0.04633867276887872,0.5934065934065934,0.03944055944055944,243,54,141
instance_0006.txt,pan_liu_sd3_oa3,pan_liu_sd3_oa3_multi,1.0,0.6813186813186813,1.0,2642,62,1476
instance_0006.txt,pan_liu_sd3_oa3,pan_liu_sd3_oa4,0.33423180592991913,0.65625,0.2746280659429031,1364,84,683
instance_0006.txt,pan_liu_sd3_oa3,pan_liu_sd4_oa1,0.9973514945138101,1.0,0.997291807718348,2636,88,1473
instance_0006.txt,pan_liu_sd3_oa3,pan_liu_sd4_oa2,0.0035856573705179283,0.27927927927927926,0.001869741352446245,18,31,6
instance_0006.txt,pan_liu_sd3_oa3,pan_liu_sd4_oa3,0.9474268789337282,1.0,0.9356110381077529,2559,88,1424
instance_0006.txt,pan_liu_sd3_oa3,pan_liu_sd4_oa4,0.07754279959718026,0.43089430894308944,0.0763888888888889,385,53,253
instance_0006.txt,pan_liu_sd3_oa3,pan_liu_sl,0.9807037457434733,1.0,0.979011509817197,2592,88,1446
instance_0006.txt,pan_liu_sd3_oa3,pan_liu_sl_multi,0.9807037457434733,0.6344086021505376,0.979011509817197,2592,59,1446
instance_0006.txt,pan_liu_sd3_oa3,pan_liu_sl_strict,0.9807037457434733,1.0,0.979011509817197,2592,88,1446
instance_0006.txt,pan_liu_sd3_oa3_multi,pan_liu_sd3_oa4,0.33423180592991913,0.45384615384615384,0.2746280659429031,1364,59,683
instance_0006.txt,pan_liu_sd3_oa3_multi,pan_liu_sd4_oa1,0.9973514945138101,0.6813186813186813,0.997291807718348,2636,62,1473
instance_0006.txt,pan_liu_sd3_oa3_multi,pan_liu_sd4_oa2,0.0035856573705179283,0.19,0.001869741352446245,18,19,6
instance_0006.txt,pan_liu_sd3_oa3_multi,pan_liu_sd4_oa3,0.9474268789337282,0.6813186813186813,0.9356110381077529,2559,62,1424
instance_0006.txt,pan_liu_sd3_oa3_multi,pan_liu_sd4_oa4,0.07754279959718026,0.39090909090909093,0.0763888888888889,385,43,253
instance_0006.txt,pan_liu_sd3_oa3_multi,pan_liu_sl,0.9807037457434733,0.6813186813186813,0.979011509817197,2592,62,1446
instance_0006.txt,pan_liu_sd3_oa3_multi,pan_liu_sl_multi,0.9807037457434733,0.8169014084507042,0.979011509817197,2592,58,1446
instance_0006.txt,pan_liu_sd3_oa3_multi,pan_liu_sl_strict,0.9807037457434733,0.6813186813186813,0.979011509817197,2592,62,1446
instance_0006.txt,pan_liu_sd3_oa4,pan_liu_sd4_oa1,0.33464180569185475,0.65625,0.2748490945674044,1364,84,683
instance_0006.txt,pan_liu_sd3_oa4,pan_liu_sd4_oa2,0.0788545341357128,0.390625,0.0758382952052648,380,50,242
instance_0006.txt,pan_liu_sd3_oa4,pan_liu_sd4_oa3,0.329654157468727,0.65625,0.2717041800643087,1344,84,676
instance_0006.txt,pan_liu_sd3_oa4,pan_liu_sd4_oa4,0.0,0.49295774647887325,0.0,0,70,0
instance_0006.txt,pan_liu_sd3_oa4,pan_liu_sl,0.334322453016815,0.65625,0.2757920389926889,1352,84,679
instance_0006.txt,pan_liu_sd3_oa4,pan_liu_sl_multi,0.334322453016815,0.4461538461538462,0.2757920389926889,1352,58,679
instance_0006.txt,pan_liu_sd3_oa4,pan_liu_sl_strict,0.334322453016815,0.65625,0.2757920389926889,1352,84,679
instance_0006.txt,pan_liu_sd4_oa1,pan_liu_sd4_oa2,0.003789389708815317,0.27927927927927926,0.002183406113537118,19,31,7
instance_0006.txt,pan_liu_sd4_oa1,pan_liu_sd4_oa3,0.9499072356215214,1.0,0.9381171823568137,2560,88,1425
instance_0006.txt,pan_liu_sd4_oa1,pan_liu_sd4_oa4,0.07718661829907296,0.43089430894308944,0.07643504531722055,383,53,253
instance_0006.txt,pan_liu_sd4_oa1,pan_liu_sl,0.9825625473843821,1.0,0.9803389830508474,2592,88,1446
instance_0006.txt,pan_liu_sd4_oa1,pan_liu_sl_multi,0.9825625473843821,0.6344086021505376,0.9803389830508474,2592,59,1446
instance_0006.txt,pan_liu_sd4_oa1,pan_liu_sl_strict,0.9825625473843821,1.0,0.9803389830508474,2592,88,1446
instance_0006.txt,pan_liu_sd4_oa2,pan_liu_sd4_oa3,0.01109094575519258,0.27927927927927926,0.012302839116719243,55,31,39
instance_0006.txt,pan_liu_sd4_oa2,pan_liu_sd4_oa4,0.1485148514851485,0.26785714285714285,0.16,660,30,528
instance_0006.txt,pan_liu_sd4_oa2,pan_liu_sl,0.003621001810500905,0.27927927927927926,0.0018867924528301887,18,31,6
instance_0006.txt,pan_liu_sd4_oa2,pan_liu_sl_multi,0.003621001810500905,0.16831683168316833,0.0018867924528301887,18,17,6
instance_0006.txt,pan_liu_sd4_oa2,pan_liu_sl_strict,0.003621001810500905,0.27927927927927926,0.0018867924528301887,18,31,6
instance_0006.txt,pan_liu_sd4_oa3,pan_liu_sd4_oa4,0.08516707416462918,0.43089430894308944,0.08539188777066178,418,53,280
instance_0006.txt,pan_liu_sd4_oa3,pan_liu_sl,0.9649321266968326,1.0,0.9537843268586738,2559,88,1424
instance_0006.txt,pan_liu_sd4_oa3,pan_liu_sl_multi,0.9649321266968326,0.6344086021505376,0.9537843268586738,2559,59,1424
instance_0006.txt,pan_liu_sd4_oa3,pan_liu_sl_strict,0.9649321266968326,1.0,0.9537843268586738,2559,88,1424
instance_0006.txt,pan_liu_sd4_oa4,pan_liu_sl,0.07568993506493507,0.43089430894308944,0.07444545730780917,373,53,245
instance_0006.txt,pan_liu_sd4_oa4,pan_liu_sl_multi,0.07568993506493507,0.4074074074074074,0.07444545730780917,373,44,245
instance_0006.txt,pan_liu_sd4_oa4,pan_liu_sl_strict,0.07568993506493507,0.43089430894308944,0.07444545730780917,373,53,245
instance_0006.txt,pan_liu_sl,pan_liu_sl_multi,1.0,0.6344086021505376,1.0,2593,59,1447
instance_0006.txt,pan_liu_sl,pan_liu_sl_strict,1.0,1.0,1.0,2593,88,1447
instance_0006.txt,pan_liu_sl_multi,pan_liu_sl_strict,1.0,0.6344086021505376,1.0,2593,59,1447
instance_0007.txt,pan_liu_sd1_oa1,pan_liu_sd1_oa2,0.032331685051350326,0.3898305084745763,0.03178272175671771,170,46,110
instance_0007.txt,pan_liu_sd1_oa1,pan_liu_sd1_oa3,0.7890952666267226,0.8571428571428571,0.8029580152671756,2634,90,1683
instance_0007.txt,pan_liu_sd1_oa1,pan_liu_sd1_oa4,0.2449452401010952,0.6129032258064516,0.21634463097877732,1163,76,683
instance_0007.txt,pan_liu_sd1_oa1,pan_liu_sd2_oa1,1.0,1.0,1.0,2852,100,1794
instance_0007.txt,pan_liu_sd1_oa1,pan_liu_sd2_oa2,0.032331685051350326,0.3898305084745763,0.03178272175671771,170,46,110
instance_0007.txt,pan_liu_sd1_oa1,pan_liu_sd2_oa3,0.7890952666267226,0.8571428571428571,0.8029580152671756,2634,90,1683
instance_0007.txt,pan_liu_sd1_oa1,pan_liu_sd2_oa4,0.2449452401010952,0.6129032258064516,0.21634463097877732,1163,76,683
instance_0007.txt,pan_liu_sd1_oa1,pan_liu_sd3_oa1,0.9954608938547486,0.9801980198019802,0.9977740678909294,2851,99,1793
instance_0007.txt,pan_liu_sd1_oa1,pan_liu_sd3_oa2,0.13603586045605146,0.6513761467889908,0.13315508021390374,698,71,498
instance_0007.txt,pan_liu_sd1_oa1,pan_liu_sd3_oa3,0.7993371497438988,0.9245283018867925,0.8212209302325582,2653,98,1695
instance_0007.txt,pan_liu_sd1_oa1,pan_liu_sd3_oa3_multi,0.7993371497438988,0.6880733944954128,0.8212209302325582,2653,75,1695
instance_0007.txt,pan_liu_sd1_oa1,pan_liu_sd3_oa4,0.37235044747998114,0.732824427480916,0.33913674283641637,1581,96,935
instance_0007.txt,pan_liu_sd1_oa1,pan_liu_sd4_oa1,0.998249299719888,0.9801980198019802,0.9983296213808464,2851,99,1793
instance_0007.txt,pan_liu_sd1_oa1,pan_liu_sd4_oa2,0.032331685051350326,0.3898305084745763,0.03178272175671771,170,46,110
instance_0007.txt,pan_liu_sd1_oa1,pan_liu_sd4_oa3,0.7843312481382186,0.8571428571428571,0.798670465337132,2633,90,1682
instance_0007.txt,pan_liu_sd1_oa1,pan_liu_sd4_oa4,0.1789709172259508,0.5454545454545454,0.1757593630197582,880,72,596
instance_0007.txt,pan_liu_sd1_oa1,pan_liu_sl,1.0,1.0,1.0,2852,100,1794
instance_0007.txt,pan_liu_sd1_oa1,pan_liu_sl_multi,1.0,0.6574074074074074,1.0,2852,71,1794
instance_0007.txt,pan_liu_sd1_oa1,pan_liu_sl_strict,1.0,1.0,1.0,2852,100,1794
instance_0007.txt,pan_liu_sd1_oa2,pan_liu_sd1_oa3,0.016779721528025704,0.3140495867768595,0.023394994559303592,94,38,86
instance_0007.txt,pan_liu_sd1_oa2,pan_liu_sd1_oa4,0.20123641014709018,0.3898305084745763,0.18985371926548397,944,46,610
instance_0007.txt,pan_liu_sd1_oa2,pan_liu_sd2_oa1,0.032331685051350326,0.3898305084745763,0.03178272175671771,170,46,110
instance_0007.txt,pan_liu_sd1_oa2,pan_liu_sd2_oa2,1.0,1.0,1.0,2576,64,1777
instance_0007.txt,pan_liu_sd1_oa2,pan_liu_sd2_oa3,0.016779721528025704,0.3140495867768595,0.023394994559303592,94,38,86
instance_0007.txt,pan_liu_sd1_oa2,pan_liu_sd2_oa4,0.20123641014709018,0.3898305084745763,0.18985371926548397,944,46,610
instance_0007.txt,pan_liu_sd1_oa2,pan_liu_sd3_oa1,0.034423735260555345,0.3898305084745763,0.03236058942502167,181,46,112
instance_0007.txt,pan_liu_sd1_oa2,pan_liu_sd3_oa2,0.19831678895123003,0.3333333333333333,0.23133022170361728,919,36,793
instance_0007.txt,pan_liu_sd1_oa2,pan_liu_sd3_oa3,0.010108175208370278,0.3770491803278688,0.013817393660254673,57,46,51
instance_0007.txt,pan_liu_sd1_oa2,pan_liu_sd3_oa3_multi,0.010108175208370278,0.3333333333333333,0.013817393660254673,57,37,51
instance_0007.txt,pan_liu_sd1_oa2,pan_liu_sd3_oa4,0.14312191103789126,0.43609022556390975,0.13355953115360888,695,58,433
instance_0007.txt,pan_liu_sd1_oa2,pan_liu_sd4_oa1,0.03290224419931533,0.3898305084745763,0.03207165559086969,173,46,111
instance_0007.txt,pan_liu_sd1_oa2,pan_liu_sd4_oa2,1.0,1.0,1.0,2576,64,1777
instance_0007.txt,pan_liu_sd1_oa2,pan_liu_sd4_oa3,0.01745014245014245,0.3140495867768595,0.024728260869565217,98,38,91
instance_0007.txt,pan_liu_sd1_oa2,pan_liu_sd4_oa4,0.19709453599306156,0.344,0.19722557297949336,909,43,654
instance_0007.txt,pan_liu_sd1_oa2,pan_liu_sl,0.032331685051350326,0.3898305084745763,0.03178272175671771,170,46,110
instance_0007.txt,pan_liu_sd1_oa2,pan_liu_sl_multi,0.032331685051350326,0.3619047619047619,0.03178272175671771,170,38,110
instance_0007.txt,pan_liu_sd1_oa2,pan_liu_sl_strict,0.032331685051350326,0.3898305084745763,0.03178272175671771,170,46,110
instance_0007.txt,pan_liu_sd1_oa3,pan_liu_sd1_oa4,0.24201005025125627,0.56,0.22188541982418916,1204,70,732
instance_0007.txt,pan_liu_sd1_oa3,pan_liu_sd2_oa1,0.7890952666267226,0.8571428571428571,0.8029580152671756,2634,90,1683
instance_0007.txt,pan_liu_sd1_oa3,pan_liu_sd2_oa2,0.016779721528025704,0.3140495867768595,0.023394994559303592,94,38,86
instance_0007.txt,pan_liu_sd1_oa3,pan_liu_sd2_oa3,1.0,1.0,1.0,3120,95,1985
instance_0007.txt,pan_liu_sd1_oa3,pan_liu_sd2_oa4,0.24201005025125627,0.56,0.22188541982418916,1204,70,732
instance_0007.txt,pan_liu_sd1_oa3,pan_liu_sd3_oa1,0.7859701492537313,0.8571428571428571,0.8013339685564554,2633,90,1682
instance_0007.txt,pan_liu_sd1_oa3,pan_liu_sd3_oa2,0.17002494722701977,0.6666666666666666,0.1649132035770647,886,70,627
instance_0007.txt,pan_liu_sd1_oa3,pan_liu_sd3_oa3,0.9746835443037974,0.9134615384615384,0.9720419370943585,3080,95,1947
instance_0007.txt,pan_liu_sd1_oa3,pan_liu_sd3_oa3_multi,0.9746835443037974,0.6728971962616822,0.9720419370943585,3080,72,1947
instance_0007.txt,pan_liu_sd1_oa3,pan_liu_sd3_oa4,0.37182084177357644,0.6946564885496184,0.34920083391243917,1652,91,1005
instance_0007.txt,pan_liu_sd1_oa3,pan_liu_sd4_oa1,0.7878515858767206,0.8571428571428571,0.8017159199237369,2633,90,1682
instance_0007.txt,pan_liu_sd1_oa3,pan_liu_sd4_oa2,0.016779721528025704,0.3140495867768595,0.023394994559303592,94,38,86
instance_0007.txt,pan_liu_sd1_oa3,pan_liu_sd4_oa3,0.9691629955947136,1.0,0.9581692913385826,3080,95,1947
instance_0007.txt,pan_liu_sd1_oa3,pan_liu_sd4_oa4,0.20194213238208483,0.5307692307692308,0.191331622469347,1019,69,671
instance_0007.txt,pan_liu_sd1_oa3,pan_liu_sl,0.7890952666267226,0.8571428571428571,0.8029580152671756,2634,90,1683
instance_0007.txt,pan_liu_sd1_oa3,pan_liu_sl_multi,0.7890952666267226,0.5818181818181818,0.8029580152671756,2634,64,1683
instance_0007.txt,pan_liu_sd1_oa3,pan_liu_sl_strict,0.7890952666267226,0.8571428571428571,0.8029580152671756,2634,90,1683
instance_0007.txt,pan_liu_sd1_oa4,pan_liu_sd2_oa1,0.2449452401010952,0.6129032258064516,0.21634463097877732,1163,76,683
instance_0007.txt,pan_liu_sd1_oa4,pan_liu_sd2_oa2,0.20123641014709018,0.3898305084745763,0.18985371926548397,944,46,610
instance_0007.txt,pan_liu_sd1_oa4,pan_liu_sd2_oa3,0.24201005025125627,0.56,0.22188541982418916,1204,70,732
instance_0007.txt,pan_liu_sd1_oa4,pan_liu_sd2_oa4,1.0,1.0,1.0,3059,100,2046
instance_0007.txt,pan_liu_sd1_oa4,pan_liu_sd3_oa1,0.2443790712334524,0.6129032258064516,0.2162076606521051,1163,76,683
instance_0007.txt,pan_liu_sd1_oa4,pan_liu_sd3_oa2,0.2019115890083632,0.5126050420168067,0.2294633077765608,1014,61,838
instance_0007.txt,pan_liu_sd1_oa4,pan_liu_sd3_oa3,0.24151095037170986,0.6190476190476191,0.21951961082395866,1202,78,722
instance_0007.txt,pan_liu_sd1_oa4,pan_liu_sd3_oa3_multi,0.24151095037170986,0.5081967213114754,0.21951961082395866,1202,62,722
instance_0007.txt,pan_liu_sd1_oa4,pan_liu_sd3_oa4,0.2029505582137161,0.656934306569343,0.1804848847650404,1018,90,603
instance_0007.txt,pan_liu_sd1_oa4,pan_liu_sd4_oa1,0.24452861952861954,0.6129032258064516,0.21589110477999368,1162,76,682
instance_0007.txt,pan_liu_sd1_oa4,pan_liu_sd4_oa2,0.20123641014709018,0.3898305084745763,0.18985371926548397,944,46,610
instance_0007.txt,pan_liu_sd1_oa4,pan_liu_sd4_oa3,0.24462743522795743,0.56,0.22498483929654337,1218,70,742
instance_0007.txt,pan_liu_sd1_oa4,pan_liu_sd4_oa4,0.0,0.3783783783783784,0.0,0,56,0
instance_0007.txt,pan_liu_sd1_oa4,pan_liu_sl,0.2449452401010952,0.6129032258064516,0.21634463097877732,1163,76,683
instance_0007.txt,pan_liu_sd1_oa4,pan_liu_sl_multi,0.2449452401010952,0.4793388429752066,0.21634463097877732,1163,58,683
instance_0007.txt,pan_liu_sd1_oa4,pan_liu_sl_strict,0.2449452401010952,0.6129032258064516,0.21634463097877732,1163,76,683
instance_0007.txt,pan_liu_sd2_oa1,pan_liu_sd2_oa2,0.032331685051350326,0.3898305084745763,0.03178272175671771,170,46,110
instance_0007.txt,pan_liu_sd2_oa1,pan_liu_sd2_oa3,0.7890952666267226,0.8571428571428571,0.8029580152671756,2634,90,1683
instance_0007.txt,pan_liu_sd2_oa1,pan_liu_sd2_oa4,0.2449452401010952,0.6129032258064516,0.21634463097877732,1163,76,683
instance_0007.txt,pan_liu_sd2_oa1,pan_liu_sd3_oa1,0.9954608938547486,0.9801980198019802,0.9977740678909294,2851,99,1793
instance_0007.txt,pan_liu_sd2_oa1,pan_liu_sd3_oa2,0.13603586045605146,0.6513761467889908,0.13315508021390374,698,71,498
instance_0007.txt,pan_liu_sd2_oa1,pan_liu_sd3_oa3,0.7993371497438988,0.9245283018867925,0.8212209302325582,2653,98,1695
instance_0007.txt,pan_liu_sd2_oa1,pan_liu_sd3_oa3_multi,0.7993371497438988,0.6880733944954128,0.8212209302325582,2653,75,1695
instance_0007.txt,pan_liu_sd2_oa1,pan_liu_sd3_oa4,0.37235044747998114,0.732824427480916,0.33913674283641637,1581,96,935
instance_0007.txt,pan_liu_sd2_oa1,pan_liu_sd4_oa1,0.998249299719888,0.9801980198019802,0.9983296213808464,2851,99,1793
instance_0007.txt,pan_liu_sd2_oa1,pan_liu_sd4_oa2,0.032331685051350326,0.3898305084745763,0.03178272175671771,170,46,110
instance_0007.txt,pan_liu_sd2_oa1,pan_liu_sd4_oa3,0.7843312481382186,0.8571428571428571,0.798670465337132,2633,90,1682
instance_0007.txt,pan_liu_sd2_oa1,pan_liu_sd4_oa4,0.1789709172259508,0.5454545454545454,0.1757593630197582,880,72,596
instance_0007.txt,pan_liu_sd2_oa1,pan_liu_sl,1.0,1.0,1.0,2852,100,1794
instance_0007.txt,pan_liu_sd2_oa1,pan_liu_sl_multi,1.0,0.6574074074074074,1.0,2852,71,1794
instance_0007.txt,pan_liu_sd2_oa1,pan_liu_sl_strict,1.0,1.0,1.0,2852,100,1794
instance_0007.txt,pan_liu_sd2_oa2,pan_liu_sd2_oa3,0.016779721528025704,0.3140495867768595,0.023394994559303592,94,38,86
instance_0007.txt,pan_liu_sd2_oa2,pan_liu_sd2_oa4,0.20123641014709018,0.3898305084745763,0.18985371926548397,944,46,610
instance_0007.txt,pan_liu_sd2_oa2,pan_liu_sd3_oa1,0.034423735260555345,0.3898305084745763,0.03236058942502167,181,46,112
instance_0007.txt,pan_liu_sd2_oa2,pan_liu_sd3_oa2,0.19831678895123003,0.3333333333333333,0.23133022170361728,919,36,793
instance_0007.txt,pan_liu_sd2_oa2,pan_liu_sd3_oa3,0.010108175208370278,0.3770491803278688,0.013817393660254673,57,46,51
instance_0007.txt,pan_liu_sd2_oa2,pan_liu_sd3_oa3_multi,0.010108175208370278,0.3333333333333333,0.013817393660254673,57,37,51
instance_0007.txt,pan_liu_sd2_oa2,pan_liu_sd3_oa4,0.14312191103789126,0.43609022556390975,0.13355953115360888,695,58,433
instance_0007.txt,pan_liu_sd2_oa2,pan_liu_sd4_oa1,0.03290224419931533,0.3898305084745763,0.03207165559086969,173,46,111
instance_0007.txt,pan_liu_sd2_oa2,pan_liu_sd4_oa2,1.0,1.0,1.0,2576,64,1777
instance_0007.txt,pan_liu_sd2_oa2,pan_liu_sd4_oa3,0.01745014245014245,0.3140495867768595,0.024728260869565217,98,38,91
instance_0007.txt,pan_liu_sd2_oa2,pan_liu_sd4_oa4,0.19709453599306156,0.344,0.19722557297949336,909,43,654
instance_0007.txt,pan_liu_sd2_oa2,pan_liu_sl,0.032331685051350326,0.3898305084745763,0.03178272175671771,170,46,110
instance_0007.txt,pan_liu_sd2_oa2,pan_liu_sl_multi,0.032331685051350326,0.3619047619047619,0.03178272175671771,170,38,110
instance_0007.txt,pan_liu_sd2_oa2,pan_liu_sl_strict,0.032331685051350326,0.3898305084745763,0.03178272175671771,170,46,110
instance_0007.txt,pan_liu_sd2_oa3,pan_liu_sd2_oa4,0.24201005025125627,0.56,0.22188541982418916,1204,70,732
instance_0007.txt,pan_liu_sd2_oa3,pan_liu_sd3_oa1,0.7859701492537313,0.8571428571428571,0.8013339685564554,2633,90,1682
instance_0007.txt,pan_liu_sd2_oa3,pan_liu_sd3_oa2,0.17002494722701977,0.6666666666666666,0.1649132035770647,886,70,627
instance_0007.txt,pan_liu_sd2_oa3,pan_liu_sd3_oa3,0.9746835443037974,0.9134615384615384,0.9720419370943585,3080,95,1947
instance_0007.txt,pan_liu_sd2_oa3,pan_liu_sd3_oa3_multi,0.9746835443037974,0.6728971962616822,0.9720419370943585,3080,72,1947
instance_0007.txt,pan_liu_sd2_oa3,pan_liu_sd3_oa4,0.37182084177357644,0.6946564885496184,0.34920083391243917,1652,91,1005
instance_0007.txt,pan_liu_sd2_oa3,pan_liu_sd4_oa1,0.7878515858767206,0.8571428571428571,0.8017159199237369,2633,90,1682
instance_0007.txt,pan_liu_sd2_oa3,pan_liu_sd4_oa2,0.016779721528025704,0.3140495867768595,0.023394994559303592,94,38,86
instance_0007.txt,pan_liu_sd2_oa3,pan_liu_sd4_oa3,0.9691629955947136,1.0,0.9581692913385826,3080,95,1947
instance_0007.txt,pan_liu_sd2_oa3,pan_liu_sd4_oa4,0.20194213238208483,0.5307692307692308,0.191331622469347,1019,69,671
instance_0007.txt,pan_liu_sd2_oa3,pan_liu_sl,0.7890952666267226,0.8571428571428571,0.8029580152671756,2634,90,1683
instance_0007.txt,pan_liu_sd2_oa3,pan_liu_sl_multi,0.7890952666267226,0.5818181818181818,0.8029580152671756,2634,64,1683
instance_0007.txt,pan_liu_sd2_oa3,pan_liu_sl_strict,0.7890952666267226,0.8571428571428571,0.8029580152671756,2634,90,1683
instance_0007.txt,pan_liu_sd2_oa4,pan_liu_sd3_oa1,0.2443790712334524,0.6129032258064516,0.2162076606521051,1163,76,683
instance_0007.txt,pan_liu_sd2_oa4,pan_liu_sd3_oa2,0.2019115890083632,0.5126050420168067,0.2294633077765608,1014,61,838
instance_0007.txt,pan_liu_sd2_oa4,pan_liu_sd3_oa3,0.24151095037170986,0.6190476190476191,0.21951961082395866,1202,78,722
instance_0007.txt,pan_liu_sd2_oa4,pan_liu_sd3_oa3_multi,0.24151095037170986,0.5081967213114754,0.21951961082395866,1202,62,722
instance_0007.txt,pan_liu_sd2_oa4,pan_liu_sd3_oa4,0.2029505582137161,0.656934306569343,0.1804848847650404,1018,90,603
instance_0007.txt,pan_liu_sd2_oa4,pan_liu_sd4_oa1,0.24452861952861954,0.6129032258064516,0.21589110477999368,1162,76,682
instance_0007.txt,pan_liu_sd2_oa4,pan_liu_sd4_oa2,0.20123641014709018,0.3898305084745763,0.18985371926548397,944,46,610
instance_0007.txt,pan_liu_sd2_oa4,pan_liu_sd4_oa3,0.24462743522795743,0.56,0.22498483929654337,1218,70,742
instance_0007.txt,pan_liu_sd2_oa4,pan_liu_sd4_oa4,0.0,0.3783783783783784,0.0,0,56,0
instance_0007.txt,pan_liu_sd2_oa4,pan_liu_sl,0.2449452401010952,0.6129032258064516,0.21634463097877732,1163,76,683
instance_0007.txt,pan_liu_sd2_oa4,pan_liu_sl_multi,0.2449452401010952,0.4793388429752066,0.21634463097877732,1163,58,683
instance_0007.txt,pan_liu_sd2_oa4,pan_liu_sl_strict,0.2449452401010952,0.6129032258064516,0.21634463097877732,1163,76,683
instance_0007.txt,pan_liu_sd3_oa1,pan_liu_sd3_oa2,0.13552401322185495,0.6363636363636364,0.13278119155757415,697,70,497
instance_0007.txt,pan_liu_sd3_oa1,pan_liu_sd3_oa3,0.7966966966966967,0.9245283018867925,0.8204259438528557,2653,98,1695
instance_0007.txt,pan_liu_sd3_oa1,pan_liu_sd3_oa3_multi,0.7966966966966967,0.6880733944954128,0.8204259438528557,2653,75,1695
instance_0007.txt,pan_liu_sd3_oa1,pan_liu_sd3_oa4,0.37526501766784454,0.732824427480916,0.34034833091436867,1593,96,938
instance_0007.txt,pan_liu_sd3_oa1,pan_liu_sd4_oa1,0.9958115183246073,1.0,0.9972191323692993,2853,100,1793
instance_0007.txt,pan_liu_sd3_oa1,pan_liu_sd4_oa2,0.034423735260555345,0.3898305084745763,0.03236058942502167,181,46,112
instance_0007.txt,pan_liu_sd3_oa1,pan_liu_sd4_oa3,0.7817695961995249,0.8571428571428571,0.7979127134724858,2633,90,1682
instance_0007.txt,pan_liu_sd3_oa1,pan_liu_sd4_oa4,0.17904993909866018,0.5338345864661654,0.1756557618626584,882,71,596
instance_0007.txt,pan_liu_sd3_oa1,pan_liu_sl,0.9954608938547486,0.9801980198019802,0.9977740678909294,2851,99,1793
instance_0007.txt,pan_liu_sd3_oa1,pan_liu_sl_multi,0.9954608938547486,0.6728971962616822,0.9977740678909294,2851,72,1793
instance_0007.txt,pan_liu_sd3_oa1,pan_liu_sl_strict,0.9954608938547486,0.9801980198019802,0.9977740678909294,2851,99,1793
instance_0007.txt,pan_liu_sd3_oa2,pan_liu_sd3_oa3,0.1611121691106456,0.6283185840707964,0.15418848167539267,846,71,589
instance_0007.txt,pan_liu_sd3_oa2,pan_liu_sd3_oa3_multi,0.1611121691106456,0.4909090909090909,0.15418848167539267,846,54,589
instance_0007.txt,pan_liu_sd3_oa2,pan_liu_sd3_oa4,0.1643192488262911,0.6046511627906976,0.1795707688128226,840,78,661
instance_0007.txt,pan_liu_sd3_oa2,pan_liu_sd4_oa1,0.13617767387492694,0.6363636363636364,0.13342245989304813,699,70,499
instance_0007.txt,pan_liu_sd3_oa2,pan_liu_sd4_oa2,0.19831678895123003,0.3333333333333333,0.23133022170361728,919,36,793
instance_0007.txt,pan_liu_sd3_oa2,pan_liu_sd4_oa3,0.17033492822966506,0.6666666666666666,0.16605359957961113,890,70,632
instance_0007.txt,pan_liu_sd3_oa2,pan_liu_sd4_oa4,0.27054280197382535,0.4603174603174603,0.28058547362607017,1261,58,1016
instance_0007.txt,pan_liu_sd3_oa2,pan_liu_sl,0.13603586045605146,0.6513761467889908,0.13315508021390374,698,71,498
instance_0007.txt,pan_liu_sd3_oa2,pan_liu_sl_multi,0.13603586045605146,0.45871559633027525,0.13315508021390374,698,50,498
instance_0007.txt,pan_liu_sd3_oa2,pan_liu_sl_strict,0.13603586045605146,0.6513761467889908,0.13315508021390374,698,71,498
instance_0007.txt,pan_liu_sd3_oa3,pan_liu_sd3_oa3_multi,1.0,0.7247706422018348,1.0,3120,79,1965
instance_0007.txt,pan_liu_sd3_oa3,pan_liu_sd3_oa4,0.37958352195563605,0.7633587786259542,0.3582981715893108,1677,100,1019
instance_0007.txt,pan_liu_sd3_oa3,pan_liu_sd4_oa1,0.7986152919927755,0.9245283018867925,0.8208232445520581,2653,98,1695
instance_0007.txt,pan_liu_sd3_oa3,pan_liu_sd4_oa2,0.010108175208370278,0.3770491803278688,0.013817393660254673,57,46,51
instance_0007.txt,pan_liu_sd3_oa3,pan_liu_sd4_oa3,0.9778761061946902,0.9134615384615384,0.9716135458167331,3094,95,1951
instance_0007.txt,pan_liu_sd3_oa3,pan_liu_sd4_oa4,0.20408973595394084,0.5639097744360902,0.19311334289813487,1028,75,673
instance_0007.txt,pan_liu_sd3_oa3,pan_liu_sl,0.7993371497438988,0.9245283018867925,0.8212209302325582,2653,98,1695
instance_0007.txt,pan_liu_sd3_oa3,pan_liu_sl_multi,0.7993371497438988,0.6486486486486487,0.8212209302325582,2653,72,1695
instance_0007.txt,pan_liu_sd3_oa3,pan_liu_sl_strict,0.7993371497438988,0.9245283018867925,0.8212209302325582,2653,98,1695
instance_0007.txt,pan_liu_sd3_oa3_multi,pan_liu_sd3_oa4,0.37958352195563605,0.5984848484848485,0.3582981715893108,1677,79,1019
instance_0007.txt,pan_liu_sd3_oa3_multi,pan_liu_sd4_oa1,0.7986152919927755,0.6880733944954128,0.8208232445520581,2653,75,1695
instance_0007.txt,pan_liu_sd3_oa3_multi,pan_liu_sd4_oa2,0.010108175208370278,0.3333333333333333,0.013817393660254673,57,37,51
instance_0007.txt,pan_liu_sd3_oa3_multi,pan_liu_sd4_oa3,0.9778761061946902,0.6728971962616822,0.9716135458167331,3094,72,1951
instance_0007.txt,pan_liu_sd3_oa3_multi,pan_liu_sd4_oa4,0.20408973595394084,0.46875,0.19311334289813487,1028,60,673
instance_0007.txt,pan_liu_sd3_oa3_multi,pan_liu_sl,0.7993371497438988,0.6880733944954128,0.8212209302325582,2653,75,1695
instance_0007.txt,pan_liu_sd3_oa3_multi,pan_liu_sl_multi,0.7993371497438988,0.6632653061224489,0.8212209302325582,2653,65,1695
instance_0007.txt,pan_liu_sd3_oa3_multi,pan_liu_sl_strict,0.7993371497438988,0.6880733944954128,0.8212209302325582,2653,75,1695
instance_0007.txt,pan_liu_sd3_oa4,pan_liu_sd4_oa1,0.37273369437249826,0.732824427480916,0.3390137781000725,1583,96,935
instance_0007.txt,pan_liu_sd3_oa4,pan_liu_sd4_oa2,0.14312191103789126,0.43609022556390975,0.13355953115360888,695,58,433
instance_0007.txt,pan_liu_sd3_oa4,pan_liu_sd4_oa3,0.3715503702041732,0.6946564885496184,0.34904679376083186,1656,91,1007
instance_0007.txt,pan_liu_sd3_oa4,pan_liu_sd4_oa4,0.058276725062567036,0.6267605633802817,0.05546955624355005,326,89,215
instance_0007.txt,pan_liu_sd3_oa4,pan_liu_sl,0.37235044747998114,0.732824427480916,0.33913674283641637,1581,96,935
instance_0007.txt,pan_liu_sd3_oa4,pan_liu_sl_multi,0.37235044747998114,0.5725190839694656,0.33913674283641637,1581,75,935
instance_0007.txt,pan_liu_sd3_oa4,pan_liu_sl_strict,0.37235044747998114,0.732824427480916,0.33913674283641637,1581,96,935
instance_0007.txt,pan_liu_sd4_oa1,pan_liu_sd4_oa2,0.03290224419931533,0.3898305084745763,0.03207165559086969,173,46,111
instance_0007.txt,pan_liu_sd4_oa1,pan_liu_sd4_oa3,0.7846932698034544,0.8571428571428571,0.8,2635,90,1684
instance_0007.txt,pan_liu_sd4_oa1,pan_liu_sd4_oa4,0.17982099267697316,0.5338345864661654,0.17640117994100296,884,71,598
instance_0007.txt,pan_liu_sd4_oa1,pan_liu_sl,0.998249299719888,0.9801980198019802,0.9983296213808464,2851,99,1793
instance_0007.txt,pan_liu_sd4_oa1,pan_liu_sl_multi,0.998249299719888,0.6728971962616822,0.9983296213808464,2851,72,1793
instance_0007.txt,pan_liu_sd4_oa1,pan_liu_sl_strict,0.998249299719888,0.9801980198019802,0.9983296213808464,2851,99,1793
instance_0007.txt,pan_liu_sd4_oa2,pan_liu_sd4_oa3,0.01745014245014245,0.3140495867768595,0.024728260869565217,98,38,91
instance_0007.txt,pan_liu_sd4_oa2,pan_liu_sd4_oa4,0.19709453599306156,0.344,0.19722557297949336,909,43,654
instance_0007.txt,pan_liu_sd4_oa2,pan_liu_sl,0.032331685051350326,0.3898305084745763,0.03178272175671771,170,46,110
instance_0007.txt,pan_liu_sd4_oa2,pan_liu_sl_multi,0.032331685051350326,0.3619047619047619,0.03178272175671771,170,38,110
instance_0007.txt,pan_liu_sd4_oa2,pan_liu_sl_strict,0.032331685051350326,0.3898305084745763,0.03178272175671771,170,46,110
instance_0007.txt,pan_liu_sd4_oa3,pan_liu_sd4_oa4,0.2074235807860262,0.5307692307692308,0.19765446224256292,1045,69,691
instance_0007.txt,pan_liu_sd4_oa3,pan_liu_sl,0.7843312481382186,0.8571428571428571,0.798670465337132,2633,90,1682
instance_0007.txt,pan_liu_sd4_oa3,pan_liu_sl_multi,0.7843312481382186,0.5818181818181818,0.798670465337132,2633,64,1682
instance_0007.txt,pan_liu_sd4_oa3,pan_liu_sl_strict,0.7843312481382186,0.8571428571428571,0.798670465337132,2633,90,1682
instance_0007.txt,pan_liu_sd4_oa4,pan_liu_sl,0.1789709172259508,0.5454545454545454,0.1757593630197582,880,72,596
instance_0007.txt,pan_liu_sd4_oa4,pan_liu_sl_multi,0.1789709172259508,0.464,0.1757593630197582,880,58,596
instance_0007.txt,pan_liu_sd4_oa4,pan_liu_sl_strict,0.1789709172259508,0.5454545454545454,0.1757593630197582,880,72,596
instance_0007.txt,pan_liu_sl,pan_liu_sl_multi,1.0,0.6574074074074074,1.0,2852,71,1794
instance_0007.txt,pan_liu_sl,pan_liu_sl_strict,1.0,1.0,1.0,2852,100,1794
instance_0007.txt,pan_liu_sl_multi,pan_liu_sl_strict,1.0,0.6574074074074074,1.0,2852,71,1794
instance_0008.txt,pan_liu_sd1_oa1,pan_liu_sd1_oa2,0.004273504273504274,0.40625,0.07424892703862661,3,52,173
instance_0008.txt,pan_liu_sd1_oa1,pan_liu_sd1_oa3,1.0,1.0,1.0,326,127,1436
instance_0008.txt,pan_liu_sd1_oa1,pan_liu_sd1_oa4,0.13978494623655913,0.924812030075188,0.24329004329004328,91,123,562
instance_0008.txt,pan_liu_sd1_oa1,pan_liu_sd2_oa1,0.9634146341463414,0.9921875,0.9403085177733065,316,127,1402
instance_0008.txt,pan_liu_sd1_oa1,pan_liu_sd2_oa2,0.002758620689655172,0.23622047244094488,0.07139839459231094,2,30,169
instance_0008.txt,pan_liu_sd1_oa1,pan_liu_sd2_oa3,0.7005494505494505,0.953125,0.7055931161647203,255,122,1148
instance_0008.txt,pan_liu_sd1_oa1,pan_liu_sd2_oa4,0.13935681470137826,0.8686131386861314,0.2139917695473251,91,119,520
instance_0008.txt,pan_liu_sd1_oa1,pan_liu_sd3_oa1,1.0,1.0,1.0,326,127,1436
instance_0008.txt,pan_liu_sd1_oa1,pan_liu_sd3_oa2,0.09325842696629214,0.7407407407407407,0.12091388400702988,83,100,344
instance_0008.txt,pan_liu_sd1_oa1,pan_liu_sd3_oa3,1.0,1.0,1.0,326,127,1436
instance_0008.txt,pan_liu_sd1_oa1,pan_liu_sd3_oa3_multi,1.0,0.937007874015748,1.0,326,119,1436
instance_0008.txt,pan_liu_sd1_oa1,pan_liu_sd3_oa4,0.17147435897435898,0.9104477611940298,0.278341420379356,107,122,631
instance_0008.txt,pan_liu_sd1_oa1,pan_liu_sd4_oa1,0.9938837920489296,0.9921875,0.9979123173277662,325,127,1434
instance_0008.txt,pan_liu_sd1_oa1,pan_liu_sd4_oa2,0.0027816411682892906,0.25984251968503935,0.07185122569737955,2,33,170
instance_0008.txt,pan_liu_sd1_oa1,pan_liu_sd4_oa3,0.972809667673716,0.9921875,0.9868512110726644,322,127,1426
instance_0008.txt,pan_liu_sd1_oa1,pan_liu_sd4_oa4,0.05194805194805195,0.8768115942028986,0.1236998514115899,44,121,333
instance_0008.txt,pan_liu_sd1_oa1,pan_liu_sl,1.0,1.0,1.0,326,127,1436
instance_0008.txt,pan_liu_sd1_oa1,pan_liu_sl_multi,1.0,0.937007874015748,1.0,326,119,1436
instance_0008.txt,pan_liu_sd1_oa1,pan_liu_sl_strict,1.0,1.0,1.0,326,127,1436
instance_0008.txt,pan_liu_sd1_oa2,pan_liu_sd1_oa3,0.004273504273504274,0.40625,0.07424892703862661,3,52,173
instance_0008.txt,pan_liu_sd1_oa2,pan_liu_sd1_oa4,0.09203296703296704,0.4,0.13928083750568956,67,52,306
instance_0008.txt,pan_liu_sd1_oa2,pan_liu_sd2_oa1,0.005772005772005772,0.40310077519379844,0.09834638816362054,4,52,226
instance_0008.txt,pan_liu_sd1_oa2,pan_liu_sd2_oa2,0.7687074829931972,0.5660377358490566,0.801330008312552,339,30,964
instance_0008.txt,pan_liu_sd1_oa2,pan_liu_sd2_oa3,0.05329153605015674,0.408,0.14680648236415633,34,51,308
instance_0008.txt,pan_liu_sd1_oa2,pan_liu_sd2_oa4,0.09478021978021978,0.3893129770992366,0.18285976168652612,69,51,399
instance_0008.txt,pan_liu_sd1_oa2,pan_liu_sd3_oa1,0.004273504273504274,0.40625,0.07424892703862661,3,52,173
instance_0008.txt,pan_liu_sd1_oa2,pan_liu_sd3_oa2,0.030120481927710843,0.288,0.0273224043715847,30,36,75
instance_0008.txt,pan_liu_sd1_oa2,pan_liu_sd3_oa3,0.004273504273504274,0.40625,0.07424892703862661,3,52,173
instance_0008.txt,pan_liu_sd1_oa2,pan_liu_sd3_oa3_multi,0.004273504273504274,0.4214876033057851,0.07424892703862661,3,51,173
instance_0008.txt,pan_liu_sd1_oa2,pan_liu_sd3_oa4,0.08587257617728532,0.4,0.14798002723558784,62,52,326
instance_0008.txt,pan_liu_sd1_oa2,pan_liu_sd4_oa1,0.004273504273504274,0.40310077519379844,0.0742808072133963,3,52,173
instance_0008.txt,pan_liu_sd1_oa2,pan_liu_sd4_oa2,0.7793103448275862,0.5357142857142857,0.801330008312552,339,30,964
instance_0008.txt,pan_liu_sd1_oa2,pan_liu_sd4_oa3,0.004267425320056899,0.40310077519379844,0.0742808072133963,3,52,173
instance_0008.txt,pan_liu_sd1_oa2,pan_liu_sd4_oa4,0.0989522700814901,0.3805970149253731,0.11925832279814581,85,51,283
instance_0008.txt,pan_liu_sd1_oa2,pan_liu_sl,0.004273504273504274,0.40625,0.07424892703862661,3,52,173
instance_0008.txt,pan_liu_sd1_oa2,pan_liu_sl_multi,0.004273504273504274,0.4214876033057851,0.07424892703862661,3,51,173
instance_0008.txt,pan_liu_sd1_oa2,pan_liu_sl_strict,0.004273504273504274,0.40625,0.07424892703862661,3,52,173
instance_0008.txt,pan_liu_sd1_oa3,pan_liu_sd1_oa4,0.13978494623655913,0.924812030075188,0.24329004329004328,91,123,562
instance_0008.txt,pan_liu_sd1_oa3,pan_liu_sd2_oa1,0.9634146341463414,0.9921875,0.9403085177733065,316,127,1402
instance_0008.txt,pan_liu_sd1_oa3,pan_liu_sd2_oa2,0.002758620689655172,0.23622047244094488,0.07139839459231094,2,30,169
instance_0008.txt,pan_liu_sd1_oa3,pan_liu_sd2_oa3,0.7005494505494505,0.953125,0.7055931161647203,255,122,1148
instance_0008.txt,pan_liu_sd1_oa3,pan_liu_sd2_oa4,0.13935681470137826,0.8686131386861314,0.2139917695473251,91,119,520
instance_0008.txt,pan_liu_sd1_oa3,pan_liu_sd3_oa1,1.0,1.0,1.0,326,127,1436
instance_0008.txt,pan_liu_sd1_oa3,pan_liu_sd3_oa2,0.09325842696629214,0.7407407407407407,0.12091388400702988,83,100,344
instance_0008.txt,pan_liu_sd1_oa3,pan_liu_sd3_oa3,1.0,1.0,1.0,326,127,1436
instance_0008.txt,pan_liu_sd1_oa3,pan_liu_sd3_oa3_multi,1.0,0.937007874015748,1.0,326,119,1436
instance_0008.txt,pan_liu_sd1_oa3,pan_liu_sd3_oa4,0.17147435897435898,0.9104477611940298,0.278341420379356,107,122,631
instance_0008.txt,pan_liu_sd1_oa3,pan_liu_sd4_oa1,0.9938837920489296,0.9921875,0.9979123173277662,325,127,1434
instance_0008.txt,pan_liu_sd1_oa3,pan_liu_sd4_oa2,0.0027816411682892906,0.25984251968503935,0.07185122569737955,2,33,170
instance_0008.txt,pan_liu_sd1_oa3,pan_liu_sd4_oa3,0.972809667673716,0.9921875,0.9868512110726644,322,127,1426
instance_0008.txt,pan_liu_sd1_oa3,pan_liu_sd4_oa4,0.05194805194805195,0.8768115942028986,0.1236998514115899,44,121,333
instance_0008.txt,pan_liu_sd1_oa3,pan_liu_sl,1.0,1.0,1.0,326,127,1436
instance_0008.txt,pan_liu_sd1_oa3,pan_liu_sl_multi,1.0,0.937007874015748,1.0,326,119,1436
instance_0008.txt,pan_liu_sd1_oa3,pan_liu_sl_strict,1.0,1.0,1.0,326,127,1436
instance_0008.txt,pan_liu_sd1_oa4,pan_liu_sd2_oa1,0.13975155279503104,0.9323308270676691,0.24056603773584906,90,124,561
instance_0008.txt,pan_liu_sd1_oa4,pan_liu_sd2_oa2,0.09811827956989247,0.23255813953488372,0.14492099322799096,73,30,321
instance_0008.txt,pan_liu_sd1_oa4,pan_liu_sd2_oa3,0.12898089171974522,0.9090909090909091,0.21817383669885865,81,120,497
instance_0008.txt,pan_liu_sd1_oa4,pan_liu_sd2_oa4,0.0,0.8428571428571429,0.08256880733944955,0,118,225
instance_0008.txt,pan_liu_sd1_oa4,pan_liu_sd3_oa1,0.13978494623655913,0.924812030075188,0.24329004329004328,91,123,562
instance_0008.txt,pan_liu_sd1_oa4,pan_liu_sd3_oa2,0.10613943808532779,0.7426470588235294,0.130450194966324,102,101,368
instance_0008.txt,pan_liu_sd1_oa4,pan_liu_sd3_oa3,0.13978494623655913,0.924812030075188,0.24329004329004328,91,123,562
instance_0008.txt,pan_liu_sd1_oa4,pan_liu_sd3_oa3_multi,0.13978494623655913,0.8931297709923665,0.24329004329004328,91,117,562
instance_0008.txt,pan_liu_sd1_oa4,pan_liu_sd3_oa4,0.20381231671554254,0.9111111111111111,0.2891459074733096,139,123,650
instance_0008.txt,pan_liu_sd1_oa4,pan_liu_sd4_oa1,0.13978494623655913,0.9323308270676691,0.24339540926808143,91,124,562
instance_0008.txt,pan_liu_sd1_oa4,pan_liu_sd4_oa2,0.09594594594594595,0.2558139534883721,0.14388813712223725,71,33,319
instance_0008.txt,pan_liu_sd1_oa4,pan_liu_sd4_oa3,0.13782542113323124,0.9323308270676691,0.24339540926808143,90,124,562
instance_0008.txt,pan_liu_sd1_oa4,pan_liu_sd4_oa4,0.01238390092879257,0.8913043478260869,0.08267716535433071,12,123,231
instance_0008.txt,pan_liu_sd1_oa4,pan_liu_sl,0.13978494623655913,0.924812030075188,0.24329004329004328,91,123,562
instance_0008.txt,pan_liu_sd1_oa4,pan_liu_sl_multi,0.13978494623655913,0.8931297709923665,0.24329004329004328,91,117,562
instance_0008.txt,pan_liu_sd1_oa4,pan_liu_sl_strict,0.13978494623655913,0.924812030075188,0.24329004329004328,91,123,562
instance_0008.txt,pan_liu_sd2_oa1,pan_liu_sd2_oa2,0.004189944134078212,0.234375,0.09507494646680942,3,30,222
instance_0008.txt,pan_liu_sd2_oa1,pan_liu_sd2_oa3,0.7211267605633803,0.9609375,0.7529780564263323,256,123,1201
instance_0008.txt,pan_liu_sd2_oa1,pan_liu_sd2_oa4,0.1393188854489164,0.8759124087591241,0.23688592839300582,90,120,569
instance_0008.txt,pan_liu_sd2_oa1,pan_liu_sd3_oa1,0.9634146341463414,0.9921875,0.9403085177733065,316,127,1402
instance_0008.txt,pan_liu_sd2_oa1,pan_liu_sd3_oa2,0.0903954802259887,0.7481481481481481,0.11613351877607789,80,101,334
instance_0008.txt,pan_liu_sd2_oa1,pan_liu_sd3_oa3,0.9634146341463414,0.9921875,0.9403085177733065,316,127,1402
instance_0008.txt,pan_liu_sd2_oa1,pan_liu_sd3_oa3_multi,0.9634146341463414,0.9296875,0.9403085177733065,316,119,1402
instance_0008.txt,pan_liu_sd2_oa1,pan_liu_sd3_oa4,0.16990291262135923,0.917910447761194,0.2718954248366013,105,123,624
instance_0008.txt,pan_liu_sd2_oa1,pan_liu_sd4_oa1,0.9634146341463414,1.0,0.9409395973154362,316,128,1402
instance_0008.txt,pan_liu_sd2_oa1,pan_liu_sd4_oa2,0.004225352112676056,0.2578125,0.09554413024850043,3,33,223
instance_0008.txt,pan_liu_sd2_oa1,pan_liu_sd4_oa3,0.9604863221884499,1.0,0.9409395973154362,316,128,1402
instance_0008.txt,pan_liu_sd2_oa1,pan_liu_sd4_oa4,0.052443384982121574,0.8840579710144928,0.12232866617538689,44,122,332
instance_0008.txt,pan_liu_sd2_oa1,pan_liu_sl,0.9634146341463414,0.9921875,0.9403085177733065,316,127,1402
instance_0008.txt,pan_liu_sd2_oa1,pan_liu_sl_multi,0.9634146341463414,0.9296875,0.9403085177733065,316,119,1402
instance_0008.txt,pan_liu_sd2_oa1,pan_liu_sl_strict,0.9634146341463414,0.9921875,0.9403085177733065,316,127,1402
instance_0008.txt,pan_liu_sd2_oa2,pan_liu_sd2_oa3,0.04360902255639098,0.24390243902439024,0.13706293706293707,29,30,294
instance_0008.txt,pan_liu_sd2_oa2,pan_liu_sd2_oa4,0.10825439783491204,0.23255813953488372,0.19853278312700595,80,30,433
instance_0008.txt,pan_liu_sd2_oa2,pan_liu_sd3_oa1,0.002758620689655172,0.23622047244094488,0.07139839459231094,2,30,169
instance_0008.txt,pan_liu_sd2_oa2,pan_liu_sd3_oa2,0.009633911368015413,0.104,0.009554140127388535,10,13,27
instance_0008.txt,pan_liu_sd2_oa2,pan_liu_sd3_oa3,0.002758620689655172,0.23622047244094488,0.07139839459231094,2,30,169
instance_0008.txt,pan_liu_sd2_oa2,pan_liu_sd3_oa3_multi,0.002758620689655172,0.25210084033613445,0.07139839459231094,2,30,169
instance_0008.txt,pan_liu_sd2_oa2,pan_liu_sd3_oa4,0.09362279511533243,0.23255813953488372,0.16243194192377494,69,30,358
instance_0008.txt,pan_liu_sd2_oa2,pan_liu_sd4_oa1,0.002758620689655172,0.234375,0.07142857142857142,2,30,169
instance_0008.txt,pan_liu_sd2_oa2,pan_liu_sd4_oa2,0.9605911330049262,0.9090909090909091,0.9837691614066727,390,30,1091
instance_0008.txt,pan_liu_sd2_oa2,pan_liu_sd4_oa3,0.0027548209366391185,0.234375,0.07142857142857142,2,30,169
instance_0008.txt,pan_liu_sd2_oa2,pan_liu_sd4_oa4,0.1103448275862069,0.208955223880597,0.13459915611814346,96,28,319
instance_0008.txt,pan_liu_sd2_oa2,pan_liu_sl,0.002758620689655172,0.23622047244094488,0.07139839459231094,2,30,169
instance_0008.txt,pan_liu_sd2_oa2,pan_liu_sl_multi,0.002758620689655172,0.25210084033613445,0.07139839459231094,2,30,169
instance_0008.txt,pan_liu_sd2_oa2,pan_liu_sl_strict,0.002758620689655172,0.23622047244094488,0.07139839459231094,2,30,169
instance_0008.txt,pan_liu_sd2_oa3,pan_liu_sd2_oa4,0.15235008103727715,0.8394160583941606,0.2618310482087572,94,115,592
instance_0008.txt,pan_liu_sd2_oa3,pan_liu_sd3_oa1,0.7005494505494505,0.953125,0.7055931161647203,255,122,1148
instance_0008.txt,pan_liu_sd2_oa3,pan_liu_sd3_oa2,0.07428571428571429,0.7111111111111111,0.09840142095914742,65,96,277
instance_0008.txt,pan_liu_sd2_oa3,pan_liu_sd3_oa3,0.7005494505494505,0.953125,0.7055931161647203,255,122,1148
instance_0008.txt,pan_liu_sd2_oa3,pan_liu_sd3_oa3_multi,0.7005494505494505,0.9206349206349206,0.7055931161647203,255,116,1148
instance_0008.txt,pan_liu_sd2_oa3,pan_liu_sd3_oa4,0.1750841750841751,0.8947368421052632,0.26856884057971014,104,119,593
instance_0008.txt,pan_liu_sd2_oa3,pan_liu_sd4_oa1,0.7005494505494505,0.9609375,0.7060270602706027,255,123,1148
instance_0008.txt,pan_liu_sd2_oa3,pan_liu_sd4_oa2,0.04400606980273141,0.25806451612903225,0.13759328358208955,29,32,295
instance_0008.txt,pan_liu_sd2_oa3,pan_liu_sd4_oa3,0.6986301369863014,0.9609375,0.7060270602706027,255,123,1148
instance_0008.txt,pan_liu_sd2_oa3,pan_liu_sd4_oa4,0.037484885126964934,0.8478260869565217,0.10365623822088202,31,117,275
instance_0008.txt,pan_liu_sd2_oa3,pan_liu_sl,0.7005494505494505,0.953125,0.7055931161647203,255,122,1148
instance_0008.txt,pan_liu_sd2_oa3,pan_liu_sl_multi,0.7005494505494505,0.9206349206349206,0.7055931161647203,255,116,1148
instance_0008.txt,pan_liu_sd2_oa3,pan_liu_sl_strict,0.7005494505494505,0.953125,0.7055931161647203,255,122,1148
instance_0008.txt,pan_liu_sd2_oa4,pan_liu_sd3_oa1,0.13935681470137826,0.8686131386861314,0.2139917695473251,91,119,520
instance_0008.txt,pan_liu_sd2_oa4,pan_liu_sd3_oa2,0.11285266457680251,0.7426470588235294,0.12306634582330697,108,101,358
instance_0008.txt,pan_liu_sd2_oa4,pan_liu_sd3_oa3,0.13935681470137826,0.8686131386861314,0.2139917695473251,91,119,520
instance_0008.txt,pan_liu_sd2_oa4,pan_liu_sd3_oa3_multi,0.13935681470137826,0.8102189781021898,0.2139917695473251,91,111,520
instance_0008.txt,pan_liu_sd2_oa4,pan_liu_sd3_oa4,0.05377720870678617,0.8695652173913043,0.1230188679245283,42,120,326
instance_0008.txt,pan_liu_sd2_oa4,pan_liu_sd4_oa1,0.13761467889908258,0.8759124087591241,0.2130810366104484,90,120,518
instance_0008.txt,pan_liu_sd2_oa4,pan_liu_sd4_oa2,0.10914051841746249,0.24615384615384617,0.19798350137488543,80,32,432
instance_0008.txt,pan_liu_sd2_oa4,pan_liu_sd4_oa3,0.13567073170731708,0.8759124087591241,0.2120838471023428,89,120,516
instance_0008.txt,pan_liu_sd2_oa4,pan_liu_sd4_oa4,0.0,0.8642857142857143,0.04831081081081081,0,121,143
instance_0008.txt,pan_liu_sd2_oa4,pan_liu_sl,0.13935681470137826,0.8686131386861314,0.2139917695473251,91,119,520
instance_0008.txt,pan_liu_sd2_oa4,pan_liu_sl_multi,0.13935681470137826,0.8102189781021898,0.2139917695473251,91,111,520
instance_0008.txt,pan_liu_sd2_oa4,pan_liu_sl_strict,0.13935681470137826,0.8686131386861314,0.2139917695473251,91,119,520
instance_0008.txt,pan_liu_sd3_oa1,pan_liu_sd3_oa2,0.09325842696629214,0.7407407407407407,0.12091388400702988,83,100,344
instance_0008.txt,pan_liu_sd3_oa1,pan_liu_sd3_oa3,1.0,1.0,1.0,326,127,1436
instance_0008.txt,pan_liu_sd3_oa1,pan_liu_sd3_oa3_multi,1.0,0.937007874015748,1.0,326,119,1436
instance_0008.txt,pan_liu_sd3_oa1,pan_liu_sd3_oa4,0.17147435897435898,0.9104477611940298,0.278341420379356,107,122,631
instance_0008.txt,pan_liu_sd3_oa1,pan_liu_sd4_oa1,0.9938837920489296,0.9921875,0.9979123173277662,325,127,1434
instance_0008.txt,pan_liu_sd3_oa1,pan_liu_sd4_oa2,0.0027816411682892906,0.25984251968503935,0.07185122569737955,2,33,170
instance_0008.txt,pan_liu_sd3_oa1,pan_liu_sd4_oa3,0.972809667673716,0.9921875,0.9868512110726644,322,127,1426
instance_0008.txt,pan_liu_sd3_oa1,pan_liu_sd4_oa4,0.05194805194805195,0.8768115942028986,0.1236998514115899,44,121,333
instance_0008.txt,pan_liu_sd3_oa1,pan_liu_sl,1.0,1.0,1.0,326,127,1436
instance_0008.txt,pan_liu_sd3_oa1,pan_liu_sl_multi,1.0,0.937007874015748,1.0,326,119,1436
instance_0008.txt,pan_liu_sd3_oa1,pan_liu_sl_strict,1.0,1.0,1.0,326,127,1436
instance_0008.txt,pan_liu_sd3_oa2,pan_liu_sd3_oa3,0.09325842696629214,0.7407407407407407,0.12091388400702988,83,100,344
instance_0008.txt,pan_liu_sd3_oa2,pan_liu_sd3_oa3_multi,0.09325842696629214,0.6940298507462687,0.12091388400702988,83,93,344
instance_0008.txt,pan_liu_sd3_oa2,pan_liu_sd3_oa4,0.10272536687631027,0.7555555555555555,0.12451906260930395,98,102,356
instance_0008.txt,pan_liu_sd3_oa2,pan_liu_sd4_oa1,0.0920314253647587,0.7481481481481481,0.12016865776528461,82,101,342
instance_0008.txt,pan_liu_sd3_oa2,pan_liu_sd4_oa2,0.01066925315227934,0.11904761904761904,0.010269121813031162,11,15,29
instance_0008.txt,pan_liu_sd3_oa2,pan_liu_sd4_oa3,0.09684684684684684,0.7481481481481481,0.12332628611698379,86,101,350
instance_0008.txt,pan_liu_sd3_oa2,pan_liu_sd4_oa4,0.20118929633300298,0.7391304347826086,0.20432432432432432,203,102,567
instance_0008.txt,pan_liu_sd3_oa2,pan_liu_sl,0.09325842696629214,0.7407407407407407,0.12091388400702988,83,100,344
instance_0008.txt,pan_liu_sd3_oa2,pan_liu_sl_multi,0.09325842696629214,0.6940298507462687,0.12091388400702988,83,93,344
instance_0008.txt,pan_liu_sd3_oa2,pan_liu_sl_strict,0.09325842696629214,0.7407407407407407,0.12091388400702988,83,100,344
instance_0008.txt,pan_liu_sd3_oa3,pan_liu_sd3_oa3_multi,1.0,0.937007874015748,1.0,326,119,1436
instance_0008.txt,pan_liu_sd3_oa3,pan_liu_sd3_oa4,0.17147435897435898,0.9104477611940298,0.278341420379356,107,122,631
instance_0008.txt,pan_liu_sd3_oa3,pan_liu_sd4_oa1,0.9938837920489296,0.9921875,0.9979123173277662,325,127,1434
instance_0008.txt,pan_liu_sd3_oa3,pan_liu_sd4_oa2,0.0027816411682892906,0.25984251968503935,0.07185122569737955,2,33,170
instance_0008.txt,pan_liu_sd3_oa3,pan_liu_sd4_oa3,0.972809667673716,0.9921875,0.9868512110726644,322,127,1426
instance_0008.txt,pan_liu_sd3_oa3,pan_liu_sd4_oa4,0.05194805194805195,0.8768115942028986,0.1236998514115899,44,121,333
instance_0008.txt,pan_liu_sd3_oa3,pan_liu_sl,1.0,1.0,1.0,326,127,1436
instance_0008.txt,pan_liu_sd3_oa3,pan_liu_sl_multi,1.0,0.937007874015748,1.0,326,119,1436
instance_0008.txt,pan_liu_sd3_oa3,pan_liu_sl_strict,1.0,1.0,1.0,326,127,1436
instance_0008.txt,pan_liu_sd3_oa3_multi,pan_liu_sd3_oa4,0.17147435897435898,0.8646616541353384,0.278341420379356,107,115,631
instance_0008.txt,pan_liu_sd3_oa3_multi,pan_liu_sd4_oa1,0.9938837920489296,0.9296875,0.9979123173277662,325,119,1434
instance_0008.txt,pan_liu_sd3_oa3_multi,pan_liu_sd4_oa2,0.0027816411682892906,0.26666666666666666,0.07185122569737955,2,32,170
instance_0008.txt,pan_liu_sd3_oa3_multi,pan_liu_sd4_oa3,0.972809667673716,0.9296875,0.9868512110726644,322,119,1426
instance_0008.txt,pan_liu_sd3_oa3_multi,pan_liu_sd4_oa4,0.05194805194805195,0.8455882352941176,0.1236998514115899,44,115,333
instance_0008.txt,pan_liu_sd3_oa3_multi,pan_liu_sl,1.0,0.937007874015748,1.0,326,119,1436
instance_0008.txt,pan_liu_sd3_oa3_multi,pan_liu_sl_multi,1.0,1.0,1.0,326,119,1436
instance_0008.txt,pan_liu_sd3_oa3_multi,pan_liu_sl_strict,1.0,0.937007874015748,1.0,326,119,1436
instance_0008.txt,pan_liu_sd3_oa4,pan_liu_sd4_oa1,0.17147435897435898,0.917910447761194,0.27846425419240955,107,123,631
instance_0008.txt,pan_liu_sd3_oa4,pan_liu_sd4_oa2,0.09289617486338798,0.2558139534883721,0.16085183507023107,68,33,355
instance_0008.txt,pan_liu_sd3_oa4,pan_liu_sd4_oa3,0.17495987158908508,0.917910447761194,0.2801590808661069,109,123,634
instance_0008.txt,pan_liu_sd3_oa4,pan_liu_sd4_oa4,0.0,0.8913043478260869,0.0675297410776767,0,123,193
instance_0008.txt,pan_liu_sd3_oa4,pan_liu_sl,0.17147435897435898,0.9104477611940298,0.278341420379356,107,122,631
instance_0008.txt,pan_liu_sd3_oa4,pan_liu_sl_multi,0.17147435897435898,0.8646616541353384,0.278341420379356,107,115,631
instance_0008.txt,pan_liu_sd3_oa4,pan_liu_sl_strict,0.17147435897435898,0.9104477611940298,0.278341420379356,107,122,631
instance_0008.txt,pan_liu_sd4_oa1,pan_liu_sd4_oa2,0.004178272980501393,0.2578125,0.07233502538071065,3,33,171
instance_0008.txt,pan_liu_sd4_oa1,pan_liu_sd4_oa3,0.9787878787878788,1.0,0.988911988911989,323,128,1427
instance_0008.txt,pan_liu_sd4_oa1,pan_liu_sd4_oa4,0.05319148936170213,0.8840579710144928,0.12374581939799331,45,122,333
instance_0008.txt,pan_liu_sd4_oa1,pan_liu_sl,0.9938837920489296,0.9921875,0.9979123173277662,325,127,1434
instance_0008.txt,pan_liu_sd4_oa1,pan_liu_sl_multi,0.9938837920489296,0.9296875,0.9979123173277662,325,119,1434
instance_0008.txt,pan_liu_sd4_oa1,pan_liu_sl_strict,0.9938837920489296,0.9921875,0.9979123173277662,325,127,1434
instance_0008.txt,pan_liu_sd4_oa2,pan_liu_sd4_oa3,0.005571030640668524,0.2578125,0.07324301439458086,4,33,173
instance_0008.txt,pan_liu_sd4_oa2,pan_liu_sd4_oa4,0.10726643598615918,0.23134328358208955,0.13555743243243243,93,31,321
instance_0008.txt,pan_liu_sd4_oa2,pan_liu_sl,0.0027816411682892906,0.25984251968503935,0.07185122569737955,2,33,170
instance_0008.txt,pan_liu_sd4_oa2,pan_liu_sl_multi,0.0027816411682892906,0.26666666666666666,0.07185122569737955,2,32,170
instance_0008.txt,pan_liu_sd4_oa2,pan_liu_sl_strict,0.0027816411682892906,0.25984251968503935,0.07185122569737955,2,33,170
instance_0008.txt,pan_liu_sd4_oa3,pan_liu_sd4_oa4,0.05562130177514793,0.8840579710144928,0.12541868254558988,47,122,337
instance_0008.txt,pan_liu_sd4_oa3,pan_liu_sl,0.972809667673716,0.9921875,0.9868512110726644,322,127,1426
instance_0008.txt,pan_liu_sd4_oa3,pan_liu_sl_multi,0.972809667673716,0.9296875,0.9868512110726644,322,119,1426
instance_0008.txt,pan_liu_sd4_oa3,pan_liu_sl_strict,0.972809667673716,0.9921875,0.9868512110726644,322,127,1426
instance_0008.txt,pan_liu_sd4_oa4,pan_liu_sl,0.05194805194805195,0.8768115942028986,0.1236998514115899,44,121,333
instance_0008.txt,pan_liu_sd4_oa4,pan_liu_sl_multi,0.05194805194805195,0.8455882352941176,0.1236998514115899,44,115,333
instance_0008.txt,pan_liu_sd4_oa4,pan_liu_sl_strict,0.05194805194805195,0.8768115942028986,0.1236998514115899,44,121,333
instance_0008.txt,pan_liu_sl,pan_liu_sl_multi,1.0,0.937007874015748,1.0,326,119,1436
instance_0008.txt,pan_liu_sl,pan_liu_sl_strict,1.0,1.0,1.0,326,127,1436
instance_0008.txt,pan_liu_sl_multi,pan_liu_sl_strict,1.0,0.937007874015748,1.0,326,119,1436
instance_0009.txt,pan_liu_sd1_oa1,pan_liu_sd1_oa2,0.5483870967741935,0.6610169491525424,0.7142857142857143,17,39,90
instance_0009.txt,pan_liu_sd1_oa1,pan_liu_sd1_oa3,1.0,1.0,1.0,22,46,105
instance_0009.txt,pan_liu_sd1_oa1,pan_liu_sd1_oa4,0.2727272727272727,0.4358974358974359,0.45625,12,34,73
instance_0009.txt,pan_liu_sd1_oa1,pan_liu_sd2_oa1,1.0,1.0,1.0,22,46,105
instance_0009.txt,pan_liu_sd1_oa1,pan_liu_sd2_oa2,0.5483870967741935,0.6610169491525424,0.7142857142857143,17,39,90
instance_0009.txt,pan_liu_sd1_oa1,pan_liu_sd2_oa3,1.0,1.0,1.0,22,46,105
instance_0009.txt,pan_liu_sd1_oa1,pan_liu_sd2_oa4,0.2727272727272727,0.4358974358974359,0.45625,12,34,73
instance_0009.txt,pan_liu_sd1_oa1,pan_liu_sd3_oa1,0.1111111111111111,0.23157894736842105,0.23783783783783785,6,22,44
instance_0009.txt,pan_liu_sd1_oa1,pan_liu_sd3_oa2,0.15625,0.1834862385321101,0.16019417475728157,10,20,33
instance_0009.txt,pan_liu_sd1_oa1,pan_liu_sd3_oa3,0.10714285714285714,0.21,0.23036649214659685,6,21,44
instance_0009.txt,pan_liu_sd1_oa1,pan_liu_sd3_oa3_multi,0.10714285714285714,0.17708333333333334,0.23036649214659685,6,17,44
instance_0009.txt,pan_liu_sd1_oa1,pan_liu_sd3_oa4,0.2727272727272727,0.4358974358974359,0.45625,12,34,73
instance_0009.txt,pan_liu_sd1_oa1,pan_liu_sd4_oa1,0.7916666666666666,0.9361702127659575,0.9090909090909091,19,44,100
instance_0009.txt,pan_liu_sd1_oa1,pan_liu_sd4_oa2,0.2727272727272727,0.2631578947368421,0.24043715846994534,15,25,44
instance_0009.txt,pan_liu_sd1_oa1,pan_liu_sd4_oa3,0.6666666666666666,0.8235294117647058,0.8220338983050848,18,42,97
instance_0009.txt,pan_liu_sd1_oa1,pan_liu_sd4_oa4,0.28888888888888886,0.3488372093023256,0.39759036144578314,13,30,66
instance_0009.txt,pan_liu_sd1_oa1,pan_liu_sl,1.0,1.0,1.0,22,46,105
instance_0009.txt,pan_liu_sd1_oa1,pan_liu_sl_multi,1.0,0.78,1.0,22,39,105
instance_0009.txt,pan_liu_sd1_oa1,pan_liu_sl_strict,1.0,1.0,1.0,22,46,105
instance_0009.txt,pan_liu_sd1_oa2,pan_liu_sd1_oa3,0.5483870967741935,0.6610169491525424,0.7142857142857143,17,39,90
instance_0009.txt,pan_liu_sd1_oa2,pan_liu_sd1_oa4,0.3333333333333333,0.5324675324675324,0.5126582278481012,15,41,81
instance_0009.txt,pan_liu_sd1_oa2,pan_liu_sd2_oa1,0.5483870967741935,0.6610169491525424,0.7142857142857143,17,39,90
instance_0009.txt,pan_liu_sd1_oa2,pan_liu_sd2_oa2,1.0,1.0,1.0,26,52,111
instance_0009.txt,pan_liu_sd1_oa2,pan_liu_sd2_oa3,0.5483870967741935,0.6610169491525424,0.7142857142857143,17,39,90
instance_0009.txt,pan_liu_sd1_oa2,pan_liu_sd2_oa4,0.3333333333333333,0.5324675324675324,0.5126582278481012,15,41,81
instance_0009.txt,pan_liu_sd1_oa2,pan_liu_sd3_oa1,0.10344827586206896,0.21782178217821782,0.23036649214659685,6,22,44
instance_0009.txt,pan_liu_sd1_oa2,pan_liu_sd3_oa2,0.23809523809523808,0.27358490566037735,0.23115577889447236,15,29,46
instance_0009.txt,pan_liu_sd1_oa2,pan_liu_sd3_oa3,0.1,0.19811320754716982,0.2233502538071066,6,21,44
instance_0009.txt,pan_liu_sd1_oa2,pan_liu_sd3_oa3_multi,0.1,0.19,0.2233502538071066,6,19,44
instance_0009.txt,pan_liu_sd1_oa2,pan_liu_sd3_oa4,0.3333333333333333,0.5324675324675324,0.5126582278481012,15,41,81
instance_0009.txt,pan_liu_sd1_oa2,pan_liu_sd4_oa1,0.6206896551724138,0.7017543859649122,0.7560975609756098,18,40,93
instance_0009.txt,pan_liu_sd1_oa2,pan_liu_sd4_oa2,0.37037037037037035,0.38461538461538464,0.32386363636363635,20,35,57
instance_0009.txt,pan_liu_sd1_oa2,pan_liu_sd4_oa3,0.75,0.7368421052631579,0.8264462809917356,21,42,100
instance_0009.txt,pan_liu_sd1_oa2,pan_liu_sd4_oa4,0.3191489361702128,0.3707865168539326,0.391812865497076,15,33,67
instance_0009.txt,pan_liu_sd1_oa2,pan_liu_sl,0.5483870967741935,0.6610169491525424,0.7142857142857143,17,39,90
instance_0009.txt,pan_liu_sd1_oa2,pan_liu_sl_multi,0.5483870967741935,0.6101694915254238,0.7142857142857143,17,36,90
instance_0009.txt,pan_liu_sd1_oa2,pan_liu_sl_strict,0.5483870967741935,0.6610169491525424,0.7142857142857143,17,39,90
instance_0009.txt,pan_liu_sd1_oa3,pan_liu_sd1_oa4,0.2727272727272727,0.4358974358974359,0.45625,12,34,73
instance_0009.txt,pan_liu_sd1_oa3,pan_liu_sd2_oa1,1.0,1.0,1.0,22,46,105
instance_0009.txt,pan_liu_sd1_oa3,pan_liu_sd2_oa2,0.5483870967741935,0.6610169491525424,0.7142857142857143,17,39,90
instance_0009.txt,pan_liu_sd1_oa3,pan_liu_sd2_oa3,1.0,1.0,1.0,22,46,105
instance_0009.txt,pan_liu_sd1_oa3,pan_liu_sd2_oa4,0.2727272727272727,0.4358974358974359,0.45625,12,34,73
instance_0009.txt,pan_liu_sd1_oa3,pan_liu_sd3_oa1,0.1111111111111111,0.23157894736842105,0.23783783783783785,6,22,44
instance_0009.txt,pan_liu_sd1_oa3,pan_liu_sd3_oa2,0.15625,0.1834862385321101,0.16019417475728157,10,20,33
instance_0009.txt,pan_liu_sd1_oa3,pan_liu_sd3_oa3,0.10714285714285714,0.21,0.23036649214659685,6,21,44
instance_0009.txt,pan_liu_sd1_oa3,pan_liu_sd3_oa3_multi,0.10714285714285714,0.17708333333333334,0.23036649214659685,6,17,44
instance_0009.txt,pan_liu_sd1_oa3,pan_liu_sd3_oa4,0.2727272727272727,0.4358974358974359,0.45625,12,34,73
instance_0009.txt,pan_liu_sd1_oa3,pan_liu_sd4_oa1,0.7916666666666666,0.9361702127659575,0.9090909090909091,19,44,100
instance_0009.txt,pan_liu_sd1_oa3,pan_liu_sd4_oa2,0.2727272727272727,0.2631578947368421,0.24043715846994534,15,25,44
instance_0009.txt,pan_liu_sd1_oa3,pan_liu_sd4_oa3,0.6666666666666666,0.8235294117647058,0.8220338983050848,18,42,97
instance_0009.txt,pan_liu_sd1_oa3,pan_liu_sd4_oa4,0.28888888888888886,0.3488372093023256,0.39759036144578314,13,30,66
instance_0009.txt,pan_liu_sd1_oa3,pan_liu_sl,1.0,1.0,1.0,22,46,105
instance_0009.txt,pan_liu_sd1_oa3,pan_liu_sl_multi,1.0,0.78,1.0,22,39,105
instance_0009.txt,pan_liu_sd1_oa3,pan_liu_sl_strict,1.0,1.0,1.0,22,46,105
instance_0009.txt,pan_liu_sd1_oa4,pan_liu_sd2_oa1,0.2727272727272727,0.4358974358974359,0.45625,12,34,73
instance_0009.txt,pan_liu_sd1_oa4,pan_liu_sd2_oa2,0.3333333333333333,0.5324675324675324,0.5126582278481012,15,41,81
instance_0009.txt,pan_liu_sd1_oa4,pan_liu_sd2_oa3,0.2727272727272727,0.4358974358974359,0.45625,12,34,73
instance_0009.txt,pan_liu_sd1_oa4,pan_liu_sd2_oa4,1.0,1.0,1.0,34,66,128
instance_0009.txt,pan_liu_sd1_oa4,pan_liu_sd3_oa1,0.3584905660377358,0.37,0.423728813559322,19,37,75
instance_0009.txt,pan_liu_sd1_oa4,pan_liu_sd3_oa2,0.34375,0.27350427350427353,0.29064039408866993,22,32,59
instance_0009.txt,pan_liu_sd1_oa4,pan_liu_sd3_oa3,0.39622641509433965,0.34285714285714286,0.4659090909090909,21,36,82
instance_0009.txt,pan_liu_sd1_oa4,pan_liu_sd3_oa3_multi,0.39622641509433965,0.27884615384615385,0.4659090909090909,21,29,82
instance_0009.txt,pan_liu_sd1_oa4,pan_liu_sd3_oa4,1.0,1.0,1.0,34,66,128
instance_0009.txt,pan_liu_sd1_oa4,pan_liu_sd4_oa1,0.27906976744186046,0.4605263157894737,0.46540880503144655,12,35,74
instance_0009.txt,pan_liu_sd1_oa4,pan_liu_sd4_oa2,0.3225806451612903,0.32075471698113206,0.26903553299492383,20,34,53
instance_0009.txt,pan_liu_sd1_oa4,pan_liu_sd4_oa3,0.29545454545454547,0.4675324675324675,0.4691358024691358,13,36,76
instance_0009.txt,pan_liu_sd1_oa4,pan_liu_sd4_oa4,0.4583333333333333,0.3877551020408163,0.45714285714285713,22,38,80
instance_0009.txt,pan_liu_sd1_oa4,pan_liu_sl,0.2727272727272727,0.4358974358974359,0.45625,12,34,73
instance_0009.txt,pan_liu_sd1_oa4,pan_liu_sl_multi,0.2727272727272727,0.3974358974358974,0.45625,12,31,73
instance_0009.txt,pan_liu_sd1_oa4,pan_liu_sl_strict,0.2727272727272727,0.4358974358974359,0.45625,12,34,73
instance_0009.txt,pan_liu_sd2_oa1,pan_liu_sd2_oa2,0.5483870967741935,0.6610169491525424,0.7142857142857143,17,39,90
instance_0009.txt,pan_liu_sd2_oa1,pan_liu_sd2_oa3,1.0,1.0,1.0,22,46,105
instance_0009.txt,pan_liu_sd2_oa1,pan_liu_sd2_oa4,0.2727272727272727,0.4358974358974359,0.45625,12,34,73
instance_0009.txt,pan_liu_sd2_oa1,pan_liu_sd3_oa1,0.1111111111111111,0.23157894736842105,0.23783783783783785,6,22,44
instance_0009.txt,pan_liu_sd2_oa1,pan_liu_sd3_oa2,0.15625,0.1834862385321101,0.16019417475728157,10,20,33
instance_0009.txt,pan_liu_sd2_oa1,pan_liu_sd3_oa3,0.10714285714285714,0.21,0.23036649214659685,6,21,44
instance_0009.txt,pan_liu_sd2_oa1,pan_liu_sd3_oa3_multi,0.10714285714285714,0.17708333333333334,0.23036649214659685,6,17,44
instance_0009.txt,pan_liu_sd2_oa1,pan_liu_sd3_oa4,0.2727272727272727,0.4358974358974359,0.45625,12,34,73
instance_0009.txt,pan_liu_sd2_oa1,pan_liu_sd4_oa1,0.7916666666666666,0.9361702127659575,0.9090909090909091,19,44,100
instance_0009.txt,pan_liu_sd2_oa1,pan_liu_sd4_oa2,0.2727272727272727,0.2631578947368421,0.24043715846994534,15,25,44
instance_0009.txt,pan_liu_sd2_oa1,pan_liu_sd4_oa3,0.6666666666666666,0.8235294117647058,0.8220338983050848,18,42,97
instance_0009.txt,pan_liu_sd2_oa1,pan_liu_sd4_oa4,0.28888888888888886,0.3488372093023256,0.39759036144578314,13,30,66
instance_0009.txt,pan_liu_sd2_oa1,pan_liu_sl,1.0,1.0,1.0,22,46,105
instance_0009.txt,pan_liu_sd2_oa1,pan_liu_sl_multi,1.0,0.78,1.0,22,39,105
instance_0009.txt,pan_liu_sd2_oa1,pan_liu_sl_strict,1.0,1.0,1.0,22,46,105
instance_0009.txt,pan_liu_sd2_oa2,pan_liu_sd2_oa3,0.5483870967741935,0.6610169491525424,0.7142857142857143,17,39,90
instance_0009.txt,pan_liu_sd2_oa2,pan_liu_sd2_oa4,0.3333333333333333,0.5324675324675324,0.5126582278481012,15,41,81
instance_0009.txt,pan_liu_sd2_oa2,pan_liu_sd3_oa1,0.10344827586206896,0.21782178217821782,0.23036649214659685,6,22,44
instance_0009.txt,pan_liu_sd2_oa2,pan_liu_sd3_oa2,0.23809523809523808,0.27358490566037735,0.23115577889447236,15,29,46
instance_0009.txt,pan_liu_sd2_oa2,pan_liu_sd3_oa3,0.1,0.19811320754716982,0.2233502538071066,6,21,44
instance_0009.txt,pan_liu_sd2_oa2,pan_liu_sd3_oa3_multi,0.1,0.19,0.2233502538071066,6,19,44
instance_0009.txt,pan_liu_sd2_oa2,pan_liu_sd3_oa4,0.3333333333333333,0.5324675324675324,0.5126582278481012,15,41,81
instance_0009.txt,pan_liu_sd2_oa2,pan_liu_sd4_oa1,0.6206896551724138,0.7017543859649122,0.7560975609756098,18,40,93
instance_0009.txt,pan_liu_sd2_oa2,pan_liu_sd4_oa2,0.37037037037037035,0.38461538461538464,0.32386363636363635,20,35,57
instance_0009.txt,pan_liu_sd2_oa2,pan_liu_sd4_oa3,0.75,0.7368421052631579,0.8264462809917356,21,42,100
instance_0009.txt,pan_liu_sd2_oa2,pan_liu_sd4_oa4,0.3191489361702128,0.3707865168539326,0.391812865497076,15,33,67
instance_0009.txt,pan_liu_sd2_oa2,pan_liu_sl,0.5483870967741935,0.6610169491525424,0.7142857142857143,17,39,90
instance_0009.txt,pan_liu_sd2_oa2,pan_liu_sl_multi,0.5483870967741935,0.6101694915254238,0.7142857142857143,17,36,90
instance_0009.txt,pan_liu_sd2_oa2,pan_liu_sl_strict,0.5483870967741935,0.6610169491525424,0.7142857142857143,17,39,90
instance_0009.txt,pan_liu_sd2_oa3,pan_liu_sd2_oa4,0.2727272727272727,0.4358974358974359,0.45625,12,34,73
instance_0009.txt,pan_liu_sd2_oa3,pan_liu_sd3_oa1,0.1111111111111111,0.23157894736842105,0.23783783783783785,6,22,44
instance_0009.txt,pan_liu_sd2_oa3,pan_liu_sd3_oa2,0.15625,0.1834862385321101,0.16019417475728157,10,20,33
instance_0009.txt,pan_liu_sd2_oa3,pan_liu_sd3_oa3,0.10714285714285714,0.21,0.23036649214659685,6,21,44
instance_0009.txt,pan_liu_sd2_oa3,pan_liu_sd3_oa3_multi,0.10714285714285714,0.17708333333333334,0.23036649214659685,6,17,44
instance_0009.txt,pan_liu_sd2_oa3,pan_liu_sd3_oa4,0.2727272727272727,0.4358974358974359,0.45625,12,34,73
instance_0009.txt,pan_liu_sd2_oa3,pan_liu_sd4_oa1,0.7916666666666666,0.9361702127659575,0.9090909090909091,19,44,100
instance_0009.txt,pan_liu_sd2_oa3,pan_liu_sd4_oa2,0.2727272727272727,0.2631578947368421,0.24043715846994534,15,25,44
instance_0009.txt,pan_liu_sd2_oa3,pan_liu_sd4_oa3,0.6666666666666666,0.8235294117647058,0.8220338983050848,18,42,97
instance_0009.txt,pan_liu_sd2_oa3,pan_liu_sd4_oa4,0.28888888888888886,0.3488372093023256,0.39759036144578314,13,30,66
instance_0009.txt,pan_liu_sd2_oa3,pan_liu_sl,1.0,1.0,1.0,22,46,105
instance_0009.txt,pan_liu_sd2_oa3,pan_liu_sl_multi,1.0,0.78,1.0,22,39,105
instance_0009.txt,pan_liu_sd2_oa3,pan_liu_sl_strict,1.0,1.0,1.0,22,46,105
instance_0009.txt,pan_liu_sd2_oa4,pan_liu_sd3_oa1,0.3584905660377358,0.37,0.423728813559322,19,37,75
instance_0009.txt,pan_liu_sd2_oa4,pan_liu_sd3_oa2,0.34375,0.27350427350427353,0.29064039408866993,22,32,59
instance_0009.txt,pan_liu_sd2_oa4,pan_liu_sd3_oa3,0.39622641509433965,0.34285714285714286,0.4659090909090909,21,36,82
instance_0009.txt,pan_liu_sd2_oa4,pan_liu_sd3_oa3_multi,0.39622641509433965,0.27884615384615385,0.4659090909090909,21,29,82
instance_0009.txt,pan_liu_sd2_oa4,pan_liu_sd3_oa4,1.0,1.0,1.0,34,66,128
instance_0009.txt,pan_liu_sd2_oa4,pan_liu_sd4_oa1,0.27906976744186046,0.4605263157894737,0.46540880503144655,12,35,74
instance_0009.txt,pan_liu_sd2_oa4,pan_liu_sd4_oa2,0.3225806451612903,0.32075471698113206,0.26903553299492383,20,34,53
instance_0009.txt,pan_liu_sd2_oa4,pan_liu_sd4_oa3,0.29545454545454547,0.4675324675324675,0.4691358024691358,13,36,76
instance_0009.txt,pan_liu_sd2_oa4,pan_liu_sd4_oa4,0.4583333333333333,0.3877551020408163,0.45714285714285713,22,38,80
instance_0009.txt,pan_liu_sd2_oa4,pan_liu_sl,0.2727272727272727,0.4358974358974359,0.45625,12,34,73
instance_0009.txt,pan_liu_sd2_oa4,pan_liu_sl_multi,0.2727272727272727,0.3974358974358974,0.45625,12,31,73
instance_0009.txt,pan_liu_sd2_oa4,pan_liu_sl_strict,0.2727272727272727,0.4358974358974359,0.45625,12,34,73
instance_0009.txt,pan_liu_sd3_oa1,pan_liu_sd3_oa2,0.40625,0.3508771929824561,0.34375,26,40,66
instance_0009.txt,pan_liu_sd3_oa1,pan_liu_sd3_oa3,0.9024390243902439,0.8481012658227848,0.8814814814814815,37,67,119
instance_0009.txt,pan_liu_sd3_oa1,pan_liu_sd3_oa3_multi,0.9024390243902439,0.5862068965517241,0.8814814814814815,37,51,119
instance_0009.txt,pan_liu_sd3_oa1,pan_liu_sd3_oa4,0.3584905660377358,0.37,0.423728813559322,19,37,75
instance_0009.txt,pan_liu_sd3_oa1,pan_liu_sd4_oa1,0.11320754716981132,0.23404255319148937,0.23783783783783785,6,22,44
instance_0009.txt,pan_liu_sd3_oa1,pan_liu_sd4_oa2,0.30303030303030304,0.3181818181818182,0.25510204081632654,20,35,50
instance_0009.txt,pan_liu_sd3_oa1,pan_liu_sd4_oa3,0.10909090909090909,0.24210526315789474,0.23157894736842105,6,23,44
instance_0009.txt,pan_liu_sd3_oa1,pan_liu_sd4_oa4,0.37037037037037035,0.34285714285714286,0.3351063829787234,20,36,63
instance_0009.txt,pan_liu_sd3_oa1,pan_liu_sl,0.1111111111111111,0.23157894736842105,0.23783783783783785,6,22,44
instance_0009.txt,pan_liu_sd3_oa1,pan_liu_sl_multi,0.1111111111111111,0.22580645161290322,0.23783783783783785,6,21,44
instance_0009.txt,pan_liu_sd3_oa1,pan_liu_sl_strict,0.1111111111111111,0.23157894736842105,0.23783783783783785,6,22,44
instance_0009.txt,pan_liu_sd3_oa2,pan_liu_sd3_oa3,0.4375,0.3739130434782609,0.36787564766839376,28,43,71
instance_0009.txt,pan_liu_sd3_oa2,pan_liu_sd3_oa3_multi,0.4375,0.35135135135135137,0.36787564766839376,28,39,71
instance_0009.txt,pan_liu_sd3_oa2,pan_liu_sd3_oa4,0.34375,0.27350427350427353,0.29064039408866993,22,32,59
instance_0009.txt,pan_liu_sd3_oa2,pan_liu_sd4_oa1,0.140625,0.1743119266055046,0.16019417475728157,9,19,33
instance_0009.txt,pan_liu_sd3_oa2,pan_liu_sd4_oa2,0.7543859649122807,0.7252747252747253,0.7655172413793103,43,66,111
instance_0009.txt,pan_liu_sd3_oa2,pan_liu_sd4_oa3,0.171875,0.18181818181818182,0.18446601941747573,11,20,38
instance_0009.txt,pan_liu_sd3_oa2,pan_liu_sd4_oa4,0.3968253968253968,0.39090909090909093,0.3882978723404255,25,43,73
instance_0009.txt,pan_liu_sd3_oa2,pan_liu_sl,0.15625,0.1834862385321101,0.16019417475728157,10,20,33
instance_0009.txt,pan_liu_sd3_oa2,pan_liu_sl_multi,0.15625,0.17757009345794392,0.16019417475728157,10,19,33
instance_0009.txt,pan_liu_sd3_oa2,pan_liu_sl_strict,0.15625,0.1834862385321101,0.16019417475728157,10,20,33
instance_0009.txt,pan_liu_sd3_oa3,pan_liu_sd3_oa3_multi,1.0,0.6705882352941176,1.0,40,57,130
instance_0009.txt,pan_liu_sd3_oa3,pan_liu_sd3_oa4,0.39622641509433965,0.34285714285714286,0.4659090909090909,21,36,82
instance_0009.txt,pan_liu_sd3_oa3,pan_liu_sd4_oa1,0.10909090909090909,0.21212121212121213,0.23036649214659685,6,21,44
instance_0009.txt,pan_liu_sd3_oa3,pan_liu_sd4_oa2,0.3333333333333333,0.33035714285714285,0.27918781725888325,22,37,55
instance_0009.txt,pan_liu_sd3_oa3,pan_liu_sd4_oa3,0.125,0.22,0.24352331606217617,7,22,47
instance_0009.txt,pan_liu_sd3_oa3,pan_liu_sd4_oa4,0.4074074074074074,0.35514018691588783,0.37433155080213903,22,38,70
instance_0009.txt,pan_liu_sd3_oa3,pan_liu_sl,0.10714285714285714,0.21,0.23036649214659685,6,21,44
instance_0009.txt,pan_liu_sd3_oa3,pan_liu_sl_multi,0.10714285714285714,0.20408163265306123,0.23036649214659685,6,20,44
instance_0009.txt,pan_liu_sd3_oa3,pan_liu_sl_strict,0.10714285714285714,0.21,0.23036649214659685,6,21,44
instance_0009.txt,pan_liu_sd3_oa3_multi,pan_liu_sd3_oa4,0.39622641509433965,0.27884615384615385,0.4659090909090909,21,29,82
instance_0009.txt,pan_liu_sd3_oa3_multi,pan_liu_sd4_oa1,0.10909090909090909,0.17894736842105263,0.23036649214659685,6,17,44
instance_0009.txt,pan_liu_sd3_oa3_multi,pan_liu_sd4_oa2,0.3333333333333333,0.34285714285714286,0.27918781725888325,22,36,55
instance_0009.txt,pan_liu_sd3_oa3_multi,pan_liu_sd4_oa3,0.125,0.2,0.24352331606217617,7,19,47
instance_0009.txt,pan_liu_sd3_oa3_multi,pan_liu_sd4_oa4,0.4074074074074074,0.3838383838383838,0.37433155080213903,22,38,70
instance_0009.txt,pan_liu_sd3_oa3_multi,pan_liu_sl,0.10714285714285714,0.17708333333333334,0.23036649214659685,6,17,44
instance_0009.txt,pan_liu_sd3_oa3_multi,pan_liu_sl_multi,0.10714285714285714,0.2087912087912088,0.23036649214659685,6,19,44
instance_0009.txt,pan_liu_sd3_oa3_multi,pan_liu_sl_strict,0.10714285714285714,0.17708333333333334,0.23036649214659685,6,17,44
instance_0009.txt,pan_liu_sd3_oa4,pan_liu_sd4_oa1,0.27906976744186046,0.4605263157894737,0.46540880503144655,12,35,74
instance_0009.txt,pan_liu_sd3_oa4,pan_liu_sd4_oa2,0.3225806451612903,0.32075471698113206,0.26903553299492383,20,34,53
instance_0009.txt,pan_liu_sd3_oa4,pan_liu_sd4_oa3,0.29545454545454547,0.4675324675324675,0.4691358024691358,13,36,76
instance_0009.txt,pan_liu_sd3_oa4,pan_liu_sd4_oa4,0.4583333333333333,0.3877551020408163,0.45714285714285713,22,38,80
instance_0009.txt,pan_liu_sd3_oa4,pan_liu_sl,0.2727272727272727,0.4358974358974359,0.45625,12,34,73
instance_0009.txt,pan_liu_sd3_oa4,pan_liu_sl_multi,0.2727272727272727,0.3974358974358974,0.45625,12,31,73
instance_0009.txt,pan_liu_sd3_oa4,pan_liu_sl_strict,0.2727272727272727,0.4358974358974359,0.45625,12,34,73
instance_0009.txt,pan_liu_sd4_oa1,pan_liu_sd4_oa2,0.2545454545454545,0.25263157894736843,0.24043715846994534,14,24,44
instance_0009.txt,pan_liu_sd4_oa1,pan_liu_sd4_oa3,0.76,0.8775510204081632,0.8695652173913043,19,43,100
instance_0009.txt,pan_liu_sd4_oa1,pan_liu_sd4_oa4,0.26666666666666666,0.35294117647058826,0.38095238095238093,12,30,64
instance_0009.txt,pan_liu_sd4_oa1,pan_liu_sl,0.7916666666666666,0.9361702127659575,0.9090909090909091,19,44,100
instance_0009.txt,pan_liu_sd4_oa1,pan_liu_sl_multi,0.7916666666666666,0.76,0.9090909090909091,19,38,100
instance_0009.txt,pan_liu_sd4_oa1,pan_liu_sl_strict,0.7916666666666666,0.9361702127659575,0.9090909090909091,19,44,100
instance_0009.txt,pan_liu_sd4_oa2,pan_liu_sd4_oa3,0.2909090909090909,0.2604166666666667,0.2677595628415301,16,25,49
instance_0009.txt,pan_liu_sd4_oa2,pan_liu_sd4_oa4,0.423728813559322,0.4117647058823529,0.4147727272727273,25,42,73
instance_0009.txt,pan_liu_sd4_oa2,pan_liu_sl,0.2727272727272727,0.2631578947368421,0.24043715846994534,15,25,44
instance_0009.txt,pan_liu_sd4_oa2,pan_liu_sl_multi,0.2727272727272727,0.24468085106382978,0.24043715846994534,15,23,44
instance_0009.txt,pan_liu_sd4_oa2,pan_liu_sl_strict,0.2727272727272727,0.2631578947368421,0.24043715846994534,15,25,44
instance_0009.txt,pan_liu_sd4_oa3,pan_liu_sd4_oa4,0.3409090909090909,0.3764705882352941,0.42771084337349397,15,32,71
instance_0009.txt,pan_liu_sd4_oa3,pan_liu_sl,0.6666666666666666,0.8235294117647058,0.8220338983050848,18,42,97
instance_0009.txt,pan_liu_sd4_oa3,pan_liu_sl_multi,0.6666666666666666,0.6981132075471698,0.8220338983050848,18,37,97
instance_0009.txt,pan_liu_sd4_oa3,pan_liu_sl_strict,0.6666666666666666,0.8235294117647058,0.8220338983050848,18,42,97
instance_0009.txt,pan_liu_sd4_oa4,pan_liu_sl,0.28888888888888886,0.3488372093023256,0.39759036144578314,13,30,66
instance_0009.txt,pan_liu_sd4_oa4,pan_liu_sl_multi,0.28888888888888886,0.3614457831325301,0.39759036144578314,13,30,66
instance_0009.txt,pan_liu_sd4_oa4,pan_liu_sl_strict,0.28888888888888886,0.3488372093023256,0.39759036144578314,13,30,66
instance_0009.txt,pan_liu_sl,pan_liu_sl_multi,1.0,0.78,1.0,22,39,105
instance_0009.txt,pan_liu_sl,pan_liu_sl_strict,1.0,1.0,1.0,22,46,105
instance_0009.txt,pan_liu_sl_multi,pan_liu_sl_strict,1.0,0.78,1.0,22,39,105
instance_0010.txt,pan_liu_sd1_oa1,pan_liu_sd1_oa2,0.04887218045112782,0.6246153846153846,0.06770428015564202,52,203,174
instance_0010.txt,pan_liu_sd1_oa1,pan_liu_sd1_oa3,1.0,1.0,1.0,496,287,1363
instance_0010.txt,pan_liu_sd1_oa1,pan_liu_sd1_oa4,0.36470588235294116,0.7863501483679525,0.40578213732576146,279,265,786
instance_0010.txt,pan_liu_sd1_oa1,pan_liu_sd2_oa1,1.0,1.0,1.0,496,287,1363
instance_0010.txt,pan_liu_sd1_oa1,pan_liu_sd2_oa2,0.07961165048543689,0.6614420062695925,0.10460921843687375,82,211,261
instance_0010.txt,pan_liu_sd1_oa1,pan_liu_sd2_oa3,1.0,1.0,1.0,496,287,1363
instance_0010.txt,pan_liu_sd1_oa1,pan_liu_sd2_oa4,0.36470588235294116,0.7863501483679525,0.40578213732576146,279,265,786
instance_0010.txt,pan_liu_sd1_oa1,pan_liu_sd3_oa1,1.0,1.0,1.0,496,287,1363
instance_0010.txt,pan_liu_sd1_oa1,pan_liu_sd3_oa2,0.08230842005676443,0.6242038216560509,0.098635477582846,87,196,253
instance_0010.txt,pan_liu_sd1_oa1,pan_liu_sd3_oa3,1.0,1.0,1.0,496,287,1363
instance_0010.txt,pan_liu_sd1_oa1,pan_liu_sd3_oa3_multi,1.0,0.777027027027027,1.0,496,230,1363
instance_0010.txt,pan_liu_sd1_oa1,pan_liu_sd3_oa4,0.35853976531942633,0.7787610619469026,0.4003067484662577,275,264,783
instance_0010.txt,pan_liu_sd1_oa1,pan_liu_sd4_oa1,0.9959758551307847,1.0,0.9978005865102639,495,287,1361
instance_0010.txt,pan_liu_sd1_oa1,pan_liu_sd4_oa2,0.048892988929889296,0.6196319018404908,0.06760886172650879,53,202,177
instance_0010.txt,pan_liu_sd1_oa1,pan_liu_sd4_oa3,0.9584158415841584,0.9793103448275862,0.9710354815351194,484,284,1341
instance_0010.txt,pan_liu_sd1_oa1,pan_liu_sd4_oa4,0.1720881427072403,0.7355623100303952,0.21018835616438356,164,242,491
instance_0010.txt,pan_liu_sd1_oa1,pan_liu_sl,1.0,1.0,1.0,496,287,1363
instance_0010.txt,pan_liu_sd1_oa1,pan_liu_sl_multi,1.0,0.777027027027027,1.0,496,230,1363
instance_0010.txt,pan_liu_sd1_oa1,pan_liu_sl_strict,1.0,1.0,1.0,496,287,1363
instance_0010.txt,pan_liu_sd1_oa2,pan_liu_sd1_oa3,0.04887218045112782,0.6246153846153846,0.06770428015564202,52,203,174
instance_0010.txt,pan_liu_sd1_oa2,pan_liu_sd1_oa4,0.14285714285714285,0.7003058103975535,0.14686192468619247,146,229,351
instance_0010.txt,pan_liu_sd1_oa2,pan_liu_sd2_oa1,0.04887218045112782,0.6246153846153846,0.06770428015564202,52,203,174
instance_0010.txt,pan_liu_sd1_oa2,pan_liu_sd2_oa2,0.5165644171779141,0.7285714285714285,0.505971769815418,421,204,932
instance_0010.txt,pan_liu_sd1_oa2,pan_liu_sd2_oa3,0.04887218045112782,0.6246153846153846,0.06770428015564202,52,203,174
instance_0010.txt,pan_liu_sd1_oa2,pan_liu_sd2_oa4,0.14285714285714285,0.7003058103975535,0.14686192468619247,146,229,351
instance_0010.txt,pan_liu_sd1_oa2,pan_liu_sd3_oa1,0.04887218045112782,0.6246153846153846,0.06770428015564202,52,203,174
instance_0010.txt,pan_liu_sd1_oa2,pan_liu_sd3_oa2,0.3980154355016538,0.6690647482014388,0.3867970660146699,361,186,791
instance_0010.txt,pan_liu_sd1_oa2,pan_liu_sd3_oa3,0.04887218045112782,0.6246153846153846,0.06770428015564202,52,203,174
instance_0010.txt,pan_liu_sd1_oa2,pan_liu_sd3_oa3_multi,0.04887218045112782,0.5286624203821656,0.06770428015564202,52,166,174
instance_0010.txt,pan_liu_sd1_oa2,pan_liu_sd3_oa4,0.14763779527559054,0.7033639143730887,0.15403934700711594,150,230,368
instance_0010.txt,pan_liu_sd1_oa2,pan_liu_sd4_oa1,0.04985888993414864,0.6246153846153846,0.06814641744548286,53,203,175
instance_0010.txt,pan_liu_sd1_oa2,pan_liu_sd4_oa2,0.5529556650246306,0.7275985663082437,0.5524282560706402,449,203,1001
instance_0010.txt,pan_liu_sd1_oa2,pan_liu_sd4_oa3,0.05698005698005698,0.6246153846153846,0.07450980392156863,60,203,190
instance_0010.txt,pan_liu_sd1_oa2,pan_liu_sd4_oa4,0.27282051282051284,0.6719745222929936,0.2769299820466786,266,211,617
instance_0010.txt,pan_liu_sd1_oa2,pan_liu_sl,0.04887218045112782,0.6246153846153846,0.06770428015564202,52,203,174
instance_0010.txt,pan_liu_sd1_oa2,pan_liu_sl_multi,0.04887218045112782,0.5286624203821656,0.06770428015564202,52,166,174
instance_0010.txt,pan_liu_sd1_oa2,pan_liu_sl_strict,0.04887218045112782,0.6246153846153846,0.06770428015564202,52,203,174
instance_0010.txt,pan_liu_sd1_oa3,pan_liu_sd1_oa4,0.36470588235294116,0.7863501483679525,0.40578213732576146,279,265,786
instance_0010.txt,pan_liu_sd1_oa3,pan_liu_sd2_oa1,1.0,1.0,1.0,496,287,1363
instance_0010.txt,pan_liu_sd1_oa3,pan_liu_sd2_oa2,0.07961165048543689,0.6614420062695925,0.10460921843687375,82,211,261
instance_0010.txt,pan_liu_sd1_oa3,pan_liu_sd2_oa3,1.0,1.0,1.0,496,287,1363
instance_0010.txt,pan_liu_sd1_oa3,pan_liu_sd2_oa4,0.36470588235294116,0.7863501483679525,0.40578213732576146,279,265,786
instance_0010.txt,pan_liu_sd1_oa3,pan_liu_sd3_oa1,1.0,1.0,1.0,496,287,1363
instance_0010.txt,pan_liu_sd1_oa3,pan_liu_sd3_oa2,0.08230842005676443,0.6242038216560509,0.098635477582846,87,196,253
instance_0010.txt,pan_liu_sd1_oa3,pan_liu_sd3_oa3,1.0,1.0,1.0,496,287,1363
instance_0010.txt,pan_liu_sd1_oa3,pan_liu_sd3_oa3_multi,1.0,0.777027027027027,1.0,496,230,1363
instance_0010.txt,pan_liu_sd1_oa3,pan_liu_sd3_oa4,0.35853976531942633,0.7787610619469026,0.4003067484662577,275,264,783
instance_0010.txt,pan_liu_sd1_oa3,pan_liu_sd4_oa1,0.9959758551307847,1.0,0.9978005865102639,495,287,1361
instance_0010.txt,pan_liu_sd1_oa3,pan_liu_sd4_oa2,0.048892988929889296,0.6196319018404908,0.06760886172650879,53,202,177
instance_0010.txt,pan_liu_sd1_oa3,pan_liu_sd4_oa3,0.9584158415841584,0.9793103448275862,0.9710354815351194,484,284,1341
instance_0010.txt,pan_liu_sd1_oa3,pan_liu_sd4_oa4,0.1720881427072403,0.7355623100303952,0.21018835616438356,164,242,491
instance_0010.txt,pan_liu_sd1_oa3,pan_liu_sl,1.0,1.0,1.0,496,287,1363
instance_0010.txt,pan_liu_sd1_oa3,pan_liu_sl_multi,1.0,0.777027027027027,1.0,496,230,1363
instance_0010.txt,pan_liu_sd1_oa3,pan_liu_sl_strict,1.0,1.0,1.0,496,287,1363
instance_0010.txt,pan_liu_sd1_oa4,pan_liu_sd2_oa1,0.36470588235294116,0.7863501483679525,0.40578213732576146,279,265,786
instance_0010.txt,pan_liu_sd1_oa4,pan_liu_sd2_oa2,0.14341846758349705,0.6909090909090909,0.15284757118927972,146,228,365
instance_0010.txt,pan_liu_sd1_oa4,pan_liu_sd2_oa3,0.36470588235294116,0.7863501483679525,0.40578213732576146,279,265,786
instance_0010.txt,pan_liu_sd1_oa4,pan_liu_sd2_oa4,1.0,1.0,1.0,548,315,1360
instance_0010.txt,pan_liu_sd1_oa4,pan_liu_sd3_oa1,0.36470588235294116,0.7863501483679525,0.40578213732576146,279,265,786
instance_0010.txt,pan_liu_sd1_oa4,pan_liu_sd3_oa2,0.1865079365079365,0.6503067484662577,0.19330224671470964,188,212,456
instance_0010.txt,pan_liu_sd1_oa4,pan_liu_sd3_oa3,0.36470588235294116,0.7863501483679525,0.40578213732576146,279,265,786
instance_0010.txt,pan_liu_sd1_oa4,pan_liu_sd3_oa3_multi,0.36470588235294116,0.6488095238095238,0.40578213732576146,279,218,786
instance_0010.txt,pan_liu_sd1_oa4,pan_liu_sd3_oa4,0.8637137989778535,0.9780564263322884,0.8842975206611571,507,312,1284
instance_0010.txt,pan_liu_sd1_oa4,pan_liu_sd4_oa1,0.36470588235294116,0.7863501483679525,0.4059917355371901,279,265,786
instance_0010.txt,pan_liu_sd1_oa4,pan_liu_sd4_oa2,0.1554907677356657,0.6746987951807228,0.15850622406639003,160,224,382
instance_0010.txt,pan_liu_sd1_oa4,pan_liu_sd4_oa3,0.3607843137254902,0.7970149253731343,0.40154639175257734,276,267,779
instance_0010.txt,pan_liu_sd1_oa4,pan_liu_sd4_oa4,0.13495145631067962,0.7669616519174042,0.15171288743882544,139,260,372
instance_0010.txt,pan_liu_sd1_oa4,pan_liu_sl,0.36470588235294116,0.7863501483679525,0.40578213732576146,279,265,786
instance_0010.txt,pan_liu_sd1_oa4,pan_liu_sl_multi,0.36470588235294116,0.6488095238095238,0.40578213732576146,279,218,786
instance_0010.txt,pan_liu_sd1_oa4,pan_liu_sl_strict,0.36470588235294116,0.7863501483679525,0.40578213732576146,279,265,786
instance_0010.txt,pan_liu_sd2_oa1,pan_liu_sd2_oa2,0.07961165048543689,0.6614420062695925,0.10460921843687375,82,211,261
instance_0010.txt,pan_liu_sd2_oa1,pan_liu_sd2_oa3,1.0,1.0,1.0,496,287,1363
instance_0010.txt,pan_liu_sd2_oa1,pan_liu_sd2_oa4,0.36470588235294116,0.7863501483679525,0.40578213732576146,279,265,786
instance_0010.txt,pan_liu_sd2_oa1,pan_liu_sd3_oa1,1.0,1.0,1.0,496,287,1363
instance_0010.txt,pan_liu_sd2_oa1,pan_liu_sd3_oa2,0.08230842005676443,0.6242038216560509,0.098635477582846,87,196,253
instance_0010.txt,pan_liu_sd2_oa1,pan_liu_sd3_oa3,1.0,1.0,1.0,496,287,1363
instance_0010.txt,pan_liu_sd2_oa1,pan_liu_sd3_oa3_multi,1.0,0.777027027027027,1.0,496,230,1363
instance_0010.txt,pan_liu_sd2_oa1,pan_liu_sd3_oa4,0.35853976531942633,0.7787610619469026,0.4003067484662577,275,264,783
instance_0010.txt,pan_liu_sd2_oa1,pan_liu_sd4_oa1,0.9959758551307847,1.0,0.9978005865102639,495,287,1361
instance_0010.txt,pan_liu_sd2_oa1,pan_liu_sd4_oa2,0.048892988929889296,0.6196319018404908,0.06760886172650879,53,202,177
instance_0010.txt,pan_liu_sd2_oa1,pan_liu_sd4_oa3,0.9584158415841584,0.9793103448275862,0.9710354815351194,484,284,1341
instance_0010.txt,pan_liu_sd2_oa1,pan_liu_sd4_oa4,0.1720881427072403,0.7355623100303952,0.21018835616438356,164,242,491
instance_0010.txt,pan_liu_sd2_oa1,pan_liu_sl,1.0,1.0,1.0,496,287,1363
instance_0010.txt,pan_liu_sd2_oa1,pan_liu_sl_multi,1.0,0.777027027027027,1.0,496,230,1363
instance_0010.txt,pan_liu_sd2_oa1,pan_liu_sl_strict,1.0,1.0,1.0,496,287,1363
instance_0010.txt,pan_liu_sd2_oa2,pan_liu_sd2_oa3,0.07961165048543689,0.6614420062695925,0.10460921843687375,82,211,261
instance_0010.txt,pan_liu_sd2_oa2,pan_liu_sd2_oa4,0.14341846758349705,0.6909090909090909,0.15284757118927972,146,228,365
instance_0010.txt,pan_liu_sd2_oa2,pan_liu_sd3_oa1,0.07961165048543689,0.6614420062695925,0.10460921843687375,82,211,261
instance_0010.txt,pan_liu_sd2_oa2,pan_liu_sd3_oa2,0.31392931392931395,0.5796610169491525,0.29749430523917997,302,171,653
instance_0010.txt,pan_liu_sd2_oa2,pan_liu_sd3_oa3,0.07961165048543689,0.6614420062695925,0.10460921843687375,82,211,261
instance_0010.txt,pan_liu_sd2_oa2,pan_liu_sd3_oa3_multi,0.07961165048543689,0.5700325732899023,0.10460921843687375,82,175,261
instance_0010.txt,pan_liu_sd2_oa2,pan_liu_sd3_oa4,0.13587487781036167,0.6990881458966566,0.15087281795511223,139,230,363
instance_0010.txt,pan_liu_sd2_oa2,pan_liu_sd4_oa1,0.07961165048543689,0.6614420062695925,0.10420841683366733,82,211,260
instance_0010.txt,pan_liu_sd2_oa2,pan_liu_sd4_oa2,0.42355605889014725,0.6462585034013606,0.41604010025062654,374,190,830
instance_0010.txt,pan_liu_sd2_oa2,pan_liu_sd4_oa3,0.08832188420019627,0.6614420062695925,0.11147011308562198,90,211,276
instance_0010.txt,pan_liu_sd2_oa2,pan_liu_sd4_oa4,0.3215811965811966,0.6945337620578779,0.325754060324826,301,216,702
instance_0010.txt,pan_liu_sd2_oa2,pan_liu_sl,0.07961165048543689,0.6614420062695925,0.10460921843687375,82,211,261
instance_0010.txt,pan_liu_sd2_oa2,pan_liu_sl_multi,0.07961165048543689,0.5700325732899023,0.10460921843687375,82,175,261
instance_0010.txt,pan_liu_sd2_oa2,pan_liu_sl_strict,0.07961165048543689,0.6614420062695925,0.10460921843687375,82,211,261
instance_0010.txt,pan_liu_sd2_oa3,pan_liu_sd2_oa4,0.36470588235294116,0.7863501483679525,0.40578213732576146,279,265,786
instance_0010.txt,pan_liu_sd2_oa3,pan_liu_sd3_oa1,1.0,1.0,1.0,496,287,1363
instance_0010.txt,pan_liu_sd2_oa3,pan_liu_sd3_oa2,0.08230842005676443,0.6242038216560509,0.098635477582846,87,196,253
instance_0010.txt,pan_liu_sd2_oa3,pan_liu_sd3_oa3,1.0,1.0,1.0,496,287,1363
instance_0010.txt,pan_liu_sd2_oa3,pan_liu_sd3_oa3_multi,1.0,0.777027027027027,1.0,496,230,1363
instance_0010.txt,pan_liu_sd2_oa3,pan_liu_sd3_oa4,0.35853976531942633,0.7787610619469026,0.4003067484662577,275,264,783
instance_0010.txt,pan_liu_sd2_oa3,pan_liu_sd4_oa1,0.9959758551307847,1.0,0.9978005865102639,495,287,1361
instance_0010.txt,pan_liu_sd2_oa3,pan_liu_sd4_oa2,0.048892988929889296,0.6196319018404908,0.06760886172650879,53,202,177
instance_0010.txt,pan_liu_sd2_oa3,pan_liu_sd4_oa3,0.9584158415841584,0.9793103448275862,0.9710354815351194,484,284,1341
instance_0010.txt,pan_liu_sd2_oa3,pan_liu_sd4_oa4,0.1720881427072403,0.7355623100303952,0.21018835616438356,164,242,491
instance_0010.txt,pan_liu_sd2_oa3,pan_liu_sl,1.0,1.0,1.0,496,287,1363
instance_0010.txt,pan_liu_sd2_oa3,pan_liu_sl_multi,1.0,0.777027027027027,1.0,496,230,1363
instance_0010.txt,pan_liu_sd2_oa3,pan_liu_sl_strict,1.0,1.0,1.0,496,287,1363
instance_0010.txt,pan_liu_sd2_oa4,pan_liu_sd3_oa1,0.36470588235294116,0.7863501483679525,0.40578213732576146,279,265,786
instance_0010.txt,pan_liu_sd2_oa4,pan_liu_sd3_oa2,0.1865079365079365,0.6503067484662577,0.19330224671470964,188,212,456
instance_0010.txt,pan_liu_sd2_oa4,pan_liu_sd3_oa3,0.36470588235294116,0.7863501483679525,0.40578213732576146,279,265,786
instance_0010.txt,pan_liu_sd2_oa4,pan_liu_sd3_oa3_multi,0.36470588235294116,0.6488095238095238,0.40578213732576146,279,218,786
instance_0010.txt,pan_liu_sd2_oa4,pan_liu_sd3_oa4,0.8637137989778535,0.9780564263322884,0.8842975206611571,507,312,1284
instance_0010.txt,pan_liu_sd2_oa4,pan_liu_sd4_oa1,0.36470588235294116,0.7863501483679525,0.4059917355371901,279,265,786
instance_0010.txt,pan_liu_sd2_oa4,pan_liu_sd4_oa2,0.1554907677356657,0.6746987951807228,0.15850622406639003,160,224,382
instance_0010.txt,pan_liu_sd2_oa4,pan_liu_sd4_oa3,0.3607843137254902,0.7970149253731343,0.40154639175257734,276,267,779
instance_0010.txt,pan_liu_sd2_oa4,pan_liu_sd4_oa4,0.13495145631067962,0.7669616519174042,0.15171288743882544,139,260,372
instance_0010.txt,pan_liu_sd2_oa4,pan_liu_sl,0.36470588235294116,0.7863501483679525,0.40578213732576146,279,265,786
instance_0010.txt,pan_liu_sd2_oa4,pan_liu_sl_multi,0.36470588235294116,0.6488095238095238,0.40578213732576146,279,218,786
instance_0010.txt,pan_liu_sd2_oa4,pan_liu_sl_strict,0.36470588235294116,0.7863501483679525,0.40578213732576146,279,265,786
instance_0010.txt,pan_liu_sd3_oa1,pan_liu_sd3_oa2,0.08230842005676443,0.6242038216560509,0.098635477582846,87,196,253
instance_0010.txt,pan_liu_sd3_oa1,pan_liu_sd3_oa3,1.0,1.0,1.0,496,287,1363
instance_0010.txt,pan_liu_sd3_oa1,pan_liu_sd3_oa3_multi,1.0,0.777027027027027,1.0,496,230,1363
instance_0010.txt,pan_liu_sd3_oa1,pan_liu_sd3_oa4,0.35853976531942633,0.7787610619469026,0.4003067484662577,275,264,783
instance_0010.txt,pan_liu_sd3_oa1,pan_liu_sd4_oa1,0.9959758551307847,1.0,0.9978005865102639,495,287,1361
instance_0010.txt,pan_liu_sd3_oa1,pan_liu_sd4_oa2,0.048892988929889296,0.6196319018404908,0.06760886172650879,53,202,177
instance_0010.txt,pan_liu_sd3_oa1,pan_liu_sd4_oa3,0.9584158415841584,0.9793103448275862,0.9710354815351194,484,284,1341
instance_0010.txt,pan_liu_sd3_oa1,pan_liu_sd4_oa4,0.1720881427072403,0.7355623100303952,0.21018835616438356,164,242,491
instance_0010.txt,pan_liu_sd3_oa1,pan_liu_sl,1.0,1.0,1.0,496,287,1363
instance_0010.txt,pan_liu_sd3_oa1,pan_liu_sl_multi,1.0,0.777027027027027,1.0,496,230,1363
instance_0010.txt,pan_liu_sd3_oa1,pan_liu_sl_strict,1.0,1.0,1.0,496,287,1363
instance_0010.txt,pan_liu_sd3_oa2,pan_liu_sd3_oa3,0.08230842005676443,0.6242038216560509,0.098635477582846,87,196,253
instance_0010.txt,pan_liu_sd3_oa2,pan_liu_sd3_oa3_multi,0.08230842005676443,0.5247524752475248,0.098635477582846,87,159,253
instance_0010.txt,pan_liu_sd3_oa2,pan_liu_sd3_oa4,0.194,0.6483180428134556,0.20059372349448684,194,212,473
instance_0010.txt,pan_liu_sd3_oa2,pan_liu_sd4_oa1,0.08230842005676443,0.6242038216560509,0.09867394695787832,87,196,253
instance_0010.txt,pan_liu_sd3_oa2,pan_liu_sd4_oa2,0.411829134720701,0.6811594202898551,0.40077632217370207,376,188,826
instance_0010.txt,pan_liu_sd3_oa2,pan_liu_sd4_oa3,0.08151658767772511,0.6190476190476191,0.09793211080764729,86,195,251
instance_0010.txt,pan_liu_sd3_oa2,pan_liu_sd4_oa4,0.23443579766536965,0.625,0.23008849557522124,241,195,546
instance_0010.txt,pan_liu_sd3_oa2,pan_liu_sl,0.08230842005676443,0.6242038216560509,0.098635477582846,87,196,253
instance_0010.txt,pan_liu_sd3_oa2,pan_liu_sl_multi,0.08230842005676443,0.5247524752475248,0.098635477582846,87,159,253
instance_0010.txt,pan_liu_sd3_oa2,pan_liu_sl_strict,0.08230842005676443,0.6242038216560509,0.098635477582846,87,196,253
instance_0010.txt,pan_liu_sd3_oa3,pan_liu_sd3_oa3_multi,1.0,0.777027027027027,1.0,496,230,1363
instance_0010.txt,pan_liu_sd3_oa3,pan_liu_sd3_oa4,0.35853976531942633,0.7787610619469026,0.4003067484662577,275,264,783
instance_0010.txt,pan_liu_sd3_oa3,pan_liu_sd4_oa1,0.9959758551307847,1.0,0.9978005865102639,495,287,1361
instance_0010.txt,pan_liu_sd3_oa3,pan_liu_sd4_oa2,0.048892988929889296,0.6196319018404908,0.06760886172650879,53,202,177
instance_0010.txt,pan_liu_sd3_oa3,pan_liu_sd4_oa3,0.9584158415841584,0.9793103448275862,0.9710354815351194,484,284,1341
instance_0010.txt,pan_liu_sd3_oa3,pan_liu_sd4_oa4,0.1720881427072403,0.7355623100303952,0.21018835616438356,164,242,491
instance_0010.txt,pan_liu_sd3_oa3,pan_liu_sl,1.0,1.0,1.0,496,287,1363
instance_0010.txt,pan_liu_sd3_oa3,pan_liu_sl_multi,1.0,0.777027027027027,1.0,496,230,1363
instance_0010.txt,pan_liu_sd3_oa3,pan_liu_sl_strict,1.0,1.0,1.0,496,287,1363
instance_0010.txt,pan_liu_sd3_oa3_multi,pan_liu_sd3_oa4,0.35853976531942633,0.6517857142857143,0.4003067484662577,275,219,783
instance_0010.txt,pan_liu_sd3_oa3_multi,pan_liu_sd4_oa1,0.9959758551307847,0.777027027027027,0.9978005865102639,495,230,1361
instance_0010.txt,pan_liu_sd3_oa3_multi,pan_liu_sd4_oa2,0.048892988929889296,0.5335463258785943,0.06760886172650879,53,167,177
instance_0010.txt,pan_liu_sd3_oa3_multi,pan_liu_sd4_oa3,0.9584158415841584,0.7830508474576271,0.9710354815351194,484,231,1341
instance_0010.txt,pan_liu_sd3_oa3_multi,pan_liu_sd4_oa4,0.1720881427072403,0.6656050955414012,0.21018835616438356,164,209,491
instance_0010.txt,pan_liu_sd3_oa3_multi,pan_liu_sl,1.0,0.777027027027027,1.0,496,230,1363
instance_0010.txt,pan_liu_sd3_oa3_multi,pan_liu_sl_multi,1.0,1.0,1.0,496,239,1363
instance_0010.txt,pan_liu_sd3_oa3_multi,pan_liu_sl_strict,1.0,0.777027027027027,1.0,496,230,1363
instance_0010.txt,pan_liu_sd3_oa4,pan_liu_sd4_oa1,0.35853976531942633,0.7787610619469026,0.40051150895140664,275,264,783
instance_0010.txt,pan_liu_sd3_oa4,pan_liu_sd4_oa2,0.15804878048780488,0.6726726726726727,0.1646619659892161,162,224,397
instance_0010.txt,pan_liu_sd3_oa4,pan_liu_sd4_oa3,0.3563968668407311,0.7840236686390533,0.39826175869120656,273,265,779
instance_0010.txt,pan_liu_sd3_oa4,pan_liu_sd4_oa4,0.09167446211412535,0.7595307917888563,0.11679119150609517,98,259,297
instance_0010.txt,pan_liu_sd3_oa4,pan_liu_sl,0.35853976531942633,0.7787610619469026,0.4003067484662577,275,264,783
instance_0010.txt,pan_liu_sd3_oa4,pan_liu_sl_multi,0.35853976531942633,0.6517857142857143,0.4003067484662577,275,219,783
instance_0010.txt,pan_liu_sd3_oa4,pan_liu_sl_strict,0.35853976531942633,0.7787610619469026,0.4003067484662577,275,264,783
instance_0010.txt,pan_liu_sd4_oa1,pan_liu_sd4_oa2,0.04986149584487535,0.6196319018404908,0.06804281345565749,54,202,178
instance_0010.txt,pan_liu_sd4_oa1,pan_liu_sd4_oa3,0.9623015873015873,0.9793103448275862,0.9731689630166788,485,284,1342
instance_0010.txt,pan_liu_sd4_oa1,pan_liu_sd4_oa4,0.1720881427072403,0.7355623100303952,0.20976027397260275,164,242,490
instance_0010.txt,pan_liu_sd4_oa1,pan_liu_sl,0.9959758551307847,1.0,0.9978005865102639,495,287,1361
instance_0010.txt,pan_liu_sd4_oa1,pan_liu_sl_multi,0.9959758551307847,0.777027027027027,0.9978005865102639,495,230,1361
instance_0010.txt,pan_liu_sd4_oa1,pan_liu_sl_strict,0.9959758551307847,1.0,0.9978005865102639,495,287,1361
instance_0010.txt,pan_liu_sd4_oa2,pan_liu_sd4_oa3,0.05684995340167754,0.6246153846153846,0.07428791377983064,61,203,193
instance_0010.txt,pan_liu_sd4_oa2,pan_liu_sd4_oa4,0.31321540062434966,0.7045454545454546,0.32177088087631217,301,217,705
instance_0010.txt,pan_liu_sd4_oa2,pan_liu_sl,0.048892988929889296,0.6196319018404908,0.06760886172650879,53,202,177
instance_0010.txt,pan_liu_sd4_oa2,pan_liu_sl_multi,0.048892988929889296,0.5335463258785943,0.06760886172650879,53,167,177
instance_0010.txt,pan_liu_sd4_oa2,pan_liu_sl_strict,0.048892988929889296,0.6196319018404908,0.06760886172650879,53,202,177
instance_0010.txt,pan_liu_sd4_oa3,pan_liu_sd4_oa4,0.1751054852320675,0.746177370030581,0.2121082009446114,166,244,494
instance_0010.txt,pan_liu_sd4_oa3,pan_liu_sl,0.9584158415841584,0.9793103448275862,0.9710354815351194,484,284,1341
instance_0010.txt,pan_liu_sd4_oa3,pan_liu_sl_multi,0.9584158415841584,0.7830508474576271,0.9710354815351194,484,231,1341
instance_0010.txt,pan_liu_sd4_oa3,pan_liu_sl_strict,0.9584158415841584,0.9793103448275862,0.9710354815351194,484,284,1341
instance_0010.txt,pan_liu_sd4_oa4,pan_liu_sl,0.1720881427072403,0.7355623100303952,0.21018835616438356,164,242,491
instance_0010.txt,pan_liu_sd4_oa4,pan_liu_sl_multi,0.1720881427072403,0.6656050955414012,0.21018835616438356,164,209,491
instance_0010.txt,pan_liu_sd4_oa4,pan_liu_sl_strict,0.1720881427072403,0.7355623100303952,0.21018835616438356,164,242,491
instance_0010.txt,pan_liu_sl,pan_liu_sl_multi,1.0,0.777027027027027,1.0,496,230,1363
instance_0010.txt,pan_liu_sl,pan_liu_sl_strict,1.0,1.0,1.0,496,287,1363
instance_0010.txt,pan_liu_sl_multi,pan_liu_sl_strict,1.0,0.777027027027027,1.0,496,230,1363
instance_0011.txt,pan_liu_sd1_oa1,pan_liu_sd1_oa2,0.2112676056338028,0.7665615141955836,0.2718035563082134,180,243,642
instance_0011.txt,pan_liu_sd1_oa1,pan_liu_sd1_oa3,1.0,1.0,1.0,459,291,1489
instance_0011.txt,pan_liu_sd1_oa1,pan_liu_sd1_oa4,0.492603550295858,0.8526645768025078,0.5540883697308279,333,272,1091
instance_0011.txt,pan_liu_sd1_oa1,pan_liu_sd2_oa1,1.0,1.0,1.0,459,291,1489
instance_0011.txt,pan_liu_sd1_oa1,pan_liu_sd2_oa2,0.20046893317702227,0.778816199376947,0.2671723556679309,171,250,634
instance_0011.txt,pan_liu_sd1_oa1,pan_liu_sd2_oa3,1.0,1.0,1.0,459,291,1489
instance_0011.txt,pan_liu_sd1_oa1,pan_liu_sd2_oa4,0.492603550295858,0.8526645768025078,0.5540883697308279,333,272,1091
instance_0011.txt,pan_liu_sd1_oa1,pan_liu_sd3_oa1,1.0,1.0,1.0,459,291,1489
instance_0011.txt,pan_liu_sd1_oa1,pan_liu_sd3_oa2,0.29770114942528736,0.7267080745341615,0.3304056879966541,259,234,790
instance_0011.txt,pan_liu_sd1_oa1,pan_liu_sd3_oa3,1.0,1.0,1.0,459,291,1489
instance_0011.txt,pan_liu_sd1_oa1,pan_liu_sd3_oa3_multi,1.0,0.8557046979865772,1.0,459,255,1489
instance_0011.txt,pan_liu_sd1_oa1,pan_liu_sd3_oa4,0.4934687953555878,0.8801261829652997,0.5510306686777275,340,279,1096
instance_0011.txt,pan_liu_sd1_oa1,pan_liu_sd4_oa1,0.9934924078091106,1.0,0.9939839572192514,458,291,1487
instance_0011.txt,pan_liu_sd1_oa1,pan_liu_sd4_oa2,0.24282560706401765,0.7423312883435583,0.28663706096083974,220,242,710
instance_0011.txt,pan_liu_sd1_oa1,pan_liu_sd4_oa3,0.9764453961456103,0.9931506849315068,0.9827814569536424,456,290,1484
instance_0011.txt,pan_liu_sd1_oa1,pan_liu_sd4_oa4,0.3748326639892905,0.8074534161490683,0.4385801027557216,280,260,939
instance_0011.txt,pan_liu_sd1_oa1,pan_liu_sl,1.0,1.0,1.0,459,291,1489
instance_0011.txt,pan_liu_sd1_oa1,pan_liu_sl_multi,1.0,0.8557046979865772,1.0,459,255,1489
instance_0011.txt,pan_liu_sd1_oa1,pan_liu_sl_strict,1.0,1.0,1.0,459,291,1489
instance_0011.txt,pan_liu_sd1_oa2,pan_liu_sd1_oa3,0.2112676056338028,0.7665615141955836,0.2718035563082134,180,243,642
instance_0011.txt,pan_liu_sd1_oa2,pan_liu_sd1_oa4,0.33531510107015455,0.745398773006135,0.35054704595186,282,243,801
instance_0011.txt,pan_liu_sd1_oa2,pan_liu_sd2_oa1,0.2112676056338028,0.7665615141955836,0.2718035563082134,180,243,642
instance_0011.txt,pan_liu_sd1_oa2,pan_liu_sd2_oa2,0.6735294117647059,0.8239202657807309,0.6719955898566703,458,248,1219
instance_0011.txt,pan_liu_sd1_oa2,pan_liu_sd2_oa3,0.2112676056338028,0.7665615141955836,0.2718035563082134,180,243,642
instance_0011.txt,pan_liu_sd1_oa2,pan_liu_sd2_oa4,0.33531510107015455,0.745398773006135,0.35054704595186,282,243,801
instance_0011.txt,pan_liu_sd1_oa2,pan_liu_sd3_oa1,0.2112676056338028,0.7665615141955836,0.2718035563082134,180,243,642
instance_0011.txt,pan_liu_sd1_oa2,pan_liu_sd3_oa2,0.4623529411764706,0.7170418006430869,0.4316964285714286,393,223,967
instance_0011.txt,pan_liu_sd1_oa2,pan_liu_sd3_oa3,0.2112676056338028,0.7665615141955836,0.2718035563082134,180,243,642
instance_0011.txt,pan_liu_sd1_oa2,pan_liu_sd3_oa3_multi,0.2112676056338028,0.707395498392283,0.2718035563082134,180,220,642
instance_0011.txt,pan_liu_sd1_oa2,pan_liu_sd3_oa4,0.31682027649769584,0.7553516819571865,0.31877914370495974,275,247,752
instance_0011.txt,pan_liu_sd1_oa2,pan_liu_sd4_oa1,0.21244131455399062,0.7665615141955836,0.27392040643522436,181,243,647
instance_0011.txt,pan_liu_sd1_oa2,pan_liu_sd4_oa2,0.5442092154420921,0.75,0.5112888052681092,437,234,1087
instance_0011.txt,pan_liu_sd1_oa2,pan_liu_sd4_oa3,0.21713615023474178,0.7665615141955836,0.2785774767146486,185,243,658
instance_0011.txt,pan_liu_sd1_oa2,pan_liu_sd4_oa4,0.4316185696361355,0.7445482866043613,0.44532340623545835,344,239,957
instance_0011.txt,pan_liu_sd1_oa2,pan_liu_sl,0.2112676056338028,0.7665615141955836,0.2718035563082134,180,243,642
instance_0011.txt,pan_liu_sd1_oa2,pan_liu_sl_multi,0.2112676056338028,0.707395498392283,0.2718035563082134,180,220,642
instance_0011.txt,pan_liu_sd1_oa2,pan_liu_sl_strict,0.2112676056338028,0.7665615141955836,0.2718035563082134,180,243,642
instance_0011.txt,pan_liu_sd1_oa3,pan_liu_sd1_oa4,0.492603550295858,0.8526645768025078,0.5540883697308279,333,272,1091
instance_0011.txt,pan_liu_sd1_oa3,pan_liu_sd2_oa1,1.0,1.0,1.0,459,291,1489
instance_0011.txt,pan_liu_sd1_oa3,pan_liu_sd2_oa2,0.20046893317702227,0.778816199376947,0.2671723556679309,171,250,634
instance_0011.txt,pan_liu_sd1_oa3,pan_liu_sd2_oa3,1.0,1.0,1.0,459,291,1489
instance_0011.txt,pan_liu_sd1_oa3,pan_liu_sd2_oa4,0.492603550295858,0.8526645768025078,0.5540883697308279,333,272,1091
instance_0011.txt,pan_liu_sd1_oa3,pan_liu_sd3_oa1,1.0,1.0,1.0,459,291,1489
instance_0011.txt,pan_liu_sd1_oa3,pan_liu_sd3_oa2,0.29770114942528736,0.7267080745341615,0.3304056879966541,259,234,790
instance_0011.txt,pan_liu_sd1_oa3,pan_liu_sd3_oa3,1.0,1.0,1.0,459,291,1489
instance_0011.txt,pan_liu_sd1_oa3,pan_liu_sd3_oa3_multi,1.0,0.8557046979865772,1.0,459,255,1489
instance_0011.txt,pan_liu_sd1_oa3,pan_liu_sd3_oa4,0.4934687953555878,0.8801261829652997,0.5510306686777275,340,279,1096
instance_0011.txt,pan_liu_sd1_oa3,pan_liu_sd4_oa1,0.9934924078091106,1.0,0.9939839572192514,458,291,1487
instance_0011.txt,pan_liu_sd1_oa3,pan_liu_sd4_oa2,0.24282560706401765,0.7423312883435583,0.28663706096083974,220,242,710
instance_0011.txt,pan_liu_sd1_oa3,pan_liu_sd4_oa3,0.9764453961456103,0.9931506849315068,0.9827814569536424,456,290,1484
instance_0011.txt,pan_liu_sd1_oa3,pan_liu_sd4_oa4,0.3748326639892905,0.8074534161490683,0.4385801027557216,280,260,939
instance_0011.txt,pan_liu_sd1_oa3,pan_liu_sl,1.0,1.0,1.0,459,291,1489
instance_0011.txt,pan_liu_sd1_oa3,pan_liu_sl_multi,1.0,0.8557046979865772,1.0,459,255,1489
instance_0011.txt,pan_liu_sd1_oa3,pan_liu_sl_strict,1.0,1.0,1.0,459,291,1489
instance_0011.txt,pan_liu_sd1_oa4,pan_liu_sd2_oa1,0.492603550295858,0.8526645768025078,0.5540883697308279,333,272,1091
instance_0011.txt,pan_liu_sd1_oa4,pan_liu_sd2_oa2,0.32265717674970346,0.7629179331306991,0.34890829694323144,272,251,799
instance_0011.txt,pan_liu_sd1_oa4,pan_liu_sd2_oa3,0.492603550295858,0.8526645768025078,0.5540883697308279,333,272,1091
instance_0011.txt,pan_liu_sd1_oa4,pan_liu_sd2_oa4,1.0,1.0,1.0,550,300,1571
instance_0011.txt,pan_liu_sd1_oa4,pan_liu_sd3_oa1,0.492603550295858,0.8526645768025078,0.5540883697308279,333,272,1091
instance_0011.txt,pan_liu_sd1_oa4,pan_liu_sd3_oa2,0.4039125431530495,0.7331288343558282,0.4004291845493562,351,239,933
instance_0011.txt,pan_liu_sd1_oa4,pan_liu_sd3_oa3,0.492603550295858,0.8526645768025078,0.5540883697308279,333,272,1091
instance_0011.txt,pan_liu_sd1_oa4,pan_liu_sd3_oa3_multi,0.492603550295858,0.7728706624605678,0.5540883697308279,333,245,1091
instance_0011.txt,pan_liu_sd1_oa4,pan_liu_sd3_oa4,0.7177914110429447,0.890625,0.7258855585831062,468,285,1332
instance_0011.txt,pan_liu_sd1_oa4,pan_liu_sd4_oa1,0.4918759231905465,0.8526645768025078,0.5526849037487336,333,272,1091
instance_0011.txt,pan_liu_sd1_oa4,pan_liu_sd4_oa2,0.34623893805309736,0.7484848484848485,0.3491539413949649,313,247,846
instance_0011.txt,pan_liu_sd1_oa4,pan_liu_sd4_oa3,0.4977843426883309,0.8526645768025078,0.5566801619433198,337,272,1100
instance_0011.txt,pan_liu_sd1_oa4,pan_liu_sd4_oa4,0.5592747559274756,0.8761904761904762,0.5841683366733467,401,276,1166
instance_0011.txt,pan_liu_sd1_oa4,pan_liu_sl,0.492603550295858,0.8526645768025078,0.5540883697308279,333,272,1091
instance_0011.txt,pan_liu_sd1_oa4,pan_liu_sl_multi,0.492603550295858,0.7728706624605678,0.5540883697308279,333,245,1091
instance_0011.txt,pan_liu_sd1_oa4,pan_liu_sl_strict,0.492603550295858,0.8526645768025078,0.5540883697308279,333,272,1091
instance_0011.txt,pan_liu_sd2_oa1,pan_liu_sd2_oa2,0.20046893317702227,0.778816199376947,0.2671723556679309,171,250,634
instance_0011.txt,pan_liu_sd2_oa1,pan_liu_sd2_oa3,1.0,1.0,1.0,459,291,1489
instance_0011.txt,pan_liu_sd2_oa1,pan_liu_sd2_oa4,0.492603550295858,0.8526645768025078,0.5540883697308279,333,272,1091
instance_0011.txt,pan_liu_sd2_oa1,pan_liu_sd3_oa1,1.0,1.0,1.0,459,291,1489
instance_0011.txt,pan_liu_sd2_oa1,pan_liu_sd3_oa2,0.29770114942528736,0.7267080745341615,0.3304056879966541,259,234,790
instance_0011.txt,pan_liu_sd2_oa1,pan_liu_sd3_oa3,1.0,1.0,1.0,459,291,1489
instance_0011.txt,pan_liu_sd2_oa1,pan_liu_sd3_oa3_multi,1.0,0.8557046979865772,1.0,459,255,1489
instance_0011.txt,pan_liu_sd2_oa1,pan_liu_sd3_oa4,0.4934687953555878,0.8801261829652997,0.5510306686777275,340,279,1096
instance_0011.txt,pan_liu_sd2_oa1,pan_liu_sd4_oa1,0.9934924078091106,1.0,0.9939839572192514,458,291,1487
instance_0011.txt,pan_liu_sd2_oa1,pan_liu_sd4_oa2,0.24282560706401765,0.7423312883435583,0.28663706096083974,220,242,710
instance_0011.txt,pan_liu_sd2_oa1,pan_liu_sd4_oa3,0.9764453961456103,0.9931506849315068,0.9827814569536424,456,290,1484
instance_0011.txt,pan_liu_sd2_oa1,pan_liu_sd4_oa4,0.3748326639892905,0.8074534161490683,0.4385801027557216,280,260,939
instance_0011.txt,pan_liu_sd2_oa1,pan_liu_sl,1.0,1.0,1.0,459,291,1489
instance_0011.txt,pan_liu_sd2_oa1,pan_liu_sl_multi,1.0,0.8557046979865772,1.0,459,255,1489
instance_0011.txt,pan_liu_sd2_oa1,pan_liu_sl_strict,1.0,1.0,1.0,459,291,1489
instance_0011.txt,pan_liu_sd2_oa2,pan_liu_sd2_oa3,0.20046893317702227,0.778816199376947,0.2671723556679309,171,250,634
instance_0011.txt,pan_liu_sd2_oa2,pan_liu_sd2_oa4,0.32265717674970346,0.7629179331306991,0.34890829694323144,272,251,799
instance_0011.txt,pan_liu_sd2_oa2,pan_liu_sd3_oa1,0.20046893317702227,0.778816199376947,0.2671723556679309,171,250,634
instance_0011.txt,pan_liu_sd2_oa2,pan_liu_sd3_oa2,0.4114285714285714,0.7138364779874213,0.3747323340471092,360,227,875
instance_0011.txt,pan_liu_sd2_oa2,pan_liu_sd3_oa3,0.20046893317702227,0.778816199376947,0.2671723556679309,171,250,634
instance_0011.txt,pan_liu_sd2_oa2,pan_liu_sd3_oa3_multi,0.20046893317702227,0.731629392971246,0.2671723556679309,171,229,634
instance_0011.txt,pan_liu_sd2_oa2,pan_liu_sd3_oa4,0.3076036866359447,0.7781155015197568,0.31725888324873097,267,256,750
instance_0011.txt,pan_liu_sd2_oa2,pan_liu_sd4_oa1,0.20164126611957797,0.778816199376947,0.2692793931731985,172,250,639
instance_0011.txt,pan_liu_sd2_oa2,pan_liu_sd4_oa2,0.4825511432009627,0.7460815047021944,0.45454545454545453,401,238,1005
instance_0011.txt,pan_liu_sd2_oa2,pan_liu_sd4_oa3,0.20210280373831777,0.778816199376947,0.2696346073078538,173,250,642
instance_0011.txt,pan_liu_sd2_oa2,pan_liu_sd4_oa4,0.4305555555555556,0.784375,0.4507699486700887,341,251,966
instance_0011.txt,pan_liu_sd2_oa2,pan_liu_sl,0.20046893317702227,0.778816199376947,0.2671723556679309,171,250,634
instance_0011.txt,pan_liu_sd2_oa2,pan_liu_sl_multi,0.20046893317702227,0.731629392971246,0.2671723556679309,171,229,634
instance_0011.txt,pan_liu_sd2_oa2,pan_liu_sl_strict,0.20046893317702227,0.778816199376947,0.2671723556679309,171,250,634
instance_0011.txt,pan_liu_sd2_oa3,pan_liu_sd2_oa4,0.492603550295858,0.8526645768025078,0.5540883697308279,333,272,1091
instance_0011.txt,pan_liu_sd2_oa3,pan_liu_sd3_oa1,1.0,1.0,1.0,459,291,1489
instance_0011.txt,pan_liu_sd2_oa3,pan_liu_sd3_oa2,0.29770114942528736,0.7267080745341615,0.3304056879966541,259,234,790
instance_0011.txt,pan_liu_sd2_oa3,pan_liu_sd3_oa3,1.0,1.0,1.0,459,291,1489
instance_0011.txt,pan_liu_sd2_oa3,pan_liu_sd3_oa3_multi,1.0,0.8557046979865772,1.0,459,255,1489
instance_0011.txt,pan_liu_sd2_oa3,pan_liu_sd3_oa4,0.4934687953555878,0.8801261829652997,0.5510306686777275,340,279,1096
instance_0011.txt,pan_liu_sd2_oa3,pan_liu_sd4_oa1,0.9934924078091106,1.0,0.9939839572192514,458,291,1487
instance_0011.txt,pan_liu_sd2_oa3,pan_liu_sd4_oa2,0.24282560706401765,0.7423312883435583,0.28663706096083974,220,242,710
instance_0011.txt,pan_liu_sd2_oa3,pan_liu_sd4_oa3,0.9764453961456103,0.9931506849315068,0.9827814569536424,456,290,1484
instance_0011.txt,pan_liu_sd2_oa3,pan_liu_sd4_oa4,0.3748326639892905,0.8074534161490683,0.4385801027557216,280,260,939
instance_0011.txt,pan_liu_sd2_oa3,pan_liu_sl,1.0,1.0,1.0,459,291,1489
instance_0011.txt,pan_liu_sd2_oa3,pan_liu_sl_multi,1.0,0.8557046979865772,1.0,459,255,1489
instance_0011.txt,pan_liu_sd2_oa3,pan_liu_sl_strict,1.0,1.0,1.0,459,291,1489
instance_0011.txt,pan_liu_sd2_oa4,pan_liu_sd3_oa1,0.492603550295858,0.8526645768025078,0.5540883697308279,333,272,1091
instance_0011.txt,pan_liu_sd2_oa4,pan_liu_sd3_oa2,0.4039125431530495,0.7331288343558282,0.4004291845493562,351,239,933
instance_0011.txt,pan_liu_sd2_oa4,pan_liu_sd3_oa3,0.492603550295858,0.8526645768025078,0.5540883697308279,333,272,1091
instance_0011.txt,pan_liu_sd2_oa4,pan_liu_sd3_oa3_multi,0.492603550295858,0.7728706624605678,0.5540883697308279,333,245,1091
instance_0011.txt,pan_liu_sd2_oa4,pan_liu_sd3_oa4,0.7177914110429447,0.890625,0.7258855585831062,468,285,1332
instance_0011.txt,pan_liu_sd2_oa4,pan_liu_sd4_oa1,0.4918759231905465,0.8526645768025078,0.5526849037487336,333,272,1091
instance_0011.txt,pan_liu_sd2_oa4,pan_liu_sd4_oa2,0.34623893805309736,0.7484848484848485,0.3491539413949649,313,247,846
instance_0011.txt,pan_liu_sd2_oa4,pan_liu_sd4_oa3,0.4977843426883309,0.8526645768025078,0.5566801619433198,337,272,1100
instance_0011.txt,pan_liu_sd2_oa4,pan_liu_sd4_oa4,0.5592747559274756,0.8761904761904762,0.5841683366733467,401,276,1166
instance_0011.txt,pan_liu_sd2_oa4,pan_liu_sl,0.492603550295858,0.8526645768025078,0.5540883697308279,333,272,1091
instance_0011.txt,pan_liu_sd2_oa4,pan_liu_sl_multi,0.492603550295858,0.7728706624605678,0.5540883697308279,333,245,1091
instance_0011.txt,pan_liu_sd2_oa4,pan_liu_sl_strict,0.492603550295858,0.8526645768025078,0.5540883697308279,333,272,1091
instance_0011.txt,pan_liu_sd3_oa1,pan_liu_sd3_oa2,0.29770114942528736,0.7267080745341615,0.3304056879966541,259,234,790
instance_0011.txt,pan_liu_sd3_oa1,pan_liu_sd3_oa3,1.0,1.0,1.0,459,291,1489
instance_0011.txt,pan_liu_sd3_oa1,pan_liu_sd3_oa3_multi,1.0,0.8557046979865772,1.0,459,255,1489
instance_0011.txt,pan_liu_sd3_oa1,pan_liu_sd3_oa4,0.4934687953555878,0.8801261829652997,0.5510306686777275,340,279,1096
instance_0011.txt,pan_liu_sd3_oa1,pan_liu_sd4_oa1,0.9934924078091106,1.0,0.9939839572192514,458,291,1487
instance_0011.txt,pan_liu_sd3_oa1,pan_liu_sd4_oa2,0.24282560706401765,0.7423312883435583,0.28663706096083974,220,242,710
instance_0011.txt,pan_liu_sd3_oa1,pan_liu_sd4_oa3,0.9764453961456103,0.9931506849315068,0.9827814569536424,456,290,1484
instance_0011.txt,pan_liu_sd3_oa1,pan_liu_sd4_oa4,0.3748326639892905,0.8074534161490683,0.4385801027557216,280,260,939
instance_0011.txt,pan_liu_sd3_oa1,pan_liu_sl,1.0,1.0,1.0,459,291,1489
instance_0011.txt,pan_liu_sd3_oa1,pan_liu_sl_multi,1.0,0.8557046979865772,1.0,459,255,1489
instance_0011.txt,pan_liu_sd3_oa1,pan_liu_sl_strict,1.0,1.0,1.0,459,291,1489
instance_0011.txt,pan_liu_sd3_oa2,pan_liu_sd3_oa3,0.29770114942528736,0.7267080745341615,0.3304056879966541,259,234,790
instance_0011.txt,pan_liu_sd3_oa2,pan_liu_sd3_oa3_multi,0.29770114942528736,0.646875,0.3304056879966541,259,207,790
instance_0011.txt,pan_liu_sd3_oa2,pan_liu_sd3_oa4,0.4485981308411215,0.7701863354037267,0.4471830985915493,384,248,1016
instance_0011.txt,pan_liu_sd3_oa2,pan_liu_sd4_oa1,0.2988505747126437,0.7267080745341615,0.3308270676691729,260,234,792
instance_0011.txt,pan_liu_sd3_oa2,pan_liu_sd4_oa2,0.7661822985468957,0.8819444444444444,0.7501290655653072,580,254,1453
instance_0011.txt,pan_liu_sd3_oa2,pan_liu_sd4_oa3,0.30344827586206896,0.7267080745341615,0.33430717863105175,264,234,801
instance_0011.txt,pan_liu_sd3_oa2,pan_liu_sd4_oa4,0.38633818589025753,0.7107692307692308,0.3799915931063472,345,231,904
instance_0011.txt,pan_liu_sd3_oa2,pan_liu_sl,0.29770114942528736,0.7267080745341615,0.3304056879966541,259,234,790
instance_0011.txt,pan_liu_sd3_oa2,pan_liu_sl_multi,0.29770114942528736,0.646875,0.3304056879966541,259,207,790
instance_0011.txt,pan_liu_sd3_oa2,pan_liu_sl_strict,0.29770114942528736,0.7267080745341615,0.3304056879966541,259,234,790
instance_0011.txt,pan_liu_sd3_oa3,pan_liu_sd3_oa3_multi,1.0,0.8557046979865772,1.0,459,255,1489
instance_0011.txt,pan_liu_sd3_oa3,pan_liu_sd3_oa4,0.4934687953555878,0.8801261829652997,0.5510306686777275,340,279,1096
instance_0011.txt,pan_liu_sd3_oa3,pan_liu_sd4_oa1,0.9934924078091106,1.0,0.9939839572192514,458,291,1487
instance_0011.txt,pan_liu_sd3_oa3,pan_liu_sd4_oa2,0.24282560706401765,0.7423312883435583,0.28663706096083974,220,242,710
instance_0011.txt,pan_liu_sd3_oa3,pan_liu_sd4_oa3,0.9764453961456103,0.9931506849315068,0.9827814569536424,456,290,1484
instance_0011.txt,pan_liu_sd3_oa3,pan_liu_sd4_oa4,0.3748326639892905,0.8074534161490683,0.4385801027557216,280,260,939
instance_0011.txt,pan_liu_sd3_oa3,pan_liu_sl,1.0,1.0,1.0,459,291,1489
instance_0011.txt,pan_liu_sd3_oa3,pan_liu_sl_multi,1.0,0.8557046979865772,1.0,459,255,1489
instance_0011.txt,pan_liu_sd3_oa3,pan_liu_sl_strict,1.0,1.0,1.0,459,291,1489
instance_0011.txt,pan_liu_sd3_oa3_multi,pan_liu_sd3_oa4,0.4934687953555878,0.7830188679245284,0.5510306686777275,340,249,1096
instance_0011.txt,pan_liu_sd3_oa3_multi,pan_liu_sd4_oa1,0.9934924078091106,0.8557046979865772,0.9939839572192514,458,255,1487
instance_0011.txt,pan_liu_sd3_oa3_multi,pan_liu_sd4_oa2,0.24282560706401765,0.6687306501547987,0.28663706096083974,220,216,710
instance_0011.txt,pan_liu_sd3_oa3_multi,pan_liu_sd4_oa3,0.9764453961456103,0.8494983277591973,0.9827814569536424,456,254,1484
instance_0011.txt,pan_liu_sd3_oa3_multi,pan_liu_sd4_oa4,0.3748326639892905,0.7611464968152867,0.4385801027557216,280,239,939
instance_0011.txt,pan_liu_sd3_oa3_multi,pan_liu_sl,1.0,0.8557046979865772,1.0,459,255,1489
instance_0011.txt,pan_liu_sd3_oa3_multi,pan_liu_sl_multi,1.0,1.0,1.0,459,262,1489
instance_0011.txt,pan_liu_sd3_oa3_multi,pan_liu_sl_strict,1.0,0.8557046979865772,1.0,459,255,1489
instance_0011.txt,pan_liu_sd3_oa4,pan_liu_sd4_oa1,0.4927536231884058,0.8801261829652997,0.5496489468405216,340,279,1096
instance_0011.txt,pan_liu_sd3_oa4,pan_liu_sd4_oa2,0.3729189789123196,0.774390243902439,0.366804979253112,336,254,884
instance_0011.txt,pan_liu_sd3_oa4,pan_liu_sd4_oa3,0.49421965317919075,0.8742138364779874,0.5505,342,278,1101
instance_0011.txt,pan_liu_sd3_oa4,pan_liu_sd4_oa4,0.3894993894993895,0.806060606060606,0.4101769911504425,319,266,927
instance_0011.txt,pan_liu_sd3_oa4,pan_liu_sl,0.4934687953555878,0.8801261829652997,0.5510306686777275,340,279,1096
instance_0011.txt,pan_liu_sd3_oa4,pan_liu_sl_multi,0.4934687953555878,0.7830188679245284,0.5510306686777275,340,249,1096
instance_0011.txt,pan_liu_sd3_oa4,pan_liu_sl_strict,0.4934687953555878,0.8801261829652997,0.5510306686777275,340,279,1096
instance_0011.txt,pan_liu_sd4_oa1,pan_liu_sd4_oa2,0.24392935982339956,0.7423312883435583,0.2886556318126766,221,242,715
instance_0011.txt,pan_liu_sd4_oa1,pan_liu_sd4_oa3,0.9828326180257511,0.9931506849315068,0.9887267904509284,458,290,1491
instance_0011.txt,pan_liu_sd4_oa1,pan_liu_sd4_oa4,0.37617135207496655,0.8074534161490683,0.44091546006539,281,260,944
instance_0011.txt,pan_liu_sd4_oa1,pan_liu_sl,0.9934924078091106,1.0,0.9939839572192514,458,291,1487
instance_0011.txt,pan_liu_sd4_oa1,pan_liu_sl_multi,0.9934924078091106,0.8557046979865772,0.9939839572192514,458,255,1487
instance_0011.txt,pan_liu_sd4_oa1,pan_liu_sl_strict,0.9934924078091106,1.0,0.9939839572192514,458,291,1487
instance_0011.txt,pan_liu_sd4_oa2,pan_liu_sd4_oa3,0.24972375690607734,0.7423312883435583,0.2930964876867178,226,242,726
instance_0011.txt,pan_liu_sd4_oa2,pan_liu_sd4_oa4,0.4098173515981735,0.7423312883435583,0.4140154772141015,359,242,963
instance_0011.txt,pan_liu_sd4_oa2,pan_liu_sl,0.24282560706401765,0.7423312883435583,0.28663706096083974,220,242,710
instance_0011.txt,pan_liu_sd4_oa2,pan_liu_sl_multi,0.24282560706401765,0.6687306501547987,0.28663706096083974,220,216,710
instance_0011.txt,pan_liu_sd4_oa2,pan_liu_sl_strict,0.24282560706401765,0.7423312883435583,0.28663706096083974,220,242,710
instance_0011.txt,pan_liu_sd4_oa3,pan_liu_sd4_oa4,0.3815261044176707,0.8074534161490683,0.44672897196261685,285,260,956
instance_0011.txt,pan_liu_sd4_oa3,pan_liu_sl,0.9764453961456103,0.9931506849315068,0.9827814569536424,456,290,1484
instance_0011.txt,pan_liu_sd4_oa3,pan_liu_sl_multi,0.9764453961456103,0.8494983277591973,0.9827814569536424,456,254,1484
instance_0011.txt,pan_liu_sd4_oa3,pan_liu_sl_strict,0.9764453961456103,0.9931506849315068,0.9827814569536424,456,290,1484
instance_0011.txt,pan_liu_sd4_oa4,pan_liu_sl,0.3748326639892905,0.8074534161490683,0.4385801027557216,280,260,939
instance_0011.txt,pan_liu_sd4_oa4,pan_liu_sl_multi,0.3748326639892905,0.7611464968152867,0.4385801027557216,280,239,939
instance_0011.txt,pan_liu_sd4_oa4,pan_liu_sl_strict,0.3748326639892905,0.8074534161490683,0.4385801027557216,280,260,939
instance_0011.txt,pan_liu_sl,pan_liu_sl_multi,1.0,0.8557046979865772,1.0,459,255,1489
instance_0011.txt,pan_liu_sl,pan_liu_sl_strict,1.0,1.0,1.0,459,291,1489
instance_0011.txt,pan_liu_sl_multi,pan_liu_sl_strict,1.0,0.8557046979865772,1.0,459,255,1489
instance_0012.txt,pan_liu_sd1_oa1,pan_liu_sd1_oa2,0.06172839506172839,0.1623931623931624,0.11160714285714286,5,19,25
instance_0012.txt,pan_liu_sd1_oa1,pan_liu_sd1_oa3,0.8372093023255814,0.8974358974358975,0.8913043478260869,36,70,123
instance_0012.txt,pan_liu_sd1_oa1,pan_liu_sd1_oa4,0.2,0.20967741935483872,0.29381443298969073,14,26,57
instance_0012.txt,pan_liu_sd1_oa1,pan_liu_sd2_oa1,1.0,1.0,1.0,39,72,130
instance_0012.txt,pan_liu_sd1_oa1,pan_liu_sd2_oa2,0.06172839506172839,0.1623931623931624,0.11160714285714286,5,19,25
instance_0012.txt,pan_liu_sd1_oa1,pan_liu_sd2_oa3,0.8372093023255814,0.8974358974358975,0.8913043478260869,36,70,123
instance_0012.txt,pan_liu_sd1_oa1,pan_liu_sd2_oa4,0.2,0.20967741935483872,0.29381443298969073,14,26,57
instance_0012.txt,pan_liu_sd1_oa1,pan_liu_sd3_oa1,0.8,0.7411764705882353,0.7315436241610739,36,63,109
instance_0012.txt,pan_liu_sd1_oa1,pan_liu_sd3_oa2,0.06451612903225806,0.16666666666666666,0.07692307692307693,6,24,19
instance_0012.txt,pan_liu_sd1_oa1,pan_liu_sd3_oa3,0.8,0.7411764705882353,0.7315436241610739,36,63,109
instance_0012.txt,pan_liu_sd1_oa1,pan_liu_sd3_oa3_multi,0.8,0.3645833333333333,0.7315436241610739,36,35,109
instance_0012.txt,pan_liu_sd1_oa1,pan_liu_sd3_oa4,0.375,0.33962264150943394,0.40828402366863903,21,36,69
instance_0012.txt,pan_liu_sd1_oa1,pan_liu_sd4_oa1,0.6808510638297872,0.6588235294117647,0.6711409395973155,32,56,100
instance_0012.txt,pan_liu_sd1_oa1,pan_liu_sd4_oa2,0.03488372093023256,0.12605042016806722,0.03896103896103896,3,15,9
instance_0012.txt,pan_liu_sd1_oa1,pan_liu_sd4_oa3,0.3389830508474576,0.2916666666666667,0.34065934065934067,20,28,62
instance_0012.txt,pan_liu_sd1_oa1,pan_liu_sd4_oa4,0.17567567567567569,0.18548387096774194,0.24875621890547264,13,23,50
instance_0012.txt,pan_liu_sd1_oa1,pan_liu_sl,1.0,1.0,1.0,39,72,130
instance_0012.txt,pan_liu_sd1_oa1,pan_liu_sl_multi,1.0,0.45555555555555555,1.0,39,41,130
instance_0012.txt,pan_liu_sd1_oa1,pan_liu_sl_strict,1.0,1.0,1.0,39,72,130
instance_0012.txt,pan_liu_sd1_oa2,pan_liu_sd1_oa3,0.0875,0.19658119658119658,0.13122171945701358,7,23,29
instance_0012.txt,pan_liu_sd1_oa2,pan_liu_sd1_oa4,0.24324324324324326,0.27927927927927926,0.2631578947368421,18,31,50
instance_0012.txt,pan_liu_sd1_oa2,pan_liu_sd2_oa1,0.06172839506172839,0.1623931623931624,0.11160714285714286,5,19,25
instance_0012.txt,pan_liu_sd1_oa2,pan_liu_sd2_oa2,1.0,1.0,1.0,47,64,119
instance_0012.txt,pan_liu_sd1_oa2,pan_liu_sd2_oa3,0.0875,0.19658119658119658,0.13122171945701358,7,23,29
instance_0012.txt,pan_liu_sd1_oa2,pan_liu_sd2_oa4,0.24324324324324326,0.27927927927927926,0.2631578947368421,18,31,50
instance_0012.txt,pan_liu_sd1_oa2,pan_liu_sd3_oa1,0.05952380952380952,0.16666666666666666,0.06926406926406926,5,20,16
instance_0012.txt,pan_liu_sd1_oa2,pan_liu_sd3_oa2,0.35443037974683544,0.3559322033898305,0.2878787878787879,28,42,57
instance_0012.txt,pan_liu_sd1_oa2,pan_liu_sd3_oa3,0.05952380952380952,0.16666666666666666,0.06926406926406926,5,20,16
instance_0012.txt,pan_liu_sd1_oa2,pan_liu_sd3_oa3_multi,0.05952380952380952,0.1388888888888889,0.06926406926406926,5,15,16
instance_0012.txt,pan_liu_sd1_oa2,pan_liu_sd3_oa4,0.14864864864864866,0.2761904761904762,0.1641025641025641,11,29,32
instance_0012.txt,pan_liu_sd1_oa2,pan_liu_sd4_oa1,0.07407407407407407,0.16666666666666666,0.09174311926605505,6,19,20
instance_0012.txt,pan_liu_sd1_oa2,pan_liu_sd4_oa2,0.8653846153846154,0.8805970149253731,0.8174603174603174,45,59,103
instance_0012.txt,pan_liu_sd1_oa2,pan_liu_sd4_oa3,0.1917808219178082,0.20833333333333334,0.2198952879581152,14,20,42
instance_0012.txt,pan_liu_sd1_oa2,pan_liu_sd4_oa4,0.3194444444444444,0.34951456310679613,0.3407821229050279,23,36,61
instance_0012.txt,pan_liu_sd1_oa2,pan_liu_sl,0.06172839506172839,0.1623931623931624,0.11160714285714286,5,19,25
instance_0012.txt,pan_liu_sd1_oa2,pan_liu_sl_multi,0.06172839506172839,0.17142857142857143,0.11160714285714286,5,18,25
instance_0012.txt,pan_liu_sd1_oa2,pan_liu_sl_strict,0.06172839506172839,0.1623931623931624,0.11160714285714286,5,19,25
instance_0012.txt,pan_liu_sd1_oa3,pan_liu_sd1_oa4,0.18055555555555555,0.1937984496124031,0.27918781725888325,13,25,55
instance_0012.txt,pan_liu_sd1_oa3,pan_liu_sd2_oa1,0.8372093023255814,0.8974358974358975,0.8913043478260869,36,70,123
instance_0012.txt,pan_liu_sd1_oa3,pan_liu_sd2_oa2,0.0875,0.19658119658119658,0.13122171945701358,7,23,29
instance_0012.txt,pan_liu_sd1_oa3,pan_liu_sd2_oa3,1.0,1.0,1.0,40,76,131
instance_0012.txt,pan_liu_sd1_oa3,pan_liu_sd2_oa4,0.18055555555555555,0.1937984496124031,0.27918781725888325,13,25,55
instance_0012.txt,pan_liu_sd1_oa3,pan_liu_sd3_oa1,0.673469387755102,0.6703296703296703,0.6496815286624203,33,61,102
instance_0012.txt,pan_liu_sd1_oa3,pan_liu_sd3_oa2,0.1111111111111111,0.18620689655172415,0.1125,10,27,27
instance_0012.txt,pan_liu_sd1_oa3,pan_liu_sd3_oa3,0.673469387755102,0.6703296703296703,0.6496815286624203,33,61,102
instance_0012.txt,pan_liu_sd1_oa3,pan_liu_sd3_oa3_multi,0.673469387755102,0.3235294117647059,0.6496815286624203,33,33,102
instance_0012.txt,pan_liu_sd1_oa3,pan_liu_sd3_oa4,0.3220338983050847,0.32727272727272727,0.3657142857142857,19,36,64
instance_0012.txt,pan_liu_sd1_oa3,pan_liu_sd4_oa1,0.6,0.6111111111111112,0.6233766233766234,30,55,96
instance_0012.txt,pan_liu_sd1_oa3,pan_liu_sd4_oa2,0.07142857142857142,0.15966386554621848,0.06637168141592921,6,19,15
instance_0012.txt,pan_liu_sd1_oa3,pan_liu_sd4_oa3,0.2903225806451613,0.26732673267326734,0.31016042780748665,18,27,58
instance_0012.txt,pan_liu_sd1_oa3,pan_liu_sd4_oa4,0.17333333333333334,0.1796875,0.24752475247524752,13,23,50
instance_0012.txt,pan_liu_sd1_oa3,pan_liu_sl,0.8372093023255814,0.8974358974358975,0.8913043478260869,36,70,123
instance_0012.txt,pan_liu_sd1_oa3,pan_liu_sl_multi,0.8372093023255814,0.42105263157894735,0.8913043478260869,36,40,123
instance_0012.txt,pan_liu_sd1_oa3,pan_liu_sl_strict,0.8372093023255814,0.8974358974358975,0.8913043478260869,36,70,123
instance_0012.txt,pan_liu_sd1_oa4,pan_liu_sd2_oa1,0.2,0.20967741935483872,0.29381443298969073,14,26,57
instance_0012.txt,pan_liu_sd1_oa4,pan_liu_sd2_oa2,0.24324324324324326,0.27927927927927926,0.2631578947368421,18,31,50
instance_0012.txt,pan_liu_sd1_oa4,pan_liu_sd2_oa3,0.18055555555555555,0.1937984496124031,0.27918781725888325,13,25,55
instance_0012.txt,pan_liu_sd1_oa4,pan_liu_sd2_oa4,1.0,1.0,1.0,45,78,121
instance_0012.txt,pan_liu_sd1_oa4,pan_liu_sd3_oa1,0.20833333333333334,0.2125984251968504,0.2146341463414634,15,27,44
instance_0012.txt,pan_liu_sd1_oa4,pan_liu_sd3_oa2,0.22093023255813954,0.29850746268656714,0.19534883720930232,19,40,42
instance_0012.txt,pan_liu_sd1_oa4,pan_liu_sd3_oa3,0.20833333333333334,0.2125984251968504,0.2146341463414634,15,27,44
instance_0012.txt,pan_liu_sd1_oa4,pan_liu_sd3_oa3_multi,0.20833333333333334,0.1810344827586207,0.2146341463414634,15,21,44
instance_0012.txt,pan_liu_sd1_oa4,pan_liu_sd3_oa4,0.16901408450704225,0.2231404958677686,0.20526315789473684,12,27,39
instance_0012.txt,pan_liu_sd1_oa4,pan_liu_sd4_oa1,0.21428571428571427,0.1951219512195122,0.22448979591836735,15,24,44
instance_0012.txt,pan_liu_sd1_oa4,pan_liu_sd4_oa2,0.26666666666666666,0.25,0.2094240837696335,20,28,40
instance_0012.txt,pan_liu_sd1_oa4,pan_liu_sd4_oa3,0.26865671641791045,0.21495327102803738,0.26344086021505375,18,23,49
instance_0012.txt,pan_liu_sd1_oa4,pan_liu_sd4_oa4,0.86,0.8433734939759037,0.8333333333333334,43,70,110
instance_0012.txt,pan_liu_sd1_oa4,pan_liu_sl,0.2,0.20967741935483872,0.29381443298969073,14,26,57
instance_0012.txt,pan_liu_sd1_oa4,pan_liu_sl_multi,0.2,0.1810344827586207,0.29381443298969073,14,21,57
instance_0012.txt,pan_liu_sd1_oa4,pan_liu_sl_strict,0.2,0.20967741935483872,0.29381443298969073,14,26,57
instance_0012.txt,pan_liu_sd2_oa1,pan_liu_sd2_oa2,0.06172839506172839,0.1623931623931624,0.11160714285714286,5,19,25
instance_0012.txt,pan_liu_sd2_oa1,pan_liu_sd2_oa3,0.8372093023255814,0.8974358974358975,0.8913043478260869,36,70,123
instance_0012.txt,pan_liu_sd2_oa1,pan_liu_sd2_oa4,0.2,0.20967741935483872,0.29381443298969073,14,26,57
instance_0012.txt,pan_liu_sd2_oa1,pan_liu_sd3_oa1,0.8,0.7411764705882353,0.7315436241610739,36,63,109
instance_0012.txt,pan_liu_sd2_oa1,pan_liu_sd3_oa2,0.06451612903225806,0.16666666666666666,0.07692307692307693,6,24,19
instance_0012.txt,pan_liu_sd2_oa1,pan_liu_sd3_oa3,0.8,0.7411764705882353,0.7315436241610739,36,63,109
instance_0012.txt,pan_liu_sd2_oa1,pan_liu_sd3_oa3_multi,0.8,0.3645833333333333,0.7315436241610739,36,35,109
instance_0012.txt,pan_liu_sd2_oa1,pan_liu_sd3_oa4,0.375,0.33962264150943394,0.40828402366863903,21,36,69
instance_0012.txt,pan_liu_sd2_oa1,pan_liu_sd4_oa1,0.6808510638297872,0.6588235294117647,0.6711409395973155,32,56,100
instance_0012.txt,pan_liu_sd2_oa1,pan_liu_sd4_oa2,0.03488372093023256,0.12605042016806722,0.03896103896103896,3,15,9
instance_0012.txt,pan_liu_sd2_oa1,pan_liu_sd4_oa3,0.3389830508474576,0.2916666666666667,0.34065934065934067,20,28,62
instance_0012.txt,pan_liu_sd2_oa1,pan_liu_sd4_oa4,0.17567567567567569,0.18548387096774194,0.24875621890547264,13,23,50
instance_0012.txt,pan_liu_sd2_oa1,pan_liu_sl,1.0,1.0,1.0,39,72,130
instance_0012.txt,pan_liu_sd2_oa1,pan_liu_sl_multi,1.0,0.45555555555555555,1.0,39,41,130
instance_0012.txt,pan_liu_sd2_oa1,pan_liu_sl_strict,1.0,1.0,1.0,39,72,130
instance_0012.txt,pan_liu_sd2_oa2,pan_liu_sd2_oa3,0.0875,0.19658119658119658,0.13122171945701358,7,23,29
instance_0012.txt,pan_liu_sd2_oa2,pan_liu_sd2_oa4,0.24324324324324326,0.27927927927927926,0.2631578947368421,18,31,50
instance_0012.txt,pan_liu_sd2_oa2,pan_liu_sd3_oa1,0.05952380952380952,0.16666666666666666,0.06926406926406926,5,20,16
instance_0012.txt,pan_liu_sd2_oa2,pan_liu_sd3_oa2,0.35443037974683544,0.3559322033898305,0.2878787878787879,28,42,57
instance_0012.txt,pan_liu_sd2_oa2,pan_liu_sd3_oa3,0.05952380952380952,0.16666666666666666,0.06926406926406926,5,20,16
instance_0012.txt,pan_liu_sd2_oa2,pan_liu_sd3_oa3_multi,0.05952380952380952,0.1388888888888889,0.06926406926406926,5,15,16
instance_0012.txt,pan_liu_sd2_oa2,pan_liu_sd3_oa4,0.14864864864864866,0.2761904761904762,0.1641025641025641,11,29,32
instance_0012.txt,pan_liu_sd2_oa2,pan_liu_sd4_oa1,0.07407407407407407,0.16666666666666666,0.09174311926605505,6,19,20
instance_0012.txt,pan_liu_sd2_oa2,pan_liu_sd4_oa2,0.8653846153846154,0.8805970149253731,0.8174603174603174,45,59,103
instance_0012.txt,pan_liu_sd2_oa2,pan_liu_sd4_oa3,0.1917808219178082,0.20833333333333334,0.2198952879581152,14,20,42
instance_0012.txt,pan_liu_sd2_oa2,pan_liu_sd4_oa4,0.3194444444444444,0.34951456310679613,0.3407821229050279,23,36,61
instance_0012.txt,pan_liu_sd2_oa2,pan_liu_sl,0.06172839506172839,0.1623931623931624,0.11160714285714286,5,19,25
instance_0012.txt,pan_liu_sd2_oa2,pan_liu_sl_multi,0.06172839506172839,0.17142857142857143,0.11160714285714286,5,18,25
instance_0012.txt,pan_liu_sd2_oa2,pan_liu_sl_strict,0.06172839506172839,0.1623931623931624,0.11160714285714286,5,19,25
instance_0012.txt,pan_liu_sd2_oa3,pan_liu_sd2_oa4,0.18055555555555555,0.1937984496124031,0.27918781725888325,13,25,55
instance_0012.txt,pan_liu_sd2_oa3,pan_liu_sd3_oa1,0.673469387755102,0.6703296703296703,0.6496815286624203,33,61,102
instance_0012.txt,pan_liu_sd2_oa3,pan_liu_sd3_oa2,0.1111111111111111,0.18620689655172415,0.1125,10,27,27
instance_0012.txt,pan_liu_sd2_oa3,pan_liu_sd3_oa3,0.673469387755102,0.6703296703296703,0.6496815286624203,33,61,102
instance_0012.txt,pan_liu_sd2_oa3,pan_liu_sd3_oa3_multi,0.673469387755102,0.3235294117647059,0.6496815286624203,33,33,102
instance_0012.txt,pan_liu_sd2_oa3,pan_liu_sd3_oa4,0.3220338983050847,0.32727272727272727,0.3657142857142857,19,36,64
instance_0012.txt,pan_liu_sd2_oa3,pan_liu_sd4_oa1,0.6,0.6111111111111112,0.6233766233766234,30,55,96
instance_0012.txt,pan_liu_sd2_oa3,pan_liu_sd4_oa2,0.07142857142857142,0.15966386554621848,0.06637168141592921,6,19,15
instance_0012.txt,pan_liu_sd2_oa3,pan_liu_sd4_oa3,0.2903225806451613,0.26732673267326734,0.31016042780748665,18,27,58
instance_0012.txt,pan_liu_sd2_oa3,pan_liu_sd4_oa4,0.17333333333333334,0.1796875,0.24752475247524752,13,23,50
instance_0012.txt,pan_liu_sd2_oa3,pan_liu_sl,0.8372093023255814,0.8974358974358975,0.8913043478260869,36,70,123
instance_0012.txt,pan_liu_sd2_oa3,pan_liu_sl_multi,0.8372093023255814,0.42105263157894735,0.8913043478260869,36,40,123
instance_0012.txt,pan_liu_sd2_oa3,pan_liu_sl_strict,0.8372093023255814,0.8974358974358975,0.8913043478260869,36,70,123
instance_0012.txt,pan_liu_sd2_oa4,pan_liu_sd3_oa1,0.20833333333333334,0.2125984251968504,0.2146341463414634,15,27,44
instance_0012.txt,pan_liu_sd2_oa4,pan_liu_sd3_oa2,0.22093023255813954,0.29850746268656714,0.19534883720930232,19,40,42
instance_0012.txt,pan_liu_sd2_oa4,pan_liu_sd3_oa3,0.20833333333333334,0.2125984251968504,0.2146341463414634,15,27,44
instance_0012.txt,pan_liu_sd2_oa4,pan_liu_sd3_oa3_multi,0.20833333333333334,0.1810344827586207,0.2146341463414634,15,21,44
instance_0012.txt,pan_liu_sd2_oa4,pan_liu_sd3_oa4,0.16901408450704225,0.2231404958677686,0.20526315789473684,12,27,39
instance_0012.txt,pan_liu_sd2_oa4,pan_liu_sd4_oa1,0.21428571428571427,0.1951219512195122,0.22448979591836735,15,24,44
instance_0012.txt,pan_liu_sd2_oa4,pan_liu_sd4_oa2,0.26666666666666666,0.25,0.2094240837696335,20,28,40
instance_0012.txt,pan_liu_sd2_oa4,pan_liu_sd4_oa3,0.26865671641791045,0.21495327102803738,0.26344086021505375,18,23,49
instance_0012.txt,pan_liu_sd2_oa4,pan_liu_sd4_oa4,0.86,0.8433734939759037,0.8333333333333334,43,70,110
instance_0012.txt,pan_liu_sd2_oa4,pan_liu_sl,0.2,0.20967741935483872,0.29381443298969073,14,26,57
instance_0012.txt,pan_liu_sd2_oa4,pan_liu_sl_multi,0.2,0.1810344827586207,0.29381443298969073,14,21,57
instance_0012.txt,pan_liu_sd2_oa4,pan_liu_sl_strict,0.2,0.20967741935483872,0.29381443298969073,14,26,57
instance_0012.txt,pan_liu_sd3_oa1,pan_liu_sd3_oa2,0.05154639175257732,0.15436241610738255,0.06882591093117409,5,23,17
instance_0012.txt,pan_liu_sd3_oa1,pan_liu_sd3_oa3,1.0,1.0,1.0,42,76,128
instance_0012.txt,pan_liu_sd3_oa1,pan_liu_sd3_oa3_multi,1.0,0.45161290322580644,1.0,42,42,128
instance_0012.txt,pan_liu_sd3_oa1,pan_liu_sd3_oa4,0.40350877192982454,0.43137254901960786,0.5225806451612903,23,44,81
instance_0012.txt,pan_liu_sd3_oa1,pan_liu_sd4_oa1,0.8222222222222222,0.8354430379746836,0.8571428571428571,37,66,114
instance_0012.txt,pan_liu_sd3_oa1,pan_liu_sd4_oa2,0.06976744186046512,0.1694915254237288,0.07207207207207207,6,20,16
instance_0012.txt,pan_liu_sd3_oa1,pan_liu_sd4_oa3,0.43859649122807015,0.391304347826087,0.4578313253012048,25,36,76
instance_0012.txt,pan_liu_sd3_oa1,pan_liu_sd4_oa4,0.16883116883116883,0.1796875,0.1527777777777778,13,23,33
instance_0012.txt,pan_liu_sd3_oa1,pan_liu_sl,0.8,0.7411764705882353,0.7315436241610739,36,63,109
instance_0012.txt,pan_liu_sd3_oa1,pan_liu_sl_multi,0.8,0.33663366336633666,0.7315436241610739,36,34,109
instance_0012.txt,pan_liu_sd3_oa1,pan_liu_sl_strict,0.8,0.7411764705882353,0.7315436241610739,36,63,109
instance_0012.txt,pan_liu_sd3_oa2,pan_liu_sd3_oa3,0.05154639175257732,0.15436241610738255,0.06882591093117409,5,23,17
instance_0012.txt,pan_liu_sd3_oa2,pan_liu_sd3_oa3_multi,0.05154639175257732,0.10714285714285714,0.06882591093117409,5,15,17
instance_0012.txt,pan_liu_sd3_oa2,pan_liu_sd3_oa4,0.11363636363636363,0.16083916083916083,0.0990990990990991,10,23,22
instance_0012.txt,pan_liu_sd3_oa2,pan_liu_sd4_oa1,0.030927835051546393,0.11486486486486487,0.036585365853658534,3,17,9
instance_0012.txt,pan_liu_sd3_oa2,pan_liu_sd4_oa2,0.34146341463414637,0.3739130434782609,0.30158730158730157,28,43,57
instance_0012.txt,pan_liu_sd3_oa2,pan_liu_sd4_oa3,0.02040816326530612,0.08029197080291971,0.02880658436213992,2,11,7
instance_0012.txt,pan_liu_sd3_oa2,pan_liu_sd4_oa4,0.2857142857142857,0.3359375,0.25980392156862747,24,43,53
instance_0012.txt,pan_liu_sd3_oa2,pan_liu_sl,0.06451612903225806,0.16666666666666666,0.07692307692307693,6,24,19
instance_0012.txt,pan_liu_sd3_oa2,pan_liu_sl_multi,0.06451612903225806,0.11510791366906475,0.07692307692307693,6,16,19
instance_0012.txt,pan_liu_sd3_oa2,pan_liu_sl_strict,0.06451612903225806,0.16666666666666666,0.07692307692307693,6,24,19
instance_0012.txt,pan_liu_sd3_oa3,pan_liu_sd3_oa3_multi,1.0,0.45161290322580644,1.0,42,42,128
instance_0012.txt,pan_liu_sd3_oa3,pan_liu_sd3_oa4,0.40350877192982454,0.43137254901960786,0.5225806451612903,23,44,81
instance_0012.txt,pan_liu_sd3_oa3,pan_liu_sd4_oa1,0.8222222222222222,0.8354430379746836,0.8571428571428571,37,66,114
instance_0012.txt,pan_liu_sd3_oa3,pan_liu_sd4_oa2,0.06976744186046512,0.1694915254237288,0.07207207207207207,6,20,16
instance_0012.txt,pan_liu_sd3_oa3,pan_liu_sd4_oa3,0.43859649122807015,0.391304347826087,0.4578313253012048,25,36,76
instance_0012.txt,pan_liu_sd3_oa3,pan_liu_sd4_oa4,0.16883116883116883,0.1796875,0.1527777777777778,13,23,33
instance_0012.txt,pan_liu_sd3_oa3,pan_liu_sl,0.8,0.7411764705882353,0.7315436241610739,36,63,109
instance_0012.txt,pan_liu_sd3_oa3,pan_liu_sl_multi,0.8,0.33663366336633666,0.7315436241610739,36,34,109
instance_0012.txt,pan_liu_sd3_oa3,pan_liu_sl_strict,0.8,0.7411764705882353,0.7315436241610739,36,63,109
instance_0012.txt,pan_liu_sd3_oa3_multi,pan_liu_sd3_oa4,0.40350877192982454,0.35789473684210527,0.5225806451612903,23,34,81
instance_0012.txt,pan_liu_sd3_oa3_multi,pan_liu_sd4_oa1,0.8222222222222222,0.4222222222222222,0.8571428571428571,37,38,114
instance_0012.txt,pan_liu_sd3_oa3_multi,pan_liu_sd4_oa2,0.06976744186046512,0.14150943396226415,0.07207207207207207,6,15,16
instance_0012.txt,pan_liu_sd3_oa3_multi,pan_liu_sd4_oa3,0.43859649122807015,0.29069767441860467,0.4578313253012048,25,25,76
instance_0012.txt,pan_liu_sd3_oa3_multi,pan_liu_sd4_oa4,0.16883116883116883,0.15517241379310345,0.1527777777777778,13,18,33
instance_0012.txt,pan_liu_sd3_oa3_multi,pan_liu_sl,0.8,0.3645833333333333,0.7315436241610739,36,35,109
instance_0012.txt,pan_liu_sd3_oa3_multi,pan_liu_sl_multi,0.8,0.7352941176470589,0.7315436241610739,36,50,109
instance_0012.txt,pan_liu_sd3_oa3_multi,pan_liu_sl_strict,0.8,0.3645833333333333,0.7315436241610739,36,35,109
instance_0012.txt,pan_liu_sd3_oa4,pan_liu_sd4_oa1,0.41818181818181815,0.4631578947368421,0.5337837837837838,23,44,79
instance_0012.txt,pan_liu_sd3_oa4,pan_liu_sd4_oa2,0.14285714285714285,0.2815533980582524,0.17204301075268819,11,29,32
instance_0012.txt,pan_liu_sd3_oa4,pan_liu_sd4_oa3,0.3448275862068966,0.35555555555555557,0.4230769230769231,20,32,66
instance_0012.txt,pan_liu_sd3_oa4,pan_liu_sd4_oa4,0.14666666666666667,0.1885245901639344,0.1507537688442211,11,23,30
instance_0012.txt,pan_liu_sd3_oa4,pan_liu_sl,0.375,0.33962264150943394,0.40828402366863903,21,36,69
instance_0012.txt,pan_liu_sd3_oa4,pan_liu_sl_multi,0.375,0.29,0.40828402366863903,21,29,69
instance_0012.txt,pan_liu_sd3_oa4,pan_liu_sl_strict,0.375,0.33962264150943394,0.40828402366863903,21,36,69
instance_0012.txt,pan_liu_sd4_oa1,pan_liu_sd4_oa2,0.0975609756097561,0.18018018018018017,0.10096153846153846,8,20,21
instance_0012.txt,pan_liu_sd4_oa1,pan_liu_sd4_oa3,0.5384615384615384,0.44047619047619047,0.5328947368421053,28,37,81
instance_0012.txt,pan_liu_sd4_oa1,pan_liu_sd4_oa4,0.1891891891891892,0.17073170731707318,0.17073170731707318,14,21,35
instance_0012.txt,pan_liu_sd4_oa1,pan_liu_sl,0.6808510638297872,0.6588235294117647,0.6711409395973155,32,56,100
instance_0012.txt,pan_liu_sd4_oa1,pan_liu_sl_multi,0.6808510638297872,0.31958762886597936,0.6711409395973155,32,31,100
instance_0012.txt,pan_liu_sd4_oa1,pan_liu_sl_strict,0.6808510638297872,0.6588235294117647,0.6711409395973155,32,56,100
instance_0012.txt,pan_liu_sd4_oa2,pan_liu_sd4_oa3,0.25,0.22580645161290322,0.2655367231638418,18,21,47
instance_0012.txt,pan_liu_sd4_oa2,pan_liu_sd4_oa4,0.3424657534246575,0.3173076923076923,0.2833333333333333,25,33,51
instance_0012.txt,pan_liu_sd4_oa2,pan_liu_sl,0.03488372093023256,0.12605042016806722,0.03896103896103896,3,15,9
instance_0012.txt,pan_liu_sd4_oa2,pan_liu_sl_multi,0.03488372093023256,0.12037037037037036,0.03896103896103896,3,13,9
instance_0012.txt,pan_liu_sd4_oa2,pan_liu_sl_strict,0.03488372093023256,0.12605042016806722,0.03896103896103896,3,15,9
instance_0012.txt,pan_liu_sd4_oa3,pan_liu_sd4_oa4,0.2571428571428571,0.20952380952380953,0.23684210526315788,18,22,45
instance_0012.txt,pan_liu_sd4_oa3,pan_liu_sl,0.3389830508474576,0.2916666666666667,0.34065934065934067,20,28,62
instance_0012.txt,pan_liu_sd4_oa3,pan_liu_sl_multi,0.3389830508474576,0.21978021978021978,0.34065934065934067,20,20,62
instance_0012.txt,pan_liu_sd4_oa3,pan_liu_sl_strict,0.3389830508474576,0.2916666666666667,0.34065934065934067,20,28,62
instance_0012.txt,pan_liu_sd4_oa4,pan_liu_sl,0.17567567567567569,0.18548387096774194,0.24875621890547264,13,23,50
instance_0012.txt,pan_liu_sd4_oa4,pan_liu_sl_multi,0.17567567567567569,0.16521739130434782,0.24875621890547264,13,19,50
instance_0012.txt,pan_liu_sd4_oa4,pan_liu_sl_strict,0.17567567567567569,0.18548387096774194,0.24875621890547264,13,23,50
instance_0012.txt,pan_liu_sl,pan_liu_sl_multi,1.0,0.45555555555555555,1.0,39,41,130
instance_0012.txt,pan_liu_sl,pan_liu_sl_strict,1.0,1.0,1.0,39,72,130
instance_0012.txt,pan_liu_sl_multi,pan_liu_sl_strict,1.0,0.45555555555555555,1.0,39,41,130
instance_0013.txt,pan_liu_sd1_oa1,pan_liu_sd1_oa2,0.14564470808616922,0.5823170731707317,0.15145665145665146,933,191,863
instance_0013.txt,pan_liu_sd1_oa1,pan_liu_sd1_oa3,0.9977298524404086,1.0,0.9982946793997272,3516,311,2927
instance_0013.txt,pan_liu_sd1_oa1,pan_liu_sd1_oa4,0.4593471810089021,0.8028985507246377,0.4262594027809437,2322,277,1870
instance_0013.txt,pan_liu_sd1_oa1,pan_liu_sd2_oa1,1.0,1.0,1.0,3520,311,2929
instance_0013.txt,pan_liu_sd1_oa1,pan_liu_sd2_oa2,0.14564470808616922,0.5823170731707317,0.15145665145665146,933,191,863
instance_0013.txt,pan_liu_sd1_oa1,pan_liu_sd2_oa3,0.9977298524404086,1.0,0.9982946793997272,3516,311,2927
instance_0013.txt,pan_liu_sd1_oa1,pan_liu_sd2_oa4,0.4593471810089021,0.8028985507246377,0.4262594027809437,2322,277,1870
instance_0013.txt,pan_liu_sd1_oa1,pan_liu_sd3_oa1,1.0,1.0,1.0,3520,311,2929
instance_0013.txt,pan_liu_sd1_oa1,pan_liu_sd3_oa2,0.1477166821994408,0.5623100303951368,0.14919636617749826,951,185,854
instance_0013.txt,pan_liu_sd1_oa1,pan_liu_sd3_oa3,0.9977298524404086,1.0,0.9982946793997272,3516,311,2927
instance_0013.txt,pan_liu_sd1_oa1,pan_liu_sd3_oa3_multi,0.9977298524404086,0.7739938080495357,0.9982946793997272,3516,250,2927
instance_0013.txt,pan_liu_sd1_oa1,pan_liu_sd3_oa4,0.4593471810089021,0.8028985507246377,0.4262594027809437,2322,277,1870
instance_0013.txt,pan_liu_sd1_oa1,pan_liu_sd4_oa1,0.9994319795512638,1.0,0.9993174061433447,3519,311,2928
instance_0013.txt,pan_liu_sd1_oa1,pan_liu_sd4_oa2,0.14875645236977944,0.5963302752293578,0.15530569219957835,951,195,884
instance_0013.txt,pan_liu_sd1_oa1,pan_liu_sd4_oa3,0.9819819819819819,1.0,0.9790611279972982,3488,311,2899
instance_0013.txt,pan_liu_sd1_oa1,pan_liu_sd4_oa4,0.26978723404255317,0.5768115942028985,0.2652627511591963,1585,199,1373
instance_0013.txt,pan_liu_sd1_oa1,pan_liu_sl,1.0,1.0,1.0,3520,311,2929
instance_0013.txt,pan_liu_sd1_oa1,pan_liu_sl_multi,1.0,0.7739938080495357,1.0,3520,250,2929
instance_0013.txt,pan_liu_sd1_oa1,pan_liu_sl_strict,1.0,1.0,1.0,3520,311,2929
instance_0013.txt,pan_liu_sd1_oa2,pan_liu_sd1_oa3,0.14600249843847596,0.5823170731707317,0.15183429875373003,935,191,865
instance_0013.txt,pan_liu_sd1_oa2,pan_liu_sd1_oa4,0.23170731707317074,0.5400593471810089,0.24197002141327623,1444,182,1356
instance_0013.txt,pan_liu_sd1_oa2,pan_liu_sd2_oa1,0.14564470808616922,0.5823170731707317,0.15145665145665146,933,191,863
instance_0013.txt,pan_liu_sd1_oa2,pan_liu_sd2_oa2,1.0,1.0,1.0,3819,208,3632
instance_0013.txt,pan_liu_sd1_oa2,pan_liu_sd2_oa3,0.14600249843847596,0.5823170731707317,0.15183429875373003,935,191,865
instance_0013.txt,pan_liu_sd1_oa2,pan_liu_sd2_oa4,0.23170731707317074,0.5400593471810089,0.24197002141327623,1444,182,1356
instance_0013.txt,pan_liu_sd1_oa2,pan_liu_sd3_oa1,0.14564470808616922,0.5823170731707317,0.15145665145665146,933,191,863
instance_0013.txt,pan_liu_sd1_oa2,pan_liu_sd3_oa2,0.5664221678891606,0.6639676113360324,0.5746107266435986,2780,164,2657
instance_0013.txt,pan_liu_sd1_oa2,pan_liu_sd3_oa3,0.14600249843847596,0.5823170731707317,0.15183429875373003,935,191,865
instance_0013.txt,pan_liu_sd1_oa2,pan_liu_sd3_oa3_multi,0.14600249843847596,0.5562913907284768,0.15183429875373003,935,168,865
instance_0013.txt,pan_liu_sd1_oa2,pan_liu_sd3_oa4,0.23170731707317074,0.5400593471810089,0.24197002141327623,1444,182,1356
instance_0013.txt,pan_liu_sd1_oa2,pan_liu_sd4_oa1,0.14564470808616922,0.5823170731707317,0.15145665145665146,933,191,863
instance_0013.txt,pan_liu_sd1_oa2,pan_liu_sd4_oa2,0.9012437810945274,0.9220183486238532,0.8995302713987474,3623,201,3447
instance_0013.txt,pan_liu_sd1_oa2,pan_liu_sd4_oa3,0.14368084774816892,0.5823170731707317,0.1491857818245491,922,191,852
instance_0013.txt,pan_liu_sd1_oa2,pan_liu_sd4_oa4,0.2927357547484172,0.4411764705882353,0.29708460025040245,1757,135,1661
instance_0013.txt,pan_liu_sd1_oa2,pan_liu_sl,0.14564470808616922,0.5823170731707317,0.15145665145665146,933,191,863
instance_0013.txt,pan_liu_sd1_oa2,pan_liu_sl_multi,0.14564470808616922,0.5562913907284768,0.15145665145665146,933,168,863
instance_0013.txt,pan_liu_sd1_oa2,pan_liu_sl_strict,0.14564470808616922,0.5823170731707317,0.15145665145665146,933,191,863
instance_0013.txt,pan_liu_sd1_oa3,pan_liu_sd1_oa4,0.45905854430379744,0.8028985507246377,0.4261622607110301,2321,277,1870
instance_0013.txt,pan_liu_sd1_oa3,pan_liu_sd2_oa1,0.9977298524404086,1.0,0.9982946793997272,3516,311,2927
instance_0013.txt,pan_liu_sd1_oa3,pan_liu_sd2_oa2,0.14600249843847596,0.5823170731707317,0.15183429875373003,935,191,865
instance_0013.txt,pan_liu_sd1_oa3,pan_liu_sd2_oa3,1.0,1.0,1.0,3520,311,2930
instance_0013.txt,pan_liu_sd1_oa3,pan_liu_sd2_oa4,0.45905854430379744,0.8028985507246377,0.4261622607110301,2321,277,1870
instance_0013.txt,pan_liu_sd1_oa3,pan_liu_sd3_oa1,0.9977298524404086,1.0,0.9982946793997272,3516,311,2927
instance_0013.txt,pan_liu_sd1_oa3,pan_liu_sd3_oa2,0.14825174825174825,0.5623100303951368,0.14977280671094023,954,185,857
instance_0013.txt,pan_liu_sd1_oa3,pan_liu_sd3_oa3,0.9994319795512638,1.0,0.9993176390310474,3519,311,2929
instance_0013.txt,pan_liu_sd1_oa3,pan_liu_sd3_oa3_multi,0.9994319795512638,0.7739938080495357,0.9993176390310474,3519,250,2929
instance_0013.txt,pan_liu_sd1_oa3,pan_liu_sd3_oa4,0.45905854430379744,0.8028985507246377,0.4261622607110301,2321,277,1870
instance_0013.txt,pan_liu_sd1_oa3,pan_liu_sd4_oa1,0.9971631205673759,1.0,0.9976133651551312,3515,311,2926
instance_0013.txt,pan_liu_sd1_oa3,pan_liu_sd4_oa2,0.1491159442966672,0.5963302752293578,0.155684413986997,953,195,886
instance_0013.txt,pan_liu_sd1_oa3,pan_liu_sd4_oa3,0.9819819819819819,1.0,0.9787305874409183,3488,311,2899
instance_0013.txt,pan_liu_sd1_oa3,pan_liu_sd4_oa4,0.26913916298060564,0.5768115942028985,0.264967168791039,1582,199,1372
instance_0013.txt,pan_liu_sd1_oa3,pan_liu_sl,0.9977298524404086,1.0,0.9982946793997272,3516,311,2927
instance_0013.txt,pan_liu_sd1_oa3,pan_liu_sl_multi,0.9977298524404086,0.7739938080495357,0.9982946793997272,3516,250,2927
instance_0013.txt,pan_liu_sd1_oa3,pan_liu_sl_strict,0.9977298524404086,1.0,0.9982946793997272,3516,311,2927
instance_0013.txt,pan_liu_sd1_oa4,pan_liu_sd2_oa1,0.4593471810089021,0.8028985507246377,0.4262594027809437,2322,277,1870
instance_0013.txt,pan_liu_sd1_oa4,pan_liu_sd2_oa2,0.23170731707317074,0.5400593471810089,0.24197002141327623,1444,182,1356
instance_0013.txt,pan_liu_sd1_oa4,pan_liu_sd2_oa3,0.45905854430379744,0.8028985507246377,0.4261622607110301,2321,277,1870
instance_0013.txt,pan_liu_sd1_oa4,pan_liu_sd2_oa4,1.0,1.0,1.0,3857,311,3328
instance_0013.txt,pan_liu_sd1_oa4,pan_liu_sd3_oa1,0.4593471810089021,0.8028985507246377,0.4262594027809437,2322,277,1870
instance_0013.txt,pan_liu_sd1_oa4,pan_liu_sd3_oa2,0.2385379929464572,0.5389221556886228,0.24389374220003565,1488,180,1368
instance_0013.txt,pan_liu_sd1_oa4,pan_liu_sd3_oa3,0.4587700217520269,0.8028985507246377,0.4258373205741627,2320,277,1869
instance_0013.txt,pan_liu_sd1_oa4,pan_liu_sd3_oa3_multi,0.4587700217520269,0.6803519061583577,0.4258373205741627,2320,232,1869
instance_0013.txt,pan_liu_sd1_oa4,pan_liu_sd3_oa4,1.0,1.0,1.0,3857,311,3328
instance_0013.txt,pan_liu_sd1_oa4,pan_liu_sd4_oa1,0.4593471810089021,0.8028985507246377,0.4262594027809437,2322,277,1870
instance_0013.txt,pan_liu_sd1_oa4,pan_liu_sd4_oa2,0.23211421238370228,0.5443786982248521,0.24287241625089095,1447,184,1363
instance_0013.txt,pan_liu_sd1_oa4,pan_liu_sd4_oa3,0.4570412798735927,0.8028985507246377,0.4241183162684869,2314,277,1864
instance_0013.txt,pan_liu_sd1_oa4,pan_liu_sd4_oa4,0.23311719120670568,0.5280898876404494,0.2334457660216581,1474,188,1315
instance_0013.txt,pan_liu_sd1_oa4,pan_liu_sl,0.4593471810089021,0.8028985507246377,0.4262594027809437,2322,277,1870
instance_0013.txt,pan_liu_sd1_oa4,pan_liu_sl_multi,0.4593471810089021,0.6803519061583577,0.4262594027809437,2322,232,1870
instance_0013.txt,pan_liu_sd1_oa4,pan_liu_sl_strict,0.4593471810089021,0.8028985507246377,0.4262594027809437,2322,277,1870
instance_0013.txt,pan_liu_sd2_oa1,pan_liu_sd2_oa2,0.14564470808616922,0.5823170731707317,0.15145665145665146,933,191,863
instance_0013.txt,pan_liu_sd2_oa1,pan_liu_sd2_oa3,0.9977298524404086,1.0,0.9982946793997272,3516,311,2927
instance_0013.txt,pan_liu_sd2_oa1,pan_liu_sd2_oa4,0.4593471810089021,0.8028985507246377,0.4262594027809437,2322,277,1870
instance_0013.txt,pan_liu_sd2_oa1,pan_liu_sd3_oa1,1.0,1.0,1.0,3520,311,2929
instance_0013.txt,pan_liu_sd2_oa1,pan_liu_sd3_oa2,0.1477166821994408,0.5623100303951368,0.14919636617749826,951,185,854
instance_0013.txt,pan_liu_sd2_oa1,pan_liu_sd3_oa3,0.9977298524404086,1.0,0.9982946793997272,3516,311,2927
instance_0013.txt,pan_liu_sd2_oa1,pan_liu_sd3_oa3_multi,0.9977298524404086,0.7739938080495357,0.9982946793997272,3516,250,2927
instance_0013.txt,pan_liu_sd2_oa1,pan_liu_sd3_oa4,0.4593471810089021,0.8028985507246377,0.4262594027809437,2322,277,1870
instance_0013.txt,pan_liu_sd2_oa1,pan_liu_sd4_oa1,0.9994319795512638,1.0,0.9993174061433447,3519,311,2928
instance_0013.txt,pan_liu_sd2_oa1,pan_liu_sd4_oa2,0.14875645236977944,0.5963302752293578,0.15530569219957835,951,195,884
instance_0013.txt,pan_liu_sd2_oa1,pan_liu_sd4_oa3,0.9819819819819819,1.0,0.9790611279972982,3488,311,2899
instance_0013.txt,pan_liu_sd2_oa1,pan_liu_sd4_oa4,0.26978723404255317,0.5768115942028985,0.2652627511591963,1585,199,1373
instance_0013.txt,pan_liu_sd2_oa1,pan_liu_sl,1.0,1.0,1.0,3520,311,2929
instance_0013.txt,pan_liu_sd2_oa1,pan_liu_sl_multi,1.0,0.7739938080495357,1.0,3520,250,2929
instance_0013.txt,pan_liu_sd2_oa1,pan_liu_sl_strict,1.0,1.0,1.0,3520,311,2929
instance_0013.txt,pan_liu_sd2_oa2,pan_liu_sd2_oa3,0.14600249843847596,0.5823170731707317,0.15183429875373003,935,191,865
instance_0013.txt,pan_liu_sd2_oa2,pan_liu_sd2_oa4,0.23170731707317074,0.5400593471810089,0.24197002141327623,1444,182,1356
instance_0013.txt,pan_liu_sd2_oa2,pan_liu_sd3_oa1,0.14564470808616922,0.5823170731707317,0.15145665145665146,933,191,863
instance_0013.txt,pan_liu_sd2_oa2,pan_liu_sd3_oa2,0.5664221678891606,0.6639676113360324,0.5746107266435986,2780,164,2657
instance_0013.txt,pan_liu_sd2_oa2,pan_liu_sd3_oa3,0.14600249843847596,0.5823170731707317,0.15183429875373003,935,191,865
instance_0013.txt,pan_liu_sd2_oa2,pan_liu_sd3_oa3_multi,0.14600249843847596,0.5562913907284768,0.15183429875373003,935,168,865
instance_0013.txt,pan_liu_sd2_oa2,pan_liu_sd3_oa4,0.23170731707317074,0.5400593471810089,0.24197002141327623,1444,182,1356
instance_0013.txt,pan_liu_sd2_oa2,pan_liu_sd4_oa1,0.14564470808616922,0.5823170731707317,0.15145665145665146,933,191,863
instance_0013.txt,pan_liu_sd2_oa2,pan_liu_sd4_oa2,0.9012437810945274,0.9220183486238532,0.8995302713987474,3623,201,3447
instance_0013.txt,pan_liu_sd2_oa2,pan_liu_sd4_oa3,0.14368084774816892,0.5823170731707317,0.1491857818245491,922,191,852
instance_0013.txt,pan_liu_sd2_oa2,pan_liu_sd4_oa4,0.2927357547484172,0.4411764705882353,0.29708460025040245,1757,135,1661
instance_0013.txt,pan_liu_sd2_oa2,pan_liu_sl,0.14564470808616922,0.5823170731707317,0.15145665145665146,933,191,863
instance_0013.txt,pan_liu_sd2_oa2,pan_liu_sl_multi,0.14564470808616922,0.5562913907284768,0.15145665145665146,933,168,863
instance_0013.txt,pan_liu_sd2_oa2,pan_liu_sl_strict,0.14564470808616922,0.5823170731707317,0.15145665145665146,933,191,863
instance_0013.txt,pan_liu_sd2_oa3,pan_liu_sd2_oa4,0.45905854430379744,0.8028985507246377,0.4261622607110301,2321,277,1870
instance_0013.txt,pan_liu_sd2_oa3,pan_liu_sd3_oa1,0.9977298524404086,1.0,0.9982946793997272,3516,311,2927
instance_0013.txt,pan_liu_sd2_oa3,pan_liu_sd3_oa2,0.14825174825174825,0.5623100303951368,0.14977280671094023,954,185,857
instance_0013.txt,pan_liu_sd2_oa3,pan_liu_sd3_oa3,0.9994319795512638,1.0,0.9993176390310474,3519,311,2929
instance_0013.txt,pan_liu_sd2_oa3,pan_liu_sd3_oa3_multi,0.9994319795512638,0.7739938080495357,0.9993176390310474,3519,250,2929
instance_0013.txt,pan_liu_sd2_oa3,pan_liu_sd3_oa4,0.45905854430379744,0.8028985507246377,0.4261622607110301,2321,277,1870
instance_0013.txt,pan_liu_sd2_oa3,pan_liu_sd4_oa1,0.9971631205673759,1.0,0.9976133651551312,3515,311,2926
instance_0013.txt,pan_liu_sd2_oa3,pan_liu_sd4_oa2,0.1491159442966672,0.5963302752293578,0.155684413986997,953,195,886
instance_0013.txt,pan_liu_sd2_oa3,pan_liu_sd4_oa3,0.9819819819819819,1.0,0.9787305874409183,3488,311,2899
instance_0013.txt,pan_liu_sd2_oa3,pan_liu_sd4_oa4,0.26913916298060564,0.5768115942028985,0.264967168791039,1582,199,1372
instance_0013.txt,pan_liu_sd2_oa3,pan_liu_sl,0.9977298524404086,1.0,0.9982946793997272,3516,311,2927
instance_0013.txt,pan_liu_sd2_oa3,pan_liu_sl_multi,0.9977298524404086,0.7739938080495357,0.9982946793997272,3516,250,2927
instance_0013.txt,pan_liu_sd2_oa3,pan_liu_sl_strict,0.9977298524404086,1.0,0.9982946793997272,3516,311,2927
instance_0013.txt,pan_liu_sd2_oa4,pan_liu_sd3_oa1,0.4593471810089021,0.8028985507246377,0.4262594027809437,2322,277,1870
instance_0013.txt,pan_liu_sd2_oa4,pan_liu_sd3_oa2,0.2385379929464572,0.5389221556886228,0.24389374220003565,1488,180,1368
instance_0013.txt,pan_liu_sd2_oa4,pan_liu_sd3_oa3,0.4587700217520269,0.8028985507246377,0.4258373205741627,2320,277,1869
instance_0013.txt,pan_liu_sd2_oa4,pan_liu_sd3_oa3_multi,0.4587700217520269,0.6803519061583577,0.4258373205741627,2320,232,1869
instance_0013.txt,pan_liu_sd2_oa4,pan_liu_sd3_oa4,1.0,1.0,1.0,3857,311,3328
instance_0013.txt,pan_liu_sd2_oa4,pan_liu_sd4_oa1,0.4593471810089021,0.8028985507246377,0.4262594027809437,2322,277,1870
instance_0013.txt,pan_liu_sd2_oa4,pan_liu_sd4_oa2,0.23211421238370228,0.5443786982248521,0.24287241625089095,1447,184,1363
instance_0013.txt,pan_liu_sd2_oa4,pan_liu_sd4_oa3,0.4570412798735927,0.8028985507246377,0.4241183162684869,2314,277,1864
instance_0013.txt,pan_liu_sd2_oa4,pan_liu_sd4_oa4,0.23311719120670568,0.5280898876404494,0.2334457660216581,1474,188,1315
instance_0013.txt,pan_liu_sd2_oa4,pan_liu_sl,0.4593471810089021,0.8028985507246377,0.4262594027809437,2322,277,1870
instance_0013.txt,pan_liu_sd2_oa4,pan_liu_sl_multi,0.4593471810089021,0.6803519061583577,0.4262594027809437,2322,232,1870
instance_0013.txt,pan_liu_sd2_oa4,pan_liu_sl_strict,0.4593471810089021,0.8028985507246377,0.4262594027809437,2322,277,1870
instance_0013.txt,pan_liu_sd3_oa1,pan_liu_sd3_oa2,0.1477166821994408,0.5623100303951368,0.14919636617749826,951,185,854
instance_0013.txt,pan_liu_sd3_oa1,pan_liu_sd3_oa3,0.9977298524404086,1.0,0.9982946793997272,3516,311,2927
instance_0013.txt,pan_liu_sd3_oa1,pan_liu_sd3_oa3_multi,0.9977298524404086,0.7739938080495357,0.9982946793997272,3516,250,2927
instance_0013.txt,pan_liu_sd3_oa1,pan_liu_sd3_oa4,0.4593471810089021,0.8028985507246377,0.4262594027809437,2322,277,1870
instance_0013.txt,pan_liu_sd3_oa1,pan_liu_sd4_oa1,0.9994319795512638,1.0,0.9993174061433447,3519,311,2928
instance_0013.txt,pan_liu_sd3_oa1,pan_liu_sd4_oa2,0.14875645236977944,0.5963302752293578,0.15530569219957835,951,195,884
instance_0013.txt,pan_liu_sd3_oa1,pan_liu_sd4_oa3,0.9819819819819819,1.0,0.9790611279972982,3488,311,2899
instance_0013.txt,pan_liu_sd3_oa1,pan_liu_sd4_oa4,0.26978723404255317,0.5768115942028985,0.2652627511591963,1585,199,1373
instance_0013.txt,pan_liu_sd3_oa1,pan_liu_sl,1.0,1.0,1.0,3520,311,2929
instance_0013.txt,pan_liu_sd3_oa1,pan_liu_sl_multi,1.0,0.7739938080495357,1.0,3520,250,2929
instance_0013.txt,pan_liu_sd3_oa1,pan_liu_sl_strict,1.0,1.0,1.0,3520,311,2929
instance_0013.txt,pan_liu_sd3_oa2,pan_liu_sd3_oa3,0.14825174825174825,0.5623100303951368,0.14977280671094023,954,185,857
instance_0013.txt,pan_liu_sd3_oa2,pan_liu_sd3_oa3_multi,0.14825174825174825,0.5397350993377483,0.14977280671094023,954,163,857
instance_0013.txt,pan_liu_sd3_oa2,pan_liu_sd3_oa4,0.2385379929464572,0.5389221556886228,0.24389374220003565,1488,180,1368
instance_0013.txt,pan_liu_sd3_oa2,pan_liu_sd4_oa1,0.14753843764559715,0.5623100303951368,0.14899563318777292,950,185,853
instance_0013.txt,pan_liu_sd3_oa2,pan_liu_sd4_oa2,0.5553983016579054,0.649402390438247,0.5633169059352904,2747,163,2629
instance_0013.txt,pan_liu_sd3_oa2,pan_liu_sd4_oa3,0.14789498213453472,0.5623100303951368,0.14934497816593886,952,185,855
instance_0013.txt,pan_liu_sd3_oa2,pan_liu_sd4_oa4,0.31331987891019175,0.42483660130718953,0.31708642870085163,1863,130,1750
instance_0013.txt,pan_liu_sd3_oa2,pan_liu_sl,0.1477166821994408,0.5623100303951368,0.14919636617749826,951,185,854
instance_0013.txt,pan_liu_sd3_oa2,pan_liu_sl_multi,0.1477166821994408,0.5397350993377483,0.14919636617749826,951,163,854
instance_0013.txt,pan_liu_sd3_oa2,pan_liu_sl_strict,0.1477166821994408,0.5623100303951368,0.14919636617749826,951,185,854
instance_0013.txt,pan_liu_sd3_oa3,pan_liu_sd3_oa3_multi,1.0,0.7739938080495357,1.0,3520,250,2930
instance_0013.txt,pan_liu_sd3_oa3,pan_liu_sd3_oa4,0.4587700217520269,0.8028985507246377,0.4258373205741627,2320,277,1869
instance_0013.txt,pan_liu_sd3_oa3,pan_liu_sd4_oa1,0.9971631205673759,1.0,0.9976133651551312,3515,311,2926
instance_0013.txt,pan_liu_sd3_oa3,pan_liu_sd4_oa2,0.1491159442966672,0.5963302752293578,0.155684413986997,953,195,886
instance_0013.txt,pan_liu_sd3_oa3,pan_liu_sd4_oa3,0.9819819819819819,1.0,0.9787305874409183,3488,311,2899
instance_0013.txt,pan_liu_sd3_oa3,pan_liu_sd4_oa4,0.2693551131529692,0.5768115942028985,0.2652115124589531,1583,199,1373
instance_0013.txt,pan_liu_sd3_oa3,pan_liu_sl,0.9977298524404086,1.0,0.9982946793997272,3516,311,2927
instance_0013.txt,pan_liu_sd3_oa3,pan_liu_sl_multi,0.9977298524404086,0.7739938080495357,0.9982946793997272,3516,250,2927
instance_0013.txt,pan_liu_sd3_oa3,pan_liu_sl_strict,0.9977298524404086,1.0,0.9982946793997272,3516,311,2927
instance_0013.txt,pan_liu_sd3_oa3_multi,pan_liu_sd3_oa4,0.4587700217520269,0.6803519061583577,0.4258373205741627,2320,232,1869
instance_0013.txt,pan_liu_sd3_oa3_multi,pan_liu_sd4_oa1,0.9971631205673759,0.7739938080495357,0.9976133651551312,3515,250,2926
instance_0013.txt,pan_liu_sd3_oa3_multi,pan_liu_sd4_oa2,0.1491159442966672,0.555921052631579,0.155684413986997,953,169,886
instance_0013.txt,pan_liu_sd3_oa3_multi,pan_liu_sd4_oa3,0.9819819819819819,0.7739938080495357,0.9787305874409183,3488,250,2899
instance_0013.txt,pan_liu_sd3_oa3_multi,pan_liu_sd4_oa4,0.2693551131529692,0.5372670807453416,0.2652115124589531,1583,173,1373
instance_0013.txt,pan_liu_sd3_oa3_multi,pan_liu_sl,0.9977298524404086,0.7739938080495357,0.9982946793997272,3516,250,2927
instance_0013.txt,pan_liu_sd3_oa3_multi,pan_liu_sl_multi,0.9977298524404086,1.0,0.9982946793997272,3516,262,2927
instance_0013.txt,pan_liu_sd3_oa3_multi,pan_liu_sl_strict,0.9977298524404086,0.7739938080495357,0.9982946793997272,3516,250,2927
instance_0013.txt,pan_liu_sd3_oa4,pan_liu_sd4_oa1,0.4593471810089021,0.8028985507246377,0.4262594027809437,2322,277,1870
instance_0013.txt,pan_liu_sd3_oa4,pan_liu_sd4_oa2,0.23211421238370228,0.5443786982248521,0.24287241625089095,1447,184,1363
instance_0013.txt,pan_liu_sd3_oa4,pan_liu_sd4_oa3,0.4570412798735927,0.8028985507246377,0.4241183162684869,2314,277,1864
instance_0013.txt,pan_liu_sd3_oa4,pan_liu_sd4_oa4,0.23311719120670568,0.5280898876404494,0.2334457660216581,1474,188,1315
instance_0013.txt,pan_liu_sd3_oa4,pan_liu_sl,0.4593471810089021,0.8028985507246377,0.4262594027809437,2322,277,1870
instance_0013.txt,pan_liu_sd3_oa4,pan_liu_sl_multi,0.4593471810089021,0.6803519061583577,0.4262594027809437,2322,232,1870
instance_0013.txt,pan_liu_sd3_oa4,pan_liu_sl_strict,0.4593471810089021,0.8028985507246377,0.4262594027809437,2322,277,1870
instance_0013.txt,pan_liu_sd4_oa1,pan_liu_sd4_oa2,0.14875645236977944,0.5963302752293578,0.15530569219957835,951,195,884
instance_0013.txt,pan_liu_sd4_oa1,pan_liu_sd4_oa3,0.9825401295409744,1.0,0.9797297297297297,3489,311,2900
instance_0013.txt,pan_liu_sd4_oa1,pan_liu_sd4_oa4,0.2700034048348655,0.5768115942028985,0.2655072463768116,1586,199,1374
instance_0013.txt,pan_liu_sd4_oa1,pan_liu_sl,0.9994319795512638,1.0,0.9993174061433447,3519,311,2928
instance_0013.txt,pan_liu_sd4_oa1,pan_liu_sl_multi,0.9994319795512638,0.7739938080495357,0.9993174061433447,3519,250,2928
instance_0013.txt,pan_liu_sd4_oa1,pan_liu_sl_strict,0.9994319795512638,1.0,0.9993174061433447,3519,311,2928
instance_0013.txt,pan_liu_sd4_oa2,pan_liu_sd4_oa3,0.14839718530101642,0.5963302752293578,0.15484550561797752,949,195,882
instance_0013.txt,pan_liu_sd4_oa2,pan_liu_sd4_oa4,0.29702639492148347,0.44155844155844154,0.30186313149408817,1778,136,1685
instance_0013.txt,pan_liu_sd4_oa2,pan_liu_sl,0.14875645236977944,0.5963302752293578,0.15530569219957835,951,195,884
instance_0013.txt,pan_liu_sd4_oa2,pan_liu_sl_multi,0.14875645236977944,0.555921052631579,0.15530569219957835,951,169,884
instance_0013.txt,pan_liu_sd4_oa2,pan_liu_sl_strict,0.14875645236977944,0.5963302752293578,0.15530569219957835,951,195,884
instance_0013.txt,pan_liu_sd4_oa3,pan_liu_sd4_oa4,0.271085363775771,0.5768115942028985,0.2671179883945841,1591,199,1381
instance_0013.txt,pan_liu_sd4_oa3,pan_liu_sl,0.9819819819819819,1.0,0.9790611279972982,3488,311,2899
instance_0013.txt,pan_liu_sd4_oa3,pan_liu_sl_multi,0.9819819819819819,0.7739938080495357,0.9790611279972982,3488,250,2899
instance_0013.txt,pan_liu_sd4_oa3,pan_liu_sl_strict,0.9819819819819819,1.0,0.9790611279972982,3488,311,2899
instance_0013.txt,pan_liu_sd4_oa4,pan_liu_sl,0.26978723404255317,0.5768115942028985,0.2652627511591963,1585,199,1373
instance_0013.txt,pan_liu_sd4_oa4,pan_liu_sl_multi,0.26978723404255317,0.5372670807453416,0.2652627511591963,1585,173,1373
instance_0013.txt,pan_liu_sd4_oa4,pan_liu_sl_strict,0.26978723404255317,0.5768115942028985,0.2652627511591963,1585,199,1373
instance_0013.txt,pan_liu_sl,pan_liu_sl_multi,1.0,0.7739938080495357,1.0,3520,250,2929
instance_0013.txt,pan_liu_sl,pan_liu_sl_strict,1.0,1.0,1.0,3520,311,2929
instance_0013.txt,pan_liu_sl_multi,pan_liu_sl_strict,1.0,0.7739938080495357,1.0,3520,250,2929
instance_0014.txt,pan_liu_sd1_oa1,pan_liu_sd1_oa2,0.20612648221343874,0.581267217630854,0.2041343669250646,2086,211,1817
instance_0014.txt,pan_liu_sd1_oa1,pan_liu_sd1_oa3,1.0,1.0,1.0,5741,359,4737
instance_0014.txt,pan_liu_sd1_oa1,pan_liu_sd1_oa4,0.5045482866043614,0.8710526315789474,0.4753408761241659,4049,331,3277
instance_0014.txt,pan_liu_sd1_oa1,pan_liu_sd2_oa1,1.0,1.0,1.0,5741,359,4737
instance_0014.txt,pan_liu_sd1_oa1,pan_liu_sd2_oa2,0.20612648221343874,0.581267217630854,0.2041343669250646,2086,211,1817
instance_0014.txt,pan_liu_sd1_oa1,pan_liu_sd2_oa3,1.0,1.0,1.0,5741,359,4737
instance_0014.txt,pan_liu_sd1_oa1,pan_liu_sd2_oa4,0.5045482866043614,0.8710526315789474,0.4753408761241659,4049,331,3277
instance_0014.txt,pan_liu_sd1_oa1,pan_liu_sd3_oa1,1.0,1.0,1.0,5741,359,4737
instance_0014.txt,pan_liu_sd1_oa1,pan_liu_sd3_oa2,0.21243677476941386,0.5702479338842975,0.2094282169843239,2142,207,1857
instance_0014.txt,pan_liu_sd1_oa1,pan_liu_sd3_oa3,1.0,1.0,1.0,5741,359,4737
instance_0014.txt,pan_liu_sd1_oa1,pan_liu_sd3_oa3_multi,1.0,0.9501385041551247,1.0,5741,343,4737
instance_0014.txt,pan_liu_sd1_oa1,pan_liu_sd3_oa4,0.5045482866043614,0.8710526315789474,0.4753408761241659,4049,331,3277
instance_0014.txt,pan_liu_sd1_oa1,pan_liu_sd4_oa1,0.9996516893068618,1.0,0.9995778809624314,5740,359,4736
instance_0014.txt,pan_liu_sd1_oa1,pan_liu_sd4_oa2,0.2057922308984877,0.5840220385674931,0.20348314606741574,2082,212,1811
instance_0014.txt,pan_liu_sd1_oa1,pan_liu_sd4_oa3,0.9951346655082537,1.0,0.9945263157894737,5727,359,4724
instance_0014.txt,pan_liu_sd1_oa1,pan_liu_sd4_oa4,0.3433410315627406,0.7473404255319149,0.3336285425101215,3122,281,2637
instance_0014.txt,pan_liu_sd1_oa1,pan_liu_sl,1.0,1.0,1.0,5741,359,4737
instance_0014.txt,pan_liu_sd1_oa1,pan_liu_sl_multi,1.0,0.9501385041551247,1.0,5741,343,4737
instance_0014.txt,pan_liu_sd1_oa1,pan_liu_sl_strict,1.0,1.0,1.0,5741,359,4737
instance_0014.txt,pan_liu_sd1_oa2,pan_liu_sd1_oa3,0.20612648221343874,0.581267217630854,0.2041343669250646,2086,211,1817
instance_0014.txt,pan_liu_sd1_oa2,pan_liu_sd1_oa4,0.29025103337029945,0.5662983425414365,0.29848708906836535,2879,205,2624
instance_0014.txt,pan_liu_sd1_oa2,pan_liu_sd2_oa1,0.20612648221343874,0.581267217630854,0.2041343669250646,2086,211,1817
instance_0014.txt,pan_liu_sd1_oa2,pan_liu_sd2_oa2,1.0,1.0,1.0,6465,215,5981
instance_0014.txt,pan_liu_sd1_oa2,pan_liu_sd2_oa3,0.20612648221343874,0.581267217630854,0.2041343669250646,2086,211,1817
instance_0014.txt,pan_liu_sd1_oa2,pan_liu_sd2_oa4,0.29025103337029945,0.5662983425414365,0.29848708906836535,2879,205,2624
instance_0014.txt,pan_liu_sd1_oa2,pan_liu_sd3_oa1,0.20612648221343874,0.581267217630854,0.2041343669250646,2086,211,1817
instance_0014.txt,pan_liu_sd1_oa2,pan_liu_sd3_oa2,0.8232892143058294,0.8441558441558441,0.8218906987364896,5847,195,5399
instance_0014.txt,pan_liu_sd1_oa2,pan_liu_sd3_oa3,0.20612648221343874,0.581267217630854,0.2041343669250646,2086,211,1817
instance_0014.txt,pan_liu_sd1_oa2,pan_liu_sd3_oa3_multi,0.20612648221343874,0.5819209039548022,0.2041343669250646,2086,206,1817
instance_0014.txt,pan_liu_sd1_oa2,pan_liu_sd3_oa4,0.29025103337029945,0.5662983425414365,0.29848708906836535,2879,205,2624
instance_0014.txt,pan_liu_sd1_oa2,pan_liu_sd4_oa1,0.2062456764502421,0.581267217630854,0.20426966292134832,2087,211,1818
instance_0014.txt,pan_liu_sd1_oa2,pan_liu_sd4_oa2,0.96219252960826,0.9680365296803652,0.9617656711519528,6337,212,5861
instance_0014.txt,pan_liu_sd1_oa2,pan_liu_sd4_oa3,0.20672268907563024,0.581267217630854,0.20494659921304104,2091,211,1823
instance_0014.txt,pan_liu_sd1_oa2,pan_liu_sd4_oa4,0.40214564369310796,0.5640243902439024,0.4059890240992603,3711,185,3403
instance_0014.txt,pan_liu_sd1_oa2,pan_liu_sl,0.20612648221343874,0.581267217630854,0.2041343669250646,2086,211,1817
instance_0014.txt,pan_liu_sd1_oa2,pan_liu_sl_multi,0.20612648221343874,0.5819209039548022,0.2041343669250646,2086,206,1817
instance_0014.txt,pan_liu_sd1_oa2,pan_liu_sl_strict,0.20612648221343874,0.581267217630854,0.2041343669250646,2086,211,1817
instance_0014.txt,pan_liu_sd1_oa3,pan_liu_sd1_oa4,0.5045482866043614,0.8710526315789474,0.4753408761241659,4049,331,3277
instance_0014.txt,pan_liu_sd1_oa3,pan_liu_sd2_oa1,1.0,1.0,1.0,5741,359,4737
instance_0014.txt,pan_liu_sd1_oa3,pan_liu_sd2_oa2,0.20612648221343874,0.581267217630854,0.2041343669250646,2086,211,1817
instance_0014.txt,pan_liu_sd1_oa3,pan_liu_sd2_oa3,1.0,1.0,1.0,5741,359,4737
instance_0014.txt,pan_liu_sd1_oa3,pan_liu_sd2_oa4,0.5045482866043614,0.8710526315789474,0.4753408761241659,4049,331,3277
instance_0014.txt,pan_liu_sd1_oa3,pan_liu_sd3_oa1,1.0,1.0,1.0,5741,359,4737
instance_0014.txt,pan_liu_sd1_oa3,pan_liu_sd3_oa2,0.21243677476941386,0.5702479338842975,0.2094282169843239,2142,207,1857
instance_0014.txt,pan_liu_sd1_oa3,pan_liu_sd3_oa3,1.0,1.0,1.0,5741,359,4737
instance_0014.txt,pan_liu_sd1_oa3,pan_liu_sd3_oa3_multi,1.0,0.9501385041551247,1.0,5741,343,4737
instance_0014.txt,pan_liu_sd1_oa3,pan_liu_sd3_oa4,0.5045482866043614,0.8710526315789474,0.4753408761241659,4049,331,3277
instance_0014.txt,pan_liu_sd1_oa3,pan_liu_sd4_oa1,0.9996516893068618,1.0,0.9995778809624314,5740,359,4736
instance_0014.txt,pan_liu_sd1_oa3,pan_liu_sd4_oa2,0.2057922308984877,0.5840220385674931,0.20348314606741574,2082,212,1811
instance_0014.txt,pan_liu_sd1_oa3,pan_liu_sd4_oa3,0.9951346655082537,1.0,0.9945263157894737,5727,359,4724
instance_0014.txt,pan_liu_sd1_oa3,pan_liu_sd4_oa4,0.3433410315627406,0.7473404255319149,0.3336285425101215,3122,281,2637
instance_0014.txt,pan_liu_sd1_oa3,pan_liu_sl,1.0,1.0,1.0,5741,359,4737
instance_0014.txt,pan_liu_sd1_oa3,pan_liu_sl_multi,1.0,0.9501385041551247,1.0,5741,343,4737
instance_0014.txt,pan_liu_sd1_oa3,pan_liu_sl_strict,1.0,1.0,1.0,5741,359,4737
instance_0014.txt,pan_liu_sd1_oa4,pan_liu_sd2_oa1,0.5045482866043614,0.8710526315789474,0.4753408761241659,4049,331,3277
instance_0014.txt,pan_liu_sd1_oa4,pan_liu_sd2_oa2,0.29025103337029945,0.5662983425414365,0.29848708906836535,2879,205,2624
instance_0014.txt,pan_liu_sd1_oa4,pan_liu_sd2_oa3,0.5045482866043614,0.8710526315789474,0.4753408761241659,4049,331,3277
instance_0014.txt,pan_liu_sd1_oa4,pan_liu_sd2_oa4,1.0,1.0,1.0,6333,352,5434
instance_0014.txt,pan_liu_sd1_oa4,pan_liu_sd3_oa1,0.5045482866043614,0.8710526315789474,0.4753408761241659,4049,331,3277
instance_0014.txt,pan_liu_sd1_oa4,pan_liu_sd3_oa2,0.29818697457712956,0.5595567867036011,0.30690010298661174,2944,202,2682
instance_0014.txt,pan_liu_sd1_oa4,pan_liu_sd3_oa3,0.5045482866043614,0.8710526315789474,0.4753408761241659,4049,331,3277
instance_0014.txt,pan_liu_sd1_oa4,pan_liu_sd3_oa3_multi,0.5045482866043614,0.843915343915344,0.4753408761241659,4049,319,3277
instance_0014.txt,pan_liu_sd1_oa4,pan_liu_sd3_oa4,1.0,1.0,1.0,6333,352,5434
instance_0014.txt,pan_liu_sd1_oa4,pan_liu_sd4_oa1,0.5043608273112384,0.8710526315789474,0.4751269035532995,4048,331,3276
instance_0014.txt,pan_liu_sd1_oa4,pan_liu_sd4_oa2,0.2903258347624332,0.569060773480663,0.29798611901240185,2878,206,2619
instance_0014.txt,pan_liu_sd1_oa4,pan_liu_sd4_oa3,0.5030499190837794,0.8710526315789474,0.47384437038110416,4041,331,3270
instance_0014.txt,pan_liu_sd1_oa4,pan_liu_sd4_oa4,0.3211264699814318,0.7287234042553191,0.3173133278630876,3113,274,2707
instance_0014.txt,pan_liu_sd1_oa4,pan_liu_sl,0.5045482866043614,0.8710526315789474,0.4753408761241659,4049,331,3277
instance_0014.txt,pan_liu_sd1_oa4,pan_liu_sl_multi,0.5045482866043614,0.843915343915344,0.4753408761241659,4049,319,3277
instance_0014.txt,pan_liu_sd1_oa4,pan_liu_sl_strict,0.5045482866043614,0.8710526315789474,0.4753408761241659,4049,331,3277
instance_0014.txt,pan_liu_sd2_oa1,pan_liu_sd2_oa2,0.20612648221343874,0.581267217630854,0.2041343669250646,2086,211,1817
instance_0014.txt,pan_liu_sd2_oa1,pan_liu_sd2_oa3,1.0,1.0,1.0,5741,359,4737
instance_0014.txt,pan_liu_sd2_oa1,pan_liu_sd2_oa4,0.5045482866043614,0.8710526315789474,0.4753408761241659,4049,331,3277
instance_0014.txt,pan_liu_sd2_oa1,pan_liu_sd3_oa1,1.0,1.0,1.0,5741,359,4737
instance_0014.txt,pan_liu_sd2_oa1,pan_liu_sd3_oa2,0.21243677476941386,0.5702479338842975,0.2094282169843239,2142,207,1857
instance_0014.txt,pan_liu_sd2_oa1,pan_liu_sd3_oa3,1.0,1.0,1.0,5741,359,4737
instance_0014.txt,pan_liu_sd2_oa1,pan_liu_sd3_oa3_multi,1.0,0.9501385041551247,1.0,5741,343,4737
instance_0014.txt,pan_liu_sd2_oa1,pan_liu_sd3_oa4,0.5045482866043614,0.8710526315789474,0.4753408761241659,4049,331,3277
instance_0014.txt,pan_liu_sd2_oa1,pan_liu_sd4_oa1,0.9996516893068618,1.0,0.9995778809624314,5740,359,4736
instance_0014.txt,pan_liu_sd2_oa1,pan_liu_sd4_oa2,0.2057922308984877,0.5840220385674931,0.20348314606741574,2082,212,1811
instance_0014.txt,pan_liu_sd2_oa1,pan_liu_sd4_oa3,0.9951346655082537,1.0,0.9945263157894737,5727,359,4724
instance_0014.txt,pan_liu_sd2_oa1,pan_liu_sd4_oa4,0.3433410315627406,0.7473404255319149,0.3336285425101215,3122,281,2637
instance_0014.txt,pan_liu_sd2_oa1,pan_liu_sl,1.0,1.0,1.0,5741,359,4737
instance_0014.txt,pan_liu_sd2_oa1,pan_liu_sl_multi,1.0,0.9501385041551247,1.0,5741,343,4737
instance_0014.txt,pan_liu_sd2_oa1,pan_liu_sl_strict,1.0,1.0,1.0,5741,359,4737
instance_0014.txt,pan_liu_sd2_oa2,pan_liu_sd2_oa3,0.20612648221343874,0.581267217630854,0.2041343669250646,2086,211,1817
instance_0014.txt,pan_liu_sd2_oa2,pan_liu_sd2_oa4,0.29025103337029945,0.5662983425414365,0.29848708906836535,2879,205,2624
instance_0014.txt,pan_liu_sd2_oa2,pan_liu_sd3_oa1,0.20612648221343874,0.581267217630854,0.2041343669250646,2086,211,1817
instance_0014.txt,pan_liu_sd2_oa2,pan_liu_sd3_oa2,0.8232892143058294,0.8441558441558441,0.8218906987364896,5847,195,5399
instance_0014.txt,pan_liu_sd2_oa2,pan_liu_sd3_oa3,0.20612648221343874,0.581267217630854,0.2041343669250646,2086,211,1817
instance_0014.txt,pan_liu_sd2_oa2,pan_liu_sd3_oa3_multi,0.20612648221343874,0.5819209039548022,0.2041343669250646,2086,206,1817
instance_0014.txt,pan_liu_sd2_oa2,pan_liu_sd3_oa4,0.29025103337029945,0.5662983425414365,0.29848708906836535,2879,205,2624
instance_0014.txt,pan_liu_sd2_oa2,pan_liu_sd4_oa1,0.2062456764502421,0.581267217630854,0.20426966292134832,2087,211,1818
instance_0014.txt,pan_liu_sd2_oa2,pan_liu_sd4_oa2,0.96219252960826,0.9680365296803652,0.9617656711519528,6337,212,5861
instance_0014.txt,pan_liu_sd2_oa2,pan_liu_sd4_oa3,0.20672268907563024,0.581267217630854,0.20494659921304104,2091,211,1823
instance_0014.txt,pan_liu_sd2_oa2,pan_liu_sd4_oa4,0.40214564369310796,0.5640243902439024,0.4059890240992603,3711,185,3403
instance_0014.txt,pan_liu_sd2_oa2,pan_liu_sl,0.20612648221343874,0.581267217630854,0.2041343669250646,2086,211,1817
instance_0014.txt,pan_liu_sd2_oa2,pan_liu_sl_multi,0.20612648221343874,0.5819209039548022,0.2041343669250646,2086,206,1817
instance_0014.txt,pan_liu_sd2_oa2,pan_liu_sl_strict,0.20612648221343874,0.581267217630854,0.2041343669250646,2086,211,1817
instance_0014.txt,pan_liu_sd2_oa3,pan_liu_sd2_oa4,0.5045482866043614,0.8710526315789474,0.4753408761241659,4049,331,3277
instance_0014.txt,pan_liu_sd2_oa3,pan_liu_sd3_oa1,1.0,1.0,1.0,5741,359,4737
instance_0014.txt,pan_liu_sd2_oa3,pan_liu_sd3_oa2,0.21243677476941386,0.5702479338842975,0.2094282169843239,2142,207,1857
instance_0014.txt,pan_liu_sd2_oa3,pan_liu_sd3_oa3,1.0,1.0,1.0,5741,359,4737
instance_0014.txt,pan_liu_sd2_oa3,pan_liu_sd3_oa3_multi,1.0,0.9501385041551247,1.0,5741,343,4737
instance_0014.txt,pan_liu_sd2_oa3,pan_liu_sd3_oa4,0.5045482866043614,0.8710526315789474,0.4753408761241659,4049,331,3277
instance_0014.txt,pan_liu_sd2_oa3,pan_liu_sd4_oa1,0.9996516893068618,1.0,0.9995778809624314,5740,359,4736
instance_0014.txt,pan_liu_sd2_oa3,pan_liu_sd4_oa2,0.2057922308984877,0.5840220385674931,0.20348314606741574,2082,212,1811
instance_0014.txt,pan_liu_sd2_oa3,pan_liu_sd4_oa3,0.9951346655082537,1.0,0.9945263157894737,5727,359,4724
instance_0014.txt,pan_liu_sd2_oa3,pan_liu_sd4_oa4,0.3433410315627406,0.7473404255319149,0.3336285425101215,3122,281,2637
instance_0014.txt,pan_liu_sd2_oa3,pan_liu_sl,1.0,1.0,1.0,5741,359,4737
instance_0014.txt,pan_liu_sd2_oa3,pan_liu_sl_multi,1.0,0.9501385041551247,1.0,5741,343,4737
instance_0014.txt,pan_liu_sd2_oa3,pan_liu_sl_strict,1.0,1.0,1.0,5741,359,4737
instance_0014.txt,pan_liu_sd2_oa4,pan_liu_sd3_oa1,0.5045482866043614,0.8710526315789474,0.4753408761241659,4049,331,3277
instance_0014.txt,pan_liu_sd2_oa4,pan_liu_sd3_oa2,0.29818697457712956,0.5595567867036011,0.30690010298661174,2944,202,2682
instance_0014.txt,pan_liu_sd2_oa4,pan_liu_sd3_oa3,0.5045482866043614,0.8710526315789474,0.4753408761241659,4049,331,3277
instance_0014.txt,pan_liu_sd2_oa4,pan_liu_sd3_oa3_multi,0.5045482866043614,0.843915343915344,0.4753408761241659,4049,319,3277
instance_0014.txt,pan_liu_sd2_oa4,pan_liu_sd3_oa4,1.0,1.0,1.0,6333,352,5434
instance_0014.txt,pan_liu_sd2_oa4,pan_liu_sd4_oa1,0.5043608273112384,0.8710526315789474,0.4751269035532995,4048,331,3276
instance_0014.txt,pan_liu_sd2_oa4,pan_liu_sd4_oa2,0.2903258347624332,0.569060773480663,0.29798611901240185,2878,206,2619
instance_0014.txt,pan_liu_sd2_oa4,pan_liu_sd4_oa3,0.5030499190837794,0.8710526315789474,0.47384437038110416,4041,331,3270
instance_0014.txt,pan_liu_sd2_oa4,pan_liu_sd4_oa4,0.3211264699814318,0.7287234042553191,0.3173133278630876,3113,274,2707
instance_0014.txt,pan_liu_sd2_oa4,pan_liu_sl,0.5045482866043614,0.8710526315789474,0.4753408761241659,4049,331,3277
instance_0014.txt,pan_liu_sd2_oa4,pan_liu_sl_multi,0.5045482866043614,0.843915343915344,0.4753408761241659,4049,319,3277
instance_0014.txt,pan_liu_sd2_oa4,pan_liu_sl_strict,0.5045482866043614,0.8710526315789474,0.4753408761241659,4049,331,3277
instance_0014.txt,pan_liu_sd3_oa1,pan_liu_sd3_oa2,0.21243677476941386,0.5702479338842975,0.2094282169843239,2142,207,1857
instance_0014.txt,pan_liu_sd3_oa1,pan_liu_sd3_oa3,1.0,1.0,1.0,5741,359,4737
instance_0014.txt,pan_liu_sd3_oa1,pan_liu_sd3_oa3_multi,1.0,0.9501385041551247,1.0,5741,343,4737
instance_0014.txt,pan_liu_sd3_oa1,pan_liu_sd3_oa4,0.5045482866043614,0.8710526315789474,0.4753408761241659,4049,331,3277
instance_0014.txt,pan_liu_sd3_oa1,pan_liu_sd4_oa1,0.9996516893068618,1.0,0.9995778809624314,5740,359,4736
instance_0014.txt,pan_liu_sd3_oa1,pan_liu_sd4_oa2,0.2057922308984877,0.5840220385674931,0.20348314606741574,2082,212,1811
instance_0014.txt,pan_liu_sd3_oa1,pan_liu_sd4_oa3,0.9951346655082537,1.0,0.9945263157894737,5727,359,4724
instance_0014.txt,pan_liu_sd3_oa1,pan_liu_sd4_oa4,0.3433410315627406,0.7473404255319149,0.3336285425101215,3122,281,2637
instance_0014.txt,pan_liu_sd3_oa1,pan_liu_sl,1.0,1.0,1.0,5741,359,4737
instance_0014.txt,pan_liu_sd3_oa1,pan_liu_sl_multi,1.0,0.9501385041551247,1.0,5741,343,4737
instance_0014.txt,pan_liu_sd3_oa1,pan_liu_sl_strict,1.0,1.0,1.0,5741,359,4737
instance_0014.txt,pan_liu_sd3_oa2,pan_liu_sd3_oa3,0.21243677476941386,0.5702479338842975,0.2094282169843239,2142,207,1857
instance_0014.txt,pan_liu_sd3_oa2,pan_liu_sd3_oa3_multi,0.21243677476941386,0.5750708215297451,0.2094282169843239,2142,203,1857
instance_0014.txt,pan_liu_sd3_oa2,pan_liu_sd3_oa4,0.29818697457712956,0.5595567867036011,0.30690010298661174,2944,202,2682
instance_0014.txt,pan_liu_sd3_oa2,pan_liu_sd4_oa1,0.2125570323348542,0.5702479338842975,0.20956462891946762,2143,207,1858
instance_0014.txt,pan_liu_sd3_oa2,pan_liu_sd4_oa2,0.8105763850027979,0.8326180257510729,0.8095310136157338,5794,194,5351
instance_0014.txt,pan_liu_sd3_oa2,pan_liu_sd4_oa3,0.21315867817802917,0.5702479338842975,0.21038374717832958,2148,207,1864
instance_0014.txt,pan_liu_sd3_oa2,pan_liu_sd4_oa4,0.4049658462539304,0.5613496932515337,0.4085533389081352,3735,183,3420
instance_0014.txt,pan_liu_sd3_oa2,pan_liu_sl,0.21243677476941386,0.5702479338842975,0.2094282169843239,2142,207,1857
instance_0014.txt,pan_liu_sd3_oa2,pan_liu_sl_multi,0.21243677476941386,0.5750708215297451,0.2094282169843239,2142,203,1857
instance_0014.txt,pan_liu_sd3_oa2,pan_liu_sl_strict,0.21243677476941386,0.5702479338842975,0.2094282169843239,2142,207,1857
instance_0014.txt,pan_liu_sd3_oa3,pan_liu_sd3_oa3_multi,1.0,0.9501385041551247,1.0,5741,343,4737
instance_0014.txt,pan_liu_sd3_oa3,pan_liu_sd3_oa4,0.5045482866043614,0.8710526315789474,0.4753408761241659,4049,331,3277
instance_0014.txt,pan_liu_sd3_oa3,pan_liu_sd4_oa1,0.9996516893068618,1.0,0.9995778809624314,5740,359,4736
instance_0014.txt,pan_liu_sd3_oa3,pan_liu_sd4_oa2,0.2057922308984877,0.5840220385674931,0.20348314606741574,2082,212,1811
instance_0014.txt,pan_liu_sd3_oa3,pan_liu_sd4_oa3,0.9951346655082537,1.0,0.9945263157894737,5727,359,4724
instance_0014.txt,pan_liu_sd3_oa3,pan_liu_sd4_oa4,0.3433410315627406,0.7473404255319149,0.3336285425101215,3122,281,2637
instance_0014.txt,pan_liu_sd3_oa3,pan_liu_sl,1.0,1.0,1.0,5741,359,4737
instance_0014.txt,pan_liu_sd3_oa3,pan_liu_sl_multi,1.0,0.9501385041551247,1.0,5741,343,4737
instance_0014.txt,pan_liu_sd3_oa3,pan_liu_sl_strict,1.0,1.0,1.0,5741,359,4737
instance_0014.txt,pan_liu_sd3_oa3_multi,pan_liu_sd3_oa4,0.5045482866043614,0.843915343915344,0.4753408761241659,4049,319,3277
instance_0014.txt,pan_liu_sd3_oa3_multi,pan_liu_sd4_oa1,0.9996516893068618,0.9501385041551247,0.9995778809624314,5740,343,4736
instance_0014.txt,pan_liu_sd3_oa3_multi,pan_liu_sd4_oa2,0.2057922308984877,0.5847457627118644,0.20348314606741574,2082,207,1811
instance_0014.txt,pan_liu_sd3_oa3_multi,pan_liu_sd4_oa3,0.9951346655082537,0.9501385041551247,0.9945263157894737,5727,343,4724
instance_0014.txt,pan_liu_sd3_oa3_multi,pan_liu_sd4_oa4,0.3433410315627406,0.7378378378378379,0.3336285425101215,3122,273,2637
instance_0014.txt,pan_liu_sd3_oa3_multi,pan_liu_sl,1.0,0.9501385041551247,1.0,5741,343,4737
instance_0014.txt,pan_liu_sd3_oa3_multi,pan_liu_sl_multi,1.0,1.0,1.0,5741,345,4737
instance_0014.txt,pan_liu_sd3_oa3_multi,pan_liu_sl_strict,1.0,0.9501385041551247,1.0,5741,343,4737
instance_0014.txt,pan_liu_sd3_oa4,pan_liu_sd4_oa1,0.5043608273112384,0.8710526315789474,0.4751269035532995,4048,331,3276
instance_0014.txt,pan_liu_sd3_oa4,pan_liu_sd4_oa2,0.2903258347624332,0.569060773480663,0.29798611901240185,2878,206,2619
instance_0014.txt,pan_liu_sd3_oa4,pan_liu_sd4_oa3,0.5030499190837794,0.8710526315789474,0.47384437038110416,4041,331,3270
instance_0014.txt,pan_liu_sd3_oa4,pan_liu_sd4_oa4,0.3211264699814318,0.7287234042553191,0.3173133278630876,3113,274,2707
instance_0014.txt,pan_liu_sd3_oa4,pan_liu_sl,0.5045482866043614,0.8710526315789474,0.4753408761241659,4049,331,3277
instance_0014.txt,pan_liu_sd3_oa4,pan_liu_sl_multi,0.5045482866043614,0.843915343915344,0.4753408761241659,4049,319,3277
instance_0014.txt,pan_liu_sd3_oa4,pan_liu_sl_strict,0.5045482866043614,0.8710526315789474,0.4753408761241659,4049,331,3277
instance_0014.txt,pan_liu_sd4_oa1,pan_liu_sd4_oa2,0.20591142744167656,0.5840220385674931,0.2036183840880998,2083,212,1812
instance_0014.txt,pan_liu_sd4_oa1,pan_liu_sd4_oa3,0.9954814042405283,1.0,0.9949463044851548,5728,359,4725
instance_0014.txt,pan_liu_sd4_oa1,pan_liu_sd4_oa4,0.34348878134623845,0.7473404255319149,0.3337972921675313,3123,281,2638
instance_0014.txt,pan_liu_sd4_oa1,pan_liu_sl,0.9996516893068618,1.0,0.9995778809624314,5740,359,4736
instance_0014.txt,pan_liu_sd4_oa1,pan_liu_sl_multi,0.9996516893068618,0.9501385041551247,0.9995778809624314,5740,343,4736
instance_0014.txt,pan_liu_sd4_oa1,pan_liu_sl_strict,0.9996516893068618,1.0,0.9995778809624314,5740,359,4736
instance_0014.txt,pan_liu_sd4_oa2,pan_liu_sd4_oa3,0.20614989123986555,0.5840220385674931,0.20402428057553956,2085,212,1815
instance_0014.txt,pan_liu_sd4_oa2,pan_liu_sd4_oa4,0.3921843040155022,0.5575757575757576,0.39533230659874424,3643,184,3337
instance_0014.txt,pan_liu_sd4_oa2,pan_liu_sl,0.2057922308984877,0.5840220385674931,0.20348314606741574,2082,212,1811
instance_0014.txt,pan_liu_sd4_oa2,pan_liu_sl_multi,0.2057922308984877,0.5847457627118644,0.20348314606741574,2082,207,1811
instance_0014.txt,pan_liu_sd4_oa2,pan_liu_sl_strict,0.2057922308984877,0.5840220385674931,0.20348314606741574,2082,212,1811
instance_0014.txt,pan_liu_sd4_oa3,pan_liu_sd4_oa4,0.3443759630200308,0.7473404255319149,0.3348106876028872,3129,281,2644
instance_0014.txt,pan_liu_sd4_oa3,pan_liu_sl,0.9951346655082537,1.0,0.9945263157894737,5727,359,4724
instance_0014.txt,pan_liu_sd4_oa3,pan_liu_sl_multi,0.9951346655082537,0.9501385041551247,0.9945263157894737,5727,343,4724
instance_0014.txt,pan_liu_sd4_oa3,pan_liu_sl_strict,0.9951346655082537,1.0,0.9945263157894737,5727,359,4724
instance_0014.txt,pan_liu_sd4_oa4,pan_liu_sl,0.3433410315627406,0.7473404255319149,0.3336285425101215,3122,281,2637
instance_0014.txt,pan_liu_sd4_oa4,pan_liu_sl_multi,0.3433410315627406,0.7378378378378379,0.3336285425101215,3122,273,2637
instance_0014.txt,pan_liu_sd4_oa4,pan_liu_sl_strict,0.3433410315627406,0.7473404255319149,0.3336285425101215,3122,281,2637
instance_0014.txt,pan_liu_sl,pan_liu_sl_multi,1.0,0.9501385041551247,1.0,5741,343,4737
instance_0014.txt,pan_liu_sl,pan_liu_sl_strict,1.0,1.0,1.0,5741,359,4737
instance_0014.txt,pan_liu_sl_multi,pan_liu_sl_strict,1.0,0.9501385041551247,1.0,5741,343,4737
instance_0015.txt,pan_liu_sd1_oa1,pan_liu_sd1_oa2,0.09141863161963665,0.5580645161290323,0.09173913043478261,473,173,422
instance_0015.txt,pan_liu_sd1_oa1,pan_liu_sd1_oa3,0.9897058823529412,0.9891304347826086,0.9901034637876743,2692,273,2201
instance_0015.txt,pan_liu_sd1_oa1,pan_liu_sd1_oa4,0.4194277108433735,0.7530487804878049,0.4071803852889667,1671,247,1395
instance_0015.txt,pan_liu_sd1_oa1,pan_liu_sd2_oa1,1.0,1.0,1.0,2706,275,2211
instance_0015.txt,pan_liu_sd1_oa1,pan_liu_sd2_oa2,0.09141863161963665,0.5580645161290323,0.09173913043478261,473,173,422
instance_0015.txt,pan_liu_sd1_oa1,pan_liu_sd2_oa3,0.9897058823529412,0.9891304347826086,0.9901034637876743,2692,273,2201
instance_0015.txt,pan_liu_sd1_oa1,pan_liu_sd2_oa4,0.4194277108433735,0.7530487804878049,0.4071803852889667,1671,247,1395
instance_0015.txt,pan_liu_sd1_oa1,pan_liu_sd3_oa1,0.8534540576794097,0.8971631205673759,0.8640816326530613,2545,253,2117
instance_0015.txt,pan_liu_sd1_oa1,pan_liu_sd3_oa2,0.11065891472868217,0.5746753246753247,0.10356128468429102,571,177,474
instance_0015.txt,pan_liu_sd1_oa1,pan_liu_sd3_oa3,0.8475650433622415,0.8904593639575972,0.8580121703853956,2541,252,2115
instance_0015.txt,pan_liu_sd1_oa1,pan_liu_sd3_oa3_multi,0.8475650433622415,0.6770833333333334,0.8580121703853956,2541,195,2115
instance_0015.txt,pan_liu_sd1_oa1,pan_liu_sd3_oa4,0.41691616766467066,0.7317073170731707,0.4069025522041763,1671,240,1403
instance_0015.txt,pan_liu_sd1_oa1,pan_liu_sd4_oa1,0.8534540576794097,0.8975265017667845,0.8637290901672786,2545,254,2117
instance_0015.txt,pan_liu_sd1_oa1,pan_liu_sd4_oa2,0.09152215799614644,0.5551948051948052,0.0935672514619883,475,171,432
instance_0015.txt,pan_liu_sd1_oa1,pan_liu_sd4_oa3,0.8486973947895792,0.8904593639575972,0.8587088915956151,2541,252,2115
instance_0015.txt,pan_liu_sd1_oa1,pan_liu_sd4_oa4,0.1865317083247263,0.5195195195195195,0.17949929145016533,903,173,760
instance_0015.txt,pan_liu_sd1_oa1,pan_liu_sl,1.0,1.0,1.0,2706,275,2211
instance_0015.txt,pan_liu_sd1_oa1,pan_liu_sl_multi,1.0,0.7301038062283737,1.0,2706,211,2211
instance_0015.txt,pan_liu_sd1_oa1,pan_liu_sl_strict,1.0,1.0,1.0,2706,275,2211
instance_0015.txt,pan_liu_sd1_oa2,pan_liu_sd1_oa3,0.09184068058778036,0.5598705501618123,0.09217391304347826,475,173,424
instance_0015.txt,pan_liu_sd1_oa2,pan_liu_sd1_oa4,0.1872606329369079,0.5301204819277109,0.19195250659630606,929,176,873
instance_0015.txt,pan_liu_sd1_oa2,pan_liu_sd2_oa1,0.09141863161963665,0.5580645161290323,0.09173913043478261,473,173,422
instance_0015.txt,pan_liu_sd1_oa2,pan_liu_sd2_oa2,1.0,1.0,1.0,2941,208,2811
instance_0015.txt,pan_liu_sd1_oa2,pan_liu_sd2_oa3,0.09184068058778036,0.5598705501618123,0.09217391304347826,475,173,424
instance_0015.txt,pan_liu_sd1_oa2,pan_liu_sd2_oa4,0.1872606329369079,0.5301204819277109,0.19195250659630606,929,176,873
instance_0015.txt,pan_liu_sd1_oa2,pan_liu_sd3_oa1,0.10256410256410256,0.5244299674267101,0.1024109238318754,536,161,480
instance_0015.txt,pan_liu_sd1_oa2,pan_liu_sd3_oa2,0.5956138004814121,0.6201550387596899,0.6049417779040045,2227,160,2130
instance_0015.txt,pan_liu_sd1_oa2,pan_liu_sd3_oa3,0.10317157050057317,0.5244299674267101,0.1030664395229983,540,161,484
instance_0015.txt,pan_liu_sd1_oa2,pan_liu_sd3_oa3_multi,0.10317157050057317,0.44947735191637633,0.1030664395229983,540,129,484
instance_0015.txt,pan_liu_sd1_oa2,pan_liu_sd3_oa4,0.1885048231511254,0.5090361445783133,0.19356251368513247,938,169,884
instance_0015.txt,pan_liu_sd1_oa2,pan_liu_sd4_oa1,0.10277511961722488,0.525974025974026,0.10262427992319181,537,162,481
instance_0015.txt,pan_liu_sd1_oa2,pan_liu_sd4_oa2,0.943986820428336,0.9252336448598131,0.9472595656670114,2865,198,2748
instance_0015.txt,pan_liu_sd1_oa2,pan_liu_sd4_oa3,0.10557578080091971,0.5294117647058824,0.1057014734144779,551,162,495
instance_0015.txt,pan_liu_sd1_oa2,pan_liu_sd4_oa4,0.30545851528384277,0.45364238410596025,0.3174752708431465,1399,137,1348
instance_0015.txt,pan_liu_sd1_oa2,pan_liu_sl,0.09141863161963665,0.5580645161290323,0.09173913043478261,473,173,422
instance_0015.txt,pan_liu_sd1_oa2,pan_liu_sl_multi,0.09141863161963665,0.5034722222222222,0.09173913043478261,473,145,422
instance_0015.txt,pan_liu_sd1_oa2,pan_liu_sl_strict,0.09141863161963665,0.5580645161290323,0.09173913043478261,473,173,422
instance_0015.txt,pan_liu_sd1_oa3,pan_liu_sd1_oa4,0.42049736247174074,0.7553516819571865,0.4085864485981308,1674,247,1399
instance_0015.txt,pan_liu_sd1_oa3,pan_liu_sd2_oa1,0.9897058823529412,0.9891304347826086,0.9901034637876743,2692,273,2201
instance_0015.txt,pan_liu_sd1_oa3,pan_liu_sd2_oa2,0.09184068058778036,0.5598705501618123,0.09217391304347826,475,173,424
instance_0015.txt,pan_liu_sd1_oa3,pan_liu_sd2_oa3,1.0,1.0,1.0,2706,274,2213
instance_0015.txt,pan_liu_sd1_oa3,pan_liu_sd2_oa4,0.42049736247174074,0.7553516819571865,0.4085864485981308,1674,247,1399
instance_0015.txt,pan_liu_sd1_oa3,pan_liu_sd3_oa1,0.8447930574098799,0.8936170212765957,0.855808285946385,2531,252,2107
instance_0015.txt,pan_liu_sd1_oa3,pan_liu_sd3_oa2,0.1095837366892546,0.5714285714285714,0.10279353993889132,566,176,471
instance_0015.txt,pan_liu_sd1_oa3,pan_liu_sd3_oa3,0.8395881766854866,0.8936170212765957,0.8505654281098546,2528,252,2106
instance_0015.txt,pan_liu_sd1_oa3,pan_liu_sd3_oa3_multi,0.8395881766854866,0.6678200692041523,0.8505654281098546,2528,193,2106
instance_0015.txt,pan_liu_sd1_oa3,pan_liu_sd3_oa4,0.41797752808988764,0.7339449541284404,0.4082994776552525,1674,240,1407
instance_0015.txt,pan_liu_sd1_oa3,pan_liu_sd4_oa1,0.8447930574098799,0.8939929328621908,0.855460820138043,2531,253,2107
instance_0015.txt,pan_liu_sd1_oa3,pan_liu_sd4_oa2,0.09131188595646311,0.5570032573289903,0.09352673738904525,474,171,432
instance_0015.txt,pan_liu_sd1_oa3,pan_liu_sd4_oa3,0.8407050216162288,0.8936170212765957,0.85125303152789,2528,252,2106
instance_0015.txt,pan_liu_sd1_oa3,pan_liu_sd4_oa4,0.18506292552094078,0.5119760479041916,0.1780240509313841,897,171,755
instance_0015.txt,pan_liu_sd1_oa3,pan_liu_sl,0.9897058823529412,0.9891304347826086,0.9901034637876743,2692,273,2201
instance_0015.txt,pan_liu_sd1_oa3,pan_liu_sl_multi,0.9897058823529412,0.7326388888888888,0.9901034637876743,2692,211,2201
instance_0015.txt,pan_liu_sd1_oa3,pan_liu_sl_strict,0.9897058823529412,0.9891304347826086,0.9901034637876743,2692,273,2201
instance_0015.txt,pan_liu_sd1_oa4,pan_liu_sd2_oa1,0.4194277108433735,0.7530487804878049,0.4071803852889667,1671,247,1395
instance_0015.txt,pan_liu_sd1_oa4,pan_liu_sd2_oa2,0.1872606329369079,0.5301204819277109,0.19195250659630606,929,176,873
instance_0015.txt,pan_liu_sd1_oa4,pan_liu_sd2_oa3,0.42049736247174074,0.7553516819571865,0.4085864485981308,1674,247,1399
instance_0015.txt,pan_liu_sd1_oa4,pan_liu_sd2_oa4,1.0,1.0,1.0,2949,300,2610
instance_0015.txt,pan_liu_sd1_oa4,pan_liu_sd3_oa1,0.43496642626212384,0.7391304347826086,0.42455536431440044,1749,238,1480
instance_0015.txt,pan_liu_sd1_oa4,pan_liu_sd3_oa2,0.20298026580749093,0.5596330275229358,0.20415377817057004,1008,183,924
instance_0015.txt,pan_liu_sd1_oa4,pan_liu_sd3_oa3,0.43723589361173254,0.7391304347826086,0.42705646316996276,1759,238,1490
instance_0015.txt,pan_liu_sd1_oa4,pan_liu_sd3_oa3_multi,0.43723589361173254,0.5825545171339563,0.42705646316996276,1759,187,1490
instance_0015.txt,pan_liu_sd1_oa4,pan_liu_sd3_oa4,0.9371933267909716,0.9506578947368421,0.9365547768351162,2865,289,2539
instance_0015.txt,pan_liu_sd1_oa4,pan_liu_sd4_oa1,0.43496642626212384,0.739938080495356,0.4244336105534844,1749,239,1480
instance_0015.txt,pan_liu_sd1_oa4,pan_liu_sd4_oa2,0.18945037245822427,0.5226586102719033,0.19473684210526315,941,173,888
instance_0015.txt,pan_liu_sd1_oa4,pan_liu_sd4_oa3,0.4333912180600347,0.7445482866043613,0.422406401829094,1747,239,1478
instance_0015.txt,pan_liu_sd1_oa4,pan_liu_sd4_oa4,0.11406773353181987,0.5,0.11127137852874511,613,177,540
instance_0015.txt,pan_liu_sd1_oa4,pan_liu_sl,0.4194277108433735,0.7530487804878049,0.4071803852889667,1671,247,1395
instance_0015.txt,pan_liu_sd1_oa4,pan_liu_sl_multi,0.4194277108433735,0.6153846153846154,0.4071803852889667,1671,200,1395
instance_0015.txt,pan_liu_sd1_oa4,pan_liu_sl_strict,0.4194277108433735,0.7530487804878049,0.4071803852889667,1671,247,1395
instance_0015.txt,pan_liu_sd2_oa1,pan_liu_sd2_oa2,0.09141863161963665,0.5580645161290323,0.09173913043478261,473,173,422
instance_0015.txt,pan_liu_sd2_oa1,pan_liu_sd2_oa3,0.9897058823529412,0.9891304347826086,0.9901034637876743,2692,273,2201
instance_0015.txt,pan_liu_sd2_oa1,pan_liu_sd2_oa4,0.4194277108433735,0.7530487804878049,0.4071803852889667,1671,247,1395
instance_0015.txt,pan_liu_sd2_oa1,pan_liu_sd3_oa1,0.8534540576794097,0.8971631205673759,0.8640816326530613,2545,253,2117
instance_0015.txt,pan_liu_sd2_oa1,pan_liu_sd3_oa2,0.11065891472868217,0.5746753246753247,0.10356128468429102,571,177,474
instance_0015.txt,pan_liu_sd2_oa1,pan_liu_sd3_oa3,0.8475650433622415,0.8904593639575972,0.8580121703853956,2541,252,2115
instance_0015.txt,pan_liu_sd2_oa1,pan_liu_sd3_oa3_multi,0.8475650433622415,0.6770833333333334,0.8580121703853956,2541,195,2115
instance_0015.txt,pan_liu_sd2_oa1,pan_liu_sd3_oa4,0.41691616766467066,0.7317073170731707,0.4069025522041763,1671,240,1403
instance_0015.txt,pan_liu_sd2_oa1,pan_liu_sd4_oa1,0.8534540576794097,0.8975265017667845,0.8637290901672786,2545,254,2117
instance_0015.txt,pan_liu_sd2_oa1,pan_liu_sd4_oa2,0.09152215799614644,0.5551948051948052,0.0935672514619883,475,171,432
instance_0015.txt,pan_liu_sd2_oa1,pan_liu_sd4_oa3,0.8486973947895792,0.8904593639575972,0.8587088915956151,2541,252,2115
instance_0015.txt,pan_liu_sd2_oa1,pan_liu_sd4_oa4,0.1865317083247263,0.5195195195195195,0.17949929145016533,903,173,760
instance_0015.txt,pan_liu_sd2_oa1,pan_liu_sl,1.0,1.0,1.0,2706,275,2211
instance_0015.txt,pan_liu_sd2_oa1,pan_liu_sl_multi,1.0,0.7301038062283737,1.0,2706,211,2211
instance_0015.txt,pan_liu_sd2_oa1,pan_liu_sl_strict,1.0,1.0,1.0,2706,275,2211
instance_0015.txt,pan_liu_sd2_oa2,pan_liu_sd2_oa3,0.09184068058778036,0.5598705501618123,0.09217391304347826,475,173,424
instance_0015.txt,pan_liu_sd2_oa2,pan_liu_sd2_oa4,0.1872606329369079,0.5301204819277109,0.19195250659630606,929,176,873
instance_0015.txt,pan_liu_sd2_oa2,pan_liu_sd3_oa1,0.10256410256410256,0.5244299674267101,0.1024109238318754,536,161,480
instance_0015.txt,pan_liu_sd2_oa2,pan_liu_sd3_oa2,0.5956138004814121,0.6201550387596899,0.6049417779040045,2227,160,2130
instance_0015.txt,pan_liu_sd2_oa2,pan_liu_sd3_oa3,0.10317157050057317,0.5244299674267101,0.1030664395229983,540,161,484
instance_0015.txt,pan_liu_sd2_oa2,pan_liu_sd3_oa3_multi,0.10317157050057317,0.44947735191637633,0.1030664395229983,540,129,484
instance_0015.txt,pan_liu_sd2_oa2,pan_liu_sd3_oa4,0.1885048231511254,0.5090361445783133,0.19356251368513247,938,169,884
instance_0015.txt,pan_liu_sd2_oa2,pan_liu_sd4_oa1,0.10277511961722488,0.525974025974026,0.10262427992319181,537,162,481
instance_0015.txt,pan_liu_sd2_oa2,pan_liu_sd4_oa2,0.943986820428336,0.9252336448598131,0.9472595656670114,2865,198,2748
instance_0015.txt,pan_liu_sd2_oa2,pan_liu_sd4_oa3,0.10557578080091971,0.5294117647058824,0.1057014734144779,551,162,495
instance_0015.txt,pan_liu_sd2_oa2,pan_liu_sd4_oa4,0.30545851528384277,0.45364238410596025,0.3174752708431465,1399,137,1348
instance_0015.txt,pan_liu_sd2_oa2,pan_liu_sl,0.09141863161963665,0.5580645161290323,0.09173913043478261,473,173,422
instance_0015.txt,pan_liu_sd2_oa2,pan_liu_sl_multi,0.09141863161963665,0.5034722222222222,0.09173913043478261,473,145,422
instance_0015.txt,pan_liu_sd2_oa2,pan_liu_sl_strict,0.09141863161963665,0.5580645161290323,0.09173913043478261,473,173,422
instance_0015.txt,pan_liu_sd2_oa3,pan_liu_sd2_oa4,0.42049736247174074,0.7553516819571865,0.4085864485981308,1674,247,1399
instance_0015.txt,pan_liu_sd2_oa3,pan_liu_sd3_oa1,0.8447930574098799,0.8936170212765957,0.855808285946385,2531,252,2107
instance_0015.txt,pan_liu_sd2_oa3,pan_liu_sd3_oa2,0.1095837366892546,0.5714285714285714,0.10279353993889132,566,176,471
instance_0015.txt,pan_liu_sd2_oa3,pan_liu_sd3_oa3,0.8395881766854866,0.8936170212765957,0.8505654281098546,2528,252,2106
instance_0015.txt,pan_liu_sd2_oa3,pan_liu_sd3_oa3_multi,0.8395881766854866,0.6678200692041523,0.8505654281098546,2528,193,2106
instance_0015.txt,pan_liu_sd2_oa3,pan_liu_sd3_oa4,0.41797752808988764,0.7339449541284404,0.4082994776552525,1674,240,1407
instance_0015.txt,pan_liu_sd2_oa3,pan_liu_sd4_oa1,0.8447930574098799,0.8939929328621908,0.855460820138043,2531,253,2107
instance_0015.txt,pan_liu_sd2_oa3,pan_liu_sd4_oa2,0.09131188595646311,0.5570032573289903,0.09352673738904525,474,171,432
instance_0015.txt,pan_liu_sd2_oa3,pan_liu_sd4_oa3,0.8407050216162288,0.8936170212765957,0.85125303152789,2528,252,2106
instance_0015.txt,pan_liu_sd2_oa3,pan_liu_sd4_oa4,0.18506292552094078,0.5119760479041916,0.1780240509313841,897,171,755
instance_0015.txt,pan_liu_sd2_oa3,pan_liu_sl,0.9897058823529412,0.9891304347826086,0.9901034637876743,2692,273,2201
instance_0015.txt,pan_liu_sd2_oa3,pan_liu_sl_multi,0.9897058823529412,0.7326388888888888,0.9901034637876743,2692,211,2201
instance_0015.txt,pan_liu_sd2_oa3,pan_liu_sl_strict,0.9897058823529412,0.9891304347826086,0.9901034637876743,2692,273,2201
instance_0015.txt,pan_liu_sd2_oa4,pan_liu_sd3_oa1,0.43496642626212384,0.7391304347826086,0.42455536431440044,1749,238,1480
instance_0015.txt,pan_liu_sd2_oa4,pan_liu_sd3_oa2,0.20298026580749093,0.5596330275229358,0.20415377817057004,1008,183,924
instance_0015.txt,pan_liu_sd2_oa4,pan_liu_sd3_oa3,0.43723589361173254,0.7391304347826086,0.42705646316996276,1759,238,1490
instance_0015.txt,pan_liu_sd2_oa4,pan_liu_sd3_oa3_multi,0.43723589361173254,0.5825545171339563,0.42705646316996276,1759,187,1490
instance_0015.txt,pan_liu_sd2_oa4,pan_liu_sd3_oa4,0.9371933267909716,0.9506578947368421,0.9365547768351162,2865,289,2539
instance_0015.txt,pan_liu_sd2_oa4,pan_liu_sd4_oa1,0.43496642626212384,0.739938080495356,0.4244336105534844,1749,239,1480
instance_0015.txt,pan_liu_sd2_oa4,pan_liu_sd4_oa2,0.18945037245822427,0.5226586102719033,0.19473684210526315,941,173,888
instance_0015.txt,pan_liu_sd2_oa4,pan_liu_sd4_oa3,0.4333912180600347,0.7445482866043613,0.422406401829094,1747,239,1478
instance_0015.txt,pan_liu_sd2_oa4,pan_liu_sd4_oa4,0.11406773353181987,0.5,0.11127137852874511,613,177,540
instance_0015.txt,pan_liu_sd2_oa4,pan_liu_sl,0.4194277108433735,0.7530487804878049,0.4071803852889667,1671,247,1395
instance_0015.txt,pan_liu_sd2_oa4,pan_liu_sl_multi,0.4194277108433735,0.6153846153846154,0.4071803852889667,1671,200,1395
instance_0015.txt,pan_liu_sd2_oa4,pan_liu_sl_strict,0.4194277108433735,0.7530487804878049,0.4071803852889667,1671,247,1395
instance_0015.txt,pan_liu_sd3_oa1,pan_liu_sd3_oa2,0.12835359969117932,0.6040955631399317,0.11910402756838251,665,177,553
instance_0015.txt,pan_liu_sd3_oa1,pan_liu_sd3_oa3,0.9929502996122664,0.9847328244274809,0.9928300295234078,2817,258,2354
instance_0015.txt,pan_liu_sd3_oa1,pan_liu_sd3_oa3_multi,0.9929502996122664,0.7142857142857143,0.9928300295234078,2817,195,2354
instance_0015.txt,pan_liu_sd3_oa1,pan_liu_sd3_oa4,0.4380739637627203,0.7444794952681388,0.4270208511853756,1765,236,1495
instance_0015.txt,pan_liu_sd3_oa1,pan_liu_sd4_oa1,0.9992912827781715,0.9923664122137404,0.9995757318625371,2820,260,2356
instance_0015.txt,pan_liu_sd3_oa1,pan_liu_sd4_oa2,0.1091920936480522,0.5518394648829431,0.10935497650576677,569,165,512
instance_0015.txt,pan_liu_sd3_oa1,pan_liu_sd4_oa3,0.9894366197183099,0.9847328244274809,0.9886315789473684,2810,258,2348
instance_0015.txt,pan_liu_sd3_oa1,pan_liu_sd4_oa4,0.20878894161336908,0.5440251572327044,0.19762293171754836,1012,173,848
instance_0015.txt,pan_liu_sd3_oa1,pan_liu_sl,0.8534540576794097,0.8971631205673759,0.8640816326530613,2545,253,2117
instance_0015.txt,pan_liu_sd3_oa1,pan_liu_sl_multi,0.8534540576794097,0.6898954703832753,0.8640816326530613,2545,198,2117
instance_0015.txt,pan_liu_sd3_oa1,pan_liu_sl_strict,0.8534540576794097,0.8971631205673759,0.8640816326530613,2545,253,2117
instance_0015.txt,pan_liu_sd3_oa2,pan_liu_sd3_oa3,0.12914417887432536,0.5986394557823129,0.1199741990969684,670,176,558
instance_0015.txt,pan_liu_sd3_oa2,pan_liu_sd3_oa3_multi,0.12914417887432536,0.5255474452554745,0.1199741990969684,670,144,558
instance_0015.txt,pan_liu_sd3_oa2,pan_liu_sd3_oa4,0.2056281407035176,0.5572755417956656,0.2067826469940542,1023,180,939
instance_0015.txt,pan_liu_sd3_oa2,pan_liu_sd4_oa1,0.12835359969117932,0.6,0.11907838070628768,665,177,553
instance_0015.txt,pan_liu_sd3_oa2,pan_liu_sd4_oa2,0.6125033683643223,0.656,0.6204337899543378,2273,164,2174
instance_0015.txt,pan_liu_sd3_oa2,pan_liu_sd4_oa3,0.13055233680957898,0.5932203389830508,0.12147318544044798,676,175,564
instance_0015.txt,pan_liu_sd3_oa2,pan_liu_sd4_oa4,0.2919241423396548,0.4602649006622517,0.30282669138090823,1370,139,1307
instance_0015.txt,pan_liu_sd3_oa2,pan_liu_sl,0.11065891472868217,0.5746753246753247,0.10356128468429102,571,177,474
instance_0015.txt,pan_liu_sd3_oa2,pan_liu_sl_multi,0.11065891472868217,0.4948453608247423,0.10356128468429102,571,144,474
instance_0015.txt,pan_liu_sd3_oa2,pan_liu_sl_strict,0.11065891472868217,0.5746753246753247,0.10356128468429102,571,177,474
instance_0015.txt,pan_liu_sd3_oa3,pan_liu_sd3_oa3_multi,1.0,0.708029197080292,1.0,2833,194,2369
instance_0015.txt,pan_liu_sd3_oa3,pan_liu_sd3_oa4,0.4403373852642024,0.7444794952681388,0.4295091324200913,1775,236,1505
instance_0015.txt,pan_liu_sd3_oa3,pan_liu_sd4_oa1,0.9922480620155039,0.9772727272727273,0.9924114671163575,2816,258,2354
instance_0015.txt,pan_liu_sd3_oa3,pan_liu_sd4_oa2,0.10979114772945009,0.5570469798657718,0.10999786825836709,573,166,516
instance_0015.txt,pan_liu_sd3_oa3,pan_liu_sd4_oa3,0.985273492286115,0.9847328244274809,0.983249581239531,2810,258,2348
instance_0015.txt,pan_liu_sd3_oa3,pan_liu_sd4_oa4,0.2090197693574959,0.5391849529780565,0.19813953488372094,1015,172,852
instance_0015.txt,pan_liu_sd3_oa3,pan_liu_sl,0.8475650433622415,0.8904593639575972,0.8580121703853956,2541,252,2115
instance_0015.txt,pan_liu_sd3_oa3,pan_liu_sl_multi,0.8475650433622415,0.6898954703832753,0.8580121703853956,2541,198,2115
instance_0015.txt,pan_liu_sd3_oa3,pan_liu_sl_strict,0.8475650433622415,0.8904593639575972,0.8580121703853956,2541,252,2115
instance_0015.txt,pan_liu_sd3_oa3_multi,pan_liu_sd3_oa4,0.4403373852642024,0.5854430379746836,0.4295091324200913,1775,185,1505
instance_0015.txt,pan_liu_sd3_oa3_multi,pan_liu_sd4_oa1,0.9922480620155039,0.7090909090909091,0.9924114671163575,2816,195,2354
instance_0015.txt,pan_liu_sd3_oa3_multi,pan_liu_sd4_oa2,0.10979114772945009,0.4714285714285714,0.10999786825836709,573,132,516
instance_0015.txt,pan_liu_sd3_oa3_multi,pan_liu_sd4_oa3,0.985273492286115,0.708029197080292,0.983249581239531,2810,194,2348
instance_0015.txt,pan_liu_sd3_oa3_multi,pan_liu_sd4_oa4,0.2090197693574959,0.4931972789115646,0.19813953488372094,1015,145,852
instance_0015.txt,pan_liu_sd3_oa3_multi,pan_liu_sl,0.8475650433622415,0.6770833333333334,0.8580121703853956,2541,195,2115
instance_0015.txt,pan_liu_sd3_oa3_multi,pan_liu_sl_multi,0.8475650433622415,0.7673469387755102,0.8580121703853956,2541,188,2115
instance_0015.txt,pan_liu_sd3_oa3_multi,pan_liu_sl_strict,0.8475650433622415,0.6770833333333334,0.8580121703853956,2541,195,2115
instance_0015.txt,pan_liu_sd3_oa4,pan_liu_sd4_oa1,0.4380739637627203,0.7452830188679245,0.42689891490576815,1765,237,1495
instance_0015.txt,pan_liu_sd3_oa4,pan_liu_sd4_oa2,0.19260152794531565,0.5106382978723404,0.19790072162694075,958,168,905
instance_0015.txt,pan_liu_sd3_oa4,pan_liu_sd4_oa3,0.43684992570579495,0.75,0.4252775405636208,1764,237,1494
instance_0015.txt,pan_liu_sd3_oa4,pan_liu_sd4_oa4,0.13629489603024575,0.5144508670520231,0.1340443329150983,721,178,641
instance_0015.txt,pan_liu_sd3_oa4,pan_liu_sl,0.41691616766467066,0.7317073170731707,0.4069025522041763,1671,240,1403
instance_0015.txt,pan_liu_sd3_oa4,pan_liu_sl_multi,0.41691616766467066,0.5938461538461538,0.4069025522041763,1671,193,1403
instance_0015.txt,pan_liu_sd3_oa4,pan_liu_sl_strict,0.41691616766467066,0.7317073170731707,0.4069025522041763,1671,240,1403
instance_0015.txt,pan_liu_sd4_oa1,pan_liu_sd4_oa2,0.10940499040307101,0.5533333333333333,0.10956856044425459,570,166,513
instance_0015.txt,pan_liu_sd4_oa1,pan_liu_sd4_oa3,0.9901373723141952,0.9923664122137404,0.9890526315789474,2811,260,2349
instance_0015.txt,pan_liu_sd4_oa1,pan_liu_sd4_oa4,0.20878894161336908,0.5454545454545454,0.19785597762759263,1012,174,849
instance_0015.txt,pan_liu_sd4_oa1,pan_liu_sl,0.8534540576794097,0.8975265017667845,0.8637290901672786,2545,254,2117
instance_0015.txt,pan_liu_sd4_oa1,pan_liu_sl_multi,0.8534540576794097,0.6851211072664359,0.8637290901672786,2545,198,2117
instance_0015.txt,pan_liu_sd4_oa1,pan_liu_sl_strict,0.8534540576794097,0.8975265017667845,0.8637290901672786,2545,254,2117
instance_0015.txt,pan_liu_sd4_oa2,pan_liu_sd4_oa3,0.11222136817832437,0.5570469798657718,0.11265498076100898,584,166,527
instance_0015.txt,pan_liu_sd4_oa2,pan_liu_sd4_oa4,0.31196674688252024,0.46959459459459457,0.3235224864610313,1426,139,1374
instance_0015.txt,pan_liu_sd4_oa2,pan_liu_sl,0.09152215799614644,0.5551948051948052,0.0935672514619883,475,171,432
instance_0015.txt,pan_liu_sd4_oa2,pan_liu_sl_multi,0.09152215799614644,0.4742268041237113,0.0935672514619883,475,138,432
instance_0015.txt,pan_liu_sd4_oa2,pan_liu_sl_strict,0.09152215799614644,0.5551948051948052,0.0935672514619883,475,171,432
instance_0015.txt,pan_liu_sd4_oa3,pan_liu_sd4_oa4,0.21193968188390827,0.5391849529780565,0.20186697782963828,1026,172,865
instance_0015.txt,pan_liu_sd4_oa3,pan_liu_sl,0.8486973947895792,0.8904593639575972,0.8587088915956151,2541,252,2115
instance_0015.txt,pan_liu_sd4_oa3,pan_liu_sl_multi,0.8486973947895792,0.6898954703832753,0.8587088915956151,2541,198,2115
instance_0015.txt,pan_liu_sd4_oa3,pan_liu_sl_strict,0.8486973947895792,0.8904593639575972,0.8587088915956151,2541,252,2115
instance_0015.txt,pan_liu_sd4_oa4,pan_liu_sl,0.1865317083247263,0.5195195195195195,0.17949929145016533,903,173,760
instance_0015.txt,pan_liu_sd4_oa4,pan_liu_sl_multi,0.1865317083247263,0.49508196721311476,0.17949929145016533,903,151,760
instance_0015.txt,pan_liu_sd4_oa4,pan_liu_sl_strict,0.1865317083247263,0.5195195195195195,0.17949929145016533,903,173,760
instance_0015.txt,pan_liu_sl,pan_liu_sl_multi,1.0,0.7301038062283737,1.0,2706,211,2211
instance_0015.txt,pan_liu_sl,pan_liu_sl_strict,1.0,1.0,1.0,2706,275,2211
instance_0015.txt,pan_liu_sl_multi,pan_liu_sl_strict,1.0,0.7301038062283737,1.0,2706,211,2211
instance_0016.txt,pan_liu_sd1_oa1,pan_liu_sd1_oa2,0.37751004016064255,0.5735294117647058,0.3728813559322034,376,39,352
instance_0016.txt,pan_liu_sd1_oa1,pan_liu_sd1_oa3,1.0,1.0,1.0,686,66,640
instance_0016.txt,pan_liu_sd1_oa1,pan_liu_sd1_oa4,0.6313912009512486,0.7887323943661971,0.6199494949494949,531,56,491
instance_0016.txt,pan_liu_sd1_oa1,pan_liu_sd2_oa1,1.0,1.0,1.0,686,66,640
instance_0016.txt,pan_liu_sd1_oa1,pan_liu_sd2_oa2,0.37751004016064255,0.5735294117647058,0.3728813559322034,376,39,352
instance_0016.txt,pan_liu_sd1_oa1,pan_liu_sd2_oa3,1.0,1.0,1.0,686,66,640
instance_0016.txt,pan_liu_sd1_oa1,pan_liu_sd2_oa4,0.6313912009512486,0.7887323943661971,0.6199494949494949,531,56,491
instance_0016.txt,pan_liu_sd1_oa1,pan_liu_sd3_oa1,1.0,1.0,1.0,686,66,640
instance_0016.txt,pan_liu_sd1_oa1,pan_liu_sd3_oa2,0.3570722057368942,0.7611940298507462,0.35662148070907196,361,51,342
instance_0016.txt,pan_liu_sd1_oa1,pan_liu_sd3_oa3,1.0,1.0,1.0,686,66,640
instance_0016.txt,pan_liu_sd1_oa1,pan_liu_sd3_oa3_multi,1.0,0.7761194029850746,1.0,686,52,640
instance_0016.txt,pan_liu_sd1_oa1,pan_liu_sd3_oa4,0.6313912009512486,0.7887323943661971,0.6199494949494949,531,56,491
instance_0016.txt,pan_liu_sd1_oa1,pan_liu_sd4_oa1,1.0,1.0,1.0,686,66,640
instance_0016.txt,pan_liu_sd1_oa1,pan_liu_sd4_oa2,0.37751004016064255,0.5882352941176471,0.3728813559322034,376,40,352
instance_0016.txt,pan_liu_sd1_oa1,pan_liu_sd4_oa3,0.96,0.9848484848484849,0.9571865443425076,672,65,626
instance_0016.txt,pan_liu_sd1_oa1,pan_liu_sd4_oa4,0.4880694143167028,0.6619718309859155,0.4718714121699196,450,47,411
instance_0016.txt,pan_liu_sd1_oa1,pan_liu_sl,1.0,1.0,1.0,686,66,640
instance_0016.txt,pan_liu_sd1_oa1,pan_liu_sl_multi,1.0,0.7761194029850746,1.0,686,52,640
instance_0016.txt,pan_liu_sd1_oa1,pan_liu_sl_strict,1.0,1.0,1.0,686,66,640
instance_0016.txt,pan_liu_sd1_oa2,pan_liu_sd1_oa3,0.37751004016064255,0.5735294117647058,0.3728813559322034,376,39,352
instance_0016.txt,pan_liu_sd1_oa2,pan_liu_sd1_oa4,0.384460141271443,0.5454545454545454,0.38486140724946694,381,36,361
instance_0016.txt,pan_liu_sd1_oa2,pan_liu_sd2_oa1,0.37751004016064255,0.5735294117647058,0.3728813559322034,376,39,352
instance_0016.txt,pan_liu_sd1_oa2,pan_liu_sd2_oa2,1.0,1.0,1.0,686,41,656
instance_0016.txt,pan_liu_sd1_oa2,pan_liu_sd2_oa3,0.37751004016064255,0.5735294117647058,0.3728813559322034,376,39,352
instance_0016.txt,pan_liu_sd1_oa2,pan_liu_sd2_oa4,0.384460141271443,0.5454545454545454,0.38486140724946694,381,36,361
instance_0016.txt,pan_liu_sd1_oa2,pan_liu_sd3_oa1,0.37751004016064255,0.5735294117647058,0.3728813559322034,376,39,352
instance_0016.txt,pan_liu_sd1_oa2,pan_liu_sd3_oa2,0.5879629629629629,0.576271186440678,0.5983009708737864,508,34,493
instance_0016.txt,pan_liu_sd1_oa2,pan_liu_sd3_oa3,0.37751004016064255,0.5735294117647058,0.3728813559322034,376,39,352
instance_0016.txt,pan_liu_sd1_oa2,pan_liu_sd3_oa3_multi,0.37751004016064255,0.5409836065573771,0.3728813559322034,376,33,352
instance_0016.txt,pan_liu_sd1_oa2,pan_liu_sd3_oa4,0.384460141271443,0.5454545454545454,0.38486140724946694,381,36,361
instance_0016.txt,pan_liu_sd1_oa2,pan_liu_sd4_oa1,0.37751004016064255,0.5735294117647058,0.3728813559322034,376,39,352
instance_0016.txt,pan_liu_sd1_oa2,pan_liu_sd4_oa2,0.9941860465116279,0.9761904761904762,0.993920972644377,684,41,654
instance_0016.txt,pan_liu_sd1_oa2,pan_liu_sd4_oa3,0.38028169014084506,0.582089552238806,0.37579617834394907,378,39,354
instance_0016.txt,pan_liu_sd1_oa2,pan_liu_sd4_oa4,0.4705251875669882,0.5245901639344263,0.4666666666666667,439,32,413
instance_0016.txt,pan_liu_sd1_oa2,pan_liu_sl,0.37751004016064255,0.5735294117647058,0.3728813559322034,376,39,352
instance_0016.txt,pan_liu_sd1_oa2,pan_liu_sl_multi,0.37751004016064255,0.5409836065573771,0.3728813559322034,376,33,352
instance_0016.txt,pan_liu_sd1_oa2,pan_liu_sl_strict,0.37751004016064255,0.5735294117647058,0.3728813559322034,376,39,352
instance_0016.txt,pan_liu_sd1_oa3,pan_liu_sd1_oa4,0.6313912009512486,0.7887323943661971,0.6199494949494949,531,56,491
instance_0016.txt,pan_liu_sd1_oa3,pan_liu_sd2_oa1,1.0,1.0,1.0,686,66,640
instance_0016.txt,pan_liu_sd1_oa3,pan_liu_sd2_oa2,0.37751004016064255,0.5735294117647058,0.3728813559322034,376,39,352
instance_0016.txt,pan_liu_sd1_oa3,pan_liu_sd2_oa3,1.0,1.0,1.0,686,66,640
instance_0016.txt,pan_liu_sd1_oa3,pan_liu_sd2_oa4,0.6313912009512486,0.7887323943661971,0.6199494949494949,531,56,491
instance_0016.txt,pan_liu_sd1_oa3,pan_liu_sd3_oa1,1.0,1.0,1.0,686,66,640
instance_0016.txt,pan_liu_sd1_oa3,pan_liu_sd3_oa2,0.3570722057368942,0.7611940298507462,0.35662148070907196,361,51,342
instance_0016.txt,pan_liu_sd1_oa3,pan_liu_sd3_oa3,1.0,1.0,1.0,686,66,640
instance_0016.txt,pan_liu_sd1_oa3,pan_liu_sd3_oa3_multi,1.0,0.7761194029850746,1.0,686,52,640
instance_0016.txt,pan_liu_sd1_oa3,pan_liu_sd3_oa4,0.6313912009512486,0.7887323943661971,0.6199494949494949,531,56,491
instance_0016.txt,pan_liu_sd1_oa3,pan_liu_sd4_oa1,1.0,1.0,1.0,686,66,640
instance_0016.txt,pan_liu_sd1_oa3,pan_liu_sd4_oa2,0.37751004016064255,0.5882352941176471,0.3728813559322034,376,40,352
instance_0016.txt,pan_liu_sd1_oa3,pan_liu_sd4_oa3,0.96,0.9848484848484849,0.9571865443425076,672,65,626
instance_0016.txt,pan_liu_sd1_oa3,pan_liu_sd4_oa4,0.4880694143167028,0.6619718309859155,0.4718714121699196,450,47,411
instance_0016.txt,pan_liu_sd1_oa3,pan_liu_sl,1.0,1.0,1.0,686,66,640
instance_0016.txt,pan_liu_sd1_oa3,pan_liu_sl_multi,1.0,0.7761194029850746,1.0,686,52,640
instance_0016.txt,pan_liu_sd1_oa3,pan_liu_sl_strict,1.0,1.0,1.0,686,66,640
instance_0016.txt,pan_liu_sd1_oa4,pan_liu_sd2_oa1,0.6313912009512486,0.7887323943661971,0.6199494949494949,531,56,491
instance_0016.txt,pan_liu_sd1_oa4,pan_liu_sd2_oa2,0.384460141271443,0.5454545454545454,0.38486140724946694,381,36,361
instance_0016.txt,pan_liu_sd1_oa4,pan_liu_sd2_oa3,0.6313912009512486,0.7887323943661971,0.6199494949494949,531,56,491
instance_0016.txt,pan_liu_sd1_oa4,pan_liu_sd2_oa4,1.0,1.0,1.0,686,61,643
instance_0016.txt,pan_liu_sd1_oa4,pan_liu_sd3_oa1,0.6313912009512486,0.7887323943661971,0.6199494949494949,531,56,491
instance_0016.txt,pan_liu_sd1_oa4,pan_liu_sd3_oa2,0.3624627606752731,0.6617647058823529,0.36116910229645094,365,45,346
instance_0016.txt,pan_liu_sd1_oa4,pan_liu_sd3_oa3,0.6313912009512486,0.7887323943661971,0.6199494949494949,531,56,491
instance_0016.txt,pan_liu_sd1_oa4,pan_liu_sd3_oa3_multi,0.6313912009512486,0.6056338028169014,0.6199494949494949,531,43,491
instance_0016.txt,pan_liu_sd1_oa4,pan_liu_sd3_oa4,1.0,1.0,1.0,686,61,643
instance_0016.txt,pan_liu_sd1_oa4,pan_liu_sd4_oa1,0.6313912009512486,0.7887323943661971,0.6199494949494949,531,56,491
instance_0016.txt,pan_liu_sd1_oa4,pan_liu_sd4_oa2,0.384460141271443,0.5373134328358209,0.38486140724946694,381,36,361
instance_0016.txt,pan_liu_sd1_oa4,pan_liu_sd4_oa3,0.6411483253588517,0.8,0.6302414231257941,536,56,496
instance_0016.txt,pan_liu_sd1_oa4,pan_liu_sd4_oa4,0.4564755838641189,0.7121212121212122,0.4454443194600675,430,47,396
instance_0016.txt,pan_liu_sd1_oa4,pan_liu_sl,0.6313912009512486,0.7887323943661971,0.6199494949494949,531,56,491
instance_0016.txt,pan_liu_sd1_oa4,pan_liu_sl_multi,0.6313912009512486,0.6056338028169014,0.6199494949494949,531,43,491
instance_0016.txt,pan_liu_sd1_oa4,pan_liu_sl_strict,0.6313912009512486,0.7887323943661971,0.6199494949494949,531,56,491
instance_0016.txt,pan_liu_sd2_oa1,pan_liu_sd2_oa2,0.37751004016064255,0.5735294117647058,0.3728813559322034,376,39,352
instance_0016.txt,pan_liu_sd2_oa1,pan_liu_sd2_oa3,1.0,1.0,1.0,686,66,640
instance_0016.txt,pan_liu_sd2_oa1,pan_liu_sd2_oa4,0.6313912009512486,0.7887323943661971,0.6199494949494949,531,56,491
instance_0016.txt,pan_liu_sd2_oa1,pan_liu_sd3_oa1,1.0,1.0,1.0,686,66,640
instance_0016.txt,pan_liu_sd2_oa1,pan_liu_sd3_oa2,0.3570722057368942,0.7611940298507462,0.35662148070907196,361,51,342
instance_0016.txt,pan_liu_sd2_oa1,pan_liu_sd3_oa3,1.0,1.0,1.0,686,66,640
instance_0016.txt,pan_liu_sd2_oa1,pan_liu_sd3_oa3_multi,1.0,0.7761194029850746,1.0,686,52,640
instance_0016.txt,pan_liu_sd2_oa1,pan_liu_sd3_oa4,0.6313912009512486,0.7887323943661971,0.6199494949494949,531,56,491
instance_0016.txt,pan_liu_sd2_oa1,pan_liu_sd4_oa1,1.0,1.0,1.0,686,66,640
instance_0016.txt,pan_liu_sd2_oa1,pan_liu_sd4_oa2,0.37751004016064255,0.5882352941176471,0.3728813559322034,376,40,352
instance_0016.txt,pan_liu_sd2_oa1,pan_liu_sd4_oa3,0.96,0.9848484848484849,0.9571865443425076,672,65,626
instance_0016.txt,pan_liu_sd2_oa1,pan_liu_sd4_oa4,0.4880694143167028,0.6619718309859155,0.4718714121699196,450,47,411
instance_0016.txt,pan_liu_sd2_oa1,pan_liu_sl,1.0,1.0,1.0,686,66,640
instance_0016.txt,pan_liu_sd2_oa1,pan_liu_sl_multi,1.0,0.7761194029850746,1.0,686,52,640
instance_0016.txt,pan_liu_sd2_oa1,pan_liu_sl_strict,1.0,1.0,1.0,686,66,640
instance_0016.txt,pan_liu_sd2_oa2,pan_liu_sd2_oa3,0.37751004016064255,0.5735294117647058,0.3728813559322034,376,39,352
instance_0016.txt,pan_liu_sd2_oa2,pan_liu_sd2_oa4,0.384460141271443,0.5454545454545454,0.38486140724946694,381,36,361
instance_0016.txt,pan_liu_sd2_oa2,pan_liu_sd3_oa1,0.37751004016064255,0.5735294117647058,0.3728813559322034,376,39,352
instance_0016.txt,pan_liu_sd2_oa2,pan_liu_sd3_oa2,0.5879629629629629,0.576271186440678,0.5983009708737864,508,34,493
instance_0016.txt,pan_liu_sd2_oa2,pan_liu_sd3_oa3,0.37751004016064255,0.5735294117647058,0.3728813559322034,376,39,352
instance_0016.txt,pan_liu_sd2_oa2,pan_liu_sd3_oa3_multi,0.37751004016064255,0.5409836065573771,0.3728813559322034,376,33,352
instance_0016.txt,pan_liu_sd2_oa2,pan_liu_sd3_oa4,0.384460141271443,0.5454545454545454,0.38486140724946694,381,36,361
instance_0016.txt,pan_liu_sd2_oa2,pan_liu_sd4_oa1,0.37751004016064255,0.5735294117647058,0.3728813559322034,376,39,352
instance_0016.txt,pan_liu_sd2_oa2,pan_liu_sd4_oa2,0.9941860465116279,0.9761904761904762,0.993920972644377,684,41,654
instance_0016.txt,pan_liu_sd2_oa2,pan_liu_sd4_oa3,0.38028169014084506,0.582089552238806,0.37579617834394907,378,39,354
instance_0016.txt,pan_liu_sd2_oa2,pan_liu_sd4_oa4,0.4705251875669882,0.5245901639344263,0.4666666666666667,439,32,413
instance_0016.txt,pan_liu_sd2_oa2,pan_liu_sl,0.37751004016064255,0.5735294117647058,0.3728813559322034,376,39,352
instance_0016.txt,pan_liu_sd2_oa2,pan_liu_sl_multi,0.37751004016064255,0.5409836065573771,0.3728813559322034,376,33,352
instance_0016.txt,pan_liu_sd2_oa2,pan_liu_sl_strict,0.37751004016064255,0.5735294117647058,0.3728813559322034,376,39,352
instance_0016.txt,pan_liu_sd2_oa3,pan_liu_sd2_oa4,0.6313912009512486,0.7887323943661971,0.6199494949494949,531,56,491
instance_0016.txt,pan_liu_sd2_oa3,pan_liu_sd3_oa1,1.0,1.0,1.0,686,66,640
instance_0016.txt,pan_liu_sd2_oa3,pan_liu_sd3_oa2,0.3570722057368942,0.7611940298507462,0.35662148070907196,361,51,342
instance_0016.txt,pan_liu_sd2_oa3,pan_liu_sd3_oa3,1.0,1.0,1.0,686,66,640
instance_0016.txt,pan_liu_sd2_oa3,pan_liu_sd3_oa3_multi,1.0,0.7761194029850746,1.0,686,52,640
instance_0016.txt,pan_liu_sd2_oa3,pan_liu_sd3_oa4,0.6313912009512486,0.7887323943661971,0.6199494949494949,531,56,491
instance_0016.txt,pan_liu_sd2_oa3,pan_liu_sd4_oa1,1.0,1.0,1.0,686,66,640
instance_0016.txt,pan_liu_sd2_oa3,pan_liu_sd4_oa2,0.37751004016064255,0.5882352941176471,0.3728813559322034,376,40,352
instance_0016.txt,pan_liu_sd2_oa3,pan_liu_sd4_oa3,0.96,0.9848484848484849,0.9571865443425076,672,65,626
instance_0016.txt,pan_liu_sd2_oa3,pan_liu_sd4_oa4,0.4880694143167028,0.6619718309859155,0.4718714121699196,450,47,411
instance_0016.txt,pan_liu_sd2_oa3,pan_liu_sl,1.0,1.0,1.0,686,66,640
instance_0016.txt,pan_liu_sd2_oa3,pan_liu_sl_multi,1.0,0.7761194029850746,1.0,686,52,640
instance_0016.txt,pan_liu_sd2_oa3,pan_liu_sl_strict,1.0,1.0,1.0,686,66,640
instance_0016.txt,pan_liu_sd2_oa4,pan_liu_sd3_oa1,0.6313912009512486,0.7887323943661971,0.6199494949494949,531,56,491
instance_0016.txt,pan_liu_sd2_oa4,pan_liu_sd3_oa2,0.3624627606752731,0.6617647058823529,0.36116910229645094,365,45,346
instance_0016.txt,pan_liu_sd2_oa4,pan_liu_sd3_oa3,0.6313912009512486,0.7887323943661971,0.6199494949494949,531,56,491
instance_0016.txt,pan_liu_sd2_oa4,pan_liu_sd3_oa3_multi,0.6313912009512486,0.6056338028169014,0.6199494949494949,531,43,491
instance_0016.txt,pan_liu_sd2_oa4,pan_liu_sd3_oa4,1.0,1.0,1.0,686,61,643
instance_0016.txt,pan_liu_sd2_oa4,pan_liu_sd4_oa1,0.6313912009512486,0.7887323943661971,0.6199494949494949,531,56,491
instance_0016.txt,pan_liu_sd2_oa4,pan_liu_sd4_oa2,0.384460141271443,0.5373134328358209,0.38486140724946694,381,36,361
instance_0016.txt,pan_liu_sd2_oa4,pan_liu_sd4_oa3,0.6411483253588517,0.8,0.6302414231257941,536,56,496
instance_0016.txt,pan_liu_sd2_oa4,pan_liu_sd4_oa4,0.4564755838641189,0.7121212121212122,0.4454443194600675,430,47,396
instance_0016.txt,pan_liu_sd2_oa4,pan_liu_sl,0.6313912009512486,0.7887323943661971,0.6199494949494949,531,56,491
instance_0016.txt,pan_liu_sd2_oa4,pan_liu_sl_multi,0.6313912009512486,0.6056338028169014,0.6199494949494949,531,43,491
instance_0016.txt,pan_liu_sd2_oa4,pan_liu_sl_strict,0.6313912009512486,0.7887323943661971,0.6199494949494949,531,56,491
instance_0016.txt,pan_liu_sd3_oa1,pan_liu_sd3_oa2,0.3570722057368942,0.7611940298507462,0.35662148070907196,361,51,342
instance_0016.txt,pan_liu_sd3_oa1,pan_liu_sd3_oa3,1.0,1.0,1.0,686,66,640
instance_0016.txt,pan_liu_sd3_oa1,pan_liu_sd3_oa3_multi,1.0,0.7761194029850746,1.0,686,52,640
instance_0016.txt,pan_liu_sd3_oa1,pan_liu_sd3_oa4,0.6313912009512486,0.7887323943661971,0.6199494949494949,531,56,491
instance_0016.txt,pan_liu_sd3_oa1,pan_liu_sd4_oa1,1.0,1.0,1.0,686,66,640
instance_0016.txt,pan_liu_sd3_oa1,pan_liu_sd4_oa2,0.37751004016064255,0.5882352941176471,0.3728813559322034,376,40,352
instance_0016.txt,pan_liu_sd3_oa1,pan_liu_sd4_oa3,0.96,0.9848484848484849,0.9571865443425076,672,65,626
instance_0016.txt,pan_liu_sd3_oa1,pan_liu_sd4_oa4,0.4880694143167028,0.6619718309859155,0.4718714121699196,450,47,411
instance_0016.txt,pan_liu_sd3_oa1,pan_liu_sl,1.0,1.0,1.0,686,66,640
instance_0016.txt,pan_liu_sd3_oa1,pan_liu_sl_multi,1.0,0.7761194029850746,1.0,686,52,640
instance_0016.txt,pan_liu_sd3_oa1,pan_liu_sl_strict,1.0,1.0,1.0,686,66,640
instance_0016.txt,pan_liu_sd3_oa2,pan_liu_sd3_oa3,0.3570722057368942,0.7611940298507462,0.35662148070907196,361,51,342
instance_0016.txt,pan_liu_sd3_oa2,pan_liu_sd3_oa3_multi,0.3570722057368942,0.5909090909090909,0.35662148070907196,361,39,342
instance_0016.txt,pan_liu_sd3_oa2,pan_liu_sd3_oa4,0.3624627606752731,0.6617647058823529,0.36116910229645094,365,45,346
instance_0016.txt,pan_liu_sd3_oa2,pan_liu_sd4_oa1,0.3570722057368942,0.7611940298507462,0.35662148070907196,361,51,342
instance_0016.txt,pan_liu_sd3_oa2,pan_liu_sd4_oa2,0.5879629629629629,0.5932203389830508,0.5983009708737864,508,35,493
instance_0016.txt,pan_liu_sd3_oa2,pan_liu_sd4_oa3,0.3597621407333994,0.7727272727272727,0.3594566353187043,363,51,344
instance_0016.txt,pan_liu_sd3_oa2,pan_liu_sd4_oa4,0.4442105263157895,0.5757575757575758,0.4477777777777778,422,38,403
instance_0016.txt,pan_liu_sd3_oa2,pan_liu_sl,0.3570722057368942,0.7611940298507462,0.35662148070907196,361,51,342
instance_0016.txt,pan_liu_sd3_oa2,pan_liu_sl_multi,0.3570722057368942,0.5909090909090909,0.35662148070907196,361,39,342
instance_0016.txt,pan_liu_sd3_oa2,pan_liu_sl_strict,0.3570722057368942,0.7611940298507462,0.35662148070907196,361,51,342
instance_0016.txt,pan_liu_sd3_oa3,pan_liu_sd3_oa3_multi,1.0,0.7761194029850746,1.0,686,52,640
instance_0016.txt,pan_liu_sd3_oa3,pan_liu_sd3_oa4,0.6313912009512486,0.7887323943661971,0.6199494949494949,531,56,491
instance_0016.txt,pan_liu_sd3_oa3,pan_liu_sd4_oa1,1.0,1.0,1.0,686,66,640
instance_0016.txt,pan_liu_sd3_oa3,pan_liu_sd4_oa2,0.37751004016064255,0.5882352941176471,0.3728813559322034,376,40,352
instance_0016.txt,pan_liu_sd3_oa3,pan_liu_sd4_oa3,0.96,0.9848484848484849,0.9571865443425076,672,65,626
instance_0016.txt,pan_liu_sd3_oa3,pan_liu_sd4_oa4,0.4880694143167028,0.6619718309859155,0.4718714121699196,450,47,411
instance_0016.txt,pan_liu_sd3_oa3,pan_liu_sl,1.0,1.0,1.0,686,66,640
instance_0016.txt,pan_liu_sd3_oa3,pan_liu_sl_multi,1.0,0.7761194029850746,1.0,686,52,640
instance_0016.txt,pan_liu_sd3_oa3,pan_liu_sl_strict,1.0,1.0,1.0,686,66,640
instance_0016.txt,pan_liu_sd3_oa3_multi,pan_liu_sd3_oa4,0.6313912009512486,0.6056338028169014,0.6199494949494949,531,43,491
instance_0016.txt,pan_liu_sd3_oa3_multi,pan_liu_sd4_oa1,1.0,0.7761194029850746,1.0,686,52,640
instance_0016.txt,pan_liu_sd3_oa3_multi,pan_liu_sd4_oa2,0.37751004016064255,0.5573770491803278,0.3728813559322034,376,34,352
instance_0016.txt,pan_liu_sd3_oa3_multi,pan_liu_sd4_oa3,0.96,0.7611940298507462,0.9571865443425076,672,51,626
instance_0016.txt,pan_liu_sd3_oa3_multi,pan_liu_sd4_oa4,0.4880694143167028,0.6153846153846154,0.4718714121699196,450,40,411
instance_0016.txt,pan_liu_sd3_oa3_multi,pan_liu_sl,1.0,0.7761194029850746,1.0,686,52,640
instance_0016.txt,pan_liu_sd3_oa3_multi,pan_liu_sl_multi,1.0,1.0,1.0,686,53,640
instance_0016.txt,pan_liu_sd3_oa3_multi,pan_liu_sl_strict,1.0,0.7761194029850746,1.0,686,52,640
instance_0016.txt,pan_liu_sd3_oa4,pan_liu_sd4_oa1,0.6313912009512486,0.7887323943661971,0.6199494949494949,531,56,491
instance_0016.txt,pan_liu_sd3_oa4,pan_liu_sd4_oa2,0.384460141271443,0.5373134328358209,0.38486140724946694,381,36,361
instance_0016.txt,pan_liu_sd3_oa4,pan_liu_sd4_oa3,0.6411483253588517,0.8,0.6302414231257941,536,56,496
instance_0016.txt,pan_liu_sd3_oa4,pan_liu_sd4_oa4,0.4564755838641189,0.7121212121212122,0.4454443194600675,430,47,396
instance_0016.txt,pan_liu_sd3_oa4,pan_liu_sl,0.6313912009512486,0.7887323943661971,0.6199494949494949,531,56,491
instance_0016.txt,pan_liu_sd3_oa4,pan_liu_sl_multi,0.6313912009512486,0.6056338028169014,0.6199494949494949,531,43,491
instance_0016.txt,pan_liu_sd3_oa4,pan_liu_sl_strict,0.6313912009512486,0.7887323943661971,0.6199494949494949,531,56,491
instance_0016.txt,pan_liu_sd4_oa1,pan_liu_sd4_oa2,0.37751004016064255,0.5882352941176471,0.3728813559322034,376,40,352
instance_0016.txt,pan_liu_sd4_oa1,pan_liu_sd4_oa3,0.96,0.9848484848484849,0.9571865443425076,672,65,626
instance_0016.txt,pan_liu_sd4_oa1,pan_liu_sd4_oa4,0.4880694143167028,0.6619718309859155,0.4718714121699196,450,47,411
instance_0016.txt,pan_liu_sd4_oa1,pan_liu_sl,1.0,1.0,1.0,686,66,640
instance_0016.txt,pan_liu_sd4_oa1,pan_liu_sl_multi,1.0,0.7761194029850746,1.0,686,52,640
instance_0016.txt,pan_liu_sd4_oa1,pan_liu_sl_strict,1.0,1.0,1.0,686,66,640
instance_0016.txt,pan_liu_sd4_oa2,pan_liu_sd4_oa3,0.38028169014084506,0.5970149253731343,0.37579617834394907,378,40,354
instance_0016.txt,pan_liu_sd4_oa2,pan_liu_sd4_oa4,0.4705251875669882,0.5409836065573771,0.4666666666666667,439,33,413
instance_0016.txt,pan_liu_sd4_oa2,pan_liu_sl,0.37751004016064255,0.5882352941176471,0.3728813559322034,376,40,352
instance_0016.txt,pan_liu_sd4_oa2,pan_liu_sl_multi,0.37751004016064255,0.5573770491803278,0.3728813559322034,376,34,352
instance_0016.txt,pan_liu_sd4_oa2,pan_liu_sl_strict,0.37751004016064255,0.5882352941176471,0.3728813559322034,376,40,352
instance_0016.txt,pan_liu_sd4_oa3,pan_liu_sd4_oa4,0.4752688172043011,0.6714285714285714,0.45847554038680316,442,47,403
instance_0016.txt,pan_liu_sd4_oa3,pan_liu_sl,0.96,0.9848484848484849,0.9571865443425076,672,65,626
instance_0016.txt,pan_liu_sd4_oa3,pan_liu_sl_multi,0.96,0.7611940298507462,0.9571865443425076,672,51,626
instance_0016.txt,pan_liu_sd4_oa3,pan_liu_sl_strict,0.96,0.9848484848484849,0.9571865443425076,672,65,626
instance_0016.txt,pan_liu_sd4_oa4,pan_liu_sl,0.4880694143167028,0.6619718309859155,0.4718714121699196,450,47,411
instance_0016.txt,pan_liu_sd4_oa4,pan_liu_sl_multi,0.4880694143167028,0.6153846153846154,0.4718714121699196,450,40,411
instance_0016.txt,pan_liu_sd4_oa4,pan_liu_sl_strict,0.4880694143167028,0.6619718309859155,0.4718714121699196,450,47,411
instance_0016.txt,pan_liu_sl,pan_liu_sl_multi,1.0,0.7761194029850746,1.0,686,52,640
instance_0016.txt,pan_liu_sl,pan_liu_sl_strict,1.0,1.0,1.0,686,66,640
instance_0016.txt,pan_liu_sl_multi,pan_liu_sl_strict,1.0,0.7761194029850746,1.0,686,52,640
instance_0017.txt,pan_liu_sd1_oa1,pan_liu_sd1_oa2,0.09034267912772585,0.4888888888888889,0.09177215189873418,29,22,29
instance_0017.txt,pan_liu_sd1_oa1,pan_liu_sd1_oa3,0.8421052631578947,0.8333333333333334,0.8432432432432433,160,30,156
instance_0017.txt,pan_liu_sd1_oa1,pan_liu_sd1_oa4,0.25,0.43478260869565216,0.2518248175182482,70,20,69
instance_0017.txt,pan_liu_sd1_oa1,pan_liu_sd2_oa1,1.0,1.0,1.0,175,36,170
instance_0017.txt,pan_liu_sd1_oa1,pan_liu_sd2_oa2,0.09034267912772585,0.4888888888888889,0.09177215189873418,29,22,29
instance_0017.txt,pan_liu_sd1_oa1,pan_liu_sd2_oa3,0.8421052631578947,0.8333333333333334,0.8432432432432433,160,30,156
instance_0017.txt,pan_liu_sd1_oa1,pan_liu_sd2_oa4,0.25,0.43478260869565216,0.2518248175182482,70,20,69
instance_0017.txt,pan_liu_sd1_oa1,pan_liu_sd3_oa1,1.0,1.0,1.0,175,36,170
instance_0017.txt,pan_liu_sd1_oa1,pan_liu_sd3_oa2,0.19863013698630136,0.6,0.20209059233449478,58,27,58
instance_0017.txt,pan_liu_sd1_oa1,pan_liu_sd3_oa3,0.9886363636363636,1.0,0.9883040935672515,174,36,169
instance_0017.txt,pan_liu_sd1_oa1,pan_liu_sd3_oa3_multi,0.9886363636363636,0.5476190476190477,0.9883040935672515,174,23,169
instance_0017.txt,pan_liu_sd1_oa1,pan_liu_sd3_oa4,0.4583333333333333,0.6222222222222222,0.452991452991453,110,28,106
instance_0017.txt,pan_liu_sd1_oa1,pan_liu_sd4_oa1,0.9886363636363636,1.0,0.9883040935672515,174,36,169
instance_0017.txt,pan_liu_sd1_oa1,pan_liu_sd4_oa2,0.09034267912772585,0.4888888888888889,0.09177215189873418,29,22,29
instance_0017.txt,pan_liu_sd1_oa1,pan_liu_sd4_oa3,0.8421052631578947,0.8333333333333334,0.8432432432432433,160,30,156
instance_0017.txt,pan_liu_sd1_oa1,pan_liu_sd4_oa4,0.25,0.43478260869565216,0.2518248175182482,70,20,69
instance_0017.txt,pan_liu_sd1_oa1,pan_liu_sl,1.0,1.0,1.0,175,36,170
instance_0017.txt,pan_liu_sd1_oa1,pan_liu_sl_multi,1.0,0.45454545454545453,1.0,175,20,170
instance_0017.txt,pan_liu_sd1_oa1,pan_liu_sl_strict,1.0,1.0,1.0,175,36,170
instance_0017.txt,pan_liu_sd1_oa2,pan_liu_sd1_oa3,0.10062893081761007,0.4523809523809524,0.10191082802547771,32,19,32
instance_0017.txt,pan_liu_sd1_oa2,pan_liu_sd1_oa4,0.36186770428015563,0.35555555555555557,0.36470588235294116,93,16,93
instance_0017.txt,pan_liu_sd1_oa2,pan_liu_sd2_oa1,0.09034267912772585,0.4888888888888889,0.09177215189873418,29,22,29
instance_0017.txt,pan_liu_sd1_oa2,pan_liu_sd2_oa2,1.0,1.0,1.0,175,31,175
instance_0017.txt,pan_liu_sd1_oa2,pan_liu_sd2_oa3,0.10062893081761007,0.4523809523809524,0.10191082802547771,32,19,32
instance_0017.txt,pan_liu_sd1_oa2,pan_liu_sd2_oa4,0.36186770428015563,0.35555555555555557,0.36470588235294116,93,16,93
instance_0017.txt,pan_liu_sd1_oa2,pan_liu_sd3_oa1,0.09034267912772585,0.4888888888888889,0.09177215189873418,29,22,29
instance_0017.txt,pan_liu_sd1_oa2,pan_liu_sd3_oa2,0.3779527559055118,0.5227272727272727,0.3779527559055118,96,23,96
instance_0017.txt,pan_liu_sd1_oa2,pan_liu_sd3_oa3,0.09375,0.4888888888888889,0.09523809523809523,30,22,30
instance_0017.txt,pan_liu_sd1_oa2,pan_liu_sd3_oa3_multi,0.09375,0.36363636363636365,0.09523809523809523,30,16,30
instance_0017.txt,pan_liu_sd1_oa2,pan_liu_sd3_oa4,0.18243243243243243,0.44680851063829785,0.18556701030927836,54,21,54
instance_0017.txt,pan_liu_sd1_oa2,pan_liu_sd4_oa1,0.09034267912772585,0.4888888888888889,0.09177215189873418,29,22,29
instance_0017.txt,pan_liu_sd1_oa2,pan_liu_sd4_oa2,1.0,1.0,1.0,175,31,175
instance_0017.txt,pan_liu_sd1_oa2,pan_liu_sd4_oa3,0.10062893081761007,0.4523809523809524,0.10191082802547771,32,19,32
instance_0017.txt,pan_liu_sd1_oa2,pan_liu_sd4_oa4,0.36186770428015563,0.35555555555555557,0.36470588235294116,93,16,93
instance_0017.txt,pan_liu_sd1_oa2,pan_liu_sl,0.09034267912772585,0.4888888888888889,0.09177215189873418,29,22,29
instance_0017.txt,pan_liu_sd1_oa2,pan_liu_sl_multi,0.09034267912772585,0.2826086956521739,0.09177215189873418,29,13,29
instance_0017.txt,pan_liu_sd1_oa2,pan_liu_sl_strict,0.09034267912772585,0.4888888888888889,0.09177215189873418,29,22,29
instance_0017.txt,pan_liu_sd1_oa3,pan_liu_sd1_oa4,0.2589928057553957,0.3953488372093023,0.2600732600732601,72,17,71
instance_0017.txt,pan_liu_sd1_oa3,pan_liu_sd2_oa1,0.8421052631578947,0.8333333333333334,0.8432432432432433,160,30,156
instance_0017.txt,pan_liu_sd1_oa3,pan_liu_sd2_oa2,0.10062893081761007,0.4523809523809524,0.10191082802547771,32,19,32
instance_0017.txt,pan_liu_sd1_oa3,pan_liu_sd2_oa3,1.0,1.0,1.0,175,30,171
instance_0017.txt,pan_liu_sd1_oa3,pan_liu_sd2_oa4,0.2589928057553957,0.3953488372093023,0.2600732600732601,72,17,71
instance_0017.txt,pan_liu_sd1_oa3,pan_liu_sd3_oa1,0.8421052631578947,0.8333333333333334,0.8432432432432433,160,30,156
instance_0017.txt,pan_liu_sd1_oa3,pan_liu_sd3_oa2,0.21951219512195122,0.5714285714285714,0.2226148409893993,63,24,63
instance_0017.txt,pan_liu_sd1_oa3,pan_liu_sd3_oa3,0.8421052631578947,0.8333333333333334,0.8432432432432433,160,30,156
instance_0017.txt,pan_liu_sd1_oa3,pan_liu_sd3_oa3_multi,0.8421052631578947,0.5526315789473685,0.8432432432432433,160,21,156
instance_0017.txt,pan_liu_sd1_oa3,pan_liu_sd3_oa4,0.40562248995983935,0.5227272727272727,0.40329218106995884,101,23,98
instance_0017.txt,pan_liu_sd1_oa3,pan_liu_sd4_oa1,0.8518518518518519,0.8333333333333334,0.8532608695652174,161,30,157
instance_0017.txt,pan_liu_sd1_oa3,pan_liu_sd4_oa2,0.10062893081761007,0.4523809523809524,0.10191082802547771,32,19,32
instance_0017.txt,pan_liu_sd1_oa3,pan_liu_sd4_oa3,1.0,1.0,1.0,175,30,171
instance_0017.txt,pan_liu_sd1_oa3,pan_liu_sd4_oa4,0.2589928057553957,0.3953488372093023,0.2600732600732601,72,17,71
instance_0017.txt,pan_liu_sd1_oa3,pan_liu_sl,0.8421052631578947,0.8333333333333334,0.8432432432432433,160,30,156
instance_0017.txt,pan_liu_sd1_oa3,pan_liu_sl_multi,0.8421052631578947,0.45,0.8432432432432433,160,18,156
instance_0017.txt,pan_liu_sd1_oa3,pan_liu_sl_strict,0.8421052631578947,0.8333333333333334,0.8432432432432433,160,30,156
instance_0017.txt,pan_liu_sd1_oa4,pan_liu_sd2_oa1,0.25,0.43478260869565216,0.2518248175182482,70,20,69
instance_0017.txt,pan_liu_sd1_oa4,pan_liu_sd2_oa2,0.36186770428015563,0.35555555555555557,0.36470588235294116,93,16,93
instance_0017.txt,pan_liu_sd1_oa4,pan_liu_sd2_oa3,0.2589928057553957,0.3953488372093023,0.2600732600732601,72,17,71
instance_0017.txt,pan_liu_sd1_oa4,pan_liu_sd2_oa4,1.0,1.0,1.0,175,30,173
instance_0017.txt,pan_liu_sd1_oa4,pan_liu_sd3_oa1,0.25,0.43478260869565216,0.2518248175182482,70,20,69
instance_0017.txt,pan_liu_sd1_oa4,pan_liu_sd3_oa2,0.3779527559055118,0.40425531914893614,0.38095238095238093,96,19,96
instance_0017.txt,pan_liu_sd1_oa4,pan_liu_sd3_oa3,0.25,0.43478260869565216,0.2518248175182482,70,20,69
instance_0017.txt,pan_liu_sd1_oa4,pan_liu_sd3_oa3_multi,0.25,0.5128205128205128,0.2518248175182482,70,20,69
instance_0017.txt,pan_liu_sd1_oa4,pan_liu_sd3_oa4,0.1551155115511551,0.28846153846153844,0.15488215488215487,47,15,46
instance_0017.txt,pan_liu_sd1_oa4,pan_liu_sd4_oa1,0.25,0.43478260869565216,0.2518248175182482,70,20,69
instance_0017.txt,pan_liu_sd1_oa4,pan_liu_sd4_oa2,0.36186770428015563,0.35555555555555557,0.36470588235294116,93,16,93
instance_0017.txt,pan_liu_sd1_oa4,pan_liu_sd4_oa3,0.2589928057553957,0.3953488372093023,0.2600732600732601,72,17,71
instance_0017.txt,pan_liu_sd1_oa4,pan_liu_sd4_oa4,1.0,1.0,1.0,175,30,173
instance_0017.txt,pan_liu_sd1_oa4,pan_liu_sl,0.25,0.43478260869565216,0.2518248175182482,70,20,69
instance_0017.txt,pan_liu_sd1_oa4,pan_liu_sl_multi,0.25,0.48717948717948717,0.2518248175182482,70,19,69
instance_0017.txt,pan_liu_sd1_oa4,pan_liu_sl_strict,0.25,0.43478260869565216,0.2518248175182482,70,20,69
instance_0017.txt,pan_liu_sd2_oa1,pan_liu_sd2_oa2,0.09034267912772585,0.4888888888888889,0.09177215189873418,29,22,29
instance_0017.txt,pan_liu_sd2_oa1,pan_liu_sd2_oa3,0.8421052631578947,0.8333333333333334,0.8432432432432433,160,30,156
instance_0017.txt,pan_liu_sd2_oa1,pan_liu_sd2_oa4,0.25,0.43478260869565216,0.2518248175182482,70,20,69
instance_0017.txt,pan_liu_sd2_oa1,pan_liu_sd3_oa1,1.0,1.0,1.0,175,36,170
instance_0017.txt,pan_liu_sd2_oa1,pan_liu_sd3_oa2,0.19863013698630136,0.6,0.20209059233449478,58,27,58
instance_0017.txt,pan_liu_sd2_oa1,pan_liu_sd3_oa3,0.9886363636363636,1.0,0.9883040935672515,174,36,169
instance_0017.txt,pan_liu_sd2_oa1,pan_liu_sd3_oa3_multi,0.9886363636363636,0.5476190476190477,0.9883040935672515,174,23,169
instance_0017.txt,pan_liu_sd2_oa1,pan_liu_sd3_oa4,0.4583333333333333,0.6222222222222222,0.452991452991453,110,28,106
instance_0017.txt,pan_liu_sd2_oa1,pan_liu_sd4_oa1,0.9886363636363636,1.0,0.9883040935672515,174,36,169
instance_0017.txt,pan_liu_sd2_oa1,pan_liu_sd4_oa2,0.09034267912772585,0.4888888888888889,0.09177215189873418,29,22,29
instance_0017.txt,pan_liu_sd2_oa1,pan_liu_sd4_oa3,0.8421052631578947,0.8333333333333334,0.8432432432432433,160,30,156
instance_0017.txt,pan_liu_sd2_oa1,pan_liu_sd4_oa4,0.25,0.43478260869565216,0.2518248175182482,70,20,69
instance_0017.txt,pan_liu_sd2_oa1,pan_liu_sl,1.0,1.0,1.0,175,36,170
instance_0017.txt,pan_liu_sd2_oa1,pan_liu_sl_multi,1.0,0.45454545454545453,1.0,175,20,170
instance_0017.txt,pan_liu_sd2_oa1,pan_liu_sl_strict,1.0,1.0,1.0,175,36,170
instance_0017.txt,pan_liu_sd2_oa2,pan_liu_sd2_oa3,0.10062893081761007,0.4523809523809524,0.10191082802547771,32,19,32
instance_0017.txt,pan_liu_sd2_oa2,pan_liu_sd2_oa4,0.36186770428015563,0.35555555555555557,0.36470588235294116,93,16,93
instance_0017.txt,pan_liu_sd2_oa2,pan_liu_sd3_oa1,0.09034267912772585,0.4888888888888889,0.09177215189873418,29,22,29
instance_0017.txt,pan_liu_sd2_oa2,pan_liu_sd3_oa2,0.3779527559055118,0.5227272727272727,0.3779527559055118,96,23,96
instance_0017.txt,pan_liu_sd2_oa2,pan_liu_sd3_oa3,0.09375,0.4888888888888889,0.09523809523809523,30,22,30
instance_0017.txt,pan_liu_sd2_oa2,pan_liu_sd3_oa3_multi,0.09375,0.36363636363636365,0.09523809523809523,30,16,30
instance_0017.txt,pan_liu_sd2_oa2,pan_liu_sd3_oa4,0.18243243243243243,0.44680851063829785,0.18556701030927836,54,21,54
instance_0017.txt,pan_liu_sd2_oa2,pan_liu_sd4_oa1,0.09034267912772585,0.4888888888888889,0.09177215189873418,29,22,29
instance_0017.txt,pan_liu_sd2_oa2,pan_liu_sd4_oa2,1.0,1.0,1.0,175,31,175
instance_0017.txt,pan_liu_sd2_oa2,pan_liu_sd4_oa3,0.10062893081761007,0.4523809523809524,0.10191082802547771,32,19,32
instance_0017.txt,pan_liu_sd2_oa2,pan_liu_sd4_oa4,0.36186770428015563,0.35555555555555557,0.36470588235294116,93,16,93
instance_0017.txt,pan_liu_sd2_oa2,pan_liu_sl,0.09034267912772585,0.4888888888888889,0.09177215189873418,29,22,29
instance_0017.txt,pan_liu_sd2_oa2,pan_liu_sl_multi,0.09034267912772585,0.2826086956521739,0.09177215189873418,29,13,29
instance_0017.txt,pan_liu_sd2_oa2,pan_liu_sl_strict,0.09034267912772585,0.4888888888888889,0.09177215189873418,29,22,29
instance_0017.txt,pan_liu_sd2_oa3,pan_liu_sd2_oa4,0.2589928057553957,0.3953488372093023,0.2600732600732601,72,17,71
instance_0017.txt,pan_liu_sd2_oa3,pan_liu_sd3_oa1,0.8421052631578947,0.8333333333333334,0.8432432432432433,160,30,156
instance_0017.txt,pan_liu_sd2_oa3,pan_liu_sd3_oa2,0.21951219512195122,0.5714285714285714,0.2226148409893993,63,24,63
instance_0017.txt,pan_liu_sd2_oa3,pan_liu_sd3_oa3,0.8421052631578947,0.8333333333333334,0.8432432432432433,160,30,156
instance_0017.txt,pan_liu_sd2_oa3,pan_liu_sd3_oa3_multi,0.8421052631578947,0.5526315789473685,0.8432432432432433,160,21,156
instance_0017.txt,pan_liu_sd2_oa3,pan_liu_sd3_oa4,0.40562248995983935,0.5227272727272727,0.40329218106995884,101,23,98
instance_0017.txt,pan_liu_sd2_oa3,pan_liu_sd4_oa1,0.8518518518518519,0.8333333333333334,0.8532608695652174,161,30,157
instance_0017.txt,pan_liu_sd2_oa3,pan_liu_sd4_oa2,0.10062893081761007,0.4523809523809524,0.10191082802547771,32,19,32
instance_0017.txt,pan_liu_sd2_oa3,pan_liu_sd4_oa3,1.0,1.0,1.0,175,30,171
instance_0017.txt,pan_liu_sd2_oa3,pan_liu_sd4_oa4,0.2589928057553957,0.3953488372093023,0.2600732600732601,72,17,71
instance_0017.txt,pan_liu_sd2_oa3,pan_liu_sl,0.8421052631578947,0.8333333333333334,0.8432432432432433,160,30,156
instance_0017.txt,pan_liu_sd2_oa3,pan_liu_sl_multi,0.8421052631578947,0.45,0.8432432432432433,160,18,156
instance_0017.txt,pan_liu_sd2_oa3,pan_liu_sl_strict,0.8421052631578947,0.8333333333333334,0.8432432432432433,160,30,156
instance_0017.txt,pan_liu_sd2_oa4,pan_liu_sd3_oa1,0.25,0.43478260869565216,0.2518248175182482,70,20,69
instance_0017.txt,pan_liu_sd2_oa4,pan_liu_sd3_oa2,0.3779527559055118,0.40425531914893614,0.38095238095238093,96,19,96
instance_0017.txt,pan_liu_sd2_oa4,pan_liu_sd3_oa3,0.25,0.43478260869565216,0.2518248175182482,70,20,69
instance_0017.txt,pan_liu_sd2_oa4,pan_liu_sd3_oa3_multi,0.25,0.5128205128205128,0.2518248175182482,70,20,69
instance_0017.txt,pan_liu_sd2_oa4,pan_liu_sd3_oa4,0.1551155115511551,0.28846153846153844,0.15488215488215487,47,15,46
instance_0017.txt,pan_liu_sd2_oa4,pan_liu_sd4_oa1,0.25,0.43478260869565216,0.2518248175182482,70,20,69
instance_0017.txt,pan_liu_sd2_oa4,pan_liu_sd4_oa2,0.36186770428015563,0.35555555555555557,0.36470588235294116,93,16,93
instance_0017.txt,pan_liu_sd2_oa4,pan_liu_sd4_oa3,0.2589928057553957,0.3953488372093023,0.2600732600732601,72,17,71
instance_0017.txt,pan_liu_sd2_oa4,pan_liu_sd4_oa4,1.0,1.0,1.0,175,30,173
instance_0017.txt,pan_liu_sd2_oa4,pan_liu_sl,0.25,0.43478260869565216,0.2518248175182482,70,20,69
instance_0017.txt,pan_liu_sd2_oa4,pan_liu_sl_multi,0.25,0.48717948717948717,0.2518248175182482,70,19,69
instance_0017.txt,pan_liu_sd2_oa4,pan_liu_sl_strict,0.25,0.43478260869565216,0.2518248175182482,70,20,69
instance_0017.txt,pan_liu_sd3_oa1,pan_liu_sd3_oa2,0.19863013698630136,0.6,0.20209059233449478,58,27,58
instance_0017.txt,pan_liu_sd3_oa1,pan_liu_sd3_oa3,0.9886363636363636,1.0,0.9883040935672515,174,36,169
instance_0017.txt,pan_liu_sd3_oa1,pan_liu_sd3_oa3_multi,0.9886363636363636,0.5476190476190477,0.9883040935672515,174,23,169
instance_0017.txt,pan_liu_sd3_oa1,pan_liu_sd3_oa4,0.4583333333333333,0.6222222222222222,0.452991452991453,110,28,106
instance_0017.txt,pan_liu_sd3_oa1,pan_liu_sd4_oa1,0.9886363636363636,1.0,0.9883040935672515,174,36,169
instance_0017.txt,pan_liu_sd3_oa1,pan_liu_sd4_oa2,0.09034267912772585,0.4888888888888889,0.09177215189873418,29,22,29
instance_0017.txt,pan_liu_sd3_oa1,pan_liu_sd4_oa3,0.8421052631578947,0.8333333333333334,0.8432432432432433,160,30,156
instance_0017.txt,pan_liu_sd3_oa1,pan_liu_sd4_oa4,0.25,0.43478260869565216,0.2518248175182482,70,20,69
instance_0017.txt,pan_liu_sd3_oa1,pan_liu_sl,1.0,1.0,1.0,175,36,170
instance_0017.txt,pan_liu_sd3_oa1,pan_liu_sl_multi,1.0,0.45454545454545453,1.0,175,20,170
instance_0017.txt,pan_liu_sd3_oa1,pan_liu_sl_strict,1.0,1.0,1.0,175,36,170
instance_0017.txt,pan_liu_sd3_oa2,pan_liu_sd3_oa3,0.2027491408934708,0.6,0.2062937062937063,59,27,59
instance_0017.txt,pan_liu_sd3_oa2,pan_liu_sd3_oa3_multi,0.2027491408934708,0.41304347826086957,0.2062937062937063,59,19,59
instance_0017.txt,pan_liu_sd3_oa2,pan_liu_sd3_oa4,0.19047619047619047,0.4897959183673469,0.19377162629757785,56,24,56
instance_0017.txt,pan_liu_sd3_oa2,pan_liu_sd4_oa1,0.19863013698630136,0.6,0.20209059233449478,58,27,58
instance_0017.txt,pan_liu_sd3_oa2,pan_liu_sd4_oa2,0.3779527559055118,0.5227272727272727,0.3779527559055118,96,23,96
instance_0017.txt,pan_liu_sd3_oa2,pan_liu_sd4_oa3,0.21951219512195122,0.5714285714285714,0.2226148409893993,63,24,63
instance_0017.txt,pan_liu_sd3_oa2,pan_liu_sd4_oa4,0.3779527559055118,0.40425531914893614,0.38095238095238093,96,19,96
instance_0017.txt,pan_liu_sd3_oa2,pan_liu_sl,0.19863013698630136,0.6,0.20209059233449478,58,27,58
instance_0017.txt,pan_liu_sd3_oa2,pan_liu_sl_multi,0.19863013698630136,0.391304347826087,0.20209059233449478,58,18,58
instance_0017.txt,pan_liu_sd3_oa2,pan_liu_sl_strict,0.19863013698630136,0.6,0.20209059233449478,58,27,58
instance_0017.txt,pan_liu_sd3_oa3,pan_liu_sd3_oa3_multi,1.0,0.5476190476190477,1.0,175,23,170
instance_0017.txt,pan_liu_sd3_oa3,pan_liu_sd3_oa4,0.4583333333333333,0.6222222222222222,0.452991452991453,110,28,106
instance_0017.txt,pan_liu_sd3_oa3,pan_liu_sd4_oa1,0.9774011299435028,1.0,0.9767441860465116,173,36,168
instance_0017.txt,pan_liu_sd3_oa3,pan_liu_sd4_oa2,0.09375,0.4888888888888889,0.09523809523809523,30,22,30
instance_0017.txt,pan_liu_sd3_oa3,pan_liu_sd4_oa3,0.8421052631578947,0.8333333333333334,0.8432432432432433,160,30,156
instance_0017.txt,pan_liu_sd3_oa3,pan_liu_sd4_oa4,0.25,0.43478260869565216,0.2518248175182482,70,20,69
instance_0017.txt,pan_liu_sd3_oa3,pan_liu_sl,0.9886363636363636,1.0,0.9883040935672515,174,36,169
instance_0017.txt,pan_liu_sd3_oa3,pan_liu_sl_multi,0.9886363636363636,0.45454545454545453,0.9883040935672515,174,20,169
instance_0017.txt,pan_liu_sd3_oa3,pan_liu_sl_strict,0.9886363636363636,1.0,0.9883040935672515,174,36,169
instance_0017.txt,pan_liu_sd3_oa3_multi,pan_liu_sd3_oa4,0.4583333333333333,0.40425531914893614,0.452991452991453,110,19,106
instance_0017.txt,pan_liu_sd3_oa3_multi,pan_liu_sd4_oa1,0.9774011299435028,0.5476190476190477,0.9767441860465116,173,23,168
instance_0017.txt,pan_liu_sd3_oa3_multi,pan_liu_sd4_oa2,0.09375,0.36363636363636365,0.09523809523809523,30,16,30
instance_0017.txt,pan_liu_sd3_oa3_multi,pan_liu_sd4_oa3,0.8421052631578947,0.5526315789473685,0.8432432432432433,160,21,156
instance_0017.txt,pan_liu_sd3_oa3_multi,pan_liu_sd4_oa4,0.25,0.5128205128205128,0.2518248175182482,70,20,69
instance_0017.txt,pan_liu_sd3_oa3_multi,pan_liu_sl,0.9886363636363636,0.5476190476190477,0.9883040935672515,174,23,169
instance_0017.txt,pan_liu_sd3_oa3_multi,pan_liu_sl_multi,0.9886363636363636,0.78125,0.9883040935672515,174,25,169
instance_0017.txt,pan_liu_sd3_oa3_multi,pan_liu_sl_strict,0.9886363636363636,0.5476190476190477,0.9883040935672515,174,23,169
instance_0017.txt,pan_liu_sd3_oa4,pan_liu_sd4_oa1,0.45228215767634855,0.6222222222222222,0.44680851063829785,109,28,105
instance_0017.txt,pan_liu_sd3_oa4,pan_liu_sd4_oa2,0.18243243243243243,0.44680851063829785,0.18556701030927836,54,21,54
instance_0017.txt,pan_liu_sd3_oa4,pan_liu_sd4_oa3,0.40562248995983935,0.5227272727272727,0.40329218106995884,101,23,98
instance_0017.txt,pan_liu_sd3_oa4,pan_liu_sd4_oa4,0.1551155115511551,0.28846153846153844,0.15488215488215487,47,15,46
instance_0017.txt,pan_liu_sd3_oa4,pan_liu_sl,0.4583333333333333,0.6222222222222222,0.452991452991453,110,28,106
instance_0017.txt,pan_liu_sd3_oa4,pan_liu_sl_multi,0.4583333333333333,0.41304347826086957,0.452991452991453,110,19,106
instance_0017.txt,pan_liu_sd3_oa4,pan_liu_sl_strict,0.4583333333333333,0.6222222222222222,0.452991452991453,110,28,106
instance_0017.txt,pan_liu_sd4_oa1,pan_liu_sd4_oa2,0.09034267912772585,0.4888888888888889,0.09177215189873418,29,22,29
instance_0017.txt,pan_liu_sd4_oa1,pan_liu_sd4_oa3,0.8518518518518519,0.8333333333333334,0.8532608695652174,161,30,157
instance_0017.txt,pan_liu_sd4_oa1,pan_liu_sd4_oa4,0.25,0.43478260869565216,0.2518248175182482,70,20,69
instance_0017.txt,pan_liu_sd4_oa1,pan_liu_sl,0.9886363636363636,1.0,0.9883040935672515,174,36,169
instance_0017.txt,pan_liu_sd4_oa1,pan_liu_sl_multi,0.9886363636363636,0.45454545454545453,0.9883040935672515,174,20,169
instance_0017.txt,pan_liu_sd4_oa1,pan_liu_sl_strict,0.9886363636363636,1.0,0.9883040935672515,174,36,169
instance_0017.txt,pan_liu_sd4_oa2,pan_liu_sd4_oa3,0.10062893081761007,0.4523809523809524,0.10191082802547771,32,19,32
instance_0017.txt,pan_liu_sd4_oa2,pan_liu_sd4_oa4,0.36186770428015563,0.35555555555555557,0.36470588235294116,93,16,93
instance_0017.txt,pan_liu_sd4_oa2,pan_liu_sl,0.09034267912772585,0.4888888888888889,0.09177215189873418,29,22,29
instance_0017.txt,pan_liu_sd4_oa2,pan_liu_sl_multi,0.09034267912772585,0.2826086956521739,0.09177215189873418,29,13,29
instance_0017.txt,pan_liu_sd4_oa2,pan_liu_sl_strict,0.09034267912772585,0.4888888888888889,0.09177215189873418,29,22,29
instance_0017.txt,pan_liu_sd4_oa3,pan_liu_sd4_oa4,0.2589928057553957,0.3953488372093023,0.2600732600732601,72,17,71
instance_0017.txt,pan_liu_sd4_oa3,pan_liu_sl,0.8421052631578947,0.8333333333333334,0.8432432432432433,160,30,156
instance_0017.txt,pan_liu_sd4_oa3,pan_liu_sl_multi,0.8421052631578947,0.45,0.8432432432432433,160,18,156
instance_0017.txt,pan_liu_sd4_oa3,pan_liu_sl_strict,0.8421052631578947,0.8333333333333334,0.8432432432432433,160,30,156
instance_0017.txt,pan_liu_sd4_oa4,pan_liu_sl,0.25,0.43478260869565216,0.2518248175182482,70,20,69
instance_0017.txt,pan_liu_sd4_oa4,pan_liu_sl_multi,0.25,0.48717948717948717,0.2518248175182482,70,19,69
instance_0017.txt,pan_liu_sd4_oa4,pan_liu_sl_strict,0.25,0.43478260869565216,0.2518248175182482,70,20,69
instance_0017.txt,pan_liu_sl,pan_liu_sl_multi,1.0,0.45454545454545453,1.0,175,20,170
instance_0017.txt,pan_liu_sl,pan_liu_sl_strict,1.0,1.0,1.0,175,36,170
instance_0017.txt,pan_liu_sl_multi,pan_liu_sl_strict,1.0,0.45454545454545453,1.0,175,20,170
instance_0018.txt,pan_liu_sd1_oa1,pan_liu_sd1_oa2,0.11045828437132785,0.47761194029850745,0.11213720316622691,188,32,170
instance_0018.txt,pan_liu_sd1_oa1,pan_liu_sd1_oa3,0.9930635838150289,1.0,0.9913169319826338,859,67,685
instance_0018.txt,pan_liu_sd1_oa1,pan_liu_sd1_oa4,0.3579254930606282,0.7792207792207793,0.3380406001765225,490,60,383
instance_0018.txt,pan_liu_sd1_oa1,pan_liu_sd2_oa1,1.0,1.0,1.0,862,67,688
instance_0018.txt,pan_liu_sd1_oa1,pan_liu_sd2_oa2,0.11045828437132785,0.47761194029850745,0.11213720316622691,188,32,170
instance_0018.txt,pan_liu_sd1_oa1,pan_liu_sd2_oa3,0.9930635838150289,1.0,0.9913169319826338,859,67,685
instance_0018.txt,pan_liu_sd1_oa1,pan_liu_sd2_oa4,0.3579254930606282,0.7792207792207793,0.3380406001765225,490,60,383
instance_0018.txt,pan_liu_sd1_oa1,pan_liu_sd3_oa1,1.0,1.0,1.0,862,67,688
instance_0018.txt,pan_liu_sd1_oa1,pan_liu_sd3_oa2,0.15995115995115994,0.5942028985507246,0.15335689045936396,262,41,217
instance_0018.txt,pan_liu_sd1_oa1,pan_liu_sd3_oa3,0.9930635838150289,1.0,0.9913169319826338,859,67,685
instance_0018.txt,pan_liu_sd1_oa1,pan_liu_sd3_oa3_multi,0.9930635838150289,0.9253731343283582,0.9913169319826338,859,62,685
instance_0018.txt,pan_liu_sd1_oa1,pan_liu_sd3_oa4,0.3579254930606282,0.7792207792207793,0.3380406001765225,490,60,383
instance_0018.txt,pan_liu_sd1_oa1,pan_liu_sd4_oa1,0.9942062572421785,1.0,0.9927431059506531,858,67,684
instance_0018.txt,pan_liu_sd1_oa1,pan_liu_sd4_oa2,0.12997032640949555,0.4626865671641791,0.12525252525252525,219,31,186
instance_0018.txt,pan_liu_sd1_oa1,pan_liu_sd4_oa3,0.929372197309417,0.9850746268656716,0.9306930693069307,829,66,658
instance_0018.txt,pan_liu_sd1_oa1,pan_liu_sd4_oa4,0.21065830721003134,0.5769230769230769,0.19164265129682997,336,45,266
instance_0018.txt,pan_liu_sd1_oa1,pan_liu_sl,1.0,1.0,1.0,862,67,688
instance_0018.txt,pan_liu_sd1_oa1,pan_liu_sl_multi,1.0,0.8970588235294118,1.0,862,61,688
instance_0018.txt,pan_liu_sd1_oa1,pan_liu_sl_strict,1.0,1.0,1.0,862,67,688
instance_0018.txt,pan_liu_sd1_oa2,pan_liu_sd1_oa3,0.1111111111111111,0.47761194029850745,0.11287128712871287,189,32,171
instance_0018.txt,pan_liu_sd1_oa2,pan_liu_sd1_oa4,0.14536199095022626,0.43661971830985913,0.15569620253164557,257,31,246
instance_0018.txt,pan_liu_sd1_oa2,pan_liu_sd2_oa1,0.11045828437132785,0.47761194029850745,0.11213720316622691,188,32,170
instance_0018.txt,pan_liu_sd1_oa2,pan_liu_sd2_oa2,1.0,1.0,1.0,1028,32,998
instance_0018.txt,pan_liu_sd1_oa2,pan_liu_sd2_oa3,0.1111111111111111,0.47761194029850745,0.11287128712871287,189,32,171
instance_0018.txt,pan_liu_sd1_oa2,pan_liu_sd2_oa4,0.14536199095022626,0.43661971830985913,0.15569620253164557,257,31,246
instance_0018.txt,pan_liu_sd1_oa2,pan_liu_sd3_oa1,0.11045828437132785,0.47761194029850745,0.11213720316622691,188,32,170
instance_0018.txt,pan_liu_sd1_oa2,pan_liu_sd3_oa2,0.35475409836065575,0.41509433962264153,0.37828246983676367,541,22,533
instance_0018.txt,pan_liu_sd1_oa2,pan_liu_sd3_oa3,0.1111111111111111,0.47761194029850745,0.11287128712871287,189,32,171
instance_0018.txt,pan_liu_sd1_oa2,pan_liu_sd3_oa3_multi,0.1111111111111111,0.5161290322580645,0.11287128712871287,189,32,171
instance_0018.txt,pan_liu_sd1_oa2,pan_liu_sd3_oa4,0.14536199095022626,0.43661971830985913,0.15569620253164557,257,31,246
instance_0018.txt,pan_liu_sd1_oa2,pan_liu_sd4_oa1,0.11,0.47761194029850745,0.11162483487450463,187,32,169
instance_0018.txt,pan_liu_sd1_oa2,pan_liu_sd4_oa2,0.5984555984555985,0.7027027027027027,0.6158238172920065,775,26,755
instance_0018.txt,pan_liu_sd1_oa2,pan_liu_sd4_oa3,0.1080446271285966,0.48484848484848486,0.10927152317880795,184,32,165
instance_0018.txt,pan_liu_sd1_oa2,pan_liu_sd4_oa4,0.2920517560073937,0.3333333333333333,0.31283422459893045,474,22,468
instance_0018.txt,pan_liu_sd1_oa2,pan_liu_sl,0.11045828437132785,0.47761194029850745,0.11213720316622691,188,32,170
instance_0018.txt,pan_liu_sd1_oa2,pan_liu_sl_multi,0.11045828437132785,0.49206349206349204,0.11213720316622691,188,31,170
instance_0018.txt,pan_liu_sd1_oa2,pan_liu_sl_strict,0.11045828437132785,0.47761194029850745,0.11213720316622691,188,32,170
instance_0018.txt,pan_liu_sd1_oa3,pan_liu_sd1_oa4,0.35891812865497075,0.7792207792207793,0.3392226148409894,491,60,384
instance_0018.txt,pan_liu_sd1_oa3,pan_liu_sd2_oa1,0.9930635838150289,1.0,0.9913169319826338,859,67,685
instance_0018.txt,pan_liu_sd1_oa3,pan_liu_sd2_oa2,0.1111111111111111,0.47761194029850745,0.11287128712871287,189,32,171
instance_0018.txt,pan_liu_sd1_oa3,pan_liu_sd2_oa3,1.0,1.0,1.0,862,67,688
instance_0018.txt,pan_liu_sd1_oa3,pan_liu_sd2_oa4,0.35891812865497075,0.7792207792207793,0.3392226148409894,491,60,384
instance_0018.txt,pan_liu_sd1_oa3,pan_liu_sd3_oa1,0.9930635838150289,1.0,0.9913169319826338,859,67,685
instance_0018.txt,pan_liu_sd1_oa3,pan_liu_sd3_oa2,0.16065974343310935,0.5942028985507246,0.15417256011315417,263,41,218
instance_0018.txt,pan_liu_sd1_oa3,pan_liu_sd3_oa3,1.0,1.0,1.0,862,67,688
instance_0018.txt,pan_liu_sd1_oa3,pan_liu_sd3_oa3_multi,1.0,0.9253731343283582,1.0,862,62,688
instance_0018.txt,pan_liu_sd1_oa3,pan_liu_sd3_oa4,0.35891812865497075,0.7792207792207793,0.3392226148409894,491,60,384
instance_0018.txt,pan_liu_sd1_oa3,pan_liu_sd4_oa1,0.9872979214780601,1.0,0.9841040462427746,855,67,681
instance_0018.txt,pan_liu_sd1_oa3,pan_liu_sd4_oa2,0.13064133016627077,0.4626865671641791,0.12601078167115903,220,31,187
instance_0018.txt,pan_liu_sd1_oa3,pan_liu_sd4_oa3,0.929372197309417,0.9850746268656716,0.9306930693069307,829,66,658
instance_0018.txt,pan_liu_sd1_oa3,pan_liu_sd4_oa4,0.21065830721003134,0.5769230769230769,0.19164265129682997,336,45,266
instance_0018.txt,pan_liu_sd1_oa3,pan_liu_sl,0.9930635838150289,1.0,0.9913169319826338,859,67,685
instance_0018.txt,pan_liu_sd1_oa3,pan_liu_sl_multi,0.9930635838150289,0.8970588235294118,0.9913169319826338,859,61,685
instance_0018.txt,pan_liu_sd1_oa3,pan_liu_sl_strict,0.9930635838150289,1.0,0.9913169319826338,859,67,685
instance_0018.txt,pan_liu_sd1_oa4,pan_liu_sd2_oa1,0.3579254930606282,0.7792207792207793,0.3380406001765225,490,60,383
instance_0018.txt,pan_liu_sd1_oa4,pan_liu_sd2_oa2,0.14536199095022626,0.43661971830985913,0.15569620253164557,257,31,246
instance_0018.txt,pan_liu_sd1_oa4,pan_liu_sd2_oa3,0.35891812865497075,0.7792207792207793,0.3392226148409894,491,60,384
instance_0018.txt,pan_liu_sd1_oa4,pan_liu_sd2_oa4,1.0,1.0,1.0,997,70,828
instance_0018.txt,pan_liu_sd1_oa4,pan_liu_sd3_oa1,0.3579254930606282,0.7792207792207793,0.3380406001765225,490,60,383
instance_0018.txt,pan_liu_sd1_oa4,pan_liu_sd3_oa2,0.20271867612293143,0.5694444444444444,0.18528428093645485,343,41,277
instance_0018.txt,pan_liu_sd1_oa4,pan_liu_sd3_oa3,0.35891812865497075,0.7792207792207793,0.3392226148409894,491,60,384
instance_0018.txt,pan_liu_sd1_oa4,pan_liu_sd3_oa3_multi,0.35891812865497075,0.7142857142857143,0.3392226148409894,491,55,384
instance_0018.txt,pan_liu_sd1_oa4,pan_liu_sd3_oa4,1.0,1.0,1.0,997,70,828
instance_0018.txt,pan_liu_sd1_oa4,pan_liu_sd4_oa1,0.3557341124908692,0.7792207792207793,0.3353927625772286,487,60,380
instance_0018.txt,pan_liu_sd1_oa4,pan_liu_sd4_oa2,0.1519774011299435,0.44285714285714284,0.15644955300127714,269,31,245
instance_0018.txt,pan_liu_sd1_oa4,pan_liu_sd4_oa3,0.35178441369264385,0.7662337662337663,0.3283318623124448,483,59,372
instance_0018.txt,pan_liu_sd1_oa4,pan_liu_sd4_oa4,0.15612758813654168,0.5949367088607594,0.14486279514996808,279,47,227
instance_0018.txt,pan_liu_sd1_oa4,pan_liu_sl,0.3579254930606282,0.7792207792207793,0.3380406001765225,490,60,383
instance_0018.txt,pan_liu_sd1_oa4,pan_liu_sl_multi,0.3579254930606282,0.7142857142857143,0.3380406001765225,490,55,383
instance_0018.txt,pan_liu_sd1_oa4,pan_liu_sl_strict,0.3579254930606282,0.7792207792207793,0.3380406001765225,490,60,383
instance_0018.txt,pan_liu_sd2_oa1,pan_liu_sd2_oa2,0.11045828437132785,0.47761194029850745,0.11213720316622691,188,32,170
instance_0018.txt,pan_liu_sd2_oa1,pan_liu_sd2_oa3,0.9930635838150289,1.0,0.9913169319826338,859,67,685
instance_0018.txt,pan_liu_sd2_oa1,pan_liu_sd2_oa4,0.3579254930606282,0.7792207792207793,0.3380406001765225,490,60,383
instance_0018.txt,pan_liu_sd2_oa1,pan_liu_sd3_oa1,1.0,1.0,1.0,862,67,688
instance_0018.txt,pan_liu_sd2_oa1,pan_liu_sd3_oa2,0.15995115995115994,0.5942028985507246,0.15335689045936396,262,41,217
instance_0018.txt,pan_liu_sd2_oa1,pan_liu_sd3_oa3,0.9930635838150289,1.0,0.9913169319826338,859,67,685
instance_0018.txt,pan_liu_sd2_oa1,pan_liu_sd3_oa3_multi,0.9930635838150289,0.9253731343283582,0.9913169319826338,859,62,685
instance_0018.txt,pan_liu_sd2_oa1,pan_liu_sd3_oa4,0.3579254930606282,0.7792207792207793,0.3380406001765225,490,60,383
instance_0018.txt,pan_liu_sd2_oa1,pan_liu_sd4_oa1,0.9942062572421785,1.0,0.9927431059506531,858,67,684
instance_0018.txt,pan_liu_sd2_oa1,pan_liu_sd4_oa2,0.12997032640949555,0.4626865671641791,0.12525252525252525,219,31,186
instance_0018.txt,pan_liu_sd2_oa1,pan_liu_sd4_oa3,0.929372197309417,0.9850746268656716,0.9306930693069307,829,66,658
instance_0018.txt,pan_liu_sd2_oa1,pan_liu_sd4_oa4,0.21065830721003134,0.5769230769230769,0.19164265129682997,336,45,266
instance_0018.txt,pan_liu_sd2_oa1,pan_liu_sl,1.0,1.0,1.0,862,67,688
instance_0018.txt,pan_liu_sd2_oa1,pan_liu_sl_multi,1.0,0.8970588235294118,1.0,862,61,688
instance_0018.txt,pan_liu_sd2_oa1,pan_liu_sl_strict,1.0,1.0,1.0,862,67,688
instance_0018.txt,pan_liu_sd2_oa2,pan_liu_sd2_oa3,0.1111111111111111,0.47761194029850745,0.11287128712871287,189,32,171
instance_0018.txt,pan_liu_sd2_oa2,pan_liu_sd2_oa4,0.14536199095022626,0.43661971830985913,0.15569620253164557,257,31,246
instance_0018.txt,pan_liu_sd2_oa2,pan_liu_sd3_oa1,0.11045828437132785,0.47761194029850745,0.11213720316622691,188,32,170
instance_0018.txt,pan_liu_sd2_oa2,pan_liu_sd3_oa2,0.35475409836065575,0.41509433962264153,0.37828246983676367,541,22,533
instance_0018.txt,pan_liu_sd2_oa2,pan_liu_sd3_oa3,0.1111111111111111,0.47761194029850745,0.11287128712871287,189,32,171
instance_0018.txt,pan_liu_sd2_oa2,pan_liu_sd3_oa3_multi,0.1111111111111111,0.5161290322580645,0.11287128712871287,189,32,171
instance_0018.txt,pan_liu_sd2_oa2,pan_liu_sd3_oa4,0.14536199095022626,0.43661971830985913,0.15569620253164557,257,31,246
instance_0018.txt,pan_liu_sd2_oa2,pan_liu_sd4_oa1,0.11,0.47761194029850745,0.11162483487450463,187,32,169
instance_0018.txt,pan_liu_sd2_oa2,pan_liu_sd4_oa2,0.5984555984555985,0.7027027027027027,0.6158238172920065,775,26,755
instance_0018.txt,pan_liu_sd2_oa2,pan_liu_sd4_oa3,0.1080446271285966,0.48484848484848486,0.10927152317880795,184,32,165
instance_0018.txt,pan_liu_sd2_oa2,pan_liu_sd4_oa4,0.2920517560073937,0.3333333333333333,0.31283422459893045,474,22,468
instance_0018.txt,pan_liu_sd2_oa2,pan_liu_sl,0.11045828437132785,0.47761194029850745,0.11213720316622691,188,32,170
instance_0018.txt,pan_liu_sd2_oa2,pan_liu_sl_multi,0.11045828437132785,0.49206349206349204,0.11213720316622691,188,31,170
instance_0018.txt,pan_liu_sd2_oa2,pan_liu_sl_strict,0.11045828437132785,0.47761194029850745,0.11213720316622691,188,32,170
instance_0018.txt,pan_liu_sd2_oa3,pan_liu_sd2_oa4,0.35891812865497075,0.7792207792207793,0.3392226148409894,491,60,384
instance_0018.txt,pan_liu_sd2_oa3,pan_liu_sd3_oa1,0.9930635838150289,1.0,0.9913169319826338,859,67,685
instance_0018.txt,pan_liu_sd2_oa3,pan_liu_sd3_oa2,0.16065974343310935,0.5942028985507246,0.15417256011315417,263,41,218
instance_0018.txt,pan_liu_sd2_oa3,pan_liu_sd3_oa3,1.0,1.0,1.0,862,67,688
instance_0018.txt,pan_liu_sd2_oa3,pan_liu_sd3_oa3_multi,1.0,0.9253731343283582,1.0,862,62,688
instance_0018.txt,pan_liu_sd2_oa3,pan_liu_sd3_oa4,0.35891812865497075,0.7792207792207793,0.3392226148409894,491,60,384
instance_0018.txt,pan_liu_sd2_oa3,pan_liu_sd4_oa1,0.9872979214780601,1.0,0.9841040462427746,855,67,681
instance_0018.txt,pan_liu_sd2_oa3,pan_liu_sd4_oa2,0.13064133016627077,0.4626865671641791,0.12601078167115903,220,31,187
instance_0018.txt,pan_liu_sd2_oa3,pan_liu_sd4_oa3,0.929372197309417,0.9850746268656716,0.9306930693069307,829,66,658
instance_0018.txt,pan_liu_sd2_oa3,pan_liu_sd4_oa4,0.21065830721003134,0.5769230769230769,0.19164265129682997,336,45,266
instance_0018.txt,pan_liu_sd2_oa3,pan_liu_sl,0.9930635838150289,1.0,0.9913169319826338,859,67,685
instance_0018.txt,pan_liu_sd2_oa3,pan_liu_sl_multi,0.9930635838150289,0.8970588235294118,0.9913169319826338,859,61,685
instance_0018.txt,pan_liu_sd2_oa3,pan_liu_sl_strict,0.9930635838150289,1.0,0.9913169319826338,859,67,685
instance_0018.txt,pan_liu_sd2_oa4,pan_liu_sd3_oa1,0.3579254930606282,0.7792207792207793,0.3380406001765225,490,60,383
instance_0018.txt,pan_liu_sd2_oa4,pan_liu_sd3_oa2,0.20271867612293143,0.5694444444444444,0.18528428093645485,343,41,277
instance_0018.txt,pan_liu_sd2_oa4,pan_liu_sd3_oa3,0.35891812865497075,0.7792207792207793,0.3392226148409894,491,60,384
instance_0018.txt,pan_liu_sd2_oa4,pan_liu_sd3_oa3_multi,0.35891812865497075,0.7142857142857143,0.3392226148409894,491,55,384
instance_0018.txt,pan_liu_sd2_oa4,pan_liu_sd3_oa4,1.0,1.0,1.0,997,70,828
instance_0018.txt,pan_liu_sd2_oa4,pan_liu_sd4_oa1,0.3557341124908692,0.7792207792207793,0.3353927625772286,487,60,380
instance_0018.txt,pan_liu_sd2_oa4,pan_liu_sd4_oa2,0.1519774011299435,0.44285714285714284,0.15644955300127714,269,31,245
instance_0018.txt,pan_liu_sd2_oa4,pan_liu_sd4_oa3,0.35178441369264385,0.7662337662337663,0.3283318623124448,483,59,372
instance_0018.txt,pan_liu_sd2_oa4,pan_liu_sd4_oa4,0.15612758813654168,0.5949367088607594,0.14486279514996808,279,47,227
instance_0018.txt,pan_liu_sd2_oa4,pan_liu_sl,0.3579254930606282,0.7792207792207793,0.3380406001765225,490,60,383
instance_0018.txt,pan_liu_sd2_oa4,pan_liu_sl_multi,0.3579254930606282,0.7142857142857143,0.3380406001765225,490,55,383
instance_0018.txt,pan_liu_sd2_oa4,pan_liu_sl_strict,0.3579254930606282,0.7792207792207793,0.3380406001765225,490,60,383
instance_0018.txt,pan_liu_sd3_oa1,pan_liu_sd3_oa2,0.15995115995115994,0.5942028985507246,0.15335689045936396,262,41,217
instance_0018.txt,pan_liu_sd3_oa1,pan_liu_sd3_oa3,0.9930635838150289,1.0,0.9913169319826338,859,67,685
instance_0018.txt,pan_liu_sd3_oa1,pan_liu_sd3_oa3_multi,0.9930635838150289,0.9253731343283582,0.9913169319826338,859,62,685
instance_0018.txt,pan_liu_sd3_oa1,pan_liu_sd3_oa4,0.3579254930606282,0.7792207792207793,0.3380406001765225,490,60,383
instance_0018.txt,pan_liu_sd3_oa1,pan_liu_sd4_oa1,0.9942062572421785,1.0,0.9927431059506531,858,67,684
instance_0018.txt,pan_liu_sd3_oa1,pan_liu_sd4_oa2,0.12997032640949555,0.4626865671641791,0.12525252525252525,219,31,186
instance_0018.txt,pan_liu_sd3_oa1,pan_liu_sd4_oa3,0.929372197309417,0.9850746268656716,0.9306930693069307,829,66,658
instance_0018.txt,pan_liu_sd3_oa1,pan_liu_sd4_oa4,0.21065830721003134,0.5769230769230769,0.19164265129682997,336,45,266
instance_0018.txt,pan_liu_sd3_oa1,pan_liu_sl,1.0,1.0,1.0,862,67,688
instance_0018.txt,pan_liu_sd3_oa1,pan_liu_sl_multi,1.0,0.8970588235294118,1.0,862,61,688
instance_0018.txt,pan_liu_sd3_oa1,pan_liu_sl_strict,1.0,1.0,1.0,862,67,688
instance_0018.txt,pan_liu_sd3_oa2,pan_liu_sd3_oa3,0.16065974343310935,0.5942028985507246,0.15417256011315417,263,41,218
instance_0018.txt,pan_liu_sd3_oa2,pan_liu_sd3_oa3_multi,0.16065974343310935,0.5671641791044776,0.15417256011315417,263,38,218
instance_0018.txt,pan_liu_sd3_oa2,pan_liu_sd3_oa4,0.20271867612293143,0.5694444444444444,0.18528428093645485,343,41,277
instance_0018.txt,pan_liu_sd3_oa2,pan_liu_sd4_oa1,0.15953545232273839,0.5942028985507246,0.15286624203821655,261,41,216
instance_0018.txt,pan_liu_sd3_oa2,pan_liu_sd4_oa2,0.4974802015838733,0.5102040816326531,0.5161290322580645,691,25,656
instance_0018.txt,pan_liu_sd3_oa2,pan_liu_sd4_oa3,0.16237745098039216,0.6029411764705882,0.1512784090909091,265,41,213
instance_0018.txt,pan_liu_sd3_oa2,pan_liu_sd4_oa4,0.2982131854590265,0.47761194029850745,0.3010899182561308,484,32,442
instance_0018.txt,pan_liu_sd3_oa2,pan_liu_sl,0.15995115995115994,0.5942028985507246,0.15335689045936396,262,41,217
instance_0018.txt,pan_liu_sd3_oa2,pan_liu_sl_multi,0.15995115995115994,0.5441176470588235,0.15335689045936396,262,37,217
instance_0018.txt,pan_liu_sd3_oa2,pan_liu_sl_strict,0.15995115995115994,0.5942028985507246,0.15335689045936396,262,41,217
instance_0018.txt,pan_liu_sd3_oa3,pan_liu_sd3_oa3_multi,1.0,0.9253731343283582,1.0,862,62,688
instance_0018.txt,pan_liu_sd3_oa3,pan_liu_sd3_oa4,0.35891812865497075,0.7792207792207793,0.3392226148409894,491,60,384
instance_0018.txt,pan_liu_sd3_oa3,pan_liu_sd4_oa1,0.9872979214780601,1.0,0.9841040462427746,855,67,681
instance_0018.txt,pan_liu_sd3_oa3,pan_liu_sd4_oa2,0.13064133016627077,0.4626865671641791,0.12601078167115903,220,31,187
instance_0018.txt,pan_liu_sd3_oa3,pan_liu_sd4_oa3,0.929372197309417,0.9850746268656716,0.9306930693069307,829,66,658
instance_0018.txt,pan_liu_sd3_oa3,pan_liu_sd4_oa4,0.21065830721003134,0.5769230769230769,0.19164265129682997,336,45,266
instance_0018.txt,pan_liu_sd3_oa3,pan_liu_sl,0.9930635838150289,1.0,0.9913169319826338,859,67,685
instance_0018.txt,pan_liu_sd3_oa3,pan_liu_sl_multi,0.9930635838150289,0.8970588235294118,0.9913169319826338,859,61,685
instance_0018.txt,pan_liu_sd3_oa3,pan_liu_sl_strict,0.9930635838150289,1.0,0.9913169319826338,859,67,685
instance_0018.txt,pan_liu_sd3_oa3_multi,pan_liu_sd3_oa4,0.35891812865497075,0.7142857142857143,0.3392226148409894,491,55,384
instance_0018.txt,pan_liu_sd3_oa3_multi,pan_liu_sd4_oa1,0.9872979214780601,0.9253731343283582,0.9841040462427746,855,62,681
instance_0018.txt,pan_liu_sd3_oa3_multi,pan_liu_sd4_oa2,0.13064133016627077,0.5,0.12601078167115903,220,31,187
instance_0018.txt,pan_liu_sd3_oa3_multi,pan_liu_sd4_oa3,0.929372197309417,0.9104477611940298,0.9306930693069307,829,61,658
instance_0018.txt,pan_liu_sd3_oa3_multi,pan_liu_sd4_oa4,0.21065830721003134,0.5733333333333334,0.19164265129682997,336,43,266
instance_0018.txt,pan_liu_sd3_oa3_multi,pan_liu_sl,0.9930635838150289,0.9253731343283582,0.9913169319826338,859,62,685
instance_0018.txt,pan_liu_sd3_oa3_multi,pan_liu_sl_multi,0.9930635838150289,0.9682539682539683,0.9913169319826338,859,61,685
instance_0018.txt,pan_liu_sd3_oa3_multi,pan_liu_sl_strict,0.9930635838150289,0.9253731343283582,0.9913169319826338,859,62,685
instance_0018.txt,pan_liu_sd3_oa4,pan_liu_sd4_oa1,0.3557341124908692,0.7792207792207793,0.3353927625772286,487,60,380
instance_0018.txt,pan_liu_sd3_oa4,pan_liu_sd4_oa2,0.1519774011299435,0.44285714285714284,0.15644955300127714,269,31,245
instance_0018.txt,pan_liu_sd3_oa4,pan_liu_sd4_oa3,0.35178441369264385,0.7662337662337663,0.3283318623124448,483,59,372
instance_0018.txt,pan_liu_sd3_oa4,pan_liu_sd4_oa4,0.15612758813654168,0.5949367088607594,0.14486279514996808,279,47,227
instance_0018.txt,pan_liu_sd3_oa4,pan_liu_sl,0.3579254930606282,0.7792207792207793,0.3380406001765225,490,60,383
instance_0018.txt,pan_liu_sd3_oa4,pan_liu_sl_multi,0.3579254930606282,0.7142857142857143,0.3380406001765225,490,55,383
instance_0018.txt,pan_liu_sd3_oa4,pan_liu_sl_strict,0.3579254930606282,0.7792207792207793,0.3380406001765225,490,60,383
instance_0018.txt,pan_liu_sd4_oa1,pan_liu_sd4_oa2,0.1295306001188354,0.4626865671641791,0.12474713418745785,218,31,185
instance_0018.txt,pan_liu_sd4_oa1,pan_liu_sd4_oa3,0.9346846846846847,0.9850746268656716,0.9374110953058321,830,66,659
instance_0018.txt,pan_liu_sd4_oa1,pan_liu_sd4_oa4,0.21029504080351538,0.5769230769230769,0.1911976911976912,335,45,265
instance_0018.txt,pan_liu_sd4_oa1,pan_liu_sl,0.9942062572421785,1.0,0.9927431059506531,858,67,684
instance_0018.txt,pan_liu_sd4_oa1,pan_liu_sl_multi,0.9942062572421785,0.8970588235294118,0.9927431059506531,858,61,684
instance_0018.txt,pan_liu_sd4_oa1,pan_liu_sl_strict,0.9942062572421785,1.0,0.9927431059506531,858,67,684
instance_0018.txt,pan_liu_sd4_oa2,pan_liu_sd4_oa3,0.13832335329341316,0.4696969696969697,0.13310580204778158,231,31,195
instance_0018.txt,pan_liu_sd4_oa2,pan_liu_sd4_oa4,0.3360759493670886,0.359375,0.3497229916897507,531,23,505
instance_0018.txt,pan_liu_sd4_oa2,pan_liu_sl,0.12997032640949555,0.4626865671641791,0.12525252525252525,219,31,186
instance_0018.txt,pan_liu_sd4_oa2,pan_liu_sl_multi,0.12997032640949555,0.47619047619047616,0.12525252525252525,219,30,186
instance_0018.txt,pan_liu_sd4_oa2,pan_liu_sl_strict,0.12997032640949555,0.4626865671641791,0.12525252525252525,219,31,186
instance_0018.txt,pan_liu_sd4_oa3,pan_liu_sd4_oa4,0.21029504080351538,0.5641025641025641,0.18628158844765344,335,44,258
instance_0018.txt,pan_liu_sd4_oa3,pan_liu_sl,0.929372197309417,0.9850746268656716,0.9306930693069307,829,66,658
instance_0018.txt,pan_liu_sd4_oa3,pan_liu_sl_multi,0.929372197309417,0.8823529411764706,0.9306930693069307,829,60,658
instance_0018.txt,pan_liu_sd4_oa3,pan_liu_sl_strict,0.929372197309417,0.9850746268656716,0.9306930693069307,829,66,658
instance_0018.txt,pan_liu_sd4_oa4,pan_liu_sl,0.21065830721003134,0.5769230769230769,0.19164265129682997,336,45,266
instance_0018.txt,pan_liu_sd4_oa4,pan_liu_sl_multi,0.21065830721003134,0.5526315789473685,0.19164265129682997,336,42,266
instance_0018.txt,pan_liu_sd4_oa4,pan_liu_sl_strict,0.21065830721003134,0.5769230769230769,0.19164265129682997,336,45,266
instance_0018.txt,pan_liu_sl,pan_liu_sl_multi,1.0,0.8970588235294118,1.0,862,61,688
instance_0018.txt,pan_liu_sl,pan_liu_sl_strict,1.0,1.0,1.0,862,67,688
instance_0018.txt,pan_liu_sl_multi,pan_liu_sl_strict,1.0,0.8970588235294118,1.0,862,61,688
instance_0019.txt,pan_liu_sd1_oa1,pan_liu_sd1_oa2,0.07488986784140969,0.4788732394366197,0.07588932806324111,102,34,96
instance_0019.txt,pan_liu_sd1_oa1,pan_liu_sd1_oa3,1.0,1.0,1.0,711,51,629
instance_0019.txt,pan_liu_sd1_oa1,pan_liu_sd1_oa4,0.39626168224299063,0.6075949367088608,0.3735810113519092,424,48,362
instance_0019.txt,pan_liu_sd1_oa1,pan_liu_sd2_oa1,1.0,1.0,1.0,711,51,629
instance_0019.txt,pan_liu_sd1_oa1,pan_liu_sd2_oa2,0.07488986784140969,0.4788732394366197,0.07588932806324111,102,34,96
instance_0019.txt,pan_liu_sd1_oa1,pan_liu_sd2_oa3,1.0,1.0,1.0,711,51,629
instance_0019.txt,pan_liu_sd1_oa1,pan_liu_sd2_oa4,0.39626168224299063,0.6075949367088608,0.3735810113519092,424,48,362
instance_0019.txt,pan_liu_sd1_oa1,pan_liu_sd3_oa1,1.0,1.0,1.0,711,51,629
instance_0019.txt,pan_liu_sd1_oa1,pan_liu_sd3_oa2,0.09386281588447654,0.38271604938271603,0.09844961240310078,130,31,127
instance_0019.txt,pan_liu_sd1_oa1,pan_liu_sd3_oa3,1.0,1.0,1.0,711,51,629
instance_0019.txt,pan_liu_sd1_oa1,pan_liu_sd3_oa3_multi,1.0,0.6785714285714286,1.0,711,38,629
instance_0019.txt,pan_liu_sd1_oa1,pan_liu_sd3_oa4,0.3985032740879326,0.5925925925925926,0.3760330578512397,426,48,364
instance_0019.txt,pan_liu_sd1_oa1,pan_liu_sd4_oa1,0.9971910112359551,0.9807692307692307,0.9968253968253968,710,51,628
instance_0019.txt,pan_liu_sd1_oa1,pan_liu_sd4_oa2,0.06903914590747331,0.4675324675324675,0.06983883346124328,97,36,91
instance_0019.txt,pan_liu_sd1_oa1,pan_liu_sd4_oa3,0.951856946354883,0.9259259259259259,0.9472868217054263,692,50,611
instance_0019.txt,pan_liu_sd1_oa1,pan_liu_sd4_oa4,0.14087591240875913,0.4482758620689655,0.1402390438247012,193,39,176
instance_0019.txt,pan_liu_sd1_oa1,pan_liu_sl,1.0,1.0,1.0,711,51,629
instance_0019.txt,pan_liu_sd1_oa1,pan_liu_sl_multi,1.0,0.6785714285714286,1.0,711,38,629
instance_0019.txt,pan_liu_sd1_oa1,pan_liu_sl_strict,1.0,1.0,1.0,711,51,629
instance_0019.txt,pan_liu_sd1_oa2,pan_liu_sd1_oa3,0.07488986784140969,0.4788732394366197,0.07588932806324111,102,34,96
instance_0019.txt,pan_liu_sd1_oa2,pan_liu_sd1_oa4,0.1548872180451128,0.5294117647058824,0.15925626515763944,206,45,197
instance_0019.txt,pan_liu_sd1_oa2,pan_liu_sd2_oa1,0.07488986784140969,0.4788732394366197,0.07588932806324111,102,34,96
instance_0019.txt,pan_liu_sd1_oa2,pan_liu_sd2_oa2,1.0,1.0,1.0,753,54,732
instance_0019.txt,pan_liu_sd1_oa2,pan_liu_sd2_oa3,0.07488986784140969,0.4788732394366197,0.07588932806324111,102,34,96
instance_0019.txt,pan_liu_sd1_oa2,pan_liu_sd2_oa4,0.1548872180451128,0.5294117647058824,0.15925626515763944,206,45,197
instance_0019.txt,pan_liu_sd1_oa2,pan_liu_sd3_oa1,0.07488986784140969,0.4788732394366197,0.07588932806324111,102,34,96
instance_0019.txt,pan_liu_sd1_oa2,pan_liu_sd3_oa2,0.4744318181818182,0.5333333333333333,0.4742967992240543,501,40,489
instance_0019.txt,pan_liu_sd1_oa2,pan_liu_sd3_oa3,0.07488986784140969,0.4788732394366197,0.07588932806324111,102,34,96
instance_0019.txt,pan_liu_sd1_oa2,pan_liu_sd3_oa3_multi,0.07488986784140969,0.44776119402985076,0.07588932806324111,102,30,96
instance_0019.txt,pan_liu_sd1_oa2,pan_liu_sd3_oa4,0.1539039039039039,0.5172413793103449,0.15819209039548024,205,45,196
instance_0019.txt,pan_liu_sd1_oa2,pan_liu_sd4_oa1,0.07488986784140969,0.4722222222222222,0.07588932806324111,102,34,96
instance_0019.txt,pan_liu_sd1_oa2,pan_liu_sd4_oa2,0.5564516129032258,0.6338028169014085,0.5610010427528676,552,45,538
instance_0019.txt,pan_liu_sd1_oa2,pan_liu_sd4_oa3,0.06876371616678859,0.4861111111111111,0.06923682140047208,94,35,88
instance_0019.txt,pan_liu_sd1_oa2,pan_liu_sd4_oa4,0.2529274004683841,0.449438202247191,0.26047658175842237,324,40,317
instance_0019.txt,pan_liu_sd1_oa2,pan_liu_sl,0.07488986784140969,0.4788732394366197,0.07588932806324111,102,34,96
instance_0019.txt,pan_liu_sd1_oa2,pan_liu_sl_multi,0.07488986784140969,0.44776119402985076,0.07588932806324111,102,30,96
instance_0019.txt,pan_liu_sd1_oa2,pan_liu_sl_strict,0.07488986784140969,0.4788732394366197,0.07588932806324111,102,34,96
instance_0019.txt,pan_liu_sd1_oa3,pan_liu_sd1_oa4,0.39626168224299063,0.6075949367088608,0.3735810113519092,424,48,362
instance_0019.txt,pan_liu_sd1_oa3,pan_liu_sd2_oa1,1.0,1.0,1.0,711,51,629
instance_0019.txt,pan_liu_sd1_oa3,pan_liu_sd2_oa2,0.07488986784140969,0.4788732394366197,0.07588932806324111,102,34,96
instance_0019.txt,pan_liu_sd1_oa3,pan_liu_sd2_oa3,1.0,1.0,1.0,711,51,629
instance_0019.txt,pan_liu_sd1_oa3,pan_liu_sd2_oa4,0.39626168224299063,0.6075949367088608,0.3735810113519092,424,48,362
instance_0019.txt,pan_liu_sd1_oa3,pan_liu_sd3_oa1,1.0,1.0,1.0,711,51,629
instance_0019.txt,pan_liu_sd1_oa3,pan_liu_sd3_oa2,0.09386281588447654,0.38271604938271603,0.09844961240310078,130,31,127
instance_0019.txt,pan_liu_sd1_oa3,pan_liu_sd3_oa3,1.0,1.0,1.0,711,51,629
instance_0019.txt,pan_liu_sd1_oa3,pan_liu_sd3_oa3_multi,1.0,0.6785714285714286,1.0,711,38,629
instance_0019.txt,pan_liu_sd1_oa3,pan_liu_sd3_oa4,0.3985032740879326,0.5925925925925926,0.3760330578512397,426,48,364
instance_0019.txt,pan_liu_sd1_oa3,pan_liu_sd4_oa1,0.9971910112359551,0.9807692307692307,0.9968253968253968,710,51,628
instance_0019.txt,pan_liu_sd1_oa3,pan_liu_sd4_oa2,0.06903914590747331,0.4675324675324675,0.06983883346124328,97,36,91
instance_0019.txt,pan_liu_sd1_oa3,pan_liu_sd4_oa3,0.951856946354883,0.9259259259259259,0.9472868217054263,692,50,611
instance_0019.txt,pan_liu_sd1_oa3,pan_liu_sd4_oa4,0.14087591240875913,0.4482758620689655,0.1402390438247012,193,39,176
instance_0019.txt,pan_liu_sd1_oa3,pan_liu_sl,1.0,1.0,1.0,711,51,629
instance_0019.txt,pan_liu_sd1_oa3,pan_liu_sl_multi,1.0,0.6785714285714286,1.0,711,38,629
instance_0019.txt,pan_liu_sd1_oa3,pan_liu_sl_strict,1.0,1.0,1.0,711,51,629
instance_0019.txt,pan_liu_sd1_oa4,pan_liu_sd2_oa1,0.39626168224299063,0.6075949367088608,0.3735810113519092,424,48,362
instance_0019.txt,pan_liu_sd1_oa4,pan_liu_sd2_oa2,0.1548872180451128,0.5294117647058824,0.15925626515763944,206,45,197
instance_0019.txt,pan_liu_sd1_oa4,pan_liu_sd2_oa3,0.39626168224299063,0.6075949367088608,0.3735810113519092,424,48,362
instance_0019.txt,pan_liu_sd1_oa4,pan_liu_sd2_oa4,1.0,1.0,1.0,783,76,702
instance_0019.txt,pan_liu_sd1_oa4,pan_liu_sd3_oa1,0.39626168224299063,0.6075949367088608,0.3735810113519092,424,48,362
instance_0019.txt,pan_liu_sd1_oa4,pan_liu_sd3_oa2,0.1600877192982456,0.4731182795698925,0.1667971808927173,219,44,213
instance_0019.txt,pan_liu_sd1_oa4,pan_liu_sd3_oa3,0.39626168224299063,0.6075949367088608,0.3735810113519092,424,48,362
instance_0019.txt,pan_liu_sd1_oa4,pan_liu_sd3_oa3_multi,0.39626168224299063,0.4691358024691358,0.3735810113519092,424,38,362
instance_0019.txt,pan_liu_sd1_oa4,pan_liu_sd3_oa4,0.9810366624525917,0.9743589743589743,0.9788732394366197,776,76,695
instance_0019.txt,pan_liu_sd1_oa4,pan_liu_sd4_oa1,0.3949579831932773,0.6,0.37216494845360826,423,48,361
instance_0019.txt,pan_liu_sd1_oa4,pan_liu_sd4_oa2,0.11869225302061123,0.46808510638297873,0.12413793103448276,167,44,162
instance_0019.txt,pan_liu_sd1_oa4,pan_liu_sd4_oa3,0.38440111420612816,0.6125,0.3602865916069601,414,49,352
instance_0019.txt,pan_liu_sd1_oa4,pan_liu_sd4_oa4,0.011131725417439703,0.4519230769230769,0.011432414256893073,18,47,17
instance_0019.txt,pan_liu_sd1_oa4,pan_liu_sl,0.39626168224299063,0.6075949367088608,0.3735810113519092,424,48,362
instance_0019.txt,pan_liu_sd1_oa4,pan_liu_sl_multi,0.39626168224299063,0.4691358024691358,0.3735810113519092,424,38,362
instance_0019.txt,pan_liu_sd1_oa4,pan_liu_sl_strict,0.39626168224299063,0.6075949367088608,0.3735810113519092,424,48,362
instance_0019.txt,pan_liu_sd2_oa1,pan_liu_sd2_oa2,0.07488986784140969,0.4788732394366197,0.07588932806324111,102,34,96
instance_0019.txt,pan_liu_sd2_oa1,pan_liu_sd2_oa3,1.0,1.0,1.0,711,51,629
instance_0019.txt,pan_liu_sd2_oa1,pan_liu_sd2_oa4,0.39626168224299063,0.6075949367088608,0.3735810113519092,424,48,362
instance_0019.txt,pan_liu_sd2_oa1,pan_liu_sd3_oa1,1.0,1.0,1.0,711,51,629
instance_0019.txt,pan_liu_sd2_oa1,pan_liu_sd3_oa2,0.09386281588447654,0.38271604938271603,0.09844961240310078,130,31,127
instance_0019.txt,pan_liu_sd2_oa1,pan_liu_sd3_oa3,1.0,1.0,1.0,711,51,629
instance_0019.txt,pan_liu_sd2_oa1,pan_liu_sd3_oa3_multi,1.0,0.6785714285714286,1.0,711,38,629
instance_0019.txt,pan_liu_sd2_oa1,pan_liu_sd3_oa4,0.3985032740879326,0.5925925925925926,0.3760330578512397,426,48,364
instance_0019.txt,pan_liu_sd2_oa1,pan_liu_sd4_oa1,0.9971910112359551,0.9807692307692307,0.9968253968253968,710,51,628
instance_0019.txt,pan_liu_sd2_oa1,pan_liu_sd4_oa2,0.06903914590747331,0.4675324675324675,0.06983883346124328,97,36,91
instance_0019.txt,pan_liu_sd2_oa1,pan_liu_sd4_oa3,0.951856946354883,0.9259259259259259,0.9472868217054263,692,50,611
instance_0019.txt,pan_liu_sd2_oa1,pan_liu_sd4_oa4,0.14087591240875913,0.4482758620689655,0.1402390438247012,193,39,176
instance_0019.txt,pan_liu_sd2_oa1,pan_liu_sl,1.0,1.0,1.0,711,51,629
instance_0019.txt,pan_liu_sd2_oa1,pan_liu_sl_multi,1.0,0.6785714285714286,1.0,711,38,629
instance_0019.txt,pan_liu_sd2_oa1,pan_liu_sl_strict,1.0,1.0,1.0,711,51,629
instance_0019.txt,pan_liu_sd2_oa2,pan_liu_sd2_oa3,0.07488986784140969,0.4788732394366197,0.07588932806324111,102,34,96
instance_0019.txt,pan_liu_sd2_oa2,pan_liu_sd2_oa4,0.1548872180451128,0.5294117647058824,0.15925626515763944,206,45,197
instance_0019.txt,pan_liu_sd2_oa2,pan_liu_sd3_oa1,0.07488986784140969,0.4788732394366197,0.07588932806324111,102,34,96
instance_0019.txt,pan_liu_sd2_oa2,pan_liu_sd3_oa2,0.4744318181818182,0.5333333333333333,0.4742967992240543,501,40,489
instance_0019.txt,pan_liu_sd2_oa2,pan_liu_sd3_oa3,0.07488986784140969,0.4788732394366197,0.07588932806324111,102,34,96
instance_0019.txt,pan_liu_sd2_oa2,pan_liu_sd3_oa3_multi,0.07488986784140969,0.44776119402985076,0.07588932806324111,102,30,96
instance_0019.txt,pan_liu_sd2_oa2,pan_liu_sd3_oa4,0.1539039039039039,0.5172413793103449,0.15819209039548024,205,45,196
instance_0019.txt,pan_liu_sd2_oa2,pan_liu_sd4_oa1,0.07488986784140969,0.4722222222222222,0.07588932806324111,102,34,96
instance_0019.txt,pan_liu_sd2_oa2,pan_liu_sd4_oa2,0.5564516129032258,0.6338028169014085,0.5610010427528676,552,45,538
instance_0019.txt,pan_liu_sd2_oa2,pan_liu_sd4_oa3,0.06876371616678859,0.4861111111111111,0.06923682140047208,94,35,88
instance_0019.txt,pan_liu_sd2_oa2,pan_liu_sd4_oa4,0.2529274004683841,0.449438202247191,0.26047658175842237,324,40,317
instance_0019.txt,pan_liu_sd2_oa2,pan_liu_sl,0.07488986784140969,0.4788732394366197,0.07588932806324111,102,34,96
instance_0019.txt,pan_liu_sd2_oa2,pan_liu_sl_multi,0.07488986784140969,0.44776119402985076,0.07588932806324111,102,30,96
instance_0019.txt,pan_liu_sd2_oa2,pan_liu_sl_strict,0.07488986784140969,0.4788732394366197,0.07588932806324111,102,34,96
instance_0019.txt,pan_liu_sd2_oa3,pan_liu_sd2_oa4,0.39626168224299063,0.6075949367088608,0.3735810113519092,424,48,362
instance_0019.txt,pan_liu_sd2_oa3,pan_liu_sd3_oa1,1.0,1.0,1.0,711,51,629
instance_0019.txt,pan_liu_sd2_oa3,pan_liu_sd3_oa2,0.09386281588447654,0.38271604938271603,0.09844961240310078,130,31,127
instance_0019.txt,pan_liu_sd2_oa3,pan_liu_sd3_oa3,1.0,1.0,1.0,711,51,629
instance_0019.txt,pan_liu_sd2_oa3,pan_liu_sd3_oa3_multi,1.0,0.6785714285714286,1.0,711,38,629
instance_0019.txt,pan_liu_sd2_oa3,pan_liu_sd3_oa4,0.3985032740879326,0.5925925925925926,0.3760330578512397,426,48,364
instance_0019.txt,pan_liu_sd2_oa3,pan_liu_sd4_oa1,0.9971910112359551,0.9807692307692307,0.9968253968253968,710,51,628
instance_0019.txt,pan_liu_sd2_oa3,pan_liu_sd4_oa2,0.06903914590747331,0.4675324675324675,0.06983883346124328,97,36,91
instance_0019.txt,pan_liu_sd2_oa3,pan_liu_sd4_oa3,0.951856946354883,0.9259259259259259,0.9472868217054263,692,50,611
instance_0019.txt,pan_liu_sd2_oa3,pan_liu_sd4_oa4,0.14087591240875913,0.4482758620689655,0.1402390438247012,193,39,176
instance_0019.txt,pan_liu_sd2_oa3,pan_liu_sl,1.0,1.0,1.0,711,51,629
instance_0019.txt,pan_liu_sd2_oa3,pan_liu_sl_multi,1.0,0.6785714285714286,1.0,711,38,629
instance_0019.txt,pan_liu_sd2_oa3,pan_liu_sl_strict,1.0,1.0,1.0,711,51,629
instance_0019.txt,pan_liu_sd2_oa4,pan_liu_sd3_oa1,0.39626168224299063,0.6075949367088608,0.3735810113519092,424,48,362
instance_0019.txt,pan_liu_sd2_oa4,pan_liu_sd3_oa2,0.1600877192982456,0.4731182795698925,0.1667971808927173,219,44,213
instance_0019.txt,pan_liu_sd2_oa4,pan_liu_sd3_oa3,0.39626168224299063,0.6075949367088608,0.3735810113519092,424,48,362
instance_0019.txt,pan_liu_sd2_oa4,pan_liu_sd3_oa3_multi,0.39626168224299063,0.4691358024691358,0.3735810113519092,424,38,362
instance_0019.txt,pan_liu_sd2_oa4,pan_liu_sd3_oa4,0.9810366624525917,0.9743589743589743,0.9788732394366197,776,76,695
instance_0019.txt,pan_liu_sd2_oa4,pan_liu_sd4_oa1,0.3949579831932773,0.6,0.37216494845360826,423,48,361
instance_0019.txt,pan_liu_sd2_oa4,pan_liu_sd4_oa2,0.11869225302061123,0.46808510638297873,0.12413793103448276,167,44,162
instance_0019.txt,pan_liu_sd2_oa4,pan_liu_sd4_oa3,0.38440111420612816,0.6125,0.3602865916069601,414,49,352
instance_0019.txt,pan_liu_sd2_oa4,pan_liu_sd4_oa4,0.011131725417439703,0.4519230769230769,0.011432414256893073,18,47,17
instance_0019.txt,pan_liu_sd2_oa4,pan_liu_sl,0.39626168224299063,0.6075949367088608,0.3735810113519092,424,48,362
instance_0019.txt,pan_liu_sd2_oa4,pan_liu_sl_multi,0.39626168224299063,0.4691358024691358,0.3735810113519092,424,38,362
instance_0019.txt,pan_liu_sd2_oa4,pan_liu_sl_strict,0.39626168224299063,0.6075949367088608,0.3735810113519092,424,48,362
instance_0019.txt,pan_liu_sd3_oa1,pan_liu_sd3_oa2,0.09386281588447654,0.38271604938271603,0.09844961240310078,130,31,127
instance_0019.txt,pan_liu_sd3_oa1,pan_liu_sd3_oa3,1.0,1.0,1.0,711,51,629
instance_0019.txt,pan_liu_sd3_oa1,pan_liu_sd3_oa3_multi,1.0,0.6785714285714286,1.0,711,38,629
instance_0019.txt,pan_liu_sd3_oa1,pan_liu_sd3_oa4,0.3985032740879326,0.5925925925925926,0.3760330578512397,426,48,364
instance_0019.txt,pan_liu_sd3_oa1,pan_liu_sd4_oa1,0.9971910112359551,0.9807692307692307,0.9968253968253968,710,51,628
instance_0019.txt,pan_liu_sd3_oa1,pan_liu_sd4_oa2,0.06903914590747331,0.4675324675324675,0.06983883346124328,97,36,91
instance_0019.txt,pan_liu_sd3_oa1,pan_liu_sd4_oa3,0.951856946354883,0.9259259259259259,0.9472868217054263,692,50,611
instance_0019.txt,pan_liu_sd3_oa1,pan_liu_sd4_oa4,0.14087591240875913,0.4482758620689655,0.1402390438247012,193,39,176
instance_0019.txt,pan_liu_sd3_oa1,pan_liu_sl,1.0,1.0,1.0,711,51,629
instance_0019.txt,pan_liu_sd3_oa1,pan_liu_sl_multi,1.0,0.6785714285714286,1.0,711,38,629
instance_0019.txt,pan_liu_sd3_oa1,pan_liu_sl_strict,1.0,1.0,1.0,711,51,629
instance_0019.txt,pan_liu_sd3_oa2,pan_liu_sd3_oa3,0.09386281588447654,0.38271604938271603,0.09844961240310078,130,31,127
instance_0019.txt,pan_liu_sd3_oa2,pan_liu_sd3_oa3_multi,0.09386281588447654,0.3684210526315789,0.09844961240310078,130,28,127
instance_0019.txt,pan_liu_sd3_oa2,pan_liu_sd3_oa4,0.1608187134502924,0.4787234042553192,0.16758026624902114,220,45,214
instance_0019.txt,pan_liu_sd3_oa2,pan_liu_sd4_oa1,0.09465317919075145,0.3950617283950617,0.09930178432893716,131,32,128
instance_0019.txt,pan_liu_sd3_oa2,pan_liu_sd4_oa2,0.41651865008880995,0.4819277108433735,0.4182648401826484,469,40,458
instance_0019.txt,pan_liu_sd3_oa2,pan_liu_sd4_oa3,0.10043668122270742,0.425,0.10546875,138,34,135
instance_0019.txt,pan_liu_sd3_oa2,pan_liu_sd4_oa4,0.2413793103448276,0.4166666666666667,0.24901806755695208,322,40,317
instance_0019.txt,pan_liu_sd3_oa2,pan_liu_sl,0.09386281588447654,0.38271604938271603,0.09844961240310078,130,31,127
instance_0019.txt,pan_liu_sd3_oa2,pan_liu_sl_multi,0.09386281588447654,0.3684210526315789,0.09844961240310078,130,28,127
instance_0019.txt,pan_liu_sd3_oa2,pan_liu_sl_strict,0.09386281588447654,0.38271604938271603,0.09844961240310078,130,31,127
instance_0019.txt,pan_liu_sd3_oa3,pan_liu_sd3_oa3_multi,1.0,0.6785714285714286,1.0,711,38,629
instance_0019.txt,pan_liu_sd3_oa3,pan_liu_sd3_oa4,0.3985032740879326,0.5925925925925926,0.3760330578512397,426,48,364
instance_0019.txt,pan_liu_sd3_oa3,pan_liu_sd4_oa1,0.9971910112359551,0.9807692307692307,0.9968253968253968,710,51,628
instance_0019.txt,pan_liu_sd3_oa3,pan_liu_sd4_oa2,0.06903914590747331,0.4675324675324675,0.06983883346124328,97,36,91
instance_0019.txt,pan_liu_sd3_oa3,pan_liu_sd4_oa3,0.951856946354883,0.9259259259259259,0.9472868217054263,692,50,611
instance_0019.txt,pan_liu_sd3_oa3,pan_liu_sd4_oa4,0.14087591240875913,0.4482758620689655,0.1402390438247012,193,39,176
instance_0019.txt,pan_liu_sd3_oa3,pan_liu_sl,1.0,1.0,1.0,711,51,629
instance_0019.txt,pan_liu_sd3_oa3,pan_liu_sl_multi,1.0,0.6785714285714286,1.0,711,38,629
instance_0019.txt,pan_liu_sd3_oa3,pan_liu_sl_strict,1.0,1.0,1.0,711,51,629
instance_0019.txt,pan_liu_sd3_oa3_multi,pan_liu_sd3_oa4,0.3985032740879326,0.47560975609756095,0.3760330578512397,426,39,364
instance_0019.txt,pan_liu_sd3_oa3_multi,pan_liu_sd4_oa1,0.9971910112359551,0.6666666666666666,0.9968253968253968,710,38,628
instance_0019.txt,pan_liu_sd3_oa3_multi,pan_liu_sd4_oa2,0.06903914590747331,0.4189189189189189,0.06983883346124328,97,31,91
instance_0019.txt,pan_liu_sd3_oa3_multi,pan_liu_sd4_oa3,0.951856946354883,0.6271186440677966,0.9472868217054263,692,37,611
instance_0019.txt,pan_liu_sd3_oa3_multi,pan_liu_sd4_oa4,0.14087591240875913,0.4567901234567901,0.1402390438247012,193,37,176
instance_0019.txt,pan_liu_sd3_oa3_multi,pan_liu_sl,1.0,0.6785714285714286,1.0,711,38,629
instance_0019.txt,pan_liu_sd3_oa3_multi,pan_liu_sl_multi,1.0,1.0,1.0,711,43,629
instance_0019.txt,pan_liu_sd3_oa3_multi,pan_liu_sl_strict,1.0,0.6785714285714286,1.0,711,38,629
instance_0019.txt,pan_liu_sd3_oa4,pan_liu_sd4_oa1,0.397196261682243,0.5853658536585366,0.3746130030959752,425,48,363
instance_0019.txt,pan_liu_sd3_oa4,pan_liu_sd4_oa2,0.11622962437987243,0.4583333333333333,0.12146676852559206,164,44,159
instance_0019.txt,pan_liu_sd3_oa4,pan_liu_sd4_oa3,0.38661710037174724,0.5975609756097561,0.36270491803278687,416,49,354
instance_0019.txt,pan_liu_sd3_oa4,pan_liu_sd4_oa4,0.016149068322981366,0.47115384615384615,0.016891891891891893,26,49,25
instance_0019.txt,pan_liu_sd3_oa4,pan_liu_sl,0.3985032740879326,0.5925925925925926,0.3760330578512397,426,48,364
instance_0019.txt,pan_liu_sd3_oa4,pan_liu_sl_multi,0.3985032740879326,0.47560975609756095,0.3760330578512397,426,39,364
instance_0019.txt,pan_liu_sd3_oa4,pan_liu_sl_strict,0.3985032740879326,0.5925925925925926,0.3760330578512397,426,48,364
instance_0019.txt,pan_liu_sd4_oa1,pan_liu_sd4_oa2,0.0698005698005698,0.4805194805194805,0.0706605222734255,98,37,92
instance_0019.txt,pan_liu_sd4_oa1,pan_liu_sd4_oa3,0.9545454545454546,0.9444444444444444,0.9503105590062112,693,51,612
instance_0019.txt,pan_liu_sd4_oa1,pan_liu_sd4_oa4,0.14170927684441198,0.45977011494252873,0.14114832535885166,194,40,177
instance_0019.txt,pan_liu_sd4_oa1,pan_liu_sl,0.9971910112359551,0.9807692307692307,0.9968253968253968,710,51,628
instance_0019.txt,pan_liu_sd4_oa1,pan_liu_sl_multi,0.9971910112359551,0.6666666666666666,0.9968253968253968,710,38,628
instance_0019.txt,pan_liu_sd4_oa1,pan_liu_sl_strict,0.9971910112359551,0.9807692307692307,0.9968253968253968,710,51,628
instance_0019.txt,pan_liu_sd4_oa2,pan_liu_sd4_oa3,0.07686781609195402,0.4935064935064935,0.07823392718822618,107,38,101
instance_0019.txt,pan_liu_sd4_oa2,pan_liu_sd4_oa4,0.327140549273021,0.4891304347826087,0.3302207130730051,405,45,389
instance_0019.txt,pan_liu_sd4_oa2,pan_liu_sl,0.06903914590747331,0.4675324675324675,0.06983883346124328,97,36,91
instance_0019.txt,pan_liu_sd4_oa2,pan_liu_sl_multi,0.06903914590747331,0.4189189189189189,0.06983883346124328,97,31,91
instance_0019.txt,pan_liu_sd4_oa2,pan_liu_sl_strict,0.06903914590747331,0.4675324675324675,0.06983883346124328,97,36,91
instance_0019.txt,pan_liu_sd4_oa3,pan_liu_sd4_oa4,0.14959469417833457,0.45454545454545453,0.15056360708534622,203,40,187
instance_0019.txt,pan_liu_sd4_oa3,pan_liu_sl,0.951856946354883,0.9259259259259259,0.9472868217054263,692,50,611
instance_0019.txt,pan_liu_sd4_oa3,pan_liu_sl_multi,0.951856946354883,0.6271186440677966,0.9472868217054263,692,37,611
instance_0019.txt,pan_liu_sd4_oa3,pan_liu_sl_strict,0.951856946354883,0.9259259259259259,0.9472868217054263,692,50,611
instance_0019.txt,pan_liu_sd4_oa4,pan_liu_sl,0.14087591240875913,0.4482758620689655,0.1402390438247012,193,39,176
instance_0019.txt,pan_liu_sd4_oa4,pan_liu_sl_multi,0.14087591240875913,0.4567901234567901,0.1402390438247012,193,37,176
instance_0019.txt,pan_liu_sd4_oa4,pan_liu_sl_strict,0.14087591240875913,0.4482758620689655,0.1402390438247012,193,39,176
instance_0019.txt,pan_liu_sl,pan_liu_sl_multi,1.0,0.6785714285714286,1.0,711,38,629
instance_0019.txt,pan_liu_sl,pan_liu_sl_strict,1.0,1.0,1.0,711,51,629
instance_0019.txt,pan_liu_sl_multi,pan_liu_sl_strict,1.0,0.6785714285714286,1.0,711,38,629
instance_0020.txt,pan_liu_sd1_oa1,pan_liu_sd1_oa2,0.4,0.5,0.8,2,2,4
instance_0020.txt,pan_liu_sd1_oa1,pan_liu_sd1_oa3,1.0,1.0,1.0,4,3,5
instance_0020.txt,pan_liu_sd1_oa1,pan_liu_sd1_oa4,0.4,0.5,0.8,2,2,4
instance_0020.txt,pan_liu_sd1_oa1,pan_liu_sd2_oa1,1.0,1.0,1.0,4,3,5
instance_0020.txt,pan_liu_sd1_oa1,pan_liu_sd2_oa2,0.4,0.5,0.8,2,2,4
instance_0020.txt,pan_liu_sd1_oa1,pan_liu_sd2_oa3,1.0,1.0,1.0,4,3,5
instance_0020.txt,pan_liu_sd1_oa1,pan_liu_sd2_oa4,0.4,0.5,0.8,2,2,4
instance_0020.txt,pan_liu_sd1_oa1,pan_liu_sd3_oa1,1.0,1.0,1.0,4,3,5
instance_0020.txt,pan_liu_sd1_oa1,pan_liu_sd3_oa2,0.4,0.5,0.8,2,2,4
instance_0020.txt,pan_liu_sd1_oa1,pan_liu_sd3_oa3,1.0,1.0,1.0,4,3,5
instance_0020.txt,pan_liu_sd1_oa1,pan_liu_sd3_oa3_multi,1.0,0.5,1.0,4,2,5
instance_0020.txt,pan_liu_sd1_oa1,pan_liu_sd3_oa4,0.4,0.5,0.8,2,2,4
instance_0020.txt,pan_liu_sd1_oa1,pan_liu_sd4_oa1,1.0,1.0,1.0,4,3,5
instance_0020.txt,pan_liu_sd1_oa1,pan_liu_sd4_oa2,0.4,0.5,0.8,2,2,4
instance_0020.txt,pan_liu_sd1_oa1,pan_liu_sd4_oa3,1.0,1.0,1.0,4,3,5
instance_0020.txt,pan_liu_sd1_oa1,pan_liu_sd4_oa4,0.4,0.5,0.8,2,2,4
instance_0020.txt,pan_liu_sd1_oa1,pan_liu_sl,1.0,1.0,1.0,4,3,5
instance_0020.txt,pan_liu_sd1_oa1,pan_liu_sl_multi,1.0,0.5,1.0,4,2,5
instance_0020.txt,pan_liu_sd1_oa1,pan_liu_sl_strict,1.0,1.0,1.0,4,3,5
instance_0020.txt,pan_liu_sd1_oa2,pan_liu_sd1_oa3,0.4,0.5,0.8,2,2,4
instance_0020.txt,pan_liu_sd1_oa2,pan_liu_sd1_oa4,1.0,1.0,1.0,3,3,4
instance_0020.txt,pan_liu_sd1_oa2,pan_liu_sd2_oa1,0.4,0.5,0.8,2,2,4
instance_0020.txt,pan_liu_sd1_oa2,pan_liu_sd2_oa2,1.0,1.0,1.0,3,3,4
instance_0020.txt,pan_liu_sd1_oa2,pan_liu_sd2_oa3,0.4,0.5,0.8,2,2,4
instance_0020.txt,pan_liu_sd1_oa2,pan_liu_sd2_oa4,1.0,1.0,1.0,3,3,4
instance_0020.txt,pan_liu_sd1_oa2,pan_liu_sd3_oa1,0.4,0.5,0.8,2,2,4
instance_0020.txt,pan_liu_sd1_oa2,pan_liu_sd3_oa2,1.0,1.0,1.0,3,3,4
instance_0020.txt,pan_liu_sd1_oa2,pan_liu_sd3_oa3,0.4,0.5,0.8,2,2,4
instance_0020.txt,pan_liu_sd1_oa2,pan_liu_sd3_oa3_multi,0.4,0.5,0.8,2,2,4
instance_0020.txt,pan_liu_sd1_oa2,pan_liu_sd3_oa4,1.0,1.0,1.0,3,3,4
instance_0020.txt,pan_liu_sd1_oa2,pan_liu_sd4_oa1,0.4,0.5,0.8,2,2,4
instance_0020.txt,pan_liu_sd1_oa2,pan_liu_sd4_oa2,1.0,1.0,1.0,3,3,4
instance_0020.txt,pan_liu_sd1_oa2,pan_liu_sd4_oa3,0.4,0.5,0.8,2,2,4
instance_0020.txt,pan_liu_sd1_oa2,pan_liu_sd4_oa4,1.0,1.0,1.0,3,3,4
instance_0020.txt,pan_liu_sd1_oa2,pan_liu_sl,0.4,0.5,0.8,2,2,4
instance_0020.txt,pan_liu_sd1_oa2,pan_liu_sl_multi,0.4,0.5,0.8,2,2,4
instance_0020.txt,pan_liu_sd1_oa2,pan_liu_sl_strict,0.4,0.5,0.8,2,2,4
instance_0020.txt,pan_liu_sd1_oa3,pan_liu_sd1_oa4,0.4,0.5,0.8,2,2,4
instance_0020.txt,pan_liu_sd1_oa3,pan_liu_sd2_oa1,1.0,1.0,1.0,4,3,5
instance_0020.txt,pan_liu_sd1_oa3,pan_liu_sd2_oa2,0.4,0.5,0.8,2,2,4
instance_0020.txt,pan_liu_sd1_oa3,pan_liu_sd2_oa3,1.0,1.0,1.0,4,3,5
instance_0020.txt,pan_liu_sd1_oa3,pan_liu_sd2_oa4,0.4,0.5,0.8,2,2,4
instance_0020.txt,pan_liu_sd1_oa3,pan_liu_sd3_oa1,1.0,1.0,1.0,4,3,5
instance_0020.txt,pan_liu_sd1_oa3,pan_liu_sd3_oa2,0.4,0.5,0.8,2,2,4
instance_0020.txt,pan_liu_sd1_oa3,pan_liu_sd3_oa3,1.0,1.0,1.0,4,3,5
instance_0020.txt,pan_liu_sd1_oa3,pan_liu_sd3_oa3_multi,1.0,0.5,1.0,4,2,5
instance_0020.txt,pan_liu_sd1_oa3,pan_liu_sd3_oa4,0.4,0.5,0.8,2,2,4
instance_0020.txt,pan_liu_sd1_oa3,pan_liu_sd4_oa1,1.0,1.0,1.0,4,3,5
instance_0020.txt,pan_liu_sd1_oa3,pan_liu_sd4_oa2,0.4,0.5,0.8,2,2,4
instance_0020.txt,pan_liu_sd1_oa3,pan_liu_sd4_oa3,1.0,1.0,1.0,4,3,5
instance_0020.txt,pan_liu_sd1_oa3,pan_liu_sd4_oa4,0.4,0.5,0.8,2,2,4
instance_0020.txt,pan_liu_sd1_oa3,pan_liu_sl,1.0,1.0,1.0,4,3,5
instance_0020.txt,pan_liu_sd1_oa3,pan_liu_sl_multi,1.0,0.5,1.0,4,2,5
instance_0020.txt,pan_liu_sd1_oa3,pan_liu_sl_strict,1.0,1.0,1.0,4,3,5
instance_0020.txt,pan_liu_sd1_oa4,pan_liu_sd2_oa1,0.4,0.5,0.8,2,2,4
instance_0020.txt,pan_liu_sd1_oa4,pan_liu_sd2_oa2,1.0,1.0,1.0,3,3,4
instance_0020.txt,pan_liu_sd1_oa4,pan_liu_sd2_oa3,0.4,0.5,0.8,2,2,4
instance_0020.txt,pan_liu_sd1_oa4,pan_liu_sd2_oa4,1.0,1.0,1.0,3,3,4
instance_0020.txt,pan_liu_sd1_oa4,pan_liu_sd3_oa1,0.4,0.5,0.8,2,2,4
instance_0020.txt,pan_liu_sd1_oa4,pan_liu_sd3_oa2,1.0,1.0,1.0,3,3,4
instance_0020.txt,pan_liu_sd1_oa4,pan_liu_sd3_oa3,0.4,0.5,0.8,2,2,4
instance_0020.txt,pan_liu_sd1_oa4,pan_liu_sd3_oa3_multi,0.4,0.5,0.8,2,2,4
instance_0020.txt,pan_liu_sd1_oa4,pan_liu_sd3_oa4,1.0,1.0,1.0,3,3,4
instance_0020.txt,pan_liu_sd1_oa4,pan_liu_sd4_oa1,0.4,0.5,0.8,2,2,4
instance_0020.txt,pan_liu_sd1_oa4,pan_liu_sd4_oa2,1.0,1.0,1.0,3,3,4
instance_0020.txt,pan_liu_sd1_oa4,pan_liu_sd4_oa3,0.4,0.5,0.8,2,2,4
instance_0020.txt,pan_liu_sd1_oa4,pan_liu_sd4_oa4,1.0,1.0,1.0,3,3,4
instance_0020.txt,pan_liu_sd1_oa4,pan_liu_sl,0.4,0.5,0.8,2,2,4
instance_0020.txt,pan_liu_sd1_oa4,pan_liu_sl_multi,0.4,0.5,0.8,2,2,4
instance_0020.txt,pan_liu_sd1_oa4,pan_liu_sl_strict,0.4,0.5,0.8,2,2,4
instance_0020.txt,pan_liu_sd2_oa1,pan_liu_sd2_oa2,0.4,0.5,0.8,2,2,4
instance_0020.txt,pan_liu_sd2_oa1,pan_liu_sd2_oa3,1.0,1.0,1.0,4,3,5
instance_0020.txt,pan_liu_sd2_oa1,pan_liu_sd2_oa4,0.4,0.5,0.8,2,2,4
instance_0020.txt,pan_liu_sd2_oa1,pan_liu_sd3_oa1,1.0,1.0,1.0,4,3,5
instance_0020.txt,pan_liu_sd2_oa1,pan_liu_sd3_oa2,0.4,0.5,0.8,2,2,4
instance_0020.txt,pan_liu_sd2_oa1,pan_liu_sd3_oa3,1.0,1.0,1.0,4,3,5
instance_0020.txt,pan_liu_sd2_oa1,pan_liu_sd3_oa3_multi,1.0,0.5,1.0,4,2,5
instance_0020.txt,pan_liu_sd2_oa1,pan_liu_sd3_oa4,0.4,0.5,0.8,2,2,4
instance_0020.txt,pan_liu_sd2_oa1,pan_liu_sd4_oa1,1.0,1.0,1.0,4,3,5
instance_0020.txt,pan_liu_sd2_oa1,pan_liu_sd4_oa2,0.4,0.5,0.8,2,2,4
instance_0020.txt,pan_liu_sd2_oa1,pan_liu_sd4_oa3,1.0,1.0,1.0,4,3,5
instance_0020.txt,pan_liu_sd2_oa1,pan_liu_sd4_oa4,0.4,0.5,0.8,2,2,4
instance_0020.txt,pan_liu_sd2_oa1,pan_liu_sl,1.0,1.0,1.0,4,3,5
instance_0020.txt,pan_liu_sd2_oa1,pan_liu_sl_multi,1.0,0.5,1.0,4,2,5
instance_0020.txt,pan_liu_sd2_oa1,pan_liu_sl_strict,1.0,1.0,1.0,4,3,5
instance_0020.txt,pan_liu_sd2_oa2,pan_liu_sd2_oa3,0.4,0.5,0.8,2,2,4
instance_0020.txt,pan_liu_sd2_oa2,pan_liu_sd2_oa4,1.0,1.0,1.0,3,3,4
instance_0020.txt,pan_liu_sd2_oa2,pan_liu_sd3_oa1,0.4,0.5,0.8,2,2,4
instance_0020.txt,pan_liu_sd2_oa2,pan_liu_sd3_oa2,1.0,1.0,1.0,3,3,4
instance_0020.txt,pan_liu_sd2_oa2,pan_liu_sd3_oa3,0.4,0.5,0.8,2,2,4
instance_0020.txt,pan_liu_sd2_oa2,pan_liu_sd3_oa3_multi,0.4,0.5,0.8,2,2,4
instance_0020.txt,pan_liu_sd2_oa2,pan_liu_sd3_oa4,1.0,1.0,1.0,3,3,4
instance_0020.txt,pan_liu_sd2_oa2,pan_liu_sd4_oa1,0.4,0.5,0.8,2,2,4
instance_0020.txt,pan_liu_sd2_oa2,pan_liu_sd4_oa2,1.0,1.0,1.0,3,3,4
instance_0020.txt,pan_liu_sd2_oa2,pan_liu_sd4_oa3,0.4,0.5,0.8,2,2,4
instance_0020.txt,pan_liu_sd2_oa2,pan_liu_sd4_oa4,1.0,1.0,1.0,3,3,4
instance_0020.txt,pan_liu_sd2_oa2,pan_liu_sl,0.4,0.5,0.8,2,2,4
instance_0020.txt,pan_liu_sd2_oa2,pan_liu_sl_multi,0.4,0.5,0.8,2,2,4
instance_0020.txt,pan_liu_sd2_oa2,pan_liu_sl_strict,0.4,0.5,0.8,2,2,4
instance_0020.txt,pan_liu_sd2_oa3,pan_liu_sd2_oa4,0.4,0.5,0.8,2,2,4
instance_0020.txt,pan_liu_sd2_oa3,pan_liu_sd3_oa1,1.0,1.0,1.0,4,3,5
instance_0020.txt,pan_liu_sd2_oa3,pan_liu_sd3_oa2,0.4,0.5,0.8,2,2,4
instance_0020.txt,pan_liu_sd2_oa3,pan_liu_sd3_oa3,1.0,1.0,1.0,4,3,5
instance_0020.txt,pan_liu_sd2_oa3,pan_liu_sd3_oa3_multi,1.0,0.5,1.0,4,2,5
instance_0020.txt,pan_liu_sd2_oa3,pan_liu_sd3_oa4,0.4,0.5,0.8,2,2,4
instance_0020.txt,pan_liu_sd2_oa3,pan_liu_sd4_oa1,1.0,1.0,1.0,4,3,5
instance_0020.txt,pan_liu_sd2_oa3,pan_liu_sd4_oa2,0.4,0.5,0.8,2,2,4
instance_0020.txt,pan_liu_sd2_oa3,pan_liu_sd4_oa3,1.0,1.0,1.0,4,3,5
instance_0020.txt,pan_liu_sd2_oa3,pan_liu_sd4_oa4,0.4,0.5,0.8,2,2,4
instance_0020.txt,pan_liu_sd2_oa3,pan_liu_sl,1.0,1.0,1.0,4,3,5
instance_0020.txt,pan_liu_sd2_oa3,pan_liu_sl_multi,1.0,0.5,1.0,4,2,5
instance_0020.txt,pan_liu_sd2_oa3,pan_liu_sl_strict,1.0,1.0,1.0,4,3,5
instance_0020.txt,pan_liu_sd2_oa4,pan_liu_sd3_oa1,0.4,0.5,0.8,2,2,4
instance_0020.txt,pan_liu_sd2_oa4,pan_liu_sd3_oa2,1.0,1.0,1.0,3,3,4
instance_0020.txt,pan_liu_sd2_oa4,pan_liu_sd3_oa3,0.4,0.5,0.8,2,2,4
instance_0020.txt,pan_liu_sd2_oa4,pan_liu_sd3_oa3_multi,0.4,0.5,0.8,2,2,4
instance_0020.txt,pan_liu_sd2_oa4,pan_liu_sd3_oa4,1.0,1.0,1.0,3,3,4
instance_0020.txt,pan_liu_sd2_oa4,pan_liu_sd4_oa1,0.4,0.5,0.8,2,2,4
instance_0020.txt,pan_liu_sd2_oa4,pan_liu_sd4_oa2,1.0,1.0,1.0,3,3,4
instance_0020.txt,pan_liu_sd2_oa4,pan_liu_sd4_oa3,0.4,0.5,0.8,2,2,4
instance_0020.txt,pan_liu_sd2_oa4,pan_liu_sd4_oa4,1.0,1.0,1.0,3,3,4
instance_0020.txt,pan_liu_sd2_oa4,pan_liu_sl,0.4,0.5,0.8,2,2,4
instance_0020.txt,pan_liu_sd2_oa4,pan_liu_sl_multi,0.4,0.5,0.8,2,2,4
instance_0020.txt,pan_liu_sd2_oa4,pan_liu_sl_strict,0.4,0.5,0.8,2,2,4
instance_0020.txt,pan_liu_sd3_oa1,pan_liu_sd3_oa2,0.4,0.5,0.8,2,2,4
instance_0020.txt,pan_liu_sd3_oa1,pan_liu_sd3_oa3,1.0,1.0,1.0,4,3,5
instance_0020.txt,pan_liu_sd3_oa1,pan_liu_sd3_oa3_multi,1.0,0.5,1.0,4,2,5
instance_0020.txt,pan_liu_sd3_oa1,pan_liu_sd3_oa4,0.4,0.5,0.8,2,2,4
instance_0020.txt,pan_liu_sd3_oa1,pan_liu_sd4_oa1,1.0,1.0,1.0,4,3,5
instance_0020.txt,pan_liu_sd3_oa1,pan_liu_sd4_oa2,0.4,0.5,0.8,2,2,4
instance_0020.txt,pan_liu_sd3_oa1,pan_liu_sd4_oa3,1.0,1.0,1.0,4,3,5
instance_0020.txt,pan_liu_sd3_oa1,pan_liu_sd4_oa4,0.4,0.5,0.8,2,2,4
instance_0020.txt,pan_liu_sd3_oa1,pan_liu_sl,1.0,1.0,1.0,4,3,5
instance_0020.txt,pan_liu_sd3_oa1,pan_liu_sl_multi,1.0,0.5,1.0,4,2,5
instance_0020.txt,pan_liu_sd3_oa1,pan_liu_sl_strict,1.0,1.0,1.0,4,3,5
instance_0020.txt,pan_liu_sd3_oa2,pan_liu_sd3_oa3,0.4,0.5,0.8,2,2,4
instance_0020.txt,pan_liu_sd3_oa2,pan_liu_sd3_oa3_multi,0.4,0.5,0.8,2,2,4
instance_0020.txt,pan_liu_sd3_oa2,pan_liu_sd3_oa4,1.0,1.0,1.0,3,3,4
instance_0020.txt,pan_liu_sd3_oa2,pan_liu_sd4_oa1,0.4,0.5,0.8,2,2,4
instance_0020.txt,pan_liu_sd3_oa2,pan_liu_sd4_oa2,1.0,1.0,1.0,3,3,4
instance_0020.txt,pan_liu_sd3_oa2,pan_liu_sd4_oa3,0.4,0.5,0.8,2,2,4
instance_0020.txt,pan_liu_sd3_oa2,pan_liu_sd4_oa4,1.0,1.0,1.0,3,3,4
instance_0020.txt,pan_liu_sd3_oa2,pan_liu_sl,0.4,0.5,0.8,2,2,4
instance_0020.txt,pan_liu_sd3_oa2,pan_liu_sl_multi,0.4,0.5,0.8,2,2,4
instance_0020.txt,pan_liu_sd3_oa2,pan_liu_sl_strict,0.4,0.5,0.8,2,2,4
instance_0020.txt,pan_liu_sd3_oa3,pan_liu_sd3_oa3_multi,1.0,0.5,1.0,4,2,5
instance_0020.txt,pan_liu_sd3_oa3,pan_liu_sd3_oa4,0.4,0.5,0.8,2,2,4
instance_0020.txt,pan_liu_sd3_oa3,pan_liu_sd4_oa1,1.0,1.0,1.0,4,3,5
instance_0020.txt,pan_liu_sd3_oa3,pan_liu_sd4_oa2,0.4,0.5,0.8,2,2,4
instance_0020.txt,pan_liu_sd3_oa3,pan_liu_sd4_oa3,1.0,1.0,1.0,4,3,5
instance_0020.txt,pan_liu_sd3_oa3,pan_liu_sd4_oa4,0.4,0.5,0.8,2,2,4
instance_0020.txt,pan_liu_sd3_oa3,pan_liu_sl,1.0,1.0,1.0,4,3,5
instance_0020.txt,pan_liu_sd3_oa3,pan_liu_sl_multi,1.0,0.5,1.0,4,2,5
instance_0020.txt,pan_liu_sd3_oa3,pan_liu_sl_strict,1.0,1.0,1.0,4,3,5
instance_0020.txt,pan_liu_sd3_oa3_multi,pan_liu_sd3_oa4,0.4,0.5,0.8,2,2,4
instance_0020.txt,pan_liu_sd3_oa3_multi,pan_liu_sd4_oa1,1.0,0.5,1.0,4,2,5
instance_0020.txt,pan_liu_sd3_oa3_multi,pan_liu_sd4_oa2,0.4,0.5,0.8,2,2,4
instance_0020.txt,pan_liu_sd3_oa3_multi,pan_liu_sd4_oa3,1.0,0.5,1.0,4,2,5
instance_0020.txt,pan_liu_sd3_oa3_multi,pan_liu_sd4_oa4,0.4,0.5,0.8,2,2,4
instance_0020.txt,pan_liu_sd3_oa3_multi,pan_liu_sl,1.0,0.5,1.0,4,2,5
instance_0020.txt,pan_liu_sd3_oa3_multi,pan_liu_sl_multi,1.0,1.0,1.0,4,3,5
instance_0020.txt,pan_liu_sd3_oa3_multi,pan_liu_sl_strict,1.0,0.5,1.0,4,2,5
instance_0020.txt,pan_liu_sd3_oa4,pan_liu_sd4_oa1,0.4,0.5,0.8,2,2,4
instance_0020.txt,pan_liu_sd3_oa4,pan_liu_sd4_oa2,1.0,1.0,1.0,3,3,4
instance_0020.txt,pan_liu_sd3_oa4,pan_liu_sd4_oa3,0.4,0.5,0.8,2,2,4
instance_0020.txt,pan_liu_sd3_oa4,pan_liu_sd4_oa4,1.0,1.0,1.0,3,3,4
instance_0020.txt,pan_liu_sd3_oa4,pan_liu_sl,0.4,0.5,0.8,2,2,4
instance_0020.txt,pan_liu_sd3_oa4,pan_liu_sl_multi,0.4,0.5,0.8,2,2,4
instance_0020.txt,pan_liu_sd3_oa4,pan_liu_sl_strict,0.4,0.5,0.8,2,2,4
instance_0020.txt,pan_liu_sd4_oa1,pan_liu_sd4_oa2,0.4,0.5,0.8,2,2,4
instance_0020.txt,pan_liu_sd4_oa1,pan_liu_sd4_oa3,1.0,1.0,1.0,4,3,5
instance_0020.txt,pan_liu_sd4_oa1,pan_liu_sd4_oa4,0.4,0.5,0.8,2,2,4
instance_0020.txt,pan_liu_sd4_oa1,pan_liu_sl,1.0,1.0,1.0,4,3,5
instance_0020.txt,pan_liu_sd4_oa1,pan_liu_sl_multi,1.0,0.5,1.0,4,2,5
instance_0020.txt,pan_liu_sd4_oa1,pan_liu_sl_strict,1.0,1.0,1.0,4,3,5
instance_0020.txt,pan_liu_sd4_oa2,pan_liu_sd4_oa3,0.4,0.5,0.8,2,2,4
instance_0020.txt,pan_liu_sd4_oa2,pan_liu_sd4_oa4,1.0,1.0,1.0,3,3,4
instance_0020.txt,pan_liu_sd4_oa2,pan_liu_sl,0.4,0.5,0.8,2,2,4
instance_0020.txt,pan_liu_sd4_oa2,pan_liu_sl_multi,0.4,0.5,0.8,2,2,4
instance_0020.txt,pan_liu_sd4_oa2,pan_liu_sl_strict,0.4,0.5,0.8,2,2,4
instance_0020.txt,pan_liu_sd4_oa3,pan_liu_sd4_oa4,0.4,0.5,0.8,2,2,4
instance_0020.txt,pan_liu_sd4_oa3,pan_liu_sl,1.0,1.0,1.0,4,3,5
instance_0020.txt,pan_liu_sd4_oa3,pan_liu_sl_multi,1.0,0.5,1.0,4,2,5
instance_0020.txt,pan_liu_sd4_oa3,pan_liu_sl_strict,1.0,1.0,1.0,4,3,5
instance_0020.txt,pan_liu_sd4_oa4,pan_liu_sl,0.4,0.5,0.8,2,2,4
instance_0020.txt,pan_liu_sd4_oa4,pan_liu_sl_multi,0.4,0.5,0.8,2,2,4
instance_0020.txt,pan_liu_sd4_oa4,pan_liu_sl_strict,0.4,0.5,0.8,2,2,4
instance_0020.txt,pan_liu_sl,pan_liu_sl_multi,1.0,0.5,1.0,4,2,5
instance_0020.txt,pan_liu_sl,pan_liu_sl_strict,1.0,1.0,1.0,4,3,5
instance_0020.txt,pan_liu_sl_multi,pan_liu_sl_strict,1.0,0.5,1.0,4,2,5
