instance,algorithm_left,algorithm_right,orders_jaccard,aisles_jaccard,items_jaccard,orders_overlap,aisles_overlap,items_overlap
instance_0001.txt,ga_base_random_init,ga_base_uniform_seeded,0.1,0.0,0.09259259259259259,2,0,5
instance_0001.txt,ga_base_random_init,ga_elite_multi_seeded,0.1,0.0,0.09259259259259259,2,0,5
instance_0001.txt,ga_base_random_init,ga_elite_single_seeded,0.1,0.0,0.09259259259259259,2,0,5
instance_0001.txt,ga_base_random_init,ga_elite_single_simpleaisle,0.1,0.0,0.09259259259259259,2,0,5
instance_0001.txt,ga_base_random_init,ga_ls_both,0.1,0.0,0.09259259259259259,2,0,5
instance_0001.txt,ga_base_random_init,ga_ls_final,0.1,0.0,0.09259259259259259,2,0,5
instance_0001.txt,ga_base_random_init,ga_ls_final_best_improvement,0.1,0.0,0.09259259259259259,2,0,5
instance_0001.txt,ga_base_random_init,ga_ls_on_seeds,0.1,0.0,0.09259259259259259,2,0,5
instance_0001.txt,ga_base_random_init,ga_ls_periodic,0.1,0.0,0.09259259259259259,2,0,5
instance_0001.txt,ga_base_random_init,ga_ls_remove_only,0.1,0.0,0.09259259259259259,2,0,5
instance_0001.txt,ga_base_random_init,ga_multi_multipoint_seeded,0.1,0.0,0.09259259259259259,2,0,5
instance_0001.txt,ga_base_uniform_seeded,ga_elite_multi_seeded,1.0,1.0,1.0,9,2,18
instance_0001.txt,ga_base_uniform_seeded,ga_elite_single_seeded,1.0,1.0,1.0,9,2,18
instance_0001.txt,ga_base_uniform_seeded,ga_elite_single_simpleaisle,1.0,1.0,1.0,9,2,18
instance_0001.txt,ga_base_uniform_seeded,ga_ls_both,1.0,1.0,1.0,9,2,18
instance_0001.txt,ga_base_uniform_seeded,ga_ls_final,1.0,1.0,1.0,9,2,18
instance_0001.txt,ga_base_uniform_seeded,ga_ls_final_best_improvement,1.0,1.0,1.0,9,2,18
instance_0001.txt,ga_base_uniform_seeded,ga_ls_on_seeds,1.0,1.0,1.0,9,2,18
instance_0001.txt,ga_base_uniform_seeded,ga_ls_periodic,1.0,1.0,1.0,9,2,18
instance_0001.txt,ga_base_uniform_seeded,ga_ls_remove_only,1.0,1.0,1.0,9,2,18
instance_0001.txt,ga_base_uniform_seeded,ga_multi_multipoint_seeded,1.0,1.0,1.0,9,2,18
instance_0001.txt,ga_elite_multi_seeded,ga_elite_single_seeded,1.0,1.0,1.0,9,2,18
instance_0001.txt,ga_elite_multi_seeded,ga_elite_single_simpleaisle,1.0,1.0,1.0,9,2,18
instance_0001.txt,ga_elite_multi_seeded,ga_ls_both,1.0,1.0,1.0,9,2,18
instance_0001.txt,ga_elite_multi_seeded,ga_ls_final,1.0,1.0,1.0,9,2,18
instance_0001.txt,ga_elite_multi_seeded,ga_ls_final_best_improvement,1.0,1.0,1.0,9,2,18
instance_0001.txt,ga_elite_multi_seeded,ga_ls_on_seeds,1.0,1.0,1.0,9,2,18
instance_0001.txt,ga_elite_multi_seeded,ga_ls_periodic,1.0,1.0,1.0,9,2,18
instance_0001.txt,ga_elite_multi_seeded,ga_ls_remove_only,1.0,1.0,1.0,9,2,18
instance_0001.txt,ga_elite_multi_seeded,ga_multi_multipoint_seeded,1.0,1.0,1.0,9,2,18
instance_0001.txt,ga_elite_single_seeded,ga_elite_single_simpleaisle,1.0,1.0,1.0,9,2,18
instance_0001.txt,ga_elite_single_seeded,ga_ls_both,1.0,1.0,1.0,9,2,18
instance_0001.txt,ga_elite_single_seeded,ga_ls_final,1.0,1.0,1.0,9,2,18
instance_0001.txt,ga_elite_single_seeded,ga_ls_final_best_improvement,1.0,1.0,1.0,9,2,18
instance_0001.txt,ga_elite_single_seeded,ga_ls_on_seeds,1.0,1.0,1.0,9,2,18
instance_0001.txt,ga_elite_single_seeded,ga_ls_periodic,1.0,1.0,1.0,9,2,18
instance_0001.txt,ga_elite_single_seeded,ga_ls_remove_only,1.0,1.0,1.0,9,2,18
instance_0001.txt,ga_elite_single_seeded,ga_multi_multipoint_seeded,1.0,1.0,1.0,9,2,18
instance_0001.txt,ga_elite_single_simpleaisle,ga_ls_both,1.0,1.0,1.0,9,2,18
instance_0001.txt,ga_elite_single_simpleaisle,ga_ls_final,1.0,1.0,1.0,9,2,18
instance_0001.txt,ga_elite_single_simpleaisle,ga_ls_final_best_improvement,1.0,1.0,1.0,9,2,18
instance_0001.txt,ga_elite_single_simpleaisle,ga_ls_on_seeds,1.0,1.0,1.0,9,2,18
instance_0001.txt,ga_elite_single_simpleaisle,ga_ls_periodic,1.0,1.0,1.0,9,2,18
instance_0001.txt,ga_elite_single_simpleaisle,ga_ls_remove_only,1.0,1.0,1.0,9,2,18
instance_0001.txt,ga_elite_single_simpleaisle,ga_multi_multipoint_seeded,1.0,1.0,1.0,9,2,18
instance_0001.txt,ga_ls_both,ga_ls_final,1.0,1.0,1.0,9,2,18
instance_0001.txt,ga_ls_both,ga_ls_final_best_improvement,1.0,1.0,1.0,9,2,18
instance_0001.txt,ga_ls_both,ga_ls_on_seeds,1.0,1.0,1.0,9,2,18
instance_0001.txt,ga_ls_both,ga_ls_periodic,1.0,1.0,1.0,9,2,18
instance_0001.txt,ga_ls_both,ga_ls_remove_only,1.0,1.0,1.0,9,2,18
instance_0001.txt,ga_ls_both,ga_multi_multipoint_seeded,1.0,1.0,1.0,9,2,18
instance_0001.txt,ga_ls_final,ga_ls_final_best_improvement,1.0,1.0,1.0,9,2,18
instance_0001.txt,ga_ls_final,ga_ls_on_seeds,1.0,1.0,1.0,9,2,18
instance_0001.txt,ga_ls_final,ga_ls_periodic,1.0,1.0,1.0,9,2,18
instance_0001.txt,ga_ls_final,ga_ls_remove_only,1.0,1.0,1.0,9,2,18
instance_0001.txt,ga_ls_final,ga_multi_multipoint_seeded,1.0,1.0,1.0,9,2,18
instance_0001.txt,ga_ls_final_best_improvement,ga_ls_on_seeds,1.0,1.0,1.0,9,2,18
instance_0001.txt,ga_ls_final_best_improvement,ga_ls_periodic,1.0,1.0,1.0,9,2,18
instance_0001.txt,ga_ls_final_best_improvement,ga_ls_remove_only,1.0,1.0,1.0,9,2,18
instance_0001.txt,ga_ls_final_best_improvement,ga_multi_multipoint_seeded,1.0,1.0,1.0,9,2,18
instance_0001.txt,ga_ls_on_seeds,ga_ls_periodic,1.0,1.0,1.0,9,2,18
instance_0001.txt,ga_ls_on_seeds,ga_ls_remove_only,1.0,1.0,1.0,9,2,18
instance_0001.txt,ga_ls_on_seeds,ga_multi_multipoint_seeded,1.0,1.0,1.0,9,2,18
instance_0001.txt,ga_ls_periodic,ga_ls_remove_only,1.0,1.0,1.0,9,2,18
instance_0001.txt,ga_ls_periodic,ga_multi_multipoint_seeded,1.0,1.0,1.0,9,2,18
instance_0001.txt,ga_ls_remove_only,ga_multi_multipoint_seeded,1.0,1.0,1.0,9,2,18
instance_0002.txt,ga_base_random_init,ga_base_uniform_seeded,1.0,0.0,1.0,1,0,1
instance_0002.txt,ga_base_random_init,ga_elite_multi_seeded,1.0,0.0,1.0,1,0,1
instance_0002.txt,ga_base_random_init,ga_elite_single_seeded,1.0,0.0,1.0,1,0,1
instance_0002.txt,ga_base_random_init,ga_elite_single_simpleaisle,1.0,0.0,1.0,1,0,1
instance_0002.txt,ga_base_random_init,ga_ls_both,1.0,0.0,1.0,1,0,1
instance_0002.txt,ga_base_random_init,ga_ls_final,1.0,0.0,1.0,1,0,1
instance_0002.txt,ga_base_random_init,ga_ls_final_best_improvement,1.0,0.0,1.0,1,0,1
instance_0002.txt,ga_base_random_init,ga_ls_on_seeds,1.0,0.0,1.0,1,0,1
instance_0002.txt,ga_base_random_init,ga_ls_periodic,1.0,0.0,1.0,1,0,1
instance_0002.txt,ga_base_random_init,ga_ls_remove_only,1.0,0.0,1.0,1,0,1
instance_0002.txt,ga_base_random_init,ga_multi_multipoint_seeded,1.0,0.0,1.0,1,0,1
instance_0002.txt,ga_base_uniform_seeded,ga_elite_multi_seeded,1.0,1.0,1.0,1,1,1
instance_0002.txt,ga_base_uniform_seeded,ga_elite_single_seeded,1.0,1.0,1.0,1,1,1
instance_0002.txt,ga_base_uniform_seeded,ga_elite_single_simpleaisle,1.0,1.0,1.0,1,1,1
instance_0002.txt,ga_base_uniform_seeded,ga_ls_both,1.0,1.0,1.0,1,1,1
instance_0002.txt,ga_base_uniform_seeded,ga_ls_final,1.0,1.0,1.0,1,1,1
instance_0002.txt,ga_base_uniform_seeded,ga_ls_final_best_improvement,1.0,1.0,1.0,1,1,1
instance_0002.txt,ga_base_uniform_seeded,ga_ls_on_seeds,1.0,1.0,1.0,1,1,1
instance_0002.txt,ga_base_uniform_seeded,ga_ls_periodic,1.0,1.0,1.0,1,1,1
instance_0002.txt,ga_base_uniform_seeded,ga_ls_remove_only,1.0,1.0,1.0,1,1,1
instance_0002.txt,ga_base_uniform_seeded,ga_multi_multipoint_seeded,1.0,1.0,1.0,1,1,1
instance_0002.txt,ga_elite_multi_seeded,ga_elite_single_seeded,1.0,1.0,1.0,1,1,1
instance_0002.txt,ga_elite_multi_seeded,ga_elite_single_simpleaisle,1.0,1.0,1.0,1,1,1
instance_0002.txt,ga_elite_multi_seeded,ga_ls_both,1.0,1.0,1.0,1,1,1
instance_0002.txt,ga_elite_multi_seeded,ga_ls_final,1.0,1.0,1.0,1,1,1
instance_0002.txt,ga_elite_multi_seeded,ga_ls_final_best_improvement,1.0,1.0,1.0,1,1,1
instance_0002.txt,ga_elite_multi_seeded,ga_ls_on_seeds,1.0,1.0,1.0,1,1,1
instance_0002.txt,ga_elite_multi_seeded,ga_ls_periodic,1.0,1.0,1.0,1,1,1
instance_0002.txt,ga_elite_multi_seeded,ga_ls_remove_only,1.0,1.0,1.0,1,1,1
instance_0002.txt,ga_elite_multi_seeded,ga_multi_multipoint_seeded,1.0,1.0,1.0,1,1,1
instance_0002.txt,ga_elite_single_seeded,ga_elite_single_simpleaisle,1.0,1.0,1.0,1,1,1
instance_0002.txt,ga_elite_single_seeded,ga_ls_both,1.0,1.0,1.0,1,1,1
instance_0002.txt,ga_elite_single_seeded,ga_ls_final,1.0,1.0,1.0,1,1,1
instance_0002.txt,ga_elite_single_seeded,ga_ls_final_best_improvement,1.0,1.0,1.0,1,1,1
instance_0002.txt,ga_elite_single_seeded,ga_ls_on_seeds,1.0,1.0,1.0,1,1,1
instance_0002.txt,ga_elite_single_seeded,ga_ls_periodic,1.0,1.0,1.0,1,1,1
instance_0002.txt,ga_elite_single_seeded,ga_ls_remove_only,1.0,1.0,1.0,1,1,1
instance_0002.txt,ga_elite_single_seeded,ga_multi_multipoint_seeded,1.0,1.0,1.0,1,1,1
instance_0002.txt,ga_elite_single_simpleaisle,ga_ls_both,1.0,1.0,1.0,1,1,1
instance_0002.txt,ga_elite_single_simpleaisle,ga_ls_final,1.0,1.0,1.0,1,1,1
instance_0002.txt,ga_elite_single_simpleaisle,ga_ls_final_best_improvement,1.0,1.0,1.0,1,1,1
instance_0002.txt,ga_elite_single_simpleaisle,ga_ls_on_seeds,1.0,1.0,1.0,1,1,1
instance_0002.txt,ga_elite_single_simpleaisle,ga_ls_periodic,1.0,1.0,1.0,1,1,1
instance_0002.txt,ga_elite_single_simpleaisle,ga_ls_remove_only,1.0,1.0,1.0,1,1,1
instance_0002.txt,ga_elite_single_simpleaisle,ga_multi_multipoint_seeded,1.0,1.0,1.0,1,1,1
instance_0002.txt,ga_ls_both,ga_ls_final,1.0,1.0,1.0,1,1,1
instance_0002.txt,ga_ls_both,ga_ls_final_best_improvement,1.0,1.0,1.0,1,1,1
instance_0002.txt,ga_ls_both,ga_ls_on_seeds,1.0,1.0,1.0,1,1,1
instance_0002.txt,ga_ls_both,ga_ls_periodic,1.0,1.0,1.0,1,1,1
instance_0002.txt,ga_ls_both,ga_ls_remove_only,1.0,1.0,1.0,1,1,1
instance_0002.txt,ga_ls_both,ga_multi_multipoint_seeded,1.0,1.0,1.0,1,1,1
instance_0002.txt,ga_ls_final,ga_ls_final_best_improvement,1.0,1.0,1.0,1,1,1
instance_0002.txt,ga_ls_final,ga_ls_on_seeds,1.0,1.0,1.0,1,1,1
instance_0002.txt,ga_ls_final,ga_ls_periodic,1.0,1.0,1.0,1,1,1
instance_0002.txt,ga_ls_final,ga_ls_remove_only,1.0,1.0,1.0,1,1,1
instance_0002.txt,ga_ls_final,ga_multi_multipoint_seeded,1.0,1.0,1.0,1,1,1
instance_0002.txt,ga_ls_final_best_improvement,ga_ls_on_seeds,1.0,1.0,1.0,1,1,1
instance_0002.txt,ga_ls_final_best_improvement,ga_ls_periodic,1.0,1.0,1.0,1,1,1
instance_0002.txt,ga_ls_final_best_improvement,ga_ls_remove_only,1.0,1.0,1.0,1,1,1
instance_0002.txt,ga_ls_final_best_improvement,ga_multi_multipoint_seeded,1.0,1.0,1.0,1,1,1
instance_0002.txt,ga_ls_on_seeds,ga_ls_periodic,1.0,1.0,1.0,1,1,1
instance_0002.txt,ga_ls_on_seeds,ga_ls_remove_only,1.0,1.0,1.0,1,1,1
instance_0002.txt,ga_ls_on_seeds,ga_multi_multipoint_seeded,1.0,1.0,1.0,1,1,1
instance_0002.txt,ga_ls_periodic,ga_ls_remove_only,1.0,1.0,1.0,1,1,1
instance_0002.txt,ga_ls_periodic,ga_multi_multipoint_seeded,1.0,1.0,1.0,1,1,1
instance_0002.txt,ga_ls_remove_only,ga_multi_multipoint_seeded,1.0,1.0,1.0,1,1,1
instance_0003.txt,ga_base_random_init,ga_base_uniform_seeded,0.2631578947368421,0.25,0.203125,5,4,13
instance_0003.txt,ga_base_random_init,ga_elite_multi_seeded,0.14285714285714285,0.25,0.10144927536231885,3,4,7
instance_0003.txt,ga_base_random_init,ga_elite_single_seeded,0.14285714285714285,0.25,0.10144927536231885,3,4,7
instance_0003.txt,ga_base_random_init,ga_elite_single_simpleaisle,0.2631578947368421,0.25,0.203125,5,4,13
instance_0003.txt,ga_base_random_init,ga_ls_both,0.2631578947368421,0.25,0.203125,5,4,13
instance_0003.txt,ga_base_random_init,ga_ls_final,0.2,0.17647058823529413,0.15384615384615385,4,3,10
instance_0003.txt,ga_base_random_init,ga_ls_final_best_improvement,0.2,0.17647058823529413,0.15384615384615385,4,3,10
instance_0003.txt,ga_base_random_init,ga_ls_on_seeds,0.2631578947368421,0.25,0.203125,5,4,13
instance_0003.txt,ga_base_random_init,ga_ls_periodic,0.2,0.17647058823529413,0.15384615384615385,4,3,10
instance_0003.txt,ga_base_random_init,ga_ls_remove_only,0.2,0.17647058823529413,0.15384615384615385,4,3,10
instance_0003.txt,ga_base_random_init,ga_multi_multipoint_seeded,0.2631578947368421,0.25,0.203125,5,4,13
instance_0003.txt,ga_base_uniform_seeded,ga_elite_multi_seeded,0.6363636363636364,0.6,0.6071428571428571,7,3,17
instance_0003.txt,ga_base_uniform_seeded,ga_elite_single_seeded,0.6363636363636364,0.6,0.6071428571428571,7,3,17
instance_0003.txt,ga_base_uniform_seeded,ga_elite_single_simpleaisle,1.0,1.0,1.0,9,4,23
instance_0003.txt,ga_base_uniform_seeded,ga_ls_both,1.0,1.0,1.0,9,4,23
instance_0003.txt,ga_base_uniform_seeded,ga_ls_final,0.8,0.6,0.8333333333333334,8,3,20
instance_0003.txt,ga_base_uniform_seeded,ga_ls_final_best_improvement,0.8,0.6,0.8333333333333334,8,3,20
instance_0003.txt,ga_base_uniform_seeded,ga_ls_on_seeds,1.0,1.0,1.0,9,4,23
instance_0003.txt,ga_base_uniform_seeded,ga_ls_periodic,0.8,0.6,0.8333333333333334,8,3,20
instance_0003.txt,ga_base_uniform_seeded,ga_ls_remove_only,0.8,0.6,0.8333333333333334,8,3,20
instance_0003.txt,ga_base_uniform_seeded,ga_multi_multipoint_seeded,1.0,1.0,1.0,9,4,23
instance_0003.txt,ga_elite_multi_seeded,ga_elite_single_seeded,1.0,1.0,1.0,9,4,22
instance_0003.txt,ga_elite_multi_seeded,ga_elite_single_simpleaisle,0.6363636363636364,0.6,0.6071428571428571,7,3,17
instance_0003.txt,ga_elite_multi_seeded,ga_ls_both,0.6363636363636364,0.6,0.6071428571428571,7,3,17
instance_0003.txt,ga_elite_multi_seeded,ga_ls_final,0.5,0.3333333333333333,0.4827586206896552,6,2,14
instance_0003.txt,ga_elite_multi_seeded,ga_ls_final_best_improvement,0.5,0.3333333333333333,0.4827586206896552,6,2,14
instance_0003.txt,ga_elite_multi_seeded,ga_ls_on_seeds,0.6363636363636364,0.6,0.6071428571428571,7,3,17
instance_0003.txt,ga_elite_multi_seeded,ga_ls_periodic,0.5,0.3333333333333333,0.4827586206896552,6,2,14
instance_0003.txt,ga_elite_multi_seeded,ga_ls_remove_only,0.5,0.3333333333333333,0.4827586206896552,6,2,14
instance_0003.txt,ga_elite_multi_seeded,ga_multi_multipoint_seeded,0.6363636363636364,0.6,0.6071428571428571,7,3,17
instance_0003.txt,ga_elite_single_seeded,ga_elite_single_simpleaisle,0.6363636363636364,0.6,0.6071428571428571,7,3,17
instance_0003.txt,ga_elite_single_seeded,ga_ls_both,0.6363636363636364,0.6,0.6071428571428571,7,3,17
instance_0003.txt,ga_elite_single_seeded,ga_ls_final,0.5,0.3333333333333333,0.4827586206896552,6,2,14
instance_0003.txt,ga_elite_single_seeded,ga_ls_final_best_improvement,0.5,0.3333333333333333,0.4827586206896552,6,2,14
instance_0003.txt,ga_elite_single_seeded,ga_ls_on_seeds,0.6363636363636364,0.6,0.6071428571428571,7,3,17
instance_0003.txt,ga_elite_single_seeded,ga_ls_periodic,0.5,0.3333333333333333,0.4827586206896552,6,2,14
instance_0003.txt,ga_elite_single_seeded,ga_ls_remove_only,0.5,0.3333333333333333,0.4827586206896552,6,2,14
instance_0003.txt,ga_elite_single_seeded,ga_multi_multipoint_seeded,0.6363636363636364,0.6,0.6071428571428571,7,3,17
instance_0003.txt,ga_elite_single_simpleaisle,ga_ls_both,1.0,1.0,1.0,9,4,23
instance_0003.txt,ga_elite_single_simpleaisle,ga_ls_final,0.8,0.6,0.8333333333333334,8,3,20
instance_0003.txt,ga_elite_single_simpleaisle,ga_ls_final_best_improvement,0.8,0.6,0.8333333333333334,8,3,20
instance_0003.txt,ga_elite_single_simpleaisle,ga_ls_on_seeds,1.0,1.0,1.0,9,4,23
instance_0003.txt,ga_elite_single_simpleaisle,ga_ls_periodic,0.8,0.6,0.8333333333333334,8,3,20
instance_0003.txt,ga_elite_single_simpleaisle,ga_ls_remove_only,0.8,0.6,0.8333333333333334,8,3,20
instance_0003.txt,ga_elite_single_simpleaisle,ga_multi_multipoint_seeded,1.0,1.0,1.0,9,4,23
instance_0003.txt,ga_ls_both,ga_ls_final,0.8,0.6,0.8333333333333334,8,3,20
instance_0003.txt,ga_ls_both,ga_ls_final_best_improvement,0.8,0.6,0.8333333333333334,8,3,20
instance_0003.txt,ga_ls_both,ga_ls_on_seeds,1.0,1.0,1.0,9,4,23
instance_0003.txt,ga_ls_both,ga_ls_periodic,0.8,0.6,0.8333333333333334,8,3,20
instance_0003.txt,ga_ls_both,ga_ls_remove_only,0.8,0.6,0.8333333333333334,8,3,20
instance_0003.txt,ga_ls_both,ga_multi_multipoint_seeded,1.0,1.0,1.0,9,4,23
instance_0003.txt,ga_ls_final,ga_ls_final_best_improvement,1.0,1.0,1.0,9,4,21
instance_0003.txt,ga_ls_final,ga_ls_on_seeds,0.8,0.6,0.8333333333333334,8,3,20
instance_0003.txt,ga_ls_final,ga_ls_periodic,1.0,1.0,1.0,9,4,21
instance_0003.txt,ga_ls_final,ga_ls_remove_only,1.0,1.0,1.0,9,4,21
instance_0003.txt,ga_ls_final,ga_multi_multipoint_seeded,0.8,0.6,0.8333333333333334,8,3,20
instance_0003.txt,ga_ls_final_best_improvement,ga_ls_on_seeds,0.8,0.6,0.8333333333333334,8,3,20
instance_0003.txt,ga_ls_final_best_improvement,ga_ls_periodic,1.0,1.0,1.0,9,4,21
instance_0003.txt,ga_ls_final_best_improvement,ga_ls_remove_only,1.0,1.0,1.0,9,4,21
instance_0003.txt,ga_ls_final_best_improvement,ga_multi_multipoint_seeded,0.8,0.6,0.8333333333333334,8,3,20
instance_0003.txt,ga_ls_on_seeds,ga_ls_periodic,0.8,0.6,0.8333333333333334,8,3,20
instance_0003.txt,ga_ls_on_seeds,ga_ls_remove_only,0.8,0.6,0.8333333333333334,8,3,20
instance_0003.txt,ga_ls_on_seeds,ga_multi_multipoint_seeded,1.0,1.0,1.0,9,4,23
instance_0003.txt,ga_ls_periodic,ga_ls_remove_only,1.0,1.0,1.0,9,4,21
instance_0003.txt,ga_ls_periodic,ga_multi_multipoint_seeded,0.8,0.6,0.8333333333333334,8,3,20
instance_0003.txt,ga_ls_remove_only,ga_multi_multipoint_seeded,0.8,0.6,0.8333333333333334,8,3,20
instance_0004.txt,ga_base_random_init,ga_base_uniform_seeded,1.0,0.0,1.0,1,0,3
instance_0004.txt,ga_base_random_init,ga_elite_multi_seeded,1.0,0.0,1.0,1,0,3
instance_0004.txt,ga_base_random_init,ga_elite_single_seeded,1.0,0.0,1.0,1,0,3
instance_0004.txt,ga_base_random_init,ga_elite_single_simpleaisle,1.0,0.0,1.0,1,0,3
instance_0004.txt,ga_base_random_init,ga_ls_both,1.0,0.0,1.0,1,0,3
instance_0004.txt,ga_base_random_init,ga_ls_final,1.0,0.0,1.0,1,0,3
instance_0004.txt,ga_base_random_init,ga_ls_final_best_improvement,1.0,0.0,1.0,1,0,3
instance_0004.txt,ga_base_random_init,ga_ls_on_seeds,1.0,0.0,1.0,1,0,3
instance_0004.txt,ga_base_random_init,ga_ls_periodic,1.0,0.0,1.0,1,0,3
instance_0004.txt,ga_base_random_init,ga_ls_remove_only,1.0,0.0,1.0,1,0,3
instance_0004.txt,ga_base_random_init,ga_multi_multipoint_seeded,1.0,0.0,1.0,1,0,3
instance_0004.txt,ga_base_uniform_seeded,ga_elite_multi_seeded,1.0,1.0,1.0,1,2,3
instance_0004.txt,ga_base_uniform_seeded,ga_elite_single_seeded,1.0,1.0,1.0,1,2,3
instance_0004.txt,ga_base_uniform_seeded,ga_elite_single_simpleaisle,1.0,1.0,1.0,1,2,3
instance_0004.txt,ga_base_uniform_seeded,ga_ls_both,1.0,1.0,1.0,1,2,3
instance_0004.txt,ga_base_uniform_seeded,ga_ls_final,1.0,1.0,1.0,1,2,3
instance_0004.txt,ga_base_uniform_seeded,ga_ls_final_best_improvement,1.0,1.0,1.0,1,2,3
instance_0004.txt,ga_base_uniform_seeded,ga_ls_on_seeds,1.0,1.0,1.0,1,2,3
instance_0004.txt,ga_base_uniform_seeded,ga_ls_periodic,1.0,1.0,1.0,1,2,3
instance_0004.txt,ga_base_uniform_seeded,ga_ls_remove_only,1.0,1.0,1.0,1,2,3
instance_0004.txt,ga_base_uniform_seeded,ga_multi_multipoint_seeded,1.0,1.0,1.0,1,2,3
instance_0004.txt,ga_elite_multi_seeded,ga_elite_single_seeded,1.0,1.0,1.0,1,2,3
instance_0004.txt,ga_elite_multi_seeded,ga_elite_single_simpleaisle,1.0,1.0,1.0,1,2,3
instance_0004.txt,ga_elite_multi_seeded,ga_ls_both,1.0,1.0,1.0,1,2,3
instance_0004.txt,ga_elite_multi_seeded,ga_ls_final,1.0,1.0,1.0,1,2,3
instance_0004.txt,ga_elite_multi_seeded,ga_ls_final_best_improvement,1.0,1.0,1.0,1,2,3
instance_0004.txt,ga_elite_multi_seeded,ga_ls_on_seeds,1.0,1.0,1.0,1,2,3
instance_0004.txt,ga_elite_multi_seeded,ga_ls_periodic,1.0,1.0,1.0,1,2,3
instance_0004.txt,ga_elite_multi_seeded,ga_ls_remove_only,1.0,1.0,1.0,1,2,3
instance_0004.txt,ga_elite_multi_seeded,ga_multi_multipoint_seeded,1.0,1.0,1.0,1,2,3
instance_0004.txt,ga_elite_single_seeded,ga_elite_single_simpleaisle,1.0,1.0,1.0,1,2,3
instance_0004.txt,ga_elite_single_seeded,ga_ls_both,1.0,1.0,1.0,1,2,3
instance_0004.txt,ga_elite_single_seeded,ga_ls_final,1.0,1.0,1.0,1,2,3
instance_0004.txt,ga_elite_single_seeded,ga_ls_final_best_improvement,1.0,1.0,1.0,1,2,3
instance_0004.txt,ga_elite_single_seeded,ga_ls_on_seeds,1.0,1.0,1.0,1,2,3
instance_0004.txt,ga_elite_single_seeded,ga_ls_periodic,1.0,1.0,1.0,1,2,3
instance_0004.txt,ga_elite_single_seeded,ga_ls_remove_only,1.0,1.0,1.0,1,2,3
instance_0004.txt,ga_elite_single_seeded,ga_multi_multipoint_seeded,1.0,1.0,1.0,1,2,3
instance_0004.txt,ga_elite_single_simpleaisle,ga_ls_both,1.0,1.0,1.0,1,2,3
instance_0004.txt,ga_elite_single_simpleaisle,ga_ls_final,1.0,1.0,1.0,1,2,3
instance_0004.txt,ga_elite_single_simpleaisle,ga_ls_final_best_improvement,1.0,1.0,1.0,1,2,3
instance_0004.txt,ga_elite_single_simpleaisle,ga_ls_on_seeds,1.0,1.0,1.0,1,2,3
instance_0004.txt,ga_elite_single_simpleaisle,ga_ls_periodic,1.0,1.0,1.0,1,2,3
instance_0004.txt,ga_elite_single_simpleaisle,ga_ls_remove_only,1.0,1.0,1.0,1,2,3
instance_0004.txt,ga_elite_single_simpleaisle,ga_multi_multipoint_seeded,1.0,1.0,1.0,1,2,3
instance_0004.txt,ga_ls_both,ga_ls_final,1.0,1.0,1.0,1,2,3
instance_0004.txt,ga_ls_both,ga_ls_final_best_improvement,1.0,1.0,1.0,1,2,3
instance_0004.txt,ga_ls_both,ga_ls_on_seeds,1.0,1.0,1.0,1,2,3
instance_0004.txt,ga_ls_both,ga_ls_periodic,1.0,1.0,1.0,1,2,3
instance_0004.txt,ga_ls_both,ga_ls_remove_only,1.0,1.0,1.0,1,2,3
instance_0004.txt,ga_ls_both,ga_multi_multipoint_seeded,1.0,1.0,1.0,1,2,3
instance_0004.txt,ga_ls_final,ga_ls_final_best_improvement,1.0,1.0,1.0,1,2,3
instance_0004.txt,ga_ls_final,ga_ls_on_seeds,1.0,1.0,1.0,1,2,3
instance_0004.txt,ga_ls_final,ga_ls_periodic,1.0,1.0,1.0,1,2,3
instance_0004.txt,ga_ls_final,ga_ls_remove_only,1.0,1.0,1.0,1,2,3
instance_0004.txt,ga_ls_final,ga_multi_multipoint_seeded,1.0,1.0,1.0,1,2,3
instance_0004.txt,ga_ls_final_best_improvement,ga_ls_on_seeds,1.0,1.0,1.0,1,2,3
instance_0004.txt,ga_ls_final_best_improvement,ga_ls_periodic,1.0,1.0,1.0,1,2,3
instance_0004.txt,ga_ls_final_best_improvement,ga_ls_remove_only,1.0,1.0,1.0,1,2,3
instance_0004.txt,ga_ls_final_best_improvement,ga_multi_multipoint_seeded,1.0,1.0,1.0,1,2,3
instance_0004.txt,ga_ls_on_seeds,ga_ls_periodic,1.0,1.0,1.0,1,2,3
instance_0004.txt,ga_ls_on_seeds,ga_ls_remove_only,1.0,1.0,1.0,1,2,3
instance_0004.txt,ga_ls_on_seeds,ga_multi_multipoint_seeded,1.0,1.0,1.0,1,2,3
instance_0004.txt,ga_ls_periodic,ga_ls_remove_only,1.0,1.0,1.0,1,2,3
instance_0004.txt,ga_ls_periodic,ga_multi_multipoint_seeded,1.0,1.0,1.0,1,2,3
instance_0004.txt,ga_ls_remove_only,ga_multi_multipoint_seeded,1.0,1.0,1.0,1,2,3
instance_0005.txt,ga_base_random_init,ga_base_uniform_seeded,0.39501779359430605,0.1875,0.2963636363636364,333,6,489
instance_0005.txt,ga_base_random_init,ga_elite_multi_seeded,0.40047961630695444,0.1875,0.31203473945409427,334,6,503
instance_0005.txt,ga_base_random_init,ga_elite_single_seeded,0.39501779359430605,0.1875,0.2963636363636364,333,6,489
instance_0005.txt,ga_base_random_init,ga_elite_single_simpleaisle,0.44785276073619634,0.22580645161290322,0.34908632640201637,365,7,554
instance_0005.txt,ga_base_random_init,ga_ls_both,0.39501779359430605,0.1875,0.2963636363636364,333,6,489
instance_0005.txt,ga_base_random_init,ga_ls_final,0.39501779359430605,0.1875,0.2963636363636364,333,6,489
instance_0005.txt,ga_base_random_init,ga_ls_final_best_improvement,0.39501779359430605,0.1875,0.2963636363636364,333,6,489
instance_0005.txt,ga_base_random_init,ga_ls_on_seeds,0.39501779359430605,0.1875,0.2963636363636364,333,6,489
instance_0005.txt,ga_base_random_init,ga_ls_periodic,0.39501779359430605,0.1875,0.2963636363636364,333,6,489
instance_0005.txt,ga_base_random_init,ga_ls_remove_only,0.39501779359430605,0.1875,0.2963636363636364,333,6,489
instance_0005.txt,ga_base_random_init,ga_multi_multipoint_seeded,0.39501779359430605,0.1875,0.2963636363636364,333,6,489
instance_0005.txt,ga_base_uniform_seeded,ga_elite_multi_seeded,0.8368298368298368,0.7777777777777778,0.8058823529411765,359,7,548
instance_0005.txt,ga_base_uniform_seeded,ga_elite_single_seeded,1.0,1.0,1.0,398,8,626
instance_0005.txt,ga_base_uniform_seeded,ga_elite_single_simpleaisle,0.8518518518518519,0.7777777777777778,0.8069164265129684,368,7,560
instance_0005.txt,ga_base_uniform_seeded,ga_ls_both,1.0,1.0,1.0,398,8,626
instance_0005.txt,ga_base_uniform_seeded,ga_ls_final,1.0,1.0,1.0,398,8,626
instance_0005.txt,ga_base_uniform_seeded,ga_ls_final_best_improvement,1.0,1.0,1.0,398,8,626
instance_0005.txt,ga_base_uniform_seeded,ga_ls_on_seeds,1.0,1.0,1.0,398,8,626
instance_0005.txt,ga_base_uniform_seeded,ga_ls_periodic,1.0,1.0,1.0,398,8,626
instance_0005.txt,ga_base_uniform_seeded,ga_ls_remove_only,1.0,1.0,1.0,398,8,626
instance_0005.txt,ga_base_uniform_seeded,ga_multi_multipoint_seeded,1.0,1.0,1.0,398,8,626
instance_0005.txt,ga_elite_multi_seeded,ga_elite_single_seeded,0.8368298368298368,0.7777777777777778,0.8058823529411765,359,7,548
instance_0005.txt,ga_elite_multi_seeded,ga_elite_single_simpleaisle,0.7368421052631579,0.6,0.6988950276243094,336,6,506
instance_0005.txt,ga_elite_multi_seeded,ga_ls_both,0.8368298368298368,0.7777777777777778,0.8058823529411765,359,7,548
instance_0005.txt,ga_elite_multi_seeded,ga_ls_final,0.8368298368298368,0.7777777777777778,0.8058823529411765,359,7,548
instance_0005.txt,ga_elite_multi_seeded,ga_ls_final_best_improvement,0.8368298368298368,0.7777777777777778,0.8058823529411765,359,7,548
instance_0005.txt,ga_elite_multi_seeded,ga_ls_on_seeds,0.8368298368298368,0.7777777777777778,0.8058823529411765,359,7,548
instance_0005.txt,ga_elite_multi_seeded,ga_ls_periodic,0.8368298368298368,0.7777777777777778,0.8058823529411765,359,7,548
instance_0005.txt,ga_elite_multi_seeded,ga_ls_remove_only,0.8368298368298368,0.7777777777777778,0.8058823529411765,359,7,548
instance_0005.txt,ga_elite_multi_seeded,ga_multi_multipoint_seeded,0.8368298368298368,0.7777777777777778,0.8058823529411765,359,7,548
instance_0005.txt,ga_elite_single_seeded,ga_elite_single_simpleaisle,0.8518518518518519,0.7777777777777778,0.8069164265129684,368,7,560
instance_0005.txt,ga_elite_single_seeded,ga_ls_both,1.0,1.0,1.0,398,8,626
instance_0005.txt,ga_elite_single_seeded,ga_ls_final,1.0,1.0,1.0,398,8,626
instance_0005.txt,ga_elite_single_seeded,ga_ls_final_best_improvement,1.0,1.0,1.0,398,8,626
instance_0005.txt,ga_elite_single_seeded,ga_ls_on_seeds,1.0,1.0,1.0,398,8,626
instance_0005.txt,ga_elite_single_seeded,ga_ls_periodic,1.0,1.0,1.0,398,8,626
instance_0005.txt,ga_elite_single_seeded,ga_ls_remove_only,1.0,1.0,1.0,398,8,626
instance_0005.txt,ga_elite_single_seeded,ga_multi_multipoint_seeded,1.0,1.0,1.0,398,8,626
instance_0005.txt,ga_elite_single_simpleaisle,ga_ls_both,0.8518518518518519,0.7777777777777778,0.8069164265129684,368,7,560
instance_0005.txt,ga_elite_single_simpleaisle,ga_ls_final,0.8518518518518519,0.7777777777777778,0.8069164265129684,368,7,560
instance_0005.txt,ga_elite_single_simpleaisle,ga_ls_final_best_improvement,0.8518518518518519,0.7777777777777778,0.8069164265129684,368,7,560
instance_0005.txt,ga_elite_single_simpleaisle,ga_ls_on_seeds,0.8518518518518519,0.7777777777777778,0.8069164265129684,368,7,560
instance_0005.txt,ga_elite_single_simpleaisle,ga_ls_periodic,0.8518518518518519,0.7777777777777778,0.8069164265129684,368,7,560
instance_0005.txt,ga_elite_single_simpleaisle,ga_ls_remove_only,0.8518518518518519,0.7777777777777778,0.8069164265129684,368,7,560
instance_0005.txt,ga_elite_single_simpleaisle,ga_multi_multipoint_seeded,0.8518518518518519,0.7777777777777778,0.8069164265129684,368,7,560
instance_0005.txt,ga_ls_both,ga_ls_final,1.0,1.0,1.0,398,8,626
instance_0005.txt,ga_ls_both,ga_ls_final_best_improvement,1.0,1.0,1.0,398,8,626
instance_0005.txt,ga_ls_both,ga_ls_on_seeds,1.0,1.0,1.0,398,8,626
instance_0005.txt,ga_ls_both,ga_ls_periodic,1.0,1.0,1.0,398,8,626
instance_0005.txt,ga_ls_both,ga_ls_remove_only,1.0,1.0,1.0,398,8,626
instance_0005.txt,ga_ls_both,ga_multi_multipoint_seeded,1.0,1.0,1.0,398,8,626
instance_0005.txt,ga_ls_final,ga_ls_final_best_improvement,1.0,1.0,1.0,398,8,626
instance_0005.txt,ga_ls_final,ga_ls_on_seeds,1.0,1.0,1.0,398,8,626
instance_0005.txt,ga_ls_final,ga_ls_periodic,1.0,1.0,1.0,398,8,626
instance_0005.txt,ga_ls_final,ga_ls_remove_only,1.0,1.0,1.0,398,8,626
instance_0005.txt,ga_ls_final,ga_multi_multipoint_seeded,1.0,1.0,1.0,398,8,626
instance_0005.txt,ga_ls_final_best_improvement,ga_ls_on_seeds,1.0,1.0,1.0,398,8,626
instance_0005.txt,ga_ls_final_best_improvement,ga_ls_periodic,1.0,1.0,1.0,398,8,626
instance_0005.txt,ga_ls_final_best_improvement,ga_ls_remove_only,1.0,1.0,1.0,398,8,626
instance_0005.txt,ga_ls_final_best_improvement,ga_multi_multipoint_seeded,1.0,1.0,1.0,398,8,626
instance_0005.txt,ga_ls_on_seeds,ga_ls_periodic,1.0,1.0,1.0,398,8,626
instance_0005.txt,ga_ls_on_seeds,ga_ls_remove_only,1.0,1.0,1.0,398,8,626
instance_0005.txt,ga_ls_on_seeds,ga_multi_multipoint_seeded,1.0,1.0,1.0,398,8,626
instance_0005.txt,ga_ls_periodic,ga_ls_remove_only,1.0,1.0,1.0,398,8,626
instance_0005.txt,ga_ls_periodic,ga_multi_multipoint_seeded,1.0,1.0,1.0,398,8,626
instance_0005.txt,ga_ls_remove_only,ga_multi_multipoint_seeded,1.0,1.0,1.0,398,8,626
instance_0006.txt,ga_base_random_init,ga_base_uniform_seeded,0.06743238236383846,0.0,0.06467661691542288,182,0,130
instance_0006.txt,ga_base_random_init,ga_elite_multi_seeded,0.06743238236383846,0.0,0.06467661691542288,182,0,130
instance_0006.txt,ga_base_random_init,ga_elite_single_seeded,0.06743238236383846,0.0,0.06467661691542288,182,0,130
instance_0006.txt,ga_base_random_init,ga_elite_single_simpleaisle,0.06743238236383846,0.0,0.06467661691542288,182,0,130
instance_0006.txt,ga_base_random_init,ga_ls_both,0.06743238236383846,0.0,0.06467661691542288,182,0,130
instance_0006.txt,ga_base_random_init,ga_ls_final,0.06743238236383846,0.0,0.06467661691542288,182,0,130
instance_0006.txt,ga_base_random_init,ga_ls_final_best_improvement,0.06743238236383846,0.0,0.06467661691542288,182,0,130
instance_0006.txt,ga_base_random_init,ga_ls_on_seeds,0.06743238236383846,0.0,0.06467661691542288,182,0,130
instance_0006.txt,ga_base_random_init,ga_ls_periodic,0.06743238236383846,0.0,0.06467661691542288,182,0,130
instance_0006.txt,ga_base_random_init,ga_ls_remove_only,0.06743238236383846,0.0,0.06467661691542288,182,0,130
instance_0006.txt,ga_base_random_init,ga_multi_multipoint_seeded,0.06743238236383846,0.0,0.06467661691542288,182,0,130
instance_0006.txt,ga_base_uniform_seeded,ga_elite_multi_seeded,1.0,1.0,1.0,497,1,326
instance_0006.txt,ga_base_uniform_seeded,ga_elite_single_seeded,1.0,1.0,1.0,497,1,326
instance_0006.txt,ga_base_uniform_seeded,ga_elite_single_simpleaisle,1.0,1.0,1.0,497,1,326
instance_0006.txt,ga_base_uniform_seeded,ga_ls_both,1.0,1.0,1.0,497,1,326
instance_0006.txt,ga_base_uniform_seeded,ga_ls_final,1.0,1.0,1.0,497,1,326
instance_0006.txt,ga_base_uniform_seeded,ga_ls_final_best_improvement,1.0,1.0,1.0,497,1,326
instance_0006.txt,ga_base_uniform_seeded,ga_ls_on_seeds,1.0,1.0,1.0,497,1,326
instance_0006.txt,ga_base_uniform_seeded,ga_ls_periodic,1.0,1.0,1.0,497,1,326
instance_0006.txt,ga_base_uniform_seeded,ga_ls_remove_only,1.0,1.0,1.0,497,1,326
instance_0006.txt,ga_base_uniform_seeded,ga_multi_multipoint_seeded,1.0,1.0,1.0,497,1,326
instance_0006.txt,ga_elite_multi_seeded,ga_elite_single_seeded,1.0,1.0,1.0,497,1,326
instance_0006.txt,ga_elite_multi_seeded,ga_elite_single_simpleaisle,1.0,1.0,1.0,497,1,326
instance_0006.txt,ga_elite_multi_seeded,ga_ls_both,1.0,1.0,1.0,497,1,326
instance_0006.txt,ga_elite_multi_seeded,ga_ls_final,1.0,1.0,1.0,497,1,326
instance_0006.txt,ga_elite_multi_seeded,ga_ls_final_best_improvement,1.0,1.0,1.0,497,1,326
instance_0006.txt,ga_elite_multi_seeded,ga_ls_on_seeds,1.0,1.0,1.0,497,1,326
instance_0006.txt,ga_elite_multi_seeded,ga_ls_periodic,1.0,1.0,1.0,497,1,326
instance_0006.txt,ga_elite_multi_seeded,ga_ls_remove_only,1.0,1.0,1.0,497,1,326
instance_0006.txt,ga_elite_multi_seeded,ga_multi_multipoint_seeded,1.0,1.0,1.0,497,1,326
instance_0006.txt,ga_elite_single_seeded,ga_elite_single_simpleaisle,1.0,1.0,1.0,497,1,326
instance_0006.txt,ga_elite_single_seeded,ga_ls_both,1.0,1.0,1.0,497,1,326
instance_0006.txt,ga_elite_single_seeded,ga_ls_final,1.0,1.0,1.0,497,1,326
instance_0006.txt,ga_elite_single_seeded,ga_ls_final_best_improvement,1.0,1.0,1.0,497,1,326
instance_0006.txt,ga_elite_single_seeded,ga_ls_on_seeds,1.0,1.0,1.0,497,1,326
instance_0006.txt,ga_elite_single_seeded,ga_ls_periodic,1.0,1.0,1.0,497,1,326
instance_0006.txt,ga_elite_single_seeded,ga_ls_remove_only,1.0,1.0,1.0,497,1,326
instance_0006.txt,ga_elite_single_seeded,ga_multi_multipoint_seeded,1.0,1.0,1.0,497,1,326
instance_0006.txt,ga_elite_single_simpleaisle,ga_ls_both,1.0,1.0,1.0,497,1,326
instance_0006.txt,ga_elite_single_simpleaisle,ga_ls_final,1.0,1.0,1.0,497,1,326
instance_0006.txt,ga_elite_single_simpleaisle,ga_ls_final_best_improvement,1.0,1.0,1.0,497,1,326
instance_0006.txt,ga_elite_single_simpleaisle,ga_ls_on_seeds,1.0,1.0,1.0,497,1,326
instance_0006.txt,ga_elite_single_simpleaisle,ga_ls_periodic,1.0,1.0,1.0,497,1,326
instance_0006.txt,ga_elite_single_simpleaisle,ga_ls_remove_only,1.0,1.0,1.0,497,1,326
instance_0006.txt,ga_elite_single_simpleaisle,ga_multi_multipoint_seeded,1.0,1.0,1.0,497,1,326
instance_0006.txt,ga_ls_both,ga_ls_final,1.0,1.0,1.0,497,1,326
instance_0006.txt,ga_ls_both,ga_ls_final_best_improvement,1.0,1.0,1.0,497,1,326
instance_0006.txt,ga_ls_both,ga_ls_on_seeds,1.0,1.0,1.0,497,1,326
instance_0006.txt,ga_ls_both,ga_ls_periodic,1.0,1.0,1.0,497,1,326
instance_0006.txt,ga_ls_both,ga_ls_remove_only,1.0,1.0,1.0,497,1,326
instance_0006.txt,ga_ls_both,ga_multi_multipoint_seeded,1.0,1.0,1.0,497,1,326
instance_0006.txt,ga_ls_final,ga_ls_final_best_improvement,1.0,1.0,1.0,497,1,326
instance_0006.txt,ga_ls_final,ga_ls_on_seeds,1.0,1.0,1.0,497,1,326
instance_0006.txt,ga_ls_final,ga_ls_periodic,1.0,1.0,1.0,497,1,326
instance_0006.txt,ga_ls_final,ga_ls_remove_only,1.0,1.0,1.0,497,1,326
instance_0006.txt,ga_ls_final,ga_multi_multipoint_seeded,1.0,1.0,1.0,497,1,326
instance_0006.txt,ga_ls_final_best_improvement,ga_ls_on_seeds,1.0,1.0,1.0,497,1,326
instance_0006.txt,ga_ls_final_best_improvement,ga_ls_periodic,1.0,1.0,1.0,497,1,326
instance_0006.txt,ga_ls_final_best_improvement,ga_ls_remove_only,1.0,1.0,1.0,497,1,326
instance_0006.txt,ga_ls_final_best_improvement,ga_multi_multipoint_seeded,1.0,1.0,1.0,497,1,326
instance_0006.txt,ga_ls_on_seeds,ga_ls_periodic,1.0,1.0,1.0,497,1,326
instance_0006.txt,ga_ls_on_seeds,ga_ls_remove_only,1.0,1.0,1.0,497,1,326
instance_0006.txt,ga_ls_on_seeds,ga_multi_multipoint_seeded,1.0,1.0,1.0,497,1,326
instance_0006.txt,ga_ls_periodic,ga_ls_remove_only,1.0,1.0,1.0,497,1,326
instance_0006.txt,ga_ls_periodic,ga_multi_multipoint_seeded,1.0,1.0,1.0,497,1,326
instance_0006.txt,ga_ls_remove_only,ga_multi_multipoint_seeded,1.0,1.0,1.0,497,1,326
instance_0007.txt,ga_base_random_init,ga_base_uniform_seeded,0.18805627332759114,0.02564102564102564,0.16666666666666666,655,1,390
instance_0007.txt,ga_base_random_init,ga_elite_multi_seeded,0.20690664325431665,0.0,0.18302614659237035,707,0,427
instance_0007.txt,ga_base_random_init,ga_elite_single_seeded,0.20690664325431665,0.0,0.18302614659237035,707,0,427
instance_0007.txt,ga_base_random_init,ga_elite_single_simpleaisle,0.14884637028700057,0.0,0.1263552960800667,529,0,303
instance_0007.txt,ga_base_random_init,ga_ls_both,0.15723094170403587,0.0,0.13900414937759337,561,0,335
instance_0007.txt,ga_base_random_init,ga_ls_final,0.15723094170403587,0.0,0.13900414937759337,561,0,335
instance_0007.txt,ga_base_random_init,ga_ls_final_best_improvement,0.15723094170403587,0.0,0.13900414937759337,561,0,335
instance_0007.txt,ga_base_random_init,ga_ls_on_seeds,0.1884393063583815,0.0,0.16400336417157274,652,0,390
instance_0007.txt,ga_base_random_init,ga_ls_periodic,0.18633362044214757,0.0,0.1658291457286432,649,0,396
instance_0007.txt,ga_base_random_init,ga_ls_remove_only,0.20690664325431665,0.0,0.18302614659237035,707,0,427
instance_0007.txt,ga_base_random_init,ga_multi_multipoint_seeded,0.20690664325431665,0.0,0.18302614659237035,707,0,427
instance_0007.txt,ga_base_uniform_seeded,ga_elite_multi_seeded,0.6955602536997886,0.0,0.6553341148886284,987,0,559
instance_0007.txt,ga_base_uniform_seeded,ga_elite_single_seeded,0.6955602536997886,0.0,0.6553341148886284,987,0,559
instance_0007.txt,ga_base_uniform_seeded,ga_elite_single_simpleaisle,0.4438339438339438,0.3333333333333333,0.3516483516483517,727,2,352
instance_0007.txt,ga_base_uniform_seeded,ga_ls_both,0.5789129011132941,0.3333333333333333,0.526775956284153,884,2,482
instance_0007.txt,ga_base_uniform_seeded,ga_ls_final,0.5789129011132941,0.3333333333333333,0.526775956284153,884,2,482
instance_0007.txt,ga_base_uniform_seeded,ga_ls_final_best_improvement,0.5789129011132941,0.3333333333333333,0.526775956284153,884,2,482
instance_0007.txt,ga_base_uniform_seeded,ga_ls_on_seeds,0.3204633204633205,0.14285714285714285,0.23801220575414123,581,1,273
instance_0007.txt,ga_base_uniform_seeded,ga_ls_periodic,0.45861027190332326,0.3333333333333333,0.4050880626223092,759,2,414
instance_0007.txt,ga_base_uniform_seeded,ga_ls_remove_only,0.6955602536997886,0.0,0.6553341148886284,987,0,559
instance_0007.txt,ga_base_uniform_seeded,ga_multi_multipoint_seeded,0.6955602536997886,0.0,0.6553341148886284,987,0,559
instance_0007.txt,ga_elite_multi_seeded,ga_elite_single_seeded,1.0,1.0,1.0,1196,4,721
instance_0007.txt,ga_elite_multi_seeded,ga_elite_single_simpleaisle,0.29746136865342165,0.0,0.2185022026431718,539,0,248
instance_0007.txt,ga_elite_multi_seeded,ga_ls_both,0.6622746185852982,0.0,0.6651108518086347,955,0,570
instance_0007.txt,ga_elite_multi_seeded,ga_ls_final,0.6622746185852982,0.0,0.6651108518086347,955,0,570
instance_0007.txt,ga_elite_multi_seeded,ga_ls_final_best_improvement,0.6622746185852982,0.0,0.6651108518086347,955,0,570
instance_0007.txt,ga_elite_multi_seeded,ga_ls_on_seeds,0.49122807017543857,0.0,0.4271653543307087,784,0,434
instance_0007.txt,ga_elite_multi_seeded,ga_ls_periodic,0.6678248783877693,0.0,0.6434977578475336,961,0,574
instance_0007.txt,ga_elite_multi_seeded,ga_ls_remove_only,1.0,1.0,1.0,1196,4,721
instance_0007.txt,ga_elite_multi_seeded,ga_multi_multipoint_seeded,1.0,1.0,1.0,1196,4,721
instance_0007.txt,ga_elite_single_seeded,ga_elite_single_simpleaisle,0.29746136865342165,0.0,0.2185022026431718,539,0,248
instance_0007.txt,ga_elite_single_seeded,ga_ls_both,0.6622746185852982,0.0,0.6651108518086347,955,0,570
instance_0007.txt,ga_elite_single_seeded,ga_ls_final,0.6622746185852982,0.0,0.6651108518086347,955,0,570
instance_0007.txt,ga_elite_single_seeded,ga_ls_final_best_improvement,0.6622746185852982,0.0,0.6651108518086347,955,0,570
instance_0007.txt,ga_elite_single_seeded,ga_ls_on_seeds,0.49122807017543857,0.0,0.4271653543307087,784,0,434
instance_0007.txt,ga_elite_single_seeded,ga_ls_periodic,0.6678248783877693,0.0,0.6434977578475336,961,0,574
instance_0007.txt,ga_elite_single_seeded,ga_ls_remove_only,1.0,1.0,1.0,1196,4,721
instance_0007.txt,ga_elite_single_seeded,ga_multi_multipoint_seeded,1.0,1.0,1.0,1196,4,721
instance_0007.txt,ga_elite_single_simpleaisle,ga_ls_both,0.3563615428900403,0.14285714285714285,0.27611940298507465,619,1,296
instance_0007.txt,ga_elite_single_simpleaisle,ga_ls_final,0.3563615428900403,0.14285714285714285,0.27611940298507465,619,1,296
instance_0007.txt,ga_elite_single_simpleaisle,ga_ls_final_best_improvement,0.3563615428900403,0.14285714285714285,0.27611940298507465,619,1,296
instance_0007.txt,ga_elite_single_simpleaisle,ga_ls_on_seeds,0.3052455357142857,0.14285714285714285,0.22771403353927624,547,1,258
instance_0007.txt,ga_elite_single_simpleaisle,ga_ls_periodic,0.4534812076401725,0.3333333333333333,0.3958333333333333,736,2,399
instance_0007.txt,ga_elite_single_simpleaisle,ga_ls_remove_only,0.29746136865342165,0.0,0.2185022026431718,539,0,248
instance_0007.txt,ga_elite_single_simpleaisle,ga_multi_multipoint_seeded,0.29746136865342165,0.0,0.2185022026431718,539,0,248
instance_0007.txt,ga_ls_both,ga_ls_final,1.0,1.0,1.0,1201,4,706
instance_0007.txt,ga_ls_both,ga_ls_final_best_improvement,1.0,1.0,1.0,1201,4,706
instance_0007.txt,ga_ls_both,ga_ls_on_seeds,0.44633110976349305,0.3333333333333333,0.3918525703200776,736,2,404
instance_0007.txt,ga_ls_both,ga_ls_periodic,0.6586206896551724,0.6,0.6469920544835415,955,3,570
instance_0007.txt,ga_ls_both,ga_ls_remove_only,0.6622746185852982,0.0,0.6651108518086347,955,0,570
instance_0007.txt,ga_ls_both,ga_multi_multipoint_seeded,0.6622746185852982,0.0,0.6651108518086347,955,0,570
instance_0007.txt,ga_ls_final,ga_ls_final_best_improvement,1.0,1.0,1.0,1201,4,706
instance_0007.txt,ga_ls_final,ga_ls_on_seeds,0.44633110976349305,0.3333333333333333,0.3918525703200776,736,2,404
instance_0007.txt,ga_ls_final,ga_ls_periodic,0.6586206896551724,0.6,0.6469920544835415,955,3,570
instance_0007.txt,ga_ls_final,ga_ls_remove_only,0.6622746185852982,0.0,0.6651108518086347,955,0,570
instance_0007.txt,ga_ls_final,ga_multi_multipoint_seeded,0.6622746185852982,0.0,0.6651108518086347,955,0,570
instance_0007.txt,ga_ls_final_best_improvement,ga_ls_on_seeds,0.44633110976349305,0.3333333333333333,0.3918525703200776,736,2,404
instance_0007.txt,ga_ls_final_best_improvement,ga_ls_periodic,0.6586206896551724,0.6,0.6469920544835415,955,3,570
instance_0007.txt,ga_ls_final_best_improvement,ga_ls_remove_only,0.6622746185852982,0.0,0.6651108518086347,955,0,570
instance_0007.txt,ga_ls_final_best_improvement,ga_multi_multipoint_seeded,0.6622746185852982,0.0,0.6651108518086347,955,0,570
instance_0007.txt,ga_ls_on_seeds,ga_ls_periodic,0.504725897920605,0.3333333333333333,0.4296799224054316,801,2,443
instance_0007.txt,ga_ls_on_seeds,ga_ls_remove_only,0.49122807017543857,0.0,0.4271653543307087,784,0,434
instance_0007.txt,ga_ls_on_seeds,ga_multi_multipoint_seeded,0.49122807017543857,0.0,0.4271653543307087,784,0,434
instance_0007.txt,ga_ls_periodic,ga_ls_remove_only,0.6678248783877693,0.0,0.6434977578475336,961,0,574
instance_0007.txt,ga_ls_periodic,ga_multi_multipoint_seeded,0.6678248783877693,0.0,0.6434977578475336,961,0,574
instance_0007.txt,ga_ls_remove_only,ga_multi_multipoint_seeded,1.0,1.0,1.0,1196,4,721
instance_0008.txt,ga_base_random_init,ga_base_uniform_seeded,0.42135922330097086,0.4642857142857143,0.47607461476074614,217,13,587
instance_0008.txt,ga_base_random_init,ga_elite_multi_seeded,0.34477124183006536,0.0,0.3779840848806366,211,0,570
instance_0008.txt,ga_base_random_init,ga_elite_single_seeded,0.40608228980322003,0.41935483870967744,0.4466230936819172,227,13,615
instance_0008.txt,ga_base_random_init,ga_elite_single_simpleaisle,0.3548387096774194,0.3870967741935484,0.40210526315789474,209,12,573
instance_0008.txt,ga_base_random_init,ga_ls_both,0.4036697247706422,0.43333333333333335,0.4474256707759246,220,13,617
instance_0008.txt,ga_base_random_init,ga_ls_final,0.39652173913043476,0.41935483870967744,0.4320728291316527,228,13,617
instance_0008.txt,ga_base_random_init,ga_ls_final_best_improvement,0.39652173913043476,0.41935483870967744,0.4320728291316527,228,13,617
instance_0008.txt,ga_base_random_init,ga_ls_on_seeds,0.37056737588652483,0.4,0.42953020134228187,209,12,576
instance_0008.txt,ga_base_random_init,ga_ls_periodic,0.39652173913043476,0.41935483870967744,0.4320728291316527,228,13,617
instance_0008.txt,ga_base_random_init,ga_ls_remove_only,0.42397137745974955,0.4666666666666667,0.45253390435403285,237,14,634
instance_0008.txt,ga_base_random_init,ga_multi_multipoint_seeded,0.3688811188811189,0.3548387096774194,0.39651416122004357,211,11,546
instance_0008.txt,ga_base_uniform_seeded,ga_elite_multi_seeded,0.6577868852459017,0.0,0.6193601312551271,321,0,755
instance_0008.txt,ga_base_uniform_seeded,ga_elite_single_seeded,0.6967032967032967,0.65,0.6332179930795848,317,13,732
instance_0008.txt,ga_base_uniform_seeded,ga_elite_single_simpleaisle,0.7192982456140351,0.6842105263157895,0.7093862815884476,328,13,786
instance_0008.txt,ga_base_uniform_seeded,ga_ls_both,0.7796208530805687,0.7777777777777778,0.6999101527403414,329,14,779
instance_0008.txt,ga_base_uniform_seeded,ga_ls_final,0.6751592356687898,0.65,0.6121262458471761,318,13,737
instance_0008.txt,ga_base_uniform_seeded,ga_ls_final_best_improvement,0.6751592356687898,0.65,0.6121262458471761,318,13,737
instance_0008.txt,ga_base_uniform_seeded,ga_ls_on_seeds,0.8114558472553699,0.8235294117647058,0.8057768924302788,340,14,809
instance_0008.txt,ga_base_uniform_seeded,ga_ls_periodic,0.6751592356687898,0.65,0.6121262458471761,318,13,737
instance_0008.txt,ga_base_uniform_seeded,ga_ls_remove_only,0.7853881278538812,0.7368421052631579,0.7103631532329495,344,14,802
instance_0008.txt,ga_base_uniform_seeded,ga_multi_multipoint_seeded,0.7013274336283186,0.631578947368421,0.656648451730419,317,12,721
instance_0008.txt,ga_elite_multi_seeded,ga_elite_single_seeded,0.6532567049808429,0.0,0.6282245827010622,341,0,828
instance_0008.txt,ga_elite_multi_seeded,ga_elite_single_simpleaisle,0.7893660531697342,0.0,0.7510170870626526,386,0,923
instance_0008.txt,ga_elite_multi_seeded,ga_ls_both,0.6673267326732674,0.0,0.6201959306706858,337,0,823
instance_0008.txt,ga_elite_multi_seeded,ga_ls_final,0.7357001972386588,0.0,0.7033307513555384,373,0,908
instance_0008.txt,ga_elite_multi_seeded,ga_ls_final_best_improvement,0.7357001972386588,0.0,0.7033307513555384,373,0,908
instance_0008.txt,ga_elite_multi_seeded,ga_ls_on_seeds,0.6504854368932039,0.0,0.5967617579028527,335,0,774
instance_0008.txt,ga_elite_multi_seeded,ga_ls_periodic,0.7357001972386588,0.0,0.7033307513555384,373,0,908
instance_0008.txt,ga_elite_multi_seeded,ga_ls_remove_only,0.7321428571428571,0.0,0.7061574434918161,369,0,906
instance_0008.txt,ga_elite_multi_seeded,ga_multi_multipoint_seeded,0.7515274949083504,0.0,0.7038556193601313,369,0,858
instance_0008.txt,ga_elite_single_seeded,ga_elite_single_simpleaisle,0.6660039761431411,0.5909090909090909,0.6435958631662689,335,13,809
instance_0008.txt,ga_elite_single_seeded,ga_ls_both,0.8896713615023474,0.8421052631578947,0.886654478976234,379,16,970
instance_0008.txt,ga_elite_single_seeded,ga_ls_final,0.8650442477876106,0.8947368421052632,0.8798932384341637,391,17,989
instance_0008.txt,ga_elite_single_seeded,ga_ls_final_best_improvement,0.8650442477876106,0.8947368421052632,0.8798932384341637,391,17,989
instance_0008.txt,ga_elite_single_seeded,ga_ls_on_seeds,0.6424242424242425,0.6190476190476191,0.588,318,13,735
instance_0008.txt,ga_elite_single_seeded,ga_ls_periodic,0.8650442477876106,0.8947368421052632,0.8798932384341637,391,17,989
instance_0008.txt,ga_elite_single_seeded,ga_ls_remove_only,0.8956916099773242,0.8947368421052632,0.898014440433213,395,17,995
instance_0008.txt,ga_elite_single_seeded,ga_multi_multipoint_seeded,0.7004132231404959,0.6190476190476191,0.6400329489291599,339,13,777
instance_0008.txt,ga_elite_single_simpleaisle,ga_ls_both,0.7163865546218487,0.7,0.6815597075548334,341,14,839
instance_0008.txt,ga_elite_single_simpleaisle,ga_ls_final,0.6764705882352942,0.5909090909090909,0.6362934362934363,345,13,824
instance_0008.txt,ga_elite_single_simpleaisle,ga_ls_final_best_improvement,0.6764705882352942,0.5909090909090909,0.6362934362934363,345,13,824
instance_0008.txt,ga_elite_single_simpleaisle,ga_ls_on_seeds,0.7080745341614907,0.65,0.6717044500419815,342,13,800
instance_0008.txt,ga_elite_single_simpleaisle,ga_ls_periodic,0.6764705882352942,0.5909090909090909,0.6362934362934363,345,13,824
instance_0008.txt,ga_elite_single_simpleaisle,ga_ls_remove_only,0.7448559670781894,0.6666666666666666,0.7132412672623883,362,14,878
instance_0008.txt,ga_elite_single_simpleaisle,ga_multi_multipoint_seeded,0.750524109014675,0.7368421052631579,0.7156357388316151,358,14,833
instance_0008.txt,ga_ls_both,ga_ls_final,0.8389261744966443,0.8421052631578947,0.8376736111111112,375,16,965
instance_0008.txt,ga_ls_both,ga_ls_final_best_improvement,0.8389261744966443,0.8421052631578947,0.8376736111111112,375,16,965
instance_0008.txt,ga_ls_both,ga_ls_on_seeds,0.7105831533477321,0.7368421052631579,0.6451612903225806,329,14,780
instance_0008.txt,ga_ls_both,ga_ls_periodic,0.8389261744966443,0.8421052631578947,0.8376736111111112,375,16,965
instance_0008.txt,ga_ls_both,ga_ls_remove_only,0.8692660550458715,0.8421052631578947,0.8547535211267606,379,16,971
instance_0008.txt,ga_ls_both,ga_multi_multipoint_seeded,0.7704194260485652,0.7368421052631579,0.7022184300341296,349,14,823
instance_0008.txt,ga_ls_final,ga_ls_final_best_improvement,1.0,1.0,1.0,430,18,1083
instance_0008.txt,ga_ls_final,ga_ls_on_seeds,0.6500994035785288,0.6190476190476191,0.5872274143302181,327,13,754
instance_0008.txt,ga_ls_final,ga_ls_periodic,1.0,1.0,1.0,430,18,1083
instance_0008.txt,ga_ls_final,ga_ls_remove_only,0.8665207877461707,0.8947368421052632,0.8650519031141869,396,17,1000
instance_0008.txt,ga_ls_final,ga_multi_multipoint_seeded,0.7910447761194029,0.7,0.7219882055602359,371,14,857
instance_0008.txt,ga_ls_final_best_improvement,ga_ls_on_seeds,0.6500994035785288,0.6190476190476191,0.5872274143302181,327,13,754
instance_0008.txt,ga_ls_final_best_improvement,ga_ls_periodic,1.0,1.0,1.0,430,18,1083
instance_0008.txt,ga_ls_final_best_improvement,ga_ls_remove_only,0.8665207877461707,0.8947368421052632,0.8650519031141869,396,17,1000
instance_0008.txt,ga_ls_final_best_improvement,ga_multi_multipoint_seeded,0.7910447761194029,0.7,0.7219882055602359,371,14,857
instance_0008.txt,ga_ls_on_seeds,ga_ls_periodic,0.6500994035785288,0.6190476190476191,0.5872274143302181,327,13,754
instance_0008.txt,ga_ls_on_seeds,ga_ls_remove_only,0.6559356136820925,0.6190476190476191,0.5930871956009427,326,13,755
instance_0008.txt,ga_ls_on_seeds,ga_multi_multipoint_seeded,0.6701030927835051,0.6,0.6251060220525869,325,12,737
instance_0008.txt,ga_ls_periodic,ga_ls_remove_only,0.8665207877461707,0.8947368421052632,0.8650519031141869,396,17,1000
instance_0008.txt,ga_ls_periodic,ga_multi_multipoint_seeded,0.7910447761194029,0.7,0.7219882055602359,371,14,857
instance_0008.txt,ga_ls_remove_only,ga_multi_multipoint_seeded,0.7069672131147541,0.6190476190476191,0.6324237560192616,345,13,788
instance_0009.txt,ga_base_random_init,ga_base_uniform_seeded,0.3333333333333333,0.1956521739130435,0.25961538461538464,7,9,27
instance_0009.txt,ga_base_random_init,ga_elite_multi_seeded,0.8095238095238095,0.6296296296296297,0.8952380952380953,17,34,94
instance_0009.txt,ga_base_random_init,ga_elite_single_seeded,0.5652173913043478,0.40816326530612246,0.5648148148148148,13,20,61
instance_0009.txt,ga_base_random_init,ga_elite_single_simpleaisle,0.34782608695652173,0.2553191489361702,0.3055555555555556,8,12,33
instance_0009.txt,ga_base_random_init,ga_ls_both,0.4,0.2127659574468085,0.3137254901960784,8,10,32
instance_0009.txt,ga_base_random_init,ga_ls_final,0.30434782608695654,0.1956521739130435,0.24074074074074073,7,9,26
instance_0009.txt,ga_base_random_init,ga_ls_final_best_improvement,0.30434782608695654,0.1956521739130435,0.24074074074074073,7,9,26
instance_0009.txt,ga_base_random_init,ga_ls_on_seeds,0.25,0.1956521739130435,0.21818181818181817,6,9,24
instance_0009.txt,ga_base_random_init,ga_ls_periodic,0.30434782608695654,0.1956521739130435,0.24074074074074073,7,9,26
instance_0009.txt,ga_base_random_init,ga_ls_remove_only,0.2,0.2222222222222222,0.1875,5,10,21
instance_0009.txt,ga_base_random_init,ga_multi_multipoint_seeded,0.3333333333333333,0.25,0.25961538461538464,7,11,27
instance_0009.txt,ga_base_uniform_seeded,ga_elite_multi_seeded,0.3333333333333333,0.2127659574468085,0.2621359223300971,7,10,27
instance_0009.txt,ga_base_uniform_seeded,ga_elite_single_seeded,0.5294117647058824,0.4074074074074074,0.4492753623188406,9,11,31
instance_0009.txt,ga_base_uniform_seeded,ga_elite_single_simpleaisle,0.5,0.4,0.6,7,8,27
instance_0009.txt,ga_base_uniform_seeded,ga_ls_both,0.5,0.4444444444444444,0.5853658536585366,6,8,24
instance_0009.txt,ga_base_uniform_seeded,ga_ls_final,0.6666666666666666,0.6,0.7567567567567568,8,9,28
instance_0009.txt,ga_base_uniform_seeded,ga_ls_final_best_improvement,0.6666666666666666,0.6,0.7567567567567568,8,9,28
instance_0009.txt,ga_base_uniform_seeded,ga_ls_on_seeds,0.6666666666666666,0.5,0.7567567567567568,8,8,28
instance_0009.txt,ga_base_uniform_seeded,ga_ls_periodic,0.6666666666666666,0.6,0.7567567567567568,8,9,28
instance_0009.txt,ga_base_uniform_seeded,ga_ls_remove_only,0.42857142857142855,0.4117647058823529,0.5238095238095238,6,7,22
instance_0009.txt,ga_base_uniform_seeded,ga_multi_multipoint_seeded,0.5,0.5,0.631578947368421,6,8,24
instance_0009.txt,ga_elite_multi_seeded,ga_elite_single_seeded,0.5652173913043478,0.5106382978723404,0.5700934579439252,13,24,61
instance_0009.txt,ga_elite_multi_seeded,ga_elite_single_simpleaisle,0.34782608695652173,0.32608695652173914,0.308411214953271,8,15,33
instance_0009.txt,ga_elite_multi_seeded,ga_ls_both,0.4,0.2826086956521739,0.31683168316831684,8,13,32
instance_0009.txt,ga_elite_multi_seeded,ga_ls_final,0.30434782608695654,0.2127659574468085,0.24299065420560748,7,10,26
instance_0009.txt,ga_elite_multi_seeded,ga_ls_final_best_improvement,0.30434782608695654,0.2127659574468085,0.24299065420560748,7,10,26
instance_0009.txt,ga_elite_multi_seeded,ga_ls_on_seeds,0.25,0.2127659574468085,0.22018348623853212,6,10,24
instance_0009.txt,ga_elite_multi_seeded,ga_ls_periodic,0.30434782608695654,0.2127659574468085,0.24299065420560748,7,10,26
instance_0009.txt,ga_elite_multi_seeded,ga_ls_remove_only,0.2,0.2391304347826087,0.1891891891891892,5,11,21
instance_0009.txt,ga_elite_multi_seeded,ga_multi_multipoint_seeded,0.3333333333333333,0.2127659574468085,0.2621359223300971,7,10,27
instance_0009.txt,ga_elite_single_seeded,ga_elite_single_simpleaisle,0.5263157894736842,0.5,0.5068493150684932,10,14,37
instance_0009.txt,ga_elite_single_seeded,ga_ls_both,0.4444444444444444,0.48148148148148145,0.4507042253521127,8,13,32
instance_0009.txt,ga_elite_single_seeded,ga_ls_final,0.6470588235294118,0.4074074074074074,0.4927536231884058,11,11,34
instance_0009.txt,ga_elite_single_seeded,ga_ls_final_best_improvement,0.6470588235294118,0.4074074074074074,0.4927536231884058,11,11,34
instance_0009.txt,ga_elite_single_seeded,ga_ls_on_seeds,0.5555555555555556,0.35714285714285715,0.4507042253521127,10,10,32
instance_0009.txt,ga_elite_single_seeded,ga_ls_periodic,0.6470588235294118,0.4074074074074074,0.4927536231884058,11,11,34
instance_0009.txt,ga_elite_single_seeded,ga_ls_remove_only,0.4,0.26666666666666666,0.34210526315789475,8,8,26
instance_0009.txt,ga_elite_single_seeded,ga_multi_multipoint_seeded,0.3,0.26666666666666666,0.3157894736842105,6,8,24
instance_0009.txt,ga_elite_single_simpleaisle,ga_ls_both,0.5,0.6666666666666666,0.7045454545454546,7,12,31
instance_0009.txt,ga_elite_single_simpleaisle,ga_ls_final,0.5333333333333333,0.5555555555555556,0.6304347826086957,8,10,29
instance_0009.txt,ga_elite_single_simpleaisle,ga_ls_final_best_improvement,0.5333333333333333,0.5555555555555556,0.6304347826086957,8,10,29
instance_0009.txt,ga_elite_single_simpleaisle,ga_ls_on_seeds,0.4375,0.47368421052631576,0.5625,7,9,27
instance_0009.txt,ga_elite_single_simpleaisle,ga_ls_periodic,0.5333333333333333,0.5555555555555556,0.6304347826086957,8,10,29
instance_0009.txt,ga_elite_single_simpleaisle,ga_ls_remove_only,0.5333333333333333,0.47368421052631576,0.5416666666666666,8,9,26
instance_0009.txt,ga_elite_single_simpleaisle,ga_multi_multipoint_seeded,0.5,0.4,0.6,7,8,27
instance_0009.txt,ga_ls_both,ga_ls_final,0.42857142857142855,0.4444444444444444,0.5454545454545454,6,8,24
instance_0009.txt,ga_ls_both,ga_ls_final_best_improvement,0.42857142857142855,0.4444444444444444,0.5454545454545454,6,8,24
instance_0009.txt,ga_ls_both,ga_ls_on_seeds,0.5384615384615384,0.625,0.6190476190476191,7,10,26
instance_0009.txt,ga_ls_both,ga_ls_periodic,0.42857142857142855,0.4444444444444444,0.5454545454545454,6,8,24
instance_0009.txt,ga_ls_both,ga_ls_remove_only,0.25,0.3,0.3673469387755102,4,6,18
instance_0009.txt,ga_ls_both,ga_multi_multipoint_seeded,0.5,0.4444444444444444,0.5853658536585366,6,8,24
instance_0009.txt,ga_ls_final,ga_ls_final_best_improvement,1.0,1.0,1.0,11,12,34
instance_0009.txt,ga_ls_final,ga_ls_on_seeds,0.8333333333333334,0.7142857142857143,0.8888888888888888,10,10,32
instance_0009.txt,ga_ls_final,ga_ls_periodic,1.0,1.0,1.0,11,12,34
instance_0009.txt,ga_ls_final,ga_ls_remove_only,0.5714285714285714,0.6,0.6341463414634146,8,9,26
instance_0009.txt,ga_ls_final,ga_multi_multipoint_seeded,0.42857142857142855,0.5,0.5853658536585366,6,8,24
instance_0009.txt,ga_ls_final_best_improvement,ga_ls_on_seeds,0.8333333333333334,0.7142857142857143,0.8888888888888888,10,10,32
instance_0009.txt,ga_ls_final_best_improvement,ga_ls_periodic,1.0,1.0,1.0,11,12,34
instance_0009.txt,ga_ls_final_best_improvement,ga_ls_remove_only,0.5714285714285714,0.6,0.6341463414634146,8,9,26
instance_0009.txt,ga_ls_final_best_improvement,ga_multi_multipoint_seeded,0.42857142857142855,0.5,0.5853658536585366,6,8,24
instance_0009.txt,ga_ls_on_seeds,ga_ls_periodic,0.8333333333333334,0.7142857142857143,0.8888888888888888,10,10,32
instance_0009.txt,ga_ls_on_seeds,ga_ls_remove_only,0.5714285714285714,0.5,0.6341463414634146,8,8,26
instance_0009.txt,ga_ls_on_seeds,ga_multi_multipoint_seeded,0.42857142857142855,0.5,0.5853658536585366,6,8,24
instance_0009.txt,ga_ls_periodic,ga_ls_remove_only,0.5714285714285714,0.6,0.6341463414634146,8,9,26
instance_0009.txt,ga_ls_periodic,ga_multi_multipoint_seeded,0.42857142857142855,0.5,0.5853658536585366,6,8,24
instance_0009.txt,ga_ls_remove_only,ga_multi_multipoint_seeded,0.5384615384615384,0.6,0.6410256410256411,7,9,25
instance_0010.txt,ga_base_random_init,ga_base_uniform_seeded,0.24647122692725298,0.3386454183266932,0.2642924086223055,227,85,564
instance_0010.txt,ga_base_random_init,ga_elite_multi_seeded,0.22967032967032966,0.0,0.2508250825082508,209,0,532
instance_0010.txt,ga_base_random_init,ga_elite_single_seeded,0.22967032967032966,0.0,0.2508250825082508,209,0,532
instance_0010.txt,ga_base_random_init,ga_elite_single_simpleaisle,0.2753623188405797,0.33073929961089493,0.30124521072796934,247,85,629
instance_0010.txt,ga_base_random_init,ga_ls_both,0.22926267281105991,0.2926829268292683,0.2497536945812808,199,72,507
instance_0010.txt,ga_base_random_init,ga_ls_final,0.24433849821215733,0.3004115226337449,0.2694063926940639,205,73,531
instance_0010.txt,ga_base_random_init,ga_ls_final_best_improvement,0.256353591160221,0.34523809523809523,0.2784629981024668,232,87,587
instance_0010.txt,ga_base_random_init,ga_ls_on_seeds,0.2562076749435666,0.3253968253968254,0.28252427184466017,227,82,582
instance_0010.txt,ga_base_random_init,ga_ls_periodic,0.2759009009009009,0.37398373983739835,0.30288226673180263,245,92,620
instance_0010.txt,ga_base_random_init,ga_ls_remove_only,0.2571428571428571,0.3170731707317073,0.28292682926829266,225,78,580
instance_0010.txt,ga_base_random_init,ga_multi_multipoint_seeded,0.26171428571428573,0.3360323886639676,0.2797648211660951,229,83,571
instance_0010.txt,ga_base_uniform_seeded,ga_elite_multi_seeded,0.4582843713278496,0.0,0.45321001088139284,390,0,833
instance_0010.txt,ga_base_uniform_seeded,ga_elite_single_seeded,0.4582843713278496,0.0,0.45321001088139284,390,0,833
instance_0010.txt,ga_base_uniform_seeded,ga_elite_single_simpleaisle,0.3912087912087912,0.31,0.37644690488173127,356,62,748
instance_0010.txt,ga_base_uniform_seeded,ga_ls_both,0.4037780401416765,0.36,0.40076754385964913,342,63,731
instance_0010.txt,ga_base_uniform_seeded,ga_ls_final,0.5630026809651475,0.5629139072847682,0.5594059405940595,420,85,904
instance_0010.txt,ga_base_uniform_seeded,ga_ls_final_best_improvement,0.4405034324942792,0.3924731182795699,0.4293993677555321,385,73,815
instance_0010.txt,ga_base_uniform_seeded,ga_ls_on_seeds,0.40660592255125283,0.3298429319371728,0.40369393139841686,357,63,765
instance_0010.txt,ga_base_uniform_seeded,ga_ls_periodic,0.4245175936435868,0.33678756476683935,0.4094488188976378,374,65,780
instance_0010.txt,ga_base_uniform_seeded,ga_ls_remove_only,0.46172248803827753,0.43529411764705883,0.45016429353778753,386,74,822
instance_0010.txt,ga_base_uniform_seeded,ga_multi_multipoint_seeded,0.4222737819025522,0.358695652173913,0.41626278944534195,364,66,773
instance_0010.txt,ga_elite_multi_seeded,ga_elite_single_seeded,1.0,1.0,1.0,606,133,1313
instance_0010.txt,ga_elite_multi_seeded,ga_elite_single_simpleaisle,0.38212290502793295,0.0,0.37455288707204903,342,0,733
instance_0010.txt,ga_elite_multi_seeded,ga_ls_both,0.5123859191655802,0.0,0.5093205051112447,393,0,847
instance_0010.txt,ga_elite_multi_seeded,ga_ls_final,0.49017038007863695,0.0,0.4873798076923077,374,0,811
instance_0010.txt,ga_elite_multi_seeded,ga_ls_final_best_improvement,0.45907473309608543,0.0,0.44763971785132933,387,0,825
instance_0010.txt,ga_elite_multi_seeded,ga_ls_on_seeds,0.43914081145584727,0.0,0.4479512735326689,368,0,809
instance_0010.txt,ga_elite_multi_seeded,ga_ls_periodic,0.4860606060606061,0.0,0.4691151919866444,401,0,843
instance_0010.txt,ga_elite_multi_seeded,ga_ls_remove_only,0.46921182266009853,0.0,0.46482836240855374,381,0,826
instance_0010.txt,ga_elite_multi_seeded,ga_multi_multipoint_seeded,0.4759556103575832,0.0,0.4612775579423403,386,0,816
instance_0010.txt,ga_elite_single_seeded,ga_elite_single_simpleaisle,0.38212290502793295,0.0,0.37455288707204903,342,0,733
instance_0010.txt,ga_elite_single_seeded,ga_ls_both,0.5123859191655802,0.0,0.5093205051112447,393,0,847
instance_0010.txt,ga_elite_single_seeded,ga_ls_final,0.49017038007863695,0.0,0.4873798076923077,374,0,811
instance_0010.txt,ga_elite_single_seeded,ga_ls_final_best_improvement,0.45907473309608543,0.0,0.44763971785132933,387,0,825
instance_0010.txt,ga_elite_single_seeded,ga_ls_on_seeds,0.43914081145584727,0.0,0.4479512735326689,368,0,809
instance_0010.txt,ga_elite_single_seeded,ga_ls_periodic,0.4860606060606061,0.0,0.4691151919866444,401,0,843
instance_0010.txt,ga_elite_single_seeded,ga_ls_remove_only,0.46921182266009853,0.0,0.46482836240855374,381,0,826
instance_0010.txt,ga_elite_single_seeded,ga_multi_multipoint_seeded,0.4759556103575832,0.0,0.4612775579423403,386,0,816
instance_0010.txt,ga_elite_single_simpleaisle,ga_ls_both,0.37951105937136204,0.31891891891891894,0.3684210526315789,326,59,693
instance_0010.txt,ga_elite_single_simpleaisle,ga_ls_final,0.37514792899408284,0.3081081081081081,0.3665231431646932,317,57,681
instance_0010.txt,ga_elite_single_simpleaisle,ga_ls_final_best_improvement,0.39135254988913526,0.3316582914572864,0.3846933603649265,353,66,759
instance_0010.txt,ga_elite_single_simpleaisle,ga_ls_on_seeds,0.3754189944134078,0.3065326633165829,0.3682328907048008,336,61,721
instance_0010.txt,ga_elite_single_simpleaisle,ga_ls_periodic,0.39464882943143814,0.30049261083743845,0.3817066939192642,354,61,747
instance_0010.txt,ga_elite_single_simpleaisle,ga_ls_remove_only,0.3856655290102389,0.28865979381443296,0.3804347826086957,339,56,735
instance_0010.txt,ga_elite_single_simpleaisle,ga_multi_multipoint_seeded,0.3933865450399088,0.31958762886597936,0.3898216159496327,345,62,743
instance_0010.txt,ga_ls_both,ga_ls_final,0.405440414507772,0.3885350318471338,0.4050029779630733,313,61,680
instance_0010.txt,ga_ls_both,ga_ls_final_best_improvement,0.5219638242894057,0.4876543209876543,0.5038302887448438,404,79,855
instance_0010.txt,ga_ls_both,ga_ls_on_seeds,0.41075794621026895,0.36416184971098264,0.40393258426966294,336,63,719
instance_0010.txt,ga_ls_both,ga_ls_periodic,0.3976190476190476,0.36363636363636365,0.3822562979189485,334,64,698
instance_0010.txt,ga_ls_both,ga_ls_remove_only,0.45165394402035625,0.4125,0.4442508710801394,355,66,765
instance_0010.txt,ga_ls_both,ga_multi_multipoint_seeded,0.43844221105527637,0.38922155688622756,0.4388111888111888,349,65,753
instance_0010.txt,ga_ls_final,ga_ls_final_best_improvement,0.4224137931034483,0.3815028901734104,0.4132509825940483,343,66,736
instance_0010.txt,ga_ls_final,ga_ls_on_seeds,0.3759124087591241,0.3220338983050847,0.3803921568627451,309,57,679
instance_0010.txt,ga_ls_final,ga_ls_periodic,0.4105392156862745,0.3446327683615819,0.39752947782144865,335,61,708
instance_0010.txt,ga_ls_final,ga_ls_remove_only,0.39227895392278955,0.3575757575757576,0.38609383832673827,315,59,683
instance_0010.txt,ga_ls_final,ga_multi_multipoint_seeded,0.3868974042027194,0.3372093023255814,0.38374076179647526,313,58,675
instance_0010.txt,ga_ls_final_best_improvement,ga_ls_on_seeds,0.4133949191685912,0.3817204301075269,0.4065643197458973,358,71,768
instance_0010.txt,ga_ls_final_best_improvement,ga_ls_periodic,0.44651162790697674,0.39572192513368987,0.42659574468085104,384,74,802
instance_0010.txt,ga_ls_final_best_improvement,ga_ls_remove_only,0.4,0.33513513513513515,0.3994708994708995,346,62,755
instance_0010.txt,ga_ls_final_best_improvement,ga_multi_multipoint_seeded,0.44815256257449343,0.375,0.44578976334617504,376,69,810
instance_0010.txt,ga_ls_on_seeds,ga_ls_periodic,0.45933014354066987,0.391304347826087,0.4445054945054945,384,72,809
instance_0010.txt,ga_ls_on_seeds,ga_ls_remove_only,0.4215568862275449,0.35195530726256985,0.421832144816237,352,63,769
instance_0010.txt,ga_ls_on_seeds,ga_multi_multipoint_seeded,0.41113744075829384,0.3551912568306011,0.40502183406113534,347,65,742
instance_0010.txt,ga_ls_periodic,ga_ls_remove_only,0.41169590643274856,0.3442622950819672,0.4062332079527136,352,63,756
instance_0010.txt,ga_ls_periodic,ga_multi_multipoint_seeded,0.3951612903225806,0.3404255319148936,0.38097768331562165,343,64,717
instance_0010.txt,ga_ls_remove_only,ga_multi_multipoint_seeded,0.3891509433962264,0.329608938547486,0.39012479652740095,330,59,719
instance_0011.txt,ga_base_random_init,ga_base_uniform_seeded,0.1774960380348653,0.12669683257918551,0.17262638717632553,112,28,280
instance_0011.txt,ga_base_random_init,ga_elite_multi_seeded,0.2574102964118565,0.2079646017699115,0.24725274725274726,165,47,405
instance_0011.txt,ga_base_random_init,ga_elite_single_seeded,0.2574102964118565,0.2079646017699115,0.24725274725274726,165,47,405
instance_0011.txt,ga_base_random_init,ga_elite_single_simpleaisle,0.5092348284960422,0.39245283018867927,0.49537037037037035,386,104,963
instance_0011.txt,ga_base_random_init,ga_ls_both,0.13290113452188007,0.0967741935483871,0.12950094756790903,82,21,205
instance_0011.txt,ga_base_random_init,ga_ls_final,0.1407766990291262,0.10185185185185185,0.1381703470031546,87,22,219
instance_0011.txt,ga_base_random_init,ga_ls_final_best_improvement,0.26604068857589985,0.20535714285714285,0.25199264255058246,170,46,411
instance_0011.txt,ga_base_random_init,ga_ls_on_seeds,0.2085987261146497,0.16818181818181818,0.20186335403726707,131,37,325
instance_0011.txt,ga_base_random_init,ga_ls_periodic,0.2574102964118565,0.2079646017699115,0.24725274725274726,165,47,405
instance_0011.txt,ga_base_random_init,ga_ls_remove_only,0.13754045307443366,0.10550458715596331,0.13971050975456262,85,23,222
instance_0011.txt,ga_base_random_init,ga_multi_multipoint_seeded,0.12214983713355049,0.08837209302325581,0.11280101394169835,75,19,178
instance_0011.txt,ga_base_uniform_seeded,ga_elite_multi_seeded,0.41350210970464135,0.35135135135135137,0.4194107452339688,98,26,242
instance_0011.txt,ga_base_uniform_seeded,ga_elite_single_seeded,0.41350210970464135,0.35135135135135137,0.4194107452339688,98,26,242
instance_0011.txt,ga_base_uniform_seeded,ga_elite_single_simpleaisle,0.2303473491773309,0.18072289156626506,0.2293644996347699,126,30,314
instance_0011.txt,ga_base_uniform_seeded,ga_ls_both,0.35714285714285715,0.3541666666666667,0.33966745843230406,60,17,143
instance_0011.txt,ga_base_uniform_seeded,ga_ls_final,0.39285714285714285,0.3829787234042553,0.3744075829383886,66,18,158
instance_0011.txt,ga_base_uniform_seeded,ga_ls_final_best_improvement,0.43829787234042555,0.36619718309859156,0.44778761061946903,103,26,253
instance_0011.txt,ga_base_uniform_seeded,ga_ls_on_seeds,0.4845360824742268,0.4482758620689655,0.49056603773584906,94,26,234
instance_0011.txt,ga_base_uniform_seeded,ga_ls_periodic,0.41350210970464135,0.35135135135135137,0.4194107452339688,98,26,242
instance_0011.txt,ga_base_uniform_seeded,ga_ls_remove_only,0.3727810650887574,0.3877551020408163,0.38443396226415094,63,19,163
instance_0011.txt,ga_base_uniform_seeded,ga_multi_multipoint_seeded,0.44370860927152317,0.4186046511627907,0.43010752688172044,67,18,160
instance_0011.txt,ga_elite_multi_seeded,ga_elite_single_seeded,1.0,1.0,1.0,199,62,480
instance_0011.txt,ga_elite_multi_seeded,ga_elite_single_simpleaisle,0.3261261261261261,0.26436781609195403,0.31128684399712436,181,46,433
instance_0011.txt,ga_elite_multi_seeded,ga_ls_both,0.44776119402985076,0.43548387096774194,0.46265560165975106,90,27,223
instance_0011.txt,ga_elite_multi_seeded,ga_ls_final,0.47761194029850745,0.43548387096774194,0.495850622406639,96,27,239
instance_0011.txt,ga_elite_multi_seeded,ga_ls_final_best_improvement,0.9371980676328503,0.890625,0.9295774647887324,194,57,462
instance_0011.txt,ga_elite_multi_seeded,ga_ls_on_seeds,0.7638190954773869,0.7419354838709677,0.775,152,46,372
instance_0011.txt,ga_elite_multi_seeded,ga_ls_periodic,1.0,1.0,1.0,199,62,480
instance_0011.txt,ga_elite_multi_seeded,ga_ls_remove_only,0.4824120603015075,0.4838709677419355,0.5166666666666667,96,30,248
instance_0011.txt,ga_elite_multi_seeded,ga_multi_multipoint_seeded,0.3842364532019704,0.328125,0.39337474120082816,78,21,190
instance_0011.txt,ga_elite_single_seeded,ga_elite_single_simpleaisle,0.3261261261261261,0.26436781609195403,0.31128684399712436,181,46,433
instance_0011.txt,ga_elite_single_seeded,ga_ls_both,0.44776119402985076,0.43548387096774194,0.46265560165975106,90,27,223
instance_0011.txt,ga_elite_single_seeded,ga_ls_final,0.47761194029850745,0.43548387096774194,0.495850622406639,96,27,239
instance_0011.txt,ga_elite_single_seeded,ga_ls_final_best_improvement,0.9371980676328503,0.890625,0.9295774647887324,194,57,462
instance_0011.txt,ga_elite_single_seeded,ga_ls_on_seeds,0.7638190954773869,0.7419354838709677,0.775,152,46,372
instance_0011.txt,ga_elite_single_seeded,ga_ls_periodic,1.0,1.0,1.0,199,62,480
instance_0011.txt,ga_elite_single_seeded,ga_ls_remove_only,0.4824120603015075,0.4838709677419355,0.5166666666666667,96,30,248
instance_0011.txt,ga_elite_single_seeded,ga_multi_multipoint_seeded,0.3842364532019704,0.328125,0.39337474120082816,78,21,190
instance_0011.txt,ga_elite_single_simpleaisle,ga_ls_both,0.16266173752310537,0.14906832298136646,0.1587887740029542,88,24,215
instance_0011.txt,ga_elite_single_simpleaisle,ga_ls_final,0.17158671586715868,0.13496932515337423,0.16887905604719763,93,22,229
instance_0011.txt,ga_elite_single_simpleaisle,ga_ls_final_best_improvement,0.338768115942029,0.26900584795321636,0.3210144927536232,187,46,443
instance_0011.txt,ga_elite_single_simpleaisle,ga_ls_on_seeds,0.2619047619047619,0.23636363636363636,0.25255474452554744,143,39,346
instance_0011.txt,ga_elite_single_simpleaisle,ga_ls_periodic,0.3261261261261261,0.26436781609195403,0.31128684399712436,181,46,433
instance_0011.txt,ga_elite_single_simpleaisle,ga_ls_remove_only,0.17222222222222222,0.16770186335403728,0.1757754800590842,93,27,238
instance_0011.txt,ga_elite_single_simpleaisle,ga_multi_multipoint_seeded,0.14842300556586271,0.12422360248447205,0.13936249073387694,80,20,188
instance_0011.txt,ga_ls_both,ga_ls_final,0.8269230769230769,0.8620689655172413,0.8565737051792829,86,25,215
instance_0011.txt,ga_ls_both,ga_ls_final_best_improvement,0.4482758620689655,0.43333333333333335,0.4697286012526096,91,26,225
instance_0011.txt,ga_ls_both,ga_ls_on_seeds,0.5844155844155844,0.5869565217391305,0.5962566844919787,90,27,223
instance_0011.txt,ga_ls_both,ga_ls_periodic,0.44776119402985076,0.43548387096774194,0.46265560165975106,90,27,223
instance_0011.txt,ga_ls_both,ga_ls_remove_only,0.9183673469387755,0.9,0.892,90,27,223
instance_0011.txt,ga_ls_both,ga_multi_multipoint_seeded,0.6571428571428571,0.5151515151515151,0.6015325670498084,69,17,157
instance_0011.txt,ga_ls_final,ga_ls_final_best_improvement,0.47783251231527096,0.43333333333333335,0.5031315240083507,97,26,241
instance_0011.txt,ga_ls_final,ga_ls_on_seeds,0.6233766233766234,0.5869565217391305,0.6390374331550802,96,27,239
instance_0011.txt,ga_ls_final,ga_ls_periodic,0.47761194029850745,0.43548387096774194,0.495850622406639,96,27,239
instance_0011.txt,ga_ls_final,ga_ls_remove_only,0.7636363636363637,0.78125,0.7717391304347826,84,25,213
instance_0011.txt,ga_ls_final,ga_multi_multipoint_seeded,0.6822429906542056,0.5625,0.631578947368421,73,18,168
instance_0011.txt,ga_ls_final_best_improvement,ga_ls_on_seeds,0.7268292682926829,0.6935483870967742,0.7438524590163934,149,43,363
instance_0011.txt,ga_ls_final_best_improvement,ga_ls_periodic,0.9371980676328503,0.890625,0.9295774647887324,194,57,462
instance_0011.txt,ga_ls_final_best_improvement,ga_ls_remove_only,0.4752475247524752,0.48333333333333334,0.5177453027139874,96,29,248
instance_0011.txt,ga_ls_final_best_improvement,ga_multi_multipoint_seeded,0.3853658536585366,0.36666666666666664,0.3941908713692946,79,22,190
instance_0011.txt,ga_ls_on_seeds,ga_ls_periodic,0.7638190954773869,0.7419354838709677,0.775,152,46,372
instance_0011.txt,ga_ls_on_seeds,ga_ls_remove_only,0.631578947368421,0.6521739130434783,0.6666666666666666,96,30,248
instance_0011.txt,ga_ls_on_seeds,ga_multi_multipoint_seeded,0.5,0.4375,0.5066666666666667,78,21,190
instance_0011.txt,ga_ls_periodic,ga_ls_remove_only,0.4824120603015075,0.4838709677419355,0.5166666666666667,96,30,248
instance_0011.txt,ga_ls_periodic,ga_multi_multipoint_seeded,0.3842364532019704,0.328125,0.39337474120082816,78,21,190
instance_0011.txt,ga_ls_remove_only,ga_multi_multipoint_seeded,0.6330275229357798,0.5142857142857142,0.5978260869565217,69,18,165
instance_0012.txt,ga_base_random_init,ga_base_uniform_seeded,0.12,0.0,0.06818181818181818,3,0,6
instance_0012.txt,ga_base_random_init,ga_elite_multi_seeded,0.12,0.0,0.06818181818181818,3,0,6
instance_0012.txt,ga_base_random_init,ga_elite_single_seeded,0.12,0.0,0.06818181818181818,3,0,6
instance_0012.txt,ga_base_random_init,ga_elite_single_simpleaisle,0.12,0.0,0.06818181818181818,3,0,6
instance_0012.txt,ga_base_random_init,ga_ls_both,0.12,0.0,0.06818181818181818,3,0,6
instance_0012.txt,ga_base_random_init,ga_ls_final,0.12,0.0,0.06818181818181818,3,0,6
instance_0012.txt,ga_base_random_init,ga_ls_final_best_improvement,0.12,0.0,0.06818181818181818,3,0,6
instance_0012.txt,ga_base_random_init,ga_ls_on_seeds,0.12,0.0,0.06818181818181818,3,0,6
instance_0012.txt,ga_base_random_init,ga_ls_periodic,0.12,0.0,0.06818181818181818,3,0,6
instance_0012.txt,ga_base_random_init,ga_ls_remove_only,0.12,0.0,0.06818181818181818,3,0,6
instance_0012.txt,ga_base_random_init,ga_multi_multipoint_seeded,0.12,0.0,0.06818181818181818,3,0,6
instance_0012.txt,ga_base_uniform_seeded,ga_elite_multi_seeded,1.0,1.0,1.0,8,4,14
instance_0012.txt,ga_base_uniform_seeded,ga_elite_single_seeded,1.0,1.0,1.0,8,4,14
instance_0012.txt,ga_base_uniform_seeded,ga_elite_single_simpleaisle,1.0,1.0,1.0,8,4,14
instance_0012.txt,ga_base_uniform_seeded,ga_ls_both,1.0,1.0,1.0,8,4,14
instance_0012.txt,ga_base_uniform_seeded,ga_ls_final,1.0,1.0,1.0,8,4,14
instance_0012.txt,ga_base_uniform_seeded,ga_ls_final_best_improvement,1.0,1.0,1.0,8,4,14
instance_0012.txt,ga_base_uniform_seeded,ga_ls_on_seeds,1.0,1.0,1.0,8,4,14
instance_0012.txt,ga_base_uniform_seeded,ga_ls_periodic,1.0,1.0,1.0,8,4,14
instance_0012.txt,ga_base_uniform_seeded,ga_ls_remove_only,1.0,1.0,1.0,8,4,14
instance_0012.txt,ga_base_uniform_seeded,ga_multi_multipoint_seeded,1.0,1.0,1.0,8,4,14
instance_0012.txt,ga_elite_multi_seeded,ga_elite_single_seeded,1.0,1.0,1.0,8,4,14
instance_0012.txt,ga_elite_multi_seeded,ga_elite_single_simpleaisle,1.0,1.0,1.0,8,4,14
instance_0012.txt,ga_elite_multi_seeded,ga_ls_both,1.0,1.0,1.0,8,4,14
instance_0012.txt,ga_elite_multi_seeded,ga_ls_final,1.0,1.0,1.0,8,4,14
instance_0012.txt,ga_elite_multi_seeded,ga_ls_final_best_improvement,1.0,1.0,1.0,8,4,14
instance_0012.txt,ga_elite_multi_seeded,ga_ls_on_seeds,1.0,1.0,1.0,8,4,14
instance_0012.txt,ga_elite_multi_seeded,ga_ls_periodic,1.0,1.0,1.0,8,4,14
instance_0012.txt,ga_elite_multi_seeded,ga_ls_remove_only,1.0,1.0,1.0,8,4,14
instance_0012.txt,ga_elite_multi_seeded,ga_multi_multipoint_seeded,1.0,1.0,1.0,8,4,14
instance_0012.txt,ga_elite_single_seeded,ga_elite_single_simpleaisle,1.0,1.0,1.0,8,4,14
instance_0012.txt,ga_elite_single_seeded,ga_ls_both,1.0,1.0,1.0,8,4,14
instance_0012.txt,ga_elite_single_seeded,ga_ls_final,1.0,1.0,1.0,8,4,14
instance_0012.txt,ga_elite_single_seeded,ga_ls_final_best_improvement,1.0,1.0,1.0,8,4,14
instance_0012.txt,ga_elite_single_seeded,ga_ls_on_seeds,1.0,1.0,1.0,8,4,14
instance_0012.txt,ga_elite_single_seeded,ga_ls_periodic,1.0,1.0,1.0,8,4,14
instance_0012.txt,ga_elite_single_seeded,ga_ls_remove_only,1.0,1.0,1.0,8,4,14
instance_0012.txt,ga_elite_single_seeded,ga_multi_multipoint_seeded,1.0,1.0,1.0,8,4,14
instance_0012.txt,ga_elite_single_simpleaisle,ga_ls_both,1.0,1.0,1.0,8,4,14
instance_0012.txt,ga_elite_single_simpleaisle,ga_ls_final,1.0,1.0,1.0,8,4,14
instance_0012.txt,ga_elite_single_simpleaisle,ga_ls_final_best_improvement,1.0,1.0,1.0,8,4,14
instance_0012.txt,ga_elite_single_simpleaisle,ga_ls_on_seeds,1.0,1.0,1.0,8,4,14
instance_0012.txt,ga_elite_single_simpleaisle,ga_ls_periodic,1.0,1.0,1.0,8,4,14
instance_0012.txt,ga_elite_single_simpleaisle,ga_ls_remove_only,1.0,1.0,1.0,8,4,14
instance_0012.txt,ga_elite_single_simpleaisle,ga_multi_multipoint_seeded,1.0,1.0,1.0,8,4,14
instance_0012.txt,ga_ls_both,ga_ls_final,1.0,1.0,1.0,8,4,14
instance_0012.txt,ga_ls_both,ga_ls_final_best_improvement,1.0,1.0,1.0,8,4,14
instance_0012.txt,ga_ls_both,ga_ls_on_seeds,1.0,1.0,1.0,8,4,14
instance_0012.txt,ga_ls_both,ga_ls_periodic,1.0,1.0,1.0,8,4,14
instance_0012.txt,ga_ls_both,ga_ls_remove_only,1.0,1.0,1.0,8,4,14
instance_0012.txt,ga_ls_both,ga_multi_multipoint_seeded,1.0,1.0,1.0,8,4,14
instance_0012.txt,ga_ls_final,ga_ls_final_best_improvement,1.0,1.0,1.0,8,4,14
instance_0012.txt,ga_ls_final,ga_ls_on_seeds,1.0,1.0,1.0,8,4,14
instance_0012.txt,ga_ls_final,ga_ls_periodic,1.0,1.0,1.0,8,4,14
instance_0012.txt,ga_ls_final,ga_ls_remove_only,1.0,1.0,1.0,8,4,14
instance_0012.txt,ga_ls_final,ga_multi_multipoint_seeded,1.0,1.0,1.0,8,4,14
instance_0012.txt,ga_ls_final_best_improvement,ga_ls_on_seeds,1.0,1.0,1.0,8,4,14
instance_0012.txt,ga_ls_final_best_improvement,ga_ls_periodic,1.0,1.0,1.0,8,4,14
instance_0012.txt,ga_ls_final_best_improvement,ga_ls_remove_only,1.0,1.0,1.0,8,4,14
instance_0012.txt,ga_ls_final_best_improvement,ga_multi_multipoint_seeded,1.0,1.0,1.0,8,4,14
instance_0012.txt,ga_ls_on_seeds,ga_ls_periodic,1.0,1.0,1.0,8,4,14
instance_0012.txt,ga_ls_on_seeds,ga_ls_remove_only,1.0,1.0,1.0,8,4,14
instance_0012.txt,ga_ls_on_seeds,ga_multi_multipoint_seeded,1.0,1.0,1.0,8,4,14
instance_0012.txt,ga_ls_periodic,ga_ls_remove_only,1.0,1.0,1.0,8,4,14
instance_0012.txt,ga_ls_periodic,ga_multi_multipoint_seeded,1.0,1.0,1.0,8,4,14
instance_0012.txt,ga_ls_remove_only,ga_multi_multipoint_seeded,1.0,1.0,1.0,8,4,14
instance_0013.txt,ga_base_random_init,ga_base_uniform_seeded,0.15862573099415206,0.043137254901960784,0.15020297699594046,651,11,555
instance_0013.txt,ga_base_random_init,ga_elite_multi_seeded,0.15932611311672684,0.0,0.15483182060864922,662,0,580
instance_0013.txt,ga_base_random_init,ga_elite_single_seeded,0.15932611311672684,0.0,0.15483182060864922,662,0,580
instance_0013.txt,ga_base_random_init,ga_elite_single_simpleaisle,0.16411378555798686,0.03501945525291829,0.15471698113207547,675,9,574
instance_0013.txt,ga_base_random_init,ga_ls_both,0.17117988394584138,0.043137254901960784,0.16443492233529727,708,11,614
instance_0013.txt,ga_base_random_init,ga_ls_final,0.16209055876685935,0.0390625,0.15651709401709402,673,10,586
instance_0013.txt,ga_base_random_init,ga_ls_final_best_improvement,0.16209055876685935,0.0390625,0.15651709401709402,673,10,586
instance_0013.txt,ga_base_random_init,ga_ls_on_seeds,0.15932611311672684,0.0,0.15483182060864922,662,0,580
instance_0013.txt,ga_base_random_init,ga_ls_periodic,0.1576271186440678,0.031007751937984496,0.1506849315068493,651,8,561
instance_0013.txt,ga_base_random_init,ga_ls_remove_only,0.1556307394876752,0.031007751937984496,0.1472951258703803,644,8,550
instance_0013.txt,ga_base_random_init,ga_multi_multipoint_seeded,0.1601252106910667,0.0390625,0.15493711533315493,665,10,579
instance_0013.txt,ga_base_uniform_seeded,ga_elite_multi_seeded,0.7034659820282413,0.0,0.6834645669291338,1096,0,868
instance_0013.txt,ga_base_uniform_seeded,ga_elite_single_seeded,0.7034659820282413,0.0,0.6834645669291338,1096,0,868
instance_0013.txt,ga_base_uniform_seeded,ga_elite_single_simpleaisle,0.5459363957597173,0.4,0.5025089605734767,927,8,701
instance_0013.txt,ga_base_uniform_seeded,ga_ls_both,0.5533024333719583,0.4,0.5157894736842106,955,8,735
instance_0013.txt,ga_base_uniform_seeded,ga_ls_final,0.6152912621359223,0.47368421052631576,0.5878428465530022,1014,9,793
instance_0013.txt,ga_base_uniform_seeded,ga_ls_final_best_improvement,0.6152912621359223,0.47368421052631576,0.5878428465530022,1014,9,793
instance_0013.txt,ga_base_uniform_seeded,ga_ls_on_seeds,0.7034659820282413,0.0,0.6834645669291338,1096,0,868
instance_0013.txt,ga_base_uniform_seeded,ga_ls_periodic,0.6879432624113475,0.5555555555555556,0.655608214849921,1067,10,830
instance_0013.txt,ga_base_uniform_seeded,ga_ls_remove_only,0.621671826625387,0.47368421052631576,0.5854765506807866,1004,9,774
instance_0013.txt,ga_base_uniform_seeded,ga_multi_multipoint_seeded,0.6189024390243902,0.47368421052631576,0.592814371257485,1015,9,792
instance_0013.txt,ga_elite_multi_seeded,ga_elite_single_seeded,1.0,1.0,1.0,1358,14,1107
instance_0013.txt,ga_elite_multi_seeded,ga_elite_single_simpleaisle,0.5531791907514451,0.0,0.5188811188811189,957,0,742
instance_0013.txt,ga_elite_multi_seeded,ga_ls_both,0.5975538730343622,0.0,0.5614525139664804,1026,0,804
instance_0013.txt,ga_elite_multi_seeded,ga_ls_final,0.8799171842650103,0.0,0.8701517706576728,1275,0,1032
instance_0013.txt,ga_elite_multi_seeded,ga_ls_final_best_improvement,0.8799171842650103,0.0,0.8701517706576728,1275,0,1032
instance_0013.txt,ga_elite_multi_seeded,ga_ls_on_seeds,1.0,1.0,1.0,1358,14,1107
instance_0013.txt,ga_elite_multi_seeded,ga_ls_periodic,0.7527795945062132,0.0,0.7403846153846154,1151,0,924
instance_0013.txt,ga_elite_multi_seeded,ga_ls_remove_only,0.6228813559322034,0.0,0.5970588235294118,1029,0,812
instance_0013.txt,ga_elite_multi_seeded,ga_multi_multipoint_seeded,0.7305732484076433,0.0,0.7058823529411765,1147,0,912
instance_0013.txt,ga_elite_single_seeded,ga_elite_single_simpleaisle,0.5531791907514451,0.0,0.5188811188811189,957,0,742
instance_0013.txt,ga_elite_single_seeded,ga_ls_both,0.5975538730343622,0.0,0.5614525139664804,1026,0,804
instance_0013.txt,ga_elite_single_seeded,ga_ls_final,0.8799171842650103,0.0,0.8701517706576728,1275,0,1032
instance_0013.txt,ga_elite_single_seeded,ga_ls_final_best_improvement,0.8799171842650103,0.0,0.8701517706576728,1275,0,1032
instance_0013.txt,ga_elite_single_seeded,ga_ls_on_seeds,1.0,1.0,1.0,1358,14,1107
instance_0013.txt,ga_elite_single_seeded,ga_ls_periodic,0.7527795945062132,0.0,0.7403846153846154,1151,0,924
instance_0013.txt,ga_elite_single_seeded,ga_ls_remove_only,0.6228813559322034,0.0,0.5970588235294118,1029,0,812
instance_0013.txt,ga_elite_single_seeded,ga_multi_multipoint_seeded,0.7305732484076433,0.0,0.7058823529411765,1147,0,912
instance_0013.txt,ga_elite_single_simpleaisle,ga_ls_both,0.5011061946902655,0.3333333333333333,0.4578073089700997,906,7,689
instance_0013.txt,ga_elite_single_simpleaisle,ga_ls_final,0.5444126074498568,0.4,0.5111111111111111,950,8,736
instance_0013.txt,ga_elite_single_simpleaisle,ga_ls_final_best_improvement,0.5444126074498568,0.4,0.5111111111111111,950,8,736
instance_0013.txt,ga_elite_single_simpleaisle,ga_ls_on_seeds,0.5531791907514451,0.0,0.5188811188811189,957,0,742
instance_0013.txt,ga_elite_single_simpleaisle,ga_ls_periodic,0.49858677218767666,0.3333333333333333,0.4470108695652174,882,7,658
instance_0013.txt,ga_elite_single_simpleaisle,ga_ls_remove_only,0.49072512647554806,0.3333333333333333,0.4440677966101695,873,7,655
instance_0013.txt,ga_elite_single_simpleaisle,ga_multi_multipoint_seeded,0.4859038142620232,0.3333333333333333,0.44809109176155393,879,7,669
instance_0013.txt,ga_ls_both,ga_ls_final,0.6753958587088916,0.5555555555555556,0.6422287390029325,1109,10,876
instance_0013.txt,ga_ls_both,ga_ls_final_best_improvement,0.6753958587088916,0.5555555555555556,0.6422287390029325,1109,10,876
instance_0013.txt,ga_ls_both,ga_ls_on_seeds,0.5975538730343622,0.0,0.5614525139664804,1026,0,804
instance_0013.txt,ga_ls_both,ga_ls_periodic,0.6055753262158956,0.47368421052631576,0.5738880918220947,1021,9,800
instance_0013.txt,ga_ls_both,ga_ls_remove_only,0.6644130301167793,0.5555555555555556,0.6446776611694153,1081,10,860
instance_0013.txt,ga_ls_both,ga_multi_multipoint_seeded,0.6122209165687427,0.47368421052631576,0.5764872521246459,1042,9,814
instance_0013.txt,ga_ls_final,ga_ls_final_best_improvement,1.0,1.0,1.0,1366,14,1111
instance_0013.txt,ga_ls_final,ga_ls_on_seeds,0.8799171842650103,0.0,0.8701517706576728,1275,0,1032
instance_0013.txt,ga_ls_final,ga_ls_periodic,0.660284126003706,0.5555555555555556,0.6397889977392615,1069,10,849
instance_0013.txt,ga_ls_final,ga_ls_remove_only,0.5436280137772675,0.4,0.5121612230715775,947,8,737
instance_0013.txt,ga_ls_final,ga_multi_multipoint_seeded,0.7378826530612245,0.6470588235294118,0.7089783281733746,1157,11,916
instance_0013.txt,ga_ls_final_best_improvement,ga_ls_on_seeds,0.8799171842650103,0.0,0.8701517706576728,1275,0,1032
instance_0013.txt,ga_ls_final_best_improvement,ga_ls_periodic,0.660284126003706,0.5555555555555556,0.6397889977392615,1069,10,849
instance_0013.txt,ga_ls_final_best_improvement,ga_ls_remove_only,0.5436280137772675,0.4,0.5121612230715775,947,8,737
instance_0013.txt,ga_ls_final_best_improvement,ga_multi_multipoint_seeded,0.7378826530612245,0.6470588235294118,0.7089783281733746,1157,11,916
instance_0013.txt,ga_ls_on_seeds,ga_ls_periodic,0.7527795945062132,0.0,0.7403846153846154,1151,0,924
instance_0013.txt,ga_ls_on_seeds,ga_ls_remove_only,0.6228813559322034,0.0,0.5970588235294118,1029,0,812
instance_0013.txt,ga_ls_on_seeds,ga_multi_multipoint_seeded,0.7305732484076433,0.0,0.7058823529411765,1147,0,912
instance_0013.txt,ga_ls_periodic,ga_ls_remove_only,0.7435728411338167,0.6470588235294118,0.7135961383748994,1128,11,887
instance_0013.txt,ga_ls_periodic,ga_multi_multipoint_seeded,0.6005970149253731,0.47368421052631576,0.5735080058224163,1006,9,788
instance_0013.txt,ga_ls_remove_only,ga_multi_multipoint_seeded,0.5520833333333334,0.4,0.5225352112676056,954,8,742
instance_0014.txt,ga_base_random_init,ga_base_uniform_seeded,0.133051742344245,0.0,0.13481653660966295,882,0,812
instance_0014.txt,ga_base_random_init,ga_elite_multi_seeded,0.133051742344245,0.0,0.13481653660966295,882,0,812
instance_0014.txt,ga_base_random_init,ga_elite_single_seeded,0.133051742344245,0.0,0.13481653660966295,882,0,812
instance_0014.txt,ga_base_random_init,ga_elite_single_simpleaisle,0.133051742344245,0.0,0.13481653660966295,882,0,812
instance_0014.txt,ga_base_random_init,ga_ls_both,0.13448795180722892,0.032467532467532464,0.1365142478462558,893,10,824
instance_0014.txt,ga_base_random_init,ga_ls_final,0.13448795180722892,0.032467532467532464,0.1365142478462558,893,10,824
instance_0014.txt,ga_base_random_init,ga_ls_final_best_improvement,0.13448795180722892,0.032467532467532464,0.1365142478462558,893,10,824
instance_0014.txt,ga_base_random_init,ga_ls_on_seeds,0.133051742344245,0.0,0.13481653660966295,882,0,812
instance_0014.txt,ga_base_random_init,ga_ls_periodic,0.133051742344245,0.0,0.13481653660966295,882,0,812
instance_0014.txt,ga_base_random_init,ga_ls_remove_only,0.133051742344245,0.0,0.13481653660966295,882,0,812
instance_0014.txt,ga_base_random_init,ga_multi_multipoint_seeded,0.133051742344245,0.0,0.13481653660966295,882,0,812
instance_0014.txt,ga_base_uniform_seeded,ga_elite_multi_seeded,1.0,1.0,1.0,1782,11,1549
instance_0014.txt,ga_base_uniform_seeded,ga_elite_single_seeded,1.0,1.0,1.0,1782,11,1549
instance_0014.txt,ga_base_uniform_seeded,ga_elite_single_simpleaisle,1.0,1.0,1.0,1782,11,1549
instance_0014.txt,ga_base_uniform_seeded,ga_ls_both,0.8765044479330194,0.0,0.8711803475134812,1675,0,1454
instance_0014.txt,ga_base_uniform_seeded,ga_ls_final,0.8765044479330194,0.0,0.8711803475134812,1675,0,1454
instance_0014.txt,ga_base_uniform_seeded,ga_ls_final_best_improvement,0.8765044479330194,0.0,0.8711803475134812,1675,0,1454
instance_0014.txt,ga_base_uniform_seeded,ga_ls_on_seeds,1.0,1.0,1.0,1782,11,1549
instance_0014.txt,ga_base_uniform_seeded,ga_ls_periodic,1.0,1.0,1.0,1782,11,1549
instance_0014.txt,ga_base_uniform_seeded,ga_ls_remove_only,1.0,1.0,1.0,1782,11,1549
instance_0014.txt,ga_base_uniform_seeded,ga_multi_multipoint_seeded,1.0,1.0,1.0,1782,11,1549
instance_0014.txt,ga_elite_multi_seeded,ga_elite_single_seeded,1.0,1.0,1.0,1782,11,1549
instance_0014.txt,ga_elite_multi_seeded,ga_elite_single_simpleaisle,1.0,1.0,1.0,1782,11,1549
instance_0014.txt,ga_elite_multi_seeded,ga_ls_both,0.8765044479330194,0.0,0.8711803475134812,1675,0,1454
instance_0014.txt,ga_elite_multi_seeded,ga_ls_final,0.8765044479330194,0.0,0.8711803475134812,1675,0,1454
instance_0014.txt,ga_elite_multi_seeded,ga_ls_final_best_improvement,0.8765044479330194,0.0,0.8711803475134812,1675,0,1454
instance_0014.txt,ga_elite_multi_seeded,ga_ls_on_seeds,1.0,1.0,1.0,1782,11,1549
instance_0014.txt,ga_elite_multi_seeded,ga_ls_periodic,1.0,1.0,1.0,1782,11,1549
instance_0014.txt,ga_elite_multi_seeded,ga_ls_remove_only,1.0,1.0,1.0,1782,11,1549
instance_0014.txt,ga_elite_multi_seeded,ga_multi_multipoint_seeded,1.0,1.0,1.0,1782,11,1549
instance_0014.txt,ga_elite_single_seeded,ga_elite_single_simpleaisle,1.0,1.0,1.0,1782,11,1549
instance_0014.txt,ga_elite_single_seeded,ga_ls_both,0.8765044479330194,0.0,0.8711803475134812,1675,0,1454
instance_0014.txt,ga_elite_single_seeded,ga_ls_final,0.8765044479330194,0.0,0.8711803475134812,1675,0,1454
instance_0014.txt,ga_elite_single_seeded,ga_ls_final_best_improvement,0.8765044479330194,0.0,0.8711803475134812,1675,0,1454
instance_0014.txt,ga_elite_single_seeded,ga_ls_on_seeds,1.0,1.0,1.0,1782,11,1549
instance_0014.txt,ga_elite_single_seeded,ga_ls_periodic,1.0,1.0,1.0,1782,11,1549
instance_0014.txt,ga_elite_single_seeded,ga_ls_remove_only,1.0,1.0,1.0,1782,11,1549
instance_0014.txt,ga_elite_single_seeded,ga_multi_multipoint_seeded,1.0,1.0,1.0,1782,11,1549
instance_0014.txt,ga_elite_single_simpleaisle,ga_ls_both,0.8765044479330194,0.0,0.8711803475134812,1675,0,1454
instance_0014.txt,ga_elite_single_simpleaisle,ga_ls_final,0.8765044479330194,0.0,0.8711803475134812,1675,0,1454
instance_0014.txt,ga_elite_single_simpleaisle,ga_ls_final_best_improvement,0.8765044479330194,0.0,0.8711803475134812,1675,0,1454
instance_0014.txt,ga_elite_single_simpleaisle,ga_ls_on_seeds,1.0,1.0,1.0,1782,11,1549
instance_0014.txt,ga_elite_single_simpleaisle,ga_ls_periodic,1.0,1.0,1.0,1782,11,1549
instance_0014.txt,ga_elite_single_simpleaisle,ga_ls_remove_only,1.0,1.0,1.0,1782,11,1549
instance_0014.txt,ga_elite_single_simpleaisle,ga_multi_multipoint_seeded,1.0,1.0,1.0,1782,11,1549
instance_0014.txt,ga_ls_both,ga_ls_final,1.0,1.0,1.0,1804,11,1574
instance_0014.txt,ga_ls_both,ga_ls_final_best_improvement,1.0,1.0,1.0,1804,11,1574
instance_0014.txt,ga_ls_both,ga_ls_on_seeds,0.8765044479330194,0.0,0.8711803475134812,1675,0,1454
instance_0014.txt,ga_ls_both,ga_ls_periodic,0.8765044479330194,0.0,0.8711803475134812,1675,0,1454
instance_0014.txt,ga_ls_both,ga_ls_remove_only,0.8765044479330194,0.0,0.8711803475134812,1675,0,1454
instance_0014.txt,ga_ls_both,ga_multi_multipoint_seeded,0.8765044479330194,0.0,0.8711803475134812,1675,0,1454
instance_0014.txt,ga_ls_final,ga_ls_final_best_improvement,1.0,1.0,1.0,1804,11,1574
instance_0014.txt,ga_ls_final,ga_ls_on_seeds,0.8765044479330194,0.0,0.8711803475134812,1675,0,1454
instance_0014.txt,ga_ls_final,ga_ls_periodic,0.8765044479330194,0.0,0.8711803475134812,1675,0,1454
instance_0014.txt,ga_ls_final,ga_ls_remove_only,0.8765044479330194,0.0,0.8711803475134812,1675,0,1454
instance_0014.txt,ga_ls_final,ga_multi_multipoint_seeded,0.8765044479330194,0.0,0.8711803475134812,1675,0,1454
instance_0014.txt,ga_ls_final_best_improvement,ga_ls_on_seeds,0.8765044479330194,0.0,0.8711803475134812,1675,0,1454
instance_0014.txt,ga_ls_final_best_improvement,ga_ls_periodic,0.8765044479330194,0.0,0.8711803475134812,1675,0,1454
instance_0014.txt,ga_ls_final_best_improvement,ga_ls_remove_only,0.8765044479330194,0.0,0.8711803475134812,1675,0,1454
instance_0014.txt,ga_ls_final_best_improvement,ga_multi_multipoint_seeded,0.8765044479330194,0.0,0.8711803475134812,1675,0,1454
instance_0014.txt,ga_ls_on_seeds,ga_ls_periodic,1.0,1.0,1.0,1782,11,1549
instance_0014.txt,ga_ls_on_seeds,ga_ls_remove_only,1.0,1.0,1.0,1782,11,1549
instance_0014.txt,ga_ls_on_seeds,ga_multi_multipoint_seeded,1.0,1.0,1.0,1782,11,1549
instance_0014.txt,ga_ls_periodic,ga_ls_remove_only,1.0,1.0,1.0,1782,11,1549
instance_0014.txt,ga_ls_periodic,ga_multi_multipoint_seeded,1.0,1.0,1.0,1782,11,1549
instance_0014.txt,ga_ls_remove_only,ga_multi_multipoint_seeded,1.0,1.0,1.0,1782,11,1549
instance_0015.txt,ga_base_random_init,ga_base_uniform_seeded,0.053061224489795916,0.00749063670411985,0.05599682287529786,143,2,141
instance_0015.txt,ga_base_random_init,ga_elite_multi_seeded,0.048291233283803865,0.0,0.0488482922954726,130,0,123
instance_0015.txt,ga_base_random_init,ga_elite_single_seeded,0.048291233283803865,0.0,0.0488482922954726,130,0,123
instance_0015.txt,ga_base_random_init,ga_elite_single_simpleaisle,0.048291233283803865,0.0,0.0488482922954726,130,0,123
instance_0015.txt,ga_base_random_init,ga_ls_both,0.053061224489795916,0.00749063670411985,0.05599682287529786,143,2,141
instance_0015.txt,ga_base_random_init,ga_ls_final,0.053061224489795916,0.00749063670411985,0.05599682287529786,143,2,141
instance_0015.txt,ga_base_random_init,ga_ls_final_best_improvement,0.053061224489795916,0.00749063670411985,0.05599682287529786,143,2,141
instance_0015.txt,ga_base_random_init,ga_ls_on_seeds,0.048291233283803865,0.0,0.0488482922954726,130,0,123
instance_0015.txt,ga_base_random_init,ga_ls_periodic,0.053061224489795916,0.00749063670411985,0.05599682287529786,143,2,141
instance_0015.txt,ga_base_random_init,ga_ls_remove_only,0.05046382189239332,0.00749063670411985,0.05188118811881188,136,2,131
instance_0015.txt,ga_base_random_init,ga_multi_multipoint_seeded,0.048291233283803865,0.0,0.0488482922954726,130,0,123
instance_0015.txt,ga_base_uniform_seeded,ga_elite_multi_seeded,0.5662650602409639,0.0,0.5585585585585585,282,0,248
instance_0015.txt,ga_base_uniform_seeded,ga_elite_single_seeded,0.5662650602409639,0.0,0.5585585585585585,282,0,248
instance_0015.txt,ga_base_uniform_seeded,ga_elite_single_simpleaisle,0.5662650602409639,0.0,0.5585585585585585,282,0,248
instance_0015.txt,ga_base_uniform_seeded,ga_ls_both,1.0,1.0,1.0,398,3,355
instance_0015.txt,ga_base_uniform_seeded,ga_ls_final,1.0,1.0,1.0,398,3,355
instance_0015.txt,ga_base_uniform_seeded,ga_ls_final_best_improvement,1.0,1.0,1.0,398,3,355
instance_0015.txt,ga_base_uniform_seeded,ga_ls_on_seeds,0.5662650602409639,0.0,0.5585585585585585,282,0,248
instance_0015.txt,ga_base_uniform_seeded,ga_ls_periodic,1.0,1.0,1.0,398,3,355
instance_0015.txt,ga_base_uniform_seeded,ga_ls_remove_only,0.5843373493975904,0.5,0.5711111111111111,291,2,257
instance_0015.txt,ga_base_uniform_seeded,ga_multi_multipoint_seeded,0.5662650602409639,0.0,0.5585585585585585,282,0,248
instance_0015.txt,ga_elite_multi_seeded,ga_elite_single_seeded,1.0,1.0,1.0,382,3,337
instance_0015.txt,ga_elite_multi_seeded,ga_elite_single_simpleaisle,1.0,1.0,1.0,382,3,337
instance_0015.txt,ga_elite_multi_seeded,ga_ls_both,0.5662650602409639,0.0,0.5585585585585585,282,0,248
instance_0015.txt,ga_elite_multi_seeded,ga_ls_final,0.5662650602409639,0.0,0.5585585585585585,282,0,248
instance_0015.txt,ga_elite_multi_seeded,ga_ls_final_best_improvement,0.5662650602409639,0.0,0.5585585585585585,282,0,248
instance_0015.txt,ga_elite_multi_seeded,ga_ls_on_seeds,1.0,1.0,1.0,382,3,337
instance_0015.txt,ga_elite_multi_seeded,ga_ls_periodic,0.5662650602409639,0.0,0.5585585585585585,282,0,248
instance_0015.txt,ga_elite_multi_seeded,ga_ls_remove_only,0.5743380855397149,0.0,0.5659090909090909,282,0,249
instance_0015.txt,ga_elite_multi_seeded,ga_multi_multipoint_seeded,1.0,1.0,1.0,382,3,337
instance_0015.txt,ga_elite_single_seeded,ga_elite_single_simpleaisle,1.0,1.0,1.0,382,3,337
instance_0015.txt,ga_elite_single_seeded,ga_ls_both,0.5662650602409639,0.0,0.5585585585585585,282,0,248
instance_0015.txt,ga_elite_single_seeded,ga_ls_final,0.5662650602409639,0.0,0.5585585585585585,282,0,248
instance_0015.txt,ga_elite_single_seeded,ga_ls_final_best_improvement,0.5662650602409639,0.0,0.5585585585585585,282,0,248
instance_0015.txt,ga_elite_single_seeded,ga_ls_on_seeds,1.0,1.0,1.0,382,3,337
instance_0015.txt,ga_elite_single_seeded,ga_ls_periodic,0.5662650602409639,0.0,0.5585585585585585,282,0,248
instance_0015.txt,ga_elite_single_seeded,ga_ls_remove_only,0.5743380855397149,0.0,0.5659090909090909,282,0,249
instance_0015.txt,ga_elite_single_seeded,ga_multi_multipoint_seeded,1.0,1.0,1.0,382,3,337
instance_0015.txt,ga_elite_single_simpleaisle,ga_ls_both,0.5662650602409639,0.0,0.5585585585585585,282,0,248
instance_0015.txt,ga_elite_single_simpleaisle,ga_ls_final,0.5662650602409639,0.0,0.5585585585585585,282,0,248
instance_0015.txt,ga_elite_single_simpleaisle,ga_ls_final_best_improvement,0.5662650602409639,0.0,0.5585585585585585,282,0,248
instance_0015.txt,ga_elite_single_simpleaisle,ga_ls_on_seeds,1.0,1.0,1.0,382,3,337
instance_0015.txt,ga_elite_single_simpleaisle,ga_ls_periodic,0.5662650602409639,0.0,0.5585585585585585,282,0,248
instance_0015.txt,ga_elite_single_simpleaisle,ga_ls_remove_only,0.5743380855397149,0.0,0.5659090909090909,282,0,249
instance_0015.txt,ga_elite_single_simpleaisle,ga_multi_multipoint_seeded,1.0,1.0,1.0,382,3,337
instance_0015.txt,ga_ls_both,ga_ls_final,1.0,1.0,1.0,398,3,355
instance_0015.txt,ga_ls_both,ga_ls_final_best_improvement,1.0,1.0,1.0,398,3,355
instance_0015.txt,ga_ls_both,ga_ls_on_seeds,0.5662650602409639,0.0,0.5585585585585585,282,0,248
instance_0015.txt,ga_ls_both,ga_ls_periodic,1.0,1.0,1.0,398,3,355
instance_0015.txt,ga_ls_both,ga_ls_remove_only,0.5843373493975904,0.5,0.5711111111111111,291,2,257
instance_0015.txt,ga_ls_both,ga_multi_multipoint_seeded,0.5662650602409639,0.0,0.5585585585585585,282,0,248
instance_0015.txt,ga_ls_final,ga_ls_final_best_improvement,1.0,1.0,1.0,398,3,355
instance_0015.txt,ga_ls_final,ga_ls_on_seeds,0.5662650602409639,0.0,0.5585585585585585,282,0,248
instance_0015.txt,ga_ls_final,ga_ls_periodic,1.0,1.0,1.0,398,3,355
instance_0015.txt,ga_ls_final,ga_ls_remove_only,0.5843373493975904,0.5,0.5711111111111111,291,2,257
instance_0015.txt,ga_ls_final,ga_multi_multipoint_seeded,0.5662650602409639,0.0,0.5585585585585585,282,0,248
instance_0015.txt,ga_ls_final_best_improvement,ga_ls_on_seeds,0.5662650602409639,0.0,0.5585585585585585,282,0,248
instance_0015.txt,ga_ls_final_best_improvement,ga_ls_periodic,1.0,1.0,1.0,398,3,355
instance_0015.txt,ga_ls_final_best_improvement,ga_ls_remove_only,0.5843373493975904,0.5,0.5711111111111111,291,2,257
instance_0015.txt,ga_ls_final_best_improvement,ga_multi_multipoint_seeded,0.5662650602409639,0.0,0.5585585585585585,282,0,248
instance_0015.txt,ga_ls_on_seeds,ga_ls_periodic,0.5662650602409639,0.0,0.5585585585585585,282,0,248
instance_0015.txt,ga_ls_on_seeds,ga_ls_remove_only,0.5743380855397149,0.0,0.5659090909090909,282,0,249
instance_0015.txt,ga_ls_on_seeds,ga_multi_multipoint_seeded,1.0,1.0,1.0,382,3,337
instance_0015.txt,ga_ls_periodic,ga_ls_remove_only,0.5843373493975904,0.5,0.5711111111111111,291,2,257
instance_0015.txt,ga_ls_periodic,ga_multi_multipoint_seeded,0.5662650602409639,0.0,0.5585585585585585,282,0,248
instance_0015.txt,ga_ls_remove_only,ga_multi_multipoint_seeded,0.5743380855397149,0.0,0.5659090909090909,282,0,249
instance_0016.txt,ga_base_random_init,ga_base_uniform_seeded,0.16725978647686832,0.0,0.15444015444015444,47,0,40
instance_0016.txt,ga_base_random_init,ga_elite_multi_seeded,0.16725978647686832,0.0,0.15444015444015444,47,0,40
instance_0016.txt,ga_base_random_init,ga_elite_single_seeded,0.16725978647686832,0.0,0.15444015444015444,47,0,40
instance_0016.txt,ga_base_random_init,ga_elite_single_simpleaisle,0.16725978647686832,0.0,0.15444015444015444,47,0,40
instance_0016.txt,ga_base_random_init,ga_ls_both,0.16725978647686832,0.0,0.15444015444015444,47,0,40
instance_0016.txt,ga_base_random_init,ga_ls_final,0.16725978647686832,0.0,0.15444015444015444,47,0,40
instance_0016.txt,ga_base_random_init,ga_ls_final_best_improvement,0.16725978647686832,0.0,0.15444015444015444,47,0,40
instance_0016.txt,ga_base_random_init,ga_ls_on_seeds,0.16725978647686832,0.0,0.15444015444015444,47,0,40
instance_0016.txt,ga_base_random_init,ga_ls_periodic,0.16725978647686832,0.0,0.15444015444015444,47,0,40
instance_0016.txt,ga_base_random_init,ga_ls_remove_only,0.16725978647686832,0.0,0.15444015444015444,47,0,40
instance_0016.txt,ga_base_random_init,ga_multi_multipoint_seeded,0.16725978647686832,0.0,0.15444015444015444,47,0,40
instance_0016.txt,ga_base_uniform_seeded,ga_elite_multi_seeded,1.0,1.0,1.0,170,2,158
instance_0016.txt,ga_base_uniform_seeded,ga_elite_single_seeded,1.0,1.0,1.0,170,2,158
instance_0016.txt,ga_base_uniform_seeded,ga_elite_single_simpleaisle,1.0,1.0,1.0,170,2,158
instance_0016.txt,ga_base_uniform_seeded,ga_ls_both,1.0,1.0,1.0,170,2,158
instance_0016.txt,ga_base_uniform_seeded,ga_ls_final,1.0,1.0,1.0,170,2,158
instance_0016.txt,ga_base_uniform_seeded,ga_ls_final_best_improvement,1.0,1.0,1.0,170,2,158
instance_0016.txt,ga_base_uniform_seeded,ga_ls_on_seeds,1.0,1.0,1.0,170,2,158
instance_0016.txt,ga_base_uniform_seeded,ga_ls_periodic,1.0,1.0,1.0,170,2,158
instance_0016.txt,ga_base_uniform_seeded,ga_ls_remove_only,1.0,1.0,1.0,170,2,158
instance_0016.txt,ga_base_uniform_seeded,ga_multi_multipoint_seeded,1.0,1.0,1.0,170,2,158
instance_0016.txt,ga_elite_multi_seeded,ga_elite_single_seeded,1.0,1.0,1.0,170,2,158
instance_0016.txt,ga_elite_multi_seeded,ga_elite_single_simpleaisle,1.0,1.0,1.0,170,2,158
instance_0016.txt,ga_elite_multi_seeded,ga_ls_both,1.0,1.0,1.0,170,2,158
instance_0016.txt,ga_elite_multi_seeded,ga_ls_final,1.0,1.0,1.0,170,2,158
instance_0016.txt,ga_elite_multi_seeded,ga_ls_final_best_improvement,1.0,1.0,1.0,170,2,158
instance_0016.txt,ga_elite_multi_seeded,ga_ls_on_seeds,1.0,1.0,1.0,170,2,158
instance_0016.txt,ga_elite_multi_seeded,ga_ls_periodic,1.0,1.0,1.0,170,2,158
instance_0016.txt,ga_elite_multi_seeded,ga_ls_remove_only,1.0,1.0,1.0,170,2,158
instance_0016.txt,ga_elite_multi_seeded,ga_multi_multipoint_seeded,1.0,1.0,1.0,170,2,158
instance_0016.txt,ga_elite_single_seeded,ga_elite_single_simpleaisle,1.0,1.0,1.0,170,2,158
instance_0016.txt,ga_elite_single_seeded,ga_ls_both,1.0,1.0,1.0,170,2,158
instance_0016.txt,ga_elite_single_seeded,ga_ls_final,1.0,1.0,1.0,170,2,158
instance_0016.txt,ga_elite_single_seeded,ga_ls_final_best_improvement,1.0,1.0,1.0,170,2,158
instance_0016.txt,ga_elite_single_seeded,ga_ls_on_seeds,1.0,1.0,1.0,170,2,158
instance_0016.txt,ga_elite_single_seeded,ga_ls_periodic,1.0,1.0,1.0,170,2,158
instance_0016.txt,ga_elite_single_seeded,ga_ls_remove_only,1.0,1.0,1.0,170,2,158
instance_0016.txt,ga_elite_single_seeded,ga_multi_multipoint_seeded,1.0,1.0,1.0,170,2,158
instance_0016.txt,ga_elite_single_simpleaisle,ga_ls_both,1.0,1.0,1.0,170,2,158
instance_0016.txt,ga_elite_single_simpleaisle,ga_ls_final,1.0,1.0,1.0,170,2,158
instance_0016.txt,ga_elite_single_simpleaisle,ga_ls_final_best_improvement,1.0,1.0,1.0,170,2,158
instance_0016.txt,ga_elite_single_simpleaisle,ga_ls_on_seeds,1.0,1.0,1.0,170,2,158
instance_0016.txt,ga_elite_single_simpleaisle,ga_ls_periodic,1.0,1.0,1.0,170,2,158
instance_0016.txt,ga_elite_single_simpleaisle,ga_ls_remove_only,1.0,1.0,1.0,170,2,158
instance_0016.txt,ga_elite_single_simpleaisle,ga_multi_multipoint_seeded,1.0,1.0,1.0,170,2,158
instance_0016.txt,ga_ls_both,ga_ls_final,1.0,1.0,1.0,170,2,158
instance_0016.txt,ga_ls_both,ga_ls_final_best_improvement,1.0,1.0,1.0,170,2,158
instance_0016.txt,ga_ls_both,ga_ls_on_seeds,1.0,1.0,1.0,170,2,158
instance_0016.txt,ga_ls_both,ga_ls_periodic,1.0,1.0,1.0,170,2,158
instance_0016.txt,ga_ls_both,ga_ls_remove_only,1.0,1.0,1.0,170,2,158
instance_0016.txt,ga_ls_both,ga_multi_multipoint_seeded,1.0,1.0,1.0,170,2,158
instance_0016.txt,ga_ls_final,ga_ls_final_best_improvement,1.0,1.0,1.0,170,2,158
instance_0016.txt,ga_ls_final,ga_ls_on_seeds,1.0,1.0,1.0,170,2,158
instance_0016.txt,ga_ls_final,ga_ls_periodic,1.0,1.0,1.0,170,2,158
instance_0016.txt,ga_ls_final,ga_ls_remove_only,1.0,1.0,1.0,170,2,158
instance_0016.txt,ga_ls_final,ga_multi_multipoint_seeded,1.0,1.0,1.0,170,2,158
instance_0016.txt,ga_ls_final_best_improvement,ga_ls_on_seeds,1.0,1.0,1.0,170,2,158
instance_0016.txt,ga_ls_final_best_improvement,ga_ls_periodic,1.0,1.0,1.0,170,2,158
instance_0016.txt,ga_ls_final_best_improvement,ga_ls_remove_only,1.0,1.0,1.0,170,2,158
instance_0016.txt,ga_ls_final_best_improvement,ga_multi_multipoint_seeded,1.0,1.0,1.0,170,2,158
instance_0016.txt,ga_ls_on_seeds,ga_ls_periodic,1.0,1.0,1.0,170,2,158
instance_0016.txt,ga_ls_on_seeds,ga_ls_remove_only,1.0,1.0,1.0,170,2,158
instance_0016.txt,ga_ls_on_seeds,ga_multi_multipoint_seeded,1.0,1.0,1.0,170,2,158
instance_0016.txt,ga_ls_periodic,ga_ls_remove_only,1.0,1.0,1.0,170,2,158
instance_0016.txt,ga_ls_periodic,ga_multi_multipoint_seeded,1.0,1.0,1.0,170,2,158
instance_0016.txt,ga_ls_remove_only,ga_multi_multipoint_seeded,1.0,1.0,1.0,170,2,158
instance_0017.txt,ga_base_random_init,ga_base_uniform_seeded,0.4791666666666667,0.0,0.4842105263157895,46,0,46
instance_0017.txt,ga_base_random_init,ga_elite_multi_seeded,0.4791666666666667,0.0,0.4842105263157895,46,0,46
instance_0017.txt,ga_base_random_init,ga_elite_single_seeded,0.4791666666666667,0.0,0.4842105263157895,46,0,46
instance_0017.txt,ga_base_random_init,ga_elite_single_simpleaisle,0.4791666666666667,0.0,0.4842105263157895,46,0,46
instance_0017.txt,ga_base_random_init,ga_ls_both,0.4791666666666667,0.0,0.4842105263157895,46,0,46
instance_0017.txt,ga_base_random_init,ga_ls_final,0.4791666666666667,0.0,0.4842105263157895,46,0,46
instance_0017.txt,ga_base_random_init,ga_ls_final_best_improvement,0.4791666666666667,0.0,0.4842105263157895,46,0,46
instance_0017.txt,ga_base_random_init,ga_ls_on_seeds,0.4791666666666667,0.0,0.4842105263157895,46,0,46
instance_0017.txt,ga_base_random_init,ga_ls_periodic,0.4791666666666667,0.0,0.4842105263157895,46,0,46
instance_0017.txt,ga_base_random_init,ga_ls_remove_only,0.4791666666666667,0.0,0.4842105263157895,46,0,46
instance_0017.txt,ga_base_random_init,ga_multi_multipoint_seeded,0.4791666666666667,0.0,0.4842105263157895,46,0,46
instance_0017.txt,ga_base_uniform_seeded,ga_elite_multi_seeded,1.0,1.0,1.0,73,2,73
instance_0017.txt,ga_base_uniform_seeded,ga_elite_single_seeded,1.0,1.0,1.0,73,2,73
instance_0017.txt,ga_base_uniform_seeded,ga_elite_single_simpleaisle,1.0,1.0,1.0,73,2,73
instance_0017.txt,ga_base_uniform_seeded,ga_ls_both,1.0,1.0,1.0,73,2,73
instance_0017.txt,ga_base_uniform_seeded,ga_ls_final,1.0,1.0,1.0,73,2,73
instance_0017.txt,ga_base_uniform_seeded,ga_ls_final_best_improvement,1.0,1.0,1.0,73,2,73
instance_0017.txt,ga_base_uniform_seeded,ga_ls_on_seeds,1.0,1.0,1.0,73,2,73
instance_0017.txt,ga_base_uniform_seeded,ga_ls_periodic,1.0,1.0,1.0,73,2,73
instance_0017.txt,ga_base_uniform_seeded,ga_ls_remove_only,1.0,1.0,1.0,73,2,73
instance_0017.txt,ga_base_uniform_seeded,ga_multi_multipoint_seeded,1.0,1.0,1.0,73,2,73
instance_0017.txt,ga_elite_multi_seeded,ga_elite_single_seeded,1.0,1.0,1.0,73,2,73
instance_0017.txt,ga_elite_multi_seeded,ga_elite_single_simpleaisle,1.0,1.0,1.0,73,2,73
instance_0017.txt,ga_elite_multi_seeded,ga_ls_both,1.0,1.0,1.0,73,2,73
instance_0017.txt,ga_elite_multi_seeded,ga_ls_final,1.0,1.0,1.0,73,2,73
instance_0017.txt,ga_elite_multi_seeded,ga_ls_final_best_improvement,1.0,1.0,1.0,73,2,73
instance_0017.txt,ga_elite_multi_seeded,ga_ls_on_seeds,1.0,1.0,1.0,73,2,73
instance_0017.txt,ga_elite_multi_seeded,ga_ls_periodic,1.0,1.0,1.0,73,2,73
instance_0017.txt,ga_elite_multi_seeded,ga_ls_remove_only,1.0,1.0,1.0,73,2,73
instance_0017.txt,ga_elite_multi_seeded,ga_multi_multipoint_seeded,1.0,1.0,1.0,73,2,73
instance_0017.txt,ga_elite_single_seeded,ga_elite_single_simpleaisle,1.0,1.0,1.0,73,2,73
instance_0017.txt,ga_elite_single_seeded,ga_ls_both,1.0,1.0,1.0,73,2,73
instance_0017.txt,ga_elite_single_seeded,ga_ls_final,1.0,1.0,1.0,73,2,73
instance_0017.txt,ga_elite_single_seeded,ga_ls_final_best_improvement,1.0,1.0,1.0,73,2,73
instance_0017.txt,ga_elite_single_seeded,ga_ls_on_seeds,1.0,1.0,1.0,73,2,73
instance_0017.txt,ga_elite_single_seeded,ga_ls_periodic,1.0,1.0,1.0,73,2,73
instance_0017.txt,ga_elite_single_seeded,ga_ls_remove_only,1.0,1.0,1.0,73,2,73
instance_0017.txt,ga_elite_single_seeded,ga_multi_multipoint_seeded,1.0,1.0,1.0,73,2,73
instance_0017.txt,ga_elite_single_simpleaisle,ga_ls_both,1.0,1.0,1.0,73,2,73
instance_0017.txt,ga_elite_single_simpleaisle,ga_ls_final,1.0,1.0,1.0,73,2,73
instance_0017.txt,ga_elite_single_simpleaisle,ga_ls_final_best_improvement,1.0,1.0,1.0,73,2,73
instance_0017.txt,ga_elite_single_simpleaisle,ga_ls_on_seeds,1.0,1.0,1.0,73,2,73
instance_0017.txt,ga_elite_single_simpleaisle,ga_ls_periodic,1.0,1.0,1.0,73,2,73
instance_0017.txt,ga_elite_single_simpleaisle,ga_ls_remove_only,1.0,1.0,1.0,73,2,73
instance_0017.txt,ga_elite_single_simpleaisle,ga_multi_multipoint_seeded,1.0,1.0,1.0,73,2,73
instance_0017.txt,ga_ls_both,ga_ls_final,1.0,1.0,1.0,73,2,73
instance_0017.txt,ga_ls_both,ga_ls_final_best_improvement,1.0,1.0,1.0,73,2,73
instance_0017.txt,ga_ls_both,ga_ls_on_seeds,1.0,1.0,1.0,73,2,73
instance_0017.txt,ga_ls_both,ga_ls_periodic,1.0,1.0,1.0,73,2,73
instance_0017.txt,ga_ls_both,ga_ls_remove_only,1.0,1.0,1.0,73,2,73
instance_0017.txt,ga_ls_both,ga_multi_multipoint_seeded,1.0,1.0,1.0,73,2,73
instance_0017.txt,ga_ls_final,ga_ls_final_best_improvement,1.0,1.0,1.0,73,2,73
instance_0017.txt,ga_ls_final,ga_ls_on_seeds,1.0,1.0,1.0,73,2,73
instance_0017.txt,ga_ls_final,ga_ls_periodic,1.0,1.0,1.0,73,2,73
instance_0017.txt,ga_ls_final,ga_ls_remove_only,1.0,1.0,1.0,73,2,73
instance_0017.txt,ga_ls_final,ga_multi_multipoint_seeded,1.0,1.0,1.0,73,2,73
instance_0017.txt,ga_ls_final_best_improvement,ga_ls_on_seeds,1.0,1.0,1.0,73,2,73
instance_0017.txt,ga_ls_final_best_improvement,ga_ls_periodic,1.0,1.0,1.0,73,2,73
instance_0017.txt,ga_ls_final_best_improvement,ga_ls_remove_only,1.0,1.0,1.0,73,2,73
instance_0017.txt,ga_ls_final_best_improvement,ga_multi_multipoint_seeded,1.0,1.0,1.0,73,2,73
instance_0017.txt,ga_ls_on_seeds,ga_ls_periodic,1.0,1.0,1.0,73,2,73
instance_0017.txt,ga_ls_on_seeds,ga_ls_remove_only,1.0,1.0,1.0,73,2,73
instance_0017.txt,ga_ls_on_seeds,ga_multi_multipoint_seeded,1.0,1.0,1.0,73,2,73
instance_0017.txt,ga_ls_periodic,ga_ls_remove_only,1.0,1.0,1.0,73,2,73
instance_0017.txt,ga_ls_periodic,ga_multi_multipoint_seeded,1.0,1.0,1.0,73,2,73
instance_0017.txt,ga_ls_remove_only,ga_multi_multipoint_seeded,1.0,1.0,1.0,73,2,73
instance_0018.txt,ga_base_random_init,ga_base_uniform_seeded,0.30604026845637583,0.0,0.29027355623100304,228,0,191
instance_0018.txt,ga_base_random_init,ga_elite_multi_seeded,0.30604026845637583,0.0,0.29027355623100304,228,0,191
instance_0018.txt,ga_base_random_init,ga_elite_single_seeded,0.30604026845637583,0.0,0.29027355623100304,228,0,191
instance_0018.txt,ga_base_random_init,ga_elite_single_simpleaisle,0.30604026845637583,0.0,0.29027355623100304,228,0,191
instance_0018.txt,ga_base_random_init,ga_ls_both,0.3062583222370173,0.1111111111111111,0.2936746987951807,230,1,195
instance_0018.txt,ga_base_random_init,ga_ls_final,0.30158730158730157,0.1111111111111111,0.2929745889387145,228,1,196
instance_0018.txt,ga_base_random_init,ga_ls_final_best_improvement,0.30158730158730157,0.1111111111111111,0.2929745889387145,228,1,196
instance_0018.txt,ga_base_random_init,ga_ls_on_seeds,0.3062583222370173,0.1111111111111111,0.2936746987951807,230,1,195
instance_0018.txt,ga_base_random_init,ga_ls_periodic,0.30158730158730157,0.1111111111111111,0.2929745889387145,228,1,196
instance_0018.txt,ga_base_random_init,ga_ls_remove_only,0.30158730158730157,0.1111111111111111,0.2929745889387145,228,1,196
instance_0018.txt,ga_base_random_init,ga_multi_multipoint_seeded,0.30158730158730157,0.1111111111111111,0.2929745889387145,228,1,196
instance_0018.txt,ga_base_uniform_seeded,ga_elite_multi_seeded,1.0,1.0,1.0,497,5,439
instance_0018.txt,ga_base_uniform_seeded,ga_elite_single_seeded,1.0,1.0,1.0,497,5,439
instance_0018.txt,ga_base_uniform_seeded,ga_elite_single_simpleaisle,1.0,1.0,1.0,497,5,439
instance_0018.txt,ga_base_uniform_seeded,ga_ls_both,0.7486910994764397,0.0,0.7445972495088409,429,0,379
instance_0018.txt,ga_base_uniform_seeded,ga_ls_final,0.5557275541795665,0.0,0.5413793103448276,359,0,314
instance_0018.txt,ga_base_uniform_seeded,ga_ls_final_best_improvement,0.5557275541795665,0.0,0.5413793103448276,359,0,314
instance_0018.txt,ga_base_uniform_seeded,ga_ls_on_seeds,0.7486910994764397,0.0,0.7445972495088409,429,0,379
instance_0018.txt,ga_base_uniform_seeded,ga_ls_periodic,0.5557275541795665,0.0,0.5413793103448276,359,0,314
instance_0018.txt,ga_base_uniform_seeded,ga_ls_remove_only,0.5557275541795665,0.0,0.5413793103448276,359,0,314
instance_0018.txt,ga_base_uniform_seeded,ga_multi_multipoint_seeded,0.5557275541795665,0.0,0.5413793103448276,359,0,314
instance_0018.txt,ga_elite_multi_seeded,ga_elite_single_seeded,1.0,1.0,1.0,497,5,439
instance_0018.txt,ga_elite_multi_seeded,ga_elite_single_simpleaisle,1.0,1.0,1.0,497,5,439
instance_0018.txt,ga_elite_multi_seeded,ga_ls_both,0.7486910994764397,0.0,0.7445972495088409,429,0,379
instance_0018.txt,ga_elite_multi_seeded,ga_ls_final,0.5557275541795665,0.0,0.5413793103448276,359,0,314
instance_0018.txt,ga_elite_multi_seeded,ga_ls_final_best_improvement,0.5557275541795665,0.0,0.5413793103448276,359,0,314
instance_0018.txt,ga_elite_multi_seeded,ga_ls_on_seeds,0.7486910994764397,0.0,0.7445972495088409,429,0,379
instance_0018.txt,ga_elite_multi_seeded,ga_ls_periodic,0.5557275541795665,0.0,0.5413793103448276,359,0,314
instance_0018.txt,ga_elite_multi_seeded,ga_ls_remove_only,0.5557275541795665,0.0,0.5413793103448276,359,0,314
instance_0018.txt,ga_elite_multi_seeded,ga_multi_multipoint_seeded,0.5557275541795665,0.0,0.5413793103448276,359,0,314
instance_0018.txt,ga_elite_single_seeded,ga_elite_single_simpleaisle,1.0,1.0,1.0,497,5,439
instance_0018.txt,ga_elite_single_seeded,ga_ls_both,0.7486910994764397,0.0,0.7445972495088409,429,0,379
instance_0018.txt,ga_elite_single_seeded,ga_ls_final,0.5557275541795665,0.0,0.5413793103448276,359,0,314
instance_0018.txt,ga_elite_single_seeded,ga_ls_final_best_improvement,0.5557275541795665,0.0,0.5413793103448276,359,0,314
instance_0018.txt,ga_elite_single_seeded,ga_ls_on_seeds,0.7486910994764397,0.0,0.7445972495088409,429,0,379
instance_0018.txt,ga_elite_single_seeded,ga_ls_periodic,0.5557275541795665,0.0,0.5413793103448276,359,0,314
instance_0018.txt,ga_elite_single_seeded,ga_ls_remove_only,0.5557275541795665,0.0,0.5413793103448276,359,0,314
instance_0018.txt,ga_elite_single_seeded,ga_multi_multipoint_seeded,0.5557275541795665,0.0,0.5413793103448276,359,0,314
instance_0018.txt,ga_elite_single_simpleaisle,ga_ls_both,0.7486910994764397,0.0,0.7445972495088409,429,0,379
instance_0018.txt,ga_elite_single_simpleaisle,ga_ls_final,0.5557275541795665,0.0,0.5413793103448276,359,0,314
instance_0018.txt,ga_elite_single_simpleaisle,ga_ls_final_best_improvement,0.5557275541795665,0.0,0.5413793103448276,359,0,314
instance_0018.txt,ga_elite_single_simpleaisle,ga_ls_on_seeds,0.7486910994764397,0.0,0.7445972495088409,429,0,379
instance_0018.txt,ga_elite_single_simpleaisle,ga_ls_periodic,0.5557275541795665,0.0,0.5413793103448276,359,0,314
instance_0018.txt,ga_elite_single_simpleaisle,ga_ls_remove_only,0.5557275541795665,0.0,0.5413793103448276,359,0,314
instance_0018.txt,ga_elite_single_simpleaisle,ga_multi_multipoint_seeded,0.5557275541795665,0.0,0.5413793103448276,359,0,314
instance_0018.txt,ga_ls_both,ga_ls_final,0.7405498281786942,0.6666666666666666,0.7251908396946565,431,4,380
instance_0018.txt,ga_ls_both,ga_ls_final_best_improvement,0.7405498281786942,0.6666666666666666,0.7251908396946565,431,4,380
instance_0018.txt,ga_ls_both,ga_ls_on_seeds,1.0,1.0,1.0,505,5,449
instance_0018.txt,ga_ls_both,ga_ls_periodic,0.7405498281786942,0.6666666666666666,0.7251908396946565,431,4,380
instance_0018.txt,ga_ls_both,ga_ls_remove_only,0.7405498281786942,0.6666666666666666,0.7251908396946565,431,4,380
instance_0018.txt,ga_ls_both,ga_multi_multipoint_seeded,0.7405498281786942,0.6666666666666666,0.7251908396946565,431,4,380
instance_0018.txt,ga_ls_final,ga_ls_final_best_improvement,1.0,1.0,1.0,508,5,455
instance_0018.txt,ga_ls_final,ga_ls_on_seeds,0.7405498281786942,0.6666666666666666,0.7251908396946565,431,4,380
instance_0018.txt,ga_ls_final,ga_ls_periodic,1.0,1.0,1.0,508,5,455
instance_0018.txt,ga_ls_final,ga_ls_remove_only,1.0,1.0,1.0,508,5,455
instance_0018.txt,ga_ls_final,ga_multi_multipoint_seeded,1.0,1.0,1.0,508,5,455
instance_0018.txt,ga_ls_final_best_improvement,ga_ls_on_seeds,0.7405498281786942,0.6666666666666666,0.7251908396946565,431,4,380
instance_0018.txt,ga_ls_final_best_improvement,ga_ls_periodic,1.0,1.0,1.0,508,5,455
instance_0018.txt,ga_ls_final_best_improvement,ga_ls_remove_only,1.0,1.0,1.0,508,5,455
instance_0018.txt,ga_ls_final_best_improvement,ga_multi_multipoint_seeded,1.0,1.0,1.0,508,5,455
instance_0018.txt,ga_ls_on_seeds,ga_ls_periodic,0.7405498281786942,0.6666666666666666,0.7251908396946565,431,4,380
instance_0018.txt,ga_ls_on_seeds,ga_ls_remove_only,0.7405498281786942,0.6666666666666666,0.7251908396946565,431,4,380
instance_0018.txt,ga_ls_on_seeds,ga_multi_multipoint_seeded,0.7405498281786942,0.6666666666666666,0.7251908396946565,431,4,380
instance_0018.txt,ga_ls_periodic,ga_ls_remove_only,1.0,1.0,1.0,508,5,455
instance_0018.txt,ga_ls_periodic,ga_multi_multipoint_seeded,1.0,1.0,1.0,508,5,455
instance_0018.txt,ga_ls_remove_only,ga_multi_multipoint_seeded,1.0,1.0,1.0,508,5,455
instance_0019.txt,ga_base_random_init,ga_base_uniform_seeded,1.0,0.0,1.0,184,0,169
instance_0019.txt,ga_base_random_init,ga_elite_multi_seeded,1.0,0.0,1.0,184,0,169
instance_0019.txt,ga_base_random_init,ga_elite_single_seeded,1.0,0.0,1.0,184,0,169
instance_0019.txt,ga_base_random_init,ga_elite_single_simpleaisle,1.0,0.0,1.0,184,0,169
instance_0019.txt,ga_base_random_init,ga_ls_both,1.0,0.0,1.0,184,0,169
instance_0019.txt,ga_base_random_init,ga_ls_final,1.0,0.0,1.0,184,0,169
instance_0019.txt,ga_base_random_init,ga_ls_final_best_improvement,1.0,0.0,1.0,184,0,169
instance_0019.txt,ga_base_random_init,ga_ls_on_seeds,1.0,0.0,1.0,184,0,169
instance_0019.txt,ga_base_random_init,ga_ls_periodic,1.0,0.0,1.0,184,0,169
instance_0019.txt,ga_base_random_init,ga_ls_remove_only,1.0,0.0,1.0,184,0,169
instance_0019.txt,ga_base_random_init,ga_multi_multipoint_seeded,1.0,0.0,1.0,184,0,169
instance_0019.txt,ga_base_uniform_seeded,ga_elite_multi_seeded,1.0,1.0,1.0,184,1,169
instance_0019.txt,ga_base_uniform_seeded,ga_elite_single_seeded,1.0,1.0,1.0,184,1,169
instance_0019.txt,ga_base_uniform_seeded,ga_elite_single_simpleaisle,1.0,1.0,1.0,184,1,169
instance_0019.txt,ga_base_uniform_seeded,ga_ls_both,1.0,1.0,1.0,184,1,169
instance_0019.txt,ga_base_uniform_seeded,ga_ls_final,1.0,1.0,1.0,184,1,169
instance_0019.txt,ga_base_uniform_seeded,ga_ls_final_best_improvement,1.0,1.0,1.0,184,1,169
instance_0019.txt,ga_base_uniform_seeded,ga_ls_on_seeds,1.0,1.0,1.0,184,1,169
instance_0019.txt,ga_base_uniform_seeded,ga_ls_periodic,1.0,1.0,1.0,184,1,169
instance_0019.txt,ga_base_uniform_seeded,ga_ls_remove_only,1.0,1.0,1.0,184,1,169
instance_0019.txt,ga_base_uniform_seeded,ga_multi_multipoint_seeded,1.0,1.0,1.0,184,1,169
instance_0019.txt,ga_elite_multi_seeded,ga_elite_single_seeded,1.0,1.0,1.0,184,1,169
instance_0019.txt,ga_elite_multi_seeded,ga_elite_single_simpleaisle,1.0,1.0,1.0,184,1,169
instance_0019.txt,ga_elite_multi_seeded,ga_ls_both,1.0,1.0,1.0,184,1,169
instance_0019.txt,ga_elite_multi_seeded,ga_ls_final,1.0,1.0,1.0,184,1,169
instance_0019.txt,ga_elite_multi_seeded,ga_ls_final_best_improvement,1.0,1.0,1.0,184,1,169
instance_0019.txt,ga_elite_multi_seeded,ga_ls_on_seeds,1.0,1.0,1.0,184,1,169
instance_0019.txt,ga_elite_multi_seeded,ga_ls_periodic,1.0,1.0,1.0,184,1,169
instance_0019.txt,ga_elite_multi_seeded,ga_ls_remove_only,1.0,1.0,1.0,184,1,169
instance_0019.txt,ga_elite_multi_seeded,ga_multi_multipoint_seeded,1.0,1.0,1.0,184,1,169
instance_0019.txt,ga_elite_single_seeded,ga_elite_single_simpleaisle,1.0,1.0,1.0,184,1,169
instance_0019.txt,ga_elite_single_seeded,ga_ls_both,1.0,1.0,1.0,184,1,169
instance_0019.txt,ga_elite_single_seeded,ga_ls_final,1.0,1.0,1.0,184,1,169
instance_0019.txt,ga_elite_single_seeded,ga_ls_final_best_improvement,1.0,1.0,1.0,184,1,169
instance_0019.txt,ga_elite_single_seeded,ga_ls_on_seeds,1.0,1.0,1.0,184,1,169
instance_0019.txt,ga_elite_single_seeded,ga_ls_periodic,1.0,1.0,1.0,184,1,169
instance_0019.txt,ga_elite_single_seeded,ga_ls_remove_only,1.0,1.0,1.0,184,1,169
instance_0019.txt,ga_elite_single_seeded,ga_multi_multipoint_seeded,1.0,1.0,1.0,184,1,169
instance_0019.txt,ga_elite_single_simpleaisle,ga_ls_both,1.0,1.0,1.0,184,1,169
instance_0019.txt,ga_elite_single_simpleaisle,ga_ls_final,1.0,1.0,1.0,184,1,169
instance_0019.txt,ga_elite_single_simpleaisle,ga_ls_final_best_improvement,1.0,1.0,1.0,184,1,169
instance_0019.txt,ga_elite_single_simpleaisle,ga_ls_on_seeds,1.0,1.0,1.0,184,1,169
instance_0019.txt,ga_elite_single_simpleaisle,ga_ls_periodic,1.0,1.0,1.0,184,1,169
instance_0019.txt,ga_elite_single_simpleaisle,ga_ls_remove_only,1.0,1.0,1.0,184,1,169
instance_0019.txt,ga_elite_single_simpleaisle,ga_multi_multipoint_seeded,1.0,1.0,1.0,184,1,169
instance_0019.txt,ga_ls_both,ga_ls_final,1.0,1.0,1.0,184,1,169
instance_0019.txt,ga_ls_both,ga_ls_final_best_improvement,1.0,1.0,1.0,184,1,169
instance_0019.txt,ga_ls_both,ga_ls_on_seeds,1.0,1.0,1.0,184,1,169
instance_0019.txt,ga_ls_both,ga_ls_periodic,1.0,1.0,1.0,184,1,169
instance_0019.txt,ga_ls_both,ga_ls_remove_only,1.0,1.0,1.0,184,1,169
instance_0019.txt,ga_ls_both,ga_multi_multipoint_seeded,1.0,1.0,1.0,184,1,169
instance_0019.txt,ga_ls_final,ga_ls_final_best_improvement,1.0,1.0,1.0,184,1,169
instance_0019.txt,ga_ls_final,ga_ls_on_seeds,1.0,1.0,1.0,184,1,169
instance_0019.txt,ga_ls_final,ga_ls_periodic,1.0,1.0,1.0,184,1,169
instance_0019.txt,ga_ls_final,ga_ls_remove_only,1.0,1.0,1.0,184,1,169
instance_0019.txt,ga_ls_final,ga_multi_multipoint_seeded,1.0,1.0,1.0,184,1,169
instance_0019.txt,ga_ls_final_best_improvement,ga_ls_on_seeds,1.0,1.0,1.0,184,1,169
instance_0019.txt,ga_ls_final_best_improvement,ga_ls_periodic,1.0,1.0,1.0,184,1,169
instance_0019.txt,ga_ls_final_best_improvement,ga_ls_remove_only,1.0,1.0,1.0,184,1,169
instance_0019.txt,ga_ls_final_best_improvement,ga_multi_multipoint_seeded,1.0,1.0,1.0,184,1,169
instance_0019.txt,ga_ls_on_seeds,ga_ls_periodic,1.0,1.0,1.0,184,1,169
instance_0019.txt,ga_ls_on_seeds,ga_ls_remove_only,1.0,1.0,1.0,184,1,169
instance_0019.txt,ga_ls_on_seeds,ga_multi_multipoint_seeded,1.0,1.0,1.0,184,1,169
instance_0019.txt,ga_ls_periodic,ga_ls_remove_only,1.0,1.0,1.0,184,1,169
instance_0019.txt,ga_ls_periodic,ga_multi_multipoint_seeded,1.0,1.0,1.0,184,1,169
instance_0019.txt,ga_ls_remove_only,ga_multi_multipoint_seeded,1.0,1.0,1.0,184,1,169
instance_0020.txt,ga_base_random_init,ga_base_uniform_seeded,1.0,1.0,1.0,2,1,4
instance_0020.txt,ga_base_random_init,ga_elite_multi_seeded,1.0,1.0,1.0,2,1,4
instance_0020.txt,ga_base_random_init,ga_elite_single_seeded,1.0,1.0,1.0,2,1,4
instance_0020.txt,ga_base_random_init,ga_elite_single_simpleaisle,1.0,1.0,1.0,2,1,4
instance_0020.txt,ga_base_random_init,ga_ls_both,1.0,1.0,1.0,2,1,4
instance_0020.txt,ga_base_random_init,ga_ls_final,1.0,1.0,1.0,2,1,4
instance_0020.txt,ga_base_random_init,ga_ls_final_best_improvement,1.0,1.0,1.0,2,1,4
instance_0020.txt,ga_base_random_init,ga_ls_on_seeds,1.0,1.0,1.0,2,1,4
instance_0020.txt,ga_base_random_init,ga_ls_periodic,1.0,1.0,1.0,2,1,4
instance_0020.txt,ga_base_random_init,ga_ls_remove_only,1.0,1.0,1.0,2,1,4
instance_0020.txt,ga_base_random_init,ga_multi_multipoint_seeded,1.0,1.0,1.0,2,1,4
instance_0020.txt,ga_base_uniform_seeded,ga_elite_multi_seeded,1.0,1.0,1.0,2,1,4
instance_0020.txt,ga_base_uniform_seeded,ga_elite_single_seeded,1.0,1.0,1.0,2,1,4
instance_0020.txt,ga_base_uniform_seeded,ga_elite_single_simpleaisle,1.0,1.0,1.0,2,1,4
instance_0020.txt,ga_base_uniform_seeded,ga_ls_both,1.0,1.0,1.0,2,1,4
instance_0020.txt,ga_base_uniform_seeded,ga_ls_final,1.0,1.0,1.0,2,1,4
instance_0020.txt,ga_base_uniform_seeded,ga_ls_final_best_improvement,1.0,1.0,1.0,2,1,4
instance_0020.txt,ga_base_uniform_seeded,ga_ls_on_seeds,1.0,1.0,1.0,2,1,4
instance_0020.txt,ga_base_uniform_seeded,ga_ls_periodic,1.0,1.0,1.0,2,1,4
instance_0020.txt,ga_base_uniform_seeded,ga_ls_remove_only,1.0,1.0,1.0,2,1,4
instance_0020.txt,ga_base_uniform_seeded,ga_multi_multipoint_seeded,1.0,1.0,1.0,2,1,4
instance_0020.txt,ga_elite_multi_seeded,ga_elite_single_seeded,1.0,1.0,1.0,2,1,4
instance_0020.txt,ga_elite_multi_seeded,ga_elite_single_simpleaisle,1.0,1.0,1.0,2,1,4
instance_0020.txt,ga_elite_multi_seeded,ga_ls_both,1.0,1.0,1.0,2,1,4
instance_0020.txt,ga_elite_multi_seeded,ga_ls_final,1.0,1.0,1.0,2,1,4
instance_0020.txt,ga_elite_multi_seeded,ga_ls_final_best_improvement,1.0,1.0,1.0,2,1,4
instance_0020.txt,ga_elite_multi_seeded,ga_ls_on_seeds,1.0,1.0,1.0,2,1,4
instance_0020.txt,ga_elite_multi_seeded,ga_ls_periodic,1.0,1.0,1.0,2,1,4
instance_0020.txt,ga_elite_multi_seeded,ga_ls_remove_only,1.0,1.0,1.0,2,1,4
instance_0020.txt,ga_elite_multi_seeded,ga_multi_multipoint_seeded,1.0,1.0,1.0,2,1,4
instance_0020.txt,ga_elite_single_seeded,ga_elite_single_simpleaisle,1.0,1.0,1.0,2,1,4
instance_0020.txt,ga_elite_single_seeded,ga_ls_both,1.0,1.0,1.0,2,1,4
instance_0020.txt,ga_elite_single_seeded,ga_ls_final,1.0,1.0,1.0,2,1,4
instance_0020.txt,ga_elite_single_seeded,ga_ls_final_best_improvement,1.0,1.0,1.0,2,1,4
instance_0020.txt,ga_elite_single_seeded,ga_ls_on_seeds,1.0,1.0,1.0,2,1,4
instance_0020.txt,ga_elite_single_seeded,ga_ls_periodic,1.0,1.0,1.0,2,1,4
instance_0020.txt,ga_elite_single_seeded,ga_ls_remove_only,1.0,1.0,1.0,2,1,4
instance_0020.txt,ga_elite_single_seeded,ga_multi_multipoint_seeded,1.0,1.0,1.0,2,1,4
instance_0020.txt,ga_elite_single_simpleaisle,ga_ls_both,1.0,1.0,1.0,2,1,4
instance_0020.txt,ga_elite_single_simpleaisle,ga_ls_final,1.0,1.0,1.0,2,1,4
instance_0020.txt,ga_elite_single_simpleaisle,ga_ls_final_best_improvement,1.0,1.0,1.0,2,1,4
instance_0020.txt,ga_elite_single_simpleaisle,ga_ls_on_seeds,1.0,1.0,1.0,2,1,4
instance_0020.txt,ga_elite_single_simpleaisle,ga_ls_periodic,1.0,1.0,1.0,2,1,4
instance_0020.txt,ga_elite_single_simpleaisle,ga_ls_remove_only,1.0,1.0,1.0,2,1,4
instance_0020.txt,ga_elite_single_simpleaisle,ga_multi_multipoint_seeded,1.0,1.0,1.0,2,1,4
instance_0020.txt,ga_ls_both,ga_ls_final,1.0,1.0,1.0,2,1,4
instance_0020.txt,ga_ls_both,ga_ls_final_best_improvement,1.0,1.0,1.0,2,1,4
instance_0020.txt,ga_ls_both,ga_ls_on_seeds,1.0,1.0,1.0,2,1,4
instance_0020.txt,ga_ls_both,ga_ls_periodic,1.0,1.0,1.0,2,1,4
instance_0020.txt,ga_ls_both,ga_ls_remove_only,1.0,1.0,1.0,2,1,4
instance_0020.txt,ga_ls_both,ga_multi_multipoint_seeded,1.0,1.0,1.0,2,1,4
instance_0020.txt,ga_ls_final,ga_ls_final_best_improvement,1.0,1.0,1.0,2,1,4
instance_0020.txt,ga_ls_final,ga_ls_on_seeds,1.0,1.0,1.0,2,1,4
instance_0020.txt,ga_ls_final,ga_ls_periodic,1.0,1.0,1.0,2,1,4
instance_0020.txt,ga_ls_final,ga_ls_remove_only,1.0,1.0,1.0,2,1,4
instance_0020.txt,ga_ls_final,ga_multi_multipoint_seeded,1.0,1.0,1.0,2,1,4
instance_0020.txt,ga_ls_final_best_improvement,ga_ls_on_seeds,1.0,1.0,1.0,2,1,4
instance_0020.txt,ga_ls_final_best_improvement,ga_ls_periodic,1.0,1.0,1.0,2,1,4
instance_0020.txt,ga_ls_final_best_improvement,ga_ls_remove_only,1.0,1.0,1.0,2,1,4
instance_0020.txt,ga_ls_final_best_improvement,ga_multi_multipoint_seeded,1.0,1.0,1.0,2,1,4
instance_0020.txt,ga_ls_on_seeds,ga_ls_periodic,1.0,1.0,1.0,2,1,4
instance_0020.txt,ga_ls_on_seeds,ga_ls_remove_only,1.0,1.0,1.0,2,1,4
instance_0020.txt,ga_ls_on_seeds,ga_multi_multipoint_seeded,1.0,1.0,1.0,2,1,4
instance_0020.txt,ga_ls_periodic,ga_ls_remove_only,1.0,1.0,1.0,2,1,4
instance_0020.txt,ga_ls_periodic,ga_multi_multipoint_seeded,1.0,1.0,1.0,2,1,4
instance_0020.txt,ga_ls_remove_only,ga_multi_multipoint_seeded,1.0,1.0,1.0,2,1,4
