dataset,algorithm,instance,total_runs,feasible_runs,infeasible_runs,timed_out_runs,objective_mean,objective_median,objective_mode,objective_min,objective_max,objective_variance,objective_std_dev,items_mean,items_median,items_mode,items_min,items_max,items_variance,items_std_dev,aisles_mean,aisles_median,aisles_mode,aisles_min,aisles_max,aisles_variance,aisles_std_dev,exec_time_mean,exec_time_median,exec_time_mode,exec_time_min,exec_time_max,exec_time_variance,exec_time_std_dev
a,bigger,instance_0001.txt,1,1,0,0,5.230769230769231,5.230769230769231,5.230769230769231,5.230769230769231,5.230769230769231,0.0,0.0,68.0,68.0,68,68,68,0.0,0.0,13.0,13.0,13,13,13,0.0,0.0,0.001372,0.001372,0.001372,0.001372,0.001372,0.0,0.0
a,bigger,instance_0002.txt,1,1,0,0,2.0,2.0,2.0,2.0,2.0,0.0,0.0,2.0,2.0,2,2,2,0.0,0.0,1.0,1.0,1,1,1,0.0,0.0,9.9e-05,9.9e-05,9.9e-05,9.9e-05,9.9e-05,0.0,0.0
a,bigger,instance_0003.txt,1,1,0,0,4.24,4.24,4.24,4.24,4.24,0.0,0.0,106.0,106.0,106,106,106,0.0,0.0,25.0,25.0,25,25,25,0.0,0.0,0.002634,0.002634,0.002634,0.002634,0.002634,0.0,0.0
a,bigger,instance_0004.txt,1,1,0,0,2.1052631578947367,2.1052631578947367,2.1052631578947367,2.1052631578947367,2.1052631578947367,0.0,0.0,40.0,40.0,40,40,40,0.0,0.0,19.0,19.0,19,19,19,0.0,0.0,0.001315,0.001315,0.001315,0.001315,0.001315,0.0,0.0
a,bigger,instance_0005.txt,1,1,0,0,34.06976744186046,34.06976744186046,34.06976744186046,34.06976744186046,34.06976744186046,0.0,0.0,4395.0,4395.0,4395,4395,4395,0.0,0.0,129.0,129.0,129,129,129,0.0,0.0,0.100475,0.100475,0.100475,0.100475,0.100475,0.0,0.0
a,bigger,instance_0006.txt,1,1,0,0,31.387096774193548,31.387096774193548,31.387096774193548,31.387096774193548,31.387096774193548,0.0,0.0,3892.0,3892.0,3892,3892,3892,0.0,0.0,124.0,124.0,124,124,124,0.0,0.0,0.063572,0.063572,0.063572,0.063572,0.063572,0.0,0.0
a,bigger,instance_0007.txt,1,1,0,0,28.708955223880597,28.708955223880597,28.708955223880597,28.708955223880597,28.708955223880597,0.0,0.0,3847.0,3847.0,3847,3847,3847,0.0,0.0,134.0,134.0,134,134,134,0.0,0.0,0.094275,0.094275,0.094275,0.094275,0.094275,0.0,0.0
a,bigger,instance_0008.txt,1,1,0,0,28.96938775510204,28.96938775510204,28.96938775510204,28.96938775510204,28.96938775510204,0.0,0.0,2839.0,2839.0,2839,2839,2839,0.0,0.0,98.0,98.0,98,98,98,0.0,0.0,0.085641,0.085641,0.085641,0.085641,0.085641,0.0,0.0
a,bigger,instance_0009.txt,1,1,0,0,2.7818181818181817,2.7818181818181817,2.7818181818181817,2.7818181818181817,2.7818181818181817,0.0,0.0,153.0,153.0,153,153,153,0.0,0.0,55.0,55.0,55,55,55,0.0,0.0,0.012923,0.012923,0.012923,0.012923,0.012923,0.0,0.0
a,bigger,instance_0010.txt,1,1,0,0,5.898648648648648,5.898648648648648,5.898648648648648,5.898648648648648,5.898648648648648,0.0,0.0,1746.0,1746.0,1746,1746,1746,0.0,0.0,296.0,296.0,296,296,296,0.0,0.0,0.174849,0.174849,0.174849,0.174849,0.174849,0.0,0.0
a,bigger,instance_0011.txt,1,1,0,0,6.8624161073825505,6.8624161073825505,6.8624161073825505,6.8624161073825505,6.8624161073825505,0.0,0.0,2045.0,2045.0,2045,2045,2045,0.0,0.0,298.0,298.0,298,298,298,0.0,0.0,0.351282,0.351282,0.351282,0.351282,0.351282,0.0,0.0
a,bigger,instance_0012.txt,1,1,0,0,3.339622641509434,3.339622641509434,3.339622641509434,3.339622641509434,3.339622641509434,0.0,0.0,177.0,177.0,177,177,177,0.0,0.0,53.0,53.0,53,53,53,0.0,0.0,0.006654,0.006654,0.006654,0.006654,0.006654,0.0,0.0
a,bigger,instance_0013.txt,1,1,0,0,12.837535014005603,12.837535014005603,12.837535014005603,12.837535014005603,12.837535014005603,0.0,0.0,4583.0,4583.0,4583,4583,4583,0.0,0.0,357.0,357.0,357,357,357,0.0,0.0,0.731381,0.731381,0.731381,0.731381,0.731381,0.0,0.0
a,bigger,instance_0014.txt,1,1,0,0,20.473544973544975,20.473544973544975,20.473544973544975,20.473544973544975,20.473544973544975,0.0,0.0,7739.0,7739.0,7739,7739,7739,0.0,0.0,378.0,378.0,378,378,378,0.0,0.0,1.044973,1.044973,1.044973,1.044973,1.044973,0.0,0.0
a,bigger,instance_0015.txt,1,1,0,0,10.602305475504323,10.602305475504323,10.602305475504323,10.602305475504323,10.602305475504323,0.0,0.0,3679.0,3679.0,3679,3679,3679,0.0,0.0,347.0,347.0,347,347,347,0.0,0.0,0.344677,0.344677,0.344677,0.344677,0.344677,0.0,0.0
a,bigger,instance_0016.txt,1,1,0,0,9.527777777777779,9.527777777777779,9.527777777777779,9.527777777777779,9.527777777777779,0.0,0.0,686.0,686.0,686,686,686,0.0,0.0,72.0,72.0,72,72,72,0.0,0.0,0.032152,0.032152,0.032152,0.032152,0.032152,0.0,0.0
a,bigger,instance_0017.txt,1,1,0,0,3.8043478260869565,3.8043478260869565,3.8043478260869565,3.8043478260869565,3.8043478260869565,0.0,0.0,175.0,175.0,175,175,175,0.0,0.0,46.0,46.0,46,46,46,0.0,0.0,0.006321,0.006321,0.006321,0.006321,0.006321,0.0,0.0
a,bigger,instance_0018.txt,1,1,0,0,16.066666666666666,16.066666666666666,16.066666666666666,16.066666666666666,16.066666666666666,0.0,0.0,1205.0,1205.0,1205,1205,1205,0.0,0.0,75.0,75.0,75,75,75,0.0,0.0,0.043338,0.043338,0.043338,0.043338,0.043338,0.0,0.0
a,bigger,instance_0019.txt,1,1,0,0,10.090909090909092,10.090909090909092,10.090909090909092,10.090909090909092,10.090909090909092,0.0,0.0,999.0,999.0,999,999,999,0.0,0.0,99.0,99.0,99,99,99,0.0,0.0,0.058237,0.058237,0.058237,0.058237,0.058237,0.0,0.0
a,bigger,instance_0020.txt,1,1,0,0,4.0,4.0,4.0,4.0,4.0,0.0,0.0,12.0,12.0,12,12,12,0.0,0.0,3.0,3.0,3,3,3,0.0,0.0,9e-05,9e-05,9e-05,9e-05,9e-05,0.0,0.0
a,bigger_multi,instance_0001.txt,1,1,0,0,5.230769230769231,5.230769230769231,5.230769230769231,5.230769230769231,5.230769230769231,0.0,0.0,68.0,68.0,68,68,68,0.0,0.0,13.0,13.0,13,13,13,0.0,0.0,0.001474,0.001474,0.001474,0.001474,0.001474,0.0,0.0
a,bigger_multi,instance_0002.txt,1,1,0,0,2.0,2.0,2.0,2.0,2.0,0.0,0.0,2.0,2.0,2,2,2,0.0,0.0,1.0,1.0,1,1,1,0.0,0.0,0.000108,0.000108,0.000108,0.000108,0.000108,0.0,0.0
a,bigger_multi,instance_0003.txt,1,1,0,0,4.416666666666667,4.416666666666667,4.416666666666667,4.416666666666667,4.416666666666667,0.0,0.0,106.0,106.0,106,106,106,0.0,0.0,24.0,24.0,24,24,24,0.0,0.0,0.007702,0.007702,0.007702,0.007702,0.007702,0.0,0.0
a,bigger_multi,instance_0004.txt,1,1,0,0,2.1052631578947367,2.1052631578947367,2.1052631578947367,2.1052631578947367,2.1052631578947367,0.0,0.0,40.0,40.0,40,40,40,0.0,0.0,19.0,19.0,19,19,19,0.0,0.0,0.001343,0.001343,0.001343,0.001343,0.001343,0.0,0.0
a,bigger_multi,instance_0005.txt,1,1,0,0,35.16,35.16,35.16,35.16,35.16,0.0,0.0,4395.0,4395.0,4395,4395,4395,0.0,0.0,125.0,125.0,125,125,125,0.0,0.0,0.495209,0.495209,0.495209,0.495209,0.495209,0.0,0.0
a,bigger_multi,instance_0006.txt,1,1,0,0,31.901639344262296,31.901639344262296,31.901639344262296,31.901639344262296,31.901639344262296,0.0,0.0,3892.0,3892.0,3892,3892,3892,0.0,0.0,122.0,122.0,122,122,122,0.0,0.0,0.288671,0.288671,0.288671,0.288671,0.288671,0.0,0.0
a,bigger_multi,instance_0007.txt,1,1,0,0,28.708955223880597,28.708955223880597,28.708955223880597,28.708955223880597,28.708955223880597,0.0,0.0,3847.0,3847.0,3847,3847,3847,0.0,0.0,134.0,134.0,134,134,134,0.0,0.0,0.414071,0.414071,0.414071,0.414071,0.414071,0.0,0.0
a,bigger_multi,instance_0008.txt,1,1,0,0,32.26136363636363,32.26136363636363,32.26136363636363,32.26136363636363,32.26136363636363,0.0,0.0,2839.0,2839.0,2839,2839,2839,0.0,0.0,88.0,88.0,88,88,88,0.0,0.0,0.169228,0.169228,0.169228,0.169228,0.169228,0.0,0.0
a,bigger_multi,instance_0009.txt,1,1,0,0,2.9423076923076925,2.9423076923076925,2.9423076923076925,2.9423076923076925,2.9423076923076925,0.0,0.0,153.0,153.0,153,153,153,0.0,0.0,52.0,52.0,52,52,52,0.0,0.0,0.01171,0.01171,0.01171,0.01171,0.01171,0.0,0.0
a,bigger_multi,instance_0010.txt,1,1,0,0,6.235714285714286,6.235714285714286,6.235714285714286,6.235714285714286,6.235714285714286,0.0,0.0,1746.0,1746.0,1746,1746,1746,0.0,0.0,280.0,280.0,280,280,280,0.0,0.0,0.427976,0.427976,0.427976,0.427976,0.427976,0.0,0.0
a,bigger_multi,instance_0011.txt,1,1,0,0,7.200704225352113,7.200704225352113,7.200704225352113,7.200704225352113,7.200704225352113,0.0,0.0,2045.0,2045.0,2045,2045,2045,0.0,0.0,284.0,284.0,284,284,284,0.0,0.0,0.330229,0.330229,0.330229,0.330229,0.330229,0.0,0.0
a,bigger_multi,instance_0012.txt,1,1,0,0,3.6875,3.6875,3.6875,3.6875,3.6875,0.0,0.0,177.0,177.0,177,177,177,0.0,0.0,48.0,48.0,48,48,48,0.0,0.0,0.024205,0.024205,0.024205,0.024205,0.024205,0.0,0.0
a,bigger_multi,instance_0013.txt,1,1,0,0,13.056980056980057,13.056980056980057,13.056980056980057,13.056980056980057,13.056980056980057,0.0,0.0,4583.0,4583.0,4583,4583,4583,0.0,0.0,351.0,351.0,351,351,351,0.0,0.0,0.948573,0.948573,0.948573,0.948573,0.948573,0.0,0.0
a,bigger_multi,instance_0014.txt,1,1,0,0,20.692513368983956,20.692513368983956,20.692513368983956,20.692513368983956,20.692513368983956,0.0,0.0,7739.0,7739.0,7739,7739,7739,0.0,0.0,374.0,374.0,374,374,374,0.0,0.0,1.127384,1.127384,1.127384,1.127384,1.127384,0.0,0.0
a,bigger_multi,instance_0015.txt,1,1,0,0,10.820588235294117,10.820588235294117,10.820588235294117,10.820588235294117,10.820588235294117,0.0,0.0,3679.0,3679.0,3679,3679,3679,0.0,0.0,340.0,340.0,340,340,340,0.0,0.0,0.888153,0.888153,0.888153,0.888153,0.888153,0.0,0.0
a,bigger_multi,instance_0016.txt,1,1,0,0,9.661971830985916,9.661971830985916,9.661971830985916,9.661971830985916,9.661971830985916,0.0,0.0,686.0,686.0,686,686,686,0.0,0.0,71.0,71.0,71,71,71,0.0,0.0,0.016921,0.016921,0.016921,0.016921,0.016921,0.0,0.0
a,bigger_multi,instance_0017.txt,1,1,0,0,3.8043478260869565,3.8043478260869565,3.8043478260869565,3.8043478260869565,3.8043478260869565,0.0,0.0,175.0,175.0,175,175,175,0.0,0.0,46.0,46.0,46,46,46,0.0,0.0,0.007126,0.007126,0.007126,0.007126,0.007126,0.0,0.0
a,bigger_multi,instance_0018.txt,1,1,0,0,16.066666666666666,16.066666666666666,16.066666666666666,16.066666666666666,16.066666666666666,0.0,0.0,1205.0,1205.0,1205,1205,1205,0.0,0.0,75.0,75.0,75,75,75,0.0,0.0,0.027407,0.027407,0.027407,0.027407,0.027407,0.0,0.0
a,bigger_multi,instance_0019.txt,1,1,0,0,10.40625,10.40625,10.40625,10.40625,10.40625,0.0,0.0,999.0,999.0,999,999,999,0.0,0.0,96.0,96.0,96,96,96,0.0,0.0,0.073059,0.073059,0.073059,0.073059,0.073059,0.0,0.0
a,bigger_multi,instance_0020.txt,1,1,0,0,4.0,4.0,4.0,4.0,4.0,0.0,0.0,12.0,12.0,12,12,12,0.0,0.0,3.0,3.0,3,3,3,0.0,0.0,8.7e-05,8.7e-05,8.7e-05,8.7e-05,8.7e-05,0.0,0.0
a,diff,instance_0001.txt,5,5,0,0,2.679897435897436,2.6153846153846154,2.6153846153846154,2.6153846153846154,2.8333333333333335,0.007527300460223546,0.08676001648353662,68.0,68.0,68,68,68,0.0,0.0,25.4,26.0,26,24,26,0.64,0.8,0.0047994000000000005,0.002957,0.002709,0.002709,0.008793,6.31748224e-06,0.0025134602125356986
a,diff,instance_0002.txt,5,5,0,0,1.6,2.0,2.0,1.0,2.0,0.24,0.4898979485566356,2.0,2.0,2,2,2,0.0,0.0,1.4,1.0,1,1,2,0.24,0.4898979485566356,0.00012500000000000003,0.000123,0.000133,0.000113,0.000138,8.600000000000001e-11,9.273618495495705e-06
a,diff,instance_0003.txt,5,5,0,0,2.864864864864865,2.864864864864865,2.864864864864865,2.864864864864865,2.864864864864865,0.0,0.0,106.0,106.0,106,106,106,0.0,0.0,37.0,37.0,37,37,37,0.0,0.0,0.0055192,0.005072,0.003721,0.003721,0.009081,3.849264560000001e-06,0.0019619542706189666
a,diff,instance_0004.txt,5,5,0,0,1.678787878787879,1.6818181818181819,1.7727272727272727,1.5416666666666667,1.7727272727272727,0.007870752984389343,0.08871726429725695,38.2,39.0,39,37,39,0.96,0.9797958971132712,22.8,22.0,22,22,24,0.9600000000000002,0.9797958971132713,0.0016672,0.00166,0.002205,0.001153,0.002205,1.1131095999999998e-07,0.00033363297199167827
a,diff,instance_0005.txt,5,5,0,0,31.799103326034828,31.840579710144926,31.847826086956523,31.618705035971225,31.847826086956523,0.00814638775984683,0.09025734186118506,4394.6,4395.0,4395,4394,4395,0.24000000000000005,0.48989794855663565,138.2,138.0,138,138,139,0.16,0.4,0.2169318,0.226098,0.214684,0.182876,0.233332,0.00032662467295999987,0.0180727605240594
a,diff,instance_0006.txt,5,5,0,0,26.65753424657534,26.65753424657534,26.65753424657534,26.65753424657534,26.65753424657534,0.0,0.0,3892.0,3892.0,3892,3892,3892,0.0,0.0,146.0,146.0,146,146,146,0.0,0.0,0.23181020000000002,0.238708,0.236573,0.18822,0.256566,0.0005269364969600003,0.02295509740689419
a,diff,instance_0007.txt,5,5,0,0,25.81879194630873,25.818791946308725,25.818791946308725,25.818791946308725,25.818791946308725,1.262177448353619e-29,3.552713678800501e-15,3847.0,3847.0,3847,3847,3847,0.0,0.0,149.0,149.0,149,149,149,0.0,0.0,0.246048,0.247414,0.298751,0.215811,0.298751,0.0009240539995999995,0.030398256522373112
a,diff,instance_0008.txt,5,5,0,0,21.844615384615384,21.846153846153847,21.846153846153847,21.838461538461537,21.846153846153847,9.46745562130608e-06,0.0030769230769237764,2839.8,2840.0,2840,2839,2840,0.15999999999999998,0.39999999999999997,130.0,130.0,130,130,130,0.0,0.0,0.140252,0.139828,0.149397,0.127901,0.149397,5.0794532000000045e-05,0.007127028272709464
a,diff,instance_0009.txt,5,5,0,0,2.0543541898062445,2.054054054054054,2.026666666666667,2.026666666666667,2.0821917808219177,0.0006166301807581635,0.024832039399899548,152.0,152.0,152,152,152,0.0,0.0,74.0,74.0,75,73,75,0.8,0.8944271909999159,0.0250922,0.023436,0.036248,0.018039,0.036248,4.426434816000001e-05,0.0066531457341621495
a,diff,instance_0010.txt,5,5,0,0,5.514858443477219,5.507886435331231,5.507886435331231,5.507886435331231,5.525316455696203,7.291334638160117e-05,0.008538931220100158,1746.0,1746.0,1746,1746,1746,0.0,0.0,316.6,317.0,317,316,317,0.24000000000000005,0.48989794855663565,0.299626,0.305143,0.226368,0.226368,0.345351,0.0015717367787999998,0.03964513562595038
a,diff,instance_0011.txt,5,5,0,0,6.361556471430506,6.367601246105919,6.350931677018633,6.350931677018633,6.370716510903427,7.655148749752589e-05,0.008749370691514099,2044.6,2045.0,2045,2044,2045,0.24,0.4898979485566356,321.4,321.0,321,321,322,0.24000000000000005,0.48989794855663565,0.3090064,0.317624,0.372792,0.240123,0.372792,0.0021467480458399997,0.04633301248397302
a,diff,instance_0012.txt,5,5,0,0,1.887028140013727,1.8829787234042554,1.8829787234042554,1.8829787234042554,1.903225806451613,6.559109950825503e-05,0.008098833218943025,177.0,177.0,177,177,177,0.0,0.0,93.8,94.0,94,93,94,0.16,0.4,0.023249600000000002,0.023473,0.023458,0.021685,0.024112,6.716322400000008e-07,0.0008195317199474349
a,diff,instance_0013.txt,5,5,0,0,12.487738419618529,12.487738419618529,12.487738419618529,12.487738419618529,12.487738419618529,0.0,0.0,4583.0,4583.0,4583,4583,4583,0.0,0.0,367.0,367.0,367,367,367,0.0,0.0,0.7631960000000001,0.794481,0.591314,0.591314,0.887939,0.010404118630800001,0.10200058152187173
a,diff,instance_0014.txt,5,5,0,0,20.441133028995825,20.41952506596306,20.41952506596306,20.41952506596306,20.473544973544975,0.0007003560996380441,0.026464241905598658,7739.0,7739.0,7739,7739,7739,0.0,0.0,378.6,379.0,379,378,379,0.24000000000000005,0.48989794855663565,1.2317646,1.317069,1.006906,1.006906,1.39698,0.024356177735040008,0.15606465882780768
a,diff,instance_0015.txt,5,5,0,0,10.305322128851541,10.305322128851541,10.305322128851541,10.305322128851541,10.305322128851541,0.0,0.0,3679.0,3679.0,3679,3679,3679,0.0,0.0,357.0,357.0,357,357,357,0.0,0.0,0.60867,0.650394,0.487334,0.487334,0.657922,0.004220547001600001,0.06496573713581645
a,diff,instance_0016.txt,5,5,0,0,9.527777777777779,9.527777777777779,9.527777777777779,9.527777777777779,9.527777777777779,0.0,0.0,686.0,686.0,686,686,686,0.0,0.0,72.0,72.0,72,72,72,0.0,0.0,0.034194,0.03413,0.03408,0.03408,0.034414,1.589920000000014e-08,0.0001260920298829396
a,diff,instance_0017.txt,5,5,0,0,3.804347826086956,3.8043478260869565,3.8043478260869565,3.8043478260869565,3.8043478260869565,1.9721522630525295e-31,4.440892098500626e-16,175.0,175.0,175,175,175,0.0,0.0,46.0,46.0,46,46,46,0.0,0.0,0.008841199999999999,0.008795,0.008726,0.008721,0.008989,1.392016000000008e-08,0.00011798372769157652
a,diff,instance_0018.txt,5,5,0,0,15.855263157894736,15.855263157894736,15.855263157894736,15.855263157894736,15.855263157894736,0.0,0.0,1205.0,1205.0,1205,1205,1205,0.0,0.0,76.0,76.0,76,76,76,0.0,0.0,0.049869199999999995,0.05028,0.03584,0.03584,0.060556,6.443211896000001e-05,0.008026962000657535
a,diff,instance_0019.txt,5,5,0,0,9.624421209858102,9.60576923076923,9.60576923076923,9.60576923076923,9.699029126213592,0.0013915852957269326,0.037303958177744796,999.0,999.0,999,999,999,0.0,0.0,103.8,104.0,104,103,104,0.16,0.4,0.06127880000000001,0.060019,0.060019,0.052787,0.075394,7.013366736000001e-05,0.00837458460820595
a,diff,instance_0020.txt,5,5,0,0,3.666666666666667,4.0,4.0,3.0,4.0,0.17777777777777776,0.4216370213557839,11.6,12.0,12,10,12,0.6399999999999999,0.7999999999999999,3.2,3.0,3,3,4,0.15999999999999998,0.39999999999999997,0.00011679999999999999,0.000112,0.000127,0.000106,0.000129,8.775999999999994e-11,9.368030742904291e-06
a,diff_bigger,instance_0001.txt,1,1,0,0,2.6153846153846154,2.6153846153846154,2.6153846153846154,2.6153846153846154,2.6153846153846154,0.0,0.0,68.0,68.0,68,68,68,0.0,0.0,26.0,26.0,26,26,26,0.0,0.0,0.004905,0.004905,0.004905,0.004905,0.004905,0.0,0.0
a,diff_bigger,instance_0002.txt,1,1,0,0,2.0,2.0,2.0,2.0,2.0,0.0,0.0,2.0,2.0,2,2,2,0.0,0.0,1.0,1.0,1,1,1,0.0,0.0,0.000161,0.000161,0.000161,0.000161,0.000161,0.0,0.0
a,diff_bigger,instance_0003.txt,1,1,0,0,2.864864864864865,2.864864864864865,2.864864864864865,2.864864864864865,2.864864864864865,0.0,0.0,106.0,106.0,106,106,106,0.0,0.0,37.0,37.0,37,37,37,0.0,0.0,0.005994,0.005994,0.005994,0.005994,0.005994,0.0,0.0
a,diff_bigger,instance_0004.txt,1,1,0,0,2.0,2.0,2.0,2.0,2.0,0.0,0.0,40.0,40.0,40,40,40,0.0,0.0,20.0,20.0,20,20,20,0.0,0.0,0.00159,0.00159,0.00159,0.00159,0.00159,0.0,0.0
a,diff_bigger,instance_0005.txt,1,1,0,0,31.840579710144926,31.840579710144926,31.840579710144926,31.840579710144926,31.840579710144926,0.0,0.0,4394.0,4394.0,4394,4394,4394,0.0,0.0,138.0,138.0,138,138,138,0.0,0.0,0.30415,0.30415,0.30415,0.30415,0.30415,0.0,0.0
a,diff_bigger,instance_0006.txt,1,1,0,0,26.65753424657534,26.65753424657534,26.65753424657534,26.65753424657534,26.65753424657534,0.0,0.0,3892.0,3892.0,3892,3892,3892,0.0,0.0,146.0,146.0,146,146,146,0.0,0.0,0.350322,0.350322,0.350322,0.350322,0.350322,0.0,0.0
a,diff_bigger,instance_0007.txt,1,1,0,0,25.818791946308725,25.818791946308725,25.818791946308725,25.818791946308725,25.818791946308725,0.0,0.0,3847.0,3847.0,3847,3847,3847,0.0,0.0,149.0,149.0,149,149,149,0.0,0.0,0.382212,0.382212,0.382212,0.382212,0.382212,0.0,0.0
a,diff_bigger,instance_0008.txt,1,1,0,0,21.838461538461537,21.838461538461537,21.838461538461537,21.838461538461537,21.838461538461537,0.0,0.0,2839.0,2839.0,2839,2839,2839,0.0,0.0,130.0,130.0,130,130,130,0.0,0.0,0.249222,0.249222,0.249222,0.249222,0.249222,0.0,0.0
a,diff_bigger,instance_0009.txt,1,1,0,0,2.026666666666667,2.026666666666667,2.026666666666667,2.026666666666667,2.026666666666667,0.0,0.0,152.0,152.0,152,152,152,0.0,0.0,75.0,75.0,75,75,75,0.0,0.0,0.040675,0.040675,0.040675,0.040675,0.040675,0.0,0.0
a,diff_bigger,instance_0010.txt,1,1,0,0,5.4733542319749215,5.4733542319749215,5.4733542319749215,5.4733542319749215,5.4733542319749215,0.0,0.0,1746.0,1746.0,1746,1746,1746,0.0,0.0,319.0,319.0,319,319,319,0.0,0.0,0.368174,0.368174,0.368174,0.368174,0.368174,0.0,0.0
a,diff_bigger,instance_0011.txt,1,1,0,0,6.328173374613003,6.328173374613003,6.328173374613003,6.328173374613003,6.328173374613003,0.0,0.0,2044.0,2044.0,2044,2044,2044,0.0,0.0,323.0,323.0,323,323,323,0.0,0.0,0.639945,0.639945,0.639945,0.639945,0.639945,0.0,0.0
a,diff_bigger,instance_0012.txt,1,1,0,0,1.8829787234042554,1.8829787234042554,1.8829787234042554,1.8829787234042554,1.8829787234042554,0.0,0.0,177.0,177.0,177,177,177,0.0,0.0,94.0,94.0,94,94,94,0.0,0.0,0.043717,0.043717,0.043717,0.043717,0.043717,0.0,0.0
a,diff_bigger,instance_0013.txt,1,1,0,0,12.487738419618529,12.487738419618529,12.487738419618529,12.487738419618529,12.487738419618529,0.0,0.0,4583.0,4583.0,4583,4583,4583,0.0,0.0,367.0,367.0,367,367,367,0.0,0.0,1.384316,1.384316,1.384316,1.384316,1.384316,0.0,0.0
a,diff_bigger,instance_0014.txt,1,1,0,0,20.473544973544975,20.473544973544975,20.473544973544975,20.473544973544975,20.473544973544975,0.0,0.0,7739.0,7739.0,7739,7739,7739,0.0,0.0,378.0,378.0,378,378,378,0.0,0.0,1.751473,1.751473,1.751473,1.751473,1.751473,0.0,0.0
a,diff_bigger,instance_0015.txt,1,1,0,0,10.305322128851541,10.305322128851541,10.305322128851541,10.305322128851541,10.305322128851541,0.0,0.0,3679.0,3679.0,3679,3679,3679,0.0,0.0,357.0,357.0,357,357,357,0.0,0.0,0.986697,0.986697,0.986697,0.986697,0.986697,0.0,0.0
a,diff_bigger,instance_0016.txt,1,1,0,0,9.527777777777779,9.527777777777779,9.527777777777779,9.527777777777779,9.527777777777779,0.0,0.0,686.0,686.0,686,686,686,0.0,0.0,72.0,72.0,72,72,72,0.0,0.0,0.066874,0.066874,0.066874,0.066874,0.066874,0.0,0.0
a,diff_bigger,instance_0017.txt,1,1,0,0,3.8043478260869565,3.8043478260869565,3.8043478260869565,3.8043478260869565,3.8043478260869565,0.0,0.0,175.0,175.0,175,175,175,0.0,0.0,46.0,46.0,46,46,46,0.0,0.0,0.013669,0.013669,0.013669,0.013669,0.013669,0.0,0.0
a,diff_bigger,instance_0018.txt,1,1,0,0,15.855263157894736,15.855263157894736,15.855263157894736,15.855263157894736,15.855263157894736,0.0,0.0,1205.0,1205.0,1205,1205,1205,0.0,0.0,76.0,76.0,76,76,76,0.0,0.0,0.082081,0.082081,0.082081,0.082081,0.082081,0.0,0.0
a,diff_bigger,instance_0019.txt,1,1,0,0,9.60576923076923,9.60576923076923,9.60576923076923,9.60576923076923,9.60576923076923,0.0,0.0,999.0,999.0,999,999,999,0.0,0.0,104.0,104.0,104,104,104,0.0,0.0,0.074305,0.074305,0.074305,0.074305,0.074305,0.0,0.0
a,diff_bigger,instance_0020.txt,1,1,0,0,3.3333333333333335,3.3333333333333335,3.3333333333333335,3.3333333333333335,3.3333333333333335,0.0,0.0,10.0,10.0,10,10,10,0.0,0.0,3.0,3.0,3,3,3,0.0,0.0,0.000156,0.000156,0.000156,0.000156,0.000156,0.0,0.0
a,diff_bigger_multi,instance_0001.txt,1,1,0,0,2.72,2.72,2.72,2.72,2.72,0.0,0.0,68.0,68.0,68,68,68,0.0,0.0,25.0,25.0,25,25,25,0.0,0.0,0.006558,0.006558,0.006558,0.006558,0.006558,0.0,0.0
a,diff_bigger_multi,instance_0002.txt,1,1,0,0,2.0,2.0,2.0,2.0,2.0,0.0,0.0,2.0,2.0,2,2,2,0.0,0.0,1.0,1.0,1,1,1,0.0,0.0,0.000154,0.000154,0.000154,0.000154,0.000154,0.0,0.0
a,diff_bigger_multi,instance_0003.txt,1,1,0,0,3.0285714285714285,3.0285714285714285,3.0285714285714285,3.0285714285714285,3.0285714285714285,0.0,0.0,106.0,106.0,106,106,106,0.0,0.0,35.0,35.0,35,35,35,0.0,0.0,0.011766,0.011766,0.011766,0.011766,0.011766,0.0,0.0
a,diff_bigger_multi,instance_0004.txt,1,1,0,0,2.1052631578947367,2.1052631578947367,2.1052631578947367,2.1052631578947367,2.1052631578947367,0.0,0.0,40.0,40.0,40,40,40,0.0,0.0,19.0,19.0,19,19,19,0.0,0.0,0.00228,0.00228,0.00228,0.00228,0.00228,0.0,0.0
a,diff_bigger_multi,instance_0005.txt,1,1,0,0,32.54814814814815,32.54814814814815,32.54814814814815,32.54814814814815,32.54814814814815,0.0,0.0,4394.0,4394.0,4394,4394,4394,0.0,0.0,135.0,135.0,135,135,135,0.0,0.0,0.398136,0.398136,0.398136,0.398136,0.398136,0.0,0.0
a,diff_bigger_multi,instance_0006.txt,1,1,0,0,27.602836879432623,27.602836879432623,27.602836879432623,27.602836879432623,27.602836879432623,0.0,0.0,3892.0,3892.0,3892,3892,3892,0.0,0.0,141.0,141.0,141,141,141,0.0,0.0,0.544878,0.544878,0.544878,0.544878,0.544878,0.0,0.0
a,diff_bigger_multi,instance_0007.txt,1,1,0,0,26.53103448275862,26.53103448275862,26.53103448275862,26.53103448275862,26.53103448275862,0.0,0.0,3847.0,3847.0,3847,3847,3847,0.0,0.0,145.0,145.0,145,145,145,0.0,0.0,0.34297,0.34297,0.34297,0.34297,0.34297,0.0,0.0
a,diff_bigger_multi,instance_0008.txt,1,1,0,0,22.007751937984494,22.007751937984494,22.007751937984494,22.007751937984494,22.007751937984494,0.0,0.0,2839.0,2839.0,2839,2839,2839,0.0,0.0,129.0,129.0,129,129,129,0.0,0.0,0.291863,0.291863,0.291863,0.291863,0.291863,0.0,0.0
a,diff_bigger_multi,instance_0009.txt,1,1,0,0,2.303030303030303,2.303030303030303,2.303030303030303,2.303030303030303,2.303030303030303,0.0,0.0,152.0,152.0,152,152,152,0.0,0.0,66.0,66.0,66,66,66,0.0,0.0,0.040155,0.040155,0.040155,0.040155,0.040155,0.0,0.0
a,diff_bigger_multi,instance_0010.txt,1,1,0,0,5.859060402684563,5.859060402684563,5.859060402684563,5.859060402684563,5.859060402684563,0.0,0.0,1746.0,1746.0,1746,1746,1746,0.0,0.0,298.0,298.0,298,298,298,0.0,0.0,0.865932,0.865932,0.865932,0.865932,0.865932,0.0,0.0
a,diff_bigger_multi,instance_0011.txt,1,1,0,0,6.790697674418604,6.790697674418604,6.790697674418604,6.790697674418604,6.790697674418604,0.0,0.0,2044.0,2044.0,2044,2044,2044,0.0,0.0,301.0,301.0,301,301,301,0.0,0.0,0.702574,0.702574,0.702574,0.702574,0.702574,0.0,0.0
a,diff_bigger_multi,instance_0012.txt,1,1,0,0,2.185185185185185,2.185185185185185,2.185185185185185,2.185185185185185,2.185185185185185,0.0,0.0,177.0,177.0,177,177,177,0.0,0.0,81.0,81.0,81,81,81,0.0,0.0,0.046893,0.046893,0.046893,0.046893,0.046893,0.0,0.0
a,diff_bigger_multi,instance_0013.txt,1,1,0,0,12.590659340659341,12.590659340659341,12.590659340659341,12.590659340659341,12.590659340659341,0.0,0.0,4583.0,4583.0,4583,4583,4583,0.0,0.0,364.0,364.0,364,364,364,0.0,0.0,1.45843,1.45843,1.45843,1.45843,1.45843,0.0,0.0
a,diff_bigger_multi,instance_0014.txt,1,1,0,0,20.58244680851064,20.58244680851064,20.58244680851064,20.58244680851064,20.58244680851064,0.0,0.0,7739.0,7739.0,7739,7739,7739,0.0,0.0,376.0,376.0,376,376,376,0.0,0.0,1.607325,1.607325,1.607325,1.607325,1.607325,0.0,0.0
a,diff_bigger_multi,instance_0015.txt,1,1,0,0,10.725947521865889,10.725947521865889,10.725947521865889,10.725947521865889,10.725947521865889,0.0,0.0,3679.0,3679.0,3679,3679,3679,0.0,0.0,343.0,343.0,343,343,343,0.0,0.0,1.507067,1.507067,1.507067,1.507067,1.507067,0.0,0.0
a,diff_bigger_multi,instance_0016.txt,1,1,0,0,9.661971830985916,9.661971830985916,9.661971830985916,9.661971830985916,9.661971830985916,0.0,0.0,686.0,686.0,686,686,686,0.0,0.0,71.0,71.0,71,71,71,0.0,0.0,0.047441,0.047441,0.047441,0.047441,0.047441,0.0,0.0
a,diff_bigger_multi,instance_0017.txt,1,1,0,0,3.8043478260869565,3.8043478260869565,3.8043478260869565,3.8043478260869565,3.8043478260869565,0.0,0.0,175.0,175.0,175,175,175,0.0,0.0,46.0,46.0,46,46,46,0.0,0.0,0.018101,0.018101,0.018101,0.018101,0.018101,0.0,0.0
a,diff_bigger_multi,instance_0018.txt,1,1,0,0,15.855263157894736,15.855263157894736,15.855263157894736,15.855263157894736,15.855263157894736,0.0,0.0,1205.0,1205.0,1205,1205,1205,0.0,0.0,76.0,76.0,76,76,76,0.0,0.0,0.074336,0.074336,0.074336,0.074336,0.074336,0.0,0.0
a,diff_bigger_multi,instance_0019.txt,1,1,0,0,9.891089108910892,9.891089108910892,9.891089108910892,9.891089108910892,9.891089108910892,0.0,0.0,999.0,999.0,999,999,999,0.0,0.0,101.0,101.0,101,101,101,0.0,0.0,0.167372,0.167372,0.167372,0.167372,0.167372,0.0,0.0
a,diff_bigger_multi,instance_0020.txt,1,1,0,0,5.0,5.0,5.0,5.0,5.0,0.0,0.0,10.0,10.0,10,10,10,0.0,0.0,2.0,2.0,2,2,2,0.0,0.0,0.000154,0.000154,0.000154,0.000154,0.000154,0.0,0.0
a,diff_bigger_multi_weighted,instance_0001.txt,1,1,0,0,2.72,2.72,2.72,2.72,2.72,0.0,0.0,68.0,68.0,68,68,68,0.0,0.0,25.0,25.0,25,25,25,0.0,0.0,0.007884,0.007884,0.007884,0.007884,0.007884,0.0,0.0
a,diff_bigger_multi_weighted,instance_0002.txt,1,1,0,0,2.0,2.0,2.0,2.0,2.0,0.0,0.0,2.0,2.0,2,2,2,0.0,0.0,1.0,1.0,1,1,1,0.0,0.0,0.000125,0.000125,0.000125,0.000125,0.000125,0.0,0.0
a,diff_bigger_multi_weighted,instance_0003.txt,1,1,0,0,3.0285714285714285,3.0285714285714285,3.0285714285714285,3.0285714285714285,3.0285714285714285,0.0,0.0,106.0,106.0,106,106,106,0.0,0.0,35.0,35.0,35,35,35,0.0,0.0,0.011025,0.011025,0.011025,0.011025,0.011025,0.0,0.0
a,diff_bigger_multi_weighted,instance_0004.txt,1,1,0,0,2.1052631578947367,2.1052631578947367,2.1052631578947367,2.1052631578947367,2.1052631578947367,0.0,0.0,40.0,40.0,40,40,40,0.0,0.0,19.0,19.0,19,19,19,0.0,0.0,0.00126,0.00126,0.00126,0.00126,0.00126,0.0,0.0
a,diff_bigger_multi_weighted,instance_0005.txt,1,1,0,0,32.54814814814815,32.54814814814815,32.54814814814815,32.54814814814815,32.54814814814815,0.0,0.0,4394.0,4394.0,4394,4394,4394,0.0,0.0,135.0,135.0,135,135,135,0.0,0.0,0.239065,0.239065,0.239065,0.239065,0.239065,0.0,0.0
a,diff_bigger_multi_weighted,instance_0006.txt,1,1,0,0,27.602836879432623,27.602836879432623,27.602836879432623,27.602836879432623,27.602836879432623,0.0,0.0,3892.0,3892.0,3892,3892,3892,0.0,0.0,141.0,141.0,141,141,141,0.0,0.0,0.334765,0.334765,0.334765,0.334765,0.334765,0.0,0.0
a,diff_bigger_multi_weighted,instance_0007.txt,1,1,0,0,26.53103448275862,26.53103448275862,26.53103448275862,26.53103448275862,26.53103448275862,0.0,0.0,3847.0,3847.0,3847,3847,3847,0.0,0.0,145.0,145.0,145,145,145,0.0,0.0,0.409103,0.409103,0.409103,0.409103,0.409103,0.0,0.0
a,diff_bigger_multi_weighted,instance_0008.txt,1,1,0,0,22.007751937984494,22.007751937984494,22.007751937984494,22.007751937984494,22.007751937984494,0.0,0.0,2839.0,2839.0,2839,2839,2839,0.0,0.0,129.0,129.0,129,129,129,0.0,0.0,0.225213,0.225213,0.225213,0.225213,0.225213,0.0,0.0
a,diff_bigger_multi_weighted,instance_0009.txt,1,1,0,0,2.303030303030303,2.303030303030303,2.303030303030303,2.303030303030303,2.303030303030303,0.0,0.0,152.0,152.0,152,152,152,0.0,0.0,66.0,66.0,66,66,66,0.0,0.0,0.031395,0.031395,0.031395,0.031395,0.031395,0.0,0.0
a,diff_bigger_multi_weighted,instance_0010.txt,1,1,0,0,5.859060402684563,5.859060402684563,5.859060402684563,5.859060402684563,5.859060402684563,0.0,0.0,1746.0,1746.0,1746,1746,1746,0.0,0.0,298.0,298.0,298,298,298,0.0,0.0,0.422665,0.422665,0.422665,0.422665,0.422665,0.0,0.0
a,diff_bigger_multi_weighted,instance_0011.txt,1,1,0,0,6.790697674418604,6.790697674418604,6.790697674418604,6.790697674418604,6.790697674418604,0.0,0.0,2044.0,2044.0,2044,2044,2044,0.0,0.0,301.0,301.0,301,301,301,0.0,0.0,0.420739,0.420739,0.420739,0.420739,0.420739,0.0,0.0
a,diff_bigger_multi_weighted,instance_0012.txt,1,1,0,0,2.185185185185185,2.185185185185185,2.185185185185185,2.185185185185185,2.185185185185185,0.0,0.0,177.0,177.0,177,177,177,0.0,0.0,81.0,81.0,81,81,81,0.0,0.0,0.043836,0.043836,0.043836,0.043836,0.043836,0.0,0.0
a,diff_bigger_multi_weighted,instance_0013.txt,1,1,0,0,12.590659340659341,12.590659340659341,12.590659340659341,12.590659340659341,12.590659340659341,0.0,0.0,4583.0,4583.0,4583,4583,4583,0.0,0.0,364.0,364.0,364,364,364,0.0,0.0,0.922554,0.922554,0.922554,0.922554,0.922554,0.0,0.0
a,diff_bigger_multi_weighted,instance_0014.txt,1,1,0,0,20.58244680851064,20.58244680851064,20.58244680851064,20.58244680851064,20.58244680851064,0.0,0.0,7739.0,7739.0,7739,7739,7739,0.0,0.0,376.0,376.0,376,376,376,0.0,0.0,1.107874,1.107874,1.107874,1.107874,1.107874,0.0,0.0
a,diff_bigger_multi_weighted,instance_0015.txt,1,1,0,0,10.725947521865889,10.725947521865889,10.725947521865889,10.725947521865889,10.725947521865889,0.0,0.0,3679.0,3679.0,3679,3679,3679,0.0,0.0,343.0,343.0,343,343,343,0.0,0.0,0.830184,0.830184,0.830184,0.830184,0.830184,0.0,0.0
a,diff_bigger_multi_weighted,instance_0016.txt,1,1,0,0,9.661971830985916,9.661971830985916,9.661971830985916,9.661971830985916,9.661971830985916,0.0,0.0,686.0,686.0,686,686,686,0.0,0.0,71.0,71.0,71,71,71,0.0,0.0,0.022428,0.022428,0.022428,0.022428,0.022428,0.0,0.0
a,diff_bigger_multi_weighted,instance_0017.txt,1,1,0,0,3.8043478260869565,3.8043478260869565,3.8043478260869565,3.8043478260869565,3.8043478260869565,0.0,0.0,175.0,175.0,175,175,175,0.0,0.0,46.0,46.0,46,46,46,0.0,0.0,0.01285,0.01285,0.01285,0.01285,0.01285,0.0,0.0
a,diff_bigger_multi_weighted,instance_0018.txt,1,1,0,0,15.855263157894736,15.855263157894736,15.855263157894736,15.855263157894736,15.855263157894736,0.0,0.0,1205.0,1205.0,1205,1205,1205,0.0,0.0,76.0,76.0,76,76,76,0.0,0.0,0.04737,0.04737,0.04737,0.04737,0.04737,0.0,0.0
a,diff_bigger_multi_weighted,instance_0019.txt,1,1,0,0,9.891089108910892,9.891089108910892,9.891089108910892,9.891089108910892,9.891089108910892,0.0,0.0,999.0,999.0,999,999,999,0.0,0.0,101.0,101.0,101,101,101,0.0,0.0,0.082684,0.082684,0.082684,0.082684,0.082684,0.0,0.0
a,diff_bigger_multi_weighted,instance_0020.txt,1,1,0,0,5.0,5.0,5.0,5.0,5.0,0.0,0.0,10.0,10.0,10,10,10,0.0,0.0,2.0,2.0,2,2,2,0.0,0.0,0.000128,0.000128,0.000128,0.000128,0.000128,0.0,0.0
a,diff_bigger_weighted,instance_0001.txt,1,1,0,0,2.6153846153846154,2.6153846153846154,2.6153846153846154,2.6153846153846154,2.6153846153846154,0.0,0.0,68.0,68.0,68,68,68,0.0,0.0,26.0,26.0,26,26,26,0.0,0.0,0.008737,0.008737,0.008737,0.008737,0.008737,0.0,0.0
a,diff_bigger_weighted,instance_0002.txt,1,1,0,0,2.0,2.0,2.0,2.0,2.0,0.0,0.0,2.0,2.0,2,2,2,0.0,0.0,1.0,1.0,1,1,1,0.0,0.0,0.000134,0.000134,0.000134,0.000134,0.000134,0.0,0.0
a,diff_bigger_weighted,instance_0003.txt,1,1,0,0,2.864864864864865,2.864864864864865,2.864864864864865,2.864864864864865,2.864864864864865,0.0,0.0,106.0,106.0,106,106,106,0.0,0.0,37.0,37.0,37,37,37,0.0,0.0,0.004416,0.004416,0.004416,0.004416,0.004416,0.0,0.0
a,diff_bigger_weighted,instance_0004.txt,1,1,0,0,2.0,2.0,2.0,2.0,2.0,0.0,0.0,40.0,40.0,40,40,40,0.0,0.0,20.0,20.0,20,20,20,0.0,0.0,0.001825,0.001825,0.001825,0.001825,0.001825,0.0,0.0
a,diff_bigger_weighted,instance_0005.txt,1,1,0,0,31.840579710144926,31.840579710144926,31.840579710144926,31.840579710144926,31.840579710144926,0.0,0.0,4394.0,4394.0,4394,4394,4394,0.0,0.0,138.0,138.0,138,138,138,0.0,0.0,0.228978,0.228978,0.228978,0.228978,0.228978,0.0,0.0
a,diff_bigger_weighted,instance_0006.txt,1,1,0,0,26.65753424657534,26.65753424657534,26.65753424657534,26.65753424657534,26.65753424657534,0.0,0.0,3892.0,3892.0,3892,3892,3892,0.0,0.0,146.0,146.0,146,146,146,0.0,0.0,0.294264,0.294264,0.294264,0.294264,0.294264,0.0,0.0
a,diff_bigger_weighted,instance_0007.txt,1,1,0,0,25.818791946308725,25.818791946308725,25.818791946308725,25.818791946308725,25.818791946308725,0.0,0.0,3847.0,3847.0,3847,3847,3847,0.0,0.0,149.0,149.0,149,149,149,0.0,0.0,0.233604,0.233604,0.233604,0.233604,0.233604,0.0,0.0
a,diff_bigger_weighted,instance_0008.txt,1,1,0,0,21.838461538461537,21.838461538461537,21.838461538461537,21.838461538461537,21.838461538461537,0.0,0.0,2839.0,2839.0,2839,2839,2839,0.0,0.0,130.0,130.0,130,130,130,0.0,0.0,0.151907,0.151907,0.151907,0.151907,0.151907,0.0,0.0
a,diff_bigger_weighted,instance_0009.txt,1,1,0,0,2.026666666666667,2.026666666666667,2.026666666666667,2.026666666666667,2.026666666666667,0.0,0.0,152.0,152.0,152,152,152,0.0,0.0,75.0,75.0,75,75,75,0.0,0.0,0.033532,0.033532,0.033532,0.033532,0.033532,0.0,0.0
a,diff_bigger_weighted,instance_0010.txt,1,1,0,0,5.4733542319749215,5.4733542319749215,5.4733542319749215,5.4733542319749215,5.4733542319749215,0.0,0.0,1746.0,1746.0,1746,1746,1746,0.0,0.0,319.0,319.0,319,319,319,0.0,0.0,0.382889,0.382889,0.382889,0.382889,0.382889,0.0,0.0
a,diff_bigger_weighted,instance_0011.txt,1,1,0,0,6.328173374613003,6.328173374613003,6.328173374613003,6.328173374613003,6.328173374613003,0.0,0.0,2044.0,2044.0,2044,2044,2044,0.0,0.0,323.0,323.0,323,323,323,0.0,0.0,0.360404,0.360404,0.360404,0.360404,0.360404,0.0,0.0
a,diff_bigger_weighted,instance_0012.txt,1,1,0,0,1.8829787234042554,1.8829787234042554,1.8829787234042554,1.8829787234042554,1.8829787234042554,0.0,0.0,177.0,177.0,177,177,177,0.0,0.0,94.0,94.0,94,94,94,0.0,0.0,0.019049,0.019049,0.019049,0.019049,0.019049,0.0,0.0
a,diff_bigger_weighted,instance_0013.txt,1,1,0,0,12.487738419618529,12.487738419618529,12.487738419618529,12.487738419618529,12.487738419618529,0.0,0.0,4583.0,4583.0,4583,4583,4583,0.0,0.0,367.0,367.0,367,367,367,0.0,0.0,0.727095,0.727095,0.727095,0.727095,0.727095,0.0,0.0
a,diff_bigger_weighted,instance_0014.txt,1,1,0,0,20.473544973544975,20.473544973544975,20.473544973544975,20.473544973544975,20.473544973544975,0.0,0.0,7739.0,7739.0,7739,7739,7739,0.0,0.0,378.0,378.0,378,378,378,0.0,0.0,1.308506,1.308506,1.308506,1.308506,1.308506,0.0,0.0
a,diff_bigger_weighted,instance_0015.txt,1,1,0,0,10.305322128851541,10.305322128851541,10.305322128851541,10.305322128851541,10.305322128851541,0.0,0.0,3679.0,3679.0,3679,3679,3679,0.0,0.0,357.0,357.0,357,357,357,0.0,0.0,0.774778,0.774778,0.774778,0.774778,0.774778,0.0,0.0
a,diff_bigger_weighted,instance_0016.txt,1,1,0,0,9.527777777777779,9.527777777777779,9.527777777777779,9.527777777777779,9.527777777777779,0.0,0.0,686.0,686.0,686,686,686,0.0,0.0,72.0,72.0,72,72,72,0.0,0.0,0.039189,0.039189,0.039189,0.039189,0.039189,0.0,0.0
a,diff_bigger_weighted,instance_0017.txt,1,1,0,0,3.8043478260869565,3.8043478260869565,3.8043478260869565,3.8043478260869565,3.8043478260869565,0.0,0.0,175.0,175.0,175,175,175,0.0,0.0,46.0,46.0,46,46,46,0.0,0.0,0.01013,0.01013,0.01013,0.01013,0.01013,0.0,0.0
a,diff_bigger_weighted,instance_0018.txt,1,1,0,0,15.855263157894736,15.855263157894736,15.855263157894736,15.855263157894736,15.855263157894736,0.0,0.0,1205.0,1205.0,1205,1205,1205,0.0,0.0,76.0,76.0,76,76,76,0.0,0.0,0.066342,0.066342,0.066342,0.066342,0.066342,0.0,0.0
a,diff_bigger_weighted,instance_0019.txt,1,1,0,0,9.60576923076923,9.60576923076923,9.60576923076923,9.60576923076923,9.60576923076923,0.0,0.0,999.0,999.0,999,999,999,0.0,0.0,104.0,104.0,104,104,104,0.0,0.0,0.080683,0.080683,0.080683,0.080683,0.080683,0.0,0.0
a,diff_bigger_weighted,instance_0020.txt,1,1,0,0,3.3333333333333335,3.3333333333333335,3.3333333333333335,3.3333333333333335,3.3333333333333335,0.0,0.0,10.0,10.0,10,10,10,0.0,0.0,3.0,3.0,3,3,3,0.0,0.0,0.000133,0.000133,0.000133,0.000133,0.000133,0.0,0.0
a,diff_multi,instance_0001.txt,5,5,0,0,2.7673043478260873,2.72,2.72,2.72,2.9565217391304346,0.008950805293005641,0.09460869565217375,68.0,68.0,68,68,68,0.0,0.0,24.6,25.0,25,23,25,0.6399999999999999,0.7999999999999999,0.0066968,0.00673,0.006603,0.006407,0.006883,3.110335999999995e-08,0.00017636144703420857
a,diff_multi,instance_0002.txt,5,5,0,0,2.0,2.0,2.0,2.0,2.0,0.0,0.0,2.0,2.0,2,2,2,0.0,0.0,1.0,1.0,1,1,1,0.0,0.0,0.00011740000000000001,0.000118,0.00012,0.000112,0.000121,1.0240000000000005e-11,3.2000000000000007e-06
a,diff_multi,instance_0003.txt,5,5,0,0,3.0463865546218485,3.0285714285714285,3.0285714285714285,3.0285714285714285,3.1176470588235294,0.0012695148647694408,0.035630252100840386,106.0,106.0,106,106,106,0.0,0.0,34.8,35.0,35,34,35,0.16,0.4,0.0076892,0.007682,0.007505,0.007505,0.007893,2.2408560000000044e-08,0.000149694889692334
a,diff_multi,instance_0004.txt,5,5,0,0,1.7815923207227555,1.7727272727272727,1.8571428571428572,1.6818181818181819,1.8571428571428572,0.004650449346887127,0.06819420317656866,38.8,39.0,39,37,40,0.9599999999999997,0.9797958971132711,21.8,22.0,22,21,23,0.5599999999999999,0.7483314773547882,0.0018704,0.001713,0.002673,0.001196,0.002673,2.4230903999999996e-07,0.000492248961400631
a,diff_multi,instance_0005.txt,5,5,0,0,32.5525925925926,32.55555555555556,32.55555555555556,32.54814814814815,32.55555555555556,1.3168724279831085e-05,0.0036288736930115226,4394.6,4395.0,4395,4394,4395,0.24000000000000005,0.48989794855663565,135.0,135.0,135,135,135,0.0,0.0,0.2527646,0.260563,0.264335,0.205619,0.274425,0.0005847960150399997,0.024182556007171774
a,diff_multi,instance_0006.txt,5,5,0,0,27.602836879432623,27.602836879432623,27.602836879432623,27.602836879432623,27.602836879432623,0.0,0.0,3892.0,3892.0,3892,3892,3892,0.0,0.0,141.0,141.0,141,141,141,0.0,0.0,0.3650314,0.374151,0.363691,0.316025,0.388325,0.0006701593654399998,0.025887436440095796
a,diff_multi,instance_0007.txt,5,5,0,0,26.53103448275862,26.53103448275862,26.53103448275862,26.53103448275862,26.53103448275862,0.0,0.0,3847.0,3847.0,3847,3847,3847,0.0,0.0,145.0,145.0,145,145,145,0.0,0.0,0.32773620000000003,0.352762,0.295056,0.262237,0.374659,0.0017748470733600006,0.042128933921474924
a,diff_multi,instance_0008.txt,5,5,0,0,22.015503875968992,22.015503875968992,22.015503875968992,22.015503875968992,22.015503875968992,0.0,0.0,2840.0,2840.0,2840,2840,2840,0.0,0.0,129.0,129.0,129,129,129,0.0,0.0,0.2660600000000001,0.26279,0.28664,0.245824,0.28664,0.0002770539868000003,0.016644938774294134
a,diff_multi,instance_0009.txt,5,5,0,0,2.374677336552337,2.390625,2.390625,2.303030303030303,2.4285714285714284,0.002209876959833761,0.0470093284341923,152.4,152.0,152,152,153,0.24,0.4898979485566356,64.2,64.0,63,63,66,1.3599999999999999,1.16619037896906,0.02555,0.022995,0.022995,0.021752,0.032882,1.7886411600000005e-05,0.004229232980104076
a,diff_multi,instance_0010.txt,5,5,0,0,5.914644983967018,5.918644067796611,5.918644067796611,5.898648648648648,5.918644067796611,6.397068590443173e-05,0.00799816765918493,1746.0,1746.0,1746,1746,1746,0.0,0.0,295.2,295.0,295,295,296,0.16,0.4,0.524965,0.562309,0.439189,0.422327,0.614166,0.006214249423599998,0.0788305107404487
a,diff_multi,instance_0011.txt,5,5,0,0,6.7926910299003325,6.794019933554817,6.794019933554817,6.790697674418604,6.794019933554817,2.6489773843557925e-06,0.00162756793540417,2044.6,2045.0,2045,2044,2045,0.24,0.4898979485566356,301.0,301.0,301,301,301,0.0,0.0,0.4052428,0.413122,0.372354,0.32021,0.486115,0.0031531090669600003,0.05615255174041515
a,diff_multi,instance_0012.txt,5,5,0,0,2.1798554652213187,2.185185185185185,2.185185185185185,2.158536585365854,2.185185185185185,0.00011362365957293843,0.010659439927732528,177.0,177.0,177,177,177,0.0,0.0,81.2,81.0,81,81,82,0.16,0.4,0.035694000000000004,0.038935,0.043031,0.027766,0.043031,3.48710504e-05,0.005905171496239547
a,diff_multi,instance_0013.txt,5,5,0,0,12.590659340659341,12.590659340659341,12.590659340659341,12.590659340659341,12.590659340659341,0.0,0.0,4583.0,4583.0,4583,4583,4583,0.0,0.0,364.0,364.0,364,364,364,0.0,0.0,0.8423266,0.780538,0.684027,0.684027,1.040019,0.01839908666744,0.1356432330322453
a,diff_multi,instance_0014.txt,5,5,0,0,20.5715277385857,20.58244680851064,20.58244680851064,20.52785145888594,20.58244680851064,0.0004769043521028825,0.02183813984987921,7739.0,7739.0,7739,7739,7739,0.0,0.0,376.2,376.0,376,376,377,0.16,0.4,1.2668084,1.253846,1.214459,1.084272,1.428985,0.013973778690640001,0.11821073847430275
a,diff_multi,instance_0015.txt,5,5,0,0,10.725947521865889,10.725947521865889,10.725947521865889,10.725947521865889,10.725947521865889,0.0,0.0,3679.0,3679.0,3679,3679,3679,0.0,0.0,343.0,343.0,343,343,343,0.0,0.0,1.2639526,1.304567,0.944365,0.944365,1.548381,0.05285263126183999,0.22989700141985323
a,diff_multi,instance_0016.txt,5,5,0,0,9.661971830985916,9.661971830985916,9.661971830985916,9.661971830985916,9.661971830985916,0.0,0.0,686.0,686.0,686,686,686,0.0,0.0,71.0,71.0,71,71,71,0.0,0.0,0.0417298,0.040309,0.039505,0.039505,0.046993,7.563471760000004e-06,0.0027501766779608914
a,diff_multi,instance_0017.txt,5,5,0,0,3.804347826086956,3.8043478260869565,3.8043478260869565,3.8043478260869565,3.8043478260869565,1.9721522630525295e-31,4.440892098500626e-16,175.0,175.0,175,175,175,0.0,0.0,46.0,46.0,46,46,46,0.0,0.0,0.020124200000000002,0.01704,0.01704,0.012161,0.038616,9.442059695999998e-05,0.009717026137661665
a,diff_multi,instance_0018.txt,5,5,0,0,15.855263157894736,15.855263157894736,15.855263157894736,15.855263157894736,15.855263157894736,0.0,0.0,1205.0,1205.0,1205,1205,1205,0.0,0.0,76.0,76.0,76,76,76,0.0,0.0,0.05699620000000001,0.05939,0.05939,0.051009,0.062076,1.8616800159999998e-05,0.004314719012867466
a,diff_multi,instance_0019.txt,5,5,0,0,9.871694816540478,9.891089108910892,9.891089108910892,9.794117647058824,9.891089108910892,0.0015045543061963209,0.038788584740827046,999.0,999.0,999,999,999,0.0,0.0,101.2,101.0,101,101,102,0.16,0.4,0.1441094,0.13438,0.127113,0.122541,0.177673,0.00043844810744000007,0.020939152500519215
a,diff_multi,instance_0020.txt,5,5,0,0,3.8,3.0,3.0,3.0,5.0,0.96,0.9797958971132712,11.2,12.0,12,10,12,0.9600000000000002,0.9797958971132713,3.2,4.0,4,2,4,0.96,0.9797958971132712,0.00017820000000000002,0.000162,0.000162,0.000162,0.00024,9.561600000000001e-10,3.0921836944140305e-05
a,diff_multi_weighted,instance_0001.txt,5,5,0,0,2.7183333333333333,2.72,2.72,2.68,2.7916666666666665,0.0016644444444444354,0.0407976034154512,67.4,67.0,67,67,68,0.24,0.4898979485566356,24.8,25.0,25,24,25,0.15999999999999998,0.39999999999999997,0.0052838,0.00554,0.005223,0.003254,0.006245,1.17516136e-06,0.001084048596696661
a,diff_multi_weighted,instance_0002.txt,5,5,0,0,1.8,2.0,2.0,1.0,2.0,0.16,0.4,2.0,2.0,2,2,2,0.0,0.0,1.2,1.0,1,1,2,0.16,0.4,0.0001474,0.00014,0.00014,0.000123,0.000184,4.1464e-10,2.0362711017936682e-05
a,diff_multi_weighted,instance_0003.txt,5,5,0,0,2.995830115830116,3.0285714285714285,3.0285714285714285,2.864864864864865,3.0285714285714285,0.004287974240097784,0.06548262548262541,106.0,106.0,106,106,106,0.0,0.0,35.4,35.0,35,35,37,0.6399999999999999,0.7999999999999999,0.0113196,0.010531,0.010531,0.007785,0.017343,1.1773999840000002e-05,0.0034313262508831772
a,diff_multi_weighted,instance_0004.txt,5,5,0,0,1.8233112425332105,1.7727272727272727,1.7727272727272727,1.608695652173913,2.1052631578947367,0.02636375767021094,0.16236920172930253,38.8,39.0,39,37,40,0.96,0.9797958971132712,21.4,22.0,22,19,23,1.8399999999999999,1.3564659966250536,0.0020109999999999998,0.001856,0.001856,0.001697,0.002473,7.72668e-08,0.0002779690630268052
a,diff_multi_weighted,instance_0005.txt,5,5,0,0,32.552592592592596,32.55555555555556,32.55555555555556,32.54814814814815,32.55555555555556,1.3168724279831087e-05,0.0036288736930115226,4394.6,4395.0,4395,4394,4395,0.24,0.4898979485566356,135.0,135.0,135,135,135,0.0,0.0,0.26601240000000004,0.264544,0.236661,0.236661,0.292,0.0004953049586399995,0.022255447841820652
a,diff_multi_weighted,instance_0006.txt,5,5,0,0,27.602836879432623,27.602836879432623,27.602836879432623,27.602836879432623,27.602836879432623,0.0,0.0,3892.0,3892.0,3892,3892,3892,0.0,0.0,141.0,141.0,141,141,141,0.0,0.0,0.38104940000000004,0.400139,0.400139,0.324481,0.40882,0.00100506058104,0.03170269043851011
a,diff_multi_weighted,instance_0007.txt,5,5,0,0,26.53103448275862,26.53103448275862,26.53103448275862,26.53103448275862,26.53103448275862,0.0,0.0,3847.0,3847.0,3847,3847,3847,0.0,0.0,145.0,145.0,145,145,145,0.0,0.0,0.35759620000000003,0.375326,0.375326,0.290494,0.395065,0.0014267737189600006,0.037772658351776095
a,diff_multi_weighted,instance_0008.txt,5,5,0,0,22.013953488372092,22.015503875968992,22.015503875968992,22.007751937984494,22.015503875968992,9.614806802480254e-06,0.0031007751937991656,2839.8,2840.0,2840,2839,2840,0.15999999999999998,0.39999999999999997,129.0,129.0,129,129,129,0.0,0.0,0.3075066,0.306398,0.29202,0.271051,0.350989,0.0007104695866400001,0.026654635368730896
a,diff_multi_weighted,instance_0009.txt,5,5,0,0,2.353036764230794,2.375,2.375,2.283582089552239,2.4285714285714284,0.0027989701928919737,0.052905294563890044,152.4,152.0,152,152,153,0.24,0.4898979485566356,64.8,64.0,64,63,67,2.1599999999999997,1.4696938456699067,0.026108399999999997,0.024987,0.0241,0.0241,0.029914,5.100679439999998e-06,0.002258468383661812
a,diff_multi_weighted,instance_0010.txt,5,5,0,0,5.918644067796611,5.918644067796611,5.918644067796611,5.918644067796611,5.918644067796611,0.0,0.0,1746.0,1746.0,1746,1746,1746,0.0,0.0,295.0,295.0,295,295,295,0.0,0.0,0.6041817999999999,0.623311,0.559839,0.549007,0.654096,0.0017593145973600001,0.04194418430915066
a,diff_multi_weighted,instance_0011.txt,5,5,0,0,6.792691029900331,6.794019933554817,6.794019933554817,6.790697674418604,6.794019933554817,2.648977384355793e-06,0.00162756793540417,2044.6,2045.0,2045,2044,2045,0.24,0.4898979485566356,301.0,301.0,301,301,301,0.0,0.0,0.43601140000000005,0.428047,0.372605,0.336208,0.535853,0.005820241358640001,0.07629050634672706
a,diff_multi_weighted,instance_0012.txt,5,5,0,0,2.1695767195767197,2.185185185185185,2.185185185185185,2.107142857142857,2.185185185185185,0.0009744967946026115,0.031216931216931167,177.0,177.0,177,177,177,0.0,0.0,81.6,81.0,81,81,84,1.44,1.2,0.0541088,0.059265,0.028673,0.028673,0.072005,0.00027369595455999996,0.016543758779672773
a,diff_multi_weighted,instance_0013.txt,5,5,0,0,12.590659340659341,12.590659340659341,12.590659340659341,12.590659340659341,12.590659340659341,0.0,0.0,4583.0,4583.0,4583,4583,4583,0.0,0.0,364.0,364.0,364,364,364,0.0,0.0,0.9616674,1.069323,0.753613,0.753613,1.093567,0.023119342005840003,0.15205045874919287
a,diff_multi_weighted,instance_0014.txt,5,5,0,0,20.593424113475177,20.58244680851064,20.58244680851064,20.58244680851064,20.637333333333334,0.00048200489713797547,0.021954609929078116,7739.0,7739.0,7739,7739,7739,0.0,0.0,375.8,376.0,376,375,376,0.16,0.4,1.1904974,1.068048,0.860544,0.860544,1.504978,0.06665708099983998,0.25818032651586753
a,diff_multi_weighted,instance_0015.txt,5,5,0,0,10.725947521865889,10.725947521865889,10.725947521865889,10.725947521865889,10.725947521865889,0.0,0.0,3679.0,3679.0,3679,3679,3679,0.0,0.0,343.0,343.0,343,343,343,0.0,0.0,0.9802453999999999,1.006737,1.028112,0.833266,1.031993,0.005541896314640001,0.07444391388582415
a,diff_multi_weighted,instance_0016.txt,5,5,0,0,9.661971830985916,9.661971830985916,9.661971830985916,9.661971830985916,9.661971830985916,0.0,0.0,686.0,686.0,686,686,686,0.0,0.0,71.0,71.0,71,71,71,0.0,0.0,0.0313962,0.029395,0.034579,0.024596,0.039734,2.745813895999999e-05,0.005240051427228553
a,diff_multi_weighted,instance_0017.txt,5,5,0,0,3.8212560386473426,3.8043478260869565,3.8043478260869565,3.8043478260869565,3.888888888888889,0.0011435506079488416,0.03381642512077292,175.0,175.0,175,175,175,0.0,0.0,45.8,46.0,46,45,46,0.16,0.4,0.0121192,0.00884,0.008685,0.008685,0.025478,4.462029416e-05,0.0066798423753858145
a,diff_multi_weighted,instance_0018.txt,5,5,0,0,15.855263157894736,15.855263157894736,15.855263157894736,15.855263157894736,15.855263157894736,0.0,0.0,1205.0,1205.0,1205,1205,1205,0.0,0.0,76.0,76.0,76,76,76,0.0,0.0,0.052102,0.048495,0.038868,0.038648,0.082589,0.0002597306708,0.016116161788713838
a,diff_multi_weighted,instance_0019.txt,5,5,0,0,9.910871287128712,9.891089108910892,9.891089108910892,9.891089108910892,9.99,0.0015653383001666323,0.039564356435643336,999.0,999.0,999,999,999,0.0,0.0,100.8,101.0,101,100,101,0.16,0.4,0.1181702,0.119876,0.097127,0.097127,0.136689,0.00026239543336,0.016198624428018574
a,diff_multi_weighted,instance_0020.txt,5,5,0,0,3.733333333333333,4.0,4.0,3.0,4.0,0.15111111111111114,0.38873012632302006,11.8,12.0,12,11,12,0.15999999999999998,0.39999999999999997,3.2,3.0,3,3,4,0.15999999999999998,0.39999999999999997,0.00012079999999999998,0.000124,0.000129,0.00011,0.000129,4.695999999999997e-11,6.852736679604723e-06
a,diff_smaller,instance_0001.txt,1,1,0,0,2.68,2.68,2.68,2.68,2.68,0.0,0.0,67.0,67.0,67,67,67,0.0,0.0,25.0,25.0,25,25,25,0.0,0.0,0.004337,0.004337,0.004337,0.004337,0.004337,0.0,0.0
a,diff_smaller,instance_0002.txt,1,1,0,0,2.0,2.0,2.0,2.0,2.0,0.0,0.0,2.0,2.0,2,2,2,0.0,0.0,1.0,1.0,1,1,1,0.0,0.0,0.000179,0.000179,0.000179,0.000179,0.000179,0.0,0.0
a,diff_smaller,instance_0003.txt,1,1,0,0,2.864864864864865,2.864864864864865,2.864864864864865,2.864864864864865,2.864864864864865,0.0,0.0,106.0,106.0,106,106,106,0.0,0.0,37.0,37.0,37,37,37,0.0,0.0,0.010022,0.010022,0.010022,0.010022,0.010022,0.0,0.0
a,diff_smaller,instance_0004.txt,1,1,0,0,1.625,1.625,1.625,1.625,1.625,0.0,0.0,39.0,39.0,39,39,39,0.0,0.0,24.0,24.0,24,24,24,0.0,0.0,0.002088,0.002088,0.002088,0.002088,0.002088,0.0,0.0
a,diff_smaller,instance_0005.txt,1,1,0,0,31.847826086956523,31.847826086956523,31.847826086956523,31.847826086956523,31.847826086956523,0.0,0.0,4395.0,4395.0,4395,4395,4395,0.0,0.0,138.0,138.0,138,138,138,0.0,0.0,0.308185,0.308185,0.308185,0.308185,0.308185,0.0,0.0
a,diff_smaller,instance_0006.txt,1,1,0,0,26.65753424657534,26.65753424657534,26.65753424657534,26.65753424657534,26.65753424657534,0.0,0.0,3892.0,3892.0,3892,3892,3892,0.0,0.0,146.0,146.0,146,146,146,0.0,0.0,0.399654,0.399654,0.399654,0.399654,0.399654,0.0,0.0
a,diff_smaller,instance_0007.txt,1,1,0,0,25.818791946308725,25.818791946308725,25.818791946308725,25.818791946308725,25.818791946308725,0.0,0.0,3847.0,3847.0,3847,3847,3847,0.0,0.0,149.0,149.0,149,149,149,0.0,0.0,0.380421,0.380421,0.380421,0.380421,0.380421,0.0,0.0
a,diff_smaller,instance_0008.txt,1,1,0,0,21.838461538461537,21.838461538461537,21.838461538461537,21.838461538461537,21.838461538461537,0.0,0.0,2839.0,2839.0,2839,2839,2839,0.0,0.0,130.0,130.0,130,130,130,0.0,0.0,0.20786,0.20786,0.20786,0.20786,0.20786,0.0,0.0
a,diff_smaller,instance_0009.txt,1,1,0,0,2.054054054054054,2.054054054054054,2.054054054054054,2.054054054054054,2.054054054054054,0.0,0.0,152.0,152.0,152,152,152,0.0,0.0,74.0,74.0,74,74,74,0.0,0.0,0.031031,0.031031,0.031031,0.031031,0.031031,0.0,0.0
a,diff_smaller,instance_0010.txt,1,1,0,0,5.507886435331231,5.507886435331231,5.507886435331231,5.507886435331231,5.507886435331231,0.0,0.0,1746.0,1746.0,1746,1746,1746,0.0,0.0,317.0,317.0,317,317,317,0.0,0.0,0.513368,0.513368,0.513368,0.513368,0.513368,0.0,0.0
a,diff_smaller,instance_0011.txt,1,1,0,0,6.367601246105919,6.367601246105919,6.367601246105919,6.367601246105919,6.367601246105919,0.0,0.0,2044.0,2044.0,2044,2044,2044,0.0,0.0,321.0,321.0,321,321,321,0.0,0.0,0.559687,0.559687,0.559687,0.559687,0.559687,0.0,0.0
a,diff_smaller,instance_0012.txt,1,1,0,0,1.8829787234042554,1.8829787234042554,1.8829787234042554,1.8829787234042554,1.8829787234042554,0.0,0.0,177.0,177.0,177,177,177,0.0,0.0,94.0,94.0,94,94,94,0.0,0.0,0.031416,0.031416,0.031416,0.031416,0.031416,0.0,0.0
a,diff_smaller,instance_0013.txt,1,1,0,0,12.487738419618529,12.487738419618529,12.487738419618529,12.487738419618529,12.487738419618529,0.0,0.0,4583.0,4583.0,4583,4583,4583,0.0,0.0,367.0,367.0,367,367,367,0.0,0.0,1.363374,1.363374,1.363374,1.363374,1.363374,0.0,0.0
a,diff_smaller,instance_0014.txt,1,1,0,0,20.473544973544975,20.473544973544975,20.473544973544975,20.473544973544975,20.473544973544975,0.0,0.0,7739.0,7739.0,7739,7739,7739,0.0,0.0,378.0,378.0,378,378,378,0.0,0.0,1.735011,1.735011,1.735011,1.735011,1.735011,0.0,0.0
a,diff_smaller,instance_0015.txt,1,1,0,0,10.305322128851541,10.305322128851541,10.305322128851541,10.305322128851541,10.305322128851541,0.0,0.0,3679.0,3679.0,3679,3679,3679,0.0,0.0,357.0,357.0,357,357,357,0.0,0.0,0.911268,0.911268,0.911268,0.911268,0.911268,0.0,0.0
a,diff_smaller,instance_0016.txt,1,1,0,0,9.527777777777779,9.527777777777779,9.527777777777779,9.527777777777779,9.527777777777779,0.0,0.0,686.0,686.0,686,686,686,0.0,0.0,72.0,72.0,72,72,72,0.0,0.0,0.076199,0.076199,0.076199,0.076199,0.076199,0.0,0.0
a,diff_smaller,instance_0017.txt,1,1,0,0,3.8043478260869565,3.8043478260869565,3.8043478260869565,3.8043478260869565,3.8043478260869565,0.0,0.0,175.0,175.0,175,175,175,0.0,0.0,46.0,46.0,46,46,46,0.0,0.0,0.02837,0.02837,0.02837,0.02837,0.02837,0.0,0.0
a,diff_smaller,instance_0018.txt,1,1,0,0,15.855263157894736,15.855263157894736,15.855263157894736,15.855263157894736,15.855263157894736,0.0,0.0,1205.0,1205.0,1205,1205,1205,0.0,0.0,76.0,76.0,76,76,76,0.0,0.0,0.082479,0.082479,0.082479,0.082479,0.082479,0.0,0.0
a,diff_smaller,instance_0019.txt,1,1,0,0,9.60576923076923,9.60576923076923,9.60576923076923,9.60576923076923,9.60576923076923,0.0,0.0,999.0,999.0,999,999,999,0.0,0.0,104.0,104.0,104,104,104,0.0,0.0,0.126053,0.126053,0.126053,0.126053,0.126053,0.0,0.0
a,diff_smaller,instance_0020.txt,1,1,0,0,4.0,4.0,4.0,4.0,4.0,0.0,0.0,12.0,12.0,12,12,12,0.0,0.0,3.0,3.0,3,3,3,0.0,0.0,0.000153,0.000153,0.000153,0.000153,0.000153,0.0,0.0
a,diff_smaller_multi,instance_0001.txt,1,1,0,0,2.68,2.68,2.68,2.68,2.68,0.0,0.0,67.0,67.0,67,67,67,0.0,0.0,25.0,25.0,25,25,25,0.0,0.0,0.005866,0.005866,0.005866,0.005866,0.005866,0.0,0.0
a,diff_smaller_multi,instance_0002.txt,1,1,0,0,2.0,2.0,2.0,2.0,2.0,0.0,0.0,2.0,2.0,2,2,2,0.0,0.0,1.0,1.0,1,1,1,0.0,0.0,0.000154,0.000154,0.000154,0.000154,0.000154,0.0,0.0
a,diff_smaller_multi,instance_0003.txt,1,1,0,0,3.0285714285714285,3.0285714285714285,3.0285714285714285,3.0285714285714285,3.0285714285714285,0.0,0.0,106.0,106.0,106,106,106,0.0,0.0,35.0,35.0,35,35,35,0.0,0.0,0.011152,0.011152,0.011152,0.011152,0.011152,0.0,0.0
a,diff_smaller_multi,instance_0004.txt,1,1,0,0,1.6956521739130435,1.6956521739130435,1.6956521739130435,1.6956521739130435,1.6956521739130435,0.0,0.0,39.0,39.0,39,39,39,0.0,0.0,23.0,23.0,23,23,23,0.0,0.0,0.004907,0.004907,0.004907,0.004907,0.004907,0.0,0.0
a,diff_smaller_multi,instance_0005.txt,1,1,0,0,32.55555555555556,32.55555555555556,32.55555555555556,32.55555555555556,32.55555555555556,0.0,0.0,4395.0,4395.0,4395,4395,4395,0.0,0.0,135.0,135.0,135,135,135,0.0,0.0,0.380556,0.380556,0.380556,0.380556,0.380556,0.0,0.0
a,diff_smaller_multi,instance_0006.txt,1,1,0,0,27.602836879432623,27.602836879432623,27.602836879432623,27.602836879432623,27.602836879432623,0.0,0.0,3892.0,3892.0,3892,3892,3892,0.0,0.0,141.0,141.0,141,141,141,0.0,0.0,0.596467,0.596467,0.596467,0.596467,0.596467,0.0,0.0
a,diff_smaller_multi,instance_0007.txt,1,1,0,0,26.53103448275862,26.53103448275862,26.53103448275862,26.53103448275862,26.53103448275862,0.0,0.0,3847.0,3847.0,3847,3847,3847,0.0,0.0,145.0,145.0,145,145,145,0.0,0.0,0.538457,0.538457,0.538457,0.538457,0.538457,0.0,0.0
a,diff_smaller_multi,instance_0008.txt,1,1,0,0,22.007751937984494,22.007751937984494,22.007751937984494,22.007751937984494,22.007751937984494,0.0,0.0,2839.0,2839.0,2839,2839,2839,0.0,0.0,129.0,129.0,129,129,129,0.0,0.0,0.433328,0.433328,0.433328,0.433328,0.433328,0.0,0.0
a,diff_smaller_multi,instance_0009.txt,1,1,0,0,2.375,2.375,2.375,2.375,2.375,0.0,0.0,152.0,152.0,152,152,152,0.0,0.0,64.0,64.0,64,64,64,0.0,0.0,0.023691,0.023691,0.023691,0.023691,0.023691,0.0,0.0
a,diff_smaller_multi,instance_0010.txt,1,1,0,0,5.918644067796611,5.918644067796611,5.918644067796611,5.918644067796611,5.918644067796611,0.0,0.0,1746.0,1746.0,1746,1746,1746,0.0,0.0,295.0,295.0,295,295,295,0.0,0.0,0.885181,0.885181,0.885181,0.885181,0.885181,0.0,0.0
a,diff_smaller_multi,instance_0011.txt,1,1,0,0,6.790697674418604,6.790697674418604,6.790697674418604,6.790697674418604,6.790697674418604,0.0,0.0,2044.0,2044.0,2044,2044,2044,0.0,0.0,301.0,301.0,301,301,301,0.0,0.0,0.590608,0.590608,0.590608,0.590608,0.590608,0.0,0.0
a,diff_smaller_multi,instance_0012.txt,1,1,0,0,2.2125,2.2125,2.2125,2.2125,2.2125,0.0,0.0,177.0,177.0,177,177,177,0.0,0.0,80.0,80.0,80,80,80,0.0,0.0,0.084861,0.084861,0.084861,0.084861,0.084861,0.0,0.0
a,diff_smaller_multi,instance_0013.txt,1,1,0,0,12.590659340659341,12.590659340659341,12.590659340659341,12.590659340659341,12.590659340659341,0.0,0.0,4583.0,4583.0,4583,4583,4583,0.0,0.0,364.0,364.0,364,364,364,0.0,0.0,1.298525,1.298525,1.298525,1.298525,1.298525,0.0,0.0
a,diff_smaller_multi,instance_0014.txt,1,1,0,0,20.58244680851064,20.58244680851064,20.58244680851064,20.58244680851064,20.58244680851064,0.0,0.0,7739.0,7739.0,7739,7739,7739,0.0,0.0,376.0,376.0,376,376,376,0.0,0.0,1.956932,1.956932,1.956932,1.956932,1.956932,0.0,0.0
a,diff_smaller_multi,instance_0015.txt,1,1,0,0,10.725947521865889,10.725947521865889,10.725947521865889,10.725947521865889,10.725947521865889,0.0,0.0,3679.0,3679.0,3679,3679,3679,0.0,0.0,343.0,343.0,343,343,343,0.0,0.0,1.477491,1.477491,1.477491,1.477491,1.477491,0.0,0.0
a,diff_smaller_multi,instance_0016.txt,1,1,0,0,9.661971830985916,9.661971830985916,9.661971830985916,9.661971830985916,9.661971830985916,0.0,0.0,686.0,686.0,686,686,686,0.0,0.0,71.0,71.0,71,71,71,0.0,0.0,0.043539,0.043539,0.043539,0.043539,0.043539,0.0,0.0
a,diff_smaller_multi,instance_0017.txt,1,1,0,0,3.8043478260869565,3.8043478260869565,3.8043478260869565,3.8043478260869565,3.8043478260869565,0.0,0.0,175.0,175.0,175,175,175,0.0,0.0,46.0,46.0,46,46,46,0.0,0.0,0.016904,0.016904,0.016904,0.016904,0.016904,0.0,0.0
a,diff_smaller_multi,instance_0018.txt,1,1,0,0,15.855263157894736,15.855263157894736,15.855263157894736,15.855263157894736,15.855263157894736,0.0,0.0,1205.0,1205.0,1205,1205,1205,0.0,0.0,76.0,76.0,76,76,76,0.0,0.0,0.075838,0.075838,0.075838,0.075838,0.075838,0.0,0.0
a,diff_smaller_multi,instance_0019.txt,1,1,0,0,9.891089108910892,9.891089108910892,9.891089108910892,9.891089108910892,9.891089108910892,0.0,0.0,999.0,999.0,999,999,999,0.0,0.0,101.0,101.0,101,101,101,0.0,0.0,0.149025,0.149025,0.149025,0.149025,0.149025,0.0,0.0
a,diff_smaller_multi,instance_0020.txt,1,1,0,0,4.0,4.0,4.0,4.0,4.0,0.0,0.0,12.0,12.0,12,12,12,0.0,0.0,3.0,3.0,3,3,3,0.0,0.0,0.000151,0.000151,0.000151,0.000151,0.000151,0.0,0.0
a,diff_smaller_multi_weighted,instance_0001.txt,1,1,0,0,2.68,2.68,2.68,2.68,2.68,0.0,0.0,67.0,67.0,67,67,67,0.0,0.0,25.0,25.0,25,25,25,0.0,0.0,0.00564,0.00564,0.00564,0.00564,0.00564,0.0,0.0
a,diff_smaller_multi_weighted,instance_0002.txt,1,1,0,0,2.0,2.0,2.0,2.0,2.0,0.0,0.0,2.0,2.0,2,2,2,0.0,0.0,1.0,1.0,1,1,1,0.0,0.0,0.000125,0.000125,0.000125,0.000125,0.000125,0.0,0.0
a,diff_smaller_multi_weighted,instance_0003.txt,1,1,0,0,3.0285714285714285,3.0285714285714285,3.0285714285714285,3.0285714285714285,3.0285714285714285,0.0,0.0,106.0,106.0,106,106,106,0.0,0.0,35.0,35.0,35,35,35,0.0,0.0,0.007234,0.007234,0.007234,0.007234,0.007234,0.0,0.0
a,diff_smaller_multi_weighted,instance_0004.txt,1,1,0,0,1.6956521739130435,1.6956521739130435,1.6956521739130435,1.6956521739130435,1.6956521739130435,0.0,0.0,39.0,39.0,39,39,39,0.0,0.0,23.0,23.0,23,23,23,0.0,0.0,0.002157,0.002157,0.002157,0.002157,0.002157,0.0,0.0
a,diff_smaller_multi_weighted,instance_0005.txt,1,1,0,0,32.55555555555556,32.55555555555556,32.55555555555556,32.55555555555556,32.55555555555556,0.0,0.0,4395.0,4395.0,4395,4395,4395,0.0,0.0,135.0,135.0,135,135,135,0.0,0.0,0.242004,0.242004,0.242004,0.242004,0.242004,0.0,0.0
a,diff_smaller_multi_weighted,instance_0006.txt,1,1,0,0,27.602836879432623,27.602836879432623,27.602836879432623,27.602836879432623,27.602836879432623,0.0,0.0,3892.0,3892.0,3892,3892,3892,0.0,0.0,141.0,141.0,141,141,141,0.0,0.0,0.288561,0.288561,0.288561,0.288561,0.288561,0.0,0.0
a,diff_smaller_multi_weighted,instance_0007.txt,1,1,0,0,26.53103448275862,26.53103448275862,26.53103448275862,26.53103448275862,26.53103448275862,0.0,0.0,3847.0,3847.0,3847,3847,3847,0.0,0.0,145.0,145.0,145,145,145,0.0,0.0,0.302923,0.302923,0.302923,0.302923,0.302923,0.0,0.0
a,diff_smaller_multi_weighted,instance_0008.txt,1,1,0,0,22.007751937984494,22.007751937984494,22.007751937984494,22.007751937984494,22.007751937984494,0.0,0.0,2839.0,2839.0,2839,2839,2839,0.0,0.0,129.0,129.0,129,129,129,0.0,0.0,0.213853,0.213853,0.213853,0.213853,0.213853,0.0,0.0
a,diff_smaller_multi_weighted,instance_0009.txt,1,1,0,0,2.375,2.375,2.375,2.375,2.375,0.0,0.0,152.0,152.0,152,152,152,0.0,0.0,64.0,64.0,64,64,64,0.0,0.0,0.026874,0.026874,0.026874,0.026874,0.026874,0.0,0.0
a,diff_smaller_multi_weighted,instance_0010.txt,1,1,0,0,5.918644067796611,5.918644067796611,5.918644067796611,5.918644067796611,5.918644067796611,0.0,0.0,1746.0,1746.0,1746,1746,1746,0.0,0.0,295.0,295.0,295,295,295,0.0,0.0,0.541223,0.541223,0.541223,0.541223,0.541223,0.0,0.0
a,diff_smaller_multi_weighted,instance_0011.txt,1,1,0,0,6.790697674418604,6.790697674418604,6.790697674418604,6.790697674418604,6.790697674418604,0.0,0.0,2044.0,2044.0,2044,2044,2044,0.0,0.0,301.0,301.0,301,301,301,0.0,0.0,0.522091,0.522091,0.522091,0.522091,0.522091,0.0,0.0
a,diff_smaller_multi_weighted,instance_0012.txt,1,1,0,0,2.2125,2.2125,2.2125,2.2125,2.2125,0.0,0.0,177.0,177.0,177,177,177,0.0,0.0,80.0,80.0,80,80,80,0.0,0.0,0.044589,0.044589,0.044589,0.044589,0.044589,0.0,0.0
a,diff_smaller_multi_weighted,instance_0013.txt,1,1,0,0,12.590659340659341,12.590659340659341,12.590659340659341,12.590659340659341,12.590659340659341,0.0,0.0,4583.0,4583.0,4583,4583,4583,0.0,0.0,364.0,364.0,364,364,364,0.0,0.0,1.102042,1.102042,1.102042,1.102042,1.102042,0.0,0.0
a,diff_smaller_multi_weighted,instance_0014.txt,1,1,0,0,20.58244680851064,20.58244680851064,20.58244680851064,20.58244680851064,20.58244680851064,0.0,0.0,7739.0,7739.0,7739,7739,7739,0.0,0.0,376.0,376.0,376,376,376,0.0,0.0,1.615938,1.615938,1.615938,1.615938,1.615938,0.0,0.0
a,diff_smaller_multi_weighted,instance_0015.txt,1,1,0,0,10.725947521865889,10.725947521865889,10.725947521865889,10.725947521865889,10.725947521865889,0.0,0.0,3679.0,3679.0,3679,3679,3679,0.0,0.0,343.0,343.0,343,343,343,0.0,0.0,1.033003,1.033003,1.033003,1.033003,1.033003,0.0,0.0
a,diff_smaller_multi_weighted,instance_0016.txt,1,1,0,0,9.661971830985916,9.661971830985916,9.661971830985916,9.661971830985916,9.661971830985916,0.0,0.0,686.0,686.0,686,686,686,0.0,0.0,71.0,71.0,71,71,71,0.0,0.0,0.024971,0.024971,0.024971,0.024971,0.024971,0.0,0.0
a,diff_smaller_multi_weighted,instance_0017.txt,1,1,0,0,3.8043478260869565,3.8043478260869565,3.8043478260869565,3.8043478260869565,3.8043478260869565,0.0,0.0,175.0,175.0,175,175,175,0.0,0.0,46.0,46.0,46,46,46,0.0,0.0,0.009137,0.009137,0.009137,0.009137,0.009137,0.0,0.0
a,diff_smaller_multi_weighted,instance_0018.txt,1,1,0,0,15.855263157894736,15.855263157894736,15.855263157894736,15.855263157894736,15.855263157894736,0.0,0.0,1205.0,1205.0,1205,1205,1205,0.0,0.0,76.0,76.0,76,76,76,0.0,0.0,0.0379,0.0379,0.0379,0.0379,0.0379,0.0,0.0
a,diff_smaller_multi_weighted,instance_0019.txt,1,1,0,0,9.891089108910892,9.891089108910892,9.891089108910892,9.891089108910892,9.891089108910892,0.0,0.0,999.0,999.0,999,999,999,0.0,0.0,101.0,101.0,101,101,101,0.0,0.0,0.112862,0.112862,0.112862,0.112862,0.112862,0.0,0.0
a,diff_smaller_multi_weighted,instance_0020.txt,1,1,0,0,4.0,4.0,4.0,4.0,4.0,0.0,0.0,12.0,12.0,12,12,12,0.0,0.0,3.0,3.0,3,3,3,0.0,0.0,0.000122,0.000122,0.000122,0.000122,0.000122,0.0,0.0
a,diff_smaller_weighted,instance_0001.txt,1,1,0,0,2.68,2.68,2.68,2.68,2.68,0.0,0.0,67.0,67.0,67,67,67,0.0,0.0,25.0,25.0,25,25,25,0.0,0.0,0.003203,0.003203,0.003203,0.003203,0.003203,0.0,0.0
a,diff_smaller_weighted,instance_0002.txt,1,1,0,0,2.0,2.0,2.0,2.0,2.0,0.0,0.0,2.0,2.0,2,2,2,0.0,0.0,1.0,1.0,1,1,1,0.0,0.0,0.000139,0.000139,0.000139,0.000139,0.000139,0.0,0.0
a,diff_smaller_weighted,instance_0003.txt,1,1,0,0,2.864864864864865,2.864864864864865,2.864864864864865,2.864864864864865,2.864864864864865,0.0,0.0,106.0,106.0,106,106,106,0.0,0.0,37.0,37.0,37,37,37,0.0,0.0,0.005877,0.005877,0.005877,0.005877,0.005877,0.0,0.0
a,diff_smaller_weighted,instance_0004.txt,1,1,0,0,1.625,1.625,1.625,1.625,1.625,0.0,0.0,39.0,39.0,39,39,39,0.0,0.0,24.0,24.0,24,24,24,0.0,0.0,0.002375,0.002375,0.002375,0.002375,0.002375,0.0,0.0
a,diff_smaller_weighted,instance_0005.txt,1,1,0,0,31.847826086956523,31.847826086956523,31.847826086956523,31.847826086956523,31.847826086956523,0.0,0.0,4395.0,4395.0,4395,4395,4395,0.0,0.0,138.0,138.0,138,138,138,0.0,0.0,0.216958,0.216958,0.216958,0.216958,0.216958,0.0,0.0
a,diff_smaller_weighted,instance_0006.txt,1,1,0,0,26.65753424657534,26.65753424657534,26.65753424657534,26.65753424657534,26.65753424657534,0.0,0.0,3892.0,3892.0,3892,3892,3892,0.0,0.0,146.0,146.0,146,146,146,0.0,0.0,0.270252,0.270252,0.270252,0.270252,0.270252,0.0,0.0
a,diff_smaller_weighted,instance_0007.txt,1,1,0,0,25.818791946308725,25.818791946308725,25.818791946308725,25.818791946308725,25.818791946308725,0.0,0.0,3847.0,3847.0,3847,3847,3847,0.0,0.0,149.0,149.0,149,149,149,0.0,0.0,0.285465,0.285465,0.285465,0.285465,0.285465,0.0,0.0
a,diff_smaller_weighted,instance_0008.txt,1,1,0,0,21.838461538461537,21.838461538461537,21.838461538461537,21.838461538461537,21.838461538461537,0.0,0.0,2839.0,2839.0,2839,2839,2839,0.0,0.0,130.0,130.0,130,130,130,0.0,0.0,0.151829,0.151829,0.151829,0.151829,0.151829,0.0,0.0
a,diff_smaller_weighted,instance_0009.txt,1,1,0,0,2.054054054054054,2.054054054054054,2.054054054054054,2.054054054054054,2.054054054054054,0.0,0.0,152.0,152.0,152,152,152,0.0,0.0,74.0,74.0,74,74,74,0.0,0.0,0.020973,0.020973,0.020973,0.020973,0.020973,0.0,0.0
a,diff_smaller_weighted,instance_0010.txt,1,1,0,0,5.507886435331231,5.507886435331231,5.507886435331231,5.507886435331231,5.507886435331231,0.0,0.0,1746.0,1746.0,1746,1746,1746,0.0,0.0,317.0,317.0,317,317,317,0.0,0.0,0.357565,0.357565,0.357565,0.357565,0.357565,0.0,0.0
a,diff_smaller_weighted,instance_0011.txt,1,1,0,0,6.367601246105919,6.367601246105919,6.367601246105919,6.367601246105919,6.367601246105919,0.0,0.0,2044.0,2044.0,2044,2044,2044,0.0,0.0,321.0,321.0,321,321,321,0.0,0.0,0.309861,0.309861,0.309861,0.309861,0.309861,0.0,0.0
a,diff_smaller_weighted,instance_0012.txt,1,1,0,0,1.8829787234042554,1.8829787234042554,1.8829787234042554,1.8829787234042554,1.8829787234042554,0.0,0.0,177.0,177.0,177,177,177,0.0,0.0,94.0,94.0,94,94,94,0.0,0.0,0.035915,0.035915,0.035915,0.035915,0.035915,0.0,0.0
a,diff_smaller_weighted,instance_0013.txt,1,1,0,0,12.487738419618529,12.487738419618529,12.487738419618529,12.487738419618529,12.487738419618529,0.0,0.0,4583.0,4583.0,4583,4583,4583,0.0,0.0,367.0,367.0,367,367,367,0.0,0.0,0.959459,0.959459,0.959459,0.959459,0.959459,0.0,0.0
a,diff_smaller_weighted,instance_0014.txt,1,1,0,0,20.473544973544975,20.473544973544975,20.473544973544975,20.473544973544975,20.473544973544975,0.0,0.0,7739.0,7739.0,7739,7739,7739,0.0,0.0,378.0,378.0,378,378,378,0.0,0.0,1.539396,1.539396,1.539396,1.539396,1.539396,0.0,0.0
a,diff_smaller_weighted,instance_0015.txt,1,1,0,0,10.305322128851541,10.305322128851541,10.305322128851541,10.305322128851541,10.305322128851541,0.0,0.0,3679.0,3679.0,3679,3679,3679,0.0,0.0,357.0,357.0,357,357,357,0.0,0.0,0.66476,0.66476,0.66476,0.66476,0.66476,0.0,0.0
a,diff_smaller_weighted,instance_0016.txt,1,1,0,0,9.527777777777779,9.527777777777779,9.527777777777779,9.527777777777779,9.527777777777779,0.0,0.0,686.0,686.0,686,686,686,0.0,0.0,72.0,72.0,72,72,72,0.0,0.0,0.030193,0.030193,0.030193,0.030193,0.030193,0.0,0.0
a,diff_smaller_weighted,instance_0017.txt,1,1,0,0,3.8043478260869565,3.8043478260869565,3.8043478260869565,3.8043478260869565,3.8043478260869565,0.0,0.0,175.0,175.0,175,175,175,0.0,0.0,46.0,46.0,46,46,46,0.0,0.0,0.01968,0.01968,0.01968,0.01968,0.01968,0.0,0.0
a,diff_smaller_weighted,instance_0018.txt,1,1,0,0,15.855263157894736,15.855263157894736,15.855263157894736,15.855263157894736,15.855263157894736,0.0,0.0,1205.0,1205.0,1205,1205,1205,0.0,0.0,76.0,76.0,76,76,76,0.0,0.0,0.085886,0.085886,0.085886,0.085886,0.085886,0.0,0.0
a,diff_smaller_weighted,instance_0019.txt,1,1,0,0,9.60576923076923,9.60576923076923,9.60576923076923,9.60576923076923,9.60576923076923,0.0,0.0,999.0,999.0,999,999,999,0.0,0.0,104.0,104.0,104,104,104,0.0,0.0,0.07794,0.07794,0.07794,0.07794,0.07794,0.0,0.0
a,diff_smaller_weighted,instance_0020.txt,1,1,0,0,4.0,4.0,4.0,4.0,4.0,0.0,0.0,12.0,12.0,12,12,12,0.0,0.0,3.0,3.0,3,3,3,0.0,0.0,0.000125,0.000125,0.000125,0.000125,0.000125,0.0,0.0
a,diff_weighted,instance_0001.txt,5,5,0,0,2.6283076923076925,2.6153846153846154,2.6153846153846154,2.6153846153846154,2.68,0.0006680236686390557,0.025846153846153894,67.8,68.0,68,67,68,0.16,0.4,25.8,26.0,26,25,26,0.15999999999999998,0.39999999999999997,0.006581200000000001,0.006261,0.005086,0.004965,0.009922,3.22388856e-06,0.0017955190224556241
a,diff_weighted,instance_0002.txt,5,5,0,0,2.0,2.0,2.0,2.0,2.0,0.0,0.0,2.0,2.0,2,2,2,0.0,0.0,1.0,1.0,1,1,1,0.0,0.0,0.0001828,0.000183,0.000187,0.000175,0.00019,2.896000000000004e-11,5.3814496188294876e-06
a,diff_weighted,instance_0003.txt,5,5,0,0,2.8966966966966967,2.864864864864865,2.864864864864865,2.864864864864865,2.9444444444444446,0.0015198982766550392,0.03898587278303564,106.0,106.0,106,106,106,0.0,0.0,36.6,37.0,37,36,37,0.24,0.4898979485566356,0.0096384,0.009491,0.009728,0.008419,0.011125,7.541038400000001e-07,0.0008683915246016626
a,diff_weighted,instance_0004.txt,5,5,0,0,1.6950828157349895,1.625,1.625,1.625,1.9047619047619047,0.011740089545585083,0.1083516937827235,39.2,39.0,39,39,40,0.16,0.4,23.2,24.0,24,21,24,1.3600000000000003,1.1661903789690602,0.0025063999999999998,0.002469,0.002604,0.002021,0.003162,1.4588664000000003e-07,0.00038195109634611604
a,diff_weighted,instance_0005.txt,5,5,0,0,31.842028985507245,31.840579710144926,31.840579710144926,31.840579710144926,31.847826086956523,8.40159630330491e-06,0.0028985507246389376,4394.2,4394.0,4394,4394,4395,0.15999999999999998,0.39999999999999997,138.0,138.0,138,138,138,0.0,0.0,0.3245444,0.341899,0.294471,0.276294,0.363811,0.0011093122702400006,0.03330633979049635
a,diff_weighted,instance_0006.txt,5,5,0,0,26.65753424657534,26.65753424657534,26.65753424657534,26.65753424657534,26.65753424657534,0.0,0.0,3892.0,3892.0,3892,3892,3892,0.0,0.0,146.0,146.0,146,146,146,0.0,0.0,0.3506086,0.387395,0.284269,0.284269,0.393999,0.0024426179478400003,0.04942284843915818
a,diff_weighted,instance_0007.txt,5,5,0,0,25.81879194630873,25.818791946308725,25.818791946308725,25.818791946308725,25.818791946308725,1.262177448353619e-29,3.552713678800501e-15,3847.0,3847.0,3847,3847,3847,0.0,0.0,149.0,149.0,149,149,149,0.0,0.0,0.345391,0.322218,0.322218,0.303929,0.392745,0.0015118975060000003,0.0388831262374825
a,diff_weighted,instance_0008.txt,5,5,0,0,21.878473464519978,21.846153846153847,21.846153846153847,21.846153846153847,22.007751937984494,0.004178230925329029,0.06463923673225906,2839.8,2840.0,2840,2839,2840,0.15999999999999998,0.39999999999999997,129.8,130.0,130,129,130,0.16,0.4,0.2137886,0.222016,0.237641,0.173835,0.237641,0.0004992363034400001,0.022343596475052983
a,diff_weighted,instance_0009.txt,5,5,0,0,2.035168363168363,2.054054054054054,2.054054054054054,1.9870129870129871,2.054054054054054,0.0006922454113524613,0.026310557032348466,152.2,152.0,152,152,153,0.16,0.4,74.8,74.0,74,74,77,1.3599999999999999,1.16619037896906,0.0332904,0.031387,0.032843,0.029535,0.04145,1.7744330240000007e-05,0.004212401956129069
a,diff_weighted,instance_0010.txt,5,5,0,0,5.511372439404225,5.507886435331231,5.507886435331231,5.507886435331231,5.525316455696203,4.860889758773411e-05,0.006972008145988795,1746.0,1746.0,1746,1746,1746,0.0,0.0,316.8,317.0,317,316,317,0.16,0.4,0.4782681999999999,0.489117,0.371146,0.371146,0.529875,0.00313587671976,0.05599889927275357
a,diff_weighted,instance_0011.txt,5,5,0,0,6.358222557613049,6.350931677018633,6.350931677018633,6.350931677018633,6.370716510903427,8.070589723890541e-05,0.008983646099379995,2044.8,2045.0,2045,2044,2045,0.16,0.4,321.6,322.0,322,321,322,0.24000000000000005,0.48989794855663565,0.42821220000000004,0.399098,0.386824,0.386824,0.526415,0.0026225243597599985,0.05121058835592497
a,diff_weighted,instance_0012.txt,5,5,0,0,1.887028140013727,1.8829787234042554,1.8829787234042554,1.8829787234042554,1.903225806451613,6.559109950825503e-05,0.008098833218943025,177.0,177.0,177,177,177,0.0,0.0,93.8,94.0,94,93,94,0.16,0.4,0.039862600000000005,0.034614,0.03358,0.033254,0.049513,5.517851824000001e-05,0.007428224433873819
a,diff_weighted,instance_0013.txt,5,5,0,0,12.487738419618529,12.487738419618529,12.487738419618529,12.487738419618529,12.487738419618529,0.0,0.0,4583.0,4583.0,4583,4583,4583,0.0,0.0,367.0,367.0,367,367,367,0.0,0.0,1.1709398,1.159081,1.343308,0.961253,1.343308,0.01615748891015999,0.12711211157934554
a,diff_weighted,instance_0014.txt,5,5,0,0,20.473544973544975,20.473544973544975,20.473544973544975,20.473544973544975,20.473544973544975,0.0,0.0,7739.0,7739.0,7739,7739,7739,0.0,0.0,378.0,378.0,378,378,378,0.0,0.0,1.8303648,1.799549,1.586602,1.586602,2.08538,0.02742686613975997,0.1656105858324279
a,diff_weighted,instance_0015.txt,5,5,0,0,10.305322128851541,10.305322128851541,10.305322128851541,10.305322128851541,10.305322128851541,0.0,0.0,3679.0,3679.0,3679,3679,3679,0.0,0.0,357.0,357.0,357,357,357,0.0,0.0,0.6922159999999999,0.707321,0.716762,0.630574,0.720252,0.001090592525200001,0.033024120354674114
a,diff_weighted,instance_0016.txt,5,5,0,0,9.527777777777779,9.527777777777779,9.527777777777779,9.527777777777779,9.527777777777779,0.0,0.0,686.0,686.0,686,686,686,0.0,0.0,72.0,72.0,72,72,72,0.0,0.0,0.0519746,0.053317,0.053317,0.04473,0.058369,2.172480663999999e-05,0.004660987732230153
a,diff_weighted,instance_0017.txt,5,5,0,0,3.804347826086956,3.8043478260869565,3.8043478260869565,3.8043478260869565,3.8043478260869565,1.9721522630525295e-31,4.440892098500626e-16,175.0,175.0,175,175,175,0.0,0.0,46.0,46.0,46,46,46,0.0,0.0,0.011584400000000002,0.011138,0.011103,0.011103,0.013142,6.186546399999995e-07,0.0007865460189969811
a,diff_weighted,instance_0018.txt,5,5,0,0,15.855263157894736,15.855263157894736,15.855263157894736,15.855263157894736,15.855263157894736,0.0,0.0,1205.0,1205.0,1205,1205,1205,0.0,0.0,76.0,76.0,76,76,76,0.0,0.0,0.06600579999999999,0.067861,0.0631,0.060065,0.070048,1.444314136e-05,0.003800413314364636
a,diff_weighted,instance_0019.txt,5,5,0,0,9.60576923076923,9.60576923076923,9.60576923076923,9.60576923076923,9.60576923076923,0.0,0.0,999.0,999.0,999,999,999,0.0,0.0,104.0,104.0,104,104,104,0.0,0.0,0.07108519999999999,0.070683,0.070683,0.069703,0.073003,1.36938176e-06,0.0011702058622310863
a,diff_weighted,instance_0020.txt,5,5,0,0,3.6,3.3333333333333335,3.3333333333333335,3.3333333333333335,4.0,0.10666666666666662,0.3265986323710903,10.8,10.0,10,10,12,0.9600000000000002,0.9797958971132713,3.0,3.0,3,3,3,0.0,0.0,0.0001296,0.000126,0.000146,0.00012,0.000146,8.583999999999996e-11,9.264987857520374e-06
a,random,instance_0001.txt,5,5,0,0,2.808659977703456,2.8333333333333335,2.9565217391304346,2.576923076923077,2.9565217391304346,0.02117951165845767,0.14553182352481422,67.8,68.0,68,67,68,0.16,0.4,24.2,24.0,23,23,26,1.36,1.1661903789690602,0.0019906,0.002111,0.001455,0.001455,0.002332,9.083624e-08,0.00030139051079952736
a,random,instance_0002.txt,5,5,0,0,1.6,2.0,2.0,1.0,2.0,0.24,0.4898979485566356,2.0,2.0,2,2,2,0.0,0.0,1.4,1.0,1,1,2,0.24,0.4898979485566356,0.0001584,0.000157,0.000168,0.000148,0.000168,5.303999999999999e-11,7.282856582413249e-06
a,random,instance_0003.txt,5,5,0,0,2.9782554872028557,2.9444444444444446,2.9444444444444446,2.789473684210526,3.212121212121212,0.019559961963175738,0.13985693391167897,105.8,106.0,106,105,106,0.16,0.4,35.6,36.0,36,33,38,2.6400000000000006,1.6248076809271923,0.0029899999999999996,0.003359,0.003359,0.002055,0.003475,3.165272e-07,0.0005626075008387286
a,random,instance_0004.txt,5,5,0,0,1.8573377176957742,1.6956521739130435,1.6666666666666667,1.6666666666666667,2.3529411764705883,0.06934499126756971,0.26333437160304335,39.8,40.0,40,39,40,0.16,0.4,21.8,23.0,24,17,24,6.959999999999999,2.6381811916545836,0.001084,0.00106,0.000838,0.000838,0.001388,3.1108799999999993e-08,0.00017637686923176744
a,random,instance_0005.txt,5,5,0,0,31.891208575464464,31.840579710144926,31.840579710144926,31.385714285714286,32.31617647058823,0.09485884421231598,0.30799163010107267,4394.2,4394.0,4394,4394,4395,0.15999999999999998,0.39999999999999997,137.8,138.0,138,136,140,1.7600000000000002,1.32664991614216,0.20291,0.200477,0.195345,0.186751,0.219874,0.00013931010800000018,0.01180297030412261
a,random,instance_0006.txt,5,5,0,0,26.919546196509344,27.02777777777778,27.02777777777778,26.476190476190474,27.408450704225352,0.1055340649360891,0.32486006977788007,3892.0,3892.0,3892,3892,3892,0.0,0.0,144.6,144.0,144,142,147,3.04,1.7435595774162693,0.1883852,0.171338,0.169307,0.166739,0.2179,0.00055854257656,0.023633505380285847
a,random,instance_0007.txt,5,5,0,0,26.354665695690965,26.53103448275862,26.53103448275862,25.64666666666667,26.71527777777778,0.13870884523223517,0.3724363640036176,3847.0,3847.0,3847,3847,3847,0.0,0.0,146.0,145.0,145,144,150,4.4,2.0976176963403033,0.205296,0.206264,0.169187,0.169187,0.227711,0.0004098755451999999,0.02024538330583049
a,random,instance_0008.txt,5,5,0,0,20.97949050516946,21.186567164179106,21.353383458646615,20.431654676258994,21.353383458646615,0.1576534968281578,0.39705603739038875,2839.6,2840.0,2840,2839,2840,0.24,0.4898979485566356,135.4,134.0,133,133,139,6.640000000000001,2.5768197453450252,0.1344946,0.136633,0.126538,0.126538,0.143883,4.350199144000003e-05,0.006595603948085424
a,random,instance_0009.txt,5,5,0,0,1.9929477100736264,2.013157894736842,2.026666666666667,1.9367088607594938,2.026666666666667,0.0013663473394578886,0.03696413585433709,152.6,153.0,153,152,153,0.24,0.4898979485566356,76.6,76.0,75,75,79,2.6399999999999997,1.624807680927192,0.013186399999999997,0.013045,0.011608,0.011608,0.016104,2.4633514400000005e-06,0.0015695067505429852
a,random,instance_0010.txt,5,5,0,0,5.601544113857164,5.578274760383387,5.578274760383387,5.490566037735849,5.82,0.014022407664465233,0.11841624746826439,1745.8,1746.0,1746,1745,1746,0.16,0.4,311.8,313.0,313,300,318,41.36,6.43117407632541,0.259123,0.256452,0.202779,0.202779,0.312219,0.0014377493788000012,0.03791766578786201
a,random,instance_0011.txt,5,5,0,0,6.590178272704449,6.596774193548387,6.370716510903427,6.370716510903427,6.749174917491749,0.016556360737668745,0.12867152263678527,2044.8,2045.0,2045,2044,2045,0.16,0.4,310.4,310.0,321,303,321,37.839999999999996,6.151422599691879,0.2935216,0.314712,0.273273,0.228891,0.334214,0.00144417182824,0.03800226083064006
a,random,instance_0012.txt,5,5,0,0,2.2656983835964977,2.2125,2.1325301204819276,2.1325301204819276,2.5652173913043477,0.025681982587013368,0.16025599079913788,176.8,177.0,177,176,177,0.16000000000000003,0.4,78.4,80.0,83,69,83,27.040000000000003,5.2,0.0154836,0.016435,0.010974,0.010974,0.021051,1.2799547440000003e-05,0.0035776455162578645
a,random,instance_0013.txt,5,5,0,0,12.515333159317878,12.487738419618529,12.453804347826088,12.453804347826088,12.590659340659341,0.003936225227446672,0.06273934353694396,4583.0,4583.0,4583,4583,4583,0.0,0.0,366.2,367.0,368,364,368,3.3600000000000003,1.8330302779823362,0.6562238,0.616212,0.811711,0.597905,0.811711,0.006289403482159997,0.07930575945137905
a,random,instance_0014.txt,5,5,0,0,20.29185237448546,20.259162303664922,20.259162303664922,20.153645833333332,20.52785145888594,0.01672196135036594,0.1293134229319058,7739.0,7739.0,7739,7739,7739,0.0,0.0,381.4,382.0,382,377,384,5.840000000000001,2.4166091947189146,1.2863948,1.282243,1.280063,1.272312,1.312565,0.00018862118655999923,0.013733942862848935
a,random,instance_0015.txt,5,5,0,0,10.36963227762127,10.36338028169014,10.305322128851541,10.305322128851541,10.481481481481481,0.0042701969964124425,0.06534674434440053,3679.0,3679.0,3679,3679,3679,0.0,0.0,354.8,355.0,357,351,357,4.96,2.227105745132009,0.49231199999999997,0.499766,0.503714,0.435039,0.549212,0.0014089991076000005,0.03753663687119559
a,random,instance_0016.txt,5,5,0,0,9.25037824481264,9.146666666666667,9.146666666666667,9.026315789473685,9.661971830985916,0.04830422792627258,0.21978222841320127,686.0,686.0,686,686,686,0.0,0.0,74.2,75.0,75,71,76,2.96,1.7204650534085253,0.0301068,0.03361,0.034716,0.023072,0.034716,2.6741245759999997e-05,0.005171193842818117
a,random,instance_0017.txt,5,5,0,0,3.587537993920973,3.5714285714285716,3.5714285714285716,3.5,3.723404255319149,0.005380216369028365,0.07334995820740708,175.0,175.0,175,175,175,0.0,0.0,48.8,49.0,49,47,50,0.96,0.9797958971132712,0.0079294,0.007604,0.007901,0.006286,0.010307,1.72102824e-06,0.0013118796591151188
a,random,instance_0018.txt,5,5,0,0,15.141626696479017,15.253164556962025,14.876543209876543,14.876543209876543,15.448717948717949,0.051944987116515504,0.22791442937320908,1205.0,1205.0,1205,1205,1205,0.0,0.0,79.6,79.0,81,78,81,1.44,1.2,0.04480339999999999,0.041217,0.041217,0.035841,0.058944,6.516263464000004e-05,0.008072337619302108
a,random,instance_0019.txt,5,5,0,0,9.414728320629125,9.336448598130842,9.336448598130842,9.081818181818182,9.891089108910892,0.07618471406778815,0.27601578590324893,999.0,999.0,999,999,999,0.0,0.0,106.2,107.0,107,101,110,9.36,3.059411708155671,0.0560864,0.057795,0.045822,0.045822,0.062548,3.366957064000001e-05,0.005802548633143888
a,random,instance_0020.txt,5,5,0,0,3.6,3.6666666666666665,4.0,3.0,4.0,0.1511111111111111,0.38873012632302,11.4,12.0,12,10,12,0.64,0.8,3.2,3.0,3,3,4,0.15999999999999998,0.39999999999999997,7.960000000000001e-05,7.7e-05,9.2e-05,6.7e-05,9.2e-05,7.903999999999999e-11,8.890444308357148e-06
a,random_multi,instance_0001.txt,5,5,0,0,3.4287222222222224,3.7222222222222223,3.7222222222222223,2.72,4.1875,0.3312310370370371,0.5755267474557869,67.2,67.0,67,67,68,0.16,0.4,20.2,18.0,18,16,25,12.959999999999999,3.6,0.0022556,0.002142,0.001885,0.001885,0.002802,1.2723543999999997e-07,0.0003567007709551522
a,random_multi,instance_0002.txt,5,5,0,0,1.4,1.0,1.0,1.0,2.0,0.24,0.4898979485566356,2.0,2.0,2,2,2,0.0,0.0,1.6,2.0,2,1,2,0.24,0.4898979485566356,8.840000000000001e-05,9e-05,8.4e-05,7.4e-05,9.8e-05,7.584000000000003e-11,8.708616422830899e-06
a,random_multi,instance_0003.txt,5,5,0,0,3.0893149987267634,3.088235294117647,3.212121212121212,3.0,3.212121212121212,0.005510437550486076,0.07423232146771429,105.6,106.0,106,105,106,0.24,0.4898979485566356,34.2,34.0,34,33,35,0.5599999999999999,0.7483314773547882,0.0057118,0.005405,0.004906,0.004734,0.007406,9.453641600000001e-07,0.0009722983904131489
a,random_multi,instance_0004.txt,5,5,0,0,1.7715151515151515,1.7727272727272727,1.8181818181818181,1.6,2.0,0.018959044995408618,0.13769184796279196,39.8,40.0,40,39,40,0.16,0.4,22.6,22.0,22,20,25,3.04,1.7435595774162693,0.001206,0.001145,0.001125,0.001045,0.001379,1.6606400000000005e-08,0.0001288658216906252
a,random_multi,instance_0005.txt,5,5,0,0,32.503960751796576,32.54814814814815,32.54814814814815,32.30882352941177,32.798507462686565,0.03280085774355315,0.18111007079550587,4394.4,4394.0,4394,4394,4395,0.24,0.4898979485566356,135.2,135.0,135,134,136,0.5599999999999999,0.7483314773547882,0.2217336,0.216778,0.201068,0.201068,0.245366,0.00027040394504000015,0.01644396378735979
a,random_multi,instance_0006.txt,5,5,0,0,27.64839278243208,27.602836879432623,28.0,27.02777777777778,28.202898550724637,0.17518296154197827,0.4185486370088646,3892.0,3892.0,3892,3892,3892,0.0,0.0,140.8,141.0,139,138,144,4.5600000000000005,2.1354156504062622,0.2813776,0.277395,0.321789,0.208864,0.336111,0.00205013597904,0.045278427303076685
a,random_multi,instance_0007.txt,5,5,0,0,26.459850743950547,26.34931506849315,26.34931506849315,26.170068027210885,26.71527777777778,0.04777924664764402,0.21858464412589468,3847.0,3847.0,3847,3847,3847,0.0,0.0,145.4,146.0,146,144,147,1.44,1.2,0.29095360000000003,0.293147,0.264668,0.264668,0.310656,0.0003165377746399997,0.017791508498157194
a,random_multi,instance_0008.txt,5,5,0,0,21.8492946338286,21.838461538461537,21.515151515151516,21.515151515151516,22.362204724409448,0.10282457533325311,0.3206627127267109,2839.8,2840.0,2840,2839,2840,0.15999999999999998,0.39999999999999997,130.0,130.0,132,127,132,3.6,1.8973665961010275,0.2229902,0.24385,0.244688,0.169165,0.246305,0.0008983585725599999,0.02997263039107512
a,random_multi,instance_0009.txt,5,5,0,0,2.268408044790963,2.2686567164179103,2.283582089552239,2.095890410958904,2.5081967213114753,0.01886590292653962,0.13735320501007472,152.8,153.0,153,152,153,0.16000000000000003,0.4,67.6,67.0,67,61,73,15.839999999999998,3.9799497484264794,0.0187932,0.019495,0.023221,0.014095,0.023221,1.0911982559999996e-05,0.003303329011769793
a,random_multi,instance_0010.txt,5,5,0,0,5.907624333054847,5.89527027027027,5.8006644518272426,5.8006644518272426,6.041522491349481,0.009899087177997676,0.09949415650176485,1745.8,1746.0,1746,1745,1746,0.16,0.4,295.6,296.0,301,289,301,24.64,4.963869458396343,0.45851759999999997,0.451845,0.386096,0.386096,0.518531,0.00276282021384,0.0525625362196308
a,random_multi,instance_0011.txt,5,5,0,0,6.78527190613322,6.771523178807947,6.771523178807947,6.701639344262295,6.932203389830509,0.006449500894552397,0.08030878466613971,2044.8,2045.0,2045,2044,2045,0.16,0.4,301.4,302.0,302,295,305,12.24,3.4985711369071804,0.3992434,0.386427,0.38409,0.358153,0.446336,0.0009565190074400001,0.03092764147878076
a,random_multi,instance_0012.txt,5,5,0,0,2.5073469206654546,2.5142857142857142,2.240506329113924,2.240506329113924,2.6818181818181817,0.02443396467514914,0.15631367398647228,176.8,177.0,177,176,177,0.16,0.4,70.8,70.0,79,66,79,21.360000000000007,4.621688003316538,0.0282038,0.025781,0.035954,0.023962,0.035954,1.8948386560000002e-05,0.004352974449729748
a,random_multi,instance_0013.txt,5,5,0,0,12.711171660172857,12.660220994475138,12.660220994475138,12.521857923497267,12.98300283286119,0.02305991068189565,0.15185490009181676,4583.0,4583.0,4583,4583,4583,0.0,0.0,360.6,362.0,362,353,366,18.240000000000002,4.2708313008125245,0.8189976,0.800362,0.744952,0.744952,0.906702,0.004124329616640001,0.06422094375388765
a,random_multi,instance_0014.txt,5,5,0,0,20.441759003658138,20.473544973544975,20.58244680851064,20.259162303664922,20.58244680851064,0.0134656482991771,0.11604158004429749,7739.0,7739.0,7739,7739,7739,0.0,0.0,378.6,378.0,376,376,382,4.640000000000001,2.154065922853802,1.0624208000000002,1.201445,1.297174,0.654433,1.297174,0.05623215666336,0.23713320447242306
a,random_multi,instance_0015.txt,5,5,0,0,10.69602816803933,10.757309941520468,10.757309941520468,10.541547277936962,10.820588235294117,0.013435000801008224,0.11590945087010042,3679.0,3679.0,3679,3679,3679,0.0,0.0,344.0,342.0,342,340,349,14.0,3.7416573867739413,0.7959516000000001,0.811356,0.636055,0.636055,0.884222,0.008400914761039994,0.09165650419386501
a,random_multi,instance_0016.txt,5,5,0,0,9.611363329204265,9.527777777777779,9.527777777777779,9.397260273972602,9.942028985507246,0.034342840756987354,0.1853182148548473,686.0,686.0,686,686,686,0.0,0.0,71.4,72.0,72,69,73,1.8399999999999994,1.3564659966250534,0.0266984,0.021754,0.021754,0.018634,0.045114,9.109283264000001e-05,0.009544256526309422
a,random_multi,instance_0017.txt,5,5,0,0,3.7486705713199813,3.723404255319149,4.069767441860465,3.5,4.069767441860465,0.03585081885017225,0.18934312464457814,175.0,175.0,175,175,175,0.0,0.0,46.8,47.0,43,43,50,5.359999999999999,2.315167380558045,0.010499399999999999,0.011245,0.0135,0.007201,0.0135,6.263589840000001e-06,0.0025027164921340972
a,random_multi,instance_0018.txt,5,5,0,0,14.959099850766517,15.0625,15.0625,14.345238095238095,15.448717948717949,0.12895018348401271,0.35909634289980275,1205.0,1205.0,1205,1205,1205,0.0,0.0,80.6,80.0,80,78,84,3.84,1.9595917942265424,0.051486199999999996,0.057948,0.061211,0.034056,0.061421,0.00012287513496,0.011084905726256764
a,random_multi,instance_0019.txt,5,5,0,0,9.517394957983193,9.514285714285714,9.514285714285714,9.25,9.794117647058824,0.029620902478638595,0.17210724121500115,999.0,999.0,999,999,999,0.0,0.0,105.0,105.0,105,102,108,3.6,1.8973665961010275,0.0932984,0.096276,0.096276,0.081018,0.109862,0.00011468548543999997,0.010709130937662494
a,random_multi,instance_0020.txt,5,5,0,0,3.4,3.0,3.0,3.0,5.0,0.64,0.8,11.6,12.0,12,10,12,0.6399999999999999,0.7999999999999999,3.6,4.0,4,2,4,0.64,0.8,8.400000000000001e-05,8.6e-05,8.7e-05,7.6e-05,9e-05,2.4399999999999998e-11,4.939635614091387e-06
a,similar,instance_0001.txt,5,5,0,0,2.6153846153846154,2.6153846153846154,2.6153846153846154,2.6153846153846154,2.6153846153846154,0.0,0.0,68.0,68.0,68,68,68,0.0,0.0,26.0,26.0,26,26,26,0.0,0.0,0.0022248000000000003,0.002225,0.002412,0.002086,0.002412,1.3438959999999996e-08,0.00011592652845660477
a,similar,instance_0002.txt,5,5,0,0,1.2,1.0,1.0,1.0,2.0,0.16000000000000006,0.4000000000000001,2.0,2.0,2,2,2,0.0,0.0,1.8,2.0,2,1,2,0.16000000000000006,0.4000000000000001,0.00012200000000000001,0.000119,0.000124,0.000112,0.000141,1.0760000000000009e-10,1.0373041983911956e-05
a,similar,instance_0003.txt,5,5,0,0,2.7925086625086624,2.864864864864865,2.864864864864865,2.65,2.864864864864865,0.008314832856205004,0.09118570532822019,106.0,106.0,106,106,106,0.0,0.0,38.0,37.0,37,37,40,1.6,1.2649110640673518,0.0060474,0.006554,0.007263,0.003467,0.007263,1.75520184e-06,0.001324840307357834
a,similar,instance_0004.txt,5,5,0,0,1.8547524938829283,1.7727272727272727,2.0,1.7391304347826086,2.0,0.014182194971235804,0.11908902120361811,39.2,40.0,40,37,40,1.3599999999999999,1.16619037896906,21.2,21.0,20,20,23,1.36,1.1661903789690602,0.00131,0.001334,0.001334,0.000985,0.001718,6.030039999999999e-08,0.00024556139761778515
a,similar,instance_0005.txt,5,5,0,0,31.84124852450632,31.840579710144926,31.840579710144926,31.611510791366907,32.07299270072993,0.021297226235908837,0.1459356921246781,4394.0,4394.0,4394,4394,4394,0.0,0.0,138.0,138.0,138,137,139,0.4,0.6324555320336759,0.1959276,0.212862,0.167897,0.142819,0.236834,0.0012218321674399998,0.034954715954217105
a,similar,instance_0006.txt,5,5,0,0,26.65753424657534,26.65753424657534,26.65753424657534,26.65753424657534,26.65753424657534,0.0,0.0,3892.0,3892.0,3892,3892,3892,0.0,0.0,146.0,146.0,146,146,146,0.0,0.0,0.2208488,0.235429,0.178138,0.178138,0.259241,0.00087633379296,0.029602935546327157
a,similar,instance_0007.txt,5,5,0,0,25.81879194630873,25.818791946308725,25.818791946308725,25.818791946308725,25.818791946308725,1.262177448353619e-29,3.552713678800501e-15,3847.0,3847.0,3847,3847,3847,0.0,0.0,149.0,149.0,149,149,149,0.0,0.0,0.23305099999999998,0.235891,0.184141,0.184141,0.270597,0.0010300102303999995,0.032093772455104114
a,similar,instance_0008.txt,5,5,0,0,21.713752913752913,21.846153846153847,21.846153846153847,21.515151515151516,21.846153846153847,0.02629501035095443,0.1621573629255065,2840.0,2840.0,2840,2840,2840,0.0,0.0,130.8,130.0,130,130,132,0.96,0.9797958971132712,0.14081919999999998,0.143333,0.155022,0.108705,0.157887,0.00030669198495999995,0.017512623588714513
a,similar,instance_0009.txt,5,5,0,0,2.048655559669258,2.04,2.026666666666667,2.026666666666667,2.095890410958904,0.0006604432924249081,0.02569909127624765,152.4,152.0,152,152,153,0.24,0.4898979485566356,74.4,75.0,75,73,75,0.64,0.8,0.018640200000000003,0.01695,0.01695,0.016628,0.022133,5.341792159999998e-06,0.0023112317408689243
a,similar,instance_0010.txt,5,5,0,0,5.507886435331231,5.507886435331231,5.507886435331231,5.507886435331231,5.507886435331231,0.0,0.0,1746.0,1746.0,1746,1746,1746,0.0,0.0,317.0,317.0,317,317,317,0.0,0.0,0.27407119999999996,0.295218,0.22055,0.22055,0.316698,0.0014478860825599999,0.03805109830951007
a,similar,instance_0011.txt,5,5,0,0,6.354888643795592,6.350931677018633,6.350931677018633,6.350931677018633,6.370716510903427,6.263034429582087e-05,0.007913933553917474,2045.0,2045.0,2045,2045,2045,0.0,0.0,321.8,322.0,322,321,322,0.16000000000000003,0.4,0.28371519999999995,0.256778,0.336213,0.237904,0.341087,0.0020499609437599985,0.04527649438461417
a,similar,instance_0012.txt,5,5,0,0,1.887028140013727,1.8829787234042554,1.8829787234042554,1.8829787234042554,1.903225806451613,6.559109950825502e-05,0.008098833218943023,177.0,177.0,177,177,177,0.0,0.0,93.8,94.0,94,93,94,0.16,0.4,0.0232144,0.022269,0.022845,0.020067,0.028987,9.195284639999997e-06,0.0030323727739181403
a,similar,instance_0013.txt,5,5,0,0,12.487738419618529,12.487738419618529,12.487738419618529,12.487738419618529,12.487738419618529,0.0,0.0,4583.0,4583.0,4583,4583,4583,0.0,0.0,367.0,367.0,367,367,367,0.0,0.0,0.7857762000000001,0.805903,0.629812,0.629812,0.866053,0.007472484618959998,0.08644353428082402
a,similar,instance_0014.txt,5,5,0,0,20.473544973544975,20.473544973544975,20.473544973544975,20.473544973544975,20.473544973544975,0.0,0.0,7739.0,7739.0,7739,7739,7739,0.0,0.0,378.0,378.0,378,378,378,0.0,0.0,1.0998162,1.036592,1.077354,0.987822,1.365223,0.018414431676160015,0.13569978509990357
a,similar,instance_0015.txt,5,5,0,0,10.311111635665503,10.305322128851541,10.305322128851541,10.305322128851541,10.334269662921349,0.00013407355659562697,0.011579013627923018,3679.0,3679.0,3679,3679,3679,0.0,0.0,356.8,357.0,357,356,357,0.16,0.4,0.6184799999999999,0.653535,0.661947,0.499633,0.667515,0.003944627569599998,0.06280627014558338
a,similar,instance_0016.txt,5,5,0,0,9.527777777777779,9.527777777777779,9.527777777777779,9.527777777777779,9.527777777777779,0.0,0.0,686.0,686.0,686,686,686,0.0,0.0,72.0,72.0,72,72,72,0.0,0.0,0.035840000000000004,0.035055,0.032764,0.030951,0.041166,1.4814074800000003e-05,0.0038489056626526976
a,similar,instance_0017.txt,5,5,0,0,3.804347826086956,3.8043478260869565,3.8043478260869565,3.8043478260869565,3.8043478260869565,1.9721522630525295e-31,4.440892098500626e-16,175.0,175.0,175,175,175,0.0,0.0,46.0,46.0,46,46,46,0.0,0.0,0.0097388,0.008919,0.008906,0.008701,0.012898,2.5285949599999993e-06,0.001590155640181174
a,similar,instance_0018.txt,5,5,0,0,15.855263157894736,15.855263157894736,15.855263157894736,15.855263157894736,15.855263157894736,0.0,0.0,1205.0,1205.0,1205,1205,1205,0.0,0.0,76.0,76.0,76,76,76,0.0,0.0,0.052043000000000006,0.050087,0.055249,0.048275,0.056709,1.0937531200000006e-05,0.0033071938558239984
a,similar,instance_0019.txt,5,5,0,0,9.60576923076923,9.60576923076923,9.60576923076923,9.60576923076923,9.60576923076923,0.0,0.0,999.0,999.0,999,999,999,0.0,0.0,104.0,104.0,104,104,104,0.0,0.0,0.0573586,0.057244,0.057244,0.050439,0.063681,1.8820481840000007e-05,0.004338257926864193
a,similar,instance_0020.txt,5,5,0,0,3.4666666666666672,3.3333333333333335,3.0,3.0,4.0,0.20444444444444443,0.4521553322083512,11.6,12.0,12,10,12,0.6399999999999999,0.7999999999999999,3.4,3.0,3,3,4,0.24,0.4898979485566356,0.00011619999999999998,0.000117,0.000118,0.000112,0.000118,4.959999999999995e-12,2.2271057451320078e-06
a,similar_bigger,instance_0001.txt,1,1,0,0,2.9565217391304346,2.9565217391304346,2.9565217391304346,2.9565217391304346,2.9565217391304346,0.0,0.0,68.0,68.0,68,68,68,0.0,0.0,23.0,23.0,23,23,23,0.0,0.0,0.003033,0.003033,0.003033,0.003033,0.003033,0.0,0.0
a,similar_bigger,instance_0002.txt,1,1,0,0,2.0,2.0,2.0,2.0,2.0,0.0,0.0,2.0,2.0,2,2,2,0.0,0.0,1.0,1.0,1,1,1,0.0,0.0,0.000125,0.000125,0.000125,0.000125,0.000125,0.0,0.0
a,similar_bigger,instance_0003.txt,1,1,0,0,2.864864864864865,2.864864864864865,2.864864864864865,2.864864864864865,2.864864864864865,0.0,0.0,106.0,106.0,106,106,106,0.0,0.0,37.0,37.0,37,37,37,0.0,0.0,0.00827,0.00827,0.00827,0.00827,0.00827,0.0,0.0
a,similar_bigger,instance_0004.txt,1,1,0,0,1.7727272727272727,1.7727272727272727,1.7727272727272727,1.7727272727272727,1.7727272727272727,0.0,0.0,39.0,39.0,39,39,39,0.0,0.0,22.0,22.0,22,22,22,0.0,0.0,0.001758,0.001758,0.001758,0.001758,0.001758,0.0,0.0
a,similar_bigger,instance_0005.txt,1,1,0,0,31.840579710144926,31.840579710144926,31.840579710144926,31.840579710144926,31.840579710144926,0.0,0.0,4394.0,4394.0,4394,4394,4394,0.0,0.0,138.0,138.0,138,138,138,0.0,0.0,0.218181,0.218181,0.218181,0.218181,0.218181,0.0,0.0
a,similar_bigger,instance_0006.txt,1,1,0,0,26.65753424657534,26.65753424657534,26.65753424657534,26.65753424657534,26.65753424657534,0.0,0.0,3892.0,3892.0,3892,3892,3892,0.0,0.0,146.0,146.0,146,146,146,0.0,0.0,0.226654,0.226654,0.226654,0.226654,0.226654,0.0,0.0
a,similar_bigger,instance_0007.txt,1,1,0,0,25.818791946308725,25.818791946308725,25.818791946308725,25.818791946308725,25.818791946308725,0.0,0.0,3847.0,3847.0,3847,3847,3847,0.0,0.0,149.0,149.0,149,149,149,0.0,0.0,0.252336,0.252336,0.252336,0.252336,0.252336,0.0,0.0
a,similar_bigger,instance_0008.txt,1,1,0,0,21.846153846153847,21.846153846153847,21.846153846153847,21.846153846153847,21.846153846153847,0.0,0.0,2840.0,2840.0,2840,2840,2840,0.0,0.0,130.0,130.0,130,130,130,0.0,0.0,0.105605,0.105605,0.105605,0.105605,0.105605,0.0,0.0
a,similar_bigger,instance_0009.txt,1,1,0,0,2.095890410958904,2.095890410958904,2.095890410958904,2.095890410958904,2.095890410958904,0.0,0.0,153.0,153.0,153,153,153,0.0,0.0,73.0,73.0,73,73,73,0.0,0.0,0.016512,0.016512,0.016512,0.016512,0.016512,0.0,0.0
a,similar_bigger,instance_0010.txt,1,1,0,0,5.507886435331231,5.507886435331231,5.507886435331231,5.507886435331231,5.507886435331231,0.0,0.0,1746.0,1746.0,1746,1746,1746,0.0,0.0,317.0,317.0,317,317,317,0.0,0.0,0.321842,0.321842,0.321842,0.321842,0.321842,0.0,0.0
a,similar_bigger,instance_0011.txt,1,1,0,0,6.370716510903427,6.370716510903427,6.370716510903427,6.370716510903427,6.370716510903427,0.0,0.0,2045.0,2045.0,2045,2045,2045,0.0,0.0,321.0,321.0,321,321,321,0.0,0.0,0.299388,0.299388,0.299388,0.299388,0.299388,0.0,0.0
a,similar_bigger,instance_0012.txt,1,1,0,0,2.107142857142857,2.107142857142857,2.107142857142857,2.107142857142857,2.107142857142857,0.0,0.0,177.0,177.0,177,177,177,0.0,0.0,84.0,84.0,84,84,84,0.0,0.0,0.01986,0.01986,0.01986,0.01986,0.01986,0.0,0.0
a,similar_bigger,instance_0013.txt,1,1,0,0,12.521857923497267,12.521857923497267,12.521857923497267,12.521857923497267,12.521857923497267,0.0,0.0,4583.0,4583.0,4583,4583,4583,0.0,0.0,366.0,366.0,366,366,366,0.0,0.0,0.864578,0.864578,0.864578,0.864578,0.864578,0.0,0.0
a,similar_bigger,instance_0014.txt,1,1,0,0,20.473544973544975,20.473544973544975,20.473544973544975,20.473544973544975,20.473544973544975,0.0,0.0,7739.0,7739.0,7739,7739,7739,0.0,0.0,378.0,378.0,378,378,378,0.0,0.0,1.330716,1.330716,1.330716,1.330716,1.330716,0.0,0.0
a,similar_bigger,instance_0015.txt,1,1,0,0,10.305322128851541,10.305322128851541,10.305322128851541,10.305322128851541,10.305322128851541,0.0,0.0,3679.0,3679.0,3679,3679,3679,0.0,0.0,357.0,357.0,357,357,357,0.0,0.0,0.526257,0.526257,0.526257,0.526257,0.526257,0.0,0.0
a,similar_bigger,instance_0016.txt,1,1,0,0,9.527777777777779,9.527777777777779,9.527777777777779,9.527777777777779,9.527777777777779,0.0,0.0,686.0,686.0,686,686,686,0.0,0.0,72.0,72.0,72,72,72,0.0,0.0,0.042076,0.042076,0.042076,0.042076,0.042076,0.0,0.0
a,similar_bigger,instance_0017.txt,1,1,0,0,3.8043478260869565,3.8043478260869565,3.8043478260869565,3.8043478260869565,3.8043478260869565,0.0,0.0,175.0,175.0,175,175,175,0.0,0.0,46.0,46.0,46,46,46,0.0,0.0,0.008842,0.008842,0.008842,0.008842,0.008842,0.0,0.0
a,similar_bigger,instance_0018.txt,1,1,0,0,15.855263157894736,15.855263157894736,15.855263157894736,15.855263157894736,15.855263157894736,0.0,0.0,1205.0,1205.0,1205,1205,1205,0.0,0.0,76.0,76.0,76,76,76,0.0,0.0,0.070108,0.070108,0.070108,0.070108,0.070108,0.0,0.0
a,similar_bigger,instance_0019.txt,1,1,0,0,9.699029126213592,9.699029126213592,9.699029126213592,9.699029126213592,9.699029126213592,0.0,0.0,999.0,999.0,999,999,999,0.0,0.0,103.0,103.0,103,103,103,0.0,0.0,0.073993,0.073993,0.073993,0.073993,0.073993,0.0,0.0
a,similar_bigger,instance_0020.txt,1,1,0,0,4.0,4.0,4.0,4.0,4.0,0.0,0.0,12.0,12.0,12,12,12,0.0,0.0,3.0,3.0,3,3,3,0.0,0.0,0.000105,0.000105,0.000105,0.000105,0.000105,0.0,0.0
a,similar_bigger_multi,instance_0001.txt,1,1,0,0,3.4,3.4,3.4,3.4,3.4,0.0,0.0,68.0,68.0,68,68,68,0.0,0.0,20.0,20.0,20,20,20,0.0,0.0,0.002195,0.002195,0.002195,0.002195,0.002195,0.0,0.0
a,similar_bigger_multi,instance_0002.txt,1,1,0,0,2.0,2.0,2.0,2.0,2.0,0.0,0.0,2.0,2.0,2,2,2,0.0,0.0,1.0,1.0,1,1,1,0.0,0.0,9.8e-05,9.8e-05,9.8e-05,9.8e-05,9.8e-05,0.0,0.0
a,similar_bigger_multi,instance_0003.txt,1,1,0,0,3.0285714285714285,3.0285714285714285,3.0285714285714285,3.0285714285714285,3.0285714285714285,0.0,0.0,106.0,106.0,106,106,106,0.0,0.0,35.0,35.0,35,35,35,0.0,0.0,0.007974,0.007974,0.007974,0.007974,0.007974,0.0,0.0
a,similar_bigger_multi,instance_0004.txt,1,1,0,0,1.8571428571428572,1.8571428571428572,1.8571428571428572,1.8571428571428572,1.8571428571428572,0.0,0.0,39.0,39.0,39,39,39,0.0,0.0,21.0,21.0,21,21,21,0.0,0.0,0.001126,0.001126,0.001126,0.001126,0.001126,0.0,0.0
a,similar_bigger_multi,instance_0005.txt,1,1,0,0,32.54814814814815,32.54814814814815,32.54814814814815,32.54814814814815,32.54814814814815,0.0,0.0,4394.0,4394.0,4394,4394,4394,0.0,0.0,135.0,135.0,135,135,135,0.0,0.0,0.230614,0.230614,0.230614,0.230614,0.230614,0.0,0.0
a,similar_bigger_multi,instance_0006.txt,1,1,0,0,27.602836879432623,27.602836879432623,27.602836879432623,27.602836879432623,27.602836879432623,0.0,0.0,3892.0,3892.0,3892,3892,3892,0.0,0.0,141.0,141.0,141,141,141,0.0,0.0,0.245795,0.245795,0.245795,0.245795,0.245795,0.0,0.0
a,similar_bigger_multi,instance_0007.txt,1,1,0,0,26.53103448275862,26.53103448275862,26.53103448275862,26.53103448275862,26.53103448275862,0.0,0.0,3847.0,3847.0,3847,3847,3847,0.0,0.0,145.0,145.0,145,145,145,0.0,0.0,0.276509,0.276509,0.276509,0.276509,0.276509,0.0,0.0
a,similar_bigger_multi,instance_0008.txt,1,1,0,0,22.1875,22.1875,22.1875,22.1875,22.1875,0.0,0.0,2840.0,2840.0,2840,2840,2840,0.0,0.0,128.0,128.0,128,128,128,0.0,0.0,0.267717,0.267717,0.267717,0.267717,0.267717,0.0,0.0
a,similar_bigger_multi,instance_0009.txt,1,1,0,0,2.25,2.25,2.25,2.25,2.25,0.0,0.0,153.0,153.0,153,153,153,0.0,0.0,68.0,68.0,68,68,68,0.0,0.0,0.030836,0.030836,0.030836,0.030836,0.030836,0.0,0.0
a,similar_bigger_multi,instance_0010.txt,1,1,0,0,5.918644067796611,5.918644067796611,5.918644067796611,5.918644067796611,5.918644067796611,0.0,0.0,1746.0,1746.0,1746,1746,1746,0.0,0.0,295.0,295.0,295,295,295,0.0,0.0,0.561098,0.561098,0.561098,0.561098,0.561098,0.0,0.0
a,similar_bigger_multi,instance_0011.txt,1,1,0,0,6.771523178807947,6.771523178807947,6.771523178807947,6.771523178807947,6.771523178807947,0.0,0.0,2045.0,2045.0,2045,2045,2045,0.0,0.0,302.0,302.0,302,302,302,0.0,0.0,0.471356,0.471356,0.471356,0.471356,0.471356,0.0,0.0
a,similar_bigger_multi,instance_0012.txt,1,1,0,0,2.36,2.36,2.36,2.36,2.36,0.0,0.0,177.0,177.0,177,177,177,0.0,0.0,75.0,75.0,75,75,75,0.0,0.0,0.054537,0.054537,0.054537,0.054537,0.054537,0.0,0.0
a,similar_bigger_multi,instance_0013.txt,1,1,0,0,12.62534435261708,12.62534435261708,12.62534435261708,12.62534435261708,12.62534435261708,0.0,0.0,4583.0,4583.0,4583,4583,4583,0.0,0.0,363.0,363.0,363,363,363,0.0,0.0,0.998547,0.998547,0.998547,0.998547,0.998547,0.0,0.0
a,similar_bigger_multi,instance_0014.txt,1,1,0,0,20.58244680851064,20.58244680851064,20.58244680851064,20.58244680851064,20.58244680851064,0.0,0.0,7739.0,7739.0,7739,7739,7739,0.0,0.0,376.0,376.0,376,376,376,0.0,0.0,1.339782,1.339782,1.339782,1.339782,1.339782,0.0,0.0
a,similar_bigger_multi,instance_0015.txt,1,1,0,0,10.725947521865889,10.725947521865889,10.725947521865889,10.725947521865889,10.725947521865889,0.0,0.0,3679.0,3679.0,3679,3679,3679,0.0,0.0,343.0,343.0,343,343,343,0.0,0.0,0.897342,0.897342,0.897342,0.897342,0.897342,0.0,0.0
a,similar_bigger_multi,instance_0016.txt,1,1,0,0,9.661971830985916,9.661971830985916,9.661971830985916,9.661971830985916,9.661971830985916,0.0,0.0,686.0,686.0,686,686,686,0.0,0.0,71.0,71.0,71,71,71,0.0,0.0,0.023883,0.023883,0.023883,0.023883,0.023883,0.0,0.0
a,similar_bigger_multi,instance_0017.txt,1,1,0,0,3.8043478260869565,3.8043478260869565,3.8043478260869565,3.8043478260869565,3.8043478260869565,0.0,0.0,175.0,175.0,175,175,175,0.0,0.0,46.0,46.0,46,46,46,0.0,0.0,0.015555,0.015555,0.015555,0.015555,0.015555,0.0,0.0
a,similar_bigger_multi,instance_0018.txt,1,1,0,0,15.855263157894736,15.855263157894736,15.855263157894736,15.855263157894736,15.855263157894736,0.0,0.0,1205.0,1205.0,1205,1205,1205,0.0,0.0,76.0,76.0,76,76,76,0.0,0.0,0.032027,0.032027,0.032027,0.032027,0.032027,0.0,0.0
a,similar_bigger_multi,instance_0019.txt,1,1,0,0,10.090909090909092,10.090909090909092,10.090909090909092,10.090909090909092,10.090909090909092,0.0,0.0,999.0,999.0,999,999,999,0.0,0.0,99.0,99.0,99,99,99,0.0,0.0,0.100745,0.100745,0.100745,0.100745,0.100745,0.0,0.0
a,similar_bigger_multi,instance_0020.txt,1,1,0,0,4.0,4.0,4.0,4.0,4.0,0.0,0.0,12.0,12.0,12,12,12,0.0,0.0,3.0,3.0,3,3,3,0.0,0.0,0.000103,0.000103,0.000103,0.000103,0.000103,0.0,0.0
a,similar_bigger_multi_weighted,instance_0001.txt,1,1,0,0,3.4,3.4,3.4,3.4,3.4,0.0,0.0,68.0,68.0,68,68,68,0.0,0.0,20.0,20.0,20,20,20,0.0,0.0,0.005007,0.005007,0.005007,0.005007,0.005007,0.0,0.0
a,similar_bigger_multi_weighted,instance_0002.txt,1,1,0,0,2.0,2.0,2.0,2.0,2.0,0.0,0.0,2.0,2.0,2,2,2,0.0,0.0,1.0,1.0,1,1,1,0.0,0.0,0.000168,0.000168,0.000168,0.000168,0.000168,0.0,0.0
a,similar_bigger_multi_weighted,instance_0003.txt,1,1,0,0,3.0285714285714285,3.0285714285714285,3.0285714285714285,3.0285714285714285,3.0285714285714285,0.0,0.0,106.0,106.0,106,106,106,0.0,0.0,35.0,35.0,35,35,35,0.0,0.0,0.011468,0.011468,0.011468,0.011468,0.011468,0.0,0.0
a,similar_bigger_multi_weighted,instance_0004.txt,1,1,0,0,1.8571428571428572,1.8571428571428572,1.8571428571428572,1.8571428571428572,1.8571428571428572,0.0,0.0,39.0,39.0,39,39,39,0.0,0.0,21.0,21.0,21,21,21,0.0,0.0,0.002812,0.002812,0.002812,0.002812,0.002812,0.0,0.0
a,similar_bigger_multi_weighted,instance_0005.txt,1,1,0,0,32.54814814814815,32.54814814814815,32.54814814814815,32.54814814814815,32.54814814814815,0.0,0.0,4394.0,4394.0,4394,4394,4394,0.0,0.0,135.0,135.0,135,135,135,0.0,0.0,0.380228,0.380228,0.380228,0.380228,0.380228,0.0,0.0
a,similar_bigger_multi_weighted,instance_0006.txt,1,1,0,0,27.602836879432623,27.602836879432623,27.602836879432623,27.602836879432623,27.602836879432623,0.0,0.0,3892.0,3892.0,3892,3892,3892,0.0,0.0,141.0,141.0,141,141,141,0.0,0.0,0.445727,0.445727,0.445727,0.445727,0.445727,0.0,0.0
a,similar_bigger_multi_weighted,instance_0007.txt,1,1,0,0,26.53103448275862,26.53103448275862,26.53103448275862,26.53103448275862,26.53103448275862,0.0,0.0,3847.0,3847.0,3847,3847,3847,0.0,0.0,145.0,145.0,145,145,145,0.0,0.0,0.415525,0.415525,0.415525,0.415525,0.415525,0.0,0.0
a,similar_bigger_multi_weighted,instance_0008.txt,1,1,0,0,22.015503875968992,22.015503875968992,22.015503875968992,22.015503875968992,22.015503875968992,0.0,0.0,2840.0,2840.0,2840,2840,2840,0.0,0.0,129.0,129.0,129,129,129,0.0,0.0,0.418161,0.418161,0.418161,0.418161,0.418161,0.0,0.0
a,similar_bigger_multi_weighted,instance_0009.txt,1,1,0,0,2.25,2.25,2.25,2.25,2.25,0.0,0.0,153.0,153.0,153,153,153,0.0,0.0,68.0,68.0,68,68,68,0.0,0.0,0.032986,0.032986,0.032986,0.032986,0.032986,0.0,0.0
a,similar_bigger_multi_weighted,instance_0010.txt,1,1,0,0,5.918644067796611,5.918644067796611,5.918644067796611,5.918644067796611,5.918644067796611,0.0,0.0,1746.0,1746.0,1746,1746,1746,0.0,0.0,295.0,295.0,295,295,295,0.0,0.0,0.736191,0.736191,0.736191,0.736191,0.736191,0.0,0.0
a,similar_bigger_multi_weighted,instance_0011.txt,1,1,0,0,6.771523178807947,6.771523178807947,6.771523178807947,6.771523178807947,6.771523178807947,0.0,0.0,2045.0,2045.0,2045,2045,2045,0.0,0.0,302.0,302.0,302,302,302,0.0,0.0,0.713267,0.713267,0.713267,0.713267,0.713267,0.0,0.0
a,similar_bigger_multi_weighted,instance_0012.txt,1,1,0,0,2.36,2.36,2.36,2.36,2.36,0.0,0.0,177.0,177.0,177,177,177,0.0,0.0,75.0,75.0,75,75,75,0.0,0.0,0.055843,0.055843,0.055843,0.055843,0.055843,0.0,0.0
a,similar_bigger_multi_weighted,instance_0013.txt,1,1,0,0,12.62534435261708,12.62534435261708,12.62534435261708,12.62534435261708,12.62534435261708,0.0,0.0,4583.0,4583.0,4583,4583,4583,0.0,0.0,363.0,363.0,363,363,363,0.0,0.0,1.325841,1.325841,1.325841,1.325841,1.325841,0.0,0.0
a,similar_bigger_multi_weighted,instance_0014.txt,1,1,0,0,20.58244680851064,20.58244680851064,20.58244680851064,20.58244680851064,20.58244680851064,0.0,0.0,7739.0,7739.0,7739,7739,7739,0.0,0.0,376.0,376.0,376,376,376,0.0,0.0,1.936243,1.936243,1.936243,1.936243,1.936243,0.0,0.0
a,similar_bigger_multi_weighted,instance_0015.txt,1,1,0,0,10.725947521865889,10.725947521865889,10.725947521865889,10.725947521865889,10.725947521865889,0.0,0.0,3679.0,3679.0,3679,3679,3679,0.0,0.0,343.0,343.0,343,343,343,0.0,0.0,1.433511,1.433511,1.433511,1.433511,1.433511,0.0,0.0
a,similar_bigger_multi_weighted,instance_0016.txt,1,1,0,0,9.661971830985916,9.661971830985916,9.661971830985916,9.661971830985916,9.661971830985916,0.0,0.0,686.0,686.0,686,686,686,0.0,0.0,71.0,71.0,71,71,71,0.0,0.0,0.038933,0.038933,0.038933,0.038933,0.038933,0.0,0.0
a,similar_bigger_multi_weighted,instance_0017.txt,1,1,0,0,3.8043478260869565,3.8043478260869565,3.8043478260869565,3.8043478260869565,3.8043478260869565,0.0,0.0,175.0,175.0,175,175,175,0.0,0.0,46.0,46.0,46,46,46,0.0,0.0,0.027518,0.027518,0.027518,0.027518,0.027518,0.0,0.0
a,similar_bigger_multi_weighted,instance_0018.txt,1,1,0,0,15.855263157894736,15.855263157894736,15.855263157894736,15.855263157894736,15.855263157894736,0.0,0.0,1205.0,1205.0,1205,1205,1205,0.0,0.0,76.0,76.0,76,76,76,0.0,0.0,0.070804,0.070804,0.070804,0.070804,0.070804,0.0,0.0
a,similar_bigger_multi_weighted,instance_0019.txt,1,1,0,0,10.090909090909092,10.090909090909092,10.090909090909092,10.090909090909092,10.090909090909092,0.0,0.0,999.0,999.0,999,999,999,0.0,0.0,99.0,99.0,99,99,99,0.0,0.0,0.137049,0.137049,0.137049,0.137049,0.137049,0.0,0.0
a,similar_bigger_multi_weighted,instance_0020.txt,1,1,0,0,4.0,4.0,4.0,4.0,4.0,0.0,0.0,12.0,12.0,12,12,12,0.0,0.0,3.0,3.0,3,3,3,0.0,0.0,0.000162,0.000162,0.000162,0.000162,0.000162,0.0,0.0
a,similar_bigger_weighted,instance_0001.txt,1,1,0,0,2.9565217391304346,2.9565217391304346,2.9565217391304346,2.9565217391304346,2.9565217391304346,0.0,0.0,68.0,68.0,68,68,68,0.0,0.0,23.0,23.0,23,23,23,0.0,0.0,0.004363,0.004363,0.004363,0.004363,0.004363,0.0,0.0
a,similar_bigger_weighted,instance_0002.txt,1,1,0,0,2.0,2.0,2.0,2.0,2.0,0.0,0.0,2.0,2.0,2,2,2,0.0,0.0,1.0,1.0,1,1,1,0.0,0.0,0.000181,0.000181,0.000181,0.000181,0.000181,0.0,0.0
a,similar_bigger_weighted,instance_0003.txt,1,1,0,0,2.864864864864865,2.864864864864865,2.864864864864865,2.864864864864865,2.864864864864865,0.0,0.0,106.0,106.0,106,106,106,0.0,0.0,37.0,37.0,37,37,37,0.0,0.0,0.009753,0.009753,0.009753,0.009753,0.009753,0.0,0.0
a,similar_bigger_weighted,instance_0004.txt,1,1,0,0,1.7727272727272727,1.7727272727272727,1.7727272727272727,1.7727272727272727,1.7727272727272727,0.0,0.0,39.0,39.0,39,39,39,0.0,0.0,22.0,22.0,22,22,22,0.0,0.0,0.002799,0.002799,0.002799,0.002799,0.002799,0.0,0.0
a,similar_bigger_weighted,instance_0005.txt,1,1,0,0,31.840579710144926,31.840579710144926,31.840579710144926,31.840579710144926,31.840579710144926,0.0,0.0,4394.0,4394.0,4394,4394,4394,0.0,0.0,138.0,138.0,138,138,138,0.0,0.0,0.296256,0.296256,0.296256,0.296256,0.296256,0.0,0.0
a,similar_bigger_weighted,instance_0006.txt,1,1,0,0,26.65753424657534,26.65753424657534,26.65753424657534,26.65753424657534,26.65753424657534,0.0,0.0,3892.0,3892.0,3892,3892,3892,0.0,0.0,146.0,146.0,146,146,146,0.0,0.0,0.369442,0.369442,0.369442,0.369442,0.369442,0.0,0.0
a,similar_bigger_weighted,instance_0007.txt,1,1,0,0,25.818791946308725,25.818791946308725,25.818791946308725,25.818791946308725,25.818791946308725,0.0,0.0,3847.0,3847.0,3847,3847,3847,0.0,0.0,149.0,149.0,149,149,149,0.0,0.0,0.410886,0.410886,0.410886,0.410886,0.410886,0.0,0.0
a,similar_bigger_weighted,instance_0008.txt,1,1,0,0,21.6793893129771,21.6793893129771,21.6793893129771,21.6793893129771,21.6793893129771,0.0,0.0,2840.0,2840.0,2840,2840,2840,0.0,0.0,131.0,131.0,131,131,131,0.0,0.0,0.245646,0.245646,0.245646,0.245646,0.245646,0.0,0.0
a,similar_bigger_weighted,instance_0009.txt,1,1,0,0,2.095890410958904,2.095890410958904,2.095890410958904,2.095890410958904,2.095890410958904,0.0,0.0,153.0,153.0,153,153,153,0.0,0.0,73.0,73.0,73,73,73,0.0,0.0,0.022659,0.022659,0.022659,0.022659,0.022659,0.0,0.0
a,similar_bigger_weighted,instance_0010.txt,1,1,0,0,5.507886435331231,5.507886435331231,5.507886435331231,5.507886435331231,5.507886435331231,0.0,0.0,1746.0,1746.0,1746,1746,1746,0.0,0.0,317.0,317.0,317,317,317,0.0,0.0,0.396828,0.396828,0.396828,0.396828,0.396828,0.0,0.0
a,similar_bigger_weighted,instance_0011.txt,1,1,0,0,6.370716510903427,6.370716510903427,6.370716510903427,6.370716510903427,6.370716510903427,0.0,0.0,2045.0,2045.0,2045,2045,2045,0.0,0.0,321.0,321.0,321,321,321,0.0,0.0,0.583015,0.583015,0.583015,0.583015,0.583015,0.0,0.0
a,similar_bigger_weighted,instance_0012.txt,1,1,0,0,2.107142857142857,2.107142857142857,2.107142857142857,2.107142857142857,2.107142857142857,0.0,0.0,177.0,177.0,177,177,177,0.0,0.0,84.0,84.0,84,84,84,0.0,0.0,0.031394,0.031394,0.031394,0.031394,0.031394,0.0,0.0
a,similar_bigger_weighted,instance_0013.txt,1,1,0,0,12.521857923497267,12.521857923497267,12.521857923497267,12.521857923497267,12.521857923497267,0.0,0.0,4583.0,4583.0,4583,4583,4583,0.0,0.0,366.0,366.0,366,366,366,0.0,0.0,1.227179,1.227179,1.227179,1.227179,1.227179,0.0,0.0
a,similar_bigger_weighted,instance_0014.txt,1,1,0,0,20.473544973544975,20.473544973544975,20.473544973544975,20.473544973544975,20.473544973544975,0.0,0.0,7739.0,7739.0,7739,7739,7739,0.0,0.0,378.0,378.0,378,378,378,0.0,0.0,2.064177,2.064177,2.064177,2.064177,2.064177,0.0,0.0
a,similar_bigger_weighted,instance_0015.txt,1,1,0,0,10.305322128851541,10.305322128851541,10.305322128851541,10.305322128851541,10.305322128851541,0.0,0.0,3679.0,3679.0,3679,3679,3679,0.0,0.0,357.0,357.0,357,357,357,0.0,0.0,0.80293,0.80293,0.80293,0.80293,0.80293,0.0,0.0
a,similar_bigger_weighted,instance_0016.txt,1,1,0,0,9.527777777777779,9.527777777777779,9.527777777777779,9.527777777777779,9.527777777777779,0.0,0.0,686.0,686.0,686,686,686,0.0,0.0,72.0,72.0,72,72,72,0.0,0.0,0.086887,0.086887,0.086887,0.086887,0.086887,0.0,0.0
a,similar_bigger_weighted,instance_0017.txt,1,1,0,0,3.8043478260869565,3.8043478260869565,3.8043478260869565,3.8043478260869565,3.8043478260869565,0.0,0.0,175.0,175.0,175,175,175,0.0,0.0,46.0,46.0,46,46,46,0.0,0.0,0.018074,0.018074,0.018074,0.018074,0.018074,0.0,0.0
a,similar_bigger_weighted,instance_0018.txt,1,1,0,0,15.855263157894736,15.855263157894736,15.855263157894736,15.855263157894736,15.855263157894736,0.0,0.0,1205.0,1205.0,1205,1205,1205,0.0,0.0,76.0,76.0,76,76,76,0.0,0.0,0.060958,0.060958,0.060958,0.060958,0.060958,0.0,0.0
a,similar_bigger_weighted,instance_0019.txt,1,1,0,0,9.699029126213592,9.699029126213592,9.699029126213592,9.699029126213592,9.699029126213592,0.0,0.0,999.0,999.0,999,999,999,0.0,0.0,103.0,103.0,103,103,103,0.0,0.0,0.101421,0.101421,0.101421,0.101421,0.101421,0.0,0.0
a,similar_bigger_weighted,instance_0020.txt,1,1,0,0,4.0,4.0,4.0,4.0,4.0,0.0,0.0,12.0,12.0,12,12,12,0.0,0.0,3.0,3.0,3,3,3,0.0,0.0,0.000162,0.000162,0.000162,0.000162,0.000162,0.0,0.0
a,similar_multi,instance_0001.txt,5,5,0,0,2.7936856187290973,2.72,2.9565217391304346,2.6153846153846154,2.9565217391304346,0.019136318564669262,0.138334083163439,68.0,68.0,68,68,68,0.0,0.0,24.4,25.0,23,23,26,1.44,1.2,0.0052918,0.004766,0.006456,0.003669,0.00759,2.2546201600000003e-06,0.001501539263555902
a,similar_multi,instance_0002.txt,5,5,0,0,1.6,2.0,2.0,1.0,2.0,0.24,0.4898979485566356,2.0,2.0,2,2,2,0.0,0.0,1.4,1.0,1,1,2,0.24,0.4898979485566356,0.000128,0.000136,0.000136,0.000105,0.000145,2.5520000000000006e-10,1.597498043817269e-05
a,similar_multi,instance_0003.txt,5,5,0,0,2.995830115830116,3.0285714285714285,3.0285714285714285,2.864864864864865,3.0285714285714285,0.004287974240097784,0.06548262548262541,106.0,106.0,106,106,106,0.0,0.0,35.4,35.0,35,35,37,0.6399999999999999,0.7999999999999999,0.0113994,0.0119,0.008113,0.007977,0.01464,8.41439704e-06,0.0029007580112791207
a,similar_multi,instance_0004.txt,5,5,0,0,1.8591478696741857,1.8095238095238095,1.7619047619047619,1.7619047619047619,2.1052631578947367,0.016390349306851078,0.1280247995774689,38.2,38.0,37,37,40,1.3599999999999999,1.16619037896906,20.6,21.0,21,19,21,0.6399999999999999,0.7999999999999999,0.002062,0.001662,0.002073,0.001436,0.003525,5.78614e-07,0.0007606668127373508
a,similar_multi,instance_0005.txt,5,5,0,0,32.500283224400874,32.54814814814815,32.54814814814815,32.30882352941177,32.54814814814815,0.009164203701330404,0.09572984749455316,4394.0,4394.0,4394,4394,4394,0.0,0.0,135.2,135.0,135,135,136,0.16,0.4,0.2434682,0.254461,0.226661,0.220095,0.259593,0.00027605520416000003,0.01661490909273957
a,similar_multi,instance_0006.txt,5,5,0,0,27.602836879432623,27.602836879432623,27.602836879432623,27.602836879432623,27.602836879432623,0.0,0.0,3892.0,3892.0,3892,3892,3892,0.0,0.0,141.0,141.0,141,141,141,0.0,0.0,0.3419146,0.344701,0.35623,0.306996,0.370361,0.0004708378794400001,0.021698799032204525
a,similar_multi,instance_0007.txt,5,5,0,0,26.53103448275862,26.53103448275862,26.53103448275862,26.53103448275862,26.53103448275862,0.0,0.0,3847.0,3847.0,3847,3847,3847,0.0,0.0,145.0,145.0,145,145,145,0.0,0.0,0.311393,0.316176,0.282901,0.259196,0.352989,0.0012933202556,0.03596276206856198
a,similar_multi,instance_0008.txt,5,5,0,0,22.01395348837209,22.015503875968992,22.015503875968992,22.007751937984494,22.015503875968992,9.614806802480256e-06,0.003100775193799166,2839.8,2840.0,2840,2839,2840,0.15999999999999998,0.39999999999999997,129.0,129.0,129,129,129,0.0,0.0,0.23469199999999998,0.257438,0.176442,0.176442,0.271759,0.0014607950204000002,0.03822034825063739
a,similar_multi,instance_0009.txt,5,5,0,0,2.2961555857078246,2.303030303030303,2.303030303030303,2.2686567164179103,2.303030303030303,0.00018904695305594791,0.013749434644957148,152.0,152.0,152,152,152,0.0,0.0,66.2,66.0,66,66,67,0.16,0.4,0.028535999999999995,0.029381,0.029011,0.022016,0.031608,1.1483123599999994e-05,0.0033886757885640217
a,similar_multi,instance_0010.txt,5,5,0,0,5.918644067796611,5.918644067796611,5.918644067796611,5.918644067796611,5.918644067796611,0.0,0.0,1746.0,1746.0,1746,1746,1746,0.0,0.0,295.0,295.0,295,295,295,0.0,0.0,0.5236726,0.545441,0.4618,0.4618,0.563001,0.0015638661226399998,0.039545747213069575
a,similar_multi,instance_0011.txt,5,5,0,0,6.789520582605443,6.794019933554817,6.794019933554817,6.771523178807947,6.794019933554817,8.0976635862529e-05,0.008998701898747897,2045.0,2045.0,2045,2045,2045,0.0,0.0,301.2,301.0,301,301,302,0.16000000000000003,0.4,0.39178579999999996,0.392348,0.355247,0.332358,0.442805,0.00188801362696,0.043451278772436604
a,similar_multi,instance_0012.txt,5,5,0,0,2.177519572417946,2.1728395061728394,2.158536585365854,2.158536585365854,2.2125,0.0004050005095637929,0.020124624457708344,176.8,177.0,177,176,177,0.16,0.4,81.2,81.0,82,80,82,0.5599999999999999,0.7483314773547882,0.034825,0.032203,0.040609,0.024814,0.04493,5.065244439999998e-05,0.007117053069915945
a,similar_multi,instance_0013.txt,5,5,0,0,12.590659340659341,12.590659340659341,12.590659340659341,12.590659340659341,12.590659340659341,0.0,0.0,4583.0,4583.0,4583,4583,4583,0.0,0.0,364.0,364.0,364,364,364,0.0,0.0,0.8434215999999999,0.871749,0.725206,0.725206,0.941602,0.00738059622984,0.08591039651776727
a,similar_multi,instance_0014.txt,5,5,0,0,20.58244680851064,20.58244680851064,20.58244680851064,20.58244680851064,20.58244680851064,0.0,0.0,7739.0,7739.0,7739,7739,7739,0.0,0.0,376.0,376.0,376,376,376,0.0,0.0,1.1756584,1.138692,0.908701,0.908701,1.493175,0.052127492209439984,0.2283144590459395
a,similar_multi,instance_0015.txt,5,5,0,0,10.725947521865889,10.725947521865889,10.725947521865889,10.725947521865889,10.725947521865889,0.0,0.0,3679.0,3679.0,3679,3679,3679,0.0,0.0,343.0,343.0,343,343,343,0.0,0.0,0.8361966000000001,0.826083,0.757531,0.757531,0.917834,0.003586827661040004,0.05989012991336723
a,similar_multi,instance_0016.txt,5,5,0,0,9.661971830985916,9.661971830985916,9.661971830985916,9.661971830985916,9.661971830985916,0.0,0.0,686.0,686.0,686,686,686,0.0,0.0,71.0,71.0,71,71,71,0.0,0.0,0.0318368,0.024905,0.024905,0.019858,0.051122,0.00013221941656000002,0.01149867020833279
a,similar_multi,instance_0017.txt,5,5,0,0,3.788159111933395,3.8043478260869565,3.8043478260869565,3.723404255319149,3.8043478260869565,0.001048297863782894,0.03237742830712307,175.0,175.0,175,175,175,0.0,0.0,46.2,46.0,46,46,47,0.16,0.4,0.0109846,0.010931,0.010931,0.010217,0.011865,3.702202400000001e-07,0.0006084572622625193
a,similar_multi,instance_0018.txt,5,5,0,0,15.855263157894736,15.855263157894736,15.855263157894736,15.855263157894736,15.855263157894736,0.0,0.0,1205.0,1205.0,1205,1205,1205,0.0,0.0,76.0,76.0,76,76,76,0.0,0.0,0.0452532,0.04433,0.047128,0.042676,0.04928,6.598002559999998e-06,0.0025686577350826634
a,similar_multi,instance_0019.txt,5,5,0,0,9.93105310531053,9.891089108910892,9.891089108910892,9.891089108910892,10.090909090909092,0.006388484032921746,0.07992799279927994,999.0,999.0,999,999,999,0.0,0.0,100.6,101.0,101,99,101,0.64,0.8,0.11641540000000002,0.115829,0.122164,0.100368,0.128343,8.685271064000005e-05,0.009319480170052408
a,similar_multi,instance_0020.txt,5,5,0,0,4.4,5.0,5.0,3.0,5.0,0.6399999999999999,0.7999999999999999,10.8,10.0,10,10,12,0.9600000000000002,0.9797958971132713,2.6,2.0,2,2,4,0.64,0.8,0.000117,0.000117,0.00013,0.000109,0.00013,5.7199999999999903e-11,7.563068160475608e-06
a,similar_multi_weighted,instance_0001.txt,5,5,0,0,2.845913043478261,2.9565217391304346,2.9565217391304346,2.68,2.9565217391304346,0.018351425330812805,0.13546743273131298,67.6,68.0,68,67,68,0.24,0.4898979485566356,23.8,23.0,23,23,25,0.9600000000000002,0.9797958971132713,0.007593199999999999,0.00705,0.007707,0.006319,0.010074,1.73800216e-06,0.0013183330990307418
a,similar_multi_weighted,instance_0002.txt,5,5,0,0,1.0,1.0,1.0,1.0,1.0,0.0,0.0,2.0,2.0,2,2,2,0.0,0.0,2.0,2.0,2,2,2,0.0,0.0,0.0002884,0.000215,0.000216,0.000206,0.000596,2.3668239999999998e-08,0.00015384485691761034
a,similar_multi_weighted,instance_0003.txt,5,5,0,0,3.0165341812400635,3.1176470588235294,3.1176470588235294,2.864864864864865,3.1176470588235294,0.015335721019813415,0.12383747825199533,106.0,106.0,106,106,106,0.0,0.0,35.2,34.0,34,34,37,2.1599999999999997,1.4696938456699067,0.0156086,0.013136,0.013166,0.011562,0.028167,3.9820791840000004e-05,0.006310371767178222
a,similar_multi_weighted,instance_0004.txt,5,5,0,0,1.8857142857142857,1.8571428571428572,1.8571428571428572,1.8571428571428572,2.0,0.003265306122448977,0.05714285714285712,39.2,39.0,39,39,40,0.16,0.4,20.8,21.0,21,20,21,0.15999999999999998,0.39999999999999997,0.0037338,0.003595,0.003595,0.002541,0.005115,1.1463085599999996e-06,0.0010706580032858297
a,similar_multi_weighted,instance_0005.txt,5,5,0,0,32.55111111111111,32.54814814814815,32.54814814814815,32.54814814814815,32.55555555555556,1.3168724279831087e-05,0.0036288736930115226,4394.4,4394.0,4394,4394,4395,0.24000000000000005,0.48989794855663565,135.0,135.0,135,135,135,0.0,0.0,0.3837946,0.4003,0.316644,0.316644,0.414993,0.0012431570318400002,0.03525843206723748
a,similar_multi_weighted,instance_0006.txt,5,5,0,0,27.602836879432623,27.602836879432623,27.602836879432623,27.602836879432623,27.602836879432623,0.0,0.0,3892.0,3892.0,3892,3892,3892,0.0,0.0,141.0,141.0,141,141,141,0.0,0.0,0.5034818,0.504138,0.539657,0.424295,0.561276,0.002231630217360001,0.04724013354511184
a,similar_multi_weighted,instance_0007.txt,5,5,0,0,26.53103448275862,26.53103448275862,26.53103448275862,26.53103448275862,26.53103448275862,0.0,0.0,3847.0,3847.0,3847,3847,3847,0.0,0.0,145.0,145.0,145,145,145,0.0,0.0,0.5438618,0.556214,0.53584,0.513037,0.557682,0.0003037455377600006,0.01742829704130615
a,similar_multi_weighted,instance_0008.txt,5,5,0,0,22.01240310077519,22.015503875968992,22.015503875968992,22.007751937984494,22.015503875968992,1.442221020372038e-05,0.0037976585159437888,2839.6,2840.0,2840,2839,2840,0.24,0.4898979485566356,129.0,129.0,129,129,129,0.0,0.0,0.3703476,0.382415,0.305304,0.305304,0.433578,0.00251653215624,0.050165049150180246
a,similar_multi_weighted,instance_0009.txt,5,5,0,0,2.3101165501165504,2.303030303030303,2.303030303030303,2.303030303030303,2.3384615384615386,0.00020085959106938079,0.014172494172494155,152.0,152.0,152,152,152,0.0,0.0,65.8,66.0,66,65,66,0.16,0.4,0.0239248,0.023042,0.023612,0.022242,0.028332,5.093927359999999e-06,0.0022569730525639864
a,similar_multi_weighted,instance_0010.txt,5,5,0,0,5.918644067796611,5.918644067796611,5.918644067796611,5.918644067796611,5.918644067796611,0.0,0.0,1746.0,1746.0,1746,1746,1746,0.0,0.0,295.0,295.0,295,295,295,0.0,0.0,0.7416974,0.718919,0.705918,0.662274,0.824991,0.00360713096664,0.06005939532362942
a,similar_multi_weighted,instance_0011.txt,5,5,0,0,6.7888561307782,6.794019933554817,6.794019933554817,6.771523178807947,6.794019933554817,7.676341686599882e-05,0.008761473441493663,2044.8,2045.0,2045,2044,2045,0.16000000000000006,0.4000000000000001,301.2,301.0,301,301,302,0.16,0.4,0.6865712,0.687691,0.617639,0.617639,0.742981,0.0016147067297599988,0.04018341361507256
a,similar_multi_weighted,instance_0012.txt,5,5,0,0,2.185185185185185,2.185185185185185,2.185185185185185,2.185185185185185,2.185185185185185,0.0,0.0,177.0,177.0,177,177,177,0.0,0.0,81.0,81.0,81,81,81,0.0,0.0,0.07574779999999999,0.074452,0.063315,0.063315,0.092809,0.00010752769016000006,0.010369555928775353
a,similar_multi_weighted,instance_0013.txt,5,5,0,0,12.590659340659341,12.590659340659341,12.590659340659341,12.590659340659341,12.590659340659341,0.0,0.0,4583.0,4583.0,4583,4583,4583,0.0,0.0,364.0,364.0,364,364,364,0.0,0.0,1.2878192,1.163915,1.045595,1.045595,1.563812,0.044456547709359986,0.21084721413706178
a,similar_multi_weighted,instance_0014.txt,5,5,0,0,20.58244680851064,20.58244680851064,20.58244680851064,20.58244680851064,20.58244680851064,0.0,0.0,7739.0,7739.0,7739,7739,7739,0.0,0.0,376.0,376.0,376,376,376,0.0,0.0,1.8629380000000002,2.019788,1.594613,1.542379,2.098962,0.05869710985640003,0.24227486426866496
a,similar_multi_weighted,instance_0015.txt,5,5,0,0,10.725947521865889,10.725947521865889,10.725947521865889,10.725947521865889,10.725947521865889,0.0,0.0,3679.0,3679.0,3679,3679,3679,0.0,0.0,343.0,343.0,343,343,343,0.0,0.0,1.4556888000000001,1.4366,1.408495,1.327535,1.559186,0.007599328400559997,0.0871741268987536
a,similar_multi_weighted,instance_0016.txt,5,5,0,0,9.661971830985916,9.661971830985916,9.661971830985916,9.661971830985916,9.661971830985916,0.0,0.0,686.0,686.0,686,686,686,0.0,0.0,71.0,71.0,71,71,71,0.0,0.0,0.050790800000000004,0.051046,0.058647,0.040557,0.060195,6.159585135999998e-05,0.007848302450848844
a,similar_multi_weighted,instance_0017.txt,5,5,0,0,3.804347826086956,3.8043478260869565,3.8043478260869565,3.8043478260869565,3.8043478260869565,1.9721522630525295e-31,4.440892098500626e-16,175.0,175.0,175,175,175,0.0,0.0,46.0,46.0,46,46,46,0.0,0.0,0.0240942,0.026855,0.012783,0.012783,0.035697,7.492414816e-05,0.008655873621997956
a,similar_multi_weighted,instance_0018.txt,5,5,0,0,15.855263157894736,15.855263157894736,15.855263157894736,15.855263157894736,15.855263157894736,0.0,0.0,1205.0,1205.0,1205,1205,1205,0.0,0.0,76.0,76.0,76,76,76,0.0,0.0,0.08019380000000001,0.077331,0.096016,0.072611,0.096016,7.320288536000006e-05,0.008555868474912413
a,similar_multi_weighted,instance_0019.txt,5,5,0,0,9.891089108910892,9.891089108910892,9.891089108910892,9.891089108910892,9.891089108910892,0.0,0.0,999.0,999.0,999,999,999,0.0,0.0,101.0,101.0,101,101,101,0.0,0.0,0.1579822,0.1574,0.164243,0.148469,0.16711,4.827444936000009e-05,0.006947981675278087
a,similar_multi_weighted,instance_0020.txt,5,5,0,0,4.2,4.0,4.0,4.0,5.0,0.15999999999999998,0.39999999999999997,11.6,12.0,12,10,12,0.6399999999999999,0.7999999999999999,2.8,3.0,3,2,3,0.15999999999999998,0.39999999999999997,0.0001854,0.000183,0.000187,0.000161,0.000218,3.442400000000001e-10,1.8553705829294592e-05
a,similar_smaller,instance_0001.txt,1,1,0,0,2.6153846153846154,2.6153846153846154,2.6153846153846154,2.6153846153846154,2.6153846153846154,0.0,0.0,68.0,68.0,68,68,68,0.0,0.0,26.0,26.0,26,26,26,0.0,0.0,0.006149,0.006149,0.006149,0.006149,0.006149,0.0,0.0
a,similar_smaller,instance_0002.txt,1,1,0,0,1.0,1.0,1.0,1.0,1.0,0.0,0.0,2.0,2.0,2,2,2,0.0,0.0,2.0,2.0,2,2,2,0.0,0.0,0.000395,0.000395,0.000395,0.000395,0.000395,0.0,0.0
a,similar_smaller,instance_0003.txt,1,1,0,0,2.864864864864865,2.864864864864865,2.864864864864865,2.864864864864865,2.864864864864865,0.0,0.0,106.0,106.0,106,106,106,0.0,0.0,37.0,37.0,37,37,37,0.0,0.0,0.008069,0.008069,0.008069,0.008069,0.008069,0.0,0.0
a,similar_smaller,instance_0004.txt,1,1,0,0,1.7727272727272727,1.7727272727272727,1.7727272727272727,1.7727272727272727,1.7727272727272727,0.0,0.0,39.0,39.0,39,39,39,0.0,0.0,22.0,22.0,22,22,22,0.0,0.0,0.001481,0.001481,0.001481,0.001481,0.001481,0.0,0.0
a,similar_smaller,instance_0005.txt,1,1,0,0,31.840579710144926,31.840579710144926,31.840579710144926,31.840579710144926,31.840579710144926,0.0,0.0,4394.0,4394.0,4394,4394,4394,0.0,0.0,138.0,138.0,138,138,138,0.0,0.0,0.263572,0.263572,0.263572,0.263572,0.263572,0.0,0.0
a,similar_smaller,instance_0006.txt,1,1,0,0,26.65753424657534,26.65753424657534,26.65753424657534,26.65753424657534,26.65753424657534,0.0,0.0,3892.0,3892.0,3892,3892,3892,0.0,0.0,146.0,146.0,146,146,146,0.0,0.0,0.233741,0.233741,0.233741,0.233741,0.233741,0.0,0.0
a,similar_smaller,instance_0007.txt,1,1,0,0,25.818791946308725,25.818791946308725,25.818791946308725,25.818791946308725,25.818791946308725,0.0,0.0,3847.0,3847.0,3847,3847,3847,0.0,0.0,149.0,149.0,149,149,149,0.0,0.0,0.22346,0.22346,0.22346,0.22346,0.22346,0.0,0.0
a,similar_smaller,instance_0008.txt,1,1,0,0,21.838461538461537,21.838461538461537,21.838461538461537,21.838461538461537,21.838461538461537,0.0,0.0,2839.0,2839.0,2839,2839,2839,0.0,0.0,130.0,130.0,130,130,130,0.0,0.0,0.137132,0.137132,0.137132,0.137132,0.137132,0.0,0.0
a,similar_smaller,instance_0009.txt,1,1,0,0,2.026666666666667,2.026666666666667,2.026666666666667,2.026666666666667,2.026666666666667,0.0,0.0,152.0,152.0,152,152,152,0.0,0.0,75.0,75.0,75,75,75,0.0,0.0,0.015882,0.015882,0.015882,0.015882,0.015882,0.0,0.0
a,similar_smaller,instance_0010.txt,1,1,0,0,5.507886435331231,5.507886435331231,5.507886435331231,5.507886435331231,5.507886435331231,0.0,0.0,1746.0,1746.0,1746,1746,1746,0.0,0.0,317.0,317.0,317,317,317,0.0,0.0,0.303189,0.303189,0.303189,0.303189,0.303189,0.0,0.0
a,similar_smaller,instance_0011.txt,1,1,0,0,6.350931677018633,6.350931677018633,6.350931677018633,6.350931677018633,6.350931677018633,0.0,0.0,2045.0,2045.0,2045,2045,2045,0.0,0.0,322.0,322.0,322,322,322,0.0,0.0,0.249785,0.249785,0.249785,0.249785,0.249785,0.0,0.0
a,similar_smaller,instance_0012.txt,1,1,0,0,1.8829787234042554,1.8829787234042554,1.8829787234042554,1.8829787234042554,1.8829787234042554,0.0,0.0,177.0,177.0,177,177,177,0.0,0.0,94.0,94.0,94,94,94,0.0,0.0,0.016399,0.016399,0.016399,0.016399,0.016399,0.0,0.0
a,similar_smaller,instance_0013.txt,1,1,0,0,12.487738419618529,12.487738419618529,12.487738419618529,12.487738419618529,12.487738419618529,0.0,0.0,4583.0,4583.0,4583,4583,4583,0.0,0.0,367.0,367.0,367,367,367,0.0,0.0,0.647192,0.647192,0.647192,0.647192,0.647192,0.0,0.0
a,similar_smaller,instance_0014.txt,1,1,0,0,20.473544973544975,20.473544973544975,20.473544973544975,20.473544973544975,20.473544973544975,0.0,0.0,7739.0,7739.0,7739,7739,7739,0.0,0.0,378.0,378.0,378,378,378,0.0,0.0,1.343752,1.343752,1.343752,1.343752,1.343752,0.0,0.0
a,similar_smaller,instance_0015.txt,1,1,0,0,10.305322128851541,10.305322128851541,10.305322128851541,10.305322128851541,10.305322128851541,0.0,0.0,3679.0,3679.0,3679,3679,3679,0.0,0.0,357.0,357.0,357,357,357,0.0,0.0,0.641604,0.641604,0.641604,0.641604,0.641604,0.0,0.0
a,similar_smaller,instance_0016.txt,1,1,0,0,9.527777777777779,9.527777777777779,9.527777777777779,9.527777777777779,9.527777777777779,0.0,0.0,686.0,686.0,686,686,686,0.0,0.0,72.0,72.0,72,72,72,0.0,0.0,0.025708,0.025708,0.025708,0.025708,0.025708,0.0,0.0
a,similar_smaller,instance_0017.txt,1,1,0,0,3.8043478260869565,3.8043478260869565,3.8043478260869565,3.8043478260869565,3.8043478260869565,0.0,0.0,175.0,175.0,175,175,175,0.0,0.0,46.0,46.0,46,46,46,0.0,0.0,0.009255,0.009255,0.009255,0.009255,0.009255,0.0,0.0
a,similar_smaller,instance_0018.txt,1,1,0,0,15.855263157894736,15.855263157894736,15.855263157894736,15.855263157894736,15.855263157894736,0.0,0.0,1205.0,1205.0,1205,1205,1205,0.0,0.0,76.0,76.0,76,76,76,0.0,0.0,0.04397,0.04397,0.04397,0.04397,0.04397,0.0,0.0
a,similar_smaller,instance_0019.txt,1,1,0,0,9.60576923076923,9.60576923076923,9.60576923076923,9.60576923076923,9.60576923076923,0.0,0.0,999.0,999.0,999,999,999,0.0,0.0,104.0,104.0,104,104,104,0.0,0.0,0.052633,0.052633,0.052633,0.052633,0.052633,0.0,0.0
a,similar_smaller,instance_0020.txt,1,1,0,0,3.3333333333333335,3.3333333333333335,3.3333333333333335,3.3333333333333335,3.3333333333333335,0.0,0.0,10.0,10.0,10,10,10,0.0,0.0,3.0,3.0,3,3,3,0.0,0.0,0.000107,0.000107,0.000107,0.000107,0.000107,0.0,0.0
a,similar_smaller_multi,instance_0001.txt,1,1,0,0,2.72,2.72,2.72,2.72,2.72,0.0,0.0,68.0,68.0,68,68,68,0.0,0.0,25.0,25.0,25,25,25,0.0,0.0,0.004105,0.004105,0.004105,0.004105,0.004105,0.0,0.0
a,similar_smaller_multi,instance_0002.txt,1,1,0,0,1.0,1.0,1.0,1.0,1.0,0.0,0.0,2.0,2.0,2,2,2,0.0,0.0,2.0,2.0,2,2,2,0.0,0.0,0.000136,0.000136,0.000136,0.000136,0.000136,0.0,0.0
a,similar_smaller_multi,instance_0003.txt,1,1,0,0,3.0285714285714285,3.0285714285714285,3.0285714285714285,3.0285714285714285,3.0285714285714285,0.0,0.0,106.0,106.0,106,106,106,0.0,0.0,35.0,35.0,35,35,35,0.0,0.0,0.007837,0.007837,0.007837,0.007837,0.007837,0.0,0.0
a,similar_smaller_multi,instance_0004.txt,1,1,0,0,1.8571428571428572,1.8571428571428572,1.8571428571428572,1.8571428571428572,1.8571428571428572,0.0,0.0,39.0,39.0,39,39,39,0.0,0.0,21.0,21.0,21,21,21,0.0,0.0,0.001684,0.001684,0.001684,0.001684,0.001684,0.0,0.0
a,similar_smaller_multi,instance_0005.txt,1,1,0,0,32.54814814814815,32.54814814814815,32.54814814814815,32.54814814814815,32.54814814814815,0.0,0.0,4394.0,4394.0,4394,4394,4394,0.0,0.0,135.0,135.0,135,135,135,0.0,0.0,0.266935,0.266935,0.266935,0.266935,0.266935,0.0,0.0
a,similar_smaller_multi,instance_0006.txt,1,1,0,0,27.602836879432623,27.602836879432623,27.602836879432623,27.602836879432623,27.602836879432623,0.0,0.0,3892.0,3892.0,3892,3892,3892,0.0,0.0,141.0,141.0,141,141,141,0.0,0.0,0.251761,0.251761,0.251761,0.251761,0.251761,0.0,0.0
a,similar_smaller_multi,instance_0007.txt,1,1,0,0,26.53103448275862,26.53103448275862,26.53103448275862,26.53103448275862,26.53103448275862,0.0,0.0,3847.0,3847.0,3847,3847,3847,0.0,0.0,145.0,145.0,145,145,145,0.0,0.0,0.383585,0.383585,0.383585,0.383585,0.383585,0.0,0.0
a,similar_smaller_multi,instance_0008.txt,1,1,0,0,22.007751937984494,22.007751937984494,22.007751937984494,22.007751937984494,22.007751937984494,0.0,0.0,2839.0,2839.0,2839,2839,2839,0.0,0.0,129.0,129.0,129,129,129,0.0,0.0,0.200647,0.200647,0.200647,0.200647,0.200647,0.0,0.0
a,similar_smaller_multi,instance_0009.txt,1,1,0,0,2.303030303030303,2.303030303030303,2.303030303030303,2.303030303030303,2.303030303030303,0.0,0.0,152.0,152.0,152,152,152,0.0,0.0,66.0,66.0,66,66,66,0.0,0.0,0.027955,0.027955,0.027955,0.027955,0.027955,0.0,0.0
a,similar_smaller_multi,instance_0010.txt,1,1,0,0,5.918644067796611,5.918644067796611,5.918644067796611,5.918644067796611,5.918644067796611,0.0,0.0,1746.0,1746.0,1746,1746,1746,0.0,0.0,295.0,295.0,295,295,295,0.0,0.0,0.543601,0.543601,0.543601,0.543601,0.543601,0.0,0.0
a,similar_smaller_multi,instance_0011.txt,1,1,0,0,6.794019933554817,6.794019933554817,6.794019933554817,6.794019933554817,6.794019933554817,0.0,0.0,2045.0,2045.0,2045,2045,2045,0.0,0.0,301.0,301.0,301,301,301,0.0,0.0,0.444548,0.444548,0.444548,0.444548,0.444548,0.0,0.0
a,similar_smaller_multi,instance_0012.txt,1,1,0,0,2.185185185185185,2.185185185185185,2.185185185185185,2.185185185185185,2.185185185185185,0.0,0.0,177.0,177.0,177,177,177,0.0,0.0,81.0,81.0,81,81,81,0.0,0.0,0.035483,0.035483,0.035483,0.035483,0.035483,0.0,0.0
a,similar_smaller_multi,instance_0013.txt,1,1,0,0,12.590659340659341,12.590659340659341,12.590659340659341,12.590659340659341,12.590659340659341,0.0,0.0,4583.0,4583.0,4583,4583,4583,0.0,0.0,364.0,364.0,364,364,364,0.0,0.0,0.96478,0.96478,0.96478,0.96478,0.96478,0.0,0.0
a,similar_smaller_multi,instance_0014.txt,1,1,0,0,20.58244680851064,20.58244680851064,20.58244680851064,20.58244680851064,20.58244680851064,0.0,0.0,7739.0,7739.0,7739,7739,7739,0.0,0.0,376.0,376.0,376,376,376,0.0,0.0,1.039975,1.039975,1.039975,1.039975,1.039975,0.0,0.0
a,similar_smaller_multi,instance_0015.txt,1,1,0,0,10.725947521865889,10.725947521865889,10.725947521865889,10.725947521865889,10.725947521865889,0.0,0.0,3679.0,3679.0,3679,3679,3679,0.0,0.0,343.0,343.0,343,343,343,0.0,0.0,0.887215,0.887215,0.887215,0.887215,0.887215,0.0,0.0
a,similar_smaller_multi,instance_0016.txt,1,1,0,0,9.661971830985916,9.661971830985916,9.661971830985916,9.661971830985916,9.661971830985916,0.0,0.0,686.0,686.0,686,686,686,0.0,0.0,71.0,71.0,71,71,71,0.0,0.0,0.034512,0.034512,0.034512,0.034512,0.034512,0.0,0.0
a,similar_smaller_multi,instance_0017.txt,1,1,0,0,3.8043478260869565,3.8043478260869565,3.8043478260869565,3.8043478260869565,3.8043478260869565,0.0,0.0,175.0,175.0,175,175,175,0.0,0.0,46.0,46.0,46,46,46,0.0,0.0,0.012272,0.012272,0.012272,0.012272,0.012272,0.0,0.0
a,similar_smaller_multi,instance_0018.txt,1,1,0,0,15.855263157894736,15.855263157894736,15.855263157894736,15.855263157894736,15.855263157894736,0.0,0.0,1205.0,1205.0,1205,1205,1205,0.0,0.0,76.0,76.0,76,76,76,0.0,0.0,0.047248,0.047248,0.047248,0.047248,0.047248,0.0,0.0
a,similar_smaller_multi,instance_0019.txt,1,1,0,0,9.891089108910892,9.891089108910892,9.891089108910892,9.891089108910892,9.891089108910892,0.0,0.0,999.0,999.0,999,999,999,0.0,0.0,101.0,101.0,101,101,101,0.0,0.0,0.122432,0.122432,0.122432,0.122432,0.122432,0.0,0.0
a,similar_smaller_multi,instance_0020.txt,1,1,0,0,5.0,5.0,5.0,5.0,5.0,0.0,0.0,10.0,10.0,10,10,10,0.0,0.0,2.0,2.0,2,2,2,0.0,0.0,0.000109,0.000109,0.000109,0.000109,0.000109,0.0,0.0
a,similar_smaller_multi_weighted,instance_0001.txt,1,1,0,0,2.72,2.72,2.72,2.72,2.72,0.0,0.0,68.0,68.0,68,68,68,0.0,0.0,25.0,25.0,25,25,25,0.0,0.0,0.014436,0.014436,0.014436,0.014436,0.014436,0.0,0.0
a,similar_smaller_multi_weighted,instance_0002.txt,1,1,0,0,1.0,1.0,1.0,1.0,1.0,0.0,0.0,2.0,2.0,2,2,2,0.0,0.0,2.0,2.0,2,2,2,0.0,0.0,0.000216,0.000216,0.000216,0.000216,0.000216,0.0,0.0
a,similar_smaller_multi_weighted,instance_0003.txt,1,1,0,0,3.0285714285714285,3.0285714285714285,3.0285714285714285,3.0285714285714285,3.0285714285714285,0.0,0.0,106.0,106.0,106,106,106,0.0,0.0,35.0,35.0,35,35,35,0.0,0.0,0.015501,0.015501,0.015501,0.015501,0.015501,0.0,0.0
a,similar_smaller_multi_weighted,instance_0004.txt,1,1,0,0,1.8571428571428572,1.8571428571428572,1.8571428571428572,1.8571428571428572,1.8571428571428572,0.0,0.0,39.0,39.0,39,39,39,0.0,0.0,21.0,21.0,21,21,21,0.0,0.0,0.001893,0.001893,0.001893,0.001893,0.001893,0.0,0.0
a,similar_smaller_multi_weighted,instance_0005.txt,1,1,0,0,32.54814814814815,32.54814814814815,32.54814814814815,32.54814814814815,32.54814814814815,0.0,0.0,4394.0,4394.0,4394,4394,4394,0.0,0.0,135.0,135.0,135,135,135,0.0,0.0,0.447062,0.447062,0.447062,0.447062,0.447062,0.0,0.0
a,similar_smaller_multi_weighted,instance_0006.txt,1,1,0,0,27.602836879432623,27.602836879432623,27.602836879432623,27.602836879432623,27.602836879432623,0.0,0.0,3892.0,3892.0,3892,3892,3892,0.0,0.0,141.0,141.0,141,141,141,0.0,0.0,0.577401,0.577401,0.577401,0.577401,0.577401,0.0,0.0
a,similar_smaller_multi_weighted,instance_0007.txt,1,1,0,0,26.53103448275862,26.53103448275862,26.53103448275862,26.53103448275862,26.53103448275862,0.0,0.0,3847.0,3847.0,3847,3847,3847,0.0,0.0,145.0,145.0,145,145,145,0.0,0.0,0.532518,0.532518,0.532518,0.532518,0.532518,0.0,0.0
a,similar_smaller_multi_weighted,instance_0008.txt,1,1,0,0,22.007751937984494,22.007751937984494,22.007751937984494,22.007751937984494,22.007751937984494,0.0,0.0,2839.0,2839.0,2839,2839,2839,0.0,0.0,129.0,129.0,129,129,129,0.0,0.0,0.300998,0.300998,0.300998,0.300998,0.300998,0.0,0.0
a,similar_smaller_multi_weighted,instance_0009.txt,1,1,0,0,2.303030303030303,2.303030303030303,2.303030303030303,2.303030303030303,2.303030303030303,0.0,0.0,152.0,152.0,152,152,152,0.0,0.0,66.0,66.0,66,66,66,0.0,0.0,0.044793,0.044793,0.044793,0.044793,0.044793,0.0,0.0
a,similar_smaller_multi_weighted,instance_0010.txt,1,1,0,0,5.918644067796611,5.918644067796611,5.918644067796611,5.918644067796611,5.918644067796611,0.0,0.0,1746.0,1746.0,1746,1746,1746,0.0,0.0,295.0,295.0,295,295,295,0.0,0.0,0.645737,0.645737,0.645737,0.645737,0.645737,0.0,0.0
a,similar_smaller_multi_weighted,instance_0011.txt,1,1,0,0,6.794019933554817,6.794019933554817,6.794019933554817,6.794019933554817,6.794019933554817,0.0,0.0,2045.0,2045.0,2045,2045,2045,0.0,0.0,301.0,301.0,301,301,301,0.0,0.0,0.534658,0.534658,0.534658,0.534658,0.534658,0.0,0.0
a,similar_smaller_multi_weighted,instance_0012.txt,1,1,0,0,2.185185185185185,2.185185185185185,2.185185185185185,2.185185185185185,2.185185185185185,0.0,0.0,177.0,177.0,177,177,177,0.0,0.0,81.0,81.0,81,81,81,0.0,0.0,0.063654,0.063654,0.063654,0.063654,0.063654,0.0,0.0
a,similar_smaller_multi_weighted,instance_0013.txt,1,1,0,0,12.590659340659341,12.590659340659341,12.590659340659341,12.590659340659341,12.590659340659341,0.0,0.0,4583.0,4583.0,4583,4583,4583,0.0,0.0,364.0,364.0,364,364,364,0.0,0.0,1.448272,1.448272,1.448272,1.448272,1.448272,0.0,0.0
a,similar_smaller_multi_weighted,instance_0014.txt,1,1,0,0,20.58244680851064,20.58244680851064,20.58244680851064,20.58244680851064,20.58244680851064,0.0,0.0,7739.0,7739.0,7739,7739,7739,0.0,0.0,376.0,376.0,376,376,376,0.0,0.0,1.5158,1.5158,1.5158,1.5158,1.5158,0.0,0.0
a,similar_smaller_multi_weighted,instance_0015.txt,1,1,0,0,10.725947521865889,10.725947521865889,10.725947521865889,10.725947521865889,10.725947521865889,0.0,0.0,3679.0,3679.0,3679,3679,3679,0.0,0.0,343.0,343.0,343,343,343,0.0,0.0,1.490404,1.490404,1.490404,1.490404,1.490404,0.0,0.0
a,similar_smaller_multi_weighted,instance_0016.txt,1,1,0,0,9.661971830985916,9.661971830985916,9.661971830985916,9.661971830985916,9.661971830985916,0.0,0.0,686.0,686.0,686,686,686,0.0,0.0,71.0,71.0,71,71,71,0.0,0.0,0.062738,0.062738,0.062738,0.062738,0.062738,0.0,0.0
a,similar_smaller_multi_weighted,instance_0017.txt,1,1,0,0,3.8043478260869565,3.8043478260869565,3.8043478260869565,3.8043478260869565,3.8043478260869565,0.0,0.0,175.0,175.0,175,175,175,0.0,0.0,46.0,46.0,46,46,46,0.0,0.0,0.018503,0.018503,0.018503,0.018503,0.018503,0.0,0.0
a,similar_smaller_multi_weighted,instance_0018.txt,1,1,0,0,15.855263157894736,15.855263157894736,15.855263157894736,15.855263157894736,15.855263157894736,0.0,0.0,1205.0,1205.0,1205,1205,1205,0.0,0.0,76.0,76.0,76,76,76,0.0,0.0,0.072232,0.072232,0.072232,0.072232,0.072232,0.0,0.0
a,similar_smaller_multi_weighted,instance_0019.txt,1,1,0,0,9.891089108910892,9.891089108910892,9.891089108910892,9.891089108910892,9.891089108910892,0.0,0.0,999.0,999.0,999,999,999,0.0,0.0,101.0,101.0,101,101,101,0.0,0.0,0.174615,0.174615,0.174615,0.174615,0.174615,0.0,0.0
a,similar_smaller_multi_weighted,instance_0020.txt,1,1,0,0,5.0,5.0,5.0,5.0,5.0,0.0,0.0,10.0,10.0,10,10,10,0.0,0.0,2.0,2.0,2,2,2,0.0,0.0,0.000164,0.000164,0.000164,0.000164,0.000164,0.0,0.0
a,similar_smaller_weighted,instance_0001.txt,1,1,0,0,2.6153846153846154,2.6153846153846154,2.6153846153846154,2.6153846153846154,2.6153846153846154,0.0,0.0,68.0,68.0,68,68,68,0.0,0.0,26.0,26.0,26,26,26,0.0,0.0,0.004897,0.004897,0.004897,0.004897,0.004897,0.0,0.0
a,similar_smaller_weighted,instance_0002.txt,1,1,0,0,1.0,1.0,1.0,1.0,1.0,0.0,0.0,2.0,2.0,2,2,2,0.0,0.0,2.0,2.0,2,2,2,0.0,0.0,0.000207,0.000207,0.000207,0.000207,0.000207,0.0,0.0
a,similar_smaller_weighted,instance_0003.txt,1,1,0,0,2.864864864864865,2.864864864864865,2.864864864864865,2.864864864864865,2.864864864864865,0.0,0.0,106.0,106.0,106,106,106,0.0,0.0,37.0,37.0,37,37,37,0.0,0.0,0.008403,0.008403,0.008403,0.008403,0.008403,0.0,0.0
a,similar_smaller_weighted,instance_0004.txt,1,1,0,0,1.7727272727272727,1.7727272727272727,1.7727272727272727,1.7727272727272727,1.7727272727272727,0.0,0.0,39.0,39.0,39,39,39,0.0,0.0,22.0,22.0,22,22,22,0.0,0.0,0.002675,0.002675,0.002675,0.002675,0.002675,0.0,0.0
a,similar_smaller_weighted,instance_0005.txt,1,1,0,0,31.840579710144926,31.840579710144926,31.840579710144926,31.840579710144926,31.840579710144926,0.0,0.0,4394.0,4394.0,4394,4394,4394,0.0,0.0,138.0,138.0,138,138,138,0.0,0.0,0.360032,0.360032,0.360032,0.360032,0.360032,0.0,0.0
a,similar_smaller_weighted,instance_0006.txt,1,1,0,0,26.65753424657534,26.65753424657534,26.65753424657534,26.65753424657534,26.65753424657534,0.0,0.0,3892.0,3892.0,3892,3892,3892,0.0,0.0,146.0,146.0,146,146,146,0.0,0.0,0.37934,0.37934,0.37934,0.37934,0.37934,0.0,0.0
a,similar_smaller_weighted,instance_0007.txt,1,1,0,0,25.818791946308725,25.818791946308725,25.818791946308725,25.818791946308725,25.818791946308725,0.0,0.0,3847.0,3847.0,3847,3847,3847,0.0,0.0,149.0,149.0,149,149,149,0.0,0.0,0.364775,0.364775,0.364775,0.364775,0.364775,0.0,0.0
a,similar_smaller_weighted,instance_0008.txt,1,1,0,0,21.838461538461537,21.838461538461537,21.838461538461537,21.838461538461537,21.838461538461537,0.0,0.0,2839.0,2839.0,2839,2839,2839,0.0,0.0,130.0,130.0,130,130,130,0.0,0.0,0.22806,0.22806,0.22806,0.22806,0.22806,0.0,0.0
a,similar_smaller_weighted,instance_0009.txt,1,1,0,0,2.026666666666667,2.026666666666667,2.026666666666667,2.026666666666667,2.026666666666667,0.0,0.0,152.0,152.0,152,152,152,0.0,0.0,75.0,75.0,75,75,75,0.0,0.0,0.029924,0.029924,0.029924,0.029924,0.029924,0.0,0.0
a,similar_smaller_weighted,instance_0010.txt,1,1,0,0,5.507886435331231,5.507886435331231,5.507886435331231,5.507886435331231,5.507886435331231,0.0,0.0,1746.0,1746.0,1746,1746,1746,0.0,0.0,317.0,317.0,317,317,317,0.0,0.0,0.500581,0.500581,0.500581,0.500581,0.500581,0.0,0.0
a,similar_smaller_weighted,instance_0011.txt,1,1,0,0,6.350931677018633,6.350931677018633,6.350931677018633,6.350931677018633,6.350931677018633,0.0,0.0,2045.0,2045.0,2045,2045,2045,0.0,0.0,322.0,322.0,322,322,322,0.0,0.0,0.417842,0.417842,0.417842,0.417842,0.417842,0.0,0.0
a,similar_smaller_weighted,instance_0012.txt,1,1,0,0,1.8829787234042554,1.8829787234042554,1.8829787234042554,1.8829787234042554,1.8829787234042554,0.0,0.0,177.0,177.0,177,177,177,0.0,0.0,94.0,94.0,94,94,94,0.0,0.0,0.049837,0.049837,0.049837,0.049837,0.049837,0.0,0.0
a,similar_smaller_weighted,instance_0013.txt,1,1,0,0,12.487738419618529,12.487738419618529,12.487738419618529,12.487738419618529,12.487738419618529,0.0,0.0,4583.0,4583.0,4583,4583,4583,0.0,0.0,367.0,367.0,367,367,367,0.0,0.0,1.286583,1.286583,1.286583,1.286583,1.286583,0.0,0.0
a,similar_smaller_weighted,instance_0014.txt,1,1,0,0,20.473544973544975,20.473544973544975,20.473544973544975,20.473544973544975,20.473544973544975,0.0,0.0,7739.0,7739.0,7739,7739,7739,0.0,0.0,378.0,378.0,378,378,378,0.0,0.0,2.096518,2.096518,2.096518,2.096518,2.096518,0.0,0.0
a,similar_smaller_weighted,instance_0015.txt,1,1,0,0,10.305322128851541,10.305322128851541,10.305322128851541,10.305322128851541,10.305322128851541,0.0,0.0,3679.0,3679.0,3679,3679,3679,0.0,0.0,357.0,357.0,357,357,357,0.0,0.0,1.074674,1.074674,1.074674,1.074674,1.074674,0.0,0.0
a,similar_smaller_weighted,instance_0016.txt,1,1,0,0,9.527777777777779,9.527777777777779,9.527777777777779,9.527777777777779,9.527777777777779,0.0,0.0,686.0,686.0,686,686,686,0.0,0.0,72.0,72.0,72,72,72,0.0,0.0,0.055412,0.055412,0.055412,0.055412,0.055412,0.0,0.0
a,similar_smaller_weighted,instance_0017.txt,1,1,0,0,3.8043478260869565,3.8043478260869565,3.8043478260869565,3.8043478260869565,3.8043478260869565,0.0,0.0,175.0,175.0,175,175,175,0.0,0.0,46.0,46.0,46,46,46,0.0,0.0,0.014772,0.014772,0.014772,0.014772,0.014772,0.0,0.0
a,similar_smaller_weighted,instance_0018.txt,1,1,0,0,15.855263157894736,15.855263157894736,15.855263157894736,15.855263157894736,15.855263157894736,0.0,0.0,1205.0,1205.0,1205,1205,1205,0.0,0.0,76.0,76.0,76,76,76,0.0,0.0,0.078943,0.078943,0.078943,0.078943,0.078943,0.0,0.0
a,similar_smaller_weighted,instance_0019.txt,1,1,0,0,9.60576923076923,9.60576923076923,9.60576923076923,9.60576923076923,9.60576923076923,0.0,0.0,999.0,999.0,999,999,999,0.0,0.0,104.0,104.0,104,104,104,0.0,0.0,0.127644,0.127644,0.127644,0.127644,0.127644,0.0,0.0
a,similar_smaller_weighted,instance_0020.txt,1,1,0,0,3.3333333333333335,3.3333333333333335,3.3333333333333335,3.3333333333333335,3.3333333333333335,0.0,0.0,10.0,10.0,10,10,10,0.0,0.0,3.0,3.0,3,3,3,0.0,0.0,0.000162,0.000162,0.000162,0.000162,0.000162,0.0,0.0
a,similar_weighted,instance_0001.txt,5,5,0,0,2.678205128205128,2.6153846153846154,2.6153846153846154,2.576923076923077,2.7916666666666665,0.008779585798816545,0.09369944396215243,67.4,67.0,67,67,68,0.24,0.4898979485566356,25.2,26.0,26,24,26,0.9600000000000002,0.9797958971132713,0.005468,0.005391,0.005391,0.004457,0.0066,4.818019999999999e-07,0.0006941195862385673
a,similar_weighted,instance_0002.txt,5,5,0,0,1.6,2.0,2.0,1.0,2.0,0.24,0.4898979485566356,2.0,2.0,2,2,2,0.0,0.0,1.4,1.0,1,1,2,0.24,0.4898979485566356,0.00019319999999999998,0.000186,0.000181,0.000181,0.000208,1.3895999999999985e-10,1.1788129622633094e-05
a,similar_weighted,instance_0003.txt,5,5,0,0,2.742779854517921,2.789473684210526,2.9444444444444446,2.4651162790697674,2.9444444444444446,0.028691766569605492,0.16938644151644927,106.0,106.0,106,106,106,0.0,0.0,38.8,38.0,36,36,43,6.16,2.4819347291981715,0.0125422,0.009811,0.008996,0.008996,0.022043,2.3956972559999998e-05,0.004894586045826552
a,similar_weighted,instance_0004.txt,5,5,0,0,1.818181818181818,1.7727272727272727,1.7727272727272727,1.7727272727272727,2.0,0.008264462809917359,0.09090909090909093,39.2,39.0,39,39,40,0.16,0.4,21.6,22.0,22,20,22,0.6399999999999999,0.7999999999999999,0.0036654,0.002873,0.006357,0.002847,0.006357,1.8540198399999993e-06,0.0013616239715868693
a,similar_weighted,instance_0005.txt,5,5,0,0,31.846376811594205,31.847826086956523,31.847826086956523,31.840579710144926,31.847826086956523,8.40159630330491e-06,0.0028985507246389376,4394.8,4395.0,4395,4394,4395,0.15999999999999998,0.39999999999999997,138.0,138.0,138,138,138,0.0,0.0,0.360473,0.370769,0.376609,0.325028,0.376609,0.0003737680972000005,0.019333082971942174
a,similar_weighted,instance_0006.txt,5,5,0,0,26.65753424657534,26.65753424657534,26.65753424657534,26.65753424657534,26.65753424657534,0.0,0.0,3892.0,3892.0,3892,3892,3892,0.0,0.0,146.0,146.0,146,146,146,0.0,0.0,0.37957240000000003,0.389264,0.378592,0.329369,0.407065,0.0007134203042399995,0.026709928944869912
a,similar_weighted,instance_0007.txt,5,5,0,0,25.81879194630873,25.818791946308725,25.818791946308725,25.818791946308725,25.818791946308725,1.262177448353619e-29,3.552713678800501e-15,3847.0,3847.0,3847,3847,3847,0.0,0.0,149.0,149.0,149,149,149,0.0,0.0,0.39995919999999996,0.416015,0.416015,0.370732,0.416895,0.0004209113617600005,0.020516124433235448
a,similar_weighted,instance_0008.txt,5,5,0,0,21.776876456876455,21.838461538461537,21.838461538461537,21.515151515151516,21.846153846153847,0.017136820599757588,0.13090767968212402,2839.6,2840.0,2840,2839,2840,0.24,0.4898979485566356,130.4,130.0,130,130,132,0.64,0.8,0.2265904,0.232944,0.204864,0.204864,0.234721,0.00012853885224000015,0.011337497618081343
a,similar_weighted,instance_0009.txt,5,5,0,0,2.0765363408521305,2.026666666666667,2.1714285714285713,2.0,2.1714285714285713,0.006074138830786225,0.07793676174172381,152.2,152.0,152,152,153,0.16000000000000003,0.4,73.4,75.0,76,70,76,7.839999999999999,2.8,0.0286172,0.02896,0.029799,0.020348,0.042261,6.072921415999999e-05,0.007792895107724728
a,similar_weighted,instance_0010.txt,5,5,0,0,5.507886435331231,5.507886435331231,5.507886435331231,5.507886435331231,5.507886435331231,0.0,0.0,1746.0,1746.0,1746,1746,1746,0.0,0.0,317.0,317.0,317,317,317,0.0,0.0,0.4255538,0.44287,0.355965,0.355965,0.490084,0.0021425593133600008,0.046287787950603135
a,similar_weighted,instance_0011.txt,5,5,0,0,6.366159275168824,6.370716510903427,6.370716510903427,6.350931677018633,6.3875,0.00019214456444976972,0.013861621999238391,2044.8,2045.0,2045,2044,2045,0.16,0.4,321.2,321.0,321,320,322,0.5599999999999999,0.7483314773547882,0.4802848,0.511832,0.390037,0.390037,0.561908,0.004013426570159998,0.06335161063587885
a,similar_weighted,instance_0012.txt,5,5,0,0,1.9262803853822412,1.8829787234042554,1.8829787234042554,1.84375,2.158536585365854,0.013697744725511815,0.11703736465553133,177.0,177.0,177,177,177,0.0,0.0,92.2,94.0,94,82,96,26.560000000000002,5.1536394906900505,0.03309839999999999,0.032913,0.036535,0.029384,0.036535,5.421317839999995e-06,0.0023283723585371813
a,similar_weighted,instance_0013.txt,5,5,0,0,12.487738419618529,12.487738419618529,12.487738419618529,12.487738419618529,12.487738419618529,0.0,0.0,4583.0,4583.0,4583,4583,4583,0.0,0.0,367.0,367.0,367,367,367,0.0,0.0,1.1211,1.074804,1.005419,0.949058,1.303771,0.0202797548972,0.14240700438250922
a,similar_weighted,instance_0014.txt,5,5,0,0,20.473544973544975,20.473544973544975,20.473544973544975,20.473544973544975,20.473544973544975,0.0,0.0,7739.0,7739.0,7739,7739,7739,0.0,0.0,378.0,378.0,378,378,378,0.0,0.0,1.9024248,1.997861,1.781255,1.535002,2.12943,0.04758545695016003,0.21814091076677944
a,similar_weighted,instance_0015.txt,5,5,0,0,10.305322128851541,10.305322128851541,10.305322128851541,10.305322128851541,10.305322128851541,0.0,0.0,3679.0,3679.0,3679,3679,3679,0.0,0.0,357.0,357.0,357,357,357,0.0,0.0,0.9547074,0.974671,0.818883,0.818883,1.10926,0.011499214553039993,0.10723439071976859
a,similar_weighted,instance_0016.txt,5,5,0,0,9.527777777777779,9.527777777777779,9.527777777777779,9.527777777777779,9.527777777777779,0.0,0.0,686.0,686.0,686,686,686,0.0,0.0,72.0,72.0,72,72,72,0.0,0.0,0.07101980000000001,0.074336,0.093288,0.054031,0.093288,0.00022562279415999997,0.015020745459530294
a,similar_weighted,instance_0017.txt,5,5,0,0,3.804347826086956,3.8043478260869565,3.8043478260869565,3.8043478260869565,3.8043478260869565,1.9721522630525295e-31,4.440892098500626e-16,175.0,175.0,175,175,175,0.0,0.0,46.0,46.0,46,46,46,0.0,0.0,0.0175298,0.015057,0.012819,0.012781,0.030625,4.4738768959999995e-05,0.006688704580111159
a,similar_weighted,instance_0018.txt,5,5,0,0,15.855263157894736,15.855263157894736,15.855263157894736,15.855263157894736,15.855263157894736,0.0,0.0,1205.0,1205.0,1205,1205,1205,0.0,0.0,76.0,76.0,76,76,76,0.0,0.0,0.0868796,0.085335,0.082198,0.082198,0.091695,1.4124856240000029e-05,0.0037583049689986613
a,similar_weighted,instance_0019.txt,5,5,0,0,9.60576923076923,9.60576923076923,9.60576923076923,9.60576923076923,9.60576923076923,0.0,0.0,999.0,999.0,999,999,999,0.0,0.0,104.0,104.0,104,104,104,0.0,0.0,0.10075479999999999,0.099844,0.099488,0.098346,0.105773,6.721087760000013e-06,0.0025925060771384923
a,similar_weighted,instance_0020.txt,5,5,0,0,3.6,4.0,4.0,3.0,4.0,0.24,0.4898979485566356,12.0,12.0,12,12,12,0.0,0.0,3.4,3.0,3,3,4,0.24,0.4898979485566356,0.0001778,0.000177,0.000174,0.000166,0.000189,6.136000000000007e-11,7.83326241102646e-06
a,smaller,instance_0001.txt,1,1,0,0,2.2758620689655173,2.2758620689655173,2.2758620689655173,2.2758620689655173,2.2758620689655173,0.0,0.0,66.0,66.0,66,66,66,0.0,0.0,29.0,29.0,29,29,29,0.0,0.0,0.002436,0.002436,0.002436,0.002436,0.002436,0.0,0.0
a,smaller,instance_0002.txt,1,1,0,0,1.0,1.0,1.0,1.0,1.0,0.0,0.0,2.0,2.0,2,2,2,0.0,0.0,2.0,2.0,2,2,2,0.0,0.0,9.8e-05,9.8e-05,9.8e-05,9.8e-05,9.8e-05,0.0,0.0
a,smaller,instance_0003.txt,1,1,0,0,2.6666666666666665,2.6666666666666665,2.6666666666666665,2.6666666666666665,2.6666666666666665,0.0,0.0,104.0,104.0,104,104,104,0.0,0.0,39.0,39.0,39,39,39,0.0,0.0,0.005165,0.005165,0.005165,0.005165,0.005165,0.0,0.0
a,smaller,instance_0004.txt,1,1,0,0,1.6363636363636365,1.6363636363636365,1.6363636363636365,1.6363636363636365,1.6363636363636365,0.0,0.0,36.0,36.0,36,36,36,0.0,0.0,22.0,22.0,22,22,22,0.0,0.0,0.001102,0.001102,0.001102,0.001102,0.001102,0.0,0.0
a,smaller,instance_0005.txt,1,1,0,0,31.156028368794328,31.156028368794328,31.156028368794328,31.156028368794328,31.156028368794328,0.0,0.0,4393.0,4393.0,4393,4393,4393,0.0,0.0,141.0,141.0,141,141,141,0.0,0.0,0.218367,0.218367,0.218367,0.218367,0.218367,0.0,0.0
a,smaller,instance_0006.txt,1,1,0,0,26.120805369127517,26.120805369127517,26.120805369127517,26.120805369127517,26.120805369127517,0.0,0.0,3892.0,3892.0,3892,3892,3892,0.0,0.0,149.0,149.0,149,149,149,0.0,0.0,0.303352,0.303352,0.303352,0.303352,0.303352,0.0,0.0
a,smaller,instance_0007.txt,1,1,0,0,25.818791946308725,25.818791946308725,25.818791946308725,25.818791946308725,25.818791946308725,0.0,0.0,3847.0,3847.0,3847,3847,3847,0.0,0.0,149.0,149.0,149,149,149,0.0,0.0,0.26119,0.26119,0.26119,0.26119,0.26119,0.0,0.0
a,smaller,instance_0008.txt,1,1,0,0,20.120567375886523,20.120567375886523,20.120567375886523,20.120567375886523,20.120567375886523,0.0,0.0,2837.0,2837.0,2837,2837,2837,0.0,0.0,141.0,141.0,141,141,141,0.0,0.0,0.18423,0.18423,0.18423,0.18423,0.18423,0.0,0.0
a,smaller,instance_0009.txt,1,1,0,0,1.7078651685393258,1.7078651685393258,1.7078651685393258,1.7078651685393258,1.7078651685393258,0.0,0.0,152.0,152.0,152,152,152,0.0,0.0,89.0,89.0,89,89,89,0.0,0.0,0.014849,0.014849,0.014849,0.014849,0.014849,0.0,0.0
a,smaller,instance_0010.txt,1,1,0,0,5.470219435736677,5.470219435736677,5.470219435736677,5.470219435736677,5.470219435736677,0.0,0.0,1745.0,1745.0,1745,1745,1745,0.0,0.0,319.0,319.0,319,319,319,0.0,0.0,0.335645,0.335645,0.335645,0.335645,0.335645,0.0,0.0
a,smaller,instance_0011.txt,1,1,0,0,6.401253918495298,6.401253918495298,6.401253918495298,6.401253918495298,6.401253918495298,0.0,0.0,2042.0,2042.0,2042,2042,2042,0.0,0.0,319.0,319.0,319,319,319,0.0,0.0,0.30426,0.30426,0.30426,0.30426,0.30426,0.0,0.0
a,smaller,instance_0012.txt,1,1,0,0,1.7777777777777777,1.7777777777777777,1.7777777777777777,1.7777777777777777,1.7777777777777777,0.0,0.0,176.0,176.0,176,176,176,0.0,0.0,99.0,99.0,99,99,99,0.0,0.0,0.018955,0.018955,0.018955,0.018955,0.018955,0.0,0.0
a,smaller,instance_0013.txt,1,1,0,0,12.386486486486486,12.386486486486486,12.386486486486486,12.386486486486486,12.386486486486486,0.0,0.0,4583.0,4583.0,4583,4583,4583,0.0,0.0,370.0,370.0,370,370,370,0.0,0.0,0.695671,0.695671,0.695671,0.695671,0.695671,0.0,0.0
a,smaller,instance_0014.txt,1,1,0,0,20.153645833333332,20.153645833333332,20.153645833333332,20.153645833333332,20.153645833333332,0.0,0.0,7739.0,7739.0,7739,7739,7739,0.0,0.0,384.0,384.0,384,384,384,0.0,0.0,1.091318,1.091318,1.091318,1.091318,1.091318,0.0,0.0
a,smaller,instance_0015.txt,1,1,0,0,10.305322128851541,10.305322128851541,10.305322128851541,10.305322128851541,10.305322128851541,0.0,0.0,3679.0,3679.0,3679,3679,3679,0.0,0.0,357.0,357.0,357,357,357,0.0,0.0,0.578495,0.578495,0.578495,0.578495,0.578495,0.0,0.0
a,smaller,instance_0016.txt,1,1,0,0,9.527777777777779,9.527777777777779,9.527777777777779,9.527777777777779,9.527777777777779,0.0,0.0,686.0,686.0,686,686,686,0.0,0.0,72.0,72.0,72,72,72,0.0,0.0,0.033885,0.033885,0.033885,0.033885,0.033885,0.0,0.0
a,smaller,instance_0017.txt,1,1,0,0,3.8043478260869565,3.8043478260869565,3.8043478260869565,3.8043478260869565,3.8043478260869565,0.0,0.0,175.0,175.0,175,175,175,0.0,0.0,46.0,46.0,46,46,46,0.0,0.0,0.009501,0.009501,0.009501,0.009501,0.009501,0.0,0.0
a,smaller,instance_0018.txt,1,1,0,0,15.253164556962025,15.253164556962025,15.253164556962025,15.253164556962025,15.253164556962025,0.0,0.0,1205.0,1205.0,1205,1205,1205,0.0,0.0,79.0,79.0,79,79,79,0.0,0.0,0.056371,0.056371,0.056371,0.056371,0.056371,0.0,0.0
a,smaller,instance_0019.txt,1,1,0,0,9.0,9.0,9.0,9.0,9.0,0.0,0.0,999.0,999.0,999,999,999,0.0,0.0,111.0,111.0,111,111,111,0.0,0.0,0.050155,0.050155,0.050155,0.050155,0.050155,0.0,0.0
a,smaller,instance_0020.txt,1,1,0,0,3.3333333333333335,3.3333333333333335,3.3333333333333335,3.3333333333333335,3.3333333333333335,0.0,0.0,10.0,10.0,10,10,10,0.0,0.0,3.0,3.0,3,3,3,0.0,0.0,8.7e-05,8.7e-05,8.7e-05,8.7e-05,8.7e-05,0.0,0.0
a,smaller_multi,instance_0001.txt,1,1,0,0,2.357142857142857,2.357142857142857,2.357142857142857,2.357142857142857,2.357142857142857,0.0,0.0,66.0,66.0,66,66,66,0.0,0.0,28.0,28.0,28,28,28,0.0,0.0,0.003145,0.003145,0.003145,0.003145,0.003145,0.0,0.0
a,smaller_multi,instance_0002.txt,1,1,0,0,1.0,1.0,1.0,1.0,1.0,0.0,0.0,2.0,2.0,2,2,2,0.0,0.0,2.0,2.0,2,2,2,0.0,0.0,0.000102,0.000102,0.000102,0.000102,0.000102,0.0,0.0
a,smaller_multi,instance_0003.txt,1,1,0,0,2.810810810810811,2.810810810810811,2.810810810810811,2.810810810810811,2.810810810810811,0.0,0.0,104.0,104.0,104,104,104,0.0,0.0,37.0,37.0,37,37,37,0.0,0.0,0.00606,0.00606,0.00606,0.00606,0.00606,0.0,0.0
a,smaller_multi,instance_0004.txt,1,1,0,0,1.6363636363636365,1.6363636363636365,1.6363636363636365,1.6363636363636365,1.6363636363636365,0.0,0.0,36.0,36.0,36,36,36,0.0,0.0,22.0,22.0,22,22,22,0.0,0.0,0.001231,0.001231,0.001231,0.001231,0.001231,0.0,0.0
a,smaller_multi,instance_0005.txt,1,1,0,0,31.156028368794328,31.156028368794328,31.156028368794328,31.156028368794328,31.156028368794328,0.0,0.0,4393.0,4393.0,4393,4393,4393,0.0,0.0,141.0,141.0,141,141,141,0.0,0.0,0.194636,0.194636,0.194636,0.194636,0.194636,0.0,0.0
a,smaller_multi,instance_0006.txt,1,1,0,0,26.65753424657534,26.65753424657534,26.65753424657534,26.65753424657534,26.65753424657534,0.0,0.0,3892.0,3892.0,3892,3892,3892,0.0,0.0,146.0,146.0,146,146,146,0.0,0.0,0.264201,0.264201,0.264201,0.264201,0.264201,0.0,0.0
a,smaller_multi,instance_0007.txt,1,1,0,0,26.53103448275862,26.53103448275862,26.53103448275862,26.53103448275862,26.53103448275862,0.0,0.0,3847.0,3847.0,3847,3847,3847,0.0,0.0,145.0,145.0,145,145,145,0.0,0.0,0.258192,0.258192,0.258192,0.258192,0.258192,0.0,0.0
a,smaller_multi,instance_0008.txt,1,1,0,0,20.41007194244604,20.41007194244604,20.41007194244604,20.41007194244604,20.41007194244604,0.0,0.0,2837.0,2837.0,2837,2837,2837,0.0,0.0,139.0,139.0,139,139,139,0.0,0.0,0.249303,0.249303,0.249303,0.249303,0.249303,0.0,0.0
a,smaller_multi,instance_0009.txt,1,1,0,0,1.9240506329113924,1.9240506329113924,1.9240506329113924,1.9240506329113924,1.9240506329113924,0.0,0.0,152.0,152.0,152,152,152,0.0,0.0,79.0,79.0,79,79,79,0.0,0.0,0.019426,0.019426,0.019426,0.019426,0.019426,0.0,0.0
a,smaller_multi,instance_0010.txt,1,1,0,0,5.759075907590759,5.759075907590759,5.759075907590759,5.759075907590759,5.759075907590759,0.0,0.0,1745.0,1745.0,1745,1745,1745,0.0,0.0,303.0,303.0,303,303,303,0.0,0.0,0.413137,0.413137,0.413137,0.413137,0.413137,0.0,0.0
a,smaller_multi,instance_0011.txt,1,1,0,0,6.806666666666667,6.806666666666667,6.806666666666667,6.806666666666667,6.806666666666667,0.0,0.0,2042.0,2042.0,2042,2042,2042,0.0,0.0,300.0,300.0,300,300,300,0.0,0.0,0.366545,0.366545,0.366545,0.366545,0.366545,0.0,0.0
a,smaller_multi,instance_0012.txt,1,1,0,0,2.046511627906977,2.046511627906977,2.046511627906977,2.046511627906977,2.046511627906977,0.0,0.0,176.0,176.0,176,176,176,0.0,0.0,86.0,86.0,86,86,86,0.0,0.0,0.047514,0.047514,0.047514,0.047514,0.047514,0.0,0.0
a,smaller_multi,instance_0013.txt,1,1,0,0,12.453804347826088,12.453804347826088,12.453804347826088,12.453804347826088,12.453804347826088,0.0,0.0,4583.0,4583.0,4583,4583,4583,0.0,0.0,368.0,368.0,368,368,368,0.0,0.0,0.93142,0.93142,0.93142,0.93142,0.93142,0.0,0.0
a,smaller_multi,instance_0014.txt,1,1,0,0,20.473544973544975,20.473544973544975,20.473544973544975,20.473544973544975,20.473544973544975,0.0,0.0,7739.0,7739.0,7739,7739,7739,0.0,0.0,378.0,378.0,378,378,378,0.0,0.0,1.104834,1.104834,1.104834,1.104834,1.104834,0.0,0.0
a,smaller_multi,instance_0015.txt,1,1,0,0,10.663768115942029,10.663768115942029,10.663768115942029,10.663768115942029,10.663768115942029,0.0,0.0,3679.0,3679.0,3679,3679,3679,0.0,0.0,345.0,345.0,345,345,345,0.0,0.0,0.912125,0.912125,0.912125,0.912125,0.912125,0.0,0.0
a,smaller_multi,instance_0016.txt,1,1,0,0,9.661971830985916,9.661971830985916,9.661971830985916,9.661971830985916,9.661971830985916,0.0,0.0,686.0,686.0,686,686,686,0.0,0.0,71.0,71.0,71,71,71,0.0,0.0,0.033681,0.033681,0.033681,0.033681,0.033681,0.0,0.0
a,smaller_multi,instance_0017.txt,1,1,0,0,3.8043478260869565,3.8043478260869565,3.8043478260869565,3.8043478260869565,3.8043478260869565,0.0,0.0,175.0,175.0,175,175,175,0.0,0.0,46.0,46.0,46,46,46,0.0,0.0,0.009475,0.009475,0.009475,0.009475,0.009475,0.0,0.0
a,smaller_multi,instance_0018.txt,1,1,0,0,15.253164556962025,15.253164556962025,15.253164556962025,15.253164556962025,15.253164556962025,0.0,0.0,1205.0,1205.0,1205,1205,1205,0.0,0.0,79.0,79.0,79,79,79,0.0,0.0,0.04003,0.04003,0.04003,0.04003,0.04003,0.0,0.0
a,smaller_multi,instance_0019.txt,1,1,0,0,9.336448598130842,9.336448598130842,9.336448598130842,9.336448598130842,9.336448598130842,0.0,0.0,999.0,999.0,999,999,999,0.0,0.0,107.0,107.0,107,107,107,0.0,0.0,0.080291,0.080291,0.080291,0.080291,0.080291,0.0,0.0
a,smaller_multi,instance_0020.txt,1,1,0,0,5.0,5.0,5.0,5.0,5.0,0.0,0.0,10.0,10.0,10,10,10,0.0,0.0,2.0,2.0,2,2,2,0.0,0.0,8.8e-05,8.8e-05,8.8e-05,8.8e-05,8.8e-05,0.0,0.0
