dataset,algorithm,instance,total_runs,feasible_runs,infeasible_runs,timed_out_runs,objective_mean,objective_median,objective_mode,objective_min,objective_max,objective_variance,objective_std_dev,items_mean,items_median,items_mode,items_min,items_max,items_variance,items_std_dev,aisles_mean,aisles_median,aisles_mode,aisles_min,aisles_max,aisles_variance,aisles_std_dev,exec_time_mean,exec_time_median,exec_time_mode,exec_time_min,exec_time_max,exec_time_variance,exec_time_std_dev
a,bigger,instance_0001.txt,1,1,0,0,5.230769230769231,5.230769230769231,5.230769230769231,5.230769230769231,5.230769230769231,0.0,0.0,68.0,68.0,68,68,68,0.0,0.0,13.0,13.0,13,13,13,0.0,0.0,0.001736,0.001736,0.001736,0.001736,0.001736,0.0,0.0
a,bigger,instance_0002.txt,1,1,0,0,2.0,2.0,2.0,2.0,2.0,0.0,0.0,2.0,2.0,2,2,2,0.0,0.0,1.0,1.0,1,1,1,0.0,0.0,0.000113,0.000113,0.000113,0.000113,0.000113,0.0,0.0
a,bigger,instance_0003.txt,1,1,0,0,4.24,4.24,4.24,4.24,4.24,0.0,0.0,106.0,106.0,106,106,106,0.0,0.0,25.0,25.0,25,25,25,0.0,0.0,0.003215,0.003215,0.003215,0.003215,0.003215,0.0,0.0
a,bigger,instance_0004.txt,1,1,0,0,2.1052631578947367,2.1052631578947367,2.1052631578947367,2.1052631578947367,2.1052631578947367,0.0,0.0,40.0,40.0,40,40,40,0.0,0.0,19.0,19.0,19,19,19,0.0,0.0,0.001393,0.001393,0.001393,0.001393,0.001393,0.0,0.0
a,bigger,instance_0005.txt,1,1,0,0,34.06976744186046,34.06976744186046,34.06976744186046,34.06976744186046,34.06976744186046,0.0,0.0,4395.0,4395.0,4395,4395,4395,0.0,0.0,129.0,129.0,129,129,129,0.0,0.0,0.158217,0.158217,0.158217,0.158217,0.158217,0.0,0.0
a,bigger,instance_0006.txt,1,1,0,0,31.387096774193548,31.387096774193548,31.387096774193548,31.387096774193548,31.387096774193548,0.0,0.0,3892.0,3892.0,3892,3892,3892,0.0,0.0,124.0,124.0,124,124,124,0.0,0.0,0.085441,0.085441,0.085441,0.085441,0.085441,0.0,0.0
a,bigger,instance_0007.txt,1,1,0,0,28.708955223880597,28.708955223880597,28.708955223880597,28.708955223880597,28.708955223880597,0.0,0.0,3847.0,3847.0,3847,3847,3847,0.0,0.0,134.0,134.0,134,134,134,0.0,0.0,0.224517,0.224517,0.224517,0.224517,0.224517,0.0,0.0
a,bigger,instance_0008.txt,1,1,0,0,28.96938775510204,28.96938775510204,28.96938775510204,28.96938775510204,28.96938775510204,0.0,0.0,2839.0,2839.0,2839,2839,2839,0.0,0.0,98.0,98.0,98,98,98,0.0,0.0,0.098164,0.098164,0.098164,0.098164,0.098164,0.0,0.0
a,bigger,instance_0009.txt,1,1,0,0,2.7818181818181817,2.7818181818181817,2.7818181818181817,2.7818181818181817,2.7818181818181817,0.0,0.0,153.0,153.0,153,153,153,0.0,0.0,55.0,55.0,55,55,55,0.0,0.0,0.013712,0.013712,0.013712,0.013712,0.013712,0.0,0.0
a,bigger,instance_0010.txt,1,1,0,0,5.898648648648648,5.898648648648648,5.898648648648648,5.898648648648648,5.898648648648648,0.0,0.0,1746.0,1746.0,1746,1746,1746,0.0,0.0,296.0,296.0,296,296,296,0.0,0.0,0.312971,0.312971,0.312971,0.312971,0.312971,0.0,0.0
a,bigger,instance_0011.txt,1,1,0,0,6.8624161073825505,6.8624161073825505,6.8624161073825505,6.8624161073825505,6.8624161073825505,0.0,0.0,2045.0,2045.0,2045,2045,2045,0.0,0.0,298.0,298.0,298,298,298,0.0,0.0,0.360063,0.360063,0.360063,0.360063,0.360063,0.0,0.0
a,bigger,instance_0012.txt,1,1,0,0,3.339622641509434,3.339622641509434,3.339622641509434,3.339622641509434,3.339622641509434,0.0,0.0,177.0,177.0,177,177,177,0.0,0.0,53.0,53.0,53,53,53,0.0,0.0,0.017616,0.017616,0.017616,0.017616,0.017616,0.0,0.0
a,bigger,instance_0013.txt,1,1,0,0,12.837535014005603,12.837535014005603,12.837535014005603,12.837535014005603,12.837535014005603,0.0,0.0,4583.0,4583.0,4583,4583,4583,0.0,0.0,357.0,357.0,357,357,357,0.0,0.0,0.627926,0.627926,0.627926,0.627926,0.627926,0.0,0.0
a,bigger,instance_0014.txt,1,1,0,0,20.473544973544975,20.473544973544975,20.473544973544975,20.473544973544975,20.473544973544975,0.0,0.0,7739.0,7739.0,7739,7739,7739,0.0,0.0,378.0,378.0,378,378,378,0.0,0.0,1.391541,1.391541,1.391541,1.391541,1.391541,0.0,0.0
a,bigger,instance_0015.txt,1,1,0,0,10.602305475504323,10.602305475504323,10.602305475504323,10.602305475504323,10.602305475504323,0.0,0.0,3679.0,3679.0,3679,3679,3679,0.0,0.0,347.0,347.0,347,347,347,0.0,0.0,0.380534,0.380534,0.380534,0.380534,0.380534,0.0,0.0
a,bigger,instance_0016.txt,1,1,0,0,9.527777777777779,9.527777777777779,9.527777777777779,9.527777777777779,9.527777777777779,0.0,0.0,686.0,686.0,686,686,686,0.0,0.0,72.0,72.0,72,72,72,0.0,0.0,0.042801,0.042801,0.042801,0.042801,0.042801,0.0,0.0
a,bigger,instance_0017.txt,1,1,0,0,3.8043478260869565,3.8043478260869565,3.8043478260869565,3.8043478260869565,3.8043478260869565,0.0,0.0,175.0,175.0,175,175,175,0.0,0.0,46.0,46.0,46,46,46,0.0,0.0,0.008986,0.008986,0.008986,0.008986,0.008986,0.0,0.0
a,bigger,instance_0018.txt,1,1,0,0,16.066666666666666,16.066666666666666,16.066666666666666,16.066666666666666,16.066666666666666,0.0,0.0,1205.0,1205.0,1205,1205,1205,0.0,0.0,75.0,75.0,75,75,75,0.0,0.0,0.025987,0.025987,0.025987,0.025987,0.025987,0.0,0.0
a,bigger,instance_0019.txt,1,1,0,0,10.090909090909092,10.090909090909092,10.090909090909092,10.090909090909092,10.090909090909092,0.0,0.0,999.0,999.0,999,999,999,0.0,0.0,99.0,99.0,99,99,99,0.0,0.0,0.054871,0.054871,0.054871,0.054871,0.054871,0.0,0.0
a,bigger,instance_0020.txt,1,1,0,0,4.0,4.0,4.0,4.0,4.0,0.0,0.0,12.0,12.0,12,12,12,0.0,0.0,3.0,3.0,3,3,3,0.0,0.0,0.000108,0.000108,0.000108,0.000108,0.000108,0.0,0.0
a,bigger_exact,instance_0001.txt,1,1,0,0,5.230769230769231,5.230769230769231,5.230769230769231,5.230769230769231,5.230769230769231,0.0,0.0,68.0,68.0,68,68,68,0.0,0.0,13.0,13.0,13,13,13,0.0,0.0,0.009849,0.009849,0.009849,0.009849,0.009849,0.0,0.0
a,bigger_exact,instance_0002.txt,1,1,0,0,2.0,2.0,2.0,2.0,2.0,0.0,0.0,2.0,2.0,2,2,2,0.0,0.0,1.0,1.0,1,1,1,0.0,0.0,0.003707,0.003707,0.003707,0.003707,0.003707,0.0,0.0
a,bigger_exact,instance_0003.txt,1,1,0,0,4.608695652173913,4.608695652173913,4.608695652173913,4.608695652173913,4.608695652173913,0.0,0.0,106.0,106.0,106,106,106,0.0,0.0,23.0,23.0,23,23,23,0.0,0.0,0.013925,0.013925,0.013925,0.013925,0.013925,0.0,0.0
a,bigger_exact,instance_0004.txt,1,1,0,0,2.1052631578947367,2.1052631578947367,2.1052631578947367,2.1052631578947367,2.1052631578947367,0.0,0.0,40.0,40.0,40,40,40,0.0,0.0,19.0,19.0,19,19,19,0.0,0.0,0.008009,0.008009,0.008009,0.008009,0.008009,0.0,0.0
a,bigger_exact,instance_0005.txt,1,1,0,0,35.16,35.16,35.16,35.16,35.16,0.0,0.0,4395.0,4395.0,4395,4395,4395,0.0,0.0,125.0,125.0,125,125,125,0.0,0.0,0.376125,0.376125,0.376125,0.376125,0.376125,0.0,0.0
a,bigger_exact,instance_0006.txt,1,1,0,0,31.901639344262296,31.901639344262296,31.901639344262296,31.901639344262296,31.901639344262296,0.0,0.0,3892.0,3892.0,3892,3892,3892,0.0,0.0,122.0,122.0,122,122,122,0.0,0.0,0.171461,0.171461,0.171461,0.171461,0.171461,0.0,0.0
a,bigger_exact,instance_0007.txt,1,1,0,0,28.708955223880597,28.708955223880597,28.708955223880597,28.708955223880597,28.708955223880597,0.0,0.0,3847.0,3847.0,3847,3847,3847,0.0,0.0,134.0,134.0,134,134,134,0.0,0.0,0.360126,0.360126,0.360126,0.360126,0.360126,0.0,0.0
a,bigger_exact,instance_0008.txt,1,1,0,0,32.26136363636363,32.26136363636363,32.26136363636363,32.26136363636363,32.26136363636363,0.0,0.0,2839.0,2839.0,2839,2839,2839,0.0,0.0,88.0,88.0,88,88,88,0.0,0.0,0.217314,0.217314,0.217314,0.217314,0.217314,0.0,0.0
a,bigger_exact,instance_0009.txt,1,1,0,0,3.06,3.06,3.06,3.06,3.06,0.0,0.0,153.0,153.0,153,153,153,0.0,0.0,50.0,50.0,50,50,50,0.0,0.0,0.051057,0.051057,0.051057,0.051057,0.051057,0.0,0.0
a,bigger_exact,instance_0010.txt,1,1,0,0,6.349090909090909,6.349090909090909,6.349090909090909,6.349090909090909,6.349090909090909,0.0,0.0,1746.0,1746.0,1746,1746,1746,0.0,0.0,275.0,275.0,275,275,275,0.0,0.0,0.778605,0.778605,0.778605,0.778605,0.778605,0.0,0.0
a,bigger_exact,instance_0011.txt,1,1,0,0,7.303571428571429,7.303571428571429,7.303571428571429,7.303571428571429,7.303571428571429,0.0,0.0,2045.0,2045.0,2045,2045,2045,0.0,0.0,280.0,280.0,280,280,280,0.0,0.0,0.46599,0.46599,0.46599,0.46599,0.46599,0.0,0.0
a,bigger_exact,instance_0012.txt,1,1,0,0,3.765957446808511,3.765957446808511,3.765957446808511,3.765957446808511,3.765957446808511,0.0,0.0,177.0,177.0,177,177,177,0.0,0.0,47.0,47.0,47,47,47,0.0,0.0,0.046916,0.046916,0.046916,0.046916,0.046916,0.0,0.0
a,bigger_exact,instance_0013.txt,1,1,0,0,13.094285714285714,13.094285714285714,13.094285714285714,13.094285714285714,13.094285714285714,0.0,0.0,4583.0,4583.0,4583,4583,4583,0.0,0.0,350.0,350.0,350,350,350,0.0,0.0,1.847993,1.847993,1.847993,1.847993,1.847993,0.0,0.0
a,bigger_exact,instance_0014.txt,1,1,0,0,20.74798927613941,20.74798927613941,20.74798927613941,20.74798927613941,20.74798927613941,0.0,0.0,7739.0,7739.0,7739,7739,7739,0.0,0.0,373.0,373.0,373,373,373,0.0,0.0,3.324209,3.324209,3.324209,3.324209,3.324209,0.0,0.0
a,bigger_exact,instance_0015.txt,1,1,0,0,10.916913946587536,10.916913946587536,10.916913946587536,10.916913946587536,10.916913946587536,0.0,0.0,3679.0,3679.0,3679,3679,3679,0.0,0.0,337.0,337.0,337,337,337,0.0,0.0,1.167423,1.167423,1.167423,1.167423,1.167423,0.0,0.0
a,bigger_exact,instance_0016.txt,1,1,0,0,9.661971830985916,9.661971830985916,9.661971830985916,9.661971830985916,9.661971830985916,0.0,0.0,686.0,686.0,686,686,686,0.0,0.0,71.0,71.0,71,71,71,0.0,0.0,0.093939,0.093939,0.093939,0.093939,0.093939,0.0,0.0
a,bigger_exact,instance_0017.txt,1,1,0,0,3.8043478260869565,3.8043478260869565,3.8043478260869565,3.8043478260869565,3.8043478260869565,0.0,0.0,175.0,175.0,175,175,175,0.0,0.0,46.0,46.0,46,46,46,0.0,0.0,0.025385,0.025385,0.025385,0.025385,0.025385,0.0,0.0
a,bigger_exact,instance_0018.txt,1,1,0,0,16.066666666666666,16.066666666666666,16.066666666666666,16.066666666666666,16.066666666666666,0.0,0.0,1205.0,1205.0,1205,1205,1205,0.0,0.0,75.0,75.0,75,75,75,0.0,0.0,0.097281,0.097281,0.097281,0.097281,0.097281,0.0,0.0
a,bigger_exact,instance_0019.txt,1,1,0,0,10.40625,10.40625,10.40625,10.40625,10.40625,0.0,0.0,999.0,999.0,999,999,999,0.0,0.0,96.0,96.0,96,96,96,0.0,0.0,0.107057,0.107057,0.107057,0.107057,0.107057,0.0,0.0
a,bigger_exact,instance_0020.txt,1,1,0,0,4.0,4.0,4.0,4.0,4.0,0.0,0.0,12.0,12.0,12,12,12,0.0,0.0,3.0,3.0,3,3,3,0.0,0.0,0.002563,0.002563,0.002563,0.002563,0.002563,0.0,0.0
a,bigger_multi,instance_0001.txt,1,1,0,0,5.230769230769231,5.230769230769231,5.230769230769231,5.230769230769231,5.230769230769231,0.0,0.0,68.0,68.0,68,68,68,0.0,0.0,13.0,13.0,13,13,13,0.0,0.0,0.002837,0.002837,0.002837,0.002837,0.002837,0.0,0.0
a,bigger_multi,instance_0002.txt,1,1,0,0,2.0,2.0,2.0,2.0,2.0,0.0,0.0,2.0,2.0,2,2,2,0.0,0.0,1.0,1.0,1,1,1,0.0,0.0,0.000106,0.000106,0.000106,0.000106,0.000106,0.0,0.0
a,bigger_multi,instance_0003.txt,1,1,0,0,4.416666666666667,4.416666666666667,4.416666666666667,4.416666666666667,4.416666666666667,0.0,0.0,106.0,106.0,106,106,106,0.0,0.0,24.0,24.0,24,24,24,0.0,0.0,0.007035,0.007035,0.007035,0.007035,0.007035,0.0,0.0
a,bigger_multi,instance_0004.txt,1,1,0,0,2.1052631578947367,2.1052631578947367,2.1052631578947367,2.1052631578947367,2.1052631578947367,0.0,0.0,40.0,40.0,40,40,40,0.0,0.0,19.0,19.0,19,19,19,0.0,0.0,0.001311,0.001311,0.001311,0.001311,0.001311,0.0,0.0
a,bigger_multi,instance_0005.txt,1,1,0,0,35.16,35.16,35.16,35.16,35.16,0.0,0.0,4395.0,4395.0,4395,4395,4395,0.0,0.0,125.0,125.0,125,125,125,0.0,0.0,0.312617,0.312617,0.312617,0.312617,0.312617,0.0,0.0
a,bigger_multi,instance_0006.txt,1,1,0,0,31.901639344262296,31.901639344262296,31.901639344262296,31.901639344262296,31.901639344262296,0.0,0.0,3892.0,3892.0,3892,3892,3892,0.0,0.0,122.0,122.0,122,122,122,0.0,0.0,0.45251,0.45251,0.45251,0.45251,0.45251,0.0,0.0
a,bigger_multi,instance_0007.txt,1,1,0,0,28.708955223880597,28.708955223880597,28.708955223880597,28.708955223880597,28.708955223880597,0.0,0.0,3847.0,3847.0,3847,3847,3847,0.0,0.0,134.0,134.0,134,134,134,0.0,0.0,0.394254,0.394254,0.394254,0.394254,0.394254,0.0,0.0
a,bigger_multi,instance_0008.txt,1,1,0,0,32.26136363636363,32.26136363636363,32.26136363636363,32.26136363636363,32.26136363636363,0.0,0.0,2839.0,2839.0,2839,2839,2839,0.0,0.0,88.0,88.0,88,88,88,0.0,0.0,0.279316,0.279316,0.279316,0.279316,0.279316,0.0,0.0
a,bigger_multi,instance_0009.txt,1,1,0,0,2.9423076923076925,2.9423076923076925,2.9423076923076925,2.9423076923076925,2.9423076923076925,0.0,0.0,153.0,153.0,153,153,153,0.0,0.0,52.0,52.0,52,52,52,0.0,0.0,0.022155,0.022155,0.022155,0.022155,0.022155,0.0,0.0
a,bigger_multi,instance_0010.txt,1,1,0,0,6.235714285714286,6.235714285714286,6.235714285714286,6.235714285714286,6.235714285714286,0.0,0.0,1746.0,1746.0,1746,1746,1746,0.0,0.0,280.0,280.0,280,280,280,0.0,0.0,0.692683,0.692683,0.692683,0.692683,0.692683,0.0,0.0
a,bigger_multi,instance_0011.txt,1,1,0,0,7.200704225352113,7.200704225352113,7.200704225352113,7.200704225352113,7.200704225352113,0.0,0.0,2045.0,2045.0,2045,2045,2045,0.0,0.0,284.0,284.0,284,284,284,0.0,0.0,0.56866,0.56866,0.56866,0.56866,0.56866,0.0,0.0
a,bigger_multi,instance_0012.txt,1,1,0,0,3.6875,3.6875,3.6875,3.6875,3.6875,0.0,0.0,177.0,177.0,177,177,177,0.0,0.0,48.0,48.0,48,48,48,0.0,0.0,0.03329,0.03329,0.03329,0.03329,0.03329,0.0,0.0
a,bigger_multi,instance_0013.txt,1,1,0,0,13.056980056980057,13.056980056980057,13.056980056980057,13.056980056980057,13.056980056980057,0.0,0.0,4583.0,4583.0,4583,4583,4583,0.0,0.0,351.0,351.0,351,351,351,0.0,0.0,1.0399,1.0399,1.0399,1.0399,1.0399,0.0,0.0
a,bigger_multi,instance_0014.txt,1,1,0,0,20.692513368983956,20.692513368983956,20.692513368983956,20.692513368983956,20.692513368983956,0.0,0.0,7739.0,7739.0,7739,7739,7739,0.0,0.0,374.0,374.0,374,374,374,0.0,0.0,1.129311,1.129311,1.129311,1.129311,1.129311,0.0,0.0
a,bigger_multi,instance_0015.txt,1,1,0,0,10.820588235294117,10.820588235294117,10.820588235294117,10.820588235294117,10.820588235294117,0.0,0.0,3679.0,3679.0,3679,3679,3679,0.0,0.0,340.0,340.0,340,340,340,0.0,0.0,1.245288,1.245288,1.245288,1.245288,1.245288,0.0,0.0
a,bigger_multi,instance_0016.txt,1,1,0,0,9.661971830985916,9.661971830985916,9.661971830985916,9.661971830985916,9.661971830985916,0.0,0.0,686.0,686.0,686,686,686,0.0,0.0,71.0,71.0,71,71,71,0.0,0.0,0.029202,0.029202,0.029202,0.029202,0.029202,0.0,0.0
a,bigger_multi,instance_0017.txt,1,1,0,0,3.8043478260869565,3.8043478260869565,3.8043478260869565,3.8043478260869565,3.8043478260869565,0.0,0.0,175.0,175.0,175,175,175,0.0,0.0,46.0,46.0,46,46,46,0.0,0.0,0.011732,0.011732,0.011732,0.011732,0.011732,0.0,0.0
a,bigger_multi,instance_0018.txt,1,1,0,0,16.066666666666666,16.066666666666666,16.066666666666666,16.066666666666666,16.066666666666666,0.0,0.0,1205.0,1205.0,1205,1205,1205,0.0,0.0,75.0,75.0,75,75,75,0.0,0.0,0.048386,0.048386,0.048386,0.048386,0.048386,0.0,0.0
a,bigger_multi,instance_0019.txt,1,1,0,0,10.40625,10.40625,10.40625,10.40625,10.40625,0.0,0.0,999.0,999.0,999,999,999,0.0,0.0,96.0,96.0,96,96,96,0.0,0.0,0.127652,0.127652,0.127652,0.127652,0.127652,0.0,0.0
a,bigger_multi,instance_0020.txt,1,1,0,0,4.0,4.0,4.0,4.0,4.0,0.0,0.0,12.0,12.0,12,12,12,0.0,0.0,3.0,3.0,3,3,3,0.0,0.0,0.000114,0.000114,0.000114,0.000114,0.000114,0.0,0.0
a,diff,instance_0001.txt,30,30,0,0,2.6586324786324784,2.6153846153846154,2.6153846153846154,2.6153846153846154,2.8333333333333335,0.0041284301263788525,0.06425286084198005,67.93333333333334,68.0,68,67,68,0.06222222222222223,0.24944382578492943,25.566666666666666,26.0,26,24,26,0.378888888888889,0.6155395104206464,0.0032855,0.0033610000000000003,0.003433,0.001674,0.004563,3.026659166666667e-07,0.0005501508126565539
a,diff,instance_0002.txt,30,30,0,0,1.8333333333333333,2.0,2.0,1.0,2.0,0.13888888888888887,0.3726779962499649,2.0,2.0,2,2,2,0.0,0.0,1.1666666666666667,1.0,1,1,2,0.13888888888888887,0.3726779962499649,0.00012993333333333334,0.00013000000000000002,0.000116,8.6e-05,0.000176,3.0599555555555557e-10,1.7492728648085626e-05
a,diff,instance_0003.txt,30,30,0,0,2.8502924584503537,2.864864864864865,2.864864864864865,2.65,2.864864864864865,0.0022354814545749216,0.0472808783185647,106.0,106.0,106,106,106,0.0,0.0,37.2,37.0,37,37,40,0.4266666666666666,0.6531972647421808,0.005942866666666667,0.0058755000000000005,0.006015,0.003677,0.00883,1.2940575822222224e-06,0.001137566517713238
a,diff,instance_0004.txt,30,30,0,0,1.7333049438484223,1.7727272727272727,1.7727272727272727,1.5416666666666667,2.0,0.013375445981258468,0.11565226319125134,38.86666666666667,39.0,39,37,40,0.8488888888888887,0.9213516640723501,22.5,22.0,22,20,25,1.5166666666666666,1.2315302134607444,0.0021468999999999998,0.0019275,0.001791,0.001086,0.003897,5.654992233333334e-07,0.000751996824018116
a,diff,instance_0005.txt,30,30,0,0,31.866239994358047,31.840579710144926,31.840579710144926,31.840579710144926,32.08029197080292,0.004986876941680262,0.0706178231162662,4394.333333333333,4394.0,4394,4394,4395,0.22222222222222224,0.4714045207910317,137.9,138.0,138,137,138,0.09000000000000001,0.30000000000000004,0.21795146666666662,0.2153795,0.247915,0.151891,0.270886,0.0011951701835155554,0.03457123346823997
a,diff,instance_0006.txt,30,30,0,0,26.657534246575338,26.65753424657534,26.65753424657534,26.65753424657534,26.65753424657534,1.262177448353619e-29,3.552713678800501e-15,3892.0,3892.0,3892,3892,3892,0.0,0.0,146.0,146.0,146,146,146,0.0,0.0,0.2535966,0.258703,0.145343,0.145343,0.295268,0.0013610013649733332,0.03689175199110681
a,diff,instance_0007.txt,30,30,0,0,25.818791946308718,25.818791946308725,25.818791946308725,25.818791946308725,25.818791946308725,5.048709793414476e-29,7.105427357601002e-15,3847.0,3847.0,3847,3847,3847,0.0,0.0,149.0,149.0,149,149,149,0.0,0.0,0.29912973333333337,0.30435999999999996,0.15433,0.15433,0.380821,0.0027531738071955563,0.05247069474664459
a,diff,instance_0008.txt,30,30,0,0,21.844701567836662,21.846153846153847,21.846153846153847,21.6793893129771,22.015503875968992,0.0018927199446843663,0.04350540132770144,2839.8,2840.0,2840,2839,2840,0.15999999999999998,0.39999999999999997,130.0,130.0,130,129,131,0.06666666666666667,0.2581988897471611,0.17287373333333325,0.183176,0.146112,0.101665,0.216208,0.0011429078803955558,0.0338069205991252
a,diff,instance_0009.txt,30,30,0,0,2.03237188310512,2.026666666666667,2.026666666666667,1.9870129870129871,2.111111111111111,0.0006146910027319227,0.02479296276631582,152.2,152.0,152,152,153,0.16000000000000003,0.4,74.9,75.0,75,72,77,1.023333333333333,1.0115993936995678,0.021385400000000002,0.020509,0.027864,0.013572,0.032043,2.5609916573333336e-05,0.00506062412883365
a,diff,instance_0010.txt,30,30,0,0,5.510221539970362,5.507886435331231,5.507886435331231,5.507886435331231,5.560509554140127,9.698056109427122e-05,0.009847870891429843,1746.0,1746.0,1746,1746,1746,0.0,0.0,316.8666666666667,317.0,317,314,317,0.3155555555555555,0.5617433182117572,0.3747713,0.3928245,0.23778,0.23778,0.484628,0.005480347718943333,0.07402937065073113
a,diff,instance_0011.txt,30,30,0,0,6.359233817392592,6.350931677018633,6.350931677018633,6.350931677018633,6.3875,0.00010194103592809683,0.010096585359818281,2044.7,2045.0,2045,2044,2045,0.2099999999999999,0.4582575694955839,321.53333333333336,322.0,322,320,322,0.31555555555555564,0.5617433182117573,0.3614178333333334,0.3850985,0.375083,0.187964,0.488775,0.007136783244872224,0.08447948416551929
a,diff,instance_0012.txt,30,30,0,0,1.8967450898827836,1.8829787234042554,1.8829787234042554,1.8631578947368421,2.0113636363636362,0.000684033482217031,0.026154033765693408,176.93333333333334,177.0,177,176,177,0.062222222222222213,0.2494438257849294,93.3,94.0,94,88,95,1.6099999999999997,1.268857754044952,0.0241576,0.0236745,0.024422,0.012605,0.034155,2.009920077333333e-05,0.004483213219704516
a,diff,instance_0013.txt,30,30,0,0,12.48887573641449,12.487738419618529,12.487738419618529,12.487738419618529,12.521857923497267,3.751119533667323e-05,0.006124638384155691,4583.0,4583.0,4583,4583,4583,0.0,0.0,366.96666666666664,367.0,367,366,367,0.03222222222222221,0.1795054935711501,0.7761608333333332,0.8507005000000001,0.434417,0.427529,0.942141,0.025487157359272223,0.15964697729450508
a,diff,instance_0014.txt,30,30,0,0,20.47354497354498,20.473544973544975,20.473544973544975,20.473544973544975,20.473544973544975,1.262177448353619e-29,3.552713678800501e-15,7739.0,7739.0,7739,7739,7739,0.0,0.0,378.0,378.0,378,378,378,0.0,0.0,1.3309792333333335,1.4666755,0.723931,0.723931,1.59134,0.06135422008457888,0.24769784029050168
a,diff,instance_0015.txt,30,30,0,0,10.306287046653862,10.305322128851541,10.305322128851541,10.305322128851541,10.334269662921349,2.700092459217489e-05,0.005196241390868489,3679.0,3679.0,3679,3679,3679,0.0,0.0,356.96666666666664,357.0,357,356,357,0.03222222222222221,0.1795054935711501,0.6473826333333332,0.6442110000000001,0.508932,0.459875,0.787504,0.007827756488765554,0.08847460928857247
a,diff,instance_0016.txt,30,30,0,0,9.527777777777777,9.527777777777779,9.527777777777779,9.527777777777779,9.527777777777779,3.1554436208840472e-30,1.7763568394002505e-15,686.0,686.0,686,686,686,0.0,0.0,72.0,72.0,72,72,72,0.0,0.0,0.04294496666666668,0.0429315,0.043844,0.04028,0.046561,2.228510632222223e-06,0.001492819691798786
a,diff,instance_0017.txt,30,30,0,0,3.809983896940418,3.8043478260869565,3.8043478260869565,3.8043478260869565,3.888888888888889,0.0004447141253134385,0.021088246141237978,175.0,175.0,175,175,175,0.0,0.0,45.93333333333333,46.0,46,45,46,0.06222222222222222,0.24944382578492943,0.010460466666666668,0.010952,0.011101,0.006302,0.012615,2.3584757822222216e-06,0.0015357329788157255
a,diff,instance_0018.txt,30,30,0,0,15.855263157894736,15.855263157894736,15.855263157894736,15.855263157894736,15.855263157894736,0.0,0.0,1205.0,1205.0,1205,1205,1205,0.0,0.0,76.0,76.0,76,76,76,0.0,0.0,0.0575728,0.062203999999999995,0.042574,0.033725,0.0714,0.00010033127135999998,0.010016549873085043
a,diff,instance_0019.txt,30,30,0,0,9.60576923076923,9.60576923076923,9.60576923076923,9.60576923076923,9.60576923076923,0.0,0.0,999.0,999.0,999,999,999,0.0,0.0,104.0,104.0,104,104,104,0.0,0.0,0.0677366,0.07094400000000001,0.078087,0.036916,0.091206,0.00012938088130666668,0.011374571697724125
a,diff,instance_0020.txt,30,30,0,0,3.644444444444445,3.833333333333333,4.0,3.0,4.0,0.15506172839506166,0.39377878103709657,11.433333333333334,12.0,12,10,12,0.7122222222222222,0.8439325934114775,3.1666666666666665,3.0,3,3,4,0.13888888888888887,0.3726779962499649,0.00010919999999999998,0.000104,0.000109,8.8e-05,0.000177,4.0115999999999994e-10,2.0028979005431104e-05
a,diff_bigger,instance_0001.txt,1,1,0,0,2.6153846153846154,2.6153846153846154,2.6153846153846154,2.6153846153846154,2.6153846153846154,0.0,0.0,68.0,68.0,68,68,68,0.0,0.0,26.0,26.0,26,26,26,0.0,0.0,0.003418,0.003418,0.003418,0.003418,0.003418,0.0,0.0
a,diff_bigger,instance_0002.txt,1,1,0,0,2.0,2.0,2.0,2.0,2.0,0.0,0.0,2.0,2.0,2,2,2,0.0,0.0,1.0,1.0,1,1,1,0.0,0.0,0.00013,0.00013,0.00013,0.00013,0.00013,0.0,0.0
a,diff_bigger,instance_0003.txt,1,1,0,0,2.864864864864865,2.864864864864865,2.864864864864865,2.864864864864865,2.864864864864865,0.0,0.0,106.0,106.0,106,106,106,0.0,0.0,37.0,37.0,37,37,37,0.0,0.0,0.005891,0.005891,0.005891,0.005891,0.005891,0.0,0.0
a,diff_bigger,instance_0004.txt,1,1,0,0,2.0,2.0,2.0,2.0,2.0,0.0,0.0,40.0,40.0,40,40,40,0.0,0.0,20.0,20.0,20,20,20,0.0,0.0,0.001681,0.001681,0.001681,0.001681,0.001681,0.0,0.0
a,diff_bigger,instance_0005.txt,1,1,0,0,31.840579710144926,31.840579710144926,31.840579710144926,31.840579710144926,31.840579710144926,0.0,0.0,4394.0,4394.0,4394,4394,4394,0.0,0.0,138.0,138.0,138,138,138,0.0,0.0,0.207846,0.207846,0.207846,0.207846,0.207846,0.0,0.0
a,diff_bigger,instance_0006.txt,1,1,0,0,26.65753424657534,26.65753424657534,26.65753424657534,26.65753424657534,26.65753424657534,0.0,0.0,3892.0,3892.0,3892,3892,3892,0.0,0.0,146.0,146.0,146,146,146,0.0,0.0,0.128318,0.128318,0.128318,0.128318,0.128318,0.0,0.0
a,diff_bigger,instance_0007.txt,1,1,0,0,25.818791946308725,25.818791946308725,25.818791946308725,25.818791946308725,25.818791946308725,0.0,0.0,3847.0,3847.0,3847,3847,3847,0.0,0.0,149.0,149.0,149,149,149,0.0,0.0,0.263988,0.263988,0.263988,0.263988,0.263988,0.0,0.0
a,diff_bigger,instance_0008.txt,1,1,0,0,21.838461538461537,21.838461538461537,21.838461538461537,21.838461538461537,21.838461538461537,0.0,0.0,2839.0,2839.0,2839,2839,2839,0.0,0.0,130.0,130.0,130,130,130,0.0,0.0,0.161203,0.161203,0.161203,0.161203,0.161203,0.0,0.0
a,diff_bigger,instance_0009.txt,1,1,0,0,2.026666666666667,2.026666666666667,2.026666666666667,2.026666666666667,2.026666666666667,0.0,0.0,152.0,152.0,152,152,152,0.0,0.0,75.0,75.0,75,75,75,0.0,0.0,0.019962,0.019962,0.019962,0.019962,0.019962,0.0,0.0
a,diff_bigger,instance_0010.txt,1,1,0,0,5.4733542319749215,5.4733542319749215,5.4733542319749215,5.4733542319749215,5.4733542319749215,0.0,0.0,1746.0,1746.0,1746,1746,1746,0.0,0.0,319.0,319.0,319,319,319,0.0,0.0,0.338192,0.338192,0.338192,0.338192,0.338192,0.0,0.0
a,diff_bigger,instance_0011.txt,1,1,0,0,6.328173374613003,6.328173374613003,6.328173374613003,6.328173374613003,6.328173374613003,0.0,0.0,2044.0,2044.0,2044,2044,2044,0.0,0.0,323.0,323.0,323,323,323,0.0,0.0,0.371926,0.371926,0.371926,0.371926,0.371926,0.0,0.0
a,diff_bigger,instance_0012.txt,1,1,0,0,1.8829787234042554,1.8829787234042554,1.8829787234042554,1.8829787234042554,1.8829787234042554,0.0,0.0,177.0,177.0,177,177,177,0.0,0.0,94.0,94.0,94,94,94,0.0,0.0,0.017129,0.017129,0.017129,0.017129,0.017129,0.0,0.0
a,diff_bigger,instance_0013.txt,1,1,0,0,12.487738419618529,12.487738419618529,12.487738419618529,12.487738419618529,12.487738419618529,0.0,0.0,4583.0,4583.0,4583,4583,4583,0.0,0.0,367.0,367.0,367,367,367,0.0,0.0,0.693641,0.693641,0.693641,0.693641,0.693641,0.0,0.0
a,diff_bigger,instance_0014.txt,1,1,0,0,20.473544973544975,20.473544973544975,20.473544973544975,20.473544973544975,20.473544973544975,0.0,0.0,7739.0,7739.0,7739,7739,7739,0.0,0.0,378.0,378.0,378,378,378,0.0,0.0,1.342243,1.342243,1.342243,1.342243,1.342243,0.0,0.0
a,diff_bigger,instance_0015.txt,1,1,0,0,10.305322128851541,10.305322128851541,10.305322128851541,10.305322128851541,10.305322128851541,0.0,0.0,3679.0,3679.0,3679,3679,3679,0.0,0.0,357.0,357.0,357,357,357,0.0,0.0,0.343707,0.343707,0.343707,0.343707,0.343707,0.0,0.0
a,diff_bigger,instance_0016.txt,1,1,0,0,9.527777777777779,9.527777777777779,9.527777777777779,9.527777777777779,9.527777777777779,0.0,0.0,686.0,686.0,686,686,686,0.0,0.0,72.0,72.0,72,72,72,0.0,0.0,0.036237,0.036237,0.036237,0.036237,0.036237,0.0,0.0
a,diff_bigger,instance_0017.txt,1,1,0,0,3.8043478260869565,3.8043478260869565,3.8043478260869565,3.8043478260869565,3.8043478260869565,0.0,0.0,175.0,175.0,175,175,175,0.0,0.0,46.0,46.0,46,46,46,0.0,0.0,0.009298,0.009298,0.009298,0.009298,0.009298,0.0,0.0
a,diff_bigger,instance_0018.txt,1,1,0,0,15.855263157894736,15.855263157894736,15.855263157894736,15.855263157894736,15.855263157894736,0.0,0.0,1205.0,1205.0,1205,1205,1205,0.0,0.0,76.0,76.0,76,76,76,0.0,0.0,0.054238,0.054238,0.054238,0.054238,0.054238,0.0,0.0
a,diff_bigger,instance_0019.txt,1,1,0,0,9.60576923076923,9.60576923076923,9.60576923076923,9.60576923076923,9.60576923076923,0.0,0.0,999.0,999.0,999,999,999,0.0,0.0,104.0,104.0,104,104,104,0.0,0.0,0.072013,0.072013,0.072013,0.072013,0.072013,0.0,0.0
a,diff_bigger,instance_0020.txt,1,1,0,0,3.3333333333333335,3.3333333333333335,3.3333333333333335,3.3333333333333335,3.3333333333333335,0.0,0.0,10.0,10.0,10,10,10,0.0,0.0,3.0,3.0,3,3,3,0.0,0.0,0.000112,0.000112,0.000112,0.000112,0.000112,0.0,0.0
a,diff_bigger_exact,instance_0001.txt,1,1,0,0,2.8333333333333335,2.8333333333333335,2.8333333333333335,2.8333333333333335,2.8333333333333335,0.0,0.0,68.0,68.0,68,68,68,0.0,0.0,24.0,24.0,24,24,24,0.0,0.0,0.013831,0.013831,0.013831,0.013831,0.013831,0.0,0.0
a,diff_bigger_exact,instance_0002.txt,1,1,0,0,2.0,2.0,2.0,2.0,2.0,0.0,0.0,2.0,2.0,2,2,2,0.0,0.0,1.0,1.0,1,1,1,0.0,0.0,0.003593,0.003593,0.003593,0.003593,0.003593,0.0,0.0
a,diff_bigger_exact,instance_0003.txt,1,1,0,0,3.0285714285714285,3.0285714285714285,3.0285714285714285,3.0285714285714285,3.0285714285714285,0.0,0.0,106.0,106.0,106,106,106,0.0,0.0,35.0,35.0,35,35,35,0.0,0.0,0.020791,0.020791,0.020791,0.020791,0.020791,0.0,0.0
a,diff_bigger_exact,instance_0004.txt,1,1,0,0,2.1052631578947367,2.1052631578947367,2.1052631578947367,2.1052631578947367,2.1052631578947367,0.0,0.0,40.0,40.0,40,40,40,0.0,0.0,19.0,19.0,19,19,19,0.0,0.0,0.009756,0.009756,0.009756,0.009756,0.009756,0.0,0.0
a,diff_bigger_exact,instance_0005.txt,1,1,0,0,32.54814814814815,32.54814814814815,32.54814814814815,32.54814814814815,32.54814814814815,0.0,0.0,4394.0,4394.0,4394,4394,4394,0.0,0.0,135.0,135.0,135,135,135,0.0,0.0,0.489015,0.489015,0.489015,0.489015,0.489015,0.0,0.0
a,diff_bigger_exact,instance_0006.txt,1,1,0,0,27.602836879432623,27.602836879432623,27.602836879432623,27.602836879432623,27.602836879432623,0.0,0.0,3892.0,3892.0,3892,3892,3892,0.0,0.0,141.0,141.0,141,141,141,0.0,0.0,0.323092,0.323092,0.323092,0.323092,0.323092,0.0,0.0
a,diff_bigger_exact,instance_0007.txt,1,1,0,0,26.53103448275862,26.53103448275862,26.53103448275862,26.53103448275862,26.53103448275862,0.0,0.0,3847.0,3847.0,3847,3847,3847,0.0,0.0,145.0,145.0,145,145,145,0.0,0.0,0.489299,0.489299,0.489299,0.489299,0.489299,0.0,0.0
a,diff_bigger_exact,instance_0008.txt,1,1,0,0,22.007751937984494,22.007751937984494,22.007751937984494,22.007751937984494,22.007751937984494,0.0,0.0,2839.0,2839.0,2839,2839,2839,0.0,0.0,129.0,129.0,129,129,129,0.0,0.0,0.372576,0.372576,0.372576,0.372576,0.372576,0.0,0.0
a,diff_bigger_exact,instance_0009.txt,1,1,0,0,2.375,2.375,2.375,2.375,2.375,0.0,0.0,152.0,152.0,152,152,152,0.0,0.0,64.0,64.0,64,64,64,0.0,0.0,0.154248,0.154248,0.154248,0.154248,0.154248,0.0,0.0
a,diff_bigger_exact,instance_0010.txt,1,1,0,0,5.859060402684563,5.859060402684563,5.859060402684563,5.859060402684563,5.859060402684563,0.0,0.0,1746.0,1746.0,1746,1746,1746,0.0,0.0,298.0,298.0,298,298,298,0.0,0.0,0.765362,0.765362,0.765362,0.765362,0.765362,0.0,0.0
a,diff_bigger_exact,instance_0011.txt,1,1,0,0,6.790697674418604,6.790697674418604,6.790697674418604,6.790697674418604,6.790697674418604,0.0,0.0,2044.0,2044.0,2044,2044,2044,0.0,0.0,301.0,301.0,301,301,301,0.0,0.0,0.875418,0.875418,0.875418,0.875418,0.875418,0.0,0.0
a,diff_bigger_exact,instance_0012.txt,1,1,0,0,2.2125,2.2125,2.2125,2.2125,2.2125,0.0,0.0,177.0,177.0,177,177,177,0.0,0.0,80.0,80.0,80,80,80,0.0,0.0,0.07889,0.07889,0.07889,0.07889,0.07889,0.0,0.0
a,diff_bigger_exact,instance_0013.txt,1,1,0,0,12.62534435261708,12.62534435261708,12.62534435261708,12.62534435261708,12.62534435261708,0.0,0.0,4583.0,4583.0,4583,4583,4583,0.0,0.0,363.0,363.0,363,363,363,0.0,0.0,2.402667,2.402667,2.402667,2.402667,2.402667,0.0,0.0
a,diff_bigger_exact,instance_0014.txt,1,1,0,0,20.58244680851064,20.58244680851064,20.58244680851064,20.58244680851064,20.58244680851064,0.0,0.0,7739.0,7739.0,7739,7739,7739,0.0,0.0,376.0,376.0,376,376,376,0.0,0.0,3.691832,3.691832,3.691832,3.691832,3.691832,0.0,0.0
a,diff_bigger_exact,instance_0015.txt,1,1,0,0,10.725947521865889,10.725947521865889,10.725947521865889,10.725947521865889,10.725947521865889,0.0,0.0,3679.0,3679.0,3679,3679,3679,0.0,0.0,343.0,343.0,343,343,343,0.0,0.0,1.500257,1.500257,1.500257,1.500257,1.500257,0.0,0.0
a,diff_bigger_exact,instance_0016.txt,1,1,0,0,9.661971830985916,9.661971830985916,9.661971830985916,9.661971830985916,9.661971830985916,0.0,0.0,686.0,686.0,686,686,686,0.0,0.0,71.0,71.0,71,71,71,0.0,0.0,0.086493,0.086493,0.086493,0.086493,0.086493,0.0,0.0
a,diff_bigger_exact,instance_0017.txt,1,1,0,0,3.8043478260869565,3.8043478260869565,3.8043478260869565,3.8043478260869565,3.8043478260869565,0.0,0.0,175.0,175.0,175,175,175,0.0,0.0,46.0,46.0,46,46,46,0.0,0.0,0.024249,0.024249,0.024249,0.024249,0.024249,0.0,0.0
a,diff_bigger_exact,instance_0018.txt,1,1,0,0,15.855263157894736,15.855263157894736,15.855263157894736,15.855263157894736,15.855263157894736,0.0,0.0,1205.0,1205.0,1205,1205,1205,0.0,0.0,76.0,76.0,76,76,76,0.0,0.0,0.14263,0.14263,0.14263,0.14263,0.14263,0.0,0.0
a,diff_bigger_exact,instance_0019.txt,1,1,0,0,9.99,9.99,9.99,9.99,9.99,0.0,0.0,999.0,999.0,999,999,999,0.0,0.0,100.0,100.0,100,100,100,0.0,0.0,0.151918,0.151918,0.151918,0.151918,0.151918,0.0,0.0
a,diff_bigger_exact,instance_0020.txt,1,1,0,0,5.0,5.0,5.0,5.0,5.0,0.0,0.0,10.0,10.0,10,10,10,0.0,0.0,2.0,2.0,2,2,2,0.0,0.0,0.003708,0.003708,0.003708,0.003708,0.003708,0.0,0.0
a,diff_bigger_exact_weighted,instance_0001.txt,1,1,0,0,2.8333333333333335,2.8333333333333335,2.8333333333333335,2.8333333333333335,2.8333333333333335,0.0,0.0,68.0,68.0,68,68,68,0.0,0.0,24.0,24.0,24,24,24,0.0,0.0,0.018331,0.018331,0.018331,0.018331,0.018331,0.0,0.0
a,diff_bigger_exact_weighted,instance_0002.txt,1,1,0,0,2.0,2.0,2.0,2.0,2.0,0.0,0.0,2.0,2.0,2,2,2,0.0,0.0,1.0,1.0,1,1,1,0.0,0.0,0.004576,0.004576,0.004576,0.004576,0.004576,0.0,0.0
a,diff_bigger_exact_weighted,instance_0003.txt,1,1,0,0,3.0285714285714285,3.0285714285714285,3.0285714285714285,3.0285714285714285,3.0285714285714285,0.0,0.0,106.0,106.0,106,106,106,0.0,0.0,35.0,35.0,35,35,35,0.0,0.0,0.02513,0.02513,0.02513,0.02513,0.02513,0.0,0.0
a,diff_bigger_exact_weighted,instance_0004.txt,1,1,0,0,2.1052631578947367,2.1052631578947367,2.1052631578947367,2.1052631578947367,2.1052631578947367,0.0,0.0,40.0,40.0,40,40,40,0.0,0.0,19.0,19.0,19,19,19,0.0,0.0,0.015521,0.015521,0.015521,0.015521,0.015521,0.0,0.0
a,diff_bigger_exact_weighted,instance_0005.txt,1,1,0,0,32.54814814814815,32.54814814814815,32.54814814814815,32.54814814814815,32.54814814814815,0.0,0.0,4394.0,4394.0,4394,4394,4394,0.0,0.0,135.0,135.0,135,135,135,0.0,0.0,0.704041,0.704041,0.704041,0.704041,0.704041,0.0,0.0
a,diff_bigger_exact_weighted,instance_0006.txt,1,1,0,0,27.602836879432623,27.602836879432623,27.602836879432623,27.602836879432623,27.602836879432623,0.0,0.0,3892.0,3892.0,3892,3892,3892,0.0,0.0,141.0,141.0,141,141,141,0.0,0.0,0.867514,0.867514,0.867514,0.867514,0.867514,0.0,0.0
a,diff_bigger_exact_weighted,instance_0007.txt,1,1,0,0,26.53103448275862,26.53103448275862,26.53103448275862,26.53103448275862,26.53103448275862,0.0,0.0,3847.0,3847.0,3847,3847,3847,0.0,0.0,145.0,145.0,145,145,145,0.0,0.0,0.850806,0.850806,0.850806,0.850806,0.850806,0.0,0.0
a,diff_bigger_exact_weighted,instance_0008.txt,1,1,0,0,22.007751937984494,22.007751937984494,22.007751937984494,22.007751937984494,22.007751937984494,0.0,0.0,2839.0,2839.0,2839,2839,2839,0.0,0.0,129.0,129.0,129,129,129,0.0,0.0,0.707132,0.707132,0.707132,0.707132,0.707132,0.0,0.0
a,diff_bigger_exact_weighted,instance_0009.txt,1,1,0,0,2.375,2.375,2.375,2.375,2.375,0.0,0.0,152.0,152.0,152,152,152,0.0,0.0,64.0,64.0,64,64,64,0.0,0.0,0.108136,0.108136,0.108136,0.108136,0.108136,0.0,0.0
a,diff_bigger_exact_weighted,instance_0010.txt,1,1,0,0,5.859060402684563,5.859060402684563,5.859060402684563,5.859060402684563,5.859060402684563,0.0,0.0,1746.0,1746.0,1746,1746,1746,0.0,0.0,298.0,298.0,298,298,298,0.0,0.0,0.686357,0.686357,0.686357,0.686357,0.686357,0.0,0.0
a,diff_bigger_exact_weighted,instance_0011.txt,1,1,0,0,6.790697674418604,6.790697674418604,6.790697674418604,6.790697674418604,6.790697674418604,0.0,0.0,2044.0,2044.0,2044,2044,2044,0.0,0.0,301.0,301.0,301,301,301,0.0,0.0,1.388003,1.388003,1.388003,1.388003,1.388003,0.0,0.0
a,diff_bigger_exact_weighted,instance_0012.txt,1,1,0,0,2.2125,2.2125,2.2125,2.2125,2.2125,0.0,0.0,177.0,177.0,177,177,177,0.0,0.0,80.0,80.0,80,80,80,0.0,0.0,0.096448,0.096448,0.096448,0.096448,0.096448,0.0,0.0
a,diff_bigger_exact_weighted,instance_0013.txt,1,1,0,0,12.62534435261708,12.62534435261708,12.62534435261708,12.62534435261708,12.62534435261708,0.0,0.0,4583.0,4583.0,4583,4583,4583,0.0,0.0,363.0,363.0,363,363,363,0.0,0.0,1.721525,1.721525,1.721525,1.721525,1.721525,0.0,0.0
a,diff_bigger_exact_weighted,instance_0014.txt,1,1,0,0,20.58244680851064,20.58244680851064,20.58244680851064,20.58244680851064,20.58244680851064,0.0,0.0,7739.0,7739.0,7739,7739,7739,0.0,0.0,376.0,376.0,376,376,376,0.0,0.0,2.970462,2.970462,2.970462,2.970462,2.970462,0.0,0.0
a,diff_bigger_exact_weighted,instance_0015.txt,1,1,0,0,10.725947521865889,10.725947521865889,10.725947521865889,10.725947521865889,10.725947521865889,0.0,0.0,3679.0,3679.0,3679,3679,3679,0.0,0.0,343.0,343.0,343,343,343,0.0,0.0,1.422576,1.422576,1.422576,1.422576,1.422576,0.0,0.0
a,diff_bigger_exact_weighted,instance_0016.txt,1,1,0,0,9.661971830985916,9.661971830985916,9.661971830985916,9.661971830985916,9.661971830985916,0.0,0.0,686.0,686.0,686,686,686,0.0,0.0,71.0,71.0,71,71,71,0.0,0.0,0.106129,0.106129,0.106129,0.106129,0.106129,0.0,0.0
a,diff_bigger_exact_weighted,instance_0017.txt,1,1,0,0,3.8043478260869565,3.8043478260869565,3.8043478260869565,3.8043478260869565,3.8043478260869565,0.0,0.0,175.0,175.0,175,175,175,0.0,0.0,46.0,46.0,46,46,46,0.0,0.0,0.028266,0.028266,0.028266,0.028266,0.028266,0.0,0.0
a,diff_bigger_exact_weighted,instance_0018.txt,1,1,0,0,15.855263157894736,15.855263157894736,15.855263157894736,15.855263157894736,15.855263157894736,0.0,0.0,1205.0,1205.0,1205,1205,1205,0.0,0.0,76.0,76.0,76,76,76,0.0,0.0,0.138991,0.138991,0.138991,0.138991,0.138991,0.0,0.0
a,diff_bigger_exact_weighted,instance_0019.txt,1,1,0,0,9.99,9.99,9.99,9.99,9.99,0.0,0.0,999.0,999.0,999,999,999,0.0,0.0,100.0,100.0,100,100,100,0.0,0.0,0.211418,0.211418,0.211418,0.211418,0.211418,0.0,0.0
a,diff_bigger_exact_weighted,instance_0020.txt,1,1,0,0,5.0,5.0,5.0,5.0,5.0,0.0,0.0,10.0,10.0,10,10,10,0.0,0.0,2.0,2.0,2,2,2,0.0,0.0,0.005677,0.005677,0.005677,0.005677,0.005677,0.0,0.0
a,diff_bigger_multi,instance_0001.txt,1,1,0,0,2.72,2.72,2.72,2.72,2.72,0.0,0.0,68.0,68.0,68,68,68,0.0,0.0,25.0,25.0,25,25,25,0.0,0.0,0.00471,0.00471,0.00471,0.00471,0.00471,0.0,0.0
a,diff_bigger_multi,instance_0002.txt,1,1,0,0,2.0,2.0,2.0,2.0,2.0,0.0,0.0,2.0,2.0,2,2,2,0.0,0.0,1.0,1.0,1,1,1,0.0,0.0,0.000138,0.000138,0.000138,0.000138,0.000138,0.0,0.0
a,diff_bigger_multi,instance_0003.txt,1,1,0,0,3.0285714285714285,3.0285714285714285,3.0285714285714285,3.0285714285714285,3.0285714285714285,0.0,0.0,106.0,106.0,106,106,106,0.0,0.0,35.0,35.0,35,35,35,0.0,0.0,0.00842,0.00842,0.00842,0.00842,0.00842,0.0,0.0
a,diff_bigger_multi,instance_0004.txt,1,1,0,0,2.1052631578947367,2.1052631578947367,2.1052631578947367,2.1052631578947367,2.1052631578947367,0.0,0.0,40.0,40.0,40,40,40,0.0,0.0,19.0,19.0,19,19,19,0.0,0.0,0.001637,0.001637,0.001637,0.001637,0.001637,0.0,0.0
a,diff_bigger_multi,instance_0005.txt,1,1,0,0,32.54814814814815,32.54814814814815,32.54814814814815,32.54814814814815,32.54814814814815,0.0,0.0,4394.0,4394.0,4394,4394,4394,0.0,0.0,135.0,135.0,135,135,135,0.0,0.0,0.265631,0.265631,0.265631,0.265631,0.265631,0.0,0.0
a,diff_bigger_multi,instance_0006.txt,1,1,0,0,27.602836879432623,27.602836879432623,27.602836879432623,27.602836879432623,27.602836879432623,0.0,0.0,3892.0,3892.0,3892,3892,3892,0.0,0.0,141.0,141.0,141,141,141,0.0,0.0,0.268239,0.268239,0.268239,0.268239,0.268239,0.0,0.0
a,diff_bigger_multi,instance_0007.txt,1,1,0,0,26.53103448275862,26.53103448275862,26.53103448275862,26.53103448275862,26.53103448275862,0.0,0.0,3847.0,3847.0,3847,3847,3847,0.0,0.0,145.0,145.0,145,145,145,0.0,0.0,0.364971,0.364971,0.364971,0.364971,0.364971,0.0,0.0
a,diff_bigger_multi,instance_0008.txt,1,1,0,0,22.007751937984494,22.007751937984494,22.007751937984494,22.007751937984494,22.007751937984494,0.0,0.0,2839.0,2839.0,2839,2839,2839,0.0,0.0,129.0,129.0,129,129,129,0.0,0.0,0.245453,0.245453,0.245453,0.245453,0.245453,0.0,0.0
a,diff_bigger_multi,instance_0009.txt,1,1,0,0,2.303030303030303,2.303030303030303,2.303030303030303,2.303030303030303,2.303030303030303,0.0,0.0,152.0,152.0,152,152,152,0.0,0.0,66.0,66.0,66,66,66,0.0,0.0,0.024452,0.024452,0.024452,0.024452,0.024452,0.0,0.0
a,diff_bigger_multi,instance_0010.txt,1,1,0,0,5.859060402684563,5.859060402684563,5.859060402684563,5.859060402684563,5.859060402684563,0.0,0.0,1746.0,1746.0,1746,1746,1746,0.0,0.0,298.0,298.0,298,298,298,0.0,0.0,0.464225,0.464225,0.464225,0.464225,0.464225,0.0,0.0
a,diff_bigger_multi,instance_0011.txt,1,1,0,0,6.790697674418604,6.790697674418604,6.790697674418604,6.790697674418604,6.790697674418604,0.0,0.0,2044.0,2044.0,2044,2044,2044,0.0,0.0,301.0,301.0,301,301,301,0.0,0.0,0.375639,0.375639,0.375639,0.375639,0.375639,0.0,0.0
a,diff_bigger_multi,instance_0012.txt,1,1,0,0,2.185185185185185,2.185185185185185,2.185185185185185,2.185185185185185,2.185185185185185,0.0,0.0,177.0,177.0,177,177,177,0.0,0.0,81.0,81.0,81,81,81,0.0,0.0,0.044413,0.044413,0.044413,0.044413,0.044413,0.0,0.0
a,diff_bigger_multi,instance_0013.txt,1,1,0,0,12.590659340659341,12.590659340659341,12.590659340659341,12.590659340659341,12.590659340659341,0.0,0.0,4583.0,4583.0,4583,4583,4583,0.0,0.0,364.0,364.0,364,364,364,0.0,0.0,0.536509,0.536509,0.536509,0.536509,0.536509,0.0,0.0
a,diff_bigger_multi,instance_0014.txt,1,1,0,0,20.58244680851064,20.58244680851064,20.58244680851064,20.58244680851064,20.58244680851064,0.0,0.0,7739.0,7739.0,7739,7739,7739,0.0,0.0,376.0,376.0,376,376,376,0.0,0.0,1.192025,1.192025,1.192025,1.192025,1.192025,0.0,0.0
a,diff_bigger_multi,instance_0015.txt,1,1,0,0,10.725947521865889,10.725947521865889,10.725947521865889,10.725947521865889,10.725947521865889,0.0,0.0,3679.0,3679.0,3679,3679,3679,0.0,0.0,343.0,343.0,343,343,343,0.0,0.0,0.90379,0.90379,0.90379,0.90379,0.90379,0.0,0.0
a,diff_bigger_multi,instance_0016.txt,1,1,0,0,9.661971830985916,9.661971830985916,9.661971830985916,9.661971830985916,9.661971830985916,0.0,0.0,686.0,686.0,686,686,686,0.0,0.0,71.0,71.0,71,71,71,0.0,0.0,0.041133,0.041133,0.041133,0.041133,0.041133,0.0,0.0
a,diff_bigger_multi,instance_0017.txt,1,1,0,0,3.8043478260869565,3.8043478260869565,3.8043478260869565,3.8043478260869565,3.8043478260869565,0.0,0.0,175.0,175.0,175,175,175,0.0,0.0,46.0,46.0,46,46,46,0.0,0.0,0.007862,0.007862,0.007862,0.007862,0.007862,0.0,0.0
a,diff_bigger_multi,instance_0018.txt,1,1,0,0,15.855263157894736,15.855263157894736,15.855263157894736,15.855263157894736,15.855263157894736,0.0,0.0,1205.0,1205.0,1205,1205,1205,0.0,0.0,76.0,76.0,76,76,76,0.0,0.0,0.045842,0.045842,0.045842,0.045842,0.045842,0.0,0.0
a,diff_bigger_multi,instance_0019.txt,1,1,0,0,9.891089108910892,9.891089108910892,9.891089108910892,9.891089108910892,9.891089108910892,0.0,0.0,999.0,999.0,999,999,999,0.0,0.0,101.0,101.0,101,101,101,0.0,0.0,0.123656,0.123656,0.123656,0.123656,0.123656,0.0,0.0
a,diff_bigger_multi,instance_0020.txt,1,1,0,0,5.0,5.0,5.0,5.0,5.0,0.0,0.0,10.0,10.0,10,10,10,0.0,0.0,2.0,2.0,2,2,2,0.0,0.0,0.00011,0.00011,0.00011,0.00011,0.00011,0.0,0.0
a,diff_bigger_multi_weighted,instance_0001.txt,1,1,0,0,2.72,2.72,2.72,2.72,2.72,0.0,0.0,68.0,68.0,68,68,68,0.0,0.0,25.0,25.0,25,25,25,0.0,0.0,0.004683,0.004683,0.004683,0.004683,0.004683,0.0,0.0
a,diff_bigger_multi_weighted,instance_0002.txt,1,1,0,0,2.0,2.0,2.0,2.0,2.0,0.0,0.0,2.0,2.0,2,2,2,0.0,0.0,1.0,1.0,1,1,1,0.0,0.0,0.000115,0.000115,0.000115,0.000115,0.000115,0.0,0.0
a,diff_bigger_multi_weighted,instance_0003.txt,1,1,0,0,3.0285714285714285,3.0285714285714285,3.0285714285714285,3.0285714285714285,3.0285714285714285,0.0,0.0,106.0,106.0,106,106,106,0.0,0.0,35.0,35.0,35,35,35,0.0,0.0,0.008452,0.008452,0.008452,0.008452,0.008452,0.0,0.0
a,diff_bigger_multi_weighted,instance_0004.txt,1,1,0,0,2.1052631578947367,2.1052631578947367,2.1052631578947367,2.1052631578947367,2.1052631578947367,0.0,0.0,40.0,40.0,40,40,40,0.0,0.0,19.0,19.0,19,19,19,0.0,0.0,0.001683,0.001683,0.001683,0.001683,0.001683,0.0,0.0
a,diff_bigger_multi_weighted,instance_0005.txt,1,1,0,0,32.54814814814815,32.54814814814815,32.54814814814815,32.54814814814815,32.54814814814815,0.0,0.0,4394.0,4394.0,4394,4394,4394,0.0,0.0,135.0,135.0,135,135,135,0.0,0.0,0.27636,0.27636,0.27636,0.27636,0.27636,0.0,0.0
a,diff_bigger_multi_weighted,instance_0006.txt,1,1,0,0,27.602836879432623,27.602836879432623,27.602836879432623,27.602836879432623,27.602836879432623,0.0,0.0,3892.0,3892.0,3892,3892,3892,0.0,0.0,141.0,141.0,141,141,141,0.0,0.0,0.385217,0.385217,0.385217,0.385217,0.385217,0.0,0.0
a,diff_bigger_multi_weighted,instance_0007.txt,1,1,0,0,26.53103448275862,26.53103448275862,26.53103448275862,26.53103448275862,26.53103448275862,0.0,0.0,3847.0,3847.0,3847,3847,3847,0.0,0.0,145.0,145.0,145,145,145,0.0,0.0,0.300946,0.300946,0.300946,0.300946,0.300946,0.0,0.0
a,diff_bigger_multi_weighted,instance_0008.txt,1,1,0,0,22.007751937984494,22.007751937984494,22.007751937984494,22.007751937984494,22.007751937984494,0.0,0.0,2839.0,2839.0,2839,2839,2839,0.0,0.0,129.0,129.0,129,129,129,0.0,0.0,0.295266,0.295266,0.295266,0.295266,0.295266,0.0,0.0
a,diff_bigger_multi_weighted,instance_0009.txt,1,1,0,0,2.303030303030303,2.303030303030303,2.303030303030303,2.303030303030303,2.303030303030303,0.0,0.0,152.0,152.0,152,152,152,0.0,0.0,66.0,66.0,66,66,66,0.0,0.0,0.023304,0.023304,0.023304,0.023304,0.023304,0.0,0.0
a,diff_bigger_multi_weighted,instance_0010.txt,1,1,0,0,5.859060402684563,5.859060402684563,5.859060402684563,5.859060402684563,5.859060402684563,0.0,0.0,1746.0,1746.0,1746,1746,1746,0.0,0.0,298.0,298.0,298,298,298,0.0,0.0,0.582258,0.582258,0.582258,0.582258,0.582258,0.0,0.0
a,diff_bigger_multi_weighted,instance_0011.txt,1,1,0,0,6.790697674418604,6.790697674418604,6.790697674418604,6.790697674418604,6.790697674418604,0.0,0.0,2044.0,2044.0,2044,2044,2044,0.0,0.0,301.0,301.0,301,301,301,0.0,0.0,0.498984,0.498984,0.498984,0.498984,0.498984,0.0,0.0
a,diff_bigger_multi_weighted,instance_0012.txt,1,1,0,0,2.185185185185185,2.185185185185185,2.185185185185185,2.185185185185185,2.185185185185185,0.0,0.0,177.0,177.0,177,177,177,0.0,0.0,81.0,81.0,81,81,81,0.0,0.0,0.042155,0.042155,0.042155,0.042155,0.042155,0.0,0.0
a,diff_bigger_multi_weighted,instance_0013.txt,1,1,0,0,12.590659340659341,12.590659340659341,12.590659340659341,12.590659340659341,12.590659340659341,0.0,0.0,4583.0,4583.0,4583,4583,4583,0.0,0.0,364.0,364.0,364,364,364,0.0,0.0,0.955241,0.955241,0.955241,0.955241,0.955241,0.0,0.0
a,diff_bigger_multi_weighted,instance_0014.txt,1,1,0,0,20.58244680851064,20.58244680851064,20.58244680851064,20.58244680851064,20.58244680851064,0.0,0.0,7739.0,7739.0,7739,7739,7739,0.0,0.0,376.0,376.0,376,376,376,0.0,0.0,1.20756,1.20756,1.20756,1.20756,1.20756,0.0,0.0
a,diff_bigger_multi_weighted,instance_0015.txt,1,1,0,0,10.725947521865889,10.725947521865889,10.725947521865889,10.725947521865889,10.725947521865889,0.0,0.0,3679.0,3679.0,3679,3679,3679,0.0,0.0,343.0,343.0,343,343,343,0.0,0.0,0.844752,0.844752,0.844752,0.844752,0.844752,0.0,0.0
a,diff_bigger_multi_weighted,instance_0016.txt,1,1,0,0,9.661971830985916,9.661971830985916,9.661971830985916,9.661971830985916,9.661971830985916,0.0,0.0,686.0,686.0,686,686,686,0.0,0.0,71.0,71.0,71,71,71,0.0,0.0,0.021805,0.021805,0.021805,0.021805,0.021805,0.0,0.0
a,diff_bigger_multi_weighted,instance_0017.txt,1,1,0,0,3.8043478260869565,3.8043478260869565,3.8043478260869565,3.8043478260869565,3.8043478260869565,0.0,0.0,175.0,175.0,175,175,175,0.0,0.0,46.0,46.0,46,46,46,0.0,0.0,0.013373,0.013373,0.013373,0.013373,0.013373,0.0,0.0
a,diff_bigger_multi_weighted,instance_0018.txt,1,1,0,0,15.855263157894736,15.855263157894736,15.855263157894736,15.855263157894736,15.855263157894736,0.0,0.0,1205.0,1205.0,1205,1205,1205,0.0,0.0,76.0,76.0,76,76,76,0.0,0.0,0.037982,0.037982,0.037982,0.037982,0.037982,0.0,0.0
a,diff_bigger_multi_weighted,instance_0019.txt,1,1,0,0,9.891089108910892,9.891089108910892,9.891089108910892,9.891089108910892,9.891089108910892,0.0,0.0,999.0,999.0,999,999,999,0.0,0.0,101.0,101.0,101,101,101,0.0,0.0,0.0971,0.0971,0.0971,0.0971,0.0971,0.0,0.0
a,diff_bigger_multi_weighted,instance_0020.txt,1,1,0,0,5.0,5.0,5.0,5.0,5.0,0.0,0.0,10.0,10.0,10,10,10,0.0,0.0,2.0,2.0,2,2,2,0.0,0.0,0.000117,0.000117,0.000117,0.000117,0.000117,0.0,0.0
a,diff_bigger_weighted,instance_0001.txt,1,1,0,0,2.6153846153846154,2.6153846153846154,2.6153846153846154,2.6153846153846154,2.6153846153846154,0.0,0.0,68.0,68.0,68,68,68,0.0,0.0,26.0,26.0,26,26,26,0.0,0.0,0.003992,0.003992,0.003992,0.003992,0.003992,0.0,0.0
a,diff_bigger_weighted,instance_0002.txt,1,1,0,0,2.0,2.0,2.0,2.0,2.0,0.0,0.0,2.0,2.0,2,2,2,0.0,0.0,1.0,1.0,1,1,1,0.0,0.0,0.00013,0.00013,0.00013,0.00013,0.00013,0.0,0.0
a,diff_bigger_weighted,instance_0003.txt,1,1,0,0,2.864864864864865,2.864864864864865,2.864864864864865,2.864864864864865,2.864864864864865,0.0,0.0,106.0,106.0,106,106,106,0.0,0.0,37.0,37.0,37,37,37,0.0,0.0,0.006258,0.006258,0.006258,0.006258,0.006258,0.0,0.0
a,diff_bigger_weighted,instance_0004.txt,1,1,0,0,2.0,2.0,2.0,2.0,2.0,0.0,0.0,40.0,40.0,40,40,40,0.0,0.0,20.0,20.0,20,20,20,0.0,0.0,0.001808,0.001808,0.001808,0.001808,0.001808,0.0,0.0
a,diff_bigger_weighted,instance_0005.txt,1,1,0,0,31.840579710144926,31.840579710144926,31.840579710144926,31.840579710144926,31.840579710144926,0.0,0.0,4394.0,4394.0,4394,4394,4394,0.0,0.0,138.0,138.0,138,138,138,0.0,0.0,0.211307,0.211307,0.211307,0.211307,0.211307,0.0,0.0
a,diff_bigger_weighted,instance_0006.txt,1,1,0,0,26.65753424657534,26.65753424657534,26.65753424657534,26.65753424657534,26.65753424657534,0.0,0.0,3892.0,3892.0,3892,3892,3892,0.0,0.0,146.0,146.0,146,146,146,0.0,0.0,0.287964,0.287964,0.287964,0.287964,0.287964,0.0,0.0
a,diff_bigger_weighted,instance_0007.txt,1,1,0,0,25.818791946308725,25.818791946308725,25.818791946308725,25.818791946308725,25.818791946308725,0.0,0.0,3847.0,3847.0,3847,3847,3847,0.0,0.0,149.0,149.0,149,149,149,0.0,0.0,0.285088,0.285088,0.285088,0.285088,0.285088,0.0,0.0
a,diff_bigger_weighted,instance_0008.txt,1,1,0,0,21.838461538461537,21.838461538461537,21.838461538461537,21.838461538461537,21.838461538461537,0.0,0.0,2839.0,2839.0,2839,2839,2839,0.0,0.0,130.0,130.0,130,130,130,0.0,0.0,0.1351,0.1351,0.1351,0.1351,0.1351,0.0,0.0
a,diff_bigger_weighted,instance_0009.txt,1,1,0,0,2.026666666666667,2.026666666666667,2.026666666666667,2.026666666666667,2.026666666666667,0.0,0.0,152.0,152.0,152,152,152,0.0,0.0,75.0,75.0,75,75,75,0.0,0.0,0.011129,0.011129,0.011129,0.011129,0.011129,0.0,0.0
a,diff_bigger_weighted,instance_0010.txt,1,1,0,0,5.4733542319749215,5.4733542319749215,5.4733542319749215,5.4733542319749215,5.4733542319749215,0.0,0.0,1746.0,1746.0,1746,1746,1746,0.0,0.0,319.0,319.0,319,319,319,0.0,0.0,0.263326,0.263326,0.263326,0.263326,0.263326,0.0,0.0
a,diff_bigger_weighted,instance_0011.txt,1,1,0,0,6.328173374613003,6.328173374613003,6.328173374613003,6.328173374613003,6.328173374613003,0.0,0.0,2044.0,2044.0,2044,2044,2044,0.0,0.0,323.0,323.0,323,323,323,0.0,0.0,0.301862,0.301862,0.301862,0.301862,0.301862,0.0,0.0
a,diff_bigger_weighted,instance_0012.txt,1,1,0,0,1.8829787234042554,1.8829787234042554,1.8829787234042554,1.8829787234042554,1.8829787234042554,0.0,0.0,177.0,177.0,177,177,177,0.0,0.0,94.0,94.0,94,94,94,0.0,0.0,0.025837,0.025837,0.025837,0.025837,0.025837,0.0,0.0
a,diff_bigger_weighted,instance_0013.txt,1,1,0,0,12.487738419618529,12.487738419618529,12.487738419618529,12.487738419618529,12.487738419618529,0.0,0.0,4583.0,4583.0,4583,4583,4583,0.0,0.0,367.0,367.0,367,367,367,0.0,0.0,0.870068,0.870068,0.870068,0.870068,0.870068,0.0,0.0
a,diff_bigger_weighted,instance_0014.txt,1,1,0,0,20.473544973544975,20.473544973544975,20.473544973544975,20.473544973544975,20.473544973544975,0.0,0.0,7739.0,7739.0,7739,7739,7739,0.0,0.0,378.0,378.0,378,378,378,0.0,0.0,1.070685,1.070685,1.070685,1.070685,1.070685,0.0,0.0
a,diff_bigger_weighted,instance_0015.txt,1,1,0,0,10.305322128851541,10.305322128851541,10.305322128851541,10.305322128851541,10.305322128851541,0.0,0.0,3679.0,3679.0,3679,3679,3679,0.0,0.0,357.0,357.0,357,357,357,0.0,0.0,0.594903,0.594903,0.594903,0.594903,0.594903,0.0,0.0
a,diff_bigger_weighted,instance_0016.txt,1,1,0,0,9.527777777777779,9.527777777777779,9.527777777777779,9.527777777777779,9.527777777777779,0.0,0.0,686.0,686.0,686,686,686,0.0,0.0,72.0,72.0,72,72,72,0.0,0.0,0.03696,0.03696,0.03696,0.03696,0.03696,0.0,0.0
a,diff_bigger_weighted,instance_0017.txt,1,1,0,0,3.8043478260869565,3.8043478260869565,3.8043478260869565,3.8043478260869565,3.8043478260869565,0.0,0.0,175.0,175.0,175,175,175,0.0,0.0,46.0,46.0,46,46,46,0.0,0.0,0.016481,0.016481,0.016481,0.016481,0.016481,0.0,0.0
a,diff_bigger_weighted,instance_0018.txt,1,1,0,0,15.855263157894736,15.855263157894736,15.855263157894736,15.855263157894736,15.855263157894736,0.0,0.0,1205.0,1205.0,1205,1205,1205,0.0,0.0,76.0,76.0,76,76,76,0.0,0.0,0.045277,0.045277,0.045277,0.045277,0.045277,0.0,0.0
a,diff_bigger_weighted,instance_0019.txt,1,1,0,0,9.60576923076923,9.60576923076923,9.60576923076923,9.60576923076923,9.60576923076923,0.0,0.0,999.0,999.0,999,999,999,0.0,0.0,104.0,104.0,104,104,104,0.0,0.0,0.078805,0.078805,0.078805,0.078805,0.078805,0.0,0.0
a,diff_bigger_weighted,instance_0020.txt,1,1,0,0,3.3333333333333335,3.3333333333333335,3.3333333333333335,3.3333333333333335,3.3333333333333335,0.0,0.0,10.0,10.0,10,10,10,0.0,0.0,3.0,3.0,3,3,3,0.0,0.0,0.000124,0.000124,0.000124,0.000124,0.000124,0.0,0.0
a,diff_exact,instance_0001.txt,30,30,0,0,2.8569819938515595,2.8333333333333335,2.8333333333333335,2.72,3.090909090909091,0.004970634678495242,0.07050272816349196,67.76666666666667,68.0,68,67,68,0.17888888888888888,0.42295258468165065,23.733333333333334,24.0,24,22,25,0.3288888888888888,0.573488351136175,0.018614133333333335,0.0179645,0.016514,0.012033,0.036921,1.418098631555556e-05,0.003765765037220931
a,diff_exact,instance_0002.txt,30,30,0,0,1.8333333333333333,2.0,2.0,1.0,2.0,0.13888888888888887,0.3726779962499649,2.0,2.0,2,2,2,0.0,0.0,1.1666666666666667,1.0,1,1,2,0.13888888888888887,0.3726779962499649,0.0046206,0.0045665,0.003583,0.002943,0.008137,1.0947653066666666e-06,0.0010463103300009356
a,diff_exact,instance_0003.txt,30,30,0,0,3.0327571584189226,3.0285714285714285,3.0285714285714285,2.9444444444444446,3.3125,0.00414227190952028,0.06436048406841173,106.0,106.0,106,106,106,0.0,0.0,34.96666666666667,35.0,35,32,36,0.49888888888888894,0.7063206700139031,0.024843600000000007,0.0247575,0.014772,0.014772,0.032533,8.873786773333334e-06,0.0029788901915534472
a,diff_exact,instance_0004.txt,30,30,0,0,1.8431414504641048,1.8571428571428572,1.8571428571428572,1.6818181818181819,2.1052631578947367,0.018164578133437557,0.13477602952097067,38.86666666666667,39.0,39,37,40,0.8488888888888887,0.9213516640723501,21.166666666666668,21.0,21,19,23,1.2722222222222224,1.1279282877125754,0.012508933333333331,0.012155,0.012987,0.009661,0.01644,4.097416128888888e-06,0.002024207531081951
a,diff_exact,instance_0005.txt,30,30,0,0,32.5516049382716,32.54814814814815,32.54814814814815,32.54814814814815,32.55555555555556,1.3656454808713717e-05,0.003695464085702054,4394.466666666666,4394.0,4394,4394,4395,0.24888888888888897,0.4988876515698589,135.0,135.0,135,135,135,0.0,0.0,0.6654696333333334,0.6939645,0.552764,0.431941,0.873475,0.010913728002965558,0.10446878961185277
a,diff_exact,instance_0006.txt,30,30,0,0,27.602836879432623,27.602836879432623,27.602836879432623,27.602836879432623,27.602836879432623,0.0,0.0,3892.0,3892.0,3892,3892,3892,0.0,0.0,141.0,141.0,141,141,141,0.0,0.0,0.6089417333333332,0.5803955000000001,0.484723,0.324997,0.974085,0.026967660648462222,0.1642183322545392
a,diff_exact,instance_0007.txt,30,30,0,0,26.537175925925926,26.53103448275862,26.53103448275862,26.53103448275862,26.71527777777778,0.0010938024011399755,0.033072683609588975,3847.0,3847.0,3847,3847,3847,0.0,0.0,144.96666666666667,145.0,145,144,145,0.032222222222222215,0.17950549357115012,0.5671417666666666,0.575761,0.570144,0.319273,0.744354,0.01045515466997889,0.10225045070794989
a,diff_exact,instance_0008.txt,30,30,0,0,22.024382267441858,22.015503875968992,22.015503875968992,22.007751937984494,22.1796875,0.001734283002855663,0.041644723589617724,2839.6666666666665,2840.0,2840,2839,2840,0.2222222222222222,0.4714045207910317,128.93333333333334,129.0,129,128,129,0.06222222222222223,0.24944382578492943,0.3382734333333333,0.335282,0.394119,0.211549,0.421968,0.002672775029645556,0.05169888808906393
a,diff_exact,instance_0009.txt,30,30,0,0,2.3812909419702373,2.390625,2.375,2.1549295774647885,2.4918032786885247,0.008177008320039427,0.09042681195331076,152.4,152.0,152,152,153,0.23999999999999996,0.4898979485566356,64.1,64.0,64,61,71,7.1566666666666645,2.6751946969644407,0.0663003,0.056917499999999996,0.057377,0.041209,0.239438,0.001473708168076667,0.038388906836176864
a,diff_exact,instance_0010.txt,30,30,0,0,5.939455719350275,5.938775510204081,5.938775510204081,5.918644067796611,5.959044368600683,4.0434922677714065e-05,0.006358846017770368,1746.0,1746.0,1746,1746,1746,0.0,0.0,293.96666666666664,294.0,294,293,295,0.09888888888888894,0.3144660377352202,0.6763615,0.6843425000000001,0.386162,0.386162,0.838935,0.015620630122249997,0.12498251926669583
a,diff_exact,instance_0011.txt,30,30,0,0,6.813823920265779,6.816666666666666,6.816666666666666,6.790697674418604,6.816666666666666,3.556830294163224e-05,0.005963916745028576,2044.6,2045.0,2045,2044,2045,0.24000000000000005,0.48989794855663565,300.06666666666666,300.0,300,300,301,0.06222222222222224,0.24944382578492946,0.7568151666666666,0.7579404999999999,0.47891,0.47891,0.951161,0.01750927573473889,0.13232261989070082
a,diff_exact,instance_0012.txt,30,30,0,0,2.218922588487269,2.2125,2.2125,2.1463414634146343,2.391891891891892,0.0016135168195220407,0.04016860489887644,176.86666666666667,177.0,177,176,177,0.11555555555555554,0.339934634239519,79.73333333333333,80.0,80,74,82,1.928888888888888,1.3888444437333103,0.0627751,0.0664955,0.063719,0.04193,0.084272,9.780590995666667e-05,0.009889687050491874
a,diff_exact,instance_0013.txt,30,30,0,0,12.625344352617086,12.62534435261708,12.62534435261708,12.62534435261708,12.62534435261708,2.8398992587956425e-29,5.329070518200751e-15,4583.0,4583.0,4583,4583,4583,0.0,0.0,363.0,363.0,363,363,363,0.0,0.0,2.0461992666666666,2.072174,1.113682,1.113682,2.633102,0.1636704231508622,0.4045620139742017
a,diff_exact,instance_0014.txt,30,30,0,0,20.582446808510646,20.58244680851064,20.58244680851064,20.58244680851064,20.58244680851064,5.048709793414476e-29,7.105427357601002e-15,7739.0,7739.0,7739,7739,7739,0.0,0.0,376.0,376.0,376,376,376,0.0,0.0,3.8016025333333325,3.673134,2.466024,1.90066,5.909683,0.8234890054399819,0.9074629498993234
a,diff_exact,instance_0015.txt,30,30,0,0,10.725947521865884,10.725947521865889,10.725947521865889,10.725947521865889,10.725947521865889,2.8398992587956425e-29,5.329070518200751e-15,3679.0,3679.0,3679,3679,3679,0.0,0.0,343.0,343.0,343,343,343,0.0,0.0,1.5835505666666665,1.57054,1.059371,1.034206,2.373688,0.10031706728751222,0.3167286966593211
a,diff_exact,instance_0016.txt,30,30,0,0,9.661971830985916,9.661971830985916,9.661971830985916,9.661971830985916,9.661971830985916,0.0,0.0,686.0,686.0,686,686,686,0.0,0.0,71.0,71.0,71,71,71,0.0,0.0,0.09711416666666668,0.084746,0.079243,0.06316,0.185544,0.000799928855472222,0.028283013550048412
a,diff_exact,instance_0017.txt,30,30,0,0,3.809983896940418,3.8043478260869565,3.8043478260869565,3.8043478260869565,3.888888888888889,0.0004447141253134385,0.021088246141237978,175.0,175.0,175,175,175,0.0,0.0,45.93333333333333,46.0,46,45,46,0.06222222222222223,0.24944382578492943,0.024796033333333325,0.024876000000000002,0.026424,0.017462,0.033888,1.1061022832222222e-05,0.0033258116050405235
a,diff_exact,instance_0018.txt,30,30,0,0,15.855263157894736,15.855263157894736,15.855263157894736,15.855263157894736,15.855263157894736,0.0,0.0,1205.0,1205.0,1205,1205,1205,0.0,0.0,76.0,76.0,76,76,76,0.0,0.0,0.13102936666666667,0.1254725,0.119215,0.096616,0.177967,0.00030540232969888893,0.017475764066240105
a,diff_exact,instance_0019.txt,30,30,0,0,9.990000000000002,9.99,9.99,9.99,9.99,3.1554436208840472e-30,1.7763568394002505e-15,999.0,999.0,999,999,999,0.0,0.0,100.0,100.0,100,100,100,0.0,0.0,0.1475236666666667,0.1547575,0.142776,0.088585,0.179731,0.0006420514510888888,0.025338734204551117
a,diff_exact,instance_0020.txt,30,30,0,0,4.055555555555555,4.0,4.0,3.6666666666666665,5.0,0.1561728395061728,0.3951870943061942,11.5,12.0,12,10,12,0.5166666666666667,0.7187952884282609,2.8666666666666667,3.0,3,2,3,0.11555555555555558,0.33993463423951903,0.0037364666666666667,0.0035564999999999998,0.004256,0.002321,0.005994,6.879417155555556e-07,0.000829422519320253
a,diff_exact_weighted,instance_0001.txt,30,30,0,0,2.84944466403162,2.8333333333333335,2.8333333333333335,2.72,3.090909090909091,0.005155307711791676,0.07180047152903438,67.96666666666667,68.0,68,67,68,0.03222222222222222,0.17950549357115014,23.866666666666667,24.0,24,22,25,0.31555555555555537,0.561743318211757,0.023615,0.019380500000000002,0.018609,0.013083,0.055268,0.00011164137013333334,0.010566047990300505
a,diff_exact_weighted,instance_0002.txt,30,30,0,0,1.8666666666666667,2.0,2.0,1.0,2.0,0.11555555555555558,0.33993463423951903,2.0,2.0,2,2,2,0.0,0.0,1.1333333333333333,1.0,1,1,2,0.11555555555555558,0.33993463423951903,0.004935533333333334,0.004533499999999999,0.004685,0.003466,0.008532,1.8650935155555556e-06,0.0013656842664230835
a,diff_exact_weighted,instance_0003.txt,30,30,0,0,3.0332670189287834,3.0285714285714285,3.0285714285714285,2.9444444444444446,3.3125,0.005732584406998266,0.07571383233596267,106.0,106.0,106,106,106,0.0,0.0,34.96666666666667,35.0,35,32,36,0.698888888888889,0.835995746932297,0.0240853,0.0224435,0.021481,0.013213,0.049677,5.577180694333333e-05,0.007468052419696405
a,diff_exact_weighted,instance_0004.txt,30,30,0,0,1.8576153823293409,1.8571428571428572,1.8571428571428572,1.6818181818181819,2.1052631578947367,0.015543034268649817,0.1246717059667101,39.06666666666667,39.0,39,37,40,0.6622222222222224,0.813770374382247,21.1,21.0,21,19,23,1.1566666666666663,1.075484386993445,0.011741566666666668,0.01031,0.00807,0.00807,0.023988,1.4773046578888886e-05,0.0038435721118367074
a,diff_exact_weighted,instance_0005.txt,30,30,0,0,32.559950248756216,32.55185185185185,32.54814814814815,32.54814814814815,32.798507462686565,0.001975642486541489,0.04444820003713861,4394.5,4394.5,4394,4394,4395,0.25,0.5,134.96666666666667,135.0,135,134,135,0.03222222222222222,0.17950549357115014,0.7241440333333334,0.696868,0.673808,0.458527,0.966584,0.01567366442836556,0.12519450638253085
a,diff_exact_weighted,instance_0006.txt,30,30,0,0,27.602836879432623,27.602836879432623,27.602836879432623,27.602836879432623,27.602836879432623,0.0,0.0,3892.0,3892.0,3892,3892,3892,0.0,0.0,141.0,141.0,141,141,141,0.0,0.0,0.7969654333333335,0.7939845,0.917719,0.533892,1.027851,0.01756693538384556,0.1325403160696607
a,diff_exact_weighted,instance_0007.txt,30,30,0,0,26.53103448275862,26.53103448275862,26.53103448275862,26.53103448275862,26.53103448275862,0.0,0.0,3847.0,3847.0,3847,3847,3847,0.0,0.0,145.0,145.0,145,145,145,0.0,0.0,0.5991852000000002,0.587268,0.671431,0.343777,0.799694,0.014074262237093333,0.11863499583636075
a,diff_exact_weighted,instance_0008.txt,30,30,0,0,22.024384286175707,22.015503875968992,22.015503875968992,22.007751937984494,22.1875,0.0018237970467032425,0.04270593690230016,2839.6666666666665,2840.0,2840,2839,2840,0.2222222222222222,0.4714045207910317,128.93333333333334,129.0,129,128,129,0.06222222222222224,0.24944382578492946,0.34256970000000003,0.34553500000000004,0.307654,0.200153,0.433037,0.0038550526291433337,0.0620890701262576
a,diff_exact_weighted,instance_0009.txt,30,30,0,0,2.394368743483492,2.390625,2.375,2.1549295774647885,2.467741935483871,0.0032332686507697285,0.05686183826407416,152.26666666666668,152.0,152,152,153,0.19555555555555557,0.4422166387140533,63.63333333333333,64.0,64,62,71,2.8322222222222218,1.682920741515245,0.06829073333333334,0.0570625,0.057419,0.036352,0.161021,0.0011472677674622222,0.03387134138858723
a,diff_exact_weighted,instance_0010.txt,30,30,0,0,5.938775510204084,5.938775510204081,5.938775510204081,5.938775510204081,5.938775510204081,7.099748146989106e-30,2.6645352591003757e-15,1746.0,1746.0,1746,1746,1746,0.0,0.0,294.0,294.0,294,294,294,0.0,0.0,0.7068787666666668,0.6977295,0.390915,0.390915,0.961849,0.024144125039312223,0.15538379915329725
a,diff_exact_weighted,instance_0011.txt,30,30,0,0,6.81741344780374,6.816666666666666,6.816666666666666,6.794019933554817,6.839464882943144,6.602586162459804e-05,0.008125629921710564,2044.7666666666667,2045.0,2045,2044,2045,0.1788888888888888,0.4229525846816506,299.93333333333334,300.0,300,299,301,0.1288888888888889,0.3590109871423003,0.7633687666666666,0.7868665,0.431532,0.431532,1.005881,0.02815946685197889,0.1678078271475407
a,diff_exact_weighted,instance_0012.txt,30,30,0,0,2.216458048926532,2.2125,2.2125,2.1463414634146343,2.391891891891892,0.0016076687078557703,0.04009574426115283,176.96666666666667,177.0,177,176,177,0.032222222222222215,0.17950549357115012,79.86666666666666,80.0,80,74,82,1.8488888888888892,1.3597385369580761,0.06719720000000001,0.0696455,0.068972,0.044356,0.097811,0.00016451978896,0.012826526769160854
a,diff_exact_weighted,instance_0013.txt,30,30,0,0,12.625344352617086,12.62534435261708,12.62534435261708,12.62534435261708,12.62534435261708,2.8398992587956425e-29,5.329070518200751e-15,4583.0,4583.0,4583,4583,4583,0.0,0.0,363.0,363.0,363,363,363,0.0,0.0,2.153804666666667,2.1007705000000003,1.608146,1.339754,2.781228,0.16096918530635557,0.4012096525588032
a,diff_exact_weighted,instance_0014.txt,30,30,0,0,20.576987273548177,20.58244680851064,20.58244680851064,20.52785145888594,20.58244680851064,0.0002682586980578714,0.016378604887409408,7739.0,7739.0,7739,7739,7739,0.0,0.0,376.1,376.0,376,376,377,0.09000000000000004,0.30000000000000004,4.0857181,4.1690195,3.548004,1.860175,6.073731,0.8127703587574234,0.9015377744484273
a,diff_exact_weighted,instance_0015.txt,30,30,0,0,10.725947521865884,10.725947521865889,10.725947521865889,10.725947521865889,10.725947521865889,2.8398992587956425e-29,5.329070518200751e-15,3679.0,3679.0,3679,3679,3679,0.0,0.0,343.0,343.0,343,343,343,0.0,0.0,1.8377894333333333,1.763292,1.583391,1.284744,2.472457,0.09695514722064558,0.3113762149243991
a,diff_exact_weighted,instance_0016.txt,30,30,0,0,9.661971830985916,9.661971830985916,9.661971830985916,9.661971830985916,9.661971830985916,0.0,0.0,686.0,686.0,686,686,686,0.0,0.0,71.0,71.0,71,71,71,0.0,0.0,0.10054230000000001,0.09728049999999999,0.092634,0.050183,0.146359,0.0003368846382766666,0.01835441740499182
a,diff_exact_weighted,instance_0017.txt,30,30,0,0,3.81561996779388,3.8043478260869565,3.8043478260869565,3.8043478260869565,3.888888888888889,0.0008258976612963854,0.028738435261795054,175.0,175.0,175,175,175,0.0,0.0,45.86666666666667,46.0,46,45,46,0.1155555555555555,0.3399346342395189,0.029536899999999998,0.028111499999999998,0.033863,0.020452,0.041482,2.7419287490000003e-05,0.005236342949998596
a,diff_exact_weighted,instance_0018.txt,30,30,0,0,15.862309941520467,15.855263157894736,15.855263157894736,15.855263157894736,16.066666666666666,0.001440057624568248,0.03794809118477829,1205.0,1205.0,1205,1205,1205,0.0,0.0,75.96666666666667,76.0,76,75,76,0.032222222222222215,0.17950549357115012,0.14676923333333336,0.1443025,0.093722,0.093722,0.205878,0.0008306486253122223,0.028820975439985064
a,diff_exact_weighted,instance_0019.txt,30,30,0,0,9.990000000000002,9.99,9.99,9.99,9.99,3.1554436208840472e-30,1.7763568394002505e-15,999.0,999.0,999,999,999,0.0,0.0,100.0,100.0,100,100,100,0.0,0.0,0.17359606666666666,0.177285,0.131315,0.106367,0.243414,0.0008649793306622221,0.029410530948322272
a,diff_exact_weighted,instance_0020.txt,30,30,0,0,4.122222222222223,4.0,4.0,3.6666666666666665,5.0,0.16654320987654325,0.4080970593823769,11.533333333333333,12.0,12,10,12,0.5822222222222222,0.7630348761506398,2.8333333333333335,3.0,3,2,3,0.13888888888888884,0.3726779962499649,0.0043715333333333335,0.004113,0.003319,0.002755,0.009298,1.8334946488888895e-06,0.0013540659691790831
a,diff_multi,instance_0001.txt,30,30,0,0,2.733828502415459,2.72,2.72,2.68,2.9565217391304346,0.0028610236236551547,0.053488537310858994,67.86666666666666,68.0,68,67,68,0.11555555555555559,0.33993463423951903,24.833333333333332,25.0,25,23,25,0.2055555555555556,0.4533823502911815,0.004548699999999999,0.004785,0.005109,0.002854,0.006969,1.0878862766666668e-06,0.0010430178697734122
a,diff_multi,instance_0002.txt,30,30,0,0,1.7,2.0,2.0,1.0,2.0,0.21,0.458257569495584,2.0,2.0,2,2,2,0.0,0.0,1.3,1.0,1,1,2,0.21,0.458257569495584,0.00014706666666666667,0.00012849999999999998,0.000124,9.3e-05,0.00047,4.512062222222223e-09,6.717188565331647e-05
a,diff_multi,instance_0003.txt,30,30,0,0,3.0179875673993313,3.0285714285714285,3.0285714285714285,2.864864864864865,3.1176470588235294,0.0026754256402712526,0.05172451682008496,106.0,106.0,106,106,106,0.0,0.0,35.13333333333333,35.0,35,34,37,0.3822222222222221,0.6182412330330468,0.007597366666666669,0.0076765,0.006218,0.004913,0.009663,1.8131692322222223e-06,0.001346539725452696
a,diff_multi,instance_0004.txt,30,30,0,0,1.8472148751324948,1.8571428571428572,1.8571428571428572,1.608695652173913,2.1052631578947367,0.021139776858093262,0.14539524358827308,38.86666666666667,39.0,39,37,40,0.8488888888888887,0.9213516640723501,21.133333333333333,21.0,22,19,23,1.4488888888888893,1.2036980056845195,0.001618066666666667,0.0015275,0.001425,0.001205,0.002251,8.152179555555555e-08,0.0002855202191711745
a,diff_multi,instance_0005.txt,30,30,0,0,32.55086419753086,32.54814814814815,32.54814814814815,32.54814814814815,32.55555555555556,1.2741960067058787e-05,0.0035695882209379258,4394.366666666667,4394.0,4394,4394,4395,0.2322222222222221,0.48189440982669857,135.0,135.0,135,135,135,0.0,0.0,0.25773226666666665,0.2711445,0.138603,0.138603,0.358925,0.0036859524305288887,0.060712045184863346
a,diff_multi,instance_0006.txt,30,30,0,0,27.602836879432623,27.602836879432623,27.602836879432623,27.602836879432623,27.602836879432623,0.0,0.0,3892.0,3892.0,3892,3892,3892,0.0,0.0,141.0,141.0,141,141,141,0.0,0.0,0.4324551,0.4270865,0.394935,0.293028,0.533307,0.00406653760329,0.06376940962005215
a,diff_multi,instance_0007.txt,30,30,0,0,26.53103448275862,26.53103448275862,26.53103448275862,26.53103448275862,26.53103448275862,0.0,0.0,3847.0,3847.0,3847,3847,3847,0.0,0.0,145.0,145.0,145,145,145,0.0,0.0,0.39428723333333326,0.391327,0.289084,0.244041,0.536519,0.008634020222045556,0.09291942865755018
a,diff_multi,instance_0008.txt,30,30,0,0,22.014211886304906,22.015503875968992,22.015503875968992,22.007751937984494,22.015503875968992,8.34618646048633e-06,0.0028889767151166743,2839.8333333333335,2840.0,2840,2839,2840,0.13888888888888887,0.3726779962499649,129.0,129.0,129,129,129,0.0,0.0,0.2256126,0.21270250000000002,0.136279,0.136279,0.317667,0.0023189650626399996,0.04815563375805576
a,diff_multi,instance_0009.txt,30,30,0,0,2.337017519517519,2.3384615384615386,2.303030303030303,2.303030303030303,2.4126984126984126,0.0014757449723162175,0.03841542622848557,152.1,152.0,152,152,153,0.09000000000000002,0.30000000000000004,65.1,65.0,66,63,66,1.0899999999999999,1.0440306508910548,0.019121733333333328,0.0193245,0.018059,0.011554,0.026799,1.9190776728888887e-05,0.004380727876607823
a,diff_multi,instance_0010.txt,30,30,0,0,5.916644525881813,5.918644067796611,5.918644067796611,5.898648648648648,5.918644067796611,3.598351082124287e-05,0.005998625744388699,1746.0,1746.0,1746,1746,1746,0.0,0.0,295.1,295.0,295,295,296,0.09000000000000004,0.30000000000000004,0.46242370000000005,0.45036149999999997,0.294109,0.294109,0.588336,0.008928760794676667,0.09449212027823625
a,diff_multi,instance_0011.txt,30,30,0,0,6.793258949815246,6.794019933554817,6.794019933554817,6.749174917491749,6.8133333333333335,9.316348096634847e-05,0.009652123132572878,2044.7666666666667,2045.0,2045,2044,2045,0.17888888888888882,0.4229525846816506,301.0,301.0,301,300,303,0.2,0.4472135954999579,0.39872566666666664,0.39464350000000004,0.340235,0.249813,0.499397,0.004547028675555556,0.06743165929706577
a,diff_multi,instance_0012.txt,30,30,0,0,2.1861631438220144,2.185185185185185,2.185185185185185,2.158536585365854,2.240506329113924,0.00017327105752510346,0.013163246466016788,177.0,177.0,177,177,177,0.0,0.0,80.96666666666667,81.0,81,79,82,0.23222222222222227,0.48189440982669873,0.03909636666666667,0.0419235,0.043316,0.022089,0.05357,6.681509809888888e-05,0.008174050287274288
a,diff_multi,instance_0013.txt,30,30,0,0,12.590659340659338,12.590659340659341,12.590659340659341,12.590659340659341,12.590659340659341,1.262177448353619e-29,3.552713678800501e-15,4583.0,4583.0,4583,4583,4583,0.0,0.0,364.0,364.0,364,364,364,0.0,0.0,0.8700867666666667,0.8388645,0.477681,0.477681,1.065325,0.02551698126551222,0.15974035578247664
a,diff_multi,instance_0014.txt,30,30,0,0,20.578807118535664,20.58244680851064,20.58244680851064,20.52785145888594,20.58244680851064,0.00018546280359556542,0.013618472880450488,7739.0,7739.0,7739,7739,7739,0.0,0.0,376.06666666666666,376.0,376,376,377,0.06222222222222222,0.24944382578492943,1.3499362666666663,1.4123860000000001,1.101196,0.742164,1.661529,0.048571464049062214,0.220389346496291
a,diff_multi,instance_0015.txt,30,30,0,0,10.725947521865884,10.725947521865889,10.725947521865889,10.725947521865889,10.725947521865889,2.8398992587956425e-29,5.329070518200751e-15,3679.0,3679.0,3679,3679,3679,0.0,0.0,343.0,343.0,343,343,343,0.0,0.0,1.0523044666666668,1.0609445,0.526622,0.526622,1.318399,0.031543402614115555,0.1776046244164705
a,diff_multi,instance_0016.txt,30,30,0,0,9.661971830985916,9.661971830985916,9.661971830985916,9.661971830985916,9.661971830985916,0.0,0.0,686.0,686.0,686,686,686,0.0,0.0,71.0,71.0,71,71,71,0.0,0.0,0.0384802,0.0395075,0.038691,0.024715,0.047029,1.855263416e-05,0.00430727688452925
a,diff_multi,instance_0017.txt,30,30,0,0,3.807165861513687,3.8043478260869565,3.8043478260869565,3.8043478260869565,3.888888888888889,0.00023029838632303054,0.015175585205290455,175.0,175.0,175,175,175,0.0,0.0,45.96666666666667,46.0,46,45,46,0.032222222222222215,0.17950549357115012,0.015426133333333335,0.016261499999999998,0.016253,0.008517,0.021639,7.704201848888889e-06,0.002775644402456642
a,diff_multi,instance_0018.txt,30,30,0,0,15.855263157894736,15.855263157894736,15.855263157894736,15.855263157894736,15.855263157894736,0.0,0.0,1205.0,1205.0,1205,1205,1205,0.0,0.0,76.0,76.0,76,76,76,0.0,0.0,0.050711433333333326,0.05092,0.072072,0.025537,0.072844,0.0001298639171122222,0.011395785059056801
a,diff_multi,instance_0019.txt,30,30,0,0,9.891089108910892,9.891089108910892,9.891089108910892,9.891089108910892,9.891089108910892,0.0,0.0,999.0,999.0,999,999,999,0.0,0.0,101.0,101.0,101,101,101,0.0,0.0,0.09068300000000001,0.09180949999999999,0.073869,0.052645,0.119847,0.00029982993639999996,0.017315598066483293
a,diff_multi,instance_0020.txt,30,30,0,0,3.9888888888888885,4.0,4.0,3.0,5.0,0.35913580246913585,0.5992794026738578,11.366666666666667,12.0,12,10,12,0.632222222222222,0.7951240294584374,2.933333333333333,3.0,3,2,4,0.3288888888888889,0.5734883511361751,0.00011776666666666667,9.8e-05,9.6e-05,7.9e-05,0.000336,3.6266455555555554e-09,6.0221636938525304e-05
a,diff_multi_weighted,instance_0001.txt,30,30,0,0,2.7544299516908213,2.72,2.72,2.68,2.9565217391304346,0.006249016919881426,0.07905072371510223,67.8,68.0,68,67,68,0.15999999999999998,0.39999999999999997,24.633333333333333,25.0,25,23,25,0.43222222222222206,0.6574360974438672,0.006362766666666667,0.006418500000000001,0.00628,0.003247,0.00759,6.63235178888889e-07,0.0008143925213856577
a,diff_multi_weighted,instance_0002.txt,30,30,0,0,1.8666666666666667,2.0,2.0,1.0,2.0,0.11555555555555559,0.33993463423951903,2.0,2.0,2,2,2,0.0,0.0,1.1333333333333333,1.0,1,1,2,0.11555555555555559,0.33993463423951903,0.0001653333333333333,0.000163,0.000162,0.000103,0.000224,7.652222222222222e-10,2.7662650310883486e-05
a,diff_multi_weighted,instance_0003.txt,30,30,0,0,2.994475153886918,3.0285714285714285,3.0285714285714285,2.717948717948718,3.1176470588235294,0.008293230682469975,0.09106717675688632,106.0,106.0,106,106,106,0.0,0.0,35.43333333333333,35.0,35,34,39,1.3122222222222224,1.145522685162639,0.010531766666666668,0.0096395,0.008216,0.008216,0.015144,3.7341533788888885e-06,0.0019323957614549067
a,diff_multi_weighted,instance_0004.txt,30,30,0,0,1.8180441221631154,1.814935064935065,1.8571428571428572,1.608695652173913,2.1052631578947367,0.01859277317836954,0.13635531958222072,38.86666666666667,39.0,39,37,40,0.8488888888888887,0.9213516640723501,21.466666666666665,21.5,21,19,23,1.5155555555555555,1.2310790208412925,0.0022419000000000002,0.0020625,0.001958,0.001468,0.004407,3.1616609000000006e-07,0.0005622864839207858
a,diff_multi_weighted,instance_0005.txt,30,30,0,0,32.55135802469136,32.54814814814815,32.54814814814815,32.54814814814815,32.55555555555556,1.3473555860382735e-05,0.0036706342585965624,4394.433333333333,4394.0,4394,4394,4395,0.24555555555555555,0.49553562491061687,135.0,135.0,135,135,135,0.0,0.0,0.3302954,0.308973,0.212969,0.212969,0.454628,0.003422709790373334,0.05850392970026316
a,diff_multi_weighted,instance_0006.txt,30,30,0,0,27.602836879432623,27.602836879432623,27.602836879432623,27.602836879432623,27.602836879432623,0.0,0.0,3892.0,3892.0,3892,3892,3892,0.0,0.0,141.0,141.0,141,141,141,0.0,0.0,0.34515159999999995,0.3479455,0.267578,0.215208,0.473238,0.004036394166440001,0.06353262285188611
a,diff_multi_weighted,instance_0007.txt,30,30,0,0,26.53103448275862,26.53103448275862,26.53103448275862,26.53103448275862,26.53103448275862,0.0,0.0,3847.0,3847.0,3847,3847,3847,0.0,0.0,145.0,145.0,145,145,145,0.0,0.0,0.34112529999999996,0.352683,0.393795,0.220502,0.429324,0.0032240569545433336,0.056780779798654875
a,diff_multi_weighted,instance_0008.txt,30,30,0,0,22.041838259043924,22.015503875968992,22.015503875968992,22.007751937984494,22.1875,0.003986322795340525,0.06313733281775945,2839.7,2840.0,2840,2839,2840,0.21000000000000002,0.45825756949558405,128.83333333333334,129.0,129,128,129,0.13888888888888887,0.3726779962499649,0.23861526666666666,0.2418615,0.189282,0.152759,0.331183,0.0021801918409288887,0.046692524465152756
a,diff_multi_weighted,instance_0009.txt,30,30,0,0,2.3483484917859916,2.3384615384615386,2.303030303030303,2.303030303030303,2.4126984126984126,0.0019056900219062498,0.04365420966993046,152.2,152.0,152,152,153,0.16000000000000003,0.4,64.83333333333333,65.0,66,63,66,1.4055555555555557,1.1855612829185826,0.023291866666666664,0.023634000000000002,0.015318,0.015318,0.030341,9.730199515555558e-06,0.003119326772807805
a,diff_multi_weighted,instance_0010.txt,30,30,0,0,5.91932423051848,5.918644067796611,5.918644067796611,5.898648648648648,5.959044368600683,6.727074840385205e-05,0.008201874688377776,1746.0,1746.0,1746,1746,1746,0.0,0.0,294.96666666666664,295.0,295,293,296,0.16555555555555562,0.4068851871911235,0.47620919999999994,0.467484,0.35664,0.281639,0.637037,0.009095103389693332,0.09536825147654397
a,diff_multi_weighted,instance_0011.txt,30,30,0,0,6.787780793876619,6.794019933554817,6.794019933554817,6.745874587458746,6.794019933554817,0.000140524133966973,0.011854287577369338,2044.7,2045.0,2045,2044,2045,0.2099999999999999,0.4582575694955839,301.23333333333335,301.0,301,301,303,0.2455555555555555,0.4955356249106168,0.4111758666666666,0.407499,0.350194,0.278294,0.521453,0.0029439323004488895,0.05425801600177516
a,diff_multi_weighted,instance_0012.txt,30,30,0,0,2.1818043356805723,2.185185185185185,2.185185185185185,2.1204819277108435,2.2125,0.00034108216144875913,0.018468409824583143,176.93333333333334,177.0,177,176,177,0.06222222222222224,0.24944382578492946,81.1,81.0,81,80,83,0.3566666666666665,0.5972157622389638,0.03959236666666667,0.040915,0.041445,0.026278,0.051896,5.0190523098888884e-05,0.007084527020125541
a,diff_multi_weighted,instance_0013.txt,30,30,0,0,12.590659340659338,12.590659340659341,12.590659340659341,12.590659340659341,12.590659340659341,1.262177448353619e-29,3.552713678800501e-15,4583.0,4583.0,4583,4583,4583,0.0,0.0,364.0,364.0,364,364,364,0.0,0.0,0.9170829333333333,0.926761,0.568332,0.568332,1.123646,0.02497843808039556,0.1580456835234533
a,diff_multi_weighted,instance_0014.txt,30,30,0,0,20.576987273548173,20.58244680851064,20.58244680851064,20.52785145888594,20.58244680851064,0.0002682586980578714,0.016378604887409408,7739.0,7739.0,7739,7739,7739,0.0,0.0,376.1,376.0,376,376,377,0.09000000000000001,0.30000000000000004,1.5641357000000005,1.5542259999999999,1.234579,1.162168,2.139498,0.07486669243007667,0.2736177852956139
a,diff_multi_weighted,instance_0015.txt,30,30,0,0,10.726992935854371,10.725947521865889,10.725947521865889,10.725947521865889,10.757309941520468,3.1693821812342376e-05,0.00562972661968078,3679.0,3679.0,3679,3679,3679,0.0,0.0,342.96666666666664,343.0,343,342,343,0.032222222222222215,0.17950549357115012,0.9531445000000001,0.903467,1.547402,0.571055,1.547402,0.06212494064078335,0.24924875253606255
a,diff_multi_weighted,instance_0016.txt,30,30,0,0,9.666572769953053,9.661971830985916,9.661971830985916,9.661971830985916,9.8,0.0006138905420000465,0.02477681460559542,686.0,686.0,686,686,686,0.0,0.0,70.96666666666667,71.0,71,70,71,0.032222222222222215,0.17950549357115012,0.0282729,0.0293165,0.030004,0.018689,0.030717,7.670123023333334e-06,0.0027694986953117227
a,diff_multi_weighted,instance_0017.txt,30,30,0,0,3.812801932367149,3.8043478260869565,3.8043478260869565,3.8043478260869565,3.888888888888889,0.0006432472169712237,0.025362318840579694,175.0,175.0,175,175,175,0.0,0.0,45.9,46.0,46,45,46,0.09,0.3,0.011440833333333334,0.011754500000000001,0.014025,0.007353,0.015927,2.745359872222222e-06,0.001656912753352518
a,diff_multi_weighted,instance_0018.txt,30,30,0,0,15.855263157894736,15.855263157894736,15.855263157894736,15.855263157894736,15.855263157894736,0.0,0.0,1205.0,1205.0,1205,1205,1205,0.0,0.0,76.0,76.0,76,76,76,0.0,0.0,0.04752293333333334,0.051291,0.024053,0.024053,0.069669,0.00010141552672888888,0.010070527629120973
a,diff_multi_weighted,instance_0019.txt,30,30,0,0,9.89438613861386,9.891089108910892,9.891089108910892,9.891089108910892,9.99,0.0003152417410057802,0.01775504832451267,999.0,999.0,999,999,999,0.0,0.0,100.96666666666667,101.0,101,100,101,0.03222222222222222,0.17950549357115014,0.09164446666666667,0.0863185,0.069892,0.05552,0.12177,0.0003150454851155556,0.01774952070100924
a,diff_multi_weighted,instance_0020.txt,30,30,0,0,3.677777777777778,3.6666666666666665,3.6666666666666665,3.0,5.0,0.33691358024691365,0.5804425727381768,11.433333333333334,12.0,12,10,12,0.4455555555555557,0.667499479816693,3.2,3.0,3,2,4,0.36000000000000004,0.6000000000000001,0.00012366666666666667,0.0001075,0.000107,9.3e-05,0.000393,3.396955555555556e-09,5.828340720612991e-05
a,diff_smaller,instance_0001.txt,1,1,0,0,2.68,2.68,2.68,2.68,2.68,0.0,0.0,67.0,67.0,67,67,67,0.0,0.0,25.0,25.0,25,25,25,0.0,0.0,0.002896,0.002896,0.002896,0.002896,0.002896,0.0,0.0
a,diff_smaller,instance_0002.txt,1,1,0,0,2.0,2.0,2.0,2.0,2.0,0.0,0.0,2.0,2.0,2,2,2,0.0,0.0,1.0,1.0,1,1,1,0.0,0.0,0.000115,0.000115,0.000115,0.000115,0.000115,0.0,0.0
a,diff_smaller,instance_0003.txt,1,1,0,0,2.864864864864865,2.864864864864865,2.864864864864865,2.864864864864865,2.864864864864865,0.0,0.0,106.0,106.0,106,106,106,0.0,0.0,37.0,37.0,37,37,37,0.0,0.0,0.006389,0.006389,0.006389,0.006389,0.006389,0.0,0.0
a,diff_smaller,instance_0004.txt,1,1,0,0,1.625,1.625,1.625,1.625,1.625,0.0,0.0,39.0,39.0,39,39,39,0.0,0.0,24.0,24.0,24,24,24,0.0,0.0,0.001825,0.001825,0.001825,0.001825,0.001825,0.0,0.0
a,diff_smaller,instance_0005.txt,1,1,0,0,31.847826086956523,31.847826086956523,31.847826086956523,31.847826086956523,31.847826086956523,0.0,0.0,4395.0,4395.0,4395,4395,4395,0.0,0.0,138.0,138.0,138,138,138,0.0,0.0,0.242506,0.242506,0.242506,0.242506,0.242506,0.0,0.0
a,diff_smaller,instance_0006.txt,1,1,0,0,26.65753424657534,26.65753424657534,26.65753424657534,26.65753424657534,26.65753424657534,0.0,0.0,3892.0,3892.0,3892,3892,3892,0.0,0.0,146.0,146.0,146,146,146,0.0,0.0,0.206758,0.206758,0.206758,0.206758,0.206758,0.0,0.0
a,diff_smaller,instance_0007.txt,1,1,0,0,25.818791946308725,25.818791946308725,25.818791946308725,25.818791946308725,25.818791946308725,0.0,0.0,3847.0,3847.0,3847,3847,3847,0.0,0.0,149.0,149.0,149,149,149,0.0,0.0,0.163163,0.163163,0.163163,0.163163,0.163163,0.0,0.0
a,diff_smaller,instance_0008.txt,1,1,0,0,21.838461538461537,21.838461538461537,21.838461538461537,21.838461538461537,21.838461538461537,0.0,0.0,2839.0,2839.0,2839,2839,2839,0.0,0.0,130.0,130.0,130,130,130,0.0,0.0,0.104932,0.104932,0.104932,0.104932,0.104932,0.0,0.0
a,diff_smaller,instance_0009.txt,1,1,0,0,2.054054054054054,2.054054054054054,2.054054054054054,2.054054054054054,2.054054054054054,0.0,0.0,152.0,152.0,152,152,152,0.0,0.0,74.0,74.0,74,74,74,0.0,0.0,0.019908,0.019908,0.019908,0.019908,0.019908,0.0,0.0
a,diff_smaller,instance_0010.txt,1,1,0,0,5.507886435331231,5.507886435331231,5.507886435331231,5.507886435331231,5.507886435331231,0.0,0.0,1746.0,1746.0,1746,1746,1746,0.0,0.0,317.0,317.0,317,317,317,0.0,0.0,0.252931,0.252931,0.252931,0.252931,0.252931,0.0,0.0
a,diff_smaller,instance_0011.txt,1,1,0,0,6.367601246105919,6.367601246105919,6.367601246105919,6.367601246105919,6.367601246105919,0.0,0.0,2044.0,2044.0,2044,2044,2044,0.0,0.0,321.0,321.0,321,321,321,0.0,0.0,0.274663,0.274663,0.274663,0.274663,0.274663,0.0,0.0
a,diff_smaller,instance_0012.txt,1,1,0,0,1.8829787234042554,1.8829787234042554,1.8829787234042554,1.8829787234042554,1.8829787234042554,0.0,0.0,177.0,177.0,177,177,177,0.0,0.0,94.0,94.0,94,94,94,0.0,0.0,0.024357,0.024357,0.024357,0.024357,0.024357,0.0,0.0
a,diff_smaller,instance_0013.txt,1,1,0,0,12.487738419618529,12.487738419618529,12.487738419618529,12.487738419618529,12.487738419618529,0.0,0.0,4583.0,4583.0,4583,4583,4583,0.0,0.0,367.0,367.0,367,367,367,0.0,0.0,0.73216,0.73216,0.73216,0.73216,0.73216,0.0,0.0
a,diff_smaller,instance_0014.txt,1,1,0,0,20.473544973544975,20.473544973544975,20.473544973544975,20.473544973544975,20.473544973544975,0.0,0.0,7739.0,7739.0,7739,7739,7739,0.0,0.0,378.0,378.0,378,378,378,0.0,0.0,1.490237,1.490237,1.490237,1.490237,1.490237,0.0,0.0
a,diff_smaller,instance_0015.txt,1,1,0,0,10.305322128851541,10.305322128851541,10.305322128851541,10.305322128851541,10.305322128851541,0.0,0.0,3679.0,3679.0,3679,3679,3679,0.0,0.0,357.0,357.0,357,357,357,0.0,0.0,0.557889,0.557889,0.557889,0.557889,0.557889,0.0,0.0
a,diff_smaller,instance_0016.txt,1,1,0,0,9.527777777777779,9.527777777777779,9.527777777777779,9.527777777777779,9.527777777777779,0.0,0.0,686.0,686.0,686,686,686,0.0,0.0,72.0,72.0,72,72,72,0.0,0.0,0.034665,0.034665,0.034665,0.034665,0.034665,0.0,0.0
a,diff_smaller,instance_0017.txt,1,1,0,0,3.8043478260869565,3.8043478260869565,3.8043478260869565,3.8043478260869565,3.8043478260869565,0.0,0.0,175.0,175.0,175,175,175,0.0,0.0,46.0,46.0,46,46,46,0.0,0.0,0.011883,0.011883,0.011883,0.011883,0.011883,0.0,0.0
a,diff_smaller,instance_0018.txt,1,1,0,0,15.855263157894736,15.855263157894736,15.855263157894736,15.855263157894736,15.855263157894736,0.0,0.0,1205.0,1205.0,1205,1205,1205,0.0,0.0,76.0,76.0,76,76,76,0.0,0.0,0.057455,0.057455,0.057455,0.057455,0.057455,0.0,0.0
a,diff_smaller,instance_0019.txt,1,1,0,0,9.60576923076923,9.60576923076923,9.60576923076923,9.60576923076923,9.60576923076923,0.0,0.0,999.0,999.0,999,999,999,0.0,0.0,104.0,104.0,104,104,104,0.0,0.0,0.058206,0.058206,0.058206,0.058206,0.058206,0.0,0.0
a,diff_smaller,instance_0020.txt,1,1,0,0,4.0,4.0,4.0,4.0,4.0,0.0,0.0,12.0,12.0,12,12,12,0.0,0.0,3.0,3.0,3,3,3,0.0,0.0,9.7e-05,9.7e-05,9.7e-05,9.7e-05,9.7e-05,0.0,0.0
a,diff_smaller_exact,instance_0001.txt,1,1,0,0,2.7916666666666665,2.7916666666666665,2.7916666666666665,2.7916666666666665,2.7916666666666665,0.0,0.0,67.0,67.0,67,67,67,0.0,0.0,24.0,24.0,24,24,24,0.0,0.0,0.013884,0.013884,0.013884,0.013884,0.013884,0.0,0.0
a,diff_smaller_exact,instance_0002.txt,1,1,0,0,2.0,2.0,2.0,2.0,2.0,0.0,0.0,2.0,2.0,2,2,2,0.0,0.0,1.0,1.0,1,1,1,0.0,0.0,0.003246,0.003246,0.003246,0.003246,0.003246,0.0,0.0
a,diff_smaller_exact,instance_0003.txt,1,1,0,0,3.0285714285714285,3.0285714285714285,3.0285714285714285,3.0285714285714285,3.0285714285714285,0.0,0.0,106.0,106.0,106,106,106,0.0,0.0,35.0,35.0,35,35,35,0.0,0.0,0.021452,0.021452,0.021452,0.021452,0.021452,0.0,0.0
a,diff_smaller_exact,instance_0004.txt,1,1,0,0,1.6956521739130435,1.6956521739130435,1.6956521739130435,1.6956521739130435,1.6956521739130435,0.0,0.0,39.0,39.0,39,39,39,0.0,0.0,23.0,23.0,23,23,23,0.0,0.0,0.007413,0.007413,0.007413,0.007413,0.007413,0.0,0.0
a,diff_smaller_exact,instance_0005.txt,1,1,0,0,32.55555555555556,32.55555555555556,32.55555555555556,32.55555555555556,32.55555555555556,0.0,0.0,4395.0,4395.0,4395,4395,4395,0.0,0.0,135.0,135.0,135,135,135,0.0,0.0,0.321454,0.321454,0.321454,0.321454,0.321454,0.0,0.0
a,diff_smaller_exact,instance_0006.txt,1,1,0,0,27.602836879432623,27.602836879432623,27.602836879432623,27.602836879432623,27.602836879432623,0.0,0.0,3892.0,3892.0,3892,3892,3892,0.0,0.0,141.0,141.0,141,141,141,0.0,0.0,0.583554,0.583554,0.583554,0.583554,0.583554,0.0,0.0
a,diff_smaller_exact,instance_0007.txt,1,1,0,0,26.53103448275862,26.53103448275862,26.53103448275862,26.53103448275862,26.53103448275862,0.0,0.0,3847.0,3847.0,3847,3847,3847,0.0,0.0,145.0,145.0,145,145,145,0.0,0.0,0.425001,0.425001,0.425001,0.425001,0.425001,0.0,0.0
a,diff_smaller_exact,instance_0008.txt,1,1,0,0,22.007751937984494,22.007751937984494,22.007751937984494,22.007751937984494,22.007751937984494,0.0,0.0,2839.0,2839.0,2839,2839,2839,0.0,0.0,129.0,129.0,129,129,129,0.0,0.0,0.253586,0.253586,0.253586,0.253586,0.253586,0.0,0.0
a,diff_smaller_exact,instance_0009.txt,1,1,0,0,2.4516129032258065,2.4516129032258065,2.4516129032258065,2.4516129032258065,2.4516129032258065,0.0,0.0,152.0,152.0,152,152,152,0.0,0.0,62.0,62.0,62,62,62,0.0,0.0,0.084851,0.084851,0.084851,0.084851,0.084851,0.0,0.0
a,diff_smaller_exact,instance_0010.txt,1,1,0,0,5.938775510204081,5.938775510204081,5.938775510204081,5.938775510204081,5.938775510204081,0.0,0.0,1746.0,1746.0,1746,1746,1746,0.0,0.0,294.0,294.0,294,294,294,0.0,0.0,0.925451,0.925451,0.925451,0.925451,0.925451,0.0,0.0
a,diff_smaller_exact,instance_0011.txt,1,1,0,0,6.8133333333333335,6.8133333333333335,6.8133333333333335,6.8133333333333335,6.8133333333333335,0.0,0.0,2044.0,2044.0,2044,2044,2044,0.0,0.0,300.0,300.0,300,300,300,0.0,0.0,0.882273,0.882273,0.882273,0.882273,0.882273,0.0,0.0
a,diff_smaller_exact,instance_0012.txt,1,1,0,0,2.2125,2.2125,2.2125,2.2125,2.2125,0.0,0.0,177.0,177.0,177,177,177,0.0,0.0,80.0,80.0,80,80,80,0.0,0.0,0.072062,0.072062,0.072062,0.072062,0.072062,0.0,0.0
a,diff_smaller_exact,instance_0013.txt,1,1,0,0,12.62534435261708,12.62534435261708,12.62534435261708,12.62534435261708,12.62534435261708,0.0,0.0,4583.0,4583.0,4583,4583,4583,0.0,0.0,363.0,363.0,363,363,363,0.0,0.0,1.77871,1.77871,1.77871,1.77871,1.77871,0.0,0.0
a,diff_smaller_exact,instance_0014.txt,1,1,0,0,20.58244680851064,20.58244680851064,20.58244680851064,20.58244680851064,20.58244680851064,0.0,0.0,7739.0,7739.0,7739,7739,7739,0.0,0.0,376.0,376.0,376,376,376,0.0,0.0,3.556621,3.556621,3.556621,3.556621,3.556621,0.0,0.0
a,diff_smaller_exact,instance_0015.txt,1,1,0,0,10.725947521865889,10.725947521865889,10.725947521865889,10.725947521865889,10.725947521865889,0.0,0.0,3679.0,3679.0,3679,3679,3679,0.0,0.0,343.0,343.0,343,343,343,0.0,0.0,1.9057,1.9057,1.9057,1.9057,1.9057,0.0,0.0
a,diff_smaller_exact,instance_0016.txt,1,1,0,0,9.661971830985916,9.661971830985916,9.661971830985916,9.661971830985916,9.661971830985916,0.0,0.0,686.0,686.0,686,686,686,0.0,0.0,71.0,71.0,71,71,71,0.0,0.0,0.079871,0.079871,0.079871,0.079871,0.079871,0.0,0.0
a,diff_smaller_exact,instance_0017.txt,1,1,0,0,3.8043478260869565,3.8043478260869565,3.8043478260869565,3.8043478260869565,3.8043478260869565,0.0,0.0,175.0,175.0,175,175,175,0.0,0.0,46.0,46.0,46,46,46,0.0,0.0,0.056496,0.056496,0.056496,0.056496,0.056496,0.0,0.0
a,diff_smaller_exact,instance_0018.txt,1,1,0,0,15.855263157894736,15.855263157894736,15.855263157894736,15.855263157894736,15.855263157894736,0.0,0.0,1205.0,1205.0,1205,1205,1205,0.0,0.0,76.0,76.0,76,76,76,0.0,0.0,0.14467,0.14467,0.14467,0.14467,0.14467,0.0,0.0
a,diff_smaller_exact,instance_0019.txt,1,1,0,0,9.99,9.99,9.99,9.99,9.99,0.0,0.0,999.0,999.0,999,999,999,0.0,0.0,100.0,100.0,100,100,100,0.0,0.0,0.11887,0.11887,0.11887,0.11887,0.11887,0.0,0.0
a,diff_smaller_exact,instance_0020.txt,1,1,0,0,4.0,4.0,4.0,4.0,4.0,0.0,0.0,12.0,12.0,12,12,12,0.0,0.0,3.0,3.0,3,3,3,0.0,0.0,0.004051,0.004051,0.004051,0.004051,0.004051,0.0,0.0
a,diff_smaller_exact_weighted,instance_0001.txt,1,1,0,0,2.7916666666666665,2.7916666666666665,2.7916666666666665,2.7916666666666665,2.7916666666666665,0.0,0.0,67.0,67.0,67,67,67,0.0,0.0,24.0,24.0,24,24,24,0.0,0.0,0.011481,0.011481,0.011481,0.011481,0.011481,0.0,0.0
a,diff_smaller_exact_weighted,instance_0002.txt,1,1,0,0,2.0,2.0,2.0,2.0,2.0,0.0,0.0,2.0,2.0,2,2,2,0.0,0.0,1.0,1.0,1,1,1,0.0,0.0,0.004036,0.004036,0.004036,0.004036,0.004036,0.0,0.0
a,diff_smaller_exact_weighted,instance_0003.txt,1,1,0,0,3.0285714285714285,3.0285714285714285,3.0285714285714285,3.0285714285714285,3.0285714285714285,0.0,0.0,106.0,106.0,106,106,106,0.0,0.0,35.0,35.0,35,35,35,0.0,0.0,0.0262,0.0262,0.0262,0.0262,0.0262,0.0,0.0
a,diff_smaller_exact_weighted,instance_0004.txt,1,1,0,0,1.6956521739130435,1.6956521739130435,1.6956521739130435,1.6956521739130435,1.6956521739130435,0.0,0.0,39.0,39.0,39,39,39,0.0,0.0,23.0,23.0,23,23,23,0.0,0.0,0.015743,0.015743,0.015743,0.015743,0.015743,0.0,0.0
a,diff_smaller_exact_weighted,instance_0005.txt,1,1,0,0,32.55555555555556,32.55555555555556,32.55555555555556,32.55555555555556,32.55555555555556,0.0,0.0,4395.0,4395.0,4395,4395,4395,0.0,0.0,135.0,135.0,135,135,135,0.0,0.0,0.731386,0.731386,0.731386,0.731386,0.731386,0.0,0.0
a,diff_smaller_exact_weighted,instance_0006.txt,1,1,0,0,27.602836879432623,27.602836879432623,27.602836879432623,27.602836879432623,27.602836879432623,0.0,0.0,3892.0,3892.0,3892,3892,3892,0.0,0.0,141.0,141.0,141,141,141,0.0,0.0,0.895003,0.895003,0.895003,0.895003,0.895003,0.0,0.0
a,diff_smaller_exact_weighted,instance_0007.txt,1,1,0,0,26.53103448275862,26.53103448275862,26.53103448275862,26.53103448275862,26.53103448275862,0.0,0.0,3847.0,3847.0,3847,3847,3847,0.0,0.0,145.0,145.0,145,145,145,0.0,0.0,0.873697,0.873697,0.873697,0.873697,0.873697,0.0,0.0
a,diff_smaller_exact_weighted,instance_0008.txt,1,1,0,0,22.007751937984494,22.007751937984494,22.007751937984494,22.007751937984494,22.007751937984494,0.0,0.0,2839.0,2839.0,2839,2839,2839,0.0,0.0,129.0,129.0,129,129,129,0.0,0.0,0.342954,0.342954,0.342954,0.342954,0.342954,0.0,0.0
a,diff_smaller_exact_weighted,instance_0009.txt,1,1,0,0,2.4516129032258065,2.4516129032258065,2.4516129032258065,2.4516129032258065,2.4516129032258065,0.0,0.0,152.0,152.0,152,152,152,0.0,0.0,62.0,62.0,62,62,62,0.0,0.0,0.044112,0.044112,0.044112,0.044112,0.044112,0.0,0.0
a,diff_smaller_exact_weighted,instance_0010.txt,1,1,0,0,5.938775510204081,5.938775510204081,5.938775510204081,5.938775510204081,5.938775510204081,0.0,0.0,1746.0,1746.0,1746,1746,1746,0.0,0.0,294.0,294.0,294,294,294,0.0,0.0,1.068457,1.068457,1.068457,1.068457,1.068457,0.0,0.0
a,diff_smaller_exact_weighted,instance_0011.txt,1,1,0,0,6.8133333333333335,6.8133333333333335,6.8133333333333335,6.8133333333333335,6.8133333333333335,0.0,0.0,2044.0,2044.0,2044,2044,2044,0.0,0.0,300.0,300.0,300,300,300,0.0,0.0,1.299012,1.299012,1.299012,1.299012,1.299012,0.0,0.0
a,diff_smaller_exact_weighted,instance_0012.txt,1,1,0,0,2.2125,2.2125,2.2125,2.2125,2.2125,0.0,0.0,177.0,177.0,177,177,177,0.0,0.0,80.0,80.0,80,80,80,0.0,0.0,0.051713,0.051713,0.051713,0.051713,0.051713,0.0,0.0
a,diff_smaller_exact_weighted,instance_0013.txt,1,1,0,0,12.62534435261708,12.62534435261708,12.62534435261708,12.62534435261708,12.62534435261708,0.0,0.0,4583.0,4583.0,4583,4583,4583,0.0,0.0,363.0,363.0,363,363,363,0.0,0.0,2.478602,2.478602,2.478602,2.478602,2.478602,0.0,0.0
a,diff_smaller_exact_weighted,instance_0014.txt,1,1,0,0,20.58244680851064,20.58244680851064,20.58244680851064,20.58244680851064,20.58244680851064,0.0,0.0,7739.0,7739.0,7739,7739,7739,0.0,0.0,376.0,376.0,376,376,376,0.0,0.0,2.865205,2.865205,2.865205,2.865205,2.865205,0.0,0.0
a,diff_smaller_exact_weighted,instance_0015.txt,1,1,0,0,10.725947521865889,10.725947521865889,10.725947521865889,10.725947521865889,10.725947521865889,0.0,0.0,3679.0,3679.0,3679,3679,3679,0.0,0.0,343.0,343.0,343,343,343,0.0,0.0,2.309267,2.309267,2.309267,2.309267,2.309267,0.0,0.0
a,diff_smaller_exact_weighted,instance_0016.txt,1,1,0,0,9.661971830985916,9.661971830985916,9.661971830985916,9.661971830985916,9.661971830985916,0.0,0.0,686.0,686.0,686,686,686,0.0,0.0,71.0,71.0,71,71,71,0.0,0.0,0.15203,0.15203,0.15203,0.15203,0.15203,0.0,0.0
a,diff_smaller_exact_weighted,instance_0017.txt,1,1,0,0,3.8043478260869565,3.8043478260869565,3.8043478260869565,3.8043478260869565,3.8043478260869565,0.0,0.0,175.0,175.0,175,175,175,0.0,0.0,46.0,46.0,46,46,46,0.0,0.0,0.030831,0.030831,0.030831,0.030831,0.030831,0.0,0.0
a,diff_smaller_exact_weighted,instance_0018.txt,1,1,0,0,15.855263157894736,15.855263157894736,15.855263157894736,15.855263157894736,15.855263157894736,0.0,0.0,1205.0,1205.0,1205,1205,1205,0.0,0.0,76.0,76.0,76,76,76,0.0,0.0,0.159446,0.159446,0.159446,0.159446,0.159446,0.0,0.0
a,diff_smaller_exact_weighted,instance_0019.txt,1,1,0,0,9.99,9.99,9.99,9.99,9.99,0.0,0.0,999.0,999.0,999,999,999,0.0,0.0,100.0,100.0,100,100,100,0.0,0.0,0.231804,0.231804,0.231804,0.231804,0.231804,0.0,0.0
a,diff_smaller_exact_weighted,instance_0020.txt,1,1,0,0,4.0,4.0,4.0,4.0,4.0,0.0,0.0,12.0,12.0,12,12,12,0.0,0.0,3.0,3.0,3,3,3,0.0,0.0,0.006328,0.006328,0.006328,0.006328,0.006328,0.0,0.0
a,diff_smaller_multi,instance_0001.txt,1,1,0,0,2.68,2.68,2.68,2.68,2.68,0.0,0.0,67.0,67.0,67,67,67,0.0,0.0,25.0,25.0,25,25,25,0.0,0.0,0.004037,0.004037,0.004037,0.004037,0.004037,0.0,0.0
a,diff_smaller_multi,instance_0002.txt,1,1,0,0,2.0,2.0,2.0,2.0,2.0,0.0,0.0,2.0,2.0,2,2,2,0.0,0.0,1.0,1.0,1,1,1,0.0,0.0,0.000101,0.000101,0.000101,0.000101,0.000101,0.0,0.0
a,diff_smaller_multi,instance_0003.txt,1,1,0,0,3.0285714285714285,3.0285714285714285,3.0285714285714285,3.0285714285714285,3.0285714285714285,0.0,0.0,106.0,106.0,106,106,106,0.0,0.0,35.0,35.0,35,35,35,0.0,0.0,0.007696,0.007696,0.007696,0.007696,0.007696,0.0,0.0
a,diff_smaller_multi,instance_0004.txt,1,1,0,0,1.6956521739130435,1.6956521739130435,1.6956521739130435,1.6956521739130435,1.6956521739130435,0.0,0.0,39.0,39.0,39,39,39,0.0,0.0,23.0,23.0,23,23,23,0.0,0.0,0.001818,0.001818,0.001818,0.001818,0.001818,0.0,0.0
a,diff_smaller_multi,instance_0005.txt,1,1,0,0,32.55555555555556,32.55555555555556,32.55555555555556,32.55555555555556,32.55555555555556,0.0,0.0,4395.0,4395.0,4395,4395,4395,0.0,0.0,135.0,135.0,135,135,135,0.0,0.0,0.235251,0.235251,0.235251,0.235251,0.235251,0.0,0.0
a,diff_smaller_multi,instance_0006.txt,1,1,0,0,27.602836879432623,27.602836879432623,27.602836879432623,27.602836879432623,27.602836879432623,0.0,0.0,3892.0,3892.0,3892,3892,3892,0.0,0.0,141.0,141.0,141,141,141,0.0,0.0,0.39527,0.39527,0.39527,0.39527,0.39527,0.0,0.0
a,diff_smaller_multi,instance_0007.txt,1,1,0,0,26.53103448275862,26.53103448275862,26.53103448275862,26.53103448275862,26.53103448275862,0.0,0.0,3847.0,3847.0,3847,3847,3847,0.0,0.0,145.0,145.0,145,145,145,0.0,0.0,0.32179,0.32179,0.32179,0.32179,0.32179,0.0,0.0
a,diff_smaller_multi,instance_0008.txt,1,1,0,0,22.007751937984494,22.007751937984494,22.007751937984494,22.007751937984494,22.007751937984494,0.0,0.0,2839.0,2839.0,2839,2839,2839,0.0,0.0,129.0,129.0,129,129,129,0.0,0.0,0.136239,0.136239,0.136239,0.136239,0.136239,0.0,0.0
a,diff_smaller_multi,instance_0009.txt,1,1,0,0,2.375,2.375,2.375,2.375,2.375,0.0,0.0,152.0,152.0,152,152,152,0.0,0.0,64.0,64.0,64,64,64,0.0,0.0,0.029818,0.029818,0.029818,0.029818,0.029818,0.0,0.0
a,diff_smaller_multi,instance_0010.txt,1,1,0,0,5.918644067796611,5.918644067796611,5.918644067796611,5.918644067796611,5.918644067796611,0.0,0.0,1746.0,1746.0,1746,1746,1746,0.0,0.0,295.0,295.0,295,295,295,0.0,0.0,0.592507,0.592507,0.592507,0.592507,0.592507,0.0,0.0
a,diff_smaller_multi,instance_0011.txt,1,1,0,0,6.790697674418604,6.790697674418604,6.790697674418604,6.790697674418604,6.790697674418604,0.0,0.0,2044.0,2044.0,2044,2044,2044,0.0,0.0,301.0,301.0,301,301,301,0.0,0.0,0.353576,0.353576,0.353576,0.353576,0.353576,0.0,0.0
a,diff_smaller_multi,instance_0012.txt,1,1,0,0,2.2125,2.2125,2.2125,2.2125,2.2125,0.0,0.0,177.0,177.0,177,177,177,0.0,0.0,80.0,80.0,80,80,80,0.0,0.0,0.043347,0.043347,0.043347,0.043347,0.043347,0.0,0.0
a,diff_smaller_multi,instance_0013.txt,1,1,0,0,12.590659340659341,12.590659340659341,12.590659340659341,12.590659340659341,12.590659340659341,0.0,0.0,4583.0,4583.0,4583,4583,4583,0.0,0.0,364.0,364.0,364,364,364,0.0,0.0,1.02218,1.02218,1.02218,1.02218,1.02218,0.0,0.0
a,diff_smaller_multi,instance_0014.txt,1,1,0,0,20.58244680851064,20.58244680851064,20.58244680851064,20.58244680851064,20.58244680851064,0.0,0.0,7739.0,7739.0,7739,7739,7739,0.0,0.0,376.0,376.0,376,376,376,0.0,0.0,1.118618,1.118618,1.118618,1.118618,1.118618,0.0,0.0
a,diff_smaller_multi,instance_0015.txt,1,1,0,0,10.725947521865889,10.725947521865889,10.725947521865889,10.725947521865889,10.725947521865889,0.0,0.0,3679.0,3679.0,3679,3679,3679,0.0,0.0,343.0,343.0,343,343,343,0.0,0.0,0.52342,0.52342,0.52342,0.52342,0.52342,0.0,0.0
a,diff_smaller_multi,instance_0016.txt,1,1,0,0,9.661971830985916,9.661971830985916,9.661971830985916,9.661971830985916,9.661971830985916,0.0,0.0,686.0,686.0,686,686,686,0.0,0.0,71.0,71.0,71,71,71,0.0,0.0,0.028681,0.028681,0.028681,0.028681,0.028681,0.0,0.0
a,diff_smaller_multi,instance_0017.txt,1,1,0,0,3.8043478260869565,3.8043478260869565,3.8043478260869565,3.8043478260869565,3.8043478260869565,0.0,0.0,175.0,175.0,175,175,175,0.0,0.0,46.0,46.0,46,46,46,0.0,0.0,0.011565,0.011565,0.011565,0.011565,0.011565,0.0,0.0
a,diff_smaller_multi,instance_0018.txt,1,1,0,0,15.855263157894736,15.855263157894736,15.855263157894736,15.855263157894736,15.855263157894736,0.0,0.0,1205.0,1205.0,1205,1205,1205,0.0,0.0,76.0,76.0,76,76,76,0.0,0.0,0.049011,0.049011,0.049011,0.049011,0.049011,0.0,0.0
a,diff_smaller_multi,instance_0019.txt,1,1,0,0,9.891089108910892,9.891089108910892,9.891089108910892,9.891089108910892,9.891089108910892,0.0,0.0,999.0,999.0,999,999,999,0.0,0.0,101.0,101.0,101,101,101,0.0,0.0,0.100967,0.100967,0.100967,0.100967,0.100967,0.0,0.0
a,diff_smaller_multi,instance_0020.txt,1,1,0,0,4.0,4.0,4.0,4.0,4.0,0.0,0.0,12.0,12.0,12,12,12,0.0,0.0,3.0,3.0,3,3,3,0.0,0.0,0.000118,0.000118,0.000118,0.000118,0.000118,0.0,0.0
a,diff_smaller_multi_weighted,instance_0001.txt,1,1,0,0,2.68,2.68,2.68,2.68,2.68,0.0,0.0,67.0,67.0,67,67,67,0.0,0.0,25.0,25.0,25,25,25,0.0,0.0,0.004133,0.004133,0.004133,0.004133,0.004133,0.0,0.0
a,diff_smaller_multi_weighted,instance_0002.txt,1,1,0,0,2.0,2.0,2.0,2.0,2.0,0.0,0.0,2.0,2.0,2,2,2,0.0,0.0,1.0,1.0,1,1,1,0.0,0.0,0.000112,0.000112,0.000112,0.000112,0.000112,0.0,0.0
a,diff_smaller_multi_weighted,instance_0003.txt,1,1,0,0,3.0285714285714285,3.0285714285714285,3.0285714285714285,3.0285714285714285,3.0285714285714285,0.0,0.0,106.0,106.0,106,106,106,0.0,0.0,35.0,35.0,35,35,35,0.0,0.0,0.007855,0.007855,0.007855,0.007855,0.007855,0.0,0.0
a,diff_smaller_multi_weighted,instance_0004.txt,1,1,0,0,1.6956521739130435,1.6956521739130435,1.6956521739130435,1.6956521739130435,1.6956521739130435,0.0,0.0,39.0,39.0,39,39,39,0.0,0.0,23.0,23.0,23,23,23,0.0,0.0,0.00205,0.00205,0.00205,0.00205,0.00205,0.0,0.0
a,diff_smaller_multi_weighted,instance_0005.txt,1,1,0,0,32.55555555555556,32.55555555555556,32.55555555555556,32.55555555555556,32.55555555555556,0.0,0.0,4395.0,4395.0,4395,4395,4395,0.0,0.0,135.0,135.0,135,135,135,0.0,0.0,0.27186,0.27186,0.27186,0.27186,0.27186,0.0,0.0
a,diff_smaller_multi_weighted,instance_0006.txt,1,1,0,0,27.602836879432623,27.602836879432623,27.602836879432623,27.602836879432623,27.602836879432623,0.0,0.0,3892.0,3892.0,3892,3892,3892,0.0,0.0,141.0,141.0,141,141,141,0.0,0.0,0.226931,0.226931,0.226931,0.226931,0.226931,0.0,0.0
a,diff_smaller_multi_weighted,instance_0007.txt,1,1,0,0,26.53103448275862,26.53103448275862,26.53103448275862,26.53103448275862,26.53103448275862,0.0,0.0,3847.0,3847.0,3847,3847,3847,0.0,0.0,145.0,145.0,145,145,145,0.0,0.0,0.290178,0.290178,0.290178,0.290178,0.290178,0.0,0.0
a,diff_smaller_multi_weighted,instance_0008.txt,1,1,0,0,22.007751937984494,22.007751937984494,22.007751937984494,22.007751937984494,22.007751937984494,0.0,0.0,2839.0,2839.0,2839,2839,2839,0.0,0.0,129.0,129.0,129,129,129,0.0,0.0,0.358358,0.358358,0.358358,0.358358,0.358358,0.0,0.0
a,diff_smaller_multi_weighted,instance_0009.txt,1,1,0,0,2.375,2.375,2.375,2.375,2.375,0.0,0.0,152.0,152.0,152,152,152,0.0,0.0,64.0,64.0,64,64,64,0.0,0.0,0.020611,0.020611,0.020611,0.020611,0.020611,0.0,0.0
a,diff_smaller_multi_weighted,instance_0010.txt,1,1,0,0,5.918644067796611,5.918644067796611,5.918644067796611,5.918644067796611,5.918644067796611,0.0,0.0,1746.0,1746.0,1746,1746,1746,0.0,0.0,295.0,295.0,295,295,295,0.0,0.0,0.295958,0.295958,0.295958,0.295958,0.295958,0.0,0.0
a,diff_smaller_multi_weighted,instance_0011.txt,1,1,0,0,6.790697674418604,6.790697674418604,6.790697674418604,6.790697674418604,6.790697674418604,0.0,0.0,2044.0,2044.0,2044,2044,2044,0.0,0.0,301.0,301.0,301,301,301,0.0,0.0,0.423463,0.423463,0.423463,0.423463,0.423463,0.0,0.0
a,diff_smaller_multi_weighted,instance_0012.txt,1,1,0,0,2.2125,2.2125,2.2125,2.2125,2.2125,0.0,0.0,177.0,177.0,177,177,177,0.0,0.0,80.0,80.0,80,80,80,0.0,0.0,0.028892,0.028892,0.028892,0.028892,0.028892,0.0,0.0
a,diff_smaller_multi_weighted,instance_0013.txt,1,1,0,0,12.590659340659341,12.590659340659341,12.590659340659341,12.590659340659341,12.590659340659341,0.0,0.0,4583.0,4583.0,4583,4583,4583,0.0,0.0,364.0,364.0,364,364,364,0.0,0.0,0.740245,0.740245,0.740245,0.740245,0.740245,0.0,0.0
a,diff_smaller_multi_weighted,instance_0014.txt,1,1,0,0,20.58244680851064,20.58244680851064,20.58244680851064,20.58244680851064,20.58244680851064,0.0,0.0,7739.0,7739.0,7739,7739,7739,0.0,0.0,376.0,376.0,376,376,376,0.0,0.0,1.090005,1.090005,1.090005,1.090005,1.090005,0.0,0.0
a,diff_smaller_multi_weighted,instance_0015.txt,1,1,0,0,10.725947521865889,10.725947521865889,10.725947521865889,10.725947521865889,10.725947521865889,0.0,0.0,3679.0,3679.0,3679,3679,3679,0.0,0.0,343.0,343.0,343,343,343,0.0,0.0,0.966051,0.966051,0.966051,0.966051,0.966051,0.0,0.0
a,diff_smaller_multi_weighted,instance_0016.txt,1,1,0,0,9.661971830985916,9.661971830985916,9.661971830985916,9.661971830985916,9.661971830985916,0.0,0.0,686.0,686.0,686,686,686,0.0,0.0,71.0,71.0,71,71,71,0.0,0.0,0.028963,0.028963,0.028963,0.028963,0.028963,0.0,0.0
a,diff_smaller_multi_weighted,instance_0017.txt,1,1,0,0,3.8043478260869565,3.8043478260869565,3.8043478260869565,3.8043478260869565,3.8043478260869565,0.0,0.0,175.0,175.0,175,175,175,0.0,0.0,46.0,46.0,46,46,46,0.0,0.0,0.012429,0.012429,0.012429,0.012429,0.012429,0.0,0.0
a,diff_smaller_multi_weighted,instance_0018.txt,1,1,0,0,15.855263157894736,15.855263157894736,15.855263157894736,15.855263157894736,15.855263157894736,0.0,0.0,1205.0,1205.0,1205,1205,1205,0.0,0.0,76.0,76.0,76,76,76,0.0,0.0,0.046562,0.046562,0.046562,0.046562,0.046562,0.0,0.0
a,diff_smaller_multi_weighted,instance_0019.txt,1,1,0,0,9.891089108910892,9.891089108910892,9.891089108910892,9.891089108910892,9.891089108910892,0.0,0.0,999.0,999.0,999,999,999,0.0,0.0,101.0,101.0,101,101,101,0.0,0.0,0.12303,0.12303,0.12303,0.12303,0.12303,0.0,0.0
a,diff_smaller_multi_weighted,instance_0020.txt,1,1,0,0,4.0,4.0,4.0,4.0,4.0,0.0,0.0,12.0,12.0,12,12,12,0.0,0.0,3.0,3.0,3,3,3,0.0,0.0,0.000548,0.000548,0.000548,0.000548,0.000548,0.0,0.0
a,diff_smaller_weighted,instance_0001.txt,1,1,0,0,2.68,2.68,2.68,2.68,2.68,0.0,0.0,67.0,67.0,67,67,67,0.0,0.0,25.0,25.0,25,25,25,0.0,0.0,0.002147,0.002147,0.002147,0.002147,0.002147,0.0,0.0
a,diff_smaller_weighted,instance_0002.txt,1,1,0,0,2.0,2.0,2.0,2.0,2.0,0.0,0.0,2.0,2.0,2,2,2,0.0,0.0,1.0,1.0,1,1,1,0.0,0.0,0.00012,0.00012,0.00012,0.00012,0.00012,0.0,0.0
a,diff_smaller_weighted,instance_0003.txt,1,1,0,0,2.864864864864865,2.864864864864865,2.864864864864865,2.864864864864865,2.864864864864865,0.0,0.0,106.0,106.0,106,106,106,0.0,0.0,37.0,37.0,37,37,37,0.0,0.0,0.007214,0.007214,0.007214,0.007214,0.007214,0.0,0.0
a,diff_smaller_weighted,instance_0004.txt,1,1,0,0,1.625,1.625,1.625,1.625,1.625,0.0,0.0,39.0,39.0,39,39,39,0.0,0.0,24.0,24.0,24,24,24,0.0,0.0,0.001866,0.001866,0.001866,0.001866,0.001866,0.0,0.0
a,diff_smaller_weighted,instance_0005.txt,1,1,0,0,31.847826086956523,31.847826086956523,31.847826086956523,31.847826086956523,31.847826086956523,0.0,0.0,4395.0,4395.0,4395,4395,4395,0.0,0.0,138.0,138.0,138,138,138,0.0,0.0,0.189344,0.189344,0.189344,0.189344,0.189344,0.0,0.0
a,diff_smaller_weighted,instance_0006.txt,1,1,0,0,26.65753424657534,26.65753424657534,26.65753424657534,26.65753424657534,26.65753424657534,0.0,0.0,3892.0,3892.0,3892,3892,3892,0.0,0.0,146.0,146.0,146,146,146,0.0,0.0,0.19289,0.19289,0.19289,0.19289,0.19289,0.0,0.0
a,diff_smaller_weighted,instance_0007.txt,1,1,0,0,25.818791946308725,25.818791946308725,25.818791946308725,25.818791946308725,25.818791946308725,0.0,0.0,3847.0,3847.0,3847,3847,3847,0.0,0.0,149.0,149.0,149,149,149,0.0,0.0,0.223137,0.223137,0.223137,0.223137,0.223137,0.0,0.0
a,diff_smaller_weighted,instance_0008.txt,1,1,0,0,21.838461538461537,21.838461538461537,21.838461538461537,21.838461538461537,21.838461538461537,0.0,0.0,2839.0,2839.0,2839,2839,2839,0.0,0.0,130.0,130.0,130,130,130,0.0,0.0,0.134615,0.134615,0.134615,0.134615,0.134615,0.0,0.0
a,diff_smaller_weighted,instance_0009.txt,1,1,0,0,2.054054054054054,2.054054054054054,2.054054054054054,2.054054054054054,2.054054054054054,0.0,0.0,152.0,152.0,152,152,152,0.0,0.0,74.0,74.0,74,74,74,0.0,0.0,0.022321,0.022321,0.022321,0.022321,0.022321,0.0,0.0
a,diff_smaller_weighted,instance_0010.txt,1,1,0,0,5.507886435331231,5.507886435331231,5.507886435331231,5.507886435331231,5.507886435331231,0.0,0.0,1746.0,1746.0,1746,1746,1746,0.0,0.0,317.0,317.0,317,317,317,0.0,0.0,0.24533,0.24533,0.24533,0.24533,0.24533,0.0,0.0
a,diff_smaller_weighted,instance_0011.txt,1,1,0,0,6.367601246105919,6.367601246105919,6.367601246105919,6.367601246105919,6.367601246105919,0.0,0.0,2044.0,2044.0,2044,2044,2044,0.0,0.0,321.0,321.0,321,321,321,0.0,0.0,0.33076,0.33076,0.33076,0.33076,0.33076,0.0,0.0
a,diff_smaller_weighted,instance_0012.txt,1,1,0,0,1.8829787234042554,1.8829787234042554,1.8829787234042554,1.8829787234042554,1.8829787234042554,0.0,0.0,177.0,177.0,177,177,177,0.0,0.0,94.0,94.0,94,94,94,0.0,0.0,0.016924,0.016924,0.016924,0.016924,0.016924,0.0,0.0
a,diff_smaller_weighted,instance_0013.txt,1,1,0,0,12.487738419618529,12.487738419618529,12.487738419618529,12.487738419618529,12.487738419618529,0.0,0.0,4583.0,4583.0,4583,4583,4583,0.0,0.0,367.0,367.0,367,367,367,0.0,0.0,0.95606,0.95606,0.95606,0.95606,0.95606,0.0,0.0
a,diff_smaller_weighted,instance_0014.txt,1,1,0,0,20.473544973544975,20.473544973544975,20.473544973544975,20.473544973544975,20.473544973544975,0.0,0.0,7739.0,7739.0,7739,7739,7739,0.0,0.0,378.0,378.0,378,378,378,0.0,0.0,1.289669,1.289669,1.289669,1.289669,1.289669,0.0,0.0
a,diff_smaller_weighted,instance_0015.txt,1,1,0,0,10.305322128851541,10.305322128851541,10.305322128851541,10.305322128851541,10.305322128851541,0.0,0.0,3679.0,3679.0,3679,3679,3679,0.0,0.0,357.0,357.0,357,357,357,0.0,0.0,0.519264,0.519264,0.519264,0.519264,0.519264,0.0,0.0
a,diff_smaller_weighted,instance_0016.txt,1,1,0,0,9.527777777777779,9.527777777777779,9.527777777777779,9.527777777777779,9.527777777777779,0.0,0.0,686.0,686.0,686,686,686,0.0,0.0,72.0,72.0,72,72,72,0.0,0.0,0.030449,0.030449,0.030449,0.030449,0.030449,0.0,0.0
a,diff_smaller_weighted,instance_0017.txt,1,1,0,0,3.8043478260869565,3.8043478260869565,3.8043478260869565,3.8043478260869565,3.8043478260869565,0.0,0.0,175.0,175.0,175,175,175,0.0,0.0,46.0,46.0,46,46,46,0.0,0.0,0.011075,0.011075,0.011075,0.011075,0.011075,0.0,0.0
a,diff_smaller_weighted,instance_0018.txt,1,1,0,0,15.855263157894736,15.855263157894736,15.855263157894736,15.855263157894736,15.855263157894736,0.0,0.0,1205.0,1205.0,1205,1205,1205,0.0,0.0,76.0,76.0,76,76,76,0.0,0.0,0.059486,0.059486,0.059486,0.059486,0.059486,0.0,0.0
a,diff_smaller_weighted,instance_0019.txt,1,1,0,0,9.60576923076923,9.60576923076923,9.60576923076923,9.60576923076923,9.60576923076923,0.0,0.0,999.0,999.0,999,999,999,0.0,0.0,104.0,104.0,104,104,104,0.0,0.0,0.072079,0.072079,0.072079,0.072079,0.072079,0.0,0.0
a,diff_smaller_weighted,instance_0020.txt,1,1,0,0,4.0,4.0,4.0,4.0,4.0,0.0,0.0,12.0,12.0,12,12,12,0.0,0.0,3.0,3.0,3,3,3,0.0,0.0,0.00011,0.00011,0.00011,0.00011,0.00011,0.0,0.0
a,diff_weighted,instance_0001.txt,30,30,0,0,2.656786324786325,2.6153846153846154,2.6153846153846154,2.6153846153846154,2.8333333333333335,0.003746954781211197,0.06121237441246008,67.8,68.0,68,67,68,0.15999999999999998,0.39999999999999997,25.533333333333335,26.0,26,24,26,0.3822222222222223,0.618241233033047,0.0035650666666666663,0.00352,0.003523,0.002324,0.008544,1.099317395555555e-06,0.0010484833787693323
a,diff_weighted,instance_0002.txt,30,30,0,0,1.7333333333333334,2.0,2.0,1.0,2.0,0.1955555555555555,0.44221663871405326,2.0,2.0,2,2,2,0.0,0.0,1.2666666666666666,1.0,1,1,2,0.1955555555555555,0.44221663871405326,0.00012706666666666667,0.000126,0.00013,8.8e-05,0.000189,4.670622222222223e-10,2.161162238755393e-05
a,diff_weighted,instance_0003.txt,30,30,0,0,2.855220807852388,2.864864864864865,2.864864864864865,2.717948717948718,2.9444444444444446,0.001806508620294498,0.042503042482797605,106.0,106.0,106,106,106,0.0,0.0,37.13333333333333,37.0,37,36,39,0.31555555555555537,0.561743318211757,0.005796466666666667,0.0061495000000000005,0.003411,0.003369,0.006984,9.60952048888889e-07,0.0009802816171329996
a,diff_weighted,instance_0004.txt,30,30,0,0,1.7129200388983,1.6956521739130435,1.6956521739130435,1.5416666666666667,2.0,0.012224942160030667,0.11056646037578786,39.03333333333333,39.0,39,37,40,0.6322222222222224,0.7951240294584376,22.866666666666667,23.0,23,20,25,1.7155555555555562,1.309792180292567,0.0018641999999999997,0.0018085,0.001168,0.00093,0.003759,3.9745529333333334e-07,0.0006304405549560825
a,diff_weighted,instance_0005.txt,30,30,0,0,31.843961352656997,31.840579710144926,31.840579710144926,31.840579710144926,31.847826086956523,1.306914980514097e-05,0.0036151279099280805,4394.466666666666,4394.0,4394,4394,4395,0.24888888888888897,0.4988876515698589,138.0,138.0,138,138,138,0.0,0.0,0.24354023333333333,0.2645535,0.146134,0.146134,0.322155,0.0019756017028455556,0.04444774125695878
a,diff_weighted,instance_0006.txt,30,30,0,0,26.657534246575338,26.65753424657534,26.65753424657534,26.65753424657534,26.65753424657534,1.262177448353619e-29,3.552713678800501e-15,3892.0,3892.0,3892,3892,3892,0.0,0.0,146.0,146.0,146,146,146,0.0,0.0,0.26720173333333336,0.274117,0.208577,0.171722,0.347181,0.002370597411928889,0.04868878117111671
a,diff_weighted,instance_0007.txt,30,30,0,0,25.82460698953987,25.818791946308725,25.818791946308725,25.818791946308725,25.993243243243242,0.0009806271056243547,0.03131496616035781,3847.0,3847.0,3847,3847,3847,0.0,0.0,148.96666666666667,149.0,149,148,149,0.032222222222222215,0.17950549357115012,0.3143666666666667,0.3138215,0.263637,0.232628,0.382618,0.002426302205355556,0.049257509126584505
a,diff_weighted,instance_0008.txt,30,30,0,0,21.83982579761205,21.846153846153847,21.846153846153847,21.6793893129771,21.846153846153847,0.0008928866122713442,0.02988120834690833,2839.9,2840.0,2840,2839,2840,0.09000000000000001,0.30000000000000004,130.03333333333333,130.0,130,130,131,0.032222222222222215,0.17950549357115012,0.203926,0.202734,0.203694,0.123982,0.264657,0.0012284010112666663,0.035048552199294425
a,diff_weighted,instance_0009.txt,30,30,0,0,2.0417602658084473,2.054054054054054,2.026666666666667,1.7586206896551724,2.111111111111111,0.00345740649824712,0.058799715120458874,152.1,152.0,152,152,153,0.09000000000000002,0.30000000000000004,74.56666666666666,74.0,75,72,87,6.312222222222219,2.5124136248281688,0.027662100000000005,0.0290215,0.029413,0.014408,0.032681,1.860094449e-05,0.004312881228366949
a,diff_weighted,instance_0010.txt,30,30,0,0,5.510210438046562,5.507886435331231,5.507886435331231,5.507886435331231,5.525316455696203,3.510642603558574e-05,0.005925067597554119,1746.0,1746.0,1746,1746,1746,0.0,0.0,316.8666666666667,317.0,317,316,317,0.11555555555555555,0.339934634239519,0.43119756666666664,0.44707450000000004,0.356371,0.250713,0.550928,0.0052243071948455564,0.07227936908167888
a,diff_weighted,instance_0011.txt,30,30,0,0,6.365760793889731,6.367601246105919,6.350931677018633,6.350931677018633,6.410658307210031,0.0002997705747981288,0.01731388387387789,2044.6666666666667,2045.0,2045,2044,2045,0.22222222222222232,0.4714045207910318,321.2,321.0,322,319,322,0.8266666666666668,0.9092121131323905,0.32536833333333337,0.320741,0.388594,0.207856,0.472163,0.0038586597365555552,0.062118111179876964
a,diff_weighted,instance_0012.txt,30,30,0,0,1.8996511599789314,1.8829787234042554,1.8829787234042554,1.8526315789473684,2.0113636363636362,0.0011517370593022518,0.033937251793600666,176.86666666666667,177.0,177,176,177,0.11555555555555554,0.339934634239519,93.13333333333334,94.0,94,88,95,2.582222222222222,1.6069294390925266,0.022751,0.0238265,0.024206,0.013564,0.036581,2.0004707e-05,0.004472662182637987
a,diff_weighted,instance_0013.txt,30,30,0,0,12.487738419618532,12.487738419618529,12.487738419618529,12.487738419618529,12.487738419618529,1.262177448353619e-29,3.552713678800501e-15,4583.0,4583.0,4583,4583,4583,0.0,0.0,367.0,367.0,367,367,367,0.0,0.0,0.8057334666666668,0.809274,0.688907,0.522126,0.980795,0.015002738344982221,0.12248566587557183
a,diff_weighted,instance_0014.txt,30,30,0,0,20.47174430995892,20.473544973544975,20.473544973544975,20.41952506596306,20.473544973544975,9.402929115510783e-05,0.00969687017315937,7739.0,7739.0,7739,7739,7739,0.0,0.0,378.03333333333336,378.0,378,378,379,0.03222222222222221,0.1795054935711501,1.3817522999999998,1.377865,1.130271,0.953603,1.670154,0.03555580624581,0.18856247305816182
a,diff_weighted,instance_0015.txt,30,30,0,0,10.305327519453783,10.305322128851541,10.305322128851541,10.276536312849162,10.334269662921349,5.5552735329591304e-05,0.0074533707360892295,3679.0,3679.0,3679,3679,3679,0.0,0.0,357.0,357.0,357,356,358,0.06666666666666667,0.2581988897471611,0.8525067666666667,0.8321105,0.795465,0.610397,1.059816,0.013329513654512229,0.11545351295873256
a,diff_weighted,instance_0016.txt,30,30,0,0,9.527777777777777,9.527777777777779,9.527777777777779,9.527777777777779,9.527777777777779,3.1554436208840472e-30,1.7763568394002505e-15,686.0,686.0,686,686,686,0.0,0.0,72.0,72.0,72,72,72,0.0,0.0,0.05514833333333333,0.0559825,0.029687,0.029687,0.081775,9.802435248888892e-05,0.00990072484664072
a,diff_weighted,instance_0017.txt,30,30,0,0,3.809983896940418,3.8043478260869565,3.8043478260869565,3.8043478260869565,3.888888888888889,0.00044471412531343847,0.021088246141237978,175.0,175.0,175,175,175,0.0,0.0,45.93333333333333,46.0,46,45,46,0.06222222222222222,0.24944382578492943,0.014153933333333334,0.014638,0.014686,0.008485,0.022446,1.1840974328888891e-05,0.003441071683195352
a,diff_weighted,instance_0018.txt,30,30,0,0,15.855263157894736,15.855263157894736,15.855263157894736,15.855263157894736,15.855263157894736,0.0,0.0,1205.0,1205.0,1205,1205,1205,0.0,0.0,76.0,76.0,76,76,76,0.0,0.0,0.07903376666666667,0.08423749999999999,0.04886,0.04735,0.100113,0.0001886942505122222,0.013736602582597424
a,diff_weighted,instance_0019.txt,30,30,0,0,9.611986557132187,9.60576923076923,9.60576923076923,9.60576923076923,9.699029126213592,0.0005411720594493626,0.02326310511194416,999.0,999.0,999,999,999,0.0,0.0,103.93333333333334,104.0,104,103,104,0.06222222222222223,0.24944382578492943,0.08927446666666666,0.09089549999999999,0.088923,0.060587,0.10508,0.00016022540904888892,0.01265801757973534
a,diff_weighted,instance_0020.txt,30,30,0,0,3.6333333333333333,4.0,4.0,3.0,4.0,0.1951851851851851,0.44179767449046753,11.7,12.0,12,10,12,0.47666666666666657,0.6904105059069325,3.2666666666666666,3.0,3,3,4,0.1955555555555555,0.44221663871405326,0.00017503333333333332,0.00014649999999999998,0.00014,0.000132,0.00099,2.3014832222222224e-08,0.00015170640138841284
a,random,instance_0001.txt,30,30,0,0,2.8892207404769112,2.8333333333333335,2.9565217391304346,2.193548387096774,3.7222222222222223,0.16257992492380371,0.4032120098952953,67.63333333333334,68.0,68,67,68,0.23222222222222222,0.4818944098266987,23.866666666666667,24.0,24,18,31,11.048888888888891,3.3239868966181096,0.0019698333333333334,0.0019645,0.001187,0.000888,0.003383,2.563052055555556e-07,0.0005062659435075162
a,random,instance_0002.txt,30,30,0,0,1.3,1.0,1.0,1.0,2.0,0.21,0.458257569495584,2.0,2.0,2,2,2,0.0,0.0,1.7,2.0,2,1,2,0.21,0.458257569495584,0.00012250000000000002,0.0001035,9.1e-05,8.7e-05,0.000319,3.23065e-09,5.683880716552732e-05
a,random,instance_0003.txt,30,30,0,0,2.9118674126866324,2.864864864864865,2.717948717948718,2.441860465116279,3.533333333333333,0.06957072748219792,0.26376263473471356,105.83333333333333,106.0,106,105,106,0.1388888888888889,0.37267799624996495,36.63333333333333,37.0,37,30,43,10.232222222222223,3.198784491368905,0.004111966666666666,0.004111500000000001,0.003372,0.003203,0.005606,2.8056449888888885e-07,0.0005296833949529557
a,random,instance_0004.txt,30,30,0,0,1.8033302135190006,1.7727272727272727,1.7727272727272727,1.5384615384615385,2.1666666666666665,0.01753271048355321,0.132411141840682,39.4,39.0,39,39,40,0.2400000000000001,0.4898979485566357,21.966666666666665,22.0,22,18,26,2.698888888888889,1.6428295373802142,0.0011592,0.0011795,0.001179,0.000757,0.001732,4.560216e-08,0.000213546622544118
a,random,instance_0005.txt,30,30,0,0,31.88112016221111,31.847826086956523,31.840579710144926,30.950704225352112,32.791044776119406,0.2165009609715786,0.46529663761043727,4394.4,4394.0,4394,4394,4395,0.23999999999999996,0.4898979485566356,137.86666666666667,138.0,138,134,142,4.115555555555557,2.0286832072937253,0.17041416666666662,0.172638,0.162179,0.113429,0.213546,0.0007810502907388891,0.027947276982541413
a,random,instance_0006.txt,30,30,0,0,26.82758582804139,26.841379310344827,26.476190476190474,25.774834437086092,27.8,0.29221174940475564,0.540566137863588,3892.0,3892.0,3892,3892,3892,0.0,0.0,145.13333333333333,145.0,147,140,151,8.515555555555556,2.9181424837652385,0.1960822,0.206038,0.148412,0.127394,0.245115,0.00076156059816,0.027596387411398617
a,random,instance_0007.txt,30,30,0,0,26.317482049596432,26.34931506849315,26.34931506849315,25.64666666666667,27.091549295774648,0.11072605747274054,0.33275525160805586,3847.0,3847.0,3847,3847,3847,0.0,0.0,146.2,146.0,146,142,150,3.4266666666666667,1.8511257835886428,0.1967500666666667,0.205965,0.19143,0.136553,0.242061,0.0006830663648622225,0.02613553835034248
a,random,instance_0008.txt,30,30,0,0,21.105701559286096,21.037037037037038,21.353383458646615,20.57246376811594,21.6793893129771,0.09787447186904356,0.3128489601533679,2839.5,2839.5,2839,2839,2840,0.25,0.5,134.56666666666666,135.0,133,131,138,3.978888888888889,1.9947152400502908,0.117015,0.1260275,0.126708,0.060758,0.160166,0.0006223114682,0.024946171413665865
a,random,instance_0009.txt,30,30,0,0,2.045421244352556,2.061095890410959,2.0821917808219177,1.8214285714285714,2.235294117647059,0.013182257264890387,0.11481401162266906,152.5,152.5,153,152,153,0.25,0.5,74.8,74.0,73,68,84,18.89333333333333,4.34664621672081,0.013508066666666669,0.0132065,0.010665,0.008332,0.018785,8.197085395555554e-06,0.0028630552554143192
a,random,instance_0010.txt,30,30,0,0,5.609206178879144,5.614205955334987,5.542857142857143,5.4392523364485985,5.759075907590759,0.005613082322971258,0.0749205066919015,1745.8333333333333,1746.0,1746,1745,1746,0.13888888888888887,0.3726779962499649,311.3,311.0,314,303,321,17.410000000000004,4.172529209005013,0.24422120000000005,0.2441485,0.177643,0.146064,0.303367,0.0018706489032266672,0.043250998869698576
a,random,instance_0011.txt,30,30,0,0,6.493134735170541,6.480203938115331,6.4715189873417724,6.3875,6.6612377850162865,0.00494099702564576,0.07029222592609911,2044.6666666666667,2045.0,2045,2044,2045,0.22222222222222232,0.4714045207910318,314.93333333333334,315.5,312,307,320,11.462222222222227,3.3855903801585665,0.2781522666666667,0.284988,0.231277,0.221207,0.327676,0.0012146626189288893,0.034852010256639275
a,random,instance_0012.txt,30,30,0,0,2.1909688213509098,2.1988425925925927,2.185185185185185,1.7878787878787878,2.588235294117647,0.03255155950309827,0.1804205074349872,176.53333333333333,177.0,177,176,177,0.24888888888888897,0.4988876515698589,81.13333333333334,80.5,79,68,99,46.84888888888889,6.844624817248122,0.01708663333333333,0.0172595,0.018244,0.010593,0.021893,9.29410749888889e-06,0.003048623869697423
a,random,instance_0013.txt,30,30,0,0,12.490862215895275,12.487738419618529,12.453804347826088,12.28686327077748,12.766016713091922,0.0107038647356302,0.10345948354612157,4583.0,4583.0,4583,4583,4583,0.0,0.0,366.93333333333334,367.0,368,359,373,9.195555555555558,3.0324174441451093,0.7030533666666666,0.723914,0.813696,0.439362,0.948616,0.013513294644098887,0.11624669734705965
a,random,instance_0014.txt,30,30,0,0,20.28493463007141,20.285749130835086,20.36578947368421,20.04922279792746,20.58244680851064,0.020158930619138055,0.14198214894534472,7739.0,7739.0,7739,7739,7739,0.0,0.0,381.53333333333336,381.5,380,376,386,7.115555555555553,2.66749986983234,1.0823825,1.0719185,1.297842,0.7517,1.367859,0.02311936298238333,0.15205052772806588
a,random,instance_0015.txt,30,30,0,0,10.362923832459963,10.37801782446089,10.392655367231638,10.191135734072022,10.481481481481481,0.0053397482388632764,0.07307358099110291,3679.0,3679.0,3679,3679,3679,0.0,0.0,355.03333333333336,354.5,354,351,361,6.298888888888886,2.509758731210808,0.5175844666666667,0.5334595,0.500002,0.330875,0.64459,0.005120352859982221,0.07155664092159596
a,random,instance_0016.txt,30,30,0,0,9.337150151593555,9.27027027027027,9.27027027027027,9.026315789473685,9.8,0.036072336969489575,0.18992718859997262,686.0,686.0,686,686,686,0.0,0.0,73.5,74.0,74,70,76,2.183333333333333,1.4776106839534333,0.030872600000000004,0.031013,0.036538,0.022315,0.036973,1.4584819039999998e-05,0.0038190075988403056
a,random,instance_0017.txt,30,30,0,0,3.5876964813570997,3.5357142857142856,3.30188679245283,3.30188679245283,4.166666666666667,0.06100911918400728,0.2470002412630548,175.0,175.0,175,175,175,0.0,0.0,49.0,49.5,53,42,53,10.466666666666667,3.235222815613581,0.007216666666666666,0.007521,0.006562,0.003969,0.009914,1.4740095555555552e-06,0.001214087952149907
a,random,instance_0018.txt,30,30,0,0,14.890061121049802,14.876543209876543,15.253164556962025,14.345238095238095,15.64935064935065,0.11091872930221695,0.33304463560042064,1205.0,1205.0,1205,1205,1205,0.0,0.0,80.96666666666667,81.0,79,77,84,3.2322222222222234,1.7978382080215738,0.048521266666666674,0.048778,0.025973,0.025973,0.073057,6.268718832888888e-05,0.00791752412872161
a,random,instance_0019.txt,30,30,0,0,9.413472376767904,9.424528301886792,9.25,8.919642857142858,9.99,0.06300761338056299,0.2510131737191556,999.0,999.0,999,999,999,0.0,0.0,106.2,106.0,108,100,112,8.026666666666666,2.83313724811677,0.05137309999999999,0.050593,0.033913,0.033287,0.073508,0.00011517520035666669,0.010731970944643239
a,random,instance_0020.txt,30,30,0,0,3.3333333333333335,3.3333333333333335,3.0,3.0,4.0,0.1185185185185185,0.3442651863295481,11.3,12.0,12,10,12,0.6766666666666665,0.8225975119502044,3.433333333333333,3.0,3,3,4,0.2455555555555556,0.4955356249106169,9.166666666666667e-05,7.65e-05,7.5e-05,6.6e-05,0.000385,3.5837555555555554e-09,5.986447657463945e-05
a,random_exact,instance_0001.txt,30,30,0,0,3.2201198997205864,3.1904761904761907,3.5789473684210527,2.4285714285714284,4.1875,0.16933872794809166,0.4115078710645662,67.5,67.5,68,67,68,0.25,0.5,21.3,21.0,19,16,28,7.209999999999999,2.6851443164195103,0.01750993333333333,0.01677,0.020824,0.01225,0.026242,1.4430900995555554e-05,0.0037988025739113572
a,random_exact,instance_0002.txt,30,30,0,0,1.3666666666666667,1.0,1.0,1.0,2.0,0.23222222222222216,0.4818944098266986,2.0,2.0,2,2,2,0.0,0.0,1.6333333333333333,2.0,2,1,2,0.23222222222222216,0.4818944098266986,0.005062933333333333,0.0044995,0.004415,0.003584,0.008417,1.6932514622222221e-06,0.0013012499614686727
a,random_exact,instance_0003.txt,30,30,0,0,3.225114503457244,3.212121212121212,2.9444444444444446,2.789473684210526,3.75,0.07775492861279769,0.2788457075387708,105.96666666666667,106.0,106,105,106,0.03222222222222222,0.17950549357115014,33.1,33.0,36,28,38,7.956666666666666,2.8207563997386704,0.023704533333333333,0.021303,0.021303,0.015161,0.039003,4.7322793515555556e-05,0.006879156453778003
a,random_exact,instance_0004.txt,30,30,0,0,1.8756142645810838,1.880952380952381,2.0526315789473686,1.56,2.1666666666666665,0.030958120751456195,0.17594919934872166,39.46666666666667,39.0,39,39,40,0.24888888888888897,0.4988876515698589,21.233333333333334,21.0,19,18,25,4.245555555555555,2.0604745947367453,0.010384033333333336,0.009938,0.010707,0.007245,0.01536,3.6648190322222225e-06,0.0019143717069112316
a,random_exact,instance_0005.txt,30,30,0,0,32.23235533356519,32.08029197080292,32.08029197080292,31.618705035971225,34.06976744186046,0.2077178771048378,0.4557607674041698,4394.566666666667,4395.0,4395,4394,4395,0.24555555555555555,0.49553562491061687,136.36666666666667,137.0,137,129,139,3.498888888888889,1.87053171287976,0.5411889333333334,0.5340294999999999,0.544681,0.357927,0.661205,0.006220289644928891,0.07886881287891236
a,random_exact,instance_0006.txt,30,30,0,0,27.25639052088561,27.216783216783217,27.408450704225352,26.2972972972973,28.202898550724637,0.21413658091234142,0.4627489393962361,3892.0,3892.0,3892,3892,3892,0.0,0.0,142.83333333333334,143.0,142,138,148,5.872222222222222,2.4232668491567786,0.5883662333333334,0.568696,0.550175,0.338293,0.750497,0.009260571884712222,0.0962318652251541
a,random_exact,instance_0007.txt,30,30,0,0,26.647564476550023,26.6231561302682,26.53103448275862,25.993243243243242,27.676258992805757,0.16820643241124464,0.4101297750849658,3847.0,3847.0,3847,3847,3847,0.0,0.0,144.4,144.5,145,139,148,4.906666666666665,2.215099696778153,0.600863,0.580414,0.445976,0.404061,0.858695,0.011484785299733334,0.1071670905629771
a,random_exact,instance_0008.txt,30,30,0,0,21.513704742387194,21.511363636363637,21.6793893129771,20.72992700729927,22.1875,0.14505330564684593,0.38085864260489866,2839.633333333333,2840.0,2840,2839,2840,0.2322222222222221,0.48189440982669857,132.03333333333333,132.0,131,128,137,5.498888888888886,2.3449709782615407,0.3682752000000001,0.3754265,0.391691,0.210866,0.481461,0.005212292602626667,0.07219620905994072
a,random_exact,instance_0009.txt,30,30,0,0,2.3479442528602137,2.353846153846154,2.353846153846154,2.140845070422535,2.6379310344827585,0.013993854240836861,0.1182956222386816,152.63333333333333,153.0,153,152,153,0.23222222222222227,0.48189440982669873,65.16666666666667,65.0,67,58,71,10.072222222222221,3.17367645203827,0.06931083333333334,0.062724,0.061669,0.038994,0.290991,0.001846005311338889,0.042965163927755345
a,random_exact,instance_0010.txt,30,30,0,0,5.919272936400686,5.908646358222629,5.898648648648648,5.724590163934426,6.276978417266187,0.012541699865476834,0.11198973107154439,1745.7666666666667,1746.0,1746,1745,1746,0.17888888888888882,0.4229525846816506,295.03333333333336,295.5,294,278,305,30.298888888888886,5.50444265015895,0.8373128999999999,0.8251315,0.485226,0.485226,1.131926,0.02854058030275666,0.16893957589255593
a,random_exact,instance_0011.txt,30,30,0,0,6.946619855490322,6.930508474576271,6.8624161073825505,6.768211920529802,7.146853146853147,0.007515133860209832,0.08668987172795813,2044.5333333333333,2045.0,2045,2044,2045,0.24888888888888897,0.4988876515698589,294.3666666666667,295.0,296,286,302,13.632222222222223,3.6921839366724707,1.0080459666666666,0.993579,0.52728,0.52728,1.268312,0.02852918719149889,0.16890585304097336
a,random_exact,instance_0012.txt,30,30,0,0,2.5111845605392253,2.4583333333333335,2.626865671641791,2.1728395061728394,3.0,0.03914681215567475,0.1978555335482805,176.46666666666667,176.0,176,176,177,0.24888888888888897,0.4988876515698589,70.7,72.0,72,59,81,29.743333333333336,5.453744890745563,0.1022889,0.0972295,0.088865,0.068304,0.224669,0.0007373553207566668,0.027154287336563755
a,random_exact,instance_0013.txt,30,30,0,0,12.692524223159255,12.695290858725762,12.590659340659341,12.487738419618529,12.873595505617978,0.009515489862533621,0.09754737240199564,4583.0,4583.0,4583,4583,4583,0.0,0.0,361.1,361.0,364,356,367,7.689999999999998,2.773084924772409,1.9727328,1.9803585000000001,1.338543,1.193886,2.561628,0.13440556613576002,0.366613646957884
a,random_exact,instance_0014.txt,30,30,0,0,20.499558698539502,20.500698216215458,20.41952506596306,20.259162303664922,20.692513368983956,0.01447358450728888,0.12030621142438523,7739.0,7739.0,7739,7739,7739,0.0,0.0,377.53333333333336,377.5,379,374,382,4.915555555555555,2.2171052197754517,3.192659133333333,3.0550404999999996,2.138216,2.089106,4.938099,0.400644446317249,0.6329648065392333
a,random_exact,instance_0015.txt,30,30,0,0,10.732316642924228,10.710357481863177,10.663768115942029,10.541547277936962,10.949404761904763,0.012434585687608852,0.11151047344356875,3679.0,3679.0,3679,3679,3679,0.0,0.0,342.8333333333333,343.5,345,336,349,12.605555555555554,3.550430333854694,1.3035025333333332,1.321034,1.412486,0.854206,1.857665,0.08123718840024888,0.28502138235621705
a,random_exact,instance_0016.txt,30,30,0,0,9.703662686941426,9.661971830985916,9.661971830985916,9.27027027027027,10.088235294117647,0.050853248416590925,0.22550664827581232,686.0,686.0,686,686,686,0.0,0.0,70.73333333333333,71.0,71,68,74,2.7288888888888883,1.6519348924485153,0.08010943333333334,0.079899,0.094368,0.052358,0.124501,0.0001868602201788889,0.013669682519315834
a,random_exact,instance_0017.txt,30,30,0,0,3.885266965927234,3.8043478260869565,3.8043478260869565,3.4313725490196076,4.605263157894737,0.07916097346891174,0.2813555996757693,175.0,175.0,175,175,175,0.0,0.0,45.266666666666666,46.0,46,38,51,9.72888888888889,3.119116684077223,0.02538703333333333,0.0235105,0.021212,0.014943,0.035187,3.191064456555555e-05,0.0056489507490821295
a,random_exact,instance_0018.txt,30,30,0,0,14.988969945911833,14.876543209876543,14.876543209876543,14.518072289156626,15.64935064935065,0.11577233486627983,0.3402533392433935,1205.0,1205.0,1205,1205,1205,0.0,0.0,80.43333333333334,81.0,81,77,83,3.2455555555555557,1.8015425489162213,0.12236850000000003,0.120268,0.122707,0.076077,0.146377,0.00033668594165000003,0.01834900383263353
a,random_exact,instance_0019.txt,30,30,0,0,9.726698838096297,9.699029126213592,9.60576923076923,9.336448598130842,10.090909090909092,0.055144382680259424,0.23482841114366768,999.0,999.0,999,999,999,0.0,0.0,102.76666666666667,103.0,104,99,107,6.112222222222221,2.4722908854384875,0.14608113333333334,0.145851,0.092938,0.092938,0.197898,0.000700138538448889,0.026460131111710104
a,random_exact,instance_0020.txt,30,30,0,0,4.188888888888889,4.0,4.0,3.6666666666666665,5.0,0.3013580246913579,0.5489608589793611,11.066666666666666,11.0,12,10,12,0.6622222222222225,0.813770374382247,2.7,3.0,3,2,3,0.21000000000000002,0.45825756949558405,0.004011099999999999,0.0036785,0.004774,0.002924,0.00639,8.287689566666667e-07,0.0009103674844076246
a,random_multi,instance_0001.txt,30,30,0,0,3.1397186800476615,3.090909090909091,3.090909090909091,2.576923076923077,3.9411764705882355,0.16483449987147067,0.40599815254686894,67.63333333333334,68.0,68,67,68,0.23222222222222225,0.4818944098266987,21.9,22.0,22,17,26,7.823333333333333,2.7970222261064235,0.0032889,0.0031215,0.003569,0.001897,0.00559,7.369692900000001e-07,0.0008584691549496698
a,random_multi,instance_0002.txt,30,30,0,0,1.2666666666666666,1.0,1.0,1.0,2.0,0.19555555555555554,0.4422166387140533,2.0,2.0,2,2,2,0.0,0.0,1.7333333333333334,2.0,2,1,2,0.19555555555555554,0.4422166387140533,9.97e-05,9.95e-05,0.000113,7.2e-05,0.00015,2.9634333333333333e-10,1.7214625564714827e-05
a,random_multi,instance_0003.txt,30,30,0,0,3.311177571766366,3.3125,3.0285714285714285,2.5238095238095237,4.24,0.16549352166691686,0.40680894983630445,105.9,106.0,106,105,106,0.09000000000000001,0.30000000000000004,32.46666666666667,32.0,30,25,42,15.915555555555553,3.989430480100581,0.005453566666666667,0.00532,0.004394,0.003572,0.007421,9.951779788888888e-07,0.000997586075929736
a,random_multi,instance_0004.txt,30,30,0,0,1.8397774272934455,1.8181818181818181,2.0526315789473686,1.52,2.2222222222222223,0.030871331666752,0.17570239516509728,39.5,40.0,40,38,40,0.31666666666666665,0.5627314338711378,21.666666666666668,22.0,21,18,26,4.355555555555556,2.086996778999804,0.0012039333333333333,0.001155,0.001113,0.000837,0.001885,4.958646222222221e-08,0.00022268017923071244
a,random_multi,instance_0005.txt,30,30,0,0,32.25415704995196,32.30882352941177,31.847826086956523,31.611510791366907,33.045112781954884,0.14229290449769824,0.37721731733537667,4394.566666666667,4395.0,4395,4394,4395,0.24555555555555555,0.49553562491061687,136.26666666666668,136.0,137,133,139,2.5288888888888894,1.5902480589168753,0.20301166666666667,0.19427699999999998,0.1203,0.1203,0.272687,0.0016473220078222221,0.04058721483204067
a,random_multi,instance_0006.txt,30,30,0,0,27.380598904378463,27.312616960504286,27.216783216783217,26.2972972972973,28.61764705882353,0.2933131995606978,0.5415839727694107,3892.0,3892.0,3892,3892,3892,0.0,0.0,142.2,142.5,143,136,148,7.893333333333332,2.809507667427397,0.3114264666666667,0.3182515,0.340434,0.22234,0.389806,0.0014070667694488887,0.03751088867847426
a,random_multi,instance_0007.txt,30,30,0,0,26.72476999239423,26.71527777777778,26.71527777777778,26.170068027210885,27.28368794326241,0.0883515077922264,0.2972398152876334,3847.0,3847.0,3847,3847,3847,0.0,0.0,143.96666666666667,144.0,144,141,147,2.5655555555555556,1.601735170231195,0.2990066333333334,0.309623,0.284603,0.228948,0.33848,0.000967004056632222,0.031096688837112897
a,random_multi,instance_0008.txt,30,30,0,0,21.689294658877824,21.6793893129771,21.515151515151516,20.431654676258994,22.53968253968254,0.25896238374376784,0.5088834677445985,2839.7,2840.0,2840,2839,2840,0.21000000000000002,0.45825756949558405,131.0,131.0,129,126,139,9.866666666666667,3.141125063837266,0.21198923333333336,0.22133350000000002,0.252045,0.123046,0.265236,0.0018444461089122226,0.04294701513390916
a,random_multi,instance_0009.txt,30,30,0,0,2.3187153937015386,2.283582089552239,2.217391304347826,2.0675675675675675,2.6379310344827585,0.016056048908158673,0.12671246548054643,152.66666666666666,153.0,153,152,153,0.22222222222222232,0.4714045207910318,66.03333333333333,67.0,69,58,74,12.498888888888894,3.535376767600434,0.018610799999999993,0.018746,0.029811,0.011886,0.029811,1.5046298693333335e-05,0.0038789558766932804
a,random_multi,instance_0010.txt,30,30,0,0,5.9032671099663805,5.898648648648648,5.898648648648648,5.743421052631579,6.213523131672598,0.009813826081322615,0.09906475700935533,1745.9,1746.0,1746,1745,1746,0.09000000000000001,0.30000000000000004,295.8333333333333,296.0,302,281,304,23.805555555555564,4.87909372276815,0.43497356666666664,0.41928750000000004,0.360108,0.320296,0.552673,0.005248340810778889,0.07244543333281186
a,random_multi,instance_0011.txt,30,30,0,0,6.906878432263733,6.885521885521886,6.885521885521886,6.6612377850162865,7.125435540069686,0.012343608256533307,0.11110179231917597,2044.6,2045.0,2045,2044,2045,0.24000000000000005,0.48989794855663565,296.1,297.0,297,287,307,22.49,4.742362280551751,0.37243103333333333,0.3729935,0.282387,0.282387,0.459157,0.0025256392824322214,0.05025573880097895
a,random_multi,instance_0012.txt,30,30,0,0,2.4814291238492254,2.475645539906103,2.5285714285714285,2.0823529411764707,3.0,0.04475412353358274,0.21155170416137692,176.73333333333332,177.0,177,176,177,0.19555555555555554,0.4422166387140533,71.73333333333333,71.5,70,59,85,36.39555555555555,6.032872910608639,0.031116433333333336,0.031370999999999996,0.037293,0.018944,0.0405,2.9293076245555553e-05,0.005412307848372592
a,random_multi,instance_0013.txt,30,30,0,0,12.63332963275219,12.62534435261708,12.590659340659341,12.28686327077748,12.80167597765363,0.012863008293187506,0.11341520309547352,4583.0,4583.0,4583,4583,4583,0.0,0.0,362.8,363.0,364,358,373,10.760000000000007,3.2802438933713463,0.9391354666666667,0.941809,0.573667,0.573667,1.306841,0.03333859907471555,0.1825886060922629
a,random_multi,instance_0014.txt,30,30,0,0,20.443704912890144,20.473544973544975,20.473544973544975,20.153645833333332,20.74798927613941,0.016503350509774452,0.12846536696625457,7739.0,7739.0,7739,7739,7739,0.0,0.0,378.56666666666666,378.0,378,373,384,5.645555555555554,2.3760377849595646,1.3797914999999998,1.293878,1.628022,0.995336,2.048378,0.08292341905318333,0.28796426697280225
a,random_multi,instance_0015.txt,30,30,0,0,10.723166348176642,10.710357481863177,10.632947976878613,10.481481481481481,10.982089552238806,0.014914675254379114,0.12212565354739811,3679.0,3679.0,3679,3679,3679,0.0,0.0,343.1333333333333,343.5,346,335,351,15.182222222222224,3.8964371189873224,0.8552246333333333,0.8785075,0.908681,0.484515,1.03321,0.016155132997098885,0.12710284417391646
a,random_multi,instance_0016.txt,30,30,0,0,9.658632083525928,9.661971830985916,9.661971830985916,9.146666666666667,10.238805970149254,0.05531615639158747,0.23519386980018733,686.0,686.0,686,686,686,0.0,0.0,71.06666666666666,71.0,71,67,75,2.9955555555555557,1.730767331432956,0.0304571,0.028762,0.024837,0.023951,0.043297,3.099708235666667e-05,0.005567502344558704
a,random_multi,instance_0017.txt,30,30,0,0,3.741953441479003,3.8043478260869565,3.8043478260869565,3.4313725490196076,3.977272727272727,0.019238584960155323,0.13870322620673003,175.0,175.0,175,175,175,0.0,0.0,46.833333333333336,46.0,46,44,51,3.205555555555554,1.7904065335994375,0.010159900000000001,0.010402000000000002,0.008882,0.006267,0.01325,2.4480867566666667e-06,0.001564636301722118
a,random_multi,instance_0018.txt,30,30,0,0,15.046278869660098,15.0625,15.253164556962025,14.345238095238095,15.855263157894736,0.13284133270061116,0.364474049419998,1205.0,1205.0,1205,1205,1205,0.0,0.0,80.13333333333334,80.0,79,76,84,3.7822222222222224,1.9447936194419762,0.04372536666666666,0.0454465,0.024222,0.024222,0.065226,8.755547683222222e-05,0.009357108358473906
a,random_multi,instance_0019.txt,30,30,0,0,9.665160354950908,9.699029126213592,9.699029126213592,9.081818181818182,10.40625,0.09582738023737618,0.3095599784167459,999.0,999.0,999,999,999,0.0,0.0,103.46666666666667,103.0,103,96,110,10.915555555555553,3.3038697848970306,0.09392283333333333,0.09371299999999999,0.081307,0.057219,0.124661,0.00028280017367222215,0.01681666357135749
a,random_multi,instance_0020.txt,30,30,0,0,3.888888888888889,3.6666666666666665,3.6666666666666665,3.0,5.0,0.6246913580246914,0.7903741886123885,11.066666666666666,11.0,12,10,12,0.6622222222222225,0.813770374382247,3.0,3.0,3,2,4,0.6,0.7745966692414834,9.426666666666668e-05,9.2e-05,8.9e-05,7.3e-05,0.000154,2.0879555555555564e-10,1.4449759705806725e-05
a,similar,instance_0001.txt,30,30,0,0,2.6727005243816837,2.6153846153846154,2.6153846153846154,2.5185185185185186,2.9565217391304346,0.015159915926010485,0.1231256103579206,67.66666666666667,68.0,68,67,68,0.22222222222222224,0.4714045207910317,25.366666666666667,26.0,26,23,27,1.165555555555556,1.0796089827134432,0.0037485000000000005,0.0037505,0.003829,0.002363,0.00676,9.476500499999999e-07,0.0009734731891531477
a,similar,instance_0002.txt,30,30,0,0,1.3,1.0,1.0,1.0,2.0,0.20999999999999996,0.45825756949558394,2.0,2.0,2,2,2,0.0,0.0,1.7,2.0,2,1,2,0.20999999999999996,0.45825756949558394,0.00015846666666666665,0.000158,0.000157,0.000132,0.000197,2.271822222222221e-10,1.5072565217049887e-05
a,similar,instance_0003.txt,30,30,0,0,2.808322985042692,2.864864864864865,2.864864864864865,2.4651162790697674,2.9444444444444446,0.017133631890068387,0.13089549988471103,106.0,106.0,106,106,106,0.0,0.0,37.833333333333336,37.0,37,36,43,3.6055555555555547,1.8988300491501484,0.005979299999999999,0.00581,0.004692,0.00374,0.009679,1.5655996100000004e-06,0.0012512392297238768
a,similar,instance_0004.txt,30,30,0,0,1.7873706004140788,1.7727272727272727,1.7727272727272727,1.7391304347826086,2.0,0.0034024230837625385,0.05833029301968694,38.93333333333333,39.0,39,37,40,0.46222222222222226,0.6798692684790381,21.8,22.0,22,20,23,0.4266666666666665,0.6531972647421808,0.0018314666666666667,0.0018815,0.001916,0.000967,0.003043,1.8357311555555556e-07,0.00042845433310395586
a,similar,instance_0005.txt,30,30,0,0,31.85254632219327,31.847826086956523,31.847826086956523,31.611510791366907,32.08029197080292,0.005349816705513921,0.073142441205595,4394.566666666667,4395.0,4395,4394,4395,0.24555555555555555,0.49553562491061687,137.96666666666667,138.0,138,137,139,0.09888888888888886,0.3144660377352201,0.2743927666666667,0.28608100000000003,0.135778,0.135778,0.340369,0.003213016221312222,0.05668347397004017
a,similar,instance_0006.txt,30,30,0,0,26.657534246575338,26.65753424657534,26.65753424657534,26.65753424657534,26.65753424657534,1.262177448353619e-29,3.552713678800501e-15,3892.0,3892.0,3892,3892,3892,0.0,0.0,146.0,146.0,146,146,146,0.0,0.0,0.31016033333333326,0.30700700000000003,0.25496,0.185169,0.381914,0.003379017547355555,0.058129317451313285
a,similar,instance_0007.txt,30,30,0,0,25.818791946308718,25.818791946308725,25.818791946308725,25.818791946308725,25.818791946308725,5.048709793414476e-29,7.105427357601002e-15,3847.0,3847.0,3847,3847,3847,0.0,0.0,149.0,149.0,149,149,149,0.0,0.0,0.24850536666666667,0.26861599999999997,0.269161,0.202392,0.284639,0.000873488103632222,0.02955483215368042
a,similar,instance_0008.txt,30,30,0,0,21.794498034462528,21.842307692307692,21.846153846153847,21.515151515151516,22.007751937984494,0.00928217019195608,0.096344020011395,2839.766666666667,2840.0,2840,2839,2840,0.17888888888888888,0.42295258468165065,130.3,130.0,130,129,132,0.3433333333333334,0.5859465277082315,0.12766523333333332,0.13463399999999998,0.070376,0.070376,0.168856,0.000772002723978889,0.027784936997929093
a,similar,instance_0009.txt,30,30,0,0,2.0360369973935994,2.026666666666667,2.026666666666667,1.9367088607594938,2.1714285714285713,0.0026155894183956846,0.05114283349987254,152.13333333333333,152.0,152,152,153,0.11555555555555554,0.339934634239519,74.76666666666667,75.0,75,70,79,3.445555555555555,1.8562207723101136,0.01858826666666667,0.019586,0.022982,0.011056,0.025843,1.6739091195555556e-05,0.004091343446296773
a,similar,instance_0010.txt,30,30,0,0,5.506749978255301,5.507886435331231,5.507886435331231,5.4733542319749215,5.525316455696203,0.00011896447197400513,0.010907083568672477,1746.0,1746.0,1746,1746,1746,0.0,0.0,317.06666666666666,317.0,317,316,319,0.39555555555555544,0.6289320754704402,0.2751231,0.279737,0.162715,0.162715,0.340097,0.00292735690669,0.054105054354376174
a,similar,instance_0011.txt,30,30,0,0,6.358778209915957,6.350931677018633,6.350931677018633,6.350931677018633,6.370716510903427,8.155724302398546e-05,0.009030904884007221,2044.7666666666667,2045.0,2045,2044,2045,0.17888888888888885,0.42295258468165065,321.56666666666666,322.0,322,321,322,0.24555555555555564,0.4955356249106169,0.31017396666666663,0.3144325,0.282198,0.190772,0.389297,0.0028836768847655555,0.0536998778840842
a,similar,instance_0012.txt,30,30,0,0,1.9039276831488174,1.8829787234042554,1.8829787234042554,1.824742268041237,2.158536585365854,0.004346080174230947,0.06592480697151071,176.93333333333334,177.0,177,176,177,0.06222222222222223,0.24944382578492943,93.03333333333333,94.0,94,82,97,8.83222222222222,2.971905486757986,0.020839633333333333,0.0207345,0.025484,0.012411,0.027599,1.5529129098888887e-05,0.003940701599828245
a,similar,instance_0013.txt,30,30,0,0,12.487738419618532,12.487738419618529,12.487738419618529,12.487738419618529,12.487738419618529,1.262177448353619e-29,3.552713678800501e-15,4583.0,4583.0,4583,4583,4583,0.0,0.0,367.0,367.0,367,367,367,0.0,0.0,0.8048802333333334,0.8001725,0.541561,0.488671,1.010528,0.021028585858578894,0.14501236450240682
a,similar,instance_0014.txt,30,30,0,0,20.47354497354498,20.473544973544975,20.473544973544975,20.473544973544975,20.473544973544975,1.262177448353619e-29,3.552713678800501e-15,7739.0,7739.0,7739,7739,7739,0.0,0.0,378.0,378.0,378,378,378,0.0,0.0,1.398506,1.4213494999999998,1.418812,0.819068,1.753794,0.057277596195333326,0.23932738287821
a,similar,instance_0015.txt,30,30,0,0,10.306287046653862,10.305322128851541,10.305322128851541,10.305322128851541,10.334269662921349,2.700092459217489e-05,0.005196241390868489,3679.0,3679.0,3679,3679,3679,0.0,0.0,356.96666666666664,357.0,357,356,357,0.03222222222222221,0.1795054935711501,0.7049930666666666,0.7079475,0.739761,0.444611,0.997987,0.020280158301262226,0.14240842075264448
a,similar,instance_0016.txt,30,30,0,0,9.527777777777777,9.527777777777779,9.527777777777779,9.527777777777779,9.527777777777779,3.1554436208840472e-30,1.7763568394002505e-15,686.0,686.0,686,686,686,0.0,0.0,72.0,72.0,72,72,72,0.0,0.0,0.03761886666666667,0.037891999999999995,0.036775,0.022153,0.049288,3.7464977248888887e-05,0.006120864093319577
a,similar,instance_0017.txt,30,30,0,0,3.801649707061362,3.8043478260869565,3.8043478260869565,3.723404255319149,3.8043478260869565,0.00021111554201183293,0.014529815622086639,175.0,175.0,175,175,175,0.0,0.0,46.03333333333333,46.0,46,46,47,0.032222222222222215,0.17950549357115012,0.0093896,0.009684,0.006694,0.005307,0.014702,4.6729998399999986e-06,0.002161712247270667
a,similar,instance_0018.txt,30,30,0,0,15.855263157894736,15.855263157894736,15.855263157894736,15.855263157894736,15.855263157894736,0.0,0.0,1205.0,1205.0,1205,1205,1205,0.0,0.0,76.0,76.0,76,76,76,0.0,0.0,0.05130043333333334,0.0549085,0.034526,0.032321,0.062011,6.74033241788889e-05,0.008209952751318908
a,similar,instance_0019.txt,30,30,0,0,9.608937106582736,9.60576923076923,9.60576923076923,9.514285714285714,9.699029126213592,0.0008487662289894093,0.029133592792331832,999.0,999.0,999,999,999,0.0,0.0,103.96666666666667,104.0,104,103,105,0.09888888888888887,0.3144660377352201,0.05928643333333334,0.0571505,0.038205,0.033083,0.078596,0.00011636699451222224,0.010787353452641766
a,similar,instance_0020.txt,30,30,0,0,3.7444444444444445,4.0,4.0,3.0,4.0,0.1606172839506172,0.4007708621526984,11.733333333333333,12.0,12,10,12,0.46222222222222226,0.6798692684790381,3.1666666666666665,3.0,3,3,4,0.13888888888888887,0.3726779962499649,9.486666666666666e-05,9.3e-05,9.2e-05,8.2e-05,0.000118,7.17822222222222e-11,8.472438977190818e-06
a,similar_bigger,instance_0001.txt,1,1,0,0,2.9565217391304346,2.9565217391304346,2.9565217391304346,2.9565217391304346,2.9565217391304346,0.0,0.0,68.0,68.0,68,68,68,0.0,0.0,23.0,23.0,23,23,23,0.0,0.0,0.003158,0.003158,0.003158,0.003158,0.003158,0.0,0.0
a,similar_bigger,instance_0002.txt,1,1,0,0,2.0,2.0,2.0,2.0,2.0,0.0,0.0,2.0,2.0,2,2,2,0.0,0.0,1.0,1.0,1,1,1,0.0,0.0,0.000119,0.000119,0.000119,0.000119,0.000119,0.0,0.0
a,similar_bigger,instance_0003.txt,1,1,0,0,2.864864864864865,2.864864864864865,2.864864864864865,2.864864864864865,2.864864864864865,0.0,0.0,106.0,106.0,106,106,106,0.0,0.0,37.0,37.0,37,37,37,0.0,0.0,0.005992,0.005992,0.005992,0.005992,0.005992,0.0,0.0
a,similar_bigger,instance_0004.txt,1,1,0,0,1.7727272727272727,1.7727272727272727,1.7727272727272727,1.7727272727272727,1.7727272727272727,0.0,0.0,39.0,39.0,39,39,39,0.0,0.0,22.0,22.0,22,22,22,0.0,0.0,0.001904,0.001904,0.001904,0.001904,0.001904,0.0,0.0
a,similar_bigger,instance_0005.txt,1,1,0,0,31.840579710144926,31.840579710144926,31.840579710144926,31.840579710144926,31.840579710144926,0.0,0.0,4394.0,4394.0,4394,4394,4394,0.0,0.0,138.0,138.0,138,138,138,0.0,0.0,0.243427,0.243427,0.243427,0.243427,0.243427,0.0,0.0
a,similar_bigger,instance_0006.txt,1,1,0,0,26.65753424657534,26.65753424657534,26.65753424657534,26.65753424657534,26.65753424657534,0.0,0.0,3892.0,3892.0,3892,3892,3892,0.0,0.0,146.0,146.0,146,146,146,0.0,0.0,0.201494,0.201494,0.201494,0.201494,0.201494,0.0,0.0
a,similar_bigger,instance_0007.txt,1,1,0,0,25.818791946308725,25.818791946308725,25.818791946308725,25.818791946308725,25.818791946308725,0.0,0.0,3847.0,3847.0,3847,3847,3847,0.0,0.0,149.0,149.0,149,149,149,0.0,0.0,0.333869,0.333869,0.333869,0.333869,0.333869,0.0,0.0
a,similar_bigger,instance_0008.txt,1,1,0,0,21.846153846153847,21.846153846153847,21.846153846153847,21.846153846153847,21.846153846153847,0.0,0.0,2840.0,2840.0,2840,2840,2840,0.0,0.0,130.0,130.0,130,130,130,0.0,0.0,0.183629,0.183629,0.183629,0.183629,0.183629,0.0,0.0
a,similar_bigger,instance_0009.txt,1,1,0,0,2.095890410958904,2.095890410958904,2.095890410958904,2.095890410958904,2.095890410958904,0.0,0.0,153.0,153.0,153,153,153,0.0,0.0,73.0,73.0,73,73,73,0.0,0.0,0.018873,0.018873,0.018873,0.018873,0.018873,0.0,0.0
a,similar_bigger,instance_0010.txt,1,1,0,0,5.507886435331231,5.507886435331231,5.507886435331231,5.507886435331231,5.507886435331231,0.0,0.0,1746.0,1746.0,1746,1746,1746,0.0,0.0,317.0,317.0,317,317,317,0.0,0.0,0.338949,0.338949,0.338949,0.338949,0.338949,0.0,0.0
a,similar_bigger,instance_0011.txt,1,1,0,0,6.370716510903427,6.370716510903427,6.370716510903427,6.370716510903427,6.370716510903427,0.0,0.0,2045.0,2045.0,2045,2045,2045,0.0,0.0,321.0,321.0,321,321,321,0.0,0.0,0.347766,0.347766,0.347766,0.347766,0.347766,0.0,0.0
a,similar_bigger,instance_0012.txt,1,1,0,0,2.107142857142857,2.107142857142857,2.107142857142857,2.107142857142857,2.107142857142857,0.0,0.0,177.0,177.0,177,177,177,0.0,0.0,84.0,84.0,84,84,84,0.0,0.0,0.021978,0.021978,0.021978,0.021978,0.021978,0.0,0.0
a,similar_bigger,instance_0013.txt,1,1,0,0,12.521857923497267,12.521857923497267,12.521857923497267,12.521857923497267,12.521857923497267,0.0,0.0,4583.0,4583.0,4583,4583,4583,0.0,0.0,366.0,366.0,366,366,366,0.0,0.0,0.920731,0.920731,0.920731,0.920731,0.920731,0.0,0.0
a,similar_bigger,instance_0014.txt,1,1,0,0,20.473544973544975,20.473544973544975,20.473544973544975,20.473544973544975,20.473544973544975,0.0,0.0,7739.0,7739.0,7739,7739,7739,0.0,0.0,378.0,378.0,378,378,378,0.0,0.0,0.957182,0.957182,0.957182,0.957182,0.957182,0.0,0.0
a,similar_bigger,instance_0015.txt,1,1,0,0,10.305322128851541,10.305322128851541,10.305322128851541,10.305322128851541,10.305322128851541,0.0,0.0,3679.0,3679.0,3679,3679,3679,0.0,0.0,357.0,357.0,357,357,357,0.0,0.0,0.743464,0.743464,0.743464,0.743464,0.743464,0.0,0.0
a,similar_bigger,instance_0016.txt,1,1,0,0,9.527777777777779,9.527777777777779,9.527777777777779,9.527777777777779,9.527777777777779,0.0,0.0,686.0,686.0,686,686,686,0.0,0.0,72.0,72.0,72,72,72,0.0,0.0,0.038249,0.038249,0.038249,0.038249,0.038249,0.0,0.0
a,similar_bigger,instance_0017.txt,1,1,0,0,3.8043478260869565,3.8043478260869565,3.8043478260869565,3.8043478260869565,3.8043478260869565,0.0,0.0,175.0,175.0,175,175,175,0.0,0.0,46.0,46.0,46,46,46,0.0,0.0,0.009568,0.009568,0.009568,0.009568,0.009568,0.0,0.0
a,similar_bigger,instance_0018.txt,1,1,0,0,15.855263157894736,15.855263157894736,15.855263157894736,15.855263157894736,15.855263157894736,0.0,0.0,1205.0,1205.0,1205,1205,1205,0.0,0.0,76.0,76.0,76,76,76,0.0,0.0,0.042566,0.042566,0.042566,0.042566,0.042566,0.0,0.0
a,similar_bigger,instance_0019.txt,1,1,0,0,9.699029126213592,9.699029126213592,9.699029126213592,9.699029126213592,9.699029126213592,0.0,0.0,999.0,999.0,999,999,999,0.0,0.0,103.0,103.0,103,103,103,0.0,0.0,0.064175,0.064175,0.064175,0.064175,0.064175,0.0,0.0
a,similar_bigger,instance_0020.txt,1,1,0,0,4.0,4.0,4.0,4.0,4.0,0.0,0.0,12.0,12.0,12,12,12,0.0,0.0,3.0,3.0,3,3,3,0.0,0.0,0.000117,0.000117,0.000117,0.000117,0.000117,0.0,0.0
a,similar_bigger_exact,instance_0001.txt,1,1,0,0,3.4,3.4,3.4,3.4,3.4,0.0,0.0,68.0,68.0,68,68,68,0.0,0.0,20.0,20.0,20,20,20,0.0,0.0,0.015393,0.015393,0.015393,0.015393,0.015393,0.0,0.0
a,similar_bigger_exact,instance_0002.txt,1,1,0,0,2.0,2.0,2.0,2.0,2.0,0.0,0.0,2.0,2.0,2,2,2,0.0,0.0,1.0,1.0,1,1,1,0.0,0.0,0.004155,0.004155,0.004155,0.004155,0.004155,0.0,0.0
a,similar_bigger_exact,instance_0003.txt,1,1,0,0,3.0285714285714285,3.0285714285714285,3.0285714285714285,3.0285714285714285,3.0285714285714285,0.0,0.0,106.0,106.0,106,106,106,0.0,0.0,35.0,35.0,35,35,35,0.0,0.0,0.013459,0.013459,0.013459,0.013459,0.013459,0.0,0.0
a,similar_bigger_exact,instance_0004.txt,1,1,0,0,1.8571428571428572,1.8571428571428572,1.8571428571428572,1.8571428571428572,1.8571428571428572,0.0,0.0,39.0,39.0,39,39,39,0.0,0.0,21.0,21.0,21,21,21,0.0,0.0,0.01059,0.01059,0.01059,0.01059,0.01059,0.0,0.0
a,similar_bigger_exact,instance_0005.txt,1,1,0,0,32.54814814814815,32.54814814814815,32.54814814814815,32.54814814814815,32.54814814814815,0.0,0.0,4394.0,4394.0,4394,4394,4394,0.0,0.0,135.0,135.0,135,135,135,0.0,0.0,0.548676,0.548676,0.548676,0.548676,0.548676,0.0,0.0
a,similar_bigger_exact,instance_0006.txt,1,1,0,0,27.602836879432623,27.602836879432623,27.602836879432623,27.602836879432623,27.602836879432623,0.0,0.0,3892.0,3892.0,3892,3892,3892,0.0,0.0,141.0,141.0,141,141,141,0.0,0.0,0.33465,0.33465,0.33465,0.33465,0.33465,0.0,0.0
a,similar_bigger_exact,instance_0007.txt,1,1,0,0,26.53103448275862,26.53103448275862,26.53103448275862,26.53103448275862,26.53103448275862,0.0,0.0,3847.0,3847.0,3847,3847,3847,0.0,0.0,145.0,145.0,145,145,145,0.0,0.0,0.39432,0.39432,0.39432,0.39432,0.39432,0.0,0.0
a,similar_bigger_exact,instance_0008.txt,1,1,0,0,22.1875,22.1875,22.1875,22.1875,22.1875,0.0,0.0,2840.0,2840.0,2840,2840,2840,0.0,0.0,128.0,128.0,128,128,128,0.0,0.0,0.324554,0.324554,0.324554,0.324554,0.324554,0.0,0.0
a,similar_bigger_exact,instance_0009.txt,1,1,0,0,2.3181818181818183,2.3181818181818183,2.3181818181818183,2.3181818181818183,2.3181818181818183,0.0,0.0,153.0,153.0,153,153,153,0.0,0.0,66.0,66.0,66,66,66,0.0,0.0,0.060229,0.060229,0.060229,0.060229,0.060229,0.0,0.0
a,similar_bigger_exact,instance_0010.txt,1,1,0,0,5.938775510204081,5.938775510204081,5.938775510204081,5.938775510204081,5.938775510204081,0.0,0.0,1746.0,1746.0,1746,1746,1746,0.0,0.0,294.0,294.0,294,294,294,0.0,0.0,0.587002,0.587002,0.587002,0.587002,0.587002,0.0,0.0
a,similar_bigger_exact,instance_0011.txt,1,1,0,0,6.816666666666666,6.816666666666666,6.816666666666666,6.816666666666666,6.816666666666666,0.0,0.0,2045.0,2045.0,2045,2045,2045,0.0,0.0,300.0,300.0,300,300,300,0.0,0.0,0.859426,0.859426,0.859426,0.859426,0.859426,0.0,0.0
a,similar_bigger_exact,instance_0012.txt,1,1,0,0,2.4246575342465753,2.4246575342465753,2.4246575342465753,2.4246575342465753,2.4246575342465753,0.0,0.0,177.0,177.0,177,177,177,0.0,0.0,73.0,73.0,73,73,73,0.0,0.0,0.082532,0.082532,0.082532,0.082532,0.082532,0.0,0.0
a,similar_bigger_exact,instance_0013.txt,1,1,0,0,12.660220994475138,12.660220994475138,12.660220994475138,12.660220994475138,12.660220994475138,0.0,0.0,4583.0,4583.0,4583,4583,4583,0.0,0.0,362.0,362.0,362,362,362,0.0,0.0,2.350918,2.350918,2.350918,2.350918,2.350918,0.0,0.0
a,similar_bigger_exact,instance_0014.txt,1,1,0,0,20.58244680851064,20.58244680851064,20.58244680851064,20.58244680851064,20.58244680851064,0.0,0.0,7739.0,7739.0,7739,7739,7739,0.0,0.0,376.0,376.0,376,376,376,0.0,0.0,5.08757,5.08757,5.08757,5.08757,5.08757,0.0,0.0
a,similar_bigger_exact,instance_0015.txt,1,1,0,0,10.725947521865889,10.725947521865889,10.725947521865889,10.725947521865889,10.725947521865889,0.0,0.0,3679.0,3679.0,3679,3679,3679,0.0,0.0,343.0,343.0,343,343,343,0.0,0.0,2.405596,2.405596,2.405596,2.405596,2.405596,0.0,0.0
a,similar_bigger_exact,instance_0016.txt,1,1,0,0,9.661971830985916,9.661971830985916,9.661971830985916,9.661971830985916,9.661971830985916,0.0,0.0,686.0,686.0,686,686,686,0.0,0.0,71.0,71.0,71,71,71,0.0,0.0,0.0963,0.0963,0.0963,0.0963,0.0963,0.0,0.0
a,similar_bigger_exact,instance_0017.txt,1,1,0,0,3.8043478260869565,3.8043478260869565,3.8043478260869565,3.8043478260869565,3.8043478260869565,0.0,0.0,175.0,175.0,175,175,175,0.0,0.0,46.0,46.0,46,46,46,0.0,0.0,0.02783,0.02783,0.02783,0.02783,0.02783,0.0,0.0
a,similar_bigger_exact,instance_0018.txt,1,1,0,0,15.855263157894736,15.855263157894736,15.855263157894736,15.855263157894736,15.855263157894736,0.0,0.0,1205.0,1205.0,1205,1205,1205,0.0,0.0,76.0,76.0,76,76,76,0.0,0.0,0.102666,0.102666,0.102666,0.102666,0.102666,0.0,0.0
a,similar_bigger_exact,instance_0019.txt,1,1,0,0,10.193877551020408,10.193877551020408,10.193877551020408,10.193877551020408,10.193877551020408,0.0,0.0,999.0,999.0,999,999,999,0.0,0.0,98.0,98.0,98,98,98,0.0,0.0,0.166894,0.166894,0.166894,0.166894,0.166894,0.0,0.0
a,similar_bigger_exact,instance_0020.txt,1,1,0,0,4.0,4.0,4.0,4.0,4.0,0.0,0.0,12.0,12.0,12,12,12,0.0,0.0,3.0,3.0,3,3,3,0.0,0.0,0.003437,0.003437,0.003437,0.003437,0.003437,0.0,0.0
a,similar_bigger_exact_weighted,instance_0001.txt,1,1,0,0,3.4,3.4,3.4,3.4,3.4,0.0,0.0,68.0,68.0,68,68,68,0.0,0.0,20.0,20.0,20,20,20,0.0,0.0,0.016834,0.016834,0.016834,0.016834,0.016834,0.0,0.0
a,similar_bigger_exact_weighted,instance_0002.txt,1,1,0,0,2.0,2.0,2.0,2.0,2.0,0.0,0.0,2.0,2.0,2,2,2,0.0,0.0,1.0,1.0,1,1,1,0.0,0.0,0.003741,0.003741,0.003741,0.003741,0.003741,0.0,0.0
a,similar_bigger_exact_weighted,instance_0003.txt,1,1,0,0,3.0285714285714285,3.0285714285714285,3.0285714285714285,3.0285714285714285,3.0285714285714285,0.0,0.0,106.0,106.0,106,106,106,0.0,0.0,35.0,35.0,35,35,35,0.0,0.0,0.022707,0.022707,0.022707,0.022707,0.022707,0.0,0.0
a,similar_bigger_exact_weighted,instance_0004.txt,1,1,0,0,1.8571428571428572,1.8571428571428572,1.8571428571428572,1.8571428571428572,1.8571428571428572,0.0,0.0,39.0,39.0,39,39,39,0.0,0.0,21.0,21.0,21,21,21,0.0,0.0,0.020559,0.020559,0.020559,0.020559,0.020559,0.0,0.0
a,similar_bigger_exact_weighted,instance_0005.txt,1,1,0,0,32.54814814814815,32.54814814814815,32.54814814814815,32.54814814814815,32.54814814814815,0.0,0.0,4394.0,4394.0,4394,4394,4394,0.0,0.0,135.0,135.0,135,135,135,0.0,0.0,0.722629,0.722629,0.722629,0.722629,0.722629,0.0,0.0
a,similar_bigger_exact_weighted,instance_0006.txt,1,1,0,0,27.602836879432623,27.602836879432623,27.602836879432623,27.602836879432623,27.602836879432623,0.0,0.0,3892.0,3892.0,3892,3892,3892,0.0,0.0,141.0,141.0,141,141,141,0.0,0.0,0.604362,0.604362,0.604362,0.604362,0.604362,0.0,0.0
a,similar_bigger_exact_weighted,instance_0007.txt,1,1,0,0,26.53103448275862,26.53103448275862,26.53103448275862,26.53103448275862,26.53103448275862,0.0,0.0,3847.0,3847.0,3847,3847,3847,0.0,0.0,145.0,145.0,145,145,145,0.0,0.0,0.840175,0.840175,0.840175,0.840175,0.840175,0.0,0.0
a,similar_bigger_exact_weighted,instance_0008.txt,1,1,0,0,22.015503875968992,22.015503875968992,22.015503875968992,22.015503875968992,22.015503875968992,0.0,0.0,2840.0,2840.0,2840,2840,2840,0.0,0.0,129.0,129.0,129,129,129,0.0,0.0,0.52544,0.52544,0.52544,0.52544,0.52544,0.0,0.0
a,similar_bigger_exact_weighted,instance_0009.txt,1,1,0,0,2.3181818181818183,2.3181818181818183,2.3181818181818183,2.3181818181818183,2.3181818181818183,0.0,0.0,153.0,153.0,153,153,153,0.0,0.0,66.0,66.0,66,66,66,0.0,0.0,0.061843,0.061843,0.061843,0.061843,0.061843,0.0,0.0
a,similar_bigger_exact_weighted,instance_0010.txt,1,1,0,0,5.938775510204081,5.938775510204081,5.938775510204081,5.938775510204081,5.938775510204081,0.0,0.0,1746.0,1746.0,1746,1746,1746,0.0,0.0,294.0,294.0,294,294,294,0.0,0.0,0.732097,0.732097,0.732097,0.732097,0.732097,0.0,0.0
a,similar_bigger_exact_weighted,instance_0011.txt,1,1,0,0,6.816666666666666,6.816666666666666,6.816666666666666,6.816666666666666,6.816666666666666,0.0,0.0,2045.0,2045.0,2045,2045,2045,0.0,0.0,300.0,300.0,300,300,300,0.0,0.0,0.80099,0.80099,0.80099,0.80099,0.80099,0.0,0.0
a,similar_bigger_exact_weighted,instance_0012.txt,1,1,0,0,2.4246575342465753,2.4246575342465753,2.4246575342465753,2.4246575342465753,2.4246575342465753,0.0,0.0,177.0,177.0,177,177,177,0.0,0.0,73.0,73.0,73,73,73,0.0,0.0,0.112414,0.112414,0.112414,0.112414,0.112414,0.0,0.0
a,similar_bigger_exact_weighted,instance_0013.txt,1,1,0,0,12.660220994475138,12.660220994475138,12.660220994475138,12.660220994475138,12.660220994475138,0.0,0.0,4583.0,4583.0,4583,4583,4583,0.0,0.0,362.0,362.0,362,362,362,0.0,0.0,3.204513,3.204513,3.204513,3.204513,3.204513,0.0,0.0
a,similar_bigger_exact_weighted,instance_0014.txt,1,1,0,0,20.58244680851064,20.58244680851064,20.58244680851064,20.58244680851064,20.58244680851064,0.0,0.0,7739.0,7739.0,7739,7739,7739,0.0,0.0,376.0,376.0,376,376,376,0.0,0.0,3.263321,3.263321,3.263321,3.263321,3.263321,0.0,0.0
a,similar_bigger_exact_weighted,instance_0015.txt,1,1,0,0,10.725947521865889,10.725947521865889,10.725947521865889,10.725947521865889,10.725947521865889,0.0,0.0,3679.0,3679.0,3679,3679,3679,0.0,0.0,343.0,343.0,343,343,343,0.0,0.0,2.291096,2.291096,2.291096,2.291096,2.291096,0.0,0.0
a,similar_bigger_exact_weighted,instance_0016.txt,1,1,0,0,9.661971830985916,9.661971830985916,9.661971830985916,9.661971830985916,9.661971830985916,0.0,0.0,686.0,686.0,686,686,686,0.0,0.0,71.0,71.0,71,71,71,0.0,0.0,0.083642,0.083642,0.083642,0.083642,0.083642,0.0,0.0
a,similar_bigger_exact_weighted,instance_0017.txt,1,1,0,0,3.8043478260869565,3.8043478260869565,3.8043478260869565,3.8043478260869565,3.8043478260869565,0.0,0.0,175.0,175.0,175,175,175,0.0,0.0,46.0,46.0,46,46,46,0.0,0.0,0.053332,0.053332,0.053332,0.053332,0.053332,0.0,0.0
a,similar_bigger_exact_weighted,instance_0018.txt,1,1,0,0,15.855263157894736,15.855263157894736,15.855263157894736,15.855263157894736,15.855263157894736,0.0,0.0,1205.0,1205.0,1205,1205,1205,0.0,0.0,76.0,76.0,76,76,76,0.0,0.0,0.135331,0.135331,0.135331,0.135331,0.135331,0.0,0.0
a,similar_bigger_exact_weighted,instance_0019.txt,1,1,0,0,10.193877551020408,10.193877551020408,10.193877551020408,10.193877551020408,10.193877551020408,0.0,0.0,999.0,999.0,999,999,999,0.0,0.0,98.0,98.0,98,98,98,0.0,0.0,0.179229,0.179229,0.179229,0.179229,0.179229,0.0,0.0
a,similar_bigger_exact_weighted,instance_0020.txt,1,1,0,0,4.0,4.0,4.0,4.0,4.0,0.0,0.0,12.0,12.0,12,12,12,0.0,0.0,3.0,3.0,3,3,3,0.0,0.0,0.005395,0.005395,0.005395,0.005395,0.005395,0.0,0.0
a,similar_bigger_multi,instance_0001.txt,1,1,0,0,3.4,3.4,3.4,3.4,3.4,0.0,0.0,68.0,68.0,68,68,68,0.0,0.0,20.0,20.0,20,20,20,0.0,0.0,0.003683,0.003683,0.003683,0.003683,0.003683,0.0,0.0
a,similar_bigger_multi,instance_0002.txt,1,1,0,0,2.0,2.0,2.0,2.0,2.0,0.0,0.0,2.0,2.0,2,2,2,0.0,0.0,1.0,1.0,1,1,1,0.0,0.0,0.000144,0.000144,0.000144,0.000144,0.000144,0.0,0.0
a,similar_bigger_multi,instance_0003.txt,1,1,0,0,3.0285714285714285,3.0285714285714285,3.0285714285714285,3.0285714285714285,3.0285714285714285,0.0,0.0,106.0,106.0,106,106,106,0.0,0.0,35.0,35.0,35,35,35,0.0,0.0,0.008932,0.008932,0.008932,0.008932,0.008932,0.0,0.0
a,similar_bigger_multi,instance_0004.txt,1,1,0,0,1.8571428571428572,1.8571428571428572,1.8571428571428572,1.8571428571428572,1.8571428571428572,0.0,0.0,39.0,39.0,39,39,39,0.0,0.0,21.0,21.0,21,21,21,0.0,0.0,0.001983,0.001983,0.001983,0.001983,0.001983,0.0,0.0
a,similar_bigger_multi,instance_0005.txt,1,1,0,0,32.54814814814815,32.54814814814815,32.54814814814815,32.54814814814815,32.54814814814815,0.0,0.0,4394.0,4394.0,4394,4394,4394,0.0,0.0,135.0,135.0,135,135,135,0.0,0.0,0.201339,0.201339,0.201339,0.201339,0.201339,0.0,0.0
a,similar_bigger_multi,instance_0006.txt,1,1,0,0,27.602836879432623,27.602836879432623,27.602836879432623,27.602836879432623,27.602836879432623,0.0,0.0,3892.0,3892.0,3892,3892,3892,0.0,0.0,141.0,141.0,141,141,141,0.0,0.0,0.282022,0.282022,0.282022,0.282022,0.282022,0.0,0.0
a,similar_bigger_multi,instance_0007.txt,1,1,0,0,26.53103448275862,26.53103448275862,26.53103448275862,26.53103448275862,26.53103448275862,0.0,0.0,3847.0,3847.0,3847,3847,3847,0.0,0.0,145.0,145.0,145,145,145,0.0,0.0,0.371988,0.371988,0.371988,0.371988,0.371988,0.0,0.0
a,similar_bigger_multi,instance_0008.txt,1,1,0,0,22.1875,22.1875,22.1875,22.1875,22.1875,0.0,0.0,2840.0,2840.0,2840,2840,2840,0.0,0.0,128.0,128.0,128,128,128,0.0,0.0,0.203582,0.203582,0.203582,0.203582,0.203582,0.0,0.0
a,similar_bigger_multi,instance_0009.txt,1,1,0,0,2.25,2.25,2.25,2.25,2.25,0.0,0.0,153.0,153.0,153,153,153,0.0,0.0,68.0,68.0,68,68,68,0.0,0.0,0.019232,0.019232,0.019232,0.019232,0.019232,0.0,0.0
a,similar_bigger_multi,instance_0010.txt,1,1,0,0,5.918644067796611,5.918644067796611,5.918644067796611,5.918644067796611,5.918644067796611,0.0,0.0,1746.0,1746.0,1746,1746,1746,0.0,0.0,295.0,295.0,295,295,295,0.0,0.0,0.353464,0.353464,0.353464,0.353464,0.353464,0.0,0.0
a,similar_bigger_multi,instance_0011.txt,1,1,0,0,6.771523178807947,6.771523178807947,6.771523178807947,6.771523178807947,6.771523178807947,0.0,0.0,2045.0,2045.0,2045,2045,2045,0.0,0.0,302.0,302.0,302,302,302,0.0,0.0,0.551559,0.551559,0.551559,0.551559,0.551559,0.0,0.0
a,similar_bigger_multi,instance_0012.txt,1,1,0,0,2.36,2.36,2.36,2.36,2.36,0.0,0.0,177.0,177.0,177,177,177,0.0,0.0,75.0,75.0,75,75,75,0.0,0.0,0.037594,0.037594,0.037594,0.037594,0.037594,0.0,0.0
a,similar_bigger_multi,instance_0013.txt,1,1,0,0,12.62534435261708,12.62534435261708,12.62534435261708,12.62534435261708,12.62534435261708,0.0,0.0,4583.0,4583.0,4583,4583,4583,0.0,0.0,363.0,363.0,363,363,363,0.0,0.0,0.597482,0.597482,0.597482,0.597482,0.597482,0.0,0.0
a,similar_bigger_multi,instance_0014.txt,1,1,0,0,20.58244680851064,20.58244680851064,20.58244680851064,20.58244680851064,20.58244680851064,0.0,0.0,7739.0,7739.0,7739,7739,7739,0.0,0.0,376.0,376.0,376,376,376,0.0,0.0,1.455071,1.455071,1.455071,1.455071,1.455071,0.0,0.0
a,similar_bigger_multi,instance_0015.txt,1,1,0,0,10.725947521865889,10.725947521865889,10.725947521865889,10.725947521865889,10.725947521865889,0.0,0.0,3679.0,3679.0,3679,3679,3679,0.0,0.0,343.0,343.0,343,343,343,0.0,0.0,0.910324,0.910324,0.910324,0.910324,0.910324,0.0,0.0
a,similar_bigger_multi,instance_0016.txt,1,1,0,0,9.661971830985916,9.661971830985916,9.661971830985916,9.661971830985916,9.661971830985916,0.0,0.0,686.0,686.0,686,686,686,0.0,0.0,71.0,71.0,71,71,71,0.0,0.0,0.029054,0.029054,0.029054,0.029054,0.029054,0.0,0.0
a,similar_bigger_multi,instance_0017.txt,1,1,0,0,3.8043478260869565,3.8043478260869565,3.8043478260869565,3.8043478260869565,3.8043478260869565,0.0,0.0,175.0,175.0,175,175,175,0.0,0.0,46.0,46.0,46,46,46,0.0,0.0,0.016037,0.016037,0.016037,0.016037,0.016037,0.0,0.0
a,similar_bigger_multi,instance_0018.txt,1,1,0,0,15.855263157894736,15.855263157894736,15.855263157894736,15.855263157894736,15.855263157894736,0.0,0.0,1205.0,1205.0,1205,1205,1205,0.0,0.0,76.0,76.0,76,76,76,0.0,0.0,0.07347,0.07347,0.07347,0.07347,0.07347,0.0,0.0
a,similar_bigger_multi,instance_0019.txt,1,1,0,0,10.090909090909092,10.090909090909092,10.090909090909092,10.090909090909092,10.090909090909092,0.0,0.0,999.0,999.0,999,999,999,0.0,0.0,99.0,99.0,99,99,99,0.0,0.0,0.108712,0.108712,0.108712,0.108712,0.108712,0.0,0.0
a,similar_bigger_multi,instance_0020.txt,1,1,0,0,4.0,4.0,4.0,4.0,4.0,0.0,0.0,12.0,12.0,12,12,12,0.0,0.0,3.0,3.0,3,3,3,0.0,0.0,0.000121,0.000121,0.000121,0.000121,0.000121,0.0,0.0
a,similar_bigger_multi_weighted,instance_0001.txt,1,1,0,0,3.4,3.4,3.4,3.4,3.4,0.0,0.0,68.0,68.0,68,68,68,0.0,0.0,20.0,20.0,20,20,20,0.0,0.0,0.004118,0.004118,0.004118,0.004118,0.004118,0.0,0.0
a,similar_bigger_multi_weighted,instance_0002.txt,1,1,0,0,2.0,2.0,2.0,2.0,2.0,0.0,0.0,2.0,2.0,2,2,2,0.0,0.0,1.0,1.0,1,1,1,0.0,0.0,0.000132,0.000132,0.000132,0.000132,0.000132,0.0,0.0
a,similar_bigger_multi_weighted,instance_0003.txt,1,1,0,0,3.0285714285714285,3.0285714285714285,3.0285714285714285,3.0285714285714285,3.0285714285714285,0.0,0.0,106.0,106.0,106,106,106,0.0,0.0,35.0,35.0,35,35,35,0.0,0.0,0.009123,0.009123,0.009123,0.009123,0.009123,0.0,0.0
a,similar_bigger_multi_weighted,instance_0004.txt,1,1,0,0,1.8571428571428572,1.8571428571428572,1.8571428571428572,1.8571428571428572,1.8571428571428572,0.0,0.0,39.0,39.0,39,39,39,0.0,0.0,21.0,21.0,21,21,21,0.0,0.0,0.00212,0.00212,0.00212,0.00212,0.00212,0.0,0.0
a,similar_bigger_multi_weighted,instance_0005.txt,1,1,0,0,32.54814814814815,32.54814814814815,32.54814814814815,32.54814814814815,32.54814814814815,0.0,0.0,4394.0,4394.0,4394,4394,4394,0.0,0.0,135.0,135.0,135,135,135,0.0,0.0,0.198591,0.198591,0.198591,0.198591,0.198591,0.0,0.0
a,similar_bigger_multi_weighted,instance_0006.txt,1,1,0,0,27.602836879432623,27.602836879432623,27.602836879432623,27.602836879432623,27.602836879432623,0.0,0.0,3892.0,3892.0,3892,3892,3892,0.0,0.0,141.0,141.0,141,141,141,0.0,0.0,0.423191,0.423191,0.423191,0.423191,0.423191,0.0,0.0
a,similar_bigger_multi_weighted,instance_0007.txt,1,1,0,0,26.53103448275862,26.53103448275862,26.53103448275862,26.53103448275862,26.53103448275862,0.0,0.0,3847.0,3847.0,3847,3847,3847,0.0,0.0,145.0,145.0,145,145,145,0.0,0.0,0.291053,0.291053,0.291053,0.291053,0.291053,0.0,0.0
a,similar_bigger_multi_weighted,instance_0008.txt,1,1,0,0,22.015503875968992,22.015503875968992,22.015503875968992,22.015503875968992,22.015503875968992,0.0,0.0,2840.0,2840.0,2840,2840,2840,0.0,0.0,129.0,129.0,129,129,129,0.0,0.0,0.260213,0.260213,0.260213,0.260213,0.260213,0.0,0.0
a,similar_bigger_multi_weighted,instance_0009.txt,1,1,0,0,2.25,2.25,2.25,2.25,2.25,0.0,0.0,153.0,153.0,153,153,153,0.0,0.0,68.0,68.0,68,68,68,0.0,0.0,0.016903,0.016903,0.016903,0.016903,0.016903,0.0,0.0
a,similar_bigger_multi_weighted,instance_0010.txt,1,1,0,0,5.918644067796611,5.918644067796611,5.918644067796611,5.918644067796611,5.918644067796611,0.0,0.0,1746.0,1746.0,1746,1746,1746,0.0,0.0,295.0,295.0,295,295,295,0.0,0.0,0.469655,0.469655,0.469655,0.469655,0.469655,0.0,0.0
a,similar_bigger_multi_weighted,instance_0011.txt,1,1,0,0,6.771523178807947,6.771523178807947,6.771523178807947,6.771523178807947,6.771523178807947,0.0,0.0,2045.0,2045.0,2045,2045,2045,0.0,0.0,302.0,302.0,302,302,302,0.0,0.0,0.363016,0.363016,0.363016,0.363016,0.363016,0.0,0.0
a,similar_bigger_multi_weighted,instance_0012.txt,1,1,0,0,2.36,2.36,2.36,2.36,2.36,0.0,0.0,177.0,177.0,177,177,177,0.0,0.0,75.0,75.0,75,75,75,0.0,0.0,0.059192,0.059192,0.059192,0.059192,0.059192,0.0,0.0
a,similar_bigger_multi_weighted,instance_0013.txt,1,1,0,0,12.62534435261708,12.62534435261708,12.62534435261708,12.62534435261708,12.62534435261708,0.0,0.0,4583.0,4583.0,4583,4583,4583,0.0,0.0,363.0,363.0,363,363,363,0.0,0.0,1.035824,1.035824,1.035824,1.035824,1.035824,0.0,0.0
a,similar_bigger_multi_weighted,instance_0014.txt,1,1,0,0,20.58244680851064,20.58244680851064,20.58244680851064,20.58244680851064,20.58244680851064,0.0,0.0,7739.0,7739.0,7739,7739,7739,0.0,0.0,376.0,376.0,376,376,376,0.0,0.0,1.197428,1.197428,1.197428,1.197428,1.197428,0.0,0.0
a,similar_bigger_multi_weighted,instance_0015.txt,1,1,0,0,10.725947521865889,10.725947521865889,10.725947521865889,10.725947521865889,10.725947521865889,0.0,0.0,3679.0,3679.0,3679,3679,3679,0.0,0.0,343.0,343.0,343,343,343,0.0,0.0,0.80692,0.80692,0.80692,0.80692,0.80692,0.0,0.0
a,similar_bigger_multi_weighted,instance_0016.txt,1,1,0,0,9.661971830985916,9.661971830985916,9.661971830985916,9.661971830985916,9.661971830985916,0.0,0.0,686.0,686.0,686,686,686,0.0,0.0,71.0,71.0,71,71,71,0.0,0.0,0.044593,0.044593,0.044593,0.044593,0.044593,0.0,0.0
a,similar_bigger_multi_weighted,instance_0017.txt,1,1,0,0,3.8043478260869565,3.8043478260869565,3.8043478260869565,3.8043478260869565,3.8043478260869565,0.0,0.0,175.0,175.0,175,175,175,0.0,0.0,46.0,46.0,46,46,46,0.0,0.0,0.017878,0.017878,0.017878,0.017878,0.017878,0.0,0.0
a,similar_bigger_multi_weighted,instance_0018.txt,1,1,0,0,15.855263157894736,15.855263157894736,15.855263157894736,15.855263157894736,15.855263157894736,0.0,0.0,1205.0,1205.0,1205,1205,1205,0.0,0.0,76.0,76.0,76,76,76,0.0,0.0,0.045426,0.045426,0.045426,0.045426,0.045426,0.0,0.0
a,similar_bigger_multi_weighted,instance_0019.txt,1,1,0,0,10.090909090909092,10.090909090909092,10.090909090909092,10.090909090909092,10.090909090909092,0.0,0.0,999.0,999.0,999,999,999,0.0,0.0,99.0,99.0,99,99,99,0.0,0.0,0.113361,0.113361,0.113361,0.113361,0.113361,0.0,0.0
a,similar_bigger_multi_weighted,instance_0020.txt,1,1,0,0,4.0,4.0,4.0,4.0,4.0,0.0,0.0,12.0,12.0,12,12,12,0.0,0.0,3.0,3.0,3,3,3,0.0,0.0,0.000119,0.000119,0.000119,0.000119,0.000119,0.0,0.0
a,similar_bigger_weighted,instance_0001.txt,1,1,0,0,2.9565217391304346,2.9565217391304346,2.9565217391304346,2.9565217391304346,2.9565217391304346,0.0,0.0,68.0,68.0,68,68,68,0.0,0.0,23.0,23.0,23,23,23,0.0,0.0,0.003095,0.003095,0.003095,0.003095,0.003095,0.0,0.0
a,similar_bigger_weighted,instance_0002.txt,1,1,0,0,2.0,2.0,2.0,2.0,2.0,0.0,0.0,2.0,2.0,2,2,2,0.0,0.0,1.0,1.0,1,1,1,0.0,0.0,0.000131,0.000131,0.000131,0.000131,0.000131,0.0,0.0
a,similar_bigger_weighted,instance_0003.txt,1,1,0,0,2.864864864864865,2.864864864864865,2.864864864864865,2.864864864864865,2.864864864864865,0.0,0.0,106.0,106.0,106,106,106,0.0,0.0,37.0,37.0,37,37,37,0.0,0.0,0.006236,0.006236,0.006236,0.006236,0.006236,0.0,0.0
a,similar_bigger_weighted,instance_0004.txt,1,1,0,0,1.7727272727272727,1.7727272727272727,1.7727272727272727,1.7727272727272727,1.7727272727272727,0.0,0.0,39.0,39.0,39,39,39,0.0,0.0,22.0,22.0,22,22,22,0.0,0.0,0.001986,0.001986,0.001986,0.001986,0.001986,0.0,0.0
a,similar_bigger_weighted,instance_0005.txt,1,1,0,0,31.840579710144926,31.840579710144926,31.840579710144926,31.840579710144926,31.840579710144926,0.0,0.0,4394.0,4394.0,4394,4394,4394,0.0,0.0,138.0,138.0,138,138,138,0.0,0.0,0.260897,0.260897,0.260897,0.260897,0.260897,0.0,0.0
a,similar_bigger_weighted,instance_0006.txt,1,1,0,0,26.65753424657534,26.65753424657534,26.65753424657534,26.65753424657534,26.65753424657534,0.0,0.0,3892.0,3892.0,3892,3892,3892,0.0,0.0,146.0,146.0,146,146,146,0.0,0.0,0.282153,0.282153,0.282153,0.282153,0.282153,0.0,0.0
a,similar_bigger_weighted,instance_0007.txt,1,1,0,0,25.818791946308725,25.818791946308725,25.818791946308725,25.818791946308725,25.818791946308725,0.0,0.0,3847.0,3847.0,3847,3847,3847,0.0,0.0,149.0,149.0,149,149,149,0.0,0.0,0.224746,0.224746,0.224746,0.224746,0.224746,0.0,0.0
a,similar_bigger_weighted,instance_0008.txt,1,1,0,0,21.6793893129771,21.6793893129771,21.6793893129771,21.6793893129771,21.6793893129771,0.0,0.0,2840.0,2840.0,2840,2840,2840,0.0,0.0,131.0,131.0,131,131,131,0.0,0.0,0.170596,0.170596,0.170596,0.170596,0.170596,0.0,0.0
a,similar_bigger_weighted,instance_0009.txt,1,1,0,0,2.095890410958904,2.095890410958904,2.095890410958904,2.095890410958904,2.095890410958904,0.0,0.0,153.0,153.0,153,153,153,0.0,0.0,73.0,73.0,73,73,73,0.0,0.0,0.01983,0.01983,0.01983,0.01983,0.01983,0.0,0.0
a,similar_bigger_weighted,instance_0010.txt,1,1,0,0,5.507886435331231,5.507886435331231,5.507886435331231,5.507886435331231,5.507886435331231,0.0,0.0,1746.0,1746.0,1746,1746,1746,0.0,0.0,317.0,317.0,317,317,317,0.0,0.0,0.353366,0.353366,0.353366,0.353366,0.353366,0.0,0.0
a,similar_bigger_weighted,instance_0011.txt,1,1,0,0,6.370716510903427,6.370716510903427,6.370716510903427,6.370716510903427,6.370716510903427,0.0,0.0,2045.0,2045.0,2045,2045,2045,0.0,0.0,321.0,321.0,321,321,321,0.0,0.0,0.390168,0.390168,0.390168,0.390168,0.390168,0.0,0.0
a,similar_bigger_weighted,instance_0012.txt,1,1,0,0,2.107142857142857,2.107142857142857,2.107142857142857,2.107142857142857,2.107142857142857,0.0,0.0,177.0,177.0,177,177,177,0.0,0.0,84.0,84.0,84,84,84,0.0,0.0,0.02491,0.02491,0.02491,0.02491,0.02491,0.0,0.0
a,similar_bigger_weighted,instance_0013.txt,1,1,0,0,12.521857923497267,12.521857923497267,12.521857923497267,12.521857923497267,12.521857923497267,0.0,0.0,4583.0,4583.0,4583,4583,4583,0.0,0.0,366.0,366.0,366,366,366,0.0,0.0,0.700499,0.700499,0.700499,0.700499,0.700499,0.0,0.0
a,similar_bigger_weighted,instance_0014.txt,1,1,0,0,20.473544973544975,20.473544973544975,20.473544973544975,20.473544973544975,20.473544973544975,0.0,0.0,7739.0,7739.0,7739,7739,7739,0.0,0.0,378.0,378.0,378,378,378,0.0,0.0,1.541216,1.541216,1.541216,1.541216,1.541216,0.0,0.0
a,similar_bigger_weighted,instance_0015.txt,1,1,0,0,10.305322128851541,10.305322128851541,10.305322128851541,10.305322128851541,10.305322128851541,0.0,0.0,3679.0,3679.0,3679,3679,3679,0.0,0.0,357.0,357.0,357,357,357,0.0,0.0,0.671998,0.671998,0.671998,0.671998,0.671998,0.0,0.0
a,similar_bigger_weighted,instance_0016.txt,1,1,0,0,9.527777777777779,9.527777777777779,9.527777777777779,9.527777777777779,9.527777777777779,0.0,0.0,686.0,686.0,686,686,686,0.0,0.0,72.0,72.0,72,72,72,0.0,0.0,0.042673,0.042673,0.042673,0.042673,0.042673,0.0,0.0
a,similar_bigger_weighted,instance_0017.txt,1,1,0,0,3.8043478260869565,3.8043478260869565,3.8043478260869565,3.8043478260869565,3.8043478260869565,0.0,0.0,175.0,175.0,175,175,175,0.0,0.0,46.0,46.0,46,46,46,0.0,0.0,0.010191,0.010191,0.010191,0.010191,0.010191,0.0,0.0
a,similar_bigger_weighted,instance_0018.txt,1,1,0,0,15.855263157894736,15.855263157894736,15.855263157894736,15.855263157894736,15.855263157894736,0.0,0.0,1205.0,1205.0,1205,1205,1205,0.0,0.0,76.0,76.0,76,76,76,0.0,0.0,0.080879,0.080879,0.080879,0.080879,0.080879,0.0,0.0
a,similar_bigger_weighted,instance_0019.txt,1,1,0,0,9.699029126213592,9.699029126213592,9.699029126213592,9.699029126213592,9.699029126213592,0.0,0.0,999.0,999.0,999,999,999,0.0,0.0,103.0,103.0,103,103,103,0.0,0.0,0.107609,0.107609,0.107609,0.107609,0.107609,0.0,0.0
a,similar_bigger_weighted,instance_0020.txt,1,1,0,0,4.0,4.0,4.0,4.0,4.0,0.0,0.0,12.0,12.0,12,12,12,0.0,0.0,3.0,3.0,3,3,3,0.0,0.0,0.000128,0.000128,0.000128,0.000128,0.000128,0.0,0.0
a,similar_exact,instance_0001.txt,30,30,0,0,2.857183574879227,2.8333333333333335,2.8333333333333335,2.68,3.4,0.015724514364395887,0.12539742566893425,67.7,68.0,68,67,68,0.20999999999999996,0.45825756949558394,23.733333333333334,24.0,24,20,25,0.7955555555555557,0.8919392106839769,0.01552793333333333,0.015474499999999999,0.015158,0.010369,0.020308,5.107989728888891e-06,0.0022600862215607816
a,similar_exact,instance_0002.txt,30,30,0,0,1.4,1.0,1.0,1.0,2.0,0.24000000000000005,0.48989794855663565,2.0,2.0,2,2,2,0.0,0.0,1.6,2.0,2,1,2,0.24000000000000005,0.48989794855663565,0.004574300000000001,0.004427,0.00473,0.003633,0.0067,6.6928921e-07,0.000818100977874981
a,similar_exact,instance_0003.txt,30,30,0,0,3.030827297886122,3.0285714285714285,3.0285714285714285,2.864864864864865,3.1176470588235294,0.006684868852539636,0.0817610472813285,106.0,106.0,106,106,106,0.0,0.0,35.0,35.0,35,34,37,0.9333333333333333,0.9660917830792959,0.021373466666666667,0.021253,0.014483,0.014483,0.036023,1.578054764888889e-05,0.003972473744266775
a,similar_exact,instance_0004.txt,30,30,0,0,1.8819309637730688,1.8571428571428572,1.8571428571428572,1.8181818181818181,2.1052631578947367,0.0051262854792795,0.07159808293019793,39.1,39.0,39,37,40,0.42333333333333323,0.6506407098647711,20.8,21.0,21,19,22,0.49333333333333323,0.7023769168568492,0.011591333333333334,0.0105805,0.012069,0.007621,0.018026,7.804051488888889e-06,0.002793573247453678
a,similar_exact,instance_0005.txt,30,30,0,0,32.5934514284606,32.55555555555556,32.55555555555556,32.54814814814815,33.045112781954884,0.012354616354223642,0.1111513218734876,4394.633333333333,4395.0,4395,4394,4395,0.2322222222222221,0.48189440982669857,134.83333333333334,135.0,135,133,135,0.2055555555555556,0.4533823502911815,0.6036372666666667,0.626939,0.401599,0.384747,0.78613,0.013047896838128887,0.11422739092760933
a,similar_exact,instance_0006.txt,30,30,0,0,27.602836879432623,27.602836879432623,27.602836879432623,27.602836879432623,27.602836879432623,0.0,0.0,3892.0,3892.0,3892,3892,3892,0.0,0.0,141.0,141.0,141,141,141,0.0,0.0,0.6887054666666665,0.6958690000000001,0.636209,0.327343,0.960864,0.023433852978115552,0.15308119733695433
a,similar_exact,instance_0007.txt,30,30,0,0,26.53103448275862,26.53103448275862,26.53103448275862,26.53103448275862,26.53103448275862,0.0,0.0,3847.0,3847.0,3847,3847,3847,0.0,0.0,145.0,145.0,145,145,145,0.0,0.0,0.5575583000000001,0.5728555,0.396419,0.329428,0.700677,0.010250641215076666,0.10124545034260388
a,similar_exact,instance_0008.txt,30,30,0,0,22.00320309320309,22.015503875968992,22.015503875968992,21.838461538461537,22.53968253968254,0.013886205872305019,0.11783974657264423,2839.8,2840.0,2840,2839,2840,0.16,0.4,129.06666666666666,129.0,129,126,130,0.46222222222222203,0.6798692684790378,0.3335199,0.32575200000000004,0.344623,0.195867,0.417648,0.0033816640008233335,0.058152076496229554
a,similar_exact,instance_0009.txt,30,30,0,0,2.3720322016692985,2.375,2.375,2.3181818181818183,2.4516129032258065,0.0006016442122268467,0.024528436807649334,152.26666666666668,152.0,152,152,153,0.1955555555555555,0.44221663871405326,64.2,64.0,64,62,66,0.5600000000000002,0.7483314773547883,0.0542904,0.053733500000000003,0.037166,0.034981,0.073831,0.00010083329424000002,0.010041578274355083
a,similar_exact,instance_0010.txt,30,30,0,0,5.938104462123834,5.938775510204081,5.938775510204081,5.918644067796611,5.938775510204081,1.3058860254171186e-05,0.0036137045056522242,1746.0,1746.0,1746,1746,1746,0.0,0.0,294.03333333333336,294.0,294,294,295,0.03222222222222221,0.1795054935711501,0.6700055333333335,0.668361,0.390746,0.382017,0.902974,0.017223792777715557,0.13123944825286168
a,similar_exact,instance_0011.txt,30,30,0,0,6.8153562200073825,6.816666666666666,6.816666666666666,6.794019933554817,6.816666666666666,1.7230398759667877e-05,0.00415095154870156,2044.8333333333333,2045.0,2045,2044,2045,0.1388888888888889,0.37267799624996495,300.03333333333336,300.0,300,300,301,0.032222222222222215,0.17950549357115012,0.7449638333333335,0.7495845000000001,0.555543,0.457628,1.060915,0.023652906811338893,0.15379501556077457
a,similar_exact,instance_0012.txt,30,30,0,0,2.222939447986153,2.2125,2.2125,2.158536585365854,2.3466666666666667,0.0012991816866041162,0.03604416300323974,176.9,177.0,177,176,177,0.09000000000000001,0.30000000000000004,79.6,80.0,80,75,82,1.6399999999999997,1.2806248474865696,0.06689353333333334,0.066555,0.067122,0.042508,0.116659,0.00017279946804888894,0.013145321146662371
a,similar_exact,instance_0013.txt,30,30,0,0,12.625344352617086,12.62534435261708,12.62534435261708,12.62534435261708,12.62534435261708,2.8398992587956425e-29,5.329070518200751e-15,4583.0,4583.0,4583,4583,4583,0.0,0.0,363.0,363.0,363,363,363,0.0,0.0,2.0571137666666663,2.0791195,1.144261,1.144261,2.770253,0.1841270189987122,0.4291002435314063
a,similar_exact,instance_0014.txt,30,30,0,0,20.582446808510646,20.58244680851064,20.58244680851064,20.58244680851064,20.58244680851064,5.048709793414476e-29,7.105427357601002e-15,7739.0,7739.0,7739,7739,7739,0.0,0.0,376.0,376.0,376,376,376,0.0,0.0,3.7642574000000004,3.6602245,2.551673,1.88383,5.234934,0.5304209914357733,0.7283000696387261
a,similar_exact,instance_0015.txt,30,30,0,0,10.725947521865884,10.725947521865889,10.725947521865889,10.725947521865889,10.725947521865889,2.8398992587956425e-29,5.329070518200751e-15,3679.0,3679.0,3679,3679,3679,0.0,0.0,343.0,343.0,343,343,343,0.0,0.0,1.5938316666666668,1.7083015000000001,0.85472,0.85472,2.168006,0.15081594790795552,0.3883502902122715
a,similar_exact,instance_0016.txt,30,30,0,0,9.661971830985916,9.661971830985916,9.661971830985916,9.661971830985916,9.661971830985916,0.0,0.0,686.0,686.0,686,686,686,0.0,0.0,71.0,71.0,71,71,71,0.0,0.0,0.08420003333333334,0.0857905,0.087594,0.050918,0.10451,8.652821816555554e-05,0.009302054513146842
a,similar_exact,instance_0017.txt,30,30,0,0,3.8043478260869557,3.8043478260869565,3.8043478260869565,3.8043478260869565,3.8043478260869565,7.888609052210118e-31,8.881784197001252e-16,175.0,175.0,175,175,175,0.0,0.0,46.0,46.0,46,46,46,0.0,0.0,0.02819616666666667,0.0260085,0.02503,0.017312,0.047967,3.960938400555556e-05,0.006293598653040688
a,similar_exact,instance_0018.txt,30,30,0,0,15.848399407609934,15.855263157894736,15.855263157894736,15.64935064935065,15.855263157894736,0.001366220971191818,0.036962426478679915,1205.0,1205.0,1205,1205,1205,0.0,0.0,76.03333333333333,76.0,76,76,77,0.03222222222222222,0.17950549357115014,0.1323021666666667,0.131021,0.131656,0.078823,0.171902,0.0005140757723388889,0.022673239123223856
a,similar_exact,instance_0019.txt,30,30,0,0,9.993363636363636,9.99,9.99,9.99,10.090909090909092,0.0003281074380165326,0.018113736169452523,999.0,999.0,999,999,999,0.0,0.0,99.96666666666667,100.0,100,99,100,0.032222222222222215,0.17950549357115012,0.1565665333333333,0.15750150000000002,0.15456,0.099923,0.20895,0.0007595531016488888,0.027559990958795483
a,similar_exact,instance_0020.txt,30,30,0,0,4.233333333333333,4.0,4.0,4.0,5.0,0.17888888888888885,0.42295258468165065,11.533333333333333,12.0,12,10,12,0.7155555555555554,0.8459051693633013,2.7666666666666666,3.0,3,2,3,0.17888888888888885,0.42295258468165065,0.003859033333333333,0.003673,0.003264,0.002709,0.006268,6.572899655555555e-07,0.0008107342138799592
a,similar_exact_weighted,instance_0001.txt,30,30,0,0,2.896602192493497,2.8333333333333335,2.8333333333333335,2.6153846153846154,3.4,0.02356789337364137,0.15351838122401296,67.8,68.0,68,67,68,0.15999999999999998,0.39999999999999997,23.466666666666665,24.0,24,20,26,1.3155555555555556,1.1469767022723503,0.01808483333333333,0.0157375,0.017479,0.014429,0.035124,3.0836612538888895e-05,0.005553072351310479
a,similar_exact_weighted,instance_0002.txt,30,30,0,0,1.4333333333333333,1.0,1.0,1.0,2.0,0.2455555555555555,0.4955356249106168,2.0,2.0,2,2,2,0.0,0.0,1.5666666666666667,2.0,2,1,2,0.2455555555555555,0.4955356249106168,0.0044464000000000005,0.0040755,0.004625,0.002849,0.00775,1.238628106666667e-06,0.001112936703800655
a,similar_exact_weighted,instance_0003.txt,30,30,0,0,2.999460530853719,3.0285714285714285,3.0285714285714285,2.789473684210526,3.1176470588235294,0.0067908126797879545,0.08240638737250866,106.0,106.0,106,106,106,0.0,0.0,35.36666666666667,35.0,35,34,38,0.9655555555555554,0.9826268648655783,0.022027433333333332,0.0217245,0.021899,0.014144,0.036285,1.552449557888889e-05,0.003940113650504118
a,similar_exact_weighted,instance_0004.txt,30,30,0,0,1.8958316245158346,1.8571428571428572,1.8571428571428572,1.8181818181818181,2.1052631578947367,0.00757009231300251,0.08700627743446164,38.93333333333333,39.0,39,37,40,0.6622222222222223,0.8137703743822469,20.566666666666666,21.0,21,19,22,0.578888888888889,0.7608474807008886,0.011118,0.0109755,0.011443,0.007261,0.017371,4.532432333333334e-06,0.002128950993642957
a,similar_exact_weighted,instance_0005.txt,30,30,0,0,32.577371858376466,32.55555555555556,32.55555555555556,32.31617647058823,33.037593984962406,0.013132827229459321,0.11459854811235315,4394.633333333333,4395.0,4395,4394,4395,0.2322222222222221,0.48189440982669857,134.9,135.0,135,133,136,0.22333333333333336,0.47258156262526085,0.5911479333333334,0.607044,0.314133,0.314133,0.789325,0.01620680139792889,0.1273059362242346
a,similar_exact_weighted,instance_0006.txt,30,30,0,0,27.602836879432623,27.602836879432623,27.602836879432623,27.602836879432623,27.602836879432623,0.0,0.0,3892.0,3892.0,3892,3892,3892,0.0,0.0,141.0,141.0,141,141,141,0.0,0.0,0.7904125666666668,0.8218145,0.895759,0.460102,0.98695,0.023145994406578885,0.1521380767808601
a,similar_exact_weighted,instance_0007.txt,30,30,0,0,26.53103448275862,26.53103448275862,26.53103448275862,26.53103448275862,26.53103448275862,0.0,0.0,3847.0,3847.0,3847,3847,3847,0.0,0.0,145.0,145.0,145,145,145,0.0,0.0,0.6456675000000001,0.607526,0.495722,0.396959,0.925537,0.021103384179450003,0.1452700388223601
a,similar_exact_weighted,instance_0008.txt,30,30,0,0,22.019606688531102,22.015503875968992,22.015503875968992,21.838461538461537,22.1875,0.004954232834702044,0.0703863114156584,2839.766666666667,2840.0,2840,2839,2840,0.1788888888888889,0.4229525846816507,128.96666666666667,129.0,129,128,130,0.16555555555555562,0.4068851871911235,0.34037080000000003,0.35235550000000004,0.366225,0.204813,0.427178,0.004764044742426666,0.06902205982457106
a,similar_exact_weighted,instance_0009.txt,30,30,0,0,2.372968343694902,2.375,2.375,2.283582089552239,2.4516129032258065,0.0014921870424497523,0.03862883692851433,152.3,152.0,152,152,153,0.21000000000000002,0.45825756949558405,64.2,64.0,64,62,67,1.3599999999999994,1.1661903789690597,0.05815523333333334,0.054945999999999995,0.054476,0.040386,0.176241,0.0005270434303122224,0.022957426474067656
a,similar_exact_weighted,instance_0010.txt,30,30,0,0,5.938104462123834,5.938775510204081,5.938775510204081,5.918644067796611,5.938775510204081,1.3058860254171188e-05,0.0036137045056522242,1746.0,1746.0,1746,1746,1746,0.0,0.0,294.03333333333336,294.0,294,294,295,0.032222222222222215,0.17950549357115012,0.6871382000000001,0.6738500000000001,0.428505,0.412293,0.910595,0.018956078758026667,0.13768107625242718
a,similar_exact_weighted,instance_0011.txt,30,30,0,0,6.816222222222221,6.816666666666666,6.816666666666666,6.8133333333333335,6.816666666666666,1.283950617283668e-06,0.0011331154474649387,2044.8666666666666,2045.0,2045,2044,2045,0.11555555555555555,0.339934634239519,300.0,300.0,300,300,300,0.0,0.0,0.7543951333333332,0.7749785,0.46048,0.434565,0.929762,0.01608602717258222,0.1268307027993704
a,similar_exact_weighted,instance_0012.txt,30,30,0,0,2.211248190968098,2.2125,2.2125,2.158536585365854,2.2987012987012987,0.0007332627388081501,0.02707882454627878,176.8,177.0,177,176,177,0.16000000000000003,0.4,79.96666666666667,80.0,80,77,82,0.9655555555555556,0.9826268648655784,0.07023466666666668,0.0684185,0.069149,0.049622,0.092717,9.602352208888888e-05,0.009799159254185478
a,similar_exact_weighted,instance_0013.txt,30,30,0,0,12.625344352617086,12.62534435261708,12.62534435261708,12.62534435261708,12.62534435261708,2.8398992587956425e-29,5.329070518200751e-15,4583.0,4583.0,4583,4583,4583,0.0,0.0,363.0,363.0,363,363,363,0.0,0.0,2.0460709333333336,2.032507,1.119393,1.119393,2.730098,0.1548122076765289,0.39346182492908877
a,similar_exact_weighted,instance_0014.txt,30,30,0,0,20.582446808510646,20.58244680851064,20.58244680851064,20.58244680851064,20.58244680851064,5.048709793414476e-29,7.105427357601002e-15,7739.0,7739.0,7739,7739,7739,0.0,0.0,376.0,376.0,376,376,376,0.0,0.0,4.0910210000000005,3.9333605,2.454364,2.454364,5.849299,0.4831056217788,0.6950579988596635
a,similar_exact_weighted,instance_0015.txt,30,30,0,0,10.724908185865702,10.725947521865889,10.725947521865889,10.694767441860465,10.725947521865889,3.132636031688209e-05,0.005596995650961513,3679.0,3679.0,3679,3679,3679,0.0,0.0,343.03333333333336,343.0,343,343,344,0.03222222222222221,0.1795054935711501,1.7588074666666669,1.7428075,1.901269,1.155617,2.311733,0.07938574153511556,0.28175475423693486
a,similar_exact_weighted,instance_0016.txt,30,30,0,0,9.666572769953053,9.661971830985916,9.661971830985916,9.661971830985916,9.8,0.0006138905420000465,0.02477681460559542,686.0,686.0,686,686,686,0.0,0.0,70.96666666666667,71.0,71,70,71,0.032222222222222215,0.17950549357115012,0.10410633333333333,0.097578,0.098774,0.08278,0.1616,0.0004302460162222222,0.020742372482968823
a,similar_exact_weighted,instance_0017.txt,30,30,0,0,3.8043478260869557,3.8043478260869565,3.8043478260869565,3.8043478260869565,3.8043478260869565,7.888609052210118e-31,8.881784197001252e-16,175.0,175.0,175,175,175,0.0,0.0,46.0,46.0,46,46,46,0.0,0.0,0.030566733333333332,0.030805,0.030709,0.019836,0.039876,2.5196762062222222e-05,0.005019637642521841
a,similar_exact_weighted,instance_0018.txt,30,30,0,0,15.855263157894736,15.855263157894736,15.855263157894736,15.855263157894736,15.855263157894736,0.0,0.0,1205.0,1205.0,1205,1205,1205,0.0,0.0,76.0,76.0,76,76,76,0.0,0.0,0.13845246666666666,0.138106,0.118263,0.085944,0.191615,0.0006573313144488891,0.025638473325237
a,similar_exact_weighted,instance_0019.txt,30,30,0,0,9.98670297029703,9.99,9.99,9.891089108910892,9.99,0.00031524174100578,0.017755048324512666,999.0,999.0,999,999,999,0.0,0.0,100.03333333333333,100.0,100,100,101,0.03222222222222222,0.17950549357115014,0.16184123333333333,0.1659165,0.09915,0.095947,0.206889,0.0008111335321788888,0.02848040610979571
a,similar_exact_weighted,instance_0020.txt,30,30,0,0,4.166666666666667,4.0,4.0,4.0,5.0,0.13888888888888887,0.3726779962499649,11.666666666666666,12.0,12,10,12,0.5555555555555555,0.7453559924999298,2.8333333333333335,3.0,3,2,3,0.13888888888888887,0.3726779962499649,0.003788533333333333,0.0037015,0.004242,0.001986,0.006479,8.47025648888889e-07,0.0009203399637573548
a,similar_multi,instance_0001.txt,30,30,0,0,2.7544013790825383,2.72,2.72,2.5185185185185186,2.9565217391304346,0.010455186205790116,0.10225060491649972,67.66666666666667,68.0,68,67,68,0.2222222222222222,0.4714045207910317,24.6,25.0,25,23,27,0.8400000000000003,0.9165151389911682,0.0037430000000000002,0.0038535,0.002984,0.002354,0.00549,5.570758e-07,0.0007463751067660282
a,similar_multi,instance_0002.txt,30,30,0,0,1.4333333333333333,1.0,1.0,1.0,2.0,0.2455555555555555,0.4955356249106168,2.0,2.0,2,2,2,0.0,0.0,1.5666666666666667,2.0,2,1,2,0.2455555555555555,0.4955356249106168,0.00011809999999999998,0.000117,0.000145,8.4e-05,0.000153,4.2655666666666673e-10,2.0653248332082454e-05
a,similar_multi,instance_0003.txt,30,30,0,0,3.018416316496812,3.0285714285714285,3.0285714285714285,2.717948717948718,3.1176470588235294,0.012092055530160904,0.10996388284414525,106.0,106.0,106,106,106,0.0,0.0,35.166666666666664,35.0,35,34,39,1.8055555555555558,1.343709624716425,0.0072480999999999995,0.0073679999999999995,0.006839,0.005273,0.009832,1.4288407566666666e-06,0.0011953412720502319
a,similar_multi,instance_0004.txt,30,30,0,0,1.8525708209918732,1.8571428571428572,1.8571428571428572,1.7619047619047619,2.1052631578947367,0.0037959288305248894,0.06161110963555915,39.0,39.0,39,37,40,0.6,0.7745966692414834,21.066666666666666,21.0,21,19,22,0.3288888888888889,0.5734883511361751,0.0014273333333333334,0.0013765000000000001,0.001392,0.001005,0.001887,5.419035555555555e-08,0.0002327882203968997
a,similar_multi,instance_0005.txt,30,30,0,0,32.6181055610688,32.55555555555556,32.55555555555556,32.31617647058823,33.045112781954884,0.02752070374708856,0.1658936519191996,4394.633333333333,4395.0,4395,4394,4395,0.23222222222222214,0.48189440982669857,134.73333333333332,135.0,135,133,136,0.46222222222222237,0.6798692684790381,0.2315768,0.2320915,0.139596,0.139596,0.288338,0.0015799445657600003,0.03974851652275843
a,similar_multi,instance_0006.txt,30,30,0,0,27.596357340259047,27.602836879432623,27.602836879432623,27.408450704225352,27.602836879432623,0.0012175484091551559,0.03489338632398919,3892.0,3892.0,3892,3892,3892,0.0,0.0,141.03333333333333,141.0,141,141,142,0.032222222222222215,0.17950549357115012,0.3397684,0.34559700000000004,0.274576,0.224785,0.436919,0.0032794227385066666,0.05726624431990164
a,similar_multi,instance_0007.txt,30,30,0,0,26.53103448275862,26.53103448275862,26.53103448275862,26.53103448275862,26.53103448275862,0.0,0.0,3847.0,3847.0,3847,3847,3847,0.0,0.0,145.0,145.0,145,145,145,0.0,0.0,0.3243168333333333,0.3217605,0.373703,0.18324,0.397436,0.0027512651372055556,0.052452503631433604
a,similar_multi,instance_0008.txt,30,30,0,0,21.967938340732122,22.015503875968992,22.015503875968992,21.671755725190838,22.1796875,0.014932945908938714,0.12220043334186141,2839.633333333333,2840.0,2840,2839,2840,0.2322222222222221,0.48189440982669857,129.26666666666668,129.0,129,128,131,0.5288888888888891,0.7272474743090478,0.2509016333333334,0.2577725,0.283076,0.144348,0.351048,0.001974564627165556,0.044436073489514755
a,similar_multi,instance_0009.txt,30,30,0,0,2.2960134137259383,2.303030303030303,2.303030303030303,2.217391304347826,2.3384615384615386,0.0007706141945660861,0.027759938662866062,152.2,152.0,152,152,153,0.16000000000000006,0.4000000000000001,66.3,66.0,66,65,69,0.8766666666666669,0.9363047936792094,0.02294946666666667,0.0228975,0.032439,0.013659,0.032439,1.4979154182222226e-05,0.00387029122705543
a,similar_multi,instance_0010.txt,30,30,0,0,5.9106503884469985,5.918644067796611,5.918644067796611,5.878787878787879,5.918644067796611,0.00012232387949981358,0.011060012635608225,1746.0,1746.0,1746,1746,1746,0.0,0.0,295.4,295.0,295,295,297,0.3066666666666668,0.5537749241945384,0.4830604,0.4583515,0.298655,0.298655,0.629539,0.008521654072306668,0.09231280557055271
a,similar_multi,instance_0011.txt,30,30,0,0,6.792188290686671,6.794019933554817,6.794019933554817,6.768211920529802,6.794019933554817,3.6452828469460565e-05,0.006037617781001093,2044.9,2045.0,2045,2044,2045,0.09000000000000004,0.30000000000000004,301.06666666666666,301.0,301,301,302,0.062222222222222213,0.2494438257849294,0.42727853333333327,0.408991,0.351239,0.343176,0.53871,0.004436376279982223,0.06660612794617492
a,similar_multi,instance_0012.txt,30,30,0,0,2.1821012511784135,2.185185185185185,2.185185185185185,2.1204819277108435,2.2857142857142856,0.0008055419445070962,0.02838207082837854,176.86666666666667,177.0,177,176,177,0.11555555555555555,0.339934634239519,81.06666666666666,81.0,81,77,83,1.0622222222222222,1.0306416555826872,0.04102953333333333,0.0409935,0.051202,0.026731,0.053522,6.502556504888887e-05,0.00806384306946067
a,similar_multi,instance_0013.txt,30,30,0,0,12.591815507724595,12.590659340659341,12.590659340659341,12.590659340659341,12.62534435261708,3.876494620083009e-05,0.006226150190995242,4583.0,4583.0,4583,4583,4583,0.0,0.0,363.96666666666664,364.0,364,363,364,0.03222222222222221,0.1795054935711501,0.9469930000000002,0.896029,0.692363,0.60743,1.197437,0.03669974276213333,0.19157176922013675
a,similar_multi,instance_0014.txt,30,30,0,0,20.580626963523155,20.58244680851064,20.58244680851064,20.52785145888594,20.58244680851064,9.604323757627488e-05,0.009800165181070923,7739.0,7739.0,7739,7739,7739,0.0,0.0,376.03333333333336,376.0,376,376,377,0.03222222222222221,0.1795054935711501,1.427539733333333,1.4708535,0.875383,0.875383,2.092858,0.08837988898379552,0.29728755268896734
a,similar_multi,instance_0015.txt,30,30,0,0,10.725947521865884,10.725947521865889,10.725947521865889,10.725947521865889,10.725947521865889,2.8398992587956425e-29,5.329070518200751e-15,3679.0,3679.0,3679,3679,3679,0.0,0.0,343.0,343.0,343,343,343,0.0,0.0,0.8618451333333332,0.8715915000000001,0.550489,0.487768,1.052745,0.02580649943818222,0.16064401463541123
a,similar_multi,instance_0016.txt,30,30,0,0,9.661971830985916,9.661971830985916,9.661971830985916,9.661971830985916,9.661971830985916,0.0,0.0,686.0,686.0,686,686,686,0.0,0.0,71.0,71.0,71,71,71,0.0,0.0,0.030028333333333337,0.028914000000000002,0.031076,0.014656,0.045741,4.546773655555556e-05,0.006742976831901142
a,similar_multi,instance_0017.txt,30,30,0,0,3.801649707061362,3.8043478260869565,3.8043478260869565,3.723404255319149,3.8043478260869565,0.0002111155420118329,0.014529815622086637,175.0,175.0,175,175,175,0.0,0.0,46.03333333333333,46.0,46,46,47,0.03222222222222222,0.17950549357115014,0.0110008,0.011387999999999999,0.01094,0.005957,0.016119,4.6527926266666665e-06,0.002157033292897137
a,similar_multi,instance_0018.txt,30,30,0,0,15.855263157894736,15.855263157894736,15.855263157894736,15.855263157894736,15.855263157894736,0.0,0.0,1205.0,1205.0,1205,1205,1205,0.0,0.0,76.0,76.0,76,76,76,0.0,0.0,0.0464293,0.048869499999999996,0.023808,0.023808,0.066227,8.229716947666667e-05,0.00907177873829971
a,similar_multi,instance_0019.txt,30,30,0,0,9.887856726849154,9.891089108910892,9.891089108910892,9.794117647058824,9.891089108910892,0.00030300051999787,0.01740691012207135,999.0,999.0,999,999,999,0.0,0.0,101.03333333333333,101.0,101,101,102,0.032222222222222215,0.17950549357115012,0.09058503333333334,0.08704600000000001,0.060807,0.060807,0.115534,0.00032924412996555554,0.018145085559609673
a,similar_multi,instance_0020.txt,30,30,0,0,4.1,4.0,4.0,3.0,5.0,0.4233333333333333,0.6506407098647712,11.466666666666667,12.0,12,10,12,0.7822222222222223,0.8844332774281066,2.9,3.0,3,2,4,0.4233333333333334,0.6506407098647712,9.08e-05,8.8e-05,8.5e-05,7.3e-05,0.000126,1.3682666666666666e-10,1.1697293134168548e-05
a,similar_multi_weighted,instance_0001.txt,30,30,0,0,2.7716809736157564,2.7558333333333334,2.72,2.6153846153846154,2.9565217391304346,0.01044347405320125,0.10219331706721947,67.63333333333334,68.0,68,67,68,0.23222222222222222,0.4818944098266987,24.433333333333334,24.5,25,23,26,0.7788888888888889,0.8825468196582484,0.0041368,0.0042095,0.002767,0.002104,0.007487,1.1105502266666667e-06,0.001053826468953341
a,similar_multi_weighted,instance_0002.txt,30,30,0,0,1.3666666666666667,1.0,1.0,1.0,2.0,0.23222222222222216,0.4818944098266986,2.0,2.0,2,2,2,0.0,0.0,1.6333333333333333,2.0,2,1,2,0.23222222222222216,0.4818944098266986,0.00012033333333333334,0.0001215,0.000137,7.4e-05,0.000157,3.994888888888889e-10,1.9987218137822205e-05
a,similar_multi_weighted,instance_0003.txt,30,30,0,0,3.010410310627029,3.0285714285714285,3.0285714285714285,2.717948717948718,3.1176470588235294,0.013568914247539502,0.11648568258605649,106.0,106.0,106,106,106,0.0,0.0,35.266666666666666,35.0,35,34,39,2.0622222222222217,1.436043948569201,0.006916833333333332,0.0066949999999999996,0.006894,0.005369,0.009617,1.5766526722222222e-06,0.001255648307537673
a,similar_multi_weighted,instance_0004.txt,30,30,0,0,1.8706539074960125,1.8571428571428572,1.8571428571428572,1.7619047619047619,2.1052631578947367,0.007173135411074756,0.084694364694912,39.166666666666664,39.0,39,37,40,0.738888888888889,0.8595864638818419,20.966666666666665,21.0,21,19,22,0.5655555555555556,0.7520342781785652,0.001461766666666667,0.0014085,0.001226,0.001135,0.002036,6.78913788888889e-08,0.00026055974149681853
a,similar_multi_weighted,instance_0005.txt,30,30,0,0,32.56129602898737,32.55555555555556,32.55555555555556,32.31617647058823,33.045112781954884,0.013642874978317027,0.1168027181974676,4394.633333333333,4395.0,4395,4394,4395,0.2322222222222221,0.48189440982669857,134.96666666666667,135.0,135,133,136,0.23222222222222222,0.4818944098266987,0.23514040000000003,0.245315,0.154868,0.146422,0.286897,0.0018721303704400004,0.04326812187326832
a,similar_multi_weighted,instance_0006.txt,30,30,0,0,27.602836879432623,27.602836879432623,27.602836879432623,27.602836879432623,27.602836879432623,0.0,0.0,3892.0,3892.0,3892,3892,3892,0.0,0.0,141.0,141.0,141,141,141,0.0,0.0,0.33340453333333336,0.32780750000000003,0.249629,0.234668,0.423681,0.0030154323815822217,0.05491295276692214
a,similar_multi_weighted,instance_0007.txt,30,30,0,0,26.53103448275862,26.53103448275862,26.53103448275862,26.53103448275862,26.53103448275862,0.0,0.0,3847.0,3847.0,3847,3847,3847,0.0,0.0,145.0,145.0,145,145,145,0.0,0.0,0.3377135333333333,0.3493715,0.349935,0.183104,0.441818,0.004008700689715555,0.06331430083097779
a,similar_multi_weighted,instance_0008.txt,30,30,0,0,21.984103992270818,22.015503875968992,22.015503875968992,21.671755725190838,22.1875,0.0080473036749557,0.08970676493417706,2839.5666666666666,2840.0,2840,2839,2840,0.24555555555555555,0.49553562491061687,129.16666666666666,129.0,129,128,131,0.2722222222222222,0.521749194749951,0.23789553333333335,0.2296045,0.229523,0.140501,0.336056,0.002372614020182222,0.0487094859363371
a,similar_multi_weighted,instance_0009.txt,30,30,0,0,2.2931720225925667,2.303030303030303,2.303030303030303,2.1857142857142855,2.3384615384615386,0.001025955652971375,0.032030542501983554,152.23333333333332,152.0,152,152,153,0.17888888888888882,0.4229525846816506,66.4,66.0,66,65,70,1.1066666666666662,1.051982255870633,0.023379133333333333,0.023909,0.025652,0.015872,0.033981,1.949058118222222e-05,0.004414813833246224
a,similar_multi_weighted,instance_0010.txt,30,30,0,0,5.914644983967018,5.918644067796611,5.918644067796611,5.898648648648648,5.918644067796611,6.397068590443172e-05,0.00799816765918493,1746.0,1746.0,1746,1746,1746,0.0,0.0,295.2,295.0,295,295,296,0.16000000000000003,0.4,0.47628536666666665,0.4446745,0.296577,0.296577,0.62301,0.009845455195765556,0.09922426717172345
a,similar_multi_weighted,instance_0011.txt,30,30,0,0,6.794442598744922,6.794019933554817,6.794019933554817,6.790697674418604,6.816666666666666,1.8020912068531218e-05,0.0042451044826401175,2044.9,2045.0,2045,2044,2045,0.09000000000000004,0.30000000000000004,300.96666666666664,301.0,301,300,301,0.032222222222222215,0.17950549357115012,0.43033233333333337,0.42910800000000004,0.246874,0.246874,0.587051,0.005962034950022221,0.07721421468889146
a,similar_multi_weighted,instance_0012.txt,30,30,0,0,2.195668556396958,2.185185185185185,2.185185185185185,2.1204819277108435,2.391891891891892,0.003937575609237899,0.06275010445599194,176.83333333333334,177.0,177,176,177,0.13888888888888892,0.372677996249965,80.6,81.0,81,74,83,4.839999999999998,2.1999999999999997,0.041067,0.043297,0.046416,0.026683,0.053576,4.80152612e-05,0.0069293045249866165
a,similar_multi_weighted,instance_0013.txt,30,30,0,0,12.589509508756082,12.590659340659341,12.590659340659341,12.556164383561644,12.590659340659341,3.834128876665319e-05,0.00619203429953785,4583.0,4583.0,4583,4583,4583,0.0,0.0,364.03333333333336,364.0,364,364,365,0.03222222222222221,0.1795054935711501,1.0057956333333333,1.0425845,0.527496,0.508238,1.380177,0.04536554607509889,0.21299189204075092
a,similar_multi_weighted,instance_0014.txt,30,30,0,0,20.582446808510646,20.58244680851064,20.58244680851064,20.58244680851064,20.58244680851064,5.048709793414476e-29,7.105427357601002e-15,7739.0,7739.0,7739,7739,7739,0.0,0.0,376.0,376.0,376,376,376,0.0,0.0,1.4710717333333334,1.4988860000000002,1.950698,0.836259,2.141542,0.11710052531206223,0.34219954019849624
a,similar_multi_weighted,instance_0015.txt,30,30,0,0,10.725947521865884,10.725947521865889,10.725947521865889,10.725947521865889,10.725947521865889,2.8398992587956425e-29,5.329070518200751e-15,3679.0,3679.0,3679,3679,3679,0.0,0.0,343.0,343.0,343,343,343,0.0,0.0,0.8651049999999999,0.852032,0.746245,0.495353,1.082147,0.023334864629133333,0.15275753542504322
a,similar_multi_weighted,instance_0016.txt,30,30,0,0,9.66670057381325,9.661971830985916,9.661971830985916,9.527777777777779,9.8,0.001848025484579263,0.04298866693187012,686.0,686.0,686,686,686,0.0,0.0,70.96666666666667,71.0,71,70,72,0.09888888888888886,0.3144660377352201,0.03170066666666667,0.0307055,0.030345,0.017035,0.042876,3.254486748888889e-05,0.005704810907373608
a,similar_multi_weighted,instance_0017.txt,30,30,0,0,3.801649707061362,3.8043478260869565,3.8043478260869565,3.723404255319149,3.8043478260869565,0.0002111155420118329,0.014529815622086637,175.0,175.0,175,175,175,0.0,0.0,46.03333333333333,46.0,46,46,47,0.03222222222222222,0.17950549357115014,0.011701600000000001,0.0115945,0.011757,0.008536,0.019156,5.86165724e-06,0.0024210859629513366
a,similar_multi_weighted,instance_0018.txt,30,30,0,0,15.855263157894736,15.855263157894736,15.855263157894736,15.855263157894736,15.855263157894736,0.0,0.0,1205.0,1205.0,1205,1205,1205,0.0,0.0,76.0,76.0,76,76,76,0.0,0.0,0.048780533333333334,0.050781,0.028032,0.028032,0.067702,7.39756132488889e-05,0.008600907699126232
a,similar_multi_weighted,instance_0019.txt,30,30,0,0,9.89438613861386,9.891089108910892,9.891089108910892,9.891089108910892,9.99,0.0003152417410057802,0.01775504832451267,999.0,999.0,999,999,999,0.0,0.0,100.96666666666667,101.0,101,100,101,0.03222222222222222,0.17950549357115014,0.0943562,0.097543,0.057614,0.057614,0.123882,0.00033861464996,0.018401484993336815
a,similar_multi_weighted,instance_0020.txt,30,30,0,0,4.133333333333334,4.0,4.0,3.0,5.0,0.3155555555555555,0.5617433182117572,11.533333333333333,12.0,12,10,12,0.7155555555555554,0.8459051693633013,2.8666666666666667,3.0,3,2,4,0.3155555555555554,0.5617433182117572,0.00010056666666666667,9.9e-05,9.9e-05,9.1e-05,0.000132,6.691222222222225e-11,8.17998913338045e-06
a,similar_smaller,instance_0001.txt,1,1,0,0,2.6153846153846154,2.6153846153846154,2.6153846153846154,2.6153846153846154,2.6153846153846154,0.0,0.0,68.0,68.0,68,68,68,0.0,0.0,26.0,26.0,26,26,26,0.0,0.0,0.003784,0.003784,0.003784,0.003784,0.003784,0.0,0.0
a,similar_smaller,instance_0002.txt,1,1,0,0,1.0,1.0,1.0,1.0,1.0,0.0,0.0,2.0,2.0,2,2,2,0.0,0.0,2.0,2.0,2,2,2,0.0,0.0,0.000139,0.000139,0.000139,0.000139,0.000139,0.0,0.0
a,similar_smaller,instance_0003.txt,1,1,0,0,2.864864864864865,2.864864864864865,2.864864864864865,2.864864864864865,2.864864864864865,0.0,0.0,106.0,106.0,106,106,106,0.0,0.0,37.0,37.0,37,37,37,0.0,0.0,0.006017,0.006017,0.006017,0.006017,0.006017,0.0,0.0
a,similar_smaller,instance_0004.txt,1,1,0,0,1.7727272727272727,1.7727272727272727,1.7727272727272727,1.7727272727272727,1.7727272727272727,0.0,0.0,39.0,39.0,39,39,39,0.0,0.0,22.0,22.0,22,22,22,0.0,0.0,0.001256,0.001256,0.001256,0.001256,0.001256,0.0,0.0
a,similar_smaller,instance_0005.txt,1,1,0,0,31.840579710144926,31.840579710144926,31.840579710144926,31.840579710144926,31.840579710144926,0.0,0.0,4394.0,4394.0,4394,4394,4394,0.0,0.0,138.0,138.0,138,138,138,0.0,0.0,0.198561,0.198561,0.198561,0.198561,0.198561,0.0,0.0
a,similar_smaller,instance_0006.txt,1,1,0,0,26.65753424657534,26.65753424657534,26.65753424657534,26.65753424657534,26.65753424657534,0.0,0.0,3892.0,3892.0,3892,3892,3892,0.0,0.0,146.0,146.0,146,146,146,0.0,0.0,0.197112,0.197112,0.197112,0.197112,0.197112,0.0,0.0
a,similar_smaller,instance_0007.txt,1,1,0,0,25.818791946308725,25.818791946308725,25.818791946308725,25.818791946308725,25.818791946308725,0.0,0.0,3847.0,3847.0,3847,3847,3847,0.0,0.0,149.0,149.0,149,149,149,0.0,0.0,0.257497,0.257497,0.257497,0.257497,0.257497,0.0,0.0
a,similar_smaller,instance_0008.txt,1,1,0,0,21.838461538461537,21.838461538461537,21.838461538461537,21.838461538461537,21.838461538461537,0.0,0.0,2839.0,2839.0,2839,2839,2839,0.0,0.0,130.0,130.0,130,130,130,0.0,0.0,0.159294,0.159294,0.159294,0.159294,0.159294,0.0,0.0
a,similar_smaller,instance_0009.txt,1,1,0,0,2.026666666666667,2.026666666666667,2.026666666666667,2.026666666666667,2.026666666666667,0.0,0.0,152.0,152.0,152,152,152,0.0,0.0,75.0,75.0,75,75,75,0.0,0.0,0.025953,0.025953,0.025953,0.025953,0.025953,0.0,0.0
a,similar_smaller,instance_0010.txt,1,1,0,0,5.507886435331231,5.507886435331231,5.507886435331231,5.507886435331231,5.507886435331231,0.0,0.0,1746.0,1746.0,1746,1746,1746,0.0,0.0,317.0,317.0,317,317,317,0.0,0.0,0.340351,0.340351,0.340351,0.340351,0.340351,0.0,0.0
a,similar_smaller,instance_0011.txt,1,1,0,0,6.350931677018633,6.350931677018633,6.350931677018633,6.350931677018633,6.350931677018633,0.0,0.0,2045.0,2045.0,2045,2045,2045,0.0,0.0,322.0,322.0,322,322,322,0.0,0.0,0.2529,0.2529,0.2529,0.2529,0.2529,0.0,0.0
a,similar_smaller,instance_0012.txt,1,1,0,0,1.8829787234042554,1.8829787234042554,1.8829787234042554,1.8829787234042554,1.8829787234042554,0.0,0.0,177.0,177.0,177,177,177,0.0,0.0,94.0,94.0,94,94,94,0.0,0.0,0.024898,0.024898,0.024898,0.024898,0.024898,0.0,0.0
a,similar_smaller,instance_0013.txt,1,1,0,0,12.487738419618529,12.487738419618529,12.487738419618529,12.487738419618529,12.487738419618529,0.0,0.0,4583.0,4583.0,4583,4583,4583,0.0,0.0,367.0,367.0,367,367,367,0.0,0.0,0.720593,0.720593,0.720593,0.720593,0.720593,0.0,0.0
a,similar_smaller,instance_0014.txt,1,1,0,0,20.473544973544975,20.473544973544975,20.473544973544975,20.473544973544975,20.473544973544975,0.0,0.0,7739.0,7739.0,7739,7739,7739,0.0,0.0,378.0,378.0,378,378,378,0.0,0.0,1.308864,1.308864,1.308864,1.308864,1.308864,0.0,0.0
a,similar_smaller,instance_0015.txt,1,1,0,0,10.305322128851541,10.305322128851541,10.305322128851541,10.305322128851541,10.305322128851541,0.0,0.0,3679.0,3679.0,3679,3679,3679,0.0,0.0,357.0,357.0,357,357,357,0.0,0.0,0.633866,0.633866,0.633866,0.633866,0.633866,0.0,0.0
a,similar_smaller,instance_0016.txt,1,1,0,0,9.527777777777779,9.527777777777779,9.527777777777779,9.527777777777779,9.527777777777779,0.0,0.0,686.0,686.0,686,686,686,0.0,0.0,72.0,72.0,72,72,72,0.0,0.0,0.034154,0.034154,0.034154,0.034154,0.034154,0.0,0.0
a,similar_smaller,instance_0017.txt,1,1,0,0,3.8043478260869565,3.8043478260869565,3.8043478260869565,3.8043478260869565,3.8043478260869565,0.0,0.0,175.0,175.0,175,175,175,0.0,0.0,46.0,46.0,46,46,46,0.0,0.0,0.010237,0.010237,0.010237,0.010237,0.010237,0.0,0.0
a,similar_smaller,instance_0018.txt,1,1,0,0,15.855263157894736,15.855263157894736,15.855263157894736,15.855263157894736,15.855263157894736,0.0,0.0,1205.0,1205.0,1205,1205,1205,0.0,0.0,76.0,76.0,76,76,76,0.0,0.0,0.058432,0.058432,0.058432,0.058432,0.058432,0.0,0.0
a,similar_smaller,instance_0019.txt,1,1,0,0,9.60576923076923,9.60576923076923,9.60576923076923,9.60576923076923,9.60576923076923,0.0,0.0,999.0,999.0,999,999,999,0.0,0.0,104.0,104.0,104,104,104,0.0,0.0,0.103388,0.103388,0.103388,0.103388,0.103388,0.0,0.0
a,similar_smaller,instance_0020.txt,1,1,0,0,3.3333333333333335,3.3333333333333335,3.3333333333333335,3.3333333333333335,3.3333333333333335,0.0,0.0,10.0,10.0,10,10,10,0.0,0.0,3.0,3.0,3,3,3,0.0,0.0,0.000119,0.000119,0.000119,0.000119,0.000119,0.0,0.0
a,similar_smaller_exact,instance_0001.txt,1,1,0,0,2.8333333333333335,2.8333333333333335,2.8333333333333335,2.8333333333333335,2.8333333333333335,0.0,0.0,68.0,68.0,68,68,68,0.0,0.0,24.0,24.0,24,24,24,0.0,0.0,0.016978,0.016978,0.016978,0.016978,0.016978,0.0,0.0
a,similar_smaller_exact,instance_0002.txt,1,1,0,0,1.0,1.0,1.0,1.0,1.0,0.0,0.0,2.0,2.0,2,2,2,0.0,0.0,2.0,2.0,2,2,2,0.0,0.0,0.004928,0.004928,0.004928,0.004928,0.004928,0.0,0.0
a,similar_smaller_exact,instance_0003.txt,1,1,0,0,3.0285714285714285,3.0285714285714285,3.0285714285714285,3.0285714285714285,3.0285714285714285,0.0,0.0,106.0,106.0,106,106,106,0.0,0.0,35.0,35.0,35,35,35,0.0,0.0,0.022078,0.022078,0.022078,0.022078,0.022078,0.0,0.0
a,similar_smaller_exact,instance_0004.txt,1,1,0,0,1.8571428571428572,1.8571428571428572,1.8571428571428572,1.8571428571428572,1.8571428571428572,0.0,0.0,39.0,39.0,39,39,39,0.0,0.0,21.0,21.0,21,21,21,0.0,0.0,0.010462,0.010462,0.010462,0.010462,0.010462,0.0,0.0
a,similar_smaller_exact,instance_0005.txt,1,1,0,0,32.54814814814815,32.54814814814815,32.54814814814815,32.54814814814815,32.54814814814815,0.0,0.0,4394.0,4394.0,4394,4394,4394,0.0,0.0,135.0,135.0,135,135,135,0.0,0.0,0.646851,0.646851,0.646851,0.646851,0.646851,0.0,0.0
a,similar_smaller_exact,instance_0006.txt,1,1,0,0,27.602836879432623,27.602836879432623,27.602836879432623,27.602836879432623,27.602836879432623,0.0,0.0,3892.0,3892.0,3892,3892,3892,0.0,0.0,141.0,141.0,141,141,141,0.0,0.0,0.545692,0.545692,0.545692,0.545692,0.545692,0.0,0.0
a,similar_smaller_exact,instance_0007.txt,1,1,0,0,26.53103448275862,26.53103448275862,26.53103448275862,26.53103448275862,26.53103448275862,0.0,0.0,3847.0,3847.0,3847,3847,3847,0.0,0.0,145.0,145.0,145,145,145,0.0,0.0,0.673018,0.673018,0.673018,0.673018,0.673018,0.0,0.0
a,similar_smaller_exact,instance_0008.txt,1,1,0,0,22.007751937984494,22.007751937984494,22.007751937984494,22.007751937984494,22.007751937984494,0.0,0.0,2839.0,2839.0,2839,2839,2839,0.0,0.0,129.0,129.0,129,129,129,0.0,0.0,0.315731,0.315731,0.315731,0.315731,0.315731,0.0,0.0
a,similar_smaller_exact,instance_0009.txt,1,1,0,0,2.375,2.375,2.375,2.375,2.375,0.0,0.0,152.0,152.0,152,152,152,0.0,0.0,64.0,64.0,64,64,64,0.0,0.0,0.083532,0.083532,0.083532,0.083532,0.083532,0.0,0.0
a,similar_smaller_exact,instance_0010.txt,1,1,0,0,5.938775510204081,5.938775510204081,5.938775510204081,5.938775510204081,5.938775510204081,0.0,0.0,1746.0,1746.0,1746,1746,1746,0.0,0.0,294.0,294.0,294,294,294,0.0,0.0,0.731825,0.731825,0.731825,0.731825,0.731825,0.0,0.0
a,similar_smaller_exact,instance_0011.txt,1,1,0,0,6.816666666666666,6.816666666666666,6.816666666666666,6.816666666666666,6.816666666666666,0.0,0.0,2045.0,2045.0,2045,2045,2045,0.0,0.0,300.0,300.0,300,300,300,0.0,0.0,0.938672,0.938672,0.938672,0.938672,0.938672,0.0,0.0
a,similar_smaller_exact,instance_0012.txt,1,1,0,0,2.2125,2.2125,2.2125,2.2125,2.2125,0.0,0.0,177.0,177.0,177,177,177,0.0,0.0,80.0,80.0,80,80,80,0.0,0.0,0.075402,0.075402,0.075402,0.075402,0.075402,0.0,0.0
a,similar_smaller_exact,instance_0013.txt,1,1,0,0,12.62534435261708,12.62534435261708,12.62534435261708,12.62534435261708,12.62534435261708,0.0,0.0,4583.0,4583.0,4583,4583,4583,0.0,0.0,363.0,363.0,363,363,363,0.0,0.0,2.310058,2.310058,2.310058,2.310058,2.310058,0.0,0.0
a,similar_smaller_exact,instance_0014.txt,1,1,0,0,20.58244680851064,20.58244680851064,20.58244680851064,20.58244680851064,20.58244680851064,0.0,0.0,7739.0,7739.0,7739,7739,7739,0.0,0.0,376.0,376.0,376,376,376,0.0,0.0,3.463099,3.463099,3.463099,3.463099,3.463099,0.0,0.0
a,similar_smaller_exact,instance_0015.txt,1,1,0,0,10.725947521865889,10.725947521865889,10.725947521865889,10.725947521865889,10.725947521865889,0.0,0.0,3679.0,3679.0,3679,3679,3679,0.0,0.0,343.0,343.0,343,343,343,0.0,0.0,1.535573,1.535573,1.535573,1.535573,1.535573,0.0,0.0
a,similar_smaller_exact,instance_0016.txt,1,1,0,0,9.661971830985916,9.661971830985916,9.661971830985916,9.661971830985916,9.661971830985916,0.0,0.0,686.0,686.0,686,686,686,0.0,0.0,71.0,71.0,71,71,71,0.0,0.0,0.088037,0.088037,0.088037,0.088037,0.088037,0.0,0.0
a,similar_smaller_exact,instance_0017.txt,1,1,0,0,3.8043478260869565,3.8043478260869565,3.8043478260869565,3.8043478260869565,3.8043478260869565,0.0,0.0,175.0,175.0,175,175,175,0.0,0.0,46.0,46.0,46,46,46,0.0,0.0,0.025775,0.025775,0.025775,0.025775,0.025775,0.0,0.0
a,similar_smaller_exact,instance_0018.txt,1,1,0,0,15.855263157894736,15.855263157894736,15.855263157894736,15.855263157894736,15.855263157894736,0.0,0.0,1205.0,1205.0,1205,1205,1205,0.0,0.0,76.0,76.0,76,76,76,0.0,0.0,0.1226,0.1226,0.1226,0.1226,0.1226,0.0,0.0
a,similar_smaller_exact,instance_0019.txt,1,1,0,0,9.99,9.99,9.99,9.99,9.99,0.0,0.0,999.0,999.0,999,999,999,0.0,0.0,100.0,100.0,100,100,100,0.0,0.0,0.173902,0.173902,0.173902,0.173902,0.173902,0.0,0.0
a,similar_smaller_exact,instance_0020.txt,1,1,0,0,5.0,5.0,5.0,5.0,5.0,0.0,0.0,10.0,10.0,10,10,10,0.0,0.0,2.0,2.0,2,2,2,0.0,0.0,0.004298,0.004298,0.004298,0.004298,0.004298,0.0,0.0
a,similar_smaller_exact_weighted,instance_0001.txt,1,1,0,0,2.8333333333333335,2.8333333333333335,2.8333333333333335,2.8333333333333335,2.8333333333333335,0.0,0.0,68.0,68.0,68,68,68,0.0,0.0,24.0,24.0,24,24,24,0.0,0.0,0.019545,0.019545,0.019545,0.019545,0.019545,0.0,0.0
a,similar_smaller_exact_weighted,instance_0002.txt,1,1,0,0,1.0,1.0,1.0,1.0,1.0,0.0,0.0,2.0,2.0,2,2,2,0.0,0.0,2.0,2.0,2,2,2,0.0,0.0,0.005041,0.005041,0.005041,0.005041,0.005041,0.0,0.0
a,similar_smaller_exact_weighted,instance_0003.txt,1,1,0,0,3.0285714285714285,3.0285714285714285,3.0285714285714285,3.0285714285714285,3.0285714285714285,0.0,0.0,106.0,106.0,106,106,106,0.0,0.0,35.0,35.0,35,35,35,0.0,0.0,0.02674,0.02674,0.02674,0.02674,0.02674,0.0,0.0
a,similar_smaller_exact_weighted,instance_0004.txt,1,1,0,0,1.8571428571428572,1.8571428571428572,1.8571428571428572,1.8571428571428572,1.8571428571428572,0.0,0.0,39.0,39.0,39,39,39,0.0,0.0,21.0,21.0,21,21,21,0.0,0.0,0.010863,0.010863,0.010863,0.010863,0.010863,0.0,0.0
a,similar_smaller_exact_weighted,instance_0005.txt,1,1,0,0,32.54814814814815,32.54814814814815,32.54814814814815,32.54814814814815,32.54814814814815,0.0,0.0,4394.0,4394.0,4394,4394,4394,0.0,0.0,135.0,135.0,135,135,135,0.0,0.0,0.616061,0.616061,0.616061,0.616061,0.616061,0.0,0.0
a,similar_smaller_exact_weighted,instance_0006.txt,1,1,0,0,27.602836879432623,27.602836879432623,27.602836879432623,27.602836879432623,27.602836879432623,0.0,0.0,3892.0,3892.0,3892,3892,3892,0.0,0.0,141.0,141.0,141,141,141,0.0,0.0,0.446735,0.446735,0.446735,0.446735,0.446735,0.0,0.0
a,similar_smaller_exact_weighted,instance_0007.txt,1,1,0,0,26.53103448275862,26.53103448275862,26.53103448275862,26.53103448275862,26.53103448275862,0.0,0.0,3847.0,3847.0,3847,3847,3847,0.0,0.0,145.0,145.0,145,145,145,0.0,0.0,0.614193,0.614193,0.614193,0.614193,0.614193,0.0,0.0
a,similar_smaller_exact_weighted,instance_0008.txt,1,1,0,0,22.007751937984494,22.007751937984494,22.007751937984494,22.007751937984494,22.007751937984494,0.0,0.0,2839.0,2839.0,2839,2839,2839,0.0,0.0,129.0,129.0,129,129,129,0.0,0.0,0.282378,0.282378,0.282378,0.282378,0.282378,0.0,0.0
a,similar_smaller_exact_weighted,instance_0009.txt,1,1,0,0,2.375,2.375,2.375,2.375,2.375,0.0,0.0,152.0,152.0,152,152,152,0.0,0.0,64.0,64.0,64,64,64,0.0,0.0,0.064774,0.064774,0.064774,0.064774,0.064774,0.0,0.0
a,similar_smaller_exact_weighted,instance_0010.txt,1,1,0,0,5.938775510204081,5.938775510204081,5.938775510204081,5.938775510204081,5.938775510204081,0.0,0.0,1746.0,1746.0,1746,1746,1746,0.0,0.0,294.0,294.0,294,294,294,0.0,0.0,0.965297,0.965297,0.965297,0.965297,0.965297,0.0,0.0
a,similar_smaller_exact_weighted,instance_0011.txt,1,1,0,0,6.816666666666666,6.816666666666666,6.816666666666666,6.816666666666666,6.816666666666666,0.0,0.0,2045.0,2045.0,2045,2045,2045,0.0,0.0,300.0,300.0,300,300,300,0.0,0.0,1.117049,1.117049,1.117049,1.117049,1.117049,0.0,0.0
a,similar_smaller_exact_weighted,instance_0012.txt,1,1,0,0,2.2125,2.2125,2.2125,2.2125,2.2125,0.0,0.0,177.0,177.0,177,177,177,0.0,0.0,80.0,80.0,80,80,80,0.0,0.0,0.080893,0.080893,0.080893,0.080893,0.080893,0.0,0.0
a,similar_smaller_exact_weighted,instance_0013.txt,1,1,0,0,12.62534435261708,12.62534435261708,12.62534435261708,12.62534435261708,12.62534435261708,0.0,0.0,4583.0,4583.0,4583,4583,4583,0.0,0.0,363.0,363.0,363,363,363,0.0,0.0,2.134989,2.134989,2.134989,2.134989,2.134989,0.0,0.0
a,similar_smaller_exact_weighted,instance_0014.txt,1,1,0,0,20.58244680851064,20.58244680851064,20.58244680851064,20.58244680851064,20.58244680851064,0.0,0.0,7739.0,7739.0,7739,7739,7739,0.0,0.0,376.0,376.0,376,376,376,0.0,0.0,2.779117,2.779117,2.779117,2.779117,2.779117,0.0,0.0
a,similar_smaller_exact_weighted,instance_0015.txt,1,1,0,0,10.725947521865889,10.725947521865889,10.725947521865889,10.725947521865889,10.725947521865889,0.0,0.0,3679.0,3679.0,3679,3679,3679,0.0,0.0,343.0,343.0,343,343,343,0.0,0.0,2.125719,2.125719,2.125719,2.125719,2.125719,0.0,0.0
a,similar_smaller_exact_weighted,instance_0016.txt,1,1,0,0,9.661971830985916,9.661971830985916,9.661971830985916,9.661971830985916,9.661971830985916,0.0,0.0,686.0,686.0,686,686,686,0.0,0.0,71.0,71.0,71,71,71,0.0,0.0,0.196546,0.196546,0.196546,0.196546,0.196546,0.0,0.0
a,similar_smaller_exact_weighted,instance_0017.txt,1,1,0,0,3.8043478260869565,3.8043478260869565,3.8043478260869565,3.8043478260869565,3.8043478260869565,0.0,0.0,175.0,175.0,175,175,175,0.0,0.0,46.0,46.0,46,46,46,0.0,0.0,0.030069,0.030069,0.030069,0.030069,0.030069,0.0,0.0
a,similar_smaller_exact_weighted,instance_0018.txt,1,1,0,0,15.855263157894736,15.855263157894736,15.855263157894736,15.855263157894736,15.855263157894736,0.0,0.0,1205.0,1205.0,1205,1205,1205,0.0,0.0,76.0,76.0,76,76,76,0.0,0.0,0.138305,0.138305,0.138305,0.138305,0.138305,0.0,0.0
a,similar_smaller_exact_weighted,instance_0019.txt,1,1,0,0,9.99,9.99,9.99,9.99,9.99,0.0,0.0,999.0,999.0,999,999,999,0.0,0.0,100.0,100.0,100,100,100,0.0,0.0,0.327894,0.327894,0.327894,0.327894,0.327894,0.0,0.0
a,similar_smaller_exact_weighted,instance_0020.txt,1,1,0,0,5.0,5.0,5.0,5.0,5.0,0.0,0.0,10.0,10.0,10,10,10,0.0,0.0,2.0,2.0,2,2,2,0.0,0.0,0.006914,0.006914,0.006914,0.006914,0.006914,0.0,0.0
a,similar_smaller_multi,instance_0001.txt,1,1,0,0,2.72,2.72,2.72,2.72,2.72,0.0,0.0,68.0,68.0,68,68,68,0.0,0.0,25.0,25.0,25,25,25,0.0,0.0,0.004778,0.004778,0.004778,0.004778,0.004778,0.0,0.0
a,similar_smaller_multi,instance_0002.txt,1,1,0,0,1.0,1.0,1.0,1.0,1.0,0.0,0.0,2.0,2.0,2,2,2,0.0,0.0,2.0,2.0,2,2,2,0.0,0.0,0.00014,0.00014,0.00014,0.00014,0.00014,0.0,0.0
a,similar_smaller_multi,instance_0003.txt,1,1,0,0,3.0285714285714285,3.0285714285714285,3.0285714285714285,3.0285714285714285,3.0285714285714285,0.0,0.0,106.0,106.0,106,106,106,0.0,0.0,35.0,35.0,35,35,35,0.0,0.0,0.008936,0.008936,0.008936,0.008936,0.008936,0.0,0.0
a,similar_smaller_multi,instance_0004.txt,1,1,0,0,1.8571428571428572,1.8571428571428572,1.8571428571428572,1.8571428571428572,1.8571428571428572,0.0,0.0,39.0,39.0,39,39,39,0.0,0.0,21.0,21.0,21,21,21,0.0,0.0,0.001963,0.001963,0.001963,0.001963,0.001963,0.0,0.0
a,similar_smaller_multi,instance_0005.txt,1,1,0,0,32.54814814814815,32.54814814814815,32.54814814814815,32.54814814814815,32.54814814814815,0.0,0.0,4394.0,4394.0,4394,4394,4394,0.0,0.0,135.0,135.0,135,135,135,0.0,0.0,0.275295,0.275295,0.275295,0.275295,0.275295,0.0,0.0
a,similar_smaller_multi,instance_0006.txt,1,1,0,0,27.602836879432623,27.602836879432623,27.602836879432623,27.602836879432623,27.602836879432623,0.0,0.0,3892.0,3892.0,3892,3892,3892,0.0,0.0,141.0,141.0,141,141,141,0.0,0.0,0.217047,0.217047,0.217047,0.217047,0.217047,0.0,0.0
a,similar_smaller_multi,instance_0007.txt,1,1,0,0,26.53103448275862,26.53103448275862,26.53103448275862,26.53103448275862,26.53103448275862,0.0,0.0,3847.0,3847.0,3847,3847,3847,0.0,0.0,145.0,145.0,145,145,145,0.0,0.0,0.215171,0.215171,0.215171,0.215171,0.215171,0.0,0.0
a,similar_smaller_multi,instance_0008.txt,1,1,0,0,22.007751937984494,22.007751937984494,22.007751937984494,22.007751937984494,22.007751937984494,0.0,0.0,2839.0,2839.0,2839,2839,2839,0.0,0.0,129.0,129.0,129,129,129,0.0,0.0,0.285812,0.285812,0.285812,0.285812,0.285812,0.0,0.0
a,similar_smaller_multi,instance_0009.txt,1,1,0,0,2.303030303030303,2.303030303030303,2.303030303030303,2.303030303030303,2.303030303030303,0.0,0.0,152.0,152.0,152,152,152,0.0,0.0,66.0,66.0,66,66,66,0.0,0.0,0.016097,0.016097,0.016097,0.016097,0.016097,0.0,0.0
a,similar_smaller_multi,instance_0010.txt,1,1,0,0,5.918644067796611,5.918644067796611,5.918644067796611,5.918644067796611,5.918644067796611,0.0,0.0,1746.0,1746.0,1746,1746,1746,0.0,0.0,295.0,295.0,295,295,295,0.0,0.0,0.493879,0.493879,0.493879,0.493879,0.493879,0.0,0.0
a,similar_smaller_multi,instance_0011.txt,1,1,0,0,6.794019933554817,6.794019933554817,6.794019933554817,6.794019933554817,6.794019933554817,0.0,0.0,2045.0,2045.0,2045,2045,2045,0.0,0.0,301.0,301.0,301,301,301,0.0,0.0,0.50337,0.50337,0.50337,0.50337,0.50337,0.0,0.0
a,similar_smaller_multi,instance_0012.txt,1,1,0,0,2.185185185185185,2.185185185185185,2.185185185185185,2.185185185185185,2.185185185185185,0.0,0.0,177.0,177.0,177,177,177,0.0,0.0,81.0,81.0,81,81,81,0.0,0.0,0.042536,0.042536,0.042536,0.042536,0.042536,0.0,0.0
a,similar_smaller_multi,instance_0013.txt,1,1,0,0,12.590659340659341,12.590659340659341,12.590659340659341,12.590659340659341,12.590659340659341,0.0,0.0,4583.0,4583.0,4583,4583,4583,0.0,0.0,364.0,364.0,364,364,364,0.0,0.0,0.602949,0.602949,0.602949,0.602949,0.602949,0.0,0.0
a,similar_smaller_multi,instance_0014.txt,1,1,0,0,20.58244680851064,20.58244680851064,20.58244680851064,20.58244680851064,20.58244680851064,0.0,0.0,7739.0,7739.0,7739,7739,7739,0.0,0.0,376.0,376.0,376,376,376,0.0,0.0,1.498302,1.498302,1.498302,1.498302,1.498302,0.0,0.0
a,similar_smaller_multi,instance_0015.txt,1,1,0,0,10.725947521865889,10.725947521865889,10.725947521865889,10.725947521865889,10.725947521865889,0.0,0.0,3679.0,3679.0,3679,3679,3679,0.0,0.0,343.0,343.0,343,343,343,0.0,0.0,0.541684,0.541684,0.541684,0.541684,0.541684,0.0,0.0
a,similar_smaller_multi,instance_0016.txt,1,1,0,0,9.661971830985916,9.661971830985916,9.661971830985916,9.661971830985916,9.661971830985916,0.0,0.0,686.0,686.0,686,686,686,0.0,0.0,71.0,71.0,71,71,71,0.0,0.0,0.029006,0.029006,0.029006,0.029006,0.029006,0.0,0.0
a,similar_smaller_multi,instance_0017.txt,1,1,0,0,3.8043478260869565,3.8043478260869565,3.8043478260869565,3.8043478260869565,3.8043478260869565,0.0,0.0,175.0,175.0,175,175,175,0.0,0.0,46.0,46.0,46,46,46,0.0,0.0,0.011614,0.011614,0.011614,0.011614,0.011614,0.0,0.0
a,similar_smaller_multi,instance_0018.txt,1,1,0,0,15.855263157894736,15.855263157894736,15.855263157894736,15.855263157894736,15.855263157894736,0.0,0.0,1205.0,1205.0,1205,1205,1205,0.0,0.0,76.0,76.0,76,76,76,0.0,0.0,0.054028,0.054028,0.054028,0.054028,0.054028,0.0,0.0
a,similar_smaller_multi,instance_0019.txt,1,1,0,0,9.891089108910892,9.891089108910892,9.891089108910892,9.891089108910892,9.891089108910892,0.0,0.0,999.0,999.0,999,999,999,0.0,0.0,101.0,101.0,101,101,101,0.0,0.0,0.111194,0.111194,0.111194,0.111194,0.111194,0.0,0.0
a,similar_smaller_multi,instance_0020.txt,1,1,0,0,5.0,5.0,5.0,5.0,5.0,0.0,0.0,10.0,10.0,10,10,10,0.0,0.0,2.0,2.0,2,2,2,0.0,0.0,0.000108,0.000108,0.000108,0.000108,0.000108,0.0,0.0
a,similar_smaller_multi_weighted,instance_0001.txt,1,1,0,0,2.72,2.72,2.72,2.72,2.72,0.0,0.0,68.0,68.0,68,68,68,0.0,0.0,25.0,25.0,25,25,25,0.0,0.0,0.004978,0.004978,0.004978,0.004978,0.004978,0.0,0.0
a,similar_smaller_multi_weighted,instance_0002.txt,1,1,0,0,1.0,1.0,1.0,1.0,1.0,0.0,0.0,2.0,2.0,2,2,2,0.0,0.0,2.0,2.0,2,2,2,0.0,0.0,0.000148,0.000148,0.000148,0.000148,0.000148,0.0,0.0
a,similar_smaller_multi_weighted,instance_0003.txt,1,1,0,0,3.0285714285714285,3.0285714285714285,3.0285714285714285,3.0285714285714285,3.0285714285714285,0.0,0.0,106.0,106.0,106,106,106,0.0,0.0,35.0,35.0,35,35,35,0.0,0.0,0.009426,0.009426,0.009426,0.009426,0.009426,0.0,0.0
a,similar_smaller_multi_weighted,instance_0004.txt,1,1,0,0,1.8571428571428572,1.8571428571428572,1.8571428571428572,1.8571428571428572,1.8571428571428572,0.0,0.0,39.0,39.0,39,39,39,0.0,0.0,21.0,21.0,21,21,21,0.0,0.0,0.002088,0.002088,0.002088,0.002088,0.002088,0.0,0.0
a,similar_smaller_multi_weighted,instance_0005.txt,1,1,0,0,32.54814814814815,32.54814814814815,32.54814814814815,32.54814814814815,32.54814814814815,0.0,0.0,4394.0,4394.0,4394,4394,4394,0.0,0.0,135.0,135.0,135,135,135,0.0,0.0,0.247925,0.247925,0.247925,0.247925,0.247925,0.0,0.0
a,similar_smaller_multi_weighted,instance_0006.txt,1,1,0,0,27.602836879432623,27.602836879432623,27.602836879432623,27.602836879432623,27.602836879432623,0.0,0.0,3892.0,3892.0,3892,3892,3892,0.0,0.0,141.0,141.0,141,141,141,0.0,0.0,0.30034,0.30034,0.30034,0.30034,0.30034,0.0,0.0
a,similar_smaller_multi_weighted,instance_0007.txt,1,1,0,0,26.53103448275862,26.53103448275862,26.53103448275862,26.53103448275862,26.53103448275862,0.0,0.0,3847.0,3847.0,3847,3847,3847,0.0,0.0,145.0,145.0,145,145,145,0.0,0.0,0.192748,0.192748,0.192748,0.192748,0.192748,0.0,0.0
a,similar_smaller_multi_weighted,instance_0008.txt,1,1,0,0,22.007751937984494,22.007751937984494,22.007751937984494,22.007751937984494,22.007751937984494,0.0,0.0,2839.0,2839.0,2839,2839,2839,0.0,0.0,129.0,129.0,129,129,129,0.0,0.0,0.286917,0.286917,0.286917,0.286917,0.286917,0.0,0.0
a,similar_smaller_multi_weighted,instance_0009.txt,1,1,0,0,2.303030303030303,2.303030303030303,2.303030303030303,2.303030303030303,2.303030303030303,0.0,0.0,152.0,152.0,152,152,152,0.0,0.0,66.0,66.0,66,66,66,0.0,0.0,0.023693,0.023693,0.023693,0.023693,0.023693,0.0,0.0
a,similar_smaller_multi_weighted,instance_0010.txt,1,1,0,0,5.918644067796611,5.918644067796611,5.918644067796611,5.918644067796611,5.918644067796611,0.0,0.0,1746.0,1746.0,1746,1746,1746,0.0,0.0,295.0,295.0,295,295,295,0.0,0.0,0.420785,0.420785,0.420785,0.420785,0.420785,0.0,0.0
a,similar_smaller_multi_weighted,instance_0011.txt,1,1,0,0,6.794019933554817,6.794019933554817,6.794019933554817,6.794019933554817,6.794019933554817,0.0,0.0,2045.0,2045.0,2045,2045,2045,0.0,0.0,301.0,301.0,301,301,301,0.0,0.0,0.508052,0.508052,0.508052,0.508052,0.508052,0.0,0.0
a,similar_smaller_multi_weighted,instance_0012.txt,1,1,0,0,2.185185185185185,2.185185185185185,2.185185185185185,2.185185185185185,2.185185185185185,0.0,0.0,177.0,177.0,177,177,177,0.0,0.0,81.0,81.0,81,81,81,0.0,0.0,0.043258,0.043258,0.043258,0.043258,0.043258,0.0,0.0
a,similar_smaller_multi_weighted,instance_0013.txt,1,1,0,0,12.590659340659341,12.590659340659341,12.590659340659341,12.590659340659341,12.590659340659341,0.0,0.0,4583.0,4583.0,4583,4583,4583,0.0,0.0,364.0,364.0,364,364,364,0.0,0.0,0.651713,0.651713,0.651713,0.651713,0.651713,0.0,0.0
a,similar_smaller_multi_weighted,instance_0014.txt,1,1,0,0,20.58244680851064,20.58244680851064,20.58244680851064,20.58244680851064,20.58244680851064,0.0,0.0,7739.0,7739.0,7739,7739,7739,0.0,0.0,376.0,376.0,376,376,376,0.0,0.0,1.1661,1.1661,1.1661,1.1661,1.1661,0.0,0.0
a,similar_smaller_multi_weighted,instance_0015.txt,1,1,0,0,10.725947521865889,10.725947521865889,10.725947521865889,10.725947521865889,10.725947521865889,0.0,0.0,3679.0,3679.0,3679,3679,3679,0.0,0.0,343.0,343.0,343,343,343,0.0,0.0,1.034739,1.034739,1.034739,1.034739,1.034739,0.0,0.0
a,similar_smaller_multi_weighted,instance_0016.txt,1,1,0,0,9.661971830985916,9.661971830985916,9.661971830985916,9.661971830985916,9.661971830985916,0.0,0.0,686.0,686.0,686,686,686,0.0,0.0,71.0,71.0,71,71,71,0.0,0.0,0.030422,0.030422,0.030422,0.030422,0.030422,0.0,0.0
a,similar_smaller_multi_weighted,instance_0017.txt,1,1,0,0,3.8043478260869565,3.8043478260869565,3.8043478260869565,3.8043478260869565,3.8043478260869565,0.0,0.0,175.0,175.0,175,175,175,0.0,0.0,46.0,46.0,46,46,46,0.0,0.0,0.012013,0.012013,0.012013,0.012013,0.012013,0.0,0.0
a,similar_smaller_multi_weighted,instance_0018.txt,1,1,0,0,15.855263157894736,15.855263157894736,15.855263157894736,15.855263157894736,15.855263157894736,0.0,0.0,1205.0,1205.0,1205,1205,1205,0.0,0.0,76.0,76.0,76,76,76,0.0,0.0,0.052909,0.052909,0.052909,0.052909,0.052909,0.0,0.0
a,similar_smaller_multi_weighted,instance_0019.txt,1,1,0,0,9.891089108910892,9.891089108910892,9.891089108910892,9.891089108910892,9.891089108910892,0.0,0.0,999.0,999.0,999,999,999,0.0,0.0,101.0,101.0,101,101,101,0.0,0.0,0.116422,0.116422,0.116422,0.116422,0.116422,0.0,0.0
a,similar_smaller_multi_weighted,instance_0020.txt,1,1,0,0,5.0,5.0,5.0,5.0,5.0,0.0,0.0,10.0,10.0,10,10,10,0.0,0.0,2.0,2.0,2,2,2,0.0,0.0,0.000123,0.000123,0.000123,0.000123,0.000123,0.0,0.0
a,similar_smaller_weighted,instance_0001.txt,1,1,0,0,2.6153846153846154,2.6153846153846154,2.6153846153846154,2.6153846153846154,2.6153846153846154,0.0,0.0,68.0,68.0,68,68,68,0.0,0.0,26.0,26.0,26,26,26,0.0,0.0,0.004012,0.004012,0.004012,0.004012,0.004012,0.0,0.0
a,similar_smaller_weighted,instance_0002.txt,1,1,0,0,1.0,1.0,1.0,1.0,1.0,0.0,0.0,2.0,2.0,2,2,2,0.0,0.0,2.0,2.0,2,2,2,0.0,0.0,0.000126,0.000126,0.000126,0.000126,0.000126,0.0,0.0
a,similar_smaller_weighted,instance_0003.txt,1,1,0,0,2.864864864864865,2.864864864864865,2.864864864864865,2.864864864864865,2.864864864864865,0.0,0.0,106.0,106.0,106,106,106,0.0,0.0,37.0,37.0,37,37,37,0.0,0.0,0.006999,0.006999,0.006999,0.006999,0.006999,0.0,0.0
a,similar_smaller_weighted,instance_0004.txt,1,1,0,0,1.7727272727272727,1.7727272727272727,1.7727272727272727,1.7727272727272727,1.7727272727272727,0.0,0.0,39.0,39.0,39,39,39,0.0,0.0,22.0,22.0,22,22,22,0.0,0.0,0.002002,0.002002,0.002002,0.002002,0.002002,0.0,0.0
a,similar_smaller_weighted,instance_0005.txt,1,1,0,0,31.840579710144926,31.840579710144926,31.840579710144926,31.840579710144926,31.840579710144926,0.0,0.0,4394.0,4394.0,4394,4394,4394,0.0,0.0,138.0,138.0,138,138,138,0.0,0.0,0.182374,0.182374,0.182374,0.182374,0.182374,0.0,0.0
a,similar_smaller_weighted,instance_0006.txt,1,1,0,0,26.65753424657534,26.65753424657534,26.65753424657534,26.65753424657534,26.65753424657534,0.0,0.0,3892.0,3892.0,3892,3892,3892,0.0,0.0,146.0,146.0,146,146,146,0.0,0.0,0.249528,0.249528,0.249528,0.249528,0.249528,0.0,0.0
a,similar_smaller_weighted,instance_0007.txt,1,1,0,0,25.818791946308725,25.818791946308725,25.818791946308725,25.818791946308725,25.818791946308725,0.0,0.0,3847.0,3847.0,3847,3847,3847,0.0,0.0,149.0,149.0,149,149,149,0.0,0.0,0.200507,0.200507,0.200507,0.200507,0.200507,0.0,0.0
a,similar_smaller_weighted,instance_0008.txt,1,1,0,0,21.838461538461537,21.838461538461537,21.838461538461537,21.838461538461537,21.838461538461537,0.0,0.0,2839.0,2839.0,2839,2839,2839,0.0,0.0,130.0,130.0,130,130,130,0.0,0.0,0.128892,0.128892,0.128892,0.128892,0.128892,0.0,0.0
a,similar_smaller_weighted,instance_0009.txt,1,1,0,0,2.026666666666667,2.026666666666667,2.026666666666667,2.026666666666667,2.026666666666667,0.0,0.0,152.0,152.0,152,152,152,0.0,0.0,75.0,75.0,75,75,75,0.0,0.0,0.021169,0.021169,0.021169,0.021169,0.021169,0.0,0.0
a,similar_smaller_weighted,instance_0010.txt,1,1,0,0,5.507886435331231,5.507886435331231,5.507886435331231,5.507886435331231,5.507886435331231,0.0,0.0,1746.0,1746.0,1746,1746,1746,0.0,0.0,317.0,317.0,317,317,317,0.0,0.0,0.266897,0.266897,0.266897,0.266897,0.266897,0.0,0.0
a,similar_smaller_weighted,instance_0011.txt,1,1,0,0,6.350931677018633,6.350931677018633,6.350931677018633,6.350931677018633,6.350931677018633,0.0,0.0,2045.0,2045.0,2045,2045,2045,0.0,0.0,322.0,322.0,322,322,322,0.0,0.0,0.399909,0.399909,0.399909,0.399909,0.399909,0.0,0.0
a,similar_smaller_weighted,instance_0012.txt,1,1,0,0,1.8829787234042554,1.8829787234042554,1.8829787234042554,1.8829787234042554,1.8829787234042554,0.0,0.0,177.0,177.0,177,177,177,0.0,0.0,94.0,94.0,94,94,94,0.0,0.0,0.02906,0.02906,0.02906,0.02906,0.02906,0.0,0.0
a,similar_smaller_weighted,instance_0013.txt,1,1,0,0,12.487738419618529,12.487738419618529,12.487738419618529,12.487738419618529,12.487738419618529,0.0,0.0,4583.0,4583.0,4583,4583,4583,0.0,0.0,367.0,367.0,367,367,367,0.0,0.0,0.71897,0.71897,0.71897,0.71897,0.71897,0.0,0.0
a,similar_smaller_weighted,instance_0014.txt,1,1,0,0,20.473544973544975,20.473544973544975,20.473544973544975,20.473544973544975,20.473544973544975,0.0,0.0,7739.0,7739.0,7739,7739,7739,0.0,0.0,378.0,378.0,378,378,378,0.0,0.0,1.561484,1.561484,1.561484,1.561484,1.561484,0.0,0.0
a,similar_smaller_weighted,instance_0015.txt,1,1,0,0,10.305322128851541,10.305322128851541,10.305322128851541,10.305322128851541,10.305322128851541,0.0,0.0,3679.0,3679.0,3679,3679,3679,0.0,0.0,357.0,357.0,357,357,357,0.0,0.0,0.538473,0.538473,0.538473,0.538473,0.538473,0.0,0.0
a,similar_smaller_weighted,instance_0016.txt,1,1,0,0,9.527777777777779,9.527777777777779,9.527777777777779,9.527777777777779,9.527777777777779,0.0,0.0,686.0,686.0,686,686,686,0.0,0.0,72.0,72.0,72,72,72,0.0,0.0,0.031269,0.031269,0.031269,0.031269,0.031269,0.0,0.0
a,similar_smaller_weighted,instance_0017.txt,1,1,0,0,3.8043478260869565,3.8043478260869565,3.8043478260869565,3.8043478260869565,3.8043478260869565,0.0,0.0,175.0,175.0,175,175,175,0.0,0.0,46.0,46.0,46,46,46,0.0,0.0,0.016628,0.016628,0.016628,0.016628,0.016628,0.0,0.0
a,similar_smaller_weighted,instance_0018.txt,1,1,0,0,15.855263157894736,15.855263157894736,15.855263157894736,15.855263157894736,15.855263157894736,0.0,0.0,1205.0,1205.0,1205,1205,1205,0.0,0.0,76.0,76.0,76,76,76,0.0,0.0,0.064257,0.064257,0.064257,0.064257,0.064257,0.0,0.0
a,similar_smaller_weighted,instance_0019.txt,1,1,0,0,9.60576923076923,9.60576923076923,9.60576923076923,9.60576923076923,9.60576923076923,0.0,0.0,999.0,999.0,999,999,999,0.0,0.0,104.0,104.0,104,104,104,0.0,0.0,0.077202,0.077202,0.077202,0.077202,0.077202,0.0,0.0
a,similar_smaller_weighted,instance_0020.txt,1,1,0,0,3.3333333333333335,3.3333333333333335,3.3333333333333335,3.3333333333333335,3.3333333333333335,0.0,0.0,10.0,10.0,10,10,10,0.0,0.0,3.0,3.0,3,3,3,0.0,0.0,0.000115,0.000115,0.000115,0.000115,0.000115,0.0,0.0
a,similar_weighted,instance_0001.txt,30,30,0,0,2.7212335975886703,2.7,2.6153846153846154,2.5185185185185186,2.9565217391304346,0.020379461219780112,0.1427566503521994,67.76666666666667,68.0,68,67,68,0.17888888888888888,0.42295258468165065,24.966666666666665,25.0,26,23,27,1.4988888888888885,1.2242911781471304,0.003368433333333334,0.003345,0.003345,0.00221,0.005487,5.146353788888886e-07,0.000717380916172774
a,similar_weighted,instance_0002.txt,30,30,0,0,1.5333333333333334,2.0,2.0,1.0,2.0,0.24888888888888897,0.4988876515698589,2.0,2.0,2,2,2,0.0,0.0,1.4666666666666666,1.0,1,1,2,0.24888888888888897,0.4988876515698589,0.00013956666666666668,0.0001355,0.000133,0.000108,0.000225,4.468455555555555e-10,2.1138721710537642e-05
a,similar_weighted,instance_0003.txt,30,30,0,0,2.8179139807697595,2.864864864864865,2.864864864864865,2.4651162790697674,2.9444444444444446,0.01628454592130059,0.12761091615257916,106.0,106.0,106,106,106,0.0,0.0,37.7,37.0,37,36,43,3.4100000000000015,1.8466185312619392,0.0059462333333333344,0.005874000000000001,0.00656,0.002825,0.009084,1.3782377122222223e-06,0.0011739836933374426
a,similar_weighted,instance_0004.txt,30,30,0,0,1.8553391053391053,1.7727272727272727,1.7727272727272727,1.7619047619047619,2.0,0.01212248750127538,0.11010216846763456,39.233333333333334,39.0,39,37,40,0.5788888888888889,0.7608474807008885,21.2,22.0,22,20,22,0.8933333333333332,0.9451631252505216,0.0018799666666666666,0.001751,0.001365,0.001234,0.003745,4.242570988888889e-07,0.0006513502121661502
a,similar_weighted,instance_0005.txt,30,30,0,0,31.84613526570048,31.847826086956523,31.847826086956523,31.840579710144926,31.847826086956523,9.393451422445074e-06,0.0030648738020422756,4394.766666666666,4395.0,4395,4394,4395,0.1788888888888889,0.4229525846816507,138.0,138.0,138,138,138,0.0,0.0,0.2239209,0.248391,0.192018,0.129039,0.265287,0.0015741783508233334,0.03967591650892684
a,similar_weighted,instance_0006.txt,30,30,0,0,26.657534246575338,26.65753424657534,26.65753424657534,26.65753424657534,26.65753424657534,1.262177448353619e-29,3.552713678800501e-15,3892.0,3892.0,3892,3892,3892,0.0,0.0,146.0,146.0,146,146,146,0.0,0.0,0.2441802,0.26390800000000003,0.182136,0.142267,0.292838,0.0017591334020933332,0.041942024296561235
a,similar_weighted,instance_0007.txt,30,30,0,0,25.818791946308718,25.818791946308725,25.818791946308725,25.818791946308725,25.818791946308725,5.048709793414476e-29,7.105427357601002e-15,3847.0,3847.0,3847,3847,3847,0.0,0.0,149.0,149.0,149,149,149,0.0,0.0,0.25278090000000003,0.267093,0.266868,0.152725,0.301709,0.00177933950229,0.042182217844608405
a,similar_weighted,instance_0008.txt,30,30,0,0,21.77775105725487,21.846153846153847,21.846153846153847,21.507575757575758,21.846153846153847,0.008848387279784497,0.09406586670936752,2839.766666666667,2840.0,2840,2839,2840,0.1788888888888889,0.4229525846816507,130.4,130.0,130,130,132,0.30666666666666653,0.5537749241945382,0.1321726,0.1316305,0.157071,0.080261,0.165233,0.0006518425489733333,0.02553120735439931
a,similar_weighted,instance_0009.txt,30,30,0,0,2.0292813852813847,2.026666666666667,2.026666666666667,1.9870129870129871,2.1714285714285713,0.0007678143962819259,0.027709464020112803,152.03333333333333,152.0,152,152,153,0.032222222222222215,0.17950549357115012,74.93333333333334,75.0,75,70,77,0.995555555555556,0.997775303139718,0.0183999,0.019608,0.020124,0.009632,0.024236,1.3514721290000002e-05,0.0036762373821612776
a,similar_weighted,instance_0010.txt,30,30,0,0,5.507323670749495,5.507886435331231,5.507886435331231,5.4733542319749215,5.525316455696203,8.981270416339674e-05,0.009476956482088367,1746.0,1746.0,1746,1746,1746,0.0,0.0,317.03333333333336,317.0,317,316,319,0.2988888888888889,0.5467073155618909,0.2772232333333333,0.284266,0.16916,0.16916,0.346815,0.0027589310691788897,0.05252552778581944
a,similar_weighted,instance_0011.txt,30,30,0,0,6.359753352698927,6.350931677018633,6.350931677018633,6.350931677018633,6.390625,0.0001161305461355972,0.010776388362322378,2044.8666666666666,2045.0,2045,2044,2045,0.11555555555555554,0.339934634239519,321.53333333333336,322.0,322,320,322,0.31555555555555564,0.5617433182117573,0.298109,0.2825345,0.202074,0.176181,0.37721,0.0028772919779999997,0.05364039502091684
a,similar_weighted,instance_0012.txt,30,30,0,0,1.9099800148435202,1.8829787234042554,1.8829787234042554,1.8631578947368421,2.158536585365854,0.005019067232761745,0.07084537552135457,176.83333333333334,177.0,177,176,177,0.13888888888888887,0.3726779962499649,92.7,94.0,94,82,95,9.876666666666667,3.142716447067197,0.022603166666666667,0.0241855,0.025383,0.012396,0.03281,2.3767974072222223e-05,0.004875240924531035
a,similar_weighted,instance_0013.txt,30,30,0,0,12.487738419618532,12.487738419618529,12.487738419618529,12.487738419618529,12.487738419618529,1.262177448353619e-29,3.552713678800501e-15,4583.0,4583.0,4583,4583,4583,0.0,0.0,367.0,367.0,367,367,367,0.0,0.0,0.7974291,0.804082,0.469377,0.457749,1.001245,0.024382352973290004,0.15614849654508367
a,similar_weighted,instance_0014.txt,30,30,0,0,20.47354497354498,20.473544973544975,20.473544973544975,20.473544973544975,20.473544973544975,1.262177448353619e-29,3.552713678800501e-15,7739.0,7739.0,7739,7739,7739,0.0,0.0,378.0,378.0,378,378,378,0.0,0.0,1.5253536,1.5658444999999999,1.545155,0.781814,2.12283,0.10599733768364002,0.3255723232764727
a,similar_weighted,instance_0015.txt,30,30,0,0,10.305322128851536,10.305322128851541,10.305322128851541,10.305322128851541,10.305322128851541,2.8398992587956425e-29,5.329070518200751e-15,3679.0,3679.0,3679,3679,3679,0.0,0.0,357.0,357.0,357,357,357,0.0,0.0,0.6483257000000001,0.6848405,0.779298,0.486921,0.779298,0.007825063769076667,0.08845939050816859
a,similar_weighted,instance_0016.txt,30,30,0,0,9.527777777777777,9.527777777777779,9.527777777777779,9.527777777777779,9.527777777777779,3.1554436208840472e-30,1.7763568394002505e-15,686.0,686.0,686,686,686,0.0,0.0,72.0,72.0,72,72,72,0.0,0.0,0.03710063333333334,0.0387555,0.038458,0.018984,0.051362,6.73776220322222e-05,0.008208387297893673
a,similar_weighted,instance_0017.txt,30,30,0,0,3.7935553499845818,3.8043478260869565,3.8043478260869565,3.723404255319149,3.8043478260869565,0.0007571040127320901,0.02751552312299532,175.0,175.0,175,175,175,0.0,0.0,46.13333333333333,46.0,46,46,47,0.11555555555555554,0.339934634239519,0.010055166666666667,0.009994,0.010354,0.005995,0.015208,2.384867805555555e-06,0.0015443017210233093
a,similar_weighted,instance_0018.txt,30,30,0,0,15.848399407609934,15.855263157894736,15.855263157894736,15.64935064935065,15.855263157894736,0.001366220971191818,0.036962426478679915,1205.0,1205.0,1205,1205,1205,0.0,0.0,76.03333333333333,76.0,76,76,77,0.03222222222222222,0.17950549357115014,0.05411816666666667,0.0579845,0.031662,0.031662,0.079415,0.00016373748720555556,0.012795994967393335
a,similar_weighted,instance_0019.txt,30,30,0,0,9.608937106582736,9.60576923076923,9.60576923076923,9.514285714285714,9.699029126213592,0.0008487662289894091,0.02913359279233183,999.0,999.0,999,999,999,0.0,0.0,103.96666666666667,104.0,104,103,105,0.09888888888888886,0.3144660377352201,0.0599478,0.0590695,0.047737,0.03425,0.090248,0.0001936537716933333,0.013915953854958463
a,similar_weighted,instance_0020.txt,30,30,0,0,3.588888888888889,3.666666666666667,4.0,3.0,4.0,0.18283950617283945,0.42759736455319675,11.466666666666667,12.0,12,10,12,0.7822222222222222,0.8844332774281066,3.2333333333333334,3.0,3,3,4,0.17888888888888885,0.42295258468165065,0.00010010000000000002,9.5e-05,9.5e-05,8.7e-05,0.000214,4.966233333333334e-10,2.2285047303816372e-05
a,smaller,instance_0001.txt,1,1,0,0,2.2758620689655173,2.2758620689655173,2.2758620689655173,2.2758620689655173,2.2758620689655173,0.0,0.0,66.0,66.0,66,66,66,0.0,0.0,29.0,29.0,29,29,29,0.0,0.0,0.00383,0.00383,0.00383,0.00383,0.00383,0.0,0.0
a,smaller,instance_0002.txt,1,1,0,0,1.0,1.0,1.0,1.0,1.0,0.0,0.0,2.0,2.0,2,2,2,0.0,0.0,2.0,2.0,2,2,2,0.0,0.0,0.000108,0.000108,0.000108,0.000108,0.000108,0.0,0.0
a,smaller,instance_0003.txt,1,1,0,0,2.6666666666666665,2.6666666666666665,2.6666666666666665,2.6666666666666665,2.6666666666666665,0.0,0.0,104.0,104.0,104,104,104,0.0,0.0,39.0,39.0,39,39,39,0.0,0.0,0.005753,0.005753,0.005753,0.005753,0.005753,0.0,0.0
a,smaller,instance_0004.txt,1,1,0,0,1.6363636363636365,1.6363636363636365,1.6363636363636365,1.6363636363636365,1.6363636363636365,0.0,0.0,36.0,36.0,36,36,36,0.0,0.0,22.0,22.0,22,22,22,0.0,0.0,0.001188,0.001188,0.001188,0.001188,0.001188,0.0,0.0
a,smaller,instance_0005.txt,1,1,0,0,31.156028368794328,31.156028368794328,31.156028368794328,31.156028368794328,31.156028368794328,0.0,0.0,4393.0,4393.0,4393,4393,4393,0.0,0.0,141.0,141.0,141,141,141,0.0,0.0,0.259523,0.259523,0.259523,0.259523,0.259523,0.0,0.0
a,smaller,instance_0006.txt,1,1,0,0,26.120805369127517,26.120805369127517,26.120805369127517,26.120805369127517,26.120805369127517,0.0,0.0,3892.0,3892.0,3892,3892,3892,0.0,0.0,149.0,149.0,149,149,149,0.0,0.0,0.18656,0.18656,0.18656,0.18656,0.18656,0.0,0.0
a,smaller,instance_0007.txt,1,1,0,0,25.818791946308725,25.818791946308725,25.818791946308725,25.818791946308725,25.818791946308725,0.0,0.0,3847.0,3847.0,3847,3847,3847,0.0,0.0,149.0,149.0,149,149,149,0.0,0.0,0.245879,0.245879,0.245879,0.245879,0.245879,0.0,0.0
a,smaller,instance_0008.txt,1,1,0,0,20.120567375886523,20.120567375886523,20.120567375886523,20.120567375886523,20.120567375886523,0.0,0.0,2837.0,2837.0,2837,2837,2837,0.0,0.0,141.0,141.0,141,141,141,0.0,0.0,0.235904,0.235904,0.235904,0.235904,0.235904,0.0,0.0
a,smaller,instance_0009.txt,1,1,0,0,1.7078651685393258,1.7078651685393258,1.7078651685393258,1.7078651685393258,1.7078651685393258,0.0,0.0,152.0,152.0,152,152,152,0.0,0.0,89.0,89.0,89,89,89,0.0,0.0,0.02526,0.02526,0.02526,0.02526,0.02526,0.0,0.0
a,smaller,instance_0010.txt,1,1,0,0,5.470219435736677,5.470219435736677,5.470219435736677,5.470219435736677,5.470219435736677,0.0,0.0,1745.0,1745.0,1745,1745,1745,0.0,0.0,319.0,319.0,319,319,319,0.0,0.0,0.299072,0.299072,0.299072,0.299072,0.299072,0.0,0.0
a,smaller,instance_0011.txt,1,1,0,0,6.401253918495298,6.401253918495298,6.401253918495298,6.401253918495298,6.401253918495298,0.0,0.0,2042.0,2042.0,2042,2042,2042,0.0,0.0,319.0,319.0,319,319,319,0.0,0.0,0.449509,0.449509,0.449509,0.449509,0.449509,0.0,0.0
a,smaller,instance_0012.txt,1,1,0,0,1.7777777777777777,1.7777777777777777,1.7777777777777777,1.7777777777777777,1.7777777777777777,0.0,0.0,176.0,176.0,176,176,176,0.0,0.0,99.0,99.0,99,99,99,0.0,0.0,0.021881,0.021881,0.021881,0.021881,0.021881,0.0,0.0
a,smaller,instance_0013.txt,1,1,0,0,12.386486486486486,12.386486486486486,12.386486486486486,12.386486486486486,12.386486486486486,0.0,0.0,4583.0,4583.0,4583,4583,4583,0.0,0.0,370.0,370.0,370,370,370,0.0,0.0,0.862499,0.862499,0.862499,0.862499,0.862499,0.0,0.0
a,smaller,instance_0014.txt,1,1,0,0,20.153645833333332,20.153645833333332,20.153645833333332,20.153645833333332,20.153645833333332,0.0,0.0,7739.0,7739.0,7739,7739,7739,0.0,0.0,384.0,384.0,384,384,384,0.0,0.0,1.610141,1.610141,1.610141,1.610141,1.610141,0.0,0.0
a,smaller,instance_0015.txt,1,1,0,0,10.305322128851541,10.305322128851541,10.305322128851541,10.305322128851541,10.305322128851541,0.0,0.0,3679.0,3679.0,3679,3679,3679,0.0,0.0,357.0,357.0,357,357,357,0.0,0.0,0.625965,0.625965,0.625965,0.625965,0.625965,0.0,0.0
a,smaller,instance_0016.txt,1,1,0,0,9.527777777777779,9.527777777777779,9.527777777777779,9.527777777777779,9.527777777777779,0.0,0.0,686.0,686.0,686,686,686,0.0,0.0,72.0,72.0,72,72,72,0.0,0.0,0.039774,0.039774,0.039774,0.039774,0.039774,0.0,0.0
a,smaller,instance_0017.txt,1,1,0,0,3.8043478260869565,3.8043478260869565,3.8043478260869565,3.8043478260869565,3.8043478260869565,0.0,0.0,175.0,175.0,175,175,175,0.0,0.0,46.0,46.0,46,46,46,0.0,0.0,0.009835,0.009835,0.009835,0.009835,0.009835,0.0,0.0
a,smaller,instance_0018.txt,1,1,0,0,15.253164556962025,15.253164556962025,15.253164556962025,15.253164556962025,15.253164556962025,0.0,0.0,1205.0,1205.0,1205,1205,1205,0.0,0.0,79.0,79.0,79,79,79,0.0,0.0,0.067028,0.067028,0.067028,0.067028,0.067028,0.0,0.0
a,smaller,instance_0019.txt,1,1,0,0,9.0,9.0,9.0,9.0,9.0,0.0,0.0,999.0,999.0,999,999,999,0.0,0.0,111.0,111.0,111,111,111,0.0,0.0,0.084362,0.084362,0.084362,0.084362,0.084362,0.0,0.0
a,smaller,instance_0020.txt,1,1,0,0,3.3333333333333335,3.3333333333333335,3.3333333333333335,3.3333333333333335,3.3333333333333335,0.0,0.0,10.0,10.0,10,10,10,0.0,0.0,3.0,3.0,3,3,3,0.0,0.0,0.000106,0.000106,0.000106,0.000106,0.000106,0.0,0.0
a,smaller_exact,instance_0001.txt,1,1,0,0,2.4444444444444446,2.4444444444444446,2.4444444444444446,2.4444444444444446,2.4444444444444446,0.0,0.0,66.0,66.0,66,66,66,0.0,0.0,27.0,27.0,27,27,27,0.0,0.0,0.023496,0.023496,0.023496,0.023496,0.023496,0.0,0.0
a,smaller_exact,instance_0002.txt,1,1,0,0,1.0,1.0,1.0,1.0,1.0,0.0,0.0,2.0,2.0,2,2,2,0.0,0.0,2.0,2.0,2,2,2,0.0,0.0,0.003926,0.003926,0.003926,0.003926,0.003926,0.0,0.0
a,smaller_exact,instance_0003.txt,1,1,0,0,2.9714285714285715,2.9714285714285715,2.9714285714285715,2.9714285714285715,2.9714285714285715,0.0,0.0,104.0,104.0,104,104,104,0.0,0.0,35.0,35.0,35,35,35,0.0,0.0,0.027667,0.027667,0.027667,0.027667,0.027667,0.0,0.0
a,smaller_exact,instance_0004.txt,1,1,0,0,1.7142857142857142,1.7142857142857142,1.7142857142857142,1.7142857142857142,1.7142857142857142,0.0,0.0,36.0,36.0,36,36,36,0.0,0.0,21.0,21.0,21,21,21,0.0,0.0,0.010797,0.010797,0.010797,0.010797,0.010797,0.0,0.0
a,smaller_exact,instance_0005.txt,1,1,0,0,31.156028368794328,31.156028368794328,31.156028368794328,31.156028368794328,31.156028368794328,0.0,0.0,4393.0,4393.0,4393,4393,4393,0.0,0.0,141.0,141.0,141,141,141,0.0,0.0,0.481528,0.481528,0.481528,0.481528,0.481528,0.0,0.0
a,smaller_exact,instance_0006.txt,1,1,0,0,26.841379310344827,26.841379310344827,26.841379310344827,26.841379310344827,26.841379310344827,0.0,0.0,3892.0,3892.0,3892,3892,3892,0.0,0.0,145.0,145.0,145,145,145,0.0,0.0,0.554656,0.554656,0.554656,0.554656,0.554656,0.0,0.0
a,smaller_exact,instance_0007.txt,1,1,0,0,26.53103448275862,26.53103448275862,26.53103448275862,26.53103448275862,26.53103448275862,0.0,0.0,3847.0,3847.0,3847,3847,3847,0.0,0.0,145.0,145.0,145,145,145,0.0,0.0,0.858736,0.858736,0.858736,0.858736,0.858736,0.0,0.0
a,smaller_exact,instance_0008.txt,1,1,0,0,20.41007194244604,20.41007194244604,20.41007194244604,20.41007194244604,20.41007194244604,0.0,0.0,2837.0,2837.0,2837,2837,2837,0.0,0.0,139.0,139.0,139,139,139,0.0,0.0,0.571322,0.571322,0.571322,0.571322,0.571322,0.0,0.0
a,smaller_exact,instance_0009.txt,1,1,0,0,2.026666666666667,2.026666666666667,2.026666666666667,2.026666666666667,2.026666666666667,0.0,0.0,152.0,152.0,152,152,152,0.0,0.0,75.0,75.0,75,75,75,0.0,0.0,0.067275,0.067275,0.067275,0.067275,0.067275,0.0,0.0
a,smaller_exact,instance_0010.txt,1,1,0,0,5.7781456953642385,5.7781456953642385,5.7781456953642385,5.7781456953642385,5.7781456953642385,0.0,0.0,1745.0,1745.0,1745,1745,1745,0.0,0.0,302.0,302.0,302,302,302,0.0,0.0,0.845203,0.845203,0.845203,0.845203,0.845203,0.0,0.0
a,smaller_exact,instance_0011.txt,1,1,0,0,6.829431438127091,6.829431438127091,6.829431438127091,6.829431438127091,6.829431438127091,0.0,0.0,2042.0,2042.0,2042,2042,2042,0.0,0.0,299.0,299.0,299,299,299,0.0,0.0,1.16245,1.16245,1.16245,1.16245,1.16245,0.0,0.0
a,smaller_exact,instance_0012.txt,1,1,0,0,2.0952380952380953,2.0952380952380953,2.0952380952380953,2.0952380952380953,2.0952380952380953,0.0,0.0,176.0,176.0,176,176,176,0.0,0.0,84.0,84.0,84,84,84,0.0,0.0,0.083178,0.083178,0.083178,0.083178,0.083178,0.0,0.0
a,smaller_exact,instance_0013.txt,1,1,0,0,12.453804347826088,12.453804347826088,12.453804347826088,12.453804347826088,12.453804347826088,0.0,0.0,4583.0,4583.0,4583,4583,4583,0.0,0.0,368.0,368.0,368,368,368,0.0,0.0,2.868051,2.868051,2.868051,2.868051,2.868051,0.0,0.0
a,smaller_exact,instance_0014.txt,1,1,0,0,20.52785145888594,20.52785145888594,20.52785145888594,20.52785145888594,20.52785145888594,0.0,0.0,7739.0,7739.0,7739,7739,7739,0.0,0.0,377.0,377.0,377,377,377,0.0,0.0,5.033732,5.033732,5.033732,5.033732,5.033732,0.0,0.0
a,smaller_exact,instance_0015.txt,1,1,0,0,10.725947521865889,10.725947521865889,10.725947521865889,10.725947521865889,10.725947521865889,0.0,0.0,3679.0,3679.0,3679,3679,3679,0.0,0.0,343.0,343.0,343,343,343,0.0,0.0,1.972588,1.972588,1.972588,1.972588,1.972588,0.0,0.0
a,smaller_exact,instance_0016.txt,1,1,0,0,9.661971830985916,9.661971830985916,9.661971830985916,9.661971830985916,9.661971830985916,0.0,0.0,686.0,686.0,686,686,686,0.0,0.0,71.0,71.0,71,71,71,0.0,0.0,0.062366,0.062366,0.062366,0.062366,0.062366,0.0,0.0
a,smaller_exact,instance_0017.txt,1,1,0,0,3.8043478260869565,3.8043478260869565,3.8043478260869565,3.8043478260869565,3.8043478260869565,0.0,0.0,175.0,175.0,175,175,175,0.0,0.0,46.0,46.0,46,46,46,0.0,0.0,0.024054,0.024054,0.024054,0.024054,0.024054,0.0,0.0
a,smaller_exact,instance_0018.txt,1,1,0,0,15.253164556962025,15.253164556962025,15.253164556962025,15.253164556962025,15.253164556962025,0.0,0.0,1205.0,1205.0,1205,1205,1205,0.0,0.0,79.0,79.0,79,79,79,0.0,0.0,0.139934,0.139934,0.139934,0.139934,0.139934,0.0,0.0
a,smaller_exact,instance_0019.txt,1,1,0,0,9.514285714285714,9.514285714285714,9.514285714285714,9.514285714285714,9.514285714285714,0.0,0.0,999.0,999.0,999,999,999,0.0,0.0,105.0,105.0,105,105,105,0.0,0.0,0.179115,0.179115,0.179115,0.179115,0.179115,0.0,0.0
a,smaller_exact,instance_0020.txt,1,1,0,0,5.0,5.0,5.0,5.0,5.0,0.0,0.0,10.0,10.0,10,10,10,0.0,0.0,2.0,2.0,2,2,2,0.0,0.0,0.00387,0.00387,0.00387,0.00387,0.00387,0.0,0.0
a,smaller_multi,instance_0001.txt,1,1,0,0,2.357142857142857,2.357142857142857,2.357142857142857,2.357142857142857,2.357142857142857,0.0,0.0,66.0,66.0,66,66,66,0.0,0.0,28.0,28.0,28,28,28,0.0,0.0,0.005149,0.005149,0.005149,0.005149,0.005149,0.0,0.0
a,smaller_multi,instance_0002.txt,1,1,0,0,1.0,1.0,1.0,1.0,1.0,0.0,0.0,2.0,2.0,2,2,2,0.0,0.0,2.0,2.0,2,2,2,0.0,0.0,0.00015,0.00015,0.00015,0.00015,0.00015,0.0,0.0
a,smaller_multi,instance_0003.txt,1,1,0,0,2.810810810810811,2.810810810810811,2.810810810810811,2.810810810810811,2.810810810810811,0.0,0.0,104.0,104.0,104,104,104,0.0,0.0,37.0,37.0,37,37,37,0.0,0.0,0.009254,0.009254,0.009254,0.009254,0.009254,0.0,0.0
a,smaller_multi,instance_0004.txt,1,1,0,0,1.6363636363636365,1.6363636363636365,1.6363636363636365,1.6363636363636365,1.6363636363636365,0.0,0.0,36.0,36.0,36,36,36,0.0,0.0,22.0,22.0,22,22,22,0.0,0.0,0.002081,0.002081,0.002081,0.002081,0.002081,0.0,0.0
a,smaller_multi,instance_0005.txt,1,1,0,0,31.156028368794328,31.156028368794328,31.156028368794328,31.156028368794328,31.156028368794328,0.0,0.0,4393.0,4393.0,4393,4393,4393,0.0,0.0,141.0,141.0,141,141,141,0.0,0.0,0.201698,0.201698,0.201698,0.201698,0.201698,0.0,0.0
a,smaller_multi,instance_0006.txt,1,1,0,0,26.65753424657534,26.65753424657534,26.65753424657534,26.65753424657534,26.65753424657534,0.0,0.0,3892.0,3892.0,3892,3892,3892,0.0,0.0,146.0,146.0,146,146,146,0.0,0.0,0.394704,0.394704,0.394704,0.394704,0.394704,0.0,0.0
a,smaller_multi,instance_0007.txt,1,1,0,0,26.53103448275862,26.53103448275862,26.53103448275862,26.53103448275862,26.53103448275862,0.0,0.0,3847.0,3847.0,3847,3847,3847,0.0,0.0,145.0,145.0,145,145,145,0.0,0.0,0.320187,0.320187,0.320187,0.320187,0.320187,0.0,0.0
a,smaller_multi,instance_0008.txt,1,1,0,0,20.41007194244604,20.41007194244604,20.41007194244604,20.41007194244604,20.41007194244604,0.0,0.0,2837.0,2837.0,2837,2837,2837,0.0,0.0,139.0,139.0,139,139,139,0.0,0.0,0.29255,0.29255,0.29255,0.29255,0.29255,0.0,0.0
a,smaller_multi,instance_0009.txt,1,1,0,0,1.9240506329113924,1.9240506329113924,1.9240506329113924,1.9240506329113924,1.9240506329113924,0.0,0.0,152.0,152.0,152,152,152,0.0,0.0,79.0,79.0,79,79,79,0.0,0.0,0.030112,0.030112,0.030112,0.030112,0.030112,0.0,0.0
a,smaller_multi,instance_0010.txt,1,1,0,0,5.759075907590759,5.759075907590759,5.759075907590759,5.759075907590759,5.759075907590759,0.0,0.0,1745.0,1745.0,1745,1745,1745,0.0,0.0,303.0,303.0,303,303,303,0.0,0.0,0.592967,0.592967,0.592967,0.592967,0.592967,0.0,0.0
a,smaller_multi,instance_0011.txt,1,1,0,0,6.806666666666667,6.806666666666667,6.806666666666667,6.806666666666667,6.806666666666667,0.0,0.0,2042.0,2042.0,2042,2042,2042,0.0,0.0,300.0,300.0,300,300,300,0.0,0.0,0.375665,0.375665,0.375665,0.375665,0.375665,0.0,0.0
a,smaller_multi,instance_0012.txt,1,1,0,0,2.046511627906977,2.046511627906977,2.046511627906977,2.046511627906977,2.046511627906977,0.0,0.0,176.0,176.0,176,176,176,0.0,0.0,86.0,86.0,86,86,86,0.0,0.0,0.053325,0.053325,0.053325,0.053325,0.053325,0.0,0.0
a,smaller_multi,instance_0013.txt,1,1,0,0,12.453804347826088,12.453804347826088,12.453804347826088,12.453804347826088,12.453804347826088,0.0,0.0,4583.0,4583.0,4583,4583,4583,0.0,0.0,368.0,368.0,368,368,368,0.0,0.0,0.911765,0.911765,0.911765,0.911765,0.911765,0.0,0.0
a,smaller_multi,instance_0014.txt,1,1,0,0,20.473544973544975,20.473544973544975,20.473544973544975,20.473544973544975,20.473544973544975,0.0,0.0,7739.0,7739.0,7739,7739,7739,0.0,0.0,378.0,378.0,378,378,378,0.0,0.0,1.057658,1.057658,1.057658,1.057658,1.057658,0.0,0.0
a,smaller_multi,instance_0015.txt,1,1,0,0,10.663768115942029,10.663768115942029,10.663768115942029,10.663768115942029,10.663768115942029,0.0,0.0,3679.0,3679.0,3679,3679,3679,0.0,0.0,345.0,345.0,345,345,345,0.0,0.0,1.159256,1.159256,1.159256,1.159256,1.159256,0.0,0.0
a,smaller_multi,instance_0016.txt,1,1,0,0,9.661971830985916,9.661971830985916,9.661971830985916,9.661971830985916,9.661971830985916,0.0,0.0,686.0,686.0,686,686,686,0.0,0.0,71.0,71.0,71,71,71,0.0,0.0,0.030784,0.030784,0.030784,0.030784,0.030784,0.0,0.0
a,smaller_multi,instance_0017.txt,1,1,0,0,3.8043478260869565,3.8043478260869565,3.8043478260869565,3.8043478260869565,3.8043478260869565,0.0,0.0,175.0,175.0,175,175,175,0.0,0.0,46.0,46.0,46,46,46,0.0,0.0,0.012055,0.012055,0.012055,0.012055,0.012055,0.0,0.0
a,smaller_multi,instance_0018.txt,1,1,0,0,15.253164556962025,15.253164556962025,15.253164556962025,15.253164556962025,15.253164556962025,0.0,0.0,1205.0,1205.0,1205,1205,1205,0.0,0.0,79.0,79.0,79,79,79,0.0,0.0,0.049325,0.049325,0.049325,0.049325,0.049325,0.0,0.0
a,smaller_multi,instance_0019.txt,1,1,0,0,9.336448598130842,9.336448598130842,9.336448598130842,9.336448598130842,9.336448598130842,0.0,0.0,999.0,999.0,999,999,999,0.0,0.0,107.0,107.0,107,107,107,0.0,0.0,0.155099,0.155099,0.155099,0.155099,0.155099,0.0,0.0
a,smaller_multi,instance_0020.txt,1,1,0,0,5.0,5.0,5.0,5.0,5.0,0.0,0.0,10.0,10.0,10,10,10,0.0,0.0,2.0,2.0,2,2,2,0.0,0.0,0.000103,0.000103,0.000103,0.000103,0.000103,0.0,0.0
