instance,algorithm,num_orders,num_aisles,num_items,selected_orders,visited_aisles,selected_items,objective,feasible
instance_0001.txt,aisle_first_desc,11,3,24,60|19|41|23|24|42|55|57|11|26|33,15|71|97,5|7|11|16|17|28|52|62|68|69|75|77|83|87|90|92|109|113|114|119|130|134|139|140,12.0,True
instance_0001.txt,dinkelbach_mip,12,3,28,11|19|23|24|26|29|41|42|46|55|57|60,43|71|97,5|7|11|12|16|17|28|39|52|62|68|69|75|77|83|87|90|92|104|109|113|114|119|126|128|130|139|141,15.0,True
instance_0001.txt,random,20,21,42,46|20|42|17|9|41|11|15|38|3|44|24|57|5|28|4|48|33|23|54,97|71|43|64|15|25|9|10|13|91|112|23|32|66|69|88|89|16|54|83|45,3|7|9|15|16|17|27|28|29|38|41|45|46|50|52|61|63|65|66|69|76|77|81|90|94|100|109|110|117|119|124|128|129|132|133|134|139|140|141|143|147|152,3.238095238095238,True
instance_0001.txt,smaller_multi,9,15,34,53|52|14|28|60|29|32|2|49,99|89|71|87|39|2|43|52|97|6|32|1|53|69|81,2|8|11|12|19|21|26|37|39|43|45|50|54|59|60|64|65|67|72|73|84|93|95|98|104|107|110|112|113|120|122|126|142|144,4.533333333333333,True
instance_0002.txt,aisle_first_desc,0,0,0,,,,0.0,False
instance_0002.txt,dinkelbach_mip,1,1,1,4,23,4,2.0,True
instance_0002.txt,random,1,1,1,1,0,0,2.0,True
instance_0002.txt,smaller_multi,1,1,1,1,0,0,2.0,True
instance_0003.txt,aisle_first_desc,9,4,22,72|10|63|19|4|9|41|29|44,7|16|70|102,32|33|59|61|71|80|88|90|99|115|118|128|137|145|162|165|181|205|208|210|218|219,9.25,True
instance_0003.txt,dinkelbach_mip,9,4,23,4|9|10|19|22|29|57|63|72,7|16|89|102,33|55|61|70|71|80|88|90|99|115|118|128|137|138|145|165|181|185|198|201|205|218|219,12.0,True
instance_0003.txt,random,21,36,84,69|44|79|30|35|8|34|55|61|51|70|21|0|78|41|72|12|53|56|10|3,16|43|70|61|91|35|102|55|26|83|0|21|29|58|74|93|99|100|105|121|5|14|32|36|54|72|92|103|30|33|48|62|75|84|106|116,1|4|8|9|12|14|21|31|32|33|39|44|46|47|51|58|59|60|64|66|67|79|82|86|89|91|92|96|97|102|105|107|108|112|117|125|126|127|128|135|136|137|141|142|146|147|148|150|151|153|154|155|157|160|162|164|169|170|177|178|183|186|189|197|199|205|207|208|209|210|211|213|214|217|218|225|227|231|232|233|238|240|241|245,2.9166666666666665,True
instance_0003.txt,smaller_multi,12,20,48,13|18|35|71|72|65|22|55|34|33|57|78,16|61|35|89|46|48|70|90|117|0|91|43|58|66|74|6|60|75|78|82,6|10|16|35|51|55|57|60|65|66|70|76|85|86|96|106|107|110|113|114|127|128|134|137|138|141|142|144|152|157|160|163|164|178|185|188|189|198|199|200|201|202|209|227|233|235|240|243,5.3,True
instance_0004.txt,aisle_first_desc,1,2,3,10,19|23,13|19|34,3.5,True
instance_0004.txt,dinkelbach_mip,1,2,3,10,19|23,13|19|34,3.5,True
instance_0004.txt,random,7,18,29,9|12|10|11|8|1|5,2|19|23|39|16|28|32|74|90|7|27|48|55|11|13|46|50|54,0|4|5|7|9|12|13|19|20|23|24|25|26|31|32|34|35|36|37|38|39|40|43|47|48|52|53|56|57,2.1666666666666665,True
instance_0004.txt,smaller_multi,6,19,30,9|11|12|10|8|14,2|23|39|16|32|90|27|38|54|58|7|10|11|12|13|46|48|50|67,0|4|5|7|9|10|12|13|19|20|21|23|24|25|28|31|33|34|35|36|37|38|39|43|45|47|52|53|56|57,2.1052631578947367,True
instance_0005.txt,aisle_first_desc,387,8,596,554|1997|459|245|1867|1466|2399|2488|2589|2513|2561|434|731|181|268|367|1096|1421|1669|143|465|539|998|1320|1718|1818|16|217|468|740|1357|1434|1846|1928|1963|68|98|175|674|714|855|986|1002|1246|1335|1564|1581|1728|1794|1842|2001|2255|2328|2339|2485|2543|198|225|239|297|341|359|488|559|564|684|823|884|904|940|968|1007|1062|1159|1164|1178|1207|1225|1253|1396|1461|1485|1494|1521|1562|1622|1732|1783|1834|1887|1988|2039|2066|2079|2115|2117|2214|2216|2271|2276|2332|2386|2500|2603|57|119|125|140|151|171|195|230|234|238|248|263|317|363|385|388|397|432|446|460|472|483|521|551|613|625|626|629|661|662|713|745|749|777|787|802|804|819|824|825|853|864|876|957|975|990|997|1001|1028|1034|1089|1112|1113|1134|1139|1226|1278|1400|1499|1502|1513|1528|1544|1585|1589|1592|1627|1643|1649|1677|1714|1729|1733|1788|1860|1877|1892|1929|1959|1965|1992|1994|2049|2059|2070|2071|2120|2124|2129|2145|2201|2218|2227|2259|2282|2290|2309|2313|2317|2343|2351|2365|2366|2369|2379|2395|2423|2436|2507|2521|2522|2529|2588|30|83|93|105|120|122|124|133|135|142|146|170|190|197|204|267|311|330|337|352|354|376|378|429|441|450|453|461|477|499|514|519|535|552|572|577|583|594|638|647|652|655|656|668|673|692|694|708|744|764|799|813|867|877|888|910|920|928|953|996|1036|1063|1088|1093|1102|1107|1109|1121|1137|1143|1146|1149|1153|1163|1177|1189|1190|1206|1208|1220|1254|1294|1306|1314|1322|1331|1343|1346|1356|1374|1377|1399|1411|1414|1435|1445|1448|1449|1460|1484|1500|1505|1517|1582|1584|1596|1602|1613|1663|1681|1696|1712|1736|1739|1743|1767|1773|1797|1810|1832|1843|1844|1849|1855|1868|1869|1908|1939|1993|2007|2012|2051|2094|2095|2108|2151|2176|2205|2207|2230|2231|2275|2287|2294|2303|2333|2335|2338|2361|2373|2381|2394|2403|2412|2416|2417|2447|2455|2465|2469|2490|2494|2495|2510|2512|2520|2550|2569|2586|2612,5|23|43|57|96|122|131|146,8|25|40|45|46|54|60|75|82|86|91|103|147|152|160|190|210|214|218|231|241|248|264|271|274|275|276|284|287|290|299|307|317|338|351|354|384|388|406|418|419|434|440|441|442|445|446|462|484|501|507|519|527|528|536|592|603|607|608|610|645|652|679|699|711|719|747|748|761|769|785|803|813|826|870|886|893|896|905|910|912|923|933|935|936|947|988|1021|1022|1042|1050|1075|1078|1082|1083|1107|1112|1124|1149|1155|1161|1164|1166|1174|1194|1215|1216|1220|1224|1240|1248|1257|1264|1270|1273|1292|1329|1331|1356|1365|1369|1371|1408|1413|1419|1423|1438|1440|1443|1465|1475|1486|1490|1495|1496|1505|1510|1520|1525|1526|1529|1537|1562|1570|1579|1584|1604|1625|1629|1631|1637|1642|1672|1686|1689|1695|1700|1709|1733|1738|1767|1774|1800|1802|1804|1815|1826|1831|1842|1868|1903|1914|1922|1923|1926|1931|1940|1946|1963|1966|1969|1971|1975|2007|2015|2018|2026|2036|2066|2094|2109|2144|2169|2183|2191|2198|2202|2226|2245|2251|2253|2264|2268|2274|2297|2304|2319|2333|2340|2353|2370|2386|2402|2403|2414|2434|2445|2464|2465|2467|2482|2487|2498|2500|2507|2510|2511|2512|2513|2539|2563|2568|2570|2582|2591|2601|2609|2619|2622|2632|2633|2640|2643|2651|2660|2666|2677|2686|2701|2765|2770|2772|2782|2794|2804|2809|2818|2826|2849|2858|2864|2871|2884|2888|2913|2929|2934|2938|2940|2945|2947|2948|2976|2978|2980|2989|3008|3052|3055|3059|3063|3070|3074|3076|3084|3092|3109|3120|3131|3132|3135|3141|3173|3205|3224|3228|3231|3255|3287|3294|3315|3318|3325|3331|3340|3355|3361|3366|3374|3379|3382|3383|3396|3423|3428|3438|3446|3453|3469|3474|3493|3506|3527|3586|3597|3601|3618|3641|3651|3665|3667|3668|3673|3675|3683|3684|3692|3705|3721|3734|3745|3746|3747|3788|3811|3826|3832|3837|3841|3857|3859|3861|3871|3883|3897|3898|3921|3922|3925|3927|3932|3942|3953|3960|3980|4009|4021|4022|4025|4030|4031|4055|4063|4074|4085|4092|4134|4150|4166|4171|4176|4187|4189|4204|4206|4207|4210|4229|4235|4237|4263|4270|4294|4300|4310|4316|4333|4355|4360|4362|4391|4397|4410|4433|4435|4437|4439|4447|4454|4470|4476|4479|4497|4501|4505|4539|4547|4551|4558|4574|4579|4600|4602|4606|4612|4642|4646|4657|4673|4676|4684|4685|4696|4703|4708|4715|4719|4720|4721|4730|4733|4755|4763|4768|4775|4785|4795|4797|4802|4829|4844|4860|4867|4871|4884|4897|4904|4912|4915|4929|4939|4950|4952|4955|4958|4979|4991|4994|5002|5012|5041|5045|5046|5048|5072|5078|5087|5097|5119|5121|5129|5142|5147|5156|5160|5173|5178|5181|5184|5195|5202|5203|5204|5216|5219|5236|5270|5296|5302|5310|5362|5363|5375|5410|5417|5423|5434|5455|5470|5479|5484|5491|5501|5502|5526|5532|5537|5556|5562|5565|5579|5583|5586|5610|5624|5635|5640|5655|5660|5667|5668|5672|5680|5681|5685|5722|5737|5739|5749|5764|5765|5781|5791|5808|5811|5824|5832|5848|5871|5872|5897|5913|5914|5923|5929|5939|5941|5954|5958|5967|5972|5973|5977|5984|6041|6054|6058|6108|6128|6142|6143|6151|6176|6180|6191|6196|6197|6199|6218|6235|6236|6244|6253|6279|6283|6294|6302|6308|6309|6310|6325|6369|6379|6385|6401|6406,167.5,True
instance_0005.txt,dinkelbach_mip,398,8,628,9|16|30|57|68|83|93|98|105|119|120|122|124|125|133|135|140|142|143|146|162|170|171|175|181|190|195|198|217|225|230|234|238|239|245|248|263|267|268|291|311|317|330|337|341|352|359|363|367|376|378|385|388|397|429|432|434|441|446|450|453|455|459|460|461|465|468|472|477|483|488|499|514|519|535|539|552|554|559|564|572|577|583|594|596|613|625|626|629|638|647|652|655|656|661|662|668|673|674|675|684|692|694|708|713|714|731|740|744|745|749|753|764|777|786|787|799|802|813|819|823|824|825|853|855|864|867|876|877|884|888|904|910|920|928|940|953|957|968|970|975|984|986|990|996|997|998|1001|1002|1007|1027|1028|1034|1036|1043|1056|1062|1063|1088|1089|1093|1096|1102|1107|1109|1112|1113|1121|1134|1137|1139|1143|1146|1147|1149|1153|1159|1163|1164|1177|1178|1189|1190|1206|1207|1208|1220|1225|1226|1246|1253|1254|1278|1294|1306|1314|1320|1322|1331|1335|1343|1346|1356|1357|1374|1377|1396|1399|1400|1411|1414|1421|1434|1435|1445|1448|1449|1460|1461|1466|1474|1484|1485|1494|1499|1500|1502|1505|1513|1517|1521|1528|1562|1564|1582|1584|1585|1589|1592|1596|1602|1613|1622|1627|1643|1649|1663|1669|1677|1681|1691|1695|1696|1712|1714|1717|1718|1728|1729|1732|1733|1736|1739|1743|1765|1767|1773|1783|1788|1794|1797|1810|1818|1825|1828|1832|1834|1842|1843|1844|1849|1855|1860|1867|1868|1869|1877|1887|1892|1928|1929|1939|1959|1963|1964|1965|1988|1992|1993|1994|2001|2007|2012|2039|2049|2051|2059|2066|2070|2071|2079|2094|2095|2108|2115|2117|2120|2124|2129|2137|2145|2151|2176|2185|2197|2201|2205|2207|2214|2218|2227|2230|2231|2235|2255|2271|2275|2276|2282|2287|2290|2294|2303|2309|2313|2317|2319|2328|2332|2333|2335|2338|2339|2343|2349|2351|2361|2365|2366|2369|2372|2373|2379|2381|2386|2394|2395|2399|2403|2412|2416|2436|2447|2455|2465|2470|2485|2488|2489|2490|2494|2500|2507|2510|2512|2513|2520|2521|2522|2529|2543|2550|2561|2569|2586|2588|2589|2603,5|23|57|81|96|122|131|146,8|25|44|45|46|54|60|75|82|86|91|103|126|146|147|152|160|190|203|210|214|218|231|248|264|271|274|275|276|284|287|290|299|307|315|317|338|351|354|384|388|406|418|419|434|440|441|442|445|446|462|484|501|507|519|527|528|592|594|603|607|608|610|645|652|679|699|706|711|719|738|744|747|748|761|785|803|813|817|826|836|853|863|870|886|893|896|905|910|912|923|932|933|935|936|946|947|988|1021|1022|1042|1050|1075|1078|1080|1082|1083|1107|1111|1112|1124|1149|1155|1161|1164|1174|1194|1215|1216|1220|1240|1248|1257|1264|1270|1273|1292|1329|1331|1356|1365|1369|1371|1387|1408|1413|1419|1423|1438|1440|1443|1465|1468|1475|1486|1490|1495|1496|1505|1510|1520|1521|1525|1528|1529|1537|1562|1570|1579|1584|1604|1625|1629|1631|1637|1642|1672|1686|1689|1695|1700|1709|1719|1733|1738|1766|1767|1774|1800|1802|1804|1815|1826|1831|1842|1848|1868|1893|1903|1914|1922|1923|1926|1931|1940|1946|1958|1963|1966|1971|1975|2007|2015|2018|2036|2075|2094|2109|2131|2144|2183|2191|2198|2202|2205|2245|2251|2253|2264|2268|2274|2297|2304|2319|2333|2340|2353|2370|2386|2402|2403|2410|2414|2434|2445|2464|2465|2467|2482|2498|2500|2507|2510|2511|2512|2513|2539|2563|2568|2570|2582|2591|2601|2609|2619|2622|2632|2633|2640|2643|2651|2666|2677|2686|2701|2765|2770|2782|2794|2809|2818|2826|2849|2858|2871|2884|2913|2929|2934|2938|2940|2944|2945|2947|2976|2978|2980|2989|3008|3052|3055|3059|3063|3070|3074|3076|3084|3092|3109|3120|3131|3132|3135|3141|3173|3205|3228|3231|3255|3265|3287|3294|3312|3315|3318|3319|3325|3331|3332|3340|3355|3361|3366|3374|3379|3382|3383|3396|3423|3428|3430|3438|3446|3453|3469|3474|3493|3506|3516|3520|3527|3564|3586|3597|3601|3613|3618|3641|3651|3665|3667|3668|3673|3675|3683|3684|3692|3705|3721|3734|3745|3747|3788|3811|3826|3837|3841|3857|3859|3861|3871|3897|3898|3917|3921|3922|3925|3927|3932|3942|3953|3960|3980|4009|4021|4022|4025|4030|4031|4055|4063|4074|4085|4092|4117|4134|4150|4166|4171|4176|4187|4189|4204|4206|4207|4216|4229|4235|4237|4263|4270|4274|4294|4300|4305|4310|4316|4333|4352|4355|4360|4362|4391|4396|4397|4410|4433|4435|4437|4447|4454|4470|4476|4479|4497|4501|4504|4505|4539|4547|4551|4558|4574|4579|4600|4602|4606|4612|4618|4642|4646|4657|4673|4676|4684|4685|4696|4708|4715|4719|4720|4721|4730|4733|4755|4763|4768|4775|4785|4795|4797|4829|4844|4860|4867|4871|4884|4897|4904|4912|4915|4929|4939|4950|4952|4955|4957|4958|4979|4991|4994|5002|5012|5041|5045|5046|5048|5072|5078|5087|5097|5119|5129|5142|5147|5156|5160|5173|5178|5181|5202|5203|5204|5216|5219|5236|5242|5259|5263|5270|5296|5302|5306|5310|5362|5363|5375|5410|5417|5423|5434|5455|5470|5479|5484|5491|5501|5502|5526|5532|5556|5562|5565|5579|5583|5586|5601|5610|5624|5635|5640|5655|5660|5667|5668|5672|5680|5681|5685|5722|5737|5739|5749|5764|5765|5774|5781|5791|5808|5811|5816|5817|5824|5832|5848|5871|5872|5885|5897|5913|5914|5923|5929|5939|5941|5954|5958|5972|5973|5984|5998|6021|6041|6054|6058|6104|6106|6128|6133|6142|6143|6151|6175|6176|6180|6191|6196|6197|6218|6235|6244|6253|6274|6279|6283|6294|6302|6308|6309|6310|6316|6325|6369|6379|6385|6388|6401|6406,177.875,True
instance_0005.txt,random,879,138,2493,2117|278|1807|756|2345|232|1671|1007|2413|1874|281|874|2621|1236|9|1503|481|1357|676|1037|2491|352|541|547|1999|455|138|616|703|2184|1010|2487|1085|1549|2268|2522|415|422|862|812|1621|119|814|2557|336|795|252|151|1989|786|1136|391|1557|789|2282|1474|983|317|2340|867|1251|2606|1048|2223|112|1568|466|1147|225|824|1083|54|514|885|463|2292|973|637|632|971|483|2443|1245|2560|1132|399|905|665|1882|489|1354|2562|1921|692|1686|2333|1271|449|275|2193|728|545|266|260|1767|2108|1609|915|1515|1775|427|2594|1937|744|407|1969|1381|2616|2528|2047|2497|2239|2450|1398|1637|610|49|417|359|2463|182|421|1403|1508|1769|1788|523|1169|1961|2132|369|1855|1348|2539|1165|1056|2027|1950|2275|750|2195|2002|1338|1981|1034|916|2173|1335|396|1125|76|2258|683|2358|310|55|1860|2120|2072|619|701|2189|1468|2224|1065|108|1427|609|1735|1675|1412|348|2103|1984|1587|668|1433|264|2411|774|2309|1258|1764|1373|746|2488|1665|238|498|2517|2511|829|649|2056|1325|631|172|1226|1127|936|184|304|709|653|601|986|228|487|718|2344|2310|1526|526|2128|2084|1571|1877|4|48|553|2415|1846|2205|1634|1249|1771|2317|2572|1408|2403|1145|2349|2567|58|1422|558|780|820|2037|361|791|1876|216|595|1507|1105|1043|2304|2338|722|2407|1070|654|2378|996|822|1979|2287|482|902|1517|1057|259|2190|1730|1740|1407|1466|2034|577|1419|1311|2499|1952|1957|928|468|1071|518|773|2405|461|1645|2183|364|1655|2212|943|1234|2166|1826|2204|976|140|409|493|507|2101|557|343|515|2044|2514|2369|1040|1248|1380|2283|1502|1489|2092|1106|313|1119|358|1162|1300|1505|1932|1058|404|141|398|2549|2206|805|881|1041|1161|1911|1898|1915|1683|1094|1192|2007|2300|2368|418|298|1554|1641|2509|975|2578|2164|1254|385|1131|248|1935|2569|1467|785|522|1156|2428|2214|2222|1731|2593|1590|1350|64|1487|2185|59|177|402|2188|24|18|93|1284|474|1924|551|99|1064|2604|2021|85|2507|743|94|530|657|871|942|2209|634|2237|242|31|1386|1182|2568|1828|1414|28|1059|308|485|1152|1448|1521|2011|44|549|611|2478|235|839|807|1993|1262|70|61|287|2107|581|1954|1436|1150|1834|2186|207|1457|1512|302|2235|2263|2385|1206|1635|1719|1910|2470|1881|1797|320|711|1851|621|636|960|446|1031|1692|1755|1868|231|519|930|1629|51|2548|189|1532|644|1581|472|1217|2433|2337|2595|1682|434|372|1658|2379|865|1349|1019|2102|2537|2153|183|2530|1270|1633|501|1116|1114|521|967|78|502|2395|1510|2161|924|2404|1595|994|294|1186|370|98|513|1774|2457|571|67|759|753|1432|2076|303|1368|408|816|1260|1942|2125|2119|792|1033|405|295|2445|1376|580|771|1699|704|2086|1757|2609|360|2435|761|1001|651|2145|1672|1201|1081|1370|1438|382|1864|866|809|925|850|1371|1017|2177|1176|505|1355|180|1223|111|872|2216|1082|532|1091|1276|2502|1264|2016|1032|689|2357|193|1045|1579|647|38|1288|1197|1886|727|2141|2121|1618|848|1934|751|2559|1833|2335|1366|777|1334|1356|923|2091|818|1604|452|52|2371|1107|1030|130|131|1232|917|1483|790|861|201|1214|1500|195|2479|891|2289|1289|143|2228|1336|105|1875|717|1021|2615|159|16|2095|1440|2126|431|100|2226|720|2323|2253|783|2441|2365|146|1095|2271|1814|34|357|1727|843|904|1320|1748|2523|2240|1020|2500|1597|1317|1101|1745|945|174|1589|5|732|202|262|2526|1906|1358|1460|2170|838|1642|88|1303|1416|299|2455|2520|1863|2529|2297|1732|1520|1390|2313|403|736|2375|953|1014|388|2486|1435|479|2519|1535|1399|1945|164|2054|1506|978|1211|1704|1290|318|508|1733|241|1997|1698|2293|846|894|1856|851|2350|456|429|2265|550|1973|1465|1133|1574|213|2257|2505|1752|1523|1614|1582|1469|416|1453|656|2303|956|371|1332|2230|392|1126|2464|586|1292|1397|2475|1179|2315|2179|520|1488|947|2430|2392|2083|1967|1205|2267|272|129|453|128|2550|30|438|2453|1990|1830|1895|2370|142|1323|1854|2286|1461|355|211|2476|1518|1297|2133|297|1537|1321|884|2022|582|406|1306|800|533|2113|1395|1283|1196|662|1962|1700|1170|1822|1534|695|2591|1128|1193|2466|706|350|2158|810|876|2373|1501|627|2146|2462|527|1652|120|559|723|1891|1781|2059|2018|1953|2290|1668|451|1353|1844|2325|2062|1112|40|2574|1011|883|227|2381|1200|1096|494|561|1599|2525|888|1072|1142|1713|2277|969|2201|1772|1279|2115|127|674|1471|1540|1476|799|2144|896|104|734|1697|1004|2516|2431|2298,23|96|32|46|122|5|146|43|131|84|7|99|81|112|57|110|73|72|123|134|157|56|78|6|39|107|28|52|116|20|21|94|95|0|16|41|90|144|83|65|69|26|151|118|129|156|45|108|92|68|127|2|142|147|79|58|133|153|71|124|158|30|19|120|85|40|111|47|34|109|70|14|29|48|154|31|106|152|49|91|121|8|10|82|4|15|18|42|155|117|128|132|1|89|27|59|98|77|87|119|137|61|80|125|55|135|126|9|22|50|60|104|140|54|86|66|130|93|145|53|97|159|17|67|51|44|3|74|24|136|149|148|160|141|105|38|150|63,9|11|15|16|17|18|22|25|28|29|30|32|33|35|36|37|38|41|42|44|45|49|52|53|55|58|60|65|66|68|69|70|71|72|73|75|78|84|85|86|88|92|99|100|108|110|111|113|115|119|122|123|125|127|131|133|135|138|140|141|142|145|147|148|149|151|153|157|161|162|164|165|170|172|175|180|183|187|188|191|195|198|199|200|202|204|206|207|208|210|215|218|221|224|227|228|231|234|237|238|239|243|245|246|249|251|254|257|259|260|262|263|264|265|268|271|274|278|280|283|287|290|291|294|296|297|298|299|301|305|310|314|316|317|319|322|325|326|328|330|333|340|343|345|351|353|356|357|358|359|360|361|364|368|369|370|371|372|373|375|376|379|381|382|383|385|388|390|392|394|398|399|401|402|408|409|410|412|418|419|420|423|427|433|441|442|447|448|450|451|458|460|465|467|470|472|476|477|479|480|483|485|487|488|490|491|495|501|503|504|507|509|512|514|515|517|519|520|521|522|523|525|526|527|530|538|543|544|545|546|548|551|553|554|557|559|561|563|582|588|591|596|597|598|601|602|607|609|612|621|622|624|628|630|631|636|641|642|645|646|647|653|656|657|662|663|664|665|669|671|672|675|676|677|680|682|683|684|685|686|689|691|692|694|696|712|713|716|719|724|725|726|729|730|731|740|741|742|746|747|753|755|762|765|767|770|772|775|776|781|782|787|796|803|806|807|810|813|814|815|816|817|819|821|822|824|828|829|835|837|838|842|844|846|847|848|851|852|856|857|861|863|865|867|868|869|881|882|883|884|885|886|889|891|892|893|894|896|897|898|902|903|905|907|910|912|913|915|917|927|928|931|933|935|936|941|944|946|949|950|951|956|960|964|965|966|969|970|976|979|980|983|985|988|989|990|991|994|995|996|1000|1003|1004|1005|1009|1012|1013|1014|1016|1019|1020|1023|1030|1031|1032|1033|1034|1035|1036|1037|1039|1040|1043|1045|1046|1050|1053|1054|1058|1060|1065|1067|1069|1073|1074|1078|1080|1081|1088|1090|1091|1092|1093|1094|1095|1097|1100|1104|1105|1106|1108|1109|1113|1118|1122|1124|1130|1133|1136|1137|1138|1139|1140|1142|1143|1145|1146|1148|1149|1150|1152|1154|1157|1158|1161|1164|1166|1167|1168|1169|1172|1174|1178|1181|1183|1184|1194|1195|1202|1203|1204|1212|1213|1215|1218|1220|1224|1230|1232|1233|1234|1237|1238|1242|1244|1245|1246|1248|1250|1252|1254|1256|1260|1262|1263|1264|1265|1266|1269|1274|1276|1278|1281|1283|1284|1289|1292|1294|1300|1301|1303|1306|1314|1317|1319|1321|1322|1326|1329|1331|1333|1334|1337|1338|1340|1341|1343|1344|1347|1349|1356|1358|1362|1363|1366|1368|1370|1373|1374|1377|1381|1383|1385|1387|1395|1396|1401|1404|1406|1407|1411|1412|1413|1415|1417|1419|1423|1425|1427|1430|1432|1437|1440|1441|1442|1443|1446|1449|1456|1457|1462|1463|1467|1468|1472|1474|1475|1476|1477|1478|1484|1487|1491|1495|1502|1505|1506|1507|1509|1513|1521|1522|1524|1526|1527|1530|1534|1536|1537|1538|1540|1541|1543|1547|1551|1552|1553|1554|1557|1562|1567|1568|1569|1572|1573|1577|1579|1583|1587|1588|1589|1591|1597|1601|1604|1607|1611|1612|1613|1618|1619|1620|1621|1622|1626|1628|1629|1630|1632|1635|1636|1642|1643|1644|1649|1650|1652|1654|1656|1657|1661|1666|1668|1670|1675|1677|1683|1684|1685|1686|1687|1689|1690|1693|1697|1704|1707|1708|1709|1710|1712|1714|1716|1721|1722|1723|1725|1726|1727|1731|1732|1733|1737|1738|1740|1744|1746|1747|1748|1752|1755|1757|1758|1759|1768|1771|1772|1774|1776|1779|1780|1781|1783|1789|1792|1794|1795|1796|1797|1802|1803|1804|1806|1807|1813|1815|1819|1832|1837|1838|1841|1843|1844|1845|1848|1850|1851|1853|1854|1858|1860|1864|1865|1866|1867|1868|1870|1871|1875|1877|1880|1883|1885|1888|1889|1893|1894|1896|1897|1901|1903|1905|1906|1910|1911|1914|1919|1920|1921|1923|1924|1925|1926|1927|1928|1929|1930|1932|1934|1936|1937|1938|1942|1943|1945|1946|1950|1952|1953|1956|1957|1958|1962|1963|1965|1966|1967|1969|1971|1975|1976|1977|1980|1981|1985|1986|1990|1996|1997|1999|2000|2001|2002|2008|2011|2013|2014|2020|2022|2024|2029|2035|2038|2040|2041|2042|2045|2049|2052|2059|2061|2063|2064|2065|2071|2074|2083|2084|2087|2090|2092|2094|2098|2101|2102|2104|2105|2106|2107|2109|2111|2114|2117|2121|2122|2123|2125|2126|2129|2130|2131|2133|2134|2137|2138|2139|2141|2142|2146|2147|2149|2152|2155|2159|2160|2163|2164|2173|2174|2183|2188|2192|2193|2195|2196|2199|2201|2202|2210|2216|2217|2219|2221|2223|2224|2225|2226|2227|2232|2236|2240|2241|2248|2249|2254|2255|2257|2258|2265|2266|2269|2270|2272|2274|2278|2280|2283|2285|2286|2287|2294|2296|2297|2302|2305|2310|2313|2317|2319|2321|2322|2323|2324|2326|2327|2332|2335|2338|2339|2340|2341|2345|2348|2350|2357|2360|2361|2364|2365|2367|2369|2370|2374|2381|2386|2391|2396|2399|2403|2407|2408|2410|2416|2417|2423|2426|2429|2433|2434|2450|2454|2455|2456|2457|2461|2463|2465|2467|2468|2472|2473|2475|2476|2483|2484|2485|2487|2489|2491|2495|2496|2497|2498|2500|2501|2507|2508|2509|2513|2517|2523|2525|2526|2527|2532|2535|2538|2540|2547|2548|2552|2553|2555|2558|2559|2566|2570|2574|2576|2578|2584|2585|2586|2591|2594|2597|2599|2600|2601|2603|2609|2612|2613|2621|2623|2624|2626|2627|2631|2640|2649|2653|2656|2659|2660|2661|2663|2665|2666|2667|2669|2671|2674|2675|2676|2677|2679|2680|2683|2684|2685|2686|2690|2692|2696|2703|2704|2707|2710|2711|2713|2716|2717|2718|2719|2720|2724|2726|2727|2730|2737|2742|2743|2747|2752|2758|2761|2762|2764|2765|2767|2778|2782|2783|2787|2796|2797|2800|2804|2805|2810|2813|2821|2823|2824|2825|2830|2831|2833|2834|2835|2836|2840|2841|2842|2843|2848|2849|2850|2859|2861|2863|2867|2869|2873|2878|2881|2891|2892|2893|2895|2899|2904|2905|2909|2912|2914|2921|2924|2925|2926|2929|2930|2931|2934|2938|2939|2942|2943|2944|2945|2948|2952|2953|2954|2956|2958|2959|2963|2965|2966|2968|2970|2971|2975|2977|2979|2980|2983|2986|2987|2990|2991|2992|2996|2998|2999|3001|3002|3004|3005|3008|3013|3014|3017|3018|3021|3023|3033|3034|3037|3039|3041|3043|3050|3055|3056|3057|3058|3059|3060|3065|3068|3069|3074|3077|3079|3083|3086|3089|3090|3097|3099|3100|3107|3109|3113|3114|3115|3116|3119|3120|3123|3126|3128|3131|3139|3141|3143|3151|3152|3154|3157|3164|3168|3171|3172|3173|3182|3186|3189|3192|3193|3195|3197|3200|3201|3202|3203|3205|3206|3207|3208|3212|3215|3217|3218|3224|3226|3229|3230|3233|3234|3237|3239|3240|3246|3252|3253|3255|3263|3266|3269|3274|3277|3278|3281|3285|3294|3295|3297|3298|3300|3301|3303|3304|3306|3310|3314|3316|3318|3320|3321|3324|3325|3326|3328|3330|3335|3337|3341|3343|3345|3352|3360|3361|3363|3366|3370|3373|3374|3376|3377|3378|3382|3383|3384|3386|3387|3389|3391|3392|3393|3395|3396|3397|3399|3400|3402|3403|3405|3406|3410|3411|3413|3414|3416|3421|3423|3424|3426|3427|3428|3434|3438|3442|3446|3448|3454|3455|3456|3458|3459|3460|3461|3464|3465|3470|3471|3472|3476|3484|3487|3489|3490|3493|3494|3499|3503|3504|3505|3510|3511|3515|3517|3519|3522|3526|3535|3537|3539|3541|3542|3543|3544|3550|3551|3552|3555|3558|3559|3561|3564|3568|3571|3580|3582|3586|3587|3590|3591|3592|3597|3599|3601|3604|3610|3614|3617|3620|3625|3628|3629|3630|3632|3635|3641|3642|3647|3651|3658|3661|3662|3667|3668|3680|3681|3682|3683|3686|3687|3688|3689|3692|3693|3695|3696|3698|3699|3701|3702|3706|3710|3711|3714|3720|3721|3727|3729|3730|3734|3736|3739|3741|3743|3745|3746|3747|3754|3758|3759|3763|3765|3766|3768|3770|3771|3772|3773|3777|3783|3785|3795|3797|3803|3804|3807|3810|3811|3813|3814|3819|3821|3822|3823|3827|3828|3830|3833|3835|3839|3842|3844|3845|3852|3855|3857|3858|3859|3860|3861|3864|3871|3874|3876|3879|3883|3888|3891|3894|3895|3897|3898|3902|3905|3914|3916|3919|3921|3926|3929|3931|3933|3934|3935|3942|3949|3952|3954|3960|3961|3962|3967|3968|3975|3982|3987|3990|3992|3997|3998|3999|4003|4004|4006|4008|4014|4021|4022|4025|4030|4031|4032|4033|4034|4035|4039|4042|4043|4045|4047|4049|4050|4052|4053|4054|4055|4056|4057|4058|4062|4064|4065|4070|4072|4074|4077|4078|4088|4089|4090|4091|4096|4099|4107|4108|4109|4114|4116|4117|4120|4121|4123|4134|4136|4137|4138|4140|4141|4142|4143|4144|4146|4147|4150|4154|4161|4169|4172|4173|4176|4178|4179|4180|4193|4196|4198|4204|4210|4215|4216|4217|4222|4223|4229|4231|4232|4234|4235|4236|4238|4240|4243|4245|4247|4250|4251|4252|4253|4257|4260|4262|4263|4266|4268|4271|4276|4277|4281|4282|4289|4291|4297|4300|4305|4306|4307|4312|4313|4314|4318|4323|4324|4326|4327|4330|4331|4332|4337|4340|4341|4342|4344|4350|4351|4352|4353|4360|4362|4364|4365|4367|4370|4372|4376|4377|4378|4379|4380|4381|4385|4388|4389|4390|4392|4394|4395|4396|4397|4410|4412|4414|4417|4418|4420|4422|4425|4426|4427|4428|4433|4434|4435|4437|4439|4442|4447|4454|4458|4464|4465|4466|4468|4471|4472|4477|4478|4479|4481|4483|4484|4488|4489|4496|4497|4501|4502|4504|4505|4506|4510|4512|4513|4527|4529|4530|4531|4534|4535|4537|4540|4542|4543|4547|4550|4552|4556|4557|4560|4562|4564|4567|4568|4569|4574|4579|4581|4582|4584|4588|4589|4591|4592|4593|4594|4595|4596|4599|4601|4604|4605|4612|4613|4616|4618|4619|4622|4625|4630|4633|4635|4637|4638|4639|4640|4646|4652|4656|4657|4665|4667|4678|4684|4685|4692|4695|4696|4699|4700|4708|4709|4710|4711|4714|4715|4719|4720|4721|4727|4729|4731|4736|4737|4738|4739|4742|4744|4747|4748|4751|4752|4755|4756|4757|4758|4759|4764|4771|4772|4782|4783|4785|4786|4787|4788|4791|4793|4795|4796|4799|4804|4808|4810|4811|4815|4822|4823|4824|4825|4826|4828|4831|4833|4839|4841|4844|4845|4846|4847|4848|4853|4855|4856|4863|4864|4867|4869|4872|4873|4874|4878|4881|4882|4883|4884|4887|4888|4889|4891|4895|4899|4901|4904|4905|4906|4907|4909|4913|4915|4918|4921|4924|4927|4930|4931|4932|4938|4939|4942|4944|4949|4953|4959|4961|4965|4966|4968|4970|4971|4976|4977|4978|4992|4994|5002|5005|5009|5010|5018|5019|5025|5030|5035|5039|5040|5048|5051|5057|5058|5062|5064|5065|5072|5074|5078|5082|5083|5084|5086|5087|5088|5090|5092|5093|5095|5097|5099|5102|5106|5113|5114|5120|5127|5128|5129|5130|5131|5139|5140|5141|5142|5146|5149|5152|5153|5154|5156|5159|5161|5165|5167|5171|5172|5173|5174|5181|5182|5184|5188|5190|5193|5194|5195|5196|5200|5201|5206|5211|5212|5213|5214|5216|5218|5219|5222|5223|5224|5228|5230|5231|5232|5234|5236|5238|5240|5242|5243|5245|5247|5249|5250|5259|5260|5262|5264|5267|5268|5271|5277|5280|5281|5285|5293|5294|5296|5297|5298|5299|5300|5301|5302|5306|5309|5310|5313|5314|5315|5316|5317|5318|5321|5323|5327|5328|5335|5336|5340|5346|5350|5351|5352|5354|5355|5358|5361|5362|5365|5367|5376|5379|5381|5382|5383|5385|5386|5387|5392|5394|5401|5402|5407|5408|5410|5411|5412|5415|5422|5423|5424|5425|5427|5432|5434|5437|5441|5442|5444|5446|5447|5450|5452|5453|5454|5455|5457|5458|5459|5461|5463|5466|5468|5471|5472|5474|5477|5479|5480|5481|5482|5485|5486|5489|5490|5492|5494|5496|5499|5500|5502|5504|5506|5512|5515|5518|5520|5523|5524|5525|5528|5529|5530|5531|5532|5535|5536|5538|5539|5542|5543|5549|5551|5553|5554|5556|5558|5559|5560|5564|5573|5577|5578|5581|5590|5591|5594|5600|5601|5603|5604|5605|5608|5609|5610|5611|5614|5616|5617|5618|5628|5629|5632|5633|5634|5638|5640|5641|5642|5647|5651|5656|5657|5661|5664|5669|5673|5676|5677|5678|5679|5680|5681|5684|5685|5688|5693|5694|5695|5696|5699|5702|5708|5712|5713|5715|5716|5717|5718|5719|5722|5723|5729|5737|5738|5739|5745|5749|5754|5756|5760|5761|5762|5765|5766|5767|5771|5772|5774|5775|5779|5781|5782|5787|5790|5792|5797|5804|5805|5806|5807|5808|5811|5812|5813|5814|5817|5823|5824|5826|5833|5834|5836|5839|5842|5845|5850|5851|5854|5858|5859|5865|5867|5870|5872|5873|5874|5876|5879|5880|5882|5884|5890|5892|5893|5894|5901|5903|5904|5906|5908|5909|5910|5911|5914|5917|5921|5924|5926|5927|5931|5933|5935|5939|5947|5948|5949|5951|5952|5953|5954|5960|5961|5965|5972|5973|5974|5976|5977|5982|5983|5984|5987|5992|5995|5996|5997|5998|6000|6001|6007|6008|6010|6014|6015|6017|6021|6024|6026|6027|6031|6033|6034|6035|6038|6040|6043|6045|6046|6051|6052|6054|6055|6057|6058|6062|6063|6066|6068|6069|6071|6074|6078|6082|6086|6089|6097|6102|6103|6104|6105|6106|6107|6108|6111|6115|6117|6118|6120|6121|6124|6126|6127|6128|6131|6138|6140|6143|6144|6145|6148|6150|6151|6152|6154|6158|6160|6161|6162|6163|6164|6167|6168|6171|6172|6173|6174|6176|6178|6179|6180|6185|6190|6194|6198|6199|6201|6204|6214|6223|6227|6228|6229|6230|6235|6236|6238|6249|6252|6254|6255|6256|6257|6259|6260|6263|6267|6269|6272|6275|6276|6280|6283|6290|6292|6294|6298|6299|6300|6304|6308|6309|6312|6318|6319|6320|6322|6324|6326|6328|6342|6345|6348|6349|6350|6352|6356|6358|6364|6366|6368|6369|6372|6375|6377|6378|6383|6384|6385|6388|6395|6397|6401|6403|6406,31.847826086956523,True
instance_0005.txt,smaller_multi,262,126,1514,2269|14|1695|616|1410|666|1999|509|602|1942|554|2346|1520|1540|2243|834|1900|1074|2157|1417|1249|573|290|2478|1873|1493|1606|1279|2450|2008|1530|470|1049|1920|1659|199|2210|687|1997|534|1051|1442|2274|2620|557|76|2196|2475|1006|849|474|459|1779|1793|2041|1099|1947|295|844|645|244|1684|1802|1898|245|326|1944|1424|1952|1290|452|109|547|2009|1388|850|127|32|1508|191|1867|1210|495|2256|2211|469|952|1217|1362|2195|1247|27|1745|2109|807|252|164|2238|791|2174|2345|1693|1160|1349|1921|883|979|2042|2180|2368|1026|570|832|1466|1020|1761|287|874|207|2399|2578|2316|161|2614|1187|2337|2193|1079|646|894|1003|2187|1108|946|1123|1065|869|1459|1831|1990|1433|1407|727|2533|1903|1129|1948|796|507|1512|435|848|2589|1037|945|2488|2535|2524|1770|2376|2056|1678|2208|1664|389|2392|494|1283|2513|604|327|1181|1704|761|179|2356|2561|186|891|2461|2103|2262|682|587|301|555|118|1471|185|2560|2555|1166|2232|842|457|286|1529|1104|2420|688|64|2220|771|1977|1201|1759|2268|487|1800|288|423|767|493|826|872|233|1200|603|2474|1073|1674|434|2266|724|1857|1081|228|2015|529|2029|1651|1009|2044|2360|710|2593|47|422|1476|2454|1150|2248|574|456|609|789|537|451|882|520|458|88|436|580|2320|523|1687|19|1328|2025|1913|2448,99|32|134|23|56|46|28|5|84|83|20|146|157|151|7|122|142|81|51|21|96|107|110|90|60|43|158|124|52|144|72|94|121|89|57|118|6|123|30|26|61|95|148|112|132|48|147|49|4|41|78|40|153|39|69|135|79|120|131|14|31|65|0|19|59|73|16|143|10|18|68|87|92|126|154|106|116|130|22|44|45|117|125|24|47|80|129|155|27|53|55|97|105|113|159|8|58|70|71|85|98|127|133|149|150|156|1|2|3|9|15|29|34|42|54|67|82|86|91|93|108|109|111|119|141|160,1|2|6|8|9|11|19|22|23|27|30|34|37|38|39|41|43|46|49|50|52|53|57|58|59|64|65|66|82|83|88|94|97|105|107|108|113|118|121|125|127|130|131|140|159|160|167|174|181|195|196|198|201|205|209|215|217|219|231|242|247|250|252|257|262|265|268|275|276|278|283|285|294|306|309|310|312|318|319|322|324|328|330|338|340|345|346|348|349|356|359|363|366|370|371|372|382|396|398|405|415|419|430|445|452|456|461|466|468|473|480|487|488|490|510|518|520|522|524|526|530|544|552|555|556|563|566|570|571|572|573|580|582|583|587|588|591|593|597|599|602|609|619|621|622|633|636|637|646|664|665|676|680|683|686|696|698|704|709|710|716|719|720|730|731|735|739|742|745|747|750|752|758|759|763|764|765|770|775|776|784|786|796|798|801|802|806|812|816|819|825|827|831|835|838|841|842|848|857|865|876|886|891|900|901|902|904|905|908|913|922|927|930|936|944|949|951|952|955|961|965|968|970|975|978|982|984|986|987|993|995|997|1004|1007|1008|1018|1020|1026|1028|1033|1036|1040|1041|1045|1047|1050|1052|1053|1054|1059|1061|1064|1065|1067|1073|1077|1087|1088|1093|1096|1097|1099|1100|1105|1107|1109|1113|1116|1117|1120|1124|1126|1132|1134|1143|1147|1148|1153|1157|1163|1172|1175|1177|1183|1187|1191|1199|1205|1206|1209|1210|1212|1213|1214|1219|1227|1229|1232|1240|1242|1244|1246|1247|1251|1260|1266|1267|1273|1276|1278|1292|1294|1296|1306|1309|1310|1315|1318|1319|1320|1321|1323|1334|1337|1338|1342|1350|1356|1357|1360|1366|1367|1368|1369|1376|1378|1382|1383|1386|1392|1394|1396|1401|1407|1408|1409|1413|1416|1421|1426|1429|1434|1439|1447|1471|1478|1491|1498|1502|1511|1512|1513|1514|1528|1529|1538|1541|1542|1544|1554|1559|1566|1568|1581|1587|1588|1591|1592|1596|1597|1613|1616|1634|1639|1641|1645|1647|1651|1660|1675|1677|1683|1691|1695|1701|1704|1708|1715|1716|1718|1722|1725|1726|1733|1735|1736|1739|1741|1742|1743|1745|1747|1748|1751|1753|1758|1760|1761|1764|1768|1771|1775|1782|1788|1798|1802|1803|1804|1809|1818|1820|1823|1831|1836|1837|1840|1841|1844|1847|1849|1870|1874|1875|1876|1877|1878|1880|1882|1886|1888|1891|1894|1896|1902|1910|1911|1912|1913|1918|1921|1925|1927|1928|1929|1930|1938|1939|1948|1949|1951|1962|1963|1968|1970|1971|1973|1975|1976|1978|1991|1992|1994|2009|2010|2012|2013|2031|2035|2039|2040|2042|2047|2049|2051|2059|2061|2062|2067|2072|2078|2080|2085|2087|2091|2095|2097|2104|2105|2106|2107|2118|2119|2132|2138|2139|2142|2143|2146|2147|2157|2161|2162|2166|2170|2173|2175|2177|2179|2180|2183|2192|2194|2195|2196|2210|2213|2216|2226|2229|2233|2234|2235|2236|2240|2248|2249|2250|2254|2256|2259|2260|2261|2263|2267|2270|2275|2280|2282|2287|2298|2305|2307|2309|2311|2312|2320|2323|2324|2330|2336|2344|2350|2351|2352|2354|2357|2358|2364|2367|2368|2370|2371|2372|2374|2375|2377|2387|2393|2395|2398|2400|2401|2405|2406|2408|2416|2424|2429|2432|2433|2435|2437|2438|2440|2442|2449|2452|2456|2470|2471|2472|2473|2478|2480|2489|2496|2513|2518|2519|2529|2530|2532|2553|2555|2561|2562|2570|2576|2577|2579|2587|2595|2596|2597|2600|2610|2614|2616|2619|2620|2625|2628|2629|2635|2646|2650|2653|2662|2666|2667|2672|2675|2681|2683|2690|2699|2703|2704|2709|2710|2719|2720|2721|2724|2725|2727|2728|2739|2740|2741|2742|2748|2749|2751|2752|2762|2764|2771|2779|2780|2782|2783|2784|2786|2792|2795|2800|2801|2806|2807|2808|2816|2819|2829|2835|2838|2842|2843|2845|2859|2860|2867|2878|2880|2882|2886|2887|2891|2892|2899|2901|2904|2905|2907|2919|2920|2924|2925|2926|2935|2946|2949|2952|2953|2954|2955|2957|2960|2964|2970|2971|2975|2976|2977|2980|2987|2990|2992|2994|2996|3015|3023|3024|3030|3037|3041|3049|3050|3057|3058|3071|3073|3074|3075|3080|3091|3097|3112|3114|3119|3126|3130|3143|3152|3153|3154|3156|3157|3163|3165|3172|3179|3181|3191|3213|3216|3223|3227|3229|3231|3234|3236|3237|3239|3252|3254|3257|3263|3264|3267|3274|3276|3278|3280|3282|3289|3297|3298|3304|3308|3310|3317|3318|3319|3321|3322|3323|3324|3345|3350|3352|3358|3367|3375|3378|3383|3386|3387|3391|3392|3401|3403|3407|3409|3414|3417|3426|3434|3436|3438|3441|3444|3445|3448|3450|3451|3453|3454|3455|3457|3458|3459|3466|3473|3475|3487|3490|3494|3495|3501|3503|3506|3509|3512|3517|3519|3525|3536|3537|3539|3542|3543|3546|3553|3554|3556|3558|3567|3568|3570|3572|3574|3582|3604|3617|3621|3622|3623|3628|3629|3631|3633|3639|3641|3644|3647|3648|3658|3681|3693|3694|3704|3706|3714|3715|3719|3722|3724|3726|3728|3738|3739|3740|3742|3751|3763|3776|3778|3784|3803|3810|3811|3814|3819|3823|3827|3829|3830|3835|3840|3847|3859|3862|3867|3895|3901|3905|3909|3912|3919|3922|3923|3931|3934|3936|3954|3955|3957|3960|3966|3970|3973|3974|3978|3985|3986|3991|3993|3995|3997|3999|4008|4022|4026|4031|4032|4035|4038|4043|4045|4046|4054|4064|4065|4069|4072|4075|4079|4083|4088|4089|4094|4096|4097|4101|4103|4107|4113|4123|4127|4128|4129|4131|4133|4134|4136|4137|4139|4142|4146|4151|4159|4160|4169|4170|4176|4178|4186|4188|4189|4198|4215|4224|4225|4226|4230|4231|4238|4242|4243|4248|4264|4291|4300|4308|4318|4325|4326|4331|4334|4337|4340|4343|4345|4347|4348|4351|4353|4357|4372|4375|4377|4381|4382|4384|4389|4391|4394|4398|4399|4404|4418|4427|4428|4430|4431|4439|4451|4453|4472|4473|4477|4484|4485|4486|4496|4501|4506|4512|4514|4520|4525|4529|4535|4536|4537|4543|4544|4548|4552|4560|4563|4564|4565|4569|4579|4582|4588|4592|4596|4613|4616|4617|4623|4627|4630|4633|4635|4637|4642|4651|4655|4667|4668|4670|4672|4677|4680|4683|4685|4686|4692|4694|4697|4699|4700|4710|4712|4713|4715|4716|4722|4724|4725|4734|4751|4755|4757|4758|4760|4764|4767|4770|4771|4777|4782|4787|4791|4792|4794|4803|4804|4805|4807|4808|4810|4819|4821|4822|4824|4825|4828|4833|4842|4844|4862|4863|4884|4886|4887|4900|4902|4907|4909|4914|4915|4924|4931|4936|4937|4938|4940|4946|4948|4954|4956|4960|4976|4980|4982|4992|4994|4996|4998|5006|5007|5010|5017|5019|5020|5025|5028|5029|5034|5040|5042|5048|5050|5056|5057|5075|5076|5081|5082|5086|5087|5090|5091|5094|5095|5100|5113|5129|5131|5132|5134|5140|5142|5143|5144|5146|5152|5154|5157|5158|5166|5176|5180|5181|5186|5193|5206|5211|5212|5214|5217|5218|5221|5224|5226|5230|5235|5237|5240|5247|5256|5260|5264|5269|5273|5274|5281|5282|5283|5290|5295|5304|5305|5306|5310|5313|5320|5324|5337|5338|5339|5343|5344|5354|5355|5360|5369|5371|5378|5385|5386|5391|5396|5401|5403|5406|5415|5416|5419|5420|5424|5425|5427|5429|5431|5433|5434|5441|5457|5458|5459|5466|5475|5485|5487|5491|5493|5494|5496|5501|5503|5512|5516|5518|5523|5524|5525|5532|5535|5538|5539|5553|5560|5563|5564|5573|5584|5585|5586|5587|5588|5595|5598|5601|5605|5607|5613|5614|5618|5619|5627|5629|5632|5638|5645|5649|5651|5653|5654|5657|5658|5664|5666|5667|5671|5673|5678|5680|5681|5682|5691|5696|5697|5709|5713|5723|5725|5726|5730|5733|5734|5736|5738|5739|5742|5744|5749|5751|5760|5761|5762|5763|5767|5779|5787|5794|5803|5804|5808|5813|5819|5836|5841|5845|5848|5851|5853|5856|5857|5859|5860|5862|5865|5880|5886|5888|5893|5899|5900|5901|5913|5916|5922|5923|5927|5934|5940|5945|5946|5959|5960|5961|5963|5968|5989|5994|5997|6004|6009|6014|6016|6018|6022|6023|6027|6038|6040|6047|6048|6050|6057|6061|6086|6089|6090|6091|6092|6096|6099|6105|6107|6110|6121|6127|6128|6130|6135|6138|6144|6151|6167|6171|6174|6177|6183|6197|6200|6201|6209|6211|6212|6217|6227|6232|6235|6237|6239|6240|6244|6250|6254|6255|6256|6257|6259|6260|6264|6265|6268|6272|6283|6285|6287|6291|6292|6298|6299|6306|6312|6314|6316|6320|6321|6323|6324|6326|6327|6330|6339|6341|6347|6348|6352|6353|6354|6355|6359|6361|6362|6363|6366|6371|6376|6384|6385|6386|6390|6392|6396,34.88095238095238,True
instance_0006.txt,aisle_first_desc,497,1,326,1046|9216|167|5230|1099|5832|2625|3637|4985|5502|6151|6566|8792|3083|4178|6352|33|168|435|1991|3363|4328|4622|5408|5616|8082|9037|9486|1969|3101|3216|3421|4056|5562|7251|7819|9208|10114|36|335|338|594|698|1268|1745|2652|2933|3041|3093|3378|4379|4709|4854|4860|4907|5547|5819|5947|6696|7330|7706|7724|7787|8069|8534|8884|9422|9860|10019|10276|2|30|57|88|100|120|125|184|210|252|253|259|260|297|374|387|389|449|478|492|499|502|527|537|554|561|562|570|588|625|643|738|761|768|782|830|918|936|937|943|974|985|998|1013|1034|1040|1042|1062|1081|1116|1129|1151|1156|1181|1220|1235|1256|1272|1298|1310|1337|1405|1471|1480|1524|1573|1589|1612|1619|1628|1630|1647|1654|1717|1725|1749|1766|1801|1826|1841|1880|1902|1906|1946|2003|2029|2042|2048|2051|2070|2075|2098|2127|2140|2175|2183|2188|2222|2237|2240|2270|2272|2283|2306|2307|2326|2329|2332|2346|2517|2530|2542|2561|2567|2570|2592|2594|2599|2619|2644|2647|2653|2669|2692|2715|2743|2752|2763|2764|2779|2801|2854|2910|2948|2982|3017|3047|3063|3081|3090|3111|3119|3132|3134|3148|3151|3195|3212|3214|3224|3265|3267|3301|3302|3311|3319|3330|3335|3383|3415|3463|3531|3587|3600|3612|3618|3633|3695|3703|3709|3718|3719|3724|3730|3753|3773|3799|3879|3907|3965|3997|4064|4073|4078|4139|4140|4175|4191|4199|4234|4235|4251|4254|4298|4306|4366|4402|4441|4459|4468|4477|4478|4532|4567|4579|4645|4652|4734|4760|4772|4780|4791|4806|4864|4884|4909|4915|4916|4935|4953|4996|5003|5016|5021|5061|5072|5084|5107|5134|5188|5207|5217|5261|5306|5321|5349|5351|5365|5385|5389|5390|5404|5421|5426|5480|5494|5615|5625|5628|5631|5639|5648|5682|5684|5694|5712|5895|5897|5963|6009|6029|6063|6064|6076|6081|6097|6103|6134|6197|6233|6268|6281|6296|6301|6322|6342|6348|6372|6398|6422|6425|6457|6471|6482|6506|6558|6567|6594|6631|6760|6771|6816|6847|6896|6899|6918|6974|7000|7009|7042|7087|7204|7229|7239|7256|7323|7345|7354|7382|7391|7410|7568|7576|7579|7648|7665|7666|7756|7766|7798|7855|7858|7862|7864|7868|7917|7937|7942|7974|7981|8027|8184|8214|8237|8248|8252|8279|8291|8294|8334|8407|8488|8490|8499|8525|8597|8631|8674|8686|8721|8731|8741|8765|8772|8783|8823|8844|8893|8895|8934|8953|8954|8970|9009|9066|9070|9076|9087|9131|9139|9142|9207|9267|9277|9304|9325|9326|9337|9357|9361|9387|9414|9423|9427|9431|9445|9452|9468|9472|9475|9488|9517|9550|9558|9590|9592|9599|9613|9661|9683|9701|9728|9779|9801|9849|9852|9882|9909|9916|9926|10036|10070|10071|10082|10088|10109|10112|10128|10151|10168|10226|10242|10252|10272|10307|10321|10324,0,1|30|67|69|82|91|104|105|111|143|167|175|203|238|267|271|272|284|291|338|342|362|385|404|425|457|473|474|482|533|536|541|569|607|661|675|733|741|764|806|810|811|818|857|867|915|939|942|943|971|978|988|992|1020|1054|1077|1122|1135|1178|1220|1245|1263|1270|1272|1289|1292|1297|1358|1361|1370|1374|1380|1417|1425|1443|1469|1471|1475|1527|1586|1605|1660|1795|1817|1840|1843|1866|1939|1951|1983|1989|2011|2043|2044|2114|2141|2144|2151|2178|2181|2187|2188|2231|2262|2266|2291|2314|2315|2369|2371|2396|2401|2431|2439|2488|2533|2541|2542|2544|2552|2589|2599|2659|2711|2715|2717|2734|2748|2760|2802|2810|2829|2866|2873|2899|2914|2944|2966|2967|2968|2972|2985|3003|3016|3061|3087|3090|3106|3109|3135|3163|3167|3175|3208|3227|3305|3334|3336|3361|3410|3440|3445|3458|3459|3506|3547|3553|3622|3638|3669|3670|3690|3692|3710|3766|3847|3862|3880|3913|3948|3965|4052|4094|4098|4118|4148|4151|4220|4225|4273|4279|4283|4308|4313|4335|4349|4381|4384|4401|4421|4456|4539|4563|4584|4597|4601|4610|4619|4620|4642|4645|4660|4679|4736|4760|4787|4817|4823|4845|4871|4921|4930|4958|4959|4973|5052|5071|5118|5127|5131|5136|5162|5225|5228|5253|5254|5272|5297|5308|5328|5335|5339|5347|5362|5375|5401|5409|5435|5461|5471|5475|5478|5483|5485|5491|5497|5503|5552|5572|5597|5600|5605|5622|5649|5652|5733|5766|5769|5772|5773|5805|5810|5852|5867|5886|5894|5900|5910|5911|5938|5943|5953|6007|6019|6080|6136|6140|6145|6165|6168|6208|6211|6215|6268|6337|6339|6367|6373|6374|6414|6420|6458|6493|6504|6532|6552|6555|6597|6602|6612|6669|6671|6704|6747|6754|6783|6805|6806|6827|6836|6843|6861|6910|6946|6995|7087,691.0,True
instance_0006.txt,dinkelbach_mip,497,1,326,1046|9216|167|5230|1099|5832|2625|3637|4985|5502|6151|6566|8792|3083|4178|6352|33|168|435|1991|3363|4328|4622|5408|5616|8082|9037|9486|1969|3101|3216|3421|4056|5562|7251|7819|9208|10114|36|335|338|594|698|1268|1745|2652|2933|3041|3093|3378|4379|4709|4854|4860|4907|5547|5819|5947|6696|7330|7706|7724|7787|8069|8534|8884|9422|9860|10019|10276|2|30|57|88|100|120|125|184|210|252|253|259|260|297|374|387|389|449|478|492|499|502|527|537|554|561|562|570|588|625|643|738|761|768|782|830|918|936|937|943|974|985|998|1013|1034|1040|1042|1062|1081|1116|1129|1151|1156|1181|1220|1235|1256|1272|1298|1310|1337|1405|1471|1480|1524|1573|1589|1612|1619|1628|1630|1647|1654|1717|1725|1749|1766|1801|1826|1841|1880|1902|1906|1946|2003|2029|2042|2048|2051|2070|2075|2098|2127|2140|2175|2183|2188|2222|2237|2240|2270|2272|2283|2306|2307|2326|2329|2332|2346|2517|2530|2542|2561|2567|2570|2592|2594|2599|2619|2644|2647|2653|2669|2692|2715|2743|2752|2763|2764|2779|2801|2854|2910|2948|2982|3017|3047|3063|3081|3090|3111|3119|3132|3134|3148|3151|3195|3212|3214|3224|3265|3267|3301|3302|3311|3319|3330|3335|3383|3415|3463|3531|3587|3600|3612|3618|3633|3695|3703|3709|3718|3719|3724|3730|3753|3773|3799|3879|3907|3965|3997|4064|4073|4078|4139|4140|4175|4191|4199|4234|4235|4251|4254|4298|4306|4366|4402|4441|4459|4468|4477|4478|4532|4567|4579|4645|4652|4734|4760|4772|4780|4791|4806|4864|4884|4909|4915|4916|4935|4953|4996|5003|5016|5021|5061|5072|5084|5107|5134|5188|5207|5217|5261|5306|5321|5349|5351|5365|5385|5389|5390|5404|5421|5426|5480|5494|5615|5625|5628|5631|5639|5648|5682|5684|5694|5712|5895|5897|5963|6009|6029|6063|6064|6076|6081|6097|6103|6134|6197|6233|6268|6281|6296|6301|6322|6342|6348|6372|6398|6422|6425|6457|6471|6482|6506|6558|6567|6594|6631|6760|6771|6816|6847|6896|6899|6918|6974|7000|7009|7042|7087|7204|7229|7239|7256|7323|7345|7354|7382|7391|7410|7568|7576|7579|7648|7665|7666|7756|7766|7798|7855|7858|7862|7864|7868|7917|7937|7942|7974|7981|8027|8184|8214|8237|8248|8252|8279|8291|8294|8334|8407|8488|8490|8499|8525|8597|8631|8674|8686|8721|8731|8741|8765|8772|8783|8823|8844|8893|8895|8934|8953|8954|8970|9009|9066|9070|9076|9087|9131|9139|9142|9207|9267|9277|9304|9325|9326|9337|9357|9361|9387|9414|9423|9427|9431|9445|9452|9468|9472|9475|9488|9517|9550|9558|9590|9592|9599|9613|9661|9683|9701|9728|9779|9801|9849|9852|9882|9909|9916|9926|10036|10070|10071|10082|10088|10109|10112|10128|10151|10168|10226|10242|10252|10272|10307|10321|10324,0,1|30|67|69|82|91|104|105|111|143|167|175|203|238|267|271|272|284|291|338|342|362|385|404|425|457|473|474|482|533|536|541|569|607|661|675|733|741|764|806|810|811|818|857|867|915|939|942|943|971|978|988|992|1020|1054|1077|1122|1135|1178|1220|1245|1263|1270|1272|1289|1292|1297|1358|1361|1370|1374|1380|1417|1425|1443|1469|1471|1475|1527|1586|1605|1660|1795|1817|1840|1843|1866|1939|1951|1983|1989|2011|2043|2044|2114|2141|2144|2151|2178|2181|2187|2188|2231|2262|2266|2291|2314|2315|2369|2371|2396|2401|2431|2439|2488|2533|2541|2542|2544|2552|2589|2599|2659|2711|2715|2717|2734|2748|2760|2802|2810|2829|2866|2873|2899|2914|2944|2966|2967|2968|2972|2985|3003|3016|3061|3087|3090|3106|3109|3135|3163|3167|3175|3208|3227|3305|3334|3336|3361|3410|3440|3445|3458|3459|3506|3547|3553|3622|3638|3669|3670|3690|3692|3710|3766|3847|3862|3880|3913|3948|3965|4052|4094|4098|4118|4148|4151|4220|4225|4273|4279|4283|4308|4313|4335|4349|4381|4384|4401|4421|4456|4539|4563|4584|4597|4601|4610|4619|4620|4642|4645|4660|4679|4736|4760|4787|4817|4823|4845|4871|4921|4930|4958|4959|4973|5052|5071|5118|5127|5131|5136|5162|5225|5228|5253|5254|5272|5297|5308|5328|5335|5339|5347|5362|5375|5401|5409|5435|5461|5471|5475|5478|5483|5485|5491|5497|5503|5552|5572|5597|5600|5605|5622|5649|5652|5733|5766|5769|5772|5773|5805|5810|5852|5867|5886|5894|5900|5910|5911|5938|5943|5953|6007|6019|6080|6136|6140|6145|6165|6168|6208|6211|6215|6268|6337|6339|6367|6373|6374|6414|6420|6458|6493|6504|6532|6552|6555|6597|6602|6612|6669|6671|6704|6747|6754|6783|6805|6806|6827|6836|6843|6861|6910|6946|6995|7087,691.0,True
instance_0006.txt,random,2727,142,2282,1474|4075|5343|7849|7565|9706|7188|9600|10114|9465|4222|62|7|1966|7551|9827|8743|6633|4800|1784|3224|735|8395|2167|3351|7441|9322|1873|944|3781|4739|9232|8364|4718|8626|8037|2953|1374|556|3361|10242|1155|6876|4757|5753|6736|8775|4279|548|6696|10072|917|5461|477|1776|3590|1899|5079|4123|4840|155|6224|3948|4747|3717|10277|775|3788|5980|6688|7761|9622|10265|7035|5449|7667|26|9963|452|2267|8405|3793|5026|3343|7890|5582|7184|7106|3221|518|5568|3290|4921|8047|771|3690|3170|5861|1526|6249|6441|10167|9604|6388|9131|6329|8386|1432|581|3467|5251|6647|6571|3497|4923|5940|8010|2454|5942|849|8736|2198|2592|1584|2522|4903|1902|9996|5789|4774|4196|1625|2124|8524|9186|6206|1183|2252|1351|8492|4770|1679|5561|3613|7329|2281|5497|8965|3576|5892|8491|2962|2938|10325|7244|6138|4321|7877|7468|1404|6555|4415|2097|972|3754|2004|162|2094|1477|585|3647|826|6105|3997|9062|6066|4131|6529|1379|1834|9483|8893|530|4842|3409|8365|6073|3944|2204|1871|5647|3973|919|7842|8851|6643|6260|2461|8314|2952|4049|6033|5285|7935|8629|441|9853|4397|2679|2731|6609|3112|727|4081|2559|7083|2399|3120|8991|5737|2847|2722|3619|9720|7462|300|6817|786|5524|1029|665|6299|1006|274|5741|123|7743|9816|4266|9085|9397|2771|10274|6453|4486|5067|1296|4478|3921|4576|2221|4065|1228|8045|2169|6516|4471|5258|5827|4259|1752|9637|5824|5280|3896|4590|8644|2915|708|6764|6806|6831|8830|1060|8122|7800|4481|7562|10320|5740|4796|2318|7062|7712|7395|1517|2025|6856|8995|1650|8631|6280|902|5659|3335|4443|6664|3810|5603|2125|8908|3516|8087|8149|2743|3265|7953|5419|1556|6056|6404|2513|2231|744|9595|725|2416|1405|8009|1138|9845|8916|8956|7502|8586|6743|10053|8734|5517|9981|516|1979|10159|3832|8109|8627|9200|9733|4580|8744|130|3831|9210|9215|161|10309|2342|4778|2903|4707|7075|2704|5687|1502|4020|4057|6429|3038|4755|5439|1844|1745|5429|8563|5265|5019|8785|6101|4816|1848|1513|1977|4717|10247|9707|9473|6014|7160|10250|10155|364|9270|3566|4750|9386|7235|7074|5938|6833|10175|2409|6471|5677|2861|146|9474|1221|3302|4500|3782|260|1835|737|9199|1056|3408|8925|9132|308|5881|2026|3139|9462|331|8836|9267|9480|995|999|4093|6866|3583|10269|234|784|9058|1300|4577|306|2503|7505|1815|4372|6524|9555|2352|4660|4488|6948|4879|1608|1366|1176|4126|8816|5405|1194|715|5320|1579|4676|9659|3373|8217|817|8462|4638|2346|9765|2817|252|1444|5056|6287|4086|6859|10202|4278|7591|9966|6477|402|7428|8227|476|5628|4092|1493|8257|9782|2353|436|3108|8319|7332|5153|702|21|4568|1199|7855|5961|6027|5747|8192|3750|6497|9969|9780|795|6385|772|1373|2920|7495|376|10099|9711|2050|2508|2429|2793|468|7488|2098|8024|9022|9980|508|8967|4648|4468|7405|8824|9090|1179|1106|6148|2864|265|2407|9045|9700|9081|1101|5215|200|4411|2371|3499|8234|5063|10169|148|10199|10009|9549|3586|3678|596|1799|4413|6003|4059|8511|8132|843|3524|8993|9739|7937|9889|3332|4574|10330|3687|5526|3751|3645|2024|1947|8100|7733|4485|5298|6023|3061|576|1306|2724|7988|6581|2587|4423|9425|4288|2119|9531|3179|7880|9993|4982|4916|4927|269|1459|5086|8961|209|8883|8369|4040|3945|7223|3716|3473|9536|1640|2133|1532|9664|6921|943|7894|6603|996|7941|8618|7378|8212|994|6563|1483|4155|5895|9804|3295|2806|2330|7192|608|7977|5488|5261|1934|8749|4652|1659|6586|4409|3773|3444|7900|9003|7478|3311|1530|5512|121|5903|304|5657|2630|7210|7372|9420|3090|2078|2629|6041|2260|5845|7367|1780|5460|8831|6415|1937|333|8451|6804|1730|9680|496|7806|5191|4103|92|6938|114|9147|5891|6261|8170|2533|5552|657|4565|7673|5937|9460|2971|5909|9811|336|8776|6369|9271|8711|9125|2293|2868|876|5602|793|8639|6909|9352|9185|3418|1406|5007|4549|1638|8493|8131|6614|2269|5236|5436|3152|6402|5555|7195|9117|8218|9760|8113|8036|3970|1911|9430|6129|3479|7090|8351|4446|2619|5846|3441|7222|5302|3588|9034|1173|9649|5047|1426|7207|2121|856|7609|6343|4463|7463|10226|389|2642|7966|1481|9793|7578|6543|778|9806|7411|7532|4871|6634|10188|5481|2610|3507|1054|5346|7943|1396|7454|2816|5188|7340|6253|4060|3873|6870|7864|7757|8363|4899|6028|1981|132|9859|2701|10050|7763|2773|494|3735|9892|4557|5448|8095|7534|2738|987|5557|7313|9623|8601|3240|8690|9189|9723|2969|8959|4247|891|1223|9349|7691|5836|766|8533|2090|5858|2240|4026|6683|9949|6185|1724|4302|6198|1276|9970|149|10039|4422|8549|5391|6131|3670|4937|7393|83|8197|3769|5125|4499|3129|8523|10302|8962|8745|1359|2322|5327|3633|9616|3153|1644|8996|6112|7056|8698|8815|8013|9112|7274|5817|5788|2200|1189|8028|9912|2369|2470|2580|6989|3548|5714|5985|9381|2092|6102|3661|5214|10235|6829|9123|7436|1391|4712|8693|3625|1349|8741|6322|3612|403|1886|1789|180|4199|4385|1081|2113|7095|2582|1415|5151|3744|5345|8381|3013|7793|4253|1478|225|5745|8232|9743|5001|8068|6174|4716|1026|2838|1482|2196|4435|9399|8494|19|3918|2182|2506|8672|6421|2937|5179|7309|4|3280|3494|3644|7017|324|1627|4228|953|3434|2049|5785|8542|9219|2759|1249|4901|1738|139|5539|6620|9504|2546|4186|6899|7925|2571|1942|9594|2412|2237|1514|5906|2186|4407|2494|440|515|8898|361|4286|8887|7497|3386|1868|2031|3992|7608|6478|5059|5402|4305|4952|3254|9785|5719|965|8394|3624|8415|7543|1751|2514|7754|6557|3269|9628|2373|10109|9646|4721|10129|4569|3946|8802|6051|4615|2561|422|2766|143|9725|10233|9617|8018|4792|9784|5306|683|5907|1920|4309|929|6020|5100|9691|9479|4410|4006|1417|5815|7803|5143|9694|5267|7142|9441|6355|4101|1340|9021|6015|176|6613|6433|6054|7766|9906|5774|27|9764|9712|4698|3986|3557|5304|5373|7558|9229|9509|4877|44|920|1621|2684|235|5113|9978|741|2157|8543|4602|4230|4151|4749|8092|2737|4925|985|8857|8020|144|1232|1303|6357|1364|4215|746|3084|2650|5775|8334|6221|1393|5748|3326|9323|866|1013|3631|2777|8315|301|5004|4795|5855|2213|2698|2959|183|8760|5243|2405|4536|1795|1206|188|1257|5726|7302|128|2863|185|421|538|1397|1512|4743|7071|3184|5166|9317|9984|6655|3911|413|10027|5238|5684|3685|4653|2491|2596|6064|7557|1252|9133|5294|8377|9256|9422|8005|10189|7004|6124|10295|4335|4062|5250|429|3591|3765|5385|2089|4860|2199|6392|9308|10116|1118|4713|5321|370|3767|543|279|4094|6624|4257|7421|1220|5655|9905|8774|7531|5133|3134|2746|1964|4564|3267|7013|6375|4714|1346|4437|5831|4809|4515|271|6007|10178|2428|5912|10232|6165|2986|1460|1632|5963|409|7874|2883|8989|5190|897|173|5128|1538|3784|8540|706|5888|7170|6055|5291|3936|7905|3440|4511|1090|557|6894|9763|8281|3213|111|3574|8027|896|7882|4427|5477|6671|9931|2242|7131|2266|7835|5760|387|6858|2706|501|2935|3779|9979|9442|1866|7364|2195|3715|7765|8392|7796|3763|3894|7696|621|758|9330|2676|3026|9245|2690|1528|2146|8735|2137|700|1453|2365|5976|4983|1201|3325|8952|9913|9958|3299|1739|9968|5693|3707|2577|3975|2846|3245|2951|4813|6173|137|937|1857|4701|1590|4988|6423|227|1229|5054|3219|6364|2683|6612|7014|8981|6088|978|1435|2477|7425|2534|8228|1235|2071|1594|8178|6238|3587|2779|7716|1540|4152|8984|8865|3042|6121|317|3165|5408|7810|3520|7373|5812|4014|8244|4425|536|447|3284|5365|7063|2664|358|1649|484|1076|4376|8273|7525|2100|8784|4272|9394|322|4924|7354|9124|3968|9519|8195|2739|8274|8755|9728|924|12|2518|2631|5952|3222|10052|3708|8303|3954|8955|8062|7976|6271|1945|6323|3208|1269|1582|711|3098|7151|8833|3682|5698|6565|3158|6080|10244|3594|9702|5649|7775|6687|3183|2736|7492|5893|9296|1356|10077|6333|2331|8390|3114|283|215|888|5114|6065|3279|8252|3641|24|8546|3528|728|7672|1785|4940|3133|5350|6325|1271|9995|1092|1996|6008|5530|9176|5876|1714|10148|606|10066|6330|5529|10213|174|5397|9282|2085|5901|8055|10158|5581|1544|8817|3542|142|526|7427|109|1504|232|8920|8085|820|6263|2107|3859|6619|3173|4027|10271|7499|156|2552|5575|877|6359|7647|9962|5676|221|9|10337|4683|5224|5941|7521|5211|2309|2111|9007|1250|4263|7377|9077|589|1003|7831|6716|2377|6408|4797|4522|509|8707|6135|5378|4202|10184|2507|25|4587|5221|9344|2748|6585|9153|2795|5829|3243|6974|3851|7934|10041|8333|7674|9880|6672|2961|10102|8305|7040|5886|3274|6790|1050|653|8608|9611|1537|4234|4235|6133|4173|321|3559|7245|4467|6935|8379|5013|717|4682|8495|9080|1468|9404|9278|7947|3218|8732|7852|2463|2862|859|9501|10118|6506|7579|7660|267|4604|9457|2753|803|2940|7206|1975|2856|284|2761|4669|2942|299|5329|8146|4099|6393|7283|8750|6626|8587|6163|8843|3536|3273|3783|1772|5814|5887|835|2334|1762|4313|8042|10258|7006|7740|3756|5856|4605|4079|4956|5732|6394|3176|8648|1382|9879|9395|5754|2912|2381|10318|147|4402|1024|2815|1055|8789|9563|4293|974|5061|6713|1437|2917|5478|7085|1972|651|5701|7105|3876|9037|6093|7965|6460|157|3271|5112|4789|1317|3041|3836|9656|9849|776|998|8426|3985|4854|8512|7985|190|3368|5953|9936|6282|7234|4738|175|360|84|2504|7400|5137|4898|3833|2675|3097|346|7261|2597|1787|4277|9197|7993|1443|10336|3199|7476|969|5857|1335|2467|911|9444|2909|4211|6918|4096|10260|1140|2870|5744|3156|2203|2120|4212|1809|674|9669|10284|3472|7972|3303|6925|4907|5126|584|5877|7811|3315|5120|2227|1932|3839|1843|9098|7159|4227|9375|1002|7286|8844|5503|991|8472|1377|807|918|4144|372|4200|5253|10339|58|4304|4109|8946|99|4572|8810|847|3669|2042|3147|1711|1580|1168|5617|4138|4297|10003|6587|7636|8222|9809|4508|1339|10210|5993|9194|9066|9693|5186|3185|3130|5627|3745|7725|5164|7419|3155|8941|1008|3308|2590|6703|6038|8066|5631|1449|4566|1897|5705|1113|5624|7019|1281|110|2027|36|1773|203|5328|808|2435|3886|9657|7996|4977|7136|4139|7023|1022|7442|2981|4275|7683|4383|4791|936|351|9974|9115|9281|9896|8654|7446|210|3854|7713|1175|5235|7945|7933|3427|4301|4661|1034|6127|9832|857|1157|5632|716|5810|1219|4068|2584|2626|4824|9449|4325|9631|730|2347|3742|2018|8161|3900|9697|2885|2941|968|1411|3420|5559|6952|6902|2655|297|10183|9959|2501|4960|4537|809|8777|7435|9018|3626|560|7823|22|5098|7483|6920|673|4501|3487|2729|6157|4237|1209|4900|451|7294|7291|5549|379|5080|6302|9258|9612|9532|5371|10190|5314|8811|4971|4447|10255|455|9384|4541|2434|1304|5521|6558|5011|6936|691|7948|446|9574|4331|7237|9047|7825|1667|2772|7388|5944|8466|1860|4424|10293|887|38|9663|6784|6424|7570|5749|8713|9140|9014|1551|3882|1095|5551|6208|6351|8589|5588|2680|2646|4706|2632|7045|9331|8763|9805|8158|7682|1057|5044|751|1116|7829|5826|9228|1451|4206|5037|9766|303|2558|6058|2922|459|1754|9050|8797|8430|7064|861|3095|8579|6483|5130|9385|9893|9732|1801|9320|10021|2707|4394|68|8882|3154|9874|5959|3198|9072|2810|3270|3592|1295|3691|189|8782|3718|3124|6527|10044|9837|10275|4121|5759|6662|5915|9494|8873|7732|4216|5088|6304|2843|607|7623|8072|10201|7109|3255|9862|7780|5880|1086|6975|932|3892|5032|2634|453|7721|6494|1567|3419|7453|7916|9751|871|5476|7011|3623|3004|1830|7060|1960|8029|5970|7536|3053|9529|6775|2162|9348|5070|6057|2855|6189|5577|6216|9128|1367|4775|9799|6578|1716|4670|9107|8275|1991|2411|1159|1798|10182|4142|9250|1192|168|1274|4601|483|961|122|171|5173|6025|9035|6630|10212|1534|4045|10297|9802|5809|7072|9358|1247|5758|3518|4526|7213|1506|7625|5764|2039|10230|6697|5507|1153|9467|9950|7772|1334|6365|1998|2051|2344|726|8915|8203|5377|8320|4906|5882|9379|8115|3453|6489|7285|6274|2480|693|8133|3552|8917|3201|4631|1494|6204|743|10273|2274|8800|3711|5665|357|9136|2820|9446|3047|3847|4242|9412|5418|4915|7530|3338|1753|3301|4581|2211|2055|3388|4695|9922|6517|4819|1547|1148|4392|4334|7814|2796|115|6278|4691|5305|1894|8052|5964|2029|3653|7582|2171|9647|8298|3692|2524|8337|4645|7240|2316|2549|4457|10017|3804|1421|8188|7265|1129|7227|5431|8290|8652|7556|5838|7522|6572|3369|4148|9325|5407|4320|460|8046|8478|4866|760|593|4560|2898|6814|800|8038|6916|8531|3252|2788|8939|7574|3264|287|1452|1429|2400|472|4734|8107|6100|7801|1581|10079|7218|7469|3177|5367|10333|9523|2045|5445|6759|4108|7477|1398|5833|6779|5108|2135|9405|2790|559|2710|243|9060|392|6192|7397|7545|7276|4001|9471|6395|9137|5939|6432|4327|3502|9182|7706|9590|4845|8251|7000|10128|10241|4205|1371|10123|6150|7307|2905|1463|7870|3759|7827|5202|8622|9578|6168|8295|3066|9861|4238|4460|1385|1185|5518|5053|9010|3425|7717|4303|1704|7816|9268|3341|214|6283|7374|160|797|2785|8269|2291|7353|4815|3314|1290|1987|1850|315|8006|1516|813|8179|5102|8942|2677|1832|1951|1548|4882|2623|6766|4271|5169|6755|5905|810|6016|8200|8727|714|7068|9451|2141|4158|8798|443|3893|5664|1089|7655|4339|4994|69|899|5033|6050|6727|1800|4405|4531|5639|2918|5090|8485|6686|7663|6037|3391|3902|244|1563|2902|5978|1248|8285|9601|1469|2378|9767|5420|10198|10011|2849|105|3149|7470|391|6420|7790|1149|6944|8781|9786|8265|3231|5545|6268|4885|2914|5792|521|4076|5554|8348|9396|2749|2949|6337|4267|7290|10111|9114|6955|7371|3857|9204|153|72|2694|7822|9644|8517|1030|3197|8796|5671|352|4619|4870|4143|6816|3987|1160|1664|2763|6576|7032|6255|4724|10014|9265|2594|2685|2936|966|4448|1710|4187|458|1575|4974|8125|7592|3519|5884|6997|8008|6507|3791|7179|6908|4193|5913|1171|1736|10025|3614|8703|5220|2832|8247|7152|7406|2899|482|6115|6927|5009|10217|1488|1761|9773|3310|2654|2445|5825|8354|4785|3991|3460|9736|8764|7125|9191|4542|9120|1394|6289|8026|5118|2215|5109|384|5068|7568|5674|2366|2566|7709|3355|7898|6288|7422|1017|8097|7194|8674|8496|1757|9160|4160|5010|5421|9208|2484|8937|8623|3923|2410|9948|5614|9787|5492|6871|2306|8793|9188|587|3058|8481|4573|3976|4624|5729|5860|5474|6600|2983|3492|3024|2277|7603|3318|2058|199|5310|3163|9152|493|7401|5926|10048|773|7494|964|1642|5423|3792|6190|505|3522|5728|9854|10112|5071|2131|5366|5200|1555|7776|8167|2150|3931|4429|8347|3043|8555|6648|8668|7862|4311|10246|3995|4674|2413|8482|9230|4347|3430|3297|3914|8911|9216|5977|504|8730|8051|6295|9447|2063|4945|6360|5222|9006|1670|8356|129|2209|2648|2988|3634|7535|4593|948|8467|10144|9113|8331|8453|9364|6730|206|988|6782|4333|3242|7066|3478|10305|7861|868|7491|3746|9041|6417|9538|39|2415|2897|5761|3808|6850|4836|9571|7515|5607|7659|9878|8505|3008|7067|7143|934|9048|3916|7774|9836|10067|1610|3200|9592|8398|3909,17|85|172|174|0|117|42|130|73|58|101|119|160|105|75|144|2|45|132|30|31|21|164|122|146|77|63|79|134|88|102|149|175|91|4|162|35|177|33|138|92|46|52|178|43|137|153|145|15|20|76|161|129|1|171|29|106|135|86|16|37|131|56|158|7|18|74|118|8|124|109|51|87|173|151|100|57|150|59|66|78|99|44|34|94|48|62|89|3|116|147|5|61|23|19|139|32|65|120|60|64|163|148|22|133|179|180|24|136|90|95|110|165|6|80|108|159|81|82|93|104|103|176|167|50|47|36|10|115|39|113|40|67|112|25|55|12|166|128|141|181|182,9|13|16|18|19|20|26|28|29|31|34|39|42|47|52|61|63|64|74|75|77|81|82|86|88|90|93|94|95|97|98|101|102|105|111|112|113|114|127|128|133|137|140|143|145|146|150|151|152|157|159|160|161|162|166|167|171|174|176|183|185|186|187|190|203|207|211|214|217|218|219|220|224|225|226|231|233|238|244|249|251|253|255|256|264|269|271|272|273|278|279|281|282|284|285|287|291|294|296|298|299|302|306|307|311|316|317|325|329|331|333|337|339|341|342|343|348|350|354|355|356|359|362|367|372|373|375|376|378|379|382|385|390|392|399|405|406|407|414|417|418|421|422|423|429|432|437|438|443|444|445|448|449|450|455|459|460|461|462|464|465|466|470|473|478|485|489|490|491|493|496|498|503|513|516|517|522|525|527|529|534|536|538|540|542|550|551|553|556|557|561|563|565|573|574|576|577|578|580|582|584|588|590|596|599|608|617|620|622|626|627|630|631|633|637|638|639|641|645|646|649|652|654|657|658|663|673|678|685|689|697|700|701|704|712|716|718|727|730|731|732|738|740|747|748|752|756|763|764|766|767|773|775|778|779|780|783|785|788|795|796|799|801|802|804|805|807|812|813|821|822|823|828|829|833|834|836|841|850|853|859|861|871|872|874|878|882|888|889|892|893|895|896|898|900|901|902|903|911|919|921|924|926|929|931|938|946|951|952|954|959|966|967|973|974|978|979|981|987|989|990|991|992|993|1000|1002|1006|1008|1009|1012|1014|1016|1028|1030|1034|1035|1036|1037|1041|1043|1046|1050|1054|1058|1063|1074|1076|1077|1080|1084|1086|1089|1090|1091|1095|1103|1106|1110|1115|1118|1119|1122|1124|1125|1129|1131|1132|1133|1134|1140|1142|1147|1152|1161|1168|1169|1171|1173|1174|1177|1180|1181|1185|1187|1190|1197|1199|1200|1203|1209|1212|1213|1214|1215|1220|1222|1223|1225|1228|1231|1232|1236|1240|1241|1242|1243|1248|1250|1252|1254|1255|1256|1257|1260|1263|1265|1267|1270|1272|1275|1281|1285|1287|1292|1296|1300|1301|1304|1307|1308|1311|1312|1313|1315|1319|1321|1325|1329|1334|1337|1339|1348|1353|1354|1361|1365|1366|1368|1373|1374|1375|1376|1381|1384|1387|1391|1393|1397|1399|1402|1404|1406|1407|1410|1414|1415|1419|1420|1421|1423|1426|1427|1435|1439|1442|1447|1451|1455|1458|1466|1468|1469|1470|1471|1474|1476|1477|1486|1488|1490|1498|1500|1507|1511|1515|1524|1527|1529|1540|1543|1545|1547|1548|1550|1552|1555|1557|1559|1561|1569|1571|1576|1577|1578|1580|1583|1584|1600|1602|1605|1608|1610|1614|1615|1618|1620|1621|1622|1628|1629|1631|1632|1635|1637|1638|1640|1642|1646|1649|1650|1651|1655|1657|1658|1663|1665|1668|1669|1671|1675|1676|1677|1684|1685|1691|1695|1703|1712|1714|1717|1719|1721|1735|1737|1738|1739|1745|1748|1749|1752|1753|1754|1756|1768|1776|1781|1782|1785|1787|1789|1791|1794|1795|1804|1805|1806|1811|1813|1815|1821|1826|1833|1841|1843|1848|1850|1855|1860|1861|1862|1867|1868|1874|1876|1877|1878|1880|1881|1885|1887|1888|1891|1895|1901|1904|1909|1914|1916|1917|1922|1923|1925|1929|1930|1933|1944|1954|1955|1958|1959|1960|1962|1965|1972|1973|1974|1976|1985|1987|1988|1994|1999|2001|2004|2008|2010|2011|2012|2014|2017|2019|2020|2022|2024|2028|2030|2033|2035|2038|2040|2042|2044|2045|2046|2053|2056|2061|2062|2064|2067|2069|2071|2072|2074|2075|2078|2082|2086|2095|2109|2113|2114|2116|2117|2119|2123|2124|2133|2135|2136|2142|2143|2144|2150|2151|2155|2157|2166|2168|2173|2174|2176|2183|2184|2188|2189|2191|2194|2196|2200|2204|2207|2211|2214|2216|2217|2219|2220|2222|2223|2225|2238|2239|2244|2245|2248|2251|2252|2254|2255|2260|2269|2275|2276|2282|2284|2285|2287|2295|2296|2301|2305|2312|2313|2315|2316|2322|2329|2330|2332|2336|2338|2346|2348|2351|2354|2357|2361|2362|2366|2367|2368|2369|2371|2373|2374|2377|2379|2380|2383|2386|2389|2391|2397|2398|2401|2407|2420|2422|2424|2428|2433|2434|2435|2438|2439|2447|2453|2454|2457|2458|2460|2461|2464|2465|2466|2467|2469|2471|2472|2473|2474|2476|2477|2481|2488|2494|2497|2498|2506|2508|2509|2516|2518|2520|2525|2532|2533|2534|2537|2538|2540|2542|2544|2546|2551|2554|2561|2564|2568|2569|2577|2588|2589|2595|2598|2600|2602|2603|2606|2608|2612|2616|2619|2620|2624|2625|2626|2628|2629|2630|2631|2633|2637|2639|2646|2647|2648|2649|2652|2654|2658|2661|2662|2666|2672|2673|2674|2676|2677|2678|2681|2685|2693|2694|2699|2700|2701|2705|2706|2715|2717|2718|2720|2722|2723|2726|2727|2729|2731|2734|2735|2740|2746|2747|2748|2751|2759|2762|2765|2775|2778|2780|2782|2784|2787|2793|2796|2797|2800|2803|2805|2806|2814|2816|2818|2819|2821|2823|2829|2835|2840|2845|2846|2849|2852|2853|2858|2863|2866|2868|2872|2873|2876|2878|2880|2886|2898|2901|2902|2903|2904|2911|2912|2913|2914|2916|2919|2921|2927|2931|2940|2943|2944|2947|2950|2951|2952|2955|2960|2962|2966|2968|2975|2976|2980|2981|2986|2988|2991|2993|2995|2996|3001|3005|3006|3008|3011|3015|3023|3025|3028|3030|3039|3044|3049|3051|3052|3058|3061|3062|3063|3066|3068|3075|3076|3082|3083|3086|3089|3090|3091|3095|3105|3106|3108|3112|3119|3122|3123|3130|3134|3136|3137|3140|3141|3143|3144|3150|3162|3177|3185|3189|3192|3196|3200|3203|3206|3214|3222|3223|3224|3228|3229|3235|3238|3239|3240|3241|3251|3255|3259|3263|3267|3268|3274|3275|3283|3284|3286|3298|3303|3306|3307|3309|3311|3313|3315|3317|3319|3321|3322|3323|3332|3333|3337|3338|3340|3342|3345|3349|3351|3353|3354|3356|3360|3361|3366|3369|3370|3374|3377|3379|3386|3392|3394|3396|3404|3405|3410|3423|3424|3426|3431|3436|3443|3444|3445|3447|3449|3451|3457|3462|3478|3480|3483|3486|3487|3494|3495|3496|3499|3501|3505|3506|3508|3513|3520|3523|3527|3534|3536|3538|3544|3545|3547|3549|3554|3556|3559|3563|3565|3566|3572|3577|3578|3585|3586|3592|3594|3598|3599|3602|3607|3611|3613|3614|3615|3617|3621|3623|3633|3637|3639|3643|3647|3651|3652|3655|3657|3662|3664|3668|3669|3673|3674|3675|3684|3689|3693|3699|3700|3711|3713|3714|3715|3718|3726|3730|3731|3732|3736|3737|3738|3740|3746|3747|3749|3754|3755|3767|3769|3772|3775|3782|3783|3786|3791|3797|3798|3801|3804|3806|3812|3813|3814|3815|3819|3821|3822|3823|3826|3827|3829|3832|3837|3838|3842|3845|3850|3852|3861|3862|3863|3865|3867|3868|3871|3872|3877|3881|3886|3888|3896|3897|3904|3910|3912|3913|3916|3922|3923|3927|3929|3933|3934|3935|3937|3938|3941|3942|3943|3950|3951|3953|3956|3958|3959|3972|3973|3975|3979|3981|3984|3990|3995|4002|4003|4004|4005|4006|4008|4009|4011|4019|4020|4022|4023|4026|4031|4033|4035|4037|4038|4040|4041|4042|4048|4049|4054|4055|4065|4069|4070|4076|4079|4080|4083|4085|4088|4095|4097|4098|4099|4105|4112|4113|4115|4125|4126|4133|4134|4135|4140|4146|4151|4152|4158|4161|4165|4167|4175|4177|4189|4191|4192|4195|4196|4198|4203|4204|4206|4207|4209|4216|4222|4224|4233|4235|4237|4238|4241|4243|4244|4246|4247|4250|4253|4254|4259|4262|4264|4267|4268|4269|4275|4278|4279|4281|4283|4284|4289|4292|4294|4303|4307|4308|4309|4311|4313|4320|4321|4325|4329|4333|4335|4336|4347|4348|4349|4354|4355|4356|4358|4361|4362|4363|4365|4367|4368|4371|4374|4376|4377|4382|4388|4400|4402|4404|4406|4408|4409|4411|4414|4415|4417|4423|4426|4429|4431|4433|4434|4435|4438|4439|4442|4444|4449|4450|4454|4461|4462|4463|4476|4478|4479|4486|4488|4490|4497|4501|4503|4505|4511|4513|4514|4528|4529|4531|4538|4540|4542|4543|4554|4558|4559|4560|4561|4569|4570|4572|4573|4578|4579|4581|4582|4583|4587|4590|4594|4596|4597|4600|4602|4603|4604|4606|4613|4617|4620|4631|4632|4633|4636|4637|4638|4641|4643|4647|4649|4650|4653|4654|4656|4661|4663|4664|4668|4681|4687|4690|4693|4694|4696|4699|4704|4705|4706|4709|4731|4732|4734|4737|4740|4745|4752|4760|4761|4764|4765|4769|4770|4771|4774|4776|4777|4782|4784|4789|4800|4801|4804|4805|4807|4809|4814|4816|4820|4821|4822|4824|4828|4830|4831|4832|4835|4840|4844|4851|4854|4861|4864|4865|4866|4867|4868|4870|4874|4876|4878|4879|4882|4883|4885|4888|4889|4894|4896|4897|4899|4901|4905|4906|4907|4908|4909|4912|4915|4920|4922|4924|4925|4927|4930|4933|4936|4940|4942|4943|4944|4946|4949|4951|4952|4959|4964|4965|4966|4967|4974|4977|4978|4986|4987|4988|4994|4996|4999|5000|5006|5012|5013|5014|5022|5026|5032|5033|5034|5036|5037|5038|5039|5040|5042|5044|5046|5048|5049|5050|5051|5056|5057|5059|5072|5074|5083|5084|5087|5090|5096|5114|5115|5116|5118|5119|5123|5127|5130|5131|5132|5137|5141|5146|5147|5150|5152|5154|5155|5160|5162|5163|5166|5170|5171|5173|5180|5185|5186|5188|5193|5194|5195|5196|5198|5199|5202|5203|5206|5207|5208|5210|5214|5216|5217|5218|5221|5224|5229|5230|5232|5234|5236|5238|5240|5243|5244|5245|5249|5252|5254|5260|5261|5268|5280|5281|5283|5286|5287|5290|5295|5299|5303|5310|5312|5314|5317|5322|5325|5326|5328|5329|5335|5340|5341|5342|5347|5349|5350|5351|5352|5353|5357|5358|5360|5361|5375|5380|5382|5398|5400|5403|5406|5408|5409|5419|5422|5429|5435|5438|5441|5443|5447|5449|5450|5452|5454|5457|5458|5460|5461|5472|5479|5481|5487|5488|5490|5493|5494|5497|5502|5503|5504|5505|5508|5515|5518|5520|5521|5522|5523|5525|5528|5534|5540|5543|5546|5547|5549|5550|5553|5558|5560|5562|5563|5568|5569|5570|5571|5572|5573|5574|5575|5578|5581|5587|5591|5593|5597|5600|5604|5607|5610|5613|5616|5618|5619|5621|5623|5624|5627|5637|5639|5644|5651|5652|5653|5657|5658|5659|5665|5666|5671|5683|5685|5687|5689|5693|5695|5697|5699|5700|5701|5708|5710|5711|5713|5717|5720|5726|5728|5729|5733|5737|5741|5742|5743|5744|5746|5749|5751|5752|5753|5756|5757|5766|5767|5773|5774|5775|5776|5779|5781|5784|5789|5792|5796|5800|5807|5810|5812|5813|5815|5816|5820|5821|5828|5830|5831|5835|5837|5839|5840|5841|5846|5852|5853|5854|5855|5856|5857|5858|5860|5864|5870|5873|5875|5877|5879|5880|5882|5884|5888|5889|5894|5895|5898|5901|5902|5912|5914|5924|5927|5929|5930|5931|5934|5943|5945|5948|5950|5953|5959|5962|5963|5964|5968|5971|5974|5980|5982|5983|5984|5987|5990|5994|5996|6001|6002|6004|6006|6010|6015|6016|6018|6020|6021|6022|6025|6026|6027|6030|6034|6035|6039|6040|6044|6045|6049|6057|6058|6060|6061|6062|6067|6073|6075|6076|6077|6084|6097|6098|6100|6101|6102|6107|6112|6115|6116|6120|6121|6132|6133|6135|6136|6144|6145|6148|6151|6152|6153|6155|6156|6158|6162|6163|6172|6173|6176|6177|6178|6181|6182|6184|6185|6189|6192|6194|6195|6199|6201|6202|6207|6210|6213|6215|6216|6221|6222|6223|6227|6233|6237|6238|6241|6244|6245|6249|6252|6254|6256|6260|6261|6265|6268|6270|6271|6285|6286|6290|6298|6306|6307|6308|6309|6311|6312|6314|6315|6317|6320|6321|6325|6333|6335|6336|6340|6341|6342|6343|6345|6350|6355|6356|6363|6365|6377|6379|6382|6391|6392|6400|6401|6402|6403|6406|6408|6410|6414|6417|6426|6439|6442|6444|6445|6446|6449|6452|6453|6455|6456|6458|6459|6462|6470|6471|6477|6480|6481|6483|6484|6487|6493|6494|6497|6500|6503|6508|6509|6513|6517|6520|6521|6523|6525|6528|6529|6530|6532|6539|6540|6544|6546|6547|6550|6551|6555|6559|6563|6568|6570|6572|6574|6576|6577|6581|6593|6594|6596|6597|6598|6599|6600|6601|6604|6607|6609|6611|6612|6614|6617|6618|6621|6622|6629|6630|6632|6634|6635|6640|6641|6643|6652|6653|6655|6660|6661|6664|6667|6672|6674|6676|6680|6681|6691|6693|6697|6704|6707|6714|6719|6722|6735|6741|6742|6749|6751|6760|6763|6770|6772|6775|6778|6782|6783|6786|6788|6793|6798|6799|6805|6807|6813|6816|6817|6818|6819|6820|6821|6822|6824|6829|6831|6837|6838|6839|6843|6847|6852|6853|6854|6856|6859|6862|6866|6877|6879|6881|6884|6888|6889|6890|6896|6899|6902|6907|6908|6916|6919|6930|6932|6936|6937|6938|6945|6946|6947|6954|6963|6965|6974|6980|6983|6985|6986|6987|6991|7005|7006|7007|7008|7010|7011|7012|7018|7020|7021|7024|7027|7029|7031|7033|7035|7042|7046|7052|7058|7064|7068|7074|7076|7084|7087,27.408450704225352,True
instance_0006.txt,smaller_multi,716,122,634,10305|1707|5774|8493|5292|4373|5638|2200|1621|2934|8008|973|3561|2875|1046|4131|10047|6194|1679|1203|3281|10016|7678|9077|5899|9216|10261|4876|2006|881|3329|10074|5884|1409|3696|9707|3009|3310|9869|4415|8847|1120|167|9307|539|6359|2950|1907|8666|4244|996|1456|379|8630|1308|7192|1797|1313|10297|7339|10198|762|5812|9013|5040|5230|9565|9803|9038|1394|4934|3585|5132|1507|37|5491|1187|2472|9767|3855|6421|8589|5549|648|3559|8786|5571|2251|487|9898|6262|7045|7764|2294|6730|3948|4917|4455|1033|7262|2403|5518|2528|559|2725|988|1682|3487|8833|933|1606|7967|5508|868|1099|8057|7702|9140|9086|4720|8749|9818|444|5832|3106|719|1629|2662|9149|8560|826|1848|5467|4773|3962|1009|10156|773|2687|8792|6035|2915|2625|2657|137|7881|10093|6531|50|2757|3586|1426|9122|9621|3277|7197|2930|7439|6132|6517|1686|7922|7198|424|3373|1781|1616|1860|9575|3637|2358|7347|6533|8807|177|1982|6999|8572|4153|989|764|5502|7318|1096|4816|6566|6865|5496|4985|2615|9269|8201|3472|8254|774|6151|5740|1815|6752|19|1198|1652|2176|1765|9758|3963|9322|3198|9474|3152|9231|3351|1145|2716|614|1569|3362|9002|6938|5930|522|4382|3953|8268|4319|6747|10326|2152|9089|6137|9380|2857|3349|8037|2598|2954|7839|4627|8567|1373|5953|2775|8908|7589|3071|3104|5117|6227|834|4945|9467|3083|9063|10246|2013|948|536|7876|7572|7012|6717|7996|7279|9589|3769|2391|9006|5617|9192|360|1444|6737|8827|6782|7238|7728|7540|2118|7153|999|1833|2366|9493|9773|10164|9497|1338|481|683|6955|4763|5236|402|3912|4733|6171|7211|4178|6791|250|6352|8691|9762|5104|5046|5172|9810|6155|2956|3917|356|3911|4855|9697|9287|5447|9235|3780|7462|3568|4344|1526|5380|8220|1010|7564|1992|3007|4465|3507|14|435|5267|2514|1868|786|2309|5420|6075|2010|6238|9935|6697|7758|9129|6662|5999|4683|9512|2026|2024|5650|6846|8673|6838|4898|1545|9765|6610|3261|5408|9396|3397|3749|2019|1996|1169|3363|9442|2739|9299|9486|7861|9193|6466|2825|2699|6409|6438|4838|3574|6086|1377|8038|4628|671|310|4328|4900|1369|3266|1898|4792|6111|1449|426|2605|8858|373|3903|4144|7945|9940|7271|9534|2645|3657|4025|7970|9317|5329|4744|7148|6308|1991|6980|4622|4151|3906|9802|1538|677|331|9962|5025|9308|8163|4193|8213|1756|8155|457|159|2405|7137|1678|6727|1924|168|4922|9394|2864|8082|6894|2385|6718|2848|3489|2370|9570|43|2870|8290|3891|514|2182|10161|714|5475|393|2180|1972|2616|9037|704|10146|2227|33|2458|8071|5616|6277|7707|5060|9347|1089|6776|2343|3760|1114|9315|1784|3908|1086|5059|9439|7600|1481|1559|7158|6118|10284|2448|8853|6809|7413|9316|3186|1354|5570|5367|2862|9507|3421|890|8296|8014|4742|2495|4612|4943|4486|6461|1482|6494|5521|9432|7788|308|9678|7178|750|3825|5184|8007|9832|10195|7325|5799|4289|2248|1191|8727|5413|3713|7416|1740|122|3597|6449|332|5481|7567|3160|509|5412|6675|2562|8655|2761|872|10125|5248|5102|316|2355|4049|8089|2368|8086|4795|7348|9449|718|3720|7986|1386|10114|9593|8059|3897|9321|144|223|1115|4832|4252|1729|9043|5082|5805|1983|4886|6123|6844|1804|3523|9208|747|5562|2292|1150|3904|6361|7752|238|819|7827|7656|295|6158|5484|6951|8381|4511|458|9508|6812|5370|9154|489|9542|9148|4181|4895|2000|6385|409|7434|595|4301|7984|4894|8527|7469|3899|1737|10050|2690|8202|4540|9719|5813|9601|6783|690|1070|1702|4601|8717|4826|4869|4515|9837|10327|3686|7311|1264|4467|1721|6996|304|7268|2872|5403|4056|6654|6670|1528|8776|6139|10006|720|1677|4793|2902|1844|6904|5168|2512|10179|2141|8419|7784|9915|6988|1248|3010|9241|1178|2338|2911|2406|2142|1152|3249|5249|946|5070|5074|2486|828|904|9125|9302|2047|5869|7100|3216|1124|7251|2038|9839|5179|6355|5439|2851|518|9174|1969|5971|2276|8704|5423|1406|567,130|5|94|117|42|43|65|119|178|0|174|48|144|32|73|56|172|78|51|177|131|102|88|151|3|124|145|150|31|105|33|18|23|147|45|77|161|7|61|106|134|137|63|158|21|101|85|132|25|103|20|34|160|62|87|89|154|17|129|29|30|107|153|176|15|58|76|86|4|163|175|50|52|60|2|35|37|82|148|120|135|138|159|75|91|116|59|164|173|19|44|46|123|139|162|8|9|10|66|79|92|149|166|80|81|100|146|95|99|108|121|122|179|57|118|180|22|39|67|74|110|115,0|3|35|38|40|91|100|121|153|160|185|198|218|224|236|265|294|296|313|336|340|354|361|362|377|396|398|414|422|443|449|460|472|475|476|483|487|491|499|509|525|540|542|548|564|583|597|599|608|633|635|643|657|665|672|683|684|695|718|723|729|774|788|802|805|813|821|828|833|834|860|883|896|899|906|921|922|924|925|940|944|951|961|974|981|1014|1029|1030|1036|1038|1053|1072|1077|1085|1090|1101|1102|1110|1132|1136|1142|1151|1155|1156|1159|1185|1194|1234|1280|1306|1312|1340|1347|1349|1351|1352|1362|1373|1402|1411|1415|1416|1423|1424|1431|1443|1457|1464|1488|1495|1499|1507|1508|1522|1525|1533|1540|1561|1562|1563|1589|1608|1634|1635|1647|1660|1679|1684|1700|1702|1704|1719|1720|1722|1731|1750|1766|1771|1784|1804|1823|1853|1855|1857|1877|1898|1918|1930|1933|1935|1943|1954|1961|1962|1964|1975|1978|1981|2017|2023|2025|2058|2064|2091|2092|2094|2108|2114|2120|2125|2144|2167|2190|2191|2194|2196|2213|2231|2241|2255|2266|2276|2299|2316|2317|2352|2368|2416|2425|2436|2445|2453|2469|2476|2477|2488|2505|2507|2516|2535|2538|2563|2584|2585|2591|2612|2616|2618|2639|2641|2657|2681|2688|2715|2716|2719|2722|2739|2752|2760|2767|2775|2778|2780|2787|2810|2814|2819|2848|2858|2865|2873|2876|2877|2882|2888|2903|2907|2923|2936|2938|2950|2958|2962|2971|2972|2992|3004|3018|3019|3027|3033|3034|3046|3052|3065|3067|3072|3103|3116|3124|3125|3128|3139|3145|3170|3197|3205|3211|3247|3260|3282|3284|3288|3295|3296|3316|3343|3352|3376|3383|3402|3405|3409|3425|3434|3435|3460|3476|3494|3512|3522|3550|3567|3617|3620|3628|3647|3651|3671|3680|3687|3701|3703|3716|3743|3752|3755|3768|3784|3818|3828|3848|3857|3869|3875|3881|3924|3925|3935|3962|3974|3975|4011|4031|4032|4037|4046|4050|4054|4056|4062|4068|4084|4096|4109|4121|4141|4144|4148|4150|4162|4166|4188|4189|4208|4210|4214|4224|4225|4236|4238|4244|4257|4259|4276|4281|4288|4322|4323|4342|4344|4409|4425|4431|4433|4436|4465|4483|4492|4493|4494|4501|4549|4557|4558|4561|4570|4573|4605|4620|4636|4645|4652|4653|4657|4663|4668|4679|4699|4701|4733|4765|4818|4844|4859|4890|4902|4936|4939|4958|4962|4963|4973|4986|4988|4994|4996|5003|5029|5035|5044|5046|5048|5052|5055|5064|5071|5072|5073|5081|5155|5168|5173|5176|5201|5211|5221|5231|5241|5244|5257|5258|5260|5280|5289|5299|5304|5305|5310|5312|5329|5332|5342|5352|5359|5376|5383|5385|5414|5416|5420|5425|5433|5441|5446|5462|5473|5475|5477|5501|5502|5503|5510|5521|5529|5530|5536|5547|5548|5550|5555|5576|5578|5580|5585|5605|5611|5640|5661|5676|5697|5745|5746|5756|5773|5782|5788|5789|5796|5806|5808|5816|5842|5843|5853|5859|5867|5882|5883|5889|5892|5914|5929|5931|5937|5940|5942|5962|5971|5979|5985|5994|6001|6017|6024|6025|6026|6051|6055|6072|6089|6093|6126|6134|6135|6154|6156|6159|6160|6162|6179|6181|6199|6206|6210|6222|6232|6259|6265|6273|6276|6277|6289|6295|6305|6354|6374|6376|6377|6386|6398|6410|6412|6429|6442|6449|6474|6491|6518|6521|6525|6530|6534|6537|6565|6576|6577|6580|6581|6593|6608|6617|6632|6663|6691|6692|6696|6700|6701|6711|6723|6724|6731|6737|6740|6755|6761|6790|6847|6866|6869|6888|6928|6933|6940|6942|6950|6962|6971|6972|6982|6991|6997|7000|7006|7017|7039|7055|7060|7065|7073|7079|7080,31.901639344262296,True
instance_0007.txt,aisle_first_desc,1177,5,827,5488|1065|2861|150|32|1747|4341|4484|5207|1667|3579|5017|300|750|3788|5473|7545|2539|3560|3813|5667|6160|7171|7360|7538|7570|383|762|849|1081|1209|1277|1557|2394|3666|3681|4454|4535|4686|4824|6204|6941|6976|7397|7478|7567|8229|8261|58|245|291|479|522|853|969|1009|1117|1303|1411|1425|1728|1736|1777|1877|1921|1925|1939|1967|1970|2070|2399|2537|2608|2793|2866|2885|2979|3102|3276|3325|3337|3517|3619|3722|3863|3866|3978|4175|4233|4255|4274|4476|4546|4738|4872|4987|5011|5333|5426|5429|5516|5752|6010|6316|6578|6580|6610|6659|6962|7134|7336|7383|7468|7600|7826|7876|7915|8171|29|30|31|34|40|42|55|77|88|118|120|139|158|170|179|182|192|206|225|242|247|249|257|263|265|270|288|290|296|297|298|303|308|309|315|319|329|334|347|363|367|377|381|391|408|415|431|440|445|458|472|473|480|486|510|521|523|524|531|588|593|595|603|605|606|607|619|633|639|643|645|651|655|660|661|673|682|683|699|713|719|733|739|747|748|752|757|764|771|776|777|778|781|788|790|797|798|810|812|814|823|824|833|852|854|865|876|881|893|897|899|904|917|918|923|931|932|954|961|964|971|972|989|992|993|999|1008|1017|1034|1039|1056|1060|1063|1079|1094|1097|1102|1105|1125|1129|1132|1144|1151|1153|1155|1157|1166|1170|1195|1204|1208|1219|1225|1230|1236|1238|1245|1250|1251|1253|1256|1259|1268|1270|1272|1278|1288|1299|1307|1322|1337|1342|1348|1355|1360|1378|1406|1409|1414|1435|1443|1454|1468|1472|1473|1474|1477|1478|1480|1494|1501|1502|1503|1511|1536|1544|1547|1549|1560|1568|1576|1579|1581|1587|1600|1613|1617|1637|1640|1645|1646|1647|1651|1654|1655|1658|1671|1672|1679|1680|1681|1694|1695|1697|1701|1709|1732|1733|1743|1746|1769|1785|1800|1808|1811|1827|1836|1841|1853|1858|1862|1864|1870|1881|1892|1912|1916|1924|1927|1934|1938|1944|1950|1959|1978|1982|1984|1988|1993|1997|1998|1999|2001|2009|2010|2020|2031|2033|2034|2039|2054|2059|2064|2078|2079|2087|2095|2100|2115|2119|2130|2132|2174|2196|2200|2203|2208|2211|2212|2215|2219|2222|2224|2225|2242|2255|2258|2263|2277|2278|2283|2288|2296|2299|2301|2307|2311|2314|2323|2347|2370|2372|2375|2381|2383|2395|2406|2417|2418|2423|2438|2443|2444|2468|2485|2491|2502|2505|2521|2525|2538|2540|2550|2571|2581|2586|2587|2588|2595|2603|2618|2620|2625|2630|2640|2641|2648|2664|2668|2670|2678|2682|2683|2690|2693|2695|2708|2709|2717|2719|2733|2737|2742|2767|2775|2779|2803|2806|2816|2818|2819|2823|2832|2839|2850|2859|2865|2871|2876|2890|2891|2900|2908|2912|2919|2921|2922|2943|2968|2996|2998|3009|3015|3025|3035|3058|3081|3091|3095|3113|3121|3155|3183|3186|3192|3193|3196|3199|3212|3213|3217|3228|3243|3256|3265|3279|3280|3283|3285|3300|3309|3331|3348|3355|3363|3379|3387|3388|3390|3394|3403|3420|3427|3439|3447|3448|3474|3494|3499|3509|3526|3554|3566|3573|3606|3611|3612|3615|3624|3641|3644|3646|3647|3652|3659|3660|3665|3676|3689|3692|3699|3704|3710|3717|3728|3731|3733|3740|3743|3751|3754|3757|3763|3775|3782|3785|3791|3804|3824|3825|3835|3841|3843|3849|3852|3864|3870|3879|3883|3899|3909|3915|3917|3926|3930|3931|3934|3936|3942|3945|3950|3967|3976|3977|3991|3994|3999|4010|4018|4020|4052|4053|4056|4063|4067|4068|4072|4073|4090|4091|4095|4099|4110|4116|4124|4127|4134|4147|4157|4172|4174|4178|4179|4186|4230|4232|4245|4254|4258|4271|4272|4288|4289|4302|4312|4314|4317|4333|4338|4373|4374|4379|4383|4389|4390|4400|4412|4415|4417|4436|4446|4452|4462|4464|4481|4482|4486|4504|4507|4509|4515|4519|4523|4534|4543|4550|4553|4569|4572|4575|4576|4581|4589|4591|4601|4604|4608|4616|4625|4628|4637|4646|4665|4668|4679|4682|4684|4689|4690|4718|4720|4722|4745|4746|4753|4755|4757|4767|4805|4811|4837|4869|4882|4894|4903|4914|4923|4924|4926|4945|4952|4957|4964|4977|4978|4985|4986|4992|4993|4994|5001|5003|5007|5013|5036|5037|5040|5042|5046|5060|5063|5076|5092|5096|5105|5107|5108|5137|5139|5146|5150|5160|5161|5177|5188|5193|5201|5211|5218|5219|5223|5231|5243|5248|5254|5264|5265|5269|5275|5276|5284|5285|5295|5296|5303|5323|5325|5327|5328|5329|5339|5341|5342|5353|5365|5373|5377|5378|5390|5399|5404|5405|5409|5414|5419|5420|5423|5425|5430|5432|5439|5441|5443|5452|5457|5459|5462|5478|5482|5491|5495|5508|5510|5514|5553|5559|5561|5575|5597|5605|5612|5641|5646|5650|5656|5659|5660|5678|5680|5686|5692|5695|5699|5712|5745|5747|5749|5760|5768|5771|5772|5774|5775|5782|5791|5807|5808|5812|5819|5826|5833|5835|5850|5854|5856|5860|5861|5875|5886|5890|5893|5915|5919|5930|5934|5938|5950|5961|5964|5968|5977|5978|6009|6014|6018|6027|6028|6038|6046|6053|6057|6070|6076|6078|6081|6082|6087|6089|6095|6098|6104|6119|6120|6121|6181|6182|6188|6198|6200|6202|6209|6217|6218|6227|6232|6233|6237|6240|6253|6256|6257|6259|6262|6273|6290|6293|6313|6317|6321|6325|6351|6358|6378|6390|6391|6393|6400|6406|6412|6413|6429|6439|6440|6455|6482|6498|6504|6509|6519|6520|6522|6526|6535|6538|6540|6543|6546|6557|6586|6605|6622|6625|6629|6631|6633|6639|6657|6660|6669|6672|6679|6686|6695|6700|6701|6719|6726|6734|6740|6744|6746|6750|6755|6762|6766|6792|6799|6810|6814|6821|6825|6833|6838|6842|6843|6851|6856|6861|6865|6876|6878|6882|6883|6891|6897|6901|6907|6913|6918|6931|6932|6939|6942|6945|6955|6959|6965|6973|6984|6990|7009|7060|7077|7079|7102|7104|7156|7173|7181|7183|7184|7186|7203|7204|7206|7210|7212|7218|7222|7236|7239|7242|7243|7245|7268|7270|7277|7298|7306|7319|7328|7332|7344|7382|7385|7386|7404|7406|7422|7429|7449|7470|7473|7475|7477|7489|7498|7509|7510|7513|7522|7524|7527|7528|7530|7543|7552|7556|7571|7573|7576|7580|7581|7585|7630|7644|7645|7654|7658|7665|7667|7670|7673|7679|7699|7700|7707|7716|7719|7727|7739|7758|7764|7775|7786|7793|7798|7805|7806|7818|7820|7839|7844|7900|7905|7922|7941|7943|7952|7957|7984|7986|7988|7989|7993|7996|8001|8002|8022|8028|8031|8035|8039|8054|8059|8061|8074|8080|8082|8092|8094|8104|8109|8124|8125|8137|8141|8145|8155|8161|8164|8173|8180|8185|8191|8206|8212|8215|8218|8223|8227|8236|8251|8273|8275|8287|8293|8294|8297,16|74|84|115|157,1|2|3|5|8|11|23|29|31|34|45|61|79|82|85|95|102|104|135|147|148|160|174|181|185|190|196|202|207|210|215|217|222|225|229|235|239|250|251|252|253|261|263|270|277|282|285|291|296|305|309|317|320|323|327|337|338|346|351|361|373|378|383|386|387|398|406|410|416|423|424|427|430|440|443|444|445|446|462|469|476|487|491|496|501|506|517|519|525|529|535|540|549|558|564|565|583|586|587|590|594|595|609|610|613|639|646|649|664|667|676|681|687|699|703|709|717|740|742|743|749|758|761|773|781|784|819|820|824|831|832|853|861|863|870|878|886|903|907|910|917|931|945|949|957|966|973|986|990|996|1002|1007|1009|1011|1014|1019|1036|1061|1063|1085|1087|1098|1107|1112|1113|1114|1116|1121|1128|1135|1136|1137|1159|1160|1161|1170|1177|1179|1190|1199|1205|1207|1209|1227|1235|1238|1248|1249|1258|1259|1277|1279|1292|1293|1302|1316|1320|1323|1327|1333|1345|1357|1361|1366|1372|1379|1382|1386|1392|1395|1414|1426|1427|1470|1478|1485|1487|1505|1524|1528|1529|1531|1537|1546|1547|1548|1557|1562|1573|1577|1598|1601|1603|1608|1610|1614|1616|1619|1639|1641|1645|1649|1651|1656|1660|1661|1663|1670|1694|1723|1724|1731|1747|1754|1756|1757|1766|1769|1776|1781|1788|1810|1821|1832|1835|1843|1847|1862|1863|1879|1892|1893|1894|1900|1905|1914|1916|1923|1941|1990|1991|2000|2005|2007|2016|2017|2018|2023|2024|2033|2038|2042|2061|2110|2114|2115|2124|2129|2151|2160|2161|2163|2166|2169|2177|2178|2182|2192|2194|2196|2205|2213|2214|2217|2225|2226|2228|2232|2241|2244|2246|2255|2267|2271|2288|2293|2295|2301|2302|2312|2314|2325|2327|2332|2338|2340|2360|2363|2372|2373|2379|2383|2394|2400|2402|2407|2409|2413|2419|2420|2423|2426|2427|2465|2479|2487|2490|2496|2507|2511|2535|2536|2554|2563|2584|2586|2594|2596|2600|2603|2610|2614|2616|2618|2621|2623|2636|2640|2643|2650|2675|2686|2700|2706|2708|2710|2713|2723|2728|2735|2748|2752|2755|2758|2765|2782|2790|2817|2838|2841|2846|2851|2868|2878|2881|2882|2888|2895|2901|2902|2913|2914|2915|2916|2932|2938|2944|2947|2958|2965|2971|2978|2986|2999|3003|3004|3010|3014|3018|3023|3024|3025|3030|3037|3043|3049|3055|3058|3062|3065|3072|3082|3084|3093|3100|3105|3114|3120|3129|3131|3144|3147|3159|3165|3166|3171|3192|3193|3199|3211|3216|3217|3220|3228|3235|3240|3244|3251|3262|3269|3270|3287|3294|3297|3304|3317|3338|3341|3342|3344|3347|3349|3354|3369|3371|3375|3376|3379|3385|3392|3399|3400|3401|3406|3415|3427|3428|3432|3434|3443|3451|3457|3459|3462|3463|3471|3477|3486|3487|3502|3513|3515|3519|3523|3524|3526|3540|3559|3566|3569|3577|3586|3588|3593|3598|3604|3616|3621|3633|3644|3646|3665|3673|3680|3699|3709|3733|3739|3746|3762|3764|3768|3782|3787|3801|3803|3804|3809|3815|3816|3831|3834|3838|3839|3841|3846|3847|3848|3855|3860|3872|3884|3890|3895|3904|3906|3909|3910|3918|3937|3949|3956|3957|3958|3960|3963|3972|3975|3977|3979|3981|3990|3991|4013|4028|4032|4033|4036|4040|4043|4044|4052|4060|4061|4071|4072|4073|4084|4090|4091|4094|4115|4118|4119|4133|4135|4140|4148|4150|4151|4153|4159|4175|4186|4187|4196|4198|4202|4203|4204|4221|4236|4237|4244|4251|4255|4258|4259|4263|4265|4286|4291|4294|4301|4306|4308|4316|4323|4331|4338|4344|4346|4347|4356|4365|4369|4390|4409|4415|4432|4433|4439|4442|4446|4467|4476|4478|4480|4483|4490|4502|4503|4507|4516|4517|4525|4526|4539|4542|4545|4555|4561|4568|4576|4579|4582|4588|4594|4596|4636|4646|4651|4654|4664|4673|4675|4678|4705|4706|4707|4711|4714|4725|4737|4744|4749|4773|4775|4800|4806|4811|4812|4824|4828|4836|4845|4846|4849|4861|4866|4871|4879|4888|4891|4913|4927|4932|4943|4963|4968|4977|4978|4998|5009|5017|5019|5038|5042|5047|5051|5059|5061|5072|5079|5085|5086|5091|5095|5100|5104|5113|5120|5124|5129|5138|5139|5143|5153|5180|5200|5225|5227|5229|5231|5235|5242|5250|5262|5276|5292|5298|5301|5306|5311|5313|5314|5317|5318|5323|5327|5343|5348|5353|5367|5369|5371|5374|5378|5400|5414|5417|5431|5438|5451|5452|5457|5461|5466|5468|5471|5478|5480|5489|5491|5502|5506|5510|5514|5529|5536|5537|5539|5542|5559|5562|5565|5576|5594|5603|5608|5609|5613|5615|5625|5631|5640|5645|5646|5653|5657|5697|5698|5699|5723|5725|5727|5744,284.8,True
instance_0007.txt,dinkelbach_mip,1177,5,827,5488|1065|2861|150|32|1747|4341|4484|5207|1667|3579|5017|300|750|3788|5473|7545|2539|3560|3813|5667|6160|7171|7360|7538|7570|383|762|849|1081|1209|1277|1557|2394|3666|3681|4454|4535|4686|4824|6204|6941|6976|7397|7478|7567|8229|8261|58|245|291|479|522|853|969|1009|1117|1303|1411|1425|1728|1736|1777|1877|1921|1925|1939|1967|1970|2070|2399|2537|2608|2793|2866|2885|2979|3102|3276|3325|3337|3517|3619|3722|3863|3866|3978|4175|4233|4255|4274|4476|4546|4738|4872|4987|5011|5333|5426|5429|5516|5752|6010|6316|6578|6580|6610|6659|6962|7134|7336|7383|7468|7600|7826|7876|7915|8171|29|30|31|34|40|42|55|77|88|118|120|139|158|170|179|182|192|206|225|242|247|249|257|263|265|270|288|290|296|297|298|303|308|309|315|319|329|334|347|363|367|377|381|391|408|415|431|440|445|458|472|473|480|486|510|521|523|524|531|588|593|595|603|605|606|607|619|633|639|643|645|651|655|660|661|673|682|683|699|713|719|733|739|747|748|752|757|764|771|776|777|778|781|788|790|797|798|810|812|814|823|824|833|852|854|865|876|881|893|897|899|904|917|918|923|931|932|954|961|964|971|972|989|992|993|999|1008|1017|1034|1039|1056|1060|1063|1079|1094|1097|1102|1105|1125|1129|1132|1144|1151|1153|1155|1157|1166|1170|1195|1204|1208|1219|1225|1230|1236|1238|1245|1250|1251|1253|1256|1259|1268|1270|1272|1278|1288|1299|1307|1322|1337|1342|1348|1355|1360|1378|1406|1409|1414|1435|1443|1454|1468|1472|1473|1474|1477|1478|1480|1494|1501|1502|1503|1511|1536|1544|1547|1549|1560|1568|1576|1579|1581|1587|1600|1613|1617|1637|1640|1645|1646|1647|1651|1654|1655|1658|1671|1672|1679|1680|1681|1694|1695|1697|1701|1709|1732|1733|1743|1746|1769|1785|1800|1808|1811|1827|1836|1841|1853|1858|1862|1864|1870|1881|1892|1912|1916|1924|1927|1934|1938|1944|1950|1959|1978|1982|1984|1988|1993|1997|1998|1999|2001|2009|2010|2020|2031|2033|2034|2039|2054|2059|2064|2078|2079|2087|2095|2100|2115|2119|2130|2132|2174|2196|2200|2203|2208|2211|2212|2215|2219|2222|2224|2225|2242|2255|2258|2263|2277|2278|2283|2288|2296|2299|2301|2307|2311|2314|2323|2347|2370|2372|2375|2381|2383|2395|2406|2417|2418|2423|2438|2443|2444|2468|2485|2491|2502|2505|2521|2525|2538|2540|2550|2571|2581|2586|2587|2588|2595|2603|2618|2620|2625|2630|2640|2641|2648|2664|2668|2670|2678|2682|2683|2690|2693|2695|2708|2709|2717|2719|2733|2737|2742|2767|2775|2779|2803|2806|2816|2818|2819|2823|2832|2839|2850|2859|2865|2871|2876|2890|2891|2900|2908|2912|2919|2921|2922|2943|2968|2996|2998|3009|3015|3025|3035|3058|3081|3091|3095|3113|3121|3155|3183|3186|3192|3193|3196|3199|3212|3213|3217|3228|3243|3256|3265|3279|3280|3283|3285|3300|3309|3331|3348|3355|3363|3379|3387|3388|3390|3394|3403|3420|3427|3439|3447|3448|3474|3494|3499|3509|3526|3554|3566|3573|3606|3611|3612|3615|3624|3641|3644|3646|3647|3652|3659|3660|3665|3676|3689|3692|3699|3704|3710|3717|3728|3731|3733|3740|3743|3751|3754|3757|3763|3775|3782|3785|3791|3804|3824|3825|3835|3841|3843|3849|3852|3864|3870|3879|3883|3899|3909|3915|3917|3926|3930|3931|3934|3936|3942|3945|3950|3967|3976|3977|3991|3994|3999|4010|4018|4020|4052|4053|4056|4063|4067|4068|4072|4073|4090|4091|4095|4099|4110|4116|4124|4127|4134|4147|4157|4172|4174|4178|4179|4186|4230|4232|4245|4254|4258|4271|4272|4288|4289|4302|4312|4314|4317|4333|4338|4373|4374|4379|4383|4389|4390|4400|4412|4415|4417|4436|4446|4452|4462|4464|4481|4482|4486|4504|4507|4509|4515|4519|4523|4534|4543|4550|4553|4569|4572|4575|4576|4581|4589|4591|4601|4604|4608|4616|4625|4628|4637|4646|4665|4668|4679|4682|4684|4689|4690|4718|4720|4722|4745|4746|4753|4755|4757|4767|4805|4811|4837|4869|4882|4894|4903|4914|4923|4924|4926|4945|4952|4957|4964|4977|4978|4985|4986|4992|4993|4994|5001|5003|5007|5013|5036|5037|5040|5042|5046|5060|5063|5076|5092|5096|5105|5107|5108|5137|5139|5146|5150|5160|5161|5177|5188|5193|5201|5211|5218|5219|5223|5231|5243|5248|5254|5264|5265|5269|5275|5276|5284|5285|5295|5296|5303|5323|5325|5327|5328|5329|5339|5341|5342|5353|5365|5373|5377|5378|5390|5399|5404|5405|5409|5414|5419|5420|5423|5425|5430|5432|5439|5441|5443|5452|5457|5459|5462|5478|5482|5491|5495|5508|5510|5514|5553|5559|5561|5575|5597|5605|5612|5641|5646|5650|5656|5659|5660|5678|5680|5686|5692|5695|5699|5712|5745|5747|5749|5760|5768|5771|5772|5774|5775|5782|5791|5807|5808|5812|5819|5826|5833|5835|5850|5854|5856|5860|5861|5875|5886|5890|5893|5915|5919|5930|5934|5938|5950|5961|5964|5968|5977|5978|6009|6014|6018|6027|6028|6038|6046|6053|6057|6070|6076|6078|6081|6082|6087|6089|6095|6098|6104|6119|6120|6121|6181|6182|6188|6198|6200|6202|6209|6217|6218|6227|6232|6233|6237|6240|6253|6256|6257|6259|6262|6273|6290|6293|6313|6317|6321|6325|6351|6358|6378|6390|6391|6393|6400|6406|6412|6413|6429|6439|6440|6455|6482|6498|6504|6509|6519|6520|6522|6526|6535|6538|6540|6543|6546|6557|6586|6605|6622|6625|6629|6631|6633|6639|6657|6660|6669|6672|6679|6686|6695|6700|6701|6719|6726|6734|6740|6744|6746|6750|6755|6762|6766|6792|6799|6810|6814|6821|6825|6833|6838|6842|6843|6851|6856|6861|6865|6876|6878|6882|6883|6891|6897|6901|6907|6913|6918|6931|6932|6939|6942|6945|6955|6959|6965|6973|6984|6990|7009|7060|7077|7079|7102|7104|7156|7173|7181|7183|7184|7186|7203|7204|7206|7210|7212|7218|7222|7236|7239|7242|7243|7245|7268|7270|7277|7298|7306|7319|7328|7332|7344|7382|7385|7386|7404|7406|7422|7429|7449|7470|7473|7475|7477|7489|7498|7509|7510|7513|7522|7524|7527|7528|7530|7543|7552|7556|7571|7573|7576|7580|7581|7585|7630|7644|7645|7654|7658|7665|7667|7670|7673|7679|7699|7700|7707|7716|7719|7727|7739|7758|7764|7775|7786|7793|7798|7805|7806|7818|7820|7839|7844|7900|7905|7922|7941|7943|7952|7957|7984|7986|7988|7989|7993|7996|8001|8002|8022|8028|8031|8035|8039|8054|8059|8061|8074|8080|8082|8092|8094|8104|8109|8124|8125|8137|8141|8145|8155|8161|8164|8173|8180|8185|8191|8206|8212|8215|8218|8223|8227|8236|8251|8273|8275|8287|8293|8294|8297,16|74|84|115|157,1|2|3|5|8|11|23|29|31|34|45|61|79|82|85|95|102|104|135|147|148|160|174|181|185|190|196|202|207|210|215|217|222|225|229|235|239|250|251|252|253|261|263|270|277|282|285|291|296|305|309|317|320|323|327|337|338|346|351|361|373|378|383|386|387|398|406|410|416|423|424|427|430|440|443|444|445|446|462|469|476|487|491|496|501|506|517|519|525|529|535|540|549|558|564|565|583|586|587|590|594|595|609|610|613|639|646|649|664|667|676|681|687|699|703|709|717|740|742|743|749|758|761|773|781|784|819|820|824|831|832|853|861|863|870|878|886|903|907|910|917|931|945|949|957|966|973|986|990|996|1002|1007|1009|1011|1014|1019|1036|1061|1063|1085|1087|1098|1107|1112|1113|1114|1116|1121|1128|1135|1136|1137|1159|1160|1161|1170|1177|1179|1190|1199|1205|1207|1209|1227|1235|1238|1248|1249|1258|1259|1277|1279|1292|1293|1302|1316|1320|1323|1327|1333|1345|1357|1361|1366|1372|1379|1382|1386|1392|1395|1414|1426|1427|1470|1478|1485|1487|1505|1524|1528|1529|1531|1537|1546|1547|1548|1557|1562|1573|1577|1598|1601|1603|1608|1610|1614|1616|1619|1639|1641|1645|1649|1651|1656|1660|1661|1663|1670|1694|1723|1724|1731|1747|1754|1756|1757|1766|1769|1776|1781|1788|1810|1821|1832|1835|1843|1847|1862|1863|1879|1892|1893|1894|1900|1905|1914|1916|1923|1941|1990|1991|2000|2005|2007|2016|2017|2018|2023|2024|2033|2038|2042|2061|2110|2114|2115|2124|2129|2151|2160|2161|2163|2166|2169|2177|2178|2182|2192|2194|2196|2205|2213|2214|2217|2225|2226|2228|2232|2241|2244|2246|2255|2267|2271|2288|2293|2295|2301|2302|2312|2314|2325|2327|2332|2338|2340|2360|2363|2372|2373|2379|2383|2394|2400|2402|2407|2409|2413|2419|2420|2423|2426|2427|2465|2479|2487|2490|2496|2507|2511|2535|2536|2554|2563|2584|2586|2594|2596|2600|2603|2610|2614|2616|2618|2621|2623|2636|2640|2643|2650|2675|2686|2700|2706|2708|2710|2713|2723|2728|2735|2748|2752|2755|2758|2765|2782|2790|2817|2838|2841|2846|2851|2868|2878|2881|2882|2888|2895|2901|2902|2913|2914|2915|2916|2932|2938|2944|2947|2958|2965|2971|2978|2986|2999|3003|3004|3010|3014|3018|3023|3024|3025|3030|3037|3043|3049|3055|3058|3062|3065|3072|3082|3084|3093|3100|3105|3114|3120|3129|3131|3144|3147|3159|3165|3166|3171|3192|3193|3199|3211|3216|3217|3220|3228|3235|3240|3244|3251|3262|3269|3270|3287|3294|3297|3304|3317|3338|3341|3342|3344|3347|3349|3354|3369|3371|3375|3376|3379|3385|3392|3399|3400|3401|3406|3415|3427|3428|3432|3434|3443|3451|3457|3459|3462|3463|3471|3477|3486|3487|3502|3513|3515|3519|3523|3524|3526|3540|3559|3566|3569|3577|3586|3588|3593|3598|3604|3616|3621|3633|3644|3646|3665|3673|3680|3699|3709|3733|3739|3746|3762|3764|3768|3782|3787|3801|3803|3804|3809|3815|3816|3831|3834|3838|3839|3841|3846|3847|3848|3855|3860|3872|3884|3890|3895|3904|3906|3909|3910|3918|3937|3949|3956|3957|3958|3960|3963|3972|3975|3977|3979|3981|3990|3991|4013|4028|4032|4033|4036|4040|4043|4044|4052|4060|4061|4071|4072|4073|4084|4090|4091|4094|4115|4118|4119|4133|4135|4140|4148|4150|4151|4153|4159|4175|4186|4187|4196|4198|4202|4203|4204|4221|4236|4237|4244|4251|4255|4258|4259|4263|4265|4286|4291|4294|4301|4306|4308|4316|4323|4331|4338|4344|4346|4347|4356|4365|4369|4390|4409|4415|4432|4433|4439|4442|4446|4467|4476|4478|4480|4483|4490|4502|4503|4507|4516|4517|4525|4526|4539|4542|4545|4555|4561|4568|4576|4579|4582|4588|4594|4596|4636|4646|4651|4654|4664|4673|4675|4678|4705|4706|4707|4711|4714|4725|4737|4744|4749|4773|4775|4800|4806|4811|4812|4824|4828|4836|4845|4846|4849|4861|4866|4871|4879|4888|4891|4913|4927|4932|4943|4963|4968|4977|4978|4998|5009|5017|5019|5038|5042|5047|5051|5059|5061|5072|5079|5085|5086|5091|5095|5100|5104|5113|5120|5124|5129|5138|5139|5143|5153|5180|5200|5225|5227|5229|5231|5235|5242|5250|5262|5276|5292|5298|5301|5306|5311|5313|5314|5317|5318|5323|5327|5343|5348|5353|5367|5369|5371|5374|5378|5400|5414|5417|5431|5438|5451|5452|5457|5461|5466|5468|5471|5478|5480|5489|5491|5502|5506|5510|5514|5529|5536|5537|5539|5542|5559|5562|5565|5576|5594|5603|5608|5609|5613|5615|5625|5631|5640|5645|5646|5653|5657|5697|5698|5699|5723|5725|5727|5744,284.8,True
instance_0007.txt,random,2943,143,2419,6737|4921|275|6913|3167|2854|5715|2393|3124|3175|4014|3571|4219|4034|8123|6564|6237|5023|3180|4881|6828|3401|7017|2598|4889|5722|5052|2702|1215|1166|7987|6724|494|785|58|5529|6151|4805|1031|2741|3867|5780|4003|6676|7682|238|6370|6073|5308|3090|5174|260|7752|7108|559|7928|1878|7036|2489|3564|4603|2776|3880|951|7667|3664|3689|1211|7401|539|537|7518|3994|1203|3615|7230|3306|558|921|976|6894|6207|3481|3940|1053|6780|1074|2619|4120|3353|3037|7526|6175|2449|2510|2274|5862|5563|8261|6572|5416|7367|3602|4392|1780|3163|1451|4199|4235|6748|1163|748|5659|5489|3557|3624|3726|3192|7716|2699|5878|3317|3143|2629|293|348|4323|6888|2593|55|2032|716|6481|5891|1527|4815|4884|6200|6286|5033|417|1875|5538|6734|2466|6415|5237|1116|4490|6718|4294|2464|5469|2237|7176|721|3427|6660|1356|3716|4766|4278|227|6431|3704|2739|1518|491|6836|6161|7764|1663|6106|2208|6899|1775|4015|3086|502|6466|5414|5297|1899|1842|5352|6023|3565|414|7283|1694|6093|5510|6069|3572|2623|3877|6788|6077|1373|4389|5154|3519|1172|3212|5073|5709|4835|8102|2957|4655|6706|7284|7278|6056|2878|7534|6540|3413|3439|2735|4739|6444|5788|5820|3164|1223|1813|5455|7874|1918|7380|5111|5675|4545|137|1231|6036|3293|6078|5162|418|5478|3264|6244|2618|3579|4960|5923|5231|6534|2456|4807|1007|7807|7455|3020|6825|30|5418|7429|7112|8220|3377|6329|134|2227|301|4675|2863|4124|1601|1826|3640|3543|5429|6893|4704|7066|2768|1436|4961|3532|4318|8151|1415|6548|2145|3560|1486|5285|881|1782|5405|4976|1746|6026|986|5090|1239|5792|1260|3658|7583|2483|3450|775|6116|3181|2143|5738|389|4517|37|5509|1217|6205|1062|4503|409|2452|5208|749|7021|7981|7338|7370|7855|6047|3127|7469|7655|5138|1090|6374|4619|5908|7484|7497|1374|5321|5882|5536|7604|1760|7395|5928|7255|7482|6729|2562|7254|547|6799|6168|1083|1624|4155|3774|6700|1180|6247|2582|4662|6506|2059|2402|1389|7906|8050|1476|7165|1730|5112|5368|3542|8030|5211|6704|4586|4165|1422|5666|8155|3742|2021|5011|2936|2791|7346|4757|1108|8182|6794|1761|3791|2538|6042|2938|6745|7718|981|8252|4915|2384|230|6988|7870|3128|6155|8063|3918|435|677|4909|3835|2912|4857|4093|5345|201|535|6721|1316|6331|5752|7559|3284|3636|5147|6302|6870|1257|8275|7921|8142|4625|744|6281|2508|1051|5427|3354|130|5668|1930|8027|7531|3116|3923|5682|6072|3993|1745|5167|842|6131|2244|1635|845|6614|285|3259|5374|5060|5632|6368|5081|7483|1482|1596|5143|6576|4288|2377|2262|4970|5612|8136|1699|1555|2879|5100|225|4105|159|4562|6697|4877|4027|3645|2427|3875|2969|1124|2088|589|4266|788|2551|7853|2712|1963|950|3631|3024|1993|7269|7782|2972|2941|3627|746|7669|4477|279|5647|4237|7558|1986|1393|5125|2174|2114|1484|7065|6849|6519|4813|3230|8245|3168|5363|7203|4969|8152|4442|1710|5940|2695|4370|5152|3905|5273|3857|7942|829|1156|7193|4147|1233|2835|6206|7456|7388|1029|206|6363|6087|177|7057|2639|3539|1008|2726|3042|4281|5259|3734|713|1825|3311|390|2798|6437|6920|7334|3417|7494|1800|1632|799|8091|7579|6446|5992|3466|3487|2585|2451|1313|1512|7795|6615|7704|7050|6275|1478|6598|3872|752|26|2317|4230|6663|6574|6549|6085|4679|3229|8037|1253|705|3246|6538|4513|1354|7707|1968|5325|5661|5985|4394|2295|5944|7844|3886|5399|571|1751|462|2831|4138|5106|3470|7276|8256|2896|4417|4019|7197|6703|787|4046|7413|402|979|7546|3310|3016|5936|4797|3097|3028|7644|7973|3792|4057|8060|3347|4249|2615|1157|4495|5471|5667|6094|1898|3321|8217|5499|5627|3219|6753|3623|380|2253|7864|6233|2592|3104|3199|1683|4090|2588|3496|6393|1957|2518|2034|655|3045|1636|4432|674|4008|8077|7063|5342|1214|7427|1382|2163|1762|147|3494|6743|4977|8263|6909|4927|7261|3166|1582|7090|840|5150|6473|352|6422|612|4162|3065|4850|4158|2590|8118|2519|3184|47|2520|2773|7027|4769|6631|7339|2288|4887|7837|7317|710|3174|5094|4378|6256|1331|3428|3482|4225|1801|8292|5486|5949|2721|7881|6115|4224|808|6495|146|2067|5155|5673|42|13|4938|4169|4123|2308|874|3068|4878|5387|5444|3717|4025|1570|231|2533|1967|7470|7708|7264|2018|3162|5798|6635|6325|1749|5981|5539|1392|3575|4865|2007|5307|1413|3102|2560|106|449|7625|2965|5032|5719|361|4174|250|2778|4439|2667|3845|7184|6904|2047|5834|4814|1588|3749|8257|3777|4859|2413|2198|3054|6626|1706|608|7728|5567|5765|1941|5355|5475|6925|335|8191|1299|234|5329|280|1278|7265|4130|5655|1807|5078|3588|7082|332|5493|6858|5398|990|4354|8238|4074|6992|7029|6646|2929|3955|8308|7479|3781|7593|6950|6241|4934|7344|1513|53|1312|3812|576|4809|4250|3480|1766|767|704|7820|7809|7674|6071|1160|7750|4254|5935|4935|1421|2083|6935|6645|2313|1628|264|339|5251|5720|2367|1763|1773|6960|6221|415|691|5313|3216|3491|6694|32|5556|3851|82|5035|6856|5822|2094|3013|492|3534|7683|1677|2680|4808|5034|6435|7520|3569|7318|6840|1829|436|7997|7801|1791|5289|7125|4939|7345|5222|2783|212|5481|5117|2555|6365|8283|3191|2196|6875|2476|8271|2980|3349|1820|2792|1606|850|5051|1523|6246|8164|71|3843|3895|926|4203|4183|5578|4947|7056|1803|4854|1616|3586|1783|6002|7684|1975|1346|3809|3855|7647|4588|1398|3323|5854|4472|7606|5298|1500|208|157|2531|2028|7774|186|3660|6942|7147|4864|3622|2644|5920|8203|5713|528|7171|4754|4711|6138|3071|1067|3082|545|1984|770|176|4839|2828|4519|7410|1995|2180|4273|2968|450|8|4383|3881|7472|5465|3147|1256|6565|1988|5063|3135|5158|1142|3527|7182|1896|182|3639|2568|8056|4972|8020|1776|4097|1949|4129|6285|2790|5684|5373|1921|2565|271|4557|7569|3033|987|4882|4052|4028|4086|2135|7120|5049|4274|2408|7060|7761|5452|503|5748|3573|4890|4922|5712|8157|4332|4728|902|7071|1380|8153|1275|3743|2275|7374|911|1529|6099|5068|659|7605|1259|2683|6543|3114|8196|7426|3884|1879|5611|5997|242|3610|7419|4227|5062|1386|8088|444|7415|7166|33|933|5893|2119|3913|6123|3699|575|6305|6970|4094|4605|3475|3463|6095|717|5754|4874|5228|3931|2715|6946|8190|1923|8092|2213|3831|7737|3701|7180|916|3916|1625|1622|934|1940|4359|7811|70|2249|2318|7799|1620|7195|6813|6749|6264|3848|2043|2992|3874|5560|6863|4601|3593|7899|4779|629|4485|3785|4645|5358|6990|6664|6081|3849|7226|2270|1158|2609|1645|8135|7371|1098|5381|2380|4436|7218|15|3211|3378|5490|8018|1667|2572|1522|1959|6467|1107|6798|8011|4800|2129|4475|5670|7983|2964|2810|8301|5568|1023|7019|2060|5122|2997|2453|732|1204|3945|7722|6176|204|6261|860|7601|482|1788|6805|8078|6369|7545|1867|7743|3478|621|8067|5461|6037|7263|4200|6268|1793|6420|635|1713|3587|3889|4215|3455|2298|6817|6791|4467|920|5779|7251|4948|6319|783|4146|6914|6385|965|6109|660|506|490|2526|966|198|3346|776|8143|4516|6533|5783|5784|2956|7871|7608|1194|1805|4885|3406|6571|7481|7252|3898|7191|2138|1880|1141|1970|5438|6062|1002|3314|3509|7714|7938|5654|6601|3300|5417|682|6723|1883|2550|7425|7348|3637|1441|4177|3570|8212|6919|2414|5391|2324|831|4004|3464|8273|2897|6613|1391|4195|6829|636|2860|7280|3890|7142|7020|7748|7173|4345|2877|1112|8276|1089|178|5404|2387|1460|1061|192|3473|718|1711|5756|2543|4295|937|1|4617|438|2299|6877|4510|1954|6936|5020|1042|7495|2833|6377|4578|5176|75|1079|7854|6773|5005|751|7086|6330|6423|3769|2265|4534|6417|4346|3626|2057|7391|4313|27|7023|1349|6604|7477|1528|3379|6394|8071|4134|3451|5749|2571|1615|5148|1585|582|2766|7862|6672|7654|4858|2082|90|2960|3549|5085|5990|2471|5107|3698|3817|7566|7937|404|2417|4474|3137|1862|6022|4222|6529|5907|7326|8296|3410|3986|1953|4644|3169|3160|1553|5495|8318|3307|3828|6634|5686|1610|6258|6949|7719|3937|2898|7033|5588|2373|1073|3146|5012|2691|6454|6517|649|8234|6335|3206|4836|2327|7947|1303|218|647|8290|144|6945|6194|996|4715|7650|5703|3289|6826|7886|7102|6962|255|3900|2121|5850|341|7167|1864|5136|645|156|531|3441|6070|5215|1728|4659|6630|1164|3419|2394|7168|7186|5082|6066|2369|5172|4454|3050|4211|7865|6421|4030|604|6064|4424|3058|4302|2649|4066|5683|890|7150|5514|3145|4930|7454|4358|4016|3018|3171|7527|7219|2116|5746|1037|2944|1330|5305|282|4952|2111|228|3290|7458|8314|1857|6539|836|1274|6673|258|5795|6819|5790|7883|7101|8049|5555|3915|2614|3567|5171|7329|3061|1736|4482|1718|2362|4463|4764|3189|7333|1287|4300|7365|3512|2591|5227|6842|355|4949|6536|5269|5213|5901|7179|4828|7014|6364|3984|1593|5497|3585|7657|5892|2140|8303|4360|7637|929|6345|1671|4349|4133|1738|1735|249|306|628|122|4851|1562|7104|6623|2486|4306|7958|4443|2087|334|2728|2794|5239|2850|1719|4709|2729|7025|7379|39|4128|1016|7158|5466|6624|7031|7658|6020|1847|5580|1449|5338|8300|7504|2673|4964|3750|1411|2428|5379|3469|7873|3241|579|4973|4823|8107|3705|7516|1254|524|3447|6154|7157|4744|4022|5968|2246|7686|3859|2864|7434|8231|4018|2979|2232|6184|1912|7879|6947|1614|2383|2724|2009|4407|5344|68|4871|3612|4208|4651|1329|5291|1468|1130|6337|4551|8001|7977|1965|7013|63|5069|6512|1690|195|5494|5457|727|3396|6098|6068|1574|4486|6157|7341|193|3863|5109|1933|5942|3559|2539|3429|1786|4329|2122|4663|6038|1395|2271|2662|8133|7788|4060|4374|383|6048|4535|2873|7438|3221|5275|2209|3687|5316|7177|3094|8058|1633|8299|6944|1195|8206|3434|1435|700|3193|6985|3357|6326|6627|1861|968|7436|217|815|248|3901|7831|3247|7848|4000|2737|7642|7257|3157|6348|7772|7247|5932|634|8104|7290|7573|5912|4547|7530|2685|5166|7643|7421|1851|918|5487|871|5243|4609|3363|3896|6456|5278|7621|7746|915|158|6575|5161|4024|350|4326|5175|6680|2054|6118|5328|2757|8242|2266|3032|2124|3131|510|2924|1490|737|2747|197|3027|895|5925|4612|5762|4597|4509|2909|8311|4929|5038|7833|4192|3628|888|5875|295|1265|8034|5220|5116|6876|7224|2485|1549|252|4852|3383|5793|419|3263|6082|5443|4275|2732|3731|2479|23|4382|2836|4112|5226|4761|5376|3510|104|6964|6977|167|2173|4901|3727|1989|202|2684|1731|5448|526|8059|232|4324|8240|3862|2823|4293|4496|2498|3297|4954|1674|1720|6055|3134|4350|549|7231|5731|5190|3425|3518|1289|3021|6128|7754|7673|2206|1456|7524|3309|1443|541|7592|4737|817|1088|6632|61|7464|938|1895|7694|7006|4145|3105|6838|3634|870|3283|7061|6462|2079|1960|6452|3638|7151|8005|5905|3868|6901|4320|2022|7646|3821|40|7503|4636|4677|2874|4484|5114|2416|4706|7703|4870|2335|3787|2272|2865|4594|3452|5287|2782|2023|6112|7732|4729|4379|1542|3815|7733|1100|410|8285|7827|5098|171|6362|6277|1283|6295|2822|7824|3974|4589|3190|6818|6800|6716|257|1234|6569|6190|869|6750|6744|5334|4581|7402|6910|3806|5065|2620|4172|4683|488|4140|4142|5624|3066|6450|2748|522|2537|2125|5129|1381|1161|2098|7923|3155|4006|932|3067|6223|2286|4918|5983|6339|6442|2974|3737|20|1789|5604|2819|4289|2745|2390|8181|6795|1790|3951|6890|2940|6182|6610|346|3659|3556|8089|1819|1809|5470|540|2742|6973|6122|4271|7156|3262|2042|6651|1360|3614|3423|226|3710|6727|4997|4153|1714|6930|6449|5153|326|1137|6559|6955|4531|851|5760|5201|1693|1325|1351|3684|6045|235|3844|908|3043|2802|3476|2731|3154|442|4103|6570|7631|7842|2132|4148|6035|7702|5364|7700|3732|947|7030|7868|5827|5041|5089|1603|5131|578|2185|6007|512|3073|2240|7992|1131|2513|7872|2987|1119|7609|4801|3745|7672|6251|6758|2210|3814|8082|140|6230|4676|1324|759|7489|378|2806|2300|1058|1311|6934|5159|1827|8282|3834|2524|1181|6177|2851|2753|801|5874|5702|7711|7760|7665|4936|8079|5836|4765|5526|2961|477|6665|207|2157|2112|2136|708|602|7624|6006|2436|527|6823|2435|5717|2496|7423|6120|4390|1241|2454|5605|3837|4099|3091|735|6239|6693|5965|5007|4777|1447|7541|7135|196|1697|4456|6956|4726|6353|665|6130|2928|1347|2577|1979|5124|2061|2566|1047|79|84|4049|7553|2113|8147|102|6416|620|6027|1059|3782|2733|6306|1336|4248|6014|5377|4418|6198|2916|1310|3741|3113|581|5024|7847|4408|5472|1412|7727|2889|2354|4825|3643|447|1660|5507|998|6250|6999|7235|4518|2403|4217|3195|3647|2599|124|5091|6764|8246|6616|3081|666|2431|738|5102|360|459|4047|7008|1300|5203|1387|281|6004|1417|3089|2915|7948|7919|1471|1734|3577|4647|3326|4501|2260|5411|6137|5987|3041|3394|3730|7132|7015|1961|29|18|4699|4198|3298|2337|1958|3934|6298|1885|1118|3350|6928|3362|989|2031|371|6733|1465|2604|3856|3680|644|7307|300|5911|1307|3925|2805|166|7364|7478|7260|3675|736|7709|5970|4163|395|6778|3172|1076|7724|8205|1361|1856|5890|1845|370|4301|5108|180|8175|5037|4538|3528|4696|5832|4334|1860|8280|5641|6625|3187|2133|2698|2099|7903|835|2235|3025|1291|2296|978|7114|1085|2793|3591|5266|8189|6650|4032|3969|7149|6167|3978|3938|2631|2064|6238|2781|3563|5726|8038|2887|742|641|2139|5964|857|4256|7739|7528|5569|6814|142|2788|3088|7300|7777|2849|6232|3677|6837|5401|3825|5926|4100|623|385|7315|8180|2820|861|1272|6523|4541|286|7539|7578|1304|7088|944|101|162|3107|7802|779|7267|8215|2503|3576|426|4810|2350|1556|6518|5426|1729|6479|3648|3508|4724|5672|4013|4606|6288|4656|4953|7905|7957|2040|5776|6771|6448|5045|6491|8176|2217|4634|2958|7729|8026|4763|6908|4029|5544|2847|5351|7791|2446|7812|2441|798|609|1488|778|8269|36|1286|1225|244|2634|6638|5280|2580|2412|4403|8309|6887|2827|7216|5549|5819|656|6719|3583|694|2430|5006|3148|7840|3598|5723|3265|2488|7381|1056|7361|720|2205|480|4352|6820|3747|2090|6636|2808|3495|5899|1626|5794|7612|1530|4872|517|5871|7350|4423|2991|393|6016|7201|5430|4903|3257|7543|1656|3908|3044|2010|3340|2701|8255|2221|7911|2285|3002|2853|5644|6830|1115|2905|2687|5946|4043|2694|4127|4171|657|6754|529|1048|6662|2078|5706|3201|4511|863|1698|4752|5084|3215|1020|169|5785|6227|1444|2743|1942|6710|1584|2172|3197|1750|2106|2628|4067|4252|2130|3970|6018|7412|2487|1187|1521|8214|5151|496|3935|4710|3343|2578|7246|6906|4242|2035|3757|7797|2294|3686|62|4996|69|143|7506|4770|2036|4756|2234|19|953|780|6008|4560|4860|4698|2920|1407|1365|1133|7603|4738|2785|6916|5001|3424|4933|6735|5595|4150|3979|885|1319|1353|3493|3224|7816|8116|5354|203|4833|5353|607|7360|8210|4602|4236|4170|2293|1226|1669|1952|1188|4950|797|818|2008|1543|7024|3592|6334|6596|4280|3902|8304|630|6902|8003|1249|1839|1703|168|1004|1679|2396|5922|7068|1676|6900|592|5310|7641|6143|5415|214|1755|5240|6501|5248|1454|1162|413|1485|823|1189|6736|5844|2993|5303|3541|1281|6349|753|4136|5026|3854|8278|3398|6874|3656|550|6789|3474|6641|819|5759|5996|5978|2141|7953|1650|5610|4652|5360|1642|1493|3149|8139|452|4110|1123|6121|2522|3084|3277|7519|6550|3382|8047|4820|7936|5128|357|6358|4705|3034|945|463|1831|5733|3580|4898|1267|5898|2988|1006|3816|7308|6675|4450|8232|4682|4580|2149|6917|7296|7636|6761|6544|2707|1903|1396|6097|3779|1044|5036|3140|3239|7776|6447|825|4971|3237|5480|3802|4717|3903|3369|5271|5295|3370|7289|6654|5622|4968|7488|34|7648|1926|2039|7095|4245|6441|3040|4104|2425|5846|3276|290|777|5646|6608|7268|2692|7466|2407|407|2432|719|816|6397|5234|1022|5365|1969|1514|6080|3619|955|3891|7773|4688|5324|4731|873|5333|4708|7273|2716|8031|91|8316|6067|3319|7051|5293|1175|2713|2050|1087|525|5169|2370|7779|6338|8163|7738|5019|7796|2660|2636|3860|3415|2907|6439|7565|1794|854|8277|7613|8007|760|2182|3611|6019|2399|8226|697|2183|6061|5086|5648|4459|2158|5774|284|327|1220|4610|3053|6617|5079|7392|3273,41|175|134|16|115|90|127|22|141|42|171|72|157|163|58|74|84|167|79|27|76|137|143|0|1|91|100|46|145|106|121|155|129|29|133|147|117|17|45|43|65|159|86|89|101|119|161|168|169|173|4|19|142|85|131|150|87|130|122|172|63|28|99|5|44|103|56|128|75|78|31|33|51|73|48|21|3|109|10|14|116|146|170|132|135|15|59|92|108|151|2|158|113|35|94|49|104|160|77|118|18|47|6|66|9|32|30|81|7|8|64|61|88|144|174|93|98|60|120|176|148|23|34|136|80|102|50|105|149|162|20|57|62|107|67|24|156|114|97|11|166|26|178,1|2|3|4|6|7|13|14|15|20|21|24|27|31|34|35|38|40|41|42|44|47|49|52|55|57|58|61|62|63|64|65|69|70|75|78|80|81|87|89|93|94|95|97|98|101|105|107|111|113|114|116|120|121|122|124|125|126|127|129|131|132|133|136|137|139|140|142|143|144|145|151|152|155|156|157|159|163|165|166|170|171|177|179|180|181|182|183|185|187|190|195|196|197|199|204|205|212|213|219|221|223|224|225|226|228|230|231|234|236|237|240|242|244|246|247|248|250|251|256|257|260|261|262|265|267|270|272|279|283|285|286|288|291|293|300|303|305|307|310|312|314|316|317|320|323|325|328|331|332|334|335|337|338|339|346|347|351|354|359|362|364|365|366|367|371|373|379|381|385|386|389|390|392|394|396|398|399|403|405|406|408|409|413|414|417|419|420|423|425|427|429|435|438|446|451|453|454|456|457|458|461|467|468|469|473|479|483|486|487|490|498|499|501|502|503|506|509|511|512|514|515|517|518|520|524|525|526|532|533|538|540|542|549|558|560|562|565|566|569|570|571|573|575|581|584|586|587|588|590|592|593|594|595|599|601|608|613|615|618|621|623|624|626|628|629|630|631|632|634|635|636|640|641|643|647|649|652|653|656|657|660|661|664|666|674|675|682|685|687|688|690|691|694|700|702|707|708|709|711|717|718|719|723|725|733|734|735|736|744|745|748|749|751|755|758|766|768|771|772|773|774|776|777|780|783|788|789|793|794|797|800|806|807|808|809|810|813|816|818|819|821|823|830|832|833|836|838|841|842|847|848|851|859|862|864|870|874|875|877|880|882|883|886|888|890|891|893|894|898|899|900|902|905|908|910|917|922|923|924|927|929|931|933|935|938|944|949|951|952|953|956|959|960|961|962|964|966|967|969|971|972|974|978|979|981|986|990|991|992|993|995|997|999|1005|1006|1007|1009|1015|1021|1027|1031|1033|1034|1035|1037|1038|1039|1041|1042|1043|1044|1047|1049|1053|1056|1059|1061|1062|1066|1069|1072|1073|1075|1077|1078|1082|1085|1086|1090|1091|1093|1096|1097|1098|1099|1101|1102|1103|1105|1107|1109|1110|1111|1112|1113|1115|1117|1120|1122|1124|1126|1129|1130|1132|1134|1135|1139|1140|1141|1142|1146|1147|1148|1149|1155|1156|1158|1162|1163|1165|1171|1175|1177|1178|1179|1180|1181|1183|1184|1185|1186|1188|1190|1191|1192|1193|1199|1200|1204|1205|1206|1211|1216|1217|1219|1225|1226|1227|1231|1234|1235|1237|1238|1240|1242|1243|1245|1249|1251|1252|1253|1255|1256|1259|1264|1267|1268|1269|1275|1277|1278|1279|1280|1282|1283|1286|1287|1289|1290|1293|1294|1297|1300|1302|1303|1306|1308|1310|1312|1313|1314|1315|1319|1321|1323|1324|1327|1328|1329|1331|1336|1337|1344|1346|1350|1351|1352|1353|1355|1359|1361|1362|1364|1366|1367|1371|1372|1373|1374|1378|1380|1381|1383|1384|1386|1389|1390|1391|1394|1396|1401|1403|1406|1410|1411|1412|1413|1417|1418|1420|1423|1425|1439|1440|1444|1446|1452|1453|1457|1459|1460|1461|1464|1466|1467|1468|1470|1477|1478|1479|1483|1489|1491|1495|1499|1500|1502|1503|1504|1505|1507|1509|1511|1512|1514|1518|1519|1520|1521|1522|1526|1532|1535|1536|1537|1544|1547|1548|1549|1553|1554|1557|1560|1562|1563|1564|1565|1566|1569|1571|1573|1574|1578|1583|1585|1587|1588|1594|1595|1597|1600|1601|1605|1607|1609|1610|1613|1618|1621|1629|1631|1633|1634|1635|1637|1642|1645|1646|1650|1651|1654|1655|1657|1658|1659|1666|1667|1668|1669|1670|1679|1686|1690|1692|1693|1694|1696|1698|1699|1704|1706|1707|1708|1709|1710|1711|1718|1724|1725|1728|1729|1733|1735|1738|1740|1741|1744|1745|1746|1747|1748|1750|1754|1755|1756|1757|1767|1768|1769|1778|1781|1783|1785|1786|1792|1793|1795|1796|1807|1809|1810|1812|1813|1818|1820|1821|1824|1825|1829|1830|1831|1834|1838|1842|1856|1857|1860|1862|1864|1865|1868|1870|1877|1879|1880|1882|1886|1887|1888|1890|1891|1896|1898|1899|1902|1904|1906|1911|1912|1917|1919|1920|1921|1923|1927|1928|1929|1931|1935|1937|1938|1939|1942|1947|1948|1949|1950|1954|1958|1959|1961|1962|1963|1965|1966|1967|1968|1969|1970|1971|1972|1974|1976|1982|1983|1984|1985|1997|2012|2027|2028|2029|2030|2032|2034|2035|2037|2040|2042|2045|2049|2050|2051|2052|2054|2057|2062|2065|2066|2069|2071|2075|2077|2078|2080|2081|2082|2088|2090|2095|2096|2099|2100|2103|2104|2108|2111|2112|2115|2116|2120|2122|2123|2127|2134|2140|2141|2145|2148|2154|2155|2156|2158|2159|2161|2164|2169|2173|2179|2180|2182|2187|2189|2190|2191|2193|2195|2196|2197|2198|2199|2204|2207|2209|2212|2215|2216|2217|2218|2219|2223|2226|2227|2228|2229|2230|2235|2236|2240|2241|2243|2244|2246|2248|2251|2252|2255|2258|2259|2260|2262|2265|2267|2270|2273|2276|2281|2283|2284|2287|2290|2292|2294|2297|2303|2305|2306|2309|2311|2312|2317|2318|2321|2322|2323|2324|2330|2331|2335|2337|2338|2340|2345|2346|2348|2349|2352|2357|2360|2364|2372|2373|2377|2378|2380|2382|2383|2387|2388|2389|2390|2394|2395|2396|2397|2398|2399|2401|2403|2411|2412|2415|2417|2418|2419|2420|2422|2425|2426|2435|2438|2439|2440|2443|2446|2449|2451|2453|2455|2456|2457|2459|2462|2464|2467|2468|2471|2478|2481|2490|2492|2493|2495|2497|2499|2501|2502|2506|2507|2509|2510|2512|2516|2517|2521|2523|2524|2525|2526|2527|2530|2532|2535|2536|2538|2541|2543|2544|2545|2548|2550|2554|2555|2557|2561|2564|2565|2570|2571|2572|2578|2580|2581|2583|2589|2592|2593|2597|2600|2603|2604|2607|2608|2612|2613|2618|2619|2620|2621|2623|2624|2630|2631|2632|2633|2638|2640|2641|2643|2647|2649|2650|2654|2660|2662|2664|2666|2667|2674|2676|2678|2681|2682|2683|2685|2686|2688|2690|2693|2694|2697|2699|2700|2702|2707|2708|2712|2715|2716|2718|2722|2723|2724|2726|2728|2729|2741|2746|2747|2749|2751|2752|2753|2755|2756|2761|2762|2766|2768|2770|2772|2773|2774|2775|2778|2782|2785|2787|2790|2794|2795|2808|2811|2812|2813|2815|2816|2819|2822|2828|2829|2832|2833|2836|2842|2843|2846|2847|2849|2853|2855|2856|2858|2859|2863|2867|2874|2876|2878|2879|2880|2881|2885|2886|2888|2895|2897|2899|2900|2901|2902|2906|2909|2912|2913|2914|2915|2916|2918|2920|2921|2923|2928|2929|2931|2932|2933|2935|2937|2939|2942|2944|2946|2950|2954|2957|2959|2964|2965|2971|2975|2977|2978|2979|2981|2982|2984|2985|2988|2989|2990|2991|2999|3003|3010|3011|3018|3019|3022|3025|3027|3029|3033|3034|3035|3036|3037|3038|3040|3041|3044|3046|3049|3055|3058|3059|3062|3063|3064|3065|3068|3069|3077|3079|3081|3085|3086|3087|3091|3093|3096|3098|3099|3100|3104|3108|3110|3113|3114|3116|3117|3119|3123|3124|3125|3127|3128|3141|3143|3145|3147|3150|3151|3154|3158|3162|3165|3167|3170|3173|3174|3178|3182|3188|3195|3196|3201|3203|3204|3209|3212|3213|3215|3218|3219|3220|3221|3222|3224|3227|3232|3234|3235|3236|3238|3239|3241|3242|3243|3246|3247|3250|3251|3253|3254|3255|3259|3261|3262|3263|3267|3268|3275|3279|3283|3285|3287|3288|3289|3292|3298|3299|3303|3306|3307|3308|3312|3313|3315|3317|3320|3321|3325|3326|3332|3336|3338|3339|3343|3345|3347|3348|3349|3352|3358|3359|3362|3363|3364|3367|3369|3370|3375|3377|3380|3385|3390|3393|3396|3398|3399|3400|3405|3407|3408|3413|3415|3419|3420|3421|3425|3430|3432|3434|3436|3437|3439|3440|3441|3442|3443|3446|3450|3451|3459|3460|3464|3465|3467|3471|3472|3474|3484|3487|3488|3489|3490|3491|3494|3496|3498|3499|3501|3502|3506|3507|3508|3510|3514|3516|3520|3521|3523|3526|3527|3530|3532|3533|3534|3535|3538|3539|3540|3541|3542|3543|3544|3545|3550|3553|3562|3563|3569|3570|3571|3573|3574|3578|3579|3586|3587|3589|3590|3593|3594|3596|3597|3598|3599|3605|3607|3613|3616|3617|3619|3620|3621|3622|3626|3627|3630|3631|3632|3633|3635|3639|3640|3644|3645|3646|3647|3648|3650|3651|3653|3655|3657|3658|3660|3663|3664|3665|3666|3668|3670|3671|3673|3674|3675|3680|3681|3682|3683|3686|3689|3690|3692|3695|3697|3701|3702|3706|3708|3711|3714|3715|3716|3717|3718|3722|3727|3728|3732|3734|3742|3745|3750|3754|3755|3756|3757|3759|3765|3769|3771|3772|3773|3781|3784|3788|3789|3790|3792|3795|3797|3801|3802|3804|3806|3807|3810|3813|3814|3815|3817|3818|3822|3823|3826|3831|3832|3835|3836|3837|3848|3852|3853|3856|3859|3867|3868|3875|3876|3877|3878|3882|3883|3884|3886|3887|3888|3889|3890|3893|3894|3895|3896|3900|3903|3904|3905|3906|3907|3909|3910|3911|3913|3917|3918|3921|3922|3923|3924|3925|3926|3927|3929|3931|3932|3936|3942|3944|3947|3949|3951|3958|3960|3961|3964|3965|3966|3969|3970|3973|3974|3975|3976|3981|3982|3985|3988|3992|3994|3995|3997|3998|4000|4003|4005|4011|4012|4016|4017|4020|4022|4024|4028|4031|4032|4033|4034|4038|4040|4041|4042|4047|4048|4050|4051|4053|4054|4055|4061|4063|4068|4070|4071|4072|4074|4077|4080|4081|4091|4092|4095|4097|4101|4102|4106|4107|4110|4112|4115|4116|4124|4126|4127|4128|4129|4130|4134|4136|4139|4141|4143|4145|4146|4147|4148|4152|4153|4156|4159|4160|4166|4167|4170|4172|4173|4175|4176|4178|4179|4182|4184|4191|4192|4193|4195|4196|4197|4199|4200|4201|4203|4205|4213|4215|4216|4222|4225|4227|4228|4230|4231|4236|4240|4241|4242|4244|4246|4247|4249|4250|4253|4257|4259|4261|4266|4268|4270|4273|4277|4281|4282|4283|4286|4291|4296|4299|4302|4303|4304|4308|4310|4312|4313|4314|4318|4324|4326|4329|4330|4335|4336|4337|4339|4340|4341|4345|4349|4350|4351|4352|4353|4354|4356|4358|4360|4362|4363|4366|4368|4369|4372|4373|4374|4378|4379|4383|4384|4388|4390|4393|4394|4395|4397|4398|4399|4401|4403|4404|4410|4413|4415|4419|4421|4422|4423|4429|4430|4431|4432|4434|4437|4438|4439|4440|4443|4444|4445|4447|4450|4451|4452|4454|4455|4456|4458|4460|4461|4463|4466|4467|4468|4475|4476|4479|4480|4483|4484|4487|4488|4489|4490|4492|4493|4494|4499|4501|4502|4505|4508|4510|4516|4518|4522|4524|4526|4528|4529|4531|4532|4539|4540|4544|4545|4548|4549|4550|4551|4552|4554|4555|4559|4562|4566|4567|4568|4570|4571|4572|4573|4574|4575|4576|4578|4579|4584|4585|4587|4588|4589|4591|4594|4600|4607|4608|4611|4612|4614|4615|4619|4620|4621|4622|4625|4626|4628|4632|4642|4645|4649|4652|4654|4659|4660|4661|4664|4666|4667|4669|4673|4675|4677|4678|4681|4682|4684|4688|4690|4693|4698|4702|4704|4708|4709|4711|4714|4715|4716|4718|4721|4724|4727|4729|4732|4733|4736|4738|4739|4741|4742|4744|4745|4748|4750|4753|4754|4755|4759|4762|4763|4764|4765|4769|4772|4774|4775|4776|4777|4778|4781|4786|4790|4793|4794|4795|4798|4801|4802|4804|4805|4808|4813|4816|4818|4819|4820|4822|4827|4833|4835|4840|4842|4845|4847|4848|4849|4857|4858|4859|4864|4865|4867|4871|4877|4879|4880|4881|4882|4886|4890|4892|4893|4894|4898|4904|4908|4909|4913|4915|4917|4918|4923|4926|4929|4932|4934|4938|4940|4942|4943|4944|4950|4956|4965|4966|4967|4968|4971|4972|4973|4974|4978|4986|4987|4991|4992|4993|4994|4995|4996|4997|5000|5001|5002|5004|5006|5009|5014|5016|5017|5019|5021|5023|5024|5026|5030|5032|5035|5037|5040|5041|5044|5045|5050|5051|5053|5055|5056|5057|5060|5061|5063|5064|5067|5069|5070|5076|5077|5078|5080|5084|5085|5087|5089|5091|5092|5103|5104|5106|5114|5116|5117|5119|5120|5121|5122|5125|5128|5133|5134|5135|5136|5139|5141|5144|5146|5147|5148|5149|5151|5152|5155|5158|5160|5162|5164|5170|5171|5174|5175|5179|5180|5182|5185|5186|5188|5189|5190|5191|5193|5194|5197|5198|5201|5203|5204|5205|5206|5208|5209|5210|5212|5213|5217|5219|5221|5223|5224|5225|5231|5233|5234|5244|5246|5248|5250|5253|5254|5257|5258|5259|5260|5265|5267|5269|5275|5276|5277|5280|5283|5284|5290|5295|5296|5297|5306|5308|5309|5310|5311|5313|5314|5315|5316|5318|5320|5323|5325|5326|5329|5331|5332|5333|5336|5337|5339|5340|5346|5348|5349|5354|5356|5357|5359|5362|5364|5368|5370|5373|5376|5378|5379|5381|5383|5386|5388|5393|5395|5396|5397|5398|5401|5402|5405|5408|5411|5413|5414|5415|5416|5419|5425|5427|5432|5435|5436|5438|5439|5440|5444|5445|5447|5450|5452|5453|5455|5462|5464|5467|5468|5469|5471|5472|5476|5479|5483|5484|5485|5495|5499|5501|5503|5504|5505|5506|5513|5518|5521|5522|5526|5529|5532|5534|5537|5546|5549|5550|5551|5553|5554|5555|5556|5557|5558|5563|5565|5567|5568|5569|5570|5573|5574|5575|5578|5579|5581|5587|5588|5589|5590|5591|5596|5601|5602|5603|5605|5607|5608|5611|5612|5613|5614|5618|5620|5621|5622|5623|5628|5631|5632|5633|5638|5639|5641|5644|5645|5657|5659|5661|5662|5664|5665|5669|5670|5672|5674|5677|5680|5684|5689|5694|5697|5699|5702|5703|5704|5706|5707|5709|5711|5712|5713|5717|5720|5721|5725|5726|5729|5730|5731|5733|5735|5743|5744|5746,26.902097902097903,True
instance_0007.txt,smaller_multi,1456,137,1257,3881|4038|3637|1605|4138|119|3592|710|7109|2114|1077|8250|3639|794|2903|7546|8267|5949|5213|5209|5488|2561|2763|2861|4204|2645|1726|763|4195|4577|2520|5852|6250|2198|2086|2113|1065|1527|8233|6127|5438|2761|6336|150|6850|860|32|1757|3633|5988|1301|4736|4484|5884|3418|127|1747|4935|3736|4341|351|6857|6707|7142|4594|3483|7315|5548|8228|5207|2991|3087|652|4165|3006|348|2992|4629|203|6419|1789|5069|4884|3414|1667|3036|4159|7447|4022|5687|3892|5314|3470|7991|4617|4442|3993|5017|4663|250|7052|8198|5292|2986|7757|3700|1481|997|5540|5124|7770|5358|393|919|6880|76|3579|6389|1602|3254|5473|7135|1293|65|1393|3546|5725|186|1814|300|2055|3048|7374|5363|5104|4821|3788|3264|513|7503|7349|750|7545|3961|1750|6340|5006|6598|4113|2629|5166|2893|6922|6414|366|6692|6502|5593|6694|1434|3464|4860|338|4739|4197|133|7787|187|5862|5282|4877|275|1366|68|1165|5730|7118|6380|49|7810|6157|4570|3077|2539|7187|2341|11|7094|6914|3629|122|403|3901|6989|3900|1173|6875|7807|1210|4483|1192|7570|5667|945|8319|7092|2877|5026|4984|7370|335|1386|7538|527|3674|2226|6782|7137|2593|6401|5436|6398|5908|3560|2944|4086|5904|4292|3701|1247|6160|2936|7325|656|4838|2057|7171|7360|4777|6758|2768|3594|4520|6654|5632|2014|8038|7547|371|5367|6634|9|3938|1361|6229|5941|1813|3391|6767|4875|5633|2662|6138|4135|830|3831|5278|3655|3813|419|762|1745|4264|7961|2515|6801|743|1433|4142|5700|3008|1619|3442|7723|979|849|1837|7253|4824|3068|5603|2460|938|4535|1552|8114|1096|3681|4205|4454|5671|5221|8231|8279|4748|459|5286|594|4425|6785|7126|7366|4065|3286|779|1710|6086|5981|1557|6976|3783|2452|4798|4177|1209|7363|5070|8009|2820|6941|5499|137|3227|4686|5089|2802|2797|8165|1582|2632|7887|3873|5237|7292|7010|4692|5663|1928|7343|3666|6297|2386|6487|7515|3761|2183|375|3811|3422|7397|3053|6640|2469|5537|6738|4251|2084|4260|5073|1985|6211|2394|1720|6118|5973|8058|1222|7409|8229|6778|5458|6204|7107|7783|1603|2169|5287|4932|7219|3556|1951|345|2687|536|1081|4876|4061|3296|1029|4328|4393|6727|6364|2914|6656|4488|413|1618|6635|1277|4129|5668|968|3861|6572|1180|927|1760|5077|1773|495|2326|5311|8261|6382|7478|2904|4579|5838|7565|7704|2723|8257|8214|5693|3823|5527|7575|4809|2363|3635|1960|4888|5951|2907|5098|4630|6040|3955|3315|6761|4733|5240|6527|5406|7069|7607|6126|4588|383|6563|7567|2003|6280|6559|8086|5619|5792|235|7926|398|2067|87|3203|4196|5676|5045|5157|7273|3534|8148|1255|5858|4102|4249|4643|7980|2063|4198|2496|5195|6515|3871|7011|8171|6054|759|7884|7979|8248|5790|858|4096|4316|2653|1939|2866|1736|1052|522|8263|5922|1118|4702|6128|432|5674|6671|2081|5143|8043|6501|1452|6010|4724|6477|6444|6580|7741|2745|8285|1415|8242|4274|4125|6490|7849|602|2831|2486|6610|3719|2493|5429|3325|566|1496|1490|5426|7792|5566|7514|6849|1117|6090|570|7525|629|4786|5066|1005|58|7128|1884|2892|1921|3489|1427|6800|3230|1328|4044|165|4730|7383|3842|7773|455|4043|359|1728|3954|2056|6777|6422|397|5567|7134|6278|5720|4606|7732|1505|5996|3337|233|5011|5980|6731|1840|7031|3862|6783|108|2040|7323|5103|5244|5933|7262|7229|1072|6343|1673|1678|3276|6887|5925|2508|2628|1315|4164|5308|6101|6963|6659|226|1444|5140|563|7812|4255|515|4990|3028|7587|4900|465|6031|7461|7495|4386|1877|692|5049|479|3742|5765|509|7485|2999|5181|6562|2608|2108|478|5626|5967|6438|4192|6476|5350|6210|4593|1922|3826|7028|3156|1308|1303|1009|3516|1425|6315|4011|6124|1139|7882|3102|4863|3352|1962|277|3539|7756|7978|3347|2261|609|3588|4893|310|6858|4443|7915|583|6606|6759|6360|6769|4476|2813|7078|729|35|505|167|6541|5851|4532|4823|2840|6421|4098|2343|6316|4872|5638|240|718|6448|3061|1777|3359|74|5702|2885|6578|4330|628|6962|4084|1599|4626|2180|4987|6350|7794|1512|5739|4756|1047|4557|6282|7814|786|5779|7659|8174|2537|2843|3714|8152|4104|5708|5871|1807|3493|1967|1311|6175|2025|5318|6564|2026|7175|6912|1058|2529|910|7468|2691|7020|1035|7076|4526|2466|7167|5547|3796|7035|6550|1437|245|1593|2759|4673|7709|6148|6551|6771|5572|3110|6956|261|3711|907|2322|3687|3795|5752|2302|6021|1555|3978|2624|6870|7945|3619|6404|6292|469|3007|6620|6847|169|6002|7264|3792|6463|326|2218|657|6638|2764|7846|3170|328|2793|5788|2527|4919|6285|6981|1787|4937|6284|2692|6246|6926|2862|3375|6670|671|5169|6983|5196|6917|3508|6748|3834|291|477|1248|7632|198|7263|470|4554|142|3927|6884|1898|7246|3851|4677|3374|4546|1766|1854|6533|4176|488|3735|4217|1150|638|1261|4735|2857|4117|7412|6402|2399|3457|8172|2950|4787|1925|4449|4276|78|6593|1668|6193|1387|293|7876|7693|95|1417|2833|364|3793|131|5357|5516|2163|6199|520|5719|3866|1482|5675|5523|2382|4621|4080|1830|153|2979|5945|2124|7609|6005|3602|3224|2357|2615|711|7336|791|7100|2878|3181|1066|4796|7826|6195|7084|7157|8013|1187|3487|6177|2643|6334|6134|7220|4660|3863|2070|138|4845|2596|6304|2642|1628|6873|7003|4175|8302|7584|2845|7879|5975|4233|1970|6573|3202|2563|1092|7600|3143|863|6943|7660|3685|3807|7873|1304|969|3238|2760|1220|2884|7516|3582|7377|5804|946|4738|6323|4650|5333|84|3207|3467|4224|6071|5079|7883|5470|7362|2029|4037|684|8084|1193|3239|853|4820|4194|1723|3111|944|3402|5504|5517|3517|5666|3157|5118|6287|1649|7566|6819|912|6143|5138|2121|4555|1729|8296|1411|7086|2329|8123|5506|6215|598|3057|3519|6662|894|4552|5818|2805|1662|4306|2243|7637|3722|1239|420|3469|7982|5088|1630|1359|728|6205|5210|2345|3026|5320|3897|8313|5349|5850|427|2911|8158|1879|1302|7912|6033|5999|27|6272|4945|7903|4295|1033|2282|468|812|1707|7929|3703|5762|4245|2832|4698|4512|5035|2094|6467|5826|5303|757|3547|3410|4803|1316|6251|2278|1765|6294|1263|535|482|6349|1418|6900|4999|4034|5460|1147|5651|1320|4925|280|3625|2495|5799|6047|7304|4885|6099|7866|7287|5274|4634|6703|1642|5092|3313|4946|501|2898|5564|6194|7999|2897|376|2454|1742|45|59|1659|777|5153|605|319|1672|132|553|2719|8303|4250|6571|5415|2557|7597|1794|4928|3769|3676|8287|2151|3712|5657|3514|2319|3292|6939|2237|2233|3727|4313|1067|4974|4047|1208|651|6437|5969|2249|7811|1203|2606|4070|7267|94|170|5418|1331|8048|661|1893|7395|6356|4214|8000|5754|2265|3172|207|2018|7679|5231|6876|6696|1735|205|2727|4707|2111|5820|4415|4358|1595|5915|6339|4960|3675|5569|4191|214|3104|3782|1981|321|1491|3847|2560|2962|2612|2889|780|1061|4842|1392|6123|2421|2467|2416|4221|7868|5197|3226|8189|962|3372|7178|6934|4010|2333|3717|7705|40|1739|753|4486|3481|825|7037|2842|3149|6098|5521|2644|3306|6058|2554|3390|5920|5224|1413|6520|1170|7960|5095|1497|5906|1125|8111|306|4179|7670|2517|6851|7104|3704|1145|3049|1362|4401|2958|2961|126|5519|4317|323|5404|7418|4816|83|5149|8173|5934|2471|1755|8024|1243|2149|7539|7718|5853|7294|2324|957|5987|302|48|7181|7225|72|1274|2867|452|4905|5531|905|2895|5054|8187|2798|2431|5385|4071|3220|8056|453|1297|4235|7635|2200|4262|6720|6264|1179|1342|7993|508|1620|3672|6543|5694|4949|3660|7595|29|606|1714|1085|274|7955|4615|3657|5617|3985|1865|6863|699|1011|4654|4589|7689|1957|1459|4092|2479|4989|5217|1151|589|6827|4346|4046|6130|3491|7073|7406|1685|7551|6093|7724|3794|3035|939|774|6569|4894|4700|342|5416|5630|6937|7701|4498|717|1469|928|3138|2890|4244|7612|2837|7352|314|1562|4380|4744|1834|2012|752|395|6076|6100|2616|3358|3747|6400|266|5796|80|5932|2874|2210|7158|7974|3106|2830|5383|2993|1503|238|5304|3363|8235|6838|4500|255|1456,134|22|115|81|17|143|72|163|51|86|91|1|175|90|20|84|155|63|131|31|109|147|172|2|78|135|101|168|27|122|16|158|73|4|24|29|76|77|121|85|9|46|6|44|150|30|137|146|106|171|89|41|105|43|65|119|28|87|151|170|14|35|75|142|164|0|5|74|61|99|100|45|133|173|18|144|167|67|79|60|117|156|160|49|130|10|19|21|56|62|80|116|132|127|141|159|32|57|88|92|113|114|15|23|66|103|128|129|174|94|104|125|145|161|7|58|148|3|8|12|33|47|48|149|157|11|34|50|93|97|107|108|118|120|136|162|169,1|4|10|11|25|43|54|57|58|62|63|66|68|69|77|80|83|94|98|99|106|111|114|134|137|141|145|146|147|153|154|162|168|171|178|181|183|184|190|196|197|202|208|213|217|224|226|227|229|232|235|239|243|244|245|246|249|252|255|261|262|267|276|279|280|281|294|308|313|316|319|320|324|328|329|333|337|351|354|357|359|360|361|362|382|390|393|400|404|405|413|414|420|421|422|445|446|451|457|459|461|473|476|484|491|506|511|512|527|543|546|548|560|565|568|570|573|580|581|584|586|594|597|603|605|613|615|616|618|621|623|632|640|641|642|645|649|657|660|663|665|671|675|690|691|711|714|717|718|722|728|731|739|749|752|757|760|764|765|769|770|771|775|776|777|780|782|783|787|791|793|796|797|800|801|802|804|809|810|812|817|820|835|846|849|851|852|854|856|859|865|869|882|884|890|899|900|905|910|914|916|920|921|925|927|945|950|955|967|969|971|975|982|983|987|991|1006|1009|1010|1011|1012|1019|1020|1024|1025|1028|1035|1040|1048|1049|1058|1065|1069|1073|1075|1079|1082|1083|1091|1092|1099|1101|1105|1108|1125|1131|1132|1134|1136|1137|1138|1146|1148|1155|1163|1168|1169|1170|1171|1175|1176|1181|1185|1187|1192|1204|1205|1210|1211|1214|1220|1234|1239|1246|1248|1256|1261|1263|1267|1268|1276|1289|1293|1297|1302|1307|1318|1323|1333|1334|1336|1337|1345|1348|1350|1351|1352|1357|1359|1362|1366|1378|1379|1381|1384|1387|1388|1390|1394|1396|1398|1403|1408|1410|1413|1415|1417|1423|1424|1433|1455|1456|1460|1463|1467|1476|1483|1484|1486|1494|1496|1503|1512|1517|1519|1522|1530|1535|1536|1538|1542|1550|1555|1556|1562|1569|1576|1584|1588|1596|1600|1601|1606|1610|1611|1614|1617|1620|1621|1629|1632|1634|1635|1636|1645|1648|1650|1652|1668|1683|1691|1692|1694|1701|1702|1704|1713|1728|1734|1737|1741|1744|1747|1748|1755|1757|1758|1759|1764|1768|1778|1780|1782|1788|1802|1807|1810|1821|1822|1823|1824|1828|1829|1830|1834|1836|1838|1842|1845|1846|1849|1853|1854|1857|1859|1861|1865|1872|1877|1879|1885|1890|1897|1911|1932|1937|1938|1943|1956|1957|1959|1974|1979|1990|2000|2005|2007|2011|2015|2016|2026|2030|2032|2036|2048|2057|2068|2070|2078|2082|2087|2091|2096|2099|2102|2104|2109|2110|2117|2118|2119|2123|2128|2143|2148|2154|2161|2167|2171|2172|2176|2187|2193|2195|2196|2199|2200|2203|2204|2208|2216|2219|2220|2227|2238|2241|2242|2243|2245|2249|2260|2269|2270|2274|2276|2278|2283|2284|2285|2287|2290|2293|2294|2296|2307|2309|2310|2313|2316|2317|2318|2321|2327|2336|2338|2344|2350|2371|2373|2376|2381|2394|2400|2401|2402|2418|2419|2424|2434|2435|2440|2451|2453|2456|2461|2464|2466|2467|2470|2478|2479|2484|2491|2503|2506|2507|2509|2511|2513|2519|2521|2523|2540|2544|2546|2547|2554|2567|2570|2571|2573|2575|2578|2579|2580|2582|2589|2590|2591|2600|2601|2602|2613|2616|2623|2633|2647|2653|2663|2673|2675|2678|2683|2688|2693|2697|2699|2706|2709|2716|2722|2726|2744|2755|2762|2765|2769|2770|2771|2772|2777|2778|2781|2787|2788|2792|2797|2801|2802|2814|2816|2817|2831|2835|2836|2842|2852|2858|2867|2875|2884|2886|2889|2897|2904|2907|2908|2917|2925|2927|2928|2931|2932|2942|2943|2945|2953|2959|2969|2972|2976|2979|2986|2990|2993|3005|3007|3012|3013|3015|3025|3026|3034|3035|3036|3042|3053|3056|3065|3068|3069|3071|3072|3076|3089|3090|3093|3104|3108|3114|3121|3127|3128|3136|3142|3146|3156|3158|3159|3163|3168|3171|3177|3178|3185|3186|3190|3192|3198|3202|3221|3223|3224|3228|3239|3243|3247|3248|3253|3257|3269|3270|3280|3282|3283|3284|3285|3286|3296|3299|3303|3307|3308|3311|3321|3324|3332|3333|3334|3336|3339|3343|3344|3349|3357|3385|3391|3393|3398|3399|3406|3408|3411|3412|3413|3419|3449|3450|3451|3456|3460|3465|3470|3474|3480|3483|3484|3486|3489|3494|3496|3497|3498|3501|3510|3513|3517|3525|3527|3528|3531|3533|3536|3538|3550|3551|3554|3555|3556|3557|3558|3562|3563|3566|3570|3571|3572|3574|3578|3585|3587|3592|3593|3601|3614|3619|3622|3623|3628|3630|3638|3645|3649|3650|3651|3660|3661|3662|3663|3667|3668|3670|3675|3678|3679|3680|3682|3690|3695|3701|3708|3714|3716|3717|3725|3728|3730|3731|3734|3739|3741|3745|3749|3753|3762|3765|3768|3771|3777|3784|3792|3795|3802|3804|3810|3811|3822|3827|3828|3830|3831|3833|3842|3843|3847|3849|3852|3854|3856|3863|3865|3868|3872|3875|3879|3886|3891|3894|3897|3898|3899|3908|3911|3915|3926|3932|3937|3942|3943|3945|3947|3953|3955|3964|3967|3974|3978|3987|3993|4003|4005|4007|4009|4010|4011|4012|4016|4022|4025|4034|4036|4038|4039|4059|4060|4074|4078|4081|4091|4099|4101|4116|4128|4129|4131|4132|4133|4149|4153|4155|4156|4169|4170|4175|4179|4186|4187|4199|4205|4215|4220|4224|4228|4237|4241|4242|4245|4248|4262|4263|4264|4265|4268|4275|4286|4291|4295|4297|4301|4307|4308|4319|4320|4322|4324|4330|4332|4336|4346|4350|4354|4356|4358|4362|4366|4367|4379|4388|4389|4393|4394|4399|4403|4406|4409|4418|4421|4426|4428|4434|4436|4442|4444|4447|4454|4470|4474|4478|4485|4490|4493|4494|4496|4501|4502|4508|4510|4517|4522|4529|4531|4532|4533|4534|4542|4544|4548|4550|4559|4560|4571|4575|4579|4586|4587|4588|4594|4596|4602|4616|4619|4620|4622|4623|4624|4626|4632|4635|4644|4647|4655|4660|4661|4662|4674|4681|4682|4683|4684|4687|4693|4702|4703|4711|4714|4719|4720|4727|4729|4743|4747|4748|4751|4755|4760|4765|4767|4775|4778|4782|4788|4796|4800|4805|4815|4819|4830|4832|4848|4849|4854|4855|4857|4864|4867|4870|4871|4874|4875|4882|4887|4888|4893|4895|4898|4901|4903|4911|4922|4927|4928|4931|4935|4938|4939|4946|4947|4956|4959|4960|4961|4962|4981|4982|4997|5002|5004|5005|5014|5017|5029|5032|5033|5039|5061|5064|5070|5071|5073|5077|5078|5083|5087|5089|5092|5102|5106|5110|5111|5112|5128|5131|5133|5147|5156|5158|5160|5164|5170|5172|5178|5181|5182|5183|5198|5203|5205|5214|5215|5222|5223|5227|5230|5242|5245|5246|5249|5253|5260|5263|5264|5265|5277|5280|5289|5301|5304|5306|5310|5314|5315|5317|5319|5320|5325|5330|5336|5337|5338|5343|5346|5349|5350|5360|5368|5369|5370|5372|5373|5376|5378|5379|5381|5382|5385|5386|5389|5391|5393|5395|5398|5400|5402|5418|5428|5430|5435|5445|5446|5452|5454|5456|5460|5472|5475|5479|5480|5481|5486|5514|5522|5526|5533|5535|5536|5540|5542|5543|5545|5548|5550|5551|5558|5572|5574|5577|5579|5583|5584|5587|5590|5591|5592|5597|5600|5603|5611|5612|5617|5620|5644|5645|5652|5672|5678|5681|5683|5684|5689|5692|5695|5700|5706|5712|5727|5729|5740,28.080291970802918,True
instance_0008.txt,aisle_first_desc,158,11,509,152|451|535|1425|63|1684|944|787|448|850|1394|1423|2034|29|1565|165|8|1196|973|19|247|1869|1945|2004|977|1972|77|630|963|1127|1708|2002|2012|430|679|1107|1698|189|552|713|772|1022|1105|1463|1719|420|599|657|797|1020|1123|1495|1705|1991|297|474|895|1911|1933|1934|2104|76|421|642|710|937|1050|1078|1205|1327|2183|178|574|756|1036|1065|1080|1308|1668|1731|1773|7|60|138|203|508|881|946|1081|1130|1221|1263|1381|1554|12|40|845|869|879|1132|1147|1257|1467|1611|1636|1738|1740|1788|1794|1821|1950|1990|2001|120|251|282|509|682|793|1000|1033|1079|1083|1277|1431|1812|1965|37|206|225|314|344|436|471|502|519|558|648|776|804|847|893|901|928|1038|1060|1146|1195|1234|1345|1396|1516|1725|1901|1920|2111|2164|2166,7|32|47|64|72|84|99|114|125|138|163,1|9|11|19|28|30|38|50|58|62|93|103|132|134|147|158|168|175|177|201|205|207|209|221|226|231|236|238|248|315|320|324|333|334|343|352|360|372|392|400|403|406|411|445|458|474|497|518|523|525|562|576|578|592|644|652|656|680|734|752|754|764|773|782|822|832|866|870|876|893|895|901|915|916|929|930|944|947|948|949|957|960|963|987|1031|1033|1048|1051|1056|1062|1078|1086|1091|1097|1106|1112|1123|1132|1135|1137|1143|1149|1155|1157|1160|1168|1178|1181|1197|1220|1235|1238|1245|1259|1261|1264|1267|1268|1275|1291|1293|1310|1321|1337|1353|1354|1356|1360|1374|1377|1383|1384|1397|1407|1421|1423|1447|1450|1465|1471|1477|1502|1513|1518|1529|1531|1533|1537|1553|1559|1575|1577|1578|1594|1606|1609|1613|1620|1643|1671|1709|1711|1741|1744|1745|1746|1760|1768|1769|1809|1826|1832|1838|1842|1866|1869|1880|1897|1915|1922|1923|1927|1934|1963|1971|2005|2018|2030|2036|2042|2049|2057|2072|2092|2094|2096|2114|2120|2144|2147|2157|2181|2184|2201|2205|2208|2221|2253|2255|2257|2264|2275|2277|2281|2284|2293|2299|2303|2344|2355|2374|2397|2406|2407|2433|2438|2439|2446|2459|2460|2468|2473|2489|2514|2538|2540|2541|2546|2556|2598|2629|2651|2658|2660|2681|2694|2696|2779|2783|2803|2820|2842|2845|2848|2859|2860|2901|2912|2926|2938|2939|2943|2963|2979|2982|2991|3003|3015|3027|3033|3049|3061|3068|3075|3101|3104|3115|3153|3155|3161|3167|3184|3188|3195|3198|3208|3226|3227|3230|3240|3243|3245|3262|3298|3307|3335|3354|3364|3368|3380|3383|3386|3400|3419|3466|3469|3487|3499|3504|3511|3526|3577|3580|3611|3612|3617|3626|3668|3675|3683|3708|3710|3737|3744|3768|3775|3776|3807|3811|3833|3846|3847|3874|3876|3881|3889|3914|3928|3938|3963|3980|3982|3993|3996|4027|4029|4039|4051|4087|4094|4099|4114|4115|4120|4135|4143|4148|4153|4161|4179|4181|4182|4187|4234|4236|4244|4251|4256|4272|4306|4324|4328|4336|4388|4391|4392|4418|4422|4428|4438|4441|4448|4449|4463|4507|4509|4515|4517|4531|4535|4567|4575|4584|4589|4599|4605|4619|4633|4639|4661|4674|4680|4698|4717|4742|4747|4753|4757|4758|4771|4823|4854|4858|4866|4868|4876|4890|4891|4892|4912|4932|4933|4938|4958|4966|4977|4985|4987|4989|4994|5010|5012|5020|5025|5066|5074|5077|5079|5080|5091|5099|5102|5107|5112|5145|5147|5220|5228|5239|5244|5246|5252|5282|5292|5294|5305|5313|5315|5317|5320|5330|5331|5332|5343|5348|5362|5375|5377|5380|5382|5385|5411|5419|5436|5457|5467|5473|5475|5487|5496|5500|5513|5519|5521|5527|5535|5552|5561|5578|5579|5604|5616|5634|5649|5680|5698|5702|5718|5744|5751|5774|5776|5782|5784|5785|5788|5810|5818|5819,122.0909090909091,True
instance_0008.txt,dinkelbach_mip,415,19,1040,0|1|2|6|7|8|12|15|18|19|21|27|29|31|32|33|37|40|54|60|62|63|66|67|72|76|77|79|81|91|117|125|129|133|138|139|152|155|178|185|196|201|203|206|219|224|225|231|234|236|238|241|247|251|252|254|263|265|267|268|273|277|279|282|284|287|294|297|306|308|313|320|321|323|329|341|344|353|360|380|382|386|387|389|392|394|405|412|415|421|424|430|431|448|451|468|469|474|486|498|502|506|512|519|528|531|535|536|551|552|555|557|558|571|572|575|578|580|586|592|597|599|604|606|614|626|627|628|630|642|643|644|648|650|657|660|665|669|679|682|684|705|710|713|715|716|721|733|737|743|745|747|754|756|759|770|772|776|781|782|787|789|793|797|804|814|817|818|821|828|841|845|847|848|850|852|869|871|872|875|877|881|895|937|938|940|942|944|946|950|958|963|967|973|977|986|988|989|990|1000|1016|1020|1022|1024|1036|1037|1041|1050|1060|1066|1067|1070|1074|1078|1080|1081|1083|1084|1085|1087|1105|1107|1109|1113|1115|1127|1130|1132|1137|1142|1154|1159|1167|1171|1203|1205|1208|1215|1219|1221|1226|1229|1231|1233|1234|1237|1251|1273|1284|1285|1287|1294|1297|1305|1308|1317|1325|1327|1341|1345|1361|1369|1379|1381|1388|1391|1394|1396|1403|1413|1415|1423|1425|1427|1429|1431|1432|1438|1440|1454|1463|1465|1466|1467|1475|1478|1495|1500|1502|1506|1512|1517|1519|1521|1533|1534|1544|1546|1550|1554|1560|1565|1571|1576|1589|1592|1597|1605|1610|1611|1632|1634|1636|1641|1642|1655|1657|1662|1668|1679|1681|1690|1695|1698|1699|1705|1708|1713|1719|1725|1728|1731|1738|1739|1743|1751|1755|1757|1768|1769|1771|1773|1788|1794|1812|1813|1829|1832|1837|1849|1850|1855|1866|1867|1868|1869|1872|1891|1892|1894|1896|1911|1912|1914|1915|1918|1920|1922|1933|1934|1942|1945|1947|1951|1952|1964|1965|1972|1973|1976|1978|1980|1984|1990|1995|1997|2001|2002|2004|2005|2009|2012|2016|2022|2034|2036|2038|2044|2063|2065|2082|2088|2104|2109|2111|2127|2146|2149|2153|2156|2164|2169|2172|2181|2183,4|7|19|20|32|44|47|72|73|78|79|84|99|111|114|125|136|138|151,1|7|8|9|11|19|24|28|30|34|42|50|56|58|59|62|65|73|81|84|87|91|93|102|103|106|113|115|117|129|132|134|147|175|177|183|187|192|193|201|202|205|207|209|214|221|226|228|242|244|248|255|302|306|313|315|320|324|326|328|333|334|342|343|350|352|360|368|371|372|377|392|400|403|411|413|424|436|445|447|448|449|458|464|474|475|482|487|497|505|518|520|523|524|525|535|562|576|578|588|592|603|608|609|612|614|644|650|651|652|654|656|659|662|668|676|677|680|696|702|704|728|730|733|734|745|752|754|758|763|764|776|778|782|784|796|799|807|822|828|832|834|838|839|842|866|870|883|889|893|895|898|901|909|912|916|927|929|930|939|941|944|947|949|957|960|963|965|981|987|991|993|1013|1031|1033|1040|1048|1051|1056|1062|1072|1078|1086|1091|1097|1105|1106|1112|1116|1118|1123|1132|1135|1155|1157|1160|1168|1178|1180|1181|1183|1190|1197|1215|1225|1238|1242|1245|1251|1257|1259|1261|1264|1267|1268|1271|1274|1275|1276|1287|1291|1292|1294|1298|1299|1302|1310|1317|1319|1321|1338|1344|1345|1349|1353|1354|1356|1358|1360|1362|1373|1374|1376|1377|1380|1383|1384|1386|1397|1399|1407|1414|1415|1421|1426|1434|1445|1450|1452|1463|1465|1471|1473|1476|1477|1478|1479|1480|1491|1502|1512|1513|1518|1519|1524|1527|1529|1531|1537|1546|1549|1553|1559|1568|1575|1577|1578|1588|1594|1603|1606|1609|1613|1620|1625|1635|1642|1643|1655|1656|1666|1671|1679|1699|1701|1704|1709|1711|1720|1721|1734|1738|1741|1745|1746|1747|1749|1760|1761|1768|1769|1772|1779|1798|1801|1802|1804|1805|1809|1811|1819|1830|1832|1842|1846|1854|1855|1863|1866|1869|1880|1883|1887|1897|1902|1906|1907|1912|1915|1921|1922|1923|1927|1932|1934|1937|1942|1946|1948|1954|1960|1971|1975|1979|1995|1998|2005|2008|2018|2021|2025|2030|2040|2042|2047|2056|2057|2072|2073|2075|2081|2085|2092|2094|2096|2102|2108|2114|2120|2128|2130|2138|2144|2147|2153|2157|2164|2171|2172|2175|2181|2184|2185|2191|2197|2201|2204|2205|2207|2208|2221|2227|2228|2237|2247|2251|2253|2255|2257|2264|2275|2277|2279|2284|2293|2296|2299|2300|2303|2305|2329|2330|2334|2335|2342|2354|2355|2358|2374|2378|2382|2385|2402|2407|2408|2422|2433|2436|2438|2443|2445|2446|2459|2460|2461|2465|2468|2473|2485|2488|2489|2495|2499|2502|2510|2514|2538|2540|2541|2542|2543|2546|2548|2556|2575|2576|2581|2591|2595|2597|2598|2600|2610|2617|2619|2621|2623|2625|2628|2629|2631|2632|2637|2639|2643|2645|2651|2658|2660|2663|2665|2667|2668|2680|2681|2686|2689|2694|2695|2696|2699|2710|2714|2736|2738|2760|2771|2794|2797|2803|2804|2820|2825|2835|2842|2845|2848|2872|2876|2877|2885|2888|2891|2912|2924|2933|2934|2938|2941|2943|2948|2950|2953|2956|2963|2979|2982|2991|3003|3015|3016|3017|3026|3027|3028|3033|3049|3052|3061|3064|3075|3077|3080|3101|3104|3105|3115|3120|3128|3130|3134|3136|3138|3146|3151|3153|3161|3167|3171|3173|3182|3184|3186|3188|3196|3198|3214|3220|3225|3226|3227|3230|3240|3243|3245|3247|3262|3276|3277|3284|3292|3299|3303|3305|3307|3314|3319|3335|3336|3346|3354|3360|3363|3364|3366|3368|3372|3374|3382|3383|3389|3398|3400|3407|3419|3421|3424|3437|3442|3453|3466|3469|3477|3487|3491|3496|3499|3503|3504|3507|3511|3526|3532|3535|3536|3556|3577|3580|3590|3599|3600|3611|3612|3626|3634|3647|3652|3667|3668|3675|3683|3684|3693|3703|3708|3730|3737|3744|3745|3747|3763|3769|3774|3775|3783|3798|3807|3811|3818|3824|3833|3845|3846|3847|3866|3874|3876|3881|3889|3902|3914|3915|3922|3930|3963|3980|3981|3982|3990|3996|3998|4015|4016|4021|4027|4029|4030|4039|4043|4044|4051|4053|4056|4065|4067|4068|4073|4081|4087|4094|4099|4101|4111|4114|4115|4133|4136|4143|4148|4153|4161|4166|4171|4177|4179|4181|4187|4190|4195|4198|4217|4222|4231|4236|4237|4251|4256|4267|4272|4291|4306|4307|4324|4328|4332|4336|4349|4354|4363|4372|4378|4388|4391|4392|4401|4416|4420|4422|4428|4438|4441|4446|4449|4463|4469|4483|4498|4506|4512|4515|4517|4531|4535|4537|4543|4545|4549|4551|4562|4567|4570|4573|4575|4583|4584|4585|4588|4593|4608|4614|4615|4619|4624|4626|4631|4633|4637|4639|4645|4657|4661|4667|4674|4676|4680|4684|4691|4698|4701|4708|4717|4721|4729|4731|4736|4737|4742|4743|4745|4753|4755|4779|4792|4801|4813|4822|4823|4828|4830|4833|4836|4847|4854|4858|4860|4863|4868|4875|4876|4888|4889|4891|4892|4901|4904|4906|4911|4912|4913|4916|4933|4938|4946|4958|4963|4968|4972|4977|4981|4982|4984|4985|4987|4989|4994|4997|5000|5010|5011|5012|5014|5020|5025|5029|5045|5047|5052|5058|5059|5064|5065|5066|5067|5074|5077|5079|5080|5089|5091|5092|5099|5106|5107|5112|5126|5132|5135|5136|5145|5164|5174|5183|5190|5196|5210|5214|5220|5225|5227|5228|5233|5239|5244|5245|5246|5252|5266|5268|5278|5280|5282|5292|5294|5305|5310|5313|5314|5315|5317|5320|5325|5330|5331|5332|5343|5348|5362|5363|5369|5371|5375|5376|5380|5382|5384|5385|5386|5405|5406|5411|5419|5423|5436|5438|5440|5443|5447|5455|5462|5467|5471|5473|5475|5481|5487|5496|5500|5513|5521|5527|5535|5537|5543|5546|5552|5556|5557|5558|5561|5566|5573|5578|5580|5583|5591|5593|5601|5604|5612|5616|5634|5640|5649|5651|5658|5666|5684|5686|5690|5691|5692|5695|5698|5701|5702|5706|5714|5718|5727|5735|5744|5751|5764|5766|5772|5774|5776|5778|5779|5782|5784|5785|5788|5805|5814|5815|5818|5819|5827|5828,143.89473684210526,True
instance_0008.txt,random,507,133,1554,1005|1786|1707|1233|968|992|945|1357|1568|1164|682|904|1513|1132|78|1850|1429|1833|1060|2094|2074|654|1501|376|1129|253|1118|1376|508|636|1914|922|1775|367|1032|170|1890|994|1226|84|1227|257|1929|1980|1012|16|287|693|52|700|157|234|313|1931|397|789|1967|1710|17|133|1812|396|594|1339|1778|1437|380|702|1591|2157|2099|714|13|291|1071|1938|780|174|1615|147|1665|416|327|1592|110|1285|1855|1453|226|1471|795|1569|1304|1997|1751|1970|361|641|272|1169|1536|1461|982|495|573|339|1703|1369|1764|1167|953|1073|818|1145|751|1028|345|1168|842|1310|432|208|1743|1428|1166|420|2014|206|1347|2162|737|427|1254|1861|1982|1223|1520|691|1466|365|661|2150|722|370|830|1405|443|2065|296|1693|1597|1153|1902|1566|1977|472|1202|1671|193|1534|835|119|1355|882|1400|107|892|1521|1934|1506|2066|877|1517|1474|850|2106|498|146|1579|130|231|581|2160|1279|392|1410|525|1449|1306|135|503|1263|1483|608|679|1529|1237|452|1633|451|1026|592|1990|338|29|1122|1996|1082|1590|1669|754|1493|1551|1044|1426|1762|256|1973|1116|462|1797|809|845|1353|1492|2029|1040|140|2061|74|436|631|788|1029|1796|372|732|1795|869|1208|671|981|318|43|1999|85|415|14|1201|650|1958|509|1853|1023|1599|1986|1300|1951|1318|2148|1102|664|221|1889|473|1003|990|1014|1148|889|120|1242|1001|1794|1585|589|260|1660|1883|1727|918|92|2171|1392|670|1409|660|1292|1523|1185|673|402|449|2042|448|611|348|2170|1468|1384|1916|1128|1578|1688|1224|423|7|1739|1106|965|768|606|1372|717|1683|356|2104|1174|1197|1733|159|1446|970|2105|1159|591|435|847|1218|519|1100|1049|1349|1361|404|1200|643|1832|1716|494|1594|1389|446|1010|507|1623|491|1756|387|1927|920|244|1802|2117|251|1905|2114|1101|705|42|776|2035|474|25|1735|203|218|202|1872|902|470|399|300|1923|814|39|1701|229|1287|2179|884|2038|735|1363|2127|243|1831|1108|189|1753|1570|784|1918|321|1552|1065|1629|2176|1926|628|743|812|967|305|1788|489|2012|125|883|1000|1899|853|948|267|54|461|804|211|1205|1946|286|2118|1385|70|1617|504|1587|999|91|549|2100|182|1139|368|336|752|1518|1545|1451|493|185|738|1445|1195|2095|50|149|662|669|1747|1667|1862|75|1444|1678|1115|1252|836|64|687|265|652|2059|620|556|2086|375|2112|1527|492|1612|1259|996|674|1622|377|2103|813|1413|1133|49|1952|308|907|1616|58|280|2036|1452|1151|623|929|137|1763|1222|518|430|931|1942|530|1418|103|604|1280|540|1059|1325,32|84|114|72|99|138|47|81|136|7|163|20|4|44|60|96|111|151|122|125|73|95|19|59|119|78|27|13|15|53|118|41|79|77|30|131|0|94|112|80|40|74|126|157|28|69|149|91|135|145|42|67|92|105|1|43|61|68|107|134|2|21|108|150|148|158|26|120|133|5|56|90|55|66|152|71|87|110|132|46|48|82|159|16|160|33|17|31|45|162|63|109|97|164|58|137|113|62|70|123|139|14|18|83|86|57|161|6|121|147|23|98|124|22|64|54|93|29|165|153|34|128|100|3|75|166|10|49|127|9|154|141|106,8|10|13|15|16|19|22|23|24|26|29|32|37|38|40|42|47|52|58|60|61|67|70|76|81|87|88|91|92|101|103|106|107|113|114|116|117|123|128|129|130|131|132|149|158|160|162|163|164|182|183|185|197|198|200|202|203|208|210|211|213|214|219|220|223|225|228|237|238|242|244|247|250|258|262|264|266|271|274|276|280|282|286|291|292|300|301|304|309|315|320|324|325|328|330|333|348|350|351|354|355|359|360|371|382|386|388|391|392|394|395|406|413|416|423|428|431|432|434|435|436|446|448|449|450|452|453|458|459|471|472|474|477|479|481|483|486|487|488|492|497|499|500|503|508|514|517|518|520|525|532|533|535|543|549|551|555|556|560|563|564|567|568|571|572|575|576|580|581|586|593|598|600|603|604|605|608|609|611|618|621|625|629|633|634|636|638|643|646|648|651|656|659|660|662|668|676|680|683|684|686|687|691|692|693|699|701|711|712|716|720|724|727|728|729|730|734|737|739|744|754|759|766|769|773|776|780|782|785|796|800|801|806|807|808|810|812|814|819|821|828|837|841|846|850|856|858|860|861|875|880|881|888|889|892|904|911|912|913|926|927|930|935|944|962|963|964|968|970|973|974|991|993|996|997|1001|1002|1014|1020|1021|1022|1028|1030|1038|1040|1043|1044|1048|1054|1062|1072|1076|1077|1081|1082|1084|1090|1098|1100|1102|1104|1116|1117|1120|1126|1133|1135|1141|1145|1151|1154|1155|1158|1160|1161|1166|1172|1175|1178|1180|1182|1185|1186|1190|1193|1198|1201|1205|1206|1209|1215|1216|1221|1222|1226|1234|1236|1237|1238|1246|1249|1258|1260|1264|1266|1268|1269|1270|1271|1273|1275|1276|1277|1279|1290|1292|1294|1296|1298|1299|1302|1308|1313|1317|1326|1332|1334|1344|1345|1351|1352|1355|1367|1373|1376|1378|1385|1386|1396|1397|1398|1401|1407|1410|1411|1416|1429|1431|1432|1434|1437|1438|1441|1442|1446|1447|1452|1453|1454|1456|1457|1458|1462|1469|1473|1474|1476|1478|1479|1480|1481|1488|1494|1497|1498|1500|1502|1503|1511|1513|1514|1519|1520|1522|1524|1525|1527|1533|1534|1538|1539|1540|1551|1555|1564|1568|1570|1574|1575|1579|1584|1598|1599|1603|1604|1605|1606|1620|1623|1627|1640|1650|1651|1652|1657|1660|1665|1669|1672|1673|1675|1676|1678|1684|1686|1692|1699|1700|1706|1708|1709|1714|1717|1720|1730|1733|1744|1745|1748|1749|1752|1754|1755|1757|1761|1771|1773|1784|1786|1798|1801|1805|1806|1811|1814|1823|1828|1829|1830|1831|1832|1835|1845|1855|1856|1858|1859|1867|1872|1876|1884|1885|1888|1896|1903|1908|1912|1919|1920|1930|1937|1939|1943|1959|1961|1966|1970|1977|1978|1980|1982|1984|1987|1992|1994|2010|2011|2013|2017|2021|2026|2027|2030|2032|2040|2042|2043|2044|2045|2048|2049|2052|2054|2063|2073|2077|2081|2088|2089|2090|2095|2097|2098|2101|2105|2109|2110|2111|2112|2115|2123|2130|2131|2134|2135|2138|2142|2144|2159|2173|2176|2183|2189|2192|2198|2202|2203|2205|2206|2208|2209|2211|2212|2214|2221|2228|2230|2231|2242|2244|2247|2251|2254|2258|2260|2261|2266|2267|2269|2277|2279|2285|2286|2288|2290|2292|2295|2296|2297|2310|2311|2322|2332|2342|2346|2354|2357|2358|2360|2365|2369|2370|2372|2373|2377|2379|2381|2382|2392|2394|2395|2397|2398|2401|2402|2411|2415|2419|2420|2421|2423|2426|2436|2437|2438|2443|2445|2458|2461|2466|2468|2477|2479|2480|2484|2486|2487|2489|2490|2492|2494|2496|2506|2510|2533|2535|2536|2542|2546|2547|2549|2551|2552|2555|2559|2563|2574|2577|2580|2581|2594|2597|2598|2601|2602|2608|2609|2610|2613|2615|2617|2624|2625|2626|2627|2637|2641|2647|2649|2656|2661|2663|2665|2669|2670|2674|2680|2682|2684|2689|2698|2699|2700|2709|2710|2714|2716|2725|2726|2741|2744|2756|2760|2762|2765|2769|2776|2782|2783|2784|2785|2789|2790|2792|2794|2797|2803|2811|2814|2826|2827|2831|2832|2834|2835|2837|2844|2845|2846|2859|2861|2868|2870|2872|2873|2875|2876|2877|2884|2895|2904|2911|2915|2919|2921|2922|2924|2928|2929|2935|2937|2939|2940|2942|2944|2946|2947|2950|2953|2956|2958|2959|2966|2967|2970|2976|2981|2982|2983|2987|2997|3001|3017|3021|3023|3025|3027|3028|3029|3031|3033|3036|3037|3040|3047|3053|3058|3060|3064|3065|3067|3069|3071|3077|3081|3090|3092|3096|3103|3118|3122|3130|3134|3137|3140|3142|3145|3148|3152|3155|3156|3160|3161|3162|3164|3171|3172|3175|3178|3179|3183|3184|3185|3191|3192|3201|3202|3210|3214|3217|3220|3221|3231|3238|3242|3245|3247|3249|3258|3259|3260|3271|3276|3278|3292|3293|3297|3300|3302|3303|3305|3309|3319|3324|3325|3335|3345|3350|3361|3363|3364|3365|3367|3368|3369|3370|3372|3374|3382|3384|3389|3391|3400|3404|3405|3410|3414|3416|3421|3433|3435|3437|3438|3441|3442|3443|3453|3469|3473|3476|3477|3482|3485|3490|3492|3494|3496|3504|3505|3511|3519|3525|3528|3532|3534|3536|3537|3543|3549|3551|3552|3559|3563|3569|3571|3578|3585|3586|3589|3590|3591|3593|3596|3597|3598|3602|3606|3608|3610|3611|3613|3614|3615|3616|3623|3624|3626|3627|3628|3636|3637|3639|3640|3641|3647|3651|3655|3659|3664|3666|3667|3676|3681|3685|3695|3698|3699|3703|3704|3705|3709|3714|3720|3722|3724|3726|3727|3728|3736|3741|3744|3747|3750|3753|3754|3760|3773|3782|3783|3788|3789|3793|3798|3806|3813|3819|3820|3821|3825|3826|3827|3830|3831|3833|3834|3835|3846|3847|3853|3854|3872|3877|3882|3884|3885|3886|3887|3889|3893|3897|3907|3909|3915|3921|3923|3924|3927|3930|3932|3939|3940|3945|3946|3955|3957|3965|3968|3973|3974|3976|3980|3981|3982|3984|3987|3993|3996|4001|4003|4007|4012|4017|4021|4024|4025|4029|4031|4037|4041|4044|4047|4048|4056|4063|4067|4070|4074|4081|4083|4085|4090|4092|4094|4099|4100|4101|4102|4110|4114|4115|4117|4118|4121|4128|4141|4144|4145|4147|4151|4153|4159|4166|4167|4173|4174|4175|4176|4178|4183|4208|4217|4220|4234|4236|4237|4238|4243|4246|4248|4253|4259|4262|4264|4272|4274|4276|4279|4280|4285|4290|4291|4300|4302|4307|4313|4314|4315|4320|4321|4322|4329|4331|4332|4334|4338|4340|4348|4350|4351|4354|4358|4369|4372|4374|4383|4388|4396|4397|4398|4403|4405|4409|4415|4416|4417|4418|4420|4421|4422|4427|4432|4433|4435|4438|4446|4453|4455|4458|4465|4469|4472|4473|4476|4479|4482|4486|4487|4488|4489|4490|4494|4496|4498|4499|4514|4521|4525|4526|4539|4543|4544|4547|4550|4552|4555|4559|4560|4563|4565|4575|4580|4586|4588|4595|4600|4604|4613|4614|4616|4620|4624|4629|4631|4634|4635|4637|4647|4651|4652|4654|4655|4657|4660|4661|4665|4667|4668|4680|4682|4689|4690|4694|4703|4704|4710|4711|4719|4720|4721|4728|4729|4730|4736|4737|4738|4745|4747|4749|4755|4758|4762|4763|4766|4768|4780|4782|4783|4792|4794|4795|4807|4812|4816|4822|4829|4831|4835|4843|4851|4852|4853|4855|4857|4860|4861|4863|4869|4872|4873|4876|4878|4880|4883|4893|4896|4897|4903|4906|4911|4914|4920|4921|4922|4925|4931|4933|4937|4939|4940|4943|4952|4954|4963|4965|4966|4968|4971|4972|4975|4982|4983|4988|4991|5001|5003|5005|5007|5008|5011|5015|5021|5026|5029|5035|5044|5045|5051|5055|5068|5075|5076|5083|5088|5089|5095|5096|5100|5101|5107|5111|5113|5122|5124|5126|5134|5136|5143|5147|5151|5154|5157|5166|5168|5170|5178|5181|5185|5188|5192|5194|5196|5197|5200|5203|5213|5222|5223|5232|5233|5236|5237|5245|5249|5251|5253|5255|5260|5272|5274|5277|5284|5309|5310|5315|5317|5319|5322|5329|5330|5331|5333|5347|5348|5351|5352|5360|5361|5362|5363|5367|5368|5371|5373|5376|5379|5380|5383|5393|5396|5401|5403|5404|5405|5413|5416|5419|5423|5424|5429|5430|5433|5435|5436|5440|5443|5449|5460|5462|5467|5471|5476|5479|5481|5482|5491|5492|5496|5500|5515|5517|5518|5519|5521|5523|5526|5529|5533|5536|5537|5544|5546|5548|5549|5551|5553|5556|5558|5561|5562|5570|5576|5579|5580|5583|5585|5587|5590|5591|5593|5599|5600|5601|5613|5616|5618|5621|5622|5626|5627|5631|5635|5640|5641|5645|5646|5651|5653|5660|5661|5662|5663|5670|5671|5683|5684|5686|5687|5699|5706|5708|5709|5710|5716|5718|5727|5744|5746|5753|5758|5759|5761|5762|5763|5764|5768|5770|5771|5772|5774|5776|5778|5779|5790|5798|5803|5805|5809|5818|5819|5821|5823|5825|5827|5828,21.353383458646615,True
instance_0008.txt,smaller_multi,116,88,881,1228|152|374|514|451|1530|535|899|1891|637|1293|738|185|1110|111|110|2077|1627|127|961|252|1425|1684|63|1581|224|1832|711|681|651|944|2063|1043|750|1900|1715|1766|1618|668|1687|787|2117|480|1337|1948|560|663|732|254|768|497|2034|1423|448|850|1394|2070|536|1262|745|1565|2090|65|1663|1075|460|29|982|476|1282|545|1399|1543|264|1373|1427|446|165|1322|1764|644|1196|8|1711|1275|1540|1641|1939|2168|135|2161|1144|973|934|737|1981|1849|677|1653|571|331|1434|504|1623|19|1945|490|1084|1869|148|612|1961|288|2004|782|1121,84|99|19|32|20|114|138|136|7|74|83|26|95|72|111|139|122|1|73|64|59|125|118|77|154|151|47|4|18|109|55|60|163|62|15|123|145|81|49|87|107|134|40|54|79|13|96|133|152|164|48|78|128|162|5|17|22|33|44|131|3|34|45|58|86|112|121|124|132|41|66|97|110|126|149|160|166|0|6|8|27|42|67|69|93|94|119|127,1|11|22|30|41|51|58|80|88|92|96|115|118|125|139|157|163|173|177|196|197|209|216|217|221|231|236|246|247|248|251|269|275|280|284|304|312|317|321|332|335|349|357|361|372|374|383|392|400|403|423|424|429|432|450|453|454|461|464|465|470|474|475|486|504|509|510|523|525|535|546|558|559|562|571|576|578|589|592|603|608|623|625|627|632|635|644|659|670|696|702|734|753|754|758|778|782|786|792|799|811|813|814|818|822|830|832|849|852|863|866|870|883|884|888|895|898|907|908|909|912|915|916|934|943|944|947|948|955|957|960|962|973|978|987|988|1004|1005|1035|1048|1058|1060|1061|1062|1072|1077|1094|1098|1107|1108|1116|1123|1128|1132|1135|1163|1170|1178|1183|1190|1197|1200|1226|1229|1233|1235|1253|1255|1261|1264|1272|1278|1287|1288|1291|1292|1312|1323|1324|1342|1347|1352|1360|1362|1366|1377|1384|1397|1400|1407|1418|1421|1429|1451|1452|1470|1471|1477|1483|1486|1493|1496|1499|1504|1513|1518|1529|1532|1533|1538|1539|1553|1559|1577|1579|1581|1583|1586|1606|1609|1613|1615|1620|1625|1632|1639|1640|1644|1670|1671|1694|1695|1707|1709|1716|1720|1735|1745|1750|1766|1775|1790|1791|1798|1801|1805|1807|1811|1813|1815|1830|1834|1843|1855|1874|1885|1895|1897|1923|1926|1929|1949|1963|1965|1972|1975|1991|2001|2010|2025|2036|2037|2059|2063|2072|2083|2085|2094|2096|2120|2127|2128|2130|2132|2137|2139|2151|2162|2163|2193|2194|2221|2223|2228|2232|2238|2248|2249|2253|2256|2257|2263|2264|2277|2278|2284|2292|2296|2299|2303|2315|2319|2320|2323|2325|2342|2354|2355|2363|2367|2374|2378|2380|2387|2390|2392|2401|2404|2407|2410|2414|2420|2425|2433|2434|2437|2439|2443|2446|2455|2459|2460|2470|2474|2478|2482|2485|2487|2489|2491|2500|2511|2512|2514|2519|2523|2530|2541|2542|2546|2556|2558|2561|2579|2581|2598|2599|2601|2616|2640|2641|2650|2651|2657|2659|2660|2664|2681|2683|2691|2695|2699|2703|2715|2716|2737|2740|2747|2760|2779|2781|2795|2797|2803|2812|2828|2830|2838|2845|2856|2861|2864|2868|2874|2875|2877|2879|2887|2888|2896|2901|2902|2912|2913|2914|2924|2925|2926|2934|2937|2938|2946|2950|2960|2965|2969|2976|2984|2988|3011|3016|3030|3033|3043|3054|3056|3066|3068|3074|3075|3099|3108|3113|3115|3116|3121|3146|3148|3149|3161|3164|3167|3168|3184|3185|3188|3193|3227|3234|3240|3245|3262|3263|3265|3276|3281|3285|3290|3295|3303|3307|3312|3319|3326|3332|3334|3342|3357|3362|3364|3367|3368|3376|3379|3386|3409|3419|3421|3433|3442|3446|3454|3461|3463|3466|3469|3472|3476|3478|3482|3485|3490|3491|3499|3508|3520|3526|3534|3536|3541|3568|3570|3575|3586|3605|3607|3611|3617|3620|3623|3625|3634|3656|3664|3665|3667|3668|3683|3696|3702|3704|3710|3716|3718|3725|3727|3733|3741|3743|3744|3753|3757|3771|3774|3775|3784|3794|3798|3807|3809|3819|3824|3827|3843|3848|3855|3869|3882|3893|3899|3904|3908|3912|3914|3916|3922|3924|3936|3940|3943|3946|3954|3960|3963|3966|3989|3993|3996|3999|4006|4007|4008|4010|4024|4034|4035|4036|4042|4048|4050|4069|4073|4087|4090|4095|4099|4107|4114|4116|4120|4129|4136|4140|4149|4153|4154|4173|4177|4179|4182|4185|4216|4225|4226|4232|4234|4237|4244|4251|4256|4269|4287|4291|4303|4307|4310|4312|4332|4334|4336|4338|4347|4348|4356|4372|4387|4388|4393|4395|4399|4404|4406|4407|4420|4422|4438|4439|4441|4442|4449|4456|4457|4466|4485|4487|4495|4516|4517|4527|4531|4532|4551|4564|4568|4573|4578|4588|4589|4590|4593|4595|4607|4614|4631|4635|4637|4641|4645|4647|4652|4656|4657|4667|4669|4680|4681|4684|4691|4709|4717|4725|4728|4729|4740|4751|4756|4768|4771|4792|4797|4799|4800|4819|4822|4823|4828|4836|4841|4845|4853|4857|4864|4866|4868|4871|4873|4883|4890|4895|4909|4912|4925|4927|4928|4930|4934|4940|4947|4949|4955|4958|4982|4989|4993|4995|5003|5010|5012|5022|5023|5025|5033|5037|5053|5058|5063|5065|5073|5074|5077|5079|5081|5089|5090|5093|5097|5099|5102|5104|5111|5112|5118|5120|5134|5140|5146|5152|5157|5173|5177|5199|5216|5217|5220|5225|5232|5272|5273|5274|5276|5279|5280|5292|5298|5300|5305|5308|5310|5324|5327|5328|5330|5331|5334|5340|5348|5349|5353|5358|5359|5361|5362|5369|5375|5388|5389|5399|5405|5410|5412|5423|5428|5430|5440|5448|5458|5468|5473|5487|5488|5489|5526|5527|5540|5558|5574|5578|5579|5583|5591|5593|5599|5601|5604|5614|5615|5617|5619|5621|5622|5626|5634|5636|5637|5641|5650|5652|5661|5663|5667|5670|5674|5681|5686|5691|5695|5698|5700|5702|5706|5732|5742|5744|5753|5755|5756|5757|5765|5774|5777|5782|5785|5786|5788|5789|5808|5815|5818|5819|5821|5828,32.26136363636363,True
instance_0009.txt,aisle_first_desc,12,18,39,9|59|68|33|1|3|6|24|36|42|46|64,0|2|16|24|32|49|50|52|78|80|124|159|161|180|197|262|269|287,12|20|23|28|30|36|48|53|57|58|59|60|65|66|71|82|86|95|103|106|109|111|125|135|145|148|156|159|170|174|180|189|190|198|207|216|218|219|221,3.111111111111111,True
instance_0009.txt,dinkelbach_mip,9,12,31,1|5|9|19|33|38|42|44|68,3|10|49|50|88|124|167|180|197|248|269|296,10|12|28|32|59|65|66|71|83|86|93|94|95|97|103|106|111|114|124|125|145|148|156|159|170|182|189|190|198|216|221,4.416666666666667,True
instance_0009.txt,random,44,69,125,10|31|58|23|11|40|13|68|21|43|30|32|36|25|8|24|42|54|14|1|35|57|45|2|52|9|37|29|64|46|38|12|6|20|69|50|33|16|53|27|62|17|63|4,87|49|50|16|262|124|159|78|88|287|40|77|89|169|180|2|70|0|5|13|41|113|144|148|183|239|249|258|277|27|60|73|114|119|145|155|187|208|218|222|246|273|33|80|101|102|120|137|150|163|170|178|191|200|232|240|242|282|299|10|30|42|100|104|176|206|234|279|294,1|3|4|7|12|13|14|19|20|21|24|25|26|28|29|30|31|34|36|37|39|42|43|45|49|50|53|54|55|56|57|59|60|61|62|63|64|65|66|67|69|70|71|72|73|75|78|79|83|86|87|88|89|90|93|95|96|97|98|100|102|103|104|106|109|111|112|113|115|116|119|120|121|123|125|129|130|133|134|135|136|137|142|143|145|146|147|148|150|155|156|158|159|161|162|163|165|169|170|173|174|175|181|185|187|188|189|190|193|194|195|197|198|199|202|203|205|207|209|211|214|216|219|220|221,2.217391304347826,True
instance_0009.txt,smaller_multi,18,54,107,61|9|67|25|59|66|5|35|68|38|43|54|33|17|53|34|22|55,87|124|287|269|180|40|77|80|159|24|125|249|7|165|216|8|10|41|49|52|78|81|88|89|102|148|1|3|13|16|18|21|31|42|50|70|79|93|104|109|149|155|160|167|169|178|188|197|224|263|277|279|280|286,0|2|3|5|8|10|12|13|14|16|18|24|27|33|35|38|39|40|45|46|47|54|56|58|59|60|65|66|71|72|74|76|77|78|79|80|81|82|83|85|86|93|94|95|96|97|99|103|106|108|111|112|113|115|118|122|125|126|127|128|129|131|132|134|138|139|140|144|148|151|152|153|154|156|157|159|162|164|165|166|168|170|171|172|173|179|180|182|183|184|185|188|189|190|194|195|196|204|206|209|210|211|215|216|217|218|221,2.8333333333333335,True
instance_0010.txt,aisle_first_desc,161,51,342,260|843|725|924|893|1078|1474|62|215|347|431|437|570|1053|1191|1273|1566|2|17|160|207|221|315|402|408|454|512|582|612|642|687|703|773|802|848|852|906|910|983|1020|1143|1165|1180|1182|1222|1230|1267|1316|1346|1380|1438|1454|10|12|38|57|59|68|73|108|115|122|140|157|185|189|192|218|225|236|241|254|276|283|336|355|362|370|380|419|432|445|477|480|491|504|514|534|542|551|581|586|588|615|623|624|638|662|668|676|680|689|696|724|729|738|754|764|808|812|833|849|879|905|909|915|931|952|961|966|968|985|1009|1035|1040|1050|1076|1077|1089|1101|1102|1108|1110|1112|1131|1139|1162|1186|1225|1229|1254|1255|1269|1275|1303|1306|1315|1327|1359|1371|1381|1384|1411|1415|1422|1451|1469|1487|1489|1531|1582,4|19|20|35|45|47|48|50|52|59|79|83|88|93|125|127|131|132|138|140|167|173|177|182|186|188|192|197|205|213|218|226|231|237|255|267|273|280|283|298|300|311|314|323|324|327|334|338|354|374|376,0|12|13|26|37|40|47|60|87|88|106|115|123|137|144|185|223|250|259|276|280|282|283|288|307|309|319|323|326|332|336|365|395|413|416|419|430|436|437|446|454|463|471|473|475|480|481|483|484|492|496|506|531|564|565|572|578|586|588|590|594|599|613|615|629|634|649|652|655|657|663|665|672|686|703|711|716|721|733|737|744|755|766|767|783|803|817|824|840|866|873|909|917|920|933|934|942|956|969|979|996|1021|1067|1072|1073|1090|1091|1095|1111|1127|1130|1154|1156|1173|1180|1181|1197|1242|1245|1259|1264|1267|1284|1286|1293|1301|1313|1382|1390|1393|1407|1415|1423|1441|1456|1501|1502|1509|1510|1520|1524|1526|1533|1573|1627|1654|1663|1685|1691|1692|1707|1715|1729|1730|1736|1740|1751|1781|1789|1824|1828|1829|1852|1854|1876|1895|1909|1914|1917|1923|1929|1934|1954|1962|1980|1985|1991|2011|2020|2036|2037|2040|2045|2046|2051|2053|2076|2094|2096|2113|2150|2153|2157|2165|2167|2174|2175|2193|2213|2214|2219|2235|2238|2244|2248|2257|2259|2274|2301|2320|2331|2360|2368|2379|2390|2398|2430|2439|2457|2462|2471|2497|2508|2515|2529|2541|2543|2548|2561|2567|2571|2575|2586|2590|2593|2604|2618|2630|2638|2642|2651|2679|2692|2694|2696|2713|2719|2723|2736|2742|2748|2759|2766|2775|2808|2810|2827|2837|2843|2878|2891|2913|2924|2931|2935|2938|2948|2958|2978|2981|2988|2990|2997|3011|3033|3050|3052|3056|3073|3091|3103|3115|3117|3118|3128|3149|3169|3200|3236|3244|3246|3258|3271|3276|3295|3296|3300|3301|3303|3308|3313|3371|3384|3386|3388|3402|3419|3420|3427|3442|3448|3455|3462|3466|3469|3472|3474|3479|3480|3485|3486|3487|3501|3515|3520|3528|3534|3536|3565|3577|3584|3609|3610|3622|3625|3636|3642|3646|3650|3677|3678|3687,8.215686274509803,True
instance_0010.txt,dinkelbach_mip,603,106,1321,0|4|5|8|9|10|11|12|18|20|22|28|38|43|44|46|56|57|59|61|65|67|68|69|71|73|78|80|88|91|93|94|95|96|98|100|103|105|108|111|115|117|119|120|121|125|127|128|132|134|140|148|149|150|153|154|155|157|158|159|161|167|170|172|173|174|176|177|180|181|184|185|186|190|191|192|193|195|197|200|206|207|215|216|218|221|225|229|232|233|234|236|238|241|245|250|251|254|259|260|267|268|271|273|274|275|277|282|283|285|286|290|292|293|299|302|305|307|310|315|317|320|321|323|326|332|336|337|338|341|345|347|348|349|351|352|356|363|365|370|372|376|378|380|383|384|385|387|389|392|394|397|400|402|404|408|412|416|418|419|424|428|431|437|438|439|440|441|445|447|452|458|461|463|466|472|474|475|476|477|484|487|488|489|495|496|498|502|503|504|505|507|508|509|510|512|513|516|517|518|520|521|523|530|537|539|542|547|548|549|550|551|559|561|564|565|568|569|570|578|582|588|590|594|597|598|602|604|605|606|608|609|612|615|621|622|625|630|637|638|639|640|644|646|647|652|654|657|658|659|664|665|670|673|676|677|680|681|682|684|689|690|691|694|698|700|703|705|707|709|712|713|715|718|719|721|722|724|731|745|746|752|753|754|757|762|763|764|769|776|777|779|782|788|791|792|797|798|802|807|808|812|817|818|820|823|825|826|831|834|838|842|843|844|847|848|849|851|852|857|860|864|866|869|872|873|875|876|879|880|881|882|885|888|897|898|902|904|907|908|909|910|915|917|919|921|927|932|937|938|940|943|946|950|952|953|958|962|963|968|973|977|978|980|981|983|984|988|989|992|995|996|997|999|1001|1006|1009|1011|1016|1020|1021|1022|1033|1035|1037|1039|1040|1042|1044|1049|1050|1053|1062|1067|1070|1071|1073|1074|1076|1077|1078|1079|1080|1088|1089|1090|1091|1093|1095|1101|1102|1104|1109|1110|1111|1113|1114|1120|1130|1131|1134|1137|1141|1142|1144|1145|1149|1152|1153|1159|1162|1165|1167|1168|1169|1175|1178|1180|1181|1182|1183|1184|1186|1188|1189|1197|1201|1203|1204|1205|1206|1216|1217|1219|1224|1225|1227|1229|1230|1238|1239|1241|1242|1250|1251|1252|1253|1255|1260|1262|1264|1267|1268|1269|1271|1273|1275|1277|1280|1284|1285|1291|1296|1305|1306|1308|1309|1310|1312|1315|1316|1317|1322|1323|1326|1327|1338|1341|1342|1346|1349|1353|1357|1359|1360|1361|1362|1366|1371|1378|1380|1381|1382|1383|1392|1393|1396|1398|1401|1402|1404|1405|1406|1407|1409|1410|1413|1415|1418|1420|1422|1423|1425|1426|1427|1430|1431|1434|1436|1437|1438|1442|1444|1445|1446|1451|1453|1458|1460|1463|1465|1466|1467|1468|1470|1472|1474|1476|1478|1480|1482|1487|1489|1490|1491|1494|1497|1501|1502|1506|1507|1508|1511|1512|1513|1516|1518|1521|1524|1528|1531|1532|1535|1542|1545|1547|1548|1552|1555|1557|1562|1565|1566|1576|1579|1583|1584|1586|1590|1591|1595|1597|1599,0|1|3|4|7|9|16|19|21|22|23|27|30|36|38|39|40|42|47|49|53|62|63|68|70|73|77|79|82|83|84|86|88|95|98|99|100|101|102|110|113|124|132|134|138|144|150|153|158|164|167|168|169|176|182|184|187|188|191|193|199|206|210|211|212|213|219|228|238|247|252|256|265|266|268|273|276|283|288|296|297|300|301|305|308|309|311|313|318|321|324|326|327|332|334|337|341|343|350|354|357|364|374|376|377|378,0|1|4|6|8|11|12|17|18|19|23|27|29|30|31|38|39|40|41|47|50|53|54|60|61|72|73|75|84|85|87|89|94|96|98|99|100|103|109|110|112|113|114|117|123|124|135|137|138|139|140|143|144|145|146|151|155|158|160|164|166|167|168|170|172|173|177|181|182|184|190|191|194|195|196|197|199|200|202|205|207|208|209|217|222|223|224|231|232|233|236|237|243|247|254|257|259|261|269|273|276|278|283|285|288|290|291|293|296|297|298|306|307|308|309|310|311|312|314|315|316|319|323|324|328|335|336|337|343|347|349|352|355|356|358|360|361|364|365|369|371|373|377|378|380|382|385|388|391|395|407|408|410|413|416|417|419|424|426|430|431|435|436|437|439|444|452|454|463|465|466|467|471|472|478|479|480|481|483|490|492|493|496|505|506|508|513|514|519|520|526|527|530|533|534|536|539|540|545|546|548|549|550|552|555|556|561|563|564|565|571|573|577|578|582|583|586|587|589|590|591|594|599|600|601|603|604|605|606|612|613|614|615|618|622|624|626|632|633|634|636|640|642|644|645|649|650|651|652|653|657|661|663|669|679|681|687|692|695|699|700|701|703|704|710|717|719|720|721|723|730|733|737|738|744|746|747|748|752|755|766|768|771|774|775|776|778|780|782|783|786|787|789|791|800|801|804|805|807|808|809|810|813|815|816|818|819|820|824|827|832|834|835|836|839|840|846|848|853|854|856|864|865|867|869|870|873|876|877|879|880|884|891|893|908|909|911|913|916|917|921|922|926|930|933|934|936|937|939|940|942|943|945|947|953|956|962|979|980|982|984|985|987|991|993|996|997|998|1000|1006|1009|1015|1018|1019|1021|1023|1028|1031|1032|1035|1040|1044|1045|1053|1054|1058|1059|1060|1066|1070|1078|1080|1081|1082|1083|1090|1091|1094|1095|1099|1100|1103|1104|1107|1116|1119|1121|1122|1123|1130|1135|1137|1138|1141|1142|1145|1149|1150|1153|1154|1156|1158|1159|1162|1163|1165|1166|1169|1174|1176|1177|1178|1179|1180|1181|1183|1184|1185|1187|1188|1189|1194|1196|1199|1200|1201|1205|1210|1212|1213|1220|1222|1226|1234|1239|1240|1241|1242|1244|1252|1253|1256|1257|1258|1259|1260|1261|1266|1267|1269|1277|1280|1282|1283|1284|1286|1288|1293|1294|1299|1300|1301|1302|1305|1307|1309|1313|1314|1317|1318|1319|1326|1327|1346|1350|1353|1355|1361|1365|1374|1376|1379|1382|1385|1390|1391|1392|1393|1394|1396|1398|1408|1414|1415|1417|1420|1423|1424|1425|1426|1428|1433|1436|1437|1439|1441|1445|1454|1455|1456|1458|1465|1466|1473|1474|1476|1480|1482|1488|1496|1497|1501|1504|1505|1510|1512|1515|1517|1518|1520|1523|1524|1525|1533|1538|1539|1540|1544|1545|1546|1551|1556|1557|1558|1561|1562|1565|1571|1573|1575|1576|1580|1581|1587|1591|1593|1599|1601|1603|1607|1609|1612|1613|1616|1617|1627|1629|1630|1638|1639|1641|1643|1650|1652|1653|1660|1663|1667|1668|1670|1675|1679|1681|1683|1685|1687|1689|1690|1691|1692|1700|1701|1705|1706|1710|1712|1718|1720|1721|1725|1726|1728|1731|1736|1740|1741|1742|1743|1744|1751|1756|1757|1759|1760|1761|1767|1768|1771|1772|1774|1781|1784|1787|1792|1796|1797|1799|1801|1802|1806|1812|1818|1819|1823|1824|1829|1831|1832|1833|1834|1840|1841|1843|1849|1850|1852|1854|1856|1857|1859|1860|1862|1864|1866|1872|1876|1878|1879|1881|1883|1885|1890|1891|1895|1896|1899|1912|1913|1914|1923|1929|1930|1934|1937|1940|1946|1947|1948|1950|1956|1961|1963|1964|1965|1966|1967|1968|1980|1981|1984|1986|1988|1989|1991|2001|2009|2010|2011|2019|2026|2029|2031|2033|2034|2036|2037|2039|2040|2042|2045|2046|2049|2052|2053|2054|2055|2056|2057|2058|2063|2064|2065|2067|2073|2074|2076|2077|2078|2082|2086|2093|2097|2098|2104|2106|2107|2112|2113|2116|2117|2121|2123|2125|2129|2133|2135|2139|2143|2148|2150|2151|2153|2157|2158|2159|2161|2165|2166|2167|2171|2174|2176|2182|2183|2192|2195|2196|2199|2205|2207|2208|2213|2214|2215|2218|2221|2223|2227|2229|2247|2250|2251|2252|2259|2263|2264|2268|2275|2277|2279|2281|2282|2288|2291|2292|2296|2297|2300|2303|2309|2310|2311|2312|2313|2315|2319|2320|2323|2324|2325|2327|2328|2329|2330|2331|2332|2333|2334|2337|2342|2349|2356|2360|2364|2365|2366|2367|2368|2374|2375|2379|2381|2382|2385|2388|2390|2391|2392|2393|2396|2398|2401|2408|2413|2414|2416|2417|2419|2420|2422|2427|2430|2437|2439|2440|2441|2445|2448|2451|2452|2454|2458|2459|2461|2462|2468|2469|2474|2475|2484|2485|2486|2488|2490|2494|2495|2498|2506|2508|2511|2515|2517|2520|2522|2524|2529|2530|2531|2534|2536|2537|2538|2543|2547|2548|2551|2552|2553|2554|2556|2557|2558|2571|2574|2581|2586|2588|2595|2603|2613|2615|2618|2619|2624|2628|2629|2630|2633|2638|2645|2650|2654|2655|2656|2657|2658|2659|2660|2662|2663|2667|2673|2675|2677|2682|2684|2690|2691|2694|2696|2699|2706|2711|2713|2716|2723|2727|2730|2732|2742|2745|2747|2748|2756|2757|2760|2770|2771|2772|2780|2786|2790|2794|2795|2797|2800|2805|2807|2808|2810|2814|2818|2824|2825|2827|2828|2829|2830|2832|2835|2837|2842|2843|2859|2864|2866|2868|2869|2871|2872|2873|2874|2878|2884|2889|2890|2891|2900|2901|2902|2904|2905|2913|2915|2919|2921|2924|2927|2935|2937|2938|2942|2944|2945|2950|2951|2955|2956|2957|2961|2963|2964|2971|2972|2975|2981|2986|2988|2989|2990|2993|2995|2997|2998|3002|3004|3006|3008|3009|3010|3011|3012|3013|3018|3019|3021|3022|3024|3031|3033|3035|3039|3041|3043|3044|3048|3049|3050|3051|3055|3056|3065|3067|3073|3076|3078|3082|3084|3086|3091|3094|3095|3097|3100|3101|3103|3107|3110|3115|3117|3118|3119|3125|3128|3129|3130|3136|3137|3140|3141|3143|3145|3148|3149|3150|3153|3160|3161|3163|3164|3165|3168|3169|3170|3174|3176|3178|3181|3185|3189|3190|3191|3192|3197|3200|3206|3209|3213|3217|3218|3220|3221|3223|3226|3229|3230|3232|3233|3236|3243|3244|3250|3254|3257|3258|3263|3267|3268|3270|3271|3273|3276|3278|3281|3284|3287|3289|3295|3296|3298|3299|3300|3303|3304|3306|3308|3309|3311|3312|3313|3314|3315|3321|3322|3326|3329|3330|3332|3333|3336|3340|3345|3347|3348|3351|3352|3356|3358|3360|3362|3369|3372|3373|3376|3377|3379|3380|3382|3384|3385|3386|3390|3401|3402|3404|3406|3407|3409|3411|3415|3416|3419|3420|3421|3423|3424|3431|3434|3441|3442|3448|3454|3455|3456|3462|3463|3465|3469|3472|3474|3477|3479|3480|3481|3482|3485|3486|3487|3489|3497|3498|3499|3501|3506|3507|3508|3509|3513|3515|3516|3520|3523|3529|3531|3534|3538|3543|3544|3546|3552|3557|3559|3562|3563|3564|3566|3570|3573|3576|3577|3578|3581|3583|3585|3586|3587|3589|3600|3601|3602|3605|3610|3612|3613|3616|3619|3620|3622|3624|3625|3626|3627|3629|3636|3637|3640|3641|3645|3646|3648|3650|3660|3661|3662|3668|3674|3675|3677|3680|3684|3686,16.330188679245282,True
instance_0010.txt,random,612,308,1458,796|454|1222|999|782|1576|119|436|451|412|607|1238|133|387|1097|214|151|260|1587|1011|658|1243|563|539|32|293|231|46|625|1291|590|653|368|1586|1415|698|252|637|597|856|774|1386|922|951|900|322|1487|1312|661|1088|1160|528|518|1130|1332|154|907|1335|1534|1326|1268|642|1121|1057|533|1300|1258|940|31|141|803|667|273|1032|310|798|1348|388|820|1359|836|612|11|1475|805|23|477|1191|86|309|965|1592|1504|65|1254|1287|1084|963|710|1527|649|1155|227|1183|853|173|1138|868|135|466|1185|750|275|59|1393|102|1449|760|1122|1041|228|619|371|712|729|693|704|428|541|682|159|1472|229|1530|801|990|299|1046|1037|419|716|1230|474|205|1004|266|1501|550|1536|1395|1213|626|84|633|1099|765|1351|153|294|860|30|393|645|1294|992|1568|881|947|121|913|1305|1229|777|1486|394|734|1319|63|1073|1301|157|1596|908|28|423|156|213|235|757|392|447|925|1383|659|1232|1378|806|1357|307|1209|747|94|475|677|1189|162|1578|998|206|240|289|134|459|1373|673|593|245|899|1307|604|242|902|991|958|1080|520|341|1547|1599|171|376|1060|276|744|1187|1118|1513|911|1358|1061|369|603|196|936|1366|93|797|1588|68|1406|67|1292|561|191|1532|26|775|884|9|1492|265|691|1156|839|678|457|185|37|1562|365|1303|1255|353|1186|548|83|1594|1388|425|45|763|7|1306|1496|303|1111|249|446|1458|138|1456|499|1400|1392|1396|587|569|664|1477|919|1485|1261|537|364|1529|1126|735|139|647|699|1030|467|869|356|357|602|1093|616|1142|233|560|1399|207|905|628|534|438|1454|373|1000|150|509|727|1330|703|444|1431|175|103|968|920|1581|916|1007|317|73|1078|462|24|1286|1114|788|1535|74|281|882|852|573|986|420|966|264|574|1147|495|1040|355|108|814|111|1212|186|542|932|510|461|1408|517|221|1452|1148|1211|1127|248|1304|66|1235|549|705|544|1123|1077|130|203|870|1070|489|1467|1066|29|889|1401|316|270|1005|862|188|1158|1493|1131|1259|169|382|418|329|888|848|53|914|746|526|1421|681|497|1339|1236|449|1177|1296|1280|1526|767|785|300|780|1043|25|1253|1430|1181|1031|1523|1113|832|261|846|669|1196|88|81|1589|337|1355|80|225|795|216|410|1197|1436|1242|271|161|935|818|333|1124|176|105|1579|776|380|494|1367|195|258|1465|1563|761|613|1091|1085|324|741|1223|254|737|77|1267|1419|1551|886|521|576|1448|366|267|200|580|811|835|924|1514|87|1275|942|1469|199|1166|500|618|325|1498|666|1331|319|327|557|1375|1394|540|1548|378|1240|14|961|246|1109|736|1381|450|1317|855|880|845|1298|656|730|706|202|1154|1006|38|230|226|1344|1164|167|1577|1285|1402|1538|847|166|816|35|1361|433|591|305|897|1157|753|112|120|1281|381|1125|39|1379|713|340|1247|212|1023|21|1412|858|985|1137|715|1510|567|70|787|1237|47|1220|79|601|1106|140|1336|131|104|1420|1231|1056|1558|695|1435|1311|953|1362|1314|823|1273|1385|1047|558|719|879,240|308|354|4|79|202|374|182|327|33|241|295|3|184|324|343|0|53|62|65|167|211|275|311|21|42|114|200|67|109|138|159|168|296|16|19|36|68|81|125|175|251|289|1|9|45|77|170|273|288|292|339|341|2|80|83|92|140|153|158|177|244|266|309|334|368|373|22|23|27|35|39|112|154|169|190|279|310|323|102|115|132|156|205|227|239|252|257|267|278|293|363|379|13|25|88|143|226|337|342|7|20|47|78|110|113|119|131|172|173|254|280|281|294|300|338|345|378|18|26|46|50|52|59|63|96|98|99|185|198|224|231|237|243|247|260|285|298|356|365|371|30|49|64|87|105|111|127|129|147|157|174|188|203|218|225|255|322|329|332|333|377|82|86|155|191|193|197|217|253|269|283|299|318|325|326|355|372|48|85|95|103|122|126|145|146|162|176|206|210|215|219|246|319|361|364|369|376|71|97|123|163|187|196|212|242|268|317|350|357|8|29|31|38|54|100|134|144|164|171|186|214|229|258|276|284|287|66|73|76|118|120|150|189|192|201|234|248|256|297|314|55|58|148|199|282|305|351|367|17|106|133|160|340|344|34|128|207|238|270|5|12|259|271|290|315|28|32|84|101|116|149|216|313|70|72|108|261|321|15|245|265|331|370|24|272|277|301|375|37|56|178|286|307|362|228|346|10|11|61|303|312|336|381|306|302|335|382,0|1|3|5|6|7|8|17|19|24|25|30|31|36|39|43|46|48|49|51|52|58|59|60|61|64|66|67|69|70|73|75|84|87|91|95|97|100|101|109|110|111|112|119|123|127|132|134|142|143|144|148|150|151|153|154|158|161|162|163|165|166|168|170|171|172|174|176|177|179|183|186|187|188|189|195|196|197|199|200|201|204|206|207|211|215|216|224|225|234|235|237|238|239|242|245|246|247|248|250|251|252|254|255|256|264|265|266|275|277|278|279|281|283|288|290|291|293|294|295|300|302|303|304|306|308|310|311|314|315|316|318|319|321|323|328|329|331|332|333|335|340|342|346|349|351|352|368|369|370|373|374|375|378|379|382|384|386|388|392|396|398|400|401|405|406|409|411|412|417|420|421|424|425|428|431|432|434|435|439|440|448|452|456|460|462|463|465|467|468|469|470|472|478|479|481|483|485|488|495|498|499|501|503|506|507|510|511|514|517|518|521|523|525|526|528|529|532|533|534|536|537|539|540|543|545|546|547|552|555|558|559|563|568|574|575|578|581|582|583|584|586|589|593|596|598|603|604|605|606|607|608|609|617|618|620|622|628|630|632|633|635|638|640|641|647|651|652|653|654|658|660|662|664|665|666|668|669|670|672|677|678|680|681|682|684|688|694|697|699|703|707|708|710|711|712|714|715|716|718|719|721|729|734|736|740|741|742|743|744|745|747|748|753|758|763|764|766|768|770|771|776|777|778|780|783|784|785|787|789|798|800|804|805|806|809|813|815|818|821|822|824|831|837|838|839|842|847|848|849|850|854|855|857|863|864|865|866|867|868|871|877|881|885|893|897|898|899|902|903|904|907|908|909|910|911|916|917|922|923|929|930|933|935|936|941|947|952|954|955|956|957|959|961|962|963|964|966|969|970|973|975|976|977|978|979|981|985|986|988|989|990|991|993|995|996|998|1000|1004|1008|1010|1013|1014|1019|1020|1023|1026|1027|1029|1032|1034|1035|1037|1038|1045|1047|1048|1049|1050|1051|1055|1058|1062|1066|1069|1071|1073|1074|1076|1080|1083|1089|1090|1095|1097|1098|1101|1103|1106|1113|1114|1116|1117|1120|1121|1123|1124|1130|1131|1133|1134|1135|1137|1140|1145|1146|1159|1160|1161|1162|1165|1167|1169|1171|1173|1174|1179|1181|1185|1193|1194|1200|1204|1206|1208|1212|1213|1216|1217|1221|1225|1226|1230|1232|1236|1238|1239|1241|1242|1245|1246|1247|1249|1250|1251|1256|1260|1263|1267|1270|1272|1274|1277|1282|1283|1286|1290|1291|1292|1293|1295|1297|1300|1302|1304|1306|1310|1311|1313|1314|1315|1316|1318|1319|1321|1325|1328|1329|1331|1342|1348|1354|1355|1356|1360|1361|1364|1366|1370|1372|1378|1384|1394|1396|1399|1402|1403|1407|1410|1411|1412|1413|1414|1415|1419|1420|1421|1422|1425|1427|1428|1431|1433|1437|1441|1443|1451|1458|1459|1462|1464|1466|1469|1481|1485|1486|1488|1489|1493|1494|1495|1496|1498|1500|1502|1508|1511|1513|1517|1520|1522|1523|1524|1525|1528|1532|1533|1537|1538|1540|1543|1545|1548|1554|1555|1557|1561|1564|1572|1578|1579|1580|1581|1582|1583|1584|1585|1590|1591|1592|1593|1594|1595|1599|1602|1603|1607|1609|1611|1612|1616|1623|1625|1626|1628|1633|1635|1638|1645|1650|1656|1658|1660|1663|1664|1667|1668|1669|1676|1677|1679|1681|1682|1686|1687|1688|1691|1693|1694|1698|1703|1705|1711|1712|1716|1720|1723|1726|1728|1733|1739|1740|1741|1742|1743|1744|1745|1749|1751|1753|1754|1759|1762|1764|1765|1768|1771|1773|1775|1778|1782|1783|1784|1788|1790|1792|1796|1797|1807|1811|1812|1814|1816|1817|1818|1819|1820|1821|1822|1825|1827|1830|1831|1832|1835|1840|1842|1852|1853|1855|1856|1862|1864|1865|1866|1868|1869|1873|1875|1877|1878|1880|1881|1882|1883|1885|1886|1890|1895|1896|1900|1903|1904|1905|1906|1911|1915|1916|1919|1921|1922|1925|1927|1928|1931|1933|1934|1935|1939|1944|1948|1950|1951|1954|1955|1958|1960|1964|1965|1967|1968|1971|1974|1975|1977|1983|1987|1989|1990|1993|1994|1996|1997|2000|2001|2002|2004|2009|2018|2019|2021|2026|2027|2033|2034|2036|2037|2038|2039|2040|2041|2049|2051|2052|2053|2060|2062|2063|2067|2069|2071|2073|2076|2077|2080|2081|2082|2083|2087|2097|2099|2106|2110|2112|2116|2121|2123|2128|2133|2134|2135|2136|2139|2141|2142|2143|2146|2147|2151|2153|2155|2156|2157|2158|2159|2161|2162|2163|2164|2165|2170|2172|2175|2176|2179|2181|2183|2184|2185|2188|2196|2199|2200|2203|2204|2208|2211|2213|2219|2221|2224|2228|2230|2242|2244|2246|2248|2249|2250|2251|2252|2257|2258|2261|2265|2266|2267|2269|2270|2271|2278|2284|2285|2291|2293|2294|2299|2300|2314|2315|2317|2318|2319|2326|2329|2330|2340|2342|2345|2346|2349|2350|2351|2353|2355|2359|2362|2364|2365|2366|2369|2372|2374|2376|2377|2382|2384|2386|2388|2391|2392|2393|2398|2399|2407|2408|2409|2410|2412|2417|2424|2427|2428|2429|2430|2431|2435|2438|2441|2442|2443|2444|2448|2450|2451|2452|2453|2456|2464|2467|2473|2475|2476|2478|2485|2491|2493|2494|2495|2502|2503|2505|2514|2519|2521|2525|2527|2528|2529|2532|2535|2536|2537|2538|2539|2540|2541|2542|2544|2547|2549|2551|2552|2554|2558|2559|2567|2568|2570|2572|2574|2576|2582|2585|2589|2590|2591|2592|2593|2594|2595|2596|2598|2599|2603|2606|2607|2612|2616|2619|2620|2623|2626|2628|2629|2632|2637|2638|2641|2648|2649|2651|2653|2654|2655|2656|2657|2660|2662|2664|2665|2666|2670|2675|2678|2679|2681|2684|2687|2695|2698|2700|2701|2702|2704|2705|2707|2708|2713|2717|2718|2720|2721|2724|2725|2733|2734|2741|2744|2758|2759|2761|2765|2766|2770|2771|2772|2778|2779|2781|2782|2783|2788|2791|2803|2804|2808|2809|2811|2813|2815|2817|2818|2819|2820|2822|2826|2827|2830|2831|2833|2837|2839|2840|2842|2844|2845|2846|2847|2848|2850|2853|2855|2864|2865|2868|2869|2873|2874|2875|2876|2877|2878|2880|2883|2886|2897|2899|2902|2907|2910|2911|2914|2917|2918|2922|2923|2925|2926|2929|2930|2931|2932|2935|2937|2938|2944|2945|2948|2950|2951|2953|2955|2956|2960|2961|2962|2966|2968|2969|2973|2977|2978|2979|2981|2983|2985|2986|2993|2995|2996|2998|3001|3008|3010|3012|3013|3016|3018|3023|3029|3030|3031|3033|3035|3036|3038|3041|3043|3044|3045|3048|3050|3053|3059|3060|3062|3063|3064|3066|3069|3072|3078|3080|3081|3082|3083|3085|3086|3087|3088|3092|3094|3097|3099|3100|3101|3104|3105|3112|3113|3117|3119|3120|3126|3128|3134|3140|3141|3142|3145|3146|3149|3150|3153|3158|3165|3169|3170|3172|3174|3177|3183|3184|3186|3187|3188|3191|3192|3194|3195|3197|3198|3204|3205|3206|3207|3209|3210|3214|3216|3219|3220|3222|3223|3224|3226|3238|3240|3247|3254|3256|3259|3260|3262|3264|3267|3269|3272|3277|3279|3280|3286|3287|3290|3291|3294|3297|3298|3305|3306|3307|3310|3318|3320|3322|3326|3328|3329|3331|3332|3335|3338|3347|3348|3350|3351|3353|3355|3358|3361|3362|3365|3370|3380|3382|3385|3388|3392|3393|3394|3398|3400|3401|3410|3414|3416|3419|3422|3425|3426|3433|3439|3440|3443|3445|3447|3454|3459|3461|3462|3463|3465|3466|3469|3473|3477|3482|3485|3486|3493|3494|3498|3500|3502|3503|3507|3509|3510|3512|3513|3516|3523|3526|3527|3530|3531|3532|3533|3534|3536|3537|3538|3542|3544|3546|3547|3553|3557|3558|3561|3565|3566|3568|3569|3572|3573|3577|3578|3579|3581|3586|3589|3592|3593|3594|3597|3598|3601|3602|3605|3609|3612|3613|3616|3617|3619|3621|3622|3623|3625|3626|3628|3629|3631|3634|3637|3638|3642|3645|3646|3647|3649|3657|3660|3661|3663|3665|3667|3669|3675|3677|3678|3681|3683|3684|3687|3688,5.6688311688311686,True
instance_0010.txt,smaller_multi,361,279,1211,550|463|260|332|1511|1210|843|1398|1530|977|538|484|1028|548|716|391|621|517|1240|161|343|125|163|986|953|1043|1107|941|1298|470|1431|770|643|1568|98|1594|1361|749|1245|146|800|1238|745|1299|844|224|774|924|690|1574|599|5|934|385|834|255|1197|86|326|725|403|1447|1421|1234|458|727|344|297|425|13|1261|1372|1434|1460|997|227|954|1474|1227|295|1504|755|891|922|1251|951|1103|216|371|1253|1078|893|1146|750|183|1382|1069|1338|382|1218|611|1046|781|902|311|1379|700|334|917|1492|1370|659|456|219|990|1321|506|801|32|1310|401|888|1536|693|1017|556|1031|669|18|248|1343|1281|1584|828|1244|569|601|1079|1480|152|107|1488|1497|133|892|169|925|766|486|426|347|1534|1010|670|1513|1308|1161|1295|544|688|71|1533|1555|657|1510|600|938|597|62|553|1587|875|245|616|284|1179|1285|630|692|138|932|1292|971|1120|102|271|302|180|1148|1274|291|405|804|70|359|75|6|383|1577|718|1385|1559|1493|366|26|864|229|632|1241|646|261|101|388|1172|1055|699|832|1375|1466|618|722|549|1450|483|94|436|1000|1273|881|377|215|1348|1191|50|1147|1196|1053|1203|1170|1003|335|1289|1263|222|935|574|711|431|1177|1224|501|162|1477|457|524|363|1014|570|281|404|396|1580|437|9|1566|1401|1332|921|469|473|460|228|467|110|265|527|1445|797|1226|1417|65|345|1027|1363|830|1471|358|1335|314|96|649|914|1181|557|93|209|389|587|328|1583|1231|1314|1052|1290|1278|639|1501|1484|1391|1151|1470|34|1235|400|237|647|1311|135|1592|368|1307|620|610|1013|895|454|811|1283|687|418|1557|1453|299|387|167|1125|17|622|983|195|1426|973|1056|1279|160|606|758|912|1438|130|353|1347|1543|1180|878|1020|1044|869|202|1211|1394,42|33|4|240|266|308|241|79|27|53|311|200|309|212|78|36|234|114|184|339|298|47|51|109|146|157|318|86|13|283|337|206|341|138|144|197|292|300|301|324|19|21|137|148|342|0|1|68|71|73|100|101|112|126|143|155|267|7|12|56|106|115|116|153|257|296|332|2|63|85|98|132|147|158|167|191|193|198|244|256|327|3|6|54|97|99|103|134|162|164|187|210|217|218|331|374|41|64|65|83|84|119|129|176|192|195|213|247|259|272|282|326|333|345|354|364|376|378|10|23|29|40|55|70|76|77|93|96|110|113|124|128|170|173|174|182|185|201|226|250|252|254|305|323|330|343|365|369|379|9|38|49|59|82|102|118|160|163|186|202|203|208|224|237|246|271|297|317|334|338|356|358|361|363|380|5|8|16|20|34|39|46|92|105|111|145|154|159|166|168|171|175|178|207|209|228|233|238|239|243|245|261|262|276|280|281|285|289|312|315|335|340|344|359|360|15|17|22|24|25|26|28|30|31|45|48|50|62|66|67|72|80|81|88|95|120|122|123|125|127|130|131|150|156|177|181|183|190|196|199|211|214|219|225|227|231|251|253|255|258|268|273|275|284|290|293|294|299|302|325|329|346|350|351|355|357|371|373|377,0|3|5|6|11|16|17|19|20|26|27|31|33|37|42|56|57|58|61|63|76|77|78|79|81|91|96|97|100|101|103|107|111|112|113|114|117|119|122|130|131|135|136|138|140|146|153|158|161|162|164|167|174|175|177|180|189|192|193|195|198|201|202|204|205|206|209|210|211|213|218|221|224|227|233|237|238|240|242|245|253|256|257|260|265|268|275|278|281|285|287|291|292|297|299|300|301|304|306|307|316|317|318|319|320|322|325|329|330|331|332|333|336|340|344|346|353|358|359|362|366|367|373|374|375|384|387|389|396|403|404|408|410|411|413|422|427|432|433|434|439|443|445|450|451|452|456|457|458|461|462|466|467|468|469|472|473|475|478|482|483|485|488|501|503|504|506|507|511|512|514|518|520|523|524|528|529|536|537|543|546|553|554|558|559|561|562|564|565|569|570|574|575|576|577|578|582|585|589|595|601|605|609|614|618|619|623|624|627|630|631|634|638|640|641|642|643|644|646|649|653|657|661|663|664|669|672|674|678|682|684|692|693|697|700|702|707|708|712|714|717|719|720|722|723|726|729|730|731|732|734|735|738|748|753|754|756|757|759|763|767|772|773|778|781|782|786|792|794|795|797|800|805|808|814|819|820|826|830|843|844|845|851|854|856|867|869|876|878|884|885|889|890|902|903|905|906|907|918|919|923|927|928|929|930|931|935|937|941|944|947|949|951|954|957|959|961|970|972|976|982|987|989|990|991|993|994|999|1010|1011|1014|1025|1030|1034|1037|1038|1043|1045|1048|1053|1054|1056|1058|1064|1070|1071|1075|1076|1079|1080|1081|1085|1087|1090|1094|1099|1100|1103|1108|1113|1114|1117|1118|1122|1126|1128|1131|1133|1134|1136|1138|1141|1142|1148|1155|1157|1158|1160|1161|1168|1174|1176|1188|1190|1195|1197|1198|1200|1202|1203|1210|1212|1213|1215|1218|1219|1220|1221|1226|1229|1230|1234|1239|1247|1248|1251|1253|1259|1263|1267|1272|1274|1277|1279|1280|1284|1286|1289|1290|1291|1294|1296|1297|1304|1306|1307|1308|1309|1313|1315|1316|1317|1323|1328|1329|1331|1332|1339|1341|1343|1344|1349|1353|1358|1361|1362|1363|1369|1371|1372|1378|1379|1380|1382|1385|1389|1394|1399|1401|1402|1404|1411|1413|1415|1420|1425|1427|1428|1432|1434|1439|1440|1441|1445|1451|1452|1461|1463|1465|1472|1477|1479|1480|1484|1485|1486|1489|1493|1495|1497|1498|1499|1500|1504|1507|1508|1511|1513|1520|1524|1527|1528|1529|1530|1538|1540|1542|1544|1546|1549|1554|1558|1560|1562|1571|1572|1574|1575|1578|1584|1588|1589|1592|1598|1599|1602|1605|1610|1611|1612|1613|1615|1616|1627|1632|1637|1641|1644|1645|1647|1648|1650|1661|1665|1670|1673|1677|1679|1680|1684|1687|1688|1689|1691|1695|1697|1701|1702|1703|1710|1716|1718|1722|1724|1726|1729|1731|1732|1734|1746|1748|1752|1755|1756|1757|1762|1765|1766|1768|1769|1778|1782|1793|1794|1797|1802|1811|1814|1816|1817|1819|1820|1821|1823|1827|1829|1830|1834|1837|1840|1843|1844|1846|1849|1851|1860|1865|1869|1870|1871|1872|1873|1874|1877|1878|1882|1883|1885|1888|1889|1892|1893|1904|1909|1911|1912|1914|1916|1919|1921|1927|1932|1936|1939|1940|1942|1943|1949|1952|1957|1959|1963|1964|1971|1974|1975|1978|1987|1996|1998|2000|2007|2008|2013|2014|2016|2019|2020|2022|2023|2028|2031|2033|2035|2041|2043|2044|2046|2050|2054|2058|2059|2060|2064|2068|2069|2070|2071|2072|2080|2082|2083|2084|2086|2088|2089|2090|2100|2103|2104|2115|2122|2124|2125|2131|2132|2136|2138|2146|2148|2149|2150|2152|2155|2156|2165|2168|2170|2172|2179|2183|2184|2187|2189|2191|2193|2195|2196|2197|2201|2203|2206|2209|2214|2216|2218|2221|2222|2223|2225|2229|2233|2235|2236|2238|2242|2244|2245|2246|2251|2254|2255|2260|2263|2265|2266|2268|2269|2270|2271|2277|2278|2281|2283|2286|2287|2288|2289|2295|2296|2297|2299|2302|2303|2307|2312|2313|2318|2327|2328|2333|2336|2338|2341|2345|2347|2349|2350|2352|2354|2358|2366|2368|2375|2378|2382|2385|2389|2403|2406|2409|2412|2416|2417|2420|2421|2422|2423|2424|2428|2430|2434|2441|2444|2446|2450|2451|2452|2455|2456|2461|2462|2464|2470|2472|2474|2475|2476|2477|2478|2479|2480|2483|2486|2488|2490|2491|2495|2496|2508|2510|2511|2512|2514|2518|2519|2520|2522|2524|2527|2531|2535|2536|2542|2549|2550|2553|2555|2556|2558|2562|2573|2574|2578|2580|2582|2584|2589|2593|2597|2599|2602|2604|2607|2608|2609|2610|2612|2616|2617|2623|2637|2639|2642|2645|2648|2650|2651|2652|2658|2664|2670|2673|2675|2678|2682|2689|2698|2699|2700|2704|2708|2710|2711|2715|2720|2722|2724|2729|2731|2732|2733|2739|2741|2744|2749|2752|2753|2761|2762|2771|2773|2776|2782|2784|2785|2787|2793|2794|2798|2801|2802|2804|2811|2818|2821|2824|2828|2830|2831|2833|2840|2841|2846|2849|2854|2861|2866|2876|2877|2878|2880|2883|2886|2887|2888|2890|2892|2893|2904|2905|2909|2912|2916|2928|2935|2940|2942|2946|2950|2952|2953|2958|2960|2963|2964|2965|2969|2971|2974|2977|2980|2982|2988|2991|2992|2993|2995|3010|3016|3020|3029|3038|3041|3043|3045|3046|3056|3060|3062|3063|3066|3068|3070|3071|3077|3078|3090|3092|3093|3096|3098|3099|3103|3106|3109|3112|3113|3115|3119|3121|3123|3130|3132|3133|3134|3135|3138|3163|3165|3166|3171|3174|3189|3191|3194|3196|3197|3198|3202|3206|3212|3213|3214|3216|3219|3224|3226|3233|3235|3240|3241|3242|3243|3244|3248|3251|3253|3255|3257|3258|3260|3261|3263|3264|3266|3269|3270|3272|3273|3274|3279|3281|3282|3283|3285|3286|3288|3291|3292|3293|3297|3300|3307|3309|3310|3311|3314|3315|3316|3320|3321|3323|3324|3331|3332|3336|3339|3341|3345|3346|3351|3356|3360|3361|3363|3365|3367|3369|3373|3374|3377|3385|3393|3396|3401|3407|3409|3411|3413|3415|3416|3417|3420|3421|3422|3423|3426|3427|3430|3435|3437|3439|3441|3451|3454|3457|3462|3466|3468|3471|3475|3479|3481|3487|3490|3492|3497|3501|3505|3512|3513|3514|3515|3516|3517|3519|3523|3525|3526|3528|3529|3534|3535|3538|3539|3541|3542|3546|3547|3548|3549|3551|3553|3554|3557|3559|3563|3564|3567|3575|3577|3581|3582|3585|3587|3589|3593|3596|3597|3599|3600|3601|3602|3604|3613|3615|3616|3617|3620|3627|3631|3634|3643|3645|3648|3649|3653|3658|3660|3670|3671|3672|3673|3675|3676|3678|3680|3685|3687|3688,6.258064516129032,True
instance_0011.txt,aisle_first_desc,71,27,190,107|850|109|244|474|891|79|631|636|160|477|341|747|54|57|385|825|990|352|406|603|813|46|221|452|627|797|131|464|759|897|50|110|134|292|323|732|742|810|879|944|0|1|11|25|30|66|111|113|264|291|302|309|316|344|354|355|394|399|404|451|491|518|716|754|768|824|939|947|973|1007,20|21|22|34|67|68|69|99|113|114|115|116|138|157|158|159|160|200|202|238|239|280|308|323|351|352|365,2|8|24|27|28|37|58|65|70|83|86|92|95|123|130|183|186|197|199|233|252|255|298|301|310|321|343|364|367|370|386|389|401|403|426|435|436|450|465|473|481|499|500|518|527|528|574|576|619|634|645|670|671|686|691|698|709|729|760|777|786|801|811|858|867|894|898|899|929|930|935|990|996|1019|1046|1054|1093|1104|1109|1115|1135|1184|1195|1241|1253|1274|1349|1355|1361|1365|1372|1421|1436|1451|1496|1513|1534|1543|1587|1601|1602|1607|1611|1626|1653|1670|1672|1687|1692|1697|1712|1723|1743|1773|1816|1826|1829|1839|1858|1868|1870|1921|1925|1928|1938|1953|1956|1958|1964|1972|1990|1992|2024|2056|2089|2103|2122|2131|2147|2170|2179|2185|2198|2210|2219|2263|2282|2285|2296|2313|2320|2324|2367|2381|2384|2386|2405|2416|2432|2439|2448|2454|2455|2476|2495|2510|2518|2544|2554|2561|2562|2564|2574|2584|2588|2600|2619|2621|2627|2643|2650|2692|2710|2723|2736|2750|2751|2756|2763|2766,12.481481481481481,True
instance_0011.txt,dinkelbach_mip,77,21,199,0|11|20|25|30|46|50|54|57|66|79|110|111|112|134|140|160|164|208|217|244|264|273|291|292|296|302|308|309|341|344|352|355|368|369|385|389|400|404|406|413|451|452|464|474|491|499|507|509|520|538|560|571|598|636|651|716|730|732|742|754|759|768|813|820|824|833|850|879|891|947|956|973|976|994|996|1016,22|43|53|55|68|69|90|101|113|114|115|146|160|188|199|200|238|239|296|308|365,10|13|27|32|37|50|76|86|87|92|98|117|123|130|139|169|183|242|252|253|284|297|309|310|338|343|345|364|386|389|403|450|453|481|499|500|518|527|528|555|562|574|593|622|654|670|671|672|682|709|729|737|777|778|786|790|792|801|832|842|857|858|867|869|897|909|929|987|996|1000|1019|1042|1046|1058|1093|1104|1109|1115|1127|1136|1141|1144|1154|1168|1182|1184|1193|1223|1274|1304|1346|1351|1361|1372|1421|1436|1451|1496|1499|1513|1517|1534|1543|1555|1561|1574|1587|1601|1605|1607|1611|1617|1626|1629|1653|1665|1672|1687|1688|1692|1697|1712|1742|1755|1770|1773|1816|1824|1826|1829|1839|1849|1867|1868|1870|1883|1884|1893|1925|1928|1953|1956|1958|1972|1990|1996|2024|2043|2083|2103|2107|2113|2122|2148|2155|2170|2171|2179|2185|2210|2213|2231|2261|2282|2285|2296|2303|2313|2354|2381|2385|2405|2416|2432|2433|2439|2440|2455|2495|2510|2544|2554|2564|2574|2584|2588|2600|2621|2667|2669|2692|2710|2723|2747|2750|2751|2756|2758|2766,16.761904761904763,True
instance_0011.txt,random,601,309,1616,780|781|275|690|320|453|1018|844|323|394|221|495|437|250|593|422|426|287|508|376|794|7|304|471|912|332|589|138|25|545|894|664|649|533|149|972|975|727|715|913|561|869|526|406|474|720|194|362|1002|733|267|196|416|538|8|1009|540|396|178|704|662|152|337|488|878|713|731|97|954|845|537|458|270|797|832|216|61|687|439|838|970|200|263|919|921|188|892|944|94|933|271|981|192|765|926|583|338|380|214|633|446|309|104|961|699|75|812|974|592|37|854|935|986|657|176|45|109|184|211|198|452|341|106|226|530|423|289|242|745|696|493|161|1000|486|476|464|712|50|180|258|397|839|24|18|805|683|735|5|510|343|848|74|356|315|688|519|126|746|496|115|512|903|31|784|572|340|825|259|500|685|718|791|600|379|895|393|302|925|427|917|516|904|551|469|448|316|979|989|953|499|810|290|833|689|988|558|995|328|265|277|135|707|204|764|563|199|611|227|964|719|990|645|32|12|679|350|759|93|385|793|588|965|610|308|351|110|229|532|542|378|282|651|310|383|739|571|883|783|321|837|998|124|342|98|459|405|686|932|272|772|608|89|399|475|622|962|861|146|52|605|177|1004|345|881|601|99|584|760|792|674|692|834|489|856|331|767|782|521|369|319|430|947|238|698|411|554|763|851|347|900|635|673|852|603|818|392|613|21|64|136|78|631|949|580|193|757|620|590|388|480|147|694|705|467|255|215|531|992|1028|398|773|874|445|693|51|185|424|697|236|228|288|865|244|463|262|370|391|902|955|19|855|700|774|857|485|13|172|873|137|498|937|252|314|69|918|582|617|952|513|169|156|312|246|843|546|108|1007|140|930|749|911|90|506|48|389|766|980|213|536|1015|285|905|924|668|565|830|179|58|35|155|522|100|0|248|233|102|219|412|702|875|298|353|206|163|454|367|798|232|465|896|879|948|950|55|66|529|281|808|591|79|628|223|368|256|597|754|23|381|164|823|609|71|451|34|305|364|1019|505|96|15|736|996|703|898|747|329|357|637|111|1012|907|868|231|186|858|278|802|1021|118|934|899|77|355|677|222|433|313|636|956|324|618|2|528|84|951|103|404|983|511|130|40|502|800|158|762|973|795|730|569|359|175|796|579|415|43|562|776|920|235|663|92|799|849|160|249|884|769|300|824|671|450|820|734|596|354|72|419|813|456|573|936|384|751|121|927|484|534|577|859|666|971|835|33|182|372|908|390|876|828|125|822|509|191|1014|208|790|87|409|374|661|804|520|761|88|626|205|325|148|57|101|425|105|602|866|942|665|738|473|840|916|143|527|462|1025|997|811|91|144|22|976|1013|853|171|478|173|743|771|85|629|842|414|557|407|728|63|53|39|225|819|292|619,365|34|280|160|22|115|199|210|146|239|157|238|53|21|113|202|68|99|116|351|188|320|200|278|290|67|352|69|159|52|185|213|277|8|55|79|138|336|0|47|338|4|35|169|182|201|62|75|224|80|114|148|303|326|17|44|66|96|123|133|139|244|286|323|20|54|84|196|214|223|236|261|297|308|41|63|158|235|306|334|348|9|23|25|77|100|124|147|190|212|252|255|1|175|216|227|251|266|316|363|5|48|94|197|208|217|234|331|16|76|112|222|274|32|46|71|87|110|171|215|240|248|249|253|281|319|364|98|154|192|262|263|279|283|312|332|31|50|91|126|127|142|231|288|289|325|350|360|36|45|92|130|168|241|304|305|337|3|18|155|156|173|174|198|205|225|254|264|265|292|293|294|333|370|78|95|101|104|109|128|144|167|209|250|296|307|322|347|366|6|51|111|237|285|330|356|37|82|86|119|125|162|176|204|226|284|295|301|317|318|343|13|140|153|186|245|275|335|369|372|14|81|93|105|132|135|172|184|187|195|314|26|30|40|90|151|170|218|287|328|357|19|59|73|97|102|118|141|243|321|64|85|117|194|228|257|270|361|362|371|7|24|58|129|191|344|2|42|120|189|193|219|269|271|324|349|56|108|161|203|211|256|259|267|311|10|134|149|164|258|313|355|150|282|298|299|327|339|340|27|136|310|341|72|242|38|177|342|70,0|3|4|5|6|8|9|10|13|14|15|17|18|20|21|22|23|25|26|28|33|34|35|37|38|40|41|42|43|44|45|46|47|48|50|52|53|54|57|58|59|60|62|63|65|71|72|74|76|79|80|82|83|84|86|87|89|90|97|98|99|103|105|107|108|110|115|116|121|123|125|126|128|129|130|133|134|135|136|137|140|142|144|145|147|148|149|154|155|156|162|163|165|166|168|170|171|173|177|178|179|181|183|184|185|186|187|192|194|195|201|202|203|204|205|207|208|209|211|212|214|215|216|218|221|222|223|224|226|227|228|229|230|232|233|236|239|240|241|242|243|247|248|250|255|258|259|260|262|263|264|265|267|268|269|270|271|272|273|276|277|278|279|281|282|284|285|286|287|288|289|293|294|295|297|298|299|301|303|305|307|308|311|312|313|314|316|317|318|319|321|322|323|325|326|327|331|336|337|338|339|340|341|342|345|348|350|353|354|355|358|359|360|361|362|363|364|366|367|368|370|371|372|373|375|377|378|380|381|382|383|384|386|387|388|389|393|394|395|396|397|398|401|403|404|405|406|407|408|409|410|411|412|413|414|415|416|417|418|420|421|423|426|427|428|429|430|431|433|434|435|436|440|442|444|447|448|449|450|451|453|454|456|457|458|459|461|462|464|465|466|467|468|470|471|472|474|475|476|477|479|480|483|484|485|486|487|488|490|491|492|493|494|495|496|498|500|501|502|503|504|505|506|507|509|510|511|512|514|516|518|519|520|521|526|529|530|532|534|536|537|540|542|543|544|548|549|550|553|554|555|557|561|562|563|564|565|568|569|571|572|573|574|576|581|582|583|584|585|587|588|589|590|592|593|594|595|597|598|599|600|602|603|606|610|611|612|618|619|622|623|624|626|628|629|631|632|634|636|637|640|641|643|645|647|648|649|650|651|655|659|661|664|667|668|669|670|671|672|675|676|677|678|681|683|684|685|686|687|688|689|691|692|696|697|698|699|702|704|705|708|711|713|714|717|718|720|722|723|725|727|730|734|736|738|739|742|743|746|747|752|753|754|758|759|761|762|763|765|766|767|771|772|773|775|776|777|778|780|783|784|785|787|788|790|793|794|795|796|797|798|799|800|801|809|810|811|814|815|818|819|820|822|824|827|828|829|835|840|842|845|846|847|848|850|851|853|856|858|859|862|863|865|867|868|869|870|871|872|875|878|880|884|885|886|887|888|890|895|896|897|898|899|901|903|906|907|910|911|913|916|917|918|922|923|924|926|927|929|932|933|934|939|941|942|944|947|949|951|955|957|960|963|964|966|968|969|970|971|974|976|977|978|979|981|984|986|987|988|989|992|995|996|997|999|1000|1004|1007|1009|1010|1011|1012|1017|1018|1019|1020|1023|1024|1025|1026|1028|1030|1031|1033|1034|1035|1036|1038|1041|1044|1045|1046|1047|1053|1054|1055|1056|1057|1058|1062|1065|1068|1077|1078|1079|1080|1081|1082|1085|1087|1088|1089|1091|1093|1094|1098|1099|1103|1108|1109|1110|1111|1115|1116|1117|1119|1120|1121|1122|1123|1124|1125|1127|1131|1133|1134|1136|1137|1139|1140|1141|1142|1143|1144|1145|1147|1149|1151|1156|1157|1158|1160|1161|1163|1164|1165|1166|1167|1168|1170|1173|1176|1177|1178|1179|1180|1181|1183|1185|1186|1189|1191|1192|1193|1195|1199|1201|1202|1203|1204|1208|1210|1213|1217|1218|1224|1228|1229|1230|1233|1235|1236|1239|1244|1245|1247|1249|1250|1251|1252|1254|1255|1256|1257|1258|1262|1266|1267|1269|1272|1277|1280|1281|1282|1284|1285|1287|1288|1290|1291|1296|1299|1301|1302|1307|1308|1311|1314|1315|1316|1318|1319|1322|1323|1324|1325|1327|1328|1330|1331|1332|1333|1335|1336|1338|1341|1342|1343|1346|1350|1355|1356|1357|1358|1359|1360|1361|1363|1364|1365|1366|1371|1373|1375|1376|1377|1379|1382|1383|1386|1387|1388|1390|1391|1392|1394|1395|1396|1397|1398|1399|1400|1402|1403|1405|1407|1409|1410|1413|1415|1416|1417|1418|1419|1421|1423|1427|1429|1430|1432|1434|1436|1438|1440|1441|1442|1443|1444|1446|1447|1449|1453|1454|1455|1456|1457|1458|1459|1461|1462|1464|1465|1466|1467|1469|1470|1471|1472|1473|1474|1475|1476|1478|1479|1480|1482|1483|1486|1488|1489|1490|1491|1492|1493|1495|1498|1501|1502|1503|1505|1507|1510|1511|1512|1513|1514|1518|1519|1521|1523|1525|1526|1527|1530|1534|1535|1536|1538|1539|1541|1542|1543|1552|1553|1554|1555|1556|1557|1561|1562|1563|1564|1565|1566|1569|1570|1571|1572|1575|1576|1578|1580|1582|1588|1590|1592|1601|1602|1603|1604|1605|1606|1607|1609|1612|1614|1615|1617|1618|1620|1622|1624|1625|1626|1627|1628|1630|1632|1633|1634|1635|1637|1638|1639|1640|1641|1642|1643|1644|1645|1646|1648|1653|1654|1655|1656|1657|1658|1659|1661|1662|1663|1665|1667|1669|1670|1671|1672|1675|1676|1677|1680|1682|1684|1687|1688|1690|1692|1694|1695|1697|1700|1701|1702|1703|1706|1712|1716|1717|1719|1720|1721|1722|1723|1725|1727|1728|1729|1731|1732|1733|1734|1736|1737|1739|1740|1742|1744|1748|1750|1753|1754|1757|1758|1760|1762|1766|1768|1769|1772|1775|1777|1779|1780|1783|1784|1785|1787|1788|1789|1792|1794|1795|1796|1797|1798|1799|1800|1803|1804|1805|1806|1807|1808|1812|1813|1814|1815|1817|1819|1820|1822|1823|1824|1826|1827|1828|1833|1835|1836|1837|1840|1843|1844|1846|1847|1848|1849|1850|1851|1853|1857|1860|1862|1863|1864|1865|1866|1867|1870|1873|1875|1876|1878|1879|1881|1883|1884|1885|1889|1891|1893|1900|1901|1903|1904|1905|1906|1907|1908|1909|1913|1914|1916|1919|1921|1922|1926|1929|1930|1931|1932|1933|1936|1938|1939|1940|1941|1942|1943|1947|1948|1949|1950|1952|1954|1955|1959|1960|1963|1964|1967|1972|1973|1975|1976|1978|1984|1987|1989|1993|1996|2001|2003|2004|2005|2007|2008|2010|2012|2016|2017|2018|2019|2021|2023|2024|2025|2028|2029|2030|2031|2034|2035|2036|2040|2041|2044|2045|2047|2048|2051|2057|2058|2059|2060|2062|2063|2066|2067|2068|2069|2070|2072|2073|2074|2076|2077|2078|2079|2080|2081|2082|2083|2084|2085|2086|2088|2089|2090|2096|2099|2100|2102|2103|2104|2106|2109|2111|2112|2113|2116|2117|2121|2124|2125|2126|2128|2129|2130|2131|2132|2135|2136|2137|2139|2141|2145|2148|2149|2151|2152|2153|2154|2156|2157|2163|2164|2165|2166|2168|2170|2171|2172|2174|2175|2176|2177|2178|2179|2181|2183|2184|2186|2187|2190|2191|2192|2193|2195|2196|2197|2198|2199|2200|2202|2204|2206|2209|2210|2211|2212|2215|2218|2219|2222|2223|2224|2225|2226|2229|2232|2233|2234|2235|2237|2239|2240|2241|2242|2244|2245|2246|2247|2248|2250|2251|2252|2253|2254|2257|2260|2261|2266|2268|2269|2270|2271|2272|2274|2275|2276|2277|2278|2279|2280|2281|2287|2288|2291|2295|2296|2297|2298|2301|2303|2305|2308|2310|2311|2312|2313|2315|2318|2319|2320|2322|2324|2325|2326|2327|2328|2330|2333|2334|2335|2337|2339|2343|2345|2347|2349|2350|2352|2353|2354|2356|2357|2358|2363|2364|2366|2367|2368|2372|2373|2374|2376|2379|2380|2381|2382|2384|2388|2389|2390|2391|2393|2395|2396|2397|2399|2401|2402|2403|2404|2405|2406|2407|2408|2409|2416|2417|2418|2419|2420|2422|2424|2426|2427|2428|2430|2431|2432|2433|2438|2439|2440|2442|2443|2444|2446|2447|2451|2453|2454|2456|2457|2461|2462|2463|2464|2466|2467|2468|2469|2472|2474|2479|2480|2482|2483|2485|2486|2487|2488|2490|2492|2495|2498|2500|2501|2502|2503|2505|2506|2507|2509|2510|2511|2513|2514|2516|2517|2518|2521|2522|2523|2524|2525|2529|2530|2532|2536|2538|2539|2540|2542|2543|2544|2545|2547|2548|2549|2550|2554|2556|2558|2559|2562|2563|2564|2565|2566|2567|2568|2570|2571|2572|2576|2577|2578|2579|2582|2584|2585|2586|2587|2588|2593|2594|2597|2598|2601|2602|2604|2606|2609|2611|2613|2616|2618|2621|2622|2623|2625|2626|2627|2629|2631|2632|2634|2636|2637|2638|2640|2642|2643|2646|2647|2650|2652|2653|2655|2656|2657|2658|2659|2660|2661|2662|2663|2665|2666|2667|2668|2670|2671|2672|2673|2674|2676|2677|2678|2680|2682|2684|2685|2687|2688|2689|2693|2694|2695|2696|2697|2699|2702|2703|2704|2709|2711|2714|2716|2719|2720|2722|2723|2724|2725|2729|2731|2736|2737|2738|2740|2741|2742|2747|2748|2749|2751|2752|2754|2755|2756|2757|2766|2767|2772|2774|2776|2777|2778|2779|2782,6.618122977346278,True
instance_0011.txt,smaller_multi,375,280,1403,433|362|1016|450|107|649|559|86|637|268|850|204|117|470|686|109|94|375|891|244|547|90|474|129|339|978|79|384|483|985|636|631|6|753|477|998|468|16|700|67|994|552|270|448|467|160|75|747|203|799|114|136|466|593|849|936|341|89|731|353|308|990|217|885|743|385|57|138|525|256|825|208|764|875|400|996|159|660|890|54|214|406|499|1003|156|942|833|405|760|472|896|185|629|7|600|1022|561|811|592|266|65|603|182|807|579|352|813|520|273|391|718|60|485|441|656|669|18|424|184|381|1026|486|439|318|462|719|795|691|46|206|366|195|342|744|212|452|720|35|601|121|920|72|797|403|627|56|667|668|740|1019|863|586|325|615|1014|221|68|582|1012|893|213|196|935|300|945|622|481|981|131|100|53|464|479|272|786|793|372|866|819|982|414|701|91|724|698|651|741|854|569|611|946|759|766|580|154|408|287|664|87|976|232|190|543|750|638|165|980|549|202|928|476|1025|73|374|224|149|530|594|425|116|26|43|98|565|346|471|604|186|986|108|211|926|842|455|358|862|229|3|128|897|23|545|506|856|929|975|205|748|1011|521|858|416|24|188|103|312|410|781|648|737|55|45|1008|246|650|133|105|465|823|908|589|187|301|295|284|183|153|827|804|523|238|914|941|596|147|894|292|758|932|461|44|654|678|912|787|666|904|957|463|134|145|575|180|271|710|763|343|965|706|588|299|257|152|9|574|800|199|551|276|881|794|370|315|505|475|681|359|215|861|288|888|626|490|323|15|243|285|802|967|176|837|155|727|556|508|240|954|82|515|498|163|411|1000|958|426|672|826|350|473|658|639|567|712|921|189|689|151|338|922|879|191|989|548|379|340,365|99|34|278|138|53|277|79|115|25|69|296|8|210|287|1|169|238|253|31|90|188|351|84|23|68|223|142|55|123|13|184|240|54|200|262|336|46|255|113|157|263|39|93|182|202|244|274|372|124|286|128|179|297|316|35|71|109|135|148|160|190|323|4|6|9|20|50|76|141|235|294|308|312|370|19|21|58|63|117|192|199|212|258|267|285|18|47|65|111|112|119|139|146|155|186|197|241|259|284|295|301|324|331|350|26|87|147|159|214|215|216|224|242|249|271|280|333|338|10|73|75|85|86|92|95|100|116|127|134|185|194|204|207|217|218|239|254|265|268|292|293|298|304|322|339|344|348|357|360|366|7|16|27|36|40|51|66|82|91|96|98|110|114|136|156|170|171|201|222|227|234|257|305|313|325|341|343|352|0|2|11|22|32|37|41|52|77|78|80|101|104|105|118|126|133|144|158|164|167|175|191|193|205|209|211|219|226|228|243|245|275|289|303|310|311|318|319|320|321|332|334|340|349|356|358|368|371|373|3|14|15|29|30|42|44|45|48|56|64|83|129|132|145|149|154|162|163|172|173|177|187|189|196|206|213|225|231|236|247|248|251|252|261|270|276|279|283|290|299|306|314|326|327|328|337|345|347|361|363,3|4|5|8|10|11|13|14|15|16|17|19|20|25|26|28|29|31|35|36|39|40|41|42|46|49|52|53|54|56|58|59|60|61|63|64|70|72|73|77|80|82|83|85|86|89|92|95|96|97|102|103|109|110|112|119|121|123|124|125|126|127|128|130|131|133|134|135|136|137|138|141|143|144|148|150|151|152|153|155|159|160|162|164|165|167|169|170|174|175|177|178|180|184|185|186|189|193|196|197|198|199|201|205|206|209|210|211|216|217|224|227|228|231|233|234|235|237|238|239|240|241|242|246|249|255|257|259|261|262|263|266|267|268|269|272|274|276|278|281|282|283|285|287|288|289|290|291|294|295|296|297|298|299|301|304|309|310|311|313|317|320|321|322|325|326|327|328|330|331|337|338|339|341|342|343|346|347|351|353|356|357|359|360|361|362|363|364|370|371|378|381|383|384|385|387|388|389|391|393|398|399|400|401|402|403|406|408|409|410|411|412|418|423|426|427|428|431|433|434|438|439|440|443|444|446|448|449|451|452|454|455|458|464|466|468|470|471|473|474|475|476|479|480|487|488|490|491|493|496|497|498|502|503|507|508|509|510|511|512|515|517|518|519|520|521|522|525|527|528|530|532|533|534|536|539|540|542|545|546|547|548|550|551|553|555|559|560|563|564|565|567|568|569|573|574|575|576|577|578|583|586|587|588|592|597|598|599|600|603|604|607|608|616|619|622|623|627|628|632|634|636|637|641|650|652|654|657|659|660|661|662|664|665|667|669|671|672|673|677|680|681|683|685|686|687|688|690|691|692|694|695|696|697|698|702|706|708|709|712|713|715|718|719|720|722|724|725|727|728|729|736|737|738|739|740|742|743|747|749|750|752|753|754|756|757|759|760|761|762|765|766|767|769|772|776|777|778|779|780|781|783|784|785|787|788|789|792|797|798|799|800|801|804|805|807|808|813|816|817|818|820|821|822|826|831|832|833|834|835|836|844|846|849|850|852|853|854|855|856|857|858|859|863|865|867|870|874|875|878|879|890|891|894|897|898|900|901|903|908|909|910|913|915|917|918|920|922|927|931|932|936|937|938|939|940|941|942|943|944|946|947|948|949|950|951|953|954|955|956|959|962|963|965|968|969|972|975|976|978|982|983|984|987|988|990|992|994|996|997|998|1000|1001|1002|1007|1012|1014|1016|1017|1019|1020|1021|1024|1025|1028|1029|1030|1036|1041|1042|1044|1050|1052|1054|1056|1057|1060|1063|1064|1065|1067|1068|1069|1072|1073|1074|1075|1079|1086|1087|1089|1090|1092|1093|1094|1097|1098|1101|1103|1104|1105|1107|1108|1109|1113|1115|1116|1117|1118|1120|1121|1122|1123|1124|1125|1127|1128|1129|1131|1133|1134|1135|1137|1138|1139|1140|1141|1142|1143|1144|1145|1146|1148|1149|1150|1151|1152|1153|1154|1157|1160|1164|1168|1169|1173|1176|1178|1180|1181|1182|1183|1184|1186|1187|1189|1190|1191|1192|1193|1195|1197|1198|1199|1200|1204|1207|1210|1211|1212|1214|1215|1216|1217|1218|1223|1225|1226|1230|1232|1241|1244|1246|1247|1248|1249|1251|1255|1256|1257|1259|1262|1263|1264|1265|1267|1270|1272|1273|1274|1275|1277|1280|1288|1289|1291|1292|1294|1295|1296|1297|1300|1301|1302|1303|1304|1305|1306|1307|1309|1311|1313|1314|1315|1318|1319|1320|1322|1323|1324|1326|1332|1333|1335|1336|1337|1340|1341|1342|1343|1344|1345|1346|1347|1348|1349|1352|1353|1354|1355|1358|1361|1363|1365|1366|1368|1369|1372|1373|1375|1377|1380|1382|1384|1389|1391|1392|1393|1396|1402|1404|1405|1406|1407|1408|1410|1419|1422|1424|1426|1428|1436|1438|1441|1442|1444|1450|1455|1459|1464|1466|1469|1470|1478|1480|1485|1487|1489|1494|1496|1498|1499|1503|1504|1509|1510|1516|1517|1518|1519|1520|1522|1530|1532|1533|1534|1536|1537|1538|1539|1540|1541|1542|1543|1544|1545|1549|1550|1552|1554|1555|1556|1558|1561|1565|1566|1570|1571|1574|1577|1579|1580|1582|1583|1585|1587|1588|1589|1590|1595|1598|1599|1601|1602|1603|1606|1612|1613|1615|1621|1623|1624|1625|1629|1634|1635|1637|1638|1639|1648|1650|1653|1655|1657|1662|1664|1665|1667|1669|1670|1672|1675|1676|1677|1678|1679|1680|1688|1689|1691|1692|1693|1695|1696|1697|1700|1701|1702|1703|1705|1706|1708|1710|1712|1714|1716|1717|1720|1721|1722|1724|1727|1738|1740|1741|1742|1744|1748|1752|1754|1756|1757|1761|1763|1765|1766|1768|1770|1772|1773|1774|1775|1776|1777|1778|1779|1780|1781|1782|1785|1786|1787|1788|1789|1790|1792|1793|1798|1799|1802|1804|1805|1807|1808|1811|1813|1816|1818|1819|1823|1824|1826|1827|1830|1832|1834|1836|1837|1838|1839|1840|1841|1842|1844|1846|1847|1850|1853|1854|1858|1859|1862|1866|1870|1874|1875|1881|1883|1888|1889|1890|1891|1892|1893|1894|1897|1900|1901|1902|1905|1908|1910|1916|1918|1920|1927|1928|1931|1932|1934|1935|1937|1938|1939|1940|1942|1943|1946|1949|1953|1955|1956|1958|1959|1963|1970|1971|1973|1974|1976|1977|1981|1983|1988|1989|1990|1991|1999|2001|2002|2003|2006|2007|2008|2010|2015|2018|2019|2020|2024|2027|2028|2031|2032|2042|2043|2044|2046|2047|2048|2049|2052|2054|2056|2058|2059|2060|2062|2066|2067|2071|2072|2073|2075|2077|2078|2083|2084|2086|2087|2088|2089|2091|2095|2097|2100|2101|2106|2107|2109|2111|2112|2113|2114|2116|2117|2118|2120|2123|2125|2127|2129|2131|2132|2133|2134|2136|2137|2138|2139|2140|2142|2144|2147|2149|2151|2154|2156|2158|2159|2164|2168|2171|2172|2173|2174|2175|2176|2177|2178|2180|2184|2185|2186|2187|2188|2190|2193|2194|2197|2198|2200|2201|2203|2206|2211|2213|2214|2215|2217|2219|2222|2223|2224|2225|2226|2227|2231|2234|2235|2236|2237|2239|2240|2241|2242|2245|2246|2247|2249|2257|2261|2263|2264|2269|2271|2272|2274|2278|2279|2280|2284|2285|2289|2290|2291|2293|2294|2298|2299|2300|2304|2305|2306|2309|2310|2312|2313|2315|2316|2318|2319|2320|2321|2322|2324|2325|2326|2329|2330|2332|2333|2334|2335|2336|2337|2338|2339|2344|2345|2348|2349|2351|2352|2355|2356|2358|2359|2360|2361|2366|2368|2370|2372|2377|2379|2380|2382|2384|2385|2386|2388|2389|2391|2392|2393|2397|2399|2400|2403|2405|2406|2407|2408|2409|2411|2413|2414|2415|2416|2417|2419|2421|2422|2423|2428|2430|2433|2437|2438|2439|2441|2442|2444|2445|2448|2451|2452|2454|2457|2458|2459|2460|2461|2462|2464|2465|2467|2468|2470|2471|2473|2474|2476|2478|2481|2482|2483|2484|2485|2487|2489|2490|2492|2494|2496|2497|2501|2502|2503|2506|2507|2508|2509|2510|2513|2514|2515|2517|2518|2521|2523|2524|2526|2527|2529|2533|2534|2536|2540|2543|2544|2545|2548|2550|2555|2556|2557|2559|2561|2562|2564|2568|2569|2570|2573|2576|2580|2583|2584|2586|2587|2588|2589|2592|2595|2596|2597|2598|2601|2602|2603|2616|2617|2618|2620|2622|2625|2627|2628|2630|2632|2633|2634|2639|2641|2643|2644|2646|2649|2650|2651|2652|2654|2657|2659|2662|2665|2666|2668|2671|2673|2676|2677|2678|2679|2680|2684|2687|2688|2689|2691|2692|2693|2696|2697|2698|2699|2702|2705|2710|2715|2716|2717|2718|2720|2723|2724|2727|2729|2730|2731|2735|2736|2737|2738|2740|2742|2745|2746|2748|2749|2751|2753|2760|2761|2762|2763|2766|2771|2777|2778|2779|2780,7.303571428571429,True
instance_0012.txt,aisle_first_desc,8,5,14,89|112|76|81|25|69|98|103,31|63|142|181|218,30|32|37|75|85|99|108|114|169|176|191|226|227|248,7.2,True
instance_0012.txt,dinkelbach_mip,8,4,14,25|81|89|97|103|105|112|125,31|101|144|181,16|30|52|75|85|99|103|114|119|191|226|228|248|303,11.25,True
instance_0012.txt,random,50,81,128,28|61|58|100|101|109|1|9|16|17|0|53|128|118|129|45|87|20|41|121|11|83|52|27|47|108|30|95|51|106|65|104|3|119|82|96|116|80|4|56|6|93|15|66|91|68|12|125|74|79,187|31|291|250|310|41|60|317|124|237|331|19|30|145|218|253|297|299|303|84|93|120|190|198|241|248|252|258|269|290|296|21|40|47|101|132|143|159|164|277|323|16|49|55|61|64|76|137|162|175|194|201|206|286|309|321|329|334|29|44|68|102|107|112|133|181|226|271|307|330|38|42|100|115|119|211|234|270|275|304|337,2|3|6|8|11|12|13|15|16|17|19|21|22|23|24|27|34|35|41|42|43|48|49|53|54|56|57|58|61|63|64|65|67|70|71|78|80|82|86|88|89|91|92|93|94|95|96|97|103|106|109|116|117|125|126|128|132|133|134|136|140|142|143|151|153|157|163|164|171|173|183|185|189|190|192|202|206|207|209|210|212|214|224|225|232|233|235|238|240|244|247|249|250|251|252|253|258|263|266|269|271|275|276|277|278|283|287|288|292|294|297|300|306|308|310|312|316|317|321|322|325|326|328|329|330|332|335|336,2.1728395061728394,True
instance_0012.txt,smaller_multi,19,49,72,48|85|22|89|61|66|101|123|7|29|104|28|70|44|24|126|75|122|23,101|250|31|227|132|98|331|297|8|92|19|23|82|145|207|283|26|49|102|162|181|198|239|271|277|309|2|3|9|70|206|230|237|286|290|79|81|90|104|131|138|143|152|160|164|200|224|296|310,1|8|12|18|25|29|38|43|45|48|52|54|55|67|70|77|82|89|90|91|93|98|100|102|113|114|120|121|124|127|137|138|139|142|147|155|170|174|179|182|184|188|198|208|212|215|221|223|228|236|239|242|252|256|263|264|268|270|272|273|277|279|286|295|301|302|310|314|319|320|323|331,3.6122448979591835,True
instance_0013.txt,aisle_first_desc,1432,20,1284,4385|1453|3140|4612|1845|7915|1254|2954|5086|5674|7305|96|854|1949|2783|3599|3645|3703|4739|5708|5744|6142|6408|39|90|93|215|498|617|672|1334|1478|1490|1651|1656|1661|1794|1830|1870|2010|2027|2412|2512|2530|2857|3439|3863|3876|3909|4006|4238|4278|4431|4566|4615|4866|5226|5364|5385|5394|5577|5612|5633|5774|5977|6171|6187|6265|6269|6381|6518|6590|6756|6848|6859|6903|6919|6992|7198|7373|7510|7546|7659|7951|8112|8240|2|10|15|27|29|41|56|63|64|65|69|72|76|79|83|89|94|97|102|125|133|135|137|140|150|153|157|158|162|169|175|176|189|200|204|207|212|213|214|218|222|227|228|229|233|241|243|244|248|249|250|261|263|267|268|269|274|279|280|281|298|315|317|329|333|338|346|348|352|354|360|362|368|378|383|394|399|404|408|420|421|422|425|427|430|436|440|443|445|454|468|475|479|487|489|492|499|504|516|517|522|531|537|543|550|552|554|556|571|573|574|579|584|588|597|602|603|610|618|619|624|625|635|645|647|648|661|665|669|676|681|682|685|692|698|706|708|719|722|724|735|744|755|776|777|779|786|806|811|812|821|828|835|844|855|865|870|874|876|882|895|910|933|936|937|941|959|961|963|965|969|970|972|979|981|982|988|990|993|996|999|1007|1009|1019|1022|1029|1041|1051|1058|1063|1064|1067|1075|1083|1086|1091|1114|1121|1124|1125|1137|1140|1149|1151|1152|1155|1164|1165|1168|1183|1186|1192|1193|1195|1197|1198|1206|1226|1229|1234|1240|1252|1255|1256|1259|1260|1269|1273|1275|1276|1281|1282|1285|1286|1293|1299|1304|1307|1308|1324|1325|1333|1343|1357|1368|1373|1384|1391|1399|1407|1429|1431|1433|1440|1441|1447|1452|1454|1462|1465|1476|1479|1480|1488|1510|1511|1519|1525|1529|1530|1532|1536|1548|1551|1552|1553|1556|1562|1569|1574|1578|1580|1586|1594|1598|1600|1603|1618|1626|1629|1633|1644|1649|1652|1657|1665|1672|1675|1677|1684|1685|1690|1701|1707|1712|1713|1715|1716|1719|1722|1723|1725|1734|1742|1753|1754|1766|1769|1774|1775|1784|1786|1798|1799|1818|1824|1826|1835|1840|1848|1853|1854|1856|1857|1866|1877|1886|1903|1904|1915|1917|1925|1926|1929|1930|1938|1942|1948|1951|1954|1957|1959|1962|1980|1983|1995|1996|1997|2001|2006|2012|2016|2030|2032|2034|2046|2047|2052|2067|2070|2078|2082|2085|2089|2090|2091|2092|2094|2106|2107|2121|2123|2124|2136|2137|2142|2146|2147|2155|2156|2167|2168|2180|2202|2203|2213|2214|2217|2231|2235|2237|2238|2239|2246|2251|2254|2257|2260|2267|2269|2270|2278|2290|2298|2300|2308|2309|2316|2317|2319|2320|2335|2337|2342|2348|2354|2357|2362|2370|2371|2372|2375|2376|2388|2391|2405|2410|2435|2442|2455|2461|2469|2478|2487|2494|2535|2541|2542|2546|2549|2553|2558|2563|2564|2565|2567|2569|2572|2573|2576|2587|2593|2599|2602|2607|2616|2618|2619|2623|2627|2632|2638|2642|2649|2659|2660|2662|2667|2672|2676|2680|2687|2693|2703|2720|2727|2734|2751|2762|2763|2765|2770|2773|2777|2778|2793|2803|2808|2811|2816|2820|2822|2827|2828|2838|2853|2863|2879|2885|2886|2911|2918|2924|2927|2943|2944|2953|2955|2958|2961|2966|2967|2971|2974|3001|3002|3008|3010|3013|3016|3026|3038|3043|3045|3051|3067|3084|3090|3095|3099|3107|3108|3126|3127|3138|3150|3151|3153|3162|3164|3166|3170|3174|3177|3181|3184|3189|3191|3200|3209|3214|3216|3221|3224|3230|3233|3252|3254|3268|3269|3272|3273|3285|3287|3288|3290|3292|3303|3317|3322|3329|3333|3334|3337|3339|3340|3343|3345|3356|3362|3366|3367|3375|3378|3379|3382|3383|3396|3403|3405|3406|3409|3412|3415|3420|3436|3445|3448|3450|3453|3456|3460|3471|3478|3480|3485|3495|3497|3519|3528|3539|3540|3547|3548|3553|3568|3571|3572|3576|3582|3587|3600|3615|3629|3638|3639|3640|3644|3646|3651|3656|3663|3664|3669|3674|3681|3684|3688|3690|3719|3724|3733|3743|3745|3746|3768|3770|3777|3779|3791|3796|3797|3823|3832|3837|3850|3864|3867|3868|3871|3874|3879|3881|3891|3892|3898|3910|3914|3915|3923|3926|3929|3941|3946|3950|3952|3956|3960|3972|3974|3982|3997|4003|4013|4014|4028|4042|4051|4052|4054|4063|4064|4067|4074|4076|4077|4086|4090|4092|4097|4100|4106|4108|4109|4110|4115|4117|4121|4136|4140|4144|4153|4154|4164|4170|4178|4180|4183|4197|4211|4218|4221|4222|4224|4225|4226|4240|4251|4258|4262|4273|4276|4286|4290|4292|4296|4305|4317|4321|4322|4329|4332|4335|4384|4390|4396|4407|4410|4413|4419|4430|4432|4439|4450|4454|4456|4466|4477|4492|4495|4507|4513|4529|4532|4534|4538|4544|4548|4560|4564|4570|4573|4579|4584|4588|4613|4614|4622|4628|4632|4640|4652|4661|4664|4675|4694|4706|4713|4716|4751|4752|4755|4756|4759|4770|4771|4776|4782|4783|4789|4790|4791|4805|4810|4814|4827|4828|4848|4851|4852|4857|4877|4893|4899|4904|4907|4917|4920|4925|4944|4952|4963|4964|4986|4987|4989|4990|4992|4999|5001|5004|5010|5022|5030|5034|5037|5038|5041|5046|5054|5055|5063|5066|5067|5075|5079|5089|5093|5095|5104|5107|5114|5118|5123|5143|5146|5165|5180|5184|5189|5200|5204|5206|5212|5217|5221|5229|5235|5255|5262|5264|5272|5274|5276|5277|5280|5284|5293|5304|5315|5334|5337|5345|5348|5351|5357|5371|5374|5376|5392|5412|5413|5417|5420|5423|5432|5441|5444|5445|5454|5464|5467|5484|5485|5488|5492|5494|5495|5496|5514|5519|5531|5539|5550|5576|5579|5587|5606|5610|5614|5625|5628|5635|5642|5646|5648|5653|5657|5670|5671|5680|5686|5687|5689|5690|5691|5693|5696|5705|5709|5712|5714|5731|5732|5734|5736|5739|5757|5766|5777|5793|5804|5809|5810|5812|5819|5821|5822|5831|5835|5848|5861|5879|5884|5886|5891|5903|5909|5911|5914|5921|5922|5923|5926|5930|5940|5941|5945|5956|5972|5976|5979|5980|5985|5986|5997|5998|6000|6001|6003|6007|6009|6018|6024|6029|6044|6047|6055|6058|6077|6078|6084|6090|6099|6103|6108|6153|6155|6166|6186|6191|6194|6198|6206|6227|6228|6247|6251|6271|6273|6276|6279|6280|6285|6291|6305|6319|6321|6333|6336|6338|6339|6340|6343|6348|6352|6365|6376|6383|6390|6399|6404|6410|6415|6419|6431|6438|6449|6458|6466|6473|6485|6500|6501|6502|6507|6514|6523|6534|6541|6556|6560|6561|6579|6583|6594|6598|6607|6611|6614|6616|6617|6636|6643|6647|6651|6655|6656|6657|6658|6674|6684|6691|6695|6696|6697|6700|6709|6711|6713|6719|6720|6725|6730|6734|6737|6739|6750|6763|6765|6775|6788|6791|6792|6799|6809|6836|6843|6847|6851|6852|6858|6862|6867|6868|6871|6873|6876|6883|6890|6891|6897|6899|6905|6906|6909|6911|6922|6936|6947|6957|6961|6962|6963|6965|6967|6976|6984|6995|7002|7005|7006|7018|7023|7030|7032|7033|7039|7043|7048|7050|7060|7070|7071|7108|7114|7119|7130|7132|7134|7142|7149|7151|7161|7166|7172|7177|7181|7184|7194|7201|7204|7207|7212|7223|7229|7235|7239|7241|7255|7257|7260|7265|7268|7280|7284|7286|7289|7292|7308|7313|7324|7325|7335|7345|7353|7357|7360|7367|7372|7383|7387|7394|7405|7407|7412|7416|7419|7431|7432|7433|7441|7452|7471|7472|7475|7477|7478|7489|7492|7494|7499|7502|7517|7535|7554|7560|7564|7576|7578|7581|7606|7607|7617|7620|7624|7627|7640|7666|7670|7678|7687|7689|7697|7701|7706|7710|7713|7717|7719|7724|7726|7731|7749|7756|7759|7783|7790|7801|7809|7812|7820|7822|7825|7828|7830|7841|7872|7886|7912|7925|7932|7936|7943|7948|7953|7958|7966|7974|7981|7995|8003|8007|8014|8027|8030|8037|8044|8048|8052|8055|8064|8066|8076|8081|8082|8092|8095|8105|8107|8113|8120|8126|8129|8137|8142|8145|8158|8161|8163|8176|8180|8199|8202|8210|8211|8218|8223|8234|8250|8253|8282|8284|8287|8290|8292|8298|8307|8308|8317|8319|8326|8327|8352|8362|8374,2|9|35|56|69|79|86|101|141|197|221|229|341|349|365|367|373|383|389|397,1|3|13|19|24|27|30|32|34|40|44|48|51|54|56|58|63|66|67|82|84|85|95|103|107|110|112|118|120|143|146|150|162|169|173|180|182|185|203|210|232|233|236|238|241|244|250|258|267|273|274|276|287|296|298|306|311|326|328|332|335|336|342|343|344|352|353|355|362|364|369|371|381|388|402|409|420|424|429|436|459|465|471|472|475|485|495|497|501|511|515|520|525|527|541|542|545|547|549|552|555|562|563|565|574|575|592|599|604|609|617|621|628|632|633|638|666|668|671|673|676|677|685|696|712|713|720|724|741|745|747|749|751|752|755|756|758|759|765|767|768|772|776|781|786|794|802|805|823|824|834|836|837|838|839|850|851|858|860|863|871|874|889|891|902|906|907|908|914|915|924|928|933|958|965|973|985|988|992|997|1001|1007|1015|1020|1025|1027|1037|1047|1049|1058|1062|1066|1067|1075|1076|1081|1089|1097|1099|1118|1120|1126|1134|1140|1143|1161|1163|1166|1168|1169|1171|1179|1180|1183|1185|1189|1199|1211|1220|1238|1240|1244|1250|1260|1264|1267|1271|1277|1280|1286|1299|1309|1317|1324|1325|1334|1340|1342|1345|1350|1352|1359|1361|1365|1367|1386|1392|1395|1401|1410|1413|1414|1416|1417|1421|1424|1425|1435|1437|1438|1441|1447|1451|1467|1471|1477|1479|1488|1498|1502|1504|1516|1529|1531|1532|1533|1539|1544|1546|1554|1557|1558|1566|1571|1573|1574|1597|1600|1605|1607|1620|1625|1627|1628|1640|1645|1653|1666|1671|1679|1681|1682|1705|1706|1729|1734|1737|1740|1743|1745|1746|1748|1755|1767|1773|1785|1787|1790|1795|1799|1804|1814|1832|1843|1844|1851|1855|1856|1861|1867|1869|1872|1874|1877|1881|1882|1887|1901|1902|1909|1922|1925|1926|1929|1933|1935|1938|1941|1944|1950|1963|1971|1974|1980|1987|1991|1993|2003|2004|2006|2007|2011|2014|2017|2021|2029|2033|2038|2041|2048|2054|2060|2074|2075|2089|2095|2096|2105|2111|2113|2114|2117|2122|2124|2125|2130|2131|2133|2139|2147|2157|2161|2162|2166|2173|2177|2182|2184|2185|2193|2197|2204|2206|2211|2217|2225|2240|2257|2271|2276|2278|2284|2297|2300|2306|2308|2316|2323|2324|2331|2332|2341|2342|2344|2347|2353|2356|2360|2361|2373|2377|2382|2388|2389|2395|2404|2408|2410|2415|2417|2426|2427|2429|2433|2434|2463|2464|2469|2485|2496|2498|2499|2518|2524|2528|2529|2546|2568|2574|2575|2576|2578|2579|2580|2588|2590|2591|2597|2599|2613|2617|2626|2628|2634|2641|2646|2651|2659|2679|2699|2705|2725|2738|2739|2743|2749|2757|2760|2770|2776|2784|2790|2791|2792|2799|2806|2816|2817|2821|2824|2833|2847|2856|2860|2869|2871|2891|2893|2899|2900|2901|2913|2917|2930|2934|2936|2950|2952|2956|2958|2963|2969|2972|2973|2974|2982|2988|2989|2999|3005|3015|3016|3017|3027|3048|3049|3060|3063|3068|3084|3096|3099|3113|3115|3117|3121|3127|3130|3131|3136|3138|3139|3144|3154|3155|3157|3158|3160|3166|3167|3170|3178|3193|3200|3206|3218|3220|3228|3231|3234|3238|3241|3244|3246|3253|3254|3260|3261|3266|3272|3278|3282|3285|3286|3288|3298|3302|3309|3314|3318|3324|3328|3329|3330|3331|3340|3344|3355|3356|3367|3375|3384|3385|3388|3393|3399|3400|3402|3403|3414|3426|3427|3430|3435|3439|3444|3450|3452|3455|3474|3482|3493|3501|3505|3508|3511|3512|3527|3537|3550|3553|3560|3564|3569|3572|3577|3579|3582|3583|3589|3592|3593|3594|3596|3612|3613|3626|3627|3628|3630|3631|3635|3639|3657|3661|3665|3668|3671|3681|3689|3693|3701|3705|3706|3727|3737|3745|3751|3752|3776|3779|3795|3799|3809|3815|3816|3820|3821|3833|3836|3837|3841|3843|3845|3846|3851|3866|3867|3868|3872|3874|3888|3892|3893|3909|3913|3914|3918|3920|3928|3931|3955|3974|3976|3978|3980|3985|3991|3997|3998|4000|4002|4009|4017|4025|4041|4053|4058|4070|4074|4079|4080|4087|4088|4093|4105|4110|4119|4124|4127|4130|4132|4138|4139|4140|4141|4143|4144|4145|4154|4156|4160|4166|4169|4172|4173|4176|4185|4189|4195|4201|4214|4220|4223|4227|4239|4243|4251|4252|4255|4256|4258|4262|4266|4271|4298|4301|4303|4305|4307|4318|4323|4331|4335|4336|4338|4341|4344|4348|4349|4363|4370|4380|4381|4392|4406|4424|4425|4436|4440|4442|4453|4468|4487|4489|4499|4500|4506|4516|4525|4535|4541|4542|4551|4566|4576|4591|4597|4612|4619|4621|4622|4627|4629|4637|4638|4639|4649|4653|4657|4665|4674|4678|4681|4684|4686|4693|4703|4706|4707|4715|4724|4727|4729|4740|4742|4755|4756|4757|4759|4768|4770|4780|4787|4799|4801|4813|4814|4822|4826|4829|4831|4841|4844|4846|4850|4855|4856|4858|4862|4864|4875|4882|4888|4893|4895|4898|4909|4933|4937|4938|4939|4952|4958|4962|4964|4975|4980|4987|4999|5012|5015|5020|5023|5026|5044|5056|5061|5065|5074|5079|5105|5116|5135|5139|5142|5146|5150|5151|5153|5155|5158|5167|5171|5175|5180|5184|5186|5195|5198|5204|5208|5233|5234|5237|5253|5255|5257|5267|5268|5271|5272|5274|5275|5277|5280|5285|5301|5304|5305|5306|5315|5316|5326|5334|5340|5345|5355|5357|5362|5370|5374|5377|5389|5390|5398|5399|5414|5415|5426|5431|5432|5435|5438|5442|5446|5464|5465|5477|5487|5492|5495|5497|5499|5502|5504|5516|5519|5523|5526|5527|5530|5531|5532|5533|5536|5537|5538|5540|5544|5551|5556|5560|5581|5587|5589|5597|5610|5612|5613|5617|5631|5633|5640|5641|5642|5649|5666|5678|5683|5686|5687|5697|5702|5705|5719|5720|5732|5737|5739|5740|5744|5762|5765|5770|5782|5784|5795|5806|5808|5811|5822|5824|5832|5840|5843|5844|5861|5868|5877|5883|5886|5896|5903|5911|5916|5918|5921|5922|5924|5938|5944|5945|5947|5954|5956|5958|5959|5974|5982|5983|5990|5995|5997|6008|6018|6061|6074|6075|6076|6080|6085|6087|6090|6092|6093|6097|6098|6102|6122|6130|6137|6140|6160|6170|6177|6178|6180|6182|6184|6188|6233|6234|6248|6249|6252|6255|6259|6276|6286|6294|6304|6309|6310|6320|6326|6327|6329|6333|6354|6362|6363|6373|6388|6394|6399|6409|6412|6414|6424|6427|6435|6441|6450|6451|6453|6477|6483|6496|6504|6527|6532|6542|6551|6556|6557|6572|6581|6587|6588|6589|6597|6598|6601|6603|6604|6607|6611|6618|6628|6630|6638|6639|6665|6671|6677|6678|6689|6690|6692|6693|6708|6709|6712|6728|6734|6740|6744|6745|6746|6751|6754|6759|6766|6768|6776|6781|6794|6797|6798|6800|6802|6819|6825|6838|6852|6857|6860|6867|6874|6896|6898|6899|6951|6967|6968|6990|6991|6994|6999|7002|7004|7011|7013|7018|7030|7037|7041|7044|7045|7046|7052|7054|7055|7062|7066|7070|7072|7074|7077|7080|7086|7087|7089|7093|7097|7101|7107|7114|7115|7123|7133|7137|7141|7142|7147|7151|7156|7157|7161|7162|7173|7179|7182|7192|7197|7216|7218|7219|7230|7240|7243|7252|7257|7263|7275|7296|7297|7307|7316|7321|7333|7344|7347|7348|7350|7365|7372|7379|7380|7388|7395|7398|7408|7410|7411|7413|7415|7428|7429|7431|7434|7441|7445|7450|7458|7467|7470|7483|7488|7495|7503|7505|7511,78.35,True
instance_0013.txt,dinkelbach_mip,1388,20,1240,4942|7346|4385|1453|3524|5224|3627|6301|322|500|1254|2954|4230|5257|854|2179|2783|3599|3645|4739|5708|5744|7993|8022|39|43|59|93|215|558|623|672|978|1478|1592|1613|1651|1661|1830|1870|1881|2274|2668|2747|2857|2917|2998|3439|3876|3939|4006|4238|4278|4431|4444|4559|4566|4866|5226|5385|5577|5599|5612|5633|5645|5774|5977|6171|6265|6269|6381|6518|6833|6848|6859|6903|7097|7236|7434|7510|7521|7546|7732|7913|7951|8240|9|10|13|27|31|41|56|63|64|65|68|72|75|83|89|92|102|112|125|128|130|135|137|140|150|157|175|186|200|204|213|218|222|229|233|241|243|244|248|249|261|263|269|272|274|277|280|281|295|298|299|313|315|319|329|333|342|351|352|360|370|383|394|396|419|420|425|427|434|435|436|443|445|454|475|479|485|489|499|503|504|508|510|512|516|517|519|522|526|531|537|543|550|552|554|556|570|571|573|579|584|597|602|603|611|618|619|624|625|631|635|645|647|648|661|665|669|676|682|685|690|692|698|705|706|708|714|719|724|731|735|744|752|755|757|766|776|778|779|783|784|786|811|812|821|825|834|835|847|855|861|874|882|885|886|895|904|910|922|936|937|947|959|961|965|969|970|972|979|988|990|996|999|1007|1009|1019|1022|1039|1051|1058|1063|1064|1067|1092|1114|1121|1137|1149|1150|1151|1152|1155|1158|1164|1168|1172|1183|1186|1194|1195|1197|1198|1206|1226|1227|1234|1240|1252|1256|1267|1269|1273|1275|1276|1285|1286|1292|1293|1308|1311|1313|1324|1325|1333|1335|1348|1357|1368|1373|1385|1388|1391|1393|1399|1407|1410|1429|1431|1433|1434|1440|1443|1445|1447|1452|1454|1462|1466|1469|1476|1480|1488|1510|1511|1513|1525|1532|1548|1551|1552|1556|1569|1574|1577|1578|1580|1583|1586|1588|1594|1598|1599|1603|1607|1618|1622|1625|1626|1627|1629|1633|1640|1644|1647|1652|1657|1665|1672|1684|1690|1699|1701|1712|1713|1715|1716|1719|1722|1723|1734|1736|1742|1753|1761|1766|1779|1784|1799|1818|1821|1828|1835|1839|1840|1843|1848|1853|1854|1856|1857|1861|1866|1874|1877|1882|1886|1895|1901|1902|1904|1911|1915|1917|1925|1926|1929|1930|1940|1947|1951|1957|1962|1996|2001|2006|2012|2016|2018|2030|2034|2037|2047|2052|2070|2078|2085|2086|2089|2092|2094|2105|2106|2121|2123|2129|2136|2142|2145|2146|2155|2167|2168|2202|2203|2213|2214|2231|2235|2238|2239|2240|2246|2249|2251|2254|2257|2260|2267|2278|2298|2302|2320|2327|2335|2337|2342|2353|2354|2355|2364|2372|2375|2392|2405|2417|2419|2427|2428|2439|2442|2455|2459|2461|2464|2469|2478|2487|2491|2535|2541|2546|2549|2553|2566|2567|2569|2573|2576|2586|2593|2599|2602|2606|2607|2610|2616|2619|2627|2638|2642|2646|2649|2660|2662|2669|2672|2676|2679|2680|2688|2693|2700|2703|2720|2730|2734|2751|2753|2754|2762|2763|2765|2770|2773|2790|2793|2803|2805|2811|2820|2822|2827|2828|2829|2838|2846|2853|2867|2879|2886|2906|2911|2913|2916|2924|2927|2928|2944|2946|2953|2955|2958|2961|2966|2967|2971|2974|2987|3003|3008|3010|3013|3016|3021|3026|3038|3043|3090|3095|3112|3118|3126|3127|3136|3150|3153|3164|3174|3177|3184|3189|3191|3194|3200|3216|3224|3226|3227|3230|3236|3245|3252|3268|3269|3281|3285|3287|3288|3290|3303|3317|3322|3329|3333|3334|3335|3340|3356|3357|3362|3367|3379|3382|3389|3396|3403|3405|3406|3409|3412|3420|3428|3436|3445|3453|3456|3460|3461|3471|3478|3485|3491|3495|3497|3498|3509|3519|3522|3523|3528|3534|3539|3548|3553|3556|3568|3570|3572|3582|3587|3588|3590|3593|3600|3615|3629|3638|3644|3656|3663|3669|3674|3681|3684|3688|3717|3718|3722|3724|3733|3740|3743|3763|3767|3768|3770|3779|3791|3797|3809|3825|3836|3857|3864|3868|3871|3873|3874|3879|3881|3891|3892|3894|3898|3910|3915|3923|3929|3931|3946|3947|3950|3952|3972|3974|3982|3987|3997|4002|4013|4029|4032|4051|4052|4054|4064|4067|4074|4076|4085|4090|4095|4100|4102|4106|4109|4112|4117|4122|4126|4136|4140|4153|4154|4172|4176|4178|4180|4183|4200|4211|4218|4221|4222|4225|4226|4240|4248|4256|4258|4261|4269|4273|4276|4286|4296|4313|4321|4322|4332|4335|4371|4382|4390|4396|4407|4410|4413|4417|4430|4432|4435|4438|4454|4456|4461|4477|4484|4490|4495|4498|4507|4529|4530|4532|4534|4544|4548|4555|4564|4570|4583|4584|4588|4600|4613|4621|4622|4626|4628|4632|4640|4642|4664|4675|4706|4713|4716|4733|4751|4752|4755|4770|4771|4776|4783|4788|4789|4790|4805|4814|4821|4827|4828|4833|4848|4851|4852|4855|4857|4874|4876|4877|4891|4893|4899|4901|4904|4906|4907|4917|4920|4925|4944|4964|4966|4987|4989|4990|4992|4999|5001|5002|5010|5022|5038|5041|5050|5054|5055|5066|5075|5087|5088|5089|5090|5095|5104|5114|5118|5123|5143|5146|5165|5174|5184|5189|5192|5200|5204|5212|5217|5221|5229|5235|5236|5262|5264|5265|5273|5275|5276|5277|5280|5282|5284|5293|5300|5304|5315|5334|5345|5346|5348|5362|5369|5371|5374|5375|5376|5392|5407|5413|5424|5433|5445|5454|5455|5464|5484|5485|5495|5496|5512|5514|5519|5531|5539|5546|5547|5550|5557|5575|5576|5579|5587|5605|5606|5614|5625|5626|5628|5630|5635|5642|5643|5646|5648|5668|5670|5671|5687|5690|5691|5692|5705|5709|5716|5731|5732|5734|5736|5739|5741|5757|5766|5783|5790|5793|5804|5805|5810|5812|5819|5822|5824|5831|5835|5848|5856|5858|5861|5869|5872|5879|5884|5886|5898|5903|5906|5913|5914|5921|5922|5926|5930|5940|5941|5945|5956|5961|5972|5976|5979|5980|5985|5995|6000|6001|6003|6009|6019|6024|6042|6043|6044|6047|6054|6055|6058|6084|6086|6090|6099|6103|6114|6132|6153|6166|6167|6198|6202|6206|6227|6241|6247|6251|6271|6276|6279|6305|6321|6336|6338|6339|6340|6348|6352|6365|6376|6379|6380|6383|6388|6390|6394|6399|6419|6434|6438|6444|6449|6451|6458|6466|6473|6479|6484|6490|6500|6501|6502|6514|6526|6534|6541|6548|6556|6560|6561|6579|6581|6583|6598|6607|6614|6616|6617|6622|6629|6638|6643|6651|6655|6657|6674|6676|6684|6689|6691|6692|6695|6696|6697|6700|6709|6711|6713|6730|6734|6735|6736|6748|6750|6762|6765|6774|6775|6788|6791|6792|6799|6809|6836|6843|6847|6852|6858|6862|6867|6871|6876|6883|6887|6891|6899|6905|6906|6911|6936|6946|6947|6957|6965|6967|6976|6984|6995|7023|7028|7030|7033|7039|7043|7058|7060|7070|7071|7072|7099|7108|7114|7119|7129|7132|7134|7142|7145|7149|7151|7161|7162|7172|7175|7181|7184|7188|7194|7196|7201|7207|7212|7213|7225|7235|7255|7257|7260|7280|7283|7284|7286|7289|7308|7313|7318|7334|7335|7345|7352|7353|7357|7378|7379|7383|7387|7394|7395|7399|7405|7412|7419|7422|7423|7424|7431|7432|7441|7452|7472|7476|7477|7478|7484|7489|7492|7494|7499|7517|7522|7524|7532|7535|7544|7554|7556|7560|7572|7576|7591|7599|7606|7607|7610|7624|7628|7629|7640|7647|7668|7683|7687|7689|7701|7706|7719|7721|7728|7731|7733|7749|7754|7756|7759|7767|7781|7783|7790|7794|7799|7801|7809|7812|7822|7823|7828|7838|7840|7841|7871|7872|7886|7912|7914|7924|7925|7931|7932|7943|7953|7958|7969|7974|7981|7990|7991|7995|8003|8007|8014|8025|8027|8030|8037|8044|8046|8048|8052|8064|8066|8071|8074|8076|8081|8082|8095|8107|8113|8116|8120|8123|8124|8126|8128|8142|8145|8158|8161|8163|8167|8176|8178|8180|8189|8199|8202|8204|8207|8210|8211|8218|8223|8227|8234|8241|8248|8250|8266|8284|8287|8290|8292|8294|8298|8309|8316|8319|8326|8327|8337|8350|8374,2|9|44|56|62|69|79|108|134|229|245|248|253|269|276|303|324|349|389|397,1|4|11|13|18|24|30|32|34|40|44|48|56|58|66|67|82|84|85|95|97|103|106|118|143|146|156|159|162|167|173|174|182|186|203|210|232|233|238|241|244|245|250|255|273|274|276|287|288|295|296|311|314|328|332|344|352|353|355|360|362|364|371|379|402|420|424|429|436|447|449|453|458|459|472|475|476|482|495|497|499|511|515|518|520|542|552|555|562|563|573|574|577|582|590|599|604|617|624|628|632|645|653|661|666|668|671|673|676|682|685|687|695|696|713|719|720|724|745|747|749|751|755|756|757|758|759|763|765|772|776|781|782|793|794|800|802|820|823|834|836|837|838|839|840|841|842|850|851|855|858|863|871|874|881|886|889|906|907|908|915|920|921|924|928|956|958|961|965|973|981|985|988|992|997|998|1001|1007|1010|1020|1024|1025|1031|1037|1047|1049|1051|1057|1058|1067|1075|1076|1080|1081|1089|1096|1097|1120|1126|1140|1161|1166|1168|1169|1172|1179|1180|1187|1193|1220|1231|1238|1240|1246|1254|1260|1264|1271|1272|1280|1286|1293|1317|1334|1340|1342|1345|1346|1347|1350|1359|1361|1365|1367|1378|1382|1386|1392|1395|1396|1399|1407|1410|1413|1416|1417|1421|1424|1425|1435|1437|1438|1441|1451|1456|1467|1479|1488|1498|1502|1516|1529|1532|1533|1546|1554|1557|1558|1571|1585|1593|1597|1600|1607|1620|1625|1626|1627|1628|1640|1648|1649|1655|1664|1666|1671|1673|1681|1701|1705|1706|1726|1729|1740|1743|1748|1755|1758|1767|1777|1785|1790|1791|1799|1821|1832|1833|1835|1843|1844|1855|1861|1867|1872|1874|1877|1881|1901|1906|1910|1922|1924|1925|1933|1935|1941|1950|1963|1971|1974|1980|1987|1991|2005|2007|2009|2011|2014|2017|2029|2033|2038|2040|2041|2044|2074|2075|2083|2085|2089|2090|2096|2105|2111|2113|2114|2116|2117|2122|2124|2125|2130|2131|2133|2139|2147|2157|2161|2177|2185|2186|2193|2197|2200|2203|2205|2207|2217|2231|2257|2264|2271|2276|2278|2284|2301|2308|2314|2323|2324|2326|2331|2332|2341|2342|2344|2347|2349|2353|2356|2361|2362|2373|2380|2388|2404|2426|2427|2429|2432|2433|2434|2441|2442|2452|2463|2464|2473|2477|2485|2498|2499|2500|2510|2524|2528|2531|2546|2559|2573|2576|2577|2578|2579|2580|2581|2586|2588|2590|2591|2599|2613|2617|2623|2626|2634|2637|2646|2649|2651|2659|2679|2710|2722|2738|2747|2748|2749|2750|2757|2776|2790|2791|2803|2806|2815|2817|2821|2822|2823|2824|2839|2841|2847|2852|2856|2860|2869|2870|2879|2891|2893|2899|2900|2917|2924|2929|2934|2950|2952|2961|2973|2974|2979|2988|2995|2999|3005|3010|3014|3015|3016|3017|3023|3027|3037|3045|3061|3063|3068|3072|3084|3093|3094|3096|3113|3115|3121|3131|3133|3135|3138|3139|3154|3155|3158|3166|3167|3178|3181|3188|3192|3200|3218|3220|3222|3228|3233|3234|3238|3244|3246|3254|3258|3260|3266|3267|3278|3282|3285|3298|3302|3318|3324|3328|3330|3331|3335|3340|3341|3343|3344|3355|3363|3367|3372|3378|3380|3388|3393|3399|3400|3403|3414|3427|3435|3439|3441|3444|3445|3452|3455|3471|3473|3474|3476|3482|3501|3504|3508|3511|3537|3560|3564|3572|3576|3579|3582|3586|3589|3593|3594|3596|3613|3625|3626|3627|3630|3631|3657|3668|3679|3681|3688|3693|3695|3701|3704|3705|3706|3718|3721|3725|3737|3745|3746|3751|3752|3762|3785|3792|3795|3799|3816|3818|3821|3832|3833|3836|3843|3846|3848|3855|3861|3868|3874|3892|3893|3899|3913|3918|3927|3928|3931|3936|3937|3955|3974|3978|3986|3991|3997|4000|4002|4009|4017|4025|4038|4041|4048|4068|4070|4074|4078|4079|4080|4083|4087|4088|4089|4093|4105|4119|4127|4129|4130|4138|4139|4143|4144|4145|4160|4169|4172|4173|4176|4185|4195|4201|4205|4211|4213|4214|4216|4220|4223|4234|4239|4251|4255|4256|4258|4266|4289|4298|4305|4307|4310|4314|4317|4319|4323|4325|4344|4346|4348|4349|4351|4370|4379|4380|4381|4406|4416|4424|4436|4437|4442|4453|4460|4468|4481|4487|4489|4499|4500|4516|4527|4535|4541|4551|4566|4567|4569|4570|4576|4578|4584|4596|4599|4612|4619|4621|4637|4639|4649|4653|4657|4664|4665|4674|4678|4679|4684|4686|4703|4706|4707|4715|4717|4720|4724|4729|4740|4742|4749|4750|4756|4757|4758|4759|4787|4793|4799|4801|4805|4811|4813|4814|4815|4816|4822|4823|4826|4829|4831|4840|4841|4850|4852|4855|4858|4874|4876|4880|4882|4893|4894|4895|4898|4907|4928|4933|4938|4952|4958|4964|4965|4975|4980|4987|4988|5020|5023|5026|5033|5044|5055|5061|5065|5074|5079|5085|5108|5116|5118|5134|5139|5142|5150|5151|5153|5155|5158|5159|5161|5168|5173|5175|5180|5184|5186|5195|5198|5204|5208|5214|5216|5233|5234|5248|5252|5268|5271|5272|5274|5275|5277|5305|5306|5313|5315|5316|5334|5338|5345|5352|5355|5357|5358|5362|5373|5374|5377|5384|5386|5389|5399|5409|5414|5415|5418|5421|5431|5435|5438|5442|5461|5464|5467|5481|5482|5487|5492|5494|5495|5497|5502|5504|5512|5516|5521|5523|5531|5532|5533|5536|5543|5544|5551|5556|5560|5562|5589|5598|5607|5610|5612|5613|5617|5623|5631|5637|5638|5640|5642|5644|5651|5678|5683|5689|5697|5702|5705|5719|5720|5732|5737|5739|5741|5744|5746|5748|5760|5765|5770|5780|5782|5784|5789|5795|5806|5822|5832|5843|5861|5863|5866|5868|5877|5883|5886|5887|5896|5903|5911|5918|5921|5922|5924|5935|5937|5938|5944|5945|5947|5954|5958|5959|5964|5965|5982|5983|5995|5997|6018|6044|6060|6061|6075|6080|6085|6087|6088|6090|6092|6093|6094|6098|6100|6122|6123|6130|6137|6149|6153|6160|6161|6176|6177|6178|6184|6186|6188|6190|6198|6207|6219|6220|6234|6248|6249|6250|6254|6255|6259|6276|6286|6294|6304|6309|6325|6326|6327|6333|6352|6355|6362|6386|6409|6413|6414|6445|6447|6448|6450|6451|6471|6472|6477|6496|6504|6510|6527|6542|6551|6555|6556|6572|6581|6584|6587|6588|6589|6597|6601|6604|6607|6611|6618|6628|6630|6646|6650|6665|6671|6677|6678|6690|6696|6697|6708|6709|6712|6728|6734|6740|6744|6745|6746|6751|6754|6761|6768|6770|6794|6795|6800|6802|6819|6836|6838|6843|6846|6857|6858|6860|6867|6881|6896|6898|6899|6901|6920|6944|6951|6958|6959|6968|6975|6982|6988|6990|6991|6994|6998|6999|7002|7004|7011|7018|7020|7030|7031|7037|7041|7045|7046|7055|7062|7066|7072|7074|7077|7078|7086|7087|7089|7093|7097|7098|7100|7101|7123|7125|7129|7133|7136|7137|7141|7142|7143|7147|7157|7167|7179|7185|7186|7192|7197|7200|7206|7216|7219|7230|7231|7240|7252|7263|7275|7287|7295|7297|7307|7308|7313|7333|7344|7347|7348|7355|7365|7376|7378|7379|7380|7394|7398|7399|7408|7418|7428|7429|7431|7434|7440|7441|7445|7458|7463|7467|7470|7471|7479|7488|7495|7503|7511|7517|7524,77.15,True
instance_0013.txt,random,3873,364,3622,3097|6569|4396|4836|4932|7237|7291|4626|1207|3387|4145|1500|8347|5538|3161|3291|4621|1671|5349|5090|5684|705|2584|777|6816|6777|2152|2716|4437|228|5306|3285|4233|1478|4535|4431|848|7899|6753|2612|6043|4315|5291|2353|4813|2954|743|912|8071|6762|8316|7318|7739|786|3896|4856|6808|7363|7252|8336|5858|1232|2995|372|1437|1509|2257|3881|7386|6009|5358|7599|1132|6251|1171|7354|3807|5427|2993|76|6852|2022|3408|2111|4631|4566|1280|634|2633|1561|5172|3593|725|6303|4077|5891|3825|5173|7388|776|318|5614|6048|4541|4141|642|3552|2894|7366|2642|555|3571|7912|4130|3887|7045|493|6662|5898|2018|2669|7424|6443|292|8199|4421|2626|6003|7689|2347|2766|1168|4637|1350|5403|3728|7691|1141|7596|4948|4468|3483|1134|6363|6282|3986|8155|4471|3664|623|1560|3489|6186|65|3696|125|5373|4392|5962|7459|359|4418|1082|1308|85|970|6092|7426|1234|183|4918|2050|4171|1740|1464|5|1164|2380|444|6037|5946|4292|3830|2689|1559|7780|7873|2047|2662|1324|5573|8095|469|7552|652|7940|1183|6267|1650|357|3496|4313|7553|1552|2250|3853|3963|3148|4377|5132|931|741|3648|3892|784|4707|3114|1507|289|2422|1741|2973|2440|4223|3924|2696|7900|7577|5866|7259|3781|1951|879|844|3240|7672|4043|1758|7732|6741|7605|2161|4270|4253|4254|3979|6179|4457|4905|134|5749|3104|7957|5376|7893|7316|8120|8323|3880|8246|3502|988|6325|1800|2287|6347|8073|193|3734|5560|7258|6839|6072|571|5332|572|1937|5201|6845|6342|1336|820|5178|1282|5135|1177|7056|3589|6208|22|5735|7190|4956|2528|3804|8148|4795|6182|2644|4681|3956|1964|6069|5545|4792|8206|2515|2361|156|625|5642|4096|1368|7846|35|8365|5050|6271|3482|5400|5188|2196|1967|1759|6544|1462|2803|6630|2788|4584|547|1862|4790|1341|873|2512|4646|4370|1394|2178|5728|8346|7971|7182|2286|8052|6023|8069|1900|3666|325|6390|3221|3237|8328|7815|5455|7069|4350|5327|6505|330|1021|6484|2797|2702|7500|1842|5363|6697|5569|1791|4939|3882|3037|7030|2730|8154|6115|6523|8251|7028|5071|6099|6728|8217|6663|3225|3376|4499|1615|6564|8074|4280|1029|8123|2560|4046|5447|55|8121|2325|2914|6309|3733|655|6546|1970|1307|81|4383|1220|1663|3615|3178|340|3171|2464|6939|3044|8041|5319|7055|6013|5278|2357|2211|2739|6485|5742|4302|231|3445|2918|273|5037|5796|1242|6971|7620|519|2666|832|6337|6757|6149|1965|2344|5370|2483|2869|5307|1155|3578|7827|4733|3823|1817|4482|1811|4586|5049|6140|1225|2239|5795|2399|5293|4588|2303|4734|5813|2804|6561|806|3778|2611|1397|219|1506|195|1061|2790|6409|1654|3344|5247|3434|5008|3020|5108|4936|845|2851|540|6047|2480|4429|4388|495|660|3782|7646|2300|3763|2568|1231|934|4602|963|1852|1256|6976|6634|6652|673|6642|4805|1834|6812|4298|8252|539|1269|7711|1200|5881|7407|8018|3877|4382|795|6209|5697|6846|2943|8195|5438|7542|4277|528|4199|7982|1887|301|6712|648|4186|4453|6900|2986|2295|7046|1185|2704|4677|7372|6478|4261|1927|2516|4449|1118|1388|5308|1009|135|4447|7681|50|5015|5665|6868|5409|1923|6329|7297|1306|6007|20|744|7299|2502|5252|6430|4014|4177|4898|6806|3789|8241|6416|5234|8237|8017|7752|7117|7829|7889|3382|1753|1543|6440|5444|8171|5601|1917|1258|3514|3189|969|7282|7499|3766|3184|3609|7965|6513|6022|833|7000|5167|4061|6974|5713|3750|2932|8047|7830|1956|7523|4667|5211|1555|1106|1589|1584|854|5233|1625|92|4212|6560|6516|288|2444|3757|1952|2795|4697|3370|7793|6020|6000|4964|5689|5683|5060|2064|313|494|6153|4605|3633|3764|6293|4859|4443|5386|6229|4906|2724|5063|6733|3809|6571|7315|2209|6393|3795|1977|6956|6500|3461|4862|3025|6892|6109|7139|2290|419|2085|4791|5318|4455|2372|1259|8267|6843|998|63|6695|1166|836|1598|7647|6326|6952|7452|5052|2088|1915|6656|40|4574|7865|4769|5969|5375|4048|5334|4934|799|659|152|7385|5102|3644|7868|6995|1889|2756|6962|5700|97|2727|7147|7029|3553|4854|7726|5384|1411|567|5236|3010|4513|5068|2507|3452|248|6548|4988|7096|3082|5429|1008|4674|8043|1538|3101|1196|2163|5366|6935|649|2049|7783|1051|235|8179|7121|2222|1250|6925|1755|245|6945|4583|752|2620|548|5616|8299|1904|1575|4783|5294|4318|3962|4878|771|6230|8192|4444|110|5961|3932|6895|3769|7949|5067|8091|898|5456|7851|7185|2324|7495|78|788|7813|940|459|7050|4804|4571|1485|6005|5806|5895|4685|377|2472|1494|1660|4123|6553|6272|5748|5523|4424|8152|4610|5551|775|3854|2900|4219|5648|4770|772|170|4002|1681|239|974|6316|5651|7774|6093|1122|5979|1093|3244|8007|7132|2960|7729|4135|2408|557|4730|2740|3971|6654|7543|6350|1827|3350|6746|1520|7731|664|5664|1620|4309|249|4098|6450|6446|6724|5498|1094|2981|3831|2505|6668|3925|8225|5147|5024|1441|6902|6318|755|7845|5965|2676|3471|4192|6473|121|2335|1384|4430|2224|5681|1822|4629|3791|1685|4723|4585|558|8304|4800|3056|5028|3324|3717|4893|5974|5089|2296|829|7767|5042|4609|6435|7172|5595|3462|2083|3473|8248|8213|1383|6311|2449|1330|3398|6732|7669|1001|7678|518|4520|6932|1992|3177|8353|6529|7832|5197|79|5954|4500|5051|6050|2547|6476|4179|1580|203|2956|1211|6029|4487|5869|7034|7006|2179|914|2870|1844|2557|6356|6444|4542|439|7106|1137|1907|1296|3487|5124|1489|3472|2529|4994|7928|3765|4114|3230|8008|7140|1812|5151|2829|224|4439|4503|5249|5074|4818|698|423|138|4738|7087|8119|1037|1659|7149|3921|8129|5926|7662|5668|52|5759|45|5660|7515|7360|7994|6124|606|6744|5949|7150|4824|5340|520|3160|3093|5348|4508|7756|3851|3937|3810|4929|4882|7098|2139|8370|2042|6970|5647|3832|985|6107|6432|653|5676|2451|7622|1085|3159|1344|7568|1060|7047|5951|7018|4244|5415|0|4325|1568|1007|3195|1569|4215|7267|6066|345|6200|1657|1070|4771|3758|8075|7492|120|3306|2370|3907|3000|6738|4479|516|849|8145|3208|5892|5650|4779|46|3251|1423|5287|2432|712|5838|1279|6681|7715|422|3847|717|5852|2378|5359|3433|8141|3297|3871|7479|6287|6247|5017|4852|5204|66|5712|4282|7797|586|1157|7250|1574|8228|7890|1163|1310|1099|5436|3687|3964|6943|530|6811|821|1297|8014|7609|4419|38|1396|4198|8216|2917|4371|5486|3204|5877|344|4359|1767|5977|697|1266|1283|6357|7438|7312|3019|3095|287|5137|7435|1909|3488|306|4841|3146|4924|5445|4942|8324|7470|1039|2808|7310|5200|2697|1470|5758|5661|2677|2258|3560|5099|8150|3741|7959|2260|7242|3092|3727|4756|7572|4662|3779|3438|1135|840|5121|1443|2717|6714|4136|3606|6465|5932|154|7513|277|6737|6286|8348|4078|3699|1463|1700|5510|2647|5721|552|3362|4111|2496|3894|8288|7090|7338|2489|1055|8226|3497|2988|4473|5604|802|6261|3916|2157|6782|4833|937|2298|4138|7113|6254|810|5524|819|5900|2786|6832|3689|4638|3505|124|3009|3394|5757|307|3280|902|4599|7493|5825|6873|3923|3484|4412|3255|8269|7883|5283|2765|7390|6298|2681|6657|2948|5638|3049|7268|5811|1188|6378|5586|3805|8084|5929|6128|4987|7199|8342|1809|2004|6775|4420|1298|5808|107|8275|8181|5641|2175|2921|3818|373|1235|4060|5729|2783|689|7792|5597|3911|807|2580|1958|6144|504|5778|2767|4329|4102|6893|2915|6615|4379|1167|6155|5626|251|7575|4978|6073|3695|7488|3085|4299|4864|6418|1371|3914|278|4275|427|6515|201|2470|2832|7329|2718|2888|4491|7871|8303|5267|2784|7723|856|160|4166|6343|7666|8212|6165|602|5195|1528|5393|3959|3429|3507|3005|5126|8178|8273|1804|1391|8138|105|1398|7510|309|7260|4691|2389|188|5764|7762|4262|4611|4539|3209|3863|1576|3286|6248|5841|6504|6380|7044|3067|7476|7527|8116|758|2078|1145|4921|4474|6114|7221|5144|5745|7506|7632|6017|6552|6768|6992|3527|6865|1348|1422|2119|5131|4432|2365|2701|1971|3523|328|2590|8193|4504|3919|3214|70|2525|1401|4911|3934|5113|5471|1717|3822|818|3725|129|163|1434|1058|796|4758|1946|1617|7134|5502|6872|2359|2822|441|4079|8197|7876|6451|37|2814|2455|366|5612|6936|8314|3440|7537|5107|4365|2911|7130|2468|8317|702|4191|8107|7637|7058|8176|3904|4317|872|3813|3147|1254|7302|6138|4751|6076|1335|3388|4515|5859|71|2417|2006|892|3412|2738|2100|7598|5478|3788|3503|8292|2576|323|5335|878|6420|5056|1097|7682|5061|7273|3154|7394|727|1644|6522|2548|4326|4687|5528|4992|5326|7201|6764|7919|801|3793|8331|5080|6751|4092|5906|6264|1762|3124|4205|4024|2504|7520|6957|6624|5431|8306|2565|2484|3645|5190|3859|6162|6643|5812|3908|4726|2274|481|7010|236|3084|4666|5677|5277|3356|5719|1017|4011|7692|6673|5711|585|8024|6180|2229|2406|5094|5299|223|3753|8035|5517|3573|4810|654|4490|8108|2713|5957|1059|1953|6455|7262|7775|5688|8187|3528|1151|4708|3457|6346|2079|6327|575|3409|5062|5323|7525|5048|7892|3926|6827|336|191|5079|3162|3442|7997|6077|3234|887|5480|488|4428|4814|604|6736|4984|1795|5460|7257|4207|5590|3900|3709|1599|6899|1447|2891|2963|1728|939|5699|3465|6981|8087|1091|5646|6861|4767|1665|2678|2409|1295|376|7153|665|6358|5115|1493|6413|2167|4246|2621|6150|1883|5072|2340|2327|4656|3784|5159|7933|7062|3226|1191|2463|3236|925|4624|3248|3454|923|5096|7958|4925|75|3103|7012|1339|5663|2413|886|6877|3836|7415|7649|2228|3055|2938|1742|4579|5865|4121|2735|4247|3994|3075|3393|720|267|5762|6734|2497|2453|3337|4172|2610|1928|253|4772|838|271|1379|2693|2880|5695|3466|1182|603|3759|7817|418|1261|7320|7563|6181|8208|7288|3107|7733|6085|8355|5581|2364|5122|7977|4665|942|1976|2845|1675|5473|3499|2045|965|4968|175|7955|3372|1582|2393|1905|5876|1873|2592|5542|2394|4260|6116|3814|3595|8205|5162|3119|4015|1502|6096|3520|826|1046|6919|2452|4480|1004|3641|5322|7833|5418|8063|4391|3597|382|952|449|6160|2706|4787|5740|3167|5465|5780|3130|864|5823|4567|6196|5522|6930|6961|342|4957|895|171|2225|3098|3224|2103|6942|6034|4842|4735|1373|5367|3574|588|1382|3054|3141|1525|3547|1743|1472|684|1466|3015|1623|4660|7192|10|4242|666|8235|2586|967|3944|5772|4748|7270|8085|2202|5098|2265|5194|3850|480|2889|8254|3428|3642|2405|6923|1880|64|5059|2068|4384|5578|1449|4288|137|4531|2332|543|7477|4112|3395|7590|6648|1268|2573|3533|1676|1251|3327|2636|6774|3572|7093|2819|149|6628|1947|2769|3079|4044|1925|1558|5487|1370|7922|7946|4912|8321|3053|3172|3065|6691|7249|4203|451|6220|7383|5500|7993|3030|2653|1537|8032|1390|4969|2553|4863|5464|3688|5119|2473|7905|1983|3380|672|6441|1551|5707|7211|2831|1209|1703|7854|2214|8290|2076|4591|8183|1081|3198|7216|6398|286|4175|6482|1752|7547|8182|90|5356|4682|4373|5754|3535|5214|1488|6412|846|8030|927|6807|7048|3613|4825|462|6373|7324|8180|2503|6901|1227|7707|6534|1564|2836|3213|3638|6986|5769|3811|3430|2661|3217|6677|2341|3955|6723|5495|2482|4625|5533|6541|3735|2526|3002|730|7152|5975|6625|7440|7875|7631|6862|1577|5286|2360|8189|1293|1012|2388|1392|1486|2217|5120|1835|6566|3031|5187|2342|7573|5903|7835|214|1585|3990|5752|3885|5426|5708|8101|1689|1805|4310|2659|274|5727|3660|3562|1916|2813|966|394|3386|6172|1328|2355|7447|1751|1041|406|268|8270|5513|2475|3456|7987|6645|5899|5770|6948|2846|6674|7416|3600|6059|922|1979|8088|6735|8081|6556|5704|7016|8160|6593|8374|1798|6292|6727|1674|2864|284|6729|189|2552|5378|7254|7970|7392|1930|140|2002|1363|6089|1933|2645|5343|5915|6291|5557|6731|3681|3845|2618|6776|4259|2688|4536|3874|7950|5228|2785|4045|2543|4594|7177|4642|1949|2944|1605|4023|7116|4693|5298|7574|2048|943|8050|8343|8227|2477|6417|4829|1943|5833|6374|3611|8361|2009|7198|7528|6384|6710|4525|5419|1648|6333|1766|1529|6705|4577|3013|3650|6285|1349|1921|1607|6614|4354|4020|6602|7204|2602|5970|6752|5868|436|2149|8036|7751|2216|1140|3296|521|6359|2732|18|8334|6460|953|3275|1532|5258|2632|282|3007|824|7628|6434|3918|310|1896|7413|3272|388|556|1969|3284|2416|6858|7461|3133|4632|6260|5007|8037|7486|5593|3647|2486|6377|8315|6198|3371|1748|1763|1542|3126|159|2549|5404|3480|7897|1329|644|5944|5621|2962|1922|619|5213|6167|2206|7057|7529|3612|6142|1442|5346|6524|7782|250|4494|792|5016|7402|9|7054|2040|7489|4139|1426|6119|36|15|580|4903|3995|7701|8276|1567|2284|4224|1818|3927|12|3682|7728|2245|5469|483|3550|1929|7844|4876|3862|6074|4688|5463|4381|2183|6889|8322|6747|817|6851|911|6387|4581|3996|2957|8274|2220|6941|3481|5914|5830|2809|497|2241|6794|2591|876|2984|2643|7091|8135|7913|1846|6835|2639|3390|2121|365|2924|2793|4094|4450|5036|4404|7755|2536|7776|6494|1985|317|6924|6897|6442|8173|3239|1156|2404|4218|7241|6944|2575|1572|314|6998|7184|729|4033|5274|3074|2867|4113|6980|180|6917|3737|6984|4221|8130|794|535|5577|1301|7812|1040|3622|4545|2630|1810|4933|3091|5947|1945|7460|7742|8239|3967|4037|2086|7175|3780|1273|5540|6667|2863|2964|4153|3668|8019|7143|5245|4426|7351|6425|4619|7695|7634|5623|1362|6411|1566|7367|255|2723|1474|4082|7042|842|3966|108|5994|7944|865|926|2356|3716|7355|6933|4725|6787|4034|5279|8126|5158|7071|7562|2381|8146|7881|7908|4127|3920|5184|2213|3736|3679|4236|681|2655|1054|5217|5931|4916|4522|7108|4118|1771|828|8211|3958|3506|6968|574|6306|995|5153|3089|3756|7651|6234|3917|3594|3078|7638|4555|4204|5738|2859|5004|5948|7580|5057|1452|2601|5519|2424|1263|3710|3913|4251|4559|7074|6963|3754|5392|1587|4021|990|5912|4775|6394|7530|2476|5935|5791|7229|956|6105|4486|1415|461|5839|1468|4097|417|5292|32|202|5483|2506|1850|7602|977|6330|1859|2828|5815|3665|1722|1544|2939|1737|6366|1796|6618|7768|4897|885|5512|867|4832|5331|8031|6661|1867|3432|5428|4888|6120|1632|855|1125|4959|954|5181|2150|1|6415|7819|4518|7738|7314|3241|4411|265|3601|6784|1418|302|6619|4649|3303|4407|1527|1193|6607|7671|6740|7086|7357|4497|2625|7064|2569|693|5207|2937|8214|5266|8013|8366|874|7760|1843|2794|6040|2827|3182|4009|4750|7234|813|6319|3391|4364|1720|2958|7313|2158|1340|8044|583|3088|2247|2965|2072|8058|2096|6603|7938|1935|4973|7849|6219|7331|2132|6669|6126|4304|7148|7559|6064|991|4312|7264|866|4713|7750|888|6301|4409|6689|6988|335|1679|3856|7951|3948|5620|5169|6550|1708|1120|3608|2172|4720|3614|389|2297|754|4475|1087|6038|1148|4885|4400|7995|3216|3340|1680|5141|4643|2177|3157|3476|1226|3643|2902|5401|7368|194|3762|14|7287|2328|1536|145|2551|526|6927|7290|5021|1602|3039|3401|7674|1131|3073|6486|8072|491|4820|5980|537|7996|6129|2105|1174|2953|1347|6863|3598|93|2135|4617|6175|3235|2312|4657|197|7450|7274|6103|2922|5732|2652|1678|3066|5304|1912|733|4886|1359|2699|1592|767|2439|551|7926|3331|4211|8326|4908|5361|4010|8266|4342|4398|2874|1204|5391|6012|7749|5164|1545|4848|6672|686|5227|3798|2776|4344|2747|8079|4851|3453|4991|4142|2063|3898|3656|7888|6332|6658|6803|369|7608|5976|5127|7451|2479|3542|2248|3004|7112|3761|383|3548|2567|7642|3742|5870|7247|305|1201|3086|4056|7847|5874|1972|7323|7617|4357|843|141|2338|559|1664|2734|6218|2334|2848|4435|626|1385|4316|1026|5537|2700|1212|4|2035|1323|891|3051|2579|8021|2975|6888|3719|1189|8308|3974|2682|5928|636|4319|7859|5011|861|5459|3584|1839|2720|2242|5908|6540|3524|4712|7431|6527|4039|2168|646|4981|7541|5871|5649|6244|7737|3886|2146|7321|8293|897|5417|3419|6062|1050|1902|5792|88|4200|1043|5608|7195|2877|915|8302|2117|5414|759|4095|4762|2037|4131|5656|6102|8128|4343|1782|2336|6883|27|3212|2881|2695|1184|6111|2856|2176|6480|2169|7306|5145|1814|2862|4706|3513|8357|722|4785|1052|6690|6891|8296|5466|6495|3138|1860|7983|900|6554|5216|3060|102|2854|4456|1772|7194|4970|385|6004|1101|1425|703|4231|238|5521|6068|4655|400|6739|7794|3378|6701|3261|616|8174|3876|1380|8162|2920|6804|5910|5785|726|4441|544|453|7059|5476|89|1934|4958|1103|7629|3057|1300|7765|1431|6222|3509|4718|1264|3815|3768|6214|6300|3792|7824|6294|7166|6866|7806|2024|4690|4562|1197|6502|1802|6749|2246|774|5924|4698|3187|3678|1571|1546|2133|5070|1612|921|3826|3414|2448|5799|7741|1080|2029|204|4796|935|333|5978|4156|2039|6032|5034|4208|7128|352|351|4229|7670|7433|8186|7076|3976|5687|6967|1821|8115|8004|1497|4041|7821|1760|247|7235|3100|2400|3373|41|6304|815|4026|3841|2722|8094|6477|6493|3143|4838|6910|7332|2162|661|2931|908|6572|3102|2596|6314|1403|5265|8327|3300|101|7901|6622|3587|8194|4492|532|913|2396|6341|7014|7522|6026|5530|2054|6101|4650|3655|4140|6501|5995|7031|949|7613|1591|1581|3155|7722|4182|3564|2898|8078|3422|3785|7841|7785|2238|6781|127|2431|2062|1180|1332|2123|7930|1112|2352|6049|1871|4189|496|5837|4466|2619|3843|5999|2709|2857|6143|4745|6263|7753|3508|757|6773|5273|7777|363|4913|3048|7866|7458|7978|8352|1799|3061|7200|2974|627|5570|5937|5527|8038|3335|1161|2613|4128|6526|5388|8054|656|3566|5923|2288|6709|2379|8140|3196|5821|430|5143|1240|1563|5364|5564|5673|1195|7118|2893|1429|4702|5416|8114|6355|789|3052|2311|153|534|5365|2027|1450|2792|4181|7231|2668|5065|6233|6324|745|6148|7442|2070|2343|2840|1942|1114|577|62|2237|1224|7224|7346|7077|3989|2412|3890|868|3183|3988|1978|2402|3071|1199|5625|8230|72|7164|6792|2807|4627|3179|5035|2434|8001|1702|5231|1984|3623|2935|4367|8344|6726|5208|5171|4209|678|2023|7858|2028|4291|2923|1338|3257|880|6258|2850|1642|3722|8280|216|6854|1987|2014|773|434|2156|3700|139|4587|822|1270|7061|7023|2346|1893|7886|4434|1381|7133|67|3358|3279|6909|7472|279|8333|3404|7429|3981|3538|4510|7240|7505|692|6084|5943|1522|736|3443|2522|2721|2080|7509|5611|8029|1677|5968|3136|6765|906|5485|2253|687|6831|2983|5760|6383|7544|2036|8190|3928|1707|1262|8220|2650|5883|1228|6716|1342|3731|7083|8110|2899|196|1032|3361|5771|6604|178|6426|4979|8247|5177|1047|1100|6856|2746|6173|6666|8122|563|1606|4679|4340|5694|8245|2142|42|445|5030|3190|4109|1990|5387|162|7119|2802|3309|492|7317|3282|1738|1460|5992|5458|804|6758|4550|6828|4401|5154|1770|5575|4008|4694|2423|3218|74|850|2759|2430|3824|4980|4051|4385|8231|5639|975|2348|7159|7406|5423|8310|8272|5477|1869|7362|7679|347|2913|6045|3726|7111|1521|2089|7181|8039|2043|2278|6844|6637|3142|6711|4463|591|4582|4220|1870|3458|7763|2997|5744|1885|8221|5953|2679|3492|3751|3134|6870|5243|4144|1769|1830|2535|608|1453|4931|5282|510|2098|327|1705|4759|6400|2672|2842|2234|4216|3112|6256|4613|7276|1826|1980|8185|2240|5988|816|386|8224|1236|7842|5407|8345|6996|7097|4040|1404|3732|595|7203|164|4604|6362|3108|4564|2|190|3701|711|778|6488|2021|8142|2640|2594|1277|2438|5726|8202|721|2764|765|570|5330|3672|6664|2012|4821|4454|8219|1841|7103|115|4386|6221|5454|2243|1237|131|2471|5801|1556|5337|7228|8203|4781|3332|2970|5678|5598|5526|6582|4871|2289|3416|4243|7964|6649|6056|6331|4858|257|7013|4872|4678|7988|1096|7808|3302|5389|5628|3139|3546|2067|8232|1074|2604|7397|6772|3739|6448|6410|4860|4264|5360|3485|6057|6818|1288|4612|5828|1670|1304|5902|8060|6780|6016|4006|1993|83|8153|2731|6392|29|1065|4534|597|7126|5186|4116|6334|2313|5269|3555|709|4161|5297|2985|3477|699|2219|8338|6204|6028|3307|1815|7503|3180|7916|7129|8261|367|783|5624|2687|5964|909|787|2959|5225|7702|6562|7856|6721|4184|1541|5205|6086|5793|2456|5788|7761|3933|3977|7464|2263|315|1030|6814|5993|3043|2941|2266|2972|6083|651|2773|5421|6994|6547|3197|4822|5038|2305|5412|2517|7872|6595|7145|3661|8046|7954|3828|8184|4930|3425|2617|3893|917|6990|2508|6242|8068|5174|7434|2259|398|739|7894|565|5572|2033|3786|3305|4075|2125|2019|901|4945|6763|7178|7521|7471|502|6310|424|2283|3632|5555|7253|2908|7308|3544|8006|1351|6678|4530|766|4812|3185|2871|2715|637|6087|4719|1894|3835|3253|4303|320|4332|4267|3865|4035|4782|4393|2725|3173|5097|7754|6922|3951|1505|3311|6985|3314|4507|5398|258|670|2969|5372|3693|4126|2622|7626|5741|676|6793|5166|2236|4422|2315|6898|6621|5544|3683|6512|560|5559|339|3842|4784|5142|4293|2148|321|6905|3883|3121|2478|3228|425|4307|4843|1287|4892|2979|7015|218|2144|4074|117|2523|1025|1049|5680|6702|5633|6070|3558|851|2171|3596|5488|3849|7292|4328|5474|80|5140|5894|599|4927|7820|7676|2519|7823|7107|5026|3834|6686|6385|91|6770|7781|8240|7327|6466|6950|5531|2530|5956|4727|3554|3441|1175|1691|553|1877|500|6692|5630|7374|3022|6759|5849|5170|7902|4597|2382|2441|3605|2015|6641|7801|2491|1019|959|542|3220|2420|7508|1490|5653|2561|1068|1417|4461,9|253|77|296|56|128|316|2|245|101|79|93|44|314|321|213|343|169|365|26|69|269|389|276|349|34|124|311|375|114|383|10|96|126|173|248|341|397|265|273|324|348|359|86|195|301|61|67|118|140|202|217|220|342|31|35|107|112|148|387|25|108|131|215|338|55|100|180|197|294|369|83|141|196|312|152|293|345|396|406|18|147|170|174|326|373|0|8|110|229|367|404|143|171|184|200|244|246|270|278|287|319|230|271|366|388|134|146|157|221|252|274|286|292|378|12|188|199|350|28|36|87|115|198|54|232|255|277|391|62|150|238|249|317|335|336|351|24|136|179|223|303|5|133|155|177|189|384|129|142|149|205|222|242|266|268|288|368|71|88|254|263|290|306|310|325|78|105|224|250|295|329|1|64|11|39|40|63|89|90|109|127|203|228|304|339|27|33|95|247|302|376|382|3|46|72|117|160|165|233|362|53|104|138|161|240|390|66|121|151|172|320|328|340|4|17|111|225|374|13|47|58|85|132|219|393|398|20|154|208|257|262|402|48|103|156|264|280|281|360|399|409|45|135|175|182|194|289|318|353|363|377|381|19|204|272|380|401|405|81|122|241|297|327|334|80|94|226|227|256|279|300|32|57|70|116|153|209|239|333|22|164|167|178|191|354|407|21|130|192|216|29|60|125|201|261|305|313|84|322|347|361|16|123|137|168|190|358|65|106|176|400|412|91|120|144|251|403|14|38|59|187|234|379|183|330|113|145|212|258|298|30|299|346|243|267|275|355|43|166|218|282|332|370|308|260|394|7|284|337|392|411|102|395|42|51|99|193|344|372|6|186|207|210,1|3|4|8|9|11|13|15|16|17|19|20|23|26|27|28|30|31|32|33|35|37|38|39|41|43|45|47|51|52|56|57|59|64|67|69|73|75|79|81|94|95|99|101|102|103|105|110|113|115|120|121|122|127|132|135|136|137|139|140|143|146|147|149|150|159|160|163|165|166|168|170|171|176|178|179|180|183|186|187|188|189|193|194|195|198|199|200|202|203|205|206|207|208|209|211|213|214|215|217|218|219|222|223|224|225|226|228|231|235|236|239|243|245|246|248|250|251|253|257|258|259|262|263|264|270|271|272|274|276|277|278|285|286|287|290|292|294|296|298|302|305|306|308|314|315|316|317|318|319|320|321|323|324|325|326|327|328|331|332|335|336|337|339|342|344|345|347|349|350|353|354|355|357|358|361|370|371|373|374|376|378|379|380|381|382|384|386|387|389|391|395|398|399|400|402|406|408|410|412|413|419|421|423|424|427|428|430|431|433|434|435|437|439|440|443|444|448|451|452|454|455|460|462|465|467|468|471|474|479|480|482|484|485|489|491|494|495|499|500|502|505|506|508|509|511|513|514|518|519|520|522|527|529|530|534|537|538|540|541|543|545|547|548|549|550|553|554|557|558|560|563|569|572|575|577|578|579|580|581|583|584|586|592|593|596|597|598|602|605|606|609|611|612|614|616|617|618|622|626|628|630|631|632|635|637|639|641|644|647|648|650|651|652|654|656|657|658|659|660|661|662|664|668|670|671|673|679|684|685|687|689|690|694|698|699|700|701|703|704|705|706|707|708|709|711|713|715|716|717|718|719|726|727|731|733|735|736|737|739|742|743|744|748|749|750|751|752|756|757|759|760|761|762|763|765|766|767|768|769|770|772|773|776|780|781|784|788|795|797|798|802|803|804|808|815|818|820|822|823|824|826|827|828|830|832|835|838|839|841|845|846|847|849|850|854|855|856|858|859|862|863|864|865|869|870|872|874|879|881|882|883|884|886|887|891|893|896|900|903|905|912|913|916|918|919|921|923|924|927|931|932|933|934|935|937|938|940|942|944|945|946|947|948|949|954|957|958|960|961|962|963|967|969|970|971|973|974|975|979|984|986|987|990|994|997|998|999|1008|1009|1013|1015|1016|1017|1019|1020|1022|1026|1029|1031|1036|1038|1046|1047|1048|1049|1053|1056|1059|1062|1064|1067|1068|1069|1070|1071|1074|1076|1078|1079|1081|1082|1083|1085|1087|1088|1089|1092|1095|1097|1101|1108|1111|1112|1114|1116|1118|1119|1124|1126|1127|1130|1131|1132|1133|1136|1137|1138|1142|1143|1147|1149|1153|1156|1157|1161|1163|1170|1173|1174|1176|1179|1180|1182|1186|1187|1188|1189|1190|1191|1192|1198|1199|1202|1203|1204|1205|1206|1211|1212|1213|1217|1219|1220|1222|1225|1227|1231|1232|1233|1234|1236|1238|1239|1240|1241|1242|1249|1250|1253|1254|1255|1257|1262|1263|1265|1266|1268|1269|1270|1271|1279|1280|1283|1284|1287|1290|1292|1293|1294|1295|1297|1300|1302|1303|1304|1306|1308|1309|1310|1311|1313|1314|1319|1320|1322|1326|1328|1329|1330|1334|1335|1338|1339|1343|1344|1347|1350|1352|1353|1354|1357|1366|1368|1369|1371|1372|1373|1374|1377|1378|1379|1383|1385|1389|1391|1392|1393|1394|1395|1398|1401|1402|1403|1405|1407|1410|1411|1413|1415|1419|1421|1422|1425|1426|1430|1433|1434|1435|1436|1437|1438|1439|1442|1444|1446|1447|1450|1452|1453|1454|1455|1459|1465|1471|1472|1477|1478|1479|1481|1483|1484|1487|1489|1490|1491|1493|1494|1495|1506|1509|1512|1513|1514|1520|1523|1524|1526|1527|1529|1530|1533|1538|1548|1549|1550|1552|1553|1556|1564|1565|1566|1569|1571|1573|1575|1577|1579|1583|1584|1585|1588|1592|1593|1594|1597|1599|1600|1603|1604|1605|1607|1610|1612|1613|1616|1618|1621|1622|1623|1624|1625|1628|1629|1633|1634|1636|1637|1638|1642|1644|1646|1649|1651|1653|1654|1655|1657|1658|1662|1663|1666|1667|1670|1671|1673|1674|1678|1681|1682|1683|1685|1686|1687|1689|1690|1695|1698|1699|1701|1702|1703|1704|1706|1709|1710|1711|1716|1717|1718|1719|1720|1724|1729|1730|1731|1732|1733|1735|1737|1738|1739|1740|1742|1743|1745|1747|1748|1749|1752|1753|1756|1758|1763|1765|1771|1772|1774|1775|1776|1778|1779|1780|1781|1785|1786|1788|1791|1792|1795|1796|1798|1800|1802|1803|1804|1805|1806|1808|1809|1810|1811|1812|1814|1815|1816|1818|1819|1821|1823|1825|1827|1828|1830|1831|1833|1835|1840|1842|1843|1852|1855|1857|1860|1861|1862|1864|1865|1868|1869|1874|1875|1878|1879|1880|1885|1887|1888|1889|1890|1891|1892|1893|1894|1896|1897|1899|1901|1903|1904|1905|1906|1911|1914|1916|1917|1919|1922|1924|1925|1928|1929|1930|1932|1934|1935|1936|1941|1944|1947|1948|1950|1956|1958|1961|1964|1965|1966|1967|1968|1969|1972|1973|1974|1978|1979|1985|1986|1987|1990|1993|1994|1995|1996|2000|2003|2005|2006|2013|2015|2018|2019|2020|2021|2025|2029|2031|2034|2036|2037|2041|2042|2043|2045|2046|2049|2050|2053|2056|2057|2059|2060|2064|2065|2066|2069|2070|2071|2073|2076|2077|2082|2083|2085|2089|2090|2091|2092|2093|2094|2099|2100|2102|2103|2105|2108|2109|2116|2118|2119|2120|2122|2124|2128|2130|2131|2132|2134|2135|2136|2137|2138|2141|2142|2143|2147|2148|2155|2156|2157|2162|2164|2165|2167|2170|2171|2172|2174|2175|2176|2179|2180|2181|2183|2184|2197|2204|2207|2208|2209|2212|2217|2219|2220|2221|2224|2225|2227|2230|2231|2233|2234|2238|2239|2240|2241|2242|2243|2244|2246|2248|2250|2251|2255|2256|2266|2267|2269|2271|2274|2275|2277|2278|2282|2283|2285|2287|2288|2290|2291|2294|2295|2296|2298|2304|2305|2310|2313|2317|2320|2321|2322|2324|2325|2326|2327|2329|2333|2337|2341|2342|2347|2354|2356|2357|2361|2363|2364|2367|2368|2369|2370|2372|2375|2376|2379|2380|2382|2383|2384|2386|2394|2396|2398|2403|2404|2405|2408|2409|2413|2414|2415|2416|2421|2422|2424|2429|2432|2433|2434|2436|2437|2438|2439|2441|2442|2447|2452|2453|2455|2457|2460|2461|2465|2467|2469|2474|2475|2477|2479|2481|2482|2490|2493|2495|2497|2500|2501|2502|2508|2510|2512|2514|2520|2523|2524|2527|2528|2534|2539|2542|2543|2544|2545|2547|2548|2551|2553|2558|2562|2567|2568|2570|2573|2576|2578|2579|2580|2584|2587|2588|2589|2590|2591|2593|2594|2595|2596|2598|2603|2604|2607|2609|2612|2613|2614|2616|2623|2626|2629|2632|2633|2634|2638|2641|2643|2644|2645|2646|2648|2651|2652|2653|2654|2655|2657|2659|2660|2664|2667|2668|2669|2671|2673|2674|2675|2676|2680|2684|2696|2699|2703|2709|2710|2714|2715|2716|2717|2723|2727|2730|2734|2735|2736|2738|2739|2742|2743|2744|2750|2753|2757|2758|2759|2762|2763|2764|2765|2768|2769|2770|2771|2772|2775|2776|2778|2780|2781|2783|2784|2785|2786|2788|2790|2791|2795|2796|2797|2800|2801|2802|2803|2808|2810|2811|2814|2819|2820|2821|2822|2823|2824|2828|2829|2830|2833|2838|2839|2840|2841|2843|2844|2846|2847|2851|2852|2853|2857|2858|2859|2866|2868|2869|2874|2876|2877|2880|2882|2884|2885|2886|2887|2889|2890|2893|2899|2900|2901|2902|2904|2907|2911|2913|2914|2915|2916|2917|2918|2924|2926|2928|2929|2931|2932|2935|2937|2939|2941|2942|2943|2945|2947|2950|2953|2956|2962|2963|2964|2965|2968|2969|2971|2972|2973|2975|2977|2978|2979|2981|2982|2984|2986|2987|2989|2990|2991|2994|2995|2996|2997|2998|3000|3001|3002|3003|3007|3008|3009|3011|3012|3016|3018|3021|3024|3029|3030|3032|3033|3037|3039|3040|3041|3043|3044|3047|3049|3050|3055|3059|3060|3061|3062|3063|3065|3067|3072|3074|3075|3080|3082|3083|3085|3089|3091|3094|3095|3096|3097|3100|3108|3110|3111|3117|3119|3120|3122|3123|3127|3135|3141|3143|3144|3146|3147|3148|3149|3151|3153|3154|3156|3157|3158|3159|3162|3163|3165|3169|3170|3171|3172|3173|3175|3177|3179|3180|3181|3182|3185|3186|3192|3193|3195|3197|3198|3199|3200|3201|3203|3205|3207|3208|3209|3210|3211|3212|3213|3214|3216|3220|3221|3223|3226|3227|3228|3231|3236|3238|3248|3249|3251|3255|3262|3263|3264|3270|3271|3273|3274|3275|3276|3278|3280|3281|3282|3284|3285|3286|3289|3292|3293|3294|3301|3302|3303|3305|3306|3308|3309|3316|3317|3318|3319|3322|3324|3327|3328|3330|3332|3333|3336|3337|3340|3345|3346|3348|3352|3356|3357|3358|3362|3363|3366|3367|3368|3372|3375|3377|3379|3382|3385|3386|3388|3393|3394|3395|3397|3398|3400|3401|3402|3403|3405|3406|3407|3408|3409|3411|3412|3414|3415|3417|3419|3420|3421|3428|3432|3434|3437|3440|3442|3445|3447|3449|3450|3453|3454|3455|3456|3458|3462|3465|3466|3467|3469|3470|3471|3473|3474|3479|3480|3481|3483|3484|3485|3486|3492|3498|3499|3501|3504|3505|3507|3508|3509|3511|3512|3513|3514|3515|3516|3518|3519|3520|3525|3528|3532|3533|3534|3537|3541|3542|3550|3552|3553|3555|3556|3558|3559|3560|3562|3564|3565|3567|3570|3574|3576|3577|3579|3580|3582|3583|3584|3586|3587|3590|3593|3594|3596|3600|3602|3603|3605|3608|3611|3615|3616|3617|3625|3626|3629|3631|3636|3637|3641|3643|3644|3647|3650|3652|3653|3654|3657|3658|3659|3662|3663|3664|3671|3672|3673|3674|3675|3677|3678|3679|3681|3682|3684|3687|3689|3691|3693|3695|3696|3700|3701|3706|3707|3708|3709|3712|3714|3715|3716|3717|3718|3720|3726|3728|3729|3732|3735|3739|3742|3745|3746|3747|3748|3750|3752|3753|3754|3756|3757|3759|3760|3763|3765|3767|3769|3770|3771|3773|3777|3778|3779|3785|3787|3789|3790|3792|3793|3795|3797|3798|3802|3804|3805|3807|3810|3812|3815|3816|3821|3822|3824|3826|3827|3828|3829|3830|3835|3837|3839|3844|3846|3847|3851|3852|3853|3854|3861|3868|3875|3877|3878|3879|3880|3881|3882|3883|3884|3887|3888|3890|3891|3892|3895|3896|3899|3902|3903|3904|3905|3906|3910|3911|3912|3914|3915|3917|3922|3923|3925|3927|3928|3930|3934|3937|3940|3945|3947|3950|3953|3954|3956|3957|3958|3960|3961|3962|3963|3964|3965|3969|3970|3971|3973|3974|3975|3976|3979|3980|3981|3982|3984|3985|3986|3987|3988|3989|3990|3997|3998|4000|4001|4002|4003|4004|4005|4007|4009|4011|4012|4016|4017|4021|4023|4024|4026|4030|4031|4032|4033|4035|4037|4039|4040|4045|4048|4049|4050|4051|4055|4056|4057|4059|4062|4063|4064|4065|4068|4069|4072|4074|4078|4079|4080|4081|4084|4086|4087|4088|4092|4093|4094|4096|4098|4102|4103|4104|4105|4106|4108|4109|4111|4114|4115|4116|4117|4119|4121|4124|4126|4128|4129|4132|4135|4138|4140|4141|4143|4145|4146|4147|4149|4153|4157|4159|4161|4163|4165|4166|4170|4173|4174|4175|4179|4181|4184|4185|4187|4188|4191|4193|4195|4196|4197|4199|4202|4208|4210|4214|4215|4217|4218|4219|4220|4221|4223|4224|4225|4226|4228|4229|4231|4232|4238|4239|4240|4242|4244|4246|4247|4248|4252|4254|4255|4258|4260|4262|4263|4264|4266|4268|4269|4270|4271|4272|4275|4276|4277|4281|4282|4284|4285|4286|4287|4299|4301|4302|4304|4306|4307|4312|4313|4317|4318|4319|4321|4322|4323|4324|4326|4329|4332|4335|4338|4339|4340|4343|4344|4346|4347|4348|4353|4356|4357|4358|4362|4363|4365|4367|4368|4370|4371|4372|4376|4377|4378|4380|4381|4383|4384|4385|4387|4388|4389|4390|4392|4393|4394|4395|4397|4399|4401|4402|4403|4406|4408|4410|4413|4416|4422|4431|4436|4442|4443|4445|4447|4452|4453|4459|4460|4462|4463|4464|4465|4466|4467|4468|4470|4471|4473|4474|4475|4476|4477|4478|4480|4481|4484|4488|4490|4491|4492|4495|4497|4498|4501|4507|4508|4509|4513|4517|4521|4522|4523|4526|4527|4528|4531|4532|4535|4538|4541|4543|4545|4546|4548|4551|4552|4554|4556|4557|4558|4559|4560|4561|4564|4568|4571|4574|4576|4578|4581|4582|4583|4586|4587|4588|4590|4591|4596|4597|4601|4605|4608|4610|4616|4622|4624|4625|4626|4627|4628|4633|4635|4636|4637|4638|4639|4641|4642|4643|4646|4648|4652|4653|4654|4657|4658|4660|4661|4662|4664|4665|4673|4674|4676|4677|4678|4679|4680|4681|4682|4686|4687|4688|4689|4690|4691|4693|4694|4696|4697|4699|4700|4701|4704|4705|4708|4710|4711|4714|4715|4719|4722|4723|4724|4726|4728|4730|4732|4735|4736|4737|4738|4739|4740|4741|4742|4743|4744|4745|4748|4752|4755|4757|4758|4761|4762|4764|4766|4767|4771|4773|4774|4775|4777|4779|4780|4782|4783|4789|4790|4791|4793|4795|4797|4799|4801|4803|4804|4805|4806|4807|4809|4810|4815|4817|4818|4819|4820|4821|4822|4823|4824|4825|4826|4827|4830|4831|4833|4838|4839|4844|4848|4850|4851|4854|4855|4858|4862|4864|4865|4867|4868|4869|4870|4874|4876|4877|4879|4880|4883|4886|4888|4889|4890|4894|4895|4901|4904|4908|4912|4914|4919|4921|4924|4927|4928|4930|4932|4936|4937|4941|4942|4945|4946|4947|4948|4949|4952|4958|4959|4960|4961|4962|4963|4966|4967|4968|4971|4975|4981|4985|4986|4995|4997|4998|4999|5003|5005|5006|5008|5009|5010|5012|5013|5017|5020|5026|5027|5029|5030|5031|5034|5036|5039|5044|5048|5050|5052|5055|5060|5061|5065|5066|5067|5069|5071|5072|5073|5076|5077|5078|5079|5081|5083|5085|5086|5088|5090|5098|5099|5100|5101|5102|5103|5104|5106|5111|5112|5115|5118|5121|5122|5123|5124|5125|5127|5130|5131|5132|5133|5134|5135|5138|5142|5144|5147|5148|5152|5154|5157|5159|5166|5170|5172|5176|5177|5178|5179|5185|5186|5187|5188|5189|5190|5192|5194|5196|5197|5202|5203|5206|5212|5213|5216|5218|5220|5222|5225|5226|5227|5229|5231|5233|5235|5237|5238|5239|5240|5244|5245|5247|5248|5249|5250|5253|5255|5256|5257|5258|5259|5261|5262|5263|5265|5267|5268|5270|5271|5273|5275|5277|5278|5281|5283|5284|5285|5286|5287|5288|5290|5291|5292|5295|5300|5306|5307|5308|5312|5313|5317|5319|5320|5321|5322|5324|5325|5328|5330|5332|5337|5338|5341|5344|5348|5349|5350|5352|5353|5354|5355|5358|5361|5363|5365|5370|5371|5373|5374|5375|5378|5380|5386|5387|5390|5391|5393|5395|5396|5397|5399|5400|5402|5403|5405|5408|5409|5411|5414|5416|5417|5419|5422|5423|5424|5428|5429|5430|5432|5434|5436|5439|5440|5442|5445|5448|5449|5450|5452|5453|5455|5456|5459|5460|5464|5465|5467|5468|5469|5470|5471|5476|5477|5478|5479|5485|5487|5488|5489|5492|5493|5496|5497|5498|5502|5504|5505|5506|5507|5512|5515|5516|5521|5522|5523|5524|5528|5529|5530|5531|5533|5536|5537|5539|5541|5544|5545|5546|5547|5548|5549|5554|5558|5564|5566|5567|5570|5576|5577|5578|5579|5580|5583|5584|5585|5586|5587|5588|5595|5600|5601|5602|5607|5608|5609|5612|5615|5618|5619|5620|5622|5623|5630|5631|5633|5641|5642|5648|5651|5652|5653|5655|5656|5660|5661|5663|5664|5669|5670|5671|5672|5674|5676|5678|5679|5680|5681|5682|5683|5684|5688|5689|5691|5692|5693|5694|5695|5698|5699|5700|5702|5703|5704|5706|5707|5710|5712|5713|5719|5720|5721|5723|5724|5733|5737|5739|5742|5743|5745|5747|5752|5753|5754|5758|5760|5761|5762|5763|5765|5766|5767|5771|5777|5778|5779|5780|5782|5783|5784|5785|5786|5790|5791|5794|5796|5797|5798|5800|5802|5803|5806|5807|5811|5813|5820|5821|5822|5823|5824|5825|5826|5830|5831|5832|5833|5835|5838|5839|5840|5843|5844|5850|5851|5855|5858|5859|5861|5863|5865|5867|5868|5870|5873|5875|5881|5882|5886|5889|5891|5893|5894|5897|5898|5899|5900|5901|5905|5910|5911|5913|5917|5918|5919|5922|5924|5926|5929|5932|5942|5945|5947|5948|5952|5956|5957|5961|5962|5966|5968|5969|5971|5974|5977|5979|5980|5981|5982|5984|5986|5988|5990|5992|5996|5997|6000|6001|6002|6004|6005|6006|6008|6010|6011|6019|6024|6026|6027|6031|6033|6035|6037|6038|6039|6041|6043|6044|6045|6046|6047|6049|6050|6052|6053|6057|6060|6061|6063|6064|6065|6067|6068|6069|6071|6072|6073|6074|6075|6078|6079|6082|6083|6084|6085|6087|6089|6090|6091|6102|6103|6106|6108|6109|6116|6117|6119|6120|6121|6122|6125|6126|6129|6131|6132|6133|6136|6137|6139|6140|6142|6143|6144|6150|6154|6156|6160|6161|6166|6167|6171|6172|6176|6180|6185|6186|6187|6188|6190|6192|6194|6195|6198|6201|6202|6204|6208|6210|6211|6213|6216|6217|6218|6219|6221|6233|6234|6235|6238|6239|6242|6243|6244|6245|6249|6250|6254|6255|6256|6258|6261|6266|6268|6269|6272|6273|6274|6275|6276|6278|6280|6281|6284|6286|6287|6288|6289|6290|6291|6292|6293|6294|6295|6297|6298|6299|6301|6302|6303|6304|6305|6306|6307|6311|6312|6313|6315|6316|6317|6319|6320|6327|6328|6331|6333|6334|6342|6344|6345|6346|6348|6349|6351|6352|6353|6357|6358|6360|6361|6362|6363|6365|6366|6367|6370|6372|6373|6374|6375|6379|6380|6384|6385|6388|6392|6393|6394|6395|6396|6398|6399|6402|6403|6404|6405|6407|6410|6412|6413|6417|6419|6421|6424|6425|6427|6434|6436|6439|6442|6444|6447|6448|6451|6453|6456|6457|6459|6460|6461|6462|6463|6467|6468|6469|6470|6471|6472|6476|6477|6478|6479|6481|6483|6485|6486|6488|6491|6493|6494|6495|6496|6497|6500|6502|6510|6512|6513|6514|6516|6517|6518|6520|6522|6526|6527|6530|6534|6535|6536|6537|6538|6539|6541|6543|6545|6546|6549|6553|6559|6560|6561|6562|6563|6564|6566|6567|6568|6569|6570|6571|6575|6577|6580|6588|6592|6596|6598|6600|6602|6604|6605|6606|6610|6611|6612|6614|6615|6617|6621|6623|6628|6631|6633|6643|6645|6646|6649|6650|6654|6656|6658|6660|6662|6664|6665|6668|6669|6671|6674|6676|6677|6678|6679|6680|6681|6685|6686|6691|6692|6693|6694|6698|6699|6701|6702|6704|6705|6706|6708|6709|6711|6714|6717|6720|6721|6722|6723|6726|6727|6729|6731|6734|6735|6740|6741|6743|6746|6747|6749|6757|6758|6764|6765|6771|6773|6779|6780|6783|6784|6787|6788|6793|6794|6798|6800|6801|6806|6807|6811|6812|6813|6814|6816|6817|6818|6819|6821|6822|6824|6825|6826|6828|6829|6832|6833|6836|6837|6839|6840|6841|6842|6843|6846|6848|6850|6857|6858|6859|6862|6863|6864|6865|6866|6867|6868|6869|6870|6873|6875|6876|6878|6882|6884|6885|6886|6887|6888|6891|6892|6893|6894|6896|6899|6904|6906|6907|6908|6912|6913|6914|6916|6918|6922|6923|6924|6926|6928|6931|6932|6933|6934|6936|6937|6939|6940|6942|6944|6947|6948|6949|6952|6955|6957|6961|6963|6965|6971|6972|6973|6975|6979|6981|6983|6985|6986|6987|6990|6992|6993|6997|6998|7001|7004|7006|7007|7008|7013|7015|7016|7018|7019|7021|7022|7023|7025|7027|7028|7030|7031|7033|7035|7037|7042|7044|7045|7053|7057|7058|7060|7061|7067|7070|7076|7078|7079|7088|7092|7096|7098|7100|7102|7103|7104|7105|7106|7108|7111|7112|7114|7117|7119|7122|7124|7127|7128|7129|7130|7135|7136|7137|7138|7139|7140|7141|7142|7143|7145|7148|7151|7154|7155|7160|7161|7163|7164|7166|7167|7168|7169|7171|7172|7176|7178|7179|7180|7183|7186|7188|7189|7190|7191|7192|7193|7195|7196|7199|7202|7206|7211|7212|7220|7222|7227|7230|7233|7248|7252|7253|7255|7259|7260|7263|7266|7267|7269|7270|7271|7272|7275|7276|7278|7280|7283|7285|7287|7288|7289|7291|7293|7294|7296|7297|7298|7299|7300|7301|7303|7308|7309|7310|7312|7314|7315|7316|7320|7323|7324|7326|7327|7329|7330|7333|7335|7337|7342|7344|7347|7349|7351|7352|7356|7357|7358|7359|7360|7364|7365|7368|7370|7371|7372|7374|7381|7383|7388|7390|7393|7397|7398|7399|7400|7402|7404|7406|7407|7408|7412|7413|7414|7416|7417|7418|7421|7423|7425|7426|7427|7434|7438|7439|7440|7441|7443|7444|7446|7447|7449|7453|7455|7458|7459|7460|7463|7465|7467|7469|7470|7471|7475|7476|7477|7479|7480|7481|7483|7484|7485|7486|7487|7490|7492|7493|7494|7495|7496|7497|7498|7500|7501|7505|7508|7511|7516|7517|7519|7520|7522|7523|7524,12.590659340659341,True
instance_0013.txt,smaller_multi,3179,352,2972,7021|4779|5172|1900|5205|7136|2697|7346|2326|6098|7356|5489|6949|884|1228|4942|6771|596|4385|6428|1453|164|3792|57|3524|1805|5224|1003|2538|1449|2496|7785|951|4850|3493|6615|3543|4882|5399|8166|5912|589|4730|4612|3140|1219|7404|6493|7482|795|2286|4094|4867|7915|7975|2258|5952|2683|2596|3255|1845|2738|4142|2468|4186|7904|3130|7462|4732|2466|5711|7679|6465|3627|1620|1207|3581|4996|1781|791|3742|6301|925|1566|6049|7775|5563|663|5047|7593|322|2845|1370|5522|7503|2531|5086|6821|3046|6625|3232|2445|4838|3346|824|6230|5659|3036|6201|535|3144|2110|4574|3091|7644|2398|131|6853|4081|7123|5230|4378|5533|2507|817|2954|5011|511|1658|5674|500|5257|6128|7305|2768|2892|1254|7509|3251|1650|6326|2975|5772|462|4230|836|6142|6621|4008|5708|6470|2128|2862|881|1949|1056|6133|3007|2144|6633|5113|149|6242|2783|6072|1310|6818|5400|6080|2263|553|3685|6056|3496|1555|2996|4688|2603|7833|3284|96|3599|1573|2179|5064|4739|6196|6932|1639|7587|5744|3645|4455|5163|3201|7993|240|1208|2774|802|938|5389|7191|386|2438|5880|7530|3703|5076|2818|1280|6768|6436|6733|1471|1646|839|6408|7152|1338|899|854|7486|1177|6302|6062|2551|1795|1705|4603|8366|6901|2706|6761|7676|8022|2183|4607|6010|3506|2815|1597|7603|1579|1855|1814|4111|6050|1379|3263|4545|977|7720|2486|608|6981|3075|2449|205|5244|4015|6004|215|1|2512|6524|607|5364|1223|4518|7549|6442|5844|3822|7702|962|438|2274|6751|8206|5121|7375|5851|5385|5989|7086|1611|8106|1851|8075|6161|4486|581|6306|6945|6538|6053|2861|7406|7659|3985|878|5931|5843|2791|5996|3671|3100|1251|2412|7548|2027|4823|345|5110|911|6859|6238|1546|1478|998|5223|905|6745|3079|4083|7908|2081|7732|5226|6846|6540|6393|3909|5023|3049|3455|7297|7716|7236|2668|592|866|2134|377|7829|1970|43|5611|4373|3361|2162|3248|3706|5609|4517|4339|1080|3250|6805|5660|3886|174|6026|7843|785|6727|6653|6567|2835|7429|1427|2054|3720|433|530|5506|6381|1771|1935|7510|147|471|2119|1777|7739|2742|2195|2917|6275|2517|1656|8083|3748|8278|7373|3876|6708|90|7796|1044|2010|7665|2747|2794|5599|7397|1490|5747|6406|3713|4831|114|7880|841|1842|5511|2675|3037|4431|1794|6518|7171|2095|4746|7760|4808|6248|2736|5807|1862|4866|8237|6582|5679|3756|4630|496|7742|4703|6756|6880|1220|4505|490|1170|3085|1613|3423|5774|1461|3439|7216|1617|1450|4763|4006|3179|5084|7658|6209|5332|6746|983|3736|1661|2671|39|7657|688|6992|6252|2578|8140|1472|2409|6590|6903|5322|2479|469|5672|1559|741|8151|5999|8240|1095|1355|2792|2329|3774|3156|1060|1297|2153|2857|6287|3668|6682|7951|4278|5115|7097|2033|191|3102|7913|1331|6973|7744|1881|7776|2185|623|6599|704|6900|225|8047|4892|1090|4448|5241|6265|2624|1430|2068|6417|978|3830|7198|3365|6832|8125|7602|8286|5267|376|5612|199|2702|8222|918|7157|2644|2626|7434|8067|7546|4216|8244|3348|5211|868|5645|3316|3839|7855|3662|945|4615|6183|8258|7470|138|6294|4444|4472|920|4580|4201|6608|7500|5664|6188|4372|2629|6156|5943|5915|3889|1334|5577|2983|5727|773|6492|2229|4699|6171|6187|4420|6778|4035|4533|2492|3930|1619|6637|6190|1651|3192|3271|5098|599|1880|4847|5419|7723|558|59|7183|7570|8188|1815|8197|2998|5159|6577|3562|6269|6915|8235|2926|2532|2173|334|2949|6623|5106|1212|294|1870|6589|2296|6423|632|6875|8112|7344|8132|486|3363|4337|7495|3913|4955|1522|3939|1033|6783|5791|3393|3785|5017|4238|2120|7012|291|2604|5633|2440|4660|6895|7369|3863|1132|6848|4636|6317|5977|3390|4742|1666|6498|5518|5394|4559|1295|5685|4591|7982|5446|5875|6231|5111|1235|1396|2307|617|6395|5474|1470|6057|4525|5460|6919|796|7521|6833|3503|7022|7436|2877|1907|540|1830|314|2421|6123|5667|6960|1174|5554|7091|2991|1073|7763|2530|297|6214|672|1592|4566|4645|4192|5321|639|2463|498|507|93|6165|2347|886|8189|7036|8159|7006|6384|5755|1933|1698|63|8121|5690|8320|1974|7630|3357|6077|6359|7279|3533|8015|6480|6884|6437|4886|2477|6593|685|5042|5995|5909|4162|4191|2788|1715|2448|636|1275|6366|1703|8248|1853|5731|88|2076|2674|8285|5849|7851|7564|2377|4811|2516|603|2741|7323|5202|6956|2860|4024|7729|2215|52|5192|8062|4074|5762|1206|366|1940|3829|6441|1932|5430|7169|1211|8113|7109|3606|2963|4898|4528|2070|755|7887|5145|5077|6787|8274|5103|4316|1886|3593|5828|7954|324|5542|36|3300|7052|1257|3010|740|1416|4626|7041|247|2891|6684|7669|2524|2951|7143|1829|5886|2184|5983|2313|7057|4319|166|6988|375|509|474|602|5044|6443|1442|1513|6997|4733|2781|6678|3391|2032|1680|1934|2107|4211|8115|7115|8130|1892|1314|3698|7536|3857|5393|4088|2925|6752|1262|3933|2149|8110|354|2870|7054|3269|5053|5663|4059|7363|7795|2451|8284|3819|4318|4684|5707|2960|556|5310|2652|2630|4485|1731|3351|2232|4639|5219|1643|7673|6422|5904|4987|2456|7695|335|3326|4538|8363|4797|6505|1684|4426|5710|6579|1782|4240|1981|885|267|4166|2003|4878|1679|2608|7797|3508|1439|2529|399|370|600|7876|5359|726|5614|5374|1946|8307|3961|5152|4246|7294|6255|28|5698|3922|2786|3467|7856|6210|3516|1802|2105|3997|4535|6679|5391|5824|5075|7038|126|7454|7655|387|321|1945|4012|7973|1625|1120|1274|2561|1129|7301|8331|890|26|6921|2666|6611|2656|4871|2290|4332|2063|6347|1948|1457|5306|7738|1847|3017|4541|4804|1609|6040|6512|6132|5116|6372|6763|7413|3009|7983|869|3730|7286|3722|1282|541|5752|5330|1681|5464|5252|1431|5338|6125|4916|3983|3542|8098|7250|7260|330|4880|7747|1502|3376|5473|4383|6856|5856|3315|3107|3625|2842|143|4384|3394|4980|4631|7084|116|7093|3673|880|2391|3216|5497|7939|5976|4681|2837|2156|6107|189|3993|3751|3205|6740|6553|1831|6549|5565|4567|5030|465|4018|3374|5719|2753|4387|4108|5190|851|7272|815|7296|4960|7081|2941|8373|1704|3697|3996|4814|7142|3844|7461|6614|2340|1602|780|959|6213|3849|4947|2562|1967|7172|1489|1732|1046|144|1841|5605|1601|1435|5139|4045|3327|8346|413|2505|4581|2434|64|4315|6355|7854|2682|7903|4180|1027|3835|6391|7844|2836|5295|3656|1054|5557|3287|1541|5426|5472|3588|7044|73|450|7209|5001|4407|7437|3869|5246|8221|5797|7814|460|1561|4398|2690|4446|2772|7033|2680|4184|3699|4090|4638|6909|2687|431|3262|2123|4543|5975|3055|380|3048|559|8267|1298|1808|198|4145|1499|1265|927|5208|4427|5375|5296|3406|2764|5556|7089|6991|8353|5583|828|8321|8030|819|4163|5636|6189|8074|3145|4270|5146|3845|2748|7550|5206|244|7252|5236|3317|3911|6814|5501|1159|6527|776|1530|969|440|7266|3765|8215|6640|8238|3977|2573|5870|5299|3257|6731|4962|4393|2914|5700|587|5580|2341|4217|3159|3935|2411|2443|91|8371|5862|2375|4046|757|583|585|8287|6905|5188|1913|5832|1930|230|3116|7877|1277|3987|7277|313|2677|1525|2808|7023|8334|7092|1052|4582|5161|724|5656|5900|5821|645|3217|7511|8368|5390|5215|782|1769|6410|1711|2686|3226|5790|1506|6850|1846|6191|6058|4312|994|97|3433|5538|807|5891|760|8049|2101|2548|4235|6823|5529|3131|7196|7922|8019|562|2109|4844|1738|1213|1585|7083|5627|8028|6693|2180|6096|1605|8242|2927|2272|5254|5449|2046|5649|1098|3860|6811|4350|7544|799|1373|5987|4902|8133|7063|7780|3623|1976|392|8013|7043|3824|883|6534|7830|6407|3040|4348|1441|3955|7847|3676|3306|1368|3285|8257|6562|8230|2566|4611|8194|2164|7689|2420|1759|6467|5960|3938|4185|3614|3280|4956|6516|3535|7452|6878|3727|2099|6877|2220|480|526|23|1023|8268|499|4107|2973|1955|7293|2397|7304|2769|2407|2545|7562|1173|787|5325|1911|6570|6261|8131|5150|3206|7789|8179|6137|3779|8241|1180|6361|2985|5809|6559|3555|5575|2508|4250|5493|154|6923|7464|4232|736|7514|5569|5291|4481|6173|6605|4379|2780|2320|4754|6531|3665|1051|7178|5413|1598|2019|4610|1224|2699|1357|7668|35|4608|4511|7385|5682|3563|7387|2318|8088|2351|1063|5703|1636|6180|7393|8169|889|2751|1839|7412|7889|2431|5907|3781|2648|262|4276|1128|7537|2700|6978|1978|2859|858|893|483|7809|3790|4642|5687|405|1304|5055|982|5274|4830|3211|1791|2136|1268|8072|1804|4437|6109|332|8261|473|2221|7453|4168|4098|2291|5581|3931|2433|1879|5313|139|8280|6759|1343|4968|4707|2278|6095|3852|338|8077|337|4740|2044|65|4971|8259|32|7124|4701|1607|7800|3540|554|2782|647|4282|5020|8045|4352|3998|6034|4104|7046|2285|3209|4842|7628|6891|4199|1266|4745|3268|3033|495|1599|3647|6476|2035|3725|6672|7364|7741|1485|3266|4308|3191|2888|3778|7199|2553|2625|307|5314|3482|3683|6612|1688|653|2478|5388|6775|8251|4262|3609|2432|5368|4901|4848|1186|5951|1577|5591|6346|3670|766|2211|6806|614|278|6101|7947|7793|4713|7268|100|5634|8345|5119|305|5897|4055|1996|6166|4752|7000|5221|1406|6827|3940|6591|2955|254|2978|7906|3090|2386|3491|5716|4322|5108|6474|83|1528|8297|7306|1350|1084|5724|6792|5789|6277|4623|1125|7653|2876|5854|3371|1158|7338|3161|4738|4106|7220|3672|4690|390|7895|4227|2304|1085|7283|5754|3596|5650|1591|5585|3923|4291|6457|6675|3744|501|3992|6170|3223|19|188|4592|5090|3640|4904|6840|3035|7931|3202|4399|2049|5604|192|6720|6472|619|4762|6855|7940|3458|7902|6824|5448|6586|987|1789|11|427|190|7969|5817|997|6340|671|7241|6594|4777|563|414|7417|8025|5780|202|221|5210|2042|5014|5069|693|5370|921|8138|6560|8214|7561|1623|7215|4864|4063|2678|1255|7007|6211|4998|2058|4551|7611|4807|6650|861|4237|7694|8149|223|979|7167|5615|1797|7211|7342|1588|7944|3536|3421|4160|2581|306|6546|4175|3723|4964|4435|1612|7816|210|8348|4819|4344|7559|6936|276|4097|4189|6135|1606|2929|2038|835|3946|8104|6167|6558|664|3724|2502|183|5444|3936|7740|3745|3897|1157|7127|1221|2315|1494|5676|436|7621|682|1112|5543|2584|6554|3368|5054|8095|4614|2199|1300|3134|7900|3681|3384|4961|2223|745|6808|5961|2696|5052|3083|5232|5243|5414|426|2711|1181|7892|351|1456|2444|4911|3225|524|7929|6982|8057|2230|2020|4049|7724|7711|7395|3527|7560|876|2219|2325|342|1161|4576|3600|6126|2131|461|5857|1096|6208|4263|5896|7712|4491|887|5782|1816|2267|5646|3224|6245|3420|2555|3310|7480|4521|6799|4182|4945|5427|393|4213|5686|2558|130|1372|7274|3617|2757|3905|7568|1983|3411|3842|4573|5|2151|5709|2727|3567|811|575|2197|3098|470|5478|5488|5071|7790|2344|5571|6357|2393|5105|3018|5283|6502|255|3622|6764|3979|283|2483|7925|6288|1064|1455|502|5697|4244|2225|1252|7535|296|2988|5808|2389|7443|4469|5869|4309|2441|6400|7031|4207|7399|7811|6892|7893|7108|8094|7090|20|2933|6001|1492|4366|5572|2256|1156|2869|8097|5035|7970|7756|6370|8204|5080|2521|3565|6304|2720|6005|101|3976|4637|8035|2337|8058|1580|2519|4225|8302|7972|5986|7994|1403|1540|2645|5769|2086|1874|3973|3896|2967|2554|1764|2390|350|2148|2282|7909|3921|2568|5005|2805|7507|4589|2974|3870|6286|5275|2473|7159|6716|7708|1939|7960|6879|7862|4926|7267|2224|4274|1448|6084|960|3397|454|1025|4624|756|5818|6871|6588|1784|4837|6842|7661|3328|8068|7325|84|5562|6193|3392|82|2172|7300|6218|5876|6363|4193|7026|3719|4048|4462|6212|3132|7019|3915|2021|2799|5406|2259|7864|7264|576|4381|5353|5630|917|4300|6310|7946|3942|5408|5100|2511|722|3254|6334|1717|148|2454|4920|7030|2090|4079|7020|5355|5800|363|1699|1998|5382|8308|5468|8059|821|9|4989|1306|3030|2209|213|4231|5715|5157|7934|7240|570|6221|1187|4788|5114|1420|7432|5154|1964|6289|5085|1475|5620|8096|4598|303|1216|2194|4632|7520|6620|2193|6712|6793|2112|7759|6146|2865|3443|3618|7352|5120|2959|1521|8040|1411|7468|4594|5746|7027|5264|7327|2627|2436|3602|7351|3691|4034|8327|4296|5207|4050|2355|3882|5147|4659|3413|2825|6459|79|4330|7357|7491|3770|4748|2403|2061|6520|2896|4599|5738|2314|6634|7912|903|1082|2750|21|1035|2904|3847|2064|1962|7937|6382|5868|1920|6003|5712|7|6139|5307|8273|793|6652|5261|424|429|611|4271|6669|667|176|6729|445|2308|7664|2899|7354|4204|2732|4439|4269|5129|6093|1941|1966|2965|4356|5816|7368|7999|3008|7573|1247|7819|6219|4341|3343|2141|4382|5265|4537|7870|5027|7911|5384|5833|453|4128|674|8325|5830|4815|4825|912|7439|4780|5004|4861|2934|4226|4500|4649|326|6103|8048|2176|7808|6405|4415|2817|3078|6753|4818|3454|3667|1891|6781|107|5046|1041|7505|4171|8299|3655|1536|2008|4052|4828|281|216|6508|8316|142|4687|1059|3024|6207|1038|7953|845|1366|1214|7998|714|1687|200|1534|1776|268|5965|2152|2419|5726|3714|4032|2714|5799|6571|7715|2222|1048|2725|4203|7336|7726|7077|3286|986|353|264|4928|8271|6227|8190|420|8|8219|3867|8330|8369|3611|6657|2828|1050|594|7080|3624|2814|4666|7497|2309|1149|8178|2855|7298|5958|8039|7458|5567|8056|3947|5640|7749|846|2321|4723|612|7752|3811|7372|7126|4726|976|1568|6075|4351|348|7771|4397|3603|1512|8301|6547|6177|6244|7471|5652|6118|3072|3866|4759|5439|3370|4907|5621|5723|3020|1642|3788|3838|7105|251|6396|1691|8091|5673|8108|4890|6419|7187|422|3054|5176|1896|6290|1938|4459|3185|1193|6513|1649|7451|2014|5441|3278|1859|8103|2205|5871|5515|5509|922|1069|4065|1178|5661|4033|3163|7764|6951|5285|4428|1696|2192|485|7410|5771|6930|5118|8252|7555|1241|4126|3984|7596|4198|8066|5898|3620|3435|4824|546|6110|1495|3069|5753|5739|6331|5066|6013|4922|809|3848|1969|6466|2679|8350|3457|625|1850|5903|4992|3259|7403|7251|2001|4321|5250|830|2378|3082|7594|5855|3199|1153|2446|1484|3264|5300|3372|4967|3362|4085|8228|3629|179|7382|3901|7309|2901|2072|4305|347|5730|7512|4765|8314|7842|5589|6264|8081|1386|529|7476|1812|5109|1616|1307|5079|212|4903|4963|4784|8329|3324|1108|574|3895|3142|1284|2688|4652|4682|1574|7120|7111|7426|2132|5963|3797|2844|737|6433|4787|8279|4677|7924|3855|932|2918|3486|3864|7229|3139|6451|4120|1505|6495|4021|8163|4150|2227|224|850|196|3954|3711|6912|7489|2400|7968|2893|319|6922|1670|4042|7517|6841|2790|5329|4272|2482|4101|5140|378|702|2661|1752|3466|613|7099|7170|1877|1995|5981|6961|3444|1088|3601|1238|6464|4931|7917|3970|4917|3687|2338|2650|5333|3858|8109|3399|285|5361|4767|3252|5559|4529|5366|2481|2439|7615|4194|4770|1987|3086|5539|4983|3530|3089|5434|6851|1425|5469|5453|1971|1201|2041|1909|6646|7051|3513|6131|6990|5550|3095|6452|4561|872|5036|894|271|2739|6686|7227|2238|1283|1327|6578|4498|2722|2667|3900|3966|4689|3128|1345|6939|4634|6099|6626|7048|6889|6338|3373|7839|7882|8211|855|7642|3465|7018|2719|128|1950|5535|3400|3951|1335|1600|4131|4028|8203|374|8069|4284|6517|2847|1635|7217|6863|8101|2334|7835|2536|3325|5831|6550|369|1858|3505|6203|3883|503|1538|1921|5695|746|110|7750|6857|1473|601|7703|5699|94|6025|6117|4494|909|6798|5037|6215|7920|5737|2379|3318|3962|2497|6934|2784|6007|4026|6597|4678|2283|7652|4421|1029|729|7583|5997|5153|5729|7875|5883|187|5532|837|2087|6566|1837|5135|7144|3810|7827|2002|8309|3517|4423|4858|6365|1480|3649|3820|8070|5916|2958|5002|5586|5601|6587|6965|2563|1722|7541|6020|523|4595|4548|1258|2533|2807|1344|968|5964|874|5124|3763|2709|3276|5397|8017|6656|6601|1100|2079|6402|7488|5803|966|2252|4214|1138|3165|6829|8116|7447|4080|1586|7539|606|1775|970|7005|8293|4320|7445|676|3831|4970|914|2133|7584|6738|8370|7299|867|7181|7258|4929|7175|7210|6791|4716|728|2447|5607|1198|160|3710|2000|4220|3081|1068|3275|2343|2102|2759|7753|6144|6225|6081|2408|8216|2839|53|4273|7128|78|3552|5512|6918|5060|1326|4835|7528|5227|4843|3469|2649|3780|7332|95|6153|634|5957|2494|3057|7100|6487|3045|1040|6501|447|5841|2018|201|797|7608|6463|6069|6060|2311|4419|4031|3385|5455|7484|153|5930|8170|3547|7238|4988|6813|2333|6754|4095|4302|7667|2117|5776|6185|3253|5303|2889|7285|4708|3283|975|6545|4790|7481|1179|2619|3375|7381|340|8199|133|2150|1720|7037|6297|1166|6993|2903|2820|6866|3322|1067|2819|6911|1558|5827|2806|105|4258|1111|8124|7798|6283|3768|5251|5784|2423|4183|8323|8126|4487|443|6644|4586|7263|4058|6886|6522|5326|6263|3416|4600|1133|8234|7705|3607|7933|5008|4091|6388|898|1537|1468|3414|792|7588|4771|4132|5980|6748|7945|2484|4233|6106|2349|373|1424|4283|1714|7942|1348|6386|1122|4698|6478|5463|7218|5773|6598|1260|6709|4888|3964|1899|2527|8236|2832|4685|7638|289|3289|7894|992|5088|6510|1578|7438|5019|8168|4310|8246|3061|5490|1928|4616|1632|2361|6613|946|3952|5438|3927|6673|2570|3464|3438|4522|8183|6008|6036|1467|547|5369|3094|2811|463|5926|4019|4457|6897|5691|8351|8042|7076|5266|4756|6630|2726|2964|2368|4403|3093|7840|1523|7145|2592|2161|3299|5148|5670|3194|3553|1324|7014|6619|4260|654|3029|7604|7311|1026|6943|4846|1545|7235|6862|5443|7614|2159|25|2499|2858|6707|1018|8289|309|2040|1020|4248|584|2930|4475|4292|4247|226|6172|2695,311|77|9|67|128|253|389|343|124|31|101|26|314|96|383|326|375|112|114|108|173|64|269|12|56|161|294|223|244|409|248|286|296|5|255|179|384|404|10|79|106|197|200|152|297|368|381|265|376|3|34|198|233|316|317|335|89|93|110|127|301|348|359|164|242|277|378|170|350|46|58|61|174|263|276|305|27|130|143|149|154|175|380|382|55|279|334|401|44|142|178|216|251|17|103|126|225|304|374|379|388|400|86|129|195|196|249|312|336|341|346|397|399|8|134|171|230|270|273|321|338|351|387|72|109|131|137|203|281|360|66|151|213|214|252|324|405|45|83|105|107|132|144|190|222|247|256|303|329|345|349|0|30|36|70|81|88|90|141|147|150|199|215|224|232|246|257|282|370|377|2|20|28|78|99|113|115|205|227|250|254|266|272|290|366|402|1|4|11|14|47|91|121|123|153|168|182|208|220|274|292|293|298|300|318|322|344|365|373|390|393|407|29|60|87|146|160|172|218|219|221|239|271|306|310|327|340|361|362|398|13|25|71|100|117|155|191|204|209|228|245|258|268|291|295|302|319|342|353|363|372|394|403|22|32|39|43|53|62|63|82|84|122|138|145|176|180|192|226|229|234|261|347|18|21|35|38|59|65|69|85|94|104|125|133|148|156|157|165|167|169|183|184|188|207|212|238|260|278|325|332|333|367|369|391|406|7|33|57|76|111|135|136|140|202|264|275|287|288|320|328|330|354|355|358|396|6|19|24|51|95|102|120|166|177|185|186|194|201|217|235|241|262|289|299|308|309|313|315|337|411|412,5|8|9|11|14|22|25|28|29|30|31|33|34|37|38|42|43|51|54|58|64|65|66|69|72|73|75|78|79|82|87|90|93|94|96|97|99|100|101|106|107|108|112|115|117|119|120|123|124|127|128|129|131|133|136|139|142|143|148|149|150|151|154|155|160|161|163|164|165|171|172|177|180|183|184|185|187|188|196|197|198|201|202|207|209|211|214|215|216|217|219|221|226|229|234|236|237|240|241|243|246|251|257|258|259|268|270|273|274|276|286|287|288|290|291|292|295|296|299|303|307|309|313|318|321|322|326|329|331|336|341|345|346|347|348|350|352|354|359|360|365|366|368|370|371|377|378|381|382|383|384|385|387|388|389|392|396|398|400|402|405|406|408|409|410|411|413|415|416|419|420|421|425|426|431|433|439|440|445|446|450|451|455|461|464|465|467|468|470|472|473|475|482|487|494|496|499|500|502|506|508|510|513|518|523|524|525|528|529|534|537|541|542|543|545|549|553|559|560|561|562|566|568|571|572|577|579|581|582|588|590|591|598|602|603|606|610|611|615|617|618|626|627|629|630|632|633|634|638|646|647|654|656|657|661|668|669|671|673|675|676|678|680|682|685|687|688|689|690|692|693|702|703|706|708|709|710|715|716|718|723|724|725|726|731|732|733|734|735|736|739|743|746|747|748|749|750|751|755|756|757|759|762|763|768|772|774|775|776|777|782|785|788|790|801|804|805|807|810|811|814|816|817|819|822|824|825|827|830|837|838|839|840|841|845|848|851|855|856|861|864|865|866|869|871|874|876|883|885|886|887|894|897|898|900|903|909|920|921|926|927|928|929|933|934|939|940|945|946|948|954|957|958|959|960|964|969|971|972|974|975|982|983|987|988|990|996|997|999|1000|1003|1004|1005|1016|1018|1021|1024|1025|1026|1028|1031|1033|1034|1035|1037|1046|1050|1052|1053|1055|1060|1061|1062|1063|1064|1065|1067|1068|1074|1079|1080|1087|1091|1092|1093|1094|1098|1100|1104|1108|1109|1110|1111|1114|1118|1119|1122|1123|1125|1126|1127|1129|1131|1133|1135|1137|1140|1141|1144|1147|1151|1152|1156|1158|1167|1169|1170|1172|1177|1178|1183|1184|1187|1189|1190|1195|1196|1201|1202|1203|1204|1205|1207|1211|1222|1225|1226|1228|1229|1231|1233|1234|1240|1249|1250|1251|1255|1258|1260|1266|1271|1272|1273|1276|1279|1280|1281|1282|1284|1286|1287|1288|1290|1291|1292|1294|1295|1300|1301|1308|1310|1312|1315|1316|1319|1322|1324|1326|1327|1329|1331|1334|1335|1339|1342|1344|1347|1349|1351|1352|1354|1356|1359|1360|1362|1364|1365|1367|1369|1370|1373|1374|1376|1380|1381|1382|1384|1385|1387|1388|1390|1393|1394|1395|1404|1405|1407|1408|1409|1410|1411|1412|1414|1415|1417|1418|1429|1432|1442|1445|1446|1448|1450|1458|1460|1464|1466|1467|1468|1470|1471|1472|1475|1476|1478|1479|1480|1481|1482|1484|1485|1486|1487|1493|1494|1498|1501|1502|1504|1505|1506|1507|1508|1509|1510|1511|1513|1514|1516|1520|1521|1523|1525|1535|1536|1539|1543|1546|1547|1548|1552|1559|1560|1564|1565|1567|1569|1571|1572|1575|1576|1578|1580|1582|1585|1587|1592|1597|1599|1600|1603|1604|1608|1609|1613|1614|1619|1621|1622|1629|1631|1633|1634|1635|1636|1638|1640|1641|1643|1647|1648|1651|1654|1655|1659|1663|1664|1666|1667|1668|1671|1672|1673|1674|1676|1678|1679|1681|1683|1684|1685|1687|1689|1690|1693|1694|1695|1703|1705|1707|1714|1716|1717|1722|1724|1728|1734|1737|1738|1746|1748|1750|1751|1754|1755|1759|1760|1762|1764|1766|1767|1771|1775|1776|1777|1779|1780|1783|1784|1785|1788|1790|1792|1795|1796|1799|1800|1801|1802|1805|1806|1809|1811|1812|1818|1821|1824|1825|1829|1830|1831|1833|1834|1836|1837|1839|1840|1848|1853|1854|1855|1856|1858|1859|1866|1869|1870|1874|1878|1883|1890|1892|1894|1895|1899|1901|1904|1907|1911|1914|1922|1923|1925|1932|1933|1934|1937|1938|1941|1944|1945|1948|1950|1951|1953|1955|1956|1958|1964|1965|1966|1969|1970|1973|1975|1983|1984|1985|1987|1991|1992|1993|1994|1995|1997|1998|1999|2001|2004|2005|2007|2012|2013|2020|2022|2023|2024|2025|2028|2029|2035|2036|2040|2043|2044|2045|2046|2047|2050|2052|2053|2054|2057|2066|2068|2071|2072|2075|2078|2079|2080|2081|2084|2086|2087|2090|2092|2099|2104|2110|2113|2114|2115|2117|2119|2123|2126|2127|2130|2132|2133|2136|2138|2140|2141|2143|2148|2150|2151|2155|2165|2168|2169|2170|2173|2177|2178|2182|2183|2187|2190|2193|2196|2199|2200|2205|2207|2210|2211|2212|2216|2220|2221|2222|2226|2227|2229|2230|2231|2232|2237|2238|2241|2244|2245|2246|2248|2255|2257|2258|2263|2265|2266|2267|2271|2273|2276|2277|2278|2284|2289|2293|2296|2297|2298|2299|2306|2310|2312|2313|2316|2318|2319|2321|2327|2328|2329|2332|2334|2337|2338|2342|2346|2349|2350|2351|2352|2358|2363|2364|2367|2370|2373|2375|2379|2382|2385|2390|2394|2396|2401|2405|2406|2407|2408|2415|2417|2422|2423|2424|2429|2433|2434|2435|2436|2440|2441|2443|2447|2448|2449|2451|2453|2455|2456|2457|2458|2461|2462|2464|2465|2467|2469|2479|2480|2485|2489|2490|2494|2495|2500|2501|2504|2505|2507|2508|2512|2516|2517|2519|2520|2521|2523|2526|2527|2531|2534|2536|2538|2543|2546|2547|2549|2556|2558|2559|2560|2561|2563|2564|2568|2569|2571|2575|2576|2579|2581|2584|2587|2588|2596|2599|2602|2604|2608|2609|2610|2613|2614|2615|2616|2619|2622|2625|2627|2628|2631|2632|2633|2636|2637|2641|2644|2646|2648|2649|2652|2653|2660|2661|2666|2671|2675|2676|2678|2679|2684|2686|2687|2688|2691|2693|2695|2701|2702|2703|2706|2709|2710|2711|2713|2714|2716|2717|2720|2722|2724|2734|2736|2740|2741|2742|2744|2749|2752|2755|2756|2759|2761|2762|2763|2766|2768|2769|2770|2771|2773|2775|2777|2779|2781|2787|2789|2790|2791|2793|2797|2799|2803|2808|2812|2821|2824|2825|2830|2832|2838|2842|2843|2844|2849|2857|2859|2860|2863|2865|2872|2874|2876|2877|2878|2880|2882|2884|2891|2892|2893|2897|2900|2901|2904|2905|2907|2909|2912|2915|2917|2921|2922|2923|2925|2926|2929|2932|2933|2936|2937|2938|2939|2941|2942|2943|2944|2945|2946|2948|2949|2951|2952|2956|2957|2958|2960|2961|2964|2968|2970|2975|2978|2980|2982|2984|2986|2990|2994|2995|2997|2998|2999|3000|3001|3010|3014|3019|3020|3021|3022|3028|3030|3032|3034|3035|3037|3040|3044|3045|3048|3050|3053|3055|3060|3062|3063|3067|3070|3073|3076|3079|3082|3083|3084|3091|3093|3098|3100|3101|3104|3108|3111|3112|3114|3116|3117|3119|3122|3126|3130|3132|3136|3140|3141|3142|3143|3144|3148|3149|3154|3155|3156|3158|3160|3161|3165|3166|3167|3168|3172|3175|3178|3180|3182|3186|3188|3189|3192|3197|3198|3203|3206|3208|3212|3213|3214|3215|3218|3219|3221|3222|3225|3227|3228|3231|3233|3234|3237|3238|3240|3245|3246|3248|3249|3252|3255|3259|3262|3269|3271|3272|3274|3276|3280|3281|3282|3286|3287|3292|3295|3299|3300|3302|3305|3311|3312|3313|3314|3315|3316|3317|3318|3319|3329|3330|3331|3334|3338|3341|3345|3346|3348|3349|3351|3353|3355|3358|3359|3362|3364|3366|3368|3370|3372|3373|3375|3379|3380|3382|3383|3384|3385|3388|3395|3398|3399|3401|3402|3404|3407|3408|3415|3421|3430|3431|3435|3438|3439|3440|3444|3447|3450|3454|3457|3459|3463|3464|3466|3467|3468|3469|3470|3472|3481|3482|3483|3485|3487|3492|3495|3502|3503|3505|3510|3512|3515|3518|3521|3532|3533|3536|3537|3539|3541|3544|3546|3547|3552|3553|3557|3561|3565|3566|3570|3572|3574|3579|3580|3582|3584|3586|3588|3590|3594|3595|3603|3604|3605|3606|3608|3610|3611|3612|3613|3615|3616|3617|3620|3624|3626|3637|3640|3643|3645|3648|3650|3652|3655|3662|3665|3667|3669|3673|3679|3685|3686|3688|3693|3695|3699|3700|3706|3709|3710|3712|3713|3715|3717|3722|3723|3726|3729|3731|3733|3734|3735|3736|3737|3738|3748|3749|3754|3756|3757|3762|3763|3765|3767|3772|3783|3785|3788|3790|3791|3792|3794|3796|3800|3801|3807|3809|3819|3820|3822|3823|3826|3827|3830|3832|3834|3835|3836|3840|3841|3842|3849|3851|3855|3859|3862|3868|3872|3873|3874|3877|3879|3880|3881|3883|3884|3885|3887|3889|3891|3898|3899|3901|3902|3904|3905|3906|3909|3910|3911|3912|3915|3916|3917|3921|3922|3923|3925|3929|3930|3932|3934|3935|3936|3939|3940|3943|3951|3952|3957|3959|3961|3962|3963|3964|3969|3970|3973|3978|3982|3983|3989|3991|3992|3996|3997|3998|4000|4002|4008|4009|4010|4011|4014|4015|4017|4018|4020|4027|4028|4030|4033|4034|4036|4041|4044|4047|4049|4050|4051|4052|4055|4058|4063|4064|4065|4067|4069|4074|4077|4078|4082|4083|4084|4086|4087|4093|4096|4099|4100|4101|4102|4103|4107|4108|4113|4114|4115|4117|4121|4122|4123|4124|4127|4129|4130|4131|4132|4133|4134|4136|4137|4140|4150|4153|4154|4155|4156|4157|4158|4161|4163|4164|4166|4169|4174|4176|4183|4186|4189|4195|4200|4201|4202|4210|4218|4220|4222|4225|4226|4227|4228|4238|4239|4240|4242|4244|4246|4248|4249|4250|4252|4253|4259|4260|4264|4266|4268|4269|4270|4272|4273|4275|4279|4280|4282|4285|4287|4289|4292|4296|4297|4299|4300|4302|4304|4305|4307|4309|4310|4312|4315|4319|4321|4325|4326|4327|4328|4333|4334|4338|4339|4343|4344|4347|4348|4353|4354|4356|4357|4363|4364|4365|4366|4367|4370|4371|4372|4375|4378|4383|4386|4389|4394|4397|4399|4400|4401|4404|4406|4407|4410|4411|4413|4415|4420|4421|4422|4425|4429|4430|4432|4433|4434|4436|4438|4444|4446|4447|4453|4454|4458|4460|4470|4474|4476|4479|4482|4485|4486|4490|4491|4492|4493|4494|4495|4500|4502|4505|4508|4513|4515|4521|4524|4525|4532|4534|4537|4542|4543|4545|4547|4548|4551|4552|4553|4554|4564|4572|4576|4577|4578|4579|4580|4581|4582|4585|4586|4588|4590|4597|4599|4600|4601|4605|4610|4621|4623|4625|4628|4630|4637|4640|4641|4646|4647|4661|4663|4666|4668|4670|4671|4673|4674|4680|4681|4686|4688|4689|4691|4694|4697|4698|4700|4701|4702|4703|4705|4706|4710|4715|4716|4718|4722|4723|4726|4729|4730|4734|4742|4743|4745|4746|4751|4754|4755|4756|4758|4762|4772|4773|4774|4779|4781|4782|4784|4785|4790|4792|4793|4797|4798|4801|4804|4805|4809|4811|4815|4816|4821|4822|4824|4825|4826|4830|4833|4835|4838|4840|4841|4848|4850|4852|4855|4856|4859|4860|4861|4863|4864|4865|4866|4867|4870|4871|4875|4876|4877|4879|4880|4881|4884|4888|4891|4894|4899|4900|4903|4904|4905|4908|4911|4915|4921|4923|4926|4927|4928|4929|4930|4933|4935|4936|4940|4941|4945|4947|4949|4950|4955|4957|4958|4960|4967|4971|4973|4974|4975|4976|4977|4980|4983|4985|4986|4988|4993|4995|5006|5008|5011|5012|5013|5015|5016|5023|5025|5026|5027|5032|5035|5036|5038|5040|5041|5042|5043|5046|5048|5050|5056|5057|5058|5062|5064|5066|5068|5069|5070|5072|5075|5078|5081|5085|5088|5092|5096|5097|5098|5100|5102|5103|5105|5106|5107|5112|5116|5118|5120|5121|5123|5124|5125|5127|5129|5131|5135|5136|5137|5141|5147|5152|5155|5158|5164|5166|5167|5168|5170|5174|5175|5180|5183|5185|5188|5190|5195|5196|5200|5201|5205|5212|5216|5219|5222|5225|5227|5228|5229|5230|5232|5236|5238|5239|5241|5242|5245|5247|5249|5254|5255|5256|5257|5259|5260|5261|5263|5264|5265|5266|5267|5274|5275|5279|5280|5282|5283|5285|5288|5297|5299|5300|5302|5303|5308|5310|5313|5315|5317|5318|5319|5327|5328|5329|5333|5334|5335|5339|5342|5343|5344|5346|5348|5349|5350|5351|5352|5355|5356|5357|5358|5362|5366|5367|5368|5370|5372|5374|5375|5377|5383|5387|5392|5395|5398|5399|5400|5402|5406|5408|5409|5412|5415|5417|5422|5429|5431|5433|5439|5442|5445|5446|5448|5455|5458|5459|5463|5468|5471|5474|5477|5480|5483|5484|5486|5489|5490|5491|5494|5496|5498|5499|5501|5505|5508|5509|5510|5511|5518|5522|5525|5527|5528|5529|5531|5533|5536|5537|5539|5543|5544|5546|5547|5551|5552|5554|5557|5558|5559|5560|5563|5568|5570|5571|5573|5579|5580|5581|5584|5585|5587|5590|5591|5600|5601|5604|5605|5606|5608|5609|5611|5615|5617|5619|5621|5623|5626|5628|5629|5631|5634|5637|5640|5646|5647|5650|5652|5655|5658|5660|5661|5664|5668|5669|5673|5679|5681|5682|5683|5684|5689|5690|5691|5693|5696|5698|5699|5700|5701|5703|5704|5707|5711|5712|5713|5714|5716|5717|5718|5719|5724|5727|5730|5732|5733|5734|5740|5743|5744|5745|5746|5750|5752|5753|5756|5759|5760|5761|5763|5765|5769|5772|5773|5780|5782|5783|5785|5788|5790|5791|5795|5796|5799|5802|5806|5809|5816|5817|5818|5819|5820|5821|5824|5826|5830|5836|5838|5839|5842|5848|5852|5854|5858|5863|5866|5867|5868|5870|5874|5876|5877|5878|5881|5884|5885|5886|5890|5892|5894|5897|5898|5899|5903|5907|5910|5913|5915|5925|5926|5935|5936|5938|5939|5942|5944|5946|5949|5953|5956|5960|5961|5962|5964|5965|5967|5969|5972|5975|5981|5985|5986|5987|5988|5992|5993|5995|5996|5997|6001|6002|6005|6006|6010|6017|6018|6021|6025|6028|6035|6039|6040|6041|6043|6044|6048|6050|6051|6056|6063|6066|6069|6072|6076|6078|6086|6087|6088|6091|6092|6096|6099|6102|6105|6108|6109|6112|6113|6117|6119|6120|6123|6125|6129|6130|6133|6134|6135|6137|6138|6139|6140|6143|6145|6149|6151|6154|6155|6157|6163|6166|6167|6170|6171|6174|6176|6178|6179|6180|6181|6182|6185|6187|6192|6195|6197|6198|6199|6201|6204|6208|6209|6210|6214|6215|6216|6218|6219|6221|6223|6229|6240|6242|6245|6246|6248|6249|6251|6255|6257|6260|6261|6263|6264|6280|6283|6284|6285|6290|6296|6308|6311|6312|6313|6315|6320|6322|6324|6326|6328|6335|6336|6337|6339|6343|6344|6350|6351|6353|6356|6361|6364|6373|6376|6377|6379|6381|6389|6393|6395|6399|6402|6404|6405|6406|6407|6409|6410|6411|6416|6420|6422|6424|6429|6437|6446|6447|6448|6449|6455|6459|6461|6462|6463|6466|6468|6469|6474|6481|6482|6483|6484|6485|6486|6488|6489|6491|6492|6494|6495|6496|6497|6502|6504|6508|6513|6516|6517|6518|6520|6524|6525|6530|6534|6535|6536|6537|6540|6541|6545|6546|6547|6549|6552|6563|6564|6565|6566|6567|6570|6571|6576|6577|6579|6580|6581|6586|6588|6589|6590|6592|6593|6594|6599|6600|6608|6612|6613|6617|6618|6626|6627|6628|6629|6633|6635|6638|6641|6643|6646|6652|6653|6654|6655|6656|6661|6664|6666|6668|6669|6670|6672|6674|6681|6683|6684|6686|6693|6695|6696|6698|6703|6704|6705|6706|6708|6710|6713|6714|6715|6719|6726|6728|6729|6730|6731|6733|6734|6736|6743|6744|6746|6747|6749|6750|6752|6762|6764|6765|6767|6772|6773|6782|6791|6792|6801|6803|6809|6813|6818|6821|6822|6823|6826|6828|6831|6837|6841|6842|6844|6845|6846|6847|6849|6851|6853|6866|6870|6875|6876|6878|6879|6880|6882|6883|6893|6895|6896|6897|6901|6903|6904|6905|6912|6913|6916|6918|6919|6923|6924|6925|6929|6931|6933|6936|6938|6942|6943|6944|6949|6951|6952|6953|6957|6958|6960|6966|6968|6971|6972|6974|6979|6980|6981|6983|6987|6988|6989|6990|6993|6995|7000|7001|7006|7007|7008|7016|7020|7022|7023|7028|7031|7033|7034|7035|7046|7047|7048|7053|7054|7055|7057|7068|7069|7070|7082|7083|7084|7085|7087|7089|7090|7093|7095|7100|7103|7106|7107|7108|7109|7110|7113|7114|7115|7119|7122|7125|7126|7127|7129|7130|7131|7135|7138|7139|7143|7144|7148|7153|7160|7163|7168|7172|7173|7176|7179|7180|7181|7184|7186|7189|7192|7194|7199|7200|7204|7205|7206|7208|7214|7215|7216|7224|7225|7230|7231|7237|7241|7243|7250|7253|7254|7255|7260|7264|7265|7269|7272|7277|7278|7279|7280|7286|7290|7291|7294|7295|7296|7299|7304|7305|7308|7313|7315|7316|7318|7324|7326|7329|7331|7334|7335|7336|7338|7342|7344|7349|7351|7353|7354|7361|7362|7364|7367|7371|7373|7375|7377|7382|7384|7385|7386|7388|7396|7399|7404|7405|7406|7414|7415|7418|7421|7422|7423|7424|7431|7432|7434|7436|7439|7440|7441|7442|7444|7445|7449|7450|7451|7454|7455|7459|7460|7461|7463|7470|7481|7482|7483|7487|7490|7492|7493|7496|7502|7503|7504|7507|7511|7513|7516|7517|7519|7521,13.019886363636363,True
instance_0014.txt,aisle_first_desc,1820,14,1590,157|1850|7211|10736|7993|10844|11118|3154|3995|7653|488|866|3288|4203|6534|9148|10769|11935|1460|2641|3240|4191|4577|4586|5754|5924|6916|7498|7553|7657|8309|9555|9998|10105|10827|161|169|173|219|540|577|877|931|1114|1170|1299|1554|1715|1801|1884|1937|2133|2413|2738|2967|3153|3212|3518|3538|3608|3787|4126|4183|4193|4324|4445|4608|4721|4866|4901|4973|5249|5383|5502|5551|5923|5948|5961|5988|6080|6127|6203|6573|6807|6921|7022|7032|7033|7045|7107|7220|7311|7350|7373|7405|7502|7616|7709|7869|8068|8220|8238|8715|8931|8953|8977|9290|9303|9470|9686|9750|9818|10106|10272|10284|10634|10725|10782|10836|10957|10977|11021|11485|11569|11571|12153|1|11|15|18|25|56|68|69|75|77|81|89|96|119|120|123|127|133|136|143|149|194|196|207|210|228|236|241|251|257|258|266|274|281|282|284|298|310|318|321|330|335|338|342|352|354|366|368|378|379|383|388|397|405|410|415|417|423|428|434|464|467|480|481|492|501|512|533|537|542|571|573|576|579|609|610|624|651|656|670|672|674|676|681|686|694|698|709|730|733|762|768|772|774|779|781|782|784|787|791|800|803|806|813|816|826|832|842|846|854|857|859|862|879|888|889|897|904|907|912|915|920|921|928|935|938|952|955|962|968|972|975|977|984|985|991|1018|1020|1022|1024|1028|1037|1039|1044|1049|1062|1065|1073|1081|1091|1095|1100|1101|1103|1109|1110|1113|1121|1153|1154|1158|1159|1160|1167|1169|1179|1185|1227|1234|1239|1243|1248|1249|1253|1284|1286|1311|1324|1328|1329|1334|1335|1342|1353|1356|1371|1384|1387|1394|1397|1405|1407|1410|1411|1424|1432|1433|1434|1437|1443|1445|1450|1457|1462|1470|1488|1495|1508|1510|1512|1517|1539|1553|1571|1573|1579|1605|1606|1612|1614|1617|1618|1620|1624|1626|1641|1659|1661|1681|1682|1687|1689|1698|1701|1703|1705|1706|1716|1720|1726|1730|1735|1743|1747|1749|1760|1764|1774|1779|1786|1796|1807|1815|1818|1844|1845|1846|1862|1871|1889|1901|1916|1926|1931|1947|1950|1957|1963|1965|1966|1974|1979|1990|2016|2018|2034|2035|2043|2047|2049|2054|2056|2060|2065|2070|2084|2103|2111|2113|2119|2131|2142|2143|2160|2166|2169|2172|2173|2177|2191|2194|2196|2210|2232|2241|2252|2259|2275|2286|2302|2304|2314|2319|2321|2324|2325|2329|2331|2336|2337|2342|2344|2347|2359|2365|2367|2369|2377|2381|2390|2401|2407|2408|2410|2420|2427|2441|2442|2452|2459|2460|2461|2463|2468|2469|2480|2482|2484|2502|2509|2518|2522|2532|2535|2543|2551|2552|2562|2579|2599|2609|2637|2642|2670|2678|2684|2687|2704|2712|2722|2739|2742|2756|2757|2758|2760|2768|2772|2789|2792|2798|2801|2818|2826|2828|2831|2834|2851|2863|2865|2886|2887|2889|2895|2899|2902|2908|2925|2930|2936|2942|2943|2948|2969|2978|2980|2981|2984|2988|2993|2997|3002|3007|3023|3027|3030|3034|3037|3038|3056|3061|3072|3077|3097|3098|3104|3106|3119|3120|3125|3129|3132|3136|3144|3155|3166|3169|3171|3172|3178|3183|3190|3197|3208|3225|3231|3237|3249|3261|3274|3275|3295|3297|3304|3307|3310|3317|3334|3343|3362|3392|3400|3403|3406|3413|3422|3426|3430|3432|3433|3435|3436|3439|3442|3444|3446|3451|3456|3459|3465|3468|3470|3471|3478|3480|3481|3482|3484|3486|3491|3500|3510|3512|3542|3548|3555|3566|3570|3578|3586|3589|3617|3625|3640|3649|3660|3662|3668|3707|3709|3712|3720|3728|3730|3733|3752|3753|3756|3763|3766|3768|3776|3781|3790|3791|3793|3794|3795|3806|3810|3823|3829|3834|3836|3855|3859|3878|3882|3884|3893|3895|3901|3914|3929|3931|3934|3939|3942|3950|3954|3976|3996|4010|4019|4029|4042|4059|4064|4067|4073|4080|4084|4093|4099|4100|4102|4117|4118|4129|4139|4145|4147|4151|4152|4162|4164|4173|4178|4195|4216|4218|4223|4235|4241|4243|4250|4254|4258|4263|4264|4269|4283|4289|4296|4297|4320|4331|4349|4353|4358|4364|4366|4383|4384|4386|4396|4401|4404|4405|4410|4411|4416|4418|4419|4425|4428|4429|4431|4432|4439|4463|4465|4467|4480|4481|4483|4485|4492|4515|4516|4522|4528|4534|4535|4546|4566|4571|4575|4581|4594|4600|4605|4620|4637|4645|4651|4653|4658|4661|4672|4673|4675|4698|4702|4703|4719|4727|4730|4731|4732|4740|4744|4765|4771|4775|4781|4788|4791|4795|4800|4807|4811|4818|4820|4821|4826|4844|4847|4858|4867|4882|4883|4889|4907|4917|4929|4939|4948|4949|4955|4962|4963|4978|4988|5002|5004|5005|5006|5010|5011|5013|5027|5028|5044|5046|5060|5062|5064|5066|5069|5080|5089|5104|5112|5134|5141|5144|5151|5152|5159|5162|5172|5173|5175|5179|5183|5185|5188|5200|5201|5203|5213|5218|5229|5231|5257|5267|5270|5274|5284|5296|5298|5301|5305|5309|5310|5336|5337|5346|5354|5355|5365|5371|5375|5376|5379|5384|5389|5390|5410|5413|5414|5415|5419|5421|5423|5427|5428|5434|5441|5444|5447|5457|5463|5471|5472|5474|5482|5491|5509|5520|5523|5526|5529|5543|5549|5570|5576|5583|5596|5600|5610|5613|5634|5636|5660|5663|5665|5668|5671|5673|5688|5691|5698|5716|5724|5729|5733|5735|5738|5759|5772|5783|5786|5788|5792|5800|5815|5821|5822|5837|5845|5847|5852|5859|5862|5869|5879|5883|5888|5890|5891|5897|5901|5912|5929|5930|5931|5938|5957|5963|5964|5969|5970|5974|5977|5985|5997|6009|6025|6029|6049|6064|6073|6097|6099|6102|6107|6124|6126|6134|6136|6137|6141|6159|6164|6201|6212|6240|6241|6245|6249|6254|6257|6262|6264|6265|6270|6275|6277|6293|6309|6311|6343|6350|6360|6370|6372|6376|6377|6389|6393|6405|6411|6420|6424|6427|6432|6457|6481|6483|6488|6510|6533|6537|6538|6547|6550|6551|6558|6566|6568|6569|6571|6580|6581|6582|6587|6592|6596|6597|6610|6612|6619|6624|6627|6630|6646|6654|6655|6663|6672|6676|6688|6703|6704|6708|6722|6731|6733|6735|6740|6745|6757|6764|6770|6772|6794|6795|6798|6805|6806|6814|6816|6817|6818|6821|6824|6833|6834|6837|6857|6859|6860|6861|6864|6867|6880|6884|6886|6894|6898|6901|6915|6923|6925|6929|6932|6939|6940|6941|6948|6961|6962|6968|6981|6991|6993|6994|7007|7019|7020|7021|7043|7050|7053|7056|7060|7063|7069|7073|7120|7123|7126|7133|7140|7146|7155|7172|7180|7182|7188|7190|7197|7199|7206|7219|7224|7269|7300|7302|7305|7319|7320|7337|7346|7352|7356|7362|7363|7365|7371|7372|7374|7391|7393|7397|7408|7409|7417|7431|7445|7455|7466|7467|7481|7491|7493|7510|7511|7514|7526|7527|7536|7546|7552|7574|7578|7584|7609|7610|7612|7619|7621|7625|7633|7636|7638|7639|7642|7655|7681|7699|7716|7719|7722|7732|7738|7742|7773|7778|7780|7787|7789|7795|7798|7805|7812|7813|7818|7830|7833|7855|7867|7872|7877|7880|7885|7887|7891|7916|7919|7933|7948|7960|7963|7970|7973|7978|7994|8005|8034|8041|8046|8056|8060|8061|8071|8080|8085|8091|8095|8110|8115|8128|8142|8147|8153|8155|8157|8183|8192|8193|8198|8204|8226|8229|8241|8252|8257|8260|8285|8287|8291|8295|8322|8323|8332|8335|8347|8350|8358|8359|8365|8367|8385|8389|8390|8411|8422|8436|8439|8448|8452|8458|8459|8460|8471|8473|8478|8485|8500|8507|8511|8524|8528|8541|8553|8560|8564|8567|8575|8577|8585|8586|8590|8598|8599|8601|8611|8618|8627|8629|8630|8634|8636|8638|8645|8663|8673|8688|8692|8695|8700|8709|8716|8717|8724|8734|8744|8745|8749|8755|8758|8765|8768|8771|8778|8800|8805|8810|8819|8846|8849|8854|8866|8871|8892|8905|8918|8921|8923|8924|8928|8934|8935|8937|8948|8952|8967|8969|8975|8981|8982|8996|9004|9009|9012|9017|9025|9029|9030|9037|9039|9041|9045|9046|9051|9057|9064|9079|9092|9095|9096|9097|9098|9099|9119|9123|9131|9137|9139|9152|9159|9164|9172|9178|9185|9186|9189|9190|9200|9203|9205|9210|9225|9228|9230|9247|9255|9268|9270|9284|9288|9296|9297|9314|9319|9327|9330|9332|9334|9344|9345|9346|9366|9391|9395|9398|9406|9410|9412|9413|9417|9425|9428|9449|9451|9454|9464|9490|9493|9497|9505|9514|9516|9519|9521|9528|9542|9550|9552|9559|9587|9598|9605|9610|9611|9614|9618|9623|9628|9633|9639|9646|9647|9661|9662|9672|9674|9687|9690|9698|9713|9723|9729|9740|9753|9777|9789|9792|9793|9795|9804|9807|9808|9822|9823|9831|9843|9849|9866|9873|9875|9878|9881|9897|9903|9910|9913|9915|9919|9930|9942|9945|9952|9962|9966|9968|9996|10021|10026|10068|10086|10091|10101|10103|10110|10115|10118|10119|10122|10126|10130|10135|10137|10162|10171|10172|10181|10184|10185|10192|10213|10221|10225|10245|10249|10250|10251|10255|10256|10293|10310|10322|10326|10328|10345|10357|10359|10379|10385|10399|10411|10418|10427|10433|10449|10450|10455|10458|10467|10483|10507|10518|10524|10529|10532|10533|10538|10546|10549|10550|10553|10555|10568|10581|10602|10621|10623|10626|10628|10644|10646|10653|10663|10674|10684|10686|10717|10721|10733|10734|10739|10745|10747|10774|10784|10786|10789|10793|10796|10802|10808|10813|10817|10829|10845|10850|10878|10892|10918|10934|10936|10945|10958|10967|10968|10978|10983|10989|11004|11006|11008|11009|11020|11044|11051|11054|11062|11069|11071|11076|11078|11094|11109|11124|11136|11143|11164|11167|11169|11182|11203|11205|11207|11211|11215|11219|11220|11223|11228|11229|11235|11236|11256|11276|11277|11279|11282|11293|11297|11304|11306|11307|11314|11335|11344|11349|11350|11351|11362|11364|11386|11434|11438|11444|11463|11467|11468|11478|11504|11506|11512|11515|11522|11528|11530|11542|11564|11580|11585|11587|11592|11598|11600|11601|11603|11607|11632|11634|11651|11653|11656|11659|11688|11690|11691|11698|11706|11707|11711|11715|11720|11734|11738|11740|11744|11745|11748|11752|11755|11759|11760|11764|11775|11776|11778|11792|11798|11801|11808|11809|11811|11814|11837|11846|11847|11848|11871|11875|11877|11890|11891|11904|11912|11923|11931|11933|11937|11945|11948|11955|11956|11960|11973|11974|11992|11994|12010|12016|12022|12039|12040|12044|12060|12072|12079|12083|12085|12100|12104|12114|12116|12128|12135|12141|12142|12144|12147|12176|12197|12200|12218|12220|12224|12246|12250|12262|12263|12265|12267|12269|12278|12281|12303|12307|12309|12316|12322|12326|12331|12333|12346|12352|12362|12364|12369|12371|12374|12376|12378|12379|12386,1|45|53|61|76|98|111|140|197|220|304|322|350|398,0|5|6|8|10|15|20|29|35|41|43|45|53|62|66|77|86|91|92|99|109|115|116|127|134|149|166|179|189|196|202|203|204|205|208|212|213|217|219|224|232|250|257|260|265|272|277|290|302|308|319|338|340|344|346|354|385|393|395|407|408|414|418|421|422|435|443|449|454|461|476|477|489|494|505|511|515|518|549|554|559|572|580|583|617|627|633|634|637|639|640|642|643|654|657|672|675|680|687|689|692|706|711|714|721|723|728|736|741|745|748|760|762|768|777|785|793|798|803|812|815|819|820|827|835|838|840|851|852|857|858|859|866|881|889|895|900|915|918|928|930|935|937|940|946|962|963|968|981|991|994|995|1001|1003|1006|1012|1031|1032|1042|1043|1059|1074|1077|1082|1087|1092|1093|1094|1102|1121|1125|1128|1160|1162|1163|1164|1170|1173|1195|1197|1199|1213|1220|1222|1227|1229|1231|1234|1249|1272|1278|1281|1287|1302|1304|1311|1313|1314|1321|1322|1335|1340|1341|1355|1371|1377|1387|1389|1392|1395|1398|1401|1411|1413|1422|1434|1436|1441|1444|1445|1451|1460|1466|1467|1482|1483|1488|1490|1494|1496|1500|1517|1526|1538|1546|1550|1551|1560|1561|1562|1563|1566|1570|1578|1584|1590|1592|1598|1600|1605|1610|1611|1616|1622|1627|1628|1629|1635|1653|1659|1664|1674|1687|1698|1699|1708|1710|1716|1736|1741|1743|1744|1752|1754|1762|1763|1776|1788|1791|1806|1811|1815|1818|1820|1824|1847|1854|1857|1859|1866|1867|1875|1881|1883|1886|1900|1907|1915|1919|1931|1932|1936|1938|1947|1954|1956|1962|1967|1969|1977|1978|1985|1988|1991|1995|2010|2013|2026|2040|2045|2055|2066|2069|2078|2083|2084|2087|2090|2099|2123|2131|2136|2137|2143|2146|2150|2153|2155|2157|2160|2162|2167|2168|2169|2180|2185|2186|2195|2203|2206|2215|2222|2233|2244|2249|2265|2272|2273|2286|2293|2294|2296|2300|2308|2343|2349|2358|2369|2378|2396|2399|2417|2418|2420|2434|2437|2439|2441|2446|2452|2454|2455|2456|2457|2467|2470|2480|2485|2493|2494|2495|2500|2503|2504|2505|2526|2528|2530|2531|2541|2542|2544|2546|2561|2563|2565|2566|2570|2577|2581|2582|2584|2589|2596|2597|2611|2612|2614|2622|2631|2641|2642|2652|2657|2697|2710|2712|2717|2720|2728|2730|2731|2733|2743|2762|2768|2770|2771|2772|2779|2781|2791|2801|2809|2810|2812|2829|2834|2835|2843|2868|2876|2893|2897|2910|2925|2930|2932|2938|2946|2966|2972|2973|2974|2981|2984|2996|3003|3008|3019|3022|3031|3049|3055|3070|3079|3084|3090|3092|3095|3101|3104|3105|3118|3120|3127|3128|3136|3137|3141|3143|3147|3157|3164|3173|3175|3179|3180|3184|3186|3195|3198|3206|3234|3236|3246|3247|3261|3268|3270|3273|3278|3281|3284|3294|3303|3306|3316|3317|3322|3343|3347|3355|3360|3373|3375|3381|3383|3392|3399|3401|3407|3411|3420|3422|3424|3425|3426|3427|3435|3436|3437|3438|3440|3442|3452|3458|3465|3467|3471|3476|3478|3481|3493|3499|3500|3502|3504|3511|3513|3524|3530|3538|3546|3560|3565|3568|3575|3577|3586|3587|3598|3603|3615|3627|3631|3637|3643|3651|3656|3657|3697|3703|3715|3718|3729|3742|3751|3753|3756|3761|3781|3798|3802|3808|3811|3815|3834|3837|3845|3854|3859|3861|3864|3867|3880|3893|3897|3899|3902|3903|3924|3926|3935|3939|3963|3977|3982|3990|3993|3999|4000|4001|4004|4011|4028|4034|4035|4036|4075|4080|4134|4147|4153|4155|4162|4173|4181|4185|4194|4200|4209|4212|4214|4229|4236|4238|4249|4254|4257|4259|4261|4269|4287|4294|4298|4300|4306|4307|4326|4330|4333|4339|4351|4352|4355|4356|4360|4372|4373|4382|4387|4395|4396|4404|4405|4408|4409|4411|4422|4427|4439|4445|4448|4451|4454|4455|4463|4471|4472|4473|4475|4490|4492|4496|4524|4527|4542|4544|4547|4558|4561|4565|4573|4581|4592|4613|4616|4619|4620|4632|4647|4653|4658|4687|4697|4712|4715|4724|4729|4740|4742|4743|4747|4764|4770|4775|4782|4783|4796|4800|4805|4811|4818|4822|4823|4824|4829|4843|4847|4851|4860|4867|4870|4872|4878|4883|4885|4892|4902|4906|4907|4923|4933|4934|4949|4956|4958|4965|4971|4972|4982|4983|4987|4991|4994|5006|5027|5028|5031|5032|5034|5041|5042|5046|5049|5052|5058|5068|5097|5098|5105|5109|5110|5113|5125|5126|5133|5141|5147|5153|5159|5163|5165|5166|5172|5184|5199|5209|5225|5232|5233|5235|5243|5244|5247|5267|5274|5281|5282|5285|5292|5305|5307|5310|5323|5343|5346|5353|5376|5377|5382|5387|5398|5401|5418|5430|5446|5472|5496|5511|5521|5523|5540|5543|5544|5556|5563|5569|5582|5589|5596|5604|5610|5615|5617|5624|5626|5633|5641|5648|5656|5658|5660|5666|5670|5680|5691|5692|5695|5698|5703|5709|5711|5713|5725|5732|5737|5746|5747|5748|5753|5754|5755|5757|5761|5770|5778|5785|5798|5806|5810|5813|5817|5825|5831|5832|5838|5843|5851|5852|5864|5867|5870|5875|5876|5897|5902|5906|5926|5967|5970|5996|6005|6024|6027|6040|6049|6050|6061|6065|6069|6070|6073|6093|6094|6095|6103|6107|6110|6112|6117|6124|6143|6150|6156|6162|6183|6187|6189|6190|6191|6195|6199|6217|6223|6234|6238|6239|6241|6243|6253|6255|6259|6263|6265|6268|6289|6291|6298|6314|6321|6324|6325|6326|6331|6337|6342|6344|6347|6350|6356|6368|6372|6396|6414|6416|6417|6426|6432|6434|6436|6460|6462|6465|6468|6479|6486|6487|6492|6493|6503|6512|6532|6534|6545|6555|6557|6559|6566|6573|6574|6575|6603|6629|6630|6632|6656|6669|6679|6687|6698|6706|6711|6724|6736|6737|6740|6764|6766|6770|6781|6792|6793|6795|6801|6806|6815|6819|6825|6832|6839|6841|6843|6848|6856|6858|6860|6870|6872|6874|6898|6909|6942|6949|6958|6959|6962|6964|6977|6979|6994|6998|7019|7022|7031|7033|7037|7039|7045|7058|7062|7065|7067|7068|7073|7079|7084|7096|7106|7116|7118|7120|7124|7125|7129|7143|7152|7173|7185|7189|7198|7207|7208|7211|7216|7218|7220|7223|7255|7258|7264|7274|7275|7277|7286|7290|7300|7333|7338|7342|7343|7345|7361|7365|7392|7420|7421|7428|7436|7439|7449|7457|7458|7461|7462|7476|7490|7514|7524|7526|7530|7532|7564|7570|7571|7574|7582|7612|7624|7637|7640|7648|7656|7667|7669|7691|7704|7712|7719|7721|7728|7732|7735|7749|7751|7763|7765|7767|7772|7781|7782|7786|7792|7801|7807|7811|7819|7840|7854|7861|7864|7875|7876|7881|7890|7892|7902|7912|7913|7920|7922|7926|7929|7930|7935|7940|7948|7950|7961|7988|7995|7998|7999|8001|8006|8009|8016|8020|8024|8034|8035|8041|8047|8052|8064|8066|8074|8094|8109|8110|8113|8124|8136|8140|8146|8161|8178|8206|8212|8216|8218|8219|8220|8226|8231|8243|8247|8252|8279|8293|8302|8306|8315|8318|8322|8328|8342|8343|8344|8346|8351|8354|8360|8363|8366|8368|8369|8378|8387|8394|8395|8398|8399|8410|8411|8413|8416|8426|8434|8436|8443|8444|8469|8477|8489|8495|8496|8499|8504|8516|8518|8521|8525|8531|8536|8540|8546|8549|8553|8558|8570|8573|8587|8592|8596|8599|8602|8606|8612|8613|8636|8639|8642|8647|8649|8653|8669|8671|8674|8685|8700|8717|8721|8725|8731|8744|8754|8758|8765|8784|8814|8835|8846|8853|8855|8859|8863|8867|8873|8880|8902|8907|8910|8912|8922|8931|8936|8949|8962|8968|8974|8976|8978|8984|8996|9011|9014|9022|9023|9032|9040|9048|9051|9056|9057|9061|9067|9068|9072|9073|9075|9088|9100|9111|9133|9144|9148|9163|9164|9171|9189|9212|9214|9241|9243|9244|9246|9253|9258|9262|9266|9273|9276|9292|9293|9302|9310|9313|9316|9323|9326|9328|9330|9339|9353|9355|9358|9360|9365|9366|9369|9373|9379|9381|9384|9385|9387|9396|9406|9415|9420|9441|9442|9443|9445|9451|9468|9488|9492|9493|9506|9517|9518|9533|9541|9542|9559|9568|9575|9589|9592|9593|9608|9610|9622|9623|9629|9647|9648|9653|9666|9669|9678|9686|9712|9729|9758|9760|9769|9775|9780|9786|9791|9794|9802|9804|9806|9818|9822|9823|9824|9830|9832|9844|9847|9851|9873|9877|9891|9897|9899|9901|9907|9910|9912|9913|9917|9919|9950|9968|9975|9982|10006|10010|10015|10016|10018|10024|10027|10028|10034|10038|10039|10072|10078|10088|10113|10115|10117|10121|10130|10134|10140|10141|10142|10143|10151|10166|10173|10188|10198|10216|10221|10222|10225|10226|10232|10240|10244|10257|10258|10262|10265|10268|10273|10286|10287|10289|10295|10297|10301|10302|10303|10305|10314|10323|10324|10331|10334|10345|10351|10366|10367|10373|10386|10389|10391|10405|10415|10421|10431|10432|10466|10470|10473|10498|10519|10531|10534|10543|10550|10554|10556|10578|10588|10590|10611|10621|10642|10648|10664|10675|10698|10703|10716|10719|10721|10723|10730|10732|10737|10741|10748|10758|10763|10773|10775|10776|10781|10786|10801|10803|10806|10809|10816|10825|10832|10845|10850|10856|10870|10876|10880|10889|10895|10900|10904|10905|10908|10915|10916|10917|10924|10925|10941|10947|10955|10963|10968,144.78571428571428,True
instance_0014.txt,dinkelbach_mip,1967,13,1721,1|11|34|48|53|56|61|72|75|77|81|102|106|110|114|117|119|123|125|127|136|139|143|154|157|173|192|196|210|228|232|241|249|251|257|266|274|275|284|290|294|308|310|321|330|333|334|335|345|366|373|379|383|387|395|397|405|410|415|417|418|422|423|428|429|430|434|435|439|463|464|466|478|480|481|489|492|497|517|537|540|542|547|562|566|576|579|580|581|586|604|610|616|619|621|624|633|651|656|664|672|674|686|687|688|697|698|713|733|739|744|752|762|770|774|778|782|784|787|791|793|803|804|806|810|813|828|832|840|842|854|859|888|897|900|907|908|912|931|934|935|938|952|962|963|964|965|968|972|984|985|1018|1022|1028|1037|1039|1044|1045|1062|1066|1073|1076|1081|1091|1092|1096|1099|1100|1103|1109|1110|1113|1118|1137|1153|1155|1157|1158|1160|1167|1169|1186|1216|1227|1239|1240|1248|1257|1277|1289|1299|1307|1324|1335|1339|1346|1349|1353|1375|1384|1387|1390|1394|1405|1407|1410|1411|1414|1425|1426|1432|1437|1443|1445|1448|1450|1457|1470|1473|1497|1502|1508|1515|1520|1536|1573|1579|1584|1596|1601|1604|1606|1612|1616|1617|1618|1620|1623|1632|1654|1658|1659|1672|1678|1681|1689|1698|1701|1702|1703|1705|1706|1715|1720|1722|1724|1732|1743|1749|1760|1763|1765|1774|1775|1776|1786|1796|1801|1810|1818|1821|1831|1845|1862|1889|1900|1901|1906|1916|1924|1931|1947|1963|1966|1976|1981|1987|1990|1993|2012|2016|2018|2027|2029|2034|2035|2054|2084|2100|2103|2109|2111|2127|2131|2133|2142|2143|2160|2163|2169|2170|2194|2195|2196|2203|2206|2220|2241|2252|2259|2264|2265|2275|2276|2279|2280|2292|2295|2296|2299|2304|2315|2320|2321|2324|2331|2333|2335|2336|2341|2342|2344|2352|2359|2363|2365|2369|2375|2381|2390|2401|2407|2408|2413|2417|2421|2427|2429|2441|2447|2452|2459|2461|2463|2468|2469|2482|2484|2496|2501|2502|2509|2513|2518|2522|2531|2532|2536|2538|2543|2544|2551|2559|2560|2562|2570|2577|2579|2599|2609|2637|2642|2665|2670|2676|2678|2687|2708|2712|2715|2721|2722|2729|2733|2737|2738|2742|2756|2772|2773|2784|2787|2789|2791|2792|2798|2801|2826|2827|2831|2841|2843|2845|2851|2863|2875|2882|2886|2892|2894|2895|2899|2902|2908|2922|2925|2930|2935|2936|2938|2942|2947|2955|2960|2967|2968|2981|2984|2987|2988|2993|2997|3007|3023|3030|3037|3038|3046|3052|3056|3076|3077|3097|3106|3107|3119|3120|3122|3136|3139|3144|3152|3153|3154|3155|3161|3162|3166|3186|3208|3212|3215|3225|3229|3231|3237|3240|3241|3242|3249|3257|3262|3269|3274|3288|3295|3297|3304|3307|3310|3315|3320|3321|3323|3326|3329|3342|3349|3351|3352|3355|3362|3377|3392|3400|3403|3406|3411|3422|3426|3430|3432|3433|3435|3437|3438|3442|3451|3456|3459|3461|3465|3467|3468|3471|3480|3491|3496|3508|3509|3510|3514|3526|3537|3538|3542|3546|3548|3555|3563|3566|3578|3589|3597|3608|3617|3620|3621|3627|3640|3649|3656|3660|3662|3686|3701|3707|3713|3715|3722|3730|3731|3743|3753|3756|3763|3766|3768|3773|3786|3787|3790|3791|3793|3794|3810|3817|3823|3836|3840|3842|3855|3882|3884|3885|3891|3912|3919|3926|3929|3931|3932|3939|3942|3950|3954|3958|3960|3963|3972|4006|4010|4015|4024|4029|4035|4040|4062|4067|4073|4074|4078|4080|4084|4096|4099|4117|4118|4129|4131|4132|4136|4139|4141|4147|4158|4160|4162|4164|4173|4174|4178|4184|4204|4206|4212|4216|4235|4238|4240|4241|4242|4243|4245|4269|4270|4283|4289|4296|4297|4302|4306|4328|4334|4358|4364|4365|4366|4367|4369|4384|4386|4396|4401|4404|4405|4410|4411|4416|4419|4425|4426|4427|4428|4429|4432|4445|4463|4465|4477|4483|4491|4492|4515|4516|4522|4528|4536|4539|4545|4546|4548|4552|4566|4571|4572|4581|4586|4594|4600|4605|4617|4624|4645|4651|4652|4657|4661|4665|4672|4673|4675|4687|4694|4698|4699|4702|4715|4719|4722|4729|4731|4732|4753|4754|4771|4775|4788|4795|4798|4799|4803|4818|4821|4834|4838|4857|4858|4861|4862|4866|4867|4875|4883|4907|4917|4929|4937|4939|4948|4949|4957|4958|4962|4978|4985|4987|4988|5002|5005|5010|5011|5022|5027|5033|5043|5046|5049|5051|5054|5075|5081|5089|5099|5108|5112|5123|5128|5131|5134|5138|5141|5144|5152|5162|5168|5178|5179|5185|5188|5189|5200|5203|5213|5218|5221|5224|5229|5231|5245|5259|5265|5267|5270|5274|5291|5296|5297|5298|5299|5301|5302|5305|5307|5309|5310|5314|5326|5335|5336|5337|5342|5350|5355|5358|5365|5368|5380|5381|5382|5389|5390|5400|5402|5413|5414|5416|5417|5423|5427|5433|5441|5447|5451|5457|5459|5471|5472|5474|5490|5502|5504|5508|5509|5513|5514|5526|5531|5541|5542|5551|5560|5570|5573|5576|5583|5584|5595|5622|5634|5636|5653|5660|5668|5671|5691|5698|5699|5724|5729|5733|5735|5748|5754|5759|5786|5788|5792|5795|5800|5815|5831|5837|5843|5845|5847|5850|5858|5859|5860|5862|5863|5869|5879|5880|5883|5885|5901|5912|5915|5921|5923|5924|5931|5938|5951|5952|5957|5963|5964|5966|5969|5970|5977|5984|5985|5987|6009|6025|6026|6043|6047|6049|6064|6067|6071|6073|6080|6097|6102|6106|6107|6108|6119|6121|6124|6127|6146|6149|6156|6162|6163|6164|6185|6192|6194|6201|6203|6212|6239|6245|6249|6254|6257|6259|6262|6265|6270|6293|6311|6317|6343|6344|6349|6350|6351|6360|6372|6375|6376|6377|6379|6392|6393|6398|6399|6405|6415|6420|6421|6424|6427|6428|6431|6432|6445|6469|6479|6487|6488|6489|6493|6510|6513|6518|6534|6536|6538|6547|6550|6558|6566|6571|6577|6580|6602|6624|6627|6630|6631|6646|6655|6659|6672|6675|6676|6679|6688|6689|6704|6709|6715|6721|6731|6734|6736|6757|6760|6763|6770|6772|6773|6786|6793|6798|6799|6805|6808|6814|6815|6816|6821|6833|6837|6839|6857|6864|6884|6886|6887|6894|6898|6912|6915|6917|6918|6923|6925|6928|6932|6940|6945|6948|6962|6968|6984|6989|6991|6993|6994|6997|7021|7022|7033|7038|7043|7045|7048|7050|7053|7060|7069|7073|7083|7088|7103|7107|7126|7140|7144|7155|7160|7172|7174|7183|7188|7190|7194|7199|7206|7211|7221|7224|7225|7238|7247|7256|7259|7262|7265|7269|7279|7281|7286|7287|7290|7302|7305|7320|7336|7345|7346|7350|7352|7356|7357|7362|7363|7371|7373|7374|7391|7398|7405|7408|7421|7431|7439|7449|7466|7467|7471|7477|7480|7481|7482|7489|7497|7498|7502|7526|7527|7536|7546|7552|7553|7564|7565|7570|7574|7575|7584|7587|7594|7595|7609|7610|7616|7617|7621|7631|7632|7633|7634|7638|7639|7642|7652|7653|7655|7662|7668|7670|7680|7681|7685|7696|7699|7703|7716|7732|7742|7764|7773|7786|7789|7794|7798|7830|7832|7842|7848|7867|7868|7877|7882|7885|7887|7891|7916|7933|7948|7953|7960|7963|7965|7970|7973|7974|7984|7993|7994|8005|8018|8030|8039|8060|8067|8068|8069|8071|8081|8082|8085|8090|8095|8110|8115|8133|8136|8142|8143|8147|8152|8153|8155|8163|8167|8177|8179|8183|8189|8190|8192|8193|8204|8217|8220|8227|8237|8241|8257|8269|8272|8280|8283|8287|8291|8295|8302|8315|8319|8320|8322|8323|8347|8349|8350|8359|8385|8391|8395|8422|8436|8439|8449|8450|8452|8458|8459|8460|8461|8466|8471|8473|8485|8487|8489|8507|8508|8514|8524|8527|8528|8541|8550|8557|8560|8563|8567|8573|8575|8577|8579|8581|8585|8586|8595|8598|8599|8611|8613|8627|8629|8630|8634|8636|8638|8646|8655|8662|8664|8673|8687|8692|8695|8700|8702|8709|8715|8722|8723|8730|8734|8741|8744|8745|8755|8767|8768|8771|8777|8805|8813|8819|8828|8832|8849|8854|8872|8887|8892|8905|8918|8921|8930|8935|8938|8944|8947|8948|8949|8950|8952|8955|8956|8963|8967|8976|8977|8980|8981|8982|8987|9004|9005|9009|9012|9017|9028|9029|9032|9035|9036|9037|9041|9045|9057|9064|9068|9079|9092|9094|9095|9096|9098|9104|9119|9122|9129|9130|9131|9135|9137|9139|9152|9159|9171|9178|9186|9187|9189|9195|9200|9206|9210|9220|9225|9228|9230|9247|9254|9255|9256|9262|9268|9289|9290|9294|9295|9296|9314|9319|9327|9328|9330|9337|9340|9345|9346|9353|9364|9366|9379|9383|9388|9395|9398|9406|9410|9412|9425|9428|9430|9449|9454|9455|9470|9490|9493|9497|9498|9499|9505|9516|9519|9521|9523|9524|9526|9528|9534|9542|9550|9552|9555|9556|9559|9561|9563|9564|9573|9580|9583|9587|9593|9601|9605|9608|9610|9611|9618|9619|9623|9628|9636|9639|9646|9651|9661|9674|9684|9686|9691|9698|9705|9710|9714|9729|9730|9740|9749|9753|9760|9768|9769|9777|9783|9789|9792|9793|9795|9807|9808|9817|9818|9823|9842|9843|9849|9852|9865|9873|9875|9878|9881|9903|9910|9912|9915|9919|9922|9930|9935|9942|9945|9952|9958|9962|9966|9968|9986|9990|9997|10010|10012|10014|10023|10026|10038|10046|10059|10081|10083|10086|10091|10098|10101|10103|10104|10105|10106|10118|10119|10122|10126|10128|10129|10130|10131|10137|10142|10152|10156|10160|10162|10172|10178|10184|10185|10189|10191|10192|10199|10204|10211|10213|10225|10231|10235|10237|10245|10247|10249|10250|10252|10255|10257|10263|10278|10290|10293|10310|10311|10322|10325|10328|10344|10349|10357|10359|10366|10368|10379|10384|10385|10386|10411|10415|10418|10427|10433|10434|10435|10445|10448|10449|10450|10458|10480|10487|10517|10524|10532|10538|10547|10549|10550|10553|10554|10555|10557|10567|10568|10572|10592|10602|10606|10608|10612|10616|10619|10621|10626|10646|10648|10653|10654|10655|10658|10659|10661|10667|10673|10674|10683|10686|10697|10701|10719|10721|10725|10727|10733|10734|10736|10738|10739|10740|10743|10745|10779|10782|10784|10789|10801|10802|10813|10817|10829|10834|10836|10837|10845|10850|10892|10894|10916|10919|10934|10945|10948|10949|10952|10962|10967|10970|10978|10981|10983|10989|11004|11006|11009|11018|11021|11023|11044|11045|11046|11051|11052|11062|11067|11076|11083|11089|11090|11093|11094|11096|11104|11134|11136|11143|11164|11166|11192|11203|11207|11211|11215|11219|11223|11226|11229|11236|11244|11256|11259|11264|11274|11280|11282|11283|11293|11304|11306|11307|11314|11336|11338|11340|11344|11350|11371|11372|11386|11397|11399|11400|11412|11438|11442|11463|11467|11468|11476|11478|11486|11516|11521|11538|11546|11554|11555|11567|11569|11570|11571|11573|11577|11580|11582|11585|11587|11593|11598|11603|11616|11623|11632|11637|11653|11657|11672|11690|11693|11698|11707|11716|11720|11729|11731|11734|11738|11740|11744|11748|11749|11759|11760|11770|11773|11775|11776|11777|11778|11783|11792|11801|11811|11814|11816|11835|11837|11848|11857|11871|11875|11877|11890|11897|11904|11910|11929|11931|11933|11945|11946|11952|11955|11956|11960|11971|11973|11974|12002|12016|12021|12037|12039|12040|12044|12060|12072|12079|12088|12095|12099|12100|12101|12104|12114|12116|12128|12136|12138|12142|12147|12170|12178|12182|12192|12195|12197|12200|12213|12214|12218|12221|12224|12246|12250|12256|12257|12261|12262|12263|12269|12275|12278|12281|12289|12307|12309|12322|12326|12327|12328|12331|12333|12335|12346|12348|12349|12351|12358|12361|12368|12369|12374|12376|12377|12378|12379|12386,1|2|11|34|44|53|69|76|98|274|367|390|398,5|7|22|29|32|35|37|41|43|50|52|53|55|66|71|80|84|91|98|107|109|115|116|127|134|144|149|166|179|181|189|194|202|205|208|213|214|217|219|228|232|238|239|245|254|257|264|265|266|272|277|289|297|302|336|340|344|346|354|356|375|385|388|406|407|408|415|421|430|435|443|455|458|459|461|476|479|481|482|490|493|505|515|518|531|549|554|559|571|581|598|617|633|637|639|643|652|655|656|660|669|672|678|680|685|687|692|696|708|711|714|717|719|721|728|736|741|745|748|760|761|762|768|775|785|793|798|803|815|820|827|834|838|840|851|857|858|859|863|880|882|900|904|909|915|918|921|928|930|932|935|937|940|946|948|961|962|973|981|988|994|995|1000|1003|1006|1008|1011|1012|1024|1031|1059|1066|1075|1078|1090|1093|1094|1096|1102|1110|1117|1121|1125|1135|1143|1157|1160|1162|1163|1164|1170|1171|1173|1183|1189|1192|1195|1220|1222|1227|1229|1231|1234|1239|1246|1249|1251|1263|1268|1278|1281|1287|1302|1325|1330|1341|1346|1350|1355|1361|1369|1370|1371|1378|1385|1387|1389|1390|1391|1392|1395|1401|1411|1413|1422|1431|1434|1436|1441|1445|1451|1456|1460|1465|1466|1469|1480|1483|1488|1496|1500|1502|1526|1533|1550|1551|1560|1561|1563|1566|1567|1577|1578|1582|1590|1592|1600|1616|1621|1622|1624|1627|1628|1630|1632|1637|1644|1648|1655|1659|1678|1687|1689|1692|1694|1698|1699|1706|1707|1708|1717|1739|1743|1744|1755|1758|1776|1780|1791|1792|1811|1815|1818|1819|1823|1847|1851|1857|1866|1867|1875|1876|1881|1883|1900|1907|1914|1915|1918|1919|1921|1931|1932|1936|1938|1956|1966|1967|1969|1975|1978|1981|1982|1985|1988|1995|2026|2040|2042|2045|2055|2058|2066|2078|2084|2085|2095|2117|2129|2131|2134|2137|2140|2146|2150|2153|2160|2167|2168|2180|2181|2185|2186|2190|2195|2207|2211|2215|2226|2244|2247|2248|2249|2255|2256|2257|2264|2265|2272|2273|2286|2292|2293|2296|2300|2312|2321|2325|2349|2358|2365|2369|2383|2390|2417|2420|2424|2432|2434|2437|2439|2441|2451|2454|2457|2470|2480|2485|2486|2493|2494|2495|2500|2505|2511|2516|2522|2526|2528|2530|2542|2554|2560|2561|2563|2570|2574|2577|2584|2589|2596|2597|2600|2612|2613|2614|2616|2642|2643|2657|2658|2666|2675|2684|2703|2705|2707|2710|2717|2720|2726|2727|2728|2730|2731|2746|2757|2762|2768|2771|2772|2781|2791|2801|2808|2809|2832|2858|2869|2870|2876|2881|2885|2890|2899|2901|2910|2923|2930|2938|2942|2943|2945|2955|2957|2966|2967|2970|2974|2980|2981|2984|2996|3003|3008|3040|3043|3055|3085|3087|3092|3095|3098|3100|3101|3105|3116|3117|3118|3128|3136|3137|3143|3157|3163|3164|3167|3173|3175|3179|3180|3184|3188|3198|3206|3213|3217|3234|3236|3244|3245|3246|3247|3258|3266|3267|3268|3272|3279|3281|3284|3297|3313|3314|3316|3322|3333|3341|3343|3354|3355|3375|3377|3380|3384|3385|3392|3399|3403|3407|3411|3420|3422|3424|3426|3427|3428|3435|3437|3442|3444|3452|3464|3465|3470|3473|3474|3476|3478|3492|3493|3496|3499|3500|3502|3504|3515|3518|3524|3529|3530|3538|3548|3558|3560|3565|3568|3570|3575|3586|3587|3588|3598|3599|3615|3616|3617|3627|3629|3631|3643|3656|3657|3668|3678|3688|3695|3703|3715|3718|3725|3727|3729|3730|3739|3742|3749|3751|3756|3758|3761|3781|3798|3811|3812|3823|3827|3835|3839|3842|3843|3851|3854|3857|3859|3862|3883|3890|3893|3899|3900|3902|3924|3926|3935|3939|3940|3943|3969|3977|3982|3984|3986|3990|3995|3999|4004|4009|4012|4029|4034|4035|4040|4046|4051|4073|4080|4089|4100|4101|4117|4124|4126|4131|4134|4138|4148|4153|4156|4162|4163|4173|4181|4183|4186|4194|4196|4200|4209|4211|4212|4222|4224|4229|4236|4255|4261|4281|4294|4296|4298|4300|4306|4307|4308|4310|4326|4329|4330|4333|4336|4339|4346|4352|4355|4356|4361|4373|4377|4379|4380|4387|4395|4396|4403|4405|4408|4409|4425|4427|4428|4438|4445|4451|4454|4465|4475|4478|4490|4492|4494|4495|4520|4524|4527|4536|4542|4547|4554|4558|4565|4581|4582|4592|4598|4599|4613|4616|4620|4627|4637|4653|4658|4687|4695|4701|4703|4706|4712|4716|4724|4737|4742|4743|4744|4747|4770|4783|4796|4800|4805|4811|4818|4819|4823|4824|4829|4833|4842|4843|4845|4847|4851|4853|4861|4870|4872|4878|4883|4892|4895|4898|4902|4923|4934|4949|4956|4965|4972|4983|4987|4991|4994|4999|5006|5023|5026|5027|5034|5038|5052|5068|5071|5079|5081|5087|5097|5098|5099|5109|5110|5113|5118|5123|5124|5136|5141|5143|5147|5153|5156|5159|5160|5163|5166|5172|5208|5209|5215|5225|5233|5235|5243|5247|5251|5267|5278|5282|5283|5285|5288|5299|5306|5310|5312|5317|5320|5323|5325|5330|5343|5346|5349|5362|5373|5377|5385|5386|5387|5389|5398|5401|5414|5415|5429|5446|5447|5461|5469|5472|5476|5480|5496|5497|5510|5516|5521|5533|5536|5544|5556|5558|5560|5567|5578|5582|5589|5598|5615|5617|5626|5641|5646|5648|5656|5676|5678|5679|5682|5689|5692|5695|5703|5706|5709|5713|5722|5724|5725|5732|5736|5737|5740|5741|5745|5746|5778|5803|5810|5813|5816|5817|5819|5825|5831|5832|5848|5851|5852|5869|5882|5891|5899|5902|5906|5912|5916|5918|5923|5937|5964|5967|5970|5975|5994|5995|5996|6005|6014|6034|6039|6040|6044|6049|6056|6065|6069|6073|6074|6082|6086|6094|6095|6096|6100|6103|6105|6107|6117|6135|6143|6145|6150|6156|6162|6183|6187|6189|6190|6194|6195|6199|6202|6217|6238|6239|6245|6246|6253|6259|6261|6268|6278|6281|6287|6289|6293|6298|6314|6318|6324|6325|6326|6331|6344|6347|6350|6351|6384|6390|6405|6414|6417|6421|6426|6428|6432|6434|6436|6442|6449|6454|6468|6479|6482|6484|6486|6487|6493|6499|6501|6511|6512|6524|6525|6529|6534|6555|6566|6574|6575|6592|6623|6629|6634|6642|6654|6656|6661|6663|6669|6671|6679|6698|6711|6717|6719|6726|6732|6737|6740|6749|6759|6762|6764|6766|6769|6780|6785|6793|6795|6806|6815|6819|6825|6832|6839|6845|6846|6848|6856|6870|6872|6874|6886|6898|6911|6914|6949|6959|6964|6976|6977|6980|6994|6995|6997|7019|7021|7025|7031|7037|7044|7045|7058|7062|7067|7068|7073|7079|7082|7084|7096|7104|7106|7114|7116|7124|7125|7131|7139|7143|7151|7164|7170|7173|7175|7176|7180|7185|7189|7198|7208|7211|7212|7217|7242|7255|7258|7260|7265|7267|7275|7277|7285|7287|7288|7291|7308|7317|7338|7342|7343|7345|7363|7369|7387|7391|7393|7421|7429|7432|7436|7458|7462|7466|7467|7472|7477|7482|7497|7507|7514|7524|7526|7530|7532|7548|7564|7570|7571|7574|7575|7577|7582|7588|7608|7612|7613|7620|7629|7640|7644|7645|7656|7667|7669|7675|7676|7691|7701|7704|7712|7713|7719|7721|7724|7728|7732|7749|7751|7765|7767|7774|7780|7781|7782|7786|7789|7793|7811|7819|7840|7861|7863|7865|7866|7867|7870|7875|7876|7881|7884|7887|7892|7899|7902|7912|7915|7919|7920|7927|7928|7930|7931|7932|7935|7940|7948|7950|7961|7969|7979|7995|7998|8003|8005|8006|8020|8026|8034|8035|8036|8052|8074|8078|8091|8092|8109|8126|8146|8149|8151|8170|8182|8206|8216|8220|8222|8226|8231|8243|8244|8247|8252|8261|8271|8293|8302|8315|8322|8328|8342|8343|8346|8351|8354|8361|8363|8366|8368|8378|8382|8387|8388|8398|8399|8411|8413|8423|8426|8436|8444|8460|8464|8468|8477|8479|8490|8495|8496|8514|8516|8531|8536|8546|8549|8555|8558|8568|8570|8587|8592|8599|8602|8606|8612|8613|8636|8639|8642|8646|8649|8657|8659|8669|8674|8685|8693|8697|8700|8705|8709|8721|8725|8731|8741|8753|8755|8758|8765|8772|8776|8777|8784|8795|8797|8802|8805|8808|8814|8851|8853|8860|8863|8865|8873|8880|8888|8902|8905|8907|8910|8912|8922|8930|8936|8944|8948|8949|8953|8960|8968|8974|8978|8981|8983|8993|8996|9008|9011|9014|9015|9016|9022|9040|9041|9051|9057|9067|9072|9075|9081|9088|9089|9094|9100|9106|9111|9117|9125|9132|9133|9141|9145|9154|9160|9163|9186|9189|9192|9212|9241|9243|9244|9250|9251|9252|9253|9257|9258|9270|9273|9280|9289|9292|9313|9319|9323|9328|9330|9331|9339|9342|9353|9360|9373|9379|9381|9392|9402|9408|9420|9421|9426|9434|9439|9441|9443|9445|9448|9451|9453|9468|9472|9482|9485|9492|9531|9541|9542|9552|9559|9568|9571|9578|9589|9591|9601|9608|9610|9623|9627|9636|9644|9653|9666|9669|9672|9675|9679|9684|9699|9707|9714|9726|9729|9758|9760|9769|9775|9778|9791|9794|9800|9802|9804|9806|9819|9823|9824|9830|9844|9855|9871|9873|9877|9879|9889|9891|9899|9907|9917|9919|9922|9929|9948|9950|9968|9975|10006|10010|10015|10017|10018|10024|10027|10030|10041|10042|10066|10078|10088|10093|10094|10101|10110|10112|10113|10116|10130|10134|10140|10141|10143|10151|10156|10171|10185|10186|10192|10198|10207|10213|10216|10222|10232|10244|10245|10252|10257|10258|10262|10266|10268|10286|10287|10295|10301|10302|10303|10305|10313|10314|10319|10331|10338|10345|10363|10367|10373|10376|10380|10386|10387|10389|10391|10397|10405|10409|10415|10416|10421|10431|10433|10457|10458|10466|10470|10473|10475|10476|10485|10486|10488|10491|10498|10499|10524|10534|10543|10546|10550|10554|10556|10560|10578|10581|10583|10587|10588|10590|10602|10611|10621|10642|10648|10675|10696|10703|10719|10741|10754|10758|10772|10773|10776|10786|10787|10790|10796|10798|10801|10803|10806|10809|10825|10828|10830|10832|10834|10848|10850|10852|10856|10870|10873|10876|10880|10889|10895|10900|10905|10906|10908|10913|10917|10924|10941|10955|10963,166.6153846153846,True
instance_0014.txt,random,6511,379,5970,2952|2122|9965|9441|4341|11023|2990|4985|7186|10514|8340|762|11658|11054|9452|336|10665|2447|4161|11262|11904|4912|10740|11503|9893|8548|8338|9801|9479|11529|9789|4180|5493|3967|7268|9430|315|12040|11295|572|491|1647|5845|6805|1309|10675|5221|4065|4898|2658|8780|8528|981|3832|8565|1570|270|11575|7614|488|9460|8968|7169|10459|5415|1853|7471|1215|567|10523|4594|6642|10280|6931|1658|9387|5707|2695|9202|11387|12032|45|4070|788|5609|753|846|9404|5907|3819|4524|1810|4288|7475|9277|7281|2822|7970|842|3002|8665|6725|10654|10550|4463|10941|3477|6231|6052|1131|1270|1827|11826|318|1730|6230|9847|7203|10541|8202|2083|2002|8229|9292|12110|9253|12325|2347|8806|2501|10436|913|4645|1357|33|4406|7207|6265|4010|2769|2383|8459|4659|7618|11991|9080|9405|10876|9155|8452|4128|43|743|6162|7795|893|9633|5644|9084|9763|865|11958|214|6865|11293|7563|991|4880|3083|10974|6512|3646|11936|9232|5591|7605|11209|12323|2632|11084|4139|1454|5470|9445|11552|4699|5680|8233|8641|2916|8902|10144|3355|8736|6221|7192|6796|364|4864|1191|7906|12141|4831|2523|5968|2215|3689|7013|9176|338|1748|7592|11391|351|8849|10897|4921|8639|8833|5410|1249|6108|6341|2081|2534|2442|6783|5379|3390|231|2026|9715|7363|3688|190|9003|8174|7462|4548|10597|10969|6233|5899|11096|7446|5878|4117|10824|12030|4231|9658|4942|2274|1007|4050|11676|843|10464|8767|9450|8288|6243|7679|8752|1535|487|5184|5700|7985|7791|9025|5852|10950|10662|11090|429|8077|7316|1048|1832|12235|1918|8336|12145|11668|8273|6928|66|3941|3168|430|2723|6117|5891|8847|5802|8787|8732|10133|10071|9359|7413|8653|8617|2897|3042|5085|8108|8218|9698|2275|2763|3864|5558|7004|8579|5387|11796|4775|3892|3106|6781|920|8024|6435|8071|626|4505|10000|2064|8700|4767|7122|4580|6018|11217|1791|4508|9252|9245|9426|6667|11001|4753|2725|2748|11368|5896|3611|10129|6698|10486|2175|2292|4658|10326|3308|11520|11858|5446|9686|3986|858|9206|9163|6874|10422|10489|3504|12188|5590|7779|4343|11123|5409|12320|9508|4873|2361|10409|5866|8813|8600|1719|1480|8608|10598|10176|700|3086|2297|9261|10170|1045|2267|2611|7270|10855|279|7116|6811|7821|5369|12256|451|7171|12108|11146|9659|1957|9906|1012|1413|2949|3327|8173|6007|1693|1951|3195|4489|6209|5921|8140|10693|1117|4402|3329|6914|7964|3673|10062|3789|8416|2078|7183|9324|1389|10166|965|10963|3937|9773|9777|10099|7393|11309|1019|4338|10993|8918|6918|509|1123|1140|1716|1906|2102|3361|7244|3808|2768|1071|8924|2837|4591|2483|7065|11589|3387|4059|3710|2992|1482|4252|9335|4278|6674|673|806|2601|10646|12345|3781|654|7615|8942|10658|3972|11061|5827|6165|1626|2726|280|10861|5264|7963|7213|9831|3643|16|8298|5056|3194|10622|8052|2328|7233|12028|5171|3580|8112|8200|2965|12010|11823|7436|9794|4920|1246|4745|3433|2262|8948|7649|581|11085|10406|1485|11154|7477|6114|3543|880|2476|2358|582|3597|9027|7|10589|11789|4326|9065|4543|9661|6987|4149|3952|3931|11544|9131|4720|5195|5112|10330|7188|2636|4890|7913|5199|8359|6780|4130|1679|10847|6662|5401|6257|5054|6244|1831|70|9685|4723|915|6690|6313|10030|10333|5222|7698|11506|3413|8993|10572|9088|5332|7834|5416|10706|6169|928|7694|622|11881|11691|9079|649|3574|8144|9193|5780|1866|11502|6416|6913|11114|2211|10358|968|3722|6808|8611|5167|12038|4652|12033|4465|1385|11980|11555|9782|728|12259|3839|3880|10808|1545|6365|2195|258|4514|8835|3487|8148|2671|9719|10107|8102|2685|9523|3317|1652|8822|502|7521|10373|11777|9364|5567|9717|10443|1401|8500|10269|9420|6862|3300|11024|11985|1461|17|8697|2573|9844|4683|11730|10837|274|4275|11993|3509|11771|4200|3314|6180|1946|9116|7742|2396|4403|8467|7897|11559|11425|4657|5390|2266|5776|10864|11517|2728|2339|4497|9820|4093|2420|1739|5881|8285|2426|12396|5904|5175|2091|1254|9644|4739|629|5987|9944|10821|4512|12200|6067|5430|4988|342|6682|1188|12027|10263|3825|6398|5958|2351|1965|3554|11515|10689|607|2951|2048|9854|9567|7859|10081|1547|11683|12357|1802|6728|10545|6331|2758|9011|5189|4704|4181|10806|5509|5346|2910|3929|2850|12229|10331|5900|987|8272|6163|9788|2244|7910|525|2124|1920|4807|7854|8494|1583|4289|5982|7941|3830|8352|4436|1752|9672|5895|8915|9266|6946|8829|4429|6856|7404|4063|8123|10234|973|7328|719|8042|2881|6666|5502|1930|1410|9927|5394|2625|9175|10765|12121|1359|7686|3591|4196|2120|1641|961|2128|9218|2504|9868|1861|6289|11480|7120|5860|2070|1128|7005|1306|3775|7516|4152|8168|8165|3598|3440|2049|239|4887|3167|3435|3189|10733|11058|5158|6051|1491|2494|2170|5765|4386|10430|11927|942|5804|5005|2651|8618|8634|220|10645|139|7613|3247|9654|11042|5859|1617|5652|4980|5017|661|2786|62|9973|9470|8051|7098|7749|5506|1843|4962|1058|7727|3401|2829|9754|9725|2824|3724|1876|1943|10785|2384|8518|1358|11468|3716|10670|4206|9030|7483|533|7553|8053|11403|8046|9691|9938|4087|7991|167|959|12079|287|1148|5041|5337|4301|4934|3529|3739|2988|6729|7819|9126|5281|861|4399|3532|5302|6629|9602|4345|1273|10660|11240|10084|10072|9898|2879|9866|10345|9469|887|9518|6863|2015|943|10006|635|9373|8090|4818|3172|11377|1312|3793|2783|5217|2226|7860|6795|6476|9804|5451|3140|9758|3485|7926|703|9617|6004|321|8812|7599|4788|1000|7842|5634|9201|4693|1576|2161|4307|4153|211|1737|1203|8439|2468|3675|2708|200|11629|6822|9968|7331|12048|5989|10945|12124|10201|1645|5563|6453|4158|6279|565|2734|8380|1958|3377|2823|10673|6375|7119|5610|12011|9227|8834|2905|10005|10027|2461|3446|3482|6009|9603|6628|2911|7009|7076|8737|11106|4808|8196|10820|9211|7847|9935|8599|11523|8164|4926|5775|5873|3119|8106|6660|259|10082|11451|8739|7109|8151|3448|3499|10887|8198|9385|5697|9004|3990|5888|5560|6869|11254|7674|12101|10748|4053|3324|5607|4012|10825|6909|10798|11341|2686|1970|4690|9051|3025|3512|3301|1218|9930|947|8180|6949|11986|6235|4602|3740|349|6205|10267|2831|4774|8966|6474|1982|8854|9278|9791|3870|7928|7739|9920|6611|8223|9199|2137|5767|3570|8934|9308|199|1434|6922|9807|5070|7590|1300|6086|3036|11306|7497|1562|1264|1613|6543|8428|9572|5603|7143|5711|966|1915|8980|121|3011|8117|3109|8495|8150|10513|1971|730|2772|168|10723|2998|12248|3779|1023|4697|8401|2705|75|3292|5295|10992|498|12139|7594|4575|2813|11698|5787|2485|271|10007|5475|20|7412|4467|7813|6891|5847|11501|1864|108|6178|3502|10653|4171|736|9019|11489|5108|9362|4134|6739|2222|5843|11719|9834|2735|619|9368|10964|5186|2668|7365|3621|10763|11824|8757|2525|11654|7999|10059|7020|7933|2886|8421|7645|9877|6450|9255|693|7603|4759|5052|9333|7137|11577|362|9107|3884|8037|5030|1503|9115|10033|10264|7228|4283|5091|6757|11373|11766|8749|6935|7081|3594|8761|3295|5714|6737|11632|11877|2630|6220|6456|11703|9931|12264|9392|9668|1325|1473|7621|4877|1554|9714|11786|11892|9966|1841|1414|8177|10948|8334|8030|3923|5468|5411|10773|9423|5033|3141|3388|4498|5086|10252|971|2959|11697|1606|5203|1437|11229|6703|3963|2806|9855|6417|970|5569|4354|3759|2174|3973|671|4740|4109|3203|5144|7893|10211|8530|5003|7466|9328|7134|3913|3348|6535|4624|2719|3080|3976|10142|3077|6904|3320|11500|10516|474|12083|4491|8848|6482|8282|9258|9158|5031|12064|7339|1087|10113|7405|12152|1387|229|6532|6633|3399|4311|480|4240|11308|2221|12020|805|7382|9941|9300|5993|10123|334|7491|7303|12196|3019|791|1667|1112|5604|4628|12360|11118|7370|12366|10381|9627|618|3404|1371|7431|11382|11587|343|8874|1220|1085|608|3618|3607|10571|553|6003|12183|10090|142|6160|9376|5566|2528|2258|1115|8499|6741|10185|11912|11460|8970|194|276|6146|5036|2846|6400|7061|547|5280|3849|5984|9162|3335|1404|6197|15|8257|10984|2688|7743|3736|4541|3788|5260|9417|6097|3144|3084|10960|9850|12151|4111|7327|12315|314|6157|1516|5341|3420|12091|4678|6011|6268|11964|11067|11909|2858|3700|4901|1091|1043|6828|2471|5334|11089|11237|6744|8759|1067|8601|9891|7774|3589|1950|6085|5224|569|6677|8184|10196|3079|10066|11117|2888|5111|5656|9604|11635|6971|3145|8734|2427|11571|7415|1833|2543|10463|2939|3031|8510|11920|6131|1898|10937|9514|1681|5343|8817|5962|4805|5615|6065|3294|2343|9488|1816|12061|10672|7951|9282|1695|7988|1981|4451|6388|4981|12245|4813|10726|5626|5504|208|6493|155|11331|11334|708|4644|10996|2810|7838|387|1707|4522|8624|6225|676|4434|2643|10476|4556|4201|1593|10587|11561|7348|6247|1698|8589|585|9665|7002|4526|1628|1137|9210|7872|9621|10032|1962|12074|4145|611|7654|12369|6251|11194|7560|2896|5679|709|2333|1803|9650|5705|10043|5023|11081|2182|2457|11866|470|9081|1375|7555|5671|3866|5095|645|2800|9302|2372|2362|7299|1274|4582|3858|10440|6641|6875|9471|4649|3939|4712|1125|11990|3956|10453|4609|8473|3429|7966|1098|11022|7440|11640|3366|8824|3121|5712|7350|6340|8191|950|8730|8023|8082|1209|9768|2509|4673|204|5522|1839|8070|2348|8286|8981|11148|11394|5333|12399|2146|5779|3889|10328|7865|11498|5862|10578|7629|3918|9752|4469|2376|10074|6022|4743|1272|10951|2917|5861|9458|5971|682|10480|5520|5963|462|10413|11758|6878|5830|4578|11731|11768|4625|7864|1018|5978|11139|6226|7478|4372|9942|369|435|6541|11396|10976|8087|1709|3478|2663|5297|4869|7235|5321|1664|549|9517|3602|1740|4290|1756|6463|11038|5427|37|5257|8157|6643|2934|10384|4731|2268|10901|1206|7716|6689|3968|9438|4769|10174|10357|7075|10633|10385|2753|2925|4822|10609|2545|5892|10714|12388|2403|97|7899|7245|4049|6347|6664|1585|31|11195|7938|9878|12021|6540|10439|4715|1942|10809|9631|542|12380|10498|8471|11226|7778|5940|402|833|6412|6286|7266|1917|11149|9560|3064|9125|10971|8109|5791|9772|6546|6715|4282|3559|3107|5926|7022|3161|6709|7930|9793|4302|8314|6605|782|1903|11178|3525|9477|8190|7015|9147|1540|1793|6614|8253|357|9611|5485|11147|10885|7610|11978|8410|11863|9516|4257|7955|2891|9366|5605|2572|11969|10674|4032|9904|5657|2741|3585|10757|3360|8028|2541|8858|686|6968|9677|10203|8274|11174|7904|8209|9875|10506|9879|10643|8554|5559|5662|3492|9156|9509|11233|5864|10001|6112|1488|8921|9408|4741|12356|5034|10433|3510|7277|2711|319|3879|3370|5549|6374|2235|10989|11000|11913|3493|4955|2439|3682|6377|11167|8923|7111|8480|6029|9144|2390|5265|3321|8770|8539|2360|10|11344|1609|10446|3714|8692|2527|5135|9643|11933|2044|4936|11924|7488|4702|655|9446|8104|9796|3503|2508|11736|1890|11332|8409|9660|5659|1474|4832|10245|6978|636|4022|10525|5230|8727|2830|1033|11932|11099|8664|11573|5474|7780|9826|1656|1232|540|6124|9444|9344|7289|6426|12114|10805|6241|12253|25|9682|1954|8133|10148|10204|3253|5969|4042|1099|5770|11416|8245|8881|11867|11057|8758|3829|3620|4362|11245|2394|4809|4081|1774|955|1666|8791|2499|12186|4984|2660|7473|8002|10226|11199|11261|4422|1251|6242|12016|6787|10576|5323|4634|1635|12094|4902|5704|10389|446|4956|7666|2209|6238|410|11450|4790|9451|6059|8914|9887|9184|4709|8988|1201|1858|6096|8919|10477|4994|1163|5722|10225|3932|11297|7097|2152|7756|11389|10329|11479|11232|7935|1727|3745|7414|5139|10065|9238|10850|7894|10181|12067|3102|651|11317|6344|399|6179|5197|8259|8513|3901|8973|2994|527|1468|3994|9355|6746|7526|773|6590|8701|4020|1151|7534|11428|8317|2713|5836|7102|7388|10980|6410|9653|2676|3303|1376|9839|4270|228|3815|8682|8996|12180|1283|8573|8155|7296|3555|8466|8122|4192|9192|12270|11053|7410|6793|7776|7576|1374|9459|11125|2707|8938|8192|8392|908|3181|9489|6339|12397|5579|7513|825|6989|6873|11257|4963|4113|4437|6219|6940|6293|4299|5552|12368|6706|11748|6280|2449|7900|4546|8081|10238|7374|2938|6627|10618|8067|10291|140|9440|4456|4004|574|443|5296|7272|11780|4267|2428|5216|4632|2138|1968|6704|6199|10250|1669|9303|335|153|3484|4103|3481|8221|9601|10921|11017|10907|10460|456|1020|2712|11066|934|5159|4717|6551|4972|6183|1784|986|303|3678|10794|12268|4583|8723|4897|8946|10880|10509|2513|2591|5478|10004|9180|5282|12318|3987|7056|8677|1268|10686|12400|3096|6734|10217|4872|7575|9269|4590|6119|2158|442|9505|11012|6699|4438|7832|9388|12258|9747|6754|8280|1039|3645|6161|1564|4703|8952|6889|4588|4186|3459|7361|8388|7667|2665|6174|385|11388|1062|9128|4079|840|9708|8667|6503|9530|9284|8021|5636|4913|1361|7519|11458|2930|2212|1815|1873|4682|2241|5372|3008|1053|10818|5789|1122|10851|5601|4968|10904|10770|455|5641|8284|11401|9301|10320|3846|4009|125|6446|1789|6786|12195|6312|6782|3877|392|9819|5556|5690|9629|8339|749|5723|9936|5053|9421|2512|9398|3176|497|10146|2931|11395|12172|8330|465|5951|146|8208|11939|103|2063|7367|3797|5168|2863|4976|11453|1445|10958|11299|900|8487|2450|9765|11351|10285|3851|8290|150|8450|1988|9527|11935|252|9626|12149|11599|8647|4862|77|7704|1509|2199|2307|4404|10272|7505|11508|10143|3212|7343|6951|3443|10124|471|8623|8307|4499|6275|8247|10955|4212|5797|3511|8035|2353|5043|9327|12370|1895|9909|9947|3677|10661|5979|7551|8125|2289|6290|6193|9287|3979|4843|8242|8808|3180|6080|935|4308|8556|2971|9002|10487|10103|2321|5266|3334|7781|4441|6635|10244|1610|11499|11750|8391|6045|3204|10278|11494|11192|9049|4837|3271|8541|5258|9039|8905|601|501|365|484|9350|7352|7347|5013|7025|7260|2061|10356|5807|9573|2853|4884|2493|11647|8287|10592|6489|4279|11952|12300|10677|9833|5237|2937|8136|7208|5854|1162|10277|5329|1477|8481|6799|7857|3860|5995|5403|9198|4156|5353|906|4044|6885|11462|83|6745|7064|5137|11620|6005|11937|9874|3891|4629|133|3289|6678|3312|8889|6920|7885|5737|7740|1632|1465|8468|11781|10079|7496|9026|8265|10881|5595|988|11899|2987|4277|9917|4226|9541|6486|12125|9037|12037|8828|4375|5442|1520|2039|1573|7710|2167|8248|6121|8373|3240|5538|12233|5393|3573|11670|2839|3548|9264|3285|1504|11669|51|6046|1075|4552|1788|3222|6495|8329|8169|595|5687|2406|6996|5503|7916|10977|4695|12378|3160|5366|2752|5637|237|9689|11298|4151|11151|3632|7251|3715|10102|8429|3149|4888|11981|2311|12031|9881|12057|7088|9821|9279|5674|3070|1192|8197|11312|10052|8472|8594|3142|10558|10047|11740|8018|5455|5276|11408|444|290|5580|8326|6496|7314|5228|3665|3112|11914|5623|5127|5738|10189|6064|10392|3152|5345|2819|6478|8648|4944|6899|11597|11323|6944|3823|10743|10169|11321|3465|5908|9713|3496|3302|11267|1289|7669|8032|4881|2626|5342|12340|9699|8319|4735|7421|10488|3453|2667|7713|9481|891|4148|7441|11082|12385|7609|8356|2314|11707|10407|3672|1363|6941|9485|6852|10060|4193|2028|11533|10482|8777|1559|4187|10388|5149|12349|6020|8876|11355|8827|7792|3576|9740|2446|5019|1523|2614|6351|11230|2359|8349|2957|4835|5358|3679|11119|7425|3659|11612|7833|12359|1902|8278|4496|11921|10404|1236|8798|4667|10801|5692|11116|2136|11850|948|7929|10559|8669|7426|8065|7178|3322|8747|6010|3458|6271|8415|6042|7114|6077|6915|4222|2293|7038|6580|10044|760|12346|3596|8850|2259|914|787|6041|2530|10056|8243|4651|7660|763|1184|6692|6596|3606|10642|901|10339|11495|7948|10736|7249|9233|1506|10153|10118|5436|6189|12210|5564|9969|9274|4971|3243|1893|6439|4115|2313|7449|4383|11770|5511|5157|2798|203|8385|4564|5880|11687|358|8657|8904|4120|2380|6111|7306|563|8576|9582|1542|2234|7000|4762|3706|107|90|129|11613|5925|3748|9841|7875|1079|9223|4373|6395|7653|529|7655|5204|6013|4108|10175|2804|4513|7349|6302|1003|10210|5622|1328|8396|6817|6717|1351|6314|2243|2637|7252|8844|11562|11161|916|499|9145|6966|3790|6327|5550|7017|12293|7753|552|1828|1483|6380|6993|8020|11127|1767|7457|814|9700|3930|4096|9247|11596|10682|11966|1221|10155|953|376|1456|7067|1530|5593|10860|5083|6661|10313|10474|495|9200|8706|9551|292|1986|10599|7974|11156|10230|1301|680|2580|8686|4879|9802|3873|10097|8113|12120|3552|9598|2200|490|704|4084|12383|754|12100|4823|10104|8633|10961|9207|9169|7110|6705|8853|8909|11044|6515|11982|2703|8107|6606|7353|2194|4409|9139|7942|532|7112|6549|6858|1234|3035|5523|5812|9288|7379|11729|7104|979|340|7761|11718|744|311|1025|8321|11804|2242|11220|12024|6068|10919|8491|7456|999|10306|2092|4261|7117|9055|5395|5364|1345|12072|7782|3874|4035|879|824|281|11400|5724|4855|2631|6622|5890|11721|6379|9453|8743|7437|4922|10639|5794|1489|11383|1494|2299|6253|6349|2032|3375|7772|4996|9243|7107|10300|4540|2003|10022|2564|9406|3094|234|5943|7672|1121|469|11940|12352|4585|2677|6130|12279|1231|6434|3159|5942|6285|4755|6023|2230|8900|1078|9539|11470|10164|5141|10051|7118|10683|5983|1297|5837|8309|11274|9784|5172|6612|4374|10725|3125|6785|11511|6595|8368|2787|11367|11674|7362|5021|7644|4995|197|12246|12103|8224|4253|11121|464|4573|3165|5067|8402|12311|6467|8445|8019|1875|813|10953|4760|7695|101|3615|1083|1643|9989|12000|7920|12339|9712|7936|3422|2683|2696|5589|1989|8841|320|159|3970|453|1953|8571|9721|761|1763|2618|11145|3495|576|10231|1239|4154|4577|4430|11644|8353|9476|4631|2814|5284|4381|5752|8818|7790|7668|7297|3072|1857|3417|2108|11853|5240|5954|316|775|2432|11467|10895|5090|5319|10799|5554|6425|241|12326|1923|3427|4549|2401|2687|9474|3519|4325|1860|5510|9069|647|3969|12214|10556|7476|6488|10070|3626|8460|1088|9657|5245|4958|6098|1768|912|4688|9599|4376|2521|6955|12381|7359|7651|4724|9559|1760|1394|10607|11535|894|12022|7236|1005|6976|1940|9014|6345|4519|11776|821|5910|8358|8867|4479|2252|7712|3875|9246|7835|3521|1994|8189|8277|3625|720|8432|7986|4433|11437|5950|2404|1226|747|3723|4776|7630|6352|11432|3534|11554|11733|8596|1993|11138|12353|1655|3403|10275|10966|4129|1170|11290|6548|1024|5532|10053|9910|8592|3501|6961|1497|12263|2249|10952|2012|10182|2287|675|8267|7998|9172|9149|348|1844|11280|3731|8115|5198|10159|3170|4175|6237|296|10449|9009|5894|6428|746|1525|11074|3821|9229|1553|8766|3372|5991|3200|5071|3566|3059|10760|8426|1945|1782|11633|11896|7509|1422|3936|11626|8027|10626|3057|10177|11822|6324|5534|503|9524|11143|7326|8869|8249|437|902|9257|5136|11318|4795|5429|10424|11624|6804|5363|1584|1710|10417|10039|5492|12232|1179|3389|1370|8941|2326|10627|10936|8713|6688|4734|19|8582|8141|3332|9951|7198|5850|372|10577|8095|6711|3220|6069|10722|7016|1732|1261|434|1531|6979|11434|6310|3895|10846|764|11660|12019|10307|7214|5055|5101|9379|3538|1884|5997|7587|5786|10565|7537|10452|12189|3638|6769|3039|11657|431|4867|1529|3318|6047|548|11183|1921|2436|7090|10437|8215|6560|6826|12041|1105|10086|7469|3210|919|1178|9297|9606|4663|4780|329|1415|8819|1668|7472|4416|8063|8821|345|1322|1807|1630|3561|10617|2510|2750|9234|2248|2895|9625|8276|2747|9012|11592|254|8440|11627|10397|109|9946|5882|373|1287|5253|6839|10359|871|4328|3539|10569|394|8220|2771|6323|3785|4648|9403|11902|522|555|5820|11476|5464|11818|4918|9876|11878|11356|3469|8345|8105|830|6790|9397|6418|2648|2793|460|12265|9240|1407|10294|1154|2795|5691|6586|9873|5330|2076|4273|924|10376|9999|1787|2294|8929|6810|6938|6906|210|1801|5154|2500|5619|9181|9565|5164|149|6325|5576|3610|1912|2111|997|3919|2968|12205|12301|6945|3680|7407|2109|7744|2405|6147|7750|1329|1992|4692|4893|5388|5937|7877|7351|639|8748|2389|9270|6383|12179|7267|2147|11070|3395|5338|5165|7541|6148|10530|8922|6571|11008|7640|1907|7701|10928|2629|10651|4705|4545|6994|11188|2387|2231|38|7384|10916|4318|11564|2410|2889|89|4997|1749|8033|5214|10521|802|7387|6640|11152|7946|7358|9486|2089|1702|2435|1548|5684|291|1008|11041|6429|707|5340|7814|3868|6458|2318|9983|10083|1780|12260|2803|3349|11636|1806|4330|7227|10274|929|11443|12082|11622|11016|1966|9409|9798|11979|294|10283|1800|12099|826|1602|4292|12231|3627|9797|9133|8577|12236|739|7544|1775|4190|476|9102|9402|6691|3462|7389|7921|9748|6487|2087|9954|1601|3988|8865|8322|698|302|7239|2561|2423|2859|1160|4603|2054|3776|7494|6440|1592|9314|4208|3508|7949|780|4792|2592|10795|1186|9678|6585|9356|1353|10542|9160|12174|11490|5795|7315|244|10929|5957|4664|6896|12044|6311|3571|7490|3609|11259|10717|6294|7507|10732|5729|2065|4821|1449|10080|6572|561|2304|8719|5009|11875|6860|7766|2960|4605|1637|10494|1412|390|7802|9130|9842|5059|6534|7535|12047|688|5412|6066|5008|10902|9674|3075|4931|6653|9323|1311|4883|12168|3436|1144|4610|11184|1770|3531|931|3577|12025|6542|6568|6397|6120|5018|3914|850|7617|2904|2004|4840|1905|1642|6125|8728|4626|494|11882|692|1355|7336|9746|9015|7589|3442|10055|5977|9577|6740|9209|1204|3831|11410|307|11381|4336|5081|969|9614|1814|10575|6731|2159|12216|11115|8188|2164|11273|2506|11289|1021|8470|10636|7979|1539|4777|1869|4882|12208|7286|7225|3546|1116|6159|11358|7008|2547|11052|2759|3907|2489|3694|8811|8504|3754|1712|4801|6984|5840|9622|8031|3340|12160|3816|11594|5631|3120|4205|9835|4189|7241|5303|3853|12389|3215|9776|1538|9098|9093|2682|5006|4182|8465|7011|8461|3081|114|5920|2827|11815|6992|5047|3179|305|1139|247|6594|2649|6880|10634|4202|2367|5980|10889|5374|4861|5420|2903|5397|10303|9970|653|4860|4431|4294|4135|6897|10834|9124|10704|5349|1518|8390|5314|3603|9846|8213|5553|10848|8522|9038|9010|12147|2857|7394|5348|3076|11870|5706|4501|792|7984|1762|7549|10233|10930|2717|7800|1854|5915|11421|1947|8532|2996|7168|9036|9637|8985|8831|2883|5122|1925|784|4110|1182|5285|862|9114|347|12224|7057|8575|4082|3730|4826|7033|7463|1267|9153|10301|11550|8722|4560|6129|5744|9799|1452|10826|10500|9342|12364|4276|2820|11210|8826|7051|9974|6175|602|8080|10428|1040|7128|5032|7164|10242|1744|4707|1699|2329|7073|3022|7247|8185|1484|8774|2444|1310|3357|4420|12069|4423|3806|1631|2276|5533|8424|12373|5371|7438|1383|2560|8344|1464|412|2861|9222|282|9681|2296|7500|8054|2487|1500|797|10095|1502|7460|9673|2928|5068|8638|7708|8183|8527|9865|368|9671|8295|10728|3600|1037|3494|1513|2469|4814|10202|2549|5524|8604|8438|8893|4608|5654|10873|1405|12277|10614|8710|941|3661|1621|9318|12393|5215|10573|9427|9429|6376|6222|1317|10872|3254|593|7561|11412|8574|5565|885|3245|172|1314|4178|5536|9706|7010|267|8431|113|11171|10334|3803|8304|807|9135|11411|2041|10942|10750|8171|6028|3071|3565|8756|9165|3867|7173|3060|4517|10390|3479|4749|11015|5514|7711|7579|9316|8417|8507|7106|5426|3261|5015|8870|5633|7054|4443|10629|486|3977|4951|1717|12143|389|8911|5317|8882|7628|10552|7746|137|7172|670|11006|6262|8098|8400|5689|1522|10537|1817|531|6818|2453|81|8328|12343|3010|2331|12090|11883|9103|9977|7648|514|10761|3835|8557|4747|648|8186|5947|6415|9428|8045|10707|6370|2085|4917|1227|3890|9578|10903|7376|12190|5096|8857|3951|3579|11745|2841|1696|7211|3995|1049|837|11398|7027|5100|2908|5140|7606|4102|1863|11692|65|8477|11027|7390|4555|5599|11563|7931|4614|1892|9050|1293|10350|9646|7132|10685|9575|9663|11314|7222|10158|8289|1636|4538|4136|8405|3423|7692|2478|9840|10295|5660|11158|1608|4516|6997|11746|5621|7898|7218|3604|6929|3108|9800|10819|3451|4007|4669|5682|8741|4924|88|7631|4174|5113|5389|1277|1705|1883|7760|6494|667|3581|644|12330|8511|3582|86|11943|5597|4248|4284|7995|5911|3310|407|11357|8707|5178|2562|11182|5392|4618|5064|3174|10179|1596|5834|11455|11342|4138|11005|2067|820|4169|8978|8995|9985|2587|6765|936|6855|11602|7905|7201|6964|1159|11983|3786|7269|2963|11693|7115|2051|1433|10517|3985|12118|277|4179|7582|5972|1916|3382|11132|3717|11187|2210|10997|9352|5441|312|8231|6684|8246|9174|5681|397|7616|1919|11725|6872|12394|11975|5326|8534|3733|10262|10551|8778|4319|11689|7199|5625|8232|8341|3028|8711|1607|9852|11092|8137|4077|4782|7135|10125|4885|8464|11173|9818|136|6823|11186|758|10716|3965|9006|5695|6296|9952|7612|7301|9389|2529|1823|7307|2633|4170|11653|3709|3817|8316|5463|11078|12252|1495|3130|11202|5923|3807|7147|2554|10360|2431|9448|7086|8118|11773|664|3753|4228|7764|3840|6256|937|10755|6972|6506|6812|3201|1398|124|7943|2395|5699|12379|9795|5380|7570|2030|6049|6668|9652|7620|4223|295|2784|4571|1657|4448|11540|3293|10973|3725|1051|956|12401|8004|2144|9137|12052|6831|11846|6084|10543|11213|7626|2337|9832|11684|11047|7346|7602|7595|2060|6499|10317|6908|11827|4480|2150|7095|4344|7253|169|4016|6573|3183|2765|2624|9554|4584|4114|5106|3962|8533|1308|6821|11060|2378|5254|5992|10534|859|9766|10161|3599|2997|7702|8374|2791|4766|2481|11278|10068|7019|10585|6254|11938|3069|5025|12207|3396|9178|10567|8636|3663|5386|6722|11135|11779|2117|12204|4579|289|3351|10481|6565|6756|11142|7538|5219|4321|9997|8547|11556|9305|8803|714|4816|2606|4194|10595|60|6886|11536|7288|7952|7525|2020|5077|2919|4607|3770|5721|1604|3578|7196|7159|1550|9022|156|5196|6350|12317|8720|4848|12303|6727|5833|4677|11168|755|1177|1872|11107|8449|3707|4640|232|3082|1168|7624|10058|11835|10240|643|5811|7342|11196|7055|4340|12007|627|3631|2801|8898|511|157|2006|5406|12081|7184|7195|5578|9456|8873|892|9221|8693|9168|7636|2059|3826|11435|6963|5226|10596|6564|10560|9552|11345|4476|2177|11417|11086|8566|2393|6583|10349|10711|2991|12266|6135|4019|2460|417|12|10008|1395|3051|2743|2821|3537|3572|9466|3763|10232|11456|8646|2484|3651|4713|11164|5916|8315|2240|11992|10150|4412|6800|1471|8839|1897|7671|2782|6490|11720|7050|11652|5959|10731|8404|8799|5598|9478|4820|9585|5116|6724|1779|2407|898|5733|10522|5981|8725|8962|3670|9597|3814|9669|3893|7264|3798|1365|7530|10160|11461|11816|4232|11282|1505|8058|8744|7141|8762|11423|1771|9901|5325|6814|5162|1882|734|6579|1419|10533|1711|3527|2223|1396|9196|11093|10432|6911|7395|8872|6192|4333|2689|3865|1439|9100|240|10354|3178|5381|11216|403|12093|7036|2269|3279|4756|1259|9564|10510|6306|6778|12181|10206|9574|1244|5886|6870|6326|8593|3671|35|4637|6538|8735|87|8570|2429|2071|5301|5821|6214|5817|6733|8346|1010|9436|1761|9967|10239|3948|10054|1691|11353|4317|3241|8145|6525|11176|9670|10019|949|1741|8619|272|2473|10041|7683|543|7896|6176|9473|2595|11485|11518|10378|4238|6484|4927|1934|8702|12116|640|4680|11072|10096|1680|7284|10163|5318|5955|9827|4213|8939|5713|6735|3650|7523|4506|4974|11708|11541|6882|6182|10909|2272|5384|6261|10400|8505|4562|4623|7391|4784|5555|2502|11860|5094|641|4903|3068|4475|8679|11037|6216|11808|3347|355|2206|5246|8945|12098|6930|3067|3764|5694|9047|2792|4845|5688|5781|1229|657|11931|7759|7962|12342|5675|7176|11189|1446|8521|8537|3813|3381|6879|9204|960|2264|3052|1011|7257|8501|5087|6419|5650|3507|558|1334|2662|5887|2999|10580|4874|1295|10412|566|10340|3984|7762|669|12306|6208|9590|10697|12184|3820|1868|11101|4356|2834|8753|5808|10111|9329|9589|5359|11744|8110|9120|4391|6408|10664|8096|1065|1223|2046|5270|3156|6106|2617|7965|10199|7402|18|4477|11124|6714|8643|4600|2340|5642|154|8047|185|3545|6927|9251|9418|9857|8883|4147|0|5810|2451|8451|8255|7831|2995|5131|8360|12071|4929|6526|7401|2097|5685|11558|7434|9548|8912|6027|4684|8361|3445|799|1081|5024|2265|11609|7226|6369|143|2186|3729|6100|11576|3668|12391|10049|10028|8958|3847|4392|2295|2847|10841|3633|681|8485|4923|9109|1291|11538|10236|2776|4401|1672|7850|12076|12065|5613|1416|10215|11965|1108|2790|8026|6392|1252|7375|5404|12123|10332|9547|10934|5796|4|10635|9579|5123|3426|9843|2181|3693|8244|1463|9701|8960|1194|2603|6353|10712|6736|4825|11628|1790|9032|10713|1080|8448|3894|994|6461|11775|10959|3428|866|5060|11193|7242|7977|1618|1238|8060|207|4779|9692|3991|6953|1059|8525|7976|10282|12104|2095|3705|6413|4163|11553|9926|5035|5849|5286|4656|6288|6137|12068|2515|8009|9591|8420|12255|10669|10341|5768|14|9569|3470|11380|266|227|7204|4798|2956|11664|1938|2650|5148|9393|4728|5901|9886|985|9816|2204|9111|5535|10787|1813|2227|4046|5225|2684|255|7714|3612|7047|4738|11440|8222|2382|5439|7265|3400|8369|6801|6851|11249|1402|10420|2079|1888|5986|2531|1435|691|2659|11666|7246|6409|5649|6670|1486|1838|10602|2746|1563|4389|10972|12199|9526|4369|9687|370|689|789|7677|8068|2201|9580|1341|3371|1694|12191|7354|3960|8434|6472|4245|7041|2412|8790|6335|6053|9188|5499|3359|9226|9522|9813|940|184|9401|7763|10911|7960|10363|2193|11663|8901|2954|4537|4650|10990|3146|4357|6346|10353|2418|11893|3432|10659|7220|6854|7827|7752|9864|5440|1511|1582|2945|5773|4025|1476|7240|11832|11757|8524|6449|4758|5491|7258|11944|4215|1367|8476|8801|5044|6329|9619|10917|8354|5924|10735|8397|3791|8845|9410|10603|2341|10721|10382|2338|9166|4635|8447|8488|11997|679|4754|6504|2536|10724|5938|9956|9339|1460|11803|8001|8943|7845|11442|6868|3193|4191|852|3533|8085|11013|6649|11191|535|9265|4850|4714|2865|7283|2751|6936|10544|1521|5461|6952|3697|10892|11296|5063|11963|2414|11466|11064|12169|367|7501|11690|6336|10395|2921|8990|3166|8969|10548|9380|352|3505|12085|7738|8176|6050|6732|7723|9928|4210|3683|5|1908|1111|2133|10151|12355|857|10991|854|5670|831|12150|11785|2961|9046|8936|1620|11414|7300|5434|7409|7697|11645|1063|8659|2355|6076|519|8017|5311|4671|4771|3175|1574|4800|313|4716|534|1002|11175|7319|11120|9915|9545|1094|5084|8062|1862|11002|12115|506|4596|11266|5405|11605|6099|2316|5037|634|5677|3794|6060|11890|8423|9294|3405|1565|8609|11464|224|823|10411|5720|10836|5577|9089|4233|3336|6276|1107|4973|7398|4452|9425|1726|976|6942|2379|10271|9583|9121|1481|11546|2285|8709|2866|10094|7403|4312|375|8241|8620|450|138|4265|192|4370|6809|1167|508|424|8584|7285|1651|1216|5138|3104|11134|11|2344|1431|2578|2929|6775|3133|2126|3046|11837|2232|3275|7158|10739|1742|6203|7453|9059|4146|9736|151|5110|11923|6645|7180|8083|188|1701|132|8676|9483|3940|3524|7381|7369|1819|7452|7959|2727|766|3997|7503|1442|8695|6037|4126|3000|2090|3078|2604|7493|11917|11694|2363|2402|1447|1279|750|7993|11496|6058|8717|5501|6420|759|12386|1423|2424|11372|10469|12398|9542|10730|4074|5815|10075|10335|7682|5200|785|10703|604|9150|3455|11852|7804|1390|5255|1976|10035|3013|4116|8153|12238|2887|8705|10023|433|1894|4424|4453|9961|6819|12269|2737|11263|3959|9744|2796|2736|3999|1344|2411|4259|8520|5865|80|3299|11330|8738|11735|8895|4388|3872|205|3114|193|8680|9375|11557|7873|598|4091|2110|10857|11095|1425|6753|253|4941|3454|996|4034|4836|10612|10884|4878|2699|3005|1743|1173|9588|2615|957|11639|11751|6750|886|409|6523|1029|1338|11007|6841|993|11634|8163|7341|4569|11303|3862|8075|12095|9869|1900|6198|5585|12175|9679|1027|2464|10883|917|9340|6190|6620|7080|1546|1490|2118|2818|2740|2845|12344|8555|1175|147|7880|2151|7318|5736|10292|5011|2672|9177|11989|6021|1090|772|5194|4686|6167|8337|2550|8674|3265|4744|7980|221|6436|8484|9642|3593|5824|5156|9908|5823|3699|3799|4896|2622|4998|11447|11521|4802|8386|10926|2488|6127|5939|1533|7840|5831|11894|4561|7992|6859|6281|6840|6403|5918|10347|1689|9360|3978|6217|8458|11198|8008|9063|4589|5421|7736|2011|3859|8490|2486|2552|4841|5300|10520|1978|9916|9529|11264|12312|6431|10549|5844|11625|2645|3225|10289|7721|10284|877|3756|3949|615|6154|8703|8654|6981|4185|9853|4797|3027|4026|6888|3530|7254|9805|8300|6779|10010|10838|7747|7634|9726|6153|1185|12156|10605|4316|7356|6378|7622|890|5673|12390|11591|12023|4796|1044|2693|9105|3258|2862|6443|4242|3636|11018|7564|8982|6707|11710|9291|6043|10719|9194|11111|8933|5839|853|473|5231|4251|8823|512|5922|9052|2198|1776|2655|3526|2579|2868|10802|8627|5105|5476|5099|1856|11656|11392|8871|9394|8320|5973|5574|11514|10098|2492|9391|909|5377|1213|1754|1625|10526|11934|8640|10746|10073|11519|2979|687|11967|3701|10434|9809|4701|5268|2608|8362|7230|5022|3916|11473|9242|10896|11672|751|4295|7647|7311|1346|2943|12331|3197|4057|7543|9519|6791|8792|3053|8376|10791|10386|5459|1458|2553|9817|3460|7826|7045|6316|10222|4726|6784|11701|10156|7732|7584|9118|10777|5173|5288|6959|731|11251|10149|10441|12177|3667|2605|3975|2352|910|7310|10687|1181|11667|2176|9513|4830|6491|5933|7072|3135|6833|9099|12197|8279|11831|12088|2368|4131|875|12058|11087|609|6396|5161|5505|5946|8967|4347|4162|952|10752|2366|381|9814|1794|3092|3696|5103|5370|5191|1959|10983|8181|8896|9759|3049|2072|1755|11141|12332|10365|398|10849|2666|4314|4550|5182|9312|4122|9562|492|10438|8216|10869|6528|3996|2892|4348|10405|6748|2514|2452|7571|7467|12073|7160|11340|3093|9506|9760|10281|10228|49|12367|9320|3139|1633|7953|10318|191|4266|1243|11169|11723|6561|663|4938|7828|7185|9140|10319|6387|4061|3660|725|2832|10105|4067|2068|1734|7693|4733|3908|1119|4176|11798|8590|6337|10751|6710|6090|8796|7718|8689|4746|7510|2856|10862|2409|9645|11336|4207|11043|2373|7001|2257|5790|5999|8240|10800|1684|6569|8543|11491|864|7138|12321|6210|4642|9183|1512|4694|584|12262|1556|10447|827|6186|4112|5188|2869|1320|4364|1901|6185|3184|2779|7062|3221|8859|1441|8971|2302|7532|6536|7479|5889|7271|7901|2556|6988|8291|3374|732|11469|8489|2641|12336|1388|91|2568|10194|11631|9584|7313|9571|8252|3270|2922|6719|11849|3188|2551|10034|1183|8615|10310|6150|10445|2935|694|1113|5858|3584|702|2583|3522|12106|6680|2962|10040|4085|6584|10374|8066|9837|11320|8116|6671|2586|12102|393|6657|8868|2854|1331|9696|93|2789|9091|7597|5473|10011|545|4048|8199|5759|11607|3787|1271|4076|1778|5481|9950|4393|4829|7539|7468|11088|3711|6283|7820|6797|11122|3033|10968|3283|10535|11426|2781|2370|10069|6250|5205|2008|1276|8688|3177|10396|6656|5236|1217|7408|3309|9283|4696|7728|9330|6618|3686|7422|4230|9656|8318|3629|11369|3418|6730|1496|10647|4353|11608|1038|8567|5121|7320|10769|2882|8250|9888|10077|4732|438|8237|4455|3330|1255|12358|7454|5960|7809|4104|11497|12225|118|11239|483|5608|5602|12060|11075|6282|11365|10702|7215|12222|6672|8586|10831|9371|5450|4815|932|4525|1124|10496|1586|4218|1931|2192|4844|3236|706|989|9480|1581|6366|1567|2017|3251|7874|323|1286|3272|9792|12307|1673|4097|11970|5822|2448|6144|4380|2535|4904|161|10527|12170|3742|4627|3074|3250|11048|7932|10375|4833|11359|2842|1250|3365|6227|10524|1448|9781|10557|10003|2253|847|5508|8419|6986|524|2920|8998|10810|4435|3557|7435|3518|5884|9298|457|4933|4509|11241|8003|3687|2730|7508|5456|6702|2470|10788|5065|8204|5672|4155|3376|7816|9774|8091|12117|1877|4964|7429|8559|1130|4446|10178|7330|3605|2619|11463|8644|1147|11513|7574|11528|815|5829|5819|8745|9600|6837|4909|2538|421|1622|9122|6287|8301|11030|7060|2205|978|580|756|11474|10931|2475|250|12298|594|7958|9628|12226|541|6008|1225|4764|11713|5544|6789|1638|10738|2127|1294|2900|3343|6334|6206|7100|7680|10342|127|5495|3774|8765|3805|783|6669|104|3904|2906|6937|3747|9112|10046|4828|5726|11050|12202|6122|4241|5611|12351|5985|8311|4691|7846|8926|779|11019|10827|324|3162|1369|9896|3812|10380|11752|4407|9086|4444|603|7029|2975|613|874|2709|11642|9727|4011|7981|888|10604|11362|7598|7419|1145|8258|832|11406|9490|11197|2984|4811|3131|1899|6973|11247|11908|7035|6423|2465|11004|6695|10975|7982|10782|9608|10965|6743|7650|3408|5316|10927|1032|7608|4320|8325|7527|3208|8622|11732|717|8408|11386|2155|8772|9707|10089|8863|5424|7142|9078|82|2598|1199|11128|6278|9778|5163|4368|3857|3681|3737|3927|170|11673|8678|4214|5431|2104|3065|11637|8261|6|6104|6338|9203|1600|5617,398|76|98|53|11|2|1|384|367|69|45|140|366|124|320|155|199|254|149|247|392|36|327|230|350|304|322|405|18|177|197|270|274|106|189|26|344|374|28|345|361|54|84|202|220|249|342|294|370|34|255|35|298|271|390|391|91|222|68|147|170|213|346|107|111|173|321|168|245|400|104|375|351|196|225|279|44|148|248|3|10|59|87|175|280|338|272|313|402|364|355|90|108|203|264|316|101|145|27|133|171|229|328|105|131|340|408|32|125|265|296|14|43|61|297|79|127|169|228|337|360|126|152|178|251|292|302|318|362|376|397|377|56|113|305|314|329|137|195|4|83|93|182|67|219|353|379|62|81|85|114|121|288|120|146|216|239|277|291|369|57|92|129|276|336|0|13|383|39|82|128|253|306|174|201|40|204|299|330|399|5|58|75|102|134|141|153|214|234|382|389|403|109|122|132|243|406|31|226|257|352|20|46|86|112|215|307|144|183|207|278|385|19|52|60|176|303|312|409|21|29|103|267|326|404|51|80|200|252|275|289|47|64|154|159|188|208|407|8|16|269|393|192|198|273|70|78|160|172|263|283|191|250|9|150|164|324|368|30|290|363|380|17|142|205|295|343|347|381|388|55|100|151|179|233|301|323|74|258|282|166|227|63|223|242|262|311|339|156|187|240|246|162|212|359|130|163|217|224|315|356|77|194|238|241|287|7|119|256|25|37|221|365|165|167|266|308|348|190|293|335|354|42|50|139|319|143|38|317|334|372|371|373|97|244|394|412|6|378|123|300|331|65|268|358|33|49|96|99|184|235|284|310|325|386|411|110|349|73|259|387|401|286|12|41|117|161|396|24|395|209|237|193|88|211|206|210|231|333,0|1|8|9|12|13|14|15|16|17|20|21|23|25|26|29|30|31|32|34|35|36|38|39|41|43|45|46|47|49|50|51|53|54|55|57|61|63|64|66|68|70|71|72|74|75|76|77|78|79|81|82|84|85|93|94|95|96|97|98|99|100|102|104|105|107|108|114|118|122|123|124|125|126|127|128|129|134|138|140|143|144|145|146|148|150|153|155|156|159|162|163|164|165|166|169|172|173|174|176|179|181|183|186|190|192|193|194|195|198|199|200|201|203|205|207|208|210|211|212|214|215|216|221|224|225|226|227|228|229|234|235|236|237|238|239|241|242|243|244|245|246|248|249|251|253|254|255|257|258|260|262|263|264|265|266|267|269|272|273|274|275|276|277|279|281|285|289|290|291|294|296|297|298|299|300|302|303|307|309|311|312|313|318|321|322|323|324|326|327|328|331|332|333|334|337|338|340|342|344|345|350|353|354|355|358|359|360|361|362|363|364|365|367|368|370|371|372|373|374|375|376|378|379|383|385|387|390|391|392|393|394|395|397|399|400|401|404|405|406|408|410|414|415|417|420|421|423|427|428|430|433|435|439|443|444|445|448|452|454|455|457|458|459|461|466|467|470|472|473|476|478|479|480|482|483|484|486|487|488|490|491|493|494|496|498|501|502|503|506|507|508|509|510|511|512|514|515|517|518|521|522|526|527|528|530|531|532|538|541|542|545|546|547|549|552|553|554|555|556|558|559|560|561|563|564|568|569|570|573|574|575|576|577|578|580|581|582|583|584|588|590|591|592|594|599|600|601|602|605|607|611|612|613|614|615|620|622|624|626|627|628|632|637|638|639|641|642|647|649|650|653|655|656|658|660|661|662|663|669|670|672|677|681|682|683|691|692|697|698|701|703|704|707|709|710|711|712|713|715|717|718|719|720|721|722|725|726|728|733|734|736|738|740|742|746|747|748|750|751|752|756|757|760|764|766|769|770|771|772|773|775|776|778|782|784|785|786|793|794|796|797|801|804|807|809|813|815|816|819|821|822|823|824|825|827|828|831|832|833|834|835|842|848|849|852|854|855|858|859|860|862|863|864|865|866|870|871|872|873|877|879|881|882|883|884|887|891|893|894|895|898|901|902|904|905|906|908|909|911|912|913|918|919|920|921|923|925|926|929|931|933|934|935|938|941|944|945|946|947|950|951|954|955|958|959|960|961|962|963|964|965|966|971|972|976|978|979|980|986|988|990|991|992|996|997|1002|1003|1004|1005|1006|1008|1010|1013|1019|1021|1022|1023|1029|1031|1032|1034|1035|1037|1039|1040|1041|1044|1047|1048|1050|1051|1053|1055|1056|1057|1058|1059|1060|1061|1065|1066|1067|1069|1070|1071|1073|1075|1077|1079|1080|1083|1086|1088|1090|1091|1093|1095|1100|1101|1102|1103|1106|1108|1111|1112|1114|1115|1117|1119|1121|1126|1129|1131|1135|1136|1138|1139|1142|1143|1144|1145|1146|1147|1148|1151|1156|1162|1166|1167|1172|1175|1176|1177|1179|1182|1184|1186|1187|1188|1189|1190|1192|1193|1194|1196|1197|1199|1200|1201|1203|1207|1208|1209|1210|1216|1217|1222|1224|1226|1228|1229|1230|1231|1233|1234|1235|1239|1241|1242|1243|1244|1246|1248|1251|1255|1258|1259|1261|1262|1263|1268|1270|1272|1273|1274|1276|1277|1280|1281|1285|1286|1287|1289|1290|1291|1292|1293|1295|1296|1297|1298|1300|1302|1305|1307|1308|1311|1316|1321|1326|1327|1328|1330|1333|1335|1337|1340|1344|1346|1347|1348|1349|1350|1352|1353|1354|1355|1356|1357|1358|1359|1361|1362|1365|1366|1370|1372|1375|1377|1378|1379|1380|1384|1385|1386|1388|1391|1392|1393|1394|1395|1396|1397|1399|1400|1401|1403|1404|1406|1410|1411|1414|1415|1417|1418|1419|1422|1424|1425|1427|1430|1433|1434|1436|1440|1442|1443|1444|1446|1447|1449|1450|1454|1455|1460|1461|1462|1465|1467|1468|1469|1470|1471|1473|1474|1476|1477|1478|1483|1484|1487|1489|1491|1492|1495|1496|1500|1501|1502|1503|1504|1505|1506|1508|1510|1512|1513|1514|1515|1517|1520|1521|1523|1525|1533|1535|1537|1538|1539|1542|1544|1548|1550|1551|1553|1557|1559|1560|1562|1568|1569|1570|1572|1573|1574|1577|1578|1585|1586|1587|1588|1589|1597|1600|1603|1605|1607|1610|1612|1613|1616|1617|1619|1620|1621|1622|1624|1626|1627|1630|1631|1633|1634|1636|1641|1642|1644|1646|1647|1648|1650|1653|1656|1657|1658|1664|1667|1668|1670|1674|1675|1676|1682|1684|1685|1686|1689|1691|1692|1693|1694|1695|1698|1700|1705|1706|1708|1712|1713|1717|1718|1719|1721|1723|1724|1728|1730|1731|1732|1736|1738|1742|1743|1744|1747|1748|1751|1754|1756|1757|1758|1761|1762|1768|1769|1771|1774|1775|1777|1780|1781|1782|1787|1790|1791|1793|1794|1795|1797|1799|1800|1802|1803|1807|1808|1809|1810|1811|1812|1819|1820|1821|1822|1823|1824|1825|1826|1828|1830|1833|1834|1836|1838|1840|1842|1843|1844|1847|1848|1851|1852|1857|1858|1859|1863|1864|1867|1868|1872|1875|1876|1882|1883|1886|1891|1894|1895|1899|1900|1904|1905|1906|1907|1909|1911|1912|1915|1917|1918|1919|1921|1922|1924|1925|1927|1928|1929|1931|1933|1937|1938|1945|1946|1947|1948|1949|1951|1952|1954|1957|1959|1960|1961|1964|1965|1966|1967|1970|1973|1975|1976|1979|1980|1981|1985|1986|1987|1988|1989|1990|1991|1994|1996|1998|1999|2002|2004|2006|2007|2008|2010|2011|2012|2013|2014|2016|2017|2019|2021|2022|2024|2025|2028|2031|2032|2034|2035|2036|2037|2038|2039|2040|2043|2045|2046|2047|2048|2049|2050|2051|2055|2057|2058|2059|2060|2061|2064|2065|2066|2067|2070|2075|2078|2079|2080|2082|2083|2084|2085|2086|2087|2089|2092|2093|2096|2097|2099|2102|2104|2106|2109|2111|2112|2114|2116|2118|2120|2122|2125|2126|2127|2132|2134|2135|2136|2137|2138|2139|2140|2141|2144|2146|2148|2150|2153|2155|2156|2157|2159|2163|2166|2167|2168|2170|2172|2173|2175|2177|2179|2181|2182|2183|2184|2185|2187|2188|2189|2190|2192|2193|2197|2198|2199|2200|2202|2205|2207|2208|2209|2210|2213|2215|2218|2219|2220|2222|2226|2228|2233|2235|2236|2238|2239|2240|2241|2242|2243|2244|2245|2246|2248|2249|2251|2252|2254|2256|2259|2260|2263|2264|2265|2266|2267|2270|2271|2272|2273|2275|2276|2279|2281|2284|2291|2296|2298|2300|2301|2304|2305|2306|2307|2309|2311|2312|2313|2314|2316|2317|2320|2322|2323|2327|2328|2334|2336|2338|2343|2344|2345|2348|2349|2351|2352|2353|2354|2356|2358|2362|2363|2364|2365|2366|2367|2368|2373|2374|2375|2376|2377|2379|2381|2382|2384|2388|2390|2391|2392|2393|2395|2396|2397|2403|2404|2408|2409|2411|2413|2414|2415|2417|2419|2420|2421|2430|2432|2433|2438|2439|2440|2441|2442|2443|2444|2445|2446|2451|2454|2456|2459|2461|2462|2464|2467|2468|2469|2471|2472|2473|2474|2476|2477|2481|2482|2483|2484|2486|2489|2490|2491|2494|2495|2499|2501|2502|2504|2508|2509|2510|2511|2513|2515|2517|2518|2520|2523|2524|2526|2527|2529|2530|2531|2532|2533|2534|2536|2537|2540|2541|2542|2545|2548|2549|2550|2551|2554|2555|2557|2558|2560|2561|2563|2564|2565|2567|2568|2572|2573|2574|2577|2578|2580|2581|2582|2584|2585|2588|2589|2593|2594|2595|2598|2599|2600|2603|2605|2606|2607|2608|2612|2613|2614|2615|2616|2617|2618|2621|2623|2624|2626|2631|2632|2633|2638|2642|2643|2646|2648|2650|2651|2654|2655|2656|2657|2658|2660|2661|2665|2668|2670|2673|2674|2677|2682|2685|2688|2689|2690|2692|2695|2700|2701|2705|2709|2710|2714|2715|2719|2721|2722|2729|2730|2735|2736|2742|2743|2744|2746|2747|2748|2751|2754|2755|2761|2764|2766|2767|2770|2772|2773|2776|2777|2780|2781|2783|2786|2787|2788|2790|2791|2793|2794|2795|2796|2798|2799|2800|2803|2804|2806|2807|2809|2810|2811|2813|2815|2816|2818|2819|2820|2821|2825|2827|2829|2833|2834|2835|2838|2841|2844|2845|2846|2850|2852|2854|2855|2856|2858|2859|2862|2863|2865|2866|2867|2868|2869|2871|2872|2874|2876|2877|2878|2880|2883|2888|2889|2893|2895|2896|2897|2898|2901|2902|2904|2907|2909|2913|2916|2918|2919|2925|2926|2936|2938|2939|2942|2943|2944|2945|2947|2948|2949|2950|2951|2952|2956|2959|2960|2961|2962|2964|2965|2966|2968|2971|2972|2973|2974|2975|2976|2977|2978|2980|2981|2983|2984|2985|2986|2989|2991|2993|2995|2997|2998|2999|3001|3002|3003|3009|3010|3011|3012|3013|3015|3019|3022|3023|3024|3025|3027|3029|3030|3031|3032|3034|3035|3039|3041|3044|3046|3048|3052|3054|3058|3061|3063|3064|3066|3067|3069|3070|3072|3074|3075|3076|3078|3079|3080|3083|3085|3086|3087|3088|3090|3093|3096|3099|3101|3102|3104|3105|3106|3111|3114|3115|3116|3118|3119|3120|3121|3123|3124|3125|3127|3128|3130|3132|3133|3135|3136|3138|3140|3141|3143|3145|3146|3147|3148|3150|3153|3154|3156|3157|3158|3159|3161|3162|3163|3165|3171|3172|3173|3177|3178|3180|3181|3183|3185|3187|3190|3191|3192|3193|3194|3197|3200|3203|3207|3209|3210|3211|3213|3220|3225|3226|3229|3230|3231|3232|3233|3234|3236|3238|3241|3242|3243|3244|3245|3246|3249|3251|3253|3255|3256|3258|3259|3260|3264|3266|3267|3270|3272|3277|3278|3279|3280|3281|3283|3284|3288|3289|3290|3291|3292|3293|3294|3298|3300|3301|3304|3305|3308|3310|3311|3312|3314|3315|3316|3317|3323|3324|3326|3327|3328|3333|3337|3338|3339|3341|3346|3347|3348|3349|3350|3351|3354|3355|3357|3358|3359|3360|3361|3363|3364|3365|3367|3368|3369|3370|3373|3374|3375|3377|3380|3381|3384|3385|3394|3395|3397|3398|3399|3400|3404|3405|3407|3413|3415|3417|3418|3420|3421|3422|3423|3425|3426|3427|3428|3430|3432|3433|3434|3436|3437|3439|3442|3443|3445|3446|3449|3455|3456|3457|3458|3459|3460|3461|3462|3463|3464|3465|3466|3468|3470|3472|3473|3474|3480|3481|3482|3484|3485|3486|3492|3493|3496|3497|3498|3499|3500|3501|3502|3503|3507|3509|3510|3512|3516|3517|3518|3519|3520|3522|3523|3524|3526|3527|3528|3530|3532|3534|3535|3536|3537|3538|3539|3541|3545|3546|3552|3554|3558|3560|3562|3564|3565|3569|3570|3573|3574|3575|3576|3577|3578|3579|3580|3581|3582|3583|3586|3588|3590|3593|3594|3595|3596|3597|3598|3599|3600|3602|3604|3605|3606|3610|3611|3614|3616|3617|3618|3621|3622|3625|3626|3627|3631|3633|3634|3635|3637|3639|3642|3644|3645|3649|3651|3653|3657|3658|3663|3665|3666|3668|3669|3670|3672|3673|3674|3676|3678|3679|3680|3683|3684|3687|3688|3691|3692|3693|3694|3695|3697|3699|3700|3701|3704|3705|3706|3708|3709|3710|3711|3712|3713|3715|3717|3718|3719|3720|3721|3722|3725|3726|3728|3729|3732|3733|3734|3737|3738|3742|3743|3744|3746|3747|3750|3756|3757|3758|3759|3760|3765|3766|3767|3769|3770|3775|3776|3779|3780|3781|3784|3785|3786|3787|3788|3792|3793|3794|3795|3796|3801|3803|3804|3806|3807|3808|3811|3814|3815|3816|3818|3820|3821|3826|3828|3829|3830|3831|3832|3833|3834|3836|3837|3839|3841|3846|3848|3849|3850|3852|3853|3855|3856|3857|3858|3861|3863|3865|3866|3867|3868|3869|3870|3872|3873|3874|3875|3876|3877|3878|3879|3880|3882|3884|3885|3886|3889|3891|3892|3895|3897|3899|3900|3906|3907|3908|3909|3914|3915|3916|3917|3918|3921|3922|3923|3924|3926|3927|3930|3932|3933|3934|3937|3938|3939|3940|3942|3943|3946|3948|3950|3951|3952|3954|3956|3958|3959|3961|3963|3964|3966|3968|3969|3970|3972|3974|3975|3978|3980|3981|3984|3988|3991|3993|3994|3996|3999|4001|4004|4005|4009|4010|4011|4013|4015|4016|4017|4018|4020|4021|4025|4028|4035|4036|4037|4041|4044|4045|4046|4047|4051|4054|4056|4058|4060|4061|4063|4067|4068|4069|4070|4072|4073|4074|4075|4076|4077|4080|4084|4085|4088|4090|4092|4093|4095|4098|4100|4101|4102|4103|4104|4107|4111|4113|4115|4117|4119|4120|4124|4125|4126|4131|4132|4134|4135|4136|4138|4143|4144|4145|4146|4147|4150|4152|4154|4156|4157|4159|4160|4161|4163|4165|4168|4169|4171|4172|4174|4176|4178|4179|4180|4181|4183|4184|4188|4189|4194|4198|4200|4202|4203|4204|4206|4207|4209|4210|4211|4212|4213|4215|4217|4221|4222|4223|4224|4225|4226|4229|4231|4234|4236|4238|4239|4240|4241|4242|4243|4247|4249|4250|4252|4253|4254|4255|4256|4261|4263|4270|4273|4274|4277|4279|4280|4281|4287|4289|4290|4292|4294|4295|4296|4298|4299|4300|4302|4305|4306|4307|4310|4315|4318|4319|4320|4322|4323|4324|4325|4327|4328|4331|4332|4335|4336|4337|4340|4341|4345|4346|4347|4348|4351|4353|4354|4356|4362|4363|4367|4370|4371|4373|4374|4375|4376|4377|4379|4381|4382|4383|4384|4388|4390|4393|4395|4397|4398|4399|4400|4402|4403|4405|4408|4411|4414|4416|4417|4419|4422|4423|4427|4428|4429|4431|4433|4435|4436|4439|4441|4442|4443|4445|4446|4447|4448|4449|4451|4453|4454|4455|4457|4459|4460|4461|4465|4467|4468|4471|4474|4478|4480|4481|4482|4483|4484|4485|4488|4489|4490|4492|4493|4495|4500|4502|4503|4505|4506|4507|4509|4510|4511|4512|4513|4514|4516|4517|4519|4520|4521|4522|4523|4525|4527|4528|4530|4531|4533|4535|4538|4539|4541|4542|4549|4550|4551|4553|4557|4558|4559|4560|4562|4563|4564|4565|4567|4568|4570|4571|4572|4573|4576|4578|4579|4581|4583|4584|4587|4588|4591|4592|4593|4595|4596|4597|4599|4600|4602|4603|4605|4608|4611|4612|4613|4614|4615|4616|4620|4622|4623|4626|4628|4630|4631|4634|4635|4636|4638|4639|4640|4642|4643|4644|4645|4648|4649|4651|4652|4654|4656|4657|4661|4663|4664|4665|4667|4672|4673|4676|4677|4681|4682|4683|4684|4685|4689|4694|4695|4696|4697|4699|4700|4701|4703|4704|4705|4707|4708|4709|4711|4714|4715|4716|4717|4718|4719|4720|4721|4722|4723|4724|4725|4726|4727|4728|4730|4732|4734|4735|4738|4739|4745|4746|4747|4749|4751|4752|4754|4755|4759|4761|4762|4763|4764|4766|4767|4770|4771|4774|4776|4778|4779|4780|4783|4784|4785|4788|4791|4794|4796|4798|4799|4802|4806|4809|4810|4811|4812|4815|4817|4818|4819|4820|4823|4824|4825|4827|4828|4832|4833|4834|4836|4841|4842|4843|4845|4846|4851|4853|4854|4857|4858|4860|4864|4865|4867|4869|4870|4871|4874|4875|4876|4877|4880|4881|4883|4886|4888|4891|4895|4898|4899|4900|4901|4902|4904|4905|4907|4909|4910|4911|4912|4913|4917|4919|4921|4922|4923|4924|4927|4929|4930|4931|4932|4933|4937|4939|4940|4941|4945|4946|4947|4948|4949|4954|4956|4958|4959|4960|4961|4962|4964|4965|4967|4971|4973|4975|4976|4977|4979|4980|4982|4984|4988|4990|4993|4995|4997|5000|5002|5005|5008|5010|5011|5015|5016|5022|5023|5026|5028|5029|5030|5040|5041|5043|5044|5045|5046|5050|5053|5054|5055|5058|5059|5060|5061|5062|5064|5067|5070|5074|5077|5080|5082|5086|5087|5088|5091|5092|5094|5095|5096|5097|5098|5101|5102|5106|5107|5108|5109|5112|5115|5116|5117|5118|5119|5120|5121|5123|5125|5126|5127|5128|5131|5132|5134|5136|5138|5139|5141|5143|5144|5149|5152|5154|5156|5157|5158|5161|5163|5164|5165|5166|5168|5169|5170|5171|5173|5175|5176|5178|5181|5184|5185|5187|5191|5193|5194|5195|5197|5199|5200|5201|5203|5204|5208|5211|5212|5213|5214|5216|5217|5221|5222|5225|5227|5229|5231|5238|5241|5245|5248|5252|5253|5256|5257|5258|5259|5261|5262|5268|5269|5270|5272|5273|5275|5276|5277|5281|5282|5283|5284|5286|5289|5292|5294|5297|5298|5299|5300|5301|5303|5304|5305|5306|5310|5313|5314|5315|5318|5319|5321|5322|5323|5324|5328|5332|5334|5335|5337|5340|5341|5343|5346|5347|5350|5352|5356|5357|5358|5359|5360|5363|5364|5367|5369|5375|5378|5379|5381|5382|5384|5386|5387|5388|5389|5392|5393|5396|5398|5401|5403|5406|5407|5408|5409|5410|5414|5416|5417|5418|5419|5420|5423|5425|5426|5428|5429|5430|5431|5432|5434|5436|5439|5440|5443|5446|5447|5449|5450|5451|5455|5456|5460|5461|5463|5466|5467|5469|5470|5471|5472|5474|5476|5478|5480|5483|5485|5486|5487|5488|5489|5492|5495|5496|5497|5499|5500|5502|5504|5505|5506|5509|5511|5515|5516|5517|5523|5524|5526|5527|5528|5530|5531|5532|5533|5534|5535|5537|5538|5541|5542|5545|5546|5547|5549|5551|5552|5553|5556|5557|5559|5564|5565|5566|5573|5574|5575|5579|5580|5582|5584|5586|5588|5589|5593|5594|5598|5599|5601|5602|5604|5605|5606|5608|5609|5614|5615|5620|5621|5623|5624|5628|5629|5630|5632|5633|5636|5640|5641|5643|5644|5645|5647|5648|5649|5650|5651|5652|5653|5656|5657|5658|5660|5662|5664|5665|5666|5669|5671|5673|5674|5676|5679|5683|5687|5688|5689|5691|5694|5696|5697|5700|5701|5703|5704|5705|5707|5708|5709|5710|5711|5712|5714|5715|5717|5718|5720|5721|5723|5724|5726|5730|5733|5734|5736|5739|5740|5741|5742|5743|5744|5745|5746|5747|5749|5750|5751|5753|5754|5758|5761|5762|5763|5764|5765|5769|5770|5771|5772|5773|5775|5776|5777|5779|5781|5782|5783|5784|5785|5786|5787|5789|5792|5793|5794|5796|5798|5801|5802|5805|5808|5809|5810|5811|5812|5813|5814|5815|5816|5817|5818|5820|5821|5822|5823|5824|5829|5830|5831|5832|5833|5836|5837|5838|5839|5840|5841|5845|5848|5850|5851|5855|5858|5859|5862|5863|5864|5865|5867|5869|5870|5871|5872|5875|5879|5880|5881|5882|5887|5889|5890|5891|5893|5894|5896|5897|5899|5900|5902|5903|5904|5905|5906|5908|5910|5914|5915|5917|5918|5920|5923|5926|5927|5928|5931|5934|5935|5936|5937|5940|5941|5944|5945|5946|5948|5949|5950|5951|5952|5953|5954|5955|5957|5960|5961|5962|5963|5966|5968|5969|5970|5971|5972|5973|5974|5975|5977|5980|5981|5983|5988|5989|5990|5991|5992|5993|5997|5998|6002|6003|6005|6007|6012|6013|6014|6016|6019|6024|6025|6026|6027|6028|6029|6030|6032|6033|6034|6035|6036|6038|6039|6042|6043|6044|6045|6052|6056|6057|6064|6065|6066|6068|6069|6070|6071|6072|6074|6075|6076|6078|6079|6081|6082|6083|6084|6086|6088|6089|6090|6092|6093|6094|6095|6096|6098|6099|6100|6101|6102|6103|6104|6105|6106|6107|6109|6110|6111|6114|6115|6116|6121|6122|6125|6127|6128|6130|6131|6132|6133|6135|6136|6139|6140|6141|6145|6146|6148|6153|6157|6162|6165|6166|6167|6170|6171|6172|6173|6177|6178|6179|6180|6181|6183|6184|6188|6190|6191|6192|6194|6195|6196|6197|6198|6200|6201|6202|6204|6205|6206|6208|6210|6214|6216|6217|6219|6220|6222|6223|6224|6226|6231|6233|6235|6237|6238|6239|6244|6245|6246|6247|6248|6249|6250|6251|6253|6254|6257|6258|6260|6261|6262|6263|6265|6267|6270|6271|6272|6276|6277|6278|6279|6280|6283|6284|6286|6287|6290|6291|6294|6297|6299|6300|6301|6304|6307|6308|6314|6318|6319|6320|6323|6325|6326|6327|6330|6331|6333|6337|6338|6339|6340|6341|6343|6345|6347|6349|6351|6352|6353|6354|6359|6360|6361|6362|6364|6367|6368|6370|6372|6376|6379|6380|6382|6383|6384|6385|6386|6388|6391|6392|6395|6399|6400|6403|6404|6405|6408|6410|6414|6415|6418|6419|6422|6424|6425|6426|6427|6431|6432|6433|6434|6435|6437|6438|6440|6442|6443|6447|6448|6449|6451|6452|6453|6454|6455|6456|6457|6458|6459|6460|6464|6465|6466|6467|6468|6470|6471|6475|6477|6479|6480|6483|6486|6487|6488|6489|6490|6493|6494|6496|6497|6499|6502|6503|6505|6506|6508|6509|6514|6515|6521|6523|6524|6526|6527|6528|6529|6531|6532|6535|6536|6540|6543|6544|6545|6547|6550|6551|6552|6553|6554|6557|6558|6560|6563|6565|6566|6568|6569|6570|6571|6572|6574|6576|6577|6578|6579|6580|6583|6584|6585|6586|6587|6589|6590|6591|6593|6594|6595|6598|6599|6601|6606|6608|6610|6611|6612|6613|6614|6615|6616|6617|6618|6619|6620|6623|6626|6627|6629|6633|6634|6635|6636|6638|6639|6640|6641|6643|6644|6646|6647|6648|6650|6651|6652|6654|6656|6657|6661|6662|6663|6665|6666|6668|6669|6670|6672|6673|6675|6676|6682|6683|6684|6686|6689|6690|6692|6695|6696|6697|6698|6699|6700|6701|6703|6708|6709|6710|6711|6712|6713|6714|6715|6720|6722|6723|6724|6725|6728|6730|6731|6732|6734|6737|6738|6739|6740|6742|6743|6744|6746|6748|6752|6753|6754|6755|6762|6763|6764|6765|6766|6769|6770|6771|6772|6773|6775|6776|6778|6779|6780|6781|6782|6784|6785|6787|6788|6789|6791|6792|6793|6794|6795|6798|6800|6803|6807|6810|6811|6812|6814|6815|6818|6819|6820|6821|6822|6824|6825|6828|6831|6832|6833|6834|6835|6836|6837|6838|6839|6842|6844|6845|6846|6847|6848|6850|6854|6856|6857|6858|6860|6862|6863|6864|6865|6866|6867|6868|6869|6872|6873|6875|6877|6879|6883|6884|6885|6886|6887|6888|6889|6891|6892|6894|6895|6898|6900|6904|6906|6907|6909|6910|6913|6915|6917|6921|6924|6925|6927|6928|6930|6931|6935|6938|6940|6942|6943|6944|6946|6951|6952|6954|6955|6956|6957|6958|6961|6962|6963|6965|6966|6967|6968|6969|6971|6975|6979|6980|6981|6982|6984|6987|6988|6994|7000|7002|7003|7004|7006|7007|7009|7010|7012|7015|7018|7019|7020|7022|7023|7026|7028|7030|7032|7033|7034|7036|7037|7038|7039|7040|7041|7044|7045|7047|7051|7052|7053|7056|7062|7063|7065|7067|7068|7070|7072|7073|7075|7076|7077|7078|7079|7081|7084|7086|7090|7091|7092|7094|7095|7096|7098|7102|7103|7105|7106|7107|7108|7109|7110|7111|7113|7114|7115|7116|7118|7119|7121|7122|7123|7124|7126|7127|7128|7130|7131|7133|7135|7136|7137|7139|7141|7143|7144|7146|7148|7150|7152|7154|7156|7157|7158|7159|7163|7164|7167|7171|7173|7177|7179|7182|7184|7186|7187|7191|7192|7193|7195|7196|7202|7203|7204|7205|7206|7207|7208|7209|7211|7213|7215|7217|7218|7219|7220|7221|7224|7227|7228|7230|7233|7234|7235|7236|7237|7239|7240|7241|7242|7244|7245|7248|7251|7252|7253|7254|7257|7258|7264|7265|7266|7267|7268|7269|7270|7272|7275|7276|7277|7278|7279|7280|7281|7282|7284|7286|7287|7288|7290|7292|7293|7297|7298|7299|7301|7304|7310|7312|7315|7319|7321|7324|7325|7326|7330|7332|7334|7336|7339|7340|7342|7343|7344|7345|7351|7352|7353|7355|7356|7358|7359|7361|7362|7365|7368|7372|7373|7374|7376|7378|7380|7382|7383|7384|7385|7386|7387|7388|7389|7394|7397|7400|7406|7408|7410|7411|7412|7413|7414|7415|7416|7418|7420|7422|7424|7425|7426|7427|7430|7431|7433|7435|7436|7440|7441|7443|7444|7446|7447|7448|7451|7452|7454|7456|7458|7462|7465|7466|7467|7469|7470|7481|7482|7483|7484|7485|7486|7489|7490|7493|7497|7502|7503|7504|7506|7507|7508|7511|7512|7513|7518|7519|7520|7522|7523|7524|7525|7528|7529|7531|7532|7533|7535|7537|7539|7541|7544|7547|7549|7552|7557|7559|7561|7563|7564|7566|7567|7569|7570|7572|7574|7575|7576|7578|7579|7580|7581|7582|7586|7587|7590|7593|7597|7599|7601|7602|7603|7604|7606|7608|7611|7614|7617|7619|7621|7624|7626|7627|7628|7630|7631|7632|7633|7635|7637|7640|7642|7645|7648|7650|7651|7652|7653|7654|7655|7656|7657|7658|7662|7663|7664|7667|7668|7669|7670|7671|7674|7676|7677|7678|7679|7680|7682|7683|7685|7687|7688|7690|7691|7692|7693|7694|7696|7700|7703|7704|7707|7708|7711|7712|7714|7715|7716|7718|7719|7722|7723|7725|7726|7727|7728|7729|7731|7733|7736|7738|7739|7741|7742|7743|7746|7748|7749|7750|7751|7752|7756|7759|7760|7761|7765|7767|7768|7770|7772|7774|7776|7777|7778|7781|7784|7785|7787|7798|7800|7805|7806|7807|7808|7811|7812|7813|7814|7815|7816|7817|7819|7820|7822|7824|7825|7827|7829|7831|7832|7834|7835|7836|7839|7844|7848|7849|7852|7853|7854|7855|7859|7860|7863|7864|7865|7869|7873|7875|7876|7878|7880|7881|7882|7883|7885|7886|7888|7892|7894|7897|7898|7899|7902|7905|7906|7907|7908|7909|7913|7914|7915|7918|7919|7921|7923|7924|7925|7926|7928|7930|7931|7932|7934|7935|7936|7937|7938|7943|7948|7949|7950|7953|7957|7958|7961|7963|7964|7966|7967|7969|7975|7976|7979|7980|7981|7982|7984|7987|7989|7990|7991|7993|7994|7996|7997|7998|8000|8001|8003|8005|8006|8007|8008|8009|8010|8011|8016|8017|8019|8020|8021|8023|8026|8028|8031|8034|8038|8041|8043|8045|8054|8056|8057|8058|8059|8061|8063|8064|8065|8066|8071|8072|8074|8075|8076|8078|8079|8082|8086|8087|8091|8093|8094|8097|8098|8099|8100|8101|8102|8103|8105|8109|8110|8112|8113|8116|8118|8119|8120|8121|8128|8129|8130|8131|8132|8133|8136|8137|8139|8141|8144|8145|8146|8147|8148|8149|8150|8152|8153|8154|8155|8156|8157|8159|8160|8161|8163|8164|8165|8167|8169|8170|8174|8175|8178|8179|8180|8182|8184|8186|8188|8189|8193|8194|8196|8197|8198|8199|8201|8203|8204|8205|8207|8208|8209|8210|8211|8212|8213|8214|8216|8217|8218|8221|8224|8227|8228|8230|8231|8232|8238|8239|8240|8242|8243|8245|8246|8247|8248|8249|8251|8254|8255|8258|8259|8260|8261|8262|8263|8268|8269|8270|8272|8279|8281|8282|8286|8287|8289|8290|8293|8295|8296|8297|8298|8301|8302|8303|8304|8305|8306|8310|8312|8313|8316|8317|8322|8324|8325|8328|8329|8331|8332|8338|8340|8341|8343|8344|8346|8347|8349|8351|8352|8353|8354|8358|8359|8360|8361|8367|8368|8369|8370|8372|8373|8376|8377|8378|8379|8380|8382|8383|8384|8387|8388|8389|8390|8391|8392|8394|8395|8397|8398|8399|8400|8401|8403|8405|8406|8407|8410|8413|8417|8422|8424|8425|8426|8428|8429|8430|8431|8432|8433|8435|8439|8440|8447|8448|8453|8455|8456|8457|8458|8459|8461|8462|8465|8466|8468|8472|8474|8481|8482|8483|8484|8485|8487|8490|8493|8494|8496|8497|8501|8502|8504|8506|8508|8509|8510|8511|8513|8514|8516|8521|8523|8524|8526|8527|8530|8531|8533|8534|8536|8537|8543|8545|8547|8548|8549|8550|8553|8554|8557|8559|8560|8561|8562|8564|8565|8566|8568|8571|8573|8574|8575|8579|8580|8582|8583|8584|8586|8587|8589|8593|8594|8596|8597|8599|8600|8603|8605|8606|8607|8609|8611|8612|8617|8620|8622|8624|8626|8627|8628|8632|8633|8635|8636|8643|8644|8645|8648|8650|8652|8653|8655|8656|8657|8662|8663|8664|8665|8666|8668|8670|8671|8672|8674|8676|8678|8683|8687|8691|8692|8696|8698|8701|8702|8706|8707|8709|8710|8712|8713|8714|8716|8718|8719|8721|8723|8724|8725|8726|8727|8728|8729|8736|8737|8739|8741|8742|8743|8744|8745|8746|8749|8751|8756|8757|8758|8760|8762|8765|8767|8769|8771|8772|8773|8774|8775|8780|8782|8783|8784|8786|8789|8790|8791|8792|8793|8794|8795|8796|8797|8798|8799|8800|8801|8802|8804|8805|8807|8808|8811|8812|8813|8814|8815|8816|8818|8820|8821|8822|8825|8827|8828|8829|8830|8831|8832|8833|8834|8836|8838|8842|8846|8847|8850|8851|8854|8855|8858|8859|8864|8865|8867|8869|8871|8872|8873|8874|8875|8877|8878|8880|8885|8888|8889|8890|8891|8892|8893|8894|8895|8896|8897|8898|8899|8900|8901|8902|8903|8907|8910|8912|8914|8915|8916|8918|8922|8924|8929|8931|8932|8933|8935|8937|8939|8941|8942|8944|8946|8948|8949|8952|8953|8954|8955|8957|8958|8961|8963|8966|8967|8969|8971|8972|8973|8975|8976|8978|8979|8980|8984|8985|8986|8987|8988|8989|8991|8992|8993|8994|8995|8997|8999|9001|9005|9006|9007|9008|9009|9010|9013|9018|9019|9020|9021|9022|9024|9026|9027|9029|9032|9033|9034|9035|9037|9040|9041|9042|9044|9045|9046|9047|9048|9051|9052|9055|9059|9060|9064|9066|9069|9070|9072|9073|9074|9075|9076|9077|9080|9081|9082|9083|9084|9085|9086|9087|9088|9094|9095|9096|9097|9098|9101|9104|9105|9106|9109|9113|9114|9115|9116|9121|9123|9127|9128|9129|9130|9134|9136|9137|9142|9144|9145|9148|9150|9152|9154|9155|9160|9161|9163|9165|9168|9169|9171|9172|9173|9174|9176|9177|9178|9179|9180|9181|9182|9183|9184|9189|9190|9191|9192|9194|9195|9198|9200|9203|9204|9206|9207|9210|9211|9214|9215|9216|9217|9218|9220|9221|9222|9223|9224|9229|9230|9231|9235|9236|9240|9241|9242|9243|9244|9245|9246|9249|9251|9252|9255|9256|9258|9259|9262|9263|9266|9269|9270|9273|9274|9278|9279|9280|9281|9282|9287|9289|9291|9292|9293|9298|9300|9302|9303|9304|9305|9308|9310|9313|9314|9315|9316|9317|9318|9319|9320|9321|9322|9323|9324|9325|9326|9327|9329|9330|9331|9337|9340|9342|9343|9345|9346|9347|9348|9349|9353|9354|9355|9356|9357|9358|9360|9361|9362|9363|9365|9366|9367|9368|9371|9382|9383|9387|9389|9394|9395|9397|9399|9400|9402|9403|9404|9405|9407|9409|9410|9411|9414|9416|9417|9418|9422|9424|9425|9426|9427|9432|9433|9434|9435|9438|9439|9442|9443|9444|9446|9447|9449|9450|9452|9453|9455|9456|9457|9458|9460|9461|9464|9466|9467|9468|9469|9472|9473|9474|9475|9480|9481|9482|9484|9486|9488|9493|9495|9496|9498|9500|9502|9503|9505|9506|9507|9508|9513|9515|9517|9519|9520|9522|9524|9525|9527|9528|9531|9532|9533|9534|9536|9543|9546|9549|9550|9551|9552|9553|9554|9556|9557|9558|9560|9561|9562|9565|9566|9567|9570|9571|9574|9575|9580|9581|9582|9584|9585|9587|9589|9590|9591|9593|9595|9596|9599|9600|9602|9604|9605|9606|9607|9608|9610|9613|9614|9615|9616|9617|9618|9619|9620|9622|9624|9625|9628|9629|9630|9631|9632|9633|9637|9639|9640|9642|9645|9646|9648|9651|9652|9654|9655|9656|9658|9659|9661|9662|9663|9664|9666|9669|9672|9675|9676|9684|9686|9688|9691|9692|9693|9694|9695|9696|9698|9702|9711|9712|9713|9714|9715|9716|9718|9719|9720|9721|9724|9725|9726|9729|9732|9733|9734|9735|9738|9740|9743|9744|9749|9751|9753|9756|9757|9759|9760|9766|9768|9769|9770|9771|9772|9773|9774|9776|9779|9781|9782|9787|9789|9791|9793|9796|9797|9799|9800|9803|9806|9808|9809|9812|9814|9820|9821|9823|9824|9825|9826|9827|9828|9829|9830|9831|9832|9833|9835|9836|9838|9839|9841|9842|9844|9847|9849|9850|9852|9854|9856|9859|9861|9862|9864|9865|9866|9867|9868|9870|9873|9875|9876|9879|9881|9883|9887|9889|9893|9896|9898|9899|9903|9904|9905|9906|9907|9911|9912|9916|9919|9922|9923|9924|9925|9926|9929|9934|9935|9936|9940|9941|9942|9943|9944|9945|9946|9949|9950|9953|9954|9955|9957|9958|9963|9970|9971|9972|9973|9977|9978|9982|9984|9986|9988|9991|9994|9995|9998|10001|10004|10005|10006|10007|10009|10012|10014|10017|10018|10019|10022|10025|10026|10027|10036|10038|10041|10042|10043|10044|10045|10046|10049|10051|10053|10055|10057|10060|10061|10063|10065|10066|10068|10072|10073|10074|10075|10078|10079|10081|10083|10086|10088|10089|10092|10093|10094|10095|10096|10098|10101|10102|10103|10104|10105|10107|10109|10110|10113|10114|10116|10120|10121|10122|10123|10128|10129|10131|10132|10134|10135|10137|10139|10140|10142|10147|10149|10150|10151|10154|10156|10157|10159|10160|10161|10162|10163|10166|10167|10168|10170|10174|10175|10176|10177|10181|10182|10188|10189|10192|10193|10194|10195|10197|10198|10199|10200|10203|10205|10206|10207|10208|10212|10215|10217|10218|10222|10223|10224|10225|10229|10230|10231|10234|10235|10237|10239|10241|10243|10244|10246|10251|10254|10255|10257|10258|10259|10260|10262|10263|10265|10266|10268|10271|10272|10273|10274|10277|10280|10285|10286|10287|10296|10299|10302|10303|10304|10307|10310|10313|10315|10318|10320|10321|10322|10327|10329|10330|10332|10335|10337|10340|10341|10342|10345|10349|10350|10354|10356|10359|10360|10362|10363|10364|10368|10370|10373|10374|10375|10376|10377|10378|10379|10380|10382|10386|10388|10389|10390|10391|10393|10396|10397|10398|10399|10401|10402|10404|10405|10406|10407|10408|10409|10411|10412|10413|10414|10415|10416|10417|10420|10421|10422|10423|10424|10429|10430|10432|10433|10436|10437|10439|10440|10442|10443|10446|10452|10453|10457|10459|10460|10462|10464|10465|10467|10469|10472|10473|10474|10476|10479|10480|10481|10483|10485|10489|10490|10491|10492|10498|10499|10500|10501|10502|10504|10505|10509|10511|10512|10514|10516|10518|10519|10521|10524|10526|10527|10528|10529|10534|10536|10537|10538|10539|10542|10543|10544|10545|10547|10548|10550|10553|10554|10557|10559|10561|10564|10566|10567|10570|10571|10574|10577|10578|10580|10582|10583|10588|10592|10597|10598|10601|10602|10607|10608|10611|10612|10614|10616|10617|10618|10620|10623|10626|10630|10632|10634|10636|10641|10642|10643|10645|10647|10648|10649|10652|10655|10656|10659|10661|10664|10666|10667|10668|10669|10671|10675|10676|10678|10679|10683|10685|10687|10688|10695|10696|10698|10700|10707|10708|10709|10711|10715|10716|10717|10719|10722|10726|10727|10728|10729|10730|10733|10734|10735|10736|10737|10739|10740|10741|10742|10743|10744|10747|10755|10758|10759|10760|10761|10762|10765|10768|10770|10772|10774|10776|10777|10779|10782|10784|10787|10788|10789|10790|10792|10793|10794|10796|10803|10804|10806|10807|10810|10814|10815|10816|10818|10821|10826|10827|10828|10830|10834|10835|10836|10837|10840|10844|10845|10849|10852|10853|10857|10860|10861|10862|10863|10864|10865|10869|10871|10872|10873|10874|10875|10884|10885|10892|10895|10899|10900|10903|10905|10906|10907|10909|10910|10911|10916|10918|10919|10920|10921|10923|10924|10926|10927|10928|10930|10931|10932|10938|10939|10941|10942|10946|10949|10950|10951|10953|10955|10956|10961|10962|10963|10965|10971,20.41952506596306,True
instance_0014.txt,smaller_multi,5366,371,5006,11579|11670|8462|7936|4436|10975|5895|792|1241|11876|10914|12014|363|2806|1850|5655|9779|11059|2483|10281|157|11810|4461|2575|8447|2927|587|11774|1666|6200|11959|7211|10153|5774|1389|11100|10736|10844|6174|5842|12270|10375|1860|4487|9851|8757|11649|3749|5092|11118|7825|3943|7505|11445|1928|10932|1925|1036|3748|139|4850|1975|4169|4956|10867|5246|7993|4505|177|183|347|3521|606|3862|5658|9759|4449|8712|7653|5436|8686|1741|3995|1942|3998|3857|4504|10583|8896|7377|11641|12136|2350|8263|9743|6023|7245|5755|7028|9626|3154|4113|11272|8470|2803|11705|8615|1986|10761|1164|1032|8836|2272|8213|8242|2560|3158|2874|2951|8497|10769|2246|866|7839|895|2233|7233|4618|10334|6851|1261|10768|1496|5156|6534|7651|5911|62|526|10704|8785|2786|595|9917|11246|5017|1616|8113|2808|8495|9148|6836|10587|10454|100|3583|3003|5860|344|8582|10223|9019|7782|2715|4785|3288|663|4691|2188|3401|3579|7779|10053|42|2260|2411|112|11399|6129|1982|10749|1968|3953|11779|3552|4300|8042|1545|12210|1854|4203|3564|9900|213|9321|6662|1593|10318|8431|1518|8927|9456|1458|10374|4380|12006|12325|4815|11426|154|2153|3785|2354|6176|488|11796|4520|9785|9746|3272|7588|12286|6313|7883|10332|7777|497|11935|7674|10196|1537|2161|313|6964|272|591|9511|3384|7450|5348|9197|7153|3118|10759|308|995|1460|5221|4103|4897|11829|5137|7693|9727|10913|580|3511|3114|10105|3513|8612|3195|6058|1713|1824|2170|5212|5754|11583|3461|11065|9352|3595|1481|521|7012|4586|1500|11995|5041|6611|11989|6105|10656|9643|4856|9136|3771|6563|8296|3692|12119|3596|8833|778|2044|3604|4013|6904|10827|8309|3240|3839|4191|4267|9555|10772|10259|6408|6605|8605|8678|7964|9998|1777|8706|6893|3667|5029|5936|5116|1582|2713|10760|8234|1336|2771|9997|6321|4030|9117|4577|1519|11700|575|2641|6255|5101|9056|9798|2683|11704|7498|5015|9531|2608|1712|11172|2766|8409|9641|12152|7706|4168|6977|11544|1932|10275|1800|8426|5195|11230|10608|3093|7624|9132|1627|7553|9644|8418|520|8861|8264|9311|9212|2008|8851|6220|9031|5147|7731|684|8319|11686|7179|3179|4934|6927|2636|454|5887|5761|1583|6643|7657|8152|4776|2341|5924|1955|550|873|9170|12264|1147|1379|3431|217|605|3185|5982|1252|10797|8689|8276|8141|1385|9656|4636|8050|5835|4054|1430|6995|2770|208|3526|10879|11328|8137|11174|8474|10165|6916|11578|11900|4859|491|6193|6872|3105|9604|9821|9815|3700|11135|5056|9747|11312|408|3703|8715|2702|11173|8351|10921|7107|5954|2281|4183|418|5249|6797|3569|1344|1595|5300|8681|692|9818|11843|7378|269|894|8977|9033|5233|8238|2736|12297|8461|11482|7009|6910|6975|2510|11756|6849|4973|5496|4307|4008|5991|11326|3664|6738|7045|5878|749|12074|6226|7311|4919|8787|6827|233|3079|4901|2184|11624|9142|2076|6615|577|8517|8925|3268|7733|8235|2967|9162|182|471|2964|4464|10926|9979|12107|11188|517|10178|8068|2380|442|4215|3153|1367|6980|5554|4754|2983|7616|2706|9660|180|6453|3997|5899|2458|3835|9306|4549|1297|1114|8887|2433|7457|9691|174|10056|9399|5502|203|1127|8077|11032|3287|2397|6896|6302|5495|2856|11361|8684|11714|4179|4527|3938|5586|315|8160|9985|1907|456|3538|1758|12232|5868|1116|6540|3222|3669|931|10503|11836|9750|11813|9320|2568|5967|9179|5705|5278|6502|8348|440|7340|2600|5262|5324|9616|7539|1939|12321|3325|7565|776|2954|11300|6272|3398|3780|2839|9322|5497|3242|6186|598|869|7134|11635|11449|5908|7535|9650|8207|2849|8145|818|9568|7164|7478|46|11949|11245|10881|1691|12162|4525|3065|10158|8414|161|1471|10403|10523|8353|9548|10725|5553|4298|2230|5171|9991|10308|5598|39|4666|10316|10264|11183|12341|5198|5048|6729|10381|3472|8711|5551|7709|3945|6378|3316|2644|9933|2965|2179|10900|5961|5454|1088|10104|9944|6719|9191|2764|1989|2549|1064|1801|7947|3708|7620|7660|10106|4584|9868|349|5407|4403|11159|4124|848|1655|881|9181|11155|10409|6021|11529|2995|11404|6144|4371|3560|4801|6957|3812|9989|8763|6906|1051|10541|7523|10732|11942|7064|5243|9470|3797|6501|2717|4022|9274|4590|9686|5778|5604|7820|10515|4721|4442|331|7082|8770|10593|9853|12368|10054|5794|3540|6210|10023|4025|7686|3241|4324|11021|4790|6017|3689|4108|10777|6364|2428|853|12318|6841|1547|4412|10484|11622|1936|5556|2688|6146|2273|12306|5130|7586|3473|3493|10236|8714|7857|4144|8813|10401|3089|1366|5973|4914|12025|10212|3346|7405|5401|593|2135|6318|5933|4656|6308|948|10658|8972|525|7540|4780|5692|2754|3239|5219|10272|11892|4121|3787|11834|11090|1014|1012|11569|11456|6340|5988|12168|11532|8199|327|11749|2284|8149|9414|8538|6705|7869|1872|11575|7889|2946|1670|287|5325|10823|3624|57|12061|11932|7032|5186|3608|2514|3016|4260|8180|1715|690|9207|3984|10016|5383|8867|7996|5170|3940|2448|4846|11825|3815|11292|3602|10998|6926|10513|10037|4361|4014|8457|10261|8220|9558|3724|6243|1194|7956|4038|11986|11879|11002|2052|243|615|9512|11360|4126|7517|4911|1937|2653|3832|1231|11186|8130|5623|8518|8549|1563|11757|6972|11105|8931|4608|4642|173|11014|5359|5034|10215|4565|3913|5863|1719|3527|10051|4332|10894|74|148|4193|5723|3134|3455|9597|3447|2905|4445|1130|902|1436|5507|4970|2294|11162|5787|3035|6500|4033|877|5736|6209|9113|1794|7203|7632|6155|1985|5858|12258|3549|10127|7216|4526|5424|5501|1906|7658|11673|9337|6560|1274|11146|2520|4802|4027|6203|3505|9336|1603|3194|2457|6065|6354|8282|2517|8067|6885|11588|5948|1761|10448|4469|3011|1134|662|9474|6437|10957|5762|11342|11736|5264|6229|267|7826|8609|10150|7373|343|8997|1055|10284|9308|7744|5823|5711|10977|4069|7423|1884|264|6756|2419|5941|9658|3495|2287|11233|2115|5022|11121|7951|9265|1002|10125|7181|6138|11471|1396|7057|7022|6807|10151|5087|11485|11202|2881|4066|2734|1138|7977|8126|10149|12153|4841|2536|8108|9300|6218|2075|10963|10556|11139|11827|10187|1126|2467|10354|9904|4738|1580|4322|9629|4161|660|8421|12018|6033|2674|11854|7856|8883|3518|2640|8003|9034|10436|5830|3828|10931|8092|3110|8703|7721|7605|7690|11120|7414|1454|11357|3489|4448|3516|10492|10324|11514|2300|11571|17|4786|11251|7645|6163|7768|540|11494|2738|9303|11070|1478|2870|4866|11773|9111|6921|4347|11367|4825|3141|2547|5442|1886|1004|9446|2523|10750|8197|758|911|2628|231|502|901|11375|6822|10953|8533|4227|616|12294|6197|1370|14|11803|9703|8970|5505|5234|7075|1949|2268|2133|5572|10512|7344|1406|10836|2531|9067|5008|3070|5542|1161|9171|3672|1533|3199|4187|169|6800|2763|3958|10826|10319|10001|3212|2257|8660|7307|5290|6438|460|1124|5146|8240|6812|10833|4558|5422|1170|4872|1541|4140|6150|892|6487|12183|1299|10729|7071|11329|11824|5395|10441|11574|3117|6743|7453|12353|11298|8653|8559|7220|8236|10679|7192|10146|7502|9876|7628|10634|1245|4294|4071|7350|5366|11766|1910|10838|6221|9054|4816|6341|917|11556|2961|307|3517|1704|4542|2673|5387|6573|9382|8848|3273|10479|376|6127|12004|9163|5564|4468|9609|2626|2298|10928|4252|6327|8953|3043|2918|12056|8212|7228|2933|12314|224|219|326|2263|11981|9083|4694|6419|6871|6564|1315|1554|9290|8635|7033|1756|2413|186|8936|6080|3522|731|1053|6451|8246|2472|8011|6648|2291|5115|11898|3956|468|4435|693|9907|3906|3312|444|6223|8776|5443|4940|10378|7106|6368|2762|12388|10782|5923|9948|10289|5756|11767|4563|8895|5718|10063|11976|7156|2081|5238|3615|7831|10080|8189|5136|2183|12102|6778|3054|4465|4261|10122|7089|5862|5267|1574|8505|3847|5036|10925|3533|1644|1950|9441|11850|1086|2469|7665|4960|2585|10707|3888|6492|7048|5788|8888|7349|5900|10439|9837|5839|9901|2106|1727|8064|1877|3151|658|2516|5980|512|11473|5773|7837|1876|3116|12367|9375|11003|2986|8325|5461|248|2206|3176|4072|2976|6278|10771|1693|4910|9373|2978|10901|10365|2086|6947|10022|3655|2868|9499|9426|8183|11716|11550|8146|8935|11413|2271|12213|2972|3366|637|2240|10453|2611|10395|11008|2148|3028|2072|11917|5636|6110|1319|2655|11276|655|2288|11581|7703|5398|3435|5534|7374|10588|6742|9167|5905|8435|10044|9180|9825|9864|6672|9146|5059|9|2211|10945|5832|1725|2998|6476|4158|9084|9579|11237|12323|6959|4163|1095|3744|7941|2245|2322|8974|9527|7146|1474|1888|8942|2551|7371|9569|8332|8499|9479|4985|1514|11443|422|5702|377|6497|7846|8739|6858|7273|9187|3900|6626|3087|9873|1969|4587|9722|11792|4151|8093|12208|6330|443|5158|10973|12030|11268|7615|9326|12142|2130|1617|2899|9612|599|2632|8374|7655|122|4562|6324|7591|10339|10240|4301|10098|6390|1639|8583|8857|4304|11549|11301|5508|10141|2236|5971|1255|3634|11755|9313|7381|281|9160|3314|9361|10592|2255|5616|2910|3925|10552|10948|8753|7317|10652|1416|3910|2658|768|667|8992|9915|5013|4266|6299|4750|3681|8485|9879|7921|10535|5781|3898|5621|8958|11285|8502|9506|11693|7929|2812|10034|7268|4951|2942|3582|2929|976|12039|11194|2136|12344|1497|5529|7572|4114|3814|3637|2119|493|1935|10814|6515|2447|2931|6537|9591|2289|2297|8124|1078|10418|4957|5963|7673|1011|11733|5645|7509|8525|7196|6157|6700|8996|4683|9026|5258|7885|4658|9588|7793|11310|5803|11890|7626|10397|5211|9140|5357|736|5181|9672|6019|9877|9486|7078|9153|7319|9016|7424|1373|6652|11860|7267|7807|2819|8863|2785|5449|11904|4884|5139|9349|3979|11198|12185|9253|8665|10672|12070|3306|2828|3848|5014|4037|11067|10343|68|12040|10405|9711|6524|2722|11341|309|6568|2237|6464|8504|7948|2048|4232|2280|7903|6770|8422|10791|6925|1722|11536|8053|2930|2355|7014|7752|5342|11195|2201|5987|6240|694|1330|2813|2221|2169|10929|3343|1625|5596|8832|9150|3918|6928|10028|10313|4358|5888|5283|4192|2886|8576|3393|7019|6931|11634|3274|5557|10186|11748|9647|10966|8161|6482|3889|927|10594|4766|1970|9423|12187|11009|10758|4635|9173|1393|2098|4399|7184|10657|11407|4092|1169|4282|5947|10340|3042|5740|12300|8560|1735|11089|10499|2394|3200|5994|9637|10895|7271|1167|1821|884|10415|3064|5411|7884|8607|8934|3315|5931|1421|9480|852|4035|4854|1867|6552|4414|3457|8442|9224|4398|5958|8355|8835|410|7814|8999|9032|7465|3525|7748|4624|7209|11429|8233|602|10296|8907|8639|2700|7025|6521|10719|11242|2879|197|8644|3903|11725|6338|7142|2949|6212|1589|10126|4860|6153|4749|12332|11078|3145|9236|4235|9055|1107|3328|3590|7526|6985|8817|3023|4679|8540|10708|11777|9757|7585|8128|15|8489|8423|4710|10647|11006|2864|2646|3380|11451|7346|9852|3955|5050|10027|3051|12064|5240|3308|242|10442|3757|4920|6687|6660|4720|1010|8536|3957|8100|7086|8984|3932|4615|4596|12301|7726|1452|5372|10962|6698|10571|2952|735|3229|6427|11346|4972|3108|9509|1441|7243|4847|9849|3580|5376|1387|11125|6433|3138|9960|6426|11430|9513|9721|8297|6041|756|7739|8487|9059|8939|5365|7545|7544|6870|1517|773|9952|7599|3486|256|5985|6721|9271|11820|9778|9574|12235|10888|635|1145|12047|10194|7278|10959|9586|12287|1057|4771|6494|5210|2784|5520|8464|10743|6465|8760|6574|703|2509|10683|3161|2956|4730|11528|7646|11743|6170|6554|8009|982|6352|238|10459|12272|11359|11545|8676|288|621|5897|2493|9454|10821|7474|2222|1190|10520|6584|1605|4283|5045|7597|4068|6317|11133|545|4982|8070|4411|8079|6969|4591|4794|5058|9536|10558|4838|4269|1357|11216|6939|2092|1893|5460|10489|11798|3498|8007|7302|3253|8944|2047|11016|11927|4318|2670|8340|11454|7707|11108|1136|11304|9638|11097|7010|360|9665|3693|5744|4229|1359|4651|1317|8768|7596|135|1027|6914|7234|7455|11604|12043|10880|5141|5648|8087|5259|4122|9259|7959|7809|11616|6461|8555|11446|7991|12363|11506|8331|2725|5728|11688|312|7274|11908|11816|11601|11639|777|2253|8030|5959|5168|10872|3632|4246|9238|10891|10388|3111|6097|10618|4692|1637|1844|6375|5649|10781|10667|10058|2335|5485|11252|9955|10402|10394|7879|10601|8357|9028|4671|11540|7640|12062|3020|205|9561|4808|3413|8157|7335|922|3743|1402|257|10983|3679|7902|10709|8363|9830|7656|2327|9288|5179|611|2534|4303|9636|5408|4458|4906|7743|12008|5066|9145|9518|2277|1104|10845|483|7714|5675|7062|8966|8876|253|2732|8778|6888|10689|7717|378|5846|5871|4649|2248|2753|5006|1109|10076|6746|9542|9920|9018|7971|1633|2799|5432|1664|7736|3952|5206|2518|537|1024|370|11092|11883|6359|4935|7044|8162|9463|7940|2548|11010|5499|6349|6533|12285|11667|891|11412|10638|10506|3204|5052|6430|8727|8914|2527|10507|3264|7528|4368|2256|172|2058|3201|6353|9547|310|11761|6092|3661|4389|2583|10806|9268|7978|4879|1782|1946|3031|7891|495|5856|9293|9453|10156|4959|5592|5005|10775|9799|7150|12203|9141|1445|10396|636|7950|878|2282|4690|2091|1826|2620|5053|4824|1411|10563|1852|1444|10699|2250|1432|4050|7834|8719|5235|3779|6267|8696|11911|8503|8548|435|10697|879|7681|9860|10370|3946|6351|9391|4463|11386|5964|1079|8546|9845|2519|4089|11483|3156|930|2168|3825|3130|10919|2822|8310|7482|11990|1775|1736|4132|7388|6847|433|3962|4494|2484|364|11972|4983|952|73|6191|8891|4557|763|2204|10309|12114|7762|2337|594|6486|5438|11371|2126|5001|10387|7376|876|4433|5128|461|6616|1405|2440|4471|12283|1327|3974|10440|9340|11720|7843|4593|6148|5665|10776|2827|1139|2374|11403|4511|1705|6192|4376|7007|8471|3843|10449|576|11746|5650|6128|9710|6547|4886|7262|3128|4768|5811|8978|1413|4718|9261|2604|9530|11169|7754|5098|10455|3827|9906|8266|11052|6518|5094|5722|5448|3519|1592|11938|1992|1662|10055|6030|9043|11889|6275|12186|8916|1343|9871|9203|5121|10085|305|10533|4908|11627|3209|5314|4678|10596|11759|2191|10130|3159|8638|6804|12260|7161|11669|7166|9992|5450|3926|4681|8989|5840|10160|12127|12191|3448|3381|5430|4438|1369|7351|1979|11573|7981|6559|974|4214|1288|3045|3174|7712|340|77|11465|3893|4530|7027|4974|8720|318|1690|1420|7447|9765|12078|10727|8139|5680|10509|6701|12355|11308|3178|849|4572|3135|5848|510|10560|4823|5370|5817|4797|2116|11372|9929|11039|401|11196|9012|8352|4849|199|7013|12371|2054|11586|10519|7187|4100|2475|10335|5753|7279|3180|12036|8393|10580|7758|2063|7298|10740|7818|2912|3149|10382|8429|8119|9209|7200|2438|3968|8427|1964|2682|10424|10831|11392|5007|1018|3262|2666|11552|1292|7718|8568|950|5504|9990|8905|249|1613|10987|3705|6112|1267|4538|2285|7960|2668|7511|8928|10902|10640|3467|4948|2884|194|7958|10232|11719|6732|9035|8005|11913|153|5685|9001|9557|9398|8040|3000|9009|9219|8071|7987|5629|5475|941|11214|6358|4662|6920|10744|10951|5199|4185|4284|11095|1894|12105|6588|10799|11534|7446|6325|6293|5617|9761|10884|61|4143|52|12022|8831|10274|7710|3504|2775|11270|1279|9913|1861|5516|11081|1045|127|12225|1624|2035|1612|4268|6428|11297|9928|11182|7050|11088|8217|5815|8396|6329|12231|9551|9365|6256|5484|2118|5187|7865|8445|9704|7038|764|10904|2051|296|1212|1291|4763|8566|6674|1061|7803|4993|10359|4551|5152|3864|7775|11114|6998|8129|10847|10480|2730|2320|2830|10043|9592|11163|8593|2417|8027|4510|4352|7922|8402|11603|1827|1527|8903|3281|8112|9935|9945|2134|10539|11738|6954|4328|11098|11656|7580|2318|1555|191|10447|5950|6790|8646|9058|5672|12027|10949|11382|6745|3719|20|679|8491|1505|6766|6167|6361|7151|2724|11644|8085|7215|1698|8913|1035|4431|4933|12069|107|4470|5261|6355|11576|9657|6051|5555|9908|5369|8908|8439|2031|11077|5492|5082|12015|3245|9840|7723|2739|747|3520|808|677|1834|8600|4152|5439|10639|27|3742|4329|9093|4949|9809|1745|5031|7774|3633|98|3103|222|7556|10174|7327|1579|2363|2840|10579|5320|6387|9201|8047|10649|557|2200|6224|10853|2935|7251|5677|3326|12133|10518|6835|2665|3934|120|9247|6431|10463|6765|12212|6198|8412|5603|6132|9532|2593|11475|8622|10410|2860|11435|6911|2761|7699|277|339|6739|11809|11422|9677|11085|7613|3385|2251|9749|9298|2561|9562|6541|10801|531|6039|1728|10164|11698|1796|365|1548|6837|701|7489|6676|11109|1222|11073|8680|2185|8425|7552|1707|3963|320|43|1278|7676|8795|4104|9535|11439|7479|11478|6133|2214|5912|8892|3018|1290|11197|1642|6296|7444|9565|3756|1711|10721|3297|12358|11568|916|8915|7757|5355|8390|6935|1378|10168|4665|4529|9755|3225|9931|9587|6114|4659|2571|11793|1258|1191|3433|12333|8029|4482|4218|7407|4519|3048|3887|11842|9401|1620|12289|6768|1424|10081|9041|7357|5968|10157|4312|9331|5926|2278|1236|301|11888|2497|11266|5607|1839|3454|7659|9927|8293|3904|7230|9289|8721|9613|78|996|2533|7696|11712|4509|2403|3859|12110|11853|1084|2521|645|8115|10684|4188|2041|12138|1530|4023|10578|8305|11175|711|10674|10930|10792|2867|8483|7648|4885|6679|10883|4606|5635|295|980|10701|4524|10548|350|2970|11208|9279|8194|10462|11417|3558|7817|9521|9473|9539|8222|9706|503|5462|9013|7872|4760|3370|11559|5678|573|12003|1457|3438|375|3789|4740|8440|12151|12307|10182|3635|7000|330|3430|5854|6055|9835|3651|5818|2557|6991|10619|6424|11307|10688|2015|10277|2186|1891|5567|12108|1040|2615|1361|7392|6258|3236|7242|5042|11866|6121|3574|4602|81|7945|3275|2895|2853|7543|5470|3541|3896|8620|6741|1429|12164|5693|3146|5200|8303|4182|147|2810|380|1286|4864|7076|6761|12095|4706|2496|9807|3006|8420|12128|641|8111|3298|9071|5386|5688|7293|11283|8437|3961|130|1846|2535|7557|9370|8901|6727|3534|4839|2160|3432|10751|9646|7185|9149|12376|3660|5745|644|3793|2021|5618|6532|3411|7683|5998|7790|4792|2343|11271|1391|421|2652|8230|4803|1539|6067|11724|8627|5302|8000|2643|8170|9029|4890|361|1991|1092|2049|11903|11781|11887|5260|12218|1546|10285|11201|2326|9713|6481|324|1249|11742|2711|8871|10934|8482|3278|6794|5074|4002|7141|530|7679|740|4930|5167|10698|3231|4212|9698|1322|1331|5595|748|2654|1131|8782|7481|4317|8209|7704|3061|3777|1740|2714|3951|2749|3665|5467|4892|10757|6081|7463|8951|6284|10465|3077|11112|5135|6810|1181|8786|10017|6159|8405|2323|12302|1696|2709|5641|10739|674|9594|2940|2454|11199|9833|3279|8748|9940|3840|8076|427|6409|9517|8650|5867|8611|5870|3271|11231|1923|11955|2911|11920|10443|5873|1076|7840|7095|5526|8530|3207|8591|8277|9130|54|5313|2462|4944|10834|6844|10003|7578|614|12001|5838|8227|1732|9670|9213|6899|3144|1221|11302|8201|8321|539|4042|8692|2781|2602|10471|7133|6801|2050|7724|10490|9176|5792|11036|3234|7309|2669|1610|858|9226|10660|3317|4018|9078|10379|10390|10091|1550|10291|11373|1918|8034|6639|5525|11584|9528|3215|3642|4826|11321|5299|1349|11343|1763|2969|10422|1683|8265|3318|5993|7619|8375|2476|4545|8723|3706|12198|1050|254|8780|8232|1773|6882|3392|5193|8819|9863|6062|4012|2984|10876|2470|11035|5957|10762|3263|5668|10260|10013|11966|7431|2227|2811|8354|3650|6595|9688|2295|12217|2818|8603|11405|2203|5397|1272|8181|830|2837|2270|12384|6008|4159|11706|2307|457|5751|1363|4987|5490|4852|9347|12176|5903|12202|11526|3025|1219|8292|1220|10025|4926|760|5224|4145|9312|1806|11910|6440|9581|3223|399|9363|5915|4444|6367|5791|7036|11735|8330|11226|7800|4964|10217|987|2596|9125|10040|9094|1099|8738|3250|7160|6681|6469|11877|5550|9114|1784|2614|2689|3475|10342|335|5849|4290|7363|6699|9000|6941|9970|2026|5577|7218|3781|7550|1442|11800|6026|7443|8441|6583|8616|12044|4234|1742|9129|3372|4523|9796|956|905|864|6414|4539|7232|8556|4253|696|4325|321|7253|12159|9278|448|1663|11617|734|4929|2789|11752|5785|5927|11582|9137|5491|12398|3809|3846|11275|12389|7439|1218|8521|565|7224|10906|7041|11553|7068|1273|6027|11606|2302|6046|2695|5934|11|4996|1375|12378|8073|3673|7069|6620|6757|7970|7315|12221|11492|5044|6829|3388|10514|5735|6178|11595|5519|5932|11144|6683|2025|5981|5544|3682|9822|2375|11918|6751|3139|8858|5579|10183|8743|11037|2752|5638|11350|11696|11695|3211|11317|7308|3644|10886|2613|12330|4612|1836|11769|2069|7135|8044|8366|4991|4472|5165|6253|2193|2679|9492|2500|1952|1227|9622|2095|1205|9885|9344|12211|4858|11354|11351|5003|1172|4353|11557|10851|11933|6228|11826|951|8205|11521|4302|9301|978|5434|3794|11057|11424|6483|9792|10467|7953|4904|8017|6848|1708|2367|11179|3417|10714|10404|721|7386|5805|2166|4700|9855|12360|4456|10423|2351|8443|4088|1843|9485|7345|4211|8468|4357|7697|8362|2369|2305|4654|10258|7644|6622|3024|227|5218|579|1042|11448|4868|6653|12177|4009|3037|7380|12372|6285|7304|9307|5731|7680|9309|1150|9229|5804|9079|10416|9118|3813|5725|241|7976|1983|6261|1229|804|1225|8286|8452|4844|11450|588|402|8629|1250|8794|2499|9828|5273|3799|9701|5301|7518|3550|1916|11018|3901|7202|6410|4015|11516|10696|6188|4101|11973|12050|10873|6472|2065|4417|3422|9784|4684|1776|2068|5032|12274|6651|2826|3182|3886|11484|3088|1152|4605|9498|3459|5088|885|3078|11711|7863|620|935|8581|6942|2987|333|548|942|3792|11856|10437|2737|4076|2474|8032|4263|5474|640|5733|779|4306|10908|9884|7120|11737|514|11063|4747|9242|617|2878|8184|7477|9222|5836|928|8579|5391|2461|8655|11013|6820|11970|9442|1353|4746|1770|3324|4918|3494|5662|6184|2932|8508|1673|5155|8314|11269|5717|9812|8889|2897|262|2676|2923|9108|714|7252|5700|10329|9047|12266|3854|1031|11599|8881|5421|79|4674|11694|1590|9666|136|9472|8991|7034|4534|8648|2482|5150|1287|6271|7266|4488|4051|3892|5643|452|5225|2409|10276|3804|6826|8333|6831|8792|2492|11117|10267|8279|5473|10645|929|8368|523|11244|3965|10803|12100|1798|3470|3890|3548|10576|4150|4271|2406|511|3761|1997|7854|592|7815|3036|7994|7117|9420|4491|11812|11615|6319|10680|3050|6539|10735|2028|6864|9537|9802|5|6049|1038|3728|3989|2362|6543|2371|4896|11384|1296|4748|4772|3086|1285|727|4109|4032|1880|1606|11764|5984|7915|1159|12085|338|11203|5477|7802|11164|9257|9014|2821|9051|3351|9580|12393|6987|1248|6029|3300|11982|11414|8617|4447|9661|10012|3790|4060|8192|10763|8132|1510|9425|6287|7145|10487|7131|6779|2055|5506|2720|4739|9482|3125|2746|1176|7194|643|11939|12093|12292|12326|4579|11930|115|2412|6785|9541|4688|1948|1307|8820|5318|7222|11116|1302|3497|3717|4554|10255|2502|4708|8329|5406|11577|10344|5429|247|12131|1621|6711|1340|861|10898|8107|10942|1087|7664|3991|4705|265|10419|3338|10123|487|4216|3697|5288|5535|2027|10321|669|4984|7989|10041|10046|5768|9050|10136|7079|3829|962|10586|3286|1931|2435|4455|6640|2807|9040|6814|4311|3791|5081|11452|9427|7716|7183|1657|1920|5303|12182|7711|9865|8082|1403|5271|4396|4366|5857|8018|1015|10391|2254|7983|5274|11332|11912|8705|10659|5202|11997|889|5248|4257|3451|5374|3971|9296|2124|5060|10389|10537|4308|11928|8510|5322|10094|11287|8002|9077|5734|3034|6753|4728|105|12242|5251|998|7448|11184|2909|5828|5674|3990|2149|7438|12106|11467|1374|10546|7546|10673|10491|1842|10944|8804|991|11025|10348|5746|9099|6971|1063|10766|8839|4796|2774|5020|8725|11948|289|6339|4210|9106|10172|1234|11241|393|2311|7186|11838|8395|8419|1446|8577|7130|9116|1467|3376|6274|3537|151|5118|8255|3503|2064|6857|8203|5531|11558|5801|10798|1809|7698|6647|6109|5829|9912|6528|10363|6988|4946|5378|5097|11295|3409|7842|2776|7365|7756|10325|2903|5632|4767|9974|8670|5161|5990|12024|7214|12337|1726|5025|10887|7574|3593|8640|4167|7249|8649|372|8841|12088|3739|5452|8746|5764|3639|11980|8940|1851|10912|2719|2384|10822|7496|477|1106|11348|7881|1871|7313|8316|5706|1283|1298|11865|9930|4142|8515|5559|8026|12082|7652|11071|1072|9965|229|8759|9640|9449|7212|8117|797|3329|10225|10562|9169|5142|12317|8710|11397|10152|3270|8551|11664|9098|5938|6405|6189|4176|5719|1973|6445|3469|11140|2110|6596|3452|11831|10501|2778|2558|6423|6846|3464|10730|8716|3395|6381|10755|386|2143|7172|10096|1714|2486|8281|7105|9266|6038|6575|11126|6120|8006|7783|3219|3515|2422|11093|8856|2966|1631|5695|4751|9639|4640|882|7495|9395|11512|1833|983|8718|5714|1235|6638|3282|12048|5538|2004|7720|800|3363|8679|712|3436|3453|6406|11396|11464|8847|5373|3267|5597|12073|7312|10427|2570|10372|3570|5850|6009|7154|9633|4041|7395|1654|1333|5244|5127|7812|9088|2392|5337|12369|10525|6119|6842|9752|4516|1618|9066|7876|3257|8037|671|4632|11984|2697|2904|11457|4462|6863|5331|12281|6205|7791|8988|10824|329|6909|10915|6878|6090|6459|12175|7975|10855|2742|5190|5609|2576|3802|10249|10860|10268|9283|11213|7070|1163|1823|608|11150|70|558|7231|4097|8541|4576|5414|3014|2982|11855|4644|4734|6056|5914|12214|7542|9899|5543|8481|8766|1902|3387|12161|2814|1171|3252|12121|9447|11891|4647|9508|10532|1368|9958|5343|8090|4971|5906|8952|9234|5409|1862|834|12206|5394|10470|8224|4725|4287|11123|6106|1771|6134|33|3894|11083|12137|10224|10956|1830|6479|9328|8158|11794|1328|10263|11497|4675|3694|10189|7464|6867|10020|4207|7235|8014|6454|649|3610|12322|3770|2648|10650|626|11747|7522|7957|5371|2787|4372|8987|9076|4382|11224|9538|5721|1228|2694|6592|8306|6283|10615|2639|1930|8302|9105|1324|11707|6164|10875|10785|8755|651|1576|4258|8868|5522|3026|4333|1282|9381|5741|9777|2606|4947|11560|5634|5955|10031|675|2372|10664|8301|6342|7916|9374|2938|5780|5254|9185|6183|334|11258|11274|10706|2872|3412|1|1679|6181|7728|11835|5380|2701|9388|940|8104|3851|7210|7060|2540|10720|8057|10366|5336|7663|8267|4663|10089|10780|2387|6448|7630|11040|2239|397|1352|69|1767|1354|6667|9297|1816|4209|5566|7441|6636|7506|7476|9883|10271|5000|1808|12370|12084|1479|8154|5757|8507|1180|5909|11458|4198|3585|270|6004|5513|6418|9462|2225|5065|8933|12245|12188|469|8415|4789|7462|3055|10351|7519|6876|9429|10982|7955|7042|10107|355|5610|8399|2693|1701|6886|1121|953|11902|6764|9122|767|11212|11463|482|1332|12220|6670|436|11277|7747|1101|12092|4622|1981|9951|8572|562|6788|10030|6412|3711|35|1081|1577|8818|2563|9599|8041|8025|8397|11859|10715|4237|5265|8243|7149|11699|10764|11681|4321|652|415|1151|7740|6890|8880|3080|9060|1426|8413|11480|2463|1822|3226|9689|8865|12362|8814|2265|6531|10004|500|6546|4583|12079|7101|4650|3344|4782|4594|11459|11701|11852|8020|7582|6131|11501|8271|3463|1591|1453|2902|5468|11654|4853|4661|522|3545|10581|2854|5890|7890|3616|5825|6254|1841|8038|7111|11124|11069|7265|123|7939|6292|3891|7688|12063|745|9615|476|5298|2791|10958|6999|7021|914|9165|6601|6503|11498|2235|859|10754|862|303|10059|4781|11385|2366|5653|7594|11462|475|2605|5852|3581|11191|4078|10166|12356|11087|2226|4544|4256|3404|3|11119|9072|1523|11015|8930|5469|8784|3407|6206|7946|3759|7039|3860|3168|3563|6076|10100|2845|4247|10317|3935|10582|10311|1675|624|8862|5078|156|8278|5335|9233|5169|8860|3623|4810|325|3547|9905|9918|2999|7796|668|10431|9735|7390|5021|10871|6204|12155|3758|730|9342|1786|10990|12010|485|9100|657|5681|4394|2795|4251|12263|6979|7213|3745|9410|11880|5363|3496|4724|9801|4338|12338|5117|4270|10270|2624|1049|6386|11210|4093|2181|1594|1466|11158|2385|6032|2607|1721|6597|6251|8730|6967|790|3069|3976|1814|3767|2046|1551|9829|10849|124|691|11728|2423|10521|6380|5392|10350|709|5344|2936|1755|7020|358|4878|4992|5375|2402|10972|11722|5661|1260|8799|4791|152|3983|4716|2733|2223|1217|9048|4039|5833|1197|11663|564|6257|5951|10008|9068|3575|10460|518|610|5180|4601|4047|7521|12334|4814|2189|125|2242|1974|3171|11409|4074|2000|9889|1789|3365|9886|6945|2312|1300|6912|2681|1787|10071|3423|6641|5939|6124|11427|812|7906|786|923|9302|121|10623|4405|1443|3654|10181|6839|7191|8063|8185|5361|11702|5671|11885|9806|90|2283|9445|4236|11533|8879|5231|2495|7808|1199|11344|838|10171|11547|7456|7263|574|11660|1938|2552|7280|10585|1829|6316|7738|7694|4567|6295|3041|8460|7046|6303|1799|7687|5691|6130|9418|1682|10180|5715|6675|3727|8685|2824|6795|1067|6260|4375|4344|994|2083|2478|7485|6929|7126|4095|2989|2642|9678|3360|7732|7575|4289|9563|9015|8382|6498|1959|3914|8961|10655|7672|2772|1703|11967|5296|751|5494|11672|11916|2210|7354|1415|9166|10947|536|10242|11564|10481|6714|8289|5203|10820|5784|10457|10477|7810|9842|6661|8971|2522|5750|9459|3502|4869|5228|8769|7470|10774|1401|6107|5453|10038|7123|3063|5656|1071|8410|11030|9996|4784|3210|5676|8147|609|9642|6613|3009|10631|0|3004|8416|1439|2939|3029|10294|11440|3059|11137|2420|8078|9651|12134|1561|3295|3332|11434|4942|12113|5039|6519|6992|11822|6993|6505|10065|2479|11783|6632|1007|12124|7767|3303|11594|9011|4305|4059|3480|6024|3126|3391|10589|11410|8947|4135|226|11152|8051|9914|4777|10238|4011|9763|3049|5024|9794|4954|2538|7080|8531|9546|5018|11053|8594|11029|7558|9793|7180|9086|2793|11421|821|3576|220|8811|2573|8001|10177|4028|5350|9450|6889|10954|11023|3307|4978|6|9962|10794|604|2780|3260|3881|7633|7954|10819|9645|638|1623|5368|920|5730|682|3368|3244|9275|3512|10140|5091|10229|9514|11402|11605|1206|1792|3301|5177|6606|4495|9263|4224|10411|3740|11129|12209|4099|7769|9097|9194|1598|11441|12158|5431|11841|4907|1270|1156|4288|9690|762|6043|255|7169|11122|5213|11400|11619|7084|2332|6094|10675|9707|3523|5352|10712|2745|4501|9679|7569|5726|5882|10352|6025|10033|1934|11775|3970|7094|7871|11640|8458|5456|3873|4726|11253|1201|1321|10811|89|1710|2313|10986|6635|5083|4952|11262|4424|97|559|5845|508|5208|5253|11142|9346|10621|7750|8921|9392|5338|24|7484|6506|178|6300|2962|4641|3256|11496|6691|6735|10676|7952|389|3966|2900|11778|3319|10786|7480|7158|5742|8688|3858|6558|9836|8144|7306|11314|1635|12077|379|10609,76|398|98|338|69|384|1|2|155|366|367|313|11|101|199|34|270|140|222|350|106|173|103|148|329|361|274|3|4|390|53|314|360|322|340|375|391|370|202|342|245|10|54|320|345|14|57|203|216|254|351|84|108|201|255|22|321|68|344|121|126|67|90|337|264|104|149|189|272|330|18|111|175|177|301|315|251|353|44|219|258|273|346|364|402|133|230|288|327|141|276|25|128|195|379|397|408|27|82|163|374|403|35|80|362|21|87|145|280|372|405|7|79|83|179|220|239|9|59|249|298|389|404|43|152|169|242|304|369|382|5|56|85|112|166|279|127|137|303|26|74|125|154|171|182|256|305|324|86|130|151|197|348|58|64|107|119|120|144|146|147|159|207|271|299|363|19|36|176|188|229|252|265|275|306|365|42|55|60|92|93|105|228|250|13|28|32|143|174|190|297|310|316|328|373|17|29|102|164|183|196|214|227|248|282|289|336|394|6|16|52|129|225|294|296|347|355|392|20|30|40|134|153|168|170|318|323|381|383|70|81|114|131|156|160|165|215|224|263|278|293|302|326|339|406|407|0|31|39|63|78|100|267|368|377|47|50|124|132|150|161|172|178|205|234|246|253|308|399|400|46|77|89|109|198|204|208|247|257|277|292|300|317|325|341|395|51|62|75|97|99|122|212|213|266|291|307|312|352|15|33|37|45|123|158|192|209|223|226|233|235|240|241|332|343|349|356|378|380|385|386|409|38|88|96|113|117|162|167|187|191|217|221|269|283|284|311|354|376|401|8|12|61|91|142|184|193|194|200|259|262|268|290|295|309|334|396|65|110|138|157|211|218|243|244|319|331|359|371|393|411,0|1|4|9|10|12|15|19|20|22|23|24|25|26|27|31|32|34|36|37|39|40|45|46|47|48|50|51|52|54|55|56|57|60|62|64|65|67|68|69|72|73|74|75|76|78|83|84|86|87|92|97|99|100|102|103|105|107|108|110|111|112|115|116|120|122|130|131|133|136|138|139|143|144|146|148|149|153|155|156|157|159|160|161|163|166|171|172|173|174|176|177|181|182|184|194|196|200|201|204|208|211|212|213|214|215|218|219|220|221|222|225|227|228|230|236|239|243|245|247|249|255|257|258|259|260|261|263|264|268|271|274|278|279|283|284|285|289|292|295|297|299|302|304|305|318|320|322|323|324|327|328|329|331|332|333|334|335|338|340|343|350|353|354|358|361|362|363|367|368|369|370|373|374|375|376|378|384|386|387|389|390|393|395|396|399|402|403|405|409|410|413|418|423|424|427|429|431|432|433|434|435|437|438|440|441|442|446|451|454|459|463|465|466|474|478|479|481|485|486|488|491|493|496|497|498|499|502|506|510|511|514|515|516|517|518|520|521|522|523|526|527|530|531|532|533|534|535|536|540|541|542|545|546|551|552|553|554|558|559|560|561|563|567|568|569|570|571|573|582|583|584|585|586|589|592|593|594|596|597|598|600|602|604|605|609|612|613|614|616|618|619|623|624|626|627|628|630|631|633|634|636|638|639|640|642|644|650|651|654|655|658|659|662|664|665|666|670|675|680|681|683|689|691|692|693|695|700|701|702|703|710|711|712|713|717|721|722|724|726|728|729|731|732|734|735|736|742|744|750|751|756|760|761|762|765|766|767|769|770|773|774|778|779|782|784|785|786|787|788|791|794|796|797|798|801|802|804|806|808|811|812|813|815|816|819|820|821|822|827|828|831|832|834|835|837|840|841|843|849|850|853|854|856|858|859|860|861|862|866|867|868|869|870|874|875|878|880|883|886|892|894|895|896|898|899|902|905|906|908|911|914|917|918|923|928|930|931|933|934|936|940|944|947|948|951|955|958|959|962|964|965|967|968|971|976|977|979|980|984|987|988|989|990|991|997|998|999|1003|1005|1007|1009|1011|1012|1013|1015|1018|1019|1020|1021|1023|1024|1026|1028|1029|1030|1032|1034|1035|1037|1040|1041|1042|1043|1045|1046|1047|1048|1049|1050|1052|1053|1057|1060|1061|1064|1066|1069|1070|1074|1079|1082|1083|1085|1087|1089|1090|1093|1094|1098|1099|1102|1103|1106|1110|1111|1113|1118|1119|1123|1125|1126|1131|1132|1141|1143|1144|1152|1153|1154|1157|1158|1160|1162|1163|1164|1165|1174|1178|1180|1182|1185|1187|1188|1189|1191|1193|1202|1204|1205|1207|1209|1210|1211|1212|1213|1216|1218|1223|1225|1226|1227|1231|1232|1233|1236|1238|1240|1241|1243|1244|1245|1248|1250|1251|1253|1259|1260|1262|1265|1268|1269|1270|1271|1272|1276|1281|1286|1287|1288|1290|1295|1296|1297|1299|1301|1302|1305|1306|1307|1310|1311|1314|1320|1325|1327|1331|1332|1336|1340|1341|1343|1344|1346|1352|1354|1357|1363|1366|1369|1376|1377|1385|1386|1387|1393|1395|1398|1399|1400|1402|1403|1404|1406|1410|1413|1414|1415|1418|1422|1425|1427|1431|1436|1438|1439|1441|1442|1443|1450|1452|1453|1456|1458|1460|1461|1463|1466|1468|1469|1470|1473|1474|1475|1477|1479|1481|1482|1487|1488|1492|1493|1494|1496|1497|1498|1499|1501|1503|1504|1505|1509|1514|1516|1519|1520|1522|1524|1527|1528|1529|1532|1533|1535|1537|1540|1542|1543|1545|1546|1547|1550|1551|1554|1556|1557|1564|1565|1566|1568|1570|1571|1573|1576|1577|1578|1580|1581|1586|1589|1590|1593|1600|1601|1604|1607|1609|1613|1614|1617|1618|1619|1621|1623|1624|1625|1626|1627|1629|1631|1634|1637|1639|1640|1641|1644|1645|1647|1650|1652|1657|1658|1659|1660|1662|1664|1665|1668|1670|1675|1676|1680|1682|1685|1687|1688|1689|1690|1697|1698|1701|1705|1709|1710|1711|1713|1714|1716|1718|1719|1721|1723|1729|1730|1731|1732|1735|1740|1741|1742|1745|1747|1748|1749|1751|1753|1755|1756|1757|1762|1765|1766|1767|1768|1769|1775|1776|1777|1779|1782|1785|1786|1787|1792|1793|1794|1797|1798|1799|1801|1802|1803|1807|1809|1811|1812|1814|1815|1817|1819|1822|1826|1828|1830|1831|1833|1843|1844|1845|1847|1848|1850|1852|1856|1858|1862|1863|1864|1865|1867|1871|1873|1874|1876|1881|1882|1883|1885|1888|1890|1891|1892|1894|1896|1897|1899|1900|1901|1902|1903|1904|1907|1909|1910|1913|1917|1918|1925|1926|1928|1933|1934|1935|1936|1938|1940|1941|1945|1948|1953|1954|1955|1960|1962|1963|1964|1966|1967|1968|1971|1974|1977|1979|1981|1982|1987|1988|1989|1990|1994|2000|2004|2005|2008|2009|2013|2018|2020|2021|2024|2026|2029|2031|2032|2034|2035|2039|2041|2042|2044|2045|2058|2062|2063|2064|2065|2066|2068|2069|2072|2074|2075|2076|2077|2080|2081|2082|2083|2085|2087|2088|2092|2094|2095|2102|2106|2107|2108|2110|2111|2112|2117|2119|2120|2121|2122|2125|2126|2127|2128|2129|2130|2132|2133|2135|2137|2139|2141|2143|2144|2146|2148|2149|2150|2151|2154|2156|2157|2159|2161|2162|2165|2167|2170|2171|2172|2177|2179|2185|2186|2187|2190|2192|2193|2198|2199|2201|2205|2211|2214|2218|2220|2224|2226|2227|2230|2232|2233|2234|2241|2242|2246|2249|2250|2255|2257|2259|2261|2262|2263|2271|2273|2274|2275|2276|2277|2281|2282|2283|2286|2288|2290|2291|2295|2297|2298|2302|2304|2306|2309|2310|2311|2312|2313|2314|2315|2316|2322|2323|2324|2325|2326|2334|2335|2338|2339|2345|2348|2349|2350|2352|2353|2357|2358|2359|2361|2362|2364|2366|2367|2369|2371|2373|2374|2377|2379|2383|2384|2388|2391|2393|2394|2395|2396|2398|2401|2402|2403|2405|2406|2407|2411|2415|2419|2424|2425|2431|2433|2437|2439|2441|2442|2451|2454|2455|2460|2461|2462|2463|2464|2467|2468|2469|2472|2473|2474|2478|2480|2482|2483|2485|2487|2489|2490|2496|2497|2499|2500|2503|2504|2507|2508|2511|2517|2518|2520|2522|2530|2532|2534|2536|2539|2540|2543|2546|2548|2549|2551|2555|2557|2559|2560|2561|2562|2563|2564|2569|2571|2572|2573|2578|2580|2581|2582|2583|2584|2585|2587|2588|2589|2595|2602|2603|2607|2614|2616|2617|2621|2622|2624|2625|2628|2629|2630|2631|2634|2639|2640|2641|2642|2644|2647|2648|2652|2653|2654|2657|2658|2659|2660|2661|2664|2665|2666|2668|2671|2673|2675|2677|2679|2680|2684|2687|2688|2691|2693|2696|2701|2702|2706|2713|2714|2716|2717|2718|2724|2726|2727|2729|2730|2731|2732|2733|2734|2737|2738|2739|2742|2743|2745|2749|2750|2751|2755|2758|2759|2760|2761|2762|2763|2764|2765|2767|2770|2773|2779|2780|2783|2784|2789|2790|2791|2792|2793|2795|2796|2799|2800|2801|2802|2806|2810|2811|2812|2814|2816|2818|2819|2820|2822|2829|2831|2835|2838|2843|2846|2847|2854|2857|2858|2860|2861|2862|2867|2868|2870|2871|2873|2875|2876|2882|2884|2887|2888|2890|2892|2893|2894|2895|2896|2898|2899|2900|2902|2903|2910|2912|2914|2915|2919|2920|2925|2926|2932|2939|2942|2944|2949|2950|2953|2954|2956|2957|2962|2965|2976|2977|2979|2983|2984|2985|2988|2991|2992|2996|2998|2999|3000|3004|3006|3007|3010|3013|3016|3017|3020|3022|3026|3031|3033|3034|3035|3036|3037|3038|3039|3043|3047|3049|3051|3055|3057|3058|3059|3062|3065|3067|3075|3078|3080|3081|3083|3084|3085|3089|3090|3094|3095|3096|3099|3101|3104|3106|3108|3109|3110|3112|3113|3115|3118|3119|3120|3121|3122|3123|3129|3134|3135|3137|3139|3141|3143|3145|3146|3147|3148|3149|3150|3151|3158|3159|3161|3164|3176|3179|3180|3181|3184|3185|3186|3187|3190|3191|3193|3194|3197|3200|3201|3203|3210|3213|3214|3215|3216|3217|3218|3219|3220|3222|3225|3226|3232|3234|3240|3242|3243|3245|3248|3260|3263|3266|3268|3269|3278|3281|3282|3286|3287|3290|3296|3297|3299|3300|3306|3307|3309|3310|3311|3312|3314|3317|3319|3320|3322|3325|3327|3328|3334|3339|3340|3341|3342|3344|3345|3347|3349|3351|3352|3354|3357|3359|3360|3362|3366|3367|3369|3371|3376|3378|3385|3386|3387|3389|3391|3392|3394|3398|3401|3402|3404|3408|3413|3418|3419|3420|3423|3424|3426|3427|3429|3431|3433|3435|3438|3439|3442|3444|3445|3446|3447|3449|3455|3456|3457|3458|3460|3461|3463|3465|3471|3474|3476|3477|3478|3479|3482|3486|3487|3489|3493|3494|3505|3506|3510|3513|3514|3524|3526|3530|3534|3535|3537|3540|3542|3545|3546|3551|3556|3558|3562|3563|3564|3566|3569|3571|3573|3577|3578|3580|3582|3584|3585|3586|3589|3590|3592|3593|3594|3598|3599|3600|3601|3606|3609|3611|3615|3618|3619|3620|3621|3622|3626|3630|3633|3634|3635|3639|3642|3645|3646|3648|3653|3655|3656|3657|3658|3659|3661|3662|3664|3665|3666|3673|3680|3681|3693|3695|3698|3700|3701|3703|3705|3706|3708|3709|3710|3711|3712|3715|3719|3722|3723|3724|3727|3729|3731|3732|3735|3737|3740|3741|3743|3744|3746|3749|3750|3751|3753|3755|3759|3760|3761|3762|3764|3765|3768|3770|3771|3773|3775|3776|3779|3780|3782|3788|3789|3792|3794|3800|3801|3802|3803|3804|3805|3806|3813|3814|3818|3819|3821|3822|3829|3834|3835|3836|3838|3841|3842|3843|3844|3846|3849|3850|3852|3853|3854|3856|3858|3860|3862|3865|3867|3868|3870|3872|3873|3874|3877|3882|3884|3885|3890|3892|3895|3896|3898|3899|3900|3901|3903|3907|3909|3916|3917|3922|3923|3924|3928|3929|3931|3933|3936|3937|3939|3942|3943|3947|3949|3951|3954|3956|3958|3960|3961|3963|3965|3967|3969|3973|3975|3977|3978|3984|3991|3992|3994|4002|4006|4007|4010|4017|4018|4019|4020|4021|4022|4025|4026|4027|4028|4029|4030|4041|4042|4049|4050|4051|4055|4056|4059|4062|4068|4071|4072|4075|4080|4082|4087|4088|4090|4094|4097|4099|4101|4102|4105|4107|4108|4111|4113|4115|4116|4117|4119|4120|4121|4122|4125|4126|4127|4128|4136|4137|4138|4141|4142|4143|4145|4147|4151|4154|4155|4158|4159|4161|4163|4165|4168|4169|4170|4172|4175|4177|4180|4182|4183|4184|4187|4191|4194|4197|4198|4199|4200|4201|4202|4207|4211|4212|4214|4217|4219|4221|4224|4227|4231|4233|4235|4236|4242|4243|4246|4247|4248|4250|4251|4252|4253|4255|4257|4258|4259|4260|4261|4263|4264|4266|4268|4271|4272|4274|4276|4277|4278|4279|4280|4282|4284|4285|4287|4289|4290|4292|4293|4296|4298|4302|4303|4304|4305|4306|4307|4309|4310|4311|4312|4317|4321|4322|4324|4327|4334|4337|4342|4344|4345|4347|4348|4349|4354|4355|4357|4359|4362|4364|4366|4369|4370|4371|4373|4376|4377|4378|4388|4389|4390|4391|4392|4393|4394|4395|4397|4399|4400|4401|4405|4410|4411|4414|4415|4417|4422|4426|4428|4429|4431|4432|4433|4436|4437|4439|4441|4442|4443|4444|4447|4448|4452|4454|4456|4458|4461|4462|4468|4469|4472|4473|4474|4475|4476|4478|4479|4480|4482|4483|4484|4485|4491|4493|4497|4498|4499|4501|4505|4507|4513|4515|4516|4517|4519|4522|4523|4524|4526|4527|4530|4532|4533|4534|4537|4544|4545|4547|4548|4550|4551|4552|4553|4558|4559|4560|4561|4562|4566|4567|4568|4572|4573|4578|4579|4580|4588|4589|4591|4593|4594|4596|4599|4602|4604|4605|4607|4609|4610|4611|4613|4615|4616|4618|4619|4620|4621|4623|4624|4626|4628|4629|4630|4631|4633|4635|4636|4638|4639|4640|4641|4642|4643|4644|4645|4648|4650|4652|4654|4656|4660|4661|4663|4664|4666|4667|4669|4672|4679|4682|4685|4688|4692|4693|4694|4696|4697|4698|4700|4701|4702|4703|4707|4714|4716|4717|4718|4724|4726|4727|4732|4734|4735|4738|4740|4742|4743|4747|4752|4760|4761|4762|4763|4766|4767|4769|4770|4772|4773|4774|4780|4782|4784|4786|4787|4792|4795|4798|4799|4802|4804|4808|4809|4814|4817|4819|4820|4821|4824|4825|4830|4834|4835|4842|4843|4845|4850|4855|4857|4859|4860|4864|4866|4868|4869|4873|4875|4876|4877|4880|4883|4891|4892|4893|4895|4896|4897|4899|4911|4913|4914|4916|4917|4919|4921|4922|4923|4924|4925|4926|4927|4928|4929|4932|4934|4936|4940|4942|4947|4948|4950|4951|4955|4959|4960|4961|4962|4963|4965|4967|4970|4971|4974|4979|4980|4985|4986|4989|4990|4992|4994|4995|4997|4998|4999|5000|5007|5015|5017|5018|5020|5021|5023|5027|5030|5032|5033|5040|5042|5043|5044|5046|5048|5049|5050|5051|5052|5054|5055|5061|5065|5071|5073|5077|5079|5082|5083|5084|5085|5087|5088|5097|5098|5100|5101|5102|5103|5105|5107|5109|5110|5111|5112|5113|5114|5115|5116|5117|5119|5120|5121|5122|5127|5129|5130|5131|5134|5135|5136|5137|5138|5140|5141|5145|5146|5148|5149|5154|5155|5156|5158|5159|5160|5162|5163|5165|5166|5170|5173|5176|5178|5181|5182|5185|5186|5187|5188|5189|5190|5195|5197|5198|5199|5203|5204|5206|5208|5211|5213|5214|5215|5216|5217|5218|5222|5223|5226|5227|5228|5229|5230|5232|5233|5234|5235|5236|5237|5241|5246|5247|5255|5257|5261|5262|5263|5264|5265|5266|5267|5269|5270|5271|5272|5273|5275|5277|5278|5279|5282|5285|5286|5289|5290|5297|5301|5302|5304|5308|5309|5310|5315|5316|5320|5321|5324|5325|5326|5329|5330|5334|5336|5338|5340|5344|5345|5346|5347|5352|5356|5359|5362|5364|5369|5371|5374|5375|5379|5380|5382|5385|5386|5389|5393|5394|5395|5398|5401|5405|5406|5408|5409|5415|5419|5421|5422|5423|5424|5427|5430|5431|5432|5433|5436|5437|5440|5441|5442|5443|5446|5452|5453|5454|5458|5460|5461|5463|5464|5469|5470|5471|5472|5473|5482|5483|5486|5487|5493|5495|5497|5501|5502|5503|5505|5507|5508|5515|5517|5519|5522|5524|5525|5527|5529|5533|5537|5538|5539|5543|5545|5546|5548|5554|5555|5559|5561|5562|5563|5564|5565|5566|5567|5571|5576|5577|5582|5583|5587|5589|5590|5591|5596|5597|5598|5599|5601|5604|5608|5610|5613|5614|5615|5616|5618|5619|5622|5623|5624|5625|5626|5627|5628|5629|5631|5633|5634|5635|5636|5639|5642|5644|5645|5647|5648|5650|5654|5655|5656|5657|5662|5663|5665|5667|5672|5673|5674|5677|5679|5680|5685|5689|5690|5693|5696|5698|5699|5700|5703|5705|5710|5711|5712|5716|5717|5720|5721|5723|5724|5725|5727|5728|5730|5731|5732|5733|5734|5738|5739|5740|5741|5745|5747|5748|5753|5754|5756|5757|5760|5763|5764|5765|5768|5772|5773|5774|5775|5776|5783|5786|5787|5791|5793|5801|5802|5803|5805|5806|5807|5808|5809|5811|5812|5813|5815|5822|5828|5829|5830|5831|5832|5842|5845|5846|5847|5849|5853|5855|5860|5861|5862|5865|5866|5868|5869|5878|5879|5880|5881|5883|5885|5892|5893|5894|5895|5897|5902|5903|5904|5905|5907|5909|5910|5913|5915|5916|5918|5923|5925|5929|5930|5931|5938|5940|5944|5945|5947|5951|5952|5956|5957|5958|5960|5961|5962|5968|5972|5974|5976|5977|5981|5983|5987|5988|5990|5994|5999|6000|6001|6003|6004|6005|6009|6014|6017|6018|6019|6022|6023|6026|6027|6035|6036|6037|6040|6042|6045|6046|6048|6051|6052|6054|6056|6057|6060|6061|6063|6065|6068|6069|6071|6072|6073|6078|6080|6083|6084|6085|6087|6090|6098|6099|6101|6102|6103|6107|6110|6111|6112|6113|6116|6119|6121|6123|6126|6127|6130|6131|6132|6133|6134|6135|6136|6138|6140|6146|6147|6148|6153|6157|6160|6161|6165|6166|6170|6171|6174|6175|6179|6185|6187|6189|6190|6191|6197|6200|6202|6205|6207|6208|6213|6214|6215|6217|6218|6219|6221|6223|6226|6227|6229|6232|6235|6236|6239|6244|6246|6247|6250|6251|6252|6254|6257|6259|6261|6266|6268|6270|6271|6272|6275|6276|6280|6283|6287|6289|6290|6294|6300|6303|6304|6306|6308|6309|6311|6314|6325|6332|6334|6335|6337|6341|6343|6344|6345|6346|6348|6353|6354|6356|6357|6358|6359|6361|6363|6365|6367|6368|6372|6373|6378|6379|6380|6382|6384|6387|6388|6391|6395|6396|6397|6399|6400|6401|6403|6404|6408|6409|6410|6412|6413|6414|6415|6416|6417|6422|6424|6425|6426|6427|6430|6431|6432|6433|6434|6438|6439|6440|6442|6443|6446|6447|6450|6451|6454|6457|6458|6459|6460|6461|6462|6465|6466|6468|6470|6472|6477|6482|6485|6489|6492|6493|6495|6496|6500|6503|6504|6505|6507|6508|6512|6515|6523|6524|6532|6536|6537|6538|6539|6540|6542|6543|6545|6547|6551|6552|6553|6555|6557|6558|6561|6563|6566|6569|6570|6572|6574|6580|6581|6582|6583|6586|6588|6589|6592|6593|6595|6597|6598|6601|6602|6604|6610|6611|6613|6615|6617|6619|6620|6622|6623|6625|6626|6627|6628|6629|6630|6635|6637|6638|6639|6642|6643|6646|6648|6650|6651|6653|6654|6657|6661|6662|6665|6673|6675|6680|6683|6686|6688|6689|6691|6692|6694|6697|6700|6702|6703|6705|6707|6708|6709|6716|6718|6719|6722|6724|6725|6726|6727|6730|6731|6733|6735|6737|6738|6739|6740|6741|6742|6743|6744|6745|6746|6747|6748|6753|6757|6762|6765|6766|6767|6768|6769|6770|6771|6775|6777|6778|6779|6781|6782|6785|6788|6789|6790|6792|6795|6797|6799|6800|6801|6802|6803|6808|6810|6811|6812|6814|6815|6818|6819|6822|6824|6825|6826|6828|6829|6830|6833|6836|6839|6840|6843|6846|6847|6850|6853|6856|6857|6861|6865|6868|6878|6880|6885|6887|6890|6892|6894|6895|6900|6903|6905|6907|6908|6916|6918|6920|6921|6922|6924|6925|6928|6931|6933|6935|6938|6939|6948|6950|6951|6953|6955|6965|6966|6973|6974|6976|6979|6980|6982|6983|6984|6986|6987|6989|6990|6991|6992|6994|6997|6998|7002|7003|7004|7007|7008|7010|7011|7012|7014|7016|7018|7020|7021|7022|7023|7024|7025|7029|7030|7032|7033|7034|7035|7037|7038|7040|7041|7046|7048|7050|7052|7053|7055|7057|7058|7059|7062|7066|7072|7074|7078|7079|7080|7082|7085|7086|7089|7092|7093|7095|7098|7100|7105|7106|7107|7110|7111|7112|7114|7116|7118|7119|7120|7122|7124|7125|7130|7131|7132|7135|7137|7138|7142|7143|7144|7145|7146|7147|7152|7157|7158|7159|7160|7161|7163|7164|7166|7167|7172|7173|7175|7177|7179|7181|7182|7186|7189|7192|7195|7198|7203|7204|7208|7211|7212|7215|7217|7218|7221|7222|7223|7224|7225|7226|7229|7233|7243|7244|7245|7246|7248|7253|7256|7259|7261|7262|7263|7264|7266|7267|7268|7270|7272|7275|7276|7277|7278|7281|7282|7285|7288|7293|7296|7302|7304|7305|7307|7310|7317|7318|7319|7320|7326|7329|7330|7331|7332|7334|7335|7339|7341|7342|7348|7349|7350|7351|7355|7357|7358|7359|7363|7366|7367|7373|7375|7376|7377|7378|7384|7386|7388|7389|7395|7396|7399|7401|7402|7404|7406|7407|7411|7413|7414|7415|7416|7417|7419|7421|7424|7425|7426|7432|7435|7440|7441|7443|7444|7447|7450|7452|7456|7460|7462|7463|7464|7466|7468|7470|7473|7477|7479|7487|7489|7490|7491|7493|7495|7497|7498|7499|7500|7503|7504|7505|7508|7509|7511|7512|7514|7520|7521|7522|7524|7529|7532|7533|7534|7540|7541|7543|7544|7547|7548|7551|7553|7556|7557|7560|7561|7562|7563|7566|7568|7570|7571|7573|7574|7577|7578|7579|7581|7583|7586|7588|7589|7590|7591|7592|7593|7595|7596|7598|7599|7602|7603|7604|7606|7607|7624|7627|7629|7631|7632|7634|7635|7640|7647|7648|7650|7651|7660|7661|7662|7665|7667|7673|7674|7676|7680|7681|7682|7684|7685|7687|7689|7691|7694|7695|7697|7698|7699|7700|7702|7703|7704|7705|7706|7707|7708|7709|7712|7713|7714|7717|7718|7720|7723|7724|7726|7727|7730|7731|7734|7740|7745|7746|7747|7749|7753|7754|7757|7760|7761|7762|7764|7765|7766|7768|7772|7773|7774|7778|7779|7783|7784|7786|7790|7791|7792|7796|7799|7801|7803|7805|7807|7808|7809|7810|7813|7816|7817|7818|7819|7823|7825|7827|7830|7833|7834|7837|7838|7840|7843|7845|7847|7848|7849|7852|7854|7855|7857|7858|7861|7862|7863|7864|7865|7871|7872|7873|7875|7880|7884|7886|7887|7889|7893|7894|7897|7900|7901|7902|7905|7907|7908|7909|7911|7912|7913|7918|7926|7928|7930|7931|7933|7935|7936|7937|7939|7943|7944|7945|7948|7949|7950|7952|7955|7956|7957|7958|7963|7964|7965|7967|7968|7969|7976|7977|7979|7980|7981|7983|7987|7991|7993|7994|7996|7998|8000|8001|8002|8003|8006|8007|8009|8010|8015|8018|8021|8025|8026|8028|8030|8031|8032|8033|8034|8036|8037|8040|8041|8044|8046|8051|8055|8056|8057|8058|8060|8062|8063|8067|8072|8074|8077|8079|8081|8085|8086|8087|8091|8092|8096|8097|8098|8099|8100|8101|8102|8103|8107|8108|8109|8111|8112|8113|8115|8117|8121|8123|8130|8134|8136|8137|8138|8143|8145|8154|8156|8157|8161|8164|8167|8169|8171|8174|8183|8185|8187|8190|8198|8201|8210|8213|8215|8220|8221|8222|8225|8226|8227|8228|8230|8231|8232|8235|8237|8238|8240|8242|8246|8247|8248|8252|8259|8262|8263|8264|8265|8266|8268|8269|8271|8278|8281|8284|8285|8292|8295|8297|8299|8300|8301|8302|8306|8307|8308|8309|8311|8314|8317|8319|8321|8324|8326|8328|8329|8330|8331|8333|8334|8338|8340|8341|8343|8344|8345|8346|8347|8348|8351|8354|8355|8356|8358|8364|8366|8367|8368|8372|8374|8378|8379|8380|8381|8383|8387|8388|8389|8390|8392|8397|8398|8402|8405|8407|8409|8411|8415|8417|8418|8420|8423|8424|8425|8426|8428|8429|8431|8433|8435|8437|8438|8439|8441|8443|8444|8445|8446|8448|8449|8451|8455|8458|8460|8461|8462|8463|8464|8465|8468|8471|8474|8479|8481|8483|8485|8486|8492|8495|8496|8497|8499|8500|8501|8504|8506|8507|8509|8510|8511|8512|8513|8515|8518|8521|8522|8525|8526|8527|8528|8529|8531|8534|8535|8538|8539|8540|8541|8544|8548|8549|8550|8553|8565|8566|8567|8568|8569|8573|8574|8576|8577|8580|8584|8585|8586|8587|8588|8589|8592|8594|8596|8597|8601|8602|8604|8606|8611|8613|8614|8615|8616|8622|8627|8628|8629|8631|8632|8634|8635|8636|8639|8643|8644|8645|8647|8652|8663|8664|8667|8668|8669|8672|8673|8674|8680|8681|8683|8685|8687|8689|8692|8693|8694|8699|8700|8702|8703|8709|8710|8711|8713|8717|8719|8723|8726|8727|8729|8731|8732|8735|8737|8739|8744|8748|8749|8751|8753|8754|8755|8756|8758|8764|8765|8766|8767|8769|8771|8772|8774|8776|8778|8782|8783|8784|8785|8786|8787|8790|8793|8795|8797|8798|8800|8803|8804|8805|8806|8807|8808|8812|8816|8818|8819|8820|8823|8825|8828|8829|8831|8832|8833|8834|8836|8839|8841|8842|8843|8844|8845|8847|8848|8853|8854|8855|8856|8859|8861|8863|8864|8865|8869|8876|8877|8878|8879|8881|8883|8884|8886|8891|8892|8893|8895|8896|8898|8899|8902|8903|8904|8906|8908|8909|8913|8915|8918|8921|8922|8924|8925|8926|8927|8928|8930|8931|8933|8934|8935|8940|8943|8949|8951|8953|8955|8956|8959|8963|8964|8967|8968|8969|8970|8971|8973|8975|8976|8978|8982|8989|8991|8994|8995|8996|8997|8999|9004|9005|9006|9007|9009|9011|9013|9014|9015|9016|9017|9019|9020|9024|9026|9028|9032|9035|9036|9039|9042|9045|9046|9049|9050|9051|9054|9055|9056|9057|9062|9065|9067|9070|9073|9074|9082|9086|9087|9088|9089|9090|9091|9093|9094|9097|9098|9108|9111|9113|9114|9117|9118|9119|9120|9121|9125|9129|9132|9133|9134|9135|9137|9140|9141|9142|9145|9146|9152|9154|9156|9157|9158|9160|9161|9162|9164|9165|9167|9169|9174|9176|9177|9180|9181|9183|9184|9185|9189|9190|9191|9198|9199|9200|9201|9202|9203|9207|9208|9211|9213|9215|9217|9218|9219|9224|9225|9229|9230|9233|9237|9240|9244|9246|9247|9249|9250|9255|9258|9260|9261|9264|9265|9266|9267|9270|9276|9277|9279|9280|9289|9290|9291|9292|9294|9296|9299|9301|9305|9312|9313|9315|9316|9318|9319|9321|9327|9329|9335|9337|9340|9341|9343|9346|9349|9352|9355|9357|9359|9362|9363|9366|9372|9373|9375|9377|9378|9379|9381|9383|9384|9385|9386|9389|9391|9393|9396|9397|9399|9401|9402|9405|9408|9413|9421|9426|9427|9428|9430|9431|9434|9437|9438|9441|9442|9443|9447|9451|9455|9456|9457|9459|9460|9462|9463|9464|9465|9474|9479|9480|9482|9484|9489|9491|9493|9496|9503|9507|9511|9513|9515|9516|9517|9519|9520|9528|9529|9530|9533|9535|9537|9538|9541|9544|9545|9547|9549|9550|9555|9558|9562|9564|9566|9574|9575|9578|9579|9584|9589|9590|9591|9593|9596|9599|9600|9602|9607|9608|9609|9610|9611|9614|9615|9618|9622|9625|9626|9628|9629|9637|9638|9639|9640|9641|9643|9644|9645|9646|9653|9654|9656|9661|9663|9666|9669|9677|9681|9682|9684|9685|9687|9692|9694|9696|9697|9699|9700|9701|9702|9704|9708|9710|9711|9713|9714|9715|9716|9717|9722|9723|9724|9725|9728|9731|9732|9733|9737|9739|9747|9748|9751|9755|9761|9762|9764|9766|9770|9772|9773|9774|9780|9781|9782|9784|9787|9788|9789|9791|9793|9796|9797|9798|9799|9806|9808|9812|9814|9815|9816|9818|9819|9820|9827|9831|9835|9836|9837|9839|9841|9846|9847|9850|9851|9852|9854|9858|9863|9864|9865|9866|9867|9869|9873|9874|9878|9879|9881|9885|9886|9888|9889|9891|9892|9893|9896|9898|9899|9900|9901|9903|9905|9906|9909|9911|9912|9913|9914|9915|9916|9917|9918|9919|9921|9922|9925|9926|9927|9928|9929|9935|9936|9939|9940|9941|9945|9948|9952|9953|9954|9955|9957|9958|9959|9962|9968|9969|9971|9978|9979|9980|9981|9984|9985|9987|9990|9991|9993|9996|9997|9999|10001|10002|10005|10006|10011|10013|10014|10017|10018|10021|10024|10025|10026|10030|10035|10040|10041|10043|10046|10050|10052|10054|10055|10056|10058|10064|10065|10066|10067|10069|10074|10075|10076|10077|10079|10080|10081|10082|10084|10085|10086|10088|10089|10091|10095|10096|10098|10099|10101|10104|10107|10108|10109|10110|10114|10115|10116|10118|10121|10124|10126|10127|10128|10129|10132|10133|10134|10135|10142|10143|10146|10151|10152|10155|10159|10160|10163|10164|10165|10166|10167|10168|10170|10171|10174|10175|10176|10178|10180|10181|10182|10183|10186|10189|10197|10198|10199|10200|10202|10203|10206|10210|10212|10213|10214|10215|10218|10221|10224|10225|10230|10231|10233|10234|10235|10236|10238|10239|10240|10241|10243|10246|10249|10251|10252|10256|10257|10258|10259|10260|10261|10263|10265|10266|10267|10271|10273|10278|10280|10281|10284|10285|10288|10290|10291|10292|10294|10296|10299|10300|10301|10302|10303|10305|10306|10307|10309|10310|10313|10315|10316|10317|10318|10320|10321|10322|10323|10327|10328|10329|10330|10337|10340|10343|10346|10348|10350|10352|10353|10357|10358|10360|10361|10366|10367|10368|10369|10372|10376|10377|10378|10382|10385|10386|10391|10396|10399|10400|10401|10410|10411|10413|10415|10416|10419|10421|10424|10425|10427|10431|10432|10435|10441|10442|10448|10449|10450|10452|10454|10455|10457|10459|10460|10461|10462|10463|10464|10465|10466|10468|10471|10478|10479|10483|10484|10485|10487|10488|10489|10490|10493|10494|10501|10503|10504|10506|10508|10510|10511|10514|10516|10518|10519|10522|10523|10525|10527|10533|10535|10536|10538|10541|10542|10543|10547|10548|10552|10553|10554|10555|10560|10563|10565|10568|10570|10572|10577|10578|10579|10580|10581|10582|10583|10584|10586|10588|10591|10592|10594|10595|10597|10598|10604|10606|10608|10609|10610|10611|10612|10616|10618|10623|10624|10625|10626|10631|10632|10633|10635|10636|10644|10647|10651|10652|10655|10656|10657|10659|10660|10661|10663|10665|10666|10672|10673|10674|10675|10676|10677|10680|10682|10683|10684|10685|10687|10688|10690|10691|10693|10694|10695|10696|10699|10700|10701|10702|10707|10708|10709|10711|10713|10715|10716|10717|10718|10721|10724|10725|10726|10727|10728|10734|10735|10736|10739|10742|10744|10749|10750|10755|10758|10759|10765|10768|10771|10774|10775|10777|10779|10781|10784|10788|10789|10791|10792|10793|10794|10801|10805|10810|10811|10812|10813|10815|10817|10819|10820|10821|10822|10825|10831|10834|10835|10836|10839|10841|10849|10865|10866|10870|10872|10878|10883|10884|10886|10890|10891|10895|10899|10902|10903|10907|10912|10916|10921|10924|10925|10926|10927|10928|10934|10938|10939|10941|10944|10947|10948|10949|10950|10951|10953|10954|10956|10957|10959|10960|10961|10963|10964|10966|10968|10969|10971|10972|10973,20.859838274932613,True
instance_0015.txt,aisle_first_desc,345,3,292,5532|1573|5169|5594|5838|3317|3647|41|1164|1269|1296|1885|2788|2926|4237|4515|5463|5623|5918|5945|6124|6173|6558|7354|14|16|39|80|104|135|168|198|228|250|270|299|310|316|338|360|362|386|410|416|421|502|535|584|595|616|618|620|703|717|719|723|741|749|773|799|883|895|896|897|918|983|992|997|1020|1022|1032|1043|1070|1082|1086|1094|1096|1112|1167|1197|1198|1204|1211|1239|1255|1282|1315|1390|1393|1422|1429|1439|1483|1503|1597|1633|1648|1677|1682|1690|1699|1720|1729|1745|1803|1807|1822|1849|1852|1856|1923|1938|1986|2029|2076|2093|2131|2170|2171|2180|2184|2201|2222|2245|2271|2285|2324|2388|2396|2416|2421|2438|2446|2474|2484|2494|2519|2554|2599|2611|2648|2681|2707|2736|2759|2767|2780|2820|2853|2866|2871|2897|2912|2970|3003|3017|3034|3067|3101|3189|3201|3267|3308|3326|3332|3373|3375|3410|3440|3450|3452|3488|3495|3501|3562|3594|3603|3615|3632|3650|3658|3675|3684|3713|3776|3791|3794|3814|3818|3821|3836|3852|3869|3935|3960|3961|3962|3970|3978|4004|4094|4131|4231|4321|4336|4338|4349|4359|4365|4374|4403|4415|4421|4435|4457|4458|4467|4472|4492|4554|4564|4569|4572|4627|4636|4649|4657|4665|4673|4717|4722|4742|4749|4776|4801|4817|4864|4869|4889|4901|4912|4969|4978|4998|5001|5008|5017|5027|5056|5069|5089|5147|5155|5177|5180|5207|5215|5249|5265|5272|5290|5303|5310|5340|5349|5442|5451|5460|5479|5520|5540|5548|5565|5606|5625|5682|5748|5801|5810|5857|5863|5867|5890|5896|5897|5904|5953|5982|5997|6009|6023|6038|6049|6074|6101|6142|6182|6212|6257|6262|6358|6390|6431|6434|6456|6461|6462|6489|6511|6530|6538|6540|6612|6650|6673|6706|6725|6739|6782|6801|6820|6875|6907|6962|6967|7004|7013|7062|7078|7121|7138|7141|7147|7178|7188|7207|7212|7248|7288|7289|7316|7327|7330|7350|7356,10|190|262,31|61|63|69|110|111|124|131|151|168|191|203|206|226|248|259|301|406|422|424|437|454|465|473|478|480|524|526|529|532|597|610|612|616|637|656|661|665|677|714|739|740|777|778|797|826|827|831|834|843|870|890|894|895|945|966|979|985|995|1021|1074|1085|1120|1136|1162|1164|1190|1292|1323|1329|1338|1346|1354|1403|1454|1458|1481|1500|1520|1521|1532|1591|1701|1746|1757|1759|1777|1810|1835|1850|1855|1873|1889|1917|1926|1931|1962|1984|2023|2028|2029|2043|2060|2101|2144|2169|2199|2205|2207|2253|2273|2276|2279|2352|2362|2372|2386|2410|2411|2419|2426|2510|2512|2520|2528|2529|2584|2594|2618|2680|2687|2737|2755|2758|2822|2843|2848|2922|2923|2942|2947|2965|2991|3007|3038|3049|3081|3101|3106|3161|3163|3166|3188|3211|3227|3246|3295|3349|3353|3363|3402|3458|3464|3486|3495|3500|3578|3599|3623|3650|3651|3653|3665|3679|3696|3699|3704|3712|3718|3744|3757|3764|3766|3767|3794|3806|3810|3828|3888|3902|3947|3954|3972|3976|3991|4011|4035|4094|4120|4122|4147|4216|4283|4287|4326|4361|4368|4402|4418|4428|4473|4477|4495|4496|4619|4622|4667|4689|4723|4727|4747|4757|4800|4848|4951|4959|5000|5037|5050|5093|5097|5102|5129|5164|5189|5281|5305|5317|5339|5356|5373|5466|5479|5516|5525|5527|5566|5576|5577|5578|5585|5596|5641|5653|5685|5770|5794|5806|5824|5844|5847|5956|5961|5966|6015|6035|6057|6058|6085|6100|6143|6158|6205|6213|6325|6342|6345|6347|6364|6380|6411|6412|6418|6444|6462|6495|6509|6552|6571|6573|6616|6632,129.66666666666666,True
instance_0015.txt,dinkelbach_mip,345,3,292,5532|1573|5169|5594|5838|3317|3647|41|1164|1269|1296|1885|2788|2926|4237|4515|5463|5623|5918|5945|6124|6173|6558|7354|14|16|39|80|104|135|168|198|228|250|270|299|310|316|338|360|362|386|410|416|421|502|535|584|595|616|618|620|703|717|719|723|741|749|773|799|883|895|896|897|918|983|992|997|1020|1022|1032|1043|1070|1082|1086|1094|1096|1112|1167|1197|1198|1204|1211|1239|1255|1282|1315|1390|1393|1422|1429|1439|1483|1503|1597|1633|1648|1677|1682|1690|1699|1720|1729|1745|1803|1807|1822|1849|1852|1856|1923|1938|1986|2029|2076|2093|2131|2170|2171|2180|2184|2201|2222|2245|2271|2285|2324|2388|2396|2416|2421|2438|2446|2474|2484|2494|2519|2554|2599|2611|2648|2681|2707|2736|2759|2767|2780|2820|2853|2866|2871|2897|2912|2970|3003|3017|3034|3067|3101|3189|3201|3267|3308|3326|3332|3373|3375|3410|3440|3450|3452|3488|3495|3501|3562|3594|3603|3615|3632|3650|3658|3675|3684|3713|3776|3791|3794|3814|3818|3821|3836|3852|3869|3935|3960|3961|3962|3970|3978|4004|4094|4131|4231|4321|4336|4338|4349|4359|4365|4374|4403|4415|4421|4435|4457|4458|4467|4472|4492|4554|4564|4569|4572|4627|4636|4649|4657|4665|4673|4717|4722|4742|4749|4776|4801|4817|4864|4869|4889|4901|4912|4969|4978|4998|5001|5008|5017|5027|5056|5069|5089|5147|5155|5177|5180|5207|5215|5249|5265|5272|5290|5303|5310|5340|5349|5442|5451|5460|5479|5520|5540|5548|5565|5606|5625|5682|5748|5801|5810|5857|5863|5867|5890|5896|5897|5904|5953|5982|5997|6009|6023|6038|6049|6074|6101|6142|6182|6212|6257|6262|6358|6390|6431|6434|6456|6461|6462|6489|6511|6530|6538|6540|6612|6650|6673|6706|6725|6739|6782|6801|6820|6875|6907|6962|6967|7004|7013|7062|7078|7121|7138|7141|7147|7178|7188|7207|7212|7248|7288|7289|7316|7327|7330|7350|7356,10|190|262,31|61|63|69|110|111|124|131|151|168|191|203|206|226|248|259|301|406|422|424|437|454|465|473|478|480|524|526|529|532|597|610|612|616|637|656|661|665|677|714|739|740|777|778|797|826|827|831|834|843|870|890|894|895|945|966|979|985|995|1021|1074|1085|1120|1136|1162|1164|1190|1292|1323|1329|1338|1346|1354|1403|1454|1458|1481|1500|1520|1521|1532|1591|1701|1746|1757|1759|1777|1810|1835|1850|1855|1873|1889|1917|1926|1931|1962|1984|2023|2028|2029|2043|2060|2101|2144|2169|2199|2205|2207|2253|2273|2276|2279|2352|2362|2372|2386|2410|2411|2419|2426|2510|2512|2520|2528|2529|2584|2594|2618|2680|2687|2737|2755|2758|2822|2843|2848|2922|2923|2942|2947|2965|2991|3007|3038|3049|3081|3101|3106|3161|3163|3166|3188|3211|3227|3246|3295|3349|3353|3363|3402|3458|3464|3486|3495|3500|3578|3599|3623|3650|3651|3653|3665|3679|3696|3699|3704|3712|3718|3744|3757|3764|3766|3767|3794|3806|3810|3828|3888|3902|3947|3954|3972|3976|3991|4011|4035|4094|4120|4122|4147|4216|4283|4287|4326|4361|4368|4402|4418|4428|4473|4477|4495|4496|4619|4622|4667|4689|4723|4727|4747|4757|4800|4848|4951|4959|5000|5037|5050|5093|5097|5102|5129|5164|5189|5281|5305|5317|5339|5356|5373|5466|5479|5516|5525|5527|5566|5576|5577|5578|5585|5596|5641|5653|5685|5770|5794|5806|5824|5844|5847|5956|5961|5966|6015|6035|6057|6058|6085|6100|6143|6158|6205|6213|6325|6342|6345|6347|6364|6380|6411|6412|6418|6444|6462|6495|6509|6552|6571|6573|6616|6632,129.66666666666666,True
instance_0015.txt,random,3078,351,2916,573|2224|2014|2590|1244|1622|3911|2863|5225|4223|6462|4429|3072|2073|3053|4190|829|5583|1107|6289|4068|6523|2|5155|5172|128|5176|4720|5913|7242|5345|3086|2627|251|2855|4964|3457|5175|6548|2300|1839|1712|1937|2833|5975|1928|4200|1397|789|5597|1392|6388|577|5703|5083|3121|2663|5993|5139|1644|4670|605|4086|2045|7174|3991|5279|1503|2755|18|6105|1764|5390|7330|4315|7139|35|3611|5|411|5235|600|3748|4777|6898|3422|1934|6438|2215|6404|3797|2758|4218|5736|1418|279|3481|6562|4445|1415|3051|4462|4483|4524|5458|5945|2494|6032|1130|7001|7060|585|4959|2838|3810|3659|7211|2299|4577|2461|6365|580|3267|5103|460|6423|2255|5705|1673|4687|1729|268|3538|6745|5171|155|288|3227|3320|4710|4920|5350|5071|6919|5473|6465|3030|2072|861|4247|5641|7255|1908|6100|3677|2142|488|7223|5568|855|3401|6600|3842|2395|5767|2384|6828|1236|1814|7339|5318|12|6482|6852|2101|1147|6029|66|5655|5856|6630|3446|3235|7044|730|609|5588|2888|1995|1837|4280|6931|4870|5783|3289|4776|2828|5310|3388|76|3676|7015|7078|2829|3049|2687|2963|4228|5209|1477|3100|5969|6327|3433|312|693|5902|3068|1237|3174|1227|2381|5809|2406|342|535|2212|5877|6563|1253|3591|4927|3106|2373|1422|3095|3839|759|3048|3534|5647|4090|4471|6597|915|3263|3907|2030|49|1280|2857|4663|1123|5546|2844|5023|5398|6712|4784|3271|6055|665|1927|6400|7348|6614|2482|6248|959|4161|2415|5547|4538|646|1469|1342|1324|2720|7358|3387|7216|6027|3418|5513|4707|6476|1872|4851|2481|5024|3096|6961|4259|3063|1277|4393|5918|3455|3766|505|5724|5366|1518|1558|7109|6540|5217|1436|2228|3720|6002|6314|387|7232|4583|2959|2845|1128|5238|2874|2580|3364|4708|5577|4816|7048|4452|5884|2747|5141|4466|5197|6455|1083|5718|3434|6146|1286|1283|4648|4982|507|1696|1149|208|731|2487|1527|6725|4991|6399|6723|2862|5733|6963|3849|5843|1002|3276|1655|352|1197|7178|5325|4242|2128|5951|188|5054|4175|1088|6262|690|6087|3153|7187|6001|1132|276|4411|1875|6709|866|3331|4723|680|6954|3003|1915|5287|3029|2597|997|2177|253|4656|3627|1417|6620|1410|1372|6726|6123|5911|3865|4971|6786|726|4282|1716|1889|418|6222|2295|4314|2279|2993|262|3712|6076|3846|3908|5872|2925|699|5113|160|621|5524|667|5061|3775|3479|7017|6701|5126|1671|4031|3629|2053|6945|3922|3490|2435|5151|7050|3944|5704|3925|3626|2025|539|2028|6649|938|3620|4327|3058|7229|7267|1370|5983|1161|3427|2956|3280|92|5391|1703|391|3796|2018|2626|5503|2843|4391|7318|1784|6672|843|7319|6795|5687|4540|2725|5036|4842|1626|4672|3604|4866|5573|4622|2131|5127|2398|4484|5368|3338|1670|3763|4546|1793|1394|5768|2953|2039|1365|6660|1159|6212|1481|4649|6608|5619|3047|1598|5050|6718|1834|2062|2262|6571|2931|3852|2996|3062|1691|5702|1998|420|3831|1567|1158|2902|6039|3965|5620|3059|6978|4819|2491|2486|647|2785|3099|3188|3194|1721|5752|6261|2565|5349|4914|4299|2647|15|772|1191|2152|1443|5441|2096|4651|5131|6019|2629|4733|4435|2708|4639|6737|3774|6906|4164|7126|6912|2677|3077|3838|1067|6326|4865|3200|3978|1975|3075|5205|3868|894|285|6347|6253|4771|3444|499|2120|6236|2651|5363|952|3166|6500|2759|6994|3292|5322|2967|1770|1203|7213|371|1109|1885|1284|232|2390|5274|1447|5333|2814|6306|2839|671|5210|2088|6457|4352|1032|6211|1498|3932|5000|3780|5093|1338|5373|4422|1557|6004|2007|3713|6215|1272|4560|1879|6966|623|995|6670|4502|6263|5212|7239|2523|2313|6409|3776|6591|2325|1775|994|4240|6419|1501|6567|3085|2777|3689|2179|5041|7170|6188|5629|2701|4600|3325|3305|1992|5985|3688|3814|853|4325|5801|6126|2172|3382|389|3073|7353|1003|1074|698|677|5773|5694|1478|3150|6612|1634|4962|5795|5193|3264|543|5948|96|3996|863|2145|6316|5202|379|4357|6664|3518|1271|187|1569|3761|5563|5247|2948|5591|7054|395|5688|2522|4985|3117|230|7122|3567|3168|4665|1018|2016|762|3000|5869|3864|7156|3728|261|3339|4488|1686|717|4820|6629|1069|616|277|1035|6917|2267|4728|4018|7324|4699|1608|4264|4274|242|3597|4307|5485|669|6410|5501|1845|1787|5046|6654|3469|4828|5042|4592|1950|1530|2688|720|408|792|2786|5028|6984|5122|4657|937|1720|2452|5923|1457|5959|4715|4021|1749|4370|2543|3334|6013|2852|3441|5482|4423|6634|7240|6825|1226|1111|5263|2702|3544|812|5990|1664|1821|6956|5585|5110|2608|5816|962|7157|5146|6361|2648|5867|3414|2994|5504|447|4678|6249|7110|3472|6585|2210|2408|2436|344|7279|758|6939|6216|2263|5699|3162|6206|6766|5682|5006|6699|1922|2767|6033|6930|6268|6778|2166|880|6810|7296|1407|5493|4821|534|1448|22|5304|2156|4956|1211|3109|6436|2636|1391|6979|5435|4806|6752|1636|4022|3586|2222|3882|4547|7009|473|5579|4645|3581|370|7058|533|4978|2965|7117|4030|975|5424|4185|437|38|4455|5246|1559|3957|1659|7301|13|6092|2711|5351|2946|4205|737|2410|7298|3979|7195|2105|5498|2125|449|1693|7287|86|46|781|490|1945|2164|6166|4349|3282|6554|963|6779|1055|314|920|360|2204|2835|800|1329|4794|5581|5305|905|1491|2097|4724|2483|6354|5038|2329|4418|1910|5803|3726|2488|751|7059|7258|4701|6439|6237|6841|4363|4041|95|256|459|1416|6017|2518|351|970|3245|3028|375|2517|1465|2683|7309|2458|529|7155|4267|227|6137|5281|4088|7269|6965|2492|4979|6584|3694|6050|7214|6318|1744|4732|6234|2060|2657|1225|2444|6694|7361|4148|5737|3438|316|296|935|7132|978|2897|1098|7271|6285|3931|322|2093|2628|2896|2130|4062|317|4757|1866|4127|4108|3779|5617|5898|5436|4778|4510|1572|2288|136|741|304|4005|4191|5711|6364|3256|485|687|5227|941|5685|3348|2318|2158|6873|2375|41|7101|3311|5031|6836|1070|6142|4712|6555|1631|5497|6031|7215|5415|3022|1550|1169|4929|2810|4430|3795|1302|513|6167|2115|6910|3346|2926|1847|6756|840|4928|3436|852|4301|2999|672|4321|6845|3141|5879|2854|6144|4013|452|1459|2639|1552|4079|16|3147|6359|2790|1105|320|4398|6260|4033|298|3792|1778|1623|6413|7181|5627|2403|195|1091|974|638|6396|3811|3454|3125|183|657|3858|2787|622|5674|4273|1956|388|826|749|5486|6850|4789|5157|2743|6381|828|4829|7123|2659|4572|4944|1769|2380|5857|74|6586|3136|908|6849|5257|4624|203|2126|53|6921|1968|2514|4271|105|4629|4729|6959|5526|538|381|5299|1380|674|4386|5799|4446|4659|4826|4957|5068|4700|4615|845|2585|1913|5853|5464|5810|2640|4610|5675|1936|4692|6509|4644|1688|2463|2574|2821|4179|4743|1403|6691|7365|2239|1858|6667|5416|6210|6727|3091|5708|151|2571|6018|7262|5005|4311|5025|3300|390|1836|5326|1556|2715|1313|376|7238|5242|4060|6291|5494|153|2227|6702|3833|6184|29|4012|6896|446|6532|1309|2856|3717|2214|6758|4802|3202|4716|5070|4691|7290|5749|1426|82|2026|5003|6427|921|4405|6224|6273|1367|6255|5449|2717|2634|4071|4332|4168|1303|522|6051|1321|3654|7064|295|6851|3680|6572|4266|2872|3237|2389|6103|3719|7184|2541|3537|7051|2884|793|4571|2169|7338|2465|929|432|5074|2234|6278|5298|4102|4812|898|2502|6303|7233|5670|2225|5805|2416|3904|1259|2207|7023|1201|6293|4326|4532|7316|6512|5185|5562|6595|6066|4017|5116|3916|5166|5822|3644|1352|1851|1646|6576|147|4292|6401|3205|161|2551|182|4329|1048|5432|4342|373|4434|4896|2264|4172|2118|4989|5394|6761|4334|7166|2298|6411|6213|7235|3924|5231|4786|1733|1531|823|4977|1028|4050|1916|2178|2122|6338|3379|7221|2793|827|3359|1734|4901|3524|5089|7311|7219|4294|5369|949|4424|1431|1066|4350|3523|2819|4872|2141|2433|6958|4900|2443|3070|2236|2905|1640|3955|7055|3413|3961|2150|4414|1334|5292|1279|4748|5906|5574|6071|3535|2035|3071|5927|4903|2070|5011|428|6529|4047|6960|968|7069|6297|3900|1315|579|1080|7112|6075|4035|170|6233|5399|729|6549|4890|4010|4080|2797|3787|2019|4098|4876|2731|2984|2362|5446|2921|5596|6098|5356|6073|1219|919|5453|1758|2352|4988|5406|252|5826|1680|1717|6157|3274|6739|784|2393|7344|6323|2268|2024|2922|5961|2691|6064|1077|939|5306|1404|181|3467|5455|527|6831|670|1167|1081|1509|2832|5901|2472|3278|3853|5871|7220|171|4888|2397|4511|4196|3832|2376|7250|281|4052|61|5012|1008|4345|6685|2700|4675|3547|5722|440|4947|4940|6821|5754|115|899|4854|228|2119|4688|4027|6879|4239|4145|5253|2901|1120|5757|5798|4853|961|6453|1918|6355|2103|1307|6740|219|2245|5659|5317|5132|4467|7308|4515|2258|1005|5478|5483|1073|2421|5195|5057|4948|2885|4909|394|7133|2534|2672|313|6440|5396|780|1593|5599|2079|3692|520|1119|1962|3009|4567|4879|6791|14|3960|1198|7103|1926|2168|3731|4848|1090|715|3131|1294|3012|6715|2935|5698|1178|2860|4897|1364|5518|2047|3038|6036|1059|4276|2587|1479|244|4950|4257|1739|597|3412|2002|1516|990|2588|682|5578|1047|6711|7093|6992|7337|94|258|5499|1486|7130|1957|3836|406|236|2132|4415|4439|7027|4785|4913|218|2505|664|5930|6645|6813|4841|7190|6034|7150|634|3090|6175|1600|2370|3350|5860|2332|5878|1948|17|1651|2559|5835|6120|2358|1216|5917|1082|2123|5397|5049|1079|196|6611|5700|3179|68|602|1472|5133|2036|5372|7359|421|5787|64|666|3801|1196|3755|6996|3008|694|1389|5159|5987|194|3613|6535|132|6730|134|2276|1818|581|6226|1377|5571|6342|5289|4504|4122|590|6284|6370|1353|4994|4304|3552|7168|6932|3400|6744|530|7356|4558|4440|1040|744|2792|2980|4454|4272|3893|6290|25|4221|310|5288|712|6115|431|1722|743|2219|592|423|4343|2414|2328|6888|249|4320|4312|3895|3751|5361|327|1581|6219|291|5260|177|1425|112|4635|6574|5383|6170|6139|4919|6416|4001|1994|5756|3782|3087|7237|2637|4464|5523|1222|1810|6358|6478|3266|4661|5433|1323|3133|4094|2504|1747|6538|1989|5180|6858|3840|396|976|6999|6955|1583|2981|335|735|6109|6491|641|6272|4526|6471|400|2811|6526|2294|4138|736|854|5649|6518|998|6804|4981|6108|3598|4084|5255|5819|6150|6800|6659|6853|2260|5511|3076|3551|987|2800|7182|6242|1102|6301|7295|4766|3734|3044|6663|3161|6466|1514|5883|779|3531|6957|7293|4596|5788|6294|5208|3816|6266|766|1165|122|6901|5943|6940|2382|1789|6579|955|3023|1935|1428|7019|814|5555|4995|7097|6221|3951|574|4099|3730|2112|2947|6864|985|4763|2631|2532|441|3872|179|5777|6819|3158|5189|305|461|799|5572|6856|3785|6189|91|4769|2570|4003|5762|7322|7331|6329|2185|71|7146|5162|6926|4468|4830|42|972|1827|1179|4874|4862|1695|5593|1817|808|6230|5004|3040|1965|2003|135|3963|595|2816|40|1848|3432|6631|1125|3856|2831|2331|630|3015|6934|2548|3765|4057|706|481|1346|1753|6793|4744|6317|4646|3564|1027|1981|3885|3987|6395|2813|5142|1528|3854|1275|3234|4002|158|3363|500|6983|6716|537|1153|6444|2326|107|6602|5360|2498|5681|2209|5330|569|3971|3729|5823|4895|5296|6474|4297|44|1980|4690|2903|3573|2680|2508|7106|2668|180|3891|5254|5169|80|1464|3078|5919|3558|7162|5167|615|7041|3192|1126|1668|3252|6173|5271|1912|2447|2186|5938|470|4070|3869|6201|1958|5168|3483|3340|591|5152|6315|1378|6308|6056|3993|6681|1020|3399|3693|2316|2170|5465|2357|1924|439|436|5029|6205|1647|301|1863|3624|6344|172|6938|6547|1823|6461|2420|1285|7141|5541|3582|2153|3841|4503|3861|5184|4284|3902|1106|5863|1833|4539|2944|3756|940|655|3959|2434|5586|4902|6209|2966|1576|3473|4680|6521|614|1586|6728|4394|1295|5472|6886|6086|1732|6942|859|6765|480|902|56|2868|359|6241|5520|2853|4360|755|3588|4121|7261|4195|4130|5683|491|593|7089|1692|2927|2782|3940|3120|6148|4582|2736|1820|3113|1660|3845|3504|6820|6706|5032|857|3890|542|5844|6310|5237|4898|3351|3657|7246|469|2428|6021|3259|2183|1345|1746|3906|2665|2231|7136|343|5645|1947|1773|645|156|7343|2846|7325|6832|769|6080|3989|43|6061|4554|6637|4233|4147|4535|6333|6510|193|4666|1768|4441|6953|5266|2451|5463|6377|5243|1248|896|2919|6367|3850|4390|3110|5076|299|532|6133|3393|5138|271|4197|4413|1030|5291|966|1304|6369|6407|2266|704|1454|1843|7008|753|1828|5887|6470|5065|2078|5920|7111|5792|1344|7196|1017|2243|1192|4184|1873|5818|5625|6372|3946|5222|5941|1136|5907|2303|3515|1643|841|7033|2133|727|2917|3738|5269|1540|7134|6936|4557|876|6417|5332|2530|6997|2377|2598|3525|5519|2910|5277|2220|4100|3881|2241|5841|1745|684|2900|3618|1624|4492|4392|3098|2134|6054|3360|6132|4096|7179|2083|3392|3129|6622|73|6967|4938|2098|1730|2244|6514|1543|6059|5934|4092|1850|6868|5735|787|6067|259|4603|1830|2306|3281|4203|1920|2247|6651|5377|5447|4881|2908|6703|6321|4887|4655|4636|2864|6985|4410|1529|6406|6030|5590|7007|1620|5405|6503|5457|7010|2005|1143|7248|3575|5170|4117|3690|143|4054|2511|5771|2704|2159|3011|5769|229|1735|2876|2147|6840|245|2601|3964|6558|977|6376|1288|5772|906|5387|7329|3361|1831|5870|2773|4361|993|3972|5891|34|7004|801|4399|5309|2246|2914|1337|5241|6113|6186|5807|2051|1632|611|2719|1064|3905|2875|6095|3491|4749|1526|864|4770|1970|3197|6243|2282|1929|5589|1802|6632|6279|817|1014|3026|3250|5338|2724|5009|6267|3510|1266|1867|1332|1502|1727|2501|5875|1281|5400|5979|2127|3094|7277|1564|282|6680|813|6011|102|6598|5763|3492|6379|4573|6697|1562|523|6661|5976|1575|60|628|1653|284|2766|5108|3396|5204|1424|4048|4470|6803|3333|2812|1517|7355|354|6042|5696|5601|324|1996|3994|6520|3408|2567|6970|7208|201|6537|7251|32|2945|3590|6544|7346|2756|6783|6867|4232|1675|4407|1988|4616|7026|4581|3163|2176|5337|6043|1665|3224|1036|3794|2205|5814|4465|3246|6302|4442|1009|5200|484|2955|1400|3247|5268|6494|5161|2106|1218|2768|4077|3760|7176|519|6460|830|3303|3130|4654|19|1381|3178|54|6422|433|5528|2645|4566|3793|1217|2535|5414|6894|5341|3108|3207|2566|3268|2034|2783|2529|1606|3593|3193|1473|207|1807|7080|2877|635|4490|5319|2348|392|173|3270|7000|6112|4534|5862|1190|4756|3037|549|3506|5125|6353|705|3297|1138|6235|3824|5164|4837|6299|7260|3251|2784|1006|2037|1427|3123|255|5794|7147|1826|3375|7081|1780|3641|4024|3901|2595|5016|6646|2753|4832|6325|363|2990|186|1193|3668|2923|3808|6937|1056|3818|6250|2437|4650|3295|4106|5378|4809|5545|869|3656|1172|308|3533|6495|4850|3239|1212|2952|7115|1756|353|3419|5849|7160|2200|5445|4674|6566|1405|3124|6871|331|378|3773|3602|5728|3553|3298|4552|7020|6655|1311|3328|6136|167|2474|5916|6872|4578|6776|610|4727|6200|557|6093|1150|4838|3892|4256|4091|6731|2240|2973|2466|3216|3772|2615|149|6244|5102|1202|7230|2459|190|982|5739|1155|4208|1724|347|7052|4265|27|6447|7305|4250|2660|2642|4306|6451|1471|2274|554|4523|3272|5301|5753|5824|4810|6022|5854|2493|502|6559|3708|5640|3478|403|2235|6696|2050|4042|5905|575|713|5059|365|5491|5812|103|5632|1247|4683|5221|5510|7345|2568|2296|5953|3723|7057|4626|3981|3949|4324|1393|4137|2473|297|7320|494|884|2012|3499|3862|3119|2287|4945|3821|7236|2347|6732|1063|445|6738|860|889|2201|7135|7083|5427|2878|1262|1194|2194|6705|5352|427|6336|572|4521|5188|3181|1596|2609|3050|4263|6117|2985|561|4939|2679|2613|2284|2798|6948|3374|4477|4368|4125|1791|3740|3187|3790|1565|4926|2544|6190|1964|598|3912|986|366|6968|3609|4101|1725|4316|3521|4609|5477|5527|5955|2102|1320|4481|1395|6415|4281|936|2796|5759|775|3214|4936|878|2661|1983|3767|7283|3318|5964|2748|5508|1972|2630|7177|2330|2394|3471|5713|3520|4993|5052|5530|3411|1103|6322|1319|3945|1855|4412|5609|506|3488|4447|2576|1592|1475|6519|5315|1117|4774|5201|612|1439|652|5262|1601|890|922|3031|6717|3306|4859|1571|6357|6389|6484|3875|6227|5466|2509|4123|1446|4344|5766|3511|6171|3102|1699|3277|235|429|1865|4891|2041|5265|2776|566|3088|4536|4463|4237|3353|7140|5051|3658|5419|2976|5251|2015|3802|6114|4544|1909|6682|3394|2424|6639|802|5073|7066|1954|782|2058|3679|5365|3283|464|30|6973|290|1228|4614|7167|4662|2174|3608|3155|7032|4193|6378|1566|3545|5539|3502|4046|6662|5723|2046|5697|457|6816|5094|2555|2038|3144|2013|2664|6636|7203|4787|1375|4987|771|3474|2409|5495|6252|5552|3789|7218|5775|2446|1341|7256|1684|4309|5952|1206|6964|5551|6993|5829|5248|653|3600|4856|4970|4906|6502|1976|1145|130|1075|3462|1627|746|4134|4335|6456|5388|5594|5621|6640|848|6483|1585|3257|3572|482|858|1899|6281|2512|2564|552|2254|4034|3701|5656|93,10|24|378|102|353|333|386|239|377|263|339|103|1|83|240|136|75|141|38|110|59|191|284|27|121|147|310|2|197|213|315|106|128|220|18|33|74|165|334|356|67|96|217|262|288|364|89|393|69|190|215|238|122|291|357|45|194|249|294|51|246|281|331|349|370|143|171|270|308|387|168|201|244|271|317|338|13|16|61|43|50|132|342|53|150|182|267|9|62|104|144|166|280|286|305|311|326|368|20|34|49|68|214|260|265|316|380|32|114|125|289|361|392|90|218|295|309|328|87|97|149|169|207|221|363|379|146|153|261|94|158|163|223|367|42|98|188|234|237|340|390|135|148|176|192|247|257|293|388|25|52|82|92|107|183|195|208|255|258|268|274|292|319|343|8|58|126|127|129|140|157|233|318|341|371|3|57|124|302|307|346|351|354|362|394|79|101|196|202|210|219|283|327|369|91|177|181|212|226|230|264|303|385|391|11|26|39|41|120|164|241|278|30|55|56|108|229|253|296|332|395|17|35|81|172|243|245|285|300|320|401|4|116|117|178|200|279|312|314|325|151|205|251|276|287|297|347|355|0|14|29|78|80|109|139|256|266|134|154|167|323|366|372|382|111|162|170|193|216|225|242|335|348|396|397|84|159|236|273|19|21|137|142|199|350|365|76|115|138|186|198|259|360|6|54|63|145|231|321|123|189|209|329|336|23|160|185|290|12|44|85|130|161|174|344|352|86|95|133|272|376|64|99|105|228|28|100|269|282|384|22|113|37|72|227|373|389|252|359|5|31|381|119|180|313|7|337|358|71|155|179,2|3|4|7|10|12|13|19|20|23|24|26|27|28|33|35|36|38|40|42|43|44|45|46|48|49|50|51|52|55|56|57|59|63|66|68|69|75|77|81|82|86|88|89|90|91|93|94|95|96|98|100|101|102|103|104|107|109|110|111|116|117|118|119|121|123|124|127|128|133|134|138|141|142|143|144|145|146|147|150|155|158|160|161|166|167|168|171|174|175|176|177|178|179|180|181|182|183|185|187|189|194|198|199|200|201|203|205|207|209|210|211|212|213|215|216|217|226|228|229|234|236|238|240|243|247|249|254|255|256|260|261|262|263|264|265|267|272|273|274|276|279|281|282|285|287|289|292|293|295|297|299|300|301|302|307|310|315|318|319|320|324|327|328|329|330|333|336|337|338|340|341|342|352|353|355|356|357|358|365|367|368|371|372|373|375|378|379|380|383|386|390|392|393|395|397|402|404|407|408|410|412|415|416|425|426|430|434|436|439|441|443|448|449|452|456|461|462|463|469|472|473|474|475|479|480|481|482|484|485|486|490|491|496|497|500|504|505|506|508|509|510|511|512|514|519|520|521|524|525|529|530|533|537|538|540|541|542|544|545|547|550|551|556|559|568|571|572|574|575|576|577|579|580|582|583|584|585|589|590|592|593|594|597|598|599|602|604|606|608|615|619|632|635|636|638|640|645|646|648|649|650|651|656|657|664|666|668|670|671|672|675|682|684|687|688|689|691|694|695|696|699|701|703|704|705|706|707|710|711|712|717|720|721|722|724|725|726|728|730|733|734|735|736|737|739|740|745|748|749|756|758|759|760|762|764|766|767|768|769|771|772|773|774|775|778|781|784|785|786|788|789|790|791|793|795|797|798|799|800|803|805|809|810|811|812|813|815|816|817|818|825|833|834|836|837|839|841|845|853|856|857|862|863|864|867|873|875|877|878|881|882|885|888|891|892|895|896|897|899|901|903|904|905|909|912|913|914|920|922|924|926|928|932|936|939|940|942|943|950|952|953|955|957|958|959|961|962|963|965|969|970|971|974|975|976|977|979|980|982|985|986|987|988|989|994|999|1001|1003|1005|1008|1010|1011|1014|1015|1022|1024|1027|1030|1032|1036|1037|1039|1042|1044|1045|1046|1047|1051|1055|1058|1060|1066|1067|1068|1077|1079|1084|1085|1086|1087|1090|1092|1099|1103|1105|1107|1108|1109|1112|1115|1116|1118|1119|1121|1122|1123|1124|1125|1127|1131|1132|1134|1135|1138|1139|1142|1143|1144|1146|1149|1152|1154|1155|1156|1159|1160|1162|1164|1166|1167|1168|1171|1173|1174|1175|1176|1177|1179|1184|1186|1190|1191|1192|1193|1194|1196|1200|1204|1207|1210|1213|1214|1220|1223|1225|1228|1230|1233|1234|1236|1238|1240|1241|1242|1246|1247|1249|1251|1254|1255|1256|1257|1261|1270|1275|1278|1279|1280|1281|1282|1287|1288|1289|1290|1291|1292|1293|1297|1299|1304|1306|1307|1308|1309|1310|1311|1312|1317|1318|1319|1323|1324|1328|1331|1332|1337|1339|1340|1341|1342|1348|1354|1358|1362|1365|1367|1370|1371|1372|1373|1377|1378|1382|1384|1387|1389|1392|1393|1396|1397|1402|1403|1404|1405|1408|1409|1410|1413|1415|1417|1419|1421|1423|1430|1432|1437|1439|1440|1444|1449|1452|1454|1457|1460|1462|1470|1475|1476|1478|1480|1483|1488|1489|1491|1492|1493|1494|1495|1499|1500|1502|1512|1516|1518|1520|1527|1531|1532|1534|1535|1536|1538|1539|1543|1544|1545|1546|1547|1548|1550|1552|1553|1557|1560|1564|1566|1569|1570|1571|1572|1573|1574|1575|1577|1582|1583|1584|1588|1589|1590|1591|1592|1593|1600|1601|1604|1607|1619|1621|1625|1627|1629|1634|1637|1638|1641|1645|1649|1652|1654|1658|1660|1663|1666|1667|1668|1671|1672|1674|1675|1677|1680|1681|1683|1688|1691|1692|1693|1695|1696|1697|1698|1699|1702|1703|1705|1706|1707|1710|1712|1715|1716|1718|1719|1721|1723|1728|1729|1730|1732|1734|1735|1739|1746|1748|1754|1755|1757|1759|1761|1764|1765|1766|1767|1768|1769|1770|1772|1773|1776|1777|1785|1786|1787|1789|1792|1793|1794|1795|1798|1800|1801|1802|1803|1806|1810|1811|1812|1814|1815|1817|1819|1821|1824|1825|1828|1835|1839|1840|1842|1849|1850|1851|1856|1862|1863|1865|1866|1870|1877|1878|1881|1882|1883|1884|1885|1886|1887|1888|1889|1891|1896|1897|1898|1903|1905|1906|1912|1915|1917|1919|1921|1922|1923|1927|1932|1937|1938|1939|1940|1942|1943|1945|1948|1949|1952|1955|1960|1961|1962|1967|1973|1981|1982|1983|1986|1990|1993|1994|1996|1997|2001|2002|2003|2004|2005|2006|2007|2008|2009|2011|2012|2014|2015|2017|2018|2019|2020|2022|2023|2027|2028|2029|2030|2032|2034|2035|2036|2038|2041|2042|2043|2044|2047|2049|2052|2054|2056|2060|2062|2063|2066|2068|2069|2071|2072|2073|2074|2076|2080|2085|2086|2089|2091|2092|2094|2098|2100|2105|2109|2111|2114|2116|2120|2121|2122|2123|2127|2131|2132|2134|2136|2137|2139|2142|2143|2144|2145|2146|2149|2151|2153|2154|2156|2157|2158|2161|2163|2164|2165|2168|2172|2178|2184|2185|2190|2191|2193|2194|2196|2201|2203|2204|2205|2208|2209|2210|2213|2217|2219|2228|2230|2231|2232|2237|2238|2239|2242|2244|2245|2246|2251|2252|2253|2255|2256|2257|2258|2260|2266|2269|2273|2277|2282|2283|2285|2286|2287|2288|2290|2291|2297|2301|2307|2308|2312|2313|2315|2318|2321|2324|2329|2330|2331|2334|2336|2339|2341|2346|2347|2348|2349|2353|2355|2356|2357|2358|2364|2370|2371|2376|2379|2380|2384|2392|2393|2395|2397|2398|2399|2401|2402|2403|2406|2407|2412|2413|2414|2415|2418|2420|2422|2428|2430|2434|2435|2437|2438|2442|2443|2444|2447|2449|2451|2454|2457|2458|2465|2467|2468|2469|2470|2477|2480|2481|2482|2484|2485|2488|2491|2493|2495|2498|2499|2503|2507|2509|2512|2515|2518|2524|2526|2529|2533|2536|2538|2541|2543|2544|2547|2549|2551|2553|2555|2556|2557|2558|2561|2564|2566|2568|2569|2570|2572|2574|2577|2578|2580|2581|2582|2587|2588|2591|2593|2597|2598|2599|2600|2601|2603|2604|2605|2607|2608|2609|2611|2612|2613|2616|2622|2623|2627|2628|2629|2630|2631|2632|2633|2635|2639|2640|2641|2645|2647|2648|2656|2658|2660|2662|2663|2664|2665|2666|2667|2670|2671|2672|2673|2674|2676|2678|2679|2680|2681|2682|2684|2685|2686|2687|2692|2693|2695|2699|2703|2704|2711|2712|2714|2715|2717|2719|2722|2724|2725|2727|2729|2730|2735|2736|2738|2745|2746|2747|2748|2749|2754|2755|2758|2760|2761|2762|2764|2766|2767|2768|2769|2771|2773|2774|2777|2778|2780|2784|2789|2790|2794|2795|2797|2798|2804|2806|2810|2811|2814|2815|2817|2818|2820|2822|2824|2825|2826|2832|2836|2840|2842|2845|2846|2850|2852|2853|2854|2855|2859|2860|2862|2864|2865|2866|2867|2868|2870|2871|2873|2875|2877|2879|2884|2889|2891|2892|2894|2895|2896|2898|2899|2900|2901|2904|2906|2908|2909|2912|2915|2917|2925|2926|2927|2929|2930|2931|2932|2933|2935|2937|2940|2942|2943|2948|2954|2958|2960|2961|2963|2964|2965|2968|2969|2972|2973|2975|2977|2978|2979|2981|2982|2983|2985|2988|2989|2991|2995|2996|2999|3001|3003|3006|3008|3014|3015|3017|3026|3029|3034|3035|3040|3041|3042|3044|3047|3048|3049|3051|3052|3054|3056|3057|3058|3064|3067|3070|3071|3072|3073|3074|3075|3077|3078|3080|3081|3085|3086|3087|3088|3098|3099|3101|3102|3103|3104|3106|3108|3113|3116|3117|3118|3119|3120|3125|3128|3129|3131|3134|3136|3137|3138|3142|3143|3147|3148|3149|3156|3160|3164|3167|3170|3174|3176|3177|3179|3180|3182|3183|3186|3191|3192|3195|3196|3197|3198|3201|3206|3209|3210|3214|3215|3216|3217|3218|3222|3223|3224|3227|3228|3229|3230|3232|3233|3236|3238|3239|3246|3249|3250|3252|3263|3264|3265|3266|3267|3269|3272|3275|3279|3285|3286|3287|3295|3298|3302|3307|3308|3312|3313|3315|3320|3323|3324|3325|3327|3333|3335|3339|3340|3344|3346|3347|3355|3357|3358|3363|3368|3370|3372|3373|3376|3381|3382|3385|3386|3387|3390|3392|3397|3402|3403|3407|3408|3409|3414|3416|3417|3420|3421|3425|3431|3432|3433|3434|3435|3436|3440|3441|3444|3446|3447|3448|3451|3452|3455|3459|3460|3463|3464|3465|3467|3468|3471|3472|3474|3476|3477|3479|3482|3486|3492|3497|3498|3500|3501|3504|3506|3507|3510|3512|3514|3521|3523|3525|3528|3530|3532|3534|3535|3538|3540|3541|3544|3549|3550|3552|3553|3556|3560|3561|3562|3569|3571|3573|3576|3579|3581|3591|3592|3594|3597|3598|3600|3601|3603|3604|3609|3612|3621|3622|3626|3628|3629|3633|3637|3640|3641|3642|3644|3647|3652|3654|3657|3661|3662|3665|3668|3670|3671|3672|3674|3676|3679|3680|3681|3682|3683|3686|3692|3698|3700|3701|3703|3704|3709|3711|3712|3713|3716|3720|3721|3723|3726|3727|3729|3731|3733|3735|3737|3740|3741|3742|3744|3745|3751|3753|3754|3756|3757|3758|3759|3760|3762|3765|3767|3773|3775|3776|3777|3778|3781|3782|3784|3785|3786|3787|3790|3791|3794|3795|3797|3799|3803|3805|3810|3815|3816|3822|3825|3826|3829|3830|3836|3841|3842|3843|3846|3848|3851|3853|3856|3857|3858|3859|3862|3863|3864|3867|3868|3870|3871|3872|3874|3877|3880|3881|3885|3889|3891|3893|3896|3898|3906|3911|3913|3914|3915|3917|3918|3919|3920|3923|3924|3928|3935|3937|3940|3942|3946|3948|3949|3952|3959|3962|3963|3965|3969|3972|3974|3976|3977|3978|3979|3982|3984|3987|3990|3996|3999|4000|4001|4002|4006|4008|4009|4010|4011|4016|4018|4019|4020|4025|4029|4030|4035|4037|4046|4048|4050|4051|4053|4054|4057|4059|4061|4063|4064|4067|4069|4070|4072|4074|4076|4079|4080|4084|4086|4089|4090|4091|4095|4101|4102|4105|4107|4113|4114|4117|4119|4126|4129|4131|4132|4134|4137|4138|4139|4143|4149|4150|4151|4152|4153|4154|4155|4157|4158|4160|4166|4167|4170|4171|4173|4175|4182|4183|4185|4187|4190|4191|4192|4198|4199|4201|4203|4205|4209|4213|4215|4217|4219|4221|4223|4224|4228|4231|4232|4234|4237|4238|4239|4240|4241|4244|4249|4250|4254|4255|4256|4257|4260|4263|4265|4267|4268|4269|4270|4271|4272|4273|4275|4277|4278|4279|4282|4291|4293|4295|4298|4299|4300|4305|4306|4309|4311|4313|4315|4317|4319|4320|4321|4324|4332|4335|4337|4340|4347|4350|4351|4354|4357|4359|4362|4365|4366|4368|4369|4370|4372|4375|4376|4377|4383|4385|4386|4389|4390|4391|4392|4393|4401|4402|4403|4404|4409|4410|4413|4414|4417|4418|4420|4421|4422|4424|4425|4433|4437|4441|4444|4447|4449|4451|4452|4454|4456|4457|4458|4460|4461|4462|4463|4465|4468|4469|4471|4473|4474|4477|4482|4483|4484|4486|4487|4489|4490|4495|4499|4500|4501|4504|4507|4508|4511|4512|4516|4517|4518|4519|4520|4521|4522|4523|4524|4526|4528|4530|4531|4532|4534|4535|4540|4542|4543|4546|4547|4548|4550|4551|4552|4556|4557|4561|4562|4570|4572|4573|4574|4577|4578|4579|4580|4584|4586|4590|4591|4592|4593|4594|4595|4601|4603|4604|4605|4606|4609|4612|4614|4623|4625|4631|4634|4636|4638|4639|4640|4644|4645|4646|4648|4649|4653|4655|4656|4657|4658|4662|4663|4664|4665|4668|4679|4683|4685|4687|4690|4696|4698|4699|4701|4706|4708|4709|4718|4719|4722|4724|4725|4727|4731|4733|4734|4735|4740|4741|4742|4745|4746|4747|4751|4752|4753|4754|4756|4758|4759|4768|4770|4773|4775|4779|4780|4782|4783|4784|4786|4791|4794|4796|4797|4802|4803|4804|4805|4808|4810|4811|4814|4817|4818|4821|4822|4824|4825|4828|4830|4831|4833|4836|4837|4840|4841|4842|4843|4846|4850|4854|4856|4857|4859|4861|4866|4867|4869|4873|4877|4878|4880|4881|4882|4886|4889|4892|4894|4895|4896|4897|4901|4903|4904|4912|4915|4916|4917|4919|4921|4923|4927|4928|4929|4930|4931|4933|4934|4935|4936|4938|4942|4943|4949|4950|4952|4953|4954|4955|4956|4958|4959|4960|4964|4965|4968|4969|4971|4972|4974|4976|4977|4979|4981|4982|4983|4984|4988|4991|4998|5004|5005|5006|5012|5013|5017|5018|5019|5021|5026|5029|5031|5034|5035|5037|5038|5039|5041|5052|5053|5054|5062|5065|5068|5072|5073|5078|5081|5083|5084|5086|5087|5088|5091|5092|5094|5096|5097|5099|5100|5106|5108|5113|5115|5116|5117|5118|5120|5121|5124|5132|5133|5134|5137|5138|5140|5143|5144|5148|5149|5150|5154|5160|5161|5162|5164|5165|5169|5173|5176|5178|5183|5184|5185|5187|5188|5189|5190|5195|5196|5198|5199|5204|5205|5209|5210|5211|5213|5214|5216|5217|5218|5219|5222|5223|5224|5226|5227|5231|5236|5237|5238|5242|5244|5245|5246|5247|5257|5258|5261|5262|5263|5264|5265|5269|5270|5273|5276|5277|5279|5282|5288|5289|5290|5292|5293|5294|5297|5298|5299|5300|5306|5307|5309|5311|5314|5315|5317|5319|5320|5325|5326|5327|5329|5336|5338|5339|5340|5341|5342|5346|5349|5350|5351|5354|5355|5359|5363|5364|5366|5369|5371|5373|5376|5378|5380|5381|5384|5385|5386|5389|5390|5391|5392|5393|5395|5396|5397|5399|5405|5406|5410|5414|5416|5418|5422|5423|5424|5429|5431|5433|5440|5441|5443|5446|5447|5448|5449|5453|5454|5455|5465|5469|5476|5477|5480|5482|5485|5487|5489|5491|5493|5494|5495|5497|5498|5499|5500|5501|5504|5507|5508|5509|5512|5513|5518|5519|5521|5522|5523|5525|5531|5534|5536|5537|5542|5550|5551|5553|5560|5562|5566|5567|5570|5571|5572|5573|5574|5576|5577|5581|5584|5586|5587|5588|5595|5601|5602|5605|5606|5607|5609|5613|5615|5616|5620|5624|5625|5632|5633|5636|5637|5639|5644|5645|5646|5647|5648|5652|5653|5654|5657|5658|5659|5661|5664|5669|5673|5674|5675|5677|5679|5680|5695|5702|5704|5707|5709|5718|5719|5722|5725|5726|5729|5730|5732|5733|5734|5737|5738|5742|5743|5750|5757|5760|5763|5764|5765|5769|5771|5774|5778|5788|5789|5790|5791|5796|5806|5807|5808|5810|5813|5814|5816|5819|5820|5821|5824|5825|5827|5828|5831|5833|5834|5836|5837|5838|5839|5843|5846|5848|5849|5850|5851|5853|5854|5857|5858|5861|5863|5864|5867|5870|5872|5874|5875|5876|5877|5881|5882|5884|5889|5896|5899|5900|5909|5910|5911|5912|5913|5917|5920|5921|5929|5930|5931|5934|5938|5940|5941|5943|5946|5948|5951|5953|5954|5957|5958|5959|5960|5963|5967|5969|5973|5975|5977|5979|5981|5983|5984|5985|5988|5990|5993|5997|6001|6002|6003|6005|6007|6009|6014|6017|6018|6019|6020|6023|6024|6026|6027|6030|6032|6033|6035|6039|6040|6041|6042|6044|6048|6050|6052|6053|6054|6055|6056|6058|6059|6060|6062|6064|6065|6066|6069|6072|6073|6074|6081|6083|6085|6087|6089|6094|6099|6100|6101|6102|6104|6105|6107|6110|6111|6112|6113|6114|6115|6117|6118|6119|6120|6121|6122|6123|6125|6127|6129|6130|6131|6139|6140|6141|6142|6143|6147|6149|6150|6151|6153|6154|6155|6158|6162|6165|6167|6168|6174|6176|6180|6182|6185|6186|6187|6188|6190|6191|6192|6193|6194|6201|6203|6208|6210|6217|6218|6220|6221|6222|6223|6225|6228|6230|6231|6232|6235|6236|6240|6241|6245|6246|6247|6250|6252|6254|6255|6256|6258|6262|6265|6266|6267|6268|6270|6277|6278|6281|6283|6285|6286|6287|6290|6293|6295|6296|6300|6305|6306|6308|6314|6315|6318|6321|6322|6323|6324|6325|6329|6332|6335|6337|6338|6341|6342|6343|6344|6345|6347|6354|6360|6361|6362|6365|6367|6369|6370|6372|6373|6375|6379|6380|6383|6384|6386|6387|6388|6391|6393|6394|6397|6398|6400|6410|6411|6413|6414|6415|6418|6419|6422|6425|6426|6427|6429|6431|6432|6433|6437|6439|6442|6445|6446|6447|6448|6456|6458|6460|6463|6465|6468|6479|6483|6484|6486|6487|6489|6490|6495|6496|6499|6501|6502|6505|6509|6512|6514|6515|6516|6519|6520|6521|6523|6529|6530|6532|6535|6536|6538|6539|6544|6547|6548|6549|6551|6552|6553|6558|6560|6561|6565|6566|6567|6571|6574|6577|6585|6587|6588|6593|6594|6595|6600|6602|6604|6605|6606|6607|6610|6612|6613|6614|6618|6620|6625|6626|6630|6631,10.481481481481481,True
instance_0015.txt,smaller_multi,2173,348,2090,6920|5353|6116|6166|4962|5855|1705|2574|1491|4974|6551|4782|5153|6642|295|5532|4067|3810|3779|4351|757|3545|3723|3585|2963|5216|4942|1402|1573|3417|6729|4047|6916|529|498|1359|4779|2192|4301|4964|4088|3925|1464|3385|4956|4259|2836|2048|3116|7041|2128|6818|6957|7005|6655|6|5782|1477|4675|5505|5140|6187|3973|357|5759|6748|5278|5991|6482|4480|1490|2686|4376|1786|555|6980|7056|1615|4586|401|7047|3249|4921|793|4155|5341|5726|4026|3439|3822|5594|3825|5923|3591|6063|5838|4809|7240|1672|3089|6381|2664|5136|1040|390|6705|449|259|3338|3624|5351|960|6657|969|1973|6951|3870|4177|1233|4735|5327|1675|6320|5238|4704|4686|6992|6112|2185|5348|4275|5106|3093|5169|6898|976|2708|152|6917|5939|3642|3013|704|3873|4804|6627|1606|888|3766|4493|2476|2934|6651|3883|2176|1441|1727|5202|5414|3317|6578|5492|7100|4252|4202|2277|4141|3670|587|3177|3268|1755|5500|1143|574|4648|2473|2937|2954|2109|2302|2337|5642|6017|1301|6267|1961|6640|2334|5208|6598|2138|6888|6051|6060|346|2535|1605|1497|5152|1363|4903|949|3073|6255|6299|2752|6204|2145|1536|2861|4137|7176|5145|5459|3945|156|1136|6308|6205|3244|1008|96|1962|5519|570|7262|1251|4653|5615|1223|5703|725|5965|2078|3192|3380|4297|4615|6776|4181|1958|116|6129|445|6467|2516|1836|2200|5367|2051|5299|1227|1911|1994|6224|1702|1957|2618|3389|633|4591|4489|369|2779|3647|4007|2582|6646|802|3597|4056|4035|4079|2223|183|3070|302|5870|6587|3360|6481|3033|7107|1890|5217|1909|6208|1880|2711|5999|3987|3042|6593|5578|4755|6180|3720|1513|5379|425|6515|694|6007|2028|3157|4920|3213|6194|6852|3129|6558|4992|5087|5312|3652|4424|361|6214|1344|2147|2804|3539|2507|4835|4145|3735|4979|3378|4561|3749|3262|1611|5805|2121|2790|2167|938|366|4388|2694|1625|4660|7354|2909|7300|2578|6625|4856|2788|3032|2926|6365|6494|7133|3641|1151|1479|7352|537|869|5298|4715|1080|41|6987|6134|4603|4152|3047|709|2410|409|1929|415|1801|2551|1564|3357|3435|5064|1780|6639|154|5635|885|3773|2620|5907|6242|5429|2713|3612|1180|1683|3660|1333|2212|762|1269|2356|1656|3855|3959|6263|1253|2869|7235|906|256|5357|2122|3891|4907|4855|3989|6464|6339|5556|1975|5715|4404|6560|847|4770|955|5739|1346|4377|6124|6905|2874|2221|6173|2746|5593|4459|3757|3252|651|1444|2544|2329|4661|4461|3923|3168|1409|6264|7206|6233|3780|1795|7198|6792|5916|3872|5902|2348|5533|5498|673|3255|1158|5711|5764|2560|1731|3858|1413|3125|1195|4111|1582|5334|4626|5307|1210|2335|3956|4528|562|1002|5105|3198|920|660|4148|4406|5892|327|3030|6603|5483|1232|3204|2671|1769|1899|3275|5743|6896|1939|2345|7278|1936|716|4174|539|2704|1670|1641|5346|1300|2675|7009|4851|1738|6972|1296|2668|1475|4644|2411|2375|7163|2882|2125|6589|388|1687|90|2342|2661|4281|5788|6121|5395|2770|1184|7123|2149|6636|3148|6080|2270|2159|2269|2251|6206|7007|1304|3092|6266|661|376|3638|5131|1968|341|1240|5843|3788|6265|6797|4188|6664|1907|3639|3411|6294|4118|2112|3137|6658|6714|2264|6645|4199|1991|4882|5000|3982|6322|4383|2657|3965|2074|4432|3861|3014|2447|4010|3781|5107|2214|6895|5326|5798|923|5221|1777|4726|4178|4270|1377|3429|3593|2301|1329|5407|5623|4075|6286|3232|5765|2738|6585|2938|1461|1853|1548|5695|3243|4693|4164|5849|2712|3890|5964|4515|2967|1066|3428|2266|3460|4829|4237|3436|5845|3826|4344|3990|4680|6567|28|1213|238|4298|3476|4341|3968|6624|4477|4738|6823|5561|2879|2826|6859|6913|5945|4419|5411|4605|635|4645|7270|5644|284|2248|3285|2011|2257|2177|6012|7194|6338|2031|6437|6761|354|1120|63|2408|1762|2776|6519|4165|4705|7272|5756|6559|7126|2220|3552|435|1353|4416|5918|5648|7360|4400|7175|231|3704|4132|3306|5420|5545|2956|3857|151|7016|4080|3353|3798|4594|1995|4731|1164|3397|1832|3909|3851|6677|3566|4172|4072|6241|1739|3083|1885|599|1858|3409|1565|5361|2402|782|4616|1083|3253|5811|5236|3860|3877|6128|2126|5704|3335|2247|6333|4807|5601|6243|2672|6938|5827|4475|1190|7329|7191|460|6590|6164|3543|5754|2259|6369|2834|120|1596|6934|7199|6376|7017|6400|593|3596|4875|4100|6689|7259|3310|2939|5913|4628|251|3007|776|5350|1776|5445|5968|2638|3114|4034|3330|375|2716|23|2914|7223|6383|5463|4811|6066|4005|6450|6408|5079|3815|1658|3477|4541|1141|2787|3610|5707|3451|3600|4886|4033|1222|6469|1528|359|7145|4196|351|5178|2922|4689|540|2076|2090|2777|5595|533|2396|6554|6230|2724|1720|615|4189|2594|3740|7282|474|6456|7290|3301|6749|4998|4277|4447|1661|1646|2499|455|5094|1790|5471|24|6014|2193|6008|3934|4284|5748|693|2115|2890|2464|1736|5381|1883|4989|1891|3963|4810|405|1604|3538|4283|2084|5096|666|6750|1526|1075|7315|600|1717|221|4228|3381|3790|6181|4681|2731|1976|5643|5710|5160|3475|56|7231|5254|4312|504|2863|1663|7039|4971|3462|1283|3507|1410|903|1552|70|1500|1878|3077|2960|3573|2808|1826|4596|6315|6373|5234|4183|551|2935|6069|4847|6962|1753|254|6147|2398|3024|5535|1374|2573|7185|2034|2975|3681|2842|4547|7333|6682|2628|1947|1862|4373|3299|3173|2162|3387|1432|3091|5829|795|780|544|4472|3217|6356|1405|1471|3665|3366|3702|1725|1550|7301|6606|1590|6858|4381|8|2453|4519|1587|1831|642|3291|5413|7296|1295|2547|1448|5587|2017|137|6976|6760|4639|4508|6000|2728|4331|2917|3602|42|2769|1782|1081|4977|2267|4943|5255|3881|5640|3762|3893|5151|821|5987|3165|2906|1215|7334|5681|5758|1639|6463|488|1250|40|4140|2124|5123|3028|4156|3376|5792|4396|6719|1756|5866|1322|1150|1440|1759|4209|5282|5969|5506|2243|1718|4465|4311|7060|4878|3928|6800|2833|3103|337|5235|1337|878|6174|4637|3512|6176|83|5809|2622|7281|4234|389|936|941|5909|4654|38|2404|5109|4051|6221|6991|3776|1932|3818|1140|5210|5128|3427|6836|5446|6119|6421|4352|2989|2945|5886|4115|5874|6472|1263|3314|3309|352|3289|6250|1529|2684|5823|1494|5563|2344|332|6313|2364|2689|3245|1193|5926|5438|7217|2948|1459|943|3018|3626|6630|5279|274|2449|2875|6158|2827|5228|2541|670|5677|6010|1815|538|2310|285|4492|3498|4841|6256|5610|407|4870|6227|5699|3675|5867|4278|2216|4372|7246|5184|777|6830|7049|7215|2600|3497|4536|6805|1723|1532|1676|7226|4421|3515|2665|1382|4815|3101|7174|1018|522|1067|710|3143|6067|3993|7151|2508|1357|556|1679|1796|4338|3941|1677|3921|6269|3719|1524|3166|7099|4912|2383|431|3319|2045|80|7094|4136|4479|5871|402|1122|3400|6856|2669|1983|618|1512|6958|2222|5043|6139|1804|6912|306|3316|7186|2120|5001|2943|3560|4916|5146|2347|5949|3601|6223|550|1474|408|2887|3345|3654|1281|3635|1566|963|3747|206|1065|3112|5061|4313|866|3227|2341|5820|6757|1443|3557|3658|3108|4865|2352|4502|4306|1943|6190|2386|1128|5613|6106|313|5474|3492|2068|105|6191|329|1185|3501|6663|7023|2032|908|4567|333|2237|6213|1356|5387|1507|763|2610|2904|4337|6222|4756|1707|2065|5819|6323|4580|7279|1788|53|1875|6143|5529|5682|2161|4794|6791|1601|3952|4918|6770|6617|690|7015|4990|4261|2521|4089|1872|765|1372|1544|2443|2796|2378|583|7250|4073|2941|4961|1205|5441|6914|4750|5263|4153|3006|4245|4532|3874|1741|7080|3841|1293|6125|5426|5149|695|4676|5656|1772|4491|1553|6683|6811|4436|6219|5158|2194|6231|2976|4289|3895|4976|5423|3806|6985|4272|4500|5090|6378|2451|2503|4412|5790|2802|3394|2603|3687|4227|2579|2534|5110|2421|1262|4008|6773|5192|272|5582|3840|5034|5826|510|929|6424|2639|2925|1696|4310|2293|729|965|2351|147|3651|2822|3201|2368|4503|4307|4195|6679|6005|3698|7349|2082|10|918|879|832|7211|3947|1892|2782|3367|1508|5495|3643|5540|5976|4106|286|2314|882|3334|6117|5641|2246|1426|4697|4347|968|4670|1634|6591|3482|596|7332|3052|2144|6826|1629|2330|2420|6634|5468|260|3405|1371|4651|7252|5456|6123|4499|216|7098|671|5980|2701|7072|1820|2377|3433|6372|3305|1768|3351|1581|6027|1483|5084|3589|2058|5954|961|3323|5059|1764|1204|404|2250|1866|1668|2403|2815|3228|2609|783|6091|1624|6574|6188|1993|904|7167|5303|5624|4105|6113|1288|5239|4342|4069|523|2794|668|2400|2413|3988|4004|4439|5917|779|1969|6904|1123|4244|1990|2268|6713|6695|3434|2756|2182|4572|1090|5063|1742|2461|4081|1649|3022|6610|7212|5908|5915|1818|6684|2265|6570|1476|5836|2637|5067|6669|6465|2211|6064|6416|1378|1178|4206|3516|6105|2252|1070|6810|2056|4187|6790|400|1708|1734|3983|7128|3048|246|3966|2391|3221|5380|4900|5144|1130|4837|1411|1561|92|253|1447|2898|3778|4571|7321|1438|5009|1323|237|986|6319|3208|4758|3337|145|4969|5796|4506|7346|91|987|732|4218|3992|4531|1971|5314|5557|3160|6138|4092|233|718|4958|582|1030|3705|189|1828|6499|3905|6340|7137|534|4595|6079|6923|6059|2877|749|6282|6235|3318|4677|7208|6110|3051|500|4324|2919|168|6098|2285|1703|2497|1320|1347|5982|4226|242|2754|3668|2372|547|3904|973|3902|752|506|6370|852|6353|1636|3203|1825|6535|4403|2253|591|1948|848|6780|902|2213|3029|5342|6239|2171|3068|6787|3707|4285|6833|3579|4723|2087|155|2477|3999|6132|95|2720|5075|4392|3265|2971|1457|3034|5842|1273|2757|4356|1468|1912|6543|2552|6609|528|7307|6291|5814|3239|6537|60|6107|1928|5159|2208|48|4102|218|3197|6131|705|895|5352|509|5911|2692|7303|3867|2997|3017|1257|3727|3452|3713|2462|1112|2816|467|839|5603|5457|5787|2173|5076|4333|1808|1219|3758|4997|3661|1466|946|2502|4774|3084|5099|4549|1737|5925|219|984|4611|3141|3528|395|3511|2944|5072|142|3010|2143|454|2778|3824|4831|3598|1837|59|1743|1549|6525|2005|1092|5735|1434|6018|6712|5616|2154|1809|2626|715|4701|7173|7286|1979|5012|166|6633|2774|1686|513|606|5036|2501|6343|4316|830|2163|1059|4041|5510|343|5227|3484|2577|3005|1535|6620|1091|6496|4786|1052|6364|3134|6175|2964|3224|3307|4742|2784|4055|4793|5062|3036|3724|4861|2297|204|3152|3527|6621|5709|7138|5193|3653|2033|2707|3087|2340|3995|4539|1682|5274|1271|3246|3283|1396|6334|4927|122|1107|3782|1946|5021|464|1451|4002|3544|3918|6542|2095|5432|3619|6876|6141|6737|5722|6316|5487|2683|2660|5114|2299|6882|414|5440|1291|4545|3236|6052|1306|6442|2528|1644|1693|2479|3379|4883|2783|4170|7065|2385|4096|3716|6552|4590|1334|3426|3746|3682|4440|4176|3142|6893|1779|5552|6415|5520|5963|4585|192|6556|2619|4911|2645|5985|5336|3016|2972|3611|3015|5082|1226|7266|4184|1713|7139|2602|2852|6538|2673|2429|5296|7157|5097|764|1397|2747|3321|52|6918|4504|4799|1161|5291|144|5460|663|572|4364|536|6667|691|3986|4099|252|4193|6462|5800|6168|841|5329|2587|4015|3320|2376|6277|278|6809|5895|2977|1284|1933|1029|1093|4053|6279|6071|4874|443|6480|5966|3480|1169|1336|857|6576|6074|2687|6427|4846|581|7108|1005|4452|325|2306|3517|3938|3075|858|182|5408|4011|2466|2772|4798|2691|6056|1089|4450|5412|7323|6435|5027|5015|75|5650|2288|1037|1024|3383|4144|1463|3298|1667|944|3432|6846|5757|6043|3478|3020|133|880|2494|1997|7339|1563|6968|2001|1275|982|3969|5305|4891|1202|1272|5903|653|4709|6486|7037|1554|490|27|6701|2585|383|3333|5983|5330|2512|6445|6081|1242|2025|5491|5716|6741|2897|1861|6982|2832|7362|4824|5173|5812|4415|5802|5596|6926|563|654|2381|104|186|1556|678|5354|230|3261|6375|889|998|6847|6785|3930|5053|2236|3878|5122|3754|4303|12|6407|6200|2592|4040|1056|4729|3187|2953|2225|6201|1393|985|6030|7287|6280|6862|6497|3388|1735|162|503|1791|5142|680|5191|5281|6708|5368|6796|3913|6325|3865,10|27|83|333|386|263|280|377|220|75|357|265|82|49|103|50|18|154|194|247|302|342|16|32|141|51|283|361|111|281|390|178|387|33|116|128|168|238|20|69|378|55|74|166|249|96|121|193|260|293|57|177|303|34|125|221|132|165|38|192|290|363|388|24|90|97|130|145|270|327|191|198|240|278|350|380|2|13|68|325|129|136|218|236|245|309|316|379|81|87|149|237|284|368|30|35|59|239|251|279|305|359|367|89|104|124|188|255|356|364|370|11|29|107|110|215|267|315|323|366|5|58|78|86|138|142|153|182|286|336|371|26|85|98|143|152|162|197|225|241|288|292|295|304|313|314|317|320|329|339|376|14|44|46|67|71|92|102|144|146|167|183|195|210|212|214|226|282|335|362|4|23|62|135|137|148|150|169|209|233|262|268|269|276|312|318|337|338|385|393|3|7|45|80|95|109|126|176|205|208|231|243|244|246|261|310|326|347|360|25|54|101|105|115|122|163|201|206|258|308|311|340|369|382|383|392|394|395|6|9|12|19|28|31|41|43|53|72|100|106|108|134|147|157|158|190|199|203|207|216|219|271|296|301|330|341|353|372|381|391|396|401|1|17|37|39|61|63|64|66|79|91|94|114|117|120|123|164|174|181|186|213|222|227|230|235|242|253|264|272|274|285|287|289|328|331|334|344|346|355|389|0|8|22|42|48|52|56|76|84|99|127|140|151|159|160|161|170|172|173|185|189|196|200|202|211|217|232|234|250|256|257|259|266|291|294|297|300|306|307|324|343|348|349|351|358|365|397,0|3|6|7|10|12|13|14|17|18|19|25|27|30|34|35|37|40|46|50|52|59|61|62|63|67|70|71|78|79|81|84|85|86|87|89|91|93|98|103|104|114|116|120|123|124|127|128|131|132|136|137|140|147|149|152|155|160|161|162|165|166|169|172|173|174|176|185|186|189|191|192|194|195|196|198|199|201|204|206|208|211|213|214|223|225|229|231|237|240|241|246|253|255|258|261|262|265|266|276|278|279|282|284|285|287|289|292|295|297|298|305|306|313|314|321|322|324|326|328|329|331|336|339|340|342|344|346|348|349|353|354|357|360|361|365|366|369|370|372|374|375|382|383|385|388|393|395|396|401|406|408|409|413|419|425|426|428|430|432|436|441|443|445|452|456|457|461|464|466|467|472|474|475|479|481|488|490|496|507|511|512|513|514|518|529|531|533|535|537|538|540|542|548|553|555|556|559|560|562|565|571|572|573|576|578|579|581|585|586|588|591|594|597|598|603|606|607|608|615|618|620|623|625|627|630|631|635|638|639|642|649|650|658|659|679|682|685|686|687|688|701|703|705|706|707|713|716|722|723|727|728|732|734|736|739|740|746|747|748|751|755|761|762|769|770|772|773|774|775|778|780|785|786|788|792|795|796|799|802|803|805|810|811|814|817|818|820|822|824|828|831|832|834|840|841|842|847|849|854|856|857|858|862|865|868|871|873|874|880|883|884|888|896|902|909|912|915|916|922|930|931|934|937|938|939|943|944|945|947|949|955|957|966|968|969|972|980|981|982|983|986|991|995|999|1009|1010|1014|1016|1019|1023|1027|1029|1030|1037|1040|1042|1043|1044|1045|1046|1049|1057|1062|1063|1064|1065|1069|1072|1075|1090|1091|1092|1094|1104|1110|1112|1114|1117|1122|1128|1129|1130|1131|1140|1145|1146|1149|1150|1152|1154|1160|1161|1162|1164|1166|1168|1172|1173|1175|1180|1183|1186|1187|1190|1193|1198|1204|1206|1208|1213|1218|1219|1220|1226|1229|1246|1251|1252|1253|1256|1263|1266|1270|1278|1282|1283|1284|1288|1304|1307|1312|1316|1325|1328|1329|1331|1339|1340|1345|1357|1358|1362|1365|1366|1367|1370|1375|1378|1382|1383|1386|1388|1394|1396|1401|1402|1405|1406|1410|1411|1413|1415|1417|1418|1419|1423|1428|1429|1430|1434|1438|1439|1441|1445|1452|1453|1455|1458|1461|1462|1467|1476|1479|1480|1488|1490|1498|1504|1508|1511|1516|1522|1529|1530|1531|1533|1534|1536|1538|1540|1544|1549|1552|1559|1560|1562|1566|1572|1574|1578|1581|1583|1586|1588|1590|1591|1592|1594|1595|1596|1598|1600|1603|1604|1607|1624|1625|1629|1631|1632|1637|1640|1642|1644|1646|1650|1651|1652|1654|1656|1659|1660|1661|1662|1663|1665|1666|1668|1669|1672|1673|1674|1678|1679|1685|1686|1687|1689|1692|1694|1695|1696|1700|1703|1707|1708|1714|1715|1716|1717|1722|1723|1724|1726|1729|1734|1742|1748|1749|1752|1753|1754|1755|1756|1758|1761|1764|1765|1766|1773|1775|1779|1780|1783|1788|1789|1803|1809|1810|1814|1819|1820|1824|1827|1828|1829|1833|1834|1845|1850|1851|1857|1859|1860|1872|1887|1890|1894|1899|1901|1902|1908|1912|1921|1923|1925|1926|1927|1929|1933|1940|1942|1947|1950|1951|1952|1954|1957|1958|1960|1963|1967|1969|1970|1971|1983|1985|1988|1996|1999|2003|2011|2012|2017|2018|2025|2030|2031|2036|2037|2045|2048|2057|2062|2071|2072|2079|2085|2088|2089|2090|2095|2097|2099|2101|2105|2108|2111|2112|2116|2118|2119|2121|2123|2125|2129|2130|2131|2132|2140|2150|2152|2153|2155|2156|2157|2159|2160|2165|2174|2178|2185|2188|2195|2196|2197|2204|2206|2208|2209|2211|2212|2215|2216|2217|2219|2220|2221|2226|2227|2228|2231|2234|2235|2238|2240|2241|2245|2246|2251|2252|2254|2255|2260|2261|2262|2264|2268|2272|2274|2275|2282|2284|2287|2297|2301|2302|2303|2304|2312|2314|2316|2321|2331|2338|2340|2341|2343|2346|2350|2351|2359|2360|2365|2367|2376|2379|2381|2383|2384|2386|2388|2390|2398|2399|2406|2407|2408|2410|2413|2415|2416|2418|2419|2422|2426|2431|2433|2434|2438|2439|2448|2455|2462|2463|2464|2467|2468|2470|2471|2472|2474|2475|2477|2479|2481|2482|2490|2494|2499|2502|2504|2505|2506|2510|2511|2512|2514|2515|2517|2518|2519|2522|2523|2530|2535|2536|2537|2542|2543|2547|2548|2552|2555|2565|2566|2571|2573|2579|2583|2585|2591|2596|2598|2599|2602|2606|2608|2613|2619|2621|2623|2625|2629|2630|2634|2639|2645|2646|2652|2654|2656|2657|2663|2670|2671|2679|2681|2685|2686|2688|2690|2691|2697|2698|2701|2710|2713|2717|2728|2729|2737|2738|2743|2754|2757|2760|2769|2771|2772|2773|2774|2775|2779|2783|2787|2791|2792|2798|2801|2804|2805|2807|2808|2812|2814|2816|2819|2826|2833|2835|2840|2841|2842|2843|2844|2845|2846|2848|2850|2852|2854|2859|2860|2866|2867|2868|2869|2871|2872|2874|2875|2876|2879|2880|2884|2886|2887|2888|2889|2891|2892|2895|2896|2897|2898|2899|2900|2902|2904|2905|2910|2915|2918|2919|2920|2921|2924|2926|2934|2942|2946|2947|2955|2957|2959|2961|2962|2964|2965|2967|2968|2972|2973|2976|2981|2982|2983|2985|2988|2990|2991|2993|2998|3006|3009|3015|3016|3017|3019|3023|3025|3031|3038|3039|3041|3044|3046|3055|3056|3061|3064|3069|3073|3080|3083|3086|3088|3089|3091|3092|3096|3100|3104|3106|3107|3114|3122|3127|3132|3136|3137|3147|3149|3150|3157|3163|3167|3168|3172|3174|3178|3181|3182|3183|3185|3188|3191|3198|3200|3201|3203|3208|3209|3223|3230|3235|3237|3239|3240|3243|3245|3246|3247|3249|3250|3256|3261|3265|3266|3267|3269|3273|3284|3286|3288|3289|3300|3303|3306|3311|3313|3315|3319|3320|3322|3326|3328|3333|3336|3337|3338|3339|3342|3343|3344|3345|3352|3357|3361|3364|3368|3371|3372|3373|3374|3375|3377|3380|3381|3387|3392|3401|3402|3407|3414|3415|3420|3423|3424|3431|3433|3434|3442|3450|3452|3453|3456|3457|3458|3459|3463|3465|3470|3477|3479|3488|3489|3491|3493|3494|3498|3502|3505|3508|3509|3512|3514|3515|3517|3521|3522|3523|3524|3525|3528|3531|3535|3540|3543|3545|3546|3548|3554|3561|3564|3568|3570|3580|3583|3587|3592|3595|3602|3603|3605|3608|3611|3614|3617|3625|3631|3633|3634|3638|3640|3645|3647|3650|3651|3655|3657|3659|3661|3662|3664|3667|3672|3677|3680|3682|3684|3686|3687|3690|3691|3694|3696|3698|3701|3702|3704|3707|3708|3712|3713|3715|3716|3721|3723|3725|3727|3732|3734|3738|3740|3741|3743|3744|3750|3752|3753|3755|3762|3766|3773|3776|3781|3782|3787|3788|3789|3799|3804|3809|3821|3827|3830|3836|3838|3839|3840|3841|3842|3843|3846|3848|3865|3866|3868|3871|3877|3878|3879|3882|3895|3898|3911|3912|3914|3917|3919|3920|3922|3927|3933|3934|3939|3944|3947|3948|3950|3951|3955|3959|3960|3964|3977|3979|3980|3982|3990|4000|4002|4006|4008|4009|4014|4015|4020|4022|4024|4033|4034|4035|4037|4039|4040|4046|4049|4052|4054|4056|4059|4060|4062|4063|4071|4074|4075|4078|4080|4086|4088|4089|4091|4092|4095|4099|4100|4107|4110|4113|4115|4116|4118|4124|4126|4127|4128|4130|4131|4134|4140|4141|4142|4151|4154|4162|4171|4176|4180|4181|4186|4191|4198|4202|4206|4210|4212|4213|4219|4221|4222|4223|4228|4236|4246|4247|4251|4254|4259|4261|4265|4266|4268|4269|4271|4272|4273|4276|4278|4282|4284|4285|4289|4290|4291|4294|4299|4302|4305|4313|4314|4316|4317|4318|4333|4334|4335|4341|4347|4350|4365|4366|4369|4370|4373|4378|4382|4386|4388|4389|4390|4393|4394|4399|4403|4407|4410|4412|4415|4419|4430|4446|4452|4453|4456|4457|4458|4460|4463|4464|4469|4475|4476|4489|4492|4495|4501|4502|4506|4509|4512|4517|4521|4527|4531|4533|4542|4543|4545|4550|4552|4558|4560|4562|4569|4571|4573|4575|4576|4577|4581|4582|4583|4591|4594|4611|4612|4613|4614|4616|4617|4620|4621|4622|4623|4626|4633|4640|4641|4645|4646|4649|4650|4652|4653|4656|4659|4660|4665|4666|4672|4676|4678|4680|4681|4686|4690|4693|4697|4699|4702|4708|4709|4714|4715|4716|4721|4724|4725|4730|4731|4735|4739|4741|4743|4745|4749|4758|4761|4771|4773|4775|4778|4783|4786|4788|4794|4796|4798|4807|4808|4809|4810|4812|4815|4821|4823|4824|4827|4829|4835|4843|4844|4846|4847|4850|4854|4857|4858|4867|4869|4872|4873|4883|4889|4890|4891|4898|4907|4914|4915|4922|4924|4929|4931|4933|4934|4935|4936|4937|4946|4950|4953|4956|4957|4959|4964|4966|4969|4974|4976|4977|4983|4985|4986|4987|4990|4991|4992|4993|4994|4998|5001|5002|5003|5005|5006|5007|5008|5011|5014|5015|5016|5022|5024|5033|5034|5035|5037|5045|5046|5047|5048|5050|5051|5053|5055|5059|5065|5070|5071|5082|5085|5090|5092|5097|5101|5102|5103|5105|5117|5123|5124|5128|5129|5133|5134|5138|5139|5140|5145|5156|5159|5164|5167|5169|5172|5179|5186|5195|5203|5204|5205|5210|5211|5212|5214|5216|5217|5223|5227|5233|5241|5245|5248|5252|5253|5254|5255|5257|5261|5262|5263|5264|5265|5273|5274|5276|5281|5286|5288|5290|5293|5294|5299|5301|5302|5305|5309|5320|5324|5326|5327|5332|5336|5351|5354|5355|5367|5372|5374|5376|5378|5382|5383|5391|5393|5395|5399|5401|5403|5405|5406|5407|5408|5411|5417|5419|5420|5435|5437|5439|5440|5441|5446|5455|5457|5462|5464|5467|5470|5471|5474|5475|5477|5481|5483|5485|5488|5489|5491|5492|5494|5497|5504|5507|5508|5511|5512|5514|5527|5529|5533|5538|5544|5552|5554|5562|5563|5564|5565|5571|5572|5573|5575|5577|5578|5586|5587|5588|5597|5599|5601|5607|5609|5610|5613|5614|5618|5621|5630|5633|5635|5636|5639|5640|5643|5648|5650|5652|5654|5657|5659|5660|5666|5667|5668|5670|5671|5675|5676|5677|5682|5683|5684|5687|5691|5696|5698|5700|5702|5706|5709|5717|5721|5730|5732|5738|5739|5746|5757|5758|5762|5765|5772|5774|5775|5777|5778|5781|5783|5787|5789|5797|5801|5805|5815|5817|5818|5823|5824|5827|5828|5829|5832|5836|5839|5841|5843|5844|5845|5847|5848|5850|5852|5855|5858|5862|5863|5864|5865|5866|5867|5869|5870|5871|5875|5877|5878|5880|5882|5883|5884|5885|5889|5899|5901|5902|5906|5911|5912|5914|5916|5917|5920|5922|5924|5936|5937|5939|5940|5941|5950|5953|5956|5958|5961|5967|5968|5973|5975|5976|5978|5979|5987|5989|5996|5998|6001|6008|6009|6010|6014|6020|6022|6023|6025|6032|6033|6038|6043|6044|6049|6051|6053|6057|6058|6064|6075|6076|6077|6078|6081|6082|6083|6094|6098|6106|6114|6117|6119|6120|6123|6130|6132|6133|6136|6137|6141|6143|6145|6148|6149|6150|6151|6155|6160|6170|6171|6172|6175|6178|6180|6182|6185|6187|6190|6191|6194|6199|6201|6202|6203|6207|6224|6226|6231|6234|6236|6242|6244|6245|6253|6254|6258|6260|6261|6272|6275|6277|6282|6283|6284|6285|6287|6288|6291|6298|6300|6302|6305|6311|6312|6316|6318|6321|6322|6330|6332|6334|6336|6337|6338|6345|6348|6352|6364|6367|6373|6377|6379|6381|6382|6383|6385|6391|6395|6396|6398|6404|6414|6418|6419|6424|6431|6434|6435|6437|6440|6444|6445|6447|6449|6451|6452|6456|6462|6467|6468|6469|6475|6476|6486|6488|6489|6493|6494|6495|6496|6498|6500|6501|6511|6513|6515|6517|6527|6530|6534|6535|6537|6544|6548|6550|6551|6553|6555|6559|6560|6569|6571|6575|6577|6582|6586|6587|6591|6594|6600|6602|6603|6606|6608|6617|6625|6627,10.57183908045977,True
instance_0016.txt,aisle_first_desc,156,2,142,0|1|12|15|17|24|35|37|41|45|53|59|65|67|69|71|76|84|86|87|98|107|122|126|133|140|144|147|150|152|162|191|193|202|206|210|214|218|221|222|224|228|235|238|240|245|260|263|268|318|325|331|333|340|342|346|349|350|358|365|381|388|398|406|419|447|449|458|471|479|511|519|521|532|540|551|554|559|564|570|575|577|579|585|589|598|601|613|615|630|634|642|649|661|664|677|681|683|689|701|720|727|732|756|764|767|769|775|779|785|786|794|798|809|814|816|819|823|829|832|846|847|849|863|872|878|892|899|911|914|917|920|923|926|930|941|972|973|976|977|989|995|1000|1009|1011|1021|1029|1040|1051|1075|1082|1089|1097|1098|1101|1103,35|76,9|10|11|24|28|37|49|69|72|89|92|98|99|107|108|114|133|145|151|169|198|199|216|226|230|248|268|274|285|286|293|298|303|314|315|327|345|348|355|367|368|376|377|383|390|393|397|402|404|409|413|414|435|437|438|439|448|452|461|462|467|469|472|482|486|492|498|499|504|507|539|540|543|553|557|570|571|596|597|599|605|625|629|633|644|647|659|662|674|677|685|709|733|738|740|743|749|752|757|759|761|777|783|786|791|794|796|820|822|827|841|845|850|865|878|884|886|897|904|906|910|912|932|937|969|972|973|974|977|978|983|996|997|998|1001|1003|1005|1015|1034|1040|1045|1046,78.0,True
instance_0016.txt,dinkelbach_mip,170,2,158,0|1|12|15|17|18|24|25|35|37|42|47|53|57|59|63|65|67|69|71|84|89|98|107|120|126|129|133|140|141|144|146|150|152|162|172|184|185|189|191|193|200|202|214|221|224|232|238|240|245|260|268|272|283|287|290|305|316|318|325|326|333|346|349|350|358|365|366|384|392|398|417|424|441|460|461|519|524|532|534|538|540|549|551|561|563|569|570|574|575|577|579|580|581|585|589|598|601|612|629|642|644|655|661|664|677|683|696|701|720|729|732|741|756|764|767|769|778|779|786|794|797|798|800|810|811|814|819|823|826|829|847|849|861|863|868|878|882|886|887|893|899|911|913|914|917|920|923|926|941|947|954|965|972|973|977|989|995|1007|1011|1015|1021|1040|1051|1071|1075|1076|1089|1097|1098,35|53,9|34|45|47|49|58|69|93|98|104|114|117|124|133|138|145|147|169|172|186|189|194|213|216|217|226|228|240|250|253|257|274|276|285|293|298|303|308|314|315|327|334|348|355|367|368|373|376|390|393|402|404|409|413|414|437|439|441|444|447|452|455|462|467|474|481|482|492|498|499|504|507|512|529|539|540|544|553|554|557|570|572|579|580|587|596|597|599|604|611|615|629|633|634|644|647|659|668|669|674|675|677|684|685|693|709|725|727|733|737|738|743|749|757|759|761|783|786|791|793|796|802|804|820|824|841|845|875|878|884|886|897|904|906|907|910|912|923|930|937|940|969|971|972|973|974|977|983|992|996|997|998|1001|1003|1010|1015|1028|1046,85.0,True
instance_0016.txt,random,686,74,663,670|728|1030|41|217|718|133|598|764|305|479|220|1016|911|223|589|195|620|588|494|518|428|758|259|513|790|614|1104|170|173|1012|709|1033|304|935|165|504|178|498|42|323|570|1058|777|409|886|683|1056|787|691|717|445|37|370|882|977|408|1047|892|917|460|110|10|843|228|85|422|1032|188|284|185|866|395|177|114|1018|995|493|438|644|530|667|1073|1052|799|786|710|547|377|800|1014|525|374|577|804|1021|1053|915|314|84|414|630|833|430|636|693|1100|496|877|945|1094|721|937|355|318|541|890|359|698|684|360|273|380|306|732|672|1099|660|936|642|338|500|734|484|1082|966|594|990|23|1|76|664|446|116|71|865|830|979|244|677|147|172|111|1040|742|964|461|560|939|251|337|895|57|201|909|967|695|115|212|1017|454|50|336|193|694|285|815|49|230|373|65|1088|538|235|876|1072|766|100|960|874|349|791|483|561|53|859|316|13|708|81|844|87|334|286|914|40|266|491|219|785|485|744|1043|269|467|1010|792|879|4|626|94|878|686|287|862|1061|104|83|679|613|810|955|82|929|762|1101|213|549|31|319|236|203|506|586|628|942|267|225|779|122|16|33|190|117|184|1019|715|320|632|95|834|128|774|784|714|652|263|1097|1060|415|293|429|381|763|45|540|700|676|261|615|255|887|511|548|209|692|596|43|770|92|1086|1031|668|27|346|132|970|822|440|1059|658|249|106|659|754|141|476|635|951|550|46|410|398|296|427|1006|741|271|645|1077|343|749|765|817|379|852|611|569|301|860|401|821|527|418|651|809|933|963|25|181|192|776|572|542|292|497|558|807|276|288|510|610|387|216|431|696|969|126|517|948|532|808|442|643|262|145|927|481|254|389|751|564|881|180|1093|332|720|735|313|816|419|736|448|647|910|118|689|125|912|44|579|68|924|89|559|22|39|342|1048|987|161|665|983|234|447|499|66|396|250|1015|459|1103|984|682|257|1024|333|456|769|402|221|189|121|848|131|474|449|443|512|222|701|140|1107|713|757|1035|353|501|411|831|495|245|48|335|391|233|624|246|69|224|196|385|921|421|901|712|543|994|1002|857|849|509|1079|468|631|783|793|462|845|846|283|299|591|153|312|156|62|954|1008|17|555|837|706|978|278|869|378|584|432|601|1074|1051|748|51|537|258|248|1009|404|623|1064|1106|988|232|566|93|743|726|839|352|358|993|393|345|903|1026|819|199|478|864|322|582|197|899|205|405|151|609|938|625|282|602|119|376|534|327|364|528|947|1046|725|330|158|991|390|639|198|515|425|539|597|629|168|480|1025|315|179|761|218|745|603|738|1090|888|146|466|311|727|174|9|15|78|231|1062|523|1105|155|619|608|123|906|853|702|1070|637|1075|464|281|612|545|134|154|535|1004|621|858|961|289|354|982|74|556|868|980|1083|97|671|272|524|972|580|657|565|344|75|47|109|705|252|186|450|781|357|854|105|277|814|295|237|482|455|740|382|302|463|573|931|52|616|655|590|279|61|101|516|891|238|1037|971|825|138|650|1045|855|724|531|551|20|471|908|477|56|6|873|294|340|503|746|956|826|563|0|533|654|519|827|913|79|171|546|280|599|207|472|1044|607,47|18|27|5|35|11|53|84|76|6|1|19|61|67|69|60|2|54|13|36|45|48|22|14|38|85|28|49|71|87|56|43|64|77|3|31|65|7|80|20|26|59|52|75|46|10|58|4|9|42|51|29|78|17|16|24|0|34|15|82|40|68|8|63|73|74|72|50|86|23|62|41|81|83,0|1|2|3|4|5|8|9|12|14|15|17|19|20|21|23|24|25|26|29|30|33|35|37|38|39|40|41|42|43|44|46|47|48|49|52|53|54|55|56|57|58|61|62|63|64|68|69|71|72|73|75|76|77|78|82|83|84|85|86|87|88|89|90|92|93|95|97|99|101|102|103|104|106|107|108|109|111|112|115|116|117|118|119|120|122|127|129|130|135|136|137|140|141|142|144|145|147|148|150|151|152|153|154|155|156|157|158|159|161|162|163|164|165|166|168|169|170|171|172|173|178|179|182|183|184|187|188|189|194|195|196|197|198|200|203|208|209|210|211|212|214|215|216|219|221|222|224|227|228|230|232|234|235|236|240|243|244|245|246|247|248|249|250|251|252|253|256|257|258|260|263|266|270|272|273|274|276|277|278|279|280|283|284|285|286|288|291|294|295|296|298|299|300|303|304|305|306|307|309|310|311|312|313|314|315|316|317|318|319|321|323|324|325|326|327|329|330|331|332|333|336|337|338|340|342|343|344|347|348|350|353|354|356|357|358|359|361|362|364|365|366|367|369|372|373|374|376|379|380|382|383|384|386|387|388|390|392|393|394|395|396|397|398|400|401|405|406|410|411|414|416|422|423|424|425|427|429|430|432|433|434|437|441|442|443|444|447|448|450|453|456|457|458|459|460|461|465|466|468|469|471|472|473|474|475|478|479|481|482|486|488|491|493|494|495|496|498|499|501|503|504|505|507|511|513|515|517|518|520|521|522|523|524|525|527|528|530|534|535|536|538|539|541|544|545|546|548|549|550|551|552|553|554|556|558|560|561|562|563|565|567|568|570|572|574|575|576|578|581|582|583|585|587|589|590|591|592|594|595|596|598|601|603|604|606|607|608|609|610|611|613|615|616|618|620|621|624|629|630|631|633|634|635|636|637|638|639|640|641|643|645|646|647|648|649|650|652|653|656|658|659|661|662|663|665|666|669|670|671|673|674|675|676|678|679|680|681|682|683|684|688|692|693|694|695|700|701|702|703|704|705|707|708|709|710|711|715|716|718|721|722|723|724|727|731|733|735|736|737|738|740|741|743|744|745|746|751|754|756|757|758|759|760|761|765|767|769|770|771|772|773|776|779|782|783|784|789|790|791|792|793|794|796|797|798|799|801|803|805|806|808|809|812|814|817|818|819|820|821|822|826|827|828|829|830|832|833|834|837|838|839|840|841|842|843|844|845|847|848|852|855|857|858|859|861|862|863|864|865|867|870|872|874|878|879|880|881|885|888|889|891|892|893|894|895|896|897|898|901|902|903|904|905|910|911|913|914|915|918|919|920|921|922|923|924|925|926|931|932|933|936|937|939|941|943|944|946|947|948|949|950|951|953|954|955|956|957|958|959|965|966|968|969|970|971|974|975|977|978|979|985|987|988|989|991|992|993|994|995|997|998|999|1002|1005|1008|1009|1010|1012|1013|1014|1017|1020|1021|1022|1023|1024|1025|1029|1030|1031|1032|1034|1035|1040|1041|1042|1044|1045|1046|1047|1048|1050,9.27027027027027,True
instance_0016.txt,smaller_multi,686,72,663,232|736|851|490|629|929|82|499|1026|958|617|370|75|449|474|576|87|1013|936|621|890|494|1093|366|385|143|719|714|572|829|566|1020|860|105|155|304|821|152|158|357|216|324|26|660|29|183|916|431|524|1014|732|818|292|786|79|263|391|506|165|548|771|670|790|612|1029|722|853|656|1033|126|1035|65|1070|536|262|8|1068|1092|240|791|992|95|594|221|359|1049|270|1062|933|48|382|1050|743|1056|91|39|608|24|1039|172|773|546|184|1022|259|1067|849|808|7|5|500|965|482|257|927|878|531|504|264|509|535|54|938|819|642|90|246|200|330|275|420|1001|830|1099|787|672|523|715|701|117|321|438|1051|679|886|913|301|770|383|254|847|508|685|400|309|69|777|650|640|702|112|1074|729|980|154|469|568|661|313|1088|174|64|797|147|534|864|481|874|923|945|476|159|136|616|374|658|1041|843|1075|56|350|163|298|74|129|560|574|838|83|168|633|758|104|522|907|299|94|413|98|814|730|763|960|144|897|904|394|389|279|390|559|1015|613|922|285|72|110|514|417|533|641|998|792|88|485|256|135|1082|317|346|493|403|302|360|1081|630|1078|813|801|120|885|180|949|573|217|711|125|14|23|22|697|276|788|92|778|492|1010|1077|335|336|412|1057|706|626|1101|692|906|415|762|1036|139|571|935|887|1085|595|884|688|700|870|1052|920|850|597|395|338|973|62|720|1|625|1005|889|511|206|898|170|455|739|515|495|789|342|113|541|1059|231|502|185|312|1089|373|627|928|124|162|986|230|622|667|794|605|97|655|114|137|822|745|44|195|212|471|460|352|362|988|940|931|926|1107|943|826|726|961|615|351|300|93|512|952|176|15|311|1086|1048|816|892|205|314|193|320|164|723|283|486|812|857|981|543|1091|55|562|911|327|228|690|737|746|479|1047|1087|296|280|1063|388|1025|1071|102|856|725|518|150|345|815|38|962|36|33|142|846|6|972|555|1065|409|805|416|639|234|251|380|752|820|900|4|1007|305|226|439|77|545|58|974|60|282|448|796|1105|549|1046|712|983|825|817|171|386|145|877|61|1098|141|331|783|20|364|243|955|21|260|197|323|1018|802|67|551|153|396|1096|1073|470|10|31|565|0|30|982|683|9|35|419|657|578|893|780|614|140|329|669|610|467|620|507|592|210|498|425|119|807|558|836|717|122|542|930|303|1037|25|709|519|130|32|179|649|529|27|879|215|1066|194|45|580|57|167|604|903|525|326|436|451|268|609|422|644|363|577|53|1061|271|694|751|384|686|358|844|678|393|421|1024|42|527|842|699|875|132|569|677|561|517|713|161|1083|107|703|781|724|37|528|229|862|873|804|121|684|414|659|990|666|915|795|606|407|157|337|674|435|367|192|718|182|223|118|810|344|437|975|924|769|997|286|1043|43|225|959|1031|310|852|782|236|252|196|440|458|1017|73|733|466|397|648|265|691|78|969|1104|747|765|272|976|356|803|505|248|266|708|784|964|3|946|681|918|59|866|1103|520|768|634|1094|214|591|189|837|103|480|623|775|372|735|290|859|398|941|207|619|939|902|798|944|169|1080|1055|914|288|1060|956|645|464|51|966|638|71|590|779|868|429|333|81|341,53|18|47|11|14|19|1|27|5|42|69|20|45|84|2|7|38|61|80|60|67|6|22|29|87|4|8|51|28|36|54|78|65|77|43|52|59|76|85|9|17|32|35|41|48|49|56|71|3|15|16|24|31|82|10|13|23|30|40|58|62|64|72|83|37|46|50|63|68|73|75|86,0|1|2|3|4|5|6|8|9|10|12|14|15|20|22|25|26|28|29|30|31|33|34|36|38|39|41|42|43|46|48|49|50|52|53|54|56|61|62|63|65|67|70|71|74|78|79|80|81|83|84|85|87|89|90|92|93|95|97|98|102|103|106|107|109|111|113|114|115|116|117|118|119|121|123|128|129|130|131|132|133|134|135|137|138|139|146|147|150|152|153|154|158|160|161|163|164|165|166|167|169|170|171|172|173|174|175|176|180|181|182|183|184|185|188|189|190|191|192|193|195|196|198|199|201|203|204|205|206|207|210|211|212|213|215|216|220|221|222|223|224|225|228|229|233|234|235|236|237|240|241|244|245|246|248|250|254|255|256|257|260|261|264|265|267|268|270|272|273|274|276|277|279|280|282|283|284|285|286|287|288|290|291|293|294|297|298|299|300|302|305|306|307|308|309|312|314|316|318|320|324|325|328|330|332|335|336|337|339|342|345|347|348|351|352|353|355|356|357|359|360|364|366|367|368|369|370|371|372|373|375|378|379|380|381|382|384|385|386|387|388|391|392|394|395|396|397|400|401|402|403|404|405|407|408|409|411|412|413|414|417|418|419|420|421|422|424|425|426|428|429|431|432|433|436|437|438|439|441|442|443|444|445|446|447|448|449|452|453|455|458|459|461|463|464|465|467|468|469|470|471|472|473|474|475|476|478|480|481|485|486|487|488|489|490|492|493|494|495|497|498|499|500|503|505|507|508|510|511|512|513|515|516|518|520|522|523|525|526|527|528|531|533|534|535|538|539|540|541|542|543|546|548|549|552|553|555|557|558|560|561|564|567|569|570|572|573|575|576|577|578|579|580|581|582|583|584|585|586|587|588|591|592|593|595|598|602|603|606|607|608|610|611|612|613|615|617|619|621|624|627|629|630|631|632|633|634|635|637|638|639|641|642|645|646|647|648|650|651|652|653|654|655|657|660|661|662|664|666|667|668|671|672|674|675|677|678|679|680|681|685|686|688|689|693|696|697|699|701|704|705|706|709|710|711|712|713|714|717|718|719|721|722|723|724|725|726|727|728|730|733|734|735|737|738|739|740|741|742|743|744|747|748|749|751|752|753|756|757|759|760|761|762|764|766|768|769|771|772|775|776|777|781|783|785|787|790|792|794|795|797|798|801|802|804|805|807|808|809|810|813|814|815|816|820|821|822|824|826|828|830|831|833|834|837|838|840|844|845|846|847|848|849|850|851|852|855|858|861|862|863|864|866|868|869|870|872|874|876|877|881|882|884|885|886|887|888|889|890|891|893|894|897|898|899|900|903|905|906|910|915|920|923|924|925|926|927|928|929|931|932|933|935|938|940|941|942|944|945|946|948|949|950|951|952|956|958|959|962|964|966|968|969|972|974|976|978|979|980|982|983|984|985|986|989|990|992|993|994|997|998|999|1000|1002|1003|1004|1006|1008|1010|1012|1013|1014|1016|1019|1021|1026|1027|1028|1030|1031|1033|1037|1038|1039|1040|1041|1042|1043|1044|1047|1048|1049|1050,9.527777777777779,True
instance_0017.txt,aisle_first_desc,63,2,63,3|16|26|33|43|45|47|49|52|64|78|92|96|101|103|106|110|113|126|128|136|141|152|153|154|155|166|167|171|183|188|192|203|208|217|220|221|222|227|232|234|239|241|253|254|257|268|299|304|309|312|318|326|350|364|366|368|369|377|381|398|406|411,18|43,0|5|20|36|37|39|43|55|63|67|82|88|90|92|96|97|100|101|103|107|111|124|125|131|134|140|151|161|164|184|194|195|201|216|220|222|224|225|226|258|266|272|278|284|298|299|301|305|323|339|343|344|345|352|365|368|374|375|376|378|380|390|395,31.5,True
instance_0017.txt,dinkelbach_mip,73,2,73,0|3|16|26|27|33|44|45|47|49|52|64|78|84|85|92|93|101|103|106|109|110|113|114|128|136|138|152|153|154|155|171|183|192|201|203|209|213|217|221|222|227|232|239|241|257|264|266|268|288|290|291|312|316|318|328|331|333|335|343|350|353|356|364|368|369|374|377|381|398|411|412|416,1|18,0|9|22|29|36|37|39|43|55|67|71|82|84|97|98|101|105|107|111|117|120|124|125|127|133|134|140|151|155|161|163|164|173|182|189|190|194|195|197|201|212|216|219|220|224|225|226|238|244|249|266|278|284|292|298|299|301|305|323|336|339|343|352|361|365|368|374|378|380|388|390|392|395,36.5,True
instance_0017.txt,random,175,43,174,279|363|243|324|290|204|226|16|96|305|3|413|276|18|203|267|224|264|258|232|140|100|360|162|361|282|115|183|230|24|88|403|223|155|234|9|166|133|208|136|63|120|55|69|283|108|348|32|379|196|40|296|376|229|145|173|407|58|225|356|299|163|256|190|404|292|303|195|141|205|74|277|19|129|67|147|308|325|184|318|362|398|321|33|273|250|286|153|215|306|278|146|331|26|259|315|284|248|213|122|109|43|93|123|186|383|28|350|316|249|158|78|189|10|384|300|293|369|79|113|415|370|337|164|12|29|254|394|272|354|8|288|94|387|217|127|295|192|45|91|251|405|81|11|105|70|263|38|6|307|298|343|132|365|51|197|118|52|374|355|395|68|309|375|207|83|346|4|104|17|178|167|149|92|302,18|71|1|11|43|63|21|19|32|79|6|55|73|7|44|80|14|48|51|62|82|26|34|58|75|35|5|13|40|20|45|38|10|28|41|49|17|39|69|60|8|67|78,0|14|15|21|24|27|37|39|44|47|49|58|60|61|63|66|67|68|73|75|79|81|82|84|85|87|88|90|91|92|93|94|96|99|101|105|108|109|112|114|115|117|119|120|122|125|131|132|133|134|139|145|146|147|149|150|151|152|153|154|156|157|159|161|162|166|171|173|174|176|177|179|185|188|189|190|191|196|197|198|201|203|204|205|206|207|209|211|212|215|216|217|224|225|232|235|237|238|241|245|247|249|250|254|255|257|258|259|260|261|263|266|267|270|271|274|275|276|282|284|285|290|294|296|299|300|304|305|308|311|312|313|317|319|322|324|328|329|333|335|339|340|342|344|345|346|347|354|355|356|357|360|362|363|371|373|375|377|378|379|382|383|385|386|389|395|396|397|398|399|401|404|407|409,4.069767441860465,True
instance_0017.txt,smaller_multi,175,46,173,243|267|276|405|348|233|145|48|146|399|5|40|199|125|58|238|14|115|90|114|402|338|372|230|30|46|60|409|0|347|320|274|140|105|189|44|95|128|312|205|378|28|293|77|386|101|269|149|361|415|365|135|206|198|66|289|162|96|282|359|89|38|175|416|6|368|292|355|411|351|316|331|70|81|64|367|63|117|317|182|277|181|389|69|26|227|120|74|84|307|72|298|164|366|167|32|8|393|143|248|88|163|188|261|21|375|309|217|78|290|364|313|185|311|121|80|379|353|340|377|239|319|151|180|130|24|226|295|171|308|116|79|244|235|59|99|176|360|362|161|394|126|250|403|241|194|236|197|202|225|166|324|1|10|306|383|141|305|187|240|252|138|407|137|259|204|159|398|391|177|94|34|3|301|132,18|44|73|11|5|82|19|71|39|14|26|63|28|32|34|62|6|24|35|38|52|75|79|20|22|43|55|57|58|67|2|7|9|12|13|27|41|42|45|48|49|51|60|61|64|80,2|4|7|11|12|13|15|22|26|27|29|30|32|33|35|40|43|44|45|48|49|50|51|54|55|56|62|64|65|76|78|81|85|88|90|94|95|99|100|102|104|109|111|113|114|115|119|122|125|130|132|135|139|140|142|146|148|152|154|156|158|161|163|164|173|174|175|176|177|178|179|181|184|185|192|193|196|199|202|204|205|207|208|211|212|214|218|219|221|224|225|228|229|234|236|237|238|244|247|249|250|251|252|253|254|256|257|258|260|261|267|268|270|271|275|277|278|281|283|287|294|298|300|303|306|307|311|312|313|315|316|317|318|324|325|326|328|329|330|334|335|342|343|344|345|346|352|354|355|356|357|359|360|361|363|364|365|368|371|372|374|376|379|382|387|394|395|397|399|400|401|402|404,3.8043478260869565,True
instance_0018.txt,aisle_first_desc,523,6,462,239|19|799|956|1041|1921|1135|1787|2549|630|688|832|1192|1208|2322|2653|53|240|362|363|388|409|525|795|847|964|1006|1215|1250|1263|1266|1297|1320|1494|1537|1570|1715|1867|1880|1994|2037|2204|2234|2266|2341|2533|2582|2667|5|17|23|30|39|44|45|60|62|63|65|66|67|69|73|74|75|76|84|92|94|101|107|112|113|121|122|126|133|143|147|152|157|158|165|167|172|177|184|191|194|208|212|215|224|233|262|267|270|275|277|281|284|290|293|298|305|311|313|316|326|334|349|354|357|372|373|374|375|378|387|389|394|400|401|405|406|414|415|425|430|432|437|438|455|458|459|463|465|476|487|490|497|508|513|514|527|529|536|542|544|555|562|568|571|583|587|589|595|598|610|612|622|627|637|642|652|654|663|677|679|684|686|689|692|696|708|710|711|713|720|725|729|733|738|745|757|763|768|771|773|775|776|781|782|785|787|813|818|819|822|827|829|830|838|851|856|864|866|868|873|881|905|912|922|925|928|934|962|968|972|973|991|996|1002|1004|1007|1015|1039|1040|1050|1058|1070|1079|1087|1101|1102|1104|1105|1113|1122|1131|1136|1142|1144|1152|1159|1165|1169|1170|1173|1189|1209|1220|1234|1237|1240|1246|1247|1260|1264|1278|1292|1298|1304|1305|1306|1322|1325|1342|1344|1358|1362|1364|1365|1367|1370|1372|1376|1377|1382|1385|1386|1388|1390|1393|1397|1399|1403|1405|1406|1412|1413|1414|1416|1422|1435|1448|1461|1464|1471|1472|1474|1479|1481|1488|1501|1510|1513|1514|1523|1524|1527|1542|1544|1546|1547|1549|1551|1560|1566|1574|1586|1588|1594|1601|1606|1609|1611|1617|1619|1625|1628|1629|1631|1643|1647|1649|1657|1667|1674|1676|1679|1686|1710|1712|1727|1731|1735|1738|1750|1751|1752|1759|1760|1768|1770|1777|1778|1783|1785|1794|1799|1801|1810|1817|1818|1819|1820|1822|1824|1828|1832|1840|1844|1845|1850|1855|1856|1859|1869|1873|1885|1898|1903|1911|1915|1923|1932|1937|1938|1950|1952|1953|1955|1959|1970|1973|1974|1989|1995|1997|2002|2015|2019|2031|2032|2041|2054|2075|2081|2084|2086|2095|2102|2103|2107|2115|2116|2125|2126|2146|2147|2150|2151|2160|2165|2168|2172|2174|2176|2183|2185|2186|2193|2209|2211|2215|2218|2223|2224|2226|2229|2237|2238|2239|2246|2247|2256|2260|2283|2286|2295|2296|2297|2302|2304|2311|2312|2315|2317|2323|2330|2336|2338|2357|2363|2364|2367|2369|2375|2376|2383|2390|2391|2401|2402|2403|2406|2413|2416|2419|2421|2424|2425|2429|2438|2439|2441|2452|2462|2465|2468|2474|2477|2485|2488|2489|2498|2510|2513|2524|2528|2545|2552|2554|2561|2563|2569|2570|2571|2576|2579|2583|2588|2603|2610|2634|2636|2647|2649|2661|2664|2668|2673,7|8|13|20|55|86,7|9|13|16|19|22|26|27|28|34|40|48|50|51|55|61|67|69|76|82|88|91|93|99|102|103|104|107|110|111|113|123|130|133|136|138|151|159|160|165|166|174|184|186|188|189|204|211|216|218|219|222|233|235|240|241|242|248|250|253|254|255|257|262|268|272|275|284|285|286|295|298|309|310|323|325|326|342|346|348|349|353|367|378|384|386|387|388|389|397|404|405|407|409|416|423|434|435|436|442|443|444|456|458|459|461|469|472|474|487|494|504|516|517|519|521|523|529|530|531|534|538|541|544|560|570|583|585|590|597|604|612|614|622|627|634|639|640|662|666|676|682|683|689|690|697|711|713|715|717|718|719|726|733|745|746|760|761|766|772|773|777|799|803|804|809|814|818|820|824|825|826|827|831|848|853|854|858|866|870|872|878|880|888|889|892|895|897|906|911|915|923|931|936|938|939|942|948|949|953|955|956|959|960|964|965|967|968|978|986|991|993|994|995|1004|1008|1013|1019|1028|1030|1042|1046|1049|1052|1053|1071|1074|1081|1083|1085|1086|1090|1095|1097|1102|1106|1108|1110|1111|1113|1114|1147|1156|1159|1163|1170|1181|1182|1184|1187|1188|1191|1195|1196|1197|1200|1206|1216|1222|1226|1228|1230|1233|1236|1255|1259|1280|1301|1303|1305|1314|1318|1327|1331|1337|1341|1343|1344|1352|1368|1369|1384|1388|1394|1401|1406|1417|1425|1429|1439|1447|1449|1452|1468|1480|1484|1485|1487|1493|1499|1503|1508|1514|1519|1526|1538|1544|1553|1559|1561|1563|1567|1572|1580|1591|1606|1607|1608|1613|1644|1645|1653|1657|1661|1665|1667|1674|1683|1693|1694|1696|1702|1704|1707|1708|1715|1717|1719|1722|1736|1738|1742|1752|1753|1757|1770|1775|1780|1781|1788|1791|1795|1797|1800|1810|1814|1817|1818|1822|1826|1827|1828|1829|1832|1838|1841|1846|1850|1851|1859|1861|1862|1864|1876|1905|1907|1908|1910|1911|1917|1919|1922|1927|1929|1933|1934|1939|1940|1947|1952|1954|1965|1967|1977|1982|1994|2013|2015|2022|2026|2027|2028|2029|2034|2037|2040|2045|2052|2061|2065|2075|2077|2080|2084|2091|2097|2098|2099|2109|2111|2112|2115|2116|2122|2127|2132|2153|2157|2170|2171|2172|2174|2179|2186|2188|2198|2200|2202|2203|2211|2216|2220|2222|2226|2227|2228|2230|2231|2246|2248|2254|2256|2266|2268|2279|2293|2294|2295|2296|2298|2303|2306,102.16666666666667,True
instance_0018.txt,dinkelbach_mip,510,5,455,5|14|15|16|17|18|19|21|23|35|38|45|50|52|55|60|61|63|65|69|71|73|75|76|80|84|88|92|95|99|101|103|107|108|110|112|114|133|143|147|159|162|167|172|175|191|194|198|215|225|227|237|239|243|265|267|275|281|283|291|293|297|299|307|309|311|318|321|334|335|337|338|344|359|362|364|368|375|377|380|381|388|389|398|400|405|409|410|413|417|424|425|432|433|435|436|437|445|455|462|465|476|477|480|484|497|503|506|508|510|516|520|523|525|535|542|544|547|548|558|559|576|595|607|610|612|614|633|637|640|642|653|664|665|684|685|686|689|696|705|706|708|710|720|724|729|732|738|739|760|763|765|768|782|783|785|787|791|823|827|834|840|841|843|856|859|864|866|868|871|875|884|896|905|912|917|921|922|930|934|940|946|949|950|952|960|962|966|988|992|999|1002|1006|1015|1016|1020|1032|1033|1040|1045|1052|1064|1071|1077|1079|1080|1092|1102|1103|1133|1135|1155|1159|1165|1170|1171|1182|1184|1188|1189|1198|1204|1215|1220|1226|1231|1235|1237|1240|1248|1253|1266|1273|1274|1278|1282|1297|1303|1304|1306|1311|1314|1322|1325|1342|1343|1346|1358|1359|1367|1369|1370|1371|1374|1379|1382|1385|1387|1392|1399|1405|1406|1407|1411|1416|1418|1420|1421|1422|1446|1448|1453|1457|1461|1472|1479|1480|1481|1497|1501|1510|1513|1515|1527|1529|1532|1537|1541|1542|1543|1544|1546|1549|1561|1562|1563|1574|1579|1590|1593|1605|1609|1621|1631|1639|1641|1645|1655|1656|1660|1667|1676|1677|1687|1688|1690|1699|1700|1708|1710|1715|1717|1727|1733|1735|1736|1738|1751|1752|1756|1760|1761|1768|1777|1778|1787|1788|1794|1801|1817|1819|1822|1824|1827|1828|1830|1840|1845|1850|1859|1863|1885|1892|1915|1923|1925|1926|1928|1935|1939|1941|1950|1952|1955|1959|1971|1973|1994|1996|1997|2004|2008|2015|2017|2026|2031|2038|2039|2045|2054|2066|2071|2081|2083|2086|2093|2095|2103|2114|2116|2125|2126|2130|2131|2149|2151|2152|2154|2155|2160|2165|2168|2169|2170|2172|2176|2178|2188|2190|2193|2195|2198|2204|2207|2221|2223|2224|2233|2235|2237|2246|2247|2259|2263|2265|2266|2292|2302|2304|2319|2321|2328|2329|2334|2338|2343|2349|2354|2360|2373|2383|2390|2391|2392|2396|2401|2413|2414|2416|2418|2423|2425|2426|2429|2433|2436|2437|2439|2444|2446|2447|2449|2452|2453|2456|2457|2460|2461|2462|2470|2472|2474|2485|2489|2510|2515|2517|2518|2520|2525|2533|2538|2545|2549|2559|2563|2570|2571|2573|2578|2580|2583|2586|2588|2593|2601|2604|2610|2611|2621|2626|2634|2636|2639|2642|2654|2658|2664|2669|2673,21|33|37|55|78,7|9|10|13|15|19|24|26|37|43|48|51|53|55|61|66|67|70|82|91|96|103|110|112|117|119|122|124|127|133|136|139|141|151|168|170|173|174|189|197|204|212|216|226|232|233|235|237|242|247|248|250|253|255|257|261|271|275|283|293|295|301|306|307|310|329|330|335|336|341|343|346|347|348|355|365|366|378|387|395|404|405|408|409|421|425|436|443|453|456|458|472|474|494|495|500|515|531|533|535|541|549|550|558|560|571|585|588|590|596|597|604|605|607|611|622|626|627|633|651|659|666|672|675|676|690|692|695|702|703|706|708|713|717|718|719|720|728|736|740|744|762|763|766|777|789|794|795|803|804|809|813|815|817|818|819|826|831|844|853|855|859|864|866|878|889|890|891|892|896|906|913|916|917|923|926|931|938|939|944|948|956|958|964|965|967|978|980|982|985|987|990|993|994|995|999|1004|1016|1021|1028|1030|1037|1039|1040|1042|1046|1052|1054|1063|1064|1071|1073|1075|1079|1085|1086|1087|1103|1104|1110|1113|1117|1118|1127|1130|1131|1153|1156|1159|1167|1179|1181|1184|1186|1187|1189|1196|1197|1198|1199|1202|1203|1205|1214|1216|1218|1224|1231|1233|1240|1241|1242|1253|1256|1264|1268|1271|1277|1286|1287|1295|1301|1303|1308|1316|1318|1327|1331|1337|1341|1344|1352|1356|1359|1360|1361|1366|1369|1373|1384|1389|1390|1394|1398|1401|1403|1406|1417|1418|1423|1425|1433|1467|1482|1486|1488|1491|1493|1498|1499|1512|1513|1516|1517|1519|1523|1529|1535|1549|1550|1551|1552|1553|1562|1563|1567|1572|1576|1577|1582|1585|1590|1591|1606|1607|1612|1613|1628|1630|1632|1634|1639|1640|1650|1665|1683|1691|1696|1701|1702|1703|1704|1708|1717|1719|1720|1736|1738|1743|1746|1750|1753|1757|1762|1770|1773|1781|1782|1788|1789|1800|1809|1812|1816|1817|1833|1843|1846|1850|1851|1855|1859|1862|1870|1871|1890|1891|1895|1905|1911|1916|1917|1920|1929|1943|1947|1957|1964|1971|1985|1994|1997|2016|2018|2024|2025|2029|2037|2043|2045|2055|2062|2069|2077|2080|2081|2086|2088|2104|2112|2116|2119|2122|2128|2132|2133|2136|2152|2153|2157|2161|2168|2171|2172|2179|2188|2190|2195|2198|2200|2210|2211|2214|2217|2220|2223|2226|2228|2229|2231|2232|2238|2239|2248|2250|2251|2255|2256|2259|2268|2269|2285|2288|2294|2295,117.2,True
instance_0018.txt,random,1039,80,947,1664|1996|1857|2577|2149|2520|151|2522|1330|2136|396|2362|2063|135|1345|1270|741|1666|335|813|1886|2150|876|79|1042|2036|1416|647|2139|963|1491|1435|1102|556|83|737|1722|522|1268|1181|888|860|455|869|781|744|1451|1752|976|736|1420|1202|16|261|2618|2026|1099|181|191|1875|475|770|2548|1867|2407|1298|1142|1835|910|2277|1393|1452|351|225|498|189|1922|69|255|1261|2667|915|2157|2537|2480|719|1836|1968|2654|2198|1514|1129|2025|1172|63|2019|1358|675|1116|722|759|1105|369|176|1528|372|775|2086|764|1293|2269|2311|373|878|1646|1178|2300|2059|2679|1641|87|1445|1633|137|1221|473|1744|1669|2296|1011|920|1706|1122|418|95|89|889|851|2074|101|1449|2121|1164|2097|2570|1576|2416|1814|1518|2219|459|954|1182|1696|975|1325|216|2268|394|171|1209|589|2385|707|2321|970|315|1010|1498|819|2511|1749|288|1476|267|383|1236|2447|1078|505|1281|2453|2501|300|1318|370|1411|1255|739|1586|70|555|2119|2356|2587|1845|1670|716|1080|2399|914|2173|82|471|1568|329|872|182|358|1909|1248|2464|2117|100|709|2211|1494|1859|2635|20|969|1959|685|378|143|2103|1285|1876|1338|790|2282|118|2188|2040|467|1853|2012|2541|307|293|1719|264|1928|1492|2505|2568|99|2341|1493|610|908|1408|2373|842|538|1336|245|1634|2342|2164|1984|1439|1372|1110|1558|1936|1924|616|2280|2558|303|1946|1264|2657|2316|745|1071|1913|92|2368|1462|579|2060|1|317|826|2234|1334|2090|384|1180|200|2174|1980|679|442|107|1715|1100|1595|2288|58|1022|2085|796|1910|1456|2592|550|322|1170|1737|1117|858|84|2391|2189|1925|514|1407|1650|2240|682|1031|691|1680|1307|1145|2224|1525|1147|1958|187|1301|1772|269|2163|1168|1891|758|276|2521|1725|1523|828|1575|1500|1118|1478|425|2628|402|624|1074|1974|771|2079|1434|2295|2100|2637|1879|1018|892|1487|670|2329|961|1235|552|1842|1625|608|55|2138|1989|2017|926|348|1510|1588|2111|391|1088|1266|2299|1677|1038|1708|2151|780|953|1697|1125|2118|898|2|1556|244|2158|1791|1971|2314|527|1319|884|2207|1382|754|1481|1977|1506|2135|175|659|2327|2073|2483|1133|1423|1674|778|1047|654|1684|594|1704|2208|934|1426|1658|2230|1469|1874|1477|1893|2116|540|275|1757|289|1630|2560|1834|726|497|887|1369|2318|2675|2580|917|1392|1969|1137|2673|481|1344|791|1581|2345|746|1140|1368|1651|199|1956|1282|1385|427|718|835|399|74|2206|207|1356|1821|561|1253|158|1136|883|1096|1502|2243|611|97|2343|1143|1745|2572|1398|86|928|620|549|1579|1807|2573|47|1259|2543|1723|2651|1800|2586|906|2064|572|1185|426|2677|516|2441|1645|282|403|1714|2167|958|627|1260|1418|1773|1921|1747|2363|1473|2414|2005|1098|804|1190|1150|2588|1738|1877|1210|1533|1626|2042|1615|422|655|1570|2512|385|415|1833|227|808|2045|1432|2557|212|1454|159|259|1215|2578|801|1063|1354|1179|1828|988|1320|2377|2518|1194|1543|617|1130|2310|2055|1618|2508|1430|435|421|2650|541|14|1616|2575|2153|450|2495|1512|381|1204|1976|1026|2627|1728|2496|239|1890|2035|197|2666|2236|1427|279|960|1600|235|1567|1962|2094|1753|848|410|1101|586|464|116|598|1848|706|518|1237|440|542|2043|929|2658|633|1377|2016|1961|2472|1660|1894|2015|2331|2106|1687|2500|382|638|1779|2034|1888|1597|2411|1709|1231|1676|668|2152|840|209|234|2041|1653|1954|1148|2371|2093|1935|2493|1547|2346|188|1948|816|2258|2567|1342|2039|1412|2169|1799|392|2105|629|330|2459|664|1572|4|1549|2457|1919|1012|998|1374|2545|1604|733|364|526|1269|2467|2101|1917|918|1384|815|2143|2513|2535|2378|128|2445|2006|833|1171|1257|985|1631|169|265|98|618|1366|822|1187|2395|2161|1981|2386|1882|1690|1881|922|249|2444|1966|1571|434|1224|1223|554|2406|735|2297|2227|944|1823|1655|1950|1067|1767|595|1998|1196|2160|2429|916|2365|1113|110|504|1406|1335|695|1751|1332|2412|939|569|1721|1726|829|585|885|1396|573|2170|2038|294|1960|64|972|637|812|2062|416|993|2456|1351|2308|2593|506|1443|1123|619|1463|470|1199|2470|127|2646|879|2607|256|2662|786|738|496|748|1663|824|1289|681|2178|2465|1087|1061|2107|1810|1348|1175|445|1975|441|2623|2358|142|1591|847|1700|1303|253|242|1252|2071|2183|150|530|725|661|321|1764|817|414|581|495|2020|2525|124|2250|560|636|2194|676|711|1379|1001|2192|1945|183|2649|692|684|93|1258|2672|353|686|1247|2028|38|1741|1198|2460|2603|1283|2430|1665|1233|493|1612|1043|344|1226|2423|2564|2474|2653|2431|533|2204|2089|2640|1263|1016|1735|1916|2140|1419|524|1774|1599|1091|1124|727|2339|2080|1908|1769|154|1898|1943|1302|113|131|1930|1659|1592|1444|2478|220|977|1724|1729|2213|2229|2405|578|213|1815|494|1081|779|1933|2504|528|9|1489|72|2252|356|1472|767|346|1798|936|2348|868|205|2226|2421|1292|102|1049|1014|1340|1822|1569|2563|1603|701|2171|587|2452|1825|2052|510|2181|246|1467|1705|1892|1817|1297|1066|515|544|1552|1532|1662|114|989|2182|2349|1313|672|2561|1279|432|2179|1982|1541|2370|852|2057|2037|1355|1830|1942|1304|2225|419|73|2393|1347|1573|783|2253|1475|2579|1496|987|13|2069|456|2527|1861|1138|2643|576|2639|420|2402|1766|1394|407|106|2502|732|469|2440|2031|1299|147|2286|2001|743|78|301|855|2680|125|1548|2610,37|55|39|8|21|33|40|78|7|62|14|86|64|2|13|51|20|16|45|50|29|9|70|56|58|73|24|47|69|87|3|79|80|30|82|49|54|65|28|71|75|48|44|89|22|31|35|12|67|61|76|11|26|68|53|5|6|18|60|43|84|38|42|77|0|10|63|74|17|34|85|23|36|59|15|32|1|27|46|72,2|9|12|13|16|18|20|22|25|28|32|33|36|40|41|44|49|50|53|54|60|61|63|65|66|67|68|70|73|79|81|89|90|91|93|99|101|105|107|109|111|116|119|122|123|124|129|131|132|135|142|147|148|149|151|152|156|158|159|161|164|165|167|168|169|172|173|174|175|177|178|179|180|181|187|188|189|191|195|196|197|199|202|207|208|213|214|215|222|225|227|229|230|232|238|239|242|246|247|248|250|256|257|261|263|264|270|274|276|278|279|280|281|283|284|286|288|289|291|293|294|295|296|303|306|313|314|316|317|319|322|324|334|340|341|343|344|345|346|347|355|356|358|360|363|365|366|369|371|374|375|377|380|384|386|388|394|396|399|404|405|409|410|411|412|414|418|419|422|423|424|436|438|440|443|445|446|447|448|450|453|457|460|461|462|466|467|469|470|471|474|475|476|478|479|480|486|490|495|497|499|502|506|507|509|511|512|514|515|517|518|521|526|527|529|531|532|533|536|537|538|540|542|544|547|552|555|558|563|564|565|566|575|577|578|579|580|581|589|590|593|594|595|598|599|600|601|605|606|607|609|613|615|617|618|620|621|623|625|626|629|630|635|641|643|644|652|655|658|660|661|665|670|673|675|677|680|681|688|691|693|695|697|701|706|707|709|710|714|717|720|726|729|730|733|737|739|740|742|744|745|747|750|751|754|755|757|759|760|764|765|770|774|781|786|787|788|791|793|797|799|802|804|806|810|811|813|814|816|820|821|823|825|827|835|839|841|844|845|849|850|851|852|853|854|855|858|863|864|868|871|876|878|879|880|881|889|894|895|896|898|902|903|907|911|913|914|915|921|922|923|924|925|927|930|933|937|938|943|946|952|954|955|956|957|958|960|961|962|963|965|967|971|972|973|974|975|976|978|979|981|984|987|990|991|992|996|997|1003|1006|1011|1014|1017|1018|1019|1020|1022|1026|1027|1033|1035|1036|1038|1045|1051|1052|1056|1057|1058|1061|1066|1067|1070|1074|1075|1076|1077|1078|1082|1083|1085|1086|1087|1089|1090|1095|1097|1098|1099|1101|1102|1104|1107|1111|1115|1119|1121|1122|1123|1126|1127|1128|1130|1132|1134|1136|1137|1138|1140|1142|1145|1146|1147|1148|1150|1151|1155|1159|1161|1163|1164|1166|1167|1170|1179|1182|1183|1186|1187|1189|1191|1193|1194|1198|1200|1201|1203|1204|1207|1208|1209|1211|1213|1214|1215|1217|1219|1220|1221|1222|1225|1226|1228|1230|1231|1232|1233|1240|1241|1245|1246|1247|1249|1252|1253|1254|1262|1271|1276|1277|1279|1283|1285|1291|1292|1295|1298|1299|1306|1309|1312|1313|1314|1318|1322|1323|1330|1332|1333|1334|1336|1337|1340|1341|1342|1343|1345|1347|1353|1354|1356|1357|1359|1368|1369|1370|1373|1378|1379|1382|1383|1387|1390|1392|1393|1394|1395|1397|1398|1401|1407|1408|1410|1411|1414|1415|1423|1425|1430|1432|1433|1442|1443|1445|1446|1451|1452|1459|1463|1464|1465|1467|1468|1474|1477|1479|1481|1486|1487|1488|1490|1493|1495|1496|1497|1499|1502|1504|1512|1513|1517|1518|1520|1525|1526|1528|1529|1532|1533|1536|1538|1540|1542|1544|1548|1549|1550|1552|1553|1554|1555|1558|1559|1563|1566|1568|1569|1570|1571|1578|1580|1585|1587|1588|1595|1596|1600|1601|1605|1607|1608|1611|1613|1615|1616|1617|1619|1621|1623|1625|1632|1633|1634|1635|1637|1639|1640|1642|1652|1653|1654|1657|1658|1664|1668|1672|1674|1677|1684|1687|1692|1703|1704|1709|1710|1711|1712|1720|1726|1727|1728|1730|1731|1732|1735|1738|1740|1741|1743|1744|1747|1748|1749|1750|1752|1756|1757|1759|1762|1765|1771|1778|1780|1781|1784|1785|1787|1788|1790|1792|1802|1803|1804|1805|1806|1808|1813|1814|1815|1816|1819|1821|1824|1827|1829|1832|1833|1835|1836|1837|1839|1840|1847|1852|1853|1854|1855|1860|1865|1867|1871|1874|1879|1880|1882|1883|1884|1886|1889|1892|1896|1899|1903|1908|1909|1910|1911|1920|1924|1926|1927|1928|1929|1930|1932|1936|1938|1942|1943|1945|1946|1947|1951|1953|1954|1955|1957|1959|1960|1965|1967|1969|1970|1975|1979|1980|1985|1986|1994|1996|1997|1999|2000|2002|2003|2005|2007|2008|2010|2011|2014|2018|2024|2026|2029|2030|2032|2033|2036|2042|2043|2045|2047|2049|2052|2055|2057|2060|2061|2065|2068|2069|2070|2072|2074|2078|2081|2085|2089|2092|2093|2094|2095|2097|2098|2100|2106|2109|2110|2112|2117|2120|2124|2126|2132|2133|2137|2139|2140|2146|2149|2151|2153|2154|2157|2158|2160|2161|2162|2163|2165|2166|2167|2170|2171|2172|2175|2177|2178|2180|2182|2183|2184|2187|2188|2190|2191|2194|2197|2198|2199|2205|2206|2207|2211|2216|2219|2221|2224|2225|2227|2228|2231|2232|2236|2238|2241|2243|2244|2248|2249|2251|2255|2257|2260|2262|2264|2265|2267|2272|2274|2278|2282|2283|2285|2287|2289|2290|2291|2292|2293|2295|2296|2301|2302|2306|2308,15.0625,True
instance_0018.txt,smaller_multi,805,77,747,1603|511|239|939|1181|2273|563|19|1041|1802|1921|799|956|2318|154|2549|539|932|86|769|1153|1135|2303|1360|849|2469|722|1193|1787|345|2045|1208|461|1482|327|1231|2470|664|569|1683|1357|453|260|1291|1506|2581|1192|2101|1681|2653|1983|2322|1650|2633|630|218|665|243|276|515|1483|1204|832|2017|2374|1108|2259|1130|688|607|341|1978|2067|795|2533|2119|1006|2234|1446|943|2466|2582|2547|2681|2072|941|927|1245|1338|1720|1930|1138|1203|1494|1866|153|492|2341|964|989|1126|1025|235|1018|2204|1389|2138|1811|1023|1994|875|892|983|2140|1250|2373|1535|747|2105|1137|1537|1597|1699|1116|2037|1467|1243|1241|931|1266|1187|2667|2271|344|210|195|1867|2478|2560|2618|1980|7|614|87|1047|908|1721|719|1177|53|2219|762|754|249|1083|1715|1140|79|347|1259|2009|289|362|454|71|1784|240|1839|2630|2090|793|580|409|1263|1807|1253|581|2066|1692|1321|1880|103|1835|2476|179|1826|2409|796|1742|2212|1853|1213|1297|2121|2166|847|1704|2068|1812|525|192|1348|1806|1570|1168|2018|2123|1823|363|1985|2654|1602|1707|1943|1899|366|1320|1059|268|1670|1505|411|1215|2266|917|388|1798|114|2537|1440|1607|271|1334|263|1277|1475|629|1327|2175|1904|2109|477|2468|125|1735|2225|2161|1195|1496|1906|1178|841|1617|16|546|1954|726|484|833|1996|691|1299|84|818|2611|1144|1295|1235|438|974|2008|2532|2182|1344|551|126|743|1878|2539|1630|2336|1694|322|610|292|1093|686|2567|2427|874|2095|27|696|1918|963|1678|98|380|1492|2512|308|628|669|1001|1995|77|139|435|606|1274|984|1790|2665|1301|67|219|2657|216|1445|1540|493|1281|2679|2612|2094|1657|1594|1294|2575|710|43|928|880|441|110|2325|1940|2413|2324|445|41|572|707|241|2401|1098|1924|1290|689|2368|325|2039|267|2011|1354|763|1363|1869|1717|1136|1523|2421|1156|91|2523|1815|2380|2065|2209|2635|1605|2298|1759|1665|1386|1146|1566|556|863|209|2247|2231|655|807|570|779|978|1845|1254|727|80|1546|2172|1255|709|1950|266|2534|1662|2059|1514|134|1890|1206|193|359|2524|447|1725|2480|1376|1056|1453|1934|20|2680|2593|369|1888|2431|953|2369|1987|618|2001|1226|57|2631|1287|1676|2352|2256|852|732|1369|1353|2148|794|1695|1121|993|1762|109|2405|641|685|115|2134|2348|1315|297|1127|1026|1568|1648|1343|991|425|198|1571|687|911|1858|1194|720|1564|2546|1413|2071|1861|2370|137|751|2103|1947|432|2540|2515|2030|587|1856|498|504|1222|915|2316|1362|2472|85|1863|451|1781|371|1521|1218|1431|1573|1865|2202|2474|1039|1102|2584|2563|1896|621|2088|776|1714|234|2417|2042|129|819|76|1903|1722|766|6|2490|542|2378|1659|230|4|1013|2663|160|1196|1819|2376|2586|871|2467|42|2086|2527|1385|1139|1794|1311|90|151|547|2085|470|423|304|2014|1323|756|2335|979|1879|1756|1003|2308|2124|1435|1157|2077|2229|156|1547|1629|509|50|1886|573|78|229|9|368|1444|896|1788|1828|2502|1379|718|2462|2659|1065|331|1225|467|1852|2226|472|836|162|611|149|2473|1961|1252|2651|1448|170|1851|1621|2385|1227|882|284|1860|476|1840|18|2528|1426|2678|1073|729|2536|1457|1114|535|1894|1179|1220|1730|583|1884|1210|2200|2152|1726|1501|694|2451|2062|399|2439|734|2511|334|1328|1454|321|2367|1212|1813|2641|876|1956|1468|1005|1805|1188|625|1239|2306|118|2257|555|567|2206|784|1049|2029|599|2441|2313|1032|232|150|2520|257|822|463|1185|2096|1554|1998|2214|207|1691|315|357|1236|2615|1565|2349|1663|2010|1396|1702|333|246|236|1585|801|1667|2099|2215|1658|1197|2249|557|1437|2440|1739|128|2286|2647|1544|1350|1698|2050|1504|1613|2125|2585|2043|1019|1424|839|660|1975|575|455|1155|1028|1690|2203|1326|2521|2041|2666|2644|2281|765|1090|1407|413|2005|2608|2032|2283|1543|457|1580|782|186|1601|2108|536|2060|0|594|1479|1824|1237|1919|2073|2142|208|499|860|46|2156|111|2150|721|731|591|1009|1371|2596|1422|1941|1955|2297|389|2240|407|24|1610|902|1673|2061|1827|1633|1078|1461|855|531|1470|2465|1653|2055|698|501|635|1347|1477|112|1091|298|2223|2500|1738|2139|101,37|13|39|55|16|8|69|78|7|40|65|24|51|70|20|62|56|3|31|9|45|87|33|35|64|2|48|30|44|49|58|73|29|76|50|26|80|86|43|47|21|67|82|11|22|53|68|89|79|17|0|5|14|38|60|63|71|18|6|10|15|61|74|54|59|77|84|12|25|27|28|36|41|42|75|83|85,1|7|10|12|24|25|27|29|31|32|35|39|42|44|46|50|51|55|60|61|63|66|69|72|77|78|79|80|86|87|91|92|97|106|110|111|114|116|118|121|123|124|128|133|137|141|144|151|152|156|158|162|169|171|174|177|180|181|183|186|189|197|199|201|202|207|211|212|214|217|218|220|226|228|233|235|236|238|241|245|246|247|249|250|251|252|254|255|256|258|262|265|267|270|272|276|278|279|280|284|285|287|293|294|301|308|312|313|319|320|323|328|330|335|338|354|358|366|371|374|377|378|383|384|386|393|394|396|399|400|402|403|404|410|414|415|421|426|427|430|432|433|434|435|436|439|441|444|445|446|450|456|460|468|469|471|472|476|478|485|487|489|490|491|492|494|495|499|503|511|514|515|516|519|520|521|522|523|524|525|526|532|533|536|538|539|542|544|546|547|554|556|561|565|566|567|569|573|574|578|583|584|585|586|587|590|591|593|594|598|600|602|603|606|609|610|618|620|626|628|629|631|635|644|646|647|648|652|653|655|657|661|662|668|669|673|676|680|681|687|688|689|692|693|694|697|699|700|701|703|709|716|726|727|733|734|738|747|749|754|755|756|763|766|772|778|780|786|793|803|808|810|815|816|824|828|830|839|841|845|846|847|848|849|851|855|857|866|872|882|884|889|891|892|894|895|896|898|901|904|907|908|916|921|923|924|927|932|933|939|940|945|946|953|955|956|957|958|963|964|965|971|972|977|978|979|986|992|998|999|1009|1012|1015|1018|1019|1021|1023|1024|1028|1031|1036|1038|1039|1041|1042|1044|1045|1050|1054|1062|1066|1070|1071|1076|1082|1084|1093|1098|1099|1101|1102|1104|1105|1107|1108|1113|1115|1116|1128|1132|1134|1138|1139|1140|1143|1146|1151|1153|1161|1163|1167|1169|1171|1172|1173|1176|1178|1180|1182|1187|1189|1191|1192|1198|1203|1204|1209|1213|1214|1219|1221|1222|1224|1226|1227|1233|1241|1243|1246|1248|1249|1250|1264|1270|1276|1281|1284|1287|1291|1292|1297|1299|1303|1304|1305|1308|1311|1315|1317|1318|1319|1321|1322|1323|1325|1328|1331|1332|1335|1341|1346|1349|1352|1356|1360|1361|1363|1368|1369|1375|1378|1380|1384|1389|1392|1395|1398|1404|1405|1409|1411|1412|1413|1421|1423|1425|1426|1429|1435|1436|1438|1444|1445|1448|1451|1452|1458|1460|1464|1471|1473|1474|1478|1480|1484|1485|1487|1488|1489|1495|1499|1500|1502|1503|1504|1505|1507|1511|1513|1516|1518|1519|1521|1523|1535|1540|1544|1550|1553|1557|1558|1563|1564|1566|1570|1572|1574|1575|1578|1579|1582|1583|1589|1590|1593|1595|1599|1601|1602|1609|1610|1618|1620|1630|1638|1644|1649|1652|1653|1655|1658|1660|1665|1669|1671|1673|1675|1676|1677|1686|1690|1696|1697|1698|1700|1703|1704|1710|1712|1715|1716|1718|1719|1725|1727|1730|1733|1734|1738|1739|1740|1741|1743|1746|1747|1749|1750|1752|1757|1759|1761|1767|1775|1781|1784|1786|1791|1792|1801|1802|1809|1816|1819|1821|1826|1828|1829|1830|1831|1835|1843|1844|1847|1850|1854|1857|1858|1859|1862|1863|1865|1866|1868|1873|1878|1881|1889|1893|1899|1905|1907|1908|1910|1911|1914|1918|1919|1923|1930|1931|1934|1940|1941|1943|1945|1949|1950|1952|1956|1960|1961|1964|1967|1971|1981|1984|1989|1992|1998|1999|2003|2005|2010|2014|2020|2022|2024|2025|2028|2029|2041|2045|2050|2051|2057|2059|2060|2061|2068|2069|2071|2074|2075|2076|2077|2080|2081|2084|2085|2086|2087|2094|2102|2106|2109|2113|2114|2116|2119|2125|2126|2127|2129|2132|2133|2135|2136|2138|2140|2144|2148|2152|2163|2167|2169|2172|2181|2187|2194|2198|2202|2205|2211|2213|2222|2223|2224|2225|2227|2228|2229|2232|2236|2248|2249|2251|2252|2256|2263|2264|2270|2271|2272|2274|2276|2279|2280|2284|2288|2291|2292|2294|2296|2299|2300|2301|2307,15.64935064935065,True
instance_0019.txt,aisle_first_desc,184,1,169,1661|178|1183|24|634|676|985|1703|1806|1954|2025|2110|2149|2199|12|14|20|34|60|81|87|107|108|132|141|144|179|215|243|248|282|296|301|318|334|339|340|341|352|356|366|375|389|393|402|428|431|449|460|475|487|501|513|520|524|534|536|537|543|547|555|565|586|600|608|623|681|708|710|722|729|744|756|760|774|799|801|806|807|817|825|826|829|831|842|857|947|957|962|979|984|988|1002|1016|1045|1046|1065|1069|1119|1124|1131|1145|1167|1178|1182|1199|1219|1227|1231|1237|1254|1258|1275|1282|1315|1331|1340|1353|1361|1377|1382|1384|1394|1395|1412|1414|1431|1454|1468|1477|1479|1484|1485|1509|1527|1542|1544|1553|1587|1616|1625|1645|1653|1688|1708|1733|1737|1746|1750|1764|1777|1778|1820|1830|1868|1883|1910|1939|1966|1976|1981|2019|2030|2037|2043|2060|2070|2094|2095|2099|2114|2122|2128|2131|2132|2150|2156|2182|2185|2191|2209|2211|2219|2222,38,25|26|30|32|47|57|74|83|88|96|106|122|123|126|132|139|154|156|166|189|201|203|224|241|248|256|258|267|279|280|284|290|293|298|309|314|315|330|341|379|381|394|401|415|416|445|454|458|478|483|494|500|533|559|566|571|586|601|640|642|656|669|693|698|701|717|786|789|802|852|862|883|885|890|903|921|948|965|966|976|977|990|1001|1005|1021|1036|1063|1066|1067|1074|1085|1128|1132|1149|1154|1165|1178|1183|1188|1195|1196|1201|1218|1230|1239|1257|1263|1279|1285|1298|1312|1328|1371|1380|1390|1392|1399|1417|1442|1448|1452|1454|1497|1503|1520|1586|1589|1602|1608|1623|1627|1657|1659|1668|1671|1672|1687|1701|1744|1763|1780|1788|1825|1831|1848|1857|1867|1882|1893|1894|1905|1911|1939|1946|1960|1968|1983|1997|2000|2006|2020|2023|2034|2039|2042|2058|2066|2072|2091,202.0,True
instance_0019.txt,dinkelbach_mip,184,1,169,1661|178|1183|24|634|676|985|1703|1806|1954|2025|2110|2149|2199|12|14|20|34|60|81|87|107|108|132|141|144|179|215|243|248|282|296|301|318|334|339|340|341|352|356|366|375|389|393|402|428|431|449|460|475|487|501|513|520|524|534|536|537|543|547|555|565|586|600|608|623|681|708|710|722|729|744|756|760|774|799|801|806|807|817|825|826|829|831|842|857|947|957|962|979|984|988|1002|1016|1045|1046|1065|1069|1119|1124|1131|1145|1167|1178|1182|1199|1219|1227|1231|1237|1254|1258|1275|1282|1315|1331|1340|1353|1361|1377|1382|1384|1394|1395|1412|1414|1431|1454|1468|1477|1479|1484|1485|1509|1527|1542|1544|1553|1587|1616|1625|1645|1653|1688|1708|1733|1737|1746|1750|1764|1777|1778|1820|1830|1868|1883|1910|1939|1966|1976|1981|2019|2030|2037|2043|2060|2070|2094|2095|2099|2114|2122|2128|2131|2132|2150|2156|2182|2185|2191|2209|2211|2219|2222,38,25|26|30|32|47|57|74|83|88|96|106|122|123|126|132|139|154|156|166|189|201|203|224|241|248|256|258|267|279|280|284|290|293|298|309|314|315|330|341|379|381|394|401|415|416|445|454|458|478|483|494|500|533|559|566|571|586|601|640|642|656|669|693|698|701|717|786|789|802|852|862|883|885|890|903|921|948|965|966|976|977|990|1001|1005|1021|1036|1063|1066|1067|1074|1085|1128|1132|1149|1154|1165|1178|1183|1188|1195|1196|1201|1218|1230|1239|1257|1263|1279|1285|1298|1312|1328|1371|1380|1390|1392|1399|1417|1442|1448|1452|1454|1497|1503|1520|1586|1589|1602|1608|1623|1627|1657|1659|1668|1671|1672|1687|1701|1744|1763|1780|1788|1825|1831|1848|1857|1867|1882|1893|1894|1905|1911|1939|1946|1960|1968|1983|1997|2000|2006|2020|2023|2034|2039|2042|2058|2066|2072|2091,202.0,True
instance_0019.txt,random,823,102,792,898|1048|681|1731|261|379|1091|1811|2204|1018|839|2052|1946|1168|1712|1134|2055|1642|1513|1081|1671|2162|1277|1224|2171|1865|344|2075|914|542|212|2041|1427|2158|1869|1402|648|755|1967|1601|893|1187|1799|85|173|237|700|293|1475|107|1497|507|1028|761|2139|1742|1284|2019|2224|1758|1797|50|1380|911|1884|932|381|2013|104|1319|460|1440|21|2200|1225|194|1726|901|109|1762|625|842|19|1618|1808|744|1309|313|858|890|35|303|2065|1416|1159|584|1107|26|345|663|1660|1976|1063|2183|1891|1121|1437|2091|1535|1324|1733|1598|798|1422|78|1272|1346|1667|1631|1931|1337|456|1694|1792|38|2242|1483|883|1370|951|2146|66|327|1964|365|2175|1901|1701|1732|1237|6|492|1934|317|1537|1152|2231|1067|1255|1473|1681|1591|1122|1647|1438|1090|1013|1563|364|1352|1471|374|835|1725|1646|1972|227|1899|1467|1530|1435|1164|613|2040|1540|1915|278|2206|1154|1051|1585|743|808|1413|514|509|1817|702|506|1840|2082|873|1184|443|979|1449|2244|1766|1609|1132|1775|1043|342|1022|958|2149|498|904|1240|730|1400|253|1362|127|1191|825|710|1140|1439|1283|859|60|1508|837|1555|1870|1520|1353|495|2089|414|1886|703|2071|246|812|1684|235|1590|501|790|1987|228|2037|2049|2250|9|1064|2087|135|533|339|1514|925|1523|1691|406|1245|200|590|802|2160|693|1802|1882|2193|1489|1813|2159|1920|647|2005|1104|879|540|1058|1896|1605|1983|1596|1705|1577|1375|328|248|254|2053|25|1572|175|1378|586|257|1702|516|1393|1703|639|1442|1683|1868|1625|1068|2205|909|711|604|583|585|1690|918|875|671|1613|1137|2222|1369|453|596|1133|454|665|1579|485|1334|910|284|896|649|113|1957|678|190|1318|1252|508|995|434|124|1148|1849|2144|258|870|537|133|1863|412|845|1024|953|2079|51|386|688|262|792|325|1335|1301|1532|1916|1713|1978|445|1470|1776|1077|177|74|1315|673|1501|534|975|1042|735|2203|356|378|1273|1632|1913|749|737|1912|1390|106|759|44|1329|915|1536|2207|1087|1361|1769|630|1142|1208|1542|488|266|1049|2213|1755|738|676|999|803|408|20|1423|1030|2178|1363|1580|881|1498|1866|487|1559|1102|1239|723|554|602|624|1599|536|2148|1431|1327|1842|1801|2188|2140|549|263|461|2043|1014|1815|271|13|1785|2102|1894|983|1196|184|1450|2187|1971|376|382|854|56|1170|297|1641|1366|2030|2122|1806|1379|447|2220|1401|1302|1296|1433|740|2168|120|511|948|960|610|985|1911|1611|871|241|2163|894|202|599|274|1267|2210|1798|2051|1452|2254|1468|2097|1873|1975|2112|1552|2135|1286|1739|315|330|1092|22|375|1747|2118|502|976|289|31|1847|1066|285|2136|138|577|1839|1215|888|581|1860|2240|1244|2085|2235|1997|16|1465|2155|2232|565|642|1429|670|853|1406|377|1386|1771|245|2100|322|986|418|2141|1829|1603|1395|2057|628|1942|1017|1177|931|1343|103|1127|1294|65|1921|207|40|2161|1970|1270|1304|734|972|1545|978|2228|1735|1403|786|1958|683|1619|45|1546|1141|515|1820|1250|1963|2001|2119|1151|1354|329|1262|550|849|273|669|229|1682|29|1458|2021|1412|877|1926|400|1779|836|863|114|794|143|2117|2185|102|1128|962|1862|578|1009|579|1189|333|1306|1213|704|2165|750|420|2059|767|556|141|1612|2167|59|664|799|2156|2180|1492|2115|621|876|1765|499|1589|394|1218|1984|2142|91|1221|990|489|361|1364|1670|1228|922|594|866|305|2003|111|2192|81|726|1905|1486|1787|2011|977|1116|1661|1737|998|852|1330|441|956|1943|797|821|1326|576|1165|1233|982|1457|764|658|77|1040|1504|614|946|748|1539|618|1355|868|469|196|180|955|2076|2002|178|1922|684|806|1819|970|1130|869|1985|857|1738|1821|1414|679|2026|1904|1219|1235|219|2239|934|308|167|1558|1082|1065|921|572|672|1292|1027|304|1586|2111|215|2172|1714|1325|391|32|116|1103|1770|1727|1260|720|1531|1019|1088|819|1206|747|1046|762|1565|1477|927|350|100|1961|244|403|1161|1509|1909|1095|944|191|252|517|43|563|87|800|1047|1119|1953|1823|1117|239|1635|1575|286|1210|567|2177|742|1490|801|2245|183|775|1303|1118|2066|415|1188|2152|88|2000|34|1822|1446|1655|1454|446|1202|2031|1185|655|188|1557|1242,38|7|60|123|83|68|51|93|27|50|17|81|100|37|129|52|91|29|6|113|19|111|72|70|9|58|40|61|20|133|84|110|26|42|132|90|11|115|28|49|24|36|55|126|39|44|47|107|109|2|12|63|79|87|95|16|22|71|103|104|5|57|89|118|62|69|10|35|48|67|77|66|98|99|108|128|4|25|33|120|106|131|8|45|73|74|23|80|121|31|102|30|21|64|130|96|41|53|94|46|76|85,0|1|3|7|11|12|15|17|21|22|27|31|32|40|41|43|46|47|50|53|54|58|59|60|64|66|67|68|73|74|75|79|81|86|88|89|90|99|113|114|117|121|126|130|131|134|136|139|142|144|147|153|154|155|156|162|163|168|177|180|181|184|188|194|195|197|202|204|208|211|212|215|217|218|219|220|223|225|229|231|232|235|236|237|239|242|244|248|252|257|259|266|267|272|274|276|281|285|286|288|289|291|294|303|305|312|314|315|317|320|326|328|329|332|333|334|336|337|338|339|340|341|344|350|356|358|362|364|368|371|376|377|380|385|387|388|395|396|397|398|399|400|404|405|407|411|412|413|414|415|423|425|426|427|428|431|433|435|436|437|439|441|442|450|452|455|462|464|466|469|478|480|481|484|488|489|493|494|496|497|499|500|502|506|507|512|516|517|520|525|528|530|532|533|534|535|545|547|550|551|559|560|561|563|564|566|570|573|577|580|588|590|595|596|602|607|609|613|615|618|619|623|625|628|632|633|635|640|642|643|646|649|655|660|661|662|663|665|670|679|680|681|683|684|685|686|688|689|691|696|701|702|704|705|706|707|709|710|712|713|715|716|717|719|720|721|723|725|728|731|736|737|738|741|744|745|746|748|749|755|758|759|760|763|764|766|767|769|770|772|773|774|778|782|787|788|789|791|795|796|804|805|809|810|814|815|817|821|822|824|825|827|832|834|836|838|839|843|845|846|847|852|853|855|856|857|859|860|861|864|866|869|876|877|879|887|890|893|894|895|896|897|898|903|915|916|918|920|926|927|932|934|935|944|945|952|954|957|959|962|963|969|971|973|974|975|977|980|981|984|993|998|1001|1002|1005|1006|1008|1010|1011|1016|1020|1022|1027|1029|1031|1034|1035|1036|1038|1039|1040|1043|1044|1045|1047|1048|1051|1052|1054|1055|1057|1059|1061|1063|1065|1068|1071|1072|1074|1075|1078|1079|1080|1083|1084|1091|1094|1095|1096|1098|1100|1102|1103|1105|1109|1112|1119|1121|1122|1124|1127|1128|1130|1131|1132|1133|1134|1139|1143|1144|1147|1148|1149|1150|1152|1153|1154|1156|1159|1162|1170|1171|1172|1173|1175|1176|1181|1182|1183|1184|1185|1189|1191|1194|1197|1201|1202|1203|1204|1205|1208|1210|1211|1212|1213|1217|1218|1219|1223|1226|1227|1232|1235|1239|1240|1248|1250|1252|1253|1255|1256|1262|1263|1264|1266|1267|1269|1274|1275|1277|1282|1285|1295|1297|1298|1299|1301|1303|1308|1309|1312|1317|1318|1319|1322|1333|1335|1336|1337|1340|1341|1342|1345|1352|1357|1358|1359|1360|1363|1364|1366|1368|1371|1375|1383|1387|1389|1392|1399|1400|1403|1404|1405|1408|1409|1410|1411|1418|1422|1423|1426|1427|1432|1434|1437|1441|1444|1446|1447|1449|1454|1455|1457|1462|1463|1465|1466|1470|1472|1473|1478|1484|1490|1492|1494|1495|1496|1497|1500|1503|1505|1506|1509|1512|1513|1514|1517|1520|1524|1526|1531|1533|1534|1536|1539|1540|1543|1544|1545|1546|1548|1553|1554|1555|1557|1559|1563|1567|1568|1574|1576|1577|1580|1593|1604|1605|1608|1609|1617|1618|1621|1623|1624|1630|1633|1636|1641|1643|1648|1650|1651|1655|1658|1663|1664|1666|1667|1670|1681|1682|1683|1688|1689|1690|1696|1697|1698|1699|1701|1703|1712|1715|1716|1717|1719|1722|1725|1727|1730|1732|1736|1738|1741|1747|1748|1749|1750|1751|1758|1759|1760|1762|1766|1767|1771|1772|1776|1777|1779|1789|1790|1792|1793|1795|1798|1803|1804|1808|1810|1816|1819|1823|1830|1831|1832|1833|1836|1840|1841|1849|1851|1863|1868|1869|1876|1877|1881|1883|1886|1888|1891|1893|1895|1896|1899|1901|1904|1906|1907|1910|1913|1915|1916|1926|1930|1932|1933|1934|1937|1943|1944|1945|1946|1947|1950|1953|1954|1960|1965|1967|1968|1972|1975|1976|1980|1983|1985|1986|1989|1990|1992|1994|1995|1996|2000|2002|2004|2006|2007|2008|2009|2010|2016|2018|2020|2023|2031|2037|2043|2044|2051|2053|2056|2059|2064|2065|2066|2068|2072|2076|2079|2080|2083|2087|2088|2089|2091|2093|2095|2100|2101|2102,9.794117647058824,True
instance_0019.txt,smaller_multi,543,93,526,1656|2223|542|1674|420|263|657|1987|163|1911|1684|315|209|186|1459|1054|365|1464|948|298|1014|119|53|167|998|2076|837|832|78|1773|1762|1661|571|1948|1165|2154|644|683|1466|216|1229|2160|1017|1031|587|1669|656|1913|1183|690|409|1814|660|627|1406|1901|191|1497|1141|880|1365|1828|249|1623|2078|1800|2200|1055|221|951|780|1360|933|776|481|1722|1726|1982|178|1984|1246|1421|766|287|582|1174|2026|1038|1471|517|1926|1077|867|154|94|839|435|121|164|1586|1714|1667|142|599|2199|1698|1665|765|1782|173|1823|606|590|10|1095|1388|1420|1794|2151|982|1813|2067|1041|1284|1532|1799|792|1894|2214|1644|2149|985|347|2244|130|2203|850|223|1007|1954|1866|1582|1381|634|593|654|1198|1605|637|1350|1214|39|1398|1945|723|1423|2044|1891|1286|1094|1879|2250|1070|157|2159|176|360|2027|28|2208|2224|934|1429|1774|24|1293|1010|1357|150|526|1345|2110|1741|738|1703|342|1635|1751|646|93|973|26|193|252|385|639|1829|1102|718|1044|1934|1640|25|507|836|1769|1450|1824|676|1571|903|1105|18|345|1173|1525|861|1577|1179|1572|686|846|2|1965|328|1524|564|1795|726|2025|1955|1704|1240|1806|376|772|259|584|2145|1251|1518|1740|1245|390|72|99|391|745|257|560|169|414|1657|2127|1535|1339|1909|963|1786|278|569|79|1989|375|2091|1182|2251|1415|1113|2243|1818|1864|423|316|2120|498|188|824|1220|1042|387|1249|201|1649|840|664|1952|1352|2072|1846|410|630|1223|2118|1565|1872|1966|32|59|1221|1215|1427|41|597|461|872|1083|546|175|1224|707|2125|416|2077|1422|1590|183|761|1175|1270|1484|229|2184|1680|1999|22|1950|1753|1756|214|2073|433|1190|1460|1110|1599|1827|1148|2124|60|1993|431|1618|689|1168|709|1542|866|687|1826|1700|1561|895|266|333|1514|1472|1596|1624|1857|2102|1066|1440|1817|1564|932|1181|543|647|2230|2247|793|1276|945|2020|1711|476|1009|1708|1258|693|1719|1568|1211|129|1619|1336|857|567|534|892|1638|426|1836|158|541|1937|268|460|874|968|681|940|1327|1025|556|918|991|2165|1748|977|898|1653|691|491|631|602|1186|1125|1453|1073|1308|888|1995|1854|831|2036|1275|1641|803|2211|1919|802|1278|684|518|0|1228|156|1121|1559|1402|503|669|525|1944|1378|758|532|1840|2028|97|247|1788|1890|721|1282|488|2144|1861|883|1505|1543|813|1437|1747|1069|628|1145|2227|1608|80|1587|311|2222|1348|494|1797|1188|92|267|2059|722|1300|71|1880|239|106|1151|1720|605|1691|1001|1354|226|677|2075|195|2066|1392|132|1062|1678|2240|600|566|340|1291|2093|1978|1479|1566|27|419|1075|1452|1581|133|655|1958|2150|1506|2162|570|81|1178|1682|1016|1902|228|1693|1558|547|261|1626|1736|1463|264|44|1234|1744|174|1979,91|38|81|17|19|100|52|51|79|128|87|72|93|132|40|103|26|70|50|16|49|6|20|28|109|123|37|44|61|27|95|35|84|29|47|55|66|102|7|8|60|74|104|129|4|58|120|126|9|12|15|67|98|106|111|115|131|5|25|36|53|62|69|92|110|114|118|32|41|42|45|48|64|71|83|113|124|0|1|2|18|21|22|31|39|68|77|86|105|107|112|127|130,1|2|14|17|21|25|26|31|32|33|36|43|47|56|57|58|59|65|66|73|77|82|84|85|90|91|92|95|98|102|103|110|116|120|121|123|124|126|127|130|131|135|143|146|156|160|167|168|170|172|175|180|181|184|189|201|202|206|210|215|216|217|223|224|225|227|234|235|237|239|242|243|244|247|248|250|251|254|255|266|271|275|276|281|282|285|294|295|299|307|310|311|317|320|326|333|335|338|340|343|346|352|356|357|358|364|366|367|371|374|380|385|386|389|391|397|399|402|407|414|417|419|421|429|433|438|447|448|453|458|465|469|471|472|477|485|486|489|502|506|507|509|510|517|523|525|526|541|542|547|558|559|560|565|566|574|580|581|589|593|594|602|607|608|610|611|612|620|625|639|642|649|651|660|671|673|675|687|692|697|698|702|705|707|709|714|718|722|728|729|730|737|738|744|747|748|753|763|767|771|780|786|790|792|796|798|801|809|810|812|817|820|824|826|829|839|840|841|845|851|853|860|862|866|868|877|880|887|892|893|894|903|908|912|915|928|933|944|945|952|953|960|961|962|963|966|971|974|975|986|999|1001|1006|1009|1011|1013|1019|1024|1030|1032|1039|1048|1060|1063|1067|1070|1072|1075|1078|1080|1081|1085|1088|1091|1097|1099|1100|1102|1110|1111|1115|1131|1133|1134|1139|1149|1150|1151|1180|1182|1183|1186|1188|1195|1199|1201|1203|1206|1208|1209|1212|1216|1231|1234|1238|1240|1242|1243|1245|1246|1251|1253|1255|1257|1259|1265|1268|1272|1276|1285|1290|1306|1308|1328|1330|1333|1334|1335|1343|1346|1348|1353|1369|1371|1376|1379|1380|1384|1387|1390|1395|1398|1403|1406|1408|1410|1416|1417|1422|1423|1427|1431|1433|1434|1437|1440|1454|1463|1465|1472|1473|1475|1476|1480|1488|1489|1501|1502|1503|1507|1510|1511|1512|1516|1517|1524|1534|1537|1538|1540|1542|1547|1551|1554|1560|1564|1574|1580|1582|1583|1587|1588|1592|1603|1605|1606|1607|1611|1613|1617|1618|1620|1624|1625|1629|1635|1636|1637|1640|1645|1648|1649|1650|1651|1652|1656|1664|1669|1674|1678|1685|1692|1702|1704|1713|1721|1728|1732|1739|1740|1744|1745|1754|1764|1766|1769|1770|1771|1772|1773|1774|1776|1781|1789|1794|1802|1803|1809|1810|1819|1823|1826|1827|1834|1838|1839|1848|1850|1852|1854|1855|1857|1858|1860|1862|1869|1876|1877|1878|1882|1883|1884|1885|1903|1907|1910|1919|1924|1931|1933|1934|1936|1937|1939|1940|1942|1945|1946|1948|1949|1954|1957|1959|1966|1972|1978|1989|1991|1997|1998|1999|2001|2013|2017|2019|2027|2029|2034|2035|2040|2046|2047|2048|2049|2054|2057|2058|2060|2076|2078|2083|2084|2088|2092|2095|2101,10.741935483870968,True
instance_0020.txt,aisle_first_desc,2,1,4,2|1,4,1|2|3|4,5.0,True
instance_0020.txt,dinkelbach_mip,2,1,4,2|1,4,1|2|3|4,5.0,True
instance_0020.txt,random,4,3,5,3|4|2|1,4|1|2,0|1|2|3|4,3.6666666666666665,True
instance_0020.txt,smaller_multi,3,3,4,3|0|2,1|4|0,0|2|3|4,4.0,True
