instance,algorithm,num_orders,num_aisles,num_items,selected_orders,visited_aisles,selected_items,objective,feasible
instance_0001.txt,aisle_first_desc,11,3,24,60|19|41|23|24|42|55|57|11|26|33,15|71|97,5|7|11|16|17|28|52|62|68|69|75|77|83|87|90|92|109|113|114|119|130|134|139|140,12.0,True
instance_0001.txt,knapsack,19,25,51,20|19|17|16|14|13|12|11|10|9|8|7|6|5|4|3|2|1|0,97|35|87|9|43|13|38|112|33|83|55|0|1|4|15|41|49|53|57|64|74|80|82|91|92,2|9|13|14|20|21|24|25|26|27|28|29|30|33|35|36|43|55|56|58|61|66|67|68|69|72|74|76|81|83|84|86|94|97|105|106|114|117|123|125|127|129|130|132|133|135|142|145|146|149|152,2.72,True
instance_0001.txt,knapsack_density,21,17,42,60|54|51|43|42|39|38|34|26|25|23|20|15|11|9|8|7|5|3|2|0,64|71|97|9|72|13|108|79|83|112|0|4|6|12|17|49|82,2|3|5|7|10|11|13|21|27|28|29|31|35|36|38|41|42|53|61|63|69|71|81|84|90|92|94|113|115|116|117|124|127|135|136|142|143|145|149|151|152|153,3.764705882352941,True
instance_0001.txt,knapsack_seed,11,14,34,53|40|39|38|37|35|28|17|14|5|2,99|64|87|25|52|10|15|1|23|32|69|89|53|63,0|2|3|4|21|26|38|43|45|47|48|49|50|53|65|67|70|72|79|81|84|85|89|93|107|110|116|117|118|129|132|137|138|142,4.642857142857143,True
instance_0001.txt,random,14,18,35,60|47|59|4|5|55|32|49|53|20|2|41|0|51,99|64|71|15|97|72|81|38|39|91|52|87|112|17|21|24|28|83,2|6|8|11|13|16|21|23|27|31|36|37|40|59|62|66|75|76|77|78|81|84|87|93|107|109|113|117|120|122|131|133|135|136|142,3.7777777777777777,True
instance_0001.txt,smaller_multi,9,16,33,53|52|14|28|60|29|32|40|49,99|89|87|71|39|52|2|15|43|97|6|32|1|53|69|81,8|11|12|19|26|37|39|43|45|48|49|50|54|59|60|64|65|67|72|73|85|93|95|98|104|107|110|112|113|120|122|126|144,4.25,True
instance_0002.txt,aisle_first_desc,1,1,1,1,10,0,2.0,True
instance_0002.txt,knapsack,1,1,1,1,0,0,2.0,True
instance_0002.txt,knapsack_density,1,1,1,1,0,0,2.0,True
instance_0002.txt,knapsack_seed,1,1,1,1,0,0,2.0,True
instance_0002.txt,random,1,1,1,4,2,4,2.0,True
instance_0002.txt,smaller_multi,1,1,1,1,0,0,2.0,True
instance_0003.txt,aisle_first_desc,9,4,22,72|10|63|19|4|9|41|29|44,7|16|70|102,32|33|59|61|71|80|88|90|99|115|118|128|137|145|162|165|181|205|208|210|218|219,9.25,True
instance_0003.txt,knapsack,24,35,84,23|22|21|20|19|18|17|16|15|14|13|12|11|10|9|8|7|6|5|4|3|2|1|0,70|63|61|5|16|66|35|46|91|102|0|9|14|23|36|43|58|67|103|2|15|17|25|26|28|30|33|72|82|83|84|109|111|116|121,3|5|6|8|15|16|17|21|23|25|26|30|33|35|41|43|44|46|53|55|57|58|61|63|65|70|79|80|82|85|89|93|94|97|98|99|103|105|113|114|115|117|118|119|120|132|133|134|135|138|143|146|147|150|151|153|154|155|156|163|165|168|170|175|181|183|187|188|192|195|198|200|201|205|212|214|218|219|220|221|230|236|242|243,3.0285714285714285,True
instance_0003.txt,knapsack_density,31,27,65,78|72|62|57|47|46|43|41|40|37|33|32|30|29|28|27|24|21|20|19|17|14|13|11|10|9|8|7|4|2|1,16|61|80|63|24|39|58|93|102|5|42|46|9|23|28|67|72|91|4|7|13|17|44|70|83|86|109,5|14|18|23|28|32|33|34|41|43|45|53|61|62|63|69|71|75|76|80|82|84|88|89|93|96|97|98|99|114|115|118|119|121|122|128|130|131|133|137|143|144|155|162|165|168|171|181|182|183|185|187|193|195|197|205|210|215|216|218|219|221|228|229|243,3.925925925925926,True
instance_0003.txt,knapsack_seed,32,30,83,81|80|78|76|75|68|64|60|59|49|48|47|42|40|39|38|37|36|31|28|26|25|24|23|20|16|14|8|5|2|1|0,51|39|100|70|5|9|47|66|97|78|80|2|20|21|44|58|72|83|109|25|26|29|33|52|79|84|106|108|111|116,3|5|11|15|17|18|20|22|24|26|27|29|30|36|37|41|42|49|50|52|56|58|62|63|74|75|78|79|89|95|96|97|98|100|101|104|111|116|119|122|123|124|129|131|132|133|139|140|149|153|156|158|159|161|166|170|173|174|176|179|180|182|184|187|191|192|193|195|196|203|206|214|215|216|220|221|223|226|228|229|230|234|237,3.1,True
instance_0003.txt,random,28,29,73,47|54|55|14|48|9|59|16|49|22|30|19|0|52|24|40|4|75|5|20|57|11|7|77|74|38|72|42,16|70|51|80|63|60|61|89|91|102|92|109|9|39|5|21|66|78|97|100|116|4|18|44|58|67|111|6|52,2|5|14|15|17|26|29|38|49|50|51|53|55|56|58|61|62|70|74|79|80|81|86|87|93|98|99|100|104|111|115|118|122|124|128|131|132|133|137|138|140|142|143|153|156|158|165|167|168|170|172|181|182|183|185|187|190|191|192|193|197|198|199|201|206|214|216|219|228|230|239|242|244,3.6551724137931036,True
instance_0003.txt,smaller_multi,12,24,54,13|18|35|71|72|65|22|55|33|34|12|78,16|61|35|46|48|70|90|117|0|91|36|43|58|66|74|78|103|6|14|30|33|60|75|82,6|10|16|21|35|44|46|51|55|57|60|65|66|70|76|85|86|96|106|107|110|113|114|117|127|128|134|137|138|141|142|144|147|151|152|154|157|160|163|164|178|188|189|198|199|200|201|202|209|227|233|235|240|243,4.416666666666667,True
instance_0004.txt,aisle_first_desc,1,2,3,10,19|23,13|19|34,3.5,True
instance_0004.txt,knapsack,10,19,34,10|9|7|6|5|4|3|2|1|0,2|23|28|19|54|70|0|50|4|7|9|11|12|13|14|29|76|80|90,1|2|5|6|7|8|11|13|14|16|17|18|19|22|23|25|26|27|29|30|32|34|40|41|42|43|46|47|48|49|50|51|53|56,2.1052631578947367,True
instance_0004.txt,knapsack_density,10,18,26,13|12|10|8|6|5|4|3|2|1,2|23|39|28|32|4|27|54|58|0|1|9|12|14|18|69|70|77,0|1|8|11|12|13|18|19|20|22|26|29|31|32|34|35|37|39|40|41|48|49|50|51|54|55,2.111111111111111,True
instance_0004.txt,knapsack_seed,9,18,30,10|9|8|7|6|5|3|2|1,2|23|28|32|0|4|19|50|58|7|9|11|13|14|54|70|80|90,1|2|5|7|11|12|13|16|17|18|19|20|22|23|25|26|27|29|31|32|34|40|41|43|47|48|50|51|53|56,2.1666666666666665,True
instance_0004.txt,random,10,18,30,3|7|10|13|1|4|14|6|12|2,2|19|38|39|54|10|23|1|4|12|27|28|67|70|9|69|77|80,0|1|2|8|10|11|13|16|17|18|19|21|22|27|28|29|33|34|35|37|39|40|41|45|48|49|50|51|54|55,2.1666666666666665,True
instance_0004.txt,smaller_multi,6,19,30,9|12|11|10|8|0,2|23|27|39|16|32|90|58|7|11|13|19|28|29|46|48|50|54|76,0|4|5|6|7|9|12|13|14|19|20|23|24|25|30|31|34|35|36|37|38|39|42|43|46|47|52|53|56|57,2.1052631578947367,True
instance_0005.txt,aisle_first_desc,387,8,596,554|1997|459|245|1867|1466|2399|2488|2589|2513|2561|434|731|181|268|367|1096|1421|1669|143|465|539|998|1320|1718|1818|16|217|468|740|1357|1434|1846|1928|1963|68|98|175|674|714|855|986|1002|1246|1335|1564|1581|1728|1794|1842|2001|2255|2328|2339|2485|2543|198|225|239|297|341|359|488|559|564|684|823|884|904|940|968|1007|1062|1159|1164|1178|1207|1225|1253|1396|1461|1485|1494|1521|1562|1622|1732|1783|1834|1887|1988|2039|2066|2079|2115|2117|2214|2216|2271|2276|2332|2386|2500|2603|57|119|125|140|151|171|195|230|234|238|248|263|317|363|385|388|397|432|446|460|472|483|521|551|613|625|626|629|661|662|713|745|749|777|787|802|804|819|824|825|853|864|876|957|975|990|997|1001|1028|1034|1089|1112|1113|1134|1139|1226|1278|1400|1499|1502|1513|1528|1544|1585|1589|1592|1627|1643|1649|1677|1714|1729|1733|1788|1860|1877|1892|1929|1959|1965|1992|1994|2049|2059|2070|2071|2120|2124|2129|2145|2201|2218|2227|2259|2282|2290|2309|2313|2317|2343|2351|2365|2366|2369|2379|2395|2423|2436|2507|2521|2522|2529|2588|30|83|93|105|120|122|124|133|135|142|146|170|190|197|204|267|311|330|337|352|354|376|378|429|441|450|453|461|477|499|514|519|535|552|572|577|583|594|638|647|652|655|656|668|673|692|694|708|744|764|799|813|867|877|888|910|920|928|953|996|1036|1063|1088|1093|1102|1107|1109|1121|1137|1143|1146|1149|1153|1163|1177|1189|1190|1206|1208|1220|1254|1294|1306|1314|1322|1331|1343|1346|1356|1374|1377|1399|1411|1414|1435|1445|1448|1449|1460|1484|1500|1505|1517|1582|1584|1596|1602|1613|1663|1681|1696|1712|1736|1739|1743|1767|1773|1797|1810|1832|1843|1844|1849|1855|1868|1869|1908|1939|1993|2007|2012|2051|2094|2095|2108|2151|2176|2205|2207|2230|2231|2275|2287|2294|2303|2333|2335|2338|2361|2373|2381|2394|2403|2412|2416|2417|2447|2455|2465|2469|2490|2494|2495|2510|2512|2520|2550|2569|2586|2612,5|23|43|57|96|122|131|146,8|25|40|45|46|54|60|75|82|86|91|103|147|152|160|190|210|214|218|231|241|248|264|271|274|275|276|284|287|290|299|307|317|338|351|354|384|388|406|418|419|434|440|441|442|445|446|462|484|501|507|519|527|528|536|592|603|607|608|610|645|652|679|699|711|719|747|748|761|769|785|803|813|826|870|886|893|896|905|910|912|923|933|935|936|947|988|1021|1022|1042|1050|1075|1078|1082|1083|1107|1112|1124|1149|1155|1161|1164|1166|1174|1194|1215|1216|1220|1224|1240|1248|1257|1264|1270|1273|1292|1329|1331|1356|1365|1369|1371|1408|1413|1419|1423|1438|1440|1443|1465|1475|1486|1490|1495|1496|1505|1510|1520|1525|1526|1529|1537|1562|1570|1579|1584|1604|1625|1629|1631|1637|1642|1672|1686|1689|1695|1700|1709|1733|1738|1767|1774|1800|1802|1804|1815|1826|1831|1842|1868|1903|1914|1922|1923|1926|1931|1940|1946|1963|1966|1969|1971|1975|2007|2015|2018|2026|2036|2066|2094|2109|2144|2169|2183|2191|2198|2202|2226|2245|2251|2253|2264|2268|2274|2297|2304|2319|2333|2340|2353|2370|2386|2402|2403|2414|2434|2445|2464|2465|2467|2482|2487|2498|2500|2507|2510|2511|2512|2513|2539|2563|2568|2570|2582|2591|2601|2609|2619|2622|2632|2633|2640|2643|2651|2660|2666|2677|2686|2701|2765|2770|2772|2782|2794|2804|2809|2818|2826|2849|2858|2864|2871|2884|2888|2913|2929|2934|2938|2940|2945|2947|2948|2976|2978|2980|2989|3008|3052|3055|3059|3063|3070|3074|3076|3084|3092|3109|3120|3131|3132|3135|3141|3173|3205|3224|3228|3231|3255|3287|3294|3315|3318|3325|3331|3340|3355|3361|3366|3374|3379|3382|3383|3396|3423|3428|3438|3446|3453|3469|3474|3493|3506|3527|3586|3597|3601|3618|3641|3651|3665|3667|3668|3673|3675|3683|3684|3692|3705|3721|3734|3745|3746|3747|3788|3811|3826|3832|3837|3841|3857|3859|3861|3871|3883|3897|3898|3921|3922|3925|3927|3932|3942|3953|3960|3980|4009|4021|4022|4025|4030|4031|4055|4063|4074|4085|4092|4134|4150|4166|4171|4176|4187|4189|4204|4206|4207|4210|4229|4235|4237|4263|4270|4294|4300|4310|4316|4333|4355|4360|4362|4391|4397|4410|4433|4435|4437|4439|4447|4454|4470|4476|4479|4497|4501|4505|4539|4547|4551|4558|4574|4579|4600|4602|4606|4612|4642|4646|4657|4673|4676|4684|4685|4696|4703|4708|4715|4719|4720|4721|4730|4733|4755|4763|4768|4775|4785|4795|4797|4802|4829|4844|4860|4867|4871|4884|4897|4904|4912|4915|4929|4939|4950|4952|4955|4958|4979|4991|4994|5002|5012|5041|5045|5046|5048|5072|5078|5087|5097|5119|5121|5129|5142|5147|5156|5160|5173|5178|5181|5184|5195|5202|5203|5204|5216|5219|5236|5270|5296|5302|5310|5362|5363|5375|5410|5417|5423|5434|5455|5470|5479|5484|5491|5501|5502|5526|5532|5537|5556|5562|5565|5579|5583|5586|5610|5624|5635|5640|5655|5660|5667|5668|5672|5680|5681|5685|5722|5737|5739|5749|5764|5765|5781|5791|5808|5811|5824|5832|5848|5871|5872|5897|5913|5914|5923|5929|5939|5941|5954|5958|5967|5972|5973|5977|5984|6041|6054|6058|6108|6128|6142|6143|6151|6176|6180|6191|6196|6197|6199|6218|6235|6236|6244|6253|6279|6283|6294|6302|6308|6309|6310|6325|6369|6379|6385|6401|6406,167.5,True
instance_0005.txt,knapsack,212,119,1296,2269|14|1695|616|1410|666|509|1999|602|1942|554|2346|1520|1540|2243|1040|1074|1900|2157|573|1417|290|1493|1606|1873|2478|1279|470|1530|2008|2450|199|1049|1659|1920|534|687|1997|2210|557|1051|1442|2274|2620|76|474|849|1006|2196|2475|295|459|645|844|1099|1779|1793|1947|2041|244|245|326|1684|1802|1898|1944|109|452|547|850|1290|1388|1424|1952|2009|32|127|469|495|952|1210|1217|1508|1867|2211|2256|27|164|252|791|807|1160|1247|1349|1362|1693|1745|2109|2174|2195|2238|2345|161|207|287|570|832|874|883|979|1020|1026|1466|1761|2042|2180|2316|2368|2399|2578|646|869|894|946|1003|1065|1079|1108|1123|1187|1459|2187|2193|2337|2614|435|507|727|796|848|945|1037|1129|1407|1433|1512|1770|1831|1903|1948|1990|2376|2488|2524|2533|2535|2589|118|179|185|186|301|327|389|396|494|555|587|604|682|761|891|1035|1166|1181|1283|1471|1664|1678|1704|2056|2103|2208|2262|2356|2392|2461|2513|2555|2560|2561|64|228|233|286|288|423|434|457|487|493|603|688|724|767|771|826|842|872|1073|1081|2,32|99|134|5|46|56|95|122|84|20|146|28|157|127|7|142|23|43|90|96|110|124|51|60|81|144|121|72|21|78|132|57|94|83|89|123|41|153|49|118|148|39|40|112|120|26|48|61|147|107|135|31|79|14|158|59|68|73|87|131|0|30|52|69|92|130|143|18|116|133|4|19|151|10|44|47|106|129|155|2|6|55|77|117|126|16|27|29|53|58|65|70|71|85|98|113|149|159|1|8|9|22|34|42|45|54|67|82|86|93|97|108|109|111|119|141|150|154|160,1|2|6|8|9|11|19|22|27|34|37|39|41|43|46|49|50|52|53|57|58|64|65|82|83|88|94|97|105|107|108|113|118|121|127|131|140|159|160|174|181|195|196|205|209|215|219|231|242|247|252|257|262|265|268|275|276|278|285|294|306|310|312|322|324|328|330|338|345|346|349|356|359|363|366|370|371|372|382|396|398|419|430|445|452|466|468|473|480|487|488|510|520|522|524|526|530|544|552|555|556|563|566|570|571|580|582|583|587|588|591|593|597|599|602|609|619|621|622|633|636|637|646|664|665|676|680|686|693|696|698|704|710|719|720|730|731|739|745|747|750|752|758|759|763|764|765|770|775|776|784|786|796|798|801|806|811|825|827|838|842|848|857|865|876|891|900|901|904|905|908|913|922|930|936|944|949|951|952|955|961|965|968|970|982|984|987|993|995|997|1007|1018|1020|1026|1028|1033|1036|1040|1041|1045|1047|1050|1052|1053|1054|1059|1061|1065|1067|1073|1077|1087|1088|1093|1096|1097|1099|1100|1105|1107|1109|1113|1116|1117|1120|1124|1126|1132|1134|1143|1147|1148|1153|1157|1163|1172|1175|1177|1183|1191|1199|1205|1206|1210|1212|1213|1214|1219|1227|1229|1232|1240|1242|1244|1247|1251|1260|1266|1267|1273|1276|1278|1292|1294|1296|1306|1309|1310|1318|1319|1320|1321|1323|1334|1337|1338|1342|1350|1356|1357|1360|1366|1368|1369|1376|1382|1383|1386|1392|1394|1396|1407|1408|1409|1416|1426|1429|1434|1437|1439|1471|1478|1491|1498|1502|1511|1512|1513|1514|1528|1538|1540|1541|1544|1554|1559|1566|1568|1581|1587|1588|1592|1596|1597|1613|1634|1639|1641|1647|1650|1651|1660|1677|1683|1691|1695|1701|1704|1708|1715|1716|1718|1722|1725|1726|1735|1736|1741|1743|1745|1747|1748|1751|1753|1760|1761|1764|1768|1771|1775|1782|1788|1798|1802|1809|1818|1831|1836|1837|1841|1844|1847|1849|1870|1875|1876|1878|1882|1891|1894|1896|1902|1910|1911|1912|1918|1921|1927|1928|1930|1938|1939|1948|1949|1951|1962|1963|1968|1970|1971|1973|1975|1976|1978|1991|1992|2010|2012|2013|2031|2033|2035|2039|2040|2046|2049|2051|2059|2061|2062|2067|2072|2078|2080|2085|2087|2091|2095|2097|2104|2105|2107|2118|2119|2132|2138|2139|2142|2143|2146|2157|2161|2162|2166|2170|2173|2175|2177|2179|2180|2183|2192|2195|2196|2210|2213|2226|2229|2233|2235|2236|2240|2248|2249|2250|2254|2256|2259|2260|2263|2267|2270|2275|2280|2282|2287|2305|2307|2311|2312|2320|2323|2324|2330|2350|2351|2352|2354|2357|2364|2367|2368|2370|2371|2374|2375|2377|2387|2393|2395|2398|2400|2401|2405|2406|2408|2416|2424|2429|2432|2433|2435|2437|2438|2442|2449|2452|2456|2471|2472|2473|2489|2496|2518|2519|2529|2530|2532|2553|2555|2561|2562|2570|2577|2579|2587|2595|2597|2600|2610|2614|2616|2619|2620|2625|2629|2646|2650|2653|2662|2666|2667|2675|2681|2683|2690|2699|2703|2704|2709|2710|2719|2720|2721|2724|2727|2728|2739|2740|2741|2742|2748|2749|2751|2752|2762|2764|2771|2779|2782|2783|2784|2786|2792|2801|2806|2807|2808|2816|2819|2829|2835|2838|2842|2843|2845|2859|2860|2867|2878|2880|2886|2887|2891|2892|2901|2905|2907|2919|2920|2924|2925|2926|2935|2946|2952|2954|2955|2957|2960|2964|2970|2971|2975|2976|2977|2980|2987|2990|2992|2994|2996|3015|3023|3024|3037|3041|3049|3050|3057|3068|3073|3075|3080|3097|3112|3119|3126|3130|3143|3154|3163|3165|3172|3179|3181|3191|3213|3216|3223|3227|3229|3231|3234|3236|3237|3239|3252|3254|3257|3263|3264|3267|3274|3276|3278|3280|3282|3289|3298|3308|3310|3317|3318|3319|3321|3322|3323|3324|3345|3352|3358|3367|3375|3378|3383|3386|3387|3391|3392|3401|3403|3407|3409|3414|3417|3426|3434|3438|3441|3444|3445|3448|3450|3451|3453|3454|3455|3457|3458|3473|3475|3487|3490|3494|3495|3501|3503|3509|3512|3517|3519|3525|3536|3537|3539|3542|3543|3546|3554|3556|3558|3567|3568|3570|3582|3604|3611|3617|3621|3628|3629|3631|3633|3639|3641|3644|3647|3648|3658|3681|3693|3694|3706|3715|3719|3722|3724|3726|3728|3738|3739|3740|3742|3751|3763|3776|3778|3784|3803|3811|3819|3823|3827|3829|3830|3835|3840|3847|3859|3862|3889|3895|3901|3905|3912|3919|3922|3923|3931|3934|3936|3954|3955|3957|3960|3970|3973|3974|3985|3986|3991|3995|3997|3999|4008|4022|4026|4031|4032|4035|4038|4043|4045|4046|4054|4064|4065|4069|4072|4079|4083|4088|4089|4094|4096|4097|4101|4103|4107|4113|4123|4127|4128|4129|4131|4133|4134|4136|4146|4151|4159|4160|4169|4170|4176|4178|4186|4188|4198|4215|4224|4225|4226|4230|4238|4242|4243|4248|4291|4300|4318|4325|4326|4331|4334|4337|4340|4343|4345|4347|4348|4351|4353|4357|4372|4375|4377|4382|4384|4389|4391|4398|4399|4404|4418|4427|4430|4431|4439|4457|4472|4473|4477|4484|4485|4486|4496|4501|4506|4520|4525|4529|4535|4536|4544|4560|4563|4564|4565|4569|4579|4582|4588|4592|4596|4617|4627|4630|4633|4635|4637|4642|4651|4667|4670|4672|4677|4680|4683|4685|4692|4694|4697|4699|4700|4710|4712|4716|4722|4723|4724|4725|4734|4751|4755|4758|4760|4764|4767|4771|4777|4782|4787|4791|4792|4794|4803|4804|4805|4808|4810|4819|4821|4822|4824|4825|4828|4833|4842|4844|4862|4863|4886|4887|4900|4902|4907|4909|4914|4915|4924|4931|4936|4937|4940|4946|4948|4976|4980|4982|4992|4994|4996|4998|5006|5007|5010|5017|5019|5025|5028|5029|5034|5040|5042|5048|5050|5056|5057|5075|5076|5081|5086|5087|5091|5094|5095|5100|5113|5129|5134|5142|5143|5144|5146|5152|5154|5157|5158|5166|5180|5181|5186|5193|5206|5211|5214|5217|5218|5221|5224|5226|5230|5235|5237|5240|5247|5256|5260|5264|5269|5273|5274|5281|5282|5283|5290|5295|5304|5305|5306|5310|5313|5320|5324|5337|5338|5339|5343|5354|5355|5360|5369|5371|5378|5386|5396|5401|5403|5406|5415|5419|5420|5424|5425|5427|5431|5434|5457|5459|5475|5485|5487|5491|5493|5494|5496|5503|5512|5516|5518|5523|5524|5525|5532|5535|5538|5539|5553|5560|5563|5564|5573|5585|5586|5587|5588|5595|5598|5601|5605|5607|5627|5629|5632|5638|5645|5649|5653|5654|5657|5658|5664|5666|5667|5671|5673|5678|5680|5681|5691|5696|5697|5709|5713|5723|5725|5730|5733|5734|5738|5739|5742|5743|5744|5749|5751|5760|5761|5763|5767|5787|5794|5803|5804|5808|5819|5836|5845|5848|5851|5853|5856|5857|5859|5862|5865|5878|5880|5886|5893|5899|5900|5901|5913|5916|5922|5923|5927|5934|5940|5945|5946|5959|5960|5961|5963|5968|5989|5994|5997|6004|6014|6016|6018|6022|6023|6027|6038|6040|6047|6050|6057|6061|6086|6089|6091|6096|6099|6105|6107|6110|6127|6128|6130|6135|6138|6144|6151|6167|6171|6174|6183|6197|6200|6201|6211|6212|6217|6227|6232|6235|6237|6240|6244|6250|6254|6255|6257|6259|6260|6265|6268|6272|6283|6285|6287|6291|6292|6298|6299|6306|6312|6314|6316|6320|6321|6326|6327|6339|6341|6348|6352|6353|6354|6355|6359|6361|6362|6363|6366|6384|6385|6392|6396,32.35294117647059,True
instance_0005.txt,knapsack_density,0,0,0,,,,0.0,False
instance_0005.txt,knapsack_seed,984,132,2537,3|5|8|11|15|22|26|28|38|39|45|50|53|61|69|73|74|84|97|101|104|111|136|145|149|166|172|176|177|188|200|202|205|208|212|227|232|246|250|257|259|260|271|279|284|292|303|308|309|318|323|325|335|338|370|373|375|379|380|383|403|418|424|427|442|444|448|457|467|481|494|498|510|516|522|526|541|543|544|546|550|556|565|568|569|571|586|588|621|624|627|649|650|651|659|691|699|703|721|741|748|754|757|769|770|772|776|778|780|784|788|800|812|814|816|818|820|821|831|836|852|854|870|922|927|939|945|948|950|956|966|969|991|992|1010|1016|1046|1055|1064|1067|1070|1092|1098|1115|1120|1122|1127|1128|1135|1136|1140|1144|1152|1167|1184|1185|1191|1193|1195|1197|1209|1214|1223|1227|1229|1236|1237|1240|1244|1245|1251|1255|1264|1270|1277|1285|1299|1303|1304|1311|1317|1329|1330|1332|1339|1341|1347|1353|1360|1368|1370|1376|1382|1394|1405|1406|1425|1430|1444|1452|1455|1456|1469|1481|1496|1507|1515|1523|1526|1532|1535|1538|1539|1541|1547|1548|1554|1555|1557|1559|1566|1568|1571|1573|1574|1577|1578|1579|1583|1586|1593|1600|1605|1611|1612|1619|1621|1630|1631|1632|1633|1654|1667|1688|1692|1716|1719|1754|1755|1764|1771|1776|1782|1796|1801|1809|1820|1822|1841|1850|1861|1870|1876|1879|1880|1883|1893|1895|1896|1902|1905|1925|1931|1934|1935|1941|1955|1969|1979|2014|2018|2020|2057|2060|2062|2067|2072|2085|2087|2096|2101|2106|2113|2143|2148|2149|2150|2160|2168|2183|2184|2186|2189|2204|2209|2210|2212|2217|2221|2223|2224|2239|2241|2249|2250|2251|2262|2269|2280|2281|2299|2302|2305|2331|2342|2347|2357|2363|2374|2377|2384|2391|2393|2401|2406|2410|2419|2431|2437|2444|2448|2457|2462|2471|2480|2484|2498|2499|2539|2542|2545|2551|2553|2555|2560|2568|2572|2574|2597|2598|2599|2601|2605|2606|2607|2613|2623|1349|1272|72|110|129|301|570|883|1250|2240|2288|2405|1196|1785|231|553|718|865|1006|1188|1462|1670|2190|2291|42|56|75|95|116|154|220|345|407|433|525|562|634|635|639|706|733|795|806|815|919|1060|1071|1085|1095|1106|1142|1155|1273|1287|1372|1386|1397|1432|1436|1487|1558|1572|1707|1725|1763|1815|1831|1945|1991|2026|2036|2063|2122|2182|2258|2325|2344|2414|2443|2593|2594|2620|80|247|839|930|1201|1222|1284|1827|2360|1|7|18|24|34|41|85|92|123|137|152|159|168|173|182|185|196|242|274|276|283|286|366|369|372|374|387|393|400|417|419|520|533|537|574|592|601|614|615|616|664|671|680|696|697|723|752|755|759|792|798|801|828|890|905|913|924|954|963|964|978|1004|1009|1024|1044|1053|1054|1069|1073|1077|1097|1108|1161|1169|1171|1192|1203|1205|1238|1243|1275|1297|1310|1312|1316|1318|1324|1333|1348|1355|1358|1365|1450|1467|1480|1491|1522|1550|1553|1560|1567|1576|1580|1597|1615|1636|1640|1652|1657|1666|1674|1697|1699|1708|1710|1713|1753|1778|1787|1792|1839|1852|1874|1878|1890|1914|1943|1949|1956|1973|1978|1986|1998|2004|2040|2043|2047|2052|2053|2069|2076|2078|2086|2111|2116|2135|2144|2162|2169|2175|2257|2272|2348|2378|2411|2415|2418|2427|2428|2434|2442|2536|2552|2556|2573|2579|2585|2609|2356|19|82|94|287|307|320|356|642|704|791|866|917|938|1011|1017|1045|1104|1260|1261|1282|1451|1804|1917|1940|2015|2030|2102|2112|2268|2308|2385|2400|2491|2497|2547|2610|187|396|458|667|1123|1305|1415|1478|1995|2097|2119|2174|2527|958|2370|1283|13|21|35|40|46|58|59|62|65|67|78|79|81|90|91|96|99|103|107|118|121|128|134|139|141|157|158|167|183|192|203|210|214|216|219|226|229|236|253|254|255|262|282|288|294|296|299|302|304|310|343|344|346|360|361|362|364|365|368|390|395|414|421|438|439|447|449|462|466|480|485|486|500|504|511|512|517|518|527|529|530|538|545|563|576|578|589|593|595|605|609|619|628|641|657|660|663|669|672|676|679|683|685|686|689|698|711|712|722|728|730|734|743|750|751|756|758|773|774|775|779|785|790|803|805|809|829|835|838|841|845|849|856|859|862|871|878|880|885|886|896|900|903|906|912|921|925|935|947|971|974|980|982|987|999|1005|1008|1015|1019|1021|1022|1025|1029|1031|1033|1037|1040|1041|1078|1083|1087|1091|1116|1119|1125|1126|1131|1133|1138|1151|1158|1166|1168|1170|1172|1175|1176|1180|1182|1194|1198|1204|1212|1213|1217|1218|1231|1232|1234|1256|1265|1281|1293|1298|1300|1301|1313|1323|1326|1327|1336|1342|1354|1361|1366|1369|1371|1379|1380|1383|1389|1390|1392|1395|1401|1408|1420|1428|1439|1454|1459|1473|1488|1498|1506|1509|1510|1543|1549|1551|1563|1588|1590|1591|1595|1601|1608|1614|1617|1623|1625|1638|1644|1645|1653|1655|1660|1664|1672|1675|1683|1687|1694|1702|1703|1709|1715|1720|1734|1737|1738|1744|1750|1759|1774|1777|1789|1799|1805|1812|1813|1814|1823|1845|1851|1858|1882|1884|1912|1915|1932|1950|1951|1953|1958|2002|2005|2013|2017|2019|2021|2024|2025|2027|2045,95|39|28|52|156|78|6|133|83|26|41|45|111|153|107|158|99|127|151|124|120|5|58|90|79|32|116|147|68|56|118|1|108|30|121|48|16|19|23|129|54|7|142|85|0|10|109|69|71|117|123|51|20|49|106|27|96|144|70|131|132|157|2|31|125|18|21|50|98|126|14|53|65|86|112|15|34|55|66|74|92|154|61|84|57|130|8|40|44|59|81|105|143|152|159|67|80|91|135|145|148|160|29|94|110|119|122|146|4|22|47|97|136|140|3|9|43|72|89|104|155|17|37|46|77|82|113|128|134|137|141|150,3|6|7|10|11|14|15|17|24|26|28|29|31|33|36|39|42|45|51|55|62|68|71|76|77|78|79|84|88|92|95|96|98|100|102|106|107|108|110|111|113|115|119|124|128|132|133|138|141|142|145|148|151|154|157|158|159|161|162|163|164|165|168|170|172|180|183|184|185|187|191|197|198|199|200|201|204|207|211|212|219|220|222|225|226|230|233|234|237|239|242|246|250|253|254|255|259|262|267|269|271|272|277|279|280|283|286|288|289|291|295|296|298|301|303|305|308|309|311|313|318|325|326|327|330|331|333|334|346|348|353|356|365|369|371|373|376|377|378|380|381|382|383|385|394|395|397|401|408|409|410|413|416|421|423|424|425|426|427|428|429|438|439|443|444|447|448|451|453|454|455|457|460|461|463|465|467|470|471|474|480|486|490|492|493|495|498|499|503|506|508|509|510|511|512|515|516|517|521|524|529|534|535|538|539|543|545|547|548|550|553|554|558|559|560|561|564|565|567|568|572|573|574|577|579|584|588|590|598|600|601|606|611|612|613|618|620|622|624|625|629|630|635|636|639|641|643|648|654|657|658|659|663|668|669|672|675|676|677|683|684|687|689|698|702|708|709|712|713|716|718|719|721|722|724|725|726|729|730|734|735|737|739|740|753|755|757|762|764|766|772|777|778|779|780|781|784|786|789|795|797|801|802|805|809|810|816|818|821|823|824|828|829|830|832|837|845|846|847|850|851|852|854|855|858|860|861|862|866|868|869|871|873|874|877|878|880|883|885|890|891|894|896|897|899|902|903|907|909|913|917|918|919|921|925|928|931|940|941|948|951|954|956|959|961|962|963|964|966|967|972|973|974|977|978|984|985|986|989|990|991|992|994|998|1001|1002|1005|1006|1011|1013|1014|1016|1017|1023|1025|1027|1028|1029|1030|1031|1032|1035|1037|1038|1041|1046|1047|1048|1049|1051|1055|1058|1060|1066|1069|1070|1072|1076|1079|1085|1091|1092|1094|1095|1097|1098|1102|1104|1105|1106|1108|1110|1113|1118|1119|1122|1127|1128|1131|1138|1139|1140|1142|1145|1151|1152|1156|1162|1167|1168|1169|1170|1180|1181|1182|1183|1187|1188|1189|1193|1195|1196|1200|1202|1213|1217|1218|1223|1227|1237|1241|1245|1250|1252|1253|1255|1258|1259|1261|1262|1271|1276|1279|1280|1282|1283|1284|1286|1298|1300|1301|1305|1310|1312|1313|1316|1317|1320|1321|1322|1325|1330|1333|1339|1340|1341|1344|1345|1346|1349|1351|1352|1358|1361|1363|1370|1372|1373|1374|1377|1380|1383|1384|1385|1388|1389|1392|1395|1396|1398|1399|1400|1401|1404|1410|1411|1418|1422|1425|1427|1430|1431|1436|1437|1439|1442|1446|1447|1448|1449|1451|1452|1453|1455|1456|1461|1462|1464|1467|1469|1470|1472|1474|1477|1478|1479|1481|1482|1487|1489|1491|1492|1493|1497|1499|1501|1503|1504|1506|1507|1508|1511|1515|1516|1522|1523|1527|1532|1539|1541|1542|1543|1549|1550|1551|1555|1556|1557|1560|1568|1569|1573|1577|1585|1587|1592|1593|1594|1595|1596|1597|1599|1600|1602|1605|1612|1614|1615|1617|1618|1619|1621|1623|1624|1627|1628|1638|1640|1643|1646|1647|1648|1649|1650|1652|1653|1657|1658|1660|1661|1663|1665|1666|1667|1669|1670|1671|1673|1675|1676|1677|1678|1682|1684|1685|1688|1692|1694|1697|1701|1703|1705|1706|1714|1717|1718|1722|1724|1727|1728|1732|1742|1744|1746|1748|1749|1754|1756|1757|1760|1776|1777|1778|1780|1781|1783|1785|1786|1789|1790|1791|1792|1794|1795|1802|1804|1805|1807|1808|1814|1818|1820|1827|1828|1830|1832|1833|1834|1835|1837|1838|1839|1841|1851|1856|1858|1859|1860|1862|1865|1866|1869|1871|1872|1877|1879|1880|1883|1884|1886|1887|1889|1892|1895|1896|1898|1899|1900|1901|1903|1907|1908|1909|1911|1915|1916|1921|1927|1933|1935|1938|1944|1945|1950|1951|1953|1954|1955|1957|1959|1961|1964|1965|1967|1973|1974|1977|1979|1981|1982|1985|1986|1987|1993|1994|1995|1997|1998|1999|2000|2001|2003|2010|2011|2017|2019|2021|2023|2025|2027|2028|2029|2035|2039|2041|2042|2044|2050|2055|2056|2057|2063|2064|2065|2067|2076|2078|2083|2084|2086|2091|2092|2093|2096|2097|2098|2099|2101|2102|2103|2109|2110|2113|2114|2117|2119|2120|2121|2122|2123|2127|2129|2132|2134|2137|2138|2139|2146|2148|2151|2152|2154|2155|2159|2164|2165|2168|2174|2176|2178|2180|2184|2185|2190|2193|2195|2200|2203|2204|2206|2207|2211|2215|2221|2224|2225|2227|2228|2233|2234|2240|2241|2247|2252|2254|2255|2257|2266|2269|2273|2276|2277|2280|2281|2282|2287|2290|2291|2292|2296|2300|2301|2302|2303|2306|2308|2310|2312|2313|2316|2321|2322|2325|2332|2334|2341|2342|2348|2350|2351|2352|2355|2358|2359|2360|2361|2362|2363|2365|2367|2372|2379|2382|2383|2384|2390|2392|2396|2405|2407|2409|2412|2419|2420|2421|2422|2423|2424|2427|2431|2436|2441|2443|2444|2447|2448|2449|2451|2453|2454|2457|2458|2459|2460|2462|2463|2465|2473|2474|2475|2477|2480|2481|2486|2489|2493|2495|2496|2499|2502|2517|2519|2520|2522|2523|2524|2526|2527|2529|2530|2532|2533|2535|2536|2538|2540|2542|2544|2549|2553|2554|2556|2557|2560|2561|2564|2567|2569|2570|2571|2572|2576|2579|2580|2586|2588|2593|2594|2595|2603|2604|2605|2607|2611|2615|2616|2617|2618|2620|2623|2627|2628|2631|2642|2648|2649|2653|2654|2656|2658|2659|2662|2664|2665|2666|2669|2672|2673|2676|2678|2680|2682|2684|2689|2692|2695|2696|2698|2700|2702|2707|2711|2712|2715|2716|2717|2718|2723|2724|2726|2728|2729|2732|2734|2735|2736|2737|2738|2745|2747|2748|2753|2754|2757|2761|2764|2766|2767|2771|2773|2777|2778|2781|2784|2785|2788|2789|2790|2792|2793|2795|2796|2799|2800|2805|2810|2811|2815|2820|2821|2823|2824|2825|2827|2830|2832|2833|2834|2835|2836|2839|2841|2842|2847|2848|2850|2851|2852|2854|2857|2859|2861|2863|2865|2867|2868|2872|2873|2880|2890|2892|2893|2895|2897|2899|2903|2908|2909|2915|2917|2919|2921|2927|2931|2933|2935|2936|2939|2941|2942|2952|2956|2957|2958|2962|2963|2967|2969|2972|2974|2977|2982|2983|2986|2988|2993|2997|3001|3003|3004|3005|3006|3009|3015|3017|3018|3020|3021|3022|3023|3025|3028|3030|3031|3035|3036|3039|3042|3043|3046|3053|3058|3065|3068|3079|3082|3083|3087|3089|3090|3093|3094|3095|3098|3101|3104|3106|3110|3111|3113|3114|3116|3118|3121|3123|3125|3133|3136|3137|3142|3145|3148|3151|3154|3158|3159|3162|3164|3165|3169|3172|3174|3175|3177|3179|3182|3183|3184|3190|3194|3195|3198|3199|3200|3201|3203|3205|3206|3210|3211|3212|3215|3217|3218|3219|3220|3222|3225|3230|3232|3233|3234|3239|3240|3242|3243|3244|3245|3246|3247|3251|3253|3254|3259|3271|3272|3274|3275|3278|3283|3285|3286|3290|3293|3295|3298|3299|3300|3302|3303|3304|3305|3306|3307|3309|3312|3313|3321|3323|3326|3328|3330|3334|3338|3339|3342|3343|3346|3348|3351|3353|3357|3358|3360|3361|3363|3364|3365|3368|3369|3370|3376|3377|3381|3383|3384|3389|3393|3395|3396|3400|3402|3405|3412|3415|3419|3421|3424|3426|3427|3432|3433|3434|3451|3452|3456|3459|3462|3463|3464|3465|3467|3471|3476|3478|3480|3482|3484|3485|3486|3487|3489|3492|3496|3499|3501|3502|3505|3508|3509|3510|3511|3519|3521|3523|3525|3526|3529|3532|3534|3539|3540|3541|3543|3545|3547|3549|3550|3551|3552|3554|3555|3557|3562|3565|3566|3573|3574|3576|3578|3579|3581|3583|3589|3598|3600|3603|3604|3605|3606|3610|3614|3615|3616|3621|3623|3624|3625|3626|3627|3633|3635|3642|3646|3649|3653|3656|3657|3658|3659|3660|3662|3663|3664|3666|3674|3679|3680|3681|3682|3685|3686|3687|3691|3696|3697|3698|3699|3700|3701|3703|3706|3707|3708|3709|3710|3711|3713|3718|3720|3723|3727|3728|3732|3733|3734|3736|3737|3740|3748|3749|3752|3753|3754|3757|3759|3761|3762|3764|3765|3770|3771|3772|3779|3780|3782|3785|3787|3789|3790|3791|3792|3795|3796|3797|3801|3802|3804|3805|3806|3810|3812|3813|3814|3818|3821|3823|3829|3830|3834|3836|3839|3842|3845|3846|3850|3852|3853|3854|3856|3863|3864|3867|3868|3872|3875|3876|3878|3879|3880|3881|3884|3885|3887|3888|3891|3892|3896|3899|3900|3902|3903|3906|3907|3910|3911|3914|3916|3923|3924|3926|3929|3930|3933|3937|3941|3943|3946|3950|3951|3952|3958|3961|3962|3968|3969|3971|3972|3974|3975|3978|3979|3982|3988|3989|3990|3993|3995|4000|4001|4004|4005|4010|4011|4012|4019|4020|4023|4024|4025|4028|4031|4035|4037|4042|4044|4052|4057|4060|4062|4066|4073|4077|4078|4081|4082|4084|4086|4093|4095|4098|4100|4101|4102|4104|4106|4107|4110|4111|4112|4114|4116|4118|4119|4120|4122|4127|4130|4135|4140|4141|4145|4147|4153|4155|4156|4158|4163|4165|4169|4172|4179|4180|4183|4184|4185|4186|4191|4195|4196|4208|4213|4217|4219|4220|4221|4223|4224|4228|4231|4233|4234|4236|4239|4245|4246|4251|4252|4255|4257|4262|4266|4268|4269|4271|4272|4273|4275|4278|4280|4283|4284|4286|4287|4288|4292|4293|4301|4302|4303|4311|4313|4314|4321|4324|4327|4328|4331|4335|4336|4337|4338|4339|4342|4344|4345|4346|4347|4349|4350|4354|4358|4363|4364|4365|4366|4367|4368|4369|4372|4376|4378|4380|4381|4384|4389|4390|4394|4395|4400|4401|4402|4403|4405|4413|4414|4417|4420|4421|4423|4424|4425|4438|4441|4443|4444|4445|4452|4458|4460|4463|4465|4467|4468|4469|4471|4472|4477|4480|4481|4482|4487|4491|4492|4494|4495|4497|4498|4499|4501|4502|4503|4506|4507|4509|4510|4517|4518|4519|4521|4523|4524|4526|4530|4531|4532|4534|4536|4537|4538|4541|4542|4545|4546|4549|4550|4553|4554|4556|4557|4561|4562|4563|4571|4573|4576|4578|4580|4581|4585|4586|4590|4592|4593|4597|4598|4601|4603|4607|4609|4613|4615|4619|4620|4623|4624|4625|4626|4628|4629|4630|4638|4639|4640|4643|4645|4649|4653|4654|4655|4659|4660|4661|4662|4664|4665|4666|4671|4679|4681|4682|4683|4686|4687|4688|4689|4691|4698|4702|4705|4706|4709|4714|4715|4724|4725|4727|4731|4735|4736|4737|4740|4741|4742|4744|4745|4746|4750|4753|4754|4755|4756|4757|4758|4762|4764|4770|4771|4772|4773|4774|4778|4779|4782|4784|4786|4787|4788|4791|4796|4798|4801|4806|4807|4808|4809|4812|4813|4816|4818|4820|4821|4826|4831|4832|4834|4835|4836|4837|4838|4843|4844|4848|4850|4854|4855|4858|4859|4861|4862|4864|4866|4868|4873|4876|4877|4878|4880|4881|4882|4883|4885|4886|4887|4888|4891|4893|4894|4895|4896|4899|4901|4906|4908|4911|4913|4920|4921|4922|4924|4925|4927|4930|4933|4935|4941|4942|4943|4944|4949|4951|4953|4956|4959|4960|4961|4962|4963|4964|4966|4968|4973|4977|4978|4981|4989|4999|5000|5005|5008|5013|5014|5015|5017|5018|5019|5020|5021|5022|5027|5032|5034|5035|5037|5049|5051|5052|5053|5054|5055|5058|5060|5061|5062|5064|5066|5069|5073|5074|5075|5080|5083|5084|5086|5088|5089|5090|5093|5099|5104|5111|5112|5116|5117|5120|5122|5123|5124|5125|5126|5127|5128|5133|5136|5137|5139|5142|5153|5155|5159|5163|5164|5165|5167|5170|5171|5175|5179|5183|5187|5188|5189|5190|5196|5198|5199|5200|5201|5205|5209|5210|5213|5215|5218|5220|5227|5230|5231|5232|5233|5234|5236|5238|5239|5244|5248|5249|5250|5252|5253|5255|5260|5261|5264|5267|5268|5275|5276|5277|5279|5280|5284|5285|5289|5299|5300|5303|5307|5311|5312|5316|5319|5327|5329|5333|5336|5342|5348|5349|5350|5351|5356|5358|5359|5361|5364|5366|5367|5370|5376|5377|5379|5382|5388|5391|5392|5393|5394|5395|5398|5400|5404|5405|5407|5408|5412|5413|5415|5421|5422|5428|5430|5433|5435|5437|5439|5440|5442|5443|5444|5450|5453|5454|5460|5461|5465|5466|5468|5469|5471|5474|5479|5481|5482|5483|5486|5488|5490|5492|5497|5500|5508|5509|5511|5512|5513|5514|5517|5521|5522|5525|5527|5528|5529|5533|5535|5536|5539|5540|5542|5543|5546|5547|5548|5551|5552|5558|5559|5560|5564|5568|5569|5570|5571|5572|5574|5577|5578|5580|5584|5585|5591|5594|5596|5599|5603|5604|5607|5608|5610|5614|5616|5617|5618|5620|5626|5634|5637|5641|5642|5647|5648|5650|5652|5656|5659|5660|5662|5663|5665|5669|5673|5676|5680|5684|5686|5687|5688|5691|5693|5694|5695|5696|5702|5704|5707|5711|5714|5719|5720|5723|5724|5728|5729|5732|5735|5744|5746|5749|5753|5769|5770|5773|5775|5776|5780|5781|5782|5783|5784|5785|5790|5792|5793|5795|5796|5797|5798|5800|5801|5806|5807|5809|5812|5813|5815|5820|5821|5823|5829|5834|5837|5838|5839|5841|5844|5845|5847|5849|5850|5854|5855|5856|5858|5860|5864|5865|5867|5874|5876|5877|5879|5881|5884|5887|5888|5889|5892|5897|5898|5902|5903|5904|5907|5908|5909|5912|5914|5915|5917|5921|5924|5925|5926|5927|5928|5933|5935|5942|5944|5946|5947|5948|5955|5956|5959|5961|5962|5963|5964|5969|5974|5976|5978|5979|5982|5985|5990|5991|5992|5997|6000|6001|6002|6009|6010|6020|6022|6028|6029|6030|6032|6034|6035|6036|6037|6039|6042|6045|6048|6049|6057|6059|6060|6061|6064|6068|6069|6070|6071|6074|6077|6079|6080|6083|6084|6085|6088|6090|6092|6093|6096|6097|6100|6112|6116|6118|6126|6131|6132|6136|6138|6140|6145|6148|6149|6150|6154|6156|6158|6161|6163|6164|6166|6168|6170|6172|6173|6177|6178|6179|6181|6182|6184|6185|6188|6190|6192|6198|6201|6202|6203|6204|6207|6208|6210|6214|6215|6220|6222|6223|6224|6225|6226|6230|6238|6243|6246|6248|6249|6252|6257|6261|6262|6263|6264|6267|6269|6270|6271|6275|6281|6282|6289|6293|6295|6299|6301|6303|6305|6309|6313|6315|6319|6323|6328|6330|6331|6332|6333|6339|6344|6345|6346|6347|6348|6349|6354|6357|6358|6360|6364|6365|6368|6372|6377|6385|6386|6390|6391|6394|6395|6398|6400|6402|6403|6406,32.09090909090909,True
instance_0005.txt,random,845,134,2355,21|320|2535|2403|178|199|968|237|723|2007|1994|552|1452|1406|1916|1889|2004|2571|1465|1602|1580|1319|1944|344|2468|2170|1346|2058|93|190|1152|1940|1259|1321|2238|1779|646|1896|1696|288|1439|1099|886|414|2411|1183|668|1502|1701|126|620|9|1334|581|1757|728|1659|2091|512|1151|793|20|228|727|0|974|929|1776|759|1932|2452|733|2537|2609|2456|456|2522|458|2310|1481|1086|2325|1148|1603|83|1674|1657|1070|1254|2546|1317|1658|764|166|798|2586|2165|1029|1489|894|1812|2060|796|2419|1097|2488|1126|2393|189|1771|1035|1794|504|1795|2094|148|111|2384|2235|135|1781|157|746|1912|1068|780|1023|1606|2285|1552|1296|74|2603|2016|1694|1386|2218|2269|1232|2444|238|2300|2326|39|85|209|979|1750|1784|2037|1454|2435|2042|428|325|1629|2243|1544|1464|946|1868|2157|571|1892|1741|2622|97|1482|589|234|1547|997|1272|2305|53|1378|471|1720|2151|1621|1455|1922|634|1013|1327|1394|832|2601|407|1957|1599|1801|518|1308|2054|862|332|792|115|2237|2438|1041|319|1426|1140|1613|1964|427|2154|1847|66|710|950|797|1565|433|1225|2249|146|724|2564|79|2178|416|2180|287|296|755|2437|1636|445|37|486|2336|1400|849|2189|921|186|758|2574|2558|2557|1890|1115|1040|1036|2595|916|546|635|1403|195|58|2396|2374|520|910|1883|2066|795|1250|2482|2062|2064|1816|203|2449|2433|159|2294|1371|1320|993|963|335|2203|1788|1977|1834|1123|1328|1783|776|73|1740|398|396|1533|1677|1709|1255|1044|902|737|2101|499|77|1900|171|275|1224|1856|472|1113|2250|351|2349|1309|1707|89|130|1080|1228|2254|1927|1640|948|14|2|1125|1522|382|353|1826|836|2195|1349|2428|1503|1987|1591|879|855|1560|1824|1979|2330|441|1025|158|1416|1216|293|1553|1471|2606|2256|888|695|2093|52|76|1253|1723|1861|1510|2241|1703|1863|2406|311|1042|2119|26|1498|2329|2104|466|1774|2551|536|69|475|1507|2434|2418|399|156|1519|2245|1546|928|2182|417|8|1516|1195|2481|2019|1717|1197|1073|690|1873|2142|485|1618|2487|2089|2410|246|777|714|2141|779|638|1399|1625|1411|799|405|1435|2584|1305|2253|613|1593|1736|184|2439|363|671|786|2331|1844|289|510|1039|2074|336|2621|1915|1574|790|116|2532|2378|1233|2301|1458|2209|2477|736|231|309|1010|839|652|330|1859|70|1396|1494|611|2370|906|667|1087|119|1611|1585|314|1337|2590|662|1865|1656|2372|745|1963|2211|802|2317|2420|2341|1184|1418|1046|205|1644|443|381|1993|1048|1862|295|1429|1304|693|861|806|523|807|145|1558|787|1139|1071|592|1438|1218|847|1490|887|2599|1785|1566|2617|1475|650|453|1961|1759|1166|1796|1397|1275|605|1459|1872|102|2445|425|268|2069|676|1449|1663|725|712|2022|1407|1495|2114|1513|1266|860|105|2550|2559|1047|1420|1620|1835|1919|221|356|495|1594|1777|2174|1946|1854|347|2057|241|1188|2604|372|1902|2476|200|1267|2129|908|2528|2380|1220|303|1027|1172|266|1128|517|2398|1604|2115|2052|2467|2021|446|524|1054|191|542|1850|1906|2265|2578|1240|856|120|2124|815|1171|2232|220|2460|1772|276|562|294|283|2510|1444|681|1273|1342|1252|1002|1083|823|643|1020|2067|2313|1971|2394|2216|1324|585|1160|2147|1353|579|308|1326|1176|2006|1769|1926|451|554|1427|853|463|110|1562|696|1004|2401|1276|1088|722|2355|224|1755|1103|1609|2369|1256|2315|1954|1589|317|2214|1635|911|1393|651|730|2220|2132|133|1897|2375|1962|913|413|1924|698|2011|880|245|161|1461|1300|1841|663|2461|1204|1006|555|1681|1972|689|2275|442|705|2585|2201|2206|687|1263|2568|1908|596|2618|2086|1496|1417|2511|88|1230|1980|182|1472|516|448|2191|2138|483|1484|949|820|1244|1363|545|1734|2566|1542|1500|2457|971|594|444|341|99|2225|1691|1864|1722|2222|131|944|573|2422|2531|304|629|1879|1943|1571|1933|559|1316|1360|301|366|831|1270|1569|1937|2032|424|1127|2017|265|1284|1970|898|2382|1808|462|1789|2338|298|1870|210|2470|845|1730|121|935|774|2013|321|2002|2569|64|1631|2561|2113|1348|890|933|467|1825|1766|50|2587|1820|454|1997|1813|2314|1664|181|218|1676|1895|1526|1918|865|1996|2581|1415|1122|299|1601|1062|1173|627|419|962|561|269|1480|915|2348|2563|623|1076|1450|1158|844|654|2296|781|415|850|2242|144|1570|2365|1508|1899|2267|164|2272|324|368|2290|1539,23|131|96|43|5|32|146|122|46|84|112|110|134|99|7|95|81|57|39|72|73|83|30|147|28|107|16|129|142|123|45|157|116|127|78|41|6|52|56|111|151|118|156|58|68|153|0|26|20|90|79|120|69|2|108|144|124|21|19|94|133|65|92|71|42|158|40|85|121|34|14|47|154|70|132|60|55|143|29|31|44|82|109|80|106|54|152|1|89|3|66|137|113|51|77|8|27|53|128|4|49|61|119|155|9|87|98|117|10|48|130|15|24|74|93|22|59|159|67|86|125|126|104|18|145|97|149|135|160|136|141|148|105|150,0|6|8|9|12|14|17|18|21|25|28|29|30|31|35|38|41|43|44|45|46|49|51|56|58|63|64|65|66|67|69|72|73|74|75|78|80|81|83|89|100|102|107|113|114|115|116|117|119|125|126|131|134|137|143|146|147|150|152|158|162|163|164|165|166|169|171|174|175|190|191|192|193|195|197|198|201|203|204|205|209|210|213|214|218|221|228|231|232|237|239|243|246|247|248|254|257|258|259|260|262|269|271|272|274|276|278|281|286|288|292|293|294|295|296|302|305|307|308|311|314|315|316|326|330|333|340|347|348|349|352|353|357|359|360|365|369|371|372|385|386|387|388|390|393|397|405|410|413|415|417|419|421|424|426|430|438|440|441|442|443|445|446|451|459|461|468|474|475|476|480|485|487|488|490|495|501|502|503|505|508|514|518|519|530|538|546|547|549|552|557|561|562|566|567|570|571|572|574|579|580|586|587|589|594|597|599|603|604|605|606|607|612|619|622|623|629|630|634|636|637|638|639|640|641|643|646|648|651|659|660|664|667|669|670|672|673|675|683|684|686|692|693|697|703|706|707|708|710|713|714|718|719|723|725|726|731|739|740|744|751|755|756|757|760|762|771|774|775|781|786|789|793|797|801|803|804|805|806|810|811|815|817|819|827|828|830|836|837|838|840|845|846|848|849|850|851|855|857|859|862|866|867|868|869|879|881|883|887|888|889|890|893|896|898|901|902|903|905|906|907|909|910|918|920|923|924|925|929|932|933|934|936|939|942|943|944|947|954|959|961|962|968|971|972|978|979|981|983|984|988|989|990|992|994|996|998|1005|1006|1007|1011|1014|1015|1016|1019|1025|1028|1030|1038|1039|1044|1045|1047|1048|1050|1051|1052|1054|1055|1061|1065|1066|1067|1068|1070|1071|1075|1076|1077|1078|1079|1080|1084|1090|1093|1098|1099|1102|1107|1114|1119|1122|1124|1127|1131|1136|1138|1139|1142|1145|1146|1152|1154|1155|1156|1162|1163|1164|1167|1170|1172|1176|1183|1186|1194|1200|1202|1203|1204|1205|1209|1212|1214|1215|1220|1226|1239|1240|1248|1249|1251|1253|1254|1256|1257|1259|1261|1263|1265|1267|1274|1276|1278|1279|1280|1286|1291|1293|1294|1298|1299|1303|1304|1305|1306|1309|1310|1313|1314|1317|1320|1321|1322|1323|1326|1327|1331|1335|1336|1337|1339|1341|1348|1350|1351|1352|1354|1356|1357|1358|1363|1369|1372|1376|1377|1382|1383|1385|1392|1393|1394|1396|1397|1399|1408|1409|1410|1414|1419|1420|1422|1424|1425|1427|1430|1435|1436|1437|1438|1441|1443|1444|1447|1449|1452|1453|1456|1457|1462|1467|1468|1475|1479|1481|1483|1484|1486|1489|1491|1492|1495|1497|1498|1501|1502|1508|1511|1512|1513|1514|1515|1516|1519|1520|1526|1527|1532|1536|1537|1540|1551|1554|1556|1559|1561|1568|1569|1573|1577|1578|1579|1581|1582|1585|1586|1588|1589|1597|1600|1601|1602|1608|1609|1613|1621|1622|1630|1634|1636|1640|1645|1646|1650|1651|1657|1661|1662|1663|1664|1669|1670|1671|1675|1677|1682|1684|1685|1688|1694|1696|1700|1702|1704|1712|1713|1719|1721|1722|1728|1733|1734|1735|1739|1743|1744|1748|1749|1753|1754|1756|1758|1761|1763|1765|1770|1771|1773|1782|1788|1790|1791|1792|1795|1797|1800|1802|1804|1805|1806|1807|1808|1812|1813|1814|1821|1828|1835|1837|1841|1842|1843|1848|1852|1853|1858|1859|1865|1868|1876|1877|1880|1883|1885|1887|1888|1891|1893|1896|1899|1900|1902|1906|1907|1914|1922|1924|1925|1926|1927|1929|1931|1932|1933|1935|1940|1945|1946|1948|1949|1954|1957|1958|1959|1963|1965|1970|1971|1973|1975|1977|1981|1982|1986|1987|1990|1991|1993|1996|1998|2000|2007|2009|2010|2011|2013|2015|2016|2019|2021|2023|2033|2034|2035|2036|2037|2039|2041|2042|2044|2045|2046|2052|2055|2057|2058|2060|2064|2067|2080|2081|2083|2085|2090|2091|2094|2104|2107|2108|2111|2112|2113|2115|2116|2124|2125|2127|2131|2132|2134|2136|2137|2138|2139|2143|2146|2148|2150|2151|2154|2155|2156|2158|2167|2168|2172|2177|2184|2185|2189|2190|2192|2195|2196|2198|2204|2209|2214|2215|2216|2219|2226|2232|2239|2241|2252|2254|2255|2258|2260|2261|2262|2266|2274|2276|2278|2279|2280|2282|2283|2286|2287|2290|2291|2300|2301|2309|2312|2313|2314|2316|2317|2318|2320|2323|2326|2328|2330|2341|2345|2349|2351|2357|2360|2361|2364|2367|2369|2370|2374|2375|2381|2382|2383|2385|2386|2387|2388|2391|2392|2393|2400|2402|2408|2409|2413|2414|2417|2421|2426|2427|2430|2431|2434|2437|2440|2442|2444|2447|2449|2451|2455|2456|2457|2458|2459|2461|2462|2463|2464|2465|2469|2474|2475|2478|2481|2484|2486|2491|2493|2494|2497|2498|2500|2501|2504|2510|2513|2514|2518|2523|2526|2528|2529|2532|2534|2540|2542|2543|2546|2548|2552|2553|2555|2557|2558|2559|2560|2561|2562|2564|2567|2570|2571|2574|2580|2584|2586|2588|2592|2593|2595|2596|2601|2602|2607|2613|2614|2616|2620|2621|2625|2626|2631|2633|2635|2639|2640|2643|2646|2650|2653|2657|2659|2662|2663|2666|2667|2670|2673|2677|2678|2680|2681|2682|2686|2688|2689|2692|2693|2698|2700|2708|2709|2710|2713|2715|2724|2726|2729|2730|2732|2741|2750|2752|2753|2754|2755|2756|2757|2761|2762|2765|2770|2771|2778|2784|2788|2789|2790|2791|2794|2796|2797|2800|2803|2805|2807|2811|2813|2815|2817|2819|2824|2825|2828|2830|2831|2833|2835|2836|2842|2843|2848|2849|2852|2858|2867|2872|2873|2874|2887|2892|2897|2900|2902|2906|2908|2911|2912|2914|2917|2919|2923|2924|2928|2930|2931|2934|2940|2943|2946|2949|2952|2953|2959|2960|2964|2967|2970|2971|2973|2976|2977|2982|2984|2990|2992|2997|3001|3003|3004|3007|3008|3011|3015|3019|3020|3021|3022|3023|3028|3035|3041|3044|3049|3050|3054|3055|3058|3061|3062|3063|3067|3068|3070|3073|3074|3077|3080|3082|3083|3084|3087|3089|3093|3094|3096|3097|3098|3099|3105|3107|3114|3115|3118|3120|3123|3127|3128|3129|3130|3133|3136|3137|3138|3140|3146|3151|3159|3160|3163|3165|3166|3167|3170|3173|3176|3178|3179|3181|3182|3183|3184|3187|3190|3191|3194|3200|3201|3202|3203|3205|3207|3210|3225|3227|3230|3234|3238|3242|3244|3245|3246|3249|3250|3256|3257|3258|3264|3269|3270|3271|3274|3276|3277|3279|3280|3282|3287|3289|3293|3297|3299|3300|3302|3304|3306|3308|3309|3310|3312|3314|3317|3318|3322|3328|3330|3331|3333|3335|3344|3347|3349|3356|3361|3364|3369|3370|3372|3374|3377|3382|3383|3385|3387|3389|3391|3395|3396|3397|3407|3409|3419|3420|3421|3424|3425|3426|3427|3430|3434|3435|3442|3443|3444|3446|3450|3451|3454|3456|3457|3461|3464|3471|3474|3477|3482|3484|3490|3493|3498|3500|3501|3502|3503|3505|3506|3509|3517|3519|3520|3524|3527|3531|3532|3538|3539|3540|3543|3545|3547|3548|3553|3556|3572|3573|3575|3578|3582|3583|3585|3592|3594|3596|3597|3598|3599|3600|3604|3605|3606|3608|3611|3613|3614|3619|3625|3626|3627|3628|3629|3633|3634|3635|3638|3639|3641|3645|3646|3655|3658|3661|3663|3664|3665|3670|3671|3691|3692|3694|3695|3696|3698|3699|3700|3719|3721|3728|3734|3736|3739|3743|3745|3746|3751|3754|3755|3759|3763|3764|3766|3768|3771|3772|3773|3775|3779|3781|3783|3785|3788|3790|3793|3794|3796|3798|3801|3804|3808|3809|3823|3825|3827|3829|3830|3833|3834|3836|3837|3839|3840|3841|3845|3847|3850|3854|3855|3857|3859|3861|3862|3865|3869|3873|3874|3887|3889|3895|3896|3897|3899|3900|3902|3903|3906|3909|3910|3911|3917|3918|3919|3920|3921|3923|3930|3932|3933|3934|3939|3942|3947|3951|3952|3953|3954|3955|3962|3963|3964|3968|3976|3978|3980|3983|3984|3987|3990|3995|3999|4002|4003|4005|4006|4008|4009|4011|4012|4020|4021|4022|4029|4030|4031|4034|4035|4037|4040|4041|4043|4047|4048|4050|4052|4054|4057|4059|4060|4068|4069|4071|4074|4076|4077|4078|4087|4088|4091|4095|4103|4108|4112|4113|4118|4120|4125|4127|4130|4131|4133|4134|4136|4140|4142|4144|4146|4149|4150|4151|4152|4153|4157|4162|4163|4167|4168|4169|4170|4171|4172|4175|4176|4178|4183|4185|4187|4189|4191|4196|4198|4201|4202|4203|4204|4205|4206|4207|4210|4212|4213|4215|4217|4218|4224|4225|4226|4229|4236|4246|4248|4252|4258|4260|4262|4263|4264|4265|4266|4268|4269|4271|4272|4274|4278|4283|4286|4292|4294|4295|4299|4300|4302|4305|4308|4311|4313|4314|4315|4316|4317|4319|4320|4321|4322|4324|4325|4327|4328|4329|4331|4332|4337|4339|4340|4342|4344|4345|4346|4351|4353|4354|4362|4363|4364|4365|4367|4368|4371|4374|4375|4377|4380|4381|4383|4385|4391|4392|4396|4405|4406|4407|4410|4411|4415|4419|4422|4425|4426|4427|4428|4429|4430|4431|4433|4437|4438|4443|4444|4445|4446|4447|4450|4451|4453|4455|4457|4458|4460|4461|4462|4469|4472|4478|4480|4482|4483|4484|4485|4486|4488|4492|4494|4496|4497|4499|4501|4504|4505|4506|4509|4510|4512|4514|4515|4519|4522|4523|4528|4529|4530|4531|4532|4535|4536|4539|4540|4541|4542|4543|4544|4545|4546|4548|4549|4551|4556|4558|4559|4566|4573|4574|4576|4578|4581|4590|4591|4592|4593|4594|4595|4598|4600|4604|4606|4607|4608|4613|4619|4630|4631|4633|4634|4636|4637|4638|4640|4643|4646|4649|4652|4656|4661|4665|4666|4668|4677|4678|4682|4688|4690|4692|4693|4696|4699|4708|4713|4715|4719|4720|4721|4723|4724|4727|4735|4736|4738|4742|4747|4748|4750|4752|4754|4755|4756|4758|4761|4763|4767|4769|4771|4773|4779|4785|4787|4792|4795|4798|4803|4804|4809|4812|4818|4823|4826|4829|4831|4832|4834|4841|4842|4843|4844|4849|4851|4853|4854|4859|4860|4862|4868|4870|4873|4874|4875|4880|4884|4887|4888|4890|4892|4895|4900|4901|4902|4904|4906|4908|4910|4914|4915|4921|4922|4923|4929|4937|4938|4940|4942|4944|4950|4951|4953|4960|4961|4963|4966|4972|4973|4974|4976|4977|4979|4982|4983|4984|4986|4987|4991|4992|4993|4994|4995|4997|4999|5005|5009|5012|5013|5015|5016|5019|5021|5023|5034|5037|5039|5050|5057|5060|5066|5069|5072|5075|5077|5078|5079|5080|5082|5084|5085|5087|5088|5089|5093|5094|5097|5100|5103|5106|5110|5116|5120|5129|5132|5142|5146|5148|5156|5157|5160|5162|5165|5166|5170|5171|5173|5174|5179|5181|5187|5188|5189|5190|5197|5202|5207|5208|5211|5212|5214|5216|5217|5219|5220|5224|5230|5232|5236|5239|5242|5245|5250|5253|5254|5259|5260|5261|5263|5264|5265|5271|5275|5277|5286|5291|5296|5302|5303|5306|5310|5313|5314|5316|5319|5321|5324|5329|5331|5333|5337|5340|5343|5349|5356|5358|5359|5360|5361|5362|5374|5375|5377|5378|5382|5383|5385|5392|5397|5403|5407|5408|5409|5412|5414|5415|5418|5420|5421|5423|5424|5431|5435|5436|5437|5440|5444|5449|5450|5454|5455|5457|5458|5459|5465|5466|5470|5478|5479|5483|5485|5488|5490|5492|5494|5495|5496|5501|5503|5505|5506|5510|5512|5514|5515|5521|5524|5527|5529|5531|5536|5537|5538|5541|5545|5547|5548|5550|5554|5558|5563|5565|5568|5569|5573|5574|5575|5577|5585|5587|5588|5591|5594|5598|5599|5601|5605|5609|5610|5615|5617|5623|5626|5627|5631|5633|5634|5635|5636|5641|5643|5646|5649|5652|5653|5656|5657|5660|5663|5664|5666|5667|5668|5673|5675|5680|5681|5687|5688|5698|5705|5713|5714|5716|5720|5725|5726|5731|5732|5737|5739|5742|5743|5744|5746|5747|5749|5750|5753|5761|5762|5763|5764|5766|5768|5771|5773|5776|5781|5782|5785|5791|5797|5798|5800|5805|5808|5809|5810|5811|5813|5814|5816|5817|5830|5831|5833|5834|5838|5842|5845|5848|5850|5851|5854|5855|5856|5859|5860|5865|5867|5872|5876|5877|5878|5880|5887|5888|5891|5894|5897|5901|5903|5904|5905|5906|5907|5910|5912|5914|5917|5918|5922|5925|5926|5927|5930|5933|5935|5936|5939|5942|5946|5947|5949|5951|5953|5954|5955|5957|5958|5959|5962|5963|5964|5965|5967|5969|5971|5972|5973|5982|5984|5985|5987|5989|5991|5995|5996|5997|6002|6005|6006|6007|6010|6014|6017|6018|6019|6020|6022|6023|6024|6026|6030|6031|6032|6037|6038|6041|6045|6050|6052|6056|6057|6058|6064|6066|6069|6070|6073|6076|6079|6080|6081|6082|6083|6086|6097|6098|6099|6103|6104|6106|6108|6110|6115|6117|6123|6124|6125|6137|6138|6140|6141|6142|6143|6146|6147|6148|6149|6151|6154|6156|6158|6159|6162|6163|6164|6166|6169|6174|6175|6179|6180|6183|6187|6196|6197|6198|6200|6203|6205|6208|6209|6211|6213|6219|6221|6223|6230|6232|6235|6236|6237|6238|6242|6247|6249|6252|6254|6255|6256|6258|6260|6264|6265|6269|6270|6276|6283|6284|6286|6290|6292|6294|6304|6305|6309|6310|6311|6312|6315|6318|6320|6331|6332|6334|6336|6337|6338|6340|6345|6346|6348|6350|6352|6354|6359|6361|6362|6363|6366|6373|6374|6375|6376|6381|6385|6387|6389|6391|6394|6397|6398|6400|6401,32.798507462686565,True
instance_0005.txt,smaller_multi,262,124,1488,2269|14|1695|616|1410|666|1999|509|1942|602|554|2346|1540|1520|2243|1900|834|2157|1074|1249|1417|573|2478|290|1873|1493|1606|1279|2450|2008|470|1530|1659|1920|1049|199|687|1997|2210|534|557|2274|1051|1442|2620|76|2475|474|1006|849|2196|1793|1099|2041|1779|1947|645|844|295|459|1684|1944|1898|245|326|1802|244|1952|547|2009|1290|452|1388|850|1424|109|32|191|2256|1217|127|1210|952|495|1508|1867|2211|469|2345|2109|27|807|1745|1247|164|1349|1160|2238|252|1362|2195|1693|791|2174|979|207|570|2399|1020|161|1026|883|2316|1466|2368|1921|2578|287|2042|1761|832|2180|874|946|894|1108|1187|2187|1079|2193|1123|1065|646|1459|869|1003|2614|2337|848|1831|435|1512|2376|1433|1037|1990|727|1407|2533|2535|2524|507|945|1129|1903|1770|2488|796|2589|1948|891|118|1283|2103|1471|2555|2356|185|604|2513|494|2208|761|389|327|2262|1166|186|2461|179|682|1664|555|2560|1678|2561|1704|301|1181|2056|2392|587|2232|286|1200|2266|2420|493|1104|2220|233|487|1759|724|457|2474|434|1977|228|1857|1529|767|842|826|1201|423|1674|64|1073|1081|872|603|771|2268|688|288|1800|2015|520|580|2448|590|1813|1989|1651|1179|1913|2025|1476|2593|710|19|478|882|2320|45|1909|2040|2248|2360|422|1150|536|1691|523|2454|537|1173|609|436|789|36,32|99|134|23|56|46|28|5|84|83|20|146|157|7|78|122|90|81|124|110|60|96|51|21|142|43|121|120|52|72|94|158|144|41|57|118|123|132|89|148|30|95|112|48|153|49|147|61|26|39|31|117|40|69|73|79|107|59|151|0|14|87|131|4|135|10|16|19|18|92|126|143|6|45|65|116|130|44|47|68|125|155|24|80|106|129|22|27|53|55|97|105|113|128|149|159|8|54|58|71|82|98|111|127|133|150|156|1|2|9|29|34|42|67|70|85|86|93|108|109|119|141|154|160,1|2|6|8|9|11|19|22|23|27|30|34|37|39|41|43|46|49|50|52|53|57|58|59|64|65|82|83|88|94|97|105|107|108|113|118|121|125|127|130|131|140|159|160|167|174|181|195|196|198|205|209|215|217|219|227|231|242|247|250|252|257|262|265|268|275|276|278|283|285|294|306|309|310|312|318|319|322|324|328|330|338|345|346|349|356|359|363|366|370|371|372|382|396|398|405|415|419|430|445|452|461|466|468|471|473|477|480|487|488|490|510|518|520|522|524|526|530|544|552|555|556|563|566|570|571|573|580|582|583|587|588|591|593|597|599|602|609|619|621|622|633|636|637|640|642|646|664|665|676|680|683|686|696|698|704|706|707|709|710|716|719|720|730|731|736|739|744|745|747|750|752|758|759|763|764|765|770|775|776|784|786|796|798|801|806|816|825|827|831|835|838|841|842|848|857|865|876|884|891|900|901|902|904|905|908|913|922|927|930|936|944|949|951|952|955|961|965|968|970|978|982|984|986|987|993|995|997|1001|1007|1008|1018|1020|1026|1028|1033|1036|1040|1041|1045|1047|1050|1052|1053|1054|1059|1061|1064|1065|1067|1073|1077|1087|1088|1093|1096|1097|1099|1100|1105|1107|1109|1113|1116|1117|1120|1124|1126|1132|1134|1143|1147|1148|1153|1157|1163|1172|1175|1177|1183|1187|1191|1199|1205|1206|1209|1210|1212|1213|1214|1219|1227|1229|1232|1240|1242|1244|1246|1247|1251|1260|1266|1267|1273|1276|1278|1292|1294|1296|1306|1309|1310|1318|1319|1320|1321|1323|1334|1337|1338|1342|1350|1356|1357|1360|1366|1368|1369|1376|1378|1382|1383|1386|1392|1394|1396|1401|1407|1408|1409|1413|1414|1416|1421|1426|1429|1434|1439|1447|1463|1471|1478|1491|1498|1502|1511|1512|1513|1514|1528|1529|1535|1538|1541|1544|1554|1559|1566|1568|1581|1587|1588|1591|1592|1596|1597|1613|1616|1634|1639|1641|1645|1647|1651|1660|1675|1677|1683|1691|1695|1701|1704|1708|1715|1716|1718|1722|1725|1726|1733|1735|1736|1739|1741|1743|1745|1747|1748|1751|1753|1760|1761|1764|1768|1771|1775|1782|1788|1798|1802|1803|1804|1809|1818|1831|1836|1837|1840|1841|1844|1847|1849|1870|1874|1875|1876|1877|1878|1880|1882|1886|1888|1890|1891|1894|1896|1902|1910|1911|1912|1913|1918|1921|1925|1927|1928|1929|1930|1935|1938|1939|1948|1949|1951|1962|1963|1968|1970|1971|1973|1975|1976|1978|1991|1992|2009|2010|2012|2013|2031|2035|2039|2040|2042|2047|2049|2051|2059|2061|2062|2067|2072|2078|2080|2085|2087|2091|2095|2097|2099|2104|2105|2107|2118|2119|2132|2138|2139|2142|2143|2146|2147|2157|2161|2162|2166|2170|2173|2175|2177|2179|2180|2183|2192|2194|2195|2196|2210|2213|2226|2229|2233|2234|2235|2236|2240|2248|2249|2250|2254|2256|2259|2260|2261|2263|2267|2270|2275|2280|2282|2287|2298|2305|2307|2309|2311|2312|2320|2323|2324|2325|2330|2336|2344|2350|2351|2352|2354|2357|2358|2364|2367|2368|2370|2371|2372|2374|2375|2377|2380|2387|2393|2395|2398|2400|2401|2405|2406|2408|2416|2424|2429|2432|2433|2435|2437|2438|2440|2442|2449|2452|2456|2470|2471|2472|2473|2478|2480|2486|2489|2496|2513|2518|2519|2529|2530|2532|2553|2555|2561|2562|2570|2576|2577|2579|2587|2595|2596|2597|2600|2610|2614|2616|2619|2620|2625|2628|2629|2635|2646|2650|2653|2662|2666|2667|2675|2681|2683|2690|2699|2703|2704|2709|2710|2719|2720|2721|2724|2727|2728|2739|2740|2741|2742|2748|2749|2751|2752|2755|2762|2764|2771|2779|2780|2782|2783|2784|2786|2790|2792|2800|2801|2806|2807|2808|2816|2819|2829|2835|2838|2842|2843|2845|2859|2860|2867|2874|2878|2880|2882|2886|2887|2891|2892|2901|2905|2907|2919|2920|2924|2925|2926|2935|2946|2949|2952|2954|2955|2957|2960|2964|2970|2971|2973|2975|2976|2977|2980|2987|2990|2992|2994|2996|3015|3023|3024|3030|3037|3041|3049|3050|3057|3058|3071|3073|3075|3080|3091|3097|3112|3114|3119|3126|3130|3143|3152|3153|3154|3157|3163|3165|3172|3179|3181|3191|3213|3216|3223|3227|3229|3231|3234|3236|3237|3239|3252|3254|3257|3263|3264|3267|3274|3276|3278|3280|3282|3289|3298|3304|3308|3310|3317|3318|3319|3321|3322|3323|3324|3345|3350|3352|3358|3367|3375|3378|3383|3386|3387|3391|3392|3401|3403|3407|3409|3414|3417|3426|3434|3436|3438|3441|3444|3445|3448|3450|3451|3453|3454|3455|3457|3458|3459|3473|3475|3487|3490|3494|3495|3501|3503|3509|3512|3517|3519|3525|3536|3537|3539|3542|3543|3546|3554|3556|3558|3559|3567|3568|3570|3572|3582|3604|3613|3617|3621|3622|3623|3628|3629|3631|3633|3639|3641|3644|3647|3648|3658|3681|3693|3694|3706|3715|3719|3722|3724|3726|3728|3738|3739|3740|3742|3751|3763|3776|3778|3784|3803|3811|3814|3819|3823|3827|3829|3830|3835|3840|3847|3859|3862|3867|3895|3901|3905|3909|3912|3919|3922|3923|3931|3934|3936|3954|3955|3957|3960|3966|3970|3973|3974|3985|3986|3991|3995|3997|3999|4008|4022|4026|4031|4032|4035|4038|4043|4045|4046|4053|4054|4064|4065|4069|4072|4079|4083|4088|4089|4094|4096|4097|4101|4103|4107|4113|4123|4127|4128|4129|4131|4133|4134|4136|4137|4139|4146|4151|4159|4160|4169|4170|4173|4176|4178|4186|4188|4189|4198|4215|4224|4225|4226|4230|4231|4238|4242|4243|4248|4264|4291|4300|4308|4318|4325|4326|4331|4334|4337|4340|4343|4345|4347|4348|4351|4353|4357|4372|4375|4377|4381|4382|4384|4389|4391|4394|4398|4399|4404|4418|4427|4428|4430|4431|4439|4445|4451|4453|4472|4473|4477|4483|4484|4485|4486|4496|4501|4506|4512|4514|4520|4525|4529|4535|4536|4537|4543|4544|4548|4560|4563|4564|4565|4569|4579|4582|4588|4592|4596|4613|4616|4617|4623|4627|4630|4633|4635|4637|4642|4651|4667|4668|4670|4672|4677|4680|4683|4685|4686|4692|4694|4697|4699|4700|4710|4712|4713|4716|4722|4724|4725|4734|4751|4755|4757|4758|4760|4764|4767|4771|4777|4782|4787|4791|4792|4794|4803|4804|4805|4807|4808|4810|4819|4821|4822|4824|4825|4828|4833|4842|4844|4862|4863|4886|4887|4900|4902|4907|4909|4914|4915|4924|4931|4936|4937|4940|4946|4948|4954|4956|4976|4980|4982|4992|4994|4996|4998|5006|5007|5010|5017|5019|5020|5025|5028|5029|5034|5040|5042|5048|5050|5056|5057|5075|5076|5081|5086|5087|5090|5091|5094|5095|5100|5113|5129|5131|5132|5134|5140|5142|5143|5144|5146|5152|5154|5157|5158|5162|5166|5176|5180|5181|5186|5193|5206|5211|5214|5217|5218|5221|5224|5226|5230|5235|5237|5240|5247|5256|5260|5264|5269|5273|5274|5281|5282|5283|5290|5295|5304|5305|5306|5310|5313|5315|5320|5324|5337|5338|5339|5343|5344|5354|5355|5360|5369|5371|5378|5386|5391|5396|5401|5403|5406|5415|5416|5419|5420|5424|5425|5427|5429|5431|5434|5457|5459|5466|5475|5485|5487|5491|5493|5494|5496|5503|5512|5516|5518|5523|5524|5525|5532|5535|5538|5539|5552|5553|5560|5563|5564|5573|5585|5586|5587|5588|5595|5598|5601|5605|5607|5613|5614|5618|5619|5627|5629|5632|5638|5639|5645|5649|5651|5653|5654|5657|5658|5664|5666|5667|5671|5673|5674|5678|5680|5681|5682|5691|5696|5697|5709|5713|5723|5725|5726|5730|5733|5734|5736|5738|5739|5742|5744|5749|5751|5760|5761|5763|5767|5779|5781|5787|5794|5797|5803|5804|5808|5813|5819|5836|5841|5845|5848|5851|5853|5856|5857|5859|5862|5865|5880|5886|5893|5899|5900|5901|5913|5916|5922|5923|5927|5934|5940|5945|5946|5959|5960|5961|5963|5968|5989|5994|5997|6004|6009|6014|6016|6018|6022|6023|6027|6038|6040|6047|6048|6050|6057|6061|6086|6089|6091|6092|6096|6099|6105|6107|6110|6118|6121|6127|6128|6130|6135|6138|6144|6151|6167|6171|6174|6175|6177|6183|6197|6200|6201|6209|6211|6212|6217|6227|6232|6235|6237|6239|6240|6244|6250|6254|6255|6257|6259|6260|6265|6268|6272|6283|6285|6287|6291|6292|6298|6299|6306|6312|6314|6316|6320|6321|6323|6324|6326|6327|6330|6335|6339|6341|6347|6348|6352|6353|6354|6355|6359|6361|6362|6363|6366|6371|6376|6384|6385|6386|6390|6392|6396,35.443548387096776,True
instance_0006.txt,aisle_first_desc,497,1,326,1046|9216|167|5230|1099|5832|2625|3637|4985|5502|6151|6566|8792|3083|4178|6352|33|168|435|1991|3363|4328|4622|5408|5616|8082|9037|9486|1969|3101|3216|3421|4056|5562|7251|7819|9208|10114|36|335|338|594|698|1268|1745|2652|2933|3041|3093|3378|4379|4709|4854|4860|4907|5547|5819|5947|6696|7330|7706|7724|7787|8069|8534|8884|9422|9860|10019|10276|2|30|57|88|100|120|125|184|210|252|253|259|260|297|374|387|389|449|478|492|499|502|527|537|554|561|562|570|588|625|643|738|761|768|782|830|918|936|937|943|974|985|998|1013|1034|1040|1042|1062|1081|1116|1129|1151|1156|1181|1220|1235|1256|1272|1298|1310|1337|1405|1471|1480|1524|1573|1589|1612|1619|1628|1630|1647|1654|1717|1725|1749|1766|1801|1826|1841|1880|1902|1906|1946|2003|2029|2042|2048|2051|2070|2075|2098|2127|2140|2175|2183|2188|2222|2237|2240|2270|2272|2283|2306|2307|2326|2329|2332|2346|2517|2530|2542|2561|2567|2570|2592|2594|2599|2619|2644|2647|2653|2669|2692|2715|2743|2752|2763|2764|2779|2801|2854|2910|2948|2982|3017|3047|3063|3081|3090|3111|3119|3132|3134|3148|3151|3195|3212|3214|3224|3265|3267|3301|3302|3311|3319|3330|3335|3383|3415|3463|3531|3587|3600|3612|3618|3633|3695|3703|3709|3718|3719|3724|3730|3753|3773|3799|3879|3907|3965|3997|4064|4073|4078|4139|4140|4175|4191|4199|4234|4235|4251|4254|4298|4306|4366|4402|4441|4459|4468|4477|4478|4532|4567|4579|4645|4652|4734|4760|4772|4780|4791|4806|4864|4884|4909|4915|4916|4935|4953|4996|5003|5016|5021|5061|5072|5084|5107|5134|5188|5207|5217|5261|5306|5321|5349|5351|5365|5385|5389|5390|5404|5421|5426|5480|5494|5615|5625|5628|5631|5639|5648|5682|5684|5694|5712|5895|5897|5963|6009|6029|6063|6064|6076|6081|6097|6103|6134|6197|6233|6268|6281|6296|6301|6322|6342|6348|6372|6398|6422|6425|6457|6471|6482|6506|6558|6567|6594|6631|6760|6771|6816|6847|6896|6899|6918|6974|7000|7009|7042|7087|7204|7229|7239|7256|7323|7345|7354|7382|7391|7410|7568|7576|7579|7648|7665|7666|7756|7766|7798|7855|7858|7862|7864|7868|7917|7937|7942|7974|7981|8027|8184|8214|8237|8248|8252|8279|8291|8294|8334|8407|8488|8490|8499|8525|8597|8631|8674|8686|8721|8731|8741|8765|8772|8783|8823|8844|8893|8895|8934|8953|8954|8970|9009|9066|9070|9076|9087|9131|9139|9142|9207|9267|9277|9304|9325|9326|9337|9357|9361|9387|9414|9423|9427|9431|9445|9452|9468|9472|9475|9488|9517|9550|9558|9590|9592|9599|9613|9661|9683|9701|9728|9779|9801|9849|9852|9882|9909|9916|9926|10036|10070|10071|10082|10088|10109|10112|10128|10151|10168|10226|10242|10252|10272|10307|10321|10324,0,1|30|67|69|82|91|104|105|111|143|167|175|203|238|267|271|272|284|291|338|342|362|385|404|425|457|473|474|482|533|536|541|569|607|661|675|733|741|764|806|810|811|818|857|867|915|939|942|943|971|978|988|992|1020|1054|1077|1122|1135|1178|1220|1245|1263|1270|1272|1289|1292|1297|1358|1361|1370|1374|1380|1417|1425|1443|1469|1471|1475|1527|1586|1605|1660|1795|1817|1840|1843|1866|1939|1951|1983|1989|2011|2043|2044|2114|2141|2144|2151|2178|2181|2187|2188|2231|2262|2266|2291|2314|2315|2369|2371|2396|2401|2431|2439|2488|2533|2541|2542|2544|2552|2589|2599|2659|2711|2715|2717|2734|2748|2760|2802|2810|2829|2866|2873|2899|2914|2944|2966|2967|2968|2972|2985|3003|3016|3061|3087|3090|3106|3109|3135|3163|3167|3175|3208|3227|3305|3334|3336|3361|3410|3440|3445|3458|3459|3506|3547|3553|3622|3638|3669|3670|3690|3692|3710|3766|3847|3862|3880|3913|3948|3965|4052|4094|4098|4118|4148|4151|4220|4225|4273|4279|4283|4308|4313|4335|4349|4381|4384|4401|4421|4456|4539|4563|4584|4597|4601|4610|4619|4620|4642|4645|4660|4679|4736|4760|4787|4817|4823|4845|4871|4921|4930|4958|4959|4973|5052|5071|5118|5127|5131|5136|5162|5225|5228|5253|5254|5272|5297|5308|5328|5335|5339|5347|5362|5375|5401|5409|5435|5461|5471|5475|5478|5483|5485|5491|5497|5503|5552|5572|5597|5600|5605|5622|5649|5652|5733|5766|5769|5772|5773|5805|5810|5852|5867|5886|5894|5900|5910|5911|5938|5943|5953|6007|6019|6080|6136|6140|6145|6165|6168|6208|6211|6215|6268|6337|6339|6367|6373|6374|6414|6420|6458|6493|6504|6532|6552|6555|6597|6602|6612|6669|6671|6704|6747|6754|6783|6805|6806|6827|6836|6843|6861|6910|6946|6995|7087,691.0,True
instance_0006.txt,knapsack,603,117,535,10305|1707|5292|5774|8493|4373|1621|2200|5638|2934|973|1046|1203|1679|2875|3281|3561|4131|5899|6194|7678|8008|9077|9216|10016|10047|10261|881|2006|3329|4876|10074|1409|3009|3310|3696|4415|5884|9707|9869|167|1120|8847|9307|37|379|487|539|648|762|996|1187|1308|1313|1394|1456|1507|1797|1907|2251|2472|2950|3559|3585|3855|4244|4934|5040|5132|5230|5491|5549|5571|5812|6262|6359|6421|7045|7192|7339|8589|8630|8666|8786|9013|9038|9565|9767|9803|9898|10198|10297|2294|3948|6730|7764|559|933|988|1033|1606|1682|2403|2528|2725|3487|4455|4917|5508|5518|7262|7967|8833|444|719|773|826|868|1009|1099|1629|1848|2662|3106|3962|4720|4773|5467|5832|7702|8057|8560|8749|9086|9140|9149|9818|10156|19|50|137|177|424|764|774|989|1096|1198|1426|1616|1652|1686|1765|1781|1815|1860|1982|2176|2358|2615|2657|2687|2757|2915|3198|3277|3373|3472|3586|3637|3963|4153|4816|4985|5496|5502|5740|6035|6132|6151|6517|6531|6533|6566|6752|6865|6999|7197|7198|7318|7347|7439|7881|7922|8201|8254|8572|8792|8807|9122|9269|9294|9322|9575|9621|9758|10093|250|356|360|402|481|522|536|614|683|834|948|999|1145|1338|1373|1444|1569|1833|2013|2118|2152|2366|2391|2598|2716|2775|2857|2954|2956|3071|3083|3104|3152|3349|3351|3362|3769|3911|3912|3917|3953|4178|4319|4382|4627|4733|4763|4855|4945|5046|5104|5117|5172|5236|5617|5930|5953|6137|6155|6171|6227|6352|6717|6737|6747|6782|6791|6938|6955|7012|7153|7211|7238|7279|7540|7572|7589|7728|7839|7876|7996|8037|8268|8567|8691|8827|8908|9002|9006|9063|9089|9192|9231|9380|9467|9474|9493|9497|9589|9762|9773|9810|10164|10246|10326|14|33|43|159|168|310|331|373|393|426|435|457|514|671|677|704|714|786|1010|1086|1089|1114|1169|1369|1377|1449|1481|1526|1538|1545|1559|1678|1756|1784|1868|1898|1924|1972|1991|1992|1996|2010|2019|2024|2026|2180|2182|2227|2309|2343|2370|2385|2405|2458|2514|2605|2616|2645|2699|2739|2825|2848|2864|2870|3007|3261|3266|3363|3397|3489|3507|3568|3574|3657|3749|3760|3780|3891|3903|3906|3908|4025|4144|4151|4193|4328|4344|4465|4622|4628|4683|4744|4792|4838|4898|4900|4922|5025|5059|5060|5267|5329|5380|5408|5420|5447|5475|5616|5650|5999|6075|6086|6111|6238|6277|6308|6409|6438|6466|6610|6662|6697|6718|6727|6776|6838|6846|6894|6980|7137|7148|7158|7271|7462|7564|7600|7707|7758|7861|7945|7970|8038|8071|8082|8155|8163|8213|8220|8290|8673|8858|9037|9129|9193|9235|9287|9299|9308|9315|9317|9347|9394|9396|9439|9442|9486|9512|9534|9570|9697|9765|9802|9935|9940|9962|10146|10161|122|144|223|238|295|304|308|316|332|409|458|470|489|509|518|548|595|641|690|718|720|747|750|752|819|828|872|890|904|946|993|1070|1083|1115|1124|1150|1152|1178|1191|1248|1264|1354|1386|1406|1482|1501|1528|1566|1677|1702|1721|1729|1737|1740|1804|1844|1969|1983|1995|2000|2038|2047|2141|2142|2158|2213|2248|2276|2292|2338|2355|2368|2376|2406|2448|2486|2495|2512|2562|2622|2690|2761|2778|2851|2862|2872|2902|2911|3010|3011|3101|3160|3186|3216|3222|3249|3421|3523|3597|3655|3686|3708|3713|3715|3720|3774|3825|3897|3899|3904|4049|4056|4181|4252,130|150|94|43|174|65|42|178|119|0|117|32|144|73|78|5|172|177|51|17|56|88|131|151|48|124|145|105|31|3|23|18|21|7|147|161|77|33|106|137|20|61|63|158|45|85|89|103|29|75|60|132|62|25|87|153|154|162|82|134|15|107|34|76|138|176|37|44|52|163|2|35|148|50|129|135|164|175|58|66|86|4|101|102|160|173|30|123|139|159|9|79|91|92|120|166|8|80|81|100|116|122|146|46|59|95|99|108|149|57|74|118|180|22|39|110|115,3|35|38|40|64|91|100|160|185|198|218|236|265|280|296|336|347|354|361|362|377|422|443|449|460|472|475|476|483|487|491|499|509|525|540|542|548|564|583|608|613|624|635|643|649|657|665|672|676|684|695|718|723|774|802|805|821|828|833|834|896|899|906|921|922|940|944|961|974|981|1030|1036|1053|1072|1077|1085|1090|1101|1102|1110|1132|1136|1142|1151|1155|1185|1194|1200|1234|1280|1306|1340|1349|1351|1352|1362|1373|1402|1411|1416|1423|1424|1431|1433|1443|1457|1464|1488|1495|1507|1508|1522|1525|1533|1540|1546|1561|1562|1563|1589|1608|1634|1635|1647|1679|1684|1700|1702|1704|1719|1720|1722|1731|1750|1766|1771|1784|1804|1823|1853|1855|1857|1877|1898|1918|1930|1933|1935|1943|1954|1961|1962|1964|1975|1978|2017|2023|2058|2092|2094|2114|2120|2144|2167|2190|2191|2194|2213|2231|2241|2266|2276|2299|2316|2352|2368|2416|2436|2453|2476|2477|2488|2507|2516|2535|2538|2563|2584|2585|2591|2612|2616|2618|2639|2681|2688|2716|2719|2722|2739|2752|2760|2767|2775|2778|2780|2810|2819|2858|2865|2873|2876|2877|2903|2907|2936|2938|2950|2958|2962|2971|2972|2992|3004|3018|3019|3027|3033|3034|3046|3052|3065|3067|3072|3103|3116|3124|3125|3128|3139|3145|3170|3197|3205|3211|3247|3260|3282|3284|3295|3316|3343|3352|3376|3402|3405|3409|3434|3435|3460|3476|3494|3512|3531|3550|3567|3617|3620|3628|3647|3651|3680|3687|3701|3703|3716|3743|3755|3768|3784|3809|3818|3828|3841|3848|3857|3869|3875|3881|3962|3974|4011|4031|4032|4037|4046|4050|4054|4056|4062|4068|4096|4109|4121|4141|4144|4148|4150|4162|4166|4188|4189|4210|4214|4224|4225|4238|4244|4257|4259|4276|4281|4288|4322|4342|4344|4409|4425|4431|4433|4436|4494|4501|4511|4549|4557|4570|4573|4605|4619|4620|4636|4652|4653|4657|4663|4668|4669|4679|4687|4699|4733|4765|4844|4859|4890|4902|4936|4958|4962|4973|4986|4988|4994|4996|5003|5029|5035|5044|5046|5048|5052|5064|5073|5081|5173|5176|5211|5221|5231|5241|5244|5257|5258|5260|5280|5299|5304|5310|5312|5329|5332|5342|5352|5359|5376|5383|5389|5416|5425|5446|5462|5473|5475|5477|5501|5502|5503|5510|5521|5529|5530|5536|5547|5550|5555|5576|5580|5585|5605|5611|5640|5676|5697|5745|5746|5773|5789|5806|5808|5816|5842|5843|5853|5859|5867|5882|5883|5889|5892|5914|5929|5937|5940|5942|5962|5971|5979|5985|5994|6001|6017|6024|6051|6072|6089|6126|6135|6154|6156|6159|6160|6181|6199|6206|6210|6222|6259|6265|6273|6276|6277|6289|6295|6305|6374|6376|6386|6398|6410|6412|6429|6449|6474|6491|6518|6521|6525|6530|6534|6565|6576|6577|6581|6593|6608|6617|6632|6663|6691|6692|6696|6700|6701|6711|6723|6724|6731|6737|6740|6742|6755|6761|6790|6847|6866|6869|6888|6928|6933|6940|6942|6950|6971|6972|6982|6991|6997|7000|7006|7017|7055|7060|7065|7080,30.35042735042735,True
instance_0006.txt,knapsack_density,0,0,0,,,,0.0,False
instance_0006.txt,knapsack_seed,2678,135,1952,7|9|11|12|36|38|62|70|75|80|81|91|92|93|100|101|105|124|125|129|142|167|168|177|198|202|203|206|214|215|240|253|269|272|278|279|297|298|305|312|338|356|358|360|375|380|389|412|420|429|434|438|442|451|455|467|472|477|484|499|527|539|541|548|550|552|561|562|570|585|588|599|602|603|613|616|627|628|630|636|643|644|645|652|660|665|675|697|698|702|703|705|707|708|709|716|732|768|775|786|792|795|806|828|830|840|842|849|889|892|898|913|933|934|936|953|974|980|985|992|1000|1008|1009|1013|1015|1033|1037|1040|1042|1075|1076|1078|1108|1109|1122|1123|1125|1133|1134|1144|1145|1151|1173|1178|1193|1201|1206|1220|1229|1232|1253|1255|1270|1275|1276|1280|1295|1317|1321|1323|1331|1339|1350|1351|1354|1376|1386|1400|1404|1409|1411|1427|1430|1431|1433|1439|1446|1466|1467|1471|1498|1500|1503|1521|1538|1544|1560|1565|1569|1579|1619|1636|1638|1647|1652|1654|1655|1672|1700|1704|1706|1708|1713|1717|1725|1729|1733|1734|1738|1748|1749|1753|1756|1757|1758|1763|1764|1766|1772|1783|1784|1794|1797|1806|1820|1826|1828|1834|1837|1841|1845|1846|1859|1864|1871|1874|1879|1880|1902|1915|1922|1924|1935|1939|1942|1953|1954|1956|1962|1964|1970|1987|1994|1995|1996|1999|2002|2003|2019|2023|2025|2030|2033|2045|2046|2056|2067|2068|2095|2101|2109|2116|2124|2127|2133|2140|2148|2150|2151|2156|2161|2162|2163|2179|2185|2212|2214|2216|2218|2221|2228|2241|2248|2253|2268|2272|2273|2274|2299|2307|2312|2317|2328|2332|2333|2344|2357|2358|2359|2366|2383|2385|2386|2402|2422|2428|2443|2446|2449|2461|2467|2470|2485|2490|2497|2502|2503|2517|2534|2563|2566|2576|2577|2583|2587|2594|2599|2616|2620|2632|2638|2647|2653|2657|2669|2673|2683|2691|2692|2698|2702|2703|2705|2706|2710|2711|2720|2722|2735|2752|2764|2768|2775|2777|2781|2801|2835|2836|2838|2848|2859|2863|2864|2865|2883|2889|2902|2904|2912|2913|2919|2927|2934|2937|2938|2949|2954|2988|2991|2993|2995|2996|2997|3005|3017|3026|3035|3045|3046|3047|3052|3056|3061|3063|3072|3083|3089|3114|3119|3121|3123|3127|3129|3140|3144|3145|3148|3156|3157|3172|3183|3184|3187|3189|3212|3214|3217|3220|3225|3234|3238|3251|3257|3267|3278|3287|3293|3296|3298|3308|3323|3324|3325|3339|3348|3354|3365|3372|3378|3386|3401|3407|3413|3415|3421|3422|3439|3444|3461|3466|3467|3468|3474|3475|3481|3503|3505|3506|3514|3531|3532|3539|3542|3598|3611|3612|3621|3624|3632|3633|3637|3644|3658|3662|3663|3666|3673|3674|3675|3677|3695|3703|3710|3718|3727|3728|3738|3744|3746|3754|3760|3796|3836|3839|3846|3858|3880|3896|3903|3904|3930|3937|3943|3946|3949|3952|3955|3956|3965|3985|3996|3997|4011|4014|4021|4028|4029|4040|4046|4047|4056|4065|4067|4079|4089|4094|4108|4116|4117|4125|4132|4139|4156|4167|4168|4171|4175|4176|4178|4187|4188|4197|4198|4199|4210|4211|4212|4214|4217|4222|4229|4234|4239|4251|4254|4256|4258|4269|4272|4311|4330|4331|4334|4335|4346|4349|4353|4363|4366|4402|4408|4409|4410|4411|4413|4414|4429|4448|4459|4466|4481|4484|4488|4491|4494|4499|4501|4508|4511|4525|4529|4533|4548|4549|4556|4563|4565|4567|4577|4607|4610|4614|4635|4639|4644|4647|4656|4657|4662|4666|4668|4677|4678|4696|4704|4710|4713|4717|4720|4729|4730|4731|4734|4742|4745|4747|4772|4774|4781|4783|4791|4795|4798|4807|4810|4814|4820|4824|4828|4840|4844|4846|4855|4868|4875|4887|4892|4903|4904|4909|4915|4916|4924|4925|4935|4950|4954|4962|4964|4965|4968|4997|5000|5039|5046|5048|5064|5103|5108|5125|5128|5129|5131|5141|5153|5157|5161|5175|5177|5209|5217|5232|5236|5240|5252|5258|5264|5267|5274|5280|5287|5311|5323|5324|5331|5349|5351|5353|5358|5365|5383|5391|5401|5434|5448|5452|5453|5459|5469|5481|5484|5490|5492|5494|5499|5502|5505|5532|5534|5537|5540|5555|5572|5577|5579|5592|5600|5604|5615|5619|5628|5634|5648|5656|5670|5673|5681|5684|5692|5701|5702|5703|5704|5706|5715|5721|5731|5740|5752|5757|5760|5778|5799|5801|5813|5821|5823|5824|5830|5832|5833|5836|5837|5843|5850|5853|5863|5867|5877|5882|5891|5892|5894|5902|5903|5910|5919|5928|5944|5952|5957|5960|5968|5970|5979|5997|6018|6026|6027|6029|6037|6046|6061|6065|6090|6096|6113|6115|6130|6134|6137|6150|6159|6163|6164|6170|6175|6191|6197|6201|6211|6216|6233|6234|6236|6246|6251|6254|6261|6280|6282|6292|6301|6315|6318|6331|6334|6338|6342|6351|6353|6359|6363|6367|6368|6369|6372|6375|6378|6398|6399|6406|6413|6426|6432|6433|6450|6471|6477|6479|6482|6499|6504|6513|6515|6522|6525|6548|6558|6565|6566|6570|6578|6588|6594|6596|6597|6598|6606|6609|6631|6639|6649|6656|6659|6671|6673|6678|6692|6696|6707|6715|6732|6733|6738|6746|6754|6764|6792|6793|6797|6817|6822|6827|6832|6834|6863|6877|6882|6883|6886|6902|6907|6911|6912|6914|6918|6931|6947|6961|6982|6992|7009|7020|7028|7030|7034|7037|7059|7063|7065|7074|7105|7134|7142|7147|7152|7157|7168|7175|7186|7193|7195|7208|7214|7217|7219|7220|7221|7226|7245|7255|7270|7280|7291|7296|7305|7307|7310|7316|7323|7328|7330|7340|7343|7345|7353|7354|7371|7373|7401|7410|7412|7417|7435|7440|7452|7454|7456|7460|7498|7521|7529|7576|7580|7583|7615|7620|7631|7635|7636|7648|7656|7660|7663|7665|7666|7674|7687|7691|7704|7705|7708|7724|7728|7729|7738|7740|7765|7772|7773|7776|7786|7787|7800|7810|7814|7859|7868|7883|7892|7893|7894|7896|7904|7921|7928|7932|7937|7941|7945|7950|7959|7965|7967|7973|7981|8004|8006|8021|8027|8030|8032|8042|8044|8045|8048|8050|8058|8075|8081|8094|8096|8101|8102|8109|8112|8118|8128|8135|8151|8160|8161|8167|8177|8195|8204|8210|8212|8221|8222|8224|8226|8230|8234|8239|8252|8266|8268|8284|8291|8294|8301|8305|8309|8328|8333|8339|8340|8343|8350|8358|8362|8371|8372|8373|8381|8389|8393|8395|8400|8418|8421|8426|8429|8430|8442|8452|8457|8468|8488|8493|8497|8499|8505|8515|8517|8525|8527|8529|8531|8532|8536|8542|8557|8558|8571|8587|8591|8597|8610|8618|8624|8631|8632|8639|8641|8660|8661|8673|8687|8694|8701|8710|8729|8730|8734|8739|8740|8759|8765|8772|8775|8783|8795|8814|8818|8820|8822|8825|8831|8839|8847|8848|8862|8871|8872|8874|8884|8893|8907|8912|8915|8922|8936|8943|8945|8950|8953|8960|8983|8992|8996|9002|9013|9031|9035|9037|9041|9048|9051|9066|9067|9070|9076|9082|9083|9085|9097|9111|9116|9131|9132|9135|9139|9141|9142|9145|9173|9176|9182|9191|9194|9199|9202|9203|9207|9212|9215|9216|9223|9233|9243|9263|9270|9280|9288|9299|9313|9320|9326|9330|9357|9384|9387|9389|9424|9428|9449|9452|9457|9459|9461|9475|9482|9483|9488|9505|9508|9513|9517|9522|9533|9546|9548|9550|9559|9563|9567|9572|9579|9583|9599|9605|9609|9613|9618|9624|9636|9640|9647|9649|9650|9661|9666|9671|9672|9674|9679|9701|9706|9708|9715|9717|9718|9720|9726|9728|9732|9734|9751|9752|9769|9771|9782|9783|9788|9822|9833|9834|9840|9860|9861|9868|9890|9896|9909|9919|9929|9943|9945|9962|9965|9968|9972|9979|9982|9985|10010|10019|10025|10029|10036|10050|10051|10066|10068|10077|10088|10107|10112|10135|10150|10155|10162|10173|10179|10193|10200|10216|10220|10224|10225|10226|10234|10247|10267|10271|10272|10285|10292|10293|10294|10299|10303|10305|10316|10318|10321|10340|0|1|2|3|4|5|6|8|10|13|14|15|16|17|18|19|20|21|22|23|24|25|26|27|28|29|30|31|32|33|34|35|37|39|40|41|42|43|44|45|46|47|48|49|50|51|52|53|54|55|56|57|58|59|60|61|63|64|65|66|67|68|69|71|72|73|74|76|77|78|79|82|83|84|85|86|87|88|89|90|94|95|96|97|98|99|102|103|104|106|107|108|109|110|111|112|113|114|115|116|117|118|119|120|121|122|123|126|127|128|130|131|132|133|134|135|136|137|138|139|140|141|143|144|145|146|147|148|149|150|151|152|153|154|155|156|157|158|159|160|161|162|163|164|165|166|169|170|171|172|173|174|175|176|178|179|180|181|182|183|184|185|186|187|188|189|190|191|192|193|194|195|196|197|199|200|201|204|205|207|208|209|210|211|212|213|216|217|218|219|220|221|222|223|224|225|226|227|228|229|230|231|232|233|234|235|236|237|238|239|241|242|243|244|245|246|247|248|249|250|251|255|256|257|258|259|260|261|262|263|265|266|267|268|270|271|273|274|275|276|277|280|281|282|283|284|285|286|287|288|289|290|291|292|293|294|295|296|299|300|301|302|303|304|306|307|308|309|310|311|313|314|315|316|317|318|319|320|321|322|323|324|325|326|327|328|329|330|331|332|333|334|335|336|337|339|340|341|342|343|344|345|346|347|348|349|350|351|352|353|354|355|357|359|361|362|363|364|365|366|367|368|369|370|371|372|373|374|376|377|378|379|381|382|383|384|385|386|387|388|390|391|392|393|394|395|396|397|398|399|400|401|402|403|404|405|406|407|408|409|410|411|413|414|415|416|417|418|419|421|422|423|424|425|426|427|428|430|431|432|433|435|436|437|440|441|443|444|445|446|447|448|449|450|452|453|454|456|457|458|459|460|461|462|463|464|465|466|468|469|470|471|473|474|475|476|478|479|480|481|482|483|485|486|487|488|489|490|491|492|493|494|495|496|497|498|500|501|502|503|504|505|506|507|508|509|510|511|512|513|514|515|516|517|518|519|520|521|522|523|524|525|526|528|529|530|531|532|533|534|535|536|537|538|540|542|543|544|545|546|547|549|551|553|554|555|556|557|558|559|560|563|564|565|566|567|568|569|571|572|573|574|575|576|577|578|579|580|581|582|583|584|586|587|589|590|591|592|593|594|595|596|597|598|600|601|604|605|606|607|608|609|610|611|612|614|615|617|618|619|620|621|622|623|624|625|629|631|632|633|634|635|637|638|639|640|641|642|646|647|648|649|650|651|653|654|655|656|657|658|659|661|662|663|664|666|667|668|669|670|671|672|673|674|676|677|678|679|680|681|682|683|684|685|686|687|688|689|690|691|692|693|694|695|696|699|700|701|704|706|710|711|712|713|714|715|717|718|719|720|721|722|723|724|725|726|727|728|729|730|731|733|734|735|736|737|738|739|740|741|742|743|744|745|746|747|748|749|750|751|752|753|754|755|756|757|758|759|760|761|762|763|764|765|766|767|769|770|771|772|773|774|776|777|778|779|780|781|782|783|784|785|787|788|789|790|791|793|794|796|797|798|799|800|801|802|803|805|807|808|809|810|811|812|813|814|815|816|817|818|819|820|821|822|823|824|825|826|827|829|831|832|833|834|835|836|837|838|839|841|843|844|845|846|847|848|850|851|852|853|854|855|856|857|858|859|860|861|862|863|864|865|866|867|868|869|870|871|872|873|874|875|876|877|878|879|880|881|882|883|884|885|886|887|888|890|891|893|894|895|896|897|899|900|901|902|903|904|905|906|907|908|909|910|911|912|914|915|916|917|918|919|920|921|922|923|924|925|926|927|928|929|930|931|932|935|937|938|939|940|941|942|943|944|945|946|947|948|949|950|951|952|954|955|956|957|958|959|960|961|962|963|964|965|966|967|968|969|970|971|972|973|975|976|977|978|979|981|982|983|984|986|987|988|989|990|991|993|994|995|996|997|998|999|1001|1002|1003|1004|1005|1006|1007|1010|1011|1012|1014|1016|1017|1018|1019|1020|1021|1022|1023|1024|1025|1026|1027|1028|1029|1030|1031|1032|1034|1035|1036|1038|1039|1041|1043|1044|1045|1046|1047|1048|1049|1050|1051|1052|1053|1054|1055|1056|1057|1058|1059|1060|1061|1062|1063|1064|1065|1066|1067|1068|1069|1070|1071|1072|1073|1074|1077|1079|1080|1081|1082|1083|1084|1085|1086|1087|1088|1089|1090|1091|1092|1093|1094|1095|1096|1097|1098|1099|1100|1101|1102|1103|1104|1105|1106|1107|1110|1111|1112|1113|1114|1115|1116|1117|1118|1119|1120|1121|1124|1126|1127|1128|1129|1130|1131|1132|1135|1136|1137|1138|1139|1140|1141|1142|1143|1146|1147|1148|1149|1150|1152|1153|1154|1155|1156|1157|1158|1159|1160|1161|1162|1163|1164|1165|1166|1167|1168|1169|1170|1171|1172|1174|1175|1176|1177|1179|1180|1181|1182|1183|1184|1185|1186|1187|1188|1189|1190|1191|1192|1194|1195|1196|1197|1198|1199|1200|1202|1203|1204|1205|1207|1208|1209|1210|1211|1213|1214|1215|1216|1217|1218|1219|1221|1222|1223|1224|1225|1226|1227|1228|1230|1231|1233|1234|1235|1236|1237|1238|1239|1240|1242|1243|1244|1245|1246|1247|1248|1249|1250|1251|1252|1254|1256|1257|1258|1259|1260|1261|1262|1263|1264|1265|1266|1267|1268|1269|1271|1272|1274|1277|1278|1279|1281|1282|1283|1284|1285|1286|1287|1288|1289|1290|1291|1292|1293|1294|1296|1297|1298|1299|1300|1301|1302|1303|1304|1305|1306|1307|1308|1309|1310|1311|1312|1313|1314|1315|1316|1318|1319|1320|1322|1324|1325|1326|1327|1328|1329|1330|1333|1334|1335|1336|1337|1338|1340|1341|1342|1343|1344|1345|1346|1347|1348|1349|1352|1353|1355|1356|1357|1359|1360|1361|1362|1363|1364|1365|1366|1367|1368|1369|1370|1371|1372|1373|1374|1375|1377|1378|1379|1380|1381|1382|1383|1384|1385|1387|1388|1389|1390|1391|1392|1393|1394|1395|1396|1397|1398|1399|1401|1402|1403|1405|1406|1407|1408|1410|1412|1413|1414|1415|1416|1417|1418|1419|1420|1421|1422|1423|1424|1425|1426|1428|1429|1432|1434|1435|1436|1437|1438|1440|1441|1442|1443|1444|1445|1447|1448|1449|1450|1451|1452|1453|1454|1455|1456|1457|1458|1459|1460|1461|1462|1463|1464|1465|1468|1469|1470|1472|1473|1474|1475|1476|1477|1478|1479|1480|1481|1482|1483|1484|1485|1486|1487|1488|1489|1490|1491|1492|1493|1494|1495|1496|1497|1499|1501|1502|1504|1505|1506|1507|1508|1509|1510|1511,73|119|134|42|30|21|178|5|161|177|75|0|135|145|63|144|171|77|65|88|131|153|160|1|31|79|85|62|151|106|91|16|78|17|61|56|137|10|20|92|163|149|124|117|130|172|150|173|57|76|107|29|45|162|164|44|86|175|43|101|116|146|33|74|89|115|138|22|34|50|52|94|2|15|58|59|122|132|8|18|87|99|102|3|19|67|80|105|118|120|136|147|159|179|7|35|82|148|4|27|48|103|158|167|6|32|37|47|60|81|93|100|104|109|110|129|152|165|166|174|13|23|24|36|40|51|66|68|96|108|127|128|139|141|142,1|2|3|6|7|16|19|22|26|29|36|37|38|40|46|56|58|59|69|73|74|81|82|87|89|94|95|101|102|104|106|112|113|114|118|125|129|132|133|136|137|139|141|143|150|152|154|161|164|167|170|171|173|174|175|180|181|183|187|195|202|209|210|216|218|225|227|229|231|239|240|249|254|256|258|261|263|265|270|271|274|276|277|279|280|282|287|288|290|291|292|293|294|317|318|321|325|327|329|333|338|340|342|344|345|347|351|353|354|359|361|362|364|370|382|387|405|407|410|412|414|427|432|433|438|440|441|443|445|448|450|452|454|455|457|466|472|479|487|490|492|496|508|523|525|531|536|541|544|546|547|548|549|551|553|561|565|566|567|574|575|578|583|589|590|591|594|595|606|608|614|615|620|621|624|626|633|649|656|657|658|666|668|670|671|678|679|685|686|688|693|696|697|698|701|712|716|721|731|732|738|739|744|745|749|750|751|752|757|760|762|766|775|783|785|793|797|799|802|810|812|816|817|818|821|824|827|828|829|834|837|840|841|849|850|852|859|861|868|869|872|875|877|878|882|885|889|898|907|908|915|917|921|922|924|926|933|938|939|943|946|951|952|954|957|965|969|971|974|976|979|985|986|1012|1016|1017|1020|1030|1035|1036|1043|1050|1054|1057|1059|1061|1064|1067|1069|1075|1076|1077|1088|1089|1109|1110|1116|1117|1122|1125|1127|1128|1130|1133|1135|1137|1138|1141|1144|1146|1157|1161|1163|1164|1177|1180|1183|1185|1186|1194|1196|1200|1201|1206|1211|1214|1220|1223|1232|1235|1238|1241|1244|1246|1250|1251|1254|1262|1270|1273|1283|1289|1290|1291|1292|1308|1314|1320|1323|1326|1329|1336|1337|1345|1351|1352|1354|1355|1357|1358|1359|1361|1362|1363|1365|1374|1375|1381|1382|1384|1386|1394|1398|1406|1409|1410|1412|1420|1422|1425|1426|1427|1429|1431|1433|1440|1441|1444|1446|1454|1455|1457|1458|1460|1461|1464|1465|1466|1469|1470|1480|1490|1492|1495|1496|1499|1508|1511|1513|1515|1516|1522|1523|1524|1532|1534|1536|1541|1543|1545|1546|1552|1553|1555|1565|1567|1569|1576|1578|1579|1586|1596|1597|1600|1605|1614|1615|1617|1625|1628|1633|1642|1645|1646|1665|1668|1673|1675|1676|1683|1684|1692|1695|1696|1697|1699|1701|1704|1717|1721|1724|1725|1728|1747|1749|1750|1753|1754|1755|1761|1762|1770|1773|1780|1786|1791|1792|1793|1794|1795|1803|1807|1808|1813|1825|1832|1833|1836|1838|1850|1852|1865|1869|1872|1876|1877|1878|1881|1885|1887|1888|1895|1896|1897|1900|1901|1906|1914|1922|1923|1925|1935|1938|1942|1945|1946|1948|1953|1955|1958|1962|1966|1968|1972|1976|1978|1985|1987|1989|1992|1993|1999|2003|2004|2007|2010|2011|2014|2016|2021|2024|2027|2028|2029|2036|2037|2038|2042|2044|2047|2056|2059|2063|2064|2069|2073|2083|2106|2108|2113|2116|2118|2119|2127|2128|2135|2136|2139|2142|2144|2151|2152|2153|2163|2169|2178|2179|2184|2187|2188|2193|2196|2198|2200|2203|2207|2209|2213|2216|2222|2229|2231|2234|2235|2236|2240|2241|2242|2243|2244|2245|2248|2250|2252|2254|2257|2258|2263|2266|2284|2285|2286|2290|2294|2295|2299|2301|2304|2305|2306|2309|2313|2314|2315|2326|2330|2331|2332|2337|2340|2345|2349|2351|2354|2365|2367|2371|2372|2374|2377|2378|2394|2395|2396|2407|2411|2419|2429|2438|2440|2444|2446|2449|2459|2460|2462|2471|2473|2476|2485|2488|2494|2497|2512|2514|2516|2518|2519|2521|2527|2529|2537|2541|2542|2543|2547|2555|2557|2560|2567|2569|2576|2579|2585|2595|2596|2599|2600|2602|2604|2609|2610|2616|2618|2625|2626|2628|2632|2638|2639|2646|2648|2649|2650|2652|2654|2661|2664|2670|2675|2678|2680|2682|2684|2685|2695|2696|2697|2699|2708|2718|2719|2722|2726|2729|2735|2746|2750|2756|2757|2760|2762|2765|2768|2769|2771|2772|2778|2781|2783|2789|2790|2792|2797|2800|2802|2806|2808|2814|2815|2823|2824|2830|2835|2837|2838|2849|2856|2858|2864|2866|2867|2872|2878|2880|2884|2885|2889|2893|2895|2904|2905|2907|2914|2915|2917|2919|2921|2922|2940|2943|2944|2948|2952|2961|2962|2963|2966|2967|2968|2969|2970|2972|2976|2984|2990|2992|2998|3004|3006|3012|3014|3018|3019|3021|3022|3030|3033|3034|3043|3044|3047|3053|3055|3061|3063|3067|3068|3070|3073|3075|3082|3089|3090|3092|3093|3096|3104|3108|3117|3118|3119|3120|3127|3129|3133|3134|3136|3145|3147|3150|3153|3165|3167|3175|3176|3183|3185|3188|3193|3194|3199|3205|3206|3208|3210|3221|3222|3230|3231|3239|3250|3257|3258|3261|3264|3265|3266|3268|3269|3275|3280|3284|3290|3297|3305|3309|3312|3316|3323|3324|3325|3333|3334|3335|3337|3349|3357|3358|3361|3364|3366|3369|3370|3378|3381|3385|3390|3394|3396|3401|3404|3407|3408|3411|3419|3422|3424|3434|3435|3438|3445|3446|3448|3450|3451|3452|3458|3459|3461|3463|3473|3476|3479|3480|3481|3484|3486|3487|3492|3500|3502|3505|3510|3514|3516|3519|3520|3523|3530|3531|3532|3535|3536|3538|3544|3551|3553|3561|3565|3567|3570|3572|3578|3581|3594|3596|3599|3600|3601|3608|3613|3614|3621|3624|3627|3628|3635|3636|3638|3640|3642|3644|3652|3663|3668|3669|3670|3677|3686|3688|3700|3708|3715|3717|3718|3720|3722|3724|3727|3728|3734|3737|3744|3746|3747|3754|3755|3759|3764|3774|3775|3777|3780|3782|3788|3789|3792|3793|3797|3798|3804|3807|3811|3813|3818|3819|3824|3830|3834|3837|3838|3841|3843|3846|3847|3848|3851|3856|3860|3872|3876|3877|3879|3887|3891|3892|3894|3895|3900|3911|3912|3914|3917|3918|3921|3922|3926|3929|3931|3937|3938|3939|3944|3948|3949|3952|3953|3954|3955|3956|3965|3966|3970|3972|3975|3980|3982|3989|3994|3996|4003|4006|4007|4013|4017|4018|4024|4026|4030|4031|4032|4035|4037|4040|4045|4046|4049|4050|4052|4053|4055|4057|4063|4069|4072|4079|4080|4089|4092|4096|4097|4098|4102|4103|4104|4108|4109|4113|4115|4117|4118|4122|4123|4124|4125|4126|4127|4136|4139|4140|4143|4150|4151|4152|4155|4157|4160|4162|4166|4167|4173|4178|4184|4185|4186|4188|4191|4194|4196|4198|4212|4213|4214|4226|4231|4238|4243|4247|4248|4251|4258|4259|4261|4266|4267|4271|4275|4279|4283|4286|4292|4296|4297|4298|4301|4304|4308|4309|4315|4320|4322|4323|4325|4334|4340|4344|4345|4347|4352|4353|4354|4355|4356|4357|4359|4363|4368|4372|4374|4381|4388|4390|4402|4407|4409|4415|4416|4418|4420|4421|4425|4428|4431|4433|4436|4438|4441|4443|4445|4450|4452|4453|4456|4457|4460|4463|4467|4480|4481|4482|4492|4496|4497|4499|4502|4507|4511|4513|4514|4526|4532|4534|4536|4538|4549|4551|4563|4566|4570|4571|4574|4582|4584|4585|4587|4597|4598|4602|4603|4604|4605|4610|4612|4615|4621|4627|4637|4639|4647|4650|4654|4656|4659|4660|4664|4666|4675|4677|4679|4694|4696|4699|4707|4711|4715|4716|4718|4721|4728|4732|4734|4735|4736|4738|4741|4751|4752|4753|4761|4762|4765|4768|4770|4772|4773|4781|4782|4784|4788|4791|4792|4799|4800|4803|4805|4809|4810|4813|4815|4817|4822|4823|4824|4828|4833|4834|4835|4836|4840|4843|4845|4847|4848|4851|4854|4856|4861|4867|4869|4870|4872|4874|4875|4877|4884|4885|4892|4893|4895|4898|4901|4907|4911|4914|4920|4925|4926|4930|4931|4932|4933|4936|4937|4940|4942|4944|4946|4953|4955|4959|4965|4970|4973|4975|4976|4982|4985|4992|4994|4996|5003|5010|5017|5022|5023|5024|5035|5038|5047|5050|5051|5052|5056|5057|5058|5061|5062|5063|5075|5076|5080|5084|5088|5089|5092|5097|5098|5102|5106|5109|5113|5114|5115|5116|5118|5122|5131|5136|5140|5144|5148|5152|5161|5164|5165|5170|5171|5172|5173|5176|5184|5185|5188|5189|5194|5196|5198|5199|5200|5209|5210|5220|5228|5232|5236|5237|5238|5239|5243|5244|5245|5258|5265|5268|5271|5272|5273|5274|5275|5280|5282|5284|5287|5296|5298|5299|5301|5303|5310|5316|5322|5327|5328|5336|5341|5344|5348|5351|5361|5362|5363|5371|5377|5390|5395|5397|5399|5401|5404|5408|5410|5418|5419|5425|5426|5427|5428|5430|5434|5440|5442|5443|5445|5449|5454|5459|5461|5466|5470|5474|5475|5478|5486|5488|5491|5494|5495|5498|5499|5501|5505|5510|5520|5521|5526|5527|5528|5530|5534|5538|5541|5554|5555|5556|5560|5563|5564|5568|5576|5579|5580|5582|5584|5585|5586|5588|5593|5600|5610|5615|5616|5622|5626|5627|5630|5631|5633|5640|5642|5650|5654|5656|5662|5665|5667|5669|5670|5673|5674|5680|5685|5689|5698|5699|5700|5702|5707|5714|5715|5717|5732|5734|5735|5741|5746|5747|5749|5750|5756|5760|5766|5768|5769|5770|5773|5775|5778|5784|5787|5791|5793|5798|5815|5820|5826|5827|5844|5845|5850|5852|5853|5857|5859|5870|5871|5875|5876|5878|5880|5888|5896|5897|5902|5912|5921|5922|5929|5936|5938|5945|5946|5952|5954|5957|5961|5968|5973|5974|5975|5976|5980|5983|5986|5988|5991|5994|5997|5998|5999|6007|6012|6014|6016|6019|6022|6023|6028|6037|6040|6044|6047|6048|6053|6058|6062|6068|6069|6070|6080|6084|6085|6086|6087|6090|6107|6108|6113|6119|6133|6135|6138|6139|6142|6144|6145|6146|6148|6157|6162|6163|6166|6168|6172|6178|6181|6183|6184|6185|6199|6201|6202|6210|6211|6213|6215|6216|6217|6221|6222|6224|6227|6237|6238|6240|6254|6258|6260|6262|6263|6265|6268|6269|6270|6271|6280|6283|6289|6290|6291|6296|6297|6300|6301|6304|6308|6317|6319|6321|6325|6327|6332|6336|6337|6339|6340|6344|6345|6346|6353|6354|6357|6365|6367|6370|6373|6374|6375|6382|6386|6387|6392|6394|6396|6398|6409|6414|6417|6419|6420|6427|6428|6429|6431|6432|6433|6439|6442|6443|6448|6449|6455|6458|6462|6463|6466|6470|6471|6473|6475|6476|6478|6480|6481|6483|6484|6492|6497|6498|6500|6503|6506|6508|6509|6513|6514|6517|6521|6522|6523|6527|6532|6534|6535|6539|6543|6546|6549|6557|6559|6560|6563|6569|6570|6572|6574|6576|6577|6580|6585|6590|6597|6610|6611|6614|6624|6627|6628|6630|6632|6633|6634|6635|6638|6639|6642|6643|6644|6648|6658|6661|6667|6668|6671|6673|6675|6679|6684|6687|6691|6696|6706|6707|6710|6712|6714|6715|6717|6720|6722|6723|6725|6732|6733|6736|6738|6753|6755|6756|6765|6767|6771|6775|6779|6786|6791|6793|6794|6799|6804|6808|6815|6826|6834|6837|6838|6839|6840|6845|6847|6851|6852|6853|6854|6860|6861|6864|6866|6869|6880|6883|6895|6898|6900|6902|6903|6904|6907|6909|6911|6913|6919|6924|6925|6926|6927|6930|6931|6932|6936|6940|6943|6947|6957|6958|6959|6966|6970|6971|6972|6974|6983|6991|6997|7000|7010|7011|7015|7021|7031|7032|7035|7036|7039|7059|7063|7065|7068|7070|7076|7081|7087,28.296296296296298,True
instance_0006.txt,random,2747,137,2314,2524|4938|2453|8840|1982|6893|190|8560|9801|5191|183|3752|9202|2574|4509|2847|10235|8263|9157|5743|1210|8798|6180|8632|201|7995|1260|5911|5783|4286|6173|7825|5288|4472|5870|3760|7475|125|3126|6208|4582|8891|7895|8815|2032|6204|9039|3293|8495|4990|454|5296|9769|7273|5662|8032|6953|2584|9777|10198|6444|2324|5390|542|1400|2732|2830|4383|9582|6707|9931|6400|3614|408|7250|5583|3878|9586|6026|8755|586|7425|3012|1056|415|4401|1067|5403|7672|9793|3423|412|3254|257|3729|8767|5192|9841|6540|8587|7411|5874|7924|6592|9819|5375|2876|7490|4275|7709|5951|8266|40|2356|4957|6745|2233|1490|2181|7818|5170|8360|1845|6202|9809|6918|921|10011|6901|1234|4440|7391|6141|9576|8543|9523|5317|4540|1245|6328|6599|8912|6059|7581|3386|2883|6997|6853|6195|114|6500|8522|249|3233|4357|2287|1224|4270|2426|5655|5203|305|1798|8612|241|6615|8643|6413|3980|9415|9739|9518|3431|5541|2345|10038|6934|9004|9840|6363|9472|4972|4828|10164|5233|6620|5700|8029|1157|1286|6271|6867|2110|7512|62|4112|8475|8933|504|4605|4202|8080|4384|8429|8077|9332|1020|6637|5812|9572|8863|4546|731|6392|6110|6278|4169|1562|6168|6119|3505|773|2503|1307|4043|9139|1139|9318|4427|7381|7532|1547|6302|7008|2176|118|7555|8794|1832|826|9933|8111|4526|4303|964|6996|2633|1651|9120|5328|8721|9037|4338|8577|6029|8440|3924|3360|8864|6075|2022|10293|8740|3207|9881|9248|9327|2208|2649|245|3607|5332|8817|228|9360|5977|2760|6772|4045|9929|7406|9986|4335|9971|107|3639|79|5488|2490|1330|1684|5868|1354|7691|7981|491|9409|5906|2907|1751|1207|1523|2157|312|4771|2071|584|7094|3403|3524|8967|6607|3975|3052|521|1616|10281|151|319|8319|5628|1008|9247|484|2140|4997|4501|7736|3645|925|4670|4867|2023|5750|9494|10331|7671|7362|1544|8156|2316|2841|4637|1446|194|4706|986|1863|5604|3179|5514|2294|2169|6337|2173|4612|9620|3181|6010|1503|1350|7879|4524|7803|8064|1983|204|2383|9451|4062|9633|3468|1650|8437|6509|9293|116|8314|7846|9803|119|689|3876|1073|2407|4705|2348|8847|1355|3859|445|5169|3827|9214|4150|5447|5058|5373|6654|10169|9560|10313|2245|4603|2235|4980|9854|7204|4029|5300|6800|939|9026|4811|9324|5844|5014|6418|3785|6955|9834|7373|6652|9089|4274|6816|2064|4244|7640|2772|9507|1024|2311|3966|9234|8830|6113|3547|1226|6288|8811|9270|7620|7863|5474|5277|6481|1581|3507|6985|4838|8114|3658|5137|4108|9335|799|3535|9540|4937|224|2805|1715|8568|7540|7443|1078|5554|10069|2236|2338|4786|6961|10269|6455|10310|2354|8486|9965|10080|6671|8442|3390|1275|9498|5500|3138|6763|1126|7024|5213|4442|9179|10138|4456|7624|3936|2492|5003|8910|9405|6420|5308|3928|8570|8601|8323|1115|2376|7961|7438|3773|4976|3348|3056|5574|775|7701|9888|7629|10290|5973|221|3146|5790|4086|4254|6582|7278|5410|8956|1070|69|200|2712|5087|4308|1505|5316|7203|2443|9698|658|3288|1311|5358|1402|2902|1781|4888|2089|3686|4392|9399|9492|7409|1820|3838|6636|10340|2530|7873|75|8883|8051|63|3262|9438|3750|5272|10195|506|2467|5704|1980|4228|4076|2815|5353|3476|7787|1764|7022|1162|6275|10041|4680|10154|5853|7600|4583|8976|8378|9806|3363|3229|9094|8382|4653|8247|8052|2794|1926|7597|9556|9764|1772|8147|2585|7940|3778|2192|9758|6339|4951|9107|774|7871|743|7619|4813|9984|1128|2917|3853|6804|7312|213|3117|9783|7088|7856|6773|1378|3198|680|9022|7366|3177|3462|6728|9815|4914|10206|1258|4619|6270|4065|8280|1191|9330|393|6489|3421|3587|4982|498|2309|7792|8994|2042|1313|4084|1019|4758|8793|6404|1114|5010|3211|9419|7816|3761|7903|2879|1952|9112|3814|8664|806|10127|4280|5387|3920|2832|9385|8656|7935|1103|7046|298|10251|8943|7041|3353|9322|2381|6101|6249|8819|9900|9208|6857|4930|1596|9057|1802|1227|3191|3087|6165|6998|4081|7359|2068|5481|6286|7755|59|1279|8269|3407|1643|8756|8004|8752|1829|8671|6740|5155|5952|2573|7407|9262|8183|4376|4486|10171|1371|3745|2296|5614|1999|9887|6005|10070|7977|280|3655|5216|9543|9400|7167|2829|3067|9145|6784|8971|10051|1631|6713|4381|4141|4697|951|712|2982|1107|8238|5282|7542|1607|5915|4044|9831|1125|6217|878|6046|10040|2493|2415|5458|4064|6824|4342|2027|9789|5306|9695|9502|6511|8252|7006|313|10066|941|4804|8116|5713|8178|9797|784|5921|2508|5319|6995|5677|6189|7839|4525|4739|640|9849|509|2519|2003|573|9379|1817|4887|3420|5568|1929|3163|3597|9140|8558|9416|3157|3380|3831|7565|7038|4373|9602|1463|1192|8778|6951|1697|10007|2143|2689|3426|4644|11|4900|7263|6373|9308|4093|6334|8566|5211|4138|6212|1612|3259|8898|2911|4421|5658|7118|9241|2539|6750|8634|3427|10140|654|4271|9628|2648|678|4253|3871|7021|10200|5175|503|5139|670|2025|2667|9728|707|3339|2340|8862|8368|6704|1862|8419|9036|4262|3784|1150|4023|7984|6858|1737|7943|4168|6573|5916|4665|9243|2066|6895|1069|1106|6172|762|7911|8344|5224|9455|262|4966|490|8658|6097|1860|331|8334|4215|167|8949|2850|7698|7573|1094|9921|1336|9731|5120|9943|7201|3228|6284|2932|2657|8184|10211|3904|1551|448|6960|4479|3807|2783|2137|5706|603|8805|1748|10307|2078|8251|1254|9152|2425|4024|4466|2942|5523|845|8751|644|1196|8245|8488|9240|1942|9726|8201|9608|8911|5085|8860|4977|6557|4272|480|1499|6345|4963|8705|7686|6045|6618|4437|531|1123|3194|1779|6544|6689|10196|8265|8961|7835|3471|7507|5150|7585|5834|179|2238|4908|5537|1759|3715|8436|6648|3852|1686|5173|4071|5620|7232|1512|8928|2019|991|3890|3651|10173|2390|7454|4372|5603|4375|1572|8130|5811|2644|1958|1051|9483|4984|8657|3464|97|885|386|1903|2254|442|8711|496|3283|4283|5414|5837|6909|7877|1561|3094|5768|7789|4245|8548|4530|5533|9957|7681|9097|608|2343|2372|4894|4318|3840|2964|7780|1663|10047|2430|131|5937|10103|6020|8550|7015|4738|4883|7229|2477|2460|5382|7662|6866|5163|643|3333|7828|931|2480|6391|10284|1030|4252|5184|8681|794|1474|1569|6714|1264|400|3653|103|3415|6940|9940|5047|9606|5833|6807|6931|1653|5504|10237|9457|5889|4626|1502|1826|3539|9989|1187|9072|5456|4129|4471|4511|6058|3711|9832|704|7732|3344|3806|2094|3880|568|8885|2466|7656|593|7372|942|144|2656|8583|2095|8204|5415|433|6407|3016|7020|1052|5327|4825|5819|8677|9597|5156|8772|3456|2729|6272|4812|3533|1701|5117|9173|2423|787|2643|9591|3722|4476|8925|5370|9526|5151|6608|4488|4740|6762|7392|5426|8417|7395|4249|2791|2172|4824|6052|6686|3357|6277|5333|205|1295|99|3246|4832|4542|5729|8729|796|2112|2943|10215|10197|2950|8434|6023|6247|9117|2119|121|2624|6791|9539|9459|1575|7590|2386|3781|9876|3595|3567|1437|4581|5823|9733|6854|8376|7297|1881|9213|1156|5722|943|9090|4783|5166|1675|4118|6090|5402|2878|9927|5466|974|6478|3967|3673|8846|9630|877|5531|2818|2152|6640|4988|6655|5570|2543|6432|481|3302|10327|6903|9030|9052|3854|6303|217|8567|630|5630|6883|365|9163|8090|4477|10115|10260|3586|8655|8569|3830|3588|7838|6060|8602|5245|899|5246|5251|6739|6349|2149|937|7155|1659|5687|7583|6806|2968|7062|337|767|7802|10034|7994|7403|6296|4187|1119|2247|7562|5907|5908|5781|7576|2504|2983|5883|9378|9260|8553|430|4455|2167|3906|2664|797|2082|4878|6184|8851|3900|4199|9959|1539|10316|1668|2506|1468|3786|2645|7946|3448|10088|8082|737|4465|3354|6942|8328|5086|1753|7200|3519|2459|137|1964|5145|5352|8766|2428|4942|1208|1050|5264|10081|4028|22|1443|7592|7992|5495|6155|3605|7798|664|4809|275|4134|8262|3799|1745|8076|4217|7533|2782|130|1144|406|2612|9105|6641|9711|9198|6054|5453|3847|7363|7013|7043|3994|5671|4594|8170|111|5827|8053|320|1237|911|419|3164|8210|7347|3396|7588|5965|2284|6861|4451|10068|4314|4078|2691|9136|3066|6430|6786|3822|7370|6279|3249|8477|10248|6805|4107|5416|9135|8285|1361|3583|782|4039|8963|8541|7147|1708|2162|2085|4241|3523|9619|10305|3477|5080|2777|4577|8972|3570|6076|9216|9982|9592|9824|4535|6665|3089|8675|9290|5162|3849|1657|3144|9497|1661|564|1896|2924|8006|6525|8523|102|5464|5863|5892|3637|7422|8996|7547|8837|5237|7960|3019|2894|1908|397|10124|1709|2276|8318|1876|7714|1893|4695|10125|890|5256|557|6561|10094|4679|3988|6099|1147|5176|9049|3212|4588|8701|2668|3053|153|1338|6617|10267|9874|8487|9554|4213|6759|2571|3271|7183|7900|6259|1511|4273|3956|1016|8918|5395|895|6332|8301|8272|9389|1949|8189|4913|5851|10303|3744|4016|7484|3590|2334|10168|8019|5731|5723|8672|461|4362|1902|1800|4139|2738|1364|10137|7249|373|428|1493|671|8171|5289|8336|3139|4623|669|2184|2786|8999|394|4265|861|1823|10052|5473|1211|2165|1293|1927|9913|3580|108|930|251|3526|4114|6994|869|6018|7813|2349|7966|9678|4505|8547|10288|1615|1053|1268|587|8035|801|1965|5204|3885|3929|3093|2281|6777|5769|4482|5815|4860|3252|5491|599|7517|7149|9512|7889|7923|176|5926|4259|2075|9944|3559|6801|1757|2767|642|449|5584|240|5732|6307|2559|8824|3683|709|7135|831|5220|2569|5446|4186|6436|222|3466|10188|2351|6681|4077|6627|4947|7689|9481|5459|2385|6336|7534|7012|9886|2219|5629|2552|8408|10149|1031|2079|770|8300|6356|8659|4658|1389|3474|9467|3337|4562|4751|5071|3178|1897|3028|9386|3221|749|6929|4798|8636|58|10264|9023|1667|9978|122|5748|9298|8351|5291|4125|1488|9830|1874|1142|2728|2798|6439|6006|10029|4932|4430|3873|1895|9338|544|950|5544|7786|10209|952|500|2106|6885|1900|146|1625|3234|4478|3442|702|9996|5546|729|5526|402|4334|2697|1815|6593|239|1679|7511|6905|1449|6776|2362|5701|10163|4067|3205|7944|3042|3422|5948|8836|858|7241|1518|9339|4554|7390|6106|2037|4097|9631|5676|8493|9729|1127|910|759|1274|1009|7630|3342|10001|3809|6891|1134|7181|6566|98|3918|4967|2977|4561|9895|2666|4256|7084|8492|6201|2168|4941|4444|4663|5708|2609|793|7526|4291|6963|1914|9259|7829|5950|9917|5686|3314|8937|4506|2263|2752|1678|5670|5527|6765|8683|5503|4635|7870|9309|6586|5425|7216|7455|4979|8581|592|665|2264|3169|4030|7385|5126|4907|4406|9687|9375|9808|3542|8932|2268|5079|3902|2811|1754|10189|5679|132|8218|6126|8610|2510|8620|10217|4834|4014|343|3120|6428|14|1681|5735|505|1604|3460|920|4417|5072|1865|2115|5685|6935|3987|6527|9425|9584|2450|2014|9522|9684|2406|7045|8297|3362|2551|8350|1710|5818|1522|507|8822|9899|3576|1906|5217|7695|4948|5538|602|6845|2451|2922|5938|9024|6416|3059|6408|9184|1664|3798|661|6610|10037|1614|1945|2916|5551|7974|9367|3670|9314|1975|8181|2683|7279|5698|548|5401|6664|2954|7146|6507|820|4210|3147|9383|2158|2935|2250|5681|7652|8790|10255|3209|181|8930|5060|7033|6228|2872|4595|4795|2319|5646|1325|7927|7642|1648|1309|6162|5971|5753|423|8025|3739|3850|623|7570|2374|7206|7283|2220|3416|4770|5964|7199|4098|5997|6335|7364|3063|2307|2956|7674|8067|6515|1413|3555|887|1220|7869|9961|5904|1397|10274|5189|9590|6001|4632|9581|6832|4660|8725|8958|8695|5130|7244|5832|9703|5193|4983|1200|1365|2986|3459|1542|2067|614|2409|9111|2030|6856|382|10252|7014|3188|30|1472|8607|379|3402|8386|3325|10280|5507|9462|2224|5109|6040|779|3000|915|9256|2903|4851|7750|2242|7234|8148|2442|3990|5258|3783|8073|1270|3998|2028|6283|2029|7227|3097|8018|7269|4251|3821|5362|8226|5777|766|5066|10018|5511|6093|6727|10232|10185|3874|5653|3974|7195|6289|4073|7063|3514|8853|4092|7110|3649|3024|5804|3574|7546|8609|1450|8797|352|9611|105|6716|8879|2681|9368|3235|8260|10099|1875|2387|5262|9773|177|6552|3435|2330|10244|6548|7685|4669|9108|4919|8387|7439|9192|281|8286|7305|8352|3926|2857|6122|6939|9600|7799|6730|1289|3486|4836|1105|5185|8578|8872|7868|5335|525|6690|3433|4691|2483|4792|2431|4536|10013|5303|6148|4348|2722|3905|6327|963|8256|1795|1244|7025|3811|10095|9345|2364|3701|7744|9242|3071|6124|8005|3472|3463|8667|6308|8370|9424|5897|1199|9321|2849|3602|2209|1113|2859|8685|6157|3703|8203|778|5772|3269|3671|4452|289|668|7761|5944|2494|8465|1436|7724|3315|6386|1432|6030|5040|7081|8363|7348|1163|3832|2790|3869|6611|10067|1176|2688|6751|5114|5160|4454|67|4094|4717|7141|8355|10330|6678|1627|5516|6758|2973|2923|9323|6559|843|5113|8282|8255|2221|10123|6950|3679|6450|8814|1062|1917|9928|5144|6465|3286|8563|5530|475|4797|4336|886|840|4051|5721|880|4248|9340|7117|5026|3284|9501|6658|2898|9306|3707|4183|8900|8536|8399|9131|9183|9788|1776|8595|2852|2658|9050|4708|7737|9588|5716|2347|8071|2302|8895|5980|7575|1891|2621|832|2566|4484|1074|3374|2274|7334|1606|6382|7350|4655|9493|7193|659|4654|3334|7661|7598|8311|3375|5061|512|2833|6415|2273|2401|7354|9652|7569|4227|3770|5252|8770|3911|2000|8955|6431|7725|1961|6038|7697|5302|5996|5610|9838|2972|4857|523|9577|7267|6757|6779|4531|7074|8528|7983|7296|3973|3527|528|2823|9495|2787|5129|8489|1801|827|440|8216|1283|3756|3557|8703|7197|4965|982|2290|6066|5399|4322|2009|9538|7379|8016|2558|3247|8472|8393|8877|9751|9040|2272|8126|5048|6512|8590|8520|6055|9167|2613|3624|3517|1930|3015|1353|9463|1444|7446|2001|3800|9907|5379|28|6261|6366|4433|5924|390|9171|8939|4152|9530|5857|8554|3544|127|9352|6917|2502|2618|9078|3185|1723|7072|4726|724|7866|6158|7965|2104|4038|4056|2901|9513|2258|8617|1617|3347|9613|3225|7521|5002|2598|9043|7822|6937|1202|6446|1014|1180|1746|3845|6780|698|2384|2473|9949|1796|8506|4378|5281|6497|7586|8391|211|7959|4527|6601|9506|6138|2610|2708|1887|6711|8503|91|5098|8940|6187|1165|2578|2024|1944|1799|2607|9725|656|1579|5788|5260|3991|547|1205|1239|9059|546|3889|2408|4890|2120|383|8284|6643|1451|2269|8974|10183|1652|7556|1184|4985|10056|6971|9569|10241|7632|4101|1557|1026|2625|7290|3685|4572|3121|6111|4382|411|5582|9967|3401|3308|2953|5512|7563|6653|3663|3957|8113|9231|2966|9761|9295|6395|7676|7808|10005|1768|1587|9348|9511|6495|10097|3098|4161|7684|5369|2761|1058|4340|839|9871|4822|2785|813|61|6389|10246|6466|2813|1175|5536|5563|5054|4683|5266|7109|1485|2010|3313|2629|3373|8063|269|5394|5257|6635|7462|2611|7721|4319|2536|9148|5095|5535|6053|8192|3912|2918|4567|5925|7908|7420|629|4247|7939|3599|7165|3418|1890|420|4411|7017|88|7564|5091|3394|3113|9331|8394|6900|1228|579|9768|3550|5719|2906|7852|2410|7168|3805|1011|6079|9657|51|1383|3943|9346|9347|158|4731|465|6649|6924|4904|5461|3003|6531|2970|3866|1777|287|5738|1038|6143|5127|10139|5235|5454|8904|569|745|1752|1005|7653|8061|1998|5724|5902|3731|5051|5274|8289|902|9677|2710|3343|9069|4912|1318|4803|1087|8410|1978|9870|9699|301|3014|8902|1580|9856|9401|6221|721|2825|5572|3499|6962|9252|8274|1177|3248|3319|1658|9534,130|117|42|73|58|144|0|17|85|101|119|172|21|45|30|88|146|4|160|79|75|91|2|31|162|175|63|174|177|164|138|149|102|33|132|46|122|52|92|134|145|105|18|77|20|137|158|35|161|1|43|74|16|118|15|100|153|178|44|29|86|129|76|173|5|56|171|32|151|106|131|147|135|150|109|116|89|8|19|34|48|57|87|3|66|78|65|99|163|59|61|62|124|94|120|23|95|123|47|51|108|22|133|60|167|176|180|7|154|6|107|165|148|103|37|64|80|90|10|50|104|93|179|81|121|159|136|115|152|25|67|112|12|170|155|166|143,0|3|4|5|7|8|9|12|19|20|26|29|30|42|44|46|47|52|53|58|64|74|76|77|80|83|88|90|91|92|94|97|98|99|101|108|112|118|119|120|122|124|126|130|133|137|146|147|148|151|157|161|170|171|175|176|178|179|183|186|187|190|191|193|195|203|205|207|210|211|212|215|219|220|231|234|243|245|252|253|254|264|265|270|282|287|291|294|300|301|303|305|309|316|318|320|325|327|331|332|333|337|342|344|357|358|359|360|361|364|366|367|370|371|376|379|380|382|383|389|394|402|403|405|410|411|414|416|424|427|429|431|432|438|440|445|448|450|451|459|461|463|470|475|477|481|483|487|489|491|496|498|499|507|508|510|512|514|515|521|530|531|534|536|540|542|553|555|560|564|565|566|567|568|571|572|574|576|577|579|581|583|590|591|593|600|604|621|629|630|632|635|638|644|649|650|651|655|656|660|669|670|671|673|675|676|678|679|681|682|683|685|686|688|691|697|699|701|712|714|715|716|717|718|719|721|723|732|736|738|739|741|743|745|746|748|750|751|752|753|760|762|763|765|770|778|779|783|784|789|791|792|794|796|799|802|805|819|820|822|827|828|836|838|839|841|847|859|860|861|864|866|870|871|873|886|891|895|899|900|904|907|908|911|914|915|917|918|919|921|923|926|938|940|942|946|949|951|954|955|957|961|962|966|970|976|977|981|983|986|988|990|992|995|996|997|999|1001|1002|1003|1006|1009|1011|1013|1018|1025|1029|1030|1031|1032|1034|1036|1039|1049|1051|1054|1060|1068|1069|1070|1074|1083|1090|1094|1095|1096|1102|1105|1115|1116|1117|1121|1125|1126|1128|1130|1131|1133|1134|1136|1138|1140|1142|1143|1144|1148|1150|1160|1161|1162|1164|1165|1170|1171|1175|1176|1180|1186|1187|1188|1194|1196|1198|1199|1209|1211|1215|1216|1219|1222|1223|1226|1230|1232|1236|1239|1240|1241|1245|1250|1252|1254|1256|1258|1260|1261|1262|1264|1270|1276|1278|1280|1284|1285|1286|1292|1293|1301|1303|1304|1309|1313|1314|1315|1317|1322|1324|1325|1329|1335|1338|1339|1345|1348|1349|1353|1354|1360|1365|1366|1369|1370|1373|1374|1375|1377|1379|1380|1382|1384|1392|1395|1397|1399|1400|1402|1403|1410|1412|1414|1416|1417|1418|1420|1421|1423|1427|1429|1430|1432|1435|1438|1439|1445|1447|1449|1456|1457|1458|1460|1462|1465|1466|1469|1470|1472|1474|1480|1482|1490|1496|1504|1510|1514|1515|1516|1517|1519|1522|1524|1527|1529|1539|1540|1547|1549|1550|1552|1553|1555|1558|1560|1561|1571|1576|1579|1584|1585|1591|1595|1599|1605|1613|1614|1615|1618|1622|1623|1629|1631|1635|1638|1642|1643|1647|1649|1651|1658|1663|1664|1665|1666|1667|1675|1677|1682|1683|1684|1685|1686|1688|1691|1692|1693|1695|1697|1705|1715|1716|1724|1728|1730|1736|1738|1740|1746|1748|1751|1755|1761|1762|1765|1767|1771|1773|1776|1777|1779|1782|1784|1787|1788|1793|1800|1802|1807|1809|1810|1813|1816|1824|1827|1835|1836|1837|1840|1846|1852|1853|1854|1855|1856|1857|1858|1874|1877|1885|1891|1892|1898|1911|1913|1916|1917|1920|1923|1924|1925|1931|1932|1936|1940|1942|1945|1948|1951|1952|1953|1957|1958|1962|1963|1965|1973|1975|1976|1980|1981|1984|1986|1992|1993|1994|1997|2001|2002|2004|2007|2011|2012|2013|2014|2015|2019|2020|2022|2023|2024|2027|2028|2032|2033|2034|2037|2041|2044|2046|2049|2052|2053|2055|2056|2059|2060|2061|2065|2068|2075|2076|2079|2080|2084|2087|2088|2091|2099|2101|2102|2105|2106|2108|2109|2110|2111|2114|2115|2116|2118|2120|2125|2127|2128|2129|2131|2133|2136|2137|2141|2142|2144|2147|2148|2150|2151|2154|2155|2156|2157|2165|2166|2167|2170|2174|2175|2178|2181|2182|2183|2184|2186|2191|2194|2196|2197|2199|2200|2204|2209|2213|2214|2225|2226|2228|2231|2236|2237|2238|2240|2241|2242|2243|2244|2245|2248|2252|2253|2270|2271|2273|2282|2283|2285|2287|2294|2299|2300|2302|2303|2304|2313|2317|2319|2322|2327|2328|2330|2336|2346|2352|2358|2359|2363|2367|2369|2370|2372|2373|2374|2386|2388|2392|2397|2399|2403|2408|2411|2412|2415|2417|2419|2420|2422|2424|2425|2428|2432|2435|2442|2445|2449|2453|2454|2456|2458|2459|2460|2461|2476|2477|2478|2482|2486|2487|2488|2491|2494|2501|2503|2511|2516|2518|2519|2524|2525|2527|2528|2532|2535|2537|2542|2545|2547|2553|2555|2559|2561|2563|2564|2571|2572|2575|2577|2579|2589|2593|2594|2595|2596|2601|2603|2604|2605|2607|2609|2614|2617|2619|2624|2628|2632|2634|2637|2639|2640|2641|2645|2649|2654|2656|2658|2667|2668|2669|2671|2673|2674|2677|2678|2683|2685|2687|2689|2693|2694|2701|2708|2710|2714|2715|2718|2721|2722|2723|2726|2727|2729|2733|2734|2735|2737|2740|2742|2745|2748|2750|2754|2761|2765|2768|2770|2771|2776|2778|2779|2783|2784|2785|2786|2787|2794|2798|2799|2801|2802|2806|2807|2808|2816|2818|2823|2824|2833|2835|2837|2839|2840|2842|2844|2856|2858|2859|2862|2866|2876|2878|2879|2885|2900|2908|2916|2917|2921|2925|2926|2930|2931|2934|2939|2947|2948|2953|2954|2958|2960|2968|2970|2973|2976|2979|2980|2981|2992|2995|2996|2997|2998|3001|3003|3004|3005|3008|3010|3011|3012|3014|3018|3022|3027|3028|3029|3030|3034|3035|3037|3039|3040|3043|3053|3056|3063|3066|3067|3068|3075|3082|3083|3084|3092|3093|3094|3095|3096|3103|3106|3109|3110|3114|3116|3118|3126|3130|3132|3137|3139|3140|3141|3147|3148|3149|3150|3155|3156|3159|3164|3167|3171|3172|3174|3176|3177|3179|3183|3189|3194|3198|3202|3209|3211|3215|3218|3227|3230|3235|3238|3242|3243|3247|3249|3255|3257|3259|3260|3261|3262|3263|3271|3274|3275|3279|3284|3290|3293|3295|3296|3302|3303|3305|3308|3312|3313|3317|3320|3323|3329|3332|3333|3341|3343|3345|3349|3351|3353|3355|3357|3360|3362|3366|3369|3371|3372|3373|3375|3377|3381|3382|3384|3394|3395|3406|3407|3409|3410|3411|3415|3420|3422|3424|3428|3429|3430|3436|3437|3440|3441|3442|3444|3445|3446|3447|3450|3451|3459|3460|3461|3462|3466|3467|3468|3476|3480|3481|3484|3487|3492|3499|3500|3502|3505|3506|3508|3520|3523|3525|3529|3530|3534|3535|3545|3548|3551|3552|3554|3555|3559|3560|3563|3566|3567|3571|3585|3588|3592|3593|3598|3600|3601|3602|3603|3611|3612|3613|3614|3615|3619|3625|3630|3634|3635|3637|3638|3645|3647|3649|3651|3657|3667|3668|3670|3672|3676|3679|3681|3697|3704|3707|3708|3711|3712|3713|3715|3716|3717|3718|3721|3726|3732|3734|3736|3737|3741|3743|3747|3750|3751|3753|3754|3755|3756|3760|3773|3780|3782|3784|3785|3795|3798|3800|3801|3804|3805|3806|3813|3815|3820|3828|3832|3836|3842|3843|3847|3850|3852|3855|3861|3863|3870|3871|3876|3877|3888|3892|3906|3910|3915|3922|3925|3926|3928|3933|3935|3937|3941|3942|3943|3944|3948|3950|3951|3953|3961|3964|3965|3966|3968|3972|3975|3978|3984|3985|3988|3989|3990|3991|3999|4002|4004|4006|4007|4012|4017|4020|4030|4032|4035|4039|4046|4049|4057|4058|4060|4063|4067|4072|4074|4076|4077|4079|4084|4087|4089|4090|4091|4102|4105|4107|4115|4118|4120|4125|4126|4127|4128|4130|4131|4133|4136|4139|4145|4146|4147|4148|4152|4158|4159|4164|4168|4171|4181|4185|4186|4189|4190|4191|4195|4196|4198|4200|4201|4202|4206|4207|4209|4212|4213|4217|4223|4224|4226|4229|4230|4232|4235|4236|4239|4240|4241|4243|4254|4256|4257|4258|4259|4264|4265|4271|4272|4274|4276|4286|4287|4288|4289|4290|4292|4294|4303|4305|4306|4307|4308|4310|4317|4320|4321|4323|4329|4330|4332|4340|4342|4343|4349|4351|4354|4362|4366|4368|4369|4377|4379|4380|4383|4387|4391|4394|4396|4399|4404|4405|4406|4423|4427|4429|4431|4432|4435|4437|4441|4444|4445|4446|4448|4454|4457|4458|4460|4468|4469|4471|4474|4476|4477|4481|4486|4489|4491|4494|4495|4497|4502|4505|4511|4514|4519|4521|4530|4531|4534|4536|4537|4538|4544|4546|4549|4552|4553|4554|4558|4559|4560|4562|4566|4567|4570|4577|4579|4582|4584|4586|4591|4592|4596|4597|4602|4603|4606|4613|4616|4620|4621|4626|4628|4630|4633|4635|4636|4640|4643|4644|4655|4665|4670|4671|4676|4678|4679|4681|4683|4684|4704|4709|4712|4715|4716|4720|4721|4726|4728|4729|4732|4739|4746|4749|4750|4752|4753|4755|4756|4762|4765|4769|4770|4771|4778|4781|4782|4784|4789|4790|4791|4792|4796|4797|4801|4805|4816|4818|4821|4822|4830|4832|4834|4840|4841|4844|4848|4852|4853|4862|4864|4871|4874|4875|4887|4888|4891|4894|4895|4897|4898|4901|4904|4906|4910|4911|4915|4917|4925|4929|4935|4936|4937|4939|4940|4942|4943|4946|4949|4958|4959|4961|4964|4969|4970|4972|4974|4975|4976|4977|4978|4983|4987|4990|4992|5006|5007|5011|5015|5023|5026|5031|5032|5033|5035|5037|5038|5040|5041|5051|5056|5059|5062|5064|5067|5075|5077|5079|5083|5088|5089|5094|5095|5097|5098|5100|5102|5104|5106|5108|5110|5115|5116|5118|5120|5124|5125|5126|5129|5132|5133|5139|5141|5144|5146|5150|5155|5157|5160|5164|5167|5168|5169|5171|5177|5180|5181|5182|5188|5194|5197|5199|5204|5208|5216|5217|5218|5222|5224|5228|5232|5233|5234|5237|5239|5241|5244|5245|5247|5248|5250|5252|5253|5257|5261|5262|5270|5279|5280|5282|5283|5285|5287|5290|5293|5299|5300|5305|5310|5311|5312|5314|5316|5323|5325|5330|5331|5332|5335|5338|5340|5341|5342|5350|5351|5352|5353|5356|5359|5361|5363|5369|5371|5374|5380|5385|5387|5389|5400|5403|5406|5412|5414|5415|5423|5432|5437|5440|5444|5447|5448|5449|5456|5457|5459|5461|5462|5464|5465|5472|5473|5475|5476|5478|5490|5494|5497|5498|5506|5508|5512|5517|5518|5519|5520|5521|5524|5526|5528|5529|5531|5534|5536|5542|5543|5544|5548|5549|5550|5552|5553|5555|5565|5566|5568|5569|5572|5574|5579|5584|5588|5595|5596|5597|5599|5600|5601|5604|5606|5607|5609|5610|5616|5620|5621|5622|5624|5630|5632|5634|5639|5641|5643|5654|5657|5659|5664|5666|5673|5678|5679|5683|5684|5687|5688|5689|5691|5695|5699|5700|5702|5704|5705|5715|5716|5717|5720|5724|5727|5728|5730|5734|5736|5740|5742|5747|5751|5752|5754|5755|5756|5757|5759|5762|5764|5767|5772|5773|5774|5775|5776|5778|5779|5780|5782|5784|5787|5789|5791|5792|5801|5803|5805|5806|5809|5810|5813|5815|5820|5828|5831|5835|5836|5841|5842|5845|5847|5851|5852|5854|5857|5860|5861|5866|5873|5878|5880|5881|5883|5887|5888|5889|5891|5892|5893|5901|5906|5907|5909|5911|5912|5918|5919|5920|5921|5922|5924|5926|5927|5928|5929|5931|5939|5949|5955|5956|5961|5965|5972|5973|5976|5980|5983|5985|5986|5990|5991|5993|5996|6000|6001|6002|6003|6005|6010|6014|6015|6018|6019|6020|6021|6023|6030|6031|6033|6035|6042|6047|6049|6052|6053|6064|6068|6071|6072|6073|6078|6084|6087|6090|6094|6095|6096|6097|6118|6120|6122|6123|6125|6136|6137|6138|6139|6140|6142|6145|6152|6155|6157|6159|6164|6172|6178|6181|6184|6185|6187|6189|6191|6193|6196|6198|6199|6208|6219|6220|6222|6223|6224|6225|6226|6229|6230|6232|6233|6237|6239|6240|6247|6248|6252|6255|6260|6262|6269|6275|6276|6278|6285|6286|6291|6294|6295|6297|6301|6305|6307|6312|6313|6314|6318|6320|6327|6329|6337|6340|6342|6344|6350|6352|6356|6358|6361|6366|6367|6369|6370|6374|6380|6382|6383|6384|6385|6392|6400|6405|6411|6412|6414|6417|6423|6434|6440|6442|6444|6447|6448|6451|6453|6454|6455|6456|6457|6461|6462|6464|6468|6471|6475|6479|6480|6485|6488|6490|6493|6494|6499|6500|6503|6504|6506|6515|6516|6517|6521|6523|6524|6526|6527|6528|6532|6533|6540|6545|6546|6549|6550|6553|6569|6574|6576|6578|6579|6580|6581|6583|6586|6593|6597|6598|6599|6603|6605|6609|6610|6611|6613|6614|6618|6621|6622|6623|6628|6629|6641|6652|6654|6655|6658|6662|6665|6667|6672|6673|6674|6675|6679|6680|6681|6686|6687|6691|6692|6697|6698|6701|6709|6710|6715|6719|6722|6729|6735|6737|6743|6744|6745|6752|6753|6763|6765|6767|6768|6773|6778|6782|6785|6786|6791|6792|6799|6803|6809|6816|6817|6819|6822|6826|6827|6835|6837|6840|6841|6842|6844|6845|6846|6847|6849|6865|6866|6867|6869|6870|6872|6873|6875|6887|6890|6899|6905|6907|6912|6915|6918|6921|6923|6928|6929|6930|6931|6936|6938|6942|6943|6948|6953|6956|6960|6961|6964|6967|6971|6974|6982|6983|6984|6991|6992|6997|6999|7000|7001|7003|7004|7009|7016|7018|7021|7023|7024|7026|7029|7031|7033|7034|7035|7037|7040|7042|7043|7055|7061|7064|7065|7070|7073|7076|7077|7080|7081|7082|7083|7084|7087,28.40875912408759,True
instance_0006.txt,smaller_multi,716,121,632,10305|1707|5292|5774|8493|4373|2200|5638|1621|2934|3561|10047|1203|9216|4131|8008|10261|1046|2875|7678|6194|5899|9077|973|10016|1679|3281|4876|881|3329|2006|10074|9869|5884|4415|1409|9707|3009|3696|3310|8847|1120|9307|167|5491|3855|8786|7045|2950|1507|648|9898|9767|8666|5230|5571|379|539|6421|1456|8630|5132|2472|5812|2251|9038|1797|5040|9803|37|996|1187|9013|4934|1308|6359|10297|9565|5549|6262|4244|487|1394|1313|7192|3585|762|3559|1907|8589|10198|7339|2294|6730|7764|3948|2725|559|1682|5508|2528|8833|988|7262|1033|4917|4455|933|1606|3487|2403|7967|5518|5832|9818|9140|8749|3106|4720|5467|773|444|1848|1009|1099|868|2662|826|4773|9086|1629|7702|719|8560|10156|9149|3962|8057|19|8807|2625|424|137|8572|9621|7198|1781|5502|1652|2615|10093|9269|8792|6865|3963|50|2687|6752|1096|9322|2358|7197|4153|8201|7347|2915|774|7439|6035|2757|1765|5496|6999|6566|5740|9758|6531|3472|8254|4816|4985|3637|1815|1982|9575|6533|6517|2176|3586|7318|6151|3373|6132|1198|1686|7881|764|3198|9122|989|1426|3277|2657|7922|1860|177|1616|2930|7540|8567|9231|4945|1444|948|6227|1833|2118|3351|522|2366|2716|999|360|8908|2954|2598|9762|250|5104|9006|8268|1145|9810|6155|10246|3769|5117|2775|834|7211|3953|6737|3917|4178|3083|2152|6352|1373|3071|5172|6747|2857|9773|8037|5930|3911|7839|9467|7728|9380|9497|9589|3349|6938|1338|481|4382|7589|4627|356|4855|614|7572|6955|4319|6717|3104|7153|7996|9192|8827|9493|2391|6782|3152|6137|9002|10326|7876|683|7238|9063|10164|3362|5617|3912|6791|6171|2956|4733|5953|1569|7012|2013|9089|8691|4763|5046|9474|536|7279|5236|402|7564|6111|3261|331|3266|10146|1991|4328|9235|2019|9396|9394|7945|8858|7148|9802|1369|6086|671|9287|704|4683|2645|1898|1538|2309|4898|2227|4144|5329|2010|4465|3903|1924|8038|5650|7271|4344|3906|9697|6718|2870|2024|1996|1992|6727|2370|1526|9940|1086|3397|3489|5059|5408|8290|4922|6308|3749|9299|5420|4622|9347|1010|5025|7970|5267|1377|6894|7707|3891|7758|7462|10161|168|9193|5060|4792|9129|3574|7158|435|3760|33|426|3007|514|4744|5475|9512|9765|4025|6776|2182|6838|3780|43|9486|2026|4628|6277|5616|4151|9935|9439|9308|2699|2848|1545|2458|8220|7137|9534|2514|4838|6438|9570|2825|677|2616|6610|2739|14|1481|8163|6466|9037|6697|6409|4193|457|5999|2864|6662|7600|5447|3507|3657|310|1868|6238|5380|8082|9315|3363|1449|3568|8071|8673|1089|8155|159|393|2605|2385|2405|714|6846|2343|786|373|6980|1169|1756|8213|1972|6075|7861|1678|2180|4900|1784|1114|1559|9442|9962|9317|3908|316|6318|9154|7434|7742|5412|4056|6904|5413|4525|872|3597|1482|2902|9542|1969|2622|4267|1354|4301|7656|7251|4894|6449|10125|9769|332|3010|1152|3897|6988|9174|9593|4252|6951|7667|2158|5805|8443|7413|993|10013|1740|4793|8381|8993|9719|122|1070|5370|4181|9148|9241|8089|6385|5971|1983|3774|5248|5521|10195|4540|641|3825|7268|4601|4612|9432|4486|4943|2690|2851|2512|1995|4795|6812|8603|2448|5179|6676|9915|7416|7784|5481|7178|4511|9125|308|5403|548|2038|489|3101|3686|4049|7080|3216|3249|9832|819|3655|5102|1566|6844|1729|6783|2376|9601|2406|2562|8704|3222|7828|1178|1124|904|6654|6670|10284|7100|4886|3523|6118|2778|9839|1844|9208|2047|2486|8473|4826|4739|747|2355|6361|7469|5484|1191|8655|9678|10050|5367|3713|238|9449|2248|752|458|8853|223|5813|509|1702|6675|7401|4467|5869|3899|7311|8007|10327|5799|8059|5646|3715|8165|9321|4515|9507|4869|7984|9837|5562|5070|8532|750|4289|720|828|470|8705|1115|7752|890|7819|1501|2213|2338|2292|718|8727|8296|7325|6996|690|9043|5570|518|5249|3160|2862|6809|9508|295|6139|3421|1083|7788|6494|7348|2761|6158|8458|6355|7595|3708|2000|2141|5908|1737|8086|3186|5082|1528|1406|6711,130|150|94|2|43|0|65|119|178|73|32|144|172|117|5|56|102|174|51|78|177|48|88|131|151|3|33|145|124|23|18|105|147|106|31|77|45|7|61|161|158|21|137|20|85|44|101|89|134|25|103|34|42|132|15|62|75|162|30|154|17|29|87|153|58|107|60|76|4|35|63|163|52|135|175|176|37|86|129|148|50|82|91|138|159|116|160|164|173|19|46|79|123|139|9|66|92|120|149|166|80|81|100|122|146|10|57|59|95|99|108|121|179|74|118|180|22|39|67|110|115,0|3|35|38|40|64|91|100|121|153|160|185|198|218|224|236|265|280|294|296|313|336|347|354|361|362|368|377|390|414|422|443|449|460|472|475|476|483|487|491|499|509|525|540|542|548|564|583|597|599|600|613|624|635|649|657|665|672|676|683|684|695|718|723|729|774|788|802|805|813|821|828|833|834|860|883|896|899|906|921|922|924|940|944|951|961|974|981|1014|1029|1030|1036|1038|1053|1072|1077|1085|1090|1101|1102|1110|1126|1132|1142|1151|1155|1156|1185|1200|1234|1280|1306|1312|1340|1347|1349|1351|1352|1362|1373|1402|1411|1415|1416|1423|1424|1431|1433|1443|1457|1464|1488|1495|1499|1507|1508|1522|1525|1533|1540|1546|1561|1563|1589|1608|1634|1635|1647|1660|1679|1700|1702|1704|1719|1720|1722|1731|1750|1766|1771|1784|1804|1823|1855|1857|1877|1898|1918|1930|1933|1935|1943|1954|1962|1964|1975|1978|2017|2023|2025|2058|2091|2092|2094|2108|2114|2120|2125|2144|2167|2190|2191|2194|2196|2199|2213|2231|2241|2255|2266|2276|2299|2316|2317|2352|2368|2416|2436|2445|2453|2476|2477|2488|2505|2507|2516|2535|2538|2563|2584|2585|2591|2612|2616|2618|2639|2641|2681|2688|2715|2716|2719|2722|2739|2752|2760|2767|2775|2778|2780|2810|2814|2819|2865|2873|2876|2877|2882|2888|2903|2907|2923|2936|2938|2941|2950|2958|2962|2971|2972|2992|3004|3018|3019|3026|3027|3033|3034|3046|3052|3065|3067|3072|3103|3116|3124|3125|3128|3139|3145|3170|3197|3205|3211|3247|3260|3282|3284|3288|3295|3296|3316|3343|3352|3376|3402|3405|3409|3425|3431|3434|3435|3460|3476|3494|3512|3531|3550|3567|3617|3620|3628|3647|3651|3671|3680|3687|3701|3703|3716|3743|3755|3768|3784|3809|3818|3828|3841|3848|3857|3869|3875|3878|3881|3924|3925|3935|3962|3974|4011|4031|4032|4037|4046|4050|4054|4056|4062|4068|4084|4096|4109|4121|4141|4144|4148|4150|4162|4166|4188|4189|4208|4210|4214|4224|4225|4236|4238|4244|4257|4259|4276|4281|4288|4322|4325|4342|4344|4401|4409|4425|4431|4433|4465|4483|4492|4493|4494|4501|4511|4549|4557|4558|4561|4570|4573|4605|4619|4620|4636|4645|4652|4653|4657|4663|4668|4679|4687|4699|4733|4765|4818|4844|4859|4890|4902|4936|4939|4958|4962|4963|4973|4986|4988|4994|4996|5003|5029|5035|5044|5046|5048|5052|5055|5064|5071|5073|5081|5155|5168|5173|5176|5201|5211|5221|5231|5241|5244|5258|5260|5280|5289|5299|5304|5305|5310|5312|5329|5332|5342|5352|5359|5376|5383|5385|5389|5414|5416|5420|5425|5433|5441|5446|5462|5473|5475|5477|5501|5502|5503|5510|5521|5529|5530|5536|5547|5548|5550|5555|5576|5578|5580|5585|5586|5605|5611|5640|5661|5673|5676|5697|5745|5746|5756|5773|5782|5788|5789|5796|5806|5808|5816|5842|5843|5853|5859|5867|5882|5883|5889|5892|5914|5929|5931|5937|5940|5942|5962|5971|5979|5985|5994|6001|6017|6025|6026|6055|6072|6089|6093|6126|6134|6135|6154|6156|6159|6160|6162|6179|6181|6199|6206|6210|6222|6232|6259|6265|6273|6276|6277|6289|6295|6305|6354|6374|6376|6377|6386|6398|6410|6412|6429|6442|6449|6456|6474|6491|6521|6525|6530|6534|6537|6565|6577|6581|6593|6608|6617|6632|6663|6692|6696|6700|6701|6711|6721|6723|6724|6731|6737|6740|6742|6755|6761|6781|6790|6847|6866|6888|6928|6933|6934|6940|6942|6950|6961|6962|6971|6972|6982|6991|6997|7000|7006|7017|7039|7055|7060|7065|7073|7079|7080,32.16528925619835,True
instance_0007.txt,aisle_first_desc,1177,5,827,5488|1065|2861|150|32|1747|4341|4484|5207|1667|3579|5017|300|750|3788|5473|7545|2539|3560|3813|5667|6160|7171|7360|7538|7570|383|762|849|1081|1209|1277|1557|2394|3666|3681|4454|4535|4686|4824|6204|6941|6976|7397|7478|7567|8229|8261|58|245|291|479|522|853|969|1009|1117|1303|1411|1425|1728|1736|1777|1877|1921|1925|1939|1967|1970|2070|2399|2537|2608|2793|2866|2885|2979|3102|3276|3325|3337|3517|3619|3722|3863|3866|3978|4175|4233|4255|4274|4476|4546|4738|4872|4987|5011|5333|5426|5429|5516|5752|6010|6316|6578|6580|6610|6659|6962|7134|7336|7383|7468|7600|7826|7876|7915|8171|29|30|31|34|40|42|55|77|88|118|120|139|158|170|179|182|192|206|225|242|247|249|257|263|265|270|288|290|296|297|298|303|308|309|315|319|329|334|347|363|367|377|381|391|408|415|431|440|445|458|472|473|480|486|510|521|523|524|531|588|593|595|603|605|606|607|619|633|639|643|645|651|655|660|661|673|682|683|699|713|719|733|739|747|748|752|757|764|771|776|777|778|781|788|790|797|798|810|812|814|823|824|833|852|854|865|876|881|893|897|899|904|917|918|923|931|932|954|961|964|971|972|989|992|993|999|1008|1017|1034|1039|1056|1060|1063|1079|1094|1097|1102|1105|1125|1129|1132|1144|1151|1153|1155|1157|1166|1170|1195|1204|1208|1219|1225|1230|1236|1238|1245|1250|1251|1253|1256|1259|1268|1270|1272|1278|1288|1299|1307|1322|1337|1342|1348|1355|1360|1378|1406|1409|1414|1435|1443|1454|1468|1472|1473|1474|1477|1478|1480|1494|1501|1502|1503|1511|1536|1544|1547|1549|1560|1568|1576|1579|1581|1587|1600|1613|1617|1637|1640|1645|1646|1647|1651|1654|1655|1658|1671|1672|1679|1680|1681|1694|1695|1697|1701|1709|1732|1733|1743|1746|1769|1785|1800|1808|1811|1827|1836|1841|1853|1858|1862|1864|1870|1881|1892|1912|1916|1924|1927|1934|1938|1944|1950|1959|1978|1982|1984|1988|1993|1997|1998|1999|2001|2009|2010|2020|2031|2033|2034|2039|2054|2059|2064|2078|2079|2087|2095|2100|2115|2119|2130|2132|2174|2196|2200|2203|2208|2211|2212|2215|2219|2222|2224|2225|2242|2255|2258|2263|2277|2278|2283|2288|2296|2299|2301|2307|2311|2314|2323|2347|2370|2372|2375|2381|2383|2395|2406|2417|2418|2423|2438|2443|2444|2468|2485|2491|2502|2505|2521|2525|2538|2540|2550|2571|2581|2586|2587|2588|2595|2603|2618|2620|2625|2630|2640|2641|2648|2664|2668|2670|2678|2682|2683|2690|2693|2695|2708|2709|2717|2719|2733|2737|2742|2767|2775|2779|2803|2806|2816|2818|2819|2823|2832|2839|2850|2859|2865|2871|2876|2890|2891|2900|2908|2912|2919|2921|2922|2943|2968|2996|2998|3009|3015|3025|3035|3058|3081|3091|3095|3113|3121|3155|3183|3186|3192|3193|3196|3199|3212|3213|3217|3228|3243|3256|3265|3279|3280|3283|3285|3300|3309|3331|3348|3355|3363|3379|3387|3388|3390|3394|3403|3420|3427|3439|3447|3448|3474|3494|3499|3509|3526|3554|3566|3573|3606|3611|3612|3615|3624|3641|3644|3646|3647|3652|3659|3660|3665|3676|3689|3692|3699|3704|3710|3717|3728|3731|3733|3740|3743|3751|3754|3757|3763|3775|3782|3785|3791|3804|3824|3825|3835|3841|3843|3849|3852|3864|3870|3879|3883|3899|3909|3915|3917|3926|3930|3931|3934|3936|3942|3945|3950|3967|3976|3977|3991|3994|3999|4010|4018|4020|4052|4053|4056|4063|4067|4068|4072|4073|4090|4091|4095|4099|4110|4116|4124|4127|4134|4147|4157|4172|4174|4178|4179|4186|4230|4232|4245|4254|4258|4271|4272|4288|4289|4302|4312|4314|4317|4333|4338|4373|4374|4379|4383|4389|4390|4400|4412|4415|4417|4436|4446|4452|4462|4464|4481|4482|4486|4504|4507|4509|4515|4519|4523|4534|4543|4550|4553|4569|4572|4575|4576|4581|4589|4591|4601|4604|4608|4616|4625|4628|4637|4646|4665|4668|4679|4682|4684|4689|4690|4718|4720|4722|4745|4746|4753|4755|4757|4767|4805|4811|4837|4869|4882|4894|4903|4914|4923|4924|4926|4945|4952|4957|4964|4977|4978|4985|4986|4992|4993|4994|5001|5003|5007|5013|5036|5037|5040|5042|5046|5060|5063|5076|5092|5096|5105|5107|5108|5137|5139|5146|5150|5160|5161|5177|5188|5193|5201|5211|5218|5219|5223|5231|5243|5248|5254|5264|5265|5269|5275|5276|5284|5285|5295|5296|5303|5323|5325|5327|5328|5329|5339|5341|5342|5353|5365|5373|5377|5378|5390|5399|5404|5405|5409|5414|5419|5420|5423|5425|5430|5432|5439|5441|5443|5452|5457|5459|5462|5478|5482|5491|5495|5508|5510|5514|5553|5559|5561|5575|5597|5605|5612|5641|5646|5650|5656|5659|5660|5678|5680|5686|5692|5695|5699|5712|5745|5747|5749|5760|5768|5771|5772|5774|5775|5782|5791|5807|5808|5812|5819|5826|5833|5835|5850|5854|5856|5860|5861|5875|5886|5890|5893|5915|5919|5930|5934|5938|5950|5961|5964|5968|5977|5978|6009|6014|6018|6027|6028|6038|6046|6053|6057|6070|6076|6078|6081|6082|6087|6089|6095|6098|6104|6119|6120|6121|6181|6182|6188|6198|6200|6202|6209|6217|6218|6227|6232|6233|6237|6240|6253|6256|6257|6259|6262|6273|6290|6293|6313|6317|6321|6325|6351|6358|6378|6390|6391|6393|6400|6406|6412|6413|6429|6439|6440|6455|6482|6498|6504|6509|6519|6520|6522|6526|6535|6538|6540|6543|6546|6557|6586|6605|6622|6625|6629|6631|6633|6639|6657|6660|6669|6672|6679|6686|6695|6700|6701|6719|6726|6734|6740|6744|6746|6750|6755|6762|6766|6792|6799|6810|6814|6821|6825|6833|6838|6842|6843|6851|6856|6861|6865|6876|6878|6882|6883|6891|6897|6901|6907|6913|6918|6931|6932|6939|6942|6945|6955|6959|6965|6973|6984|6990|7009|7060|7077|7079|7102|7104|7156|7173|7181|7183|7184|7186|7203|7204|7206|7210|7212|7218|7222|7236|7239|7242|7243|7245|7268|7270|7277|7298|7306|7319|7328|7332|7344|7382|7385|7386|7404|7406|7422|7429|7449|7470|7473|7475|7477|7489|7498|7509|7510|7513|7522|7524|7527|7528|7530|7543|7552|7556|7571|7573|7576|7580|7581|7585|7630|7644|7645|7654|7658|7665|7667|7670|7673|7679|7699|7700|7707|7716|7719|7727|7739|7758|7764|7775|7786|7793|7798|7805|7806|7818|7820|7839|7844|7900|7905|7922|7941|7943|7952|7957|7984|7986|7988|7989|7993|7996|8001|8002|8022|8028|8031|8035|8039|8054|8059|8061|8074|8080|8082|8092|8094|8104|8109|8124|8125|8137|8141|8145|8155|8161|8164|8173|8180|8185|8191|8206|8212|8215|8218|8223|8227|8236|8251|8273|8275|8287|8293|8294|8297,16|74|84|115|157,1|2|3|5|8|11|23|29|31|34|45|61|79|82|85|95|102|104|135|147|148|160|174|181|185|190|196|202|207|210|215|217|222|225|229|235|239|250|251|252|253|261|263|270|277|282|285|291|296|305|309|317|320|323|327|337|338|346|351|361|373|378|383|386|387|398|406|410|416|423|424|427|430|440|443|444|445|446|462|469|476|487|491|496|501|506|517|519|525|529|535|540|549|558|564|565|583|586|587|590|594|595|609|610|613|639|646|649|664|667|676|681|687|699|703|709|717|740|742|743|749|758|761|773|781|784|819|820|824|831|832|853|861|863|870|878|886|903|907|910|917|931|945|949|957|966|973|986|990|996|1002|1007|1009|1011|1014|1019|1036|1061|1063|1085|1087|1098|1107|1112|1113|1114|1116|1121|1128|1135|1136|1137|1159|1160|1161|1170|1177|1179|1190|1199|1205|1207|1209|1227|1235|1238|1248|1249|1258|1259|1277|1279|1292|1293|1302|1316|1320|1323|1327|1333|1345|1357|1361|1366|1372|1379|1382|1386|1392|1395|1414|1426|1427|1470|1478|1485|1487|1505|1524|1528|1529|1531|1537|1546|1547|1548|1557|1562|1573|1577|1598|1601|1603|1608|1610|1614|1616|1619|1639|1641|1645|1649|1651|1656|1660|1661|1663|1670|1694|1723|1724|1731|1747|1754|1756|1757|1766|1769|1776|1781|1788|1810|1821|1832|1835|1843|1847|1862|1863|1879|1892|1893|1894|1900|1905|1914|1916|1923|1941|1990|1991|2000|2005|2007|2016|2017|2018|2023|2024|2033|2038|2042|2061|2110|2114|2115|2124|2129|2151|2160|2161|2163|2166|2169|2177|2178|2182|2192|2194|2196|2205|2213|2214|2217|2225|2226|2228|2232|2241|2244|2246|2255|2267|2271|2288|2293|2295|2301|2302|2312|2314|2325|2327|2332|2338|2340|2360|2363|2372|2373|2379|2383|2394|2400|2402|2407|2409|2413|2419|2420|2423|2426|2427|2465|2479|2487|2490|2496|2507|2511|2535|2536|2554|2563|2584|2586|2594|2596|2600|2603|2610|2614|2616|2618|2621|2623|2636|2640|2643|2650|2675|2686|2700|2706|2708|2710|2713|2723|2728|2735|2748|2752|2755|2758|2765|2782|2790|2817|2838|2841|2846|2851|2868|2878|2881|2882|2888|2895|2901|2902|2913|2914|2915|2916|2932|2938|2944|2947|2958|2965|2971|2978|2986|2999|3003|3004|3010|3014|3018|3023|3024|3025|3030|3037|3043|3049|3055|3058|3062|3065|3072|3082|3084|3093|3100|3105|3114|3120|3129|3131|3144|3147|3159|3165|3166|3171|3192|3193|3199|3211|3216|3217|3220|3228|3235|3240|3244|3251|3262|3269|3270|3287|3294|3297|3304|3317|3338|3341|3342|3344|3347|3349|3354|3369|3371|3375|3376|3379|3385|3392|3399|3400|3401|3406|3415|3427|3428|3432|3434|3443|3451|3457|3459|3462|3463|3471|3477|3486|3487|3502|3513|3515|3519|3523|3524|3526|3540|3559|3566|3569|3577|3586|3588|3593|3598|3604|3616|3621|3633|3644|3646|3665|3673|3680|3699|3709|3733|3739|3746|3762|3764|3768|3782|3787|3801|3803|3804|3809|3815|3816|3831|3834|3838|3839|3841|3846|3847|3848|3855|3860|3872|3884|3890|3895|3904|3906|3909|3910|3918|3937|3949|3956|3957|3958|3960|3963|3972|3975|3977|3979|3981|3990|3991|4013|4028|4032|4033|4036|4040|4043|4044|4052|4060|4061|4071|4072|4073|4084|4090|4091|4094|4115|4118|4119|4133|4135|4140|4148|4150|4151|4153|4159|4175|4186|4187|4196|4198|4202|4203|4204|4221|4236|4237|4244|4251|4255|4258|4259|4263|4265|4286|4291|4294|4301|4306|4308|4316|4323|4331|4338|4344|4346|4347|4356|4365|4369|4390|4409|4415|4432|4433|4439|4442|4446|4467|4476|4478|4480|4483|4490|4502|4503|4507|4516|4517|4525|4526|4539|4542|4545|4555|4561|4568|4576|4579|4582|4588|4594|4596|4636|4646|4651|4654|4664|4673|4675|4678|4705|4706|4707|4711|4714|4725|4737|4744|4749|4773|4775|4800|4806|4811|4812|4824|4828|4836|4845|4846|4849|4861|4866|4871|4879|4888|4891|4913|4927|4932|4943|4963|4968|4977|4978|4998|5009|5017|5019|5038|5042|5047|5051|5059|5061|5072|5079|5085|5086|5091|5095|5100|5104|5113|5120|5124|5129|5138|5139|5143|5153|5180|5200|5225|5227|5229|5231|5235|5242|5250|5262|5276|5292|5298|5301|5306|5311|5313|5314|5317|5318|5323|5327|5343|5348|5353|5367|5369|5371|5374|5378|5400|5414|5417|5431|5438|5451|5452|5457|5461|5466|5468|5471|5478|5480|5489|5491|5502|5506|5510|5514|5529|5536|5537|5539|5542|5559|5562|5565|5576|5594|5603|5608|5609|5613|5615|5625|5631|5640|5645|5646|5653|5657|5697|5698|5699|5723|5725|5727|5744,284.8,True
instance_0007.txt,knapsack,1241,132,1062,3881|4038|3637|119|710|1077|1605|2114|3592|4138|7109|8250|3639|794|2561|2903|5209|5213|5488|5949|7546|8267|763|1065|1527|1726|2086|2113|2198|2520|2645|2763|2861|4195|4204|4577|5852|6127|6250|8233|150|2761|5438|6336|6850|32|127|351|860|1301|1747|1757|3418|3633|3736|4341|4484|4736|4935|5884|5988|652|2991|3006|3087|3483|4165|4594|5207|5548|6707|6857|7142|7315|8228|76|203|250|348|393|919|997|1481|1602|1667|1789|2986|2992|3036|3254|3414|3470|3579|3700|3892|3993|4022|4159|4442|4617|4629|4663|4884|5017|5069|5124|5292|5314|5358|5540|5687|6389|6419|6880|7052|7447|7757|7770|7991|8198|65|186|300|366|513|750|1293|1393|1434|1750|1814|2055|2629|2893|3048|3264|3464|3546|3788|3961|4113|4821|5006|5104|5166|5363|5473|5593|5725|6340|6414|6502|6598|6692|6694|6922|7135|7349|7374|7503|7545|9|11|49|68|122|133|187|275|335|338|371|403|419|527|656|830|945|1165|1173|1192|1210|1247|1361|1366|1386|1813|2014|2057|2226|2341|2539|2593|2662|2768|2877|2936|2944|3077|3391|3560|3594|3629|3655|3674|3701|3813|3831|3900|3901|3938|4086|4135|4197|4292|4483|4520|4570|4739|4777|4838|4860|4875|4877|4984|5026|5278|5282|5367|5436|5632|5633|5667|5730|5862|5904|5908|5941|6138|6157|6160|6229|6380|6398|6401|6634|6654|6758|6767|6782|6875|6914|6989|7092|7094|7118|7137|7171|7187|7325|7360|7370|7538|7547|7570|7787|7807|7810|8038|8319|137|345|375|383|413|459|495|536|594|743|762|779|849|927|938|968|979|1029|1081|1096|1180|1209|1222|1277|1433|1552|1557|1582|1603|1618|1619|1710|1720|1745|1760|1773|1837|1928|1951|1960|1985|2003|2084|2169|2183|2326|2363|2386|2394|2452|2460|2469|2515|2632|2687|2723|2797|2802|2820|2904|2907|2914|3008|3053|3068|3227|3286|3296|3315|3422|3442|3556|3635|3666|3681|3761|3783|3811|3823|3861|3873|3955|4061|4065|4129|4142|4177|4205|4260|4264|4328|4393|4425|4454|4488|4535|4579|4588|4630|4686|4692|4733|4748|4798|4809|4824|4876|4888|4932|5070|5073|5077|5089|5098|5221|5237|5240|5286|5287|5311|5406|5458|5499|5527|5537|5603|5619|5663|5668|5671|5693|5700|5792|5838|5951|5973|5981|6040|6086|6118|6126|6204|6211|6280|6297|6364|6382|6487|6527|6559|6563|6572|6635|6640|6656|6727|6738|6761|6778|6785|6801|6941|6976|7010|7069|7107|7126|7219|7253|7292|7343|7363|7366|7397|7409|7478|7515|7565|7567|7575|7607|7704|7723|7783|7887|7961|8009|8058|8086|8114|8165|8214|8229|8231|8257|8261|8279|35|58|74|78|84|87|95|108|131|138|142|153|165|167|169|198|226|233|235|240|245|261|277|291|293|310|326|328|359|364|397|398|420|432|455|465|469|470|477|478|479|488|505|509|515|520|522|563|566|570|583|598|602|609|628|629|638|657|671|684|692|711|718|729|759|786|791|853|858|863|894|907|910|912|944|946|969|1005|1009|1035|1047|1052|1058|1066|1072|1092|1117|1118|1139|1150|1187|1193|1220|1239|1248|1255|1261|1303|1304|1308|1311|1315|1328|1387|1411|1415|1417|1425|1427|1437|1444|1452|1482|1490|1496|1505|1512|1555|1593|1599|1628|1649|1662|1668|1673|1678|1723|1728|1729|1736|1766|1777|1787|1807|1830|1840|1854|1877|1884|1898|1921|1922|1925|1939|1962|1967|1970|2025|2026|2029|2040|2056|2063|2067|2070|2081|2108|2121|2124|2163|2180|2218|2243|2261|2302|2322|2329|2343|2357|2382|2399|2466|2486|2493|2496|2508|2527|2529|2537|2563|2596|2608|2615|2624|2628|2642|2643|2653|2691|2692|2745|2759|2760|2764|2793|2805|2813|2831|2833|2840|2843|2845|2857|2862|2866|2878|2884|2885|2892|2950|2979|2999|3007|3028|3057|3061|3102|3110|3111|3143|3156|3157|3170|3181|3202|3203|3207|3224|3230|3238|3239|3276|3325|3337|3347|3352|3359|3374|3375|3402|3457|3467|3469|3487|3489|3493|3508|3516|3517|3519|3534|3539|3582|3588|3602|3619|3685|3687|3711|3714|3719|3722|3735|3742|3792|3793|3795|3796|3807|3826|3834|3842|3851|3862|3863|3866|3871|3927|3954|3978|4011|4037|4043|4044|4080|4084|4096|4098|4102|4104|4117|4125|4164|4175|4176|4192|4194|4196|4198|4217|4224|4233|4249|4255|4274|4276|4306|4316|4330|4386|4443|4449|4476|4526|4532|4546|4552|4554|4555|4557|4593|4606|4621|4626|4643|4650|4660|4673|4677|4702|4724|4730|4735|4738|4756|4786|4787|4796|4820|4823|4845|4863|4872|4893|4919|4937|4987|4990|5011|5045|5049|5066|5079|5088|5103|5118|5138|5140|5143|5157|5169|5181|5196|5244|5308|5318|5333|5350|5357|5426|5429|5470|5504|5506|5516|5517|5523|5547|5566|5567|5572|5626|5638|5666|5674|5675|5676|5702|5708|5719|5720|5739|5752|5765|5779|5788|5790|5804|5818|5851|5858|5871|5922|5925|5933|5945|5967|5975|5980|5996|6002|6005|6010|6021|6031|6071|6090|6101|6124|6128|6134|6143|6148|6175|6177|6193|6195|6199|6210|6215|6246|6278|6282|6284|6285|6287|6292|6304|6315|6316|6323|6334|6343|6350|6360|6402|6404|6421|6422|6438|6444|6448|6463|6476|6477|6490|6501|6515|6533|6541|6550|6551|6562|6564|6573|6578|6580|6593|6606|6610|6620|6638|6659|6662|6670|6671|6731|6748|6759|6769|6771|6777|6783|6800|6819|6847|6849|6858|6870|6873|6884|6887|6912|6917|6926|6943|6956|6962|6963|6981|6983|7003|7011|7020|7028|7031|7035|7076|7078|7084|7086|7100|7128|7134|7157|7167|7175|7220|7224|7229|7246|7262|7263|7264|7273|7323|7336|7362|7377|7383|7412|7461|7468|7485|7495|7514|7516|7525|7566|7584|7587|7600|7609|7632|7637|7659|7660|7693|7709|7732|7741|7756|7773|7792|7794|7812|7814|7826|7846|7849|7871|7873|7876|7879|7882|7883|7884|7915|7926|7945|7978|7979|7980|7982|8013|8043|8084|8123|8148|8152|8171|8172|8174|8242|8248|8263|8285|8296|8302|0|1|2|3|4|5|6|7|8|10|12|13|14|15|16|17|18|19|20|21|22|23|24|25|26|27|28|29|30|31|33|34|36|37|38|39|40|41|42|43|44|45|46|47|48|50|51|52|53|54|55|56|57|59|60|61|62|63|64|66|67|69|70|71|72|73|75|77|79|80|81|82|83|85|86|88|89|90|91|92|93|94|96|97|98|99|100|101|102|103|104|105|106|107|109|110|111|112|113|114|115|116|117|118|120|121|123|124|125|126|128|129|130|132|134|135|136|139|140|141|143|144|145|146|147|148|149|151|152|154|155|156|157|158|159|160|161|162|163|164|166|168|170|171|172|173|174|175|176|177|178|179|180|181|182|183|184|185|188|189|190|191|192|193|194|195|196|197|199|200|201|202|204|205|206|207|208|209|210|211|212|213|214|215|216,134|22|81|115|42|143|163|10|72|91|86|20|147|17|131|175|155|63|84|109|31|133|2|172|122|73|129|27|158|4|1|24|78|135|168|90|76|101|16|88|89|150|146|106|0|44|6|105|151|171|9|14|35|75|41|46|45|65|85|28|30|87|164|43|137|142|18|74|121|167|61|77|100|170|173|58|67|79|60|80|99|114|144|5|29|127|132|21|56|116|159|62|130|174|19|113|156|32|48|51|103|141|23|49|57|66|94|104|117|119|125|160|161|3|128|145|148|12|15|33|149|157|8|47|50|92|97|98|107|108|118|162,1|4|7|10|25|29|43|57|58|62|68|69|77|80|83|94|98|99|106|111|114|134|137|141|147|153|154|162|168|171|178|183|184|190|196|197|202|213|224|226|227|232|233|235|243|244|249|255|261|262|267|276|279|280|281|294|313|319|320|324|328|332|333|337|340|351|352|354|357|359|360|362|382|390|393|394|400|404|405|413|414|420|439|445|446|459|460|461|474|476|484|506|511|512|545|546|559|560|563|565|567|568|573|580|581|584|594|597|613|616|618|621|627|632|640|641|642|643|649|652|657|660|663|665|675|679|691|701|711|714|717|718|722|728|731|748|749|752|760|769|770|771|776|777|780|782|787|791|794|797|804|809|810|812|817|835|851|852|854|856|859|865|882|884|905|910|914|920|921|925|929|939|945|950|955|957|967|971|974|975|982|983|991|994|1006|1009|1010|1011|1012|1019|1020|1024|1028|1035|1040|1045|1049|1065|1069|1083|1092|1099|1101|1108|1111|1125|1131|1134|1136|1138|1146|1148|1155|1163|1169|1170|1175|1176|1181|1185|1187|1192|1204|1205|1210|1211|1214|1220|1226|1234|1239|1243|1245|1246|1250|1254|1256|1261|1263|1267|1268|1289|1293|1297|1307|1318|1323|1334|1336|1345|1351|1357|1359|1362|1366|1378|1381|1384|1388|1390|1398|1403|1406|1408|1410|1413|1415|1424|1455|1456|1460|1463|1467|1476|1483|1484|1486|1494|1495|1496|1503|1517|1519|1522|1530|1538|1542|1550|1555|1556|1568|1569|1576|1584|1588|1600|1606|1609|1610|1611|1617|1620|1621|1622|1635|1636|1639|1645|1648|1650|1652|1672|1683|1691|1701|1702|1704|1713|1728|1734|1737|1744|1748|1750|1755|1757|1758|1759|1764|1768|1780|1782|1788|1802|1807|1810|1823|1824|1828|1829|1830|1834|1836|1842|1845|1846|1849|1854|1857|1859|1860|1865|1876|1877|1879|1890|1911|1917|1932|1937|1938|1943|1956|1957|1979|1990|1994|2005|2007|2011|2016|2036|2044|2048|2065|2070|2071|2076|2078|2082|2087|2091|2096|2099|2102|2110|2114|2117|2118|2119|2123|2128|2143|2148|2154|2157|2161|2167|2171|2172|2176|2193|2195|2200|2203|2204|2208|2211|2216|2227|2238|2241|2242|2243|2245|2249|2260|2269|2274|2276|2283|2285|2287|2290|2293|2294|2307|2309|2310|2313|2317|2318|2321|2327|2336|2338|2350|2376|2381|2394|2400|2401|2407|2419|2429|2435|2439|2453|2454|2456|2461|2464|2466|2467|2470|2479|2484|2503|2506|2507|2509|2510|2511|2513|2519|2521|2540|2544|2547|2548|2549|2554|2570|2575|2578|2579|2580|2589|2590|2591|2601|2602|2623|2641|2647|2649|2653|2663|2673|2675|2688|2699|2704|2706|2709|2714|2716|2722|2726|2729|2744|2761|2769|2770|2772|2777|2781|2787|2788|2792|2793|2797|2801|2814|2816|2831|2832|2835|2848|2852|2858|2867|2875|2884|2886|2897|2904|2905|2907|2908|2917|2925|2927|2928|2931|2932|2942|2943|2945|2959|2963|2972|2976|2979|2986|2990|3005|3007|3012|3015|3025|3026|3035|3036|3042|3053|3056|3065|3068|3069|3093|3104|3114|3121|3127|3128|3136|3137|3142|3146|3156|3158|3163|3168|3171|3175|3177|3186|3190|3192|3202|3210|3221|3224|3227|3228|3235|3243|3247|3248|3253|3269|3270|3280|3282|3284|3285|3286|3289|3296|3299|3303|3308|3311|3321|3324|3332|3333|3334|3336|3339|3344|3349|3357|3385|3391|3398|3399|3408|3411|3412|3413|3419|3434|3449|3450|3451|3456|3465|3474|3483|3484|3486|3489|3496|3497|3498|3503|3510|3513|3517|3525|3527|3528|3529|3533|3536|3538|3551|3554|3555|3556|3557|3558|3562|3563|3566|3570|3571|3572|3578|3585|3587|3588|3592|3593|3599|3611|3614|3619|3623|3628|3630|3645|3648|3649|3650|3651|3660|3661|3662|3663|3667|3668|3670|3675|3678|3679|3682|3683|3695|3701|3704|3708|3711|3714|3716|3717|3730|3731|3734|3741|3742|3749|3753|3762|3765|3768|3771|3784|3792|3795|3802|3810|3811|3815|3822|3828|3830|3831|3833|3836|3842|3843|3847|3849|3852|3854|3856|3863|3865|3868|3872|3875|3894|3898|3899|3908|3915|3932|3937|3942|3945|3948|3951|3955|3964|3966|3967|3974|3978|3993|3995|4005|4007|4010|4011|4016|4022|4025|4034|4036|4039|4040|4059|4074|4091|4099|4101|4128|4131|4132|4136|4149|4155|4165|4169|4170|4189|4199|4205|4215|4220|4222|4224|4227|4228|4229|4237|4241|4242|4245|4248|4262|4264|4265|4275|4277|4286|4291|4295|4307|4308|4317|4319|4320|4322|4324|4330|4332|4336|4354|4356|4358|4367|4379|4385|4388|4389|4393|4394|4399|4403|4406|4409|4421|4426|4436|4442|4444|4453|4454|4468|4470|4474|4478|4485|4493|4496|4501|4502|4505|4517|4519|4522|4529|4532|4543|4544|4548|4555|4560|4571|4575|4579|4586|4588|4594|4602|4616|4619|4620|4622|4623|4624|4626|4632|4635|4644|4647|4655|4661|4662|4681|4682|4683|4684|4693|4702|4719|4720|4727|4743|4748|4751|4760|4765|4767|4772|4775|4782|4792|4796|4798|4810|4825|4830|4832|4848|4849|4854|4857|4858|4867|4870|4871|4874|4875|4882|4887|4888|4895|4898|4901|4903|4911|4916|4928|4931|4935|4938|4939|4946|4947|4950|4957|4959|4960|4961|4962|4967|4982|4997|5002|5004|5014|5017|5032|5033|5037|5061|5070|5077|5078|5083|5087|5089|5102|5106|5110|5111|5112|5128|5133|5156|5158|5160|5164|5177|5178|5181|5182|5183|5203|5205|5214|5215|5216|5223|5234|5242|5246|5249|5253|5257|5260|5263|5264|5265|5277|5282|5289|5293|5297|5301|5304|5314|5319|5322|5323|5325|5330|5332|5336|5337|5338|5343|5346|5349|5350|5360|5369|5370|5373|5376|5382|5386|5389|5391|5398|5400|5418|5428|5430|5439|5445|5446|5449|5460|5470|5472|5475|5480|5481|5486|5514|5522|5526|5532|5535|5543|5545|5548|5550|5558|5572|5574|5577|5579|5583|5584|5587|5590|5592|5597|5600|5602|5603|5612|5620|5644|5652|5681|5683|5684|5689|5694|5695|5700|5706|5727|5740,27.492424242424242,True
instance_0007.txt,knapsack_density,0,0,0,,,,0.0,False
instance_0007.txt,knapsack_seed,2987,142,2271,1|6|11|15|25|32|34|41|44|52|55|58|59|65|76|97|99|138|163|170|188|192|200|206|221|224|231|244|247|251|264|275|277|278|286|288|290|297|298|303|308|311|317|333|339|362|368|374|378|381|384|386|390|405|438|440|443|445|450|455|469|491|506|510|522|531|536|540|544|550|551|557|560|561|567|568|603|607|622|625|627|633|638|641|650|660|661|670|680|682|683|692|697|707|714|722|776|777|778|780|782|797|802|807|824|826|833|855|862|874|881|885|895|896|899|913|917|923|925|932|933|964|966|973|1001|1008|1013|1020|1027|1045|1070|1073|1079|1081|1100|1109|1117|1131|1132|1135|1144|1158|1163|1170|1173|1199|1207|1216|1230|1234|1242|1250|1251|1252|1268|1278|1286|1297|1307|1312|1322|1329|1356|1365|1371|1379|1386|1393|1395|1402|1406|1418|1428|1431|1447|1452|1459|1465|1466|1475|1487|1491|1512|1519|1524|1526|1531|1547|1551|1557|1576|1594|1595|1596|1597|1608|1612|1622|1629|1643|1651|1654|1660|1669|1670|1679|1682|1694|1709|1720|1727|1732|1733|1740|1746|1751|1769|1772|1777|1782|1786|1790|1802|1814|1818|1822|1836|1838|1847|1854|1860|1867|1881|1892|1901|1904|1926|1930|1939|1945|1951|1953|1957|1959|1970|1988|1993|1996|1997|2010|2023|2034|2043|2049|2052|2054|2067|2076|2097|2101|2122|2132|2136|2147|2149|2155|2163|2164|2174|2191|2211|2212|2215|2219|2224|2225|2238|2253|2258|2263|2268|2272|2291|2293|2296|2297|2301|2304|2307|2311|2349|2350|2359|2366|2375|2381|2387|2395|2403|2412|2414|2424|2426|2429|2438|2443|2459|2463|2465|2474|2480|2482|2491|2497|2505|2522|2528|2538|2539|2546|2551|2552|2566|2579|2588|2608|2616|2618|2625|2626|2631|2632|2641|2642|2644|2663|2664|2707|2709|2719|2722|2730|2733|2741|2749|2754|2758|2773|2779|2783|2785|2790|2793|2801|2803|2806|2814|2823|2832|2839|2841|2857|2862|2864|2865|2870|2871|2885|2902|2915|2919|2920|2922|2927|2929|2941|2951|2952|2955|2959|2961|2964|2970|2976|2977|2978|2986|2995|2998|3011|3013|3025|3034|3052|3058|3064|3080|3081|3093|3094|3095|3097|3100|3131|3136|3148|3165|3185|3188|3195|3212|3213|3228|3234|3243|3256|3328|3330|3340|3360|3364|3377|3401|3420|3421|3428|3439|3446|3447|3463|3479|3485|3487|3488|3500|3545|3554|3555|3572|3573|3581|3585|3597|3605|3612|3615|3621|3623|3642|3644|3646|3649|3652|3656|3659|3665|3666|3670|3684|3692|3699|3704|3708|3710|3724|3752|3755|3763|3778|3788|3806|3809|3812|3824|3834|3839|3844|3852|3870|3872|3873|3877|3893|3917|3926|3929|3931|3949|3956|3961|3976|4008|4013|4014|4015|4019|4020|4021|4023|4025|4034|4036|4053|4054|4056|4060|4067|4073|4108|4122|4127|4134|4139|4141|4153|4182|4205|4207|4225|4232|4235|4237|4241|4244|4245|4246|4248|4256|4268|4274|4284|4288|4289|4294|4307|4311|4337|4338|4341|4360|4372|4378|4387|4389|4398|4424|4429|4438|4440|4442|4463|4480|4481|4484|4486|4519|4535|4536|4538|4550|4559|4572|4576|4597|4608|4609|4610|4616|4619|4654|4668|4679|4686|4689|4691|4693|4722|4723|4732|4735|4738|4755|4767|4772|4774|4807|4812|4831|4846|4847|4856|4862|4882|4883|4891|4894|4909|4917|4923|4961|4968|4977|4981|4984|4992|4998|5002|5003|5007|5013|5023|5031|5033|5040|5042|5045|5050|5060|5062|5073|5074|5084|5091|5096|5105|5117|5121|5127|5128|5138|5144|5146|5157|5158|5174|5189|5201|5203|5216|5220|5222|5225|5227|5236|5252|5265|5276|5282|5283|5299|5307|5313|5330|5339|5345|5352|5355|5362|5373|5376|5378|5399|5401|5404|5406|5408|5409|5419|5423|5425|5434|5441|5445|5449|5453|5459|5473|5478|5487|5491|5498|5508|5534|5553|5558|5573|5598|5600|5604|5609|5612|5617|5618|5638|5648|5658|5660|5673|5680|5685|5686|5689|5701|5711|5712|5716|5717|5719|5735|5736|5750|5755|5756|5767|5768|5777|5781|5803|5812|5826|5829|5831|5845|5850|5860|5861|5879|5882|5884|5922|5924|5932|5944|5959|5961|5977|5991|6001|6011|6028|6050|6051|6057|6063|6070|6076|6081|6083|6085|6089|6095|6100|6111|6119|6121|6122|6132|6135|6152|6155|6168|6181|6182|6187|6201|6212|6215|6217|6218|6227|6229|6240|6249|6250|6256|6258|6262|6289|6290|6293|6295|6300|6307|6308|6321|6322|6326|6333|6335|6367|6378|6385|6390|6400|6408|6411|6413|6418|6424|6427|6442|6477|6480|6482|6483|6486|6518|6535|6541|6557|6566|6578|6583|6594|6601|6621|6629|6640|6643|6659|6673|6677|6688|6690|6697|6711|6716|6721|6740|6755|6756|6757|6759|6770|6772|6774|6791|6793|6806|6816|6832|6835|6837|6845|6851|6873|6895|6902|6913|6917|6920|6921|6923|6931|6935|6936|6944|6959|6965|6969|6971|7011|7019|7037|7039|7042|7050|7057|7072|7077|7083|7089|7102|7113|7119|7120|7138|7140|7141|7144|7149|7156|7162|7180|7183|7218|7228|7240|7247|7255|7268|7269|7274|7288|7294|7316|7319|7330|7336|7354|7358|7366|7374|7379|7384|7404|7405|7414|7419|7426|7440|7443|7451|7473|7483|7489|7505|7514|7518|7523|7527|7531|7540|7549|7550|7551|7552|7553|7554|7555|7571|7581|7588|7599|7624|7640|7644|7654|7658|7668|7672|7673|7699|7710|7734|7739|7756|7780|7786|7792|7798|7806|7838|7839|7861|7865|7867|7873|7883|7890|7896|7898|7908|7921|7942|7987|7988|7993|7998|8000|8007|8010|8017|8022|8031|8033|8034|8054|8059|8060|8061|8067|8070|8079|8085|8092|8102|8108|8109|8122|8124|8126|8129|8141|8143|8144|8146|8156|8157|8161|8164|8166|8170|8171|8173|8178|8202|8204|8212|8215|8223|8225|8227|8235|8243|8244|8251|8267|8283|8294|8297|8300|8311|0|2|3|4|5|7|8|9|10|12|13|14|16|17|18|19|20|21|22|23|24|26|27|28|29|30|31|33|35|36|37|38|39|40|42|43|45|46|47|48|49|50|51|53|54|56|57|60|61|62|63|64|66|67|68|69|70|71|72|73|74|75|77|78|79|80|81|82|83|84|85|86|87|88|89|90|91|92|93|94|95|96|98|100|101|102|103|104|105|106|107|108|109|110|111|112|113|114|115|116|117|118|119|120|121|122|123|124|125|126|127|128|129|130|131|132|133|134|135|136|137|139|140|141|142|143|144|145|146|147|148|149|150|151|152|153|154|155|156|157|158|159|160|161|162|164|165|166|167|168|169|171|172|173|174|175|176|177|178|179|180|181|182|183|184|185|186|187|189|190|191|193|194|195|196|197|198|199|201|202|203|204|205|207|208|209|210|211|212|213|214|215|216|217|218|219|220|222|223|225|226|227|228|229|230|232|233|234|235|236|237|238|239|240|241|242|243|245|246|248|249|250|252|253|254|255|256|257|258|259|260|261|262|263|265|266|267|268|269|270|271|272|273|274|276|279|280|281|282|283|284|285|287|289|291|292|293|294|295|296|299|300|301|302|304|305|306|307|309|310|312|313|314|315|316|318|319|320|321|322|323|324|325|326|327|328|329|330|331|332|334|335|336|337|338|340|341|342|343|344|345|346|347|348|349|350|351|352|353|354|355|356|357|359|360|361|363|364|366|367|369|370|371|372|373|375|376|377|379|380|382|383|385|387|388|389|391|392|393|394|395|396|397|398|399|400|401|402|403|404|406|407|408|409|410|411|413|414|415|416|417|418|419|420|421|422|423|424|425|426|427|428|429|430|431|432|433|434|436|437|439|441|442|444|446|447|448|449|451|452|453|454|456|457|458|459|460|461|462|463|464|465|466|467|468|470|471|472|473|474|475|476|477|478|479|480|481|482|483|484|485|486|487|488|489|490|492|493|495|496|497|498|499|500|501|502|503|504|505|507|508|509|511|512|513|514|515|516|517|518|519|520|521|523|524|525|526|527|528|529|530|532|533|534|535|537|538|539|541|542|543|545|546|547|548|549|552|553|554|555|556|558|559|562|563|564|565|566|569|570|571|572|573|574|575|576|577|578|579|580|581|582|583|584|585|586|587|588|589|590|591|592|593|594|595|596|597|598|599|600|601|602|604|605|606|608|609|610|611|612|613|614|615|616|617|618|619|620|621|623|624|626|628|629|630|631|632|634|635|636|637|639|640|642|643|644|645|646|647|648|649|651|652|653|654|655|656|657|658|659|662|663|664|665|666|667|668|669|671|672|673|674|675|676|677|678|679|681|684|685|686|687|688|690|691|693|694|695|696|698|699|700|701|702|703|704|705|706|708|709|710|711|712|713|715|716|717|718|719|720|721|723|724|725|726|727|728|729|730|731|732|733|734|735|736|737|738|739|740|741|742|743|744|745|746|747|748|749|750|751|752|753|754|755|756|757|758|759|760|761|762|763|764|765|766|767|768|769|770|771|772|773|774|775|779|781|783|784|785|786|787|788|789|790|791|792|793|794|795|796|798|799|800|801|803|804|805|806|808|809|810|811|812|813|814|815|816|817|818|819|821|822|823|825|827|828|829|830|831|832|834|835|836|837|838|839|840|841|842|843|844|845|846|847|848|849|850|851|852|853|854|856|857|858|859|860|861|863|864|865|866|867|868|869|870|871|872|873|875|876|878|879|880|882|884|886|887|888|889|890|891|892|893|894|897|898|900|901|902|903|904|905|906|907|908|909|910|911|912|914|915|916|918|919|920|921|922|924|926|927|928|929|930|931|934|935|936|937|938|939|940|941|942|943|944|945|946|947|948|949|950|951|952|953|954|955|956|957|958|959|960|961|962|963|965|967|968|969|970|971|972|974|975|976|977|978|979|980|981|982|983|984|985|986|987|988|989|990|991|992|993|994|995|996|997|998|999|1000|1002|1003|1004|1005|1006|1007|1009|1010|1011|1012|1014|1015|1016|1017|1018|1019|1021|1022|1023|1024|1025|1026|1028|1029|1030|1031|1032|1033|1034|1035|1036|1037|1038|1039|1040|1041|1042|1043|1044|1046|1047|1048|1049|1050|1051|1052|1053|1054|1055|1056|1057|1058|1059|1060|1061|1062|1063|1064|1065|1066|1067|1068|1069|1071|1072|1074|1075|1076|1077|1078|1080|1082|1083|1084|1085|1086|1087|1088|1089|1090|1091|1092|1093|1094|1095|1096|1097|1098|1099|1101|1102|1103|1104|1105|1106|1107|1108|1110|1111|1112|1113|1114|1115|1116|1118|1119|1120|1123|1124|1125|1126|1127|1128|1129|1130|1133|1134|1136|1137|1138|1139|1140|1141|1142|1145|1146|1147|1148|1149|1150|1151|1152|1153|1154|1155|1156|1157|1159|1160|1161|1162|1164|1165|1166|1167|1168|1169|1171|1172|1174|1175|1176|1177|1178|1179|1180|1181|1182|1183|1184|1185|1186|1187|1188|1189|1190|1191|1192|1193|1194|1195|1196|1197|1198|1200|1201|1202|1203|1204|1205|1206|1208|1209|1210|1211|1212|1213|1214|1215|1217|1218|1219|1220|1221|1222|1223|1224|1225|1226|1227|1228|1229|1231|1232|1233|1235|1236|1237|1238|1239|1240|1241|1243|1244|1245|1246|1247|1248|1249|1253|1254|1255|1256|1257|1258|1259|1260|1261|1262|1263|1264|1265|1266|1267|1269|1270|1271|1272|1273|1274|1275|1276|1277|1279|1280|1281|1283|1284|1285|1287|1288|1289|1290|1291|1293|1294|1295|1296|1298|1299|1300|1301|1302|1303|1304|1305|1306|1308|1309|1310|1311|1313|1314|1315|1316|1317|1318|1319|1320|1321|1323|1324|1325|1326|1327|1328|1330|1331|1332|1333|1334|1335|1336|1337|1338|1339|1340|1341|1342|1343|1344|1345|1346|1347|1348|1349|1350|1351|1352|1353|1354|1355|1357|1358|1359|1360|1361|1362|1363|1364|1366|1367|1368|1369|1370|1372|1373|1374|1375|1376|1377|1378|1380|1381|1382|1383|1384|1385|1387|1388|1389|1390|1391|1392|1394|1396|1397|1398|1399|1400|1401|1403|1404|1405|1407|1408|1409|1410|1411|1412|1413|1414|1415|1416|1417|1419|1420|1421|1422|1423|1424|1425|1426|1427|1429|1430|1432|1433|1434|1436|1437|1438|1439|1440|1441|1442|1443|1444|1445|1446|1448|1449|1450|1451|1453|1454|1455|1456|1457|1458|1460|1461|1462|1463|1464|1467|1468|1469|1470|1471|1472|1473|1474|1476|1477|1478|1479|1480|1481|1482|1483|1484|1485|1486|1488|1489|1490|1492|1493|1494|1495|1496|1497|1498|1499|1500|1501|1502|1503|1504|1505|1506|1507|1508|1509|1510|1511|1513|1514|1515|1516|1517|1518|1520|1521|1522|1523|1525|1527|1528|1529|1530|1532|1533|1534|1535|1536|1537|1538|1539|1540|1541|1542|1543|1544|1545|1546|1548|1549|1550|1552|1553|1554|1555|1556|1558|1559|1560|1561|1562|1563|1564|1565|1566|1567|1568|1569|1570|1571|1572|1573|1574|1575|1577|1578|1579|1580|1581|1582|1583|1584|1585|1586|1587|1588|1589|1590|1591|1592|1593|1598|1599|1600|1601|1602|1603|1604|1605|1606|1607|1609|1610|1611|1613|1614|1615|1616|1617|1618|1619|1620|1621|1623|1624|1625|1626|1627|1628|1630|1631|1632|1633|1634|1635|1636|1637|1638|1639|1640|1641|1642|1644|1645|1646|1647|1648|1649|1650|1652|1653|1655|1656|1657|1658|1659|1661|1662|1663|1664|1665|1666|1667|1668|1671|1672|1673|1674|1675|1676|1677|1678|1680|1681|1683|1684|1685|1686|1687|1688|1689|1690|1691|1692|1693|1695|1696|1697|1698|1699|1700|1701|1702|1703|1704|1705|1706|1707|1708|1710|1711|1712|1713|1714|1715|1716|1717|1718|1719|1721|1722|1723|1724|1725|1726|1728|1729|1730|1731|1734|1735|1736|1737|1738|1739|1742|1743|1744|1745|1747|1748|1749|1750|1752|1753|1754|1755|1756|1757|1758|1759|1760|1761|1762|1763|1764|1765|1766|1767|1768|1770|1771|1773|1774|1775|1776|1778|1779|1780|1781|1783|1784|1785|1787|1788|1789|1791|1792|1793|1794|1795|1796|1797|1798|1799|1800|1801|1803|1804|1805|1806|1807|1808|1809|1810|1811|1812|1813|1815|1816|1817|1819|1820|1821|1823|1824|1825|1826|1827|1828|1829|1830|1831|1832|1833|1834|1835|1837|1839|1840|1841|1842|1843|1844|1845|1846|1849|1850|1851|1852|1853|1855|1856|1857|1858|1859|1861|1862|1863|1864|1865|1866|1868|1869|1870|1871|1872|1873|1874|1875|1876|1877|1878|1879|1880|1882|1883|1884|1885|1886|1887|1888|1889|1890|1891|1893|1894|1895|1896|1897|1898|1899|1900|1902|1903|1905|1906|1907|1908|1909|1910|1911|1912|1913|1914|1915|1916|1917|1918|1919|1920|1921|1922|1923|1924|1925|1927|1928|1929|1931|1932|1933|1934|1935|1936|1937|1938|1940|1941|1942|1943|1944|1946|1947|1948|1949|1950|1952|1954|1955|1956|1958|1960|1961|1962|1963|1964|1965|1966|1967|1968|1969|1971|1972|1973|1974|1975|1976|1977|1978|1979|1980|1981|1982|1983|1984|1985|1986|1987|1989|1990|1991|1992|1994|1995|1998|1999|2000|2001|2002|2003|2004|2005|2006|2007|2008|2009|2011|2012|2013|2014|2015|2016|2017|2018|2019|2020|2021|2022|2024|2025|2026|2027|2028|2029|2030|2031|2032|2033|2035|2036|2037|2038|2039|2040|2041|2042|2044|2045|2046|2047|2048|2050|2051|2053|2055|2056|2057|2058|2059|2060|2061|2062|2063|2064|2066|2068|2069|2070|2071|2072|2073|2074|2075|2077|2078|2079|2080|2082|2083|2084|2085|2086|2087|2088|2089|2090|2091|2092|2093|2094|2095|2096|2098|2099|2100|2102|2103|2104|2105|2106|2107|2108|2109|2110|2111|2112|2113|2114|2115|2116|2117|2118|2119|2120|2121|2123|2124|2125|2126|2127|2128|2129|2130|2131|2133|2134|2135|2137|2138|2139|2140|2141|2142|2143|2144|2145|2146|2148|2150|2151|2152|2153|2154|2156|2157|2158|2159|2160|2161|2162|2165|2166|2167|2168|2169|2170|2171|2172|2173|2175|2176|2177|2178|2179|2180|2181|2182|2183|2184|2185|2186|2187|2188|2189|2190|2192|2193|2194|2195|2196|2197|2198|2199|2200|2201|2202|2203|2204|2205|2206|2207|2208|2209|2210|2213|2214|2216|2217|2218|2220|2221|2222|2223|2226|2227|2228|2229|2230|2231|2232|2233|2234|2235|2236|2237|2239|2240|2241|2242|2243|2244|2245|2246|2247|2248|2249|2250|2252|2254|2255|2256|2257|2259|2260|2261|2262,117|173|14|115|163|175|167|1|137|74|86|76|49|90|31|45|0|17|150|28|106|171|42|63|174|127|101|134|15|147|44|141|33|29|22|6|9|84|27|157|4|85|105|72|91|158|60|155|5|18|79|135|88|142|24|132|169|19|46|35|130|7|41|75|80|87|121|133|145|2|21|109|128|20|56|122|99|131|170|16|58|92|48|57|65|78|114|168|3|77|89|116|119|159|66|100|143|149|160|164|8|30|32|34|64|98|108|129|144|161|23|50|51|104|151|156|162|10|61|82|102|103|113|120|146|148|172|12|25|26|39|43|47|54|59|67|81|93|107|125|136|166,1|2|5|6|7|8|10|14|16|17|18|24|26|29|30|31|32|33|34|38|41|42|43|44|46|49|55|60|61|62|63|65|66|76|78|79|80|81|82|83|84|93|98|100|101|105|106|108|109|112|124|126|129|132|133|144|146|147|148|151|154|155|158|163|166|172|174|175|178|179|181|182|183|191|193|196|199|200|201|205|206|207|210|212|213|219|222|223|229|233|234|238|239|241|242|244|245|257|258|259|264|270|276|282|294|300|302|307|308|309|310|321|326|328|332|334|335|336|337|340|341|346|348|352|354|358|360|361|365|368|384|391|392|394|397|403|404|405|407|408|410|413|415|417|422|423|425|427|429|430|431|434|438|439|441|443|444|446|450|455|458|459|460|461|463|467|471|474|476|478|479|484|485|486|489|490|491|497|499|500|505|506|510|517|519|520|523|525|526|528|529|530|531|532|533|542|543|545|546|547|548|554|555|556|558|559|560|562|563|565|567|568|569|570|573|574|576|578|586|587|588|590|592|593|594|595|599|603|609|610|612|613|615|616|620|622|624|626|627|630|632|636|638|639|641|643|650|652|658|659|667|670|673|675|676|679|681|687|688|691|695|696|701|703|706|707|708|711|715|717|723|724|727|729|731|733|734|737|739|741|748|750|751|752|753|754|755|757|758|766|767|769|770|771|773|774|776|777|778|779|780|781|786|789|792|793|794|798|800|803|805|807|808|810|812|814|817|818|824|825|826|828|829|830|831|832|834|835|841|845|848|851|852|854|860|861|863|865|867|868|869|870|871|880|885|888|890|891|898|899|903|913|914|919|922|923|926|928|929|930|931|936|938|939|940|943|945|949|951|957|959|960|965|967|973|974|975|976|977|980|981|992|994|995|996|998|999|1000|1001|1004|1008|1009|1010|1011|1012|1013|1014|1016|1017|1019|1022|1023|1028|1030|1033|1034|1035|1036|1038|1039|1041|1042|1045|1046|1047|1056|1063|1065|1068|1073|1074|1075|1076|1078|1083|1085|1087|1092|1093|1099|1101|1105|1111|1114|1116|1118|1120|1122|1124|1126|1127|1128|1131|1135|1136|1139|1140|1141|1142|1144|1146|1148|1149|1154|1155|1159|1163|1166|1170|1171|1176|1178|1180|1182|1183|1185|1188|1190|1200|1203|1208|1209|1211|1212|1216|1218|1220|1222|1226|1227|1228|1230|1232|1234|1235|1243|1245|1246|1247|1248|1249|1250|1252|1253|1254|1256|1258|1259|1262|1267|1277|1279|1281|1288|1291|1292|1295|1300|1306|1307|1309|1310|1313|1315|1317|1323|1324|1325|1328|1332|1335|1336|1341|1344|1345|1346|1349|1350|1352|1353|1357|1358|1366|1370|1372|1373|1375|1378|1381|1382|1383|1386|1391|1393|1398|1399|1400|1403|1406|1410|1411|1416|1417|1420|1423|1424|1425|1426|1428|1430|1431|1438|1440|1442|1450|1451|1452|1453|1457|1459|1460|1461|1464|1468|1473|1477|1484|1485|1487|1493|1494|1495|1496|1497|1499|1502|1504|1506|1508|1510|1512|1514|1516|1518|1519|1520|1524|1526|1528|1531|1539|1541|1542|1543|1544|1546|1547|1548|1551|1553|1561|1562|1565|1566|1567|1568|1569|1573|1576|1577|1578|1583|1585|1586|1590|1592|1594|1596|1599|1600|1604|1609|1611|1616|1617|1622|1623|1629|1631|1634|1636|1638|1639|1641|1642|1644|1645|1648|1649|1650|1651|1656|1657|1665|1667|1668|1670|1672|1673|1676|1679|1688|1689|1694|1698|1699|1700|1702|1703|1704|1707|1709|1712|1716|1718|1721|1723|1728|1739|1740|1747|1750|1754|1756|1758|1766|1767|1768|1770|1771|1772|1778|1783|1788|1790|1791|1793|1795|1798|1799|1800|1804|1805|1809|1812|1816|1818|1819|1821|1822|1827|1828|1829|1832|1834|1836|1840|1842|1845|1847|1850|1854|1857|1859|1860|1864|1868|1871|1873|1876|1877|1878|1882|1891|1893|1899|1907|1908|1910|1911|1913|1914|1915|1916|1917|1918|1919|1923|1924|1935|1938|1939|1947|1949|1951|1956|1958|1960|1967|1968|1969|1970|1972|1974|1979|1981|1982|1983|1989|1990|1991|1994|1999|2000|2002|2008|2010|2012|2014|2015|2017|2018|2021|2028|2030|2031|2032|2035|2040|2044|2054|2055|2056|2057|2059|2061|2063|2065|2067|2068|2069|2071|2075|2076|2077|2080|2081|2082|2087|2088|2089|2095|2099|2112|2113|2114|2115|2116|2118|2123|2124|2127|2128|2129|2130|2132|2138|2140|2141|2143|2146|2148|2149|2151|2152|2153|2154|2157|2158|2160|2163|2164|2168|2170|2175|2178|2186|2187|2188|2189|2192|2194|2195|2196|2200|2204|2207|2208|2211|2212|2219|2223|2224|2225|2227|2228|2230|2231|2232|2235|2240|2241|2244|2246|2247|2248|2249|2254|2260|2261|2262|2264|2274|2275|2280|2283|2284|2285|2287|2289|2291|2293|2294|2295|2296|2297|2298|2299|2305|2306|2307|2309|2313|2319|2324|2331|2332|2336|2337|2338|2340|2342|2346|2355|2359|2360|2362|2363|2365|2371|2372|2373|2374|2376|2381|2383|2389|2395|2398|2399|2400|2401|2404|2405|2406|2407|2410|2411|2412|2418|2419|2420|2421|2422|2429|2430|2431|2432|2433|2438|2439|2445|2446|2447|2451|2452|2453|2454|2455|2462|2463|2465|2468|2473|2475|2480|2481|2492|2493|2498|2506|2508|2510|2512|2514|2521|2523|2525|2531|2535|2541|2542|2544|2546|2548|2549|2553|2554|2555|2559|2560|2562|2563|2565|2567|2572|2573|2576|2579|2583|2584|2588|2591|2593|2594|2596|2600|2602|2603|2604|2606|2607|2612|2613|2615|2616|2618|2619|2621|2622|2623|2626|2639|2641|2642|2649|2652|2653|2654|2659|2660|2667|2668|2673|2677|2680|2682|2683|2685|2686|2689|2691|2695|2697|2700|2701|2704|2706|2709|2710|2711|2714|2718|2719|2722|2725|2727|2728|2729|2730|2734|2737|2747|2757|2759|2761|2762|2763|2765|2768|2771|2776|2778|2780|2781|2785|2788|2791|2793|2794|2796|2800|2801|2803|2804|2805|2806|2813|2817|2818|2822|2823|2827|2828|2830|2831|2832|2836|2839|2840|2841|2844|2845|2846|2848|2853|2854|2855|2862|2867|2876|2877|2880|2882|2884|2887|2891|2893|2895|2897|2898|2900|2903|2905|2906|2910|2913|2917|2920|2921|2924|2926|2929|2931|2932|2936|2938|2940|2941|2942|2945|2948|2951|2952|2953|2955|2958|2960|2961|2963|2964|2966|2968|2969|2970|2972|2976|2979|2981|2982|2988|2991|2993|2996|2999|3001|3010|3011|3015|3016|3018|3024|3025|3029|3030|3036|3039|3042|3048|3051|3053|3057|3058|3060|3064|3065|3066|3069|3071|3072|3073|3080|3082|3087|3089|3091|3092|3094|3096|3099|3100|3101|3108|3109|3112|3114|3117|3118|3119|3122|3125|3126|3127|3128|3129|3130|3133|3134|3137|3138|3140|3142|3143|3147|3148|3151|3152|3153|3157|3164|3170|3171|3172|3173|3174|3175|3177|3179|3181|3182|3184|3186|3188|3194|3196|3199|3201|3202|3203|3209|3210|3213|3215|3216|3220|3222|3224|3227|3228|3229|3233|3234|3235|3239|3240|3242|3244|3245|3247|3252|3253|3254|3256|3259|3260|3262|3263|3265|3267|3268|3269|3270|3271|3273|3274|3275|3285|3287|3289|3292|3293|3297|3298|3299|3302|3306|3313|3318|3319|3321|3322|3325|3330|3334|3336|3337|3338|3341|3344|3349|3351|3352|3354|3357|3361|3365|3366|3368|3372|3373|3374|3375|3376|3384|3385|3387|3389|3391|3392|3393|3398|3399|3400|3401|3406|3407|3409|3412|3415|3417|3422|3430|3434|3436|3439|3441|3445|3450|3451|3455|3456|3457|3458|3459|3464|3465|3469|3471|3476|3477|3480|3483|3484|3486|3487|3491|3492|3493|3494|3497|3498|3503|3505|3510|3516|3517|3522|3523|3527|3529|3530|3533|3534|3540|3543|3548|3552|3554|3558|3562|3563|3564|3567|3573|3578|3584|3588|3589|3592|3593|3599|3601|3604|3607|3609|3610|3611|3615|3617|3619|3620|3622|3631|3633|3637|3638|3640|3646|3648|3654|3657|3660|3661|3663|3666|3669|3671|3673|3674|3675|3679|3680|3682|3683|3687|3688|3690|3692|3695|3696|3697|3699|3702|3704|3706|3709|3710|3711|3713|3716|3719|3721|3722|3723|3724|3726|3732|3733|3735|3738|3739|3741|3742|3744|3747|3749|3753|3754|3756|3757|3758|3759|3764|3765|3766|3768|3769|3770|3772|3775|3776|3777|3779|3782|3784|3788|3794|3796|3800|3802|3804|3807|3808|3809|3812|3813|3815|3817|3819|3820|3823|3824|3828|3829|3831|3832|3836|3838|3839|3840|3841|3844|3847|3848|3850|3851|3856|3860|3866|3869|3873|3874|3875|3876|3877|3878|3883|3886|3892|3899|3900|3902|3903|3905|3909|3913|3916|3918|3922|3926|3936|3940|3942|3948|3949|3951|3953|3954|3956|3963|3964|3966|3967|3968|3971|3972|3973|3977|3978|3985|3986|3989|3993|3994|3995|3997|4000|4003|4004|4005|4008|4010|4011|4014|4017|4018|4019|4020|4021|4024|4025|4026|4028|4032|4035|4038|4040|4042|4044|4045|4046|4052|4056|4057|4061|4063|4065|4066|4067|4068|4069|4070|4071|4074|4075|4079|4087|4088|4094|4100|4101|4103|4104|4106|4115|4117|4118|4120|4128|4129|4131|4133|4134|4136|4137|4142|4145|4146|4151|4152|4154|4156|4157|4161|4163|4164|4165|4169|4170|4175|4177|4179|4180|4185|4189|4191|4196|4199|4200|4205|4208|4209|4213|4214|4215|4216|4219|4221|4222|4225|4226|4227|4228|4229|4232|4235|4242|4243|4250|4251|4256|4257|4260|4261|4263|4266|4267|4269|4270|4274|4277|4278|4283|4285|4287|4294|4295|4296|4297|4303|4305|4306|4308|4309|4311|4315|4317|4321|4322|4323|4328|4330|4333|4335|4337|4339|4345|4346|4348|4351|4352|4354|4355|4358|4359|4360|4362|4363|4365|4372|4373|4374|4377|4378|4379|4380|4381|4385|4386|4387|4388|4391|4394|4395|4398|4399|4403|4409|4411|4417|4419|4420|4422|4424|4430|4433|4434|4438|4440|4447|4453|4456|4458|4459|4460|4462|4465|4466|4467|4468|4476|4480|4481|4483|4485|4489|4490|4491|4492|4493|4494|4497|4500|4502|4503|4505|4509|4510|4513|4514|4518|4519|4523|4524|4530|4531|4534|4538|4539|4540|4543|4544|4545|4546|4548|4550|4555|4558|4561|4563|4564|4565|4567|4569|4570|4571|4574|4578|4579|4581|4582|4585|4587|4588|4589|4590|4592|4603|4607|4608|4615|4616|4617|4618|4620|4623|4626|4628|4632|4637|4641|4646|4647|4654|4661|4663|4664|4667|4668|4672|4673|4674|4675|4676|4677|4679|4680|4681|4682|4683|4684|4686|4691|4693|4698|4700|4701|4702|4710|4716|4718|4719|4724|4741|4742|4744|4748|4750|4752|4754|4756|4757|4759|4760|4765|4766|4767|4769|4772|4773|4776|4782|4783|4784|4785|4786|4788|4792|4796|4798|4800|4805|4808|4810|4814|4815|4816|4819|4824|4825|4827|4828|4829|4831|4832|4833|4843|4844|4846|4848|4849|4855|4858|4859|4864|4867|4871|4873|4874|4877|4879|4880|4882|4883|4886|4888|4889|4893|4895|4898|4903|4908|4909|4911|4912|4913|4914|4915|4916|4920|4925|4926|4927|4931|4932|4942|4943|4944|4946|4949|4950|4951|4952|4957|4958|4960|4966|4967|4968|4969|4970|4974|4975|4978|4979|4984|4988|4990|4994|4998|4999|5000|5002|5003|5004|5005|5007|5009|5013|5014|5016|5019|5033|5034|5035|5036|5037|5038|5041|5042|5043|5045|5046|5048|5050|5052|5053|5056|5063|5064|5065|5071|5072|5073|5078|5081|5082|5083|5087|5090|5091|5093|5097|5100|5103|5104|5105|5106|5107|5110|5111|5113|5114|5115|5116|5118|5120|5123|5124|5125|5126|5128|5150|5154|5155|5158|5159|5160|5165|5166|5167|5169|5170|5171|5173|5177|5180|5181|5182|5185|5189|5192|5193|5197|5198|5200|5203|5204|5205|5209|5215|5216|5218|5220|5221|5223|5224|5226|5227|5228|5231|5233|5234|5235|5241|5248|5250|5253|5255|5257|5259|5264|5265|5270|5271|5276|5279|5280|5282|5283|5285|5289|5293|5295|5297|5301|5303|5308|5310|5311|5314|5315|5317|5318|5320|5321|5322|5323|5325|5326|5327|5328|5332|5334|5337|5344|5346|5350|5353|5355|5359|5360|5364|5367|5368|5369|5370|5371|5374|5375|5380|5384|5387|5395|5397|5400|5404|5405|5409|5414|5416|5417|5418|5423|5424|5425|5431|5432|5436|5437|5439|5440|5441|5443|5444|5445|5447|5448|5449|5450|5451|5452|5454|5456|5467|5470|5472|5474|5477|5482|5485|5488|5489|5491|5493|5496|5501|5502|5505|5509|5514|5516|5519|5521|5529|5530|5531|5532|5534|5536|5537|5543|5546|5549|5550|5556|5557|5558|5561|5562|5563|5568|5573|5575|5576|5577|5580|5583|5586|5588|5591|5592|5594|5596|5598|5600|5602|5603|5606|5613|5614|5616|5617|5618|5620|5622|5623|5630|5631|5634|5635|5638|5639|5640|5647|5651|5660|5661|5664|5666|5667|5671|5674|5679|5681|5682|5683|5684|5687|5689|5692|5694|5696|5697|5698|5700|5703|5706|5712|5714|5721|5723|5725|5729|5732|5733|5735|5737|5739|5741|5745,26.58450704225352,True
instance_0007.txt,random,2960,142,2413,5862|5373|4752|913|7508|2209|7567|7469|7244|4803|4294|3720|5103|2601|2888|8106|5297|4241|7181|6784|2659|3456|6792|5575|460|783|2661|7578|3508|6598|1206|977|1498|583|1510|363|586|729|5424|1856|4249|8195|7309|6441|2269|7346|5043|7432|2624|2023|4525|4202|2754|2308|7366|5760|8298|2377|6836|3422|3068|4341|6915|1846|7675|7997|4929|756|4792|3193|6360|7206|838|1249|4534|1699|5231|3757|333|4130|4168|1999|800|481|1516|969|2424|8110|622|3374|7583|2496|1774|608|6213|1765|1716|5842|4264|4402|5893|2915|3940|6224|2289|2200|6549|2454|1936|3948|1777|5343|3044|5147|5246|7474|3824|2881|908|1118|4834|574|4495|3569|5049|1958|3181|8024|1340|6859|949|3546|7840|4959|5595|6979|2653|7267|6872|6537|3718|3088|1175|3509|1378|7733|3455|6211|359|2561|6653|7322|5060|1909|7433|496|6664|4218|1497|7978|2077|4717|7232|796|8028|1953|5040|7741|2674|6525|3507|3293|2204|7599|4685|4044|7347|7519|6058|1215|4343|2403|5345|1488|2219|1295|6361|4318|3386|2983|6309|4027|5005|2537|818|3228|6688|1832|6816|1789|5100|5551|2753|3158|2434|6881|4859|2589|5484|6966|2148|5242|7381|555|1754|4342|7435|3371|732|3753|5884|3580|5016|951|1752|8052|2877|4602|5737|5123|4412|1971|4563|7203|3028|7803|7414|847|330|1342|3319|7769|5408|6249|3278|7380|7826|2979|5362|8259|270|6662|3755|1031|7045|4777|3744|1854|5141|6585|647|2540|6809|371|6896|5363|1088|4737|5535|6291|4925|2447|2076|5199|1650|2184|2479|994|6037|4429|5335|1503|1366|965|2739|2616|519|2419|3101|200|6394|715|5651|2490|5440|5142|7964|7926|4257|3895|8058|2034|5882|163|5128|6305|3039|7442|6961|553|6233|1644|3417|6851|1275|990|3342|4877|1011|8180|6283|2512|6300|5908|6886|2384|7522|6669|7276|2672|1694|1512|7405|2433|2231|8071|5538|219|594|4825|7039|7524|5287|1892|2224|4915|6853|2414|4700|5756|5317|4686|4543|3447|5358|1347|2286|3853|18|1571|4466|6613|3768|4767|3376|4576|3553|1122|3141|1094|5739|5822|2862|6562|4479|745|454|6367|7111|95|7075|6885|6490|1941|7724|3536|3197|7627|480|7110|3878|4474|1449|3007|738|2679|3138|2135|2018|2597|1139|8224|7849|6125|5559|5698|4434|3933|6389|2994|5135|4181|2883|5370|3184|6131|942|192|3946|1739|1895|1986|3990|6416|1303|3229|957|1858|3538|5958|4789|2638|3848|6616|6576|2328|8067|3534|3477|6701|3838|8070|5285|7441|1664|3703|5906|6292|5793|2874|2494|2738|6486|3350|1492|5562|6193|1324|78|6581|7288|1121|6179|5788|1079|4726|4574|629|2502|6736|6088|5903|2326|4416|840|3942|7918|196|5193|6052|6232|8084|2427|24|7602|1603|1688|581|1911|1601|5705|4381|991|3859|7582|6230|4658|4565|5056|2961|7282|7425|4678|7365|68|3799|3621|6270|3098|1970|5992|1117|4103|4598|8290|7886|4662|341|5803|542|5779|8007|3636|4239|4596|4638|7419|725|1655|2618|3425|7766|51|545|3162|4683|489|2238|2834|3741|3325|4174|6679|766|5208|6624|6042|6006|5124|1422|3926|2500|7549|8236|1336|1734|7839|5327|1020|3592|2215|2787|3921|1907|6286|1569|5902|3420|5664|3663|5524|2406|1826|2407|3590|3565|4591|6180|1287|4388|6949|4492|5054|5694|7503|4889|7032|6567|3114|6038|1261|1451|2091|1182|7699|7124|706|3673|1845|5553|7149|3347|5776|6140|5410|1711|2156|6372|4831|4368|65|4108|2958|1147|7842|1033|4798|5045|3202|4147|3746|1782|6198|4883|1326|1599|1150|7055|1192|7037|6162|3011|5176|2037|5905|2421|1254|3510|5106|968|2169|6769|3484|4592|5605|3156|2405|162|5680|3182|5638|6984|743|3618|7271|3505|6919|3230|6495|5294|4846|1027|7931|6622|8285|7790|6204|31|7830|4219|962|634|5746|7398|4555|5452|388|6833|2615|3779|8010|4371|5109|4068|2171|73|1952|5720|8186|5770|5159|3827|808|3613|937|108|2265|7409|4073|121|3597|4104|3689|6124|5506|2357|1132|6351|4920|5319|6414|5307|7456|5433|5195|6074|4973|7484|6144|4382|557|613|1833|5536|6022|5830|6102|7033|494|3034|5588|771|3033|2884|3216|1589|536|5181|2920|1403|4170|1135|2942|2274|7081|4891|7465|1520|5127|241|4784|5089|5995|3774|8225|122|3864|4644|2369|1047|3964|3406|124|7651|6257|6772|891|8157|2067|8143|6139|2002|1931|6645|2896|1302|4952|3032|7706|4399|5129|5971|2221|1857|3512|2038|8257|7966|7502|2719|7428|683|6754|6541|6484|3751|6611|5310|1891|5503|5044|7454|4701|3939|3966|7783|1045|5691|2382|7158|4506|7029|2519|3511|7729|4603|3988|2670|6181|2356|4939|5110|8123|4502|2504|7343|3585|4312|1341|280|7900|6649|7098|1798|7648|7144|6279|1841|2123|2704|7495|1306|2522|7438|6326|7812|1075|5568|3165|3225|6510|206|5225|6590|1764|184|7581|2642|1566|1803|4425|1703|455|5608|3153|5116|3217|427|3539|5196|2631|4446|2146|3189|2769|2573|3318|8243|1676|7287|4785|109|6582|4791|6269|1392|2391|4775|1836|2389|4009|5432|688|1072|1373|2061|2552|5584|7437|7336|7765|7767|585|1623|4847|497|6888|3606|5644|5421|1992|5787|7156|2425|5950|667|1165|7476|4127|328|5984|3164|1617|139|5041|3957|2990|3836|4417|1273|12|626|6465|4538|5645|5262|936|5641|8214|3518|4005|1504|4949|4860|1818|845|5062|2595|5439|7316|6623|289|3813|2949|6538|3353|7977|4484|5070|7486|547|4582|4974|6027|3725|7042|661|1709|3763|4357|2864|3179|8168|7805|3856|3821|1917|3150|4500|5018|2652|7632|4579|5375|2892|7250|7505|4176|6183|4363|5012|3873|7371|2314|5863|54|180|7259|5980|1865|666|2282|5597|4944|4347|105|779|4936|6117|3867|2147|6251|2036|3500|691|1101|4074|1564|582|6329|5026|2324|368|7930|3128|2745|2202|4333|5365|7076|4133|1452|2376|5329|7592|7692|1802|5281|7237|7383|1740|7687|7183|1827|4295|3060|396|2723|356|2470|5670|4858|4332|7655|4348|5600|6522|7798|3192|5042|7093|4097|7718|2782|1377|5616|7552|1258|584|1274|6098|7078|8078|2350|4469|6067|8242|6765|4274|5437|4349|4090|3820|4697|8206|1665|6458|6459|4134|3777|2572|6297|2878|2824|4774|7182|5589|1561|3472|2445|327|3058|7025|3978|6483|862|5403|7496|1813|1759|3314|167|2277|6504|7525|2779|5247|4967|2187|4431|5318|3188|199|3803|788|5614|6652|2401|490|3219|1243|2963|5233|1772|6771|3975|3130|5764|7586|4679|780|2691|564|7330|7557|5113|150|1574|5570|5693|3855|8030|6218|8237|2199|4337|7334|7354|5546|6926|8148|4253|7510|8293|1207|5888|8139|606|4910|4721|7915|4632|442|1625|7829|8035|3381|6612|2333|8072|1475|7471|2995|6651|213|4483|6689|5929|1187|4131|217|7616|390|4025|2446|2702|2344|3773|1208|6672|857|326|6293|2812|6040|3603|7876|5158|587|1316|1140|7434|7869|392|7646|5210|147|1357|4468|871|3351|313|6763|1708|3775|3031|3705|702|7920|2428|1672|4282|1236|5102|7571|6447|6212|6009|4053|5676|8002|7358|1875|5|1301|2876|1984|1446|6726|7711|6673|1136|2732|7764|6358|6650|5890|5867|1831|2666|7570|8082|2014|1386|2811|8192|4050|1409|765|618|1682|5108|6314|8144|3628|712|3594|5582|1881|4113|3648|216|2786|3370|874|462|2223|2174|3981|190|1678|4126|2320|5613|5619|5965|3168|1476|3897|7891|3572|22|1744|3452|4079|5976|8126|1427|7558|2870|4593|2136|4645|7656|4152|7131|4379|4462|1338|6747|7811|3543|5532|7754|3894|6857|6677|5085|6683|5856|5372|6378|7640|6577|1255|226|6466|4102|2031|5496|6601|5229|2921|2837|2713|6907|4247|202|4064|1368|1330|805|3707|1767|6030|7246|980|3802|3027|6924|4309|4472|6327|589|5314|5132|6031|4510|1242|671|2685|4112|5593|5594|7006|7337|4338|5511|171|337|6691|3004|1691|6280|1009|3828|2281|2210|1988|2737|3947|1237|3954|2968|8135|8044|4204|2288|4178|5336|4617|6025|6960|995|7417|264|677|6080|6164|7985|7048|5982|6064|7404|863|4422|3087|6530|7787|472|4085|2432|3819|6057|4694|8129|2952|3745|2730|3558|499|5585|4781|790|6013|5721|4061|2486|2863|2402|7605|262|3410|5417|1532|7614|4017|4764|6318|6675|482|3815|7079|6895|6588|1975|6301|1159|2192|6313|8171|3917|4669|5306|1405|8003|2596|7636|3137|5079|7140|1223|2727|3968|7691|5381|7466|4452|2814|6106|4729|5578|1158|3726|1126|2426|1809|1570|5854|3220|1246|2844|4433|7054|6774|7304|7325|3850|3950|850|7704|5094|1583|1429|2923|6708|860|2364|2982|5865|2962|4355|3765|7177|1819|405|5448|6584|399|3808|4458|2346|912|5879|5489|6739|909|5166|5666|750|7180|3341|1829|945|1006|6871|1436|6086|5598|3082|218|3556|6391|2622|5214|4277|3336|5624|362|6507|1979|2689|1137|197|3029|7649|36|1724|6600|3295|947|6865|1639|1965|1467|5483|67|4358|7204|7021|1948|2236|5419|322|1481|6828|403|2981|6487|3020|4286|7064|8098|475|5083|7848|6253|3923|1478|632|3436|1499|8023|1230|6902|3679|1835|5874|2868|125|6186|239|4485|7506|3795|1785|129|7943|6477|6900|1194|3359|1276|7386|3288|1582|684|7035|4772|119|7956|1506|2660|1626|3283|2553|3835|1332|4306|1726|2008|203|7477|1579|3552|220|4663|8311|8043|2897|4246|5465|6986|2969|2847|6043|7061|2857|4075|6912|7462|986|4013|1722|4129|7264|6830|5732|1388|3504|2422|5386|6122|3724|4899|6468|7392|7092|7947|6621|4438|3075|6482|8085|2394|1719|3924|7629|7739|2362|6626|3771|2399|6554|7320|1922|8309|6373|7880|6663|7984|3930|2748|8315|3549|8217|6953|4081|6901|6354|6894|5733|6760|5914|7238|1695|1169|3655|6397|4615|3271|2734|255|4585|5077|5831|2498|5522|2788|6634|4769|595|92|6781|1945|7935|3471|3627|8205|3938|1272|7192|1899|7917|7989|3382|195|3704|2196|2278|6467|1480|2476|2523|3094|7727|2409|3263|4042|89|128|8137|1066|2134|8190|2087|2275|1269|4001|924|6997|4405|3329|1029|6306|5798|2780|23|654|137|1500|3787|7012|5708|4501|7100|45|7860|6948|5653|5690|8006|5058|7585|2096|5157|4088|2620|7760|2253|7011|5941|8223|1348|3175|803|5658|7794|5303|4990|2885|8193|1327|8046|5529|3956|2764|1527|6619|6316|3269|4016|3860|7247|5983|2|5900|4734|1602|3987|7168|5019|5827|807|6096|3256|5805|3171|3391|748|1646|7587|7755|2996|2919|5228|7143|7792|4844|1345|1572|7339|4020|5493|6075|7895|6485|3059|4353|7172|3622|6340|201|484|2473|5008|2179|2977|6586|2416|3042|3066|7255|471|7952|7686|5922|4940|6866|1049|3298|4710|8004|7577|749|6236|4547|3568|3984|7268|3001|3204|7645|7603|5392|5772|4878|7085|3176|2590|6876|6208|3155|1611|1610|4786|8215|6153|1164|5364|4396|306|7489|4654|411|5802|1457|4838|5637|2709|5716|3497|660|5251|4035|5209|2560|6328|1547|3050|620|1325|307|4885|6427|5454|1252|7634|1526|5488|6|8163|3869|7196|146|6176|1596|2861|2562|7971|6163|3804|5455|708|8013|1408|1201|653|4096|1354|4122|6216|5796|6991|6406|3631|6303|1712|950|4146|7069|4437|681|5361|2119|2761|679|6381|6169|4213|410|7584|7678|3091|2398|8248|6570|4036|3667|1926|1904|2206|6365|3116|6762|823|6082|287|5962|5669|4210|851|4604|1216|4597|4467|7568|705|1627|7446|6983|3591|1791|4528|3454|7834|3498|7784|5928|1371|2033|39|1820|7789|2956|5184|2104|1372|7833|1469|7412|3912|2466|4778|5835|1119|3586|8066|7427|2872|6728|4056|5629|3654|5153|3143|372|7074|4985|4551|4135|6799|1281|6048|5479|4655|7321|1362|1689|4848|7771|578|4217|2016|4927|6706|3861|1333|7436|1730|7154|5769|1769|8263|2412|2873|5742|8047|7748|7095|3334|5221|1535|5540|2035|4865|6150|4595|7418|186|3525|4411|7613|4154|5239|846|6425|7858|3117|6475|3002|1880|8159|5555|6682|4182|8154|7892|2457|6515|6411|7393|2807|7638|6862|7089|973|5170|1654|3607|1042|4491|120|888|3170|8256|5134|3581|7512|3392|314|47|431|4471|8050|8155|6735|2547|8034|3882|7179|887|5007|5152|5304|761|7817|4708|6571|449|5265|4369|2728|1218|2097|3302|5414|4643|7857|1038|5931|4099|4909|6287|1374|4331|118|8074|6344|1706|2114|6849|34|3560|7107|2080|7974|7780|3709|6363|4084|2150|758|4380|1651|864|5478|6044|5461|4665|5400|6141|2057|7713|6884|1222|1005|605|7195|5459|7555|7448|1733|6241|828|4917|2248|5217|145|3485|172|2283|6737|7569|1640|6807|6235|6988|918|5009|6462|319|7932|855|5131|1105|3868|253|1943|2706|6061|718|3880|6970|6660|3547|3102|8282|7658|6254|861|7388|5090|6423|6617|4816|2614|2987|5782|84|300|3266|6506|4008|5783|2042|6473|1141|6940|1787|7450|1198|2886|2102|1116|7044|2175|5809|1539|6820|7475|6386|5846|6348|5596|6142|7481|4934|2012|621|853|6081|4842|5224|3431|2894|6226|2190|5545|5951|4723|3973|2513|321|1052|6742|3015|4681|4300|6195|5256|6819|3055|6704|6071|830|3871|4021|3254|3847|8220|3630|3212|4951|2027|672|2985|7258|4228|7770|3259|5475|1995|1903|2178|1700|7394|6852|7723|1176|8201|5236|7756|242|3110|4671|6599|7067|6321|4268|2383|8312|3248|7902|1607|6063|1298|2059|5420|7566|1413|2205|4233|6778|5376|598|402|2972|5460|7903|727|6209|1670|131|27|208|376|1037|4259|6740|1420|3125|1391|2331|2116|2686|1013|4946|4568|4969|2508|5681|3937|8017|1444|6628|2329|2322|2400|1536|5558|5523|2849|7129|6625|4720|3144|6451|7024|3729|5401|6463|3097|4487|7494|4273|533|5164|398|2456|3760|4476|5749|2580|514|2636|7101|4882|72|1120|2239|6512|6371|1839|5137|6751|2712|8174|4666|4894|1581|7286|4782|2705|7744|6614|1202|5817|7053|1039|3647|5623|4205|6827|5829|2109|6934|7954|3161|4945|5714|4465|348|2937|4361|5969|5047|4319|6093|3786|279|8278|633|3037|4570|7523|8289|833|1459|7015|4024|6989|4511|1553|5145|4171|2957|3788|3416|5930|5406|3322|106|378|8258|7758|5723|7013|3611|3596|2743|3521|440|649|1411|2423|7443|6070|6749|5480|2158|7217|5252|1690|7161|6356|1421|759|7683|5504|5554|5467|8138|1484|7659|2448|2549|4072|3595|6657|2280|6932|7701|1657|2477|8266|5832|1|867|6387|1843|5096|6529|2226|5111|2594|71|1001|5615|3378|3492|3222|4866|5736|1513|3|5165|3722|1473|2934|395|3405|4505|1199|8313|1195|7514|2217|1921|7708|7575|4958|5061|6272|1100|4308|6823|5472|3520|920|8041|3103|367|2443|6568|5601|4065|505|1133|3633|5292|3250|7178|524|7782|3502|3348|229|5652|1000|3519|4762|7265|2891|3304|4051|591|1036|3145|1967|7693|1997|4725|4707|3893|1913|1560|2913|4196|6661|6201|1108|537|1284|3065|3961|5028|6005|465|7595|2063|3126|2700|3321|8039|1860|7460|5499|3299|2571|161|7865|2528|1050|42|2355|485|2483|3294|3896|799|2276|5663|7734|5371|7810|6905|3424|6160|2194|7289|3610|754|5539|2365|232|4639|284|5117|7862|6945|5302|1012|3685|988|3148|4914|3076|7482|8060|1679|5092|5087|3530|2993|286|7517|5178|6647|6745|3758|3100|4827|5661|610|7113|1877|7389|2053|4601|4706|4868|3604|5273|6959|6560|7274|1951|4350|451|6920|2255|1834|6228|2142|3506|7856|2766|4533|4316|5771|5673|2997|97|7949|3105|7872|1962|5393|943|3368|1861|5887|6835|8105|509|5649|4535|8281|2524|1893|880|3678|3577|2435|4473|2198|768|6550|5342|7746|3996|3778|1376|5383|4577|7453|2335|5996|5695|3272|7694|8133|7709|2307|3541|4077|4392|2663|7664|6243|8|1115|4821|6627|4830|2461|4732|2304|2910|2291|2796|1266|6443|3398|4145|3274|5556|21|4420|7631|6369|7315|5734|7779|292|6707|4942|1171|6904|5337|1814|17|3043|3303|2262|2010|126|453|6210|2773|7888|3793|3413|4310|1717|3427|6284|1632|2127|3481|716|1358|6068|4301|5717|4448|7791|4167|6782|3955|7726|8061|1335|6542|4364|2086|5801|6574|3841|2442|6690|6697|6563|6415|5006|4871|544|5205|739|637|7923|8181|6234|3333|6992|3928|5171|890|616|4531|3388|6994|7896|907|8295|1511|4794|6786|2971|1018|1466|793|5445|7342|4964|5925|251|4441|183|1353|3264|992|3167|7141|5684|2166|6109|5436|7975|263|7955|6531|3989|2113|5451|2805|4106|2256|3970|7563|7186|417|777|5471|3904|141|5883|2722|2107|1489|923|4092|33|7159|5877|7235|2516|2105|8272|4779|4613|1868|450|1853|4612|3373|3876|3354|4759|6384|915|901|1955|6996|5316|5428|7118|546|5411|1061|3323|6556|6911|4377|1768|3258|3356|3517|6173|1933|5218|5457|5388|1193|983|2124|3737|4619|2654|26|5397|4872|1887|2141|2548|6712|1652|2530|1795|8183|5266|7527|7946|4180|2879|6304|6775|8250|1060,22|115|157|84|76|100|134|58|41|16|143|167|29|0|27|127|4|141|171|175|74|87|145|117|163|43|1|169|72|91|79|42|31|130|137|159|90|101|129|173|17|106|14|131|155|45|99|121|133|63|89|65|86|75|103|170|5|33|161|44|81|119|150|158|73|172|19|85|147|168|10|28|51|116|2|46|122|146|3|21|59|18|35|30|113|128|132|135|15|77|92|56|104|142|109|88|32|108|47|49|9|48|94|144|66|151|160|61|78|60|118|64|6|34|7|174|105|93|98|176|162|62|80|8|23|20|57|136|148|50|149|107|156|164|114|67|24|82|96|138|25|125,2|7|11|12|14|15|17|19|20|25|28|30|31|34|39|40|41|43|50|56|57|58|63|64|66|67|68|70|71|73|80|82|92|93|98|99|101|102|103|104|105|106|107|109|110|114|115|116|118|121|123|125|127|131|132|133|135|137|141|147|153|154|158|161|162|163|165|166|168|170|172|174|175|176|177|179|181|184|186|187|188|191|192|195|196|199|200|201|204|206|209|213|214|219|220|223|225|226|229|232|236|237|239|241|242|244|247|248|252|253|255|256|259|260|261|265|266|269|270|274|279|282|284|285|288|289|292|293|296|298|299|302|304|305|307|311|316|319|320|323|324|325|327|328|332|333|334|335|336|337|339|343|344|346|347|348|349|355|356|361|362|365|371|378|383|384|389|390|391|392|393|394|397|398|399|404|407|409|412|413|416|417|419|422|423|424|429|435|438|439|440|441|442|444|446|452|456|457|459|460|461|462|463|464|467|469|471|472|473|474|476|478|481|486|488|489|491|502|503|506|508|510|512|518|519|521|525|526|527|531|538|539|541|544|546|547|548|551|553|554|556|558|560|561|565|569|570|583|585|587|588|590|594|595|597|598|601|603|605|607|608|610|611|615|618|620|622|624|626|627|630|633|636|637|640|641|644|646|647|652|653|654|657|659|667|670|671|672|677|680|682|685|686|687|688|691|694|696|698|699|701|702|703|704|705|707|709|711|712|713|714|716|717|718|721|728|729|730|732|735|736|738|739|740|752|757|759|762|763|767|768|769|771|773|774|775|776|777|779|783|786|789|792|800|802|805|806|812|813|816|818|824|834|839|841|846|848|849|851|854|856|857|860|861|866|868|869|871|872|873|880|883|888|891|895|897|898|899|900|901|904|905|907|909|911|912|915|919|920|921|923|924|927|928|929|930|932|933|935|937|938|942|944|945|947|949|950|951|953|956|957|962|963|964|969|973|974|975|979|980|981|985|986|990|991|994|1000|1001|1003|1004|1005|1009|1010|1012|1013|1016|1019|1020|1022|1027|1028|1033|1034|1035|1039|1043|1045|1046|1053|1056|1062|1067|1074|1075|1078|1082|1083|1084|1085|1086|1088|1093|1095|1096|1097|1098|1099|1100|1102|1104|1105|1108|1112|1115|1117|1118|1119|1120|1123|1126|1127|1131|1135|1142|1143|1145|1148|1155|1160|1165|1168|1173|1176|1177|1179|1180|1181|1183|1186|1187|1189|1190|1191|1192|1193|1195|1196|1198|1202|1204|1207|1210|1211|1219|1220|1221|1223|1226|1228|1235|1236|1239|1241|1242|1243|1245|1246|1248|1251|1252|1253|1254|1255|1258|1260|1261|1263|1267|1269|1270|1271|1276|1277|1280|1281|1282|1284|1287|1295|1299|1301|1311|1313|1319|1321|1322|1323|1325|1327|1332|1340|1341|1343|1346|1349|1350|1352|1354|1355|1358|1361|1363|1365|1369|1370|1372|1378|1381|1384|1390|1393|1398|1401|1404|1406|1408|1410|1411|1413|1417|1418|1420|1421|1425|1428|1429|1430|1432|1438|1440|1443|1447|1451|1453|1454|1456|1457|1459|1460|1463|1464|1465|1469|1471|1472|1480|1482|1484|1485|1486|1488|1489|1491|1494|1495|1496|1498|1499|1500|1501|1502|1503|1504|1508|1510|1512|1520|1523|1525|1532|1535|1537|1541|1543|1544|1545|1547|1550|1552|1553|1554|1557|1558|1562|1565|1567|1571|1573|1575|1580|1584|1586|1589|1590|1591|1593|1594|1595|1599|1602|1609|1611|1613|1614|1615|1616|1621|1632|1633|1634|1635|1636|1637|1638|1639|1643|1647|1650|1652|1657|1660|1661|1662|1663|1664|1666|1670|1671|1674|1681|1683|1690|1691|1692|1694|1698|1699|1700|1702|1704|1705|1706|1708|1709|1710|1715|1717|1719|1721|1722|1723|1725|1726|1728|1731|1733|1734|1735|1737|1740|1741|1744|1747|1752|1754|1759|1760|1761|1765|1767|1768|1775|1776|1778|1779|1782|1783|1785|1786|1787|1789|1792|1795|1798|1801|1802|1804|1806|1809|1813|1814|1818|1819|1820|1821|1822|1824|1825|1827|1829|1830|1833|1835|1836|1839|1840|1842|1853|1855|1859|1860|1863|1864|1865|1866|1871|1873|1875|1876|1877|1879|1882|1883|1884|1885|1888|1891|1894|1898|1900|1902|1905|1910|1911|1912|1917|1918|1919|1925|1928|1929|1931|1932|1933|1937|1938|1939|1940|1943|1947|1948|1950|1952|1953|1957|1961|1962|1964|1968|1972|1973|1975|1977|1979|1980|1981|1986|1988|1989|1990|1992|1994|1995|1996|1997|1999|2000|2001|2003|2005|2007|2008|2009|2013|2016|2025|2027|2028|2029|2030|2034|2037|2043|2045|2046|2049|2050|2051|2058|2059|2061|2063|2065|2067|2071|2072|2073|2075|2085|2088|2092|2094|2096|2097|2098|2099|2102|2103|2108|2109|2110|2111|2113|2123|2127|2128|2133|2134|2137|2139|2140|2141|2143|2146|2154|2155|2157|2159|2164|2167|2171|2173|2178|2180|2181|2186|2187|2188|2189|2190|2193|2195|2196|2199|2200|2202|2203|2204|2205|2207|2208|2209|2210|2211|2212|2214|2219|2227|2229|2230|2232|2233|2237|2241|2243|2244|2245|2246|2248|2251|2252|2253|2255|2257|2259|2260|2261|2262|2264|2265|2266|2268|2269|2276|2278|2279|2280|2285|2291|2296|2298|2299|2301|2302|2315|2316|2318|2320|2324|2325|2332|2346|2347|2349|2350|2352|2355|2356|2358|2360|2366|2369|2371|2372|2378|2379|2381|2384|2387|2388|2390|2391|2393|2395|2398|2400|2401|2402|2403|2405|2406|2407|2412|2413|2414|2416|2417|2418|2419|2422|2423|2424|2425|2430|2431|2439|2454|2462|2464|2465|2466|2467|2473|2477|2478|2480|2481|2482|2485|2486|2487|2490|2491|2492|2497|2499|2502|2503|2507|2510|2511|2512|2514|2518|2519|2521|2523|2524|2525|2529|2532|2547|2548|2550|2554|2556|2559|2561|2562|2564|2565|2569|2571|2573|2574|2577|2583|2584|2593|2594|2595|2597|2598|2603|2604|2605|2607|2608|2610|2612|2613|2616|2617|2618|2623|2624|2626|2631|2633|2637|2642|2646|2647|2648|2649|2650|2653|2654|2656|2657|2659|2660|2662|2663|2665|2666|2668|2671|2672|2674|2676|2680|2681|2686|2688|2689|2690|2693|2694|2696|2699|2700|2708|2713|2716|2718|2719|2722|2724|2725|2732|2734|2735|2737|2738|2739|2741|2744|2752|2754|2756|2760|2761|2762|2764|2765|2766|2770|2772|2774|2776|2778|2779|2786|2788|2789|2791|2795|2796|2799|2801|2806|2807|2813|2816|2819|2822|2824|2827|2828|2833|2835|2837|2838|2840|2842|2846|2849|2850|2854|2855|2858|2860|2861|2865|2866|2867|2871|2872|2876|2877|2880|2882|2885|2887|2888|2889|2890|2891|2897|2898|2905|2906|2908|2909|2912|2913|2914|2918|2920|2921|2922|2926|2930|2934|2935|2940|2941|2942|2946|2951|2952|2955|2960|2966|2967|2968|2969|2970|2971|2972|2973|2974|2976|2978|2982|2985|2986|2989|2991|2992|2993|2997|3001|3004|3007|3008|3011|3012|3014|3023|3024|3025|3026|3027|3029|3030|3031|3032|3036|3041|3044|3045|3047|3048|3051|3054|3055|3058|3064|3075|3078|3080|3081|3082|3086|3087|3088|3091|3092|3094|3096|3097|3099|3108|3110|3111|3113|3114|3117|3118|3121|3123|3124|3125|3131|3133|3135|3139|3140|3142|3143|3144|3145|3146|3148|3150|3151|3154|3157|3158|3164|3166|3167|3170|3174|3177|3184|3186|3189|3191|3192|3196|3203|3205|3206|3207|3209|3210|3212|3213|3215|3216|3218|3220|3221|3223|3224|3226|3230|3233|3234|3236|3237|3238|3239|3240|3242|3245|3249|3252|3254|3258|3261|3263|3264|3265|3266|3267|3269|3270|3271|3274|3277|3282|3283|3285|3287|3289|3293|3295|3296|3297|3299|3300|3302|3306|3311|3312|3313|3314|3316|3320|3322|3323|3326|3327|3328|3329|3330|3332|3336|3337|3340|3343|3349|3350|3354|3356|3357|3360|3361|3363|3364|3370|3372|3373|3377|3378|3381|3382|3383|3384|3385|3393|3395|3396|3398|3399|3403|3407|3413|3414|3415|3416|3417|3419|3423|3424|3429|3430|3431|3434|3435|3436|3438|3439|3441|3443|3445|3446|3447|3449|3450|3451|3455|3456|3457|3458|3459|3460|3461|3464|3465|3466|3471|3474|3477|3479|3480|3481|3485|3487|3490|3491|3492|3494|3495|3496|3499|3500|3501|3504|3511|3512|3513|3522|3523|3527|3528|3529|3530|3532|3541|3542|3543|3544|3548|3550|3551|3552|3556|3557|3561|3562|3563|3567|3568|3569|3570|3571|3574|3575|3576|3578|3584|3587|3588|3590|3591|3593|3601|3604|3605|3610|3614|3616|3618|3620|3621|3622|3623|3624|3630|3631|3635|3638|3640|3644|3645|3647|3648|3650|3654|3655|3656|3658|3659|3660|3664|3665|3669|3670|3671|3672|3673|3674|3675|3677|3679|3681|3682|3683|3684|3686|3689|3690|3695|3696|3703|3705|3707|3709|3713|3716|3718|3720|3721|3722|3723|3724|3727|3728|3731|3732|3734|3735|3736|3742|3743|3747|3748|3749|3752|3753|3756|3758|3759|3761|3765|3767|3779|3781|3784|3786|3789|3792|3793|3794|3795|3797|3798|3799|3802|3804|3807|3809|3813|3815|3816|3817|3818|3821|3824|3825|3828|3831|3833|3836|3838|3842|3843|3846|3852|3854|3857|3862|3865|3866|3869|3875|3876|3877|3881|3882|3884|3886|3887|3888|3889|3891|3894|3895|3898|3900|3901|3902|3904|3905|3906|3909|3910|3919|3920|3922|3925|3926|3929|3930|3933|3934|3935|3936|3937|3939|3940|3942|3946|3948|3952|3954|3962|3965|3967|3968|3969|3970|3972|3974|3977|3978|3979|3980|3981|3983|3985|3986|3988|3992|3993|3994|3996|3999|4000|4001|4005|4008|4011|4014|4015|4016|4017|4021|4022|4026|4027|4028|4029|4035|4036|4038|4040|4041|4043|4046|4047|4049|4051|4052|4054|4062|4063|4068|4072|4078|4079|4080|4086|4089|4091|4092|4093|4095|4100|4101|4102|4104|4108|4110|4115|4116|4118|4122|4125|4127|4128|4129|4132|4138|4139|4140|4142|4144|4146|4152|4153|4158|4168|4170|4171|4175|4182|4183|4184|4187|4189|4194|4199|4200|4201|4203|4204|4205|4207|4210|4216|4217|4222|4223|4225|4228|4229|4231|4235|4237|4242|4244|4245|4246|4256|4258|4259|4261|4262|4263|4264|4267|4268|4269|4272|4273|4282|4286|4287|4288|4289|4290|4291|4294|4295|4296|4299|4302|4303|4306|4307|4308|4310|4318|4320|4322|4330|4333|4334|4335|4338|4339|4344|4347|4350|4351|4353|4357|4358|4362|4366|4369|4370|4372|4373|4375|4376|4380|4384|4391|4392|4395|4398|4404|4405|4415|4417|4418|4421|4422|4426|4428|4430|4431|4433|4434|4439|4441|4445|4446|4447|4449|4451|4452|4453|4454|4455|4457|4459|4460|4462|4464|4469|4470|4472|4476|4478|4481|4483|4486|4488|4490|4493|4494|4498|4499|4501|4502|4503|4505|4506|4509|4510|4512|4513|4521|4523|4528|4530|4531|4532|4538|4539|4541|4543|4545|4548|4553|4555|4556|4560|4565|4567|4570|4571|4572|4573|4574|4576|4577|4578|4580|4584|4586|4588|4589|4591|4593|4597|4607|4608|4612|4613|4614|4618|4622|4623|4626|4627|4630|4631|4632|4634|4635|4637|4638|4640|4643|4646|4648|4651|4653|4655|4656|4661|4664|4665|4668|4669|4671|4674|4675|4681|4682|4684|4687|4688|4690|4693|4694|4695|4698|4702|4703|4705|4713|4716|4718|4722|4723|4725|4727|4728|4732|4735|4736|4738|4739|4741|4744|4745|4747|4750|4752|4755|4760|4763|4765|4767|4768|4772|4774|4775|4776|4782|4783|4785|4787|4795|4796|4799|4800|4803|4805|4810|4812|4813|4814|4815|4817|4819|4824|4827|4828|4830|4832|4835|4836|4838|4839|4841|4842|4845|4847|4848|4850|4857|4858|4859|4860|4864|4867|4870|4871|4872|4873|4874|4875|4878|4879|4881|4882|4884|4886|4888|4889|4890|4892|4895|4896|4898|4900|4901|4903|4906|4907|4908|4909|4911|4912|4914|4916|4917|4924|4926|4927|4930|4931|4932|4936|4940|4941|4943|4944|4945|4946|4949|4951|4957|4959|4964|4966|4968|4972|4975|4976|4982|4989|4998|5000|5002|5004|5006|5008|5013|5014|5016|5022|5023|5026|5027|5031|5033|5035|5036|5039|5040|5042|5043|5044|5045|5047|5049|5053|5061|5064|5065|5066|5069|5071|5072|5073|5075|5076|5080|5091|5093|5095|5101|5104|5106|5107|5108|5109|5114|5123|5125|5126|5128|5129|5130|5133|5136|5137|5140|5145|5147|5151|5152|5156|5157|5158|5160|5161|5163|5164|5165|5167|5168|5171|5172|5173|5175|5176|5179|5180|5184|5188|5191|5194|5196|5201|5203|5208|5209|5210|5215|5216|5217|5219|5220|5221|5223|5229|5234|5235|5239|5240|5241|5242|5246|5247|5248|5251|5256|5258|5260|5263|5264|5267|5275|5276|5278|5280|5281|5283|5284|5288|5295|5300|5301|5304|5307|5311|5313|5314|5315|5318|5319|5320|5321|5322|5323|5324|5325|5326|5327|5332|5336|5337|5340|5349|5350|5351|5355|5357|5359|5362|5368|5370|5371|5372|5373|5374|5375|5377|5381|5383|5385|5393|5394|5395|5397|5398|5399|5400|5402|5403|5404|5405|5408|5410|5414|5416|5417|5435|5436|5440|5442|5445|5446|5447|5448|5450|5453|5454|5455|5456|5460|5461|5465|5471|5475|5476|5480|5481|5484|5485|5488|5493|5495|5496|5498|5503|5504|5506|5511|5512|5513|5514|5522|5523|5525|5527|5532|5533|5534|5536|5537|5543|5545|5549|5550|5552|5554|5556|5560|5565|5566|5574|5575|5577|5584|5591|5594|5595|5598|5602|5606|5612|5613|5614|5615|5617|5619|5620|5622|5623|5627|5628|5631|5633|5634|5635|5636|5637|5639|5641|5646|5648|5651|5653|5660|5665|5666|5667|5669|5671|5672|5673|5674|5678|5683|5684|5686|5689|5690|5692|5700|5701|5703|5706|5709|5710|5711|5713|5717|5720|5724|5725|5727|5733|5736|5738|5739|5741|5743|5744,27.091549295774648,True
instance_0007.txt,smaller_multi,1456,136,1255,3881|4038|3637|4138|8250|3592|710|119|2114|1077|1605|7109|3639|7546|5488|794|5209|2903|2561|5213|5949|8267|2645|1065|5852|4204|2086|2198|2520|6127|2113|1527|2861|4195|6250|1726|8233|2763|763|4577|150|6850|6336|2761|5438|127|1747|351|32|5988|4736|3418|4484|1301|5884|4341|1757|3736|860|4935|3633|8228|2991|7315|4594|5548|6707|652|3006|7142|3087|3483|6857|5207|4165|5124|7770|4442|7447|1789|6389|2992|8198|1481|4629|3700|4022|3254|7757|7991|997|6419|3993|7052|3892|2986|4159|6880|250|203|3579|919|3036|4663|5687|76|1602|5314|3414|5540|5069|4884|5292|5017|4617|5358|393|3470|1667|348|513|3048|6692|4821|6694|300|750|2629|5166|3961|65|1293|7374|1434|7135|1750|1814|6340|7503|2055|6598|6414|4113|1393|5725|2893|7349|5363|5006|7545|5593|3788|186|3264|366|5473|6922|3546|6502|5104|3464|1247|68|2341|9|7547|6160|7325|7092|275|5367|1361|4877|7807|7570|5941|5908|5904|338|7187|2014|6157|1173|6767|5730|7137|419|5026|4086|6914|8038|4570|335|4984|945|6380|2936|3674|7370|6138|3813|3900|6401|4875|49|5633|4838|133|6229|1386|5632|4135|122|4777|187|1192|7787|5862|7094|2593|3077|6875|6654|7810|4739|2057|7360|403|8319|5436|5282|3938|6782|2662|371|3831|2877|527|830|656|3560|4292|3901|2226|1210|3701|3594|2539|6634|6989|1165|5278|3391|4860|6398|2768|3655|5667|3629|7118|7538|11|6758|7171|1366|1813|4483|2944|4520|4197|6801|2797|7575|6118|5671|5663|5693|6040|5286|3873|3666|1760|459|8261|2363|4630|6086|4251|4393|5973|5458|4686|2394|5237|1433|7069|1180|2904|5499|5070|1960|6487|6976|3556|1222|2802|5951|1557|4425|1985|4129|3811|4065|6211|2687|3861|4579|743|536|7397|1837|6382|2632|2183|7363|3955|4264|8257|6727|4932|5073|7219|7515|4798|7961|2084|4454|4876|1618|4488|7478|1081|4205|8086|2460|8165|2515|979|3442|8114|3422|6635|8231|7887|4177|3783|5537|5700|4733|4260|7366|7253|4061|4692|5792|6761|5406|6778|1209|5838|2003|779|7567|1745|495|7723|1951|5287|7343|413|3286|4142|2907|1582|4535|927|7126|8009|383|6785|849|6572|5668|8058|6280|3296|3227|3315|5221|2820|2723|8229|3635|4328|1096|6527|3761|5619|137|2386|1029|4588|7607|594|1773|1603|1928|7783|8279|2914|4888|1619|1710|2326|2169|6563|7292|5077|7565|4824|7107|6738|968|6364|762|1720|2452|1277|6297|5098|6559|5240|8214|3681|938|6656|7704|5311|3008|4748|375|5981|4809|7010|5089|5603|6941|3068|5527|6640|6204|3053|7409|1552|345|2469|3823|6126|2833|5922|1066|2642|2493|3795|6956|465|1662|5049|8043|718|969|2760|7468|1072|1427|5103|3508|6578|2496|7076|2596|6002|6195|4820|4735|6769|7660|2025|2624|3807|2653|1922|4249|6662|6304|3793|6917|912|4164|7516|6870|5851|3834|2029|5045|4233|291|3722|6315|7028|5196|4096|398|2026|1807|4786|4276|628|7167|4990|4546|6983|729|8174|6199|7035|4037|2692|3359|6278|4738|5674|4104|7377|1884|455|2878|3469|946|5547|6071|7157|328|2486|1777|3457|1830|3735|3007|505|1220|5143|522|6748|6021|7011|7412|5181|245|6448|6858|3224|1649|1970|583|6193|470|3588|8171|7632|7693|2302|4796|4080|5871|7128|910|5138|3714|2343|3238|7915|6501|6148|4316|4557|8242|359|364|4043|4345|1437|2218|1787|1668|2108|7220|4192|7264|4084|2691|4125|8084|7846|478|2063|5308|5318|6292|6777|3057|2845|7756|5506|6287|6402|858|4011|759|477|2843|5470|6143|4449|2056|6316|5523|1728|5818|2163|6134|2840|4194|6010|2508|7732|1678|5088|1854|6819|7273|2866|6323|5429|8148|4823|509|1723|5675|479|1599|4443|4677|235|1308|4702|7883|894|7982|3239|4730|5719|2979|5804|4937|1628|4196|7084|4606|7587|3866|2261|2999|2745|6215|3719|4330|1593|5790|2628|8172|5676|7078|153|8013|7945|1118|4555|233|1248|6246|3862|8152|1555|1766|7826|4098|5066|226|2643|1058|5765|5140|6606|6573|7086|8302|1729|7884|4643|944|3489|5516|131|108|5967|7003|3534|570|7175|6533|5626|488|7495|4478|277|2243|3742|657|863|6759|1921|3111|6926|6101|6963|6659|3685|6210|165|7323|598|1315|2885|2382|3619|7876|515|6438|6421|791|5980|7600|7849|3156|520|169|95|397|5011|5858|310|2805|4880|6490|6090|8123|4919|5118|7792|1005|7637|3143|5996|5945|6731|5638|7814|4650|3203|4552|3978|671|7812|602|6771|4102|6343|3517|3516|6562|4626|3927|1496|3402|6550|6177|3539|7709|5504|326|2357|609|6284|4756|3347|2884|6334|5572|6404|6943|7362|3230|6962|4044|167|563|2615|6638|5925|1411|4845|7979|5739|2529|6564|2892|2759|35|7659|4872|4987|1261|3467|1303|5426|4554|3207|198|4476|3792|420|7461|7383|4673|4787|4593|786|5720|6463|5079|5666|7031|3602|1415|6350|1239|3826|6580|6887|240|2563|3110|3374|5157|2764|6884|692|7980|3842|1047|7978|3352|3851|6422|1139|7263|5567|6124|7514|4274|261|78|8296|3487|7020|4117|4198|1962|5788|1512|6620|4175|6671|6847|4621|1925|7485|3102|1967|2857|3170|2608|7246|4724|2067|6031|4893|5350|638|5702|7879|7566|1187|4176|6282|6593|3493|1092|87|6610|6477|7262|1490|3954|3375|5169|1417|4526|8285|6476|1877|1311|5975|3157|84|1052|5517|3711|2329|1736|3871|2466|293|853|3687|3028|5752|7794|1425|6551|6541|7134|7525|7926|3582|2070|2121|6873|7873|3061|6444|6128|4532|5708|2813|6515|5933|907|6285|3863|4386|7741|4306|7609|8248|5244|2040|566|58|7773|5333|1482|1898|432|7336|1009|2831|2124|3181|1444|3325|3202|5779|2527|6849|1505|7229|684|3519|6670|4217|8263|2399|3796|1673|3337|469|74|3276|1452|6783|4224|629|6175|2793|4255|7882|5566|1035|1328|6800|1255|6981|4863|138|7584|142|6912|1939|2950|6005|7100|1150|2322|1387|4660|2081|2862|2180|711|1117|1304|5357|1840|6360|2537|1193|6046|3768|1121|5627|5094|1920|1526|3118|5533|3350|1722|4319|5832|1698|3486|5122|3106|7376|7502|2165|8153|6630|4830|685|5526|7592|4725|3832|7318|4558|2448|6923|101|483|8026|4017|3426|7712|4515|2111|3574|1186|3339|1804|7293|7718|6242|6332|4972|457|2654|6736|604|5538|4740|562|1076|3577|1945|453|686|3066|174|6735|1579|683|6942|5954|2963|6162|7742|4212|1374|1530|7531|1107|4445|961|5545|3147|121|556|4296|1212|1285|7931|4413|4758|5751|3996|847|6712|1254|3082|3093|5372|5901|6314|1470|4213|7569|5131|5968|5511|8040|1289|5827|5225|3821|3323|7784|4370|4934|1596|7822|2284|1666|6554|256|5228|977|3626|5993|6722|4694|5970|854|1626|3384|8131|2588|3916|2041|4472|2272|5989|6119|5002|1620|7335|817|6872|1331|6445|1195|2115|6313|955|6154|2379|679|3495|8220|3548|7210|3580|1827|6415|941|4551|6015|8136|2137|5243|1730|620|2769|3329|1546|5919|885|232|5078|4940|1799|6237|4106|1640|3067|1306|7395|1655|3912|2454|5697|510|6684|7082|4023|7079|7347|7657|5341|5416|6468|369|2918|4856|1410|8219|3251|2888|1888|6935|3708|3448|1587|3598|4763|4168|2434|3798|47|3473|1506|4429|7872|207|4332|3346|1397|287|6802|352|4444|2066|7280|993|5776|5736|2879|5187|5551|113|5976|3819|1609|5791|7321|6846|6628|5063|2649|5294|2148|6281|1538|8161|6984|5512|3100|2704|4388|3781|2484|1657|4407|1095|4055|431|3358|6466|1612|7875|5738|5816|6921|6867|5610|3554|3640|8205|2987|3835|1917|5930|6202|7451|1299|7667|4704|8304|6961|1488|7237|297|7140|3395|1169|568|3668|1969|3686|1201|2548|1002|1665|975|7521|26|1438|3124|4436|7386|7421|6611|8074|83|3545|7195|5018|1484|7633|7441|8200|6349|2842|7072|4031|3844|7024|6372|7490|4001|3342|5239|6296|7604|6096|6149|7513|3953|1927|5837|5850|1839|204|4547|7724|7129|6363|5374|1893|2854|1660|4052|3785|3606|639|1727|2337|1392|1842|1616|3166|564|6337|6827|2036|1525|3806|5323|6744|1184|471|6542|3343|5974|3984|5417|4807|1439|4834|7238|1832|502|2578|7913|7668|4415|5658|382|2208|5684|8051|7148|6443|7278|6780|5168|7908|2090|7185|1473|4467|2749|8299|8290,134|22|115|81|1|143|163|10|86|91|72|17|20|90|155|175|63|131|84|109|31|129|147|172|88|122|9|78|27|168|4|24|74|2|73|106|158|76|133|42|135|150|0|146|89|101|6|41|85|151|171|46|105|35|75|14|28|44|79|65|30|87|164|137|18|142|61|160|173|5|45|167|16|77|100|19|67|99|121|162|174|29|58|60|114|141|21|80|130|132|159|170|49|62|127|57|113|116|156|169|32|43|51|117|119|23|48|56|94|103|104|108|125|148|157|161|12|92|128|149|3|15|33|40|47|66|98|8|59|93|97|107|118|144|145|176,1|4|10|14|21|25|39|43|57|58|62|66|68|69|77|80|83|93|94|98|99|106|111|114|124|134|137|141|147|151|153|154|156|162|168|169|171|178|180|183|184|187|190|193|196|197|202|214|224|226|227|231|232|235|243|244|249|253|255|256|261|262|267|273|276|279|280|281|294|313|319|320|324|328|333|337|351|352|357|359|360|362|382|390|393|400|404|405|413|414|420|424|438|442|445|446|459|461|476|484|506|508|511|512|534|546|548|551|553|560|565|568|570|573|580|581|584|594|597|613|616|618|621|628|632|633|640|641|642|645|649|650|657|660|661|663|665|667|675|680|685|691|711|714|717|718|722|728|731|734|737|739|749|752|758|760|769|770|776|777|780|782|785|787|791|794|797|804|809|810|812|817|818|835|837|842|848|851|852|854|856|859|865|882|884|901|905|910|914|920|921|925|928|945|950|955|962|967|971|975|982|983|991|998|1006|1009|1010|1011|1012|1019|1020|1024|1028|1035|1038|1040|1047|1049|1065|1069|1075|1083|1085|1086|1092|1099|1101|1102|1108|1110|1125|1131|1134|1136|1138|1146|1148|1155|1160|1163|1165|1169|1170|1175|1176|1181|1185|1187|1190|1192|1204|1205|1210|1211|1214|1220|1227|1234|1237|1239|1243|1246|1250|1256|1261|1263|1267|1268|1282|1287|1289|1291|1293|1297|1301|1311|1318|1322|1323|1328|1330|1334|1336|1343|1345|1346|1347|1351|1357|1359|1362|1378|1381|1384|1388|1390|1398|1401|1403|1406|1408|1410|1413|1415|1417|1419|1424|1451|1455|1456|1460|1463|1464|1467|1476|1483|1484|1486|1487|1494|1495|1496|1498|1503|1508|1517|1519|1522|1530|1538|1540|1541|1542|1544|1546|1550|1551|1553|1555|1556|1567|1569|1576|1584|1588|1589|1600|1606|1610|1611|1616|1620|1621|1631|1635|1636|1645|1648|1650|1652|1658|1660|1683|1691|1694|1696|1699|1701|1702|1704|1713|1718|1724|1726|1728|1734|1737|1739|1744|1747|1748|1755|1757|1758|1759|1762|1764|1767|1768|1771|1780|1781|1782|1787|1788|1802|1807|1810|1820|1821|1823|1824|1828|1830|1834|1842|1845|1846|1849|1854|1857|1859|1864|1865|1877|1879|1890|1897|1911|1921|1932|1937|1938|1943|1954|1956|1957|1968|1977|1979|1990|2005|2007|2011|2016|2029|2036|2048|2069|2070|2078|2082|2087|2091|2096|2099|2102|2110|2117|2118|2119|2123|2128|2133|2142|2143|2146|2148|2153|2154|2155|2159|2161|2167|2169|2171|2172|2176|2187|2192|2193|2195|2196|2197|2200|2201|2203|2204|2208|2213|2216|2227|2238|2241|2242|2243|2245|2247|2249|2259|2260|2261|2269|2276|2283|2285|2287|2290|2293|2294|2295|2307|2309|2310|2317|2318|2321|2327|2330|2336|2345|2350|2376|2381|2394|2400|2401|2404|2416|2419|2435|2439|2443|2453|2455|2456|2461|2464|2465|2466|2467|2470|2478|2479|2484|2503|2506|2507|2509|2511|2513|2514|2519|2521|2540|2544|2547|2554|2570|2575|2578|2579|2580|2589|2590|2591|2597|2599|2600|2601|2602|2604|2608|2610|2613|2631|2647|2649|2660|2663|2668|2673|2675|2686|2688|2697|2698|2699|2706|2712|2716|2722|2726|2734|2738|2744|2769|2770|2772|2777|2781|2787|2788|2791|2792|2797|2799|2801|2805|2814|2816|2824|2830|2831|2835|2843|2852|2855|2858|2867|2875|2884|2886|2897|2898|2902|2904|2907|2908|2910|2917|2925|2927|2928|2931|2932|2942|2943|2945|2950|2956|2959|2962|2972|2976|2979|2986|2990|2991|3005|3007|3012|3015|3025|3026|3029|3034|3035|3036|3042|3043|3053|3056|3059|3060|3065|3068|3069|3079|3093|3095|3096|3104|3108|3114|3121|3127|3128|3129|3136|3142|3146|3156|3158|3163|3168|3171|3177|3186|3190|3192|3198|3202|3204|3218|3221|3224|3228|3243|3247|3248|3253|3259|3260|3269|3270|3272|3280|3282|3284|3285|3286|3296|3299|3303|3308|3311|3321|3324|3332|3333|3334|3336|3339|3343|3344|3345|3349|3357|3361|3365|3385|3391|3398|3399|3403|3408|3411|3412|3413|3419|3435|3438|3448|3449|3450|3451|3453|3456|3460|3462|3465|3474|3483|3484|3486|3489|3490|3496|3497|3498|3510|3513|3517|3525|3526|3527|3528|3533|3536|3538|3542|3551|3554|3555|3556|3557|3558|3562|3563|3566|3570|3571|3572|3576|3578|3585|3587|3592|3593|3600|3614|3616|3619|3623|3624|3627|3628|3630|3633|3635|3645|3649|3650|3651|3660|3661|3662|3663|3664|3667|3668|3670|3675|3678|3679|3690|3701|3702|3708|3714|3717|3730|3731|3732|3733|3734|3741|3742|3749|3751|3753|3762|3765|3768|3771|3772|3784|3792|3795|3800|3802|3804|3810|3811|3817|3822|3828|3830|3831|3833|3836|3842|3843|3849|3852|3854|3863|3864|3865|3868|3872|3874|3875|3890|3891|3892|3894|3898|3899|3908|3915|3926|3932|3937|3942|3945|3946|3955|3958|3962|3964|3967|3974|3978|3991|3993|3998|3999|4005|4007|4010|4011|4016|4022|4025|4032|4034|4036|4039|4059|4060|4074|4091|4099|4101|4107|4118|4128|4131|4132|4145|4149|4155|4159|4169|4170|4177|4194|4199|4205|4213|4215|4220|4224|4225|4228|4235|4237|4241|4242|4245|4248|4262|4264|4265|4271|4275|4279|4286|4291|4295|4306|4307|4308|4311|4319|4320|4322|4324|4330|4332|4333|4336|4351|4353|4354|4356|4358|4359|4362|4367|4368|4369|4372|4379|4388|4389|4393|4394|4399|4403|4406|4409|4411|4421|4426|4427|4436|4438|4442|4444|4454|4470|4474|4478|4485|4493|4496|4500|4501|4502|4505|4512|4517|4522|4529|4532|4544|4548|4550|4554|4560|4564|4567|4571|4575|4579|4586|4588|4594|4602|4608|4616|4619|4620|4622|4623|4624|4626|4632|4635|4636|4638|4639|4644|4647|4655|4661|4662|4681|4682|4683|4684|4688|4690|4692|4693|4700|4702|4707|4719|4720|4723|4725|4727|4739|4741|4743|4748|4751|4754|4760|4765|4767|4774|4775|4780|4781|4782|4796|4809|4822|4829|4830|4832|4835|4842|4848|4849|4851|4853|4854|4857|4862|4867|4870|4871|4874|4875|4882|4887|4888|4898|4901|4903|4908|4911|4928|4929|4931|4932|4935|4938|4939|4940|4946|4947|4959|4961|4962|4981|4982|4997|5002|5004|5014|5017|5032|5033|5036|5045|5054|5061|5064|5070|5077|5078|5079|5083|5087|5089|5091|5097|5102|5103|5106|5110|5111|5112|5115|5128|5133|5156|5157|5158|5159|5160|5164|5165|5178|5181|5182|5183|5190|5203|5204|5205|5209|5214|5215|5217|5223|5242|5246|5249|5251|5253|5260|5263|5264|5265|5276|5277|5280|5289|5301|5304|5307|5314|5319|5325|5330|5336|5337|5338|5343|5345|5346|5349|5350|5360|5369|5370|5371|5373|5375|5376|5382|5386|5388|5389|5391|5398|5400|5402|5418|5424|5428|5430|5432|5437|5440|5445|5446|5460|5472|5473|5475|5477|5480|5481|5486|5492|5511|5514|5520|5522|5526|5527|5528|5529|5535|5545|5548|5550|5551|5558|5569|5572|5573|5574|5575|5577|5579|5583|5584|5587|5590|5592|5597|5600|5603|5612|5620|5622|5628|5631|5644|5652|5681|5683|5684|5689|5693|5695|5700|5706|5709|5717|5718|5726|5727|5730|5740,28.28676470588235,True
instance_0008.txt,aisle_first_desc,158,11,509,152|451|535|1425|63|1684|944|787|448|850|1394|1423|2034|29|1565|165|8|1196|973|19|247|1869|1945|2004|977|1972|77|630|963|1127|1708|2002|2012|430|679|1107|1698|189|552|713|772|1022|1105|1463|1719|420|599|657|797|1020|1123|1495|1705|1991|297|474|895|1911|1933|1934|2104|76|421|642|710|937|1050|1078|1205|1327|2183|178|574|756|1036|1065|1080|1308|1668|1731|1773|7|60|138|203|508|881|946|1081|1130|1221|1263|1381|1554|12|40|845|869|879|1132|1147|1257|1467|1611|1636|1738|1740|1788|1794|1821|1950|1990|2001|120|251|282|509|682|793|1000|1033|1079|1083|1277|1431|1812|1965|37|206|225|314|344|436|471|502|519|558|648|776|804|847|893|901|928|1038|1060|1146|1195|1234|1345|1396|1516|1725|1901|1920|2111|2164|2166,7|32|47|64|72|84|99|114|125|138|163,1|9|11|19|28|30|38|50|58|62|93|103|132|134|147|158|168|175|177|201|205|207|209|221|226|231|236|238|248|315|320|324|333|334|343|352|360|372|392|400|403|406|411|445|458|474|497|518|523|525|562|576|578|592|644|652|656|680|734|752|754|764|773|782|822|832|866|870|876|893|895|901|915|916|929|930|944|947|948|949|957|960|963|987|1031|1033|1048|1051|1056|1062|1078|1086|1091|1097|1106|1112|1123|1132|1135|1137|1143|1149|1155|1157|1160|1168|1178|1181|1197|1220|1235|1238|1245|1259|1261|1264|1267|1268|1275|1291|1293|1310|1321|1337|1353|1354|1356|1360|1374|1377|1383|1384|1397|1407|1421|1423|1447|1450|1465|1471|1477|1502|1513|1518|1529|1531|1533|1537|1553|1559|1575|1577|1578|1594|1606|1609|1613|1620|1643|1671|1709|1711|1741|1744|1745|1746|1760|1768|1769|1809|1826|1832|1838|1842|1866|1869|1880|1897|1915|1922|1923|1927|1934|1963|1971|2005|2018|2030|2036|2042|2049|2057|2072|2092|2094|2096|2114|2120|2144|2147|2157|2181|2184|2201|2205|2208|2221|2253|2255|2257|2264|2275|2277|2281|2284|2293|2299|2303|2344|2355|2374|2397|2406|2407|2433|2438|2439|2446|2459|2460|2468|2473|2489|2514|2538|2540|2541|2546|2556|2598|2629|2651|2658|2660|2681|2694|2696|2779|2783|2803|2820|2842|2845|2848|2859|2860|2901|2912|2926|2938|2939|2943|2963|2979|2982|2991|3003|3015|3027|3033|3049|3061|3068|3075|3101|3104|3115|3153|3155|3161|3167|3184|3188|3195|3198|3208|3226|3227|3230|3240|3243|3245|3262|3298|3307|3335|3354|3364|3368|3380|3383|3386|3400|3419|3466|3469|3487|3499|3504|3511|3526|3577|3580|3611|3612|3617|3626|3668|3675|3683|3708|3710|3737|3744|3768|3775|3776|3807|3811|3833|3846|3847|3874|3876|3881|3889|3914|3928|3938|3963|3980|3982|3993|3996|4027|4029|4039|4051|4087|4094|4099|4114|4115|4120|4135|4143|4148|4153|4161|4179|4181|4182|4187|4234|4236|4244|4251|4256|4272|4306|4324|4328|4336|4388|4391|4392|4418|4422|4428|4438|4441|4448|4449|4463|4507|4509|4515|4517|4531|4535|4567|4575|4584|4589|4599|4605|4619|4633|4639|4661|4674|4680|4698|4717|4742|4747|4753|4757|4758|4771|4823|4854|4858|4866|4868|4876|4890|4891|4892|4912|4932|4933|4938|4958|4966|4977|4985|4987|4989|4994|5010|5012|5020|5025|5066|5074|5077|5079|5080|5091|5099|5102|5107|5112|5145|5147|5220|5228|5239|5244|5246|5252|5282|5292|5294|5305|5313|5315|5317|5320|5330|5331|5332|5343|5348|5362|5375|5377|5380|5382|5385|5411|5419|5436|5457|5467|5473|5475|5487|5496|5500|5513|5519|5521|5527|5535|5552|5561|5578|5579|5604|5616|5634|5649|5680|5698|5702|5718|5744|5751|5774|5776|5782|5784|5785|5788|5810|5818|5819,122.0909090909091,True
instance_0008.txt,knapsack,100,88,810,1228|152|374|451|514|1530|535|899|1891|637|1293|185|738|1110|110|111|2077|127|1627|961|1425|63|1684|1581|224|681|711|1832|651|944|2063|750|1043|668|787|1618|1687|1715|1766|1900|480|1337|1948|2117|254|560|663|732|768|448|497|536|850|1262|1394|1423|2034|2070|29|65|460|476|745|982|1282|1565|1663|2090|165|264|446|545|1373|1399|1427|1543|8|135|644|1196|1275|1322|1540|1641|1711|1764|2161|2168|331|504|571|677|737|934|973|1144|1434|1623|1653|4,47|99|19|32|20|114|138|136|84|74|83|26|73|95|7|139|1|125|81|163|77|154|4|59|18|64|118|96|148|72|62|55|123|151|13|49|107|111|122|134|54|40|79|133|15|60|87|152|164|78|105|128|162|5|17|22|33|3|34|44|109|112|121|124|131|132|41|66|86|97|110|126|149|160|166|0|6|8|27|42|48|67|69|93|94|119|127|145,1|11|22|30|41|51|58|88|92|96|115|118|125|139|157|163|173|177|196|197|209|216|217|221|231|236|246|247|248|251|269|275|280|284|304|312|317|321|332|335|349|357|372|374|383|392|400|403|423|424|432|450|453|461|464|465|470|474|486|504|509|510|523|525|535|546|558|559|562|571|576|578|589|592|603|608|623|625|627|632|635|644|659|702|734|753|754|778|782|786|792|799|813|814|818|822|830|832|849|852|863|866|870|883|888|895|907|908|909|912|915|916|934|943|944|947|948|957|960|962|973|978|987|988|1004|1005|1035|1048|1058|1060|1061|1062|1072|1077|1094|1098|1107|1108|1116|1123|1128|1132|1135|1163|1178|1183|1190|1200|1214|1226|1229|1233|1235|1253|1264|1272|1278|1287|1288|1291|1292|1312|1323|1324|1342|1352|1362|1366|1377|1384|1397|1400|1418|1421|1429|1451|1452|1471|1477|1483|1486|1493|1496|1499|1504|1513|1518|1532|1533|1538|1539|1553|1559|1577|1579|1581|1586|1606|1609|1613|1615|1620|1632|1639|1640|1644|1670|1671|1694|1695|1707|1709|1716|1735|1745|1750|1766|1775|1790|1791|1798|1801|1805|1807|1811|1813|1815|1830|1834|1843|1855|1874|1885|1895|1897|1923|1926|1949|1963|1965|1972|1975|1991|2001|2010|2025|2036|2037|2059|2063|2072|2083|2085|2094|2096|2120|2127|2128|2130|2132|2137|2139|2151|2162|2163|2193|2194|2221|2223|2232|2238|2248|2253|2257|2263|2264|2277|2278|2284|2292|2296|2299|2303|2315|2319|2320|2323|2325|2342|2354|2355|2363|2367|2374|2378|2380|2387|2390|2392|2401|2404|2407|2410|2414|2420|2425|2433|2434|2437|2439|2443|2446|2455|2459|2460|2470|2474|2478|2482|2485|2487|2489|2491|2500|2511|2512|2514|2519|2523|2530|2541|2546|2556|2561|2579|2581|2598|2599|2601|2641|2650|2651|2657|2659|2660|2664|2681|2683|2691|2695|2699|2703|2715|2716|2737|2740|2747|2760|2779|2781|2795|2797|2803|2812|2828|2830|2838|2845|2856|2861|2864|2868|2874|2875|2877|2879|2888|2896|2901|2902|2913|2914|2924|2925|2926|2937|2938|2946|2950|2960|2965|2969|2976|2984|2988|3011|3016|3033|3043|3054|3066|3068|3074|3075|3099|3108|3113|3115|3116|3146|3148|3149|3164|3167|3168|3184|3185|3188|3193|3227|3234|3240|3245|3262|3263|3265|3276|3281|3290|3295|3303|3312|3326|3332|3334|3357|3362|3364|3367|3368|3376|3379|3386|3409|3419|3421|3433|3446|3454|3461|3463|3466|3469|3472|3478|3482|3485|3490|3520|3526|3534|3536|3538|3541|3568|3570|3575|3586|3605|3607|3611|3617|3620|3623|3625|3634|3656|3664|3665|3667|3668|3683|3696|3702|3704|3710|3716|3718|3725|3727|3733|3741|3743|3744|3753|3771|3774|3775|3784|3794|3798|3809|3819|3824|3827|3843|3848|3855|3869|3893|3899|3904|3908|3912|3914|3916|3922|3924|3936|3940|3943|3946|3954|3963|3966|3989|3993|3996|3999|4006|4007|4008|4010|4024|4034|4035|4036|4042|4048|4050|4069|4073|4087|4090|4095|4099|4107|4114|4116|4120|4129|4136|4140|4149|4153|4177|4179|4182|4185|4216|4225|4226|4232|4234|4237|4244|4251|4269|4287|4291|4303|4307|4310|4312|4332|4334|4336|4338|4347|4356|4372|4387|4388|4393|4395|4399|4404|4406|4407|4420|4422|4438|4439|4441|4442|4449|4456|4457|4466|4487|4495|4516|4517|4527|4531|4532|4551|4564|4568|4573|4578|4588|4589|4590|4593|4595|4614|4631|4635|4637|4641|4645|4647|4652|4657|4669|4680|4681|4684|4691|4709|4717|4725|4728|4729|4740|4756|4768|4771|4792|4797|4800|4819|4822|4823|4828|4836|4841|4845|4853|4857|4864|4866|4871|4873|4883|4890|4895|4909|4912|4925|4927|4928|4930|4934|4940|4947|4949|4955|4958|4982|4989|4993|5003|5010|5012|5022|5023|5025|5033|5037|5053|5058|5065|5073|5074|5077|5081|5089|5090|5093|5097|5099|5102|5104|5111|5112|5118|5120|5134|5140|5146|5152|5157|5173|5177|5199|5216|5217|5220|5225|5232|5272|5273|5274|5276|5279|5280|5292|5298|5305|5308|5324|5327|5328|5330|5331|5334|5340|5348|5349|5353|5358|5359|5361|5388|5389|5399|5405|5410|5423|5428|5430|5440|5448|5458|5468|5473|5487|5488|5489|5526|5527|5540|5558|5574|5578|5579|5591|5593|5599|5601|5604|5614|5615|5617|5619|5621|5622|5626|5634|5636|5637|5641|5650|5652|5661|5663|5667|5670|5674|5681|5686|5691|5695|5698|5700|5702|5706|5732|5742|5744|5753|5755|5756|5757|5765|5774|5777|5782|5785|5786|5788|5789|5808|5815|5818|5819|5821|5828,28.943181818181817,True
instance_0008.txt,knapsack_density,0,0,0,,,,0.0,False
instance_0008.txt,knapsack_seed,533,121,1465,17|25|36|41|46|48|59|62|83|102|114|131|132|140|149|162|188|191|213|215|222|226|232|233|240|245|249|250|261|298|300|302|315|351|359|372|373|390|391|392|407|422|441|452|457|460|462|473|488|500|502|513|540|554|588|615|625|630|652|653|658|668|688|698|701|704|720|728|736|751|780|799|812|831|848|859|878|885|906|918|925|949|967|982|994|1004|1008|1012|1055|1057|1082|1083|1101|1103|1119|1127|1138|1164|1186|1193|1202|1228|1229|1232|1236|1247|1252|1271|1276|1308|1327|1353|1356|1360|1366|1370|1371|1374|1376|1443|1474|1504|1527|1529|1531|1536|1542|1545|1558|1563|1574|1578|1595|1610|1617|1658|1660|1675|1679|1693|1703|1742|1751|1759|1762|1767|1800|1812|1854|1857|1882|1895|1903|1909|1910|1911|1916|1917|1920|1923|1937|1944|1960|1968|2002|2027|2040|2079|2084|2088|2102|2104|2132|2138|2179|2180|861|1053|399|807|1777|2060|246|1069|1158|1386|1647|2099|560|651|99|116|430|507|510|539|556|645|706|741|837|839|855|882|891|929|1020|1026|1094|1102|1122|1128|1163|1243|1260|1307|1397|1411|1437|1463|1498|1510|1594|1622|1633|1645|1680|1756|1791|1810|1819|1843|1926|1977|2006|1505|1795|1861|189|23|40|70|77|89|103|111|115|126|150|165|177|198|244|255|259|262|266|281|282|293|297|325|331|334|340|342|352|361|403|408|411|435|445|450|557|569|611|621|623|635|673|685|691|694|730|752|758|770|795|800|819|838|874|900|905|907|911|913|919|920|930|939|943|973|989|999|1001|1062|1090|1106|1108|1116|1120|1132|1157|1173|1209|1213|1217|1221|1240|1246|1254|1344|1375|1383|1384|1405|1406|1410|1444|1461|1480|1511|1580|1582|1586|1620|1650|1662|1670|1683|1685|1709|1717|1718|1740|1744|1746|1775|1782|1785|1807|1814|1816|1846|1855|1865|1875|1877|1899|1908|1953|1965|1987|2001|2021|2054|2061|2069|2075|2082|2112|2125|2127|2128|2163|934|1363|19|74|170|227|451|495|537|624|840|969|1107|1191|1316|1499|1535|1541|1585|1598|1625|1688|1708|1713|1723|1730|1897|1985|2136|161|291|1169|1402|1612|644|944|2045|0|8|9|16|24|32|35|38|39|44|73|78|85|86|93|101|108|109|121|124|142|144|146|147|153|163|167|169|176|180|181|187|193|195|197|199|216|220|237|241|248|274|275|278|292|296|303|305|310|335|336|338|346|350|354|356|364|365|367|377|389|397|404|410|413|416|424|427|437|438|442|448|454|464|486|487|499|501|504|505|529|533|542|547|550|552|567|577|585|596|603|607|616|620|629|633|646|648|654|656|659|664|674|677|682|686|687|695|707|712|722|723|750|765|766|771|775|788|793,32|26|27|112|84|83|1|15|123|28|99|152|135|18|33|107|53|124|30|132|62|114|119|95|20|97|74|17|66|7|137|40|148|147|163|48|56|22|136|41|80|59|16|151|64|72|4|61|77|134|78|133|81|91|94|108|121|157|29|46|70|96|160|13|19|21|55|73|149|161|162|164|14|43|44|47|79|82|85|126|159|2|9|50|68|118|127|140|146|158|8|45|54|58|67|71|109|125|131|145|153|0|5|6|10|34|37|57|60|75|86|90|92|93|100|105|110|122|150|154|165,10|13|14|19|20|21|23|32|44|46|49|50|53|55|58|69|70|74|91|94|101|104|105|107|112|115|116|119|121|133|136|139|142|149|157|160|161|171|174|175|180|191|199|200|207|222|226|232|235|236|238|240|243|244|248|259|260|262|264|271|273|277|280|281|286|298|300|301|309|311|312|315|319|334|338|339|342|345|346|347|348|352|356|365|369|371|374|375|388|392|393|399|406|408|410|411|418|421|426|427|435|439|442|443|447|451|454|462|468|469|472|474|477|481|485|486|489|490|494|497|498|501|503|509|513|515|519|522|534|539|541|542|544|545|550|551|557|560|562|567|568|570|571|573|576|577|583|590|591|592|593|594|604|608|611|619|620|621|622|623|624|625|629|631|634|636|643|644|647|655|659|661|662|663|664|666|669|674|675|684|687|689|691|692|695|697|703|706|712|719|724|730|734|744|747|753|767|769|773|777|780|782|786|800|803|818|840|842|844|853|855|858|868|875|877|880|881|883|887|894|895|896|902|903|905|914|916|919|921|936|937|942|944|947|949|951|953|959|966|968|970|971|977|980|985|986|988|991|994|998|999|1005|1010|1015|1020|1022|1025|1030|1035|1038|1041|1042|1043|1045|1053|1055|1057|1062|1066|1067|1071|1073|1075|1077|1087|1089|1092|1096|1098|1102|1108|1111|1113|1121|1127|1133|1134|1135|1136|1141|1148|1152|1157|1158|1164|1167|1169|1175|1176|1185|1186|1190|1192|1194|1195|1197|1198|1203|1204|1212|1222|1223|1230|1231|1232|1236|1237|1238|1253|1254|1258|1261|1264|1265|1267|1269|1275|1281|1283|1284|1296|1304|1313|1316|1317|1318|1319|1321|1326|1331|1333|1335|1342|1350|1364|1368|1369|1372|1381|1383|1386|1399|1401|1402|1409|1410|1420|1428|1432|1433|1437|1441|1442|1447|1450|1452|1458|1459|1460|1463|1464|1468|1473|1474|1475|1478|1485|1489|1497|1502|1506|1511|1513|1528|1529|1532|1533|1538|1539|1554|1558|1559|1564|1570|1582|1586|1589|1597|1600|1605|1606|1607|1611|1614|1619|1620|1622|1623|1624|1636|1637|1643|1647|1651|1654|1658|1661|1668|1674|1676|1681|1684|1686|1687|1688|1693|1694|1696|1701|1702|1722|1723|1725|1743|1744|1748|1755|1760|1768|1769|1773|1774|1781|1783|1784|1785|1787|1799|1800|1801|1806|1812|1813|1815|1816|1821|1822|1828|1829|1833|1834|1836|1842|1844|1845|1850|1856|1857|1860|1861|1864|1867|1869|1870|1875|1878|1882|1886|1888|1890|1894|1897|1900|1903|1904|1905|1906|1908|1909|1924|1934|1944|1955|1956|1964|1966|1976|1981|1982|2011|2018|2019|2022|2026|2029|2031|2032|2033|2038|2042|2043|2044|2046|2052|2055|2067|2068|2071|2077|2082|2089|2090|2092|2093|2096|2097|2105|2110|2111|2112|2113|2117|2120|2124|2131|2134|2140|2141|2142|2143|2149|2150|2155|2158|2163|2174|2180|2181|2188|2189|2190|2191|2196|2199|2217|2221|2223|2224|2225|2229|2231|2234|2235|2240|2246|2254|2255|2257|2259|2271|2272|2275|2276|2277|2279|2283|2286|2288|2291|2295|2297|2302|2306|2307|2311|2316|2322|2327|2334|2343|2348|2351|2353|2359|2360|2364|2369|2371|2373|2377|2380|2388|2389|2401|2405|2412|2416|2417|2420|2421|2426|2427|2428|2441|2443|2454|2455|2458|2462|2469|2472|2474|2475|2479|2481|2482|2484|2489|2495|2496|2503|2507|2508|2522|2527|2531|2532|2534|2535|2540|2546|2550|2552|2555|2559|2563|2565|2566|2574|2575|2577|2582|2585|2594|2598|2608|2609|2613|2614|2620|2624|2636|2644|2652|2654|2661|2674|2683|2684|2687|2697|2700|2701|2708|2717|2722|2723|2724|2728|2731|2734|2735|2737|2741|2748|2757|2760|2764|2766|2776|2777|2781|2782|2792|2793|2797|2799|2803|2804|2807|2811|2813|2817|2822|2826|2838|2839|2845|2852|2853|2858|2861|2867|2869|2875|2881|2882|2890|2891|2896|2912|2915|2918|2919|2922|2924|2925|2927|2937|2945|2949|2951|2952|2955|2961|2962|2968|2975|2979|2983|2987|2989|2994|2996|2999|3001|3012|3018|3031|3040|3041|3046|3047|3053|3055|3057|3063|3067|3070|3071|3076|3079|3085|3087|3092|3096|3097|3099|3103|3114|3118|3124|3130|3132|3133|3140|3142|3143|3145|3149|3160|3161|3174|3175|3176|3177|3178|3179|3184|3191|3203|3204|3207|3209|3210|3219|3223|3224|3228|3231|3237|3238|3240|3241|3243|3245|3247|3250|3253|3266|3268|3271|3283|3290|3293|3300|3302|3307|3310|3318|3321|3322|3330|3342|3343|3346|3351|3352|3367|3372|3378|3387|3392|3394|3398|3399|3401|3402|3406|3408|3410|3413|3415|3418|3421|3424|3432|3438|3442|3447|3449|3450|3454|3466|3469|3470|3474|3475|3476|3482|3489|3499|3503|3507|3519|3520|3525|3530|3532|3534|3536|3538|3543|3544|3545|3557|3558|3559|3560|3565|3571|3573|3574|3575|3579|3591|3601|3602|3606|3607|3608|3610|3611|3614|3615|3616|3622|3623|3637|3644|3651|3652|3653|3655|3664|3665|3666|3668|3671|3676|3684|3694|3700|3704|3715|3720|3728|3731|3744|3747|3753|3755|3756|3759|3767|3775|3777|3781|3782|3791|3793|3802|3807|3808|3812|3819|3821|3822|3823|3824|3830|3831|3838|3841|3842|3843|3854|3858|3859|3860|3869|3871|3878|3881|3888|3889|3891|3894|3895|3897|3898|3907|3914|3918|3922|3926|3934|3936|3937|3948|3949|3950|3952|3957|3963|3971|3972|3975|3976|3982|3990|3995|3996|4001|4003|4009|4013|4015|4019|4020|4022|4023|4041|4045|4046|4047|4050|4055|4057|4058|4063|4070|4074|4078|4093|4095|4096|4108|4113|4114|4118|4122|4123|4124|4129|4141|4148|4151|4152|4153|4157|4159|4161|4163|4168|4170|4176|4184|4185|4186|4189|4195|4197|4199|4202|4209|4214|4218|4220|4221|4223|4225|4229|4230|4232|4233|4234|4243|4247|4248|4252|4253|4255|4263|4268|4272|4274|4276|4279|4280|4282|4286|4290|4296|4297|4299|4305|4306|4309|4315|4316|4317|4318|4321|4322|4325|4328|4329|4330|4332|4338|4347|4351|4352|4353|4359|4360|4363|4366|4367|4369|4372|4373|4376|4377|4383|4384|4396|4398|4403|4408|4412|4414|4420|4421|4423|4425|4426|4427|4429|4438|4444|4447|4452|4453|4455|4465|4468|4469|4479|4486|4491|4496|4499|4500|4520|4521|4524|4528|4531|4537|4538|4542|4544|4546|4555|4560|4561|4563|4567|4576|4577|4580|4581|4592|4603|4605|4608|4609|4623|4628|4630|4631|4637|4638|4639|4643|4653|4655|4658|4660|4663|4666|4667|4668|4676|4678|4680|4685|4686|4689|4690|4695|4706|4707|4708|4720|4723|4726|4732|4736|4738|4744|4747|4749|4753|4759|4764|4765|4767|4770|4771|4773|4778|4783|4787|4789|4790|4802|4805|4806|4807|4808|4809|4812|4817|4818|4829|4835|4839|4840|4841|4845|4848|4855|4857|4874|4878|4882|4887|4893|4894|4899|4903|4905|4911|4914|4916|4917|4919|4921|4929|4939|4942|4943|4944|4945|4952|4959|4963|4964|4965|4971|4980|4987|4988|4989|4991|5007|5016|5020|5025|5027|5028|5031|5039|5044|5049|5051|5056|5058|5072|5074|5079|5080|5083|5085|5086|5087|5088|5091|5092|5097|5098|5100|5107|5109|5112|5116|5132|5139|5142|5143|5145|5147|5154|5157|5165|5170|5171|5175|5176|5178|5179|5182|5184|5185|5188|5194|5197|5203|5218|5232|5244|5246|5247|5255|5258|5259|5261|5263|5271|5272|5273|5274|5280|5289|5290|5293|5297|5304|5307|5310|5313|5315|5323|5331|5333|5335|5336|5337|5338|5339|5340|5346|5348|5354|5356|5361|5364|5367|5373|5375|5379|5382|5390|5396|5409|5410|5413|5416|5417|5418|5420|5421|5422|5427|5430|5431|5433|5435|5436|5449|5452|5453|5456|5459|5461|5464|5467|5468|5472|5480|5484|5485|5488|5498|5503|5506|5507|5514|5518|5519|5521|5525|5529|5531|5532|5534|5536|5547|5548|5553|5556|5564|5565|5567|5568|5569|5572|5580|5582|5587|5590|5594|5597|5606|5607|5608|5613|5620|5627|5632|5637|5643|5644|5645|5646|5650|5654|5660|5665|5669|5672|5675|5682|5683|5689|5696|5702|5708|5710|5711|5712|5717|5718|5720|5725|5727|5733|5736|5738|5743|5748|5757|5758|5762|5768|5770|5776|5781|5784|5787|5789|5796|5800|5803|5805|5808|5811|5816|5825|5826|5828|5830,23.1900826446281,True
instance_0008.txt,random,470,131,1524,1738|543|985|1240|922|174|1274|1503|1099|783|313|1044|1794|1766|1763|1021|932|1984|2099|1797|194|1037|713|846|110|648|1652|1500|659|627|1273|361|477|784|782|364|1066|53|10|744|346|1079|1076|11|1815|493|1598|1674|63|672|1569|1871|1657|834|1617|1403|62|495|1516|1728|2102|156|697|279|452|555|1739|233|1358|1127|1523|328|1792|1285|709|590|489|1083|1038|1664|863|2097|1210|217|958|125|750|1588|1439|1851|1999|900|2028|388|1121|290|1486|1518|927|480|1945|1495|2036|1246|954|738|1096|1169|1831|417|1681|1136|1461|865|950|539|933|1855|545|1276|879|533|248|1596|504|1964|438|143|350|1075|1866|500|2091|1024|353|701|575|1138|1045|570|1571|797|1041|817|2043|611|1900|937|375|1087|686|1408|1928|457|553|2177|597|589|1606|1359|1687|566|1919|407|1415|469|586|1675|761|109|247|222|1487|1816|1672|220|1713|602|1485|1780|845|1014|475|1956|225|842|1977|2053|1272|1103|1241|1750|1081|2072|243|2143|1770|397|1336|1969|1747|798|352|858|1699|256|2108|1065|670|1914|1560|274|1064|337|2130|1873|1026|235|258|1829|1510|1355|1109|269|215|1095|341|1234|254|825|1954|1846|1036|1737|1067|650|1148|681|1249|1386|184|267|1480|1040|1701|135|1729|1029|358|1607|1105|1546|1644|619|2061|421|630|1216|1385|1623|265|1280|1512|658|24|1899|1245|240|778|411|1678|1419|201|1636|81|1362|1570|948|810|1684|1131|568|1463|572|804|1771|1989|1447|536|1707|1814|202|897|806|377|465|960|728|2087|1271|1744|2121|1350|1407|551|1960|689|362|1278|1115|1267|1341|1616|461|450|2168|781|1222|1695|400|1555|683|1411|1162|2054|1049|1219|238|210|823|756|1603|1658|1308|1715|2149|1198|872|145|294|327|903|43|1557|1332|1288|1541|185|78|2105|1972|1769|1159|1894|538|996|1775|1436|743|852|2178|60|177|919|1521|994|1196|473|801|1856|283|1646|1673|2019|967|406|1360|130|172|1975|1106|559|1315|384|447|253|472|1448|52|1406|1562|175|1496|1333|75|1909|2002|1484|616|2176|1809|460|262|2076|1158|150|90|1648|1783|550|722|1237|1394|1253|2135|556|1943|813|1733|1857|58|908|476|520|1437|1311|2045|1536|1343|483|1181|1190|1754|2107|644|1859|537|419|1668|22|998|1721|322|1621|1958|1529|153|359|1086|2050|2011|529|236|1710|1667|367|926|1902|2007|1677|1929|1494|107|2014|1351|1208|1580|1195|1149|1292,84|32|99|114|138|72|7|47|125|163|20|44|81|111|60|136|151|4|96|19|122|95|59|73|119|77|27|79|1|67|158|107|61|74|41|69|105|78|133|45|112|5|21|42|87|108|148|159|157|40|120|134|161|13|43|53|58|91|110|26|28|66|126|0|118|30|56|149|150|55|90|92|48|64|147|152|68|123|15|121|131|145|80|94|132|164|6|33|70|93|135|29|97|8|109|2|124|16|34|62|71|22|160|162|63|113|31|82|17|100|137|3|75|83|14|23|86|128|49|165|140|54|85|10|127|9|154|141|146|106|102,6|10|16|19|20|23|24|34|38|39|41|42|46|49|52|56|62|63|64|67|70|71|73|78|79|82|84|87|88|89|91|92|95|98|101|108|109|113|114|118|121|123|125|126|127|134|135|136|138|154|156|163|168|177|178|187|197|201|202|205|206|209|214|218|219|224|225|226|227|228|231|237|240|242|244|247|262|266|268|277|280|286|300|301|302|304|309|312|318|323|325|331|337|343|344|347|349|350|358|359|364|368|384|392|396|398|402|403|406|407|409|412|414|422|429|430|432|445|448|454|463|467|468|474|475|482|483|486|492|493|494|502|504|509|511|512|515|517|523|531|537|539|542|543|547|548|552|557|565|566|567|568|571|574|576|581|588|591|592|596|597|599|603|608|609|610|611|617|620|622|626|627|635|637|639|641|642|645|650|651|652|655|658|659|661|669|670|676|691|699|700|703|709|712|715|720|724|728|729|730|734|737|741|742|743|752|754|758|763|768|771|776|777|782|785|789|790|793|795|796|812|814|817|818|819|821|828|832|833|836|837|842|849|853|854|860|862|863|869|873|876|877|893|895|896|899|900|901|903|908|913|915|921|922|924|925|935|939|941|943|947|948|955|956|961|962|965|970|971|973|977|979|981|982|984|986|991|993|995|998|1000|1001|1002|1006|1007|1013|1014|1015|1018|1027|1029|1046|1052|1055|1057|1071|1073|1074|1077|1087|1088|1089|1093|1097|1098|1101|1102|1104|1109|1110|1114|1116|1118|1120|1128|1131|1138|1140|1143|1145|1149|1152|1169|1171|1180|1187|1188|1190|1193|1205|1208|1211|1218|1219|1226|1231|1235|1238|1244|1247|1251|1252|1256|1260|1269|1276|1280|1288|1289|1292|1294|1300|1307|1314|1316|1317|1331|1332|1335|1342|1344|1352|1355|1358|1359|1360|1361|1366|1367|1369|1372|1377|1386|1387|1407|1413|1414|1416|1434|1442|1445|1448|1452|1453|1457|1464|1465|1468|1470|1473|1476|1477|1478|1482|1484|1488|1491|1497|1502|1503|1513|1519|1520|1524|1525|1529|1533|1538|1539|1541|1543|1549|1559|1561|1562|1565|1567|1568|1570|1574|1578|1579|1581|1589|1592|1596|1600|1604|1606|1611|1612|1615|1619|1622|1635|1642|1645|1653|1661|1672|1673|1675|1676|1681|1682|1689|1693|1696|1698|1700|1703|1706|1709|1715|1722|1723|1725|1734|1737|1746|1749|1750|1751|1755|1764|1769|1773|1775|1783|1784|1790|1795|1798|1799|1801|1802|1805|1809|1813|1814|1821|1822|1829|1830|1847|1852|1853|1859|1865|1866|1869|1874|1880|1881|1883|1885|1887|1888|1889|1893|1895|1901|1902|1907|1912|1918|1919|1920|1927|1928|1929|1935|1937|1938|1940|1942|1944|1946|1949|1953|1959|1960|1963|1968|1970|1972|1975|1984|1985|1990|1994|2006|2007|2010|2012|2021|2023|2033|2034|2035|2036|2039|2042|2052|2058|2063|2069|2075|2081|2084|2085|2097|2102|2111|2113|2114|2123|2127|2128|2130|2138|2144|2150|2153|2155|2159|2160|2161|2163|2172|2173|2174|2175|2183|2185|2188|2194|2195|2205|2207|2208|2216|2221|2223|2224|2234|2243|2245|2251|2254|2255|2261|2270|2276|2277|2279|2282|2291|2292|2296|2298|2303|2305|2313|2314|2315|2320|2322|2324|2326|2329|2330|2335|2336|2338|2339|2340|2347|2352|2353|2354|2359|2363|2371|2378|2383|2391|2392|2395|2401|2402|2413|2418|2420|2422|2429|2431|2432|2436|2439|2441|2443|2446|2447|2449|2450|2453|2456|2457|2458|2461|2464|2467|2468|2472|2474|2477|2487|2488|2489|2496|2502|2516|2535|2536|2540|2541|2542|2544|2548|2555|2558|2565|2575|2578|2579|2581|2582|2586|2587|2593|2594|2595|2598|2599|2603|2613|2615|2619|2624|2627|2635|2638|2639|2643|2665|2668|2669|2673|2674|2679|2682|2692|2694|2695|2696|2700|2711|2713|2714|2715|2717|2723|2724|2727|2735|2736|2739|2751|2759|2760|2764|2765|2769|2778|2779|2780|2788|2790|2792|2797|2800|2803|2804|2810|2811|2813|2814|2817|2820|2831|2833|2838|2841|2843|2845|2854|2858|2861|2864|2871|2872|2877|2878|2879|2881|2883|2886|2888|2901|2904|2909|2915|2917|2920|2924|2926|2933|2937|2939|2941|2948|2950|2954|2957|2958|2960|2962|2981|2982|2983|2984|2987|2993|2994|3006|3010|3015|3024|3032|3033|3041|3042|3043|3044|3049|3052|3063|3068|3070|3072|3076|3078|3080|3081|3086|3091|3093|3094|3095|3103|3106|3112|3120|3121|3130|3136|3146|3147|3148|3155|3159|3162|3163|3164|3178|3182|3184|3185|3196|3201|3205|3214|3218|3219|3221|3223|3224|3225|3237|3245|3246|3247|3249|3252|3258|3267|3272|3274|3276|3277|3280|3290|3294|3295|3299|3302|3309|3317|3318|3319|3322|3329|3332|3335|3339|3342|3344|3346|3348|3364|3366|3367|3368|3370|3372|3373|3381|3382|3383|3388|3394|3397|3404|3405|3415|3416|3421|3429|3434|3437|3441|3442|3446|3449|3458|3461|3462|3466|3469|3477|3481|3484|3489|3492|3493|3495|3503|3505|3508|3509|3512|3528|3534|3535|3536|3543|3544|3545|3560|3563|3567|3575|3577|3578|3580|3586|3593|3596|3602|3609|3611|3612|3617|3618|3619|3626|3634|3637|3638|3639|3641|3644|3650|3652|3657|3660|3662|3664|3665|3667|3677|3696|3702|3703|3710|3711|3712|3718|3727|3729|3736|3744|3745|3748|3753|3755|3765|3769|3770|3771|3775|3777|3780|3782|3783|3784|3787|3788|3789|3795|3798|3816|3818|3819|3824|3826|3827|3830|3834|3838|3842|3846|3859|3862|3866|3868|3870|3875|3877|3878|3881|3882|3888|3893|3904|3905|3908|3912|3914|3916|3917|3922|3924|3927|3929|3930|3940|3944|3948|3952|3957|3960|3966|3971|3976|3980|3982|3984|3986|3990|3993|3996|3997|4001|4007|4013|4015|4016|4021|4022|4024|4025|4026|4035|4036|4037|4043|4048|4053|4056|4060|4069|4072|4074|4081|4083|4087|4090|4101|4105|4106|4107|4110|4113|4114|4118|4120|4125|4133|4136|4137|4140|4145|4148|4153|4156|4158|4161|4163|4167|4172|4173|4176|4181|4182|4188|4196|4203|4215|4224|4230|4232|4233|4234|4235|4236|4237|4241|4243|4244|4253|4256|4265|4267|4269|4271|4273|4277|4280|4281|4283|4284|4285|4291|4292|4295|4302|4305|4306|4307|4312|4319|4321|4322|4324|4332|4334|4335|4338|4348|4354|4355|4360|4362|4363|4368|4371|4372|4374|4381|4388|4391|4394|4395|4398|4404|4412|4414|4416|4421|4430|4432|4435|4440|4442|4446|4447|4449|4455|4458|4464|4472|4473|4485|4487|4488|4490|4493|4502|4506|4507|4509|4510|4515|4516|4517|4525|4543|4544|4562|4563|4564|4573|4578|4580|4583|4586|4588|4589|4592|4594|4595|4606|4607|4611|4614|4615|4617|4624|4626|4631|4632|4635|4637|4640|4645|4647|4654|4657|4660|4662|4664|4670|4680|4685|4687|4688|4689|4692|4694|4698|4703|4704|4719|4720|4729|4736|4737|4740|4743|4745|4753|4755|4765|4766|4768|4770|4778|4779|4786|4792|4794|4798|4799|4801|4809|4822|4824|4828|4829|4831|4836|4839|4840|4842|4844|4847|4848|4851|4852|4853|4854|4856|4857|4860|4863|4866|4868|4870|4872|4873|4875|4882|4883|4890|4891|4892|4893|4905|4906|4911|4914|4915|4922|4931|4942|4946|4952|4954|4962|4965|4976|4977|4981|4983|4985|4988|4993|4995|4998|4999|5002|5014|5021|5022|5028|5029|5033|5038|5040|5041|5042|5043|5045|5056|5058|5065|5066|5067|5068|5077|5078|5082|5087|5095|5097|5100|5102|5105|5106|5111|5120|5123|5130|5133|5139|5144|5146|5151|5153|5155|5163|5171|5174|5182|5190|5196|5198|5208|5210|5223|5232|5234|5238|5239|5245|5246|5255|5259|5264|5269|5272|5274|5277|5280|5290|5297|5303|5306|5309|5310|5313|5320|5321|5322|5327|5330|5332|5339|5342|5350|5351|5352|5360|5366|5370|5374|5375|5376|5377|5381|5385|5386|5389|5394|5395|5396|5397|5399|5400|5401|5404|5405|5408|5409|5414|5423|5430|5434|5438|5439|5441|5445|5446|5447|5451|5460|5461|5462|5467|5468|5470|5471|5474|5477|5479|5480|5482|5491|5498|5499|5504|5514|5517|5521|5523|5525|5532|5533|5543|5552|5553|5556|5558|5561|5564|5570|5573|5576|5579|5582|5583|5590|5591|5593|5594|5597|5599|5608|5609|5612|5617|5621|5630|5631|5635|5636|5640|5641|5642|5650|5659|5664|5666|5670|5672|5673|5674|5676|5682|5684|5695|5696|5701|5705|5706|5708|5716|5717|5718|5723|5727|5733|5735|5736|5737|5742|5743|5744|5746|5750|5756|5762|5774|5787|5790|5793|5798|5803|5805|5806|5807|5808|5809|5814|5815|5817|5818|5822|5823|5825|5827|5828,21.6793893129771,True
instance_0008.txt,smaller_multi,116,88,888,1228|152|374|451|514|1530|1891|899|535|637|1293|185|738|1110|111|110|2077|127|1627|961|252|1425|63|1684|1581|224|681|711|1832|651|944|2063|1043|750|668|787|1766|1687|1618|1900|1715|1337|2117|480|1948|768|254|560|732|663|1394|497|2034|1262|448|1423|850|536|2070|476|65|29|745|982|1075|1663|2090|460|1282|1565|165|264|1399|1543|1373|446|545|1427|1540|644|1764|8|1711|2161|2168|1641|135|1939|1196|1275|1322|1144|973|1849|934|1981|677|1623|737|504|1653|1434|331|571|19|1869|612|1084|1945|2000|1961|1121|247|782|1455|490,84|99|19|32|20|114|138|136|74|7|83|26|72|95|111|122|139|1|73|59|64|125|118|77|154|151|47|4|18|60|148|163|62|55|107|123|81|145|49|87|134|40|54|79|133|13|15|44|128|152|162|164|48|78|96|5|17|22|33|121|131|3|34|58|86|109|112|124|132|6|41|66|97|110|126|149|160|166|0|8|27|42|67|69|93|94|119|127,1|11|12|22|30|41|51|58|88|92|96|115|118|125|139|157|163|173|177|196|197|209|216|217|221|231|236|246|247|248|251|269|275|280|284|304|312|317|321|332|335|349|357|361|372|374|383|392|400|403|423|424|429|432|450|453|454|461|464|465|470|474|475|486|504|509|510|523|525|535|546|558|559|562|571|576|578|589|592|603|608|623|625|627|628|632|635|644|659|665|670|696|702|734|753|754|758|778|782|786|792|799|811|813|814|818|822|830|832|849|852|863|866|870|883|884|888|895|898|907|908|909|912|915|916|934|943|944|947|948|955|957|960|962|973|978|987|988|1004|1005|1035|1048|1058|1060|1061|1062|1072|1077|1094|1098|1107|1108|1116|1123|1128|1132|1135|1163|1170|1178|1183|1190|1197|1200|1226|1229|1233|1235|1253|1255|1261|1264|1267|1272|1278|1287|1288|1291|1292|1312|1323|1324|1342|1347|1352|1360|1362|1366|1377|1384|1397|1400|1407|1418|1421|1429|1451|1452|1470|1471|1477|1483|1486|1493|1496|1499|1504|1513|1518|1529|1532|1533|1538|1539|1553|1559|1577|1579|1581|1586|1606|1609|1613|1615|1620|1625|1632|1639|1640|1644|1670|1671|1694|1695|1707|1709|1716|1720|1735|1745|1750|1766|1775|1790|1791|1798|1801|1805|1807|1811|1813|1815|1830|1834|1843|1855|1874|1885|1895|1897|1923|1926|1929|1949|1963|1965|1972|1975|1991|2001|2010|2025|2036|2037|2059|2063|2072|2083|2085|2094|2096|2120|2127|2128|2130|2132|2137|2139|2151|2162|2163|2193|2194|2221|2223|2228|2232|2238|2248|2253|2256|2257|2263|2264|2277|2278|2284|2292|2296|2299|2303|2315|2319|2320|2323|2325|2342|2354|2355|2363|2367|2374|2378|2380|2387|2390|2392|2401|2404|2407|2410|2414|2420|2425|2433|2434|2437|2439|2443|2446|2455|2459|2460|2470|2474|2478|2482|2485|2487|2489|2491|2500|2511|2512|2514|2519|2523|2530|2541|2542|2546|2556|2558|2561|2579|2581|2598|2599|2601|2616|2631|2640|2641|2650|2651|2657|2659|2660|2664|2681|2683|2691|2695|2699|2703|2715|2716|2732|2737|2740|2741|2747|2760|2779|2781|2795|2797|2803|2812|2828|2830|2838|2845|2856|2861|2864|2868|2874|2875|2877|2879|2887|2888|2893|2896|2901|2902|2912|2913|2914|2924|2925|2926|2934|2937|2938|2946|2950|2960|2965|2969|2976|2984|2988|3008|3011|3016|3030|3033|3043|3054|3066|3068|3074|3075|3099|3108|3113|3115|3116|3121|3146|3148|3149|3161|3164|3167|3168|3184|3185|3188|3193|3227|3234|3240|3245|3262|3263|3265|3276|3281|3285|3290|3295|3303|3307|3312|3319|3326|3332|3334|3342|3357|3362|3364|3367|3368|3376|3379|3386|3409|3419|3421|3433|3442|3446|3454|3461|3463|3466|3469|3472|3476|3478|3482|3485|3490|3491|3499|3508|3520|3526|3534|3536|3541|3568|3570|3575|3586|3605|3607|3611|3617|3620|3623|3625|3634|3656|3664|3665|3667|3668|3683|3696|3702|3704|3710|3716|3718|3725|3727|3733|3741|3743|3744|3753|3757|3771|3774|3775|3784|3794|3798|3807|3809|3819|3824|3827|3843|3848|3855|3869|3882|3893|3899|3904|3908|3912|3914|3916|3922|3924|3936|3940|3943|3946|3954|3960|3963|3966|3983|3989|3993|3996|3999|4006|4007|4008|4010|4024|4034|4035|4036|4042|4048|4050|4069|4073|4087|4090|4095|4099|4107|4114|4116|4120|4129|4136|4140|4149|4153|4173|4177|4179|4182|4185|4216|4225|4226|4232|4234|4237|4244|4251|4256|4269|4287|4291|4303|4307|4310|4312|4326|4332|4334|4335|4336|4338|4347|4348|4356|4372|4387|4388|4393|4395|4399|4404|4406|4407|4420|4422|4438|4439|4441|4442|4445|4449|4456|4457|4466|4485|4487|4495|4516|4517|4527|4531|4532|4551|4564|4568|4573|4578|4588|4589|4590|4593|4595|4607|4614|4631|4635|4637|4641|4645|4647|4652|4657|4667|4669|4680|4681|4684|4691|4709|4717|4725|4728|4729|4740|4751|4756|4768|4771|4792|4797|4799|4800|4819|4822|4823|4828|4836|4841|4845|4853|4857|4864|4866|4871|4873|4883|4890|4895|4909|4912|4918|4925|4927|4928|4930|4934|4940|4947|4949|4955|4958|4982|4989|4993|4995|5003|5010|5012|5022|5023|5025|5033|5037|5053|5058|5063|5065|5073|5074|5077|5079|5081|5089|5090|5093|5097|5099|5102|5104|5111|5112|5118|5120|5134|5140|5146|5152|5157|5173|5177|5199|5216|5217|5220|5225|5232|5272|5273|5274|5276|5279|5280|5292|5298|5300|5305|5308|5310|5324|5327|5328|5330|5331|5334|5340|5348|5349|5353|5358|5359|5361|5362|5369|5375|5388|5389|5399|5405|5410|5412|5423|5428|5430|5440|5448|5458|5468|5473|5487|5488|5489|5526|5527|5540|5558|5574|5578|5579|5583|5591|5593|5599|5601|5604|5614|5615|5617|5619|5621|5622|5626|5634|5636|5637|5641|5650|5652|5661|5663|5667|5670|5674|5681|5686|5691|5695|5698|5700|5702|5706|5732|5742|5744|5753|5755|5756|5757|5765|5774|5777|5782|5785|5786|5788|5789|5808|5815|5818|5819|5821|5828,32.26136363636363,True
instance_0009.txt,aisle_first_desc,12,18,39,9|59|68|33|1|3|6|24|36|42|46|64,0|2|16|24|32|49|50|52|78|80|124|159|161|180|197|262|269|287,12|20|23|28|30|36|48|53|57|58|59|60|65|66|71|82|86|95|103|106|109|111|125|135|145|148|156|159|170|174|180|189|190|198|207|216|218|219|221,3.111111111111111,True
instance_0009.txt,knapsack,45,64,122,45|44|43|42|40|39|38|37|36|35|34|33|32|31|30|29|28|27|26|25|24|23|22|21|20|19|18|17|16|15|14|13|12|11|10|9|8|7|6|5|4|3|2|1|0,49|77|124|159|180|0|40|167|169|8|78|148|269|296|10|81|144|208|232|249|263|4|41|50|60|73|80|119|141|145|150|176|279|299|1|2|7|13|14|27|30|33|34|42|52|56|79|88|91|93|104|120|143|178|191|200|206|224|234|239|240|246|277|294,2|3|4|5|7|9|10|12|14|17|19|21|22|23|25|28|29|30|31|32|34|37|38|39|43|48|50|51|55|57|59|60|61|62|63|64|65|66|69|70|71|72|73|77|78|79|81|83|86|87|88|89|90|91|93|94|95|97|98|100|102|103|104|105|106|107|109|110|111|112|113|114|116|119|121|124|125|127|129|130|134|137|142|145|147|148|155|156|159|162|163|165|169|170|172|173|174|175|177|178|182|184|185|189|190|193|194|197|198|199|202|205|207|208|209|211|213|214|216|219|220|221,2.390625,True
instance_0009.txt,knapsack_density,57,71,134,69|68|64|63|62|60|58|57|56|55|52|51|50|49|48|47|46|45|44|42|41|40|39|38|37|36|34|33|32|31|30|29|28|27|26|24|23|22|21|20|19|18|16|15|14|13|12|11|10|8|7|6|4|3|2|1|0,87|0|274|2|70|78|49|114|219|277|1|8|81|89|119|130|144|145|200|208|222|242|263|33|53|56|73|77|113|116|123|136|141|255|273|3|6|7|10|30|34|47|52|60|71|79|86|88|93|120|133|143|158|159|162|170|176|191|206|213|214|218|224|232|234|239|240|246|278|294|299,1|2|4|5|7|9|11|12|15|17|18|19|20|21|22|23|25|26|28|29|30|31|32|34|36|37|38|41|42|43|48|49|50|51|52|53|55|57|59|61|62|63|64|67|68|69|70|71|73|74|75|77|81|83|84|86|87|88|89|90|91|92|93|94|97|98|100|101|102|104|105|107|109|110|114|116|119|120|121|123|124|127|130|133|135|136|137|141|142|143|145|146|147|148|149|150|155|156|158|160|161|163|167|169|170|172|174|175|176|177|178|181|183|184|186|187|189|191|193|197|198|199|200|201|202|203|205|207|208|212|213|214|219|220,2.1549295774647885,True
instance_0009.txt,knapsack_seed,26,46,110,69|68|67|66|64|61|59|58|57|54|49|46|44|43|38|36|34|33|28|23|15|9|5|3|2|1,87|124|269|287|159|77|167|180|277|89|8|24|80|125|49|52|78|79|114|222|88|3|6|7|10|16|18|31|40|50|70|73|109|123|149|155|160|162|188|197|216|224|242|279|280|286,0|2|8|10|12|13|14|16|20|23|26|27|28|30|33|35|36|40|42|45|46|47|48|49|53|56|58|59|60|61|65|66|68|71|75|76|80|81|82|83|85|86|91|93|94|95|96|97|99|103|105|106|108|111|118|122|124|125|126|128|131|132|134|135|138|139|140|144|148|151|152|153|154|155|156|157|159|161|162|164|166|167|168|169|170|171|172|177|179|180|181|182|184|189|190|191|195|196|197|203|204|206|207|210|214|215|216|217|218|221,3.3260869565217392,True
instance_0009.txt,random,39,64,121,66|35|60|45|40|28|16|31|53|57|19|20|5|42|68|27|64|69|12|54|67|7|33|9|50|0|44|4|23|52|49|43|36|3|24|46|13|62|2,87|124|159|50|49|287|52|77|262|16|269|78|89|111|114|144|167|280|283|13|79|125|169|180|192|193|198|216|249|277|286|5|8|27|31|44|73|86|113|120|148|155|162|178|218|232|295|10|21|33|101|102|119|141|163|170|219|222|240|30|81|109|206|279,8|10|12|13|14|20|23|24|26|29|30|32|33|34|35|36|42|43|45|46|47|48|50|53|54|56|59|61|64|65|66|67|68|71|73|75|76|80|85|86|87|89|91|94|95|96|98|101|103|104|105|106|108|109|111|112|114|115|116|119|120|124|125|129|130|132|133|134|135|136|138|139|142|143|145|146|147|148|150|151|152|153|155|156|158|159|161|162|163|164|167|170|171|174|175|178|181|182|187|188|189|190|191|195|196|197|198|199|201|202|203|205|207|208|210|211|213|214|215|216|221,2.390625,True
instance_0009.txt,smaller_multi,18,50,104,61|67|9|59|25|66|5|35|68|43|38|54|17|33|44|55|34|65,87|124|287|269|180|40|77|80|159|167|24|125|249|10|165|277|7|41|49|52|78|88|89|148|150|182|1|4|8|16|18|31|42|47|50|61|70|79|104|109|149|155|160|188|197|216|224|279|280|286,0|2|3|6|8|10|12|13|14|16|18|27|33|35|39|40|44|45|46|47|56|58|59|60|65|66|71|72|74|76|78|79|80|81|82|83|85|86|93|94|95|96|97|99|103|106|108|111|112|113|117|118|122|124|125|126|128|129|131|132|134|138|139|140|144|148|151|152|153|154|156|157|159|162|164|165|166|168|170|171|172|173|179|180|182|183|184|185|189|190|192|194|195|196|204|206|209|210|211|215|216|217|218|221,3.06,True
instance_0010.txt,aisle_first_desc,161,51,342,260|843|725|924|893|1078|1474|62|215|347|431|437|570|1053|1191|1273|1566|2|17|160|207|221|315|402|408|454|512|582|612|642|687|703|773|802|848|852|906|910|983|1020|1143|1165|1180|1182|1222|1230|1267|1316|1346|1380|1438|1454|10|12|38|57|59|68|73|108|115|122|140|157|185|189|192|218|225|236|241|254|276|283|336|355|362|370|380|419|432|445|477|480|491|504|514|534|542|551|581|586|588|615|623|624|638|662|668|676|680|689|696|724|729|738|754|764|808|812|833|849|879|905|909|915|931|952|961|966|968|985|1009|1035|1040|1050|1076|1077|1089|1101|1102|1108|1110|1112|1131|1139|1162|1186|1225|1229|1254|1255|1269|1275|1303|1306|1315|1327|1359|1371|1381|1384|1411|1415|1422|1451|1469|1487|1489|1531|1582,4|19|20|35|45|47|48|50|52|59|79|83|88|93|125|127|131|132|138|140|167|173|177|182|186|188|192|197|205|213|218|226|231|237|255|267|273|280|283|298|300|311|314|323|324|327|334|338|354|374|376,0|12|13|26|37|40|47|60|87|88|106|115|123|137|144|185|223|250|259|276|280|282|283|288|307|309|319|323|326|332|336|365|395|413|416|419|430|436|437|446|454|463|471|473|475|480|481|483|484|492|496|506|531|564|565|572|578|586|588|590|594|599|613|615|629|634|649|652|655|657|663|665|672|686|703|711|716|721|733|737|744|755|766|767|783|803|817|824|840|866|873|909|917|920|933|934|942|956|969|979|996|1021|1067|1072|1073|1090|1091|1095|1111|1127|1130|1154|1156|1173|1180|1181|1197|1242|1245|1259|1264|1267|1284|1286|1293|1301|1313|1382|1390|1393|1407|1415|1423|1441|1456|1501|1502|1509|1510|1520|1524|1526|1533|1573|1627|1654|1663|1685|1691|1692|1707|1715|1729|1730|1736|1740|1751|1781|1789|1824|1828|1829|1852|1854|1876|1895|1909|1914|1917|1923|1929|1934|1954|1962|1980|1985|1991|2011|2020|2036|2037|2040|2045|2046|2051|2053|2076|2094|2096|2113|2150|2153|2157|2165|2167|2174|2175|2193|2213|2214|2219|2235|2238|2244|2248|2257|2259|2274|2301|2320|2331|2360|2368|2379|2390|2398|2430|2439|2457|2462|2471|2497|2508|2515|2529|2541|2543|2548|2561|2567|2571|2575|2586|2590|2593|2604|2618|2630|2638|2642|2651|2679|2692|2694|2696|2713|2719|2723|2736|2742|2748|2759|2766|2775|2808|2810|2827|2837|2843|2878|2891|2913|2924|2931|2935|2938|2948|2958|2978|2981|2988|2990|2997|3011|3033|3050|3052|3056|3073|3091|3103|3115|3117|3118|3128|3149|3169|3200|3236|3244|3246|3258|3271|3276|3295|3296|3300|3301|3303|3308|3313|3371|3384|3386|3388|3402|3419|3420|3427|3442|3448|3455|3462|3466|3469|3472|3474|3479|3480|3485|3486|3487|3501|3515|3520|3528|3534|3536|3565|3577|3584|3609|3610|3622|3625|3636|3642|3646|3650|3677|3678|3687,8.215686274509803,True
instance_0010.txt,knapsack,594,295,1406,600|599|598|597|596|594|593|591|590|589|588|587|586|585|584|583|582|581|580|579|578|577|576|575|574|573|572|571|570|569|568|567|566|565|564|563|562|561|560|559|558|557|556|555|554|553|552|551|550|549|548|547|546|545|544|543|542|541|540|539|538|537|536|535|534|533|532|531|530|529|528|527|526|525|524|523|522|521|520|519|518|517|516|515|514|513|512|511|510|509|508|507|506|505|504|503|502|501|500|499|498|497|496|495|494|493|491|490|489|488|487|486|485|484|483|482|481|480|479|478|477|476|475|474|473|472|471|470|469|468|467|466|465|464|463|462|461|460|459|458|457|456|455|454|453|452|451|450|449|448|447|446|445|444|443|442|441|440|439|438|437|436|435|434|433|432|431|430|429|428|427|426|425|424|423|422|421|420|419|418|417|416|415|414|413|412|411|410|409|408|407|406|405|404|403|402|401|400|399|398|397|396|395|394|393|392|391|390|389|388|387|386|385|384|383|382|381|380|379|378|377|376|375|374|373|372|371|370|369|368|367|366|365|364|363|362|361|360|359|358|357|356|355|354|353|352|351|350|349|348|347|346|345|344|343|342|341|340|339|338|337|336|335|334|333|332|331|329|328|327|326|325|324|323|322|321|320|319|318|317|316|315|314|313|312|311|310|309|308|307|306|305|304|303|302|301|300|299|298|297|296|295|294|293|292|291|290|289|288|287|286|285|284|283|282|281|280|279|278|277|276|275|274|273|272|271|270|269|268|267|266|265|264|263|262|261|260|259|258|257|256|255|254|253|252|251|250|249|248|247|246|245|244|243|242|241|240|239|238|237|236|235|234|233|232|231|230|229|228|227|226|225|224|223|222|221|220|219|218|217|216|215|214|213|212|211|210|209|208|207|206|205|204|203|202|201|200|199|198|197|196|195|194|193|192|191|190|189|188|187|186|185|184|183|182|181|180|179|178|177|176|175|174|173|172|171|170|169|168|167|166|165|164|163|162|161|160|159|158|157|156|155|154|153|152|151|150|149|148|147|146|145|144|143|141|140|139|138|137|135|134|133|132|131|130|129|128|127|126|125|124|123|122|121|120|119|118|117|116|115|114|113|112|111|110|109|108|107|106|105|104|103|102|101|100|99|98|97|96|95|94|93|92|91|90|89|88|87|86|85|84|83|82|81|80|79|78|77|76|75|74|73|72|71|70|69|68|67|66|65|64|63|62|61|60|59|58|57|56|55|54|53|52|51|50|49|48|47|46|45|44|43|42|41|40|39|38|37|36|35|34|33|32|31|30|29|28|27|26|25|24|23|22|21|20|19|18|17|16|14|13|12|11|10|9|8|7|6|5|4|3|2|1|0,42|88|202|167|327|4|53|199|374|110|268|27|1|240|23|145|197|114|212|266|283|341|273|300|147|176|189|275|200|34|39|51|153|163|188|247|354|126|148|191|33|47|77|84|109|288|321|54|66|70|71|95|144|210|211|234|237|238|241|324|56|82|105|132|259|265|294|298|96|111|156|174|187|193|226|228|285|296|350|365|2|16|40|59|83|101|118|120|171|245|276|301|311|333|344|345|357|0|3|7|21|32|38|99|100|112|115|143|164|168|170|175|185|205|215|255|261|271|292|318|329|338|339|343|351|379|10|25|36|49|63|97|98|102|113|123|134|141|149|154|172|178|184|213|217|257|279|287|299|303|330|331|342|373|9|12|19|26|31|46|50|62|68|81|125|137|155|162|182|190|203|209|218|243|252|254|256|258|270|272|278|286|309|313|323|326|332|340|376|378|380|8|11|18|22|24|52|55|58|67|69|80|85|86|92|103|116|127|138|150|159|169|173|177|192|214|220|224|229|239|242|250|253|267|269|280|281|289|297|307|308|314|322|325|334|337|363|364|366|13|35|37|41|45|48|73|76|78|87|93|121|122|124|128|129|133|139|142|146|157|158|179|180|183|198|201|206|207|219|227|231|232|246|248|249|251|282|284|290|293|305|312|316|319|336|346|348|352|355|359|361|368|370|372|377,0|1|6|8|9|14|15|16|18|20|25|29|30|31|36|37|40|42|45|47|55|56|57|59|60|65|67|69|70|72|74|77|80|84|86|90|91|94|95|100|104|105|108|110|114|115|116|117|118|119|121|123|128|129|130|131|132|133|134|142|145|147|150|152|153|155|156|162|166|170|172|174|178|179|181|182|184|189|190|191|196|197|198|199|200|203|206|214|215|216|218|224|225|226|227|228|233|240|245|246|247|249|254|255|261|267|268|269|274|279|280|282|285|288|291|292|293|300|306|308|309|311|313|314|316|317|318|319|320|324|330|334|335|336|339|343|347|349|351|353|355|360|364|365|367|369|370|373|374|375|376|377|380|381|383|385|386|387|392|393|394|398|399|417|422|423|425|426|427|430|431|432|433|434|435|437|439|440|442|443|447|451|452|454|457|458|460|468|469|471|472|473|474|477|478|481|485|486|494|498|500|506|510|511|514|519|520|522|524|525|527|529|530|531|536|538|541|543|544|547|548|549|550|551|553|555|556|557|559|560|562|563|567|570|574|575|576|578|582|584|586|587|589|591|592|594|595|596|600|602|605|607|608|618|625|626|627|628|630|631|633|635|638|641|643|649|652|653|655|658|659|661|663|669|670|671|672|673|677|678|683|684|686|691|694|697|701|702|703|705|707|709|710|711|715|722|724|725|732|735|741|742|743|746|748|750|751|757|760|764|766|772|781|782|786|789|793|797|801|803|805|806|808|812|814|815|818|819|823|828|829|830|832|833|835|842|845|847|850|853|854|857|864|867|868|870|877|879|880|889|890|893|894|896|898|902|905|907|908|910|911|912|917|922|924|928|929|931|937|939|941|944|947|948|950|957|959|967|971|972|974|976|979|980|983|985|988|990|991|994|999|1010|1011|1012|1014|1017|1025|1027|1028|1029|1030|1032|1034|1037|1039|1044|1045|1046|1047|1048|1053|1057|1058|1059|1062|1063|1064|1066|1068|1072|1079|1081|1082|1084|1091|1094|1107|1109|1112|1115|1116|1117|1119|1120|1121|1124|1128|1138|1140|1141|1142|1145|1155|1156|1158|1160|1163|1166|1169|1170|1175|1181|1182|1185|1186|1187|1188|1190|1191|1192|1193|1194|1197|1200|1204|1205|1209|1211|1212|1213|1214|1216|1218|1220|1221|1226|1227|1228|1234|1235|1237|1238|1239|1242|1244|1246|1247|1253|1256|1258|1260|1265|1268|1272|1273|1274|1275|1276|1277|1278|1279|1280|1281|1283|1285|1286|1289|1291|1295|1298|1300|1303|1306|1308|1309|1311|1313|1314|1317|1318|1320|1321|1325|1326|1331|1333|1334|1335|1337|1338|1342|1344|1349|1350|1355|1356|1359|1361|1365|1366|1367|1368|1369|1371|1375|1376|1377|1382|1389|1391|1392|1393|1399|1400|1401|1402|1403|1405|1406|1408|1411|1412|1419|1420|1422|1423|1425|1426|1428|1436|1441|1447|1455|1463|1464|1471|1480|1482|1483|1485|1488|1490|1492|1494|1496|1499|1500|1501|1502|1504|1510|1512|1514|1516|1517|1518|1521|1525|1527|1534|1538|1539|1548|1554|1556|1559|1561|1566|1569|1572|1573|1576|1578|1581|1583|1587|1588|1589|1593|1599|1602|1603|1604|1606|1616|1619|1628|1635|1637|1639|1640|1643|1646|1647|1650|1652|1656|1661|1662|1663|1665|1668|1671|1676|1679|1681|1682|1685|1689|1690|1695|1696|1697|1699|1702|1705|1706|1707|1708|1709|1710|1724|1726|1730|1731|1734|1735|1736|1738|1739|1740|1742|1743|1745|1747|1753|1754|1760|1762|1769|1771|1772|1776|1779|1783|1787|1789|1790|1792|1793|1794|1796|1799|1800|1802|1806|1807|1814|1823|1826|1831|1833|1834|1835|1838|1839|1840|1843|1848|1849|1850|1852|1854|1857|1858|1865|1866|1870|1874|1875|1880|1881|1883|1885|1886|1891|1893|1894|1895|1896|1898|1899|1900|1902|1905|1907|1908|1910|1914|1917|1923|1926|1928|1934|1938|1941|1942|1943|1946|1947|1953|1956|1957|1958|1962|1967|1968|1970|1971|1977|1981|1989|1991|1993|1998|2000|2001|2004|2007|2014|2019|2022|2027|2029|2031|2035|2036|2037|2038|2040|2042|2045|2051|2052|2054|2059|2060|2062|2066|2067|2069|2070|2073|2074|2076|2079|2080|2081|2082|2087|2090|2092|2095|2096|2098|2099|2105|2110|2112|2115|2119|2122|2123|2126|2130|2142|2143|2145|2149|2150|2153|2154|2157|2166|2167|2169|2170|2173|2174|2180|2183|2190|2192|2194|2199|2200|2201|2202|2204|2205|2207|2208|2210|2211|2212|2213|2214|2216|2217|2222|2224|2231|2232|2233|2234|2239|2240|2241|2242|2245|2246|2247|2251|2253|2259|2262|2264|2265|2268|2271|2273|2282|2286|2287|2294|2297|2302|2307|2308|2315|2321|2325|2326|2329|2330|2332|2336|2341|2343|2346|2347|2349|2351|2353|2355|2359|2362|2364|2365|2366|2367|2370|2372|2373|2374|2378|2383|2385|2390|2392|2409|2410|2411|2412|2417|2419|2437|2441|2442|2443|2444|2445|2447|2448|2452|2454|2457|2460|2465|2466|2467|2469|2470|2475|2477|2478|2480|2481|2483|2484|2485|2486|2491|2493|2495|2496|2500|2502|2503|2506|2507|2508|2509|2511|2512|2513|2517|2518|2524|2528|2529|2530|2533|2538|2543|2544|2552|2553|2554|2556|2557|2558|2565|2570|2573|2574|2575|2580|2581|2585|2587|2588|2589|2594|2595|2597|2600|2602|2604|2608|2609|2610|2611|2622|2628|2629|2632|2633|2634|2637|2638|2639|2640|2641|2650|2651|2652|2657|2658|2662|2664|2667|2669|2672|2675|2676|2678|2679|2685|2692|2694|2704|2705|2717|2718|2719|2722|2725|2726|2727|2732|2734|2735|2737|2738|2739|2741|2747|2751|2752|2760|2768|2769|2771|2773|2774|2776|2777|2778|2783|2784|2787|2793|2794|2807|2809|2812|2816|2818|2819|2821|2824|2825|2826|2828|2829|2830|2832|2833|2834|2836|2838|2843|2844|2846|2847|2849|2851|2853|2857|2858|2860|2861|2867|2871|2874|2875|2878|2881|2882|2883|2885|2891|2893|2895|2899|2901|2906|2907|2908|2909|2911|2912|2913|2914|2915|2916|2917|2922|2923|2925|2926|2928|2929|2931|2933|2935|2936|2940|2944|2945|2952|2953|2954|2955|2959|2960|2966|2968|2970|2972|2973|2979|2981|2983|2984|2985|2988|2990|2992|2995|2999|3003|3004|3005|3011|3013|3016|3017|3019|3023|3025|3026|3030|3031|3038|3046|3048|3049|3050|3052|3054|3055|3057|3058|3060|3061|3062|3068|3074|3078|3085|3086|3088|3092|3096|3099|3101|3103|3105|3109|3110|3112|3113|3114|3116|3119|3121|3122|3123|3125|3126|3130|3133|3135|3137|3139|3140|3141|3142|3144|3146|3147|3150|3157|3158|3159|3176|3178|3183|3184|3190|3191|3192|3196|3202|3203|3206|3210|3211|3212|3213|3215|3217|3218|3219|3222|3223|3224|3230|3236|3237|3239|3244|3245|3249|3254|3260|3261|3264|3266|3268|3272|3273|3275|3276|3277|3283|3284|3285|3287|3288|3290|3292|3294|3296|3298|3303|3305|3309|3315|3317|3318|3321|3322|3325|3327|3328|3329|3335|3340|3341|3343|3344|3346|3348|3352|3353|3354|3360|3361|3362|3363|3368|3371|3385|3386|3395|3406|3407|3410|3415|3417|3419|3420|3424|3429|3431|3435|3438|3439|3441|3443|3447|3448|3453|3455|3457|3458|3459|3462|3463|3464|3466|3469|3471|3478|3479|3483|3485|3487|3491|3492|3498|3500|3503|3504|3511|3512|3513|3514|3517|3519|3520|3521|3522|3523|3528|3529|3530|3531|3532|3533|3535|3537|3538|3539|3543|3546|3547|3549|3553|3558|3568|3569|3572|3574|3575|3576|3578|3580|3582|3587|3589|3600|3602|3605|3606|3607|3609|3613|3614|3615|3616|3620|3621|3623|3628|3630|3633|3637|3640|3641|3642|3645|3647|3650|3655|3656|3657|3660|3661|3663|3665|3666|3667|3669|3670|3671|3672|3674|3675|3684|3685|3686|3688,5.830508474576271,True
instance_0010.txt,knapsack_density,723,295,1403,1586|1565|1531|1521|1512|1451|1448|1438|1426|1409|1406|1386|1381|1361|1344|1327|1326|1325|1324|1316|1315|1273|1268|1252|1231|1213|1200|1186|1169|1162|1149|1131|1111|1109|1093|1077|1067|1054|1040|1036|1001|997|996|991|989|988|987|985|984|983|982|981|980|978|976|975|974|973|972|971|970|969|968|966|965|964|963|962|961|960|958|957|953|952|948|947|945|943|940|939|938|937|936|932|931|928|927|925|924|923|922|919|915|911|909|908|907|906|905|904|903|901|900|899|898|897|896|894|890|889|887|885|884|883|882|880|879|877|876|875|873|872|871|869|868|866|865|863|860|859|858|856|855|854|853|852|851|850|849|848|847|846|842|841|840|838|835|833|831|829|826|825|824|822|821|820|819|818|817|813|812|810|809|808|807|805|804|803|798|796|795|794|792|791|790|789|788|787|786|785|784|783|782|779|778|777|776|775|773|772|771|769|768|767|765|764|763|762|761|759|758|757|754|753|752|748|747|746|745|744|742|741|740|738|737|734|733|731|730|729|728|726|724|723|721|720|719|715|714|712|709|708|707|705|704|702|701|698|697|696|695|691|689|687|686|685|684|683|682|681|680|679|677|676|675|674|671|670|668|666|664|663|662|661|660|658|657|654|652|651|650|647|646|645|644|642|641|640|639|638|637|636|634|633|631|628|627|626|625|624|623|620|619|615|613|612|609|608|607|606|604|602|598|596|594|593|591|590|588|586|585|584|583|581|579|577|576|575|573|572|571|568|567|566|565|564|562|561|560|559|558|556|555|554|552|551|550|547|546|545|543|542|541|540|539|537|536|535|534|533|532|531|530|529|526|525|523|522|521|520|519|518|517|516|515|514|513|512|510|509|508|507|505|504|503|499|498|497|496|494|491|490|489|488|486|485|482|481|480|479|478|477|476|475|474|472|471|468|466|465|464|463|462|461|460|459|453|452|451|450|448|447|446|445|444|443|442|441|439|437|434|433|432|431|430|429|428|424|423|421|420|419|417|414|413|410|409|408|407|406|402|401|399|398|397|395|394|392|387|386|384|381|380|379|376|375|374|373|372|371|370|369|367|365|364|362|361|360|359|357|356|355|354|352|350|349|348|347|346|345|344|342|341|340|339|338|337|336|332|331|329|327|325|324|323|322|321|320|319|317|316|315|313|308|306|305|302|300|299|298|294|293|292|291|290|289|288|287|285|284|283|282|281|280|279|278|276|275|274|273|272|271|270|269|268|266|265|264|263|260|259|258|257|256|254|253|252|251|249|246|244|243|242|241|240|239|238|236|235|234|233|232|230|227|226|225|224|223|221|220|218|217|215|213|212|211|210|208|207|206|205|204|203|201|200|199|198|196|193|192|191|190|189|188|187|186|185|180|179|178|177|176|175|174|172|167|166|165|164|160|159|158|157|156|155|154|153|151|149|148|147|145|144|143|141|140|137|134|132|129|128|127|126|124|123|122|121|120|119|118|117|116|115|114|112|109|108|105|104|103|102|100|95|92|91|89|88|85|84|83|82|81|80|79|78|77|76|74|73|72|70|69|68|67|66|64|63|62|61|60|59|58|57|56|55|54|52|51|49|48|47|46|45|44|43|42|41|39|38|37|35|33|31|30|29|28|23|22|21|20|19|17|16|12|11|10|8|7|4|3|2|1|0,42|374|202|53|167|4|240|88|21|324|184|27|182|237|212|267|2|16|188|228|292|0|187|113|138|189|338|28|322|101|168|211|23|150|341|7|37|191|257|283|313|334|85|114|176|296|356|25|39|56|95|147|153|192|247|9|34|67|97|110|144|148|170|190|275|379|31|46|54|77|127|146|199|206|210|219|259|268|279|58|68|100|105|125|169|171|205|207|255|305|325|350|8|59|63|66|93|96|102|156|159|163|215|226|233|265|271|278|317|318|321|323|357|375|376|378|5|18|36|38|78|120|123|126|145|197|229|234|245|256|258|273|285|289|293|311|327|339|343|360|364|377|1|12|13|24|26|32|33|47|51|64|82|84|111|118|124|152|154|157|162|164|196|200|213|214|231|242|246|254|272|287|297|309|351|365|370|373|6|20|30|45|48|49|52|62|71|73|98|99|112|115|122|128|142|143|149|155|161|172|173|174|175|177|186|193|204|218|220|236|239|241|243|244|248|253|269|276|277|282|286|294|298|301|303|308|331|333|340|342|345|354|363|3|19|35|55|70|72|79|80|81|87|92|103|106|116|121|129|131|132|133|134|141|160|178|179|180|181|185|216|217|238|249|252|261|270|274|281|288|290|295|299|300|307|312|316|319|326|329|332|336|337|344|346|347|348|352|355|358|362|366|368|372|381,0|1|2|4|9|10|11|12|13|15|16|17|18|19|24|25|29|30|36|37|38|40|45|47|51|55|59|60|61|67|68|69|70|71|72|73|74|75|80|83|84|85|88|90|94|95|96|99|104|105|108|109|110|115|116|118|121|123|124|127|128|129|132|133|134|145|147|149|150|151|152|154|156|165|166|172|174|178|179|181|182|183|184|185|190|191|196|197|199|200|203|206|210|214|215|216|217|219|220|223|225|226|228|234|241|244|247|250|251|255|259|261|264|267|269|273|275|279|280|281|282|288|290|291|295|298|306|308|309|311|312|313|316|319|323|324|326|334|335|337|339|342|347|351|352|353|355|356|360|364|365|370|374|376|377|380|381|382|383|385|392|393|394|395|397|407|409|414|416|423|425|426|429|430|431|435|436|437|438|440|442|446|447|449|452|454|455|460|463|467|468|470|471|472|473|475|476|477|479|480|481|483|487|491|492|493|494|497|499|505|506|508|510|513|519|522|525|526|527|530|531|533|534|538|539|540|541|544|545|547|548|549|551|552|555|556|557|560|563|567|568|574|578|583|584|586|587|589|590|591|594|596|597|599|600|602|603|605|607|608|611|615|617|625|628|629|632|633|634|636|639|640|648|649|650|651|652|653|655|657|658|659|662|663|668|669|673|676|677|681|686|689|690|691|694|696|697|701|703|706|710|711|713|715|716|717|720|724|725|740|741|742|744|746|748|760|764|766|787|789|790|793|799|802|803|806|809|812|815|817|818|819|823|829|832|834|835|842|846|847|849|850|852|855|857|861|862|863|864|868|872|873|874|877|880|886|887|893|894|896|898|908|909|910|911|917|922|924|926|928|933|937|941|942|943|946|947|950|956|959|967|971|973|974|975|979|980|982|983|984|985|995|996|1001|1012|1013|1014|1017|1019|1021|1025|1026|1027|1028|1032|1035|1039|1044|1046|1050|1060|1061|1062|1063|1066|1067|1069|1072|1073|1077|1078|1084|1090|1091|1092|1094|1096|1105|1107|1109|1110|1111|1115|1116|1120|1123|1125|1128|1129|1137|1140|1141|1151|1156|1159|1160|1163|1166|1169|1172|1181|1185|1186|1189|1194|1196|1197|1200|1201|1205|1206|1207|1209|1211|1214|1216|1224|1226|1227|1228|1235|1237|1238|1240|1241|1242|1245|1246|1249|1260|1262|1264|1265|1266|1267|1268|1270|1271|1273|1275|1277|1278|1281|1285|1286|1292|1298|1300|1303|1305|1311|1312|1313|1314|1318|1319|1320|1321|1322|1326|1327|1333|1334|1335|1337|1338|1342|1345|1347|1350|1351|1354|1355|1357|1359|1360|1365|1366|1367|1368|1374|1376|1377|1379|1382|1384|1387|1392|1393|1394|1400|1402|1403|1405|1406|1408|1412|1414|1415|1419|1420|1421|1423|1424|1426|1431|1436|1437|1438|1441|1447|1455|1464|1466|1471|1482|1483|1484|1490|1491|1492|1494|1496|1497|1501|1502|1504|1506|1510|1514|1516|1517|1518|1519|1521|1525|1527|1531|1532|1535|1539|1541|1545|1548|1556|1559|1561|1566|1568|1573|1579|1581|1586|1587|1591|1593|1599|1601|1602|1603|1604|1606|1612|1617|1618|1619|1624|1625|1628|1630|1634|1635|1638|1639|1640|1643|1646|1652|1653|1654|1658|1662|1663|1668|1669|1671|1672|1673|1676|1682|1687|1690|1699|1705|1706|1707|1708|1714|1721|1725|1730|1736|1740|1742|1743|1745|1747|1749|1751|1753|1754|1757|1758|1759|1760|1768|1771|1772|1776|1779|1784|1787|1788|1789|1790|1794|1796|1800|1801|1803|1806|1809|1812|1813|1816|1818|1826|1831|1832|1833|1835|1837|1838|1842|1846|1847|1848|1850|1852|1854|1855|1856|1857|1858|1861|1864|1866|1868|1872|1875|1878|1880|1881|1883|1884|1886|1890|1891|1893|1894|1895|1896|1898|1903|1907|1908|1910|1912|1917|1923|1928|1929|1934|1938|1941|1945|1948|1953|1958|1961|1962|1966|1967|1971|1973|1976|1977|1979|1980|1981|1982|1989|1997|1999|2003|2004|2010|2014|2017|2019|2021|2026|2027|2029|2030|2033|2034|2036|2037|2040|2042|2045|2048|2049|2051|2053|2054|2059|2062|2066|2067|2073|2074|2076|2081|2085|2087|2092|2094|2096|2097|2098|2099|2101|2105|2110|2112|2116|2118|2119|2121|2123|2125|2126|2130|2133|2135|2137|2139|2143|2150|2153|2154|2157|2158|2161|2164|2165|2166|2167|2169|2173|2174|2176|2180|2183|2190|2192|2194|2199|2200|2202|2204|2205|2207|2208|2210|2211|2212|2213|2214|2215|2217|2218|2224|2231|2232|2233|2234|2235|2239|2240|2242|2244|2249|2250|2253|2254|2257|2259|2262|2264|2273|2274|2276|2279|2280|2282|2285|2291|2293|2294|2297|2304|2308|2313|2315|2316|2317|2319|2320|2321|2322|2326|2327|2329|2330|2337|2340|2342|2344|2349|2351|2353|2355|2359|2361|2364|2365|2366|2367|2368|2370|2372|2373|2374|2375|2380|2381|2383|2385|2390|2392|2394|2398|2399|2405|2411|2415|2418|2419|2426|2428|2431|2437|2439|2443|2449|2452|2457|2460|2464|2465|2466|2467|2471|2473|2474|2475|2478|2479|2481|2482|2484|2485|2493|2494|2497|2498|2499|2500|2503|2504|2505|2507|2508|2509|2511|2513|2515|2528|2529|2530|2538|2540|2543|2544|2545|2547|2552|2554|2557|2563|2567|2568|2571|2574|2575|2577|2588|2590|2594|2595|2600|2601|2604|2605|2608|2614|2615|2618|2619|2620|2622|2626|2628|2629|2630|2632|2633|2634|2638|2639|2640|2646|2647|2654|2656|2657|2658|2662|2666|2667|2672|2676|2677|2679|2684|2685|2687|2692|2694|2696|2698|2705|2709|2711|2713|2716|2717|2718|2719|2723|2725|2727|2728|2735|2736|2737|2738|2740|2742|2745|2747|2748|2751|2756|2758|2759|2760|2763|2766|2768|2770|2774|2777|2778|2780|2792|2795|2803|2809|2812|2815|2816|2819|2820|2825|2826|2827|2829|2833|2834|2836|2838|2843|2844|2847|2853|2855|2857|2858|2860|2864|2869|2871|2873|2874|2875|2878|2881|2882|2884|2885|2886|2891|2892|2894|2899|2900|2901|2903|2904|2907|2908|2911|2913|2914|2915|2917|2922|2923|2925|2926|2931|2934|2935|2936|2937|2939|2940|2942|2944|2945|2947|2948|2950|2956|2958|2959|2962|2966|2968|2970|2971|2972|2973|2979|2981|2983|2984|2985|2987|2992|2999|3004|3005|3006|3008|3011|3013|3017|3019|3023|3024|3028|3030|3031|3035|3036|3037|3040|3041|3042|3044|3048|3049|3050|3051|3052|3054|3055|3057|3058|3060|3061|3072|3079|3082|3084|3085|3086|3088|3094|3097|3099|3101|3103|3104|3105|3110|3114|3115|3116|3118|3122|3125|3126|3129|3137|3139|3141|3142|3143|3145|3146|3150|3153|3157|3158|3159|3160|3162|3165|3167|3168|3169|3172|3175|3176|3177|3178|3179|3181|3185|3190|3191|3192|3199|3203|3210|3211|3215|3217|3218|3220|3221|3222|3223|3225|3227|3230|3232|3236|3237|3244|3245|3246|3249|3262|3265|3268|3271|3275|3276|3277|3281|3284|3288|3289|3294|3295|3296|3301|3302|3303|3304|3305|3312|3313|3317|3318|3325|3326|3328|3329|3330|3333|3334|3337|3340|3343|3348|3350|3352|3353|3358|3361|3362|3363|3365|3366|3371|3376|3386|3388|3395|3399|3403|3404|3405|3406|3408|3412|3418|3419|3420|3424|3431|3436|3438|3443|3447|3448|3453|3455|3456|3458|3462|3463|3464|3465|3469|3474|3478|3479|3480|3483|3485|3487|3493|3494|3498|3500|3503|3509|3510|3512|3516|3518|3520|3521|3522|3527|3528|3529|3530|3531|3532|3533|3534|3536|3537|3538|3544|3566|3568|3569|3572|3574|3576|3577|3580|3584|3588|3595|3598|3601|3605|3606|3609|3610|3613|3614|3619|3621|3626|3628|3630|3633|3636|3637|3638|3639|3640|3642|3644|3648|3650|3657|3659|3661|3662|3665|3666|3669|3674|3677|3678|3680|3683|3684|3686,5.820338983050847,True
instance_0010.txt,knapsack_seed,187,158,496,1594|1577|1574|1557|1535|1530|1498|1484|1480|1469|1463|1434|1417|1411|1409|1385|1372|1368|1364|1353|1350|1349|1347|1346|1344|1334|1331|1328|1326|1320|1315|1302|1298|1291|1276|1271|1268|1248|1243|1234|1226|1218|1214|1210|1208|1201|1197|1196|1195|1181|1167|1162|1161|1158|1149|1142|1130|1117|1113|1083|1082|1081|1080|1078|1076|1070|1056|1045|1043|1029|1028|1021|1016|1009|1000|997|988|975|953|935|932|917|899|897|884|882|873|863|861|859|854|852|849|842|834|827|818|815|812|787|774|768|734|722|705|689|679|659|653|652|635|630|617|606|604|599|582|578|574|570|567|563|556|550|538|517|508|472|470|468|467|464|463|460|449|436|432|408|402|401|396|395|394|389|388|386|365|352|343|335|334|332|328|326|307|304|295|281|272|268|266|260|238|227|208|189|171|167|154|150|146|135|133|130|127|125|120|105|101|95|69|63|40|39|33|13|6,273|33|42|85|241|21|374|23|36|67|329|266|137|44|114|243|102|115|282|301|9|68|124|58|162|174|210|22|27|69|138|139|158|281|354|30|49|51|55|56|72|113|126|131|157|203|211|248|253|260|308|321|380|3|11|20|24|46|63|97|143|148|153|159|160|201|202|204|209|220|228|233|250|259|276|292|313|335|342|350|358|359|378|1|2|7|32|35|38|40|45|47|50|54|60|66|71|95|99|101|109|110|111|116|120|122|133|142|146|164|173|175|176|179|182|187|190|191|192|193|197|206|212|218|231|234|238|239|245|247|249|252|255|258|261|262|280|290|293|294|296|298|300|315|318|331|338|341|345|346|363|364|365|370|371|375|377|379,2|11|14|17|23|27|63|77|81|97|99|101|103|109|111|119|142|156|157|158|162|167|172|174|177|192|195|203|204|206|257|259|260|262|276|280|291|305|311|330|336|338|344|353|356|387|392|395|396|408|432|433|434|445|452|457|462|472|482|483|493|507|508|512|519|534|535|559|562|574|576|599|605|615|624|638|665|669|670|682|697|702|719|726|732|733|738|746|748|752|754|755|757|763|764|771|786|792|797|804|809|830|835|845|849|864|869|885|905|921|923|927|931|932|941|947|955|957|961|962|972|973|980|995|997|999|1010|1046|1047|1054|1061|1075|1079|1087|1093|1094|1100|1118|1142|1144|1145|1148|1167|1172|1185|1190|1194|1195|1200|1202|1203|1233|1244|1249|1272|1274|1282|1286|1296|1323|1329|1339|1344|1346|1349|1355|1379|1393|1404|1408|1410|1414|1420|1422|1423|1441|1468|1473|1486|1488|1489|1496|1497|1499|1500|1509|1527|1530|1535|1544|1546|1557|1575|1584|1588|1589|1602|1610|1613|1637|1673|1685|1687|1691|1695|1702|1704|1705|1707|1713|1716|1727|1746|1749|1760|1762|1770|1778|1785|1793|1797|1807|1818|1820|1826|1827|1834|1843|1864|1868|1870|1874|1877|1883|1893|1901|1914|1921|1922|1923|1933|1940|1948|1949|1953|1969|1974|1975|1980|1986|1987|1991|1992|1994|1998|2007|2009|2023|2044|2049|2060|2069|2088|2095|2107|2117|2120|2122|2131|2134|2139|2148|2159|2163|2165|2171|2172|2174|2178|2183|2194|2195|2199|2203|2210|2229|2233|2245|2246|2247|2261|2264|2268|2270|2271|2280|2285|2286|2289|2298|2310|2317|2322|2345|2349|2352|2358|2361|2365|2370|2375|2414|2423|2424|2430|2432|2433|2443|2444|2450|2452|2463|2475|2483|2484|2490|2491|2510|2514|2515|2518|2519|2523|2526|2534|2536|2537|2541|2570|2571|2574|2575|2576|2577|2581|2599|2601|2608|2609|2620|2621|2636|2637|2644|2652|2654|2660|2668|2670|2672|2678|2692|2725|2729|2732|2733|2750|2778|2779|2787|2799|2801|2804|2810|2824|2829|2833|2849|2852|2861|2878|2887|2893|2902|2904|2912|2935|2940|2943|2955|2963|2969|2976|2980|2986|2988|2989|2990|3004|3007|3012|3016|3024|3029|3035|3041|3062|3065|3066|3077|3089|3096|3097|3099|3102|3109|3115|3132|3146|3163|3165|3173|3180|3181|3191|3208|3210|3211|3212|3238|3241|3243|3244|3256|3273|3276|3293|3295|3299|3303|3322|3325|3330|3346|3351|3356|3360|3369|3373|3381|3412|3417|3422|3441|3442|3444|3449|3454|3455|3462|3465|3468|3479|3482|3483|3511|3512|3514|3517|3531|3535|3538|3545|3548|3552|3566|3570|3573|3575|3577|3601|3613|3615|3627|3636|3640|3647|3648|3649|3654|3655|3656|3662|3663|3667|3676,4.424050632911392,True
instance_0010.txt,random,609,301,1432,372|327|1308|232|764|1080|1259|349|892|343|687|769|1201|148|1409|1359|1096|393|417|1403|721|1462|243|568|303|297|815|748|411|66|1358|1499|1506|1318|781|1246|1192|491|1406|696|108|275|875|585|678|199|1012|77|1271|25|1430|245|1528|521|926|1146|221|960|664|1332|923|866|205|168|581|176|133|1464|515|1073|1267|922|1311|1040|561|1206|543|666|778|1539|735|1434|292|1380|48|486|431|775|578|831|1326|1498|1321|828|1235|13|1580|557|752|834|306|1516|745|332|54|906|1335|1178|24|749|85|192|796|612|1215|1327|1483|99|1542|75|1087|398|1088|893|1232|329|282|657|1256|661|544|146|124|571|800|1186|325|978|671|16|754|1391|1165|1054|1205|640|401|790|992|1231|626|1141|212|1060|1343|535|355|73|375|1389|123|506|354|1011|93|758|190|1016|817|1524|1292|1586|1385|682|37|1176|1211|959|935|228|987|347|1582|798|203|1515|178|11|628|1257|374|1161|1238|694|202|663|129|261|1330|624|1197|1315|1422|1237|1453|937|753|163|309|1354|1424|818|977|807|51|1470|334|227|1118|591|1171|813|1172|1460|1083|563|445|514|1152|156|338|186|1449|310|1320|971|1158|956|547|613|57|36|1251|711|204|746|367|1490|49|1514|263|567|1302|1241|65|414|1157|1103|972|550|289|1104|1061|656|131|1097|921|983|588|1325|782|1070|140|340|104|294|1268|1145|1023|631|1414|841|1425|1401|1013|1275|20|1386|380|471|230|482|167|799|484|118|390|364|469|1590|317|0|1281|763|1398|280|757|490|59|767|734|1196|1033|824|788|850|1291|424|643|78|742|80|17|1392|246|222|884|1427|1004|579|829|564|170|1066|989|1581|1253|154|830|188|961|1568|1017|100|1195|1214|744|1089|1106|1149|1507|356|361|1558|483|458|1191|1371|1092|235|858|1599|1557|1347|1591|794|1352|714|494|206|42|1248|1467|305|821|1129|863|396|4|211|276|1189|378|842|1426|1561|50|1202|1368|196|336|428|1431|1458|363|23|909|456|283|97|1404|389|162|1501|1529|286|805|1585|576|29|991|362|1170|434|1415|311|832|141|1312|1282|602|1445|845|433|9|1361|1284|811|1081|128|1408|627|1245|147|87|1222|489|1297|927|56|229|1207|1600|549|1509|520|1111|149|1465|12|271|1439|353|394|239|941|517|970|225|300|950|477|513|284|566|61|974|231|756|1100|670|1234|447|122|1143|1071|985|1348|1360|679|135|114|130|1208|1065|1435|200|1180|569|939|1270|545|1481|658|180|1039|1484|1379|1059|1091|446|1287|1030|453|1193|1058|481|1184|777|1008|1227|98|500|1525|1243|713|804|1567|902|1269|1578|72|201|1469|606|913|208|533|737|1319|301|600|1162|914|1589|405|1443|924|633|406|1250|565|1228|266|1041|423|264|780|1545|1537|352|1131|507|1572|1345|1570|915|242|1451|727|1198|938|1378|638|1119|541|1150|189|1301|1489|379|774|1278|683|341|470|316|878|1125|827|30|1101|816|814|251|577|395|908|1595|874|1031|540|1020|106|430|161|771|1479|1154|1288|608|558|22|665|635|339|1164|910|1006,308|42|167|4|240|327|380|211|251|2|9|23|202|273|292|354|88|131|184|266|39|212|77|96|138|20|157|188|225|241|280|289|298|322|30|33|45|79|92|159|182|224|267|311|337|374|19|35|50|63|110|125|153|200|323|27|68|93|144|177|198|199|215|281|283|300|343|373|3|22|49|53|62|81|124|190|205|246|314|334|379|16|21|25|36|67|111|170|173|187|237|244|279|333|339|363|71|101|142|145|158|163|176|191|196|197|210|256|258|293|294|324|358|29|80|83|86|94|109|114|115|122|132|155|168|185|203|209|255|338|341|6|13|64|85|98|113|126|172|174|175|218|226|229|243|254|257|288|296|309|325|345|350|369|371|372|376|40|46|51|54|78|95|97|112|123|129|147|150|154|169|186|219|233|252|275|278|284|295|317|318|357|1|17|84|103|105|120|146|217|231|268|299|319|38|52|59|65|134|143|148|171|189|193|207|238|282|297|342|370|0|7|12|31|66|82|119|133|156|227|239|305|364|5|8|73|99|162|213|253|332|378|164|206|269|276|285|326|329|331|340|351|375|26|34|58|70|102|118|149|192|234|247|287|290|301|313|365|32|47|261|37|55|128|242|271|356|361|41|72|100|116|208|248|259|265|312|315|330|344|336|28|56|139|204|228|277|11|307|362|24|178|250|303|366|10|15|223|272|348|286,0|1|25|27|28|31|33|36|37|39|41|44|45|46|48|49|50|51|53|54|56|61|62|63|70|72|73|76|77|78|81|84|88|90|92|93|94|95|96|99|103|109|122|132|133|136|137|141|145|146|152|158|159|160|161|162|163|167|169|170|172|174|175|176|182|183|184|192|194|198|201|205|206|208|216|217|219|223|224|225|226|230|232|233|234|237|243|244|245|246|248|249|250|251|253|255|256|261|262|266|271|275|278|279|284|285|286|288|289|291|295|296|300|302|303|304|305|306|307|313|319|321|322|329|332|337|339|343|344|347|348|356|358|359|360|365|367|372|373|380|381|382|383|386|389|391|394|395|398|401|404|407|408|414|417|419|421|423|424|428|429|431|432|433|437|439|440|441|442|445|449|450|452|460|463|466|467|469|471|474|475|477|479|480|481|485|495|496|498|502|504|505|506|507|508|509|510|515|521|523|524|525|529|531|537|538|539|543|545|546|549|551|555|556|560|570|574|575|580|581|583|584|585|590|591|593|598|600|601|602|603|607|609|611|612|613|621|624|625|627|628|629|630|633|634|635|638|641|642|649|652|655|659|660|663|665|666|668|669|676|681|687|689|694|696|708|710|711|714|717|718|719|721|722|724|727|728|731|734|737|739|743|747|748|752|756|757|759|761|764|765|767|768|769|773|774|776|777|778|783|789|793|794|796|800|802|805|809|811|813|815|820|821|823|824|825|826|827|829|830|832|833|840|843|845|846|847|851|852|854|856|857|861|862|863|867|868|869|872|876|878|882|889|891|893|894|896|897|898|899|901|903|907|908|909|910|911|912|913|919|931|932|934|935|937|941|942|944|946|947|949|950|951|952|953|954|955|962|963|964|965|967|968|970|971|973|975|978|981|982|983|988|993|994|996|997|1000|1003|1007|1009|1010|1015|1017|1018|1019|1020|1021|1024|1025|1030|1034|1035|1039|1044|1045|1046|1047|1049|1052|1055|1057|1058|1060|1063|1068|1069|1072|1077|1079|1080|1081|1084|1088|1089|1090|1092|1095|1096|1101|1103|1105|1106|1109|1111|1113|1114|1117|1120|1124|1125|1127|1128|1129|1130|1132|1136|1138|1141|1143|1144|1146|1147|1149|1155|1157|1164|1166|1168|1170|1173|1175|1177|1178|1181|1183|1185|1186|1188|1192|1195|1196|1198|1200|1202|1204|1206|1209|1210|1212|1216|1217|1218|1221|1224|1229|1231|1232|1233|1234|1235|1236|1237|1238|1240|1241|1243|1244|1247|1249|1250|1254|1256|1258|1264|1271|1275|1277|1282|1286|1289|1295|1297|1303|1305|1313|1314|1319|1326|1327|1330|1333|1344|1345|1349|1351|1361|1367|1369|1371|1376|1379|1380|1382|1383|1384|1385|1388|1390|1397|1401|1403|1406|1407|1409|1410|1411|1412|1414|1418|1420|1425|1429|1430|1439|1440|1441|1442|1445|1447|1449|1450|1452|1455|1457|1459|1464|1466|1469|1474|1480|1481|1484|1486|1489|1490|1492|1499|1501|1502|1505|1506|1508|1516|1519|1520|1521|1526|1527|1529|1530|1531|1532|1538|1539|1540|1541|1544|1545|1548|1550|1553|1554|1556|1557|1560|1564|1570|1573|1577|1580|1582|1583|1589|1590|1591|1599|1608|1612|1613|1616|1617|1621|1622|1623|1624|1626|1628|1629|1630|1637|1645|1646|1647|1649|1651|1654|1660|1662|1667|1668|1669|1670|1671|1675|1676|1677|1682|1688|1690|1694|1695|1700|1701|1702|1703|1704|1705|1707|1709|1710|1715|1716|1717|1725|1727|1728|1730|1732|1735|1736|1739|1741|1743|1745|1755|1756|1762|1765|1767|1768|1771|1772|1777|1783|1784|1785|1788|1789|1792|1796|1798|1806|1808|1809|1811|1812|1818|1819|1823|1825|1826|1832|1837|1840|1841|1848|1851|1852|1854|1855|1856|1858|1862|1863|1865|1869|1872|1873|1876|1877|1881|1883|1884|1885|1887|1888|1892|1893|1895|1898|1901|1902|1905|1906|1907|1912|1913|1918|1922|1923|1925|1926|1934|1935|1938|1939|1941|1947|1949|1951|1958|1962|1965|1971|1975|1977|1978|1983|1984|1985|1986|1987|1989|1992|1993|1994|1997|1998|2003|2004|2007|2009|2011|2012|2013|2019|2020|2023|2026|2028|2030|2034|2036|2037|2038|2040|2044|2048|2050|2052|2057|2058|2059|2062|2065|2066|2069|2070|2071|2073|2076|2077|2078|2079|2081|2082|2083|2084|2089|2090|2092|2096|2097|2099|2101|2105|2107|2108|2110|2111|2114|2115|2119|2120|2122|2123|2125|2127|2129|2130|2131|2132|2134|2135|2136|2138|2142|2145|2146|2149|2151|2152|2153|2155|2156|2157|2159|2160|2162|2166|2167|2175|2176|2183|2185|2189|2190|2193|2197|2198|2199|2204|2205|2207|2214|2215|2218|2232|2233|2235|2240|2241|2244|2246|2247|2251|2252|2253|2254|2257|2260|2263|2266|2269|2270|2271|2272|2276|2281|2284|2286|2287|2292|2293|2295|2299|2305|2306|2313|2314|2315|2317|2320|2321|2326|2331|2334|2336|2340|2344|2346|2354|2357|2359|2361|2362|2364|2365|2366|2367|2368|2370|2372|2374|2375|2377|2381|2385|2386|2388|2393|2395|2396|2401|2402|2403|2405|2408|2415|2416|2417|2424|2425|2432|2439|2443|2446|2448|2450|2451|2452|2453|2455|2457|2461|2463|2464|2465|2467|2468|2473|2474|2479|2480|2482|2484|2489|2490|2494|2496|2497|2500|2501|2502|2507|2508|2511|2514|2516|2518|2520|2523|2524|2526|2528|2530|2533|2538|2540|2541|2543|2544|2549|2551|2552|2553|2554|2561|2569|2570|2573|2574|2575|2576|2577|2580|2581|2582|2586|2591|2593|2594|2599|2604|2605|2607|2608|2610|2611|2612|2616|2618|2620|2624|2628|2629|2630|2634|2639|2640|2642|2656|2657|2658|2659|2660|2662|2663|2664|2666|2667|2671|2672|2673|2675|2676|2681|2690|2691|2693|2694|2697|2698|2702|2703|2704|2705|2706|2707|2708|2713|2715|2717|2718|2720|2721|2725|2727|2728|2732|2734|2735|2744|2747|2749|2750|2754|2756|2757|2761|2770|2771|2773|2776|2777|2779|2782|2783|2785|2786|2787|2788|2789|2797|2799|2805|2807|2809|2812|2813|2818|2827|2828|2830|2833|2836|2839|2843|2844|2850|2860|2861|2862|2864|2867|2868|2870|2871|2874|2875|2880|2882|2884|2886|2892|2894|2899|2900|2901|2903|2906|2907|2911|2913|2916|2918|2919|2920|2921|2922|2925|2927|2928|2929|2930|2931|2935|2938|2942|2943|2944|2947|2948|2950|2952|2953|2956|2958|2964|2966|2968|2973|2974|2975|2977|2981|2994|2998|3006|3007|3014|3015|3018|3023|3024|3030|3032|3033|3034|3038|3040|3043|3046|3049|3050|3052|3054|3055|3056|3058|3059|3062|3067|3068|3071|3073|3074|3080|3089|3091|3093|3094|3096|3097|3098|3102|3105|3115|3119|3123|3126|3130|3131|3136|3139|3144|3146|3149|3154|3158|3161|3163|3171|3172|3178|3181|3184|3185|3191|3195|3197|3198|3205|3208|3213|3216|3220|3223|3227|3229|3238|3249|3250|3258|3259|3261|3262|3263|3265|3268|3270|3272|3273|3274|3278|3280|3284|3286|3287|3289|3299|3305|3309|3310|3311|3313|3314|3315|3316|3320|3323|3324|3326|3327|3330|3331|3333|3334|3342|3346|3347|3348|3350|3351|3352|3355|3356|3362|3363|3365|3366|3367|3369|3374|3375|3380|3384|3385|3386|3387|3389|3390|3393|3394|3395|3396|3397|3399|3402|3404|3406|3407|3410|3413|3417|3421|3423|3431|3434|3438|3440|3441|3444|3447|3448|3449|3452|3453|3458|3461|3463|3464|3472|3474|3477|3479|3480|3481|3487|3488|3495|3497|3500|3501|3503|3505|3509|3512|3513|3516|3523|3525|3526|3528|3529|3532|3534|3535|3536|3537|3538|3540|3545|3546|3547|3549|3550|3556|3560|3561|3570|3580|3583|3586|3587|3588|3589|3590|3594|3602|3604|3608|3609|3610|3612|3613|3616|3617|3619|3625|3626|3627|3628|3629|3633|3634|3635|3636|3637|3638|3640|3641|3642|3648|3649|3652|3654|3660|3663|3664|3665|3666|3668|3669|3671|3675|3677|3678|3680|3684|3686|3687,5.79734219269103,True
instance_0010.txt,smaller_multi,361,279,1219,550|463|260|332|1210|1511|843|538|977|1398|1530|484|548|1028|517|716|343|1240|391|125|161|621|1043|986|953|1107|941|163|770|1431|1594|98|749|1298|1361|643|470|1568|344|834|800|924|425|86|934|1238|5|1447|403|1234|326|297|997|599|1299|458|255|385|725|13|774|1245|1372|146|1261|224|1421|1434|727|745|1460|1574|690|1197|844|750|248|922|216|18|893|1474|1488|107|917|1046|1343|1103|506|902|219|311|951|1497|295|1492|1281|169|1069|1536|569|693|371|334|556|1310|1370|1079|755|781|1218|32|227|401|669|382|892|1078|990|152|1379|1253|1504|611|1251|1146|601|1321|659|828|1338|183|1227|954|133|1480|888|456|801|1017|1382|1244|891|1584|700|925|1031|50|1196|1401|1179|228|597|1510|1241|1014|600|722|1055|94|138|245|345|162|1295|549|557|229|437|632|1375|1053|587|881|431|524|1363|630|1477|96|1203|389|102|618|460|265|1335|1587|1533|335|1120|110|1332|688|209|347|101|527|1027|473|284|718|1010|222|1292|6|544|914|1450|864|1289|921|314|26|1555|215|1224|1003|699|436|1172|1161|70|875|180|1471|366|363|469|1148|1445|501|1534|1385|692|467|1000|1226|1577|971|938|646|616|1513|383|1181|1466|281|1191|1274|1308|1263|1559|358|711|261|302|71|483|1566|396|830|404|935|65|570|657|388|93|804|426|1417|553|1285|1348|1580|486|832|405|670|1170|1493|62|1273|377|75|271|932|1177|766|574|359|328|797|457|649|9|1147|291|836|387|785|895|1276|1180|3|454|622|687|214|1462|195|1426|1164|318|580|131|1230|1248|1272|1006|950|250|90|422|839|1088|620|148|378|412|303|1278|116|537|1486|1395|181|911|603|741|1133|1484|1442|1318|1311|485|438|1347|495|1507|1044|1496|390|1214|449|1416|427|679|1392|1134,42|33|240|266|4|241|322|27|79|212|309|311|9|77|308|114|157|200|167|199|298|36|109|318|86|184|47|53|206|283|337|144|146|234|13|267|339|1|68|78|257|259|101|137|148|155|197|324|0|19|21|115|138|143|162|225|326|376|7|20|54|56|63|64|116|153|374|85|100|102|126|158|193|205|217|218|256|301|2|6|71|106|160|164|174|191|198|210|238|244|247|276|300|342|343|49|55|83|84|97|112|127|132|171|173|182|187|208|219|245|268|272|282|292|331|360|364|3|10|38|39|40|41|46|73|93|96|98|99|103|110|113|134|170|185|201|202|213|250|252|294|296|303|323|330|358|365|379|8|12|17|23|51|59|70|72|76|111|123|124|128|156|163|166|176|183|186|203|211|237|246|297|321|327|340|341|345|356|361|380|5|18|50|65|80|82|92|118|129|145|150|154|159|175|178|192|207|209|224|226|228|233|243|253|270|271|275|280|281|285|286|299|312|315|334|354|357|359|363|369|373|377|11|16|22|24|25|26|28|30|31|34|45|48|62|66|67|88|95|107|120|125|131|147|149|168|177|181|190|196|214|231|251|255|258|260|261|273|279|284|287|288|289|290|293|295|302|317|325|329|332|333|338|344|346|350|351|355|371,0|3|5|6|11|16|17|20|26|27|31|33|42|54|56|57|61|63|76|77|78|79|81|91|96|97|99|100|101|107|111|112|113|114|117|119|122|130|131|135|136|138|140|142|145|146|148|153|158|160|161|162|164|167|174|175|177|180|189|192|193|195|198|199|201|202|204|205|206|209|210|213|218|221|224|233|237|238|240|242|245|253|257|260|265|268|275|281|285|287|292|293|297|299|300|301|304|314|317|318|319|320|322|325|329|330|331|332|333|336|340|344|346|349|353|358|366|367|369|373|374|375|376|384|387|389|396|403|404|405|406|408|410|411|413|420|422|427|433|434|439|443|445|451|452|456|457|458|461|462|466|467|468|472|473|475|477|478|482|483|486|488|501|502|504|506|507|511|512|514|518|520|523|524|528|529|543|546|550|553|554|558|559|561|562|564|565|568|570|573|574|575|576|577|578|582|585|589|595|601|605|609|614|619|624|627|630|631|641|642|643|644|646|649|661|663|669|672|678|682|683|684|688|692|693|697|700|702|707|708|709|712|717|719|722|723|726|729|730|731|732|734|738|747|748|753|754|756|757|759|767|768|772|773|778|781|782|786|791|792|794|795|797|800|805|808|812|814|819|820|826|830|845|854|856|867|869|870|876|878|884|885|889|890|902|903|905|906|907|918|919|923|927|928|930|931|935|937|941|944|947|949|951|954|957|959|961|970|972|976|982|987|988|989|990|991|993|994|999|1007|1011|1012|1014|1025|1026|1030|1034|1037|1038|1043|1045|1048|1054|1056|1058|1059|1064|1070|1071|1075|1076|1079|1081|1085|1087|1090|1094|1099|1100|1103|1108|1114|1118|1122|1126|1128|1131|1133|1134|1136|1138|1141|1142|1144|1148|1155|1157|1160|1161|1168|1174|1176|1188|1190|1193|1195|1198|1200|1202|1203|1210|1211|1212|1213|1215|1218|1219|1220|1221|1226|1228|1229|1230|1234|1239|1247|1248|1251|1253|1256|1259|1263|1267|1272|1274|1277|1280|1284|1286|1289|1290|1291|1294|1295|1296|1297|1304|1307|1308|1309|1313|1315|1316|1317|1323|1328|1329|1331|1332|1339|1341|1343|1344|1349|1353|1361|1362|1363|1369|1371|1372|1375|1378|1380|1382|1389|1401|1402|1404|1411|1413|1415|1420|1422|1425|1427|1432|1434|1439|1440|1441|1445|1449|1451|1452|1461|1463|1465|1472|1477|1479|1480|1485|1486|1489|1493|1495|1497|1498|1499|1500|1504|1507|1508|1511|1513|1520|1524|1527|1528|1529|1530|1534|1538|1540|1542|1544|1546|1549|1554|1558|1560|1562|1571|1572|1575|1576|1577|1578|1584|1588|1589|1599|1602|1605|1610|1612|1613|1615|1616|1623|1627|1632|1637|1641|1644|1645|1647|1648|1650|1661|1665|1670|1673|1677|1679|1680|1684|1687|1688|1689|1691|1693|1695|1697|1701|1702|1703|1704|1710|1716|1718|1722|1724|1726|1729|1731|1732|1734|1746|1748|1750|1752|1755|1757|1765|1768|1769|1770|1778|1779|1782|1785|1786|1792|1793|1794|1797|1802|1807|1811|1814|1816|1817|1819|1823|1827|1829|1830|1834|1837|1839|1840|1843|1844|1846|1849|1851|1860|1865|1869|1870|1871|1872|1874|1877|1878|1882|1883|1885|1889|1892|1893|1899|1904|1909|1911|1912|1914|1916|1919|1921|1927|1939|1940|1942|1943|1949|1952|1957|1959|1963|1964|1971|1974|1975|1978|1987|1996|1998|2000|2001|2004|2007|2008|2013|2014|2019|2020|2022|2023|2028|2031|2035|2038|2041|2043|2044|2046|2050|2054|2058|2059|2060|2064|2070|2071|2079|2080|2082|2083|2084|2086|2088|2089|2090|2100|2103|2104|2115|2122|2124|2125|2131|2132|2136|2138|2146|2148|2149|2150|2151|2155|2156|2165|2170|2172|2179|2183|2184|2187|2189|2191|2193|2195|2196|2197|2201|2203|2206|2208|2209|2214|2216|2218|2221|2222|2223|2225|2227|2229|2233|2235|2236|2238|2242|2244|2245|2246|2251|2254|2255|2260|2265|2266|2268|2270|2271|2277|2278|2281|2283|2286|2287|2288|2289|2290|2295|2296|2297|2299|2302|2303|2307|2311|2312|2313|2314|2318|2327|2328|2333|2336|2338|2341|2345|2347|2348|2349|2350|2352|2354|2358|2365|2366|2369|2378|2382|2385|2389|2403|2406|2407|2409|2412|2416|2417|2421|2422|2423|2424|2428|2430|2434|2441|2444|2446|2447|2450|2451|2452|2453|2455|2456|2461|2462|2464|2468|2472|2474|2475|2476|2477|2478|2479|2480|2483|2486|2487|2488|2491|2495|2496|2502|2508|2510|2511|2512|2514|2517|2518|2519|2520|2524|2527|2531|2535|2536|2542|2549|2550|2553|2555|2556|2558|2562|2573|2574|2577|2580|2582|2584|2585|2589|2593|2597|2599|2602|2607|2608|2609|2610|2613|2616|2617|2623|2637|2639|2642|2645|2650|2651|2652|2653|2658|2667|2670|2673|2675|2678|2682|2689|2698|2699|2700|2704|2710|2715|2720|2722|2724|2729|2731|2732|2733|2741|2744|2749|2752|2753|2761|2762|2769|2771|2773|2776|2782|2784|2785|2787|2793|2794|2801|2803|2804|2811|2817|2818|2821|2824|2828|2830|2831|2833|2838|2840|2841|2846|2849|2854|2855|2861|2866|2868|2876|2877|2878|2880|2883|2886|2887|2888|2890|2893|2904|2905|2906|2909|2910|2912|2916|2928|2929|2935|2940|2942|2946|2950|2952|2953|2958|2960|2962|2963|2964|2965|2969|2974|2977|2980|2982|2988|2991|2992|2993|2995|2998|3010|3016|3020|3025|3029|3032|3038|3041|3045|3046|3056|3060|3062|3063|3064|3066|3068|3070|3071|3077|3078|3090|3092|3093|3096|3099|3103|3106|3109|3112|3113|3115|3117|3119|3120|3123|3130|3132|3133|3134|3135|3145|3155|3163|3165|3166|3171|3173|3174|3184|3186|3191|3194|3196|3198|3202|3206|3212|3213|3214|3216|3219|3224|3226|3233|3235|3241|3242|3243|3244|3247|3248|3251|3253|3254|3255|3257|3258|3260|3261|3263|3264|3266|3272|3273|3274|3278|3279|3282|3283|3285|3287|3288|3291|3292|3293|3297|3298|3300|3307|3309|3310|3311|3314|3315|3316|3320|3321|3323|3331|3332|3336|3339|3341|3345|3346|3347|3351|3356|3360|3361|3363|3367|3369|3373|3374|3377|3385|3393|3396|3401|3407|3409|3411|3413|3415|3416|3417|3420|3421|3422|3423|3425|3426|3427|3430|3435|3437|3439|3441|3451|3454|3457|3462|3466|3468|3470|3471|3475|3477|3487|3490|3491|3492|3494|3497|3505|3512|3513|3514|3515|3516|3517|3519|3523|3525|3526|3529|3534|3535|3538|3539|3541|3542|3545|3546|3547|3548|3549|3551|3553|3554|3557|3559|3563|3564|3567|3575|3577|3579|3581|3582|3585|3587|3589|3593|3596|3597|3599|3600|3601|3602|3604|3608|3613|3614|3615|3616|3622|3625|3627|3634|3637|3643|3645|3646|3649|3653|3657|3658|3660|3670|3671|3672|3673|3675|3676|3678|3680|3685|3687|3688,6.258064516129032,True
instance_0011.txt,aisle_first_desc,71,27,190,107|850|109|244|474|891|79|631|636|160|477|341|747|54|57|385|825|990|352|406|603|813|46|221|452|627|797|131|464|759|897|50|110|134|292|323|732|742|810|879|944|0|1|11|25|30|66|111|113|264|291|302|309|316|344|354|355|394|399|404|451|491|518|716|754|768|824|939|947|973|1007,20|21|22|34|67|68|69|99|113|114|115|116|138|157|158|159|160|200|202|238|239|280|308|323|351|352|365,2|8|24|27|28|37|58|65|70|83|86|92|95|123|130|183|186|197|199|233|252|255|298|301|310|321|343|364|367|370|386|389|401|403|426|435|436|450|465|473|481|499|500|518|527|528|574|576|619|634|645|670|671|686|691|698|709|729|760|777|786|801|811|858|867|894|898|899|929|930|935|990|996|1019|1046|1054|1093|1104|1109|1115|1135|1184|1195|1241|1253|1274|1349|1355|1361|1365|1372|1421|1436|1451|1496|1513|1534|1543|1587|1601|1602|1607|1611|1626|1653|1670|1672|1687|1692|1697|1712|1723|1743|1773|1816|1826|1829|1839|1858|1868|1870|1921|1925|1928|1938|1953|1956|1958|1964|1972|1990|1992|2024|2056|2089|2103|2122|2131|2147|2170|2179|2185|2198|2210|2219|2263|2282|2285|2296|2313|2320|2324|2367|2381|2384|2386|2405|2416|2432|2439|2448|2454|2455|2476|2495|2510|2518|2544|2554|2561|2562|2564|2574|2584|2588|2600|2619|2621|2627|2643|2650|2692|2710|2723|2736|2750|2751|2756|2763|2766,12.481481481481481,True
instance_0011.txt,knapsack,548,299,1512,559|558|557|555|554|553|552|551|550|549|548|547|546|545|543|542|541|540|539|538|537|536|535|534|533|532|531|530|529|528|527|526|525|524|523|522|521|520|519|518|517|516|515|514|513|512|511|510|509|508|507|506|505|504|503|502|501|500|499|498|497|496|495|494|493|491|490|489|488|487|486|485|484|483|482|481|480|479|478|477|476|475|474|473|472|471|470|469|468|467|466|465|464|463|462|461|460|459|458|457|456|455|454|453|452|451|450|449|448|447|446|445|444|443|442|441|440|439|438|437|436|435|434|433|432|431|430|429|428|427|426|425|424|423|422|420|419|418|417|416|415|414|413|412|411|410|409|408|407|406|405|404|403|402|401|400|399|398|397|396|395|394|393|392|391|390|389|388|387|386|385|384|383|382|381|380|379|378|376|375|374|373|372|371|370|369|368|367|366|365|364|363|362|361|360|359|358|357|356|355|353|352|351|350|349|348|347|346|345|344|343|342|341|340|339|338|337|335|334|332|331|330|329|328|327|326|325|324|323|322|321|320|319|318|317|316|315|314|313|312|311|310|309|308|307|306|305|304|303|302|301|300|299|298|297|296|295|294|293|292|291|290|289|288|287|285|284|283|282|281|280|279|278|277|276|275|274|273|272|271|270|269|268|267|266|265|264|263|262|261|260|259|258|257|256|255|254|252|251|250|249|248|247|246|245|244|243|242|241|240|239|238|237|236|235|234|233|232|231|230|229|228|227|226|225|224|223|222|221|220|219|218|217|216|215|214|213|212|211|210|209|208|207|206|205|204|203|202|201|200|199|198|197|196|195|194|193|192|191|190|189|188|187|186|185|184|183|182|181|180|179|178|177|176|175|174|173|172|171|170|169|168|167|166|165|164|163|162|161|160|159|158|157|156|155|154|153|152|151|150|149|148|147|146|145|144|143|142|141|140|139|138|137|136|135|134|133|132|131|130|129|128|126|125|124|123|122|121|120|119|118|117|116|115|114|113|112|111|110|109|108|107|106|105|104|103|102|101|100|99|98|97|96|95|94|93|92|91|90|89|88|87|86|85|84|83|82|81|80|79|78|77|76|75|74|73|72|71|70|69|68|67|66|65|64|63|62|61|60|59|58|57|56|55|54|53|52|51|50|49|48|47|46|45|44|43|41|40|39|38|37|36|35|34|33|32|31|30|29|28|27|26|25|24|23|22|21|20|19|18|17|16|15|14|13|12|11|10|9|8|7|6|5|4|3|2|1|0,365|8|278|115|210|69|146|138|71|296|1|53|169|202|320|287|238|99|253|25|58|84|216|79|277|290|370|68|113|334|157|213|319|54|55|222|306|46|123|167|179|227|10|297|63|76|128|147|155|188|280|22|64|101|139|212|255|266|267|274|65|91|100|153|162|240|323|343|4|19|90|96|160|344|372|21|31|41|98|127|171|194|197|262|312|318|338|348|13|18|20|24|26|92|93|110|111|134|158|191|192|235|259|285|294|305|311|0|37|45|50|56|112|129|133|172|186|199|236|243|249|284|340|356|5|7|33|40|80|82|85|117|124|159|209|214|218|228|263|270|295|313|322|326|333|358|366|27|35|48|52|66|75|78|83|119|144|154|164|178|185|200|201|204|205|217|244|254|256|257|258|268|269|289|292|293|301|303|310|328|351|355|3|6|9|23|34|36|59|62|72|73|77|95|97|104|107|109|114|126|135|136|140|151|156|170|175|176|187|207|215|219|223|224|231|234|237|239|247|251|252|264|265|271|275|279|283|304|316|321|339|349|352|357|359|360|363|373|2|11|14|29|30|38|51|67|70|81|87|102|105|116|120|130|142|145|148|149|163|168|173|184|189|190|193|195|198|206|226|232|241|242|245|248|250|260|261|276|282|286|288|298|299|307|308|314|327|330|331|332|336|337|341|342|347|350|354|364|371,0|3|4|5|9|11|13|14|15|17|20|24|26|29|32|33|34|36|39|40|44|49|51|53|54|55|58|60|61|62|63|64|65|66|72|73|74|77|79|80|81|82|84|85|86|88|89|93|95|96|97|98|99|100|101|107|111|112|113|115|120|124|127|128|129|131|132|133|135|136|137|138|144|145|146|151|152|154|155|156|161|162|164|165|166|167|169|170|171|175|176|177|179|182|183|185|189|193|196|197|199|200|201|202|203|204|205|207|208|210|211|212|214|220|222|223|226|227|229|231|234|235|236|237|238|239|240|242|246|247|248|252|255|257|258|259|260|263|264|266|268|271|272|273|274|277|279|281|283|285|287|289|290|291|293|294|297|299|300|301|303|304|305|306|308|309|313|315|316|318|319|320|321|322|324|325|329|330|331|336|337|341|342|344|345|346|350|351|354|359|361|362|363|364|365|368|371|373|375|377|380|381|386|387|389|390|392|394|396|398|403|404|409|411|412|414|415|419|420|421|426|427|428|430|432|433|434|439|442|443|445|447|448|449|450|451|453|454|455|456|457|460|461|466|467|469|470|473|475|476|477|481|482|485|486|487|489|494|496|498|500|502|504|505|509|510|511|514|515|517|519|521|522|525|526|528|529|530|531|533|534|535|536|537|539|541|544|545|548|549|550|552|554|555|556|558|563|564|565|566|567|569|570|571|572|573|574|577|578|579|581|583|584|585|587|591|592|593|598|599|600|604|608|610|611|616|618|619|620|622|623|625|626|627|628|630|631|632|637|639|640|642|643|645|648|650|652|656|657|660|663|664|666|667|668|669|671|672|673|675|676|678|680|681|682|685|687|688|689|690|692|696|697|699|700|702|705|709|710|711|714|715|716|717|720|722|725|726|727|728|729|730|733|736|737|738|739|745|748|749|750|751|753|754|755|756|757|759|761|763|765|769|773|774|776|777|778|780|784|785|788|790|791|793|794|796|797|799|800|804|806|807|809|810|811|813|814|815|819|822|823|824|825|826|827|829|833|836|838|839|840|841|842|843|845|847|848|850|851|852|853|854|855|856|858|861|862|863|865|866|867|868|869|871|872|873|875|878|879|880|882|883|884|885|888|890|891|892|894|896|900|901|902|903|904|905|909|911|912|917|918|919|920|921|927|928|929|930|931|933|935|937|939|940|943|946|947|948|950|951|952|954|956|957|960|963|964|965|966|967|968|969|971|972|974|975|977|978|980|982|983|986|990|994|996|997|1000|1002|1004|1006|1007|1008|1011|1012|1015|1017|1018|1019|1024|1025|1026|1028|1029|1030|1032|1033|1034|1036|1041|1042|1043|1044|1046|1047|1051|1052|1053|1054|1055|1058|1059|1062|1063|1066|1067|1069|1071|1074|1075|1077|1078|1079|1081|1086|1087|1089|1090|1093|1094|1097|1100|1101|1102|1103|1104|1105|1106|1107|1108|1110|1113|1116|1117|1118|1121|1124|1128|1129|1130|1131|1134|1135|1139|1140|1142|1143|1145|1146|1148|1150|1151|1152|1154|1156|1158|1160|1163|1164|1166|1170|1171|1174|1175|1176|1177|1179|1180|1181|1182|1183|1187|1189|1190|1192|1193|1195|1197|1199|1200|1202|1203|1204|1206|1207|1209|1210|1211|1212|1213|1214|1215|1216|1217|1218|1219|1221|1222|1223|1225|1229|1230|1234|1237|1239|1240|1241|1244|1245|1246|1247|1249|1253|1254|1257|1258|1259|1262|1263|1264|1265|1267|1269|1273|1279|1281|1282|1283|1285|1289|1291|1292|1293|1296|1297|1300|1301|1302|1303|1304|1305|1306|1307|1309|1310|1311|1313|1315|1317|1318|1322|1323|1324|1325|1327|1330|1331|1332|1333|1334|1335|1336|1337|1338|1340|1342|1343|1344|1345|1346|1348|1350|1351|1352|1354|1356|1357|1358|1361|1367|1369|1370|1375|1377|1379|1380|1382|1385|1386|1391|1392|1398|1400|1402|1404|1406|1407|1409|1410|1411|1414|1415|1417|1418|1419|1421|1422|1428|1436|1438|1440|1441|1443|1445|1446|1447|1449|1452|1453|1456|1458|1459|1460|1462|1463|1466|1469|1470|1471|1472|1473|1476|1477|1480|1481|1482|1483|1484|1485|1487|1488|1491|1493|1494|1495|1496|1498|1500|1502|1504|1505|1506|1509|1510|1513|1514|1516|1517|1518|1519|1520|1521|1522|1523|1526|1528|1529|1530|1532|1533|1534|1537|1538|1541|1542|1543|1544|1545|1549|1552|1558|1559|1560|1562|1564|1566|1567|1569|1570|1572|1573|1576|1577|1578|1580|1581|1584|1585|1587|1588|1591|1592|1596|1598|1602|1603|1604|1606|1607|1609|1611|1613|1616|1617|1618|1619|1620|1621|1622|1624|1626|1628|1631|1632|1633|1634|1635|1637|1638|1639|1641|1642|1645|1647|1650|1651|1652|1653|1655|1658|1659|1661|1663|1664|1665|1666|1667|1668|1669|1670|1673|1674|1675|1676|1678|1679|1680|1681|1685|1687|1690|1695|1697|1698|1699|1706|1707|1708|1710|1711|1713|1717|1719|1721|1722|1723|1725|1726|1728|1729|1730|1731|1732|1739|1740|1743|1745|1748|1749|1750|1753|1754|1755|1757|1760|1761|1764|1766|1769|1771|1775|1776|1778|1782|1786|1788|1789|1793|1795|1797|1798|1800|1805|1807|1808|1809|1813|1814|1815|1823|1824|1829|1832|1833|1836|1837|1838|1841|1844|1845|1847|1848|1849|1850|1852|1853|1856|1857|1858|1859|1861|1862|1864|1865|1866|1867|1868|1869|1871|1875|1876|1881|1885|1887|1888|1892|1893|1894|1896|1897|1903|1904|1905|1906|1911|1912|1914|1917|1918|1919|1922|1923|1924|1925|1927|1928|1931|1934|1937|1938|1939|1940|1942|1944|1945|1946|1950|1952|1953|1955|1958|1959|1962|1963|1965|1966|1967|1968|1969|1970|1971|1972|1973|1975|1976|1978|1981|1984|1988|1989|1990|1991|1992|1996|1998|2000|2001|2008|2010|2011|2014|2015|2016|2017|2018|2019|2020|2021|2022|2024|2026|2028|2029|2033|2034|2035|2036|2038|2042|2044|2046|2050|2051|2052|2053|2056|2060|2061|2068|2071|2072|2075|2077|2078|2079|2083|2084|2085|2088|2090|2091|2094|2096|2097|2098|2100|2103|2104|2106|2109|2111|2112|2114|2116|2117|2118|2120|2121|2122|2123|2124|2126|2127|2128|2133|2135|2136|2141|2142|2147|2149|2152|2155|2156|2158|2161|2162|2166|2167|2169|2170|2173|2174|2175|2176|2177|2178|2179|2180|2181|2183|2187|2190|2192|2193|2194|2195|2196|2198|2200|2201|2203|2206|2208|2210|2212|2216|2217|2220|2221|2223|2224|2225|2226|2229|2231|2233|2235|2237|2239|2240|2241|2246|2247|2249|2250|2251|2252|2254|2255|2257|2258|2260|2262|2263|2268|2270|2271|2272|2275|2279|2281|2282|2286|2289|2292|2293|2294|2295|2301|2302|2303|2306|2308|2309|2310|2311|2313|2315|2318|2323|2325|2326|2327|2329|2332|2335|2336|2337|2338|2341|2342|2343|2345|2347|2349|2350|2352|2354|2355|2356|2357|2358|2362|2363|2367|2370|2372|2373|2374|2376|2377|2378|2379|2381|2383|2384|2385|2386|2387|2389|2390|2393|2395|2397|2398|2399|2401|2402|2405|2406|2408|2409|2411|2412|2415|2421|2422|2423|2424|2425|2427|2428|2429|2430|2431|2434|2435|2436|2437|2438|2439|2444|2447|2448|2450|2451|2452|2453|2454|2455|2457|2458|2459|2460|2461|2462|2466|2467|2468|2470|2472|2480|2481|2482|2484|2487|2489|2491|2492|2495|2499|2500|2501|2502|2503|2504|2507|2508|2510|2511|2513|2514|2515|2521|2522|2526|2528|2532|2533|2534|2536|2537|2538|2540|2541|2546|2547|2550|2551|2552|2553|2554|2555|2557|2559|2560|2561|2562|2563|2564|2566|2567|2569|2574|2577|2579|2583|2584|2585|2586|2587|2590|2591|2592|2593|2594|2596|2597|2598|2599|2602|2603|2607|2608|2609|2614|2618|2625|2626|2629|2630|2631|2633|2634|2636|2639|2640|2641|2644|2646|2647|2649|2650|2652|2653|2655|2656|2659|2661|2666|2667|2668|2669|2671|2676|2678|2680|2681|2682|2684|2685|2689|2691|2694|2696|2698|2699|2700|2702|2703|2705|2708|2711|2712|2713|2716|2718|2719|2722|2725|2726|2727|2729|2731|2734|2737|2742|2743|2744|2745|2746|2748|2750|2751|2752|2754|2756|2757|2758|2760|2761|2762|2764|2767|2768|2769|2771|2772|2775|2776|2778|2780,6.555183946488294,True
instance_0011.txt,knapsack_density,756,292,1634,1028|1027|1025|1023|1021|1020|1018|1017|1013|1009|1008|1007|1005|1004|1002|1001|999|997|995|993|992|989|988|987|986|984|983|981|979|977|976|974|973|972|971|970|969|964|956|955|954|953|952|951|950|949|948|947|945|943|940|939|938|937|934|933|932|930|929|928|927|924|919|918|916|915|913|911|910|909|908|907|906|905|903|902|901|900|899|898|897|895|893|892|890|887|885|884|883|882|881|880|879|878|877|874|871|869|868|867|866|865|862|860|856|854|853|852|851|848|846|845|844|843|842|841|838|835|834|833|832|831|830|829|828|824|823|822|820|819|818|817|815|814|812|809|808|806|805|804|803|802|801|798|796|793|792|791|790|789|788|785|784|783|782|781|780|778|777|775|774|773|772|770|769|768|767|766|764|763|761|759|758|757|755|754|751|750|749|748|746|745|743|742|739|738|737|736|735|734|732|730|729|726|725|722|721|720|718|716|715|714|712|711|709|708|705|703|702|699|697|696|695|692|688|687|685|684|683|680|679|677|675|674|673|671|663|662|661|659|657|656|655|654|653|652|651|648|647|646|645|644|643|642|641|640|639|638|636|635|634|633|632|631|630|629|628|627|626|625|624|623|621|620|619|618|617|616|614|613|612|611|610|609|608|607|606|605|604|603|602|599|598|597|596|595|594|592|591|590|588|587|585|584|583|582|581|579|578|577|576|575|574|573|572|571|570|569|568|567|566|565|564|563|562|560|558|557|556|555|554|553|551|550|549|548|546|545|543|542|541|540|539|538|537|536|535|534|533|532|531|529|528|527|526|524|522|520|519|518|517|516|515|514|513|512|511|510|509|508|507|505|504|503|502|501|500|499|498|497|496|495|494|493|491|490|489|488|487|484|482|481|480|478|476|475|474|473|471|469|468|464|463|461|460|459|458|457|456|454|453|452|451|449|447|446|445|444|443|442|440|438|437|436|435|434|432|431|430|429|428|427|426|423|422|420|419|418|417|415|413|412|411|409|407|406|404|402|401|399|398|397|396|395|394|393|392|391|390|389|388|387|386|385|383|382|381|380|379|378|376|375|373|371|370|369|368|367|366|365|364|363|361|360|359|358|357|356|355|354|352|351|350|349|348|347|345|344|343|341|340|338|337|335|334|332|331|330|329|328|327|326|324|323|322|321|320|319|317|316|315|314|313|312|311|310|309|307|306|305|304|303|302|301|299|298|297|296|294|293|292|291|290|289|288|285|283|282|281|280|279|278|277|276|275|274|271|269|267|265|264|263|262|261|260|259|258|257|255|254|252|251|250|249|248|247|245|244|243|242|241|240|239|238|237|236|235|234|233|232|231|230|228|227|226|225|224|223|222|220|219|218|217|216|215|210|209|208|207|205|202|201|200|199|198|197|196|194|193|192|191|189|188|184|181|180|179|178|177|176|175|174|173|172|171|170|169|168|167|166|165|164|163|162|161|160|159|158|157|156|155|153|152|151|150|149|148|147|146|145|144|143|142|141|140|139|137|135|134|132|130|127|126|125|124|123|122|120|119|118|116|115|113|112|111|110|106|105|104|102|101|99|97|96|95|93|92|91|88|85|84|83|82|81|80|79|78|77|76|74|71|70|69|66|64|63|62|61|59|58|57|54|52|51|50|49|48|47|46|44|43|41|40|39|38|37|36|35|34|33|32|31|30|29|28|27|25|22|21|20|19|17|15|14|13|12|11|10|9|8|7|5|4|2|1|0,365|210|62|146|47|44|160|277|96|278|223|113|288|290|99|1|239|263|334|63|20|240|297|53|372|31|41|214|77|169|109|265|4|71|296|46|55|162|212|331|6|112|117|157|227|268|319|370|84|216|336|8|37|58|115|124|155|236|311|10|14|33|134|147|190|194|205|266|321|39|64|93|101|123|127|167|182|188|193|282|308|18|40|76|100|158|168|171|191|196|197|213|249|258|285|295|343|355|360|34|54|82|91|98|118|133|153|156|186|225|228|286|289|314|351|52|75|90|154|201|215|231|238|242|257|262|269|275|284|294|301|304|316|322|348|7|21|45|56|59|68|69|80|111|119|129|139|144|145|161|164|192|218|253|270|280|299|313|328|333|338|344|362|363|13|19|23|25|48|73|87|94|104|108|126|140|178|184|185|189|209|224|237|264|274|287|307|341|349|0|9|16|22|26|30|32|36|50|79|83|85|92|97|105|107|110|130|142|151|163|172|176|187|198|204|208|217|219|226|241|243|245|248|250|252|255|259|261|271|291|298|306|318|324|326|327|332|337|340|358|3|17|29|35|38|42|49|51|67|70|72|78|81|89|95|102|114|116|120|128|132|148|149|175|177|180|195|202|211|222|229|232|234|244|247|251|254|260|283|293|310|312|317|320|330|342|350|354|356|357|364|366,0|1|2|6|9|12|15|17|18|19|20|21|22|23|24|25|27|29|30|32|33|34|37|38|40|41|43|44|45|47|50|51|52|53|54|55|57|62|65|66|67|68|69|70|71|74|76|78|79|81|82|84|86|87|88|93|94|98|99|100|101|104|105|107|108|110|111|112|113|114|115|116|117|119|120|122|123|124|129|132|133|135|136|139|140|144|145|146|147|149|150|151|152|154|156|157|161|162|163|166|168|169|171|173|176|177|179|180|181|182|183|186|187|192|194|200|202|203|204|207|208|212|214|215|218|219|220|221|222|223|225|226|229|230|236|238|241|244|246|247|248|250|252|253|255|256|258|259|260|262|264|270|271|273|277|278|279|281|282|284|286|289|292|293|300|301|302|303|304|305|306|307|308|311|312|315|316|318|319|323|324|325|327|329|330|332|333|335|336|340|344|345|346|348|349|350|354|356|358|364|365|366|368|372|373|374|375|377|379|380|382|383|385|386|387|389|390|392|394|395|396|397|398|399|403|404|405|407|408|410|411|413|414|415|416|417|419|420|421|422|425|429|430|432|433|436|441|442|443|444|445|446|447|449|450|451|453|456|457|459|460|461|462|463|464|467|469|473|475|477|481|482|483|484|485|486|489|492|494|495|499|500|501|504|505|508|509|511|512|513|514|516|518|519|523|525|526|528|529|531|532|535|537|538|540|541|543|544|545|547|548|549|552|554|555|556|558|561|562|563|564|565|566|569|570|571|572|573|574|575|576|577|579|581|582|584|585|588|590|591|592|593|594|595|598|600|602|603|604|606|608|610|611|612|613|614|615|618|620|621|624|625|626|628|630|631|633|635|638|639|640|642|643|645|646|648|649|651|653|655|656|657|661|663|664|666|668|669|670|671|674|675|676|677|678|679|682|684|685|687|688|689|690|692|693|695|696|697|699|700|704|705|707|709|710|711|712|713|714|716|717|726|729|730|731|732|733|735|743|745|746|748|749|751|754|755|757|758|760|763|764|765|769|770|771|773|774|775|776|777|778|784|785|786|787|790|791|793|794|795|796|798|802|806|809|810|811|814|815|816|819|821|823|824|825|827|829|835|837|838|839|840|841|842|843|845|846|847|848|851|855|856|858|861|862|866|867|868|869|870|871|872|873|876|877|878|880|882|883|884|885|886|887|888|889|892|895|896|897|902|903|904|905|906|908|909|910|911|912|916|919|920|921|924|926|928|929|930|933|934|935|936|940|943|945|946|951|952|957|958|960|961|964|966|967|968|970|971|972|974|976|977|979|980|981|985|986|988|989|991|993|995|996|998|999|1002|1004|1005|1006|1008|1009|1011|1012|1015|1016|1017|1018|1019|1020|1022|1023|1026|1027|1028|1031|1032|1033|1034|1035|1038|1039|1041|1043|1045|1046|1047|1049|1051|1053|1055|1058|1059|1062|1064|1065|1066|1068|1071|1072|1073|1077|1078|1080|1081|1082|1083|1084|1085|1090|1091|1093|1095|1096|1098|1100|1102|1104|1106|1107|1110|1114|1115|1117|1119|1121|1123|1125|1126|1128|1130|1131|1132|1136|1137|1138|1139|1140|1141|1144|1145|1147|1148|1151|1153|1156|1157|1158|1159|1160|1162|1163|1166|1167|1168|1169|1170|1171|1174|1175|1177|1179|1180|1181|1185|1188|1193|1194|1196|1199|1201|1202|1203|1206|1208|1209|1210|1213|1219|1220|1221|1222|1224|1227|1228|1229|1231|1233|1234|1235|1236|1237|1239|1240|1242|1243|1245|1247|1250|1251|1252|1253|1254|1258|1261|1266|1267|1268|1269|1273|1275|1276|1277|1278|1279|1280|1281|1282|1283|1284|1285|1286|1287|1289|1290|1292|1293|1295|1297|1298|1299|1300|1302|1303|1306|1308|1309|1310|1311|1312|1315|1316|1317|1325|1326|1327|1328|1330|1331|1334|1335|1336|1337|1338|1339|1341|1342|1346|1349|1350|1351|1352|1355|1356|1357|1359|1360|1361|1362|1364|1366|1367|1369|1370|1371|1374|1377|1378|1379|1381|1382|1383|1384|1385|1386|1387|1388|1390|1392|1393|1394|1395|1397|1398|1399|1400|1401|1407|1409|1410|1411|1413|1414|1415|1416|1417|1418|1419|1420|1421|1423|1425|1427|1428|1429|1430|1431|1432|1433|1434|1435|1436|1440|1442|1443|1445|1446|1447|1448|1449|1450|1451|1452|1453|1454|1455|1456|1457|1458|1460|1461|1462|1463|1468|1471|1472|1473|1474|1475|1476|1477|1479|1481|1482|1483|1484|1486|1488|1491|1492|1493|1495|1496|1497|1500|1501|1502|1505|1506|1507|1508|1513|1514|1521|1522|1523|1524|1525|1526|1528|1529|1531|1533|1534|1537|1538|1543|1545|1547|1551|1553|1555|1557|1559|1560|1562|1563|1564|1567|1568|1569|1572|1573|1575|1576|1578|1581|1584|1586|1587|1588|1591|1592|1593|1596|1597|1600|1601|1604|1605|1607|1608|1609|1610|1611|1613|1615|1616|1617|1618|1619|1620|1622|1623|1624|1625|1626|1627|1628|1630|1631|1632|1633|1634|1635|1636|1639|1640|1641|1642|1643|1644|1645|1646|1647|1649|1651|1652|1653|1654|1656|1658|1659|1660|1661|1662|1663|1664|1665|1666|1667|1668|1671|1672|1673|1674|1676|1677|1678|1680|1681|1682|1684|1685|1686|1687|1688|1690|1692|1694|1696|1697|1698|1699|1703|1704|1705|1707|1708|1711|1712|1713|1715|1717|1718|1719|1720|1723|1725|1726|1727|1728|1729|1730|1731|1732|1733|1734|1736|1739|1741|1742|1743|1745|1746|1748|1749|1750|1751|1753|1754|1755|1756|1757|1758|1760|1761|1762|1764|1768|1769|1771|1779|1783|1784|1788|1791|1793|1794|1795|1796|1797|1798|1800|1803|1805|1809|1810|1813|1814|1815|1819|1822|1823|1824|1828|1829|1830|1832|1833|1835|1845|1847|1848|1849|1851|1852|1855|1856|1857|1859|1860|1861|1863|1864|1865|1866|1867|1868|1869|1870|1871|1875|1876|1878|1879|1884|1885|1886|1887|1895|1896|1898|1899|1903|1904|1906|1907|1908|1911|1912|1913|1914|1915|1916|1917|1918|1919|1921|1922|1923|1924|1925|1926|1928|1929|1930|1932|1934|1944|1945|1947|1948|1949|1950|1952|1953|1954|1958|1959|1960|1962|1963|1965|1966|1967|1968|1969|1972|1973|1975|1976|1978|1979|1982|1984|1985|1987|1990|1992|1993|1996|1997|1998|2000|2001|2003|2004|2006|2008|2010|2011|2013|2014|2016|2017|2021|2022|2023|2024|2026|2027|2028|2029|2030|2032|2033|2034|2035|2036|2038|2039|2040|2041|2045|2047|2048|2050|2051|2053|2057|2061|2062|2063|2068|2070|2074|2075|2076|2077|2079|2080|2081|2082|2083|2084|2085|2088|2090|2091|2092|2094|2095|2096|2097|2098|2099|2101|2103|2104|2105|2109|2110|2112|2113|2115|2121|2122|2124|2125|2126|2128|2130|2135|2139|2141|2144|2145|2146|2148|2149|2152|2153|2154|2155|2157|2160|2161|2162|2163|2165|2166|2167|2169|2170|2171|2172|2173|2179|2181|2182|2183|2184|2188|2189|2191|2192|2194|2195|2196|2199|2201|2202|2203|2205|2208|2209|2210|2212|2216|2218|2219|2220|2221|2225|2228|2229|2232|2233|2237|2238|2242|2243|2248|2250|2251|2252|2253|2254|2255|2256|2258|2259|2260|2262|2265|2266|2267|2268|2270|2273|2275|2277|2278|2281|2282|2283|2284|2286|2287|2288|2291|2292|2295|2296|2298|2301|2302|2303|2305|2306|2307|2308|2310|2311|2313|2314|2316|2318|2323|2325|2327|2328|2329|2331|2332|2333|2335|2339|2341|2342|2343|2347|2350|2351|2353|2354|2356|2357|2361|2362|2363|2367|2368|2369|2371|2373|2374|2376|2378|2381|2383|2387|2388|2389|2390|2391|2393|2395|2397|2398|2401|2402|2404|2405|2408|2410|2411|2412|2413|2414|2416|2418|2420|2424|2425|2427|2428|2429|2431|2432|2433|2434|2435|2436|2438|2439|2440|2441|2442|2443|2445|2447|2450|2453|2455|2456|2457|2462|2463|2465|2466|2468|2472|2475|2476|2477|2479|2480|2483|2486|2491|2495|2498|2499|2500|2504|2506|2508|2509|2510|2511|2512|2516|2517|2518|2519|2520|2521|2522|2527|2528|2530|2532|2533|2534|2535|2536|2537|2538|2539|2541|2542|2544|2545|2546|2547|2549|2550|2551|2552|2553|2554|2558|2559|2560|2563|2564|2566|2567|2570|2572|2574|2577|2578|2579|2581|2582|2584|2585|2586|2587|2590|2591|2593|2594|2599|2600|2603|2604|2606|2607|2608|2609|2610|2612|2613|2614|2615|2619|2621|2623|2624|2626|2629|2631|2633|2636|2638|2640|2643|2647|2650|2652|2653|2655|2656|2658|2660|2661|2663|2665|2667|2669|2670|2674|2675|2678|2681|2682|2685|2686|2687|2689|2694|2698|2700|2701|2702|2703|2705|2707|2708|2709|2711|2712|2713|2714|2716|2717|2718|2719|2720|2721|2722|2723|2725|2726|2728|2729|2734|2735|2740|2741|2743|2744|2747|2749|2750|2751|2752|2753|2754|2755|2756|2757|2758|2759|2763|2764|2766|2767|2768|2769|2770|2772|2773|2774|2775|2776|2777|2779|2781|2782|2783,6.910958904109589,True
instance_0011.txt,knapsack_seed,279,175,910,1025|1016|1014|1007|1003|998|996|995|994|990|977|976|973|962|956|954|952|947|946|944|943|939|934|929|916|897|896|891|886|879|864|862|860|852|850|849|845|842|833|828|825|824|823|820|819|818|813|811|810|807|805|804|802|799|797|794|786|781|776|768|765|759|754|747|744|742|738|732|730|717|716|713|712|709|704|691|685|681|667|664|662|657|656|653|651|650|649|642|636|631|628|627|625|620|611|609|605|604|603|601|598|586|584|571|560|559|558|552|547|538|536|534|531|527|524|521|520|519|518|513|507|506|499|495|491|490|487|485|484|481|477|474|472|470|469|468|466|464|452|451|450|448|441|439|435|433|427|424|414|413|410|406|404|402|400|399|394|393|389|388|385|384|381|379|375|373|370|368|362|355|354|352|349|348|345|344|342|341|338|330|326|325|323|316|309|308|302|296|292|291|285|284|283|270|268|266|265|264|262|255|244|230|228|221|217|212|208|206|204|203|201|199|196|195|194|193|191|189|185|183|180|178|175|164|160|159|157|153|150|149|140|138|136|134|131|129|117|113|112|111|110|109|107|106|103|95|94|90|89|86|79|72|70|67|66|62|60|57|56|55|54|50|46|40|36|32|31|30|29|26|25|24|20|17|13|11|6|1|0,365|99|34|53|138|146|115|200|8|128|215|69|55|90|351|296|68|238|188|287|113|54|202|306|44|100|157|280|332|240|22|167|244|133|323|338|116|9|20|84|141|147|158|160|216|259|21|101|139|142|154|169|249|308|10|35|71|114|199|213|239|267|334|366|52|112|153|159|231|235|295|312|16|24|32|45|66|136|148|155|164|175|197|223|227|236|256|258|310|344|352|1|25|27|41|50|56|67|72|75|87|110|127|150|170|179|182|185|193|207|219|226|241|265|298|301|331|339|341|353|372|373|2|3|4|19|26|42|47|78|80|82|83|95|98|119|149|162|171|178|184|186|190|192|211|214|234|237|242|247|248|250|257|269|277|283|289|290|291|294|299|313|314|316|318|319|322|327|340|343|348|356|357|363|371,2|3|5|8|9|10|13|14|15|23|24|26|27|28|32|37|39|40|42|50|58|59|60|61|63|64|65|70|73|76|77|83|85|86|87|89|90|92|95|98|100|102|113|114|117|123|128|129|130|137|139|149|152|153|155|164|168|169|170|171|172|176|183|185|186|189|193|196|197|198|199|201|205|215|230|233|234|237|240|241|242|243|247|249|252|253|255|257|264|268|271|276|279|283|284|285|287|289|294|296|297|298|299|301|309|310|311|312|321|322|326|330|331|337|338|341|343|345|346|351|353|356|358|362|363|364|367|369|370|378|384|386|389|392|401|403|415|418|423|426|427|433|435|436|439|440|442|446|447|450|452|453|454|455|464|465|466|467|470|473|481|487|490|496|498|499|500|503|509|517|518|521|527|528|529|530|533|536|539|542|548|549|555|560|562|563|568|571|574|576|577|583|584|586|593|598|599|600|602|607|619|620|622|623|627|628|630|632|634|638|645|650|652|654|657|660|665|666|670|671|672|675|680|682|683|686|687|688|691|696|698|701|702|705|709|713|717|720|725|727|728|729|736|737|738|740|742|743|752|756|757|759|760|765|767|770|772|777|778|785|786|788|792|796|800|801|805|808|809|811|813|816|818|820|822|832|834|836|842|850|851|852|853|854|856|857|858|863|867|869|871|875|879|883|894|897|898|899|900|901|904|909|910|915|924|926|929|930|935|937|941|944|948|952|954|956|957|963|969|975|978|982|987|990|994|996|997|1000|1001|1008|1014|1019|1022|1024|1025|1030|1036|1041|1046|1052|1054|1060|1063|1064|1071|1079|1081|1082|1087|1089|1092|1093|1094|1101|1102|1103|1104|1107|1108|1109|1113|1115|1116|1118|1123|1127|1128|1133|1134|1135|1136|1137|1138|1139|1141|1142|1143|1144|1146|1147|1148|1150|1154|1157|1158|1160|1164|1165|1168|1173|1174|1182|1184|1187|1189|1193|1195|1204|1209|1212|1213|1214|1215|1217|1223|1236|1241|1242|1247|1251|1253|1254|1257|1262|1263|1265|1267|1274|1280|1294|1296|1300|1310|1322|1323|1324|1326|1332|1335|1340|1344|1345|1346|1349|1351|1355|1357|1361|1365|1371|1372|1375|1380|1382|1394|1403|1413|1421|1422|1424|1426|1436|1442|1447|1448|1451|1459|1465|1466|1469|1471|1476|1477|1480|1481|1485|1488|1494|1496|1498|1499|1500|1510|1513|1516|1518|1520|1522|1524|1526|1527|1532|1533|1534|1535|1540|1542|1543|1544|1549|1550|1551|1554|1555|1558|1561|1562|1564|1566|1570|1572|1573|1574|1577|1580|1587|1598|1601|1602|1603|1605|1606|1607|1610|1611|1618|1620|1623|1626|1629|1630|1637|1638|1643|1647|1648|1653|1655|1661|1665|1668|1670|1672|1679|1682|1684|1687|1688|1692|1693|1695|1697|1699|1700|1701|1702|1706|1710|1712|1716|1717|1721|1722|1723|1725|1727|1731|1737|1742|1743|1754|1755|1756|1758|1767|1770|1773|1775|1776|1778|1779|1782|1785|1786|1788|1789|1790|1792|1804|1816|1820|1822|1824|1826|1829|1831|1834|1837|1839|1850|1858|1859|1862|1867|1868|1870|1879|1881|1883|1884|1892|1893|1894|1900|1903|1905|1908|1909|1910|1921|1924|1925|1927|1928|1932|1933|1937|1938|1939|1942|1946|1948|1953|1956|1958|1963|1964|1966|1970|1971|1972|1977|1988|1989|1990|1991|1992|1996|1997|1999|2001|2003|2004|2007|2015|2020|2021|2024|2028|2029|2036|2041|2042|2043|2046|2048|2054|2056|2057|2060|2062|2074|2076|2081|2083|2084|2089|2095|2100|2103|2107|2111|2112|2113|2116|2117|2118|2122|2123|2131|2134|2136|2141|2142|2147|2148|2154|2155|2162|2169|2170|2171|2173|2175|2179|2180|2184|2185|2187|2194|2198|2201|2204|2210|2213|2214|2217|2219|2226|2231|2232|2235|2236|2238|2239|2244|2247|2249|2252|2261|2263|2272|2282|2285|2286|2289|2291|2293|2296|2303|2309|2312|2313|2315|2320|2321|2324|2326|2327|2329|2336|2337|2340|2342|2343|2344|2351|2354|2355|2358|2359|2366|2367|2368|2372|2373|2378|2379|2381|2382|2383|2384|2385|2386|2387|2389|2399|2400|2404|2405|2410|2414|2416|2422|2424|2430|2432|2433|2437|2438|2439|2440|2441|2442|2444|2447|2448|2449|2451|2453|2454|2455|2459|2460|2468|2470|2473|2474|2476|2482|2485|2487|2488|2494|2495|2497|2500|2501|2502|2503|2504|2507|2510|2514|2515|2516|2517|2518|2526|2528|2533|2536|2537|2538|2539|2540|2541|2543|2544|2550|2553|2554|2556|2557|2560|2561|2562|2564|2566|2567|2569|2570|2573|2574|2579|2583|2584|2588|2592|2596|2600|2602|2604|2612|2618|2619|2621|2622|2627|2630|2633|2634|2639|2641|2643|2644|2646|2649|2650|2652|2654|2657|2659|2667|2668|2669|2671|2676|2678|2680|2681|2685|2689|2692|2696|2705|2710|2713|2720|2723|2726|2731|2734|2736|2738|2745|2747|2749|2750|2751|2756|2758|2760|2761|2762|2763|2766|2771|2779|2780,7.622857142857143,True
instance_0011.txt,random,592,305,1611,155|79|834|574|871|51|699|142|408|997|416|1008|179|810|241|585|317|510|74|445|324|205|761|453|412|928|115|44|823|298|41|508|758|565|208|1011|489|348|926|884|785|909|923|661|549|527|706|315|953|961|321|732|769|473|183|514|154|903|437|337|381|320|536|741|28|189|602|278|985|793|971|546|386|615|1014|108|53|847|694|118|780|980|251|83|658|300|30|485|201|707|256|461|756|305|765|568|310|498|623|170|401|698|779|607|252|133|122|816|895|680|672|132|293|518|450|228|194|175|872|422|886|446|102|622|827|418|898|801|375|701|555|674|922|526|542|768|1002|729|965|288|71|128|499|649|242|22|581|441|414|575|395|243|908|376|728|753|56|200|46|627|522|285|799|282|995|941|52|312|199|665|939|15|478|532|397|494|314|764|869|232|571|919|147|464|519|683|583|32|990|40|467|410|84|413|516|737|864|69|420|845|506|605|451|358|476|673|1013|998|505|587|16|711|209|322|950|618|385|838|580|129|675|144|65|901|677|558|559|393|311|63|325|309|841|297|710|80|62|949|37|528|202|35|151|351|174|178|543|692|705|316|671|890|736|27|363|50|936|326|818|774|1020|428|983|738|743|172|537|100|899|713|342|221|480|38|117|86|76|663|601|111|283|470|562|404|347|490|373|976|942|460|569|782|275|935|943|612|856|868|860|210|846|828|652|415|763|136|981|268|66|13|1026|1|486|975|259|338|878|835|993|81|749|216|379|955|788|184|744|730|733|452|411|815|91|247|218|436|600|533|858|954|197|88|817|99|606|739|960|929|910|5|383|689|121|891|904|786|332|660|746|650|531|304|294|678|969|371|116|444|620|1021|11|682|346|883|230|329|466|723|402|191|287|693|4|113|425|566|319|264|852|203|341|745|561|545|630|374|215|97|691|937|771|752|369|578|509|554|850|435|722|6|426|977|85|495|591|204|655|530|439|863|47|378|481|10|78|651|273|423|225|881|590|688|296|776|784|866|1005|229|39|254|406|750|794|734|831|501|597|666|153|223|778|994|934|948|880|535|307|156|438|625|34|166|124|173|783|301|946|479|740|114|755|973|685|925|717|306|291|751|362|280|396|482|773|222|684|239|299|214|236|139|504|704|146|642|686|382|1027|274|49|237|152|233|576|405|250|667|269|334|635|398|907|592|352|832|854|770|469|621|140|193|434|89|547|127|972|715|119|339|468|290|261|2|308|813|94|477|775|211|244|263|188|442|837|454|302|497|29|72|538|821|819|335|932|109|258|1006|654|157|582|361|851|0|798|107|820|267|59|632|608|212|289|877|735|70|207|328|159|524|687|719|417|392|394|1023|631|357|165|681|488|487|534|703,365|278|53|99|160|188|210|22|115|280|320|351|8|34|146|47|238|227|35|75|169|338|113|157|200|352|69|79|199|290|202|240|336|45|84|196|308|68|297|23|41|116|123|171|175|213|253|316|323|1|9|62|80|142|148|158|185|223|31|48|52|55|126|133|216|239|286|303|332|370|0|96|124|197|205|222|263|266|16|21|54|91|139|147|201|212|236|252|20|46|50|66|67|100|182|249|274|326|350|156|217|262|277|287|296|331|348|366|25|49|58|65|109|224|255|288|334|4|87|162|234|244|335|71|76|92|101|184|186|198|235|237|241|248|6|40|129|167|250|251|285|289|294|319|333|5|32|130|138|195|261|265|291|293|306|77|110|128|135|140|155|172|190|215|256|279|284|301|363|372|26|63|95|98|112|144|145|159|173|214|275|312|314|322|325|328|361|3|104|114|127|168|176|178|209|264|271|362|14|36|51|82|154|170|187|192|257|295|304|329|360|18|37|59|97|119|125|191|231|276|283|307|353|369|7|10|13|19|30|78|151|207|219|226|228|232|270|305|318|321|364|64|73|93|134|153|174|204|211|298|327|349|371|111|208|218|245|246|247|259|282|292|358|33|56|117|118|161|189|344|11|203|254|311|343|357|24|72|83|85|120|164|193|267|268|339|340|27|269|355|38|105|163|310|342|242|313|346|136|354|70|258|299|341|107,2|3|6|13|15|17|18|19|20|22|23|24|27|29|33|34|39|40|41|42|43|45|46|47|49|50|51|56|58|60|61|62|63|64|66|67|70|71|72|74|77|78|79|80|83|86|87|88|92|93|94|95|97|99|101|102|104|107|109|113|114|115|116|120|124|125|126|128|130|131|132|137|141|142|143|144|145|146|148|149|150|151|152|153|155|156|159|160|161|162|164|166|167|170|171|172|173|176|177|180|183|184|185|186|187|193|194|195|197|198|199|200|201|202|204|206|207|208|210|211|212|216|217|218|219|220|221|222|224|229|233|234|236|237|242|243|244|246|247|249|252|256|258|259|261|264|265|266|267|268|270|271|272|273|274|276|277|278|279|280|281|283|284|285|286|288|289|290|293|296|299|300|302|303|305|308|310|314|315|316|318|321|322|323|324|327|329|330|332|335|336|337|343|344|345|346|348|350|351|352|353|354|358|359|360|361|364|366|367|368|369|370|371|372|373|376|378|380|381|384|386|387|388|390|394|395|397|399|400|403|404|406|407|410|412|413|416|421|422|423|426|427|429|432|433|437|438|439|442|443|444|445|446|448|450|452|454|455|456|457|460|461|464|465|467|468|469|471|472|474|475|476|479|480|481|482|483|484|489|492|494|496|498|499|500|501|503|505|507|508|509|510|511|512|513|514|516|517|519|520|521|522|523|526|527|530|531|532|533|535|540|541|543|546|547|550|552|553|555|556|562|563|564|566|567|568|569|570|571|576|577|579|583|585|588|592|593|594|595|596|597|598|599|603|604|606|608|613|614|619|620|621|622|625|627|628|630|632|636|638|640|641|642|645|649|650|651|654|655|656|657|658|661|663|664|665|666|668|669|671|672|674|677|678|679|680|681|683|684|687|688|689|692|694|696|697|698|701|702|703|704|705|706|709|710|711|715|717|723|725|728|729|730|731|732|734|735|739|740|741|743|744|745|747|749|755|756|757|758|760|761|762|763|764|767|770|773|775|776|778|780|781|782|784|786|787|788|789|790|791|792|794|795|797|798|801|802|803|804|805|809|813|814|815|816|818|820|821|823|825|827|828|829|830|832|836|837|841|842|843|844|845|848|851|852|853|854|855|856|857|858|859|862|863|864|867|868|870|871|873|875|876|880|881|882|884|886|887|890|892|894|895|896|897|900|901|902|903|904|910|911|912|915|916|917|918|921|922|924|928|929|930|931|932|933|934|935|937|938|940|941|944|949|951|952|953|954|956|957|960|963|964|965|966|970|971|972|974|975|976|977|978|979|980|982|983|984|988|990|992|993|994|995|997|998|999|1000|1001|1003|1004|1008|1009|1010|1014|1015|1016|1019|1020|1021|1022|1023|1024|1025|1028|1029|1030|1032|1033|1034|1035|1036|1040|1041|1042|1043|1044|1045|1049|1050|1051|1052|1053|1054|1055|1056|1058|1059|1060|1062|1063|1065|1067|1071|1072|1075|1076|1077|1078|1079|1080|1081|1082|1084|1087|1088|1089|1090|1092|1095|1096|1098|1099|1101|1103|1104|1106|1107|1108|1109|1110|1111|1113|1117|1118|1119|1120|1121|1124|1126|1128|1130|1131|1132|1134|1135|1141|1142|1143|1144|1145|1146|1147|1148|1151|1152|1155|1156|1158|1160|1163|1165|1166|1167|1173|1174|1175|1176|1179|1181|1184|1187|1192|1193|1195|1197|1198|1199|1200|1201|1202|1203|1204|1205|1206|1209|1210|1212|1213|1214|1215|1217|1219|1221|1225|1226|1227|1233|1234|1236|1237|1239|1240|1242|1243|1244|1245|1248|1250|1252|1253|1257|1258|1259|1260|1261|1262|1263|1264|1267|1268|1270|1271|1272|1273|1274|1276|1277|1278|1279|1281|1283|1286|1288|1289|1291|1293|1294|1295|1299|1300|1302|1303|1304|1305|1306|1308|1309|1310|1311|1313|1314|1315|1324|1325|1327|1330|1334|1335|1338|1340|1341|1343|1345|1348|1350|1351|1352|1353|1355|1358|1359|1360|1361|1366|1370|1371|1372|1373|1376|1378|1379|1380|1381|1382|1385|1387|1388|1390|1391|1392|1395|1400|1402|1403|1405|1409|1413|1414|1417|1419|1420|1421|1425|1427|1428|1429|1430|1431|1433|1434|1436|1438|1443|1444|1445|1446|1448|1449|1452|1453|1454|1456|1458|1460|1461|1462|1466|1471|1472|1475|1476|1477|1481|1484|1485|1486|1489|1494|1495|1496|1497|1498|1500|1503|1504|1506|1507|1508|1513|1516|1517|1518|1519|1520|1521|1523|1526|1529|1530|1531|1532|1533|1534|1535|1536|1537|1538|1539|1543|1544|1545|1548|1549|1551|1552|1554|1555|1557|1558|1560|1561|1562|1563|1564|1565|1567|1568|1569|1573|1577|1578|1579|1581|1583|1584|1587|1588|1589|1592|1595|1598|1599|1600|1602|1604|1606|1608|1610|1615|1616|1617|1619|1624|1628|1629|1630|1631|1635|1636|1637|1638|1639|1640|1642|1643|1645|1647|1648|1649|1650|1651|1652|1653|1654|1656|1658|1659|1660|1661|1662|1664|1665|1666|1670|1671|1673|1674|1675|1677|1679|1680|1681|1684|1685|1686|1687|1688|1690|1691|1693|1694|1695|1697|1700|1704|1705|1707|1713|1718|1719|1720|1722|1723|1725|1728|1730|1731|1732|1733|1737|1740|1742|1743|1744|1746|1749|1750|1752|1753|1754|1755|1757|1761|1762|1763|1764|1765|1766|1767|1771|1772|1773|1775|1776|1777|1778|1780|1781|1784|1785|1786|1788|1789|1790|1791|1792|1794|1796|1797|1798|1802|1806|1807|1809|1812|1813|1814|1816|1817|1818|1819|1820|1821|1824|1826|1827|1828|1829|1831|1832|1833|1835|1839|1841|1842|1843|1844|1846|1847|1848|1849|1851|1852|1853|1854|1856|1857|1858|1859|1862|1863|1864|1865|1866|1868|1869|1871|1872|1874|1876|1880|1882|1884|1885|1886|1887|1890|1893|1894|1895|1897|1898|1899|1900|1901|1902|1903|1905|1906|1907|1909|1910|1912|1915|1919|1922|1925|1927|1928|1930|1933|1935|1936|1937|1938|1939|1940|1943|1944|1945|1946|1948|1953|1954|1955|1956|1959|1960|1962|1963|1965|1966|1967|1968|1969|1970|1971|1973|1974|1975|1978|1979|1981|1983|1984|1985|1988|1989|1991|1992|1998|1999|2000|2002|2003|2005|2006|2007|2008|2010|2011|2012|2013|2014|2015|2016|2019|2020|2021|2022|2024|2026|2027|2028|2029|2030|2032|2034|2036|2038|2039|2041|2042|2044|2046|2047|2052|2054|2055|2056|2059|2061|2062|2063|2066|2075|2076|2077|2078|2079|2081|2083|2084|2085|2090|2091|2092|2093|2095|2096|2097|2098|2099|2100|2102|2103|2104|2105|2106|2109|2113|2115|2118|2120|2124|2126|2127|2128|2131|2132|2133|2135|2139|2140|2145|2148|2154|2155|2157|2159|2161|2162|2163|2170|2173|2175|2176|2177|2178|2182|2185|2188|2191|2192|2194|2197|2198|2199|2200|2201|2203|2204|2205|2206|2208|2210|2212|2213|2215|2216|2217|2220|2221|2222|2223|2224|2225|2230|2231|2232|2234|2235|2236|2239|2240|2241|2243|2244|2245|2247|2248|2249|2250|2251|2255|2256|2257|2262|2265|2267|2268|2269|2270|2272|2273|2275|2277|2278|2279|2281|2282|2285|2287|2289|2290|2293|2294|2295|2296|2301|2302|2304|2305|2309|2311|2313|2314|2316|2318|2321|2325|2327|2328|2329|2330|2333|2335|2336|2338|2339|2340|2342|2343|2344|2345|2351|2353|2354|2355|2357|2358|2359|2360|2361|2365|2367|2368|2369|2370|2371|2372|2376|2377|2378|2379|2381|2382|2383|2384|2386|2390|2395|2397|2398|2399|2410|2412|2416|2419|2420|2421|2427|2428|2429|2430|2431|2433|2434|2436|2438|2439|2440|2442|2443|2445|2447|2448|2449|2450|2452|2453|2454|2455|2457|2459|2460|2462|2463|2465|2466|2468|2469|2470|2471|2473|2474|2476|2477|2478|2479|2480|2481|2482|2483|2484|2485|2487|2488|2489|2490|2492|2494|2495|2496|2497|2498|2499|2500|2501|2502|2503|2508|2509|2510|2511|2512|2513|2515|2517|2519|2521|2522|2523|2526|2528|2529|2530|2532|2533|2534|2537|2538|2539|2542|2543|2545|2546|2548|2549|2550|2552|2555|2556|2559|2560|2561|2562|2564|2565|2569|2570|2574|2576|2579|2581|2582|2583|2585|2586|2587|2588|2589|2590|2591|2592|2595|2596|2597|2599|2601|2605|2607|2608|2609|2610|2612|2616|2617|2618|2619|2621|2623|2626|2629|2632|2633|2634|2637|2638|2641|2642|2643|2644|2647|2652|2653|2655|2656|2660|2661|2662|2663|2664|2665|2667|2668|2670|2673|2674|2675|2676|2677|2678|2679|2680|2681|2682|2684|2685|2686|2688|2691|2692|2696|2698|2700|2701|2703|2706|2707|2708|2710|2711|2713|2714|2715|2716|2719|2721|2722|2725|2726|2730|2734|2735|2736|2738|2741|2742|2744|2745|2747|2749|2751|2755|2756|2757|2758|2760|2761|2763|2764|2768|2769|2770|2775|2776|2777|2780|2781|2782,6.704918032786885,True
instance_0011.txt,smaller_multi,375,280,1403,433|362|1016|450|107|649|559|637|86|268|470|850|686|117|204|109|94|90|244|891|474|547|375|79|978|129|384|339|483|631|6|985|636|552|994|160|700|448|467|16|75|753|270|477|468|67|998|89|466|341|136|203|799|114|747|849|593|308|731|353|936|214|885|385|996|764|256|138|525|660|825|217|57|990|159|400|875|208|743|890|54|184|942|669|18|1022|600|1003|579|485|603|499|185|406|811|561|813|592|391|156|656|182|472|441|807|7|718|520|629|266|60|65|352|405|896|424|273|833|760|797|920|744|863|206|121|318|601|68|720|439|615|1014|667|72|325|452|403|1012|486|1019|462|795|46|719|740|366|627|586|1026|56|668|195|691|582|342|212|35|221|381|98|856|213|929|897|26|545|611|926|580|100|464|91|300|154|819|455|786|565|737|186|506|43|750|476|128|24|594|45|108|622|701|73|479|229|287|131|804|866|232|183|748|986|893|793|651|854|301|638|346|842|981|1025|827|724|759|190|284|196|103|105|569|976|1011|374|3|224|766|650|312|205|408|698|187|358|823|416|982|149|980|471|781|975|23|414|425|648|211|530|908|862|604|928|589|202|521|465|133|372|549|481|410|87|543|858|945|55|1008|741|523|188|165|238|153|53|295|246|272|935|664|946|116|340|599|771|641|991|676|122|931|752|505|602|802|237|411|14|363|106|860|490|944|174|597|447|267|588|816|872|707|633|712|742|983|417|262|596|180|278|859|551|349|475|360|886|626|27|275|857|548|171|145|921|1002|351|710|81|134|894|810|609|80|881|257|197|383|639|215|48|938|672|323|826|904|962|8|733|389|932|837|1010|1006|694|498|758|240|790|546|956|687|578|50|423|665|567|194,365|99|34|278|138|277|8|115|69|296|123|53|25|287|79|146|238|1|31|210|90|240|351|84|255|336|68|223|23|35|13|184|372|46|55|113|182|202|188|205|262|286|316|116|201|93|190|54|124|147|157|197|91|179|200|214|244|294|128|135|160|186|323|6|26|58|76|100|109|212|235|258|265|280|284|297|350|63|87|112|159|199|259|263|267|5|10|18|19|20|24|37|47|50|148|155|191|192|215|285|301|308|324|348|92|95|142|170|171|216|218|225|241|311|366|4|9|16|27|41|73|78|85|98|105|110|111|114|119|134|156|162|169|207|209|224|253|256|268|289|292|295|312|321|331|334|339|343|363|370|21|22|36|40|52|66|82|101|104|117|136|139|175|185|222|234|239|249|251|257|271|293|305|319|320|322|338|340|341|344|352|356|360|0|2|7|11|17|30|32|42|45|51|67|71|72|80|118|126|144|154|158|161|164|167|177|219|226|228|236|243|245|252|254|270|274|303|310|318|333|347|349|357|371|373|3|14|15|33|38|39|44|48|56|64|70|75|83|96|97|127|132|133|141|149|153|163|172|173|176|189|193|204|206|211|217|227|242|247|248|261|276|279|283|290|298|299|304|306|307|313|314|326|327|328|332|337|355|358|361,3|4|5|6|8|10|11|13|14|16|17|20|26|28|29|31|35|36|39|40|41|42|46|49|52|54|58|59|60|61|63|64|70|72|73|76|77|78|80|81|83|85|86|89|90|92|95|96|97|98|102|103|109|110|111|119|123|126|127|128|130|131|133|134|135|136|137|138|141|142|143|144|148|150|152|153|155|156|159|161|162|164|165|167|169|170|172|174|175|177|178|180|184|185|186|189|190|193|196|197|198|199|201|205|206|210|211|216|217|220|221|224|225|227|231|233|234|235|237|238|239|240|241|242|246|255|257|263|266|267|268|269|271|272|274|276|278|280|281|282|283|285|286|287|289|290|291|294|295|296|297|298|299|300|301|304|306|309|310|311|313|314|317|320|321|322|323|326|327|329|331|337|338|339|341|342|343|344|346|351|353|356|357|359|360|361|362|363|364|367|370|371|376|378|381|383|385|387|388|389|391|393|398|399|400|401|403|406|408|409|410|411|412|418|420|423|424|426|427|428|431|434|435|438|439|440|443|444|446|448|452|454|455|457|458|464|465|466|467|470|471|472|473|474|475|476|479|480|487|488|490|491|496|497|498|502|503|506|507|508|509|510|512|515|517|519|520|521|522|524|525|527|528|530|532|533|534|535|536|539|542|547|548|550|553|555|559|560|567|568|574|575|576|578|583|584|586|587|588|590|592|597|599|600|603|607|608|609|616|619|622|623|627|628|632|634|636|637|638|641|650|652|654|657|659|660|661|662|664|665|667|669|671|672|673|677|680|681|683|685|686|690|691|694|696|698|702|706|708|709|711|712|713|715|718|719|720|721|722|724|725|727|728|729|736|737|738|739|742|743|744|750|752|753|754|756|757|759|760|761|765|766|767|769|772|776|777|778|780|781|783|785|787|788|792|797|798|799|800|801|804|807|808|813|814|816|817|818|820|822|826|831|832|833|834|835|836|842|844|849|850|852|853|854|857|858|859|863|864|865|867|870|874|875|878|879|888|889|890|891|894|896|897|898|899|900|901|902|903|907|908|909|913|915|917|918|922|927|931|932|933|936|937|938|939|940|941|942|943|944|947|948|949|950|951|953|954|956|959|960|963|965|969|972|975|976|977|978|982|983|984|985|987|988|990|992|994|995|996|997|998|1000|1001|1003|1007|1010|1012|1014|1017|1019|1020|1021|1022|1024|1025|1028|1029|1030|1035|1036|1041|1042|1044|1050|1052|1054|1056|1060|1063|1064|1065|1066|1067|1068|1069|1073|1074|1075|1076|1079|1086|1087|1088|1089|1092|1093|1094|1097|1098|1099|1101|1103|1104|1105|1107|1108|1109|1112|1113|1115|1116|1117|1118|1121|1122|1123|1124|1125|1127|1129|1132|1133|1134|1135|1136|1137|1138|1141|1142|1143|1144|1146|1148|1149|1150|1152|1153|1154|1157|1161|1164|1166|1168|1169|1173|1176|1178|1180|1182|1183|1184|1186|1187|1189|1190|1191|1192|1193|1195|1197|1198|1199|1200|1204|1207|1208|1210|1211|1212|1214|1215|1216|1217|1218|1223|1225|1226|1230|1233|1241|1244|1246|1247|1248|1249|1251|1256|1257|1259|1260|1262|1263|1264|1265|1267|1270|1271|1272|1273|1274|1275|1277|1280|1288|1289|1291|1294|1295|1296|1300|1301|1302|1304|1305|1307|1311|1313|1314|1318|1322|1323|1324|1326|1330|1332|1333|1335|1337|1340|1341|1342|1343|1344|1345|1346|1348|1349|1352|1353|1354|1355|1358|1361|1363|1365|1366|1369|1372|1373|1375|1379|1380|1384|1389|1391|1394|1400|1402|1404|1405|1406|1407|1408|1410|1414|1419|1421|1422|1424|1426|1427|1428|1435|1436|1438|1441|1442|1444|1450|1451|1452|1455|1458|1459|1464|1465|1466|1469|1470|1473|1476|1478|1480|1485|1487|1489|1494|1496|1498|1499|1503|1504|1509|1510|1513|1516|1517|1518|1519|1520|1522|1527|1529|1530|1532|1533|1534|1536|1539|1540|1541|1542|1543|1544|1549|1550|1552|1554|1555|1556|1558|1559|1561|1562|1563|1566|1570|1571|1574|1577|1580|1582|1583|1585|1587|1588|1589|1590|1591|1595|1598|1599|1601|1602|1603|1605|1606|1612|1615|1616|1621|1623|1625|1629|1634|1635|1636|1637|1638|1648|1650|1653|1655|1657|1662|1664|1665|1667|1669|1670|1675|1676|1677|1678|1679|1685|1688|1689|1691|1692|1693|1695|1696|1697|1700|1701|1702|1703|1706|1708|1710|1716|1719|1720|1721|1722|1724|1727|1740|1741|1742|1744|1748|1752|1756|1757|1761|1763|1766|1768|1770|1772|1773|1774|1775|1776|1777|1778|1779|1780|1781|1782|1785|1786|1788|1789|1790|1792|1793|1798|1799|1802|1804|1805|1807|1808|1811|1816|1817|1818|1819|1824|1825|1826|1827|1830|1834|1836|1837|1838|1839|1840|1841|1842|1844|1846|1850|1853|1854|1858|1859|1862|1865|1866|1870|1874|1875|1881|1883|1888|1889|1891|1892|1893|1894|1897|1900|1901|1905|1908|1910|1911|1916|1918|1919|1924|1927|1928|1931|1932|1934|1935|1936|1937|1938|1939|1940|1942|1943|1945|1946|1949|1953|1955|1956|1958|1959|1963|1964|1967|1968|1970|1971|1973|1974|1975|1976|1977|1981|1983|1988|1989|1990|1991|1999|2001|2002|2003|2004|2005|2006|2007|2008|2010|2012|2015|2018|2019|2020|2024|2026|2028|2032|2042|2043|2044|2045|2046|2047|2048|2049|2052|2054|2055|2056|2058|2060|2065|2066|2067|2069|2071|2072|2073|2078|2083|2084|2086|2089|2091|2093|2095|2098|2100|2101|2102|2106|2107|2109|2111|2112|2113|2114|2116|2117|2118|2120|2123|2125|2127|2129|2131|2132|2133|2134|2136|2137|2139|2140|2141|2142|2144|2147|2149|2150|2151|2154|2156|2158|2160|2164|2168|2171|2172|2173|2174|2175|2176|2177|2178|2180|2184|2185|2186|2187|2188|2190|2193|2194|2197|2198|2200|2201|2203|2206|2213|2214|2216|2217|2219|2222|2223|2224|2226|2227|2229|2230|2231|2234|2235|2236|2237|2239|2240|2241|2242|2245|2246|2247|2249|2257|2259|2260|2261|2263|2264|2269|2271|2272|2274|2278|2279|2280|2283|2284|2285|2289|2290|2291|2293|2294|2298|2299|2300|2304|2305|2306|2309|2310|2312|2313|2315|2316|2318|2319|2320|2321|2322|2324|2326|2329|2330|2332|2333|2334|2335|2336|2337|2338|2339|2340|2344|2345|2348|2349|2350|2351|2352|2355|2356|2358|2359|2366|2368|2370|2372|2376|2377|2379|2380|2384|2385|2386|2387|2388|2389|2390|2391|2396|2399|2400|2406|2408|2409|2410|2411|2413|2414|2415|2416|2417|2419|2421|2422|2423|2424|2426|2428|2430|2431|2433|2437|2439|2441|2442|2444|2445|2448|2451|2452|2454|2457|2458|2459|2460|2461|2462|2464|2465|2467|2469|2470|2471|2473|2474|2476|2478|2480|2481|2482|2484|2485|2487|2489|2490|2492|2494|2496|2497|2501|2502|2503|2506|2507|2508|2509|2510|2513|2514|2515|2518|2523|2524|2526|2527|2529|2533|2534|2536|2540|2541|2543|2544|2545|2548|2549|2550|2555|2556|2557|2559|2561|2562|2564|2565|2566|2567|2568|2569|2570|2573|2576|2583|2584|2586|2587|2588|2592|2594|2595|2596|2597|2598|2600|2601|2602|2603|2604|2616|2618|2620|2622|2625|2627|2628|2630|2632|2633|2634|2635|2637|2639|2641|2642|2643|2644|2646|2649|2650|2654|2657|2659|2662|2664|2665|2666|2668|2671|2673|2676|2677|2678|2679|2680|2683|2684|2687|2688|2691|2692|2693|2696|2697|2698|2699|2705|2708|2709|2710|2715|2716|2718|2720|2723|2724|2727|2729|2730|2731|2735|2736|2737|2738|2740|2742|2745|2746|2748|2749|2751|2752|2753|2760|2761|2762|2763|2766|2771|2775|2777|2778|2779|2780,7.303571428571429,True
instance_0012.txt,aisle_first_desc,8,5,14,89|112|76|81|25|69|98|103,31|63|142|181|218,30|32|37|75|85|99|108|114|169|176|191|226|227|248,7.2,True
instance_0012.txt,knapsack,44,73,122,48|44|43|40|39|38|37|36|35|34|33|32|31|30|29|28|27|26|25|24|23|22|21|20|19|18|17|16|15|14|13|12|11|10|9|8|7|6|5|4|3|2|1|0,98|132|142|164|107|129|8|92|97|190|23|49|82|277|296|297|2|41|46|123|198|225|239|291|3|9|16|19|26|33|70|78|145|180|233|238|307|334|11|14|21|35|38|55|57|60|68|84|89|106|109|119|131|133|135|136|159|160|174|182|194|199|200|217|219|229|250|252|286|287|327|330|331,0|7|15|18|22|25|26|27|28|29|30|33|35|38|39|40|44|46|47|49|54|55|59|65|66|68|71|77|85|86|88|90|91|96|99|100|101|102|104|105|109|110|111|124|127|130|131|133|134|137|141|145|150|153|154|155|167|170|174|181|183|184|185|186|188|190|193|195|199|200|201|202|210|212|214|215|219|221|229|231|232|233|235|236|238|239|240|244|246|254|255|256|258|262|264|265|268|269|272|273|275|279|280|281|282|293|295|297|298|299|302|311|312|316|318|319|320|327|329|331|335|336,2.4246575342465753,True
instance_0012.txt,knapsack_density,70,74,134,125|121|116|113|112|111|107|105|103|102|100|99|98|96|94|93|91|89|87|84|83|82|81|78|77|76|74|73|72|69|68|67|64|63|57|56|55|54|51|49|47|46|45|42|41|40|38|37|36|35|33|32|31|27|26|25|23|21|20|19|17|16|15|13|12|10|9|8|6|5,181|31|237|188|262|137|30|49|101|41|44|53|78|84|93|97|102|119|123|225|321|12|45|57|60|68|103|130|132|138|149|180|186|194|226|250|253|307|3|5|19|33|34|40|55|61|62|63|64|89|107|109|112|115|124|133|139|166|170|174|175|182|193|196|201|217|227|233|234|238|261|270|286|290,0|4|7|13|16|17|21|26|27|30|31|32|37|41|42|46|51|54|56|58|59|61|62|65|68|72|75|76|79|80|84|85|86|88|92|94|95|99|103|104|105|108|110|112|114|115|117|119|129|132|134|141|150|151|154|160|161|164|165|167|168|169|173|175|176|177|178|181|183|187|191|193|194|195|197|199|200|202|205|207|216|217|226|227|229|231|232|233|234|235|239|240|243|245|246|247|248|249|251|254|255|257|259|261|262|264|265|278|280|281|282|283|285|287|290|294|296|297|303|305|306|307|308|309|311|313|315|321|327|329|332|333|334|335,2.391891891891892,True
instance_0012.txt,knapsack_seed,23,42,80,121|114|106|104|75|73|70|65|60|56|55|53|50|48|43|35|33|32|15|14|12|10|5,132|2|85|92|8|49|47|156|175|162|269|309|26|35|37|91|94|130|213|4|11|21|29|40|42|50|57|89|108|109|119|138|152|170|193|211|234|237|238|252|304|307,0|1|3|5|6|11|18|21|23|29|39|40|41|46|53|55|65|78|90|98|101|102|104|105|106|111|113|121|124|127|134|138|140|145|147|149|150|152|166|167|168|171|174|178|179|182|186|188|189|193|199|201|202|207|208|213|217|221|237|251|253|256|260|262|263|270|272|278|280|284|292|299|301|302|310|314|315|321|322|331,2.4047619047619047,True
instance_0012.txt,random,39,70,114,48|125|12|0|38|56|61|71|96|52|79|24|50|6|94|65|29|26|58|19|113|122|13|62|81|90|126|72|10|112|97|108|8|39|54|31|5|35|82,250|31|181|187|60|132|101|331|49|277|310|92|102|144|274|8|19|97|107|129|145|218|262|291|317|21|62|91|98|123|215|283|70|76|83|85|89|152|165|186|230|233|286|2|9|26|61|84|124|194|217|290|299|321|16|33|35|50|55|90|131|133|178|199|219|224|234|238|304|307,0|16|18|20|21|26|28|29|33|34|45|52|53|55|56|60|61|64|65|73|75|76|79|85|88|90|93|97|100|102|103|105|110|116|120|122|124|127|128|133|135|136|139|141|149|150|154|155|160|161|163|167|170|172|174|181|184|187|188|189|191|193|195|198|200|202|204|206|207|215|221|222|223|224|226|228|229|231|237|242|248|249|256|257|260|262|265|269|271|272|273|274|276|277|278|279|281|284|286|291|292|298|300|302|311|313|317|320|322|324|329|331|334|336,2.5285714285714285,True
instance_0012.txt,smaller_multi,19,50,72,48|85|89|22|61|66|101|123|7|29|28|104|70|122|44|75|24|126|87,101|250|31|227|132|98|331|297|8|92|19|23|82|145|207|283|26|49|102|162|181|198|239|277|286|309|2|3|9|70|192|206|230|290|81|90|104|108|131|138|143|152|160|164|200|201|224|237|296|310,1|8|12|18|25|29|38|43|45|48|52|54|55|67|70|77|82|89|90|91|93|98|100|102|113|114|120|121|124|127|137|138|139|142|147|155|164|170|174|179|182|184|188|198|208|212|215|221|223|228|236|242|252|256|263|268|270|272|273|277|279|286|295|301|302|308|310|314|319|320|323|331,3.54,True
instance_0013.txt,aisle_first_desc,1432,20,1284,4385|1453|3140|4612|1845|7915|1254|2954|5086|5674|7305|96|854|1949|2783|3599|3645|3703|4739|5708|5744|6142|6408|39|90|93|215|498|617|672|1334|1478|1490|1651|1656|1661|1794|1830|1870|2010|2027|2412|2512|2530|2857|3439|3863|3876|3909|4006|4238|4278|4431|4566|4615|4866|5226|5364|5385|5394|5577|5612|5633|5774|5977|6171|6187|6265|6269|6381|6518|6590|6756|6848|6859|6903|6919|6992|7198|7373|7510|7546|7659|7951|8112|8240|2|10|15|27|29|41|56|63|64|65|69|72|76|79|83|89|94|97|102|125|133|135|137|140|150|153|157|158|162|169|175|176|189|200|204|207|212|213|214|218|222|227|228|229|233|241|243|244|248|249|250|261|263|267|268|269|274|279|280|281|298|315|317|329|333|338|346|348|352|354|360|362|368|378|383|394|399|404|408|420|421|422|425|427|430|436|440|443|445|454|468|475|479|487|489|492|499|504|516|517|522|531|537|543|550|552|554|556|571|573|574|579|584|588|597|602|603|610|618|619|624|625|635|645|647|648|661|665|669|676|681|682|685|692|698|706|708|719|722|724|735|744|755|776|777|779|786|806|811|812|821|828|835|844|855|865|870|874|876|882|895|910|933|936|937|941|959|961|963|965|969|970|972|979|981|982|988|990|993|996|999|1007|1009|1019|1022|1029|1041|1051|1058|1063|1064|1067|1075|1083|1086|1091|1114|1121|1124|1125|1137|1140|1149|1151|1152|1155|1164|1165|1168|1183|1186|1192|1193|1195|1197|1198|1206|1226|1229|1234|1240|1252|1255|1256|1259|1260|1269|1273|1275|1276|1281|1282|1285|1286|1293|1299|1304|1307|1308|1324|1325|1333|1343|1357|1368|1373|1384|1391|1399|1407|1429|1431|1433|1440|1441|1447|1452|1454|1462|1465|1476|1479|1480|1488|1510|1511|1519|1525|1529|1530|1532|1536|1548|1551|1552|1553|1556|1562|1569|1574|1578|1580|1586|1594|1598|1600|1603|1618|1626|1629|1633|1644|1649|1652|1657|1665|1672|1675|1677|1684|1685|1690|1701|1707|1712|1713|1715|1716|1719|1722|1723|1725|1734|1742|1753|1754|1766|1769|1774|1775|1784|1786|1798|1799|1818|1824|1826|1835|1840|1848|1853|1854|1856|1857|1866|1877|1886|1903|1904|1915|1917|1925|1926|1929|1930|1938|1942|1948|1951|1954|1957|1959|1962|1980|1983|1995|1996|1997|2001|2006|2012|2016|2030|2032|2034|2046|2047|2052|2067|2070|2078|2082|2085|2089|2090|2091|2092|2094|2106|2107|2121|2123|2124|2136|2137|2142|2146|2147|2155|2156|2167|2168|2180|2202|2203|2213|2214|2217|2231|2235|2237|2238|2239|2246|2251|2254|2257|2260|2267|2269|2270|2278|2290|2298|2300|2308|2309|2316|2317|2319|2320|2335|2337|2342|2348|2354|2357|2362|2370|2371|2372|2375|2376|2388|2391|2405|2410|2435|2442|2455|2461|2469|2478|2487|2494|2535|2541|2542|2546|2549|2553|2558|2563|2564|2565|2567|2569|2572|2573|2576|2587|2593|2599|2602|2607|2616|2618|2619|2623|2627|2632|2638|2642|2649|2659|2660|2662|2667|2672|2676|2680|2687|2693|2703|2720|2727|2734|2751|2762|2763|2765|2770|2773|2777|2778|2793|2803|2808|2811|2816|2820|2822|2827|2828|2838|2853|2863|2879|2885|2886|2911|2918|2924|2927|2943|2944|2953|2955|2958|2961|2966|2967|2971|2974|3001|3002|3008|3010|3013|3016|3026|3038|3043|3045|3051|3067|3084|3090|3095|3099|3107|3108|3126|3127|3138|3150|3151|3153|3162|3164|3166|3170|3174|3177|3181|3184|3189|3191|3200|3209|3214|3216|3221|3224|3230|3233|3252|3254|3268|3269|3272|3273|3285|3287|3288|3290|3292|3303|3317|3322|3329|3333|3334|3337|3339|3340|3343|3345|3356|3362|3366|3367|3375|3378|3379|3382|3383|3396|3403|3405|3406|3409|3412|3415|3420|3436|3445|3448|3450|3453|3456|3460|3471|3478|3480|3485|3495|3497|3519|3528|3539|3540|3547|3548|3553|3568|3571|3572|3576|3582|3587|3600|3615|3629|3638|3639|3640|3644|3646|3651|3656|3663|3664|3669|3674|3681|3684|3688|3690|3719|3724|3733|3743|3745|3746|3768|3770|3777|3779|3791|3796|3797|3823|3832|3837|3850|3864|3867|3868|3871|3874|3879|3881|3891|3892|3898|3910|3914|3915|3923|3926|3929|3941|3946|3950|3952|3956|3960|3972|3974|3982|3997|4003|4013|4014|4028|4042|4051|4052|4054|4063|4064|4067|4074|4076|4077|4086|4090|4092|4097|4100|4106|4108|4109|4110|4115|4117|4121|4136|4140|4144|4153|4154|4164|4170|4178|4180|4183|4197|4211|4218|4221|4222|4224|4225|4226|4240|4251|4258|4262|4273|4276|4286|4290|4292|4296|4305|4317|4321|4322|4329|4332|4335|4384|4390|4396|4407|4410|4413|4419|4430|4432|4439|4450|4454|4456|4466|4477|4492|4495|4507|4513|4529|4532|4534|4538|4544|4548|4560|4564|4570|4573|4579|4584|4588|4613|4614|4622|4628|4632|4640|4652|4661|4664|4675|4694|4706|4713|4716|4751|4752|4755|4756|4759|4770|4771|4776|4782|4783|4789|4790|4791|4805|4810|4814|4827|4828|4848|4851|4852|4857|4877|4893|4899|4904|4907|4917|4920|4925|4944|4952|4963|4964|4986|4987|4989|4990|4992|4999|5001|5004|5010|5022|5030|5034|5037|5038|5041|5046|5054|5055|5063|5066|5067|5075|5079|5089|5093|5095|5104|5107|5114|5118|5123|5143|5146|5165|5180|5184|5189|5200|5204|5206|5212|5217|5221|5229|5235|5255|5262|5264|5272|5274|5276|5277|5280|5284|5293|5304|5315|5334|5337|5345|5348|5351|5357|5371|5374|5376|5392|5412|5413|5417|5420|5423|5432|5441|5444|5445|5454|5464|5467|5484|5485|5488|5492|5494|5495|5496|5514|5519|5531|5539|5550|5576|5579|5587|5606|5610|5614|5625|5628|5635|5642|5646|5648|5653|5657|5670|5671|5680|5686|5687|5689|5690|5691|5693|5696|5705|5709|5712|5714|5731|5732|5734|5736|5739|5757|5766|5777|5793|5804|5809|5810|5812|5819|5821|5822|5831|5835|5848|5861|5879|5884|5886|5891|5903|5909|5911|5914|5921|5922|5923|5926|5930|5940|5941|5945|5956|5972|5976|5979|5980|5985|5986|5997|5998|6000|6001|6003|6007|6009|6018|6024|6029|6044|6047|6055|6058|6077|6078|6084|6090|6099|6103|6108|6153|6155|6166|6186|6191|6194|6198|6206|6227|6228|6247|6251|6271|6273|6276|6279|6280|6285|6291|6305|6319|6321|6333|6336|6338|6339|6340|6343|6348|6352|6365|6376|6383|6390|6399|6404|6410|6415|6419|6431|6438|6449|6458|6466|6473|6485|6500|6501|6502|6507|6514|6523|6534|6541|6556|6560|6561|6579|6583|6594|6598|6607|6611|6614|6616|6617|6636|6643|6647|6651|6655|6656|6657|6658|6674|6684|6691|6695|6696|6697|6700|6709|6711|6713|6719|6720|6725|6730|6734|6737|6739|6750|6763|6765|6775|6788|6791|6792|6799|6809|6836|6843|6847|6851|6852|6858|6862|6867|6868|6871|6873|6876|6883|6890|6891|6897|6899|6905|6906|6909|6911|6922|6936|6947|6957|6961|6962|6963|6965|6967|6976|6984|6995|7002|7005|7006|7018|7023|7030|7032|7033|7039|7043|7048|7050|7060|7070|7071|7108|7114|7119|7130|7132|7134|7142|7149|7151|7161|7166|7172|7177|7181|7184|7194|7201|7204|7207|7212|7223|7229|7235|7239|7241|7255|7257|7260|7265|7268|7280|7284|7286|7289|7292|7308|7313|7324|7325|7335|7345|7353|7357|7360|7367|7372|7383|7387|7394|7405|7407|7412|7416|7419|7431|7432|7433|7441|7452|7471|7472|7475|7477|7478|7489|7492|7494|7499|7502|7517|7535|7554|7560|7564|7576|7578|7581|7606|7607|7617|7620|7624|7627|7640|7666|7670|7678|7687|7689|7697|7701|7706|7710|7713|7717|7719|7724|7726|7731|7749|7756|7759|7783|7790|7801|7809|7812|7820|7822|7825|7828|7830|7841|7872|7886|7912|7925|7932|7936|7943|7948|7953|7958|7966|7974|7981|7995|8003|8007|8014|8027|8030|8037|8044|8048|8052|8055|8064|8066|8076|8081|8082|8092|8095|8105|8107|8113|8120|8126|8129|8137|8142|8145|8158|8161|8163|8176|8180|8199|8202|8210|8211|8218|8223|8234|8250|8253|8282|8284|8287|8290|8292|8298|8307|8308|8317|8319|8326|8327|8352|8362|8374,2|9|35|56|69|79|86|101|141|197|221|229|341|349|365|367|373|383|389|397,1|3|13|19|24|27|30|32|34|40|44|48|51|54|56|58|63|66|67|82|84|85|95|103|107|110|112|118|120|143|146|150|162|169|173|180|182|185|203|210|232|233|236|238|241|244|250|258|267|273|274|276|287|296|298|306|311|326|328|332|335|336|342|343|344|352|353|355|362|364|369|371|381|388|402|409|420|424|429|436|459|465|471|472|475|485|495|497|501|511|515|520|525|527|541|542|545|547|549|552|555|562|563|565|574|575|592|599|604|609|617|621|628|632|633|638|666|668|671|673|676|677|685|696|712|713|720|724|741|745|747|749|751|752|755|756|758|759|765|767|768|772|776|781|786|794|802|805|823|824|834|836|837|838|839|850|851|858|860|863|871|874|889|891|902|906|907|908|914|915|924|928|933|958|965|973|985|988|992|997|1001|1007|1015|1020|1025|1027|1037|1047|1049|1058|1062|1066|1067|1075|1076|1081|1089|1097|1099|1118|1120|1126|1134|1140|1143|1161|1163|1166|1168|1169|1171|1179|1180|1183|1185|1189|1199|1211|1220|1238|1240|1244|1250|1260|1264|1267|1271|1277|1280|1286|1299|1309|1317|1324|1325|1334|1340|1342|1345|1350|1352|1359|1361|1365|1367|1386|1392|1395|1401|1410|1413|1414|1416|1417|1421|1424|1425|1435|1437|1438|1441|1447|1451|1467|1471|1477|1479|1488|1498|1502|1504|1516|1529|1531|1532|1533|1539|1544|1546|1554|1557|1558|1566|1571|1573|1574|1597|1600|1605|1607|1620|1625|1627|1628|1640|1645|1653|1666|1671|1679|1681|1682|1705|1706|1729|1734|1737|1740|1743|1745|1746|1748|1755|1767|1773|1785|1787|1790|1795|1799|1804|1814|1832|1843|1844|1851|1855|1856|1861|1867|1869|1872|1874|1877|1881|1882|1887|1901|1902|1909|1922|1925|1926|1929|1933|1935|1938|1941|1944|1950|1963|1971|1974|1980|1987|1991|1993|2003|2004|2006|2007|2011|2014|2017|2021|2029|2033|2038|2041|2048|2054|2060|2074|2075|2089|2095|2096|2105|2111|2113|2114|2117|2122|2124|2125|2130|2131|2133|2139|2147|2157|2161|2162|2166|2173|2177|2182|2184|2185|2193|2197|2204|2206|2211|2217|2225|2240|2257|2271|2276|2278|2284|2297|2300|2306|2308|2316|2323|2324|2331|2332|2341|2342|2344|2347|2353|2356|2360|2361|2373|2377|2382|2388|2389|2395|2404|2408|2410|2415|2417|2426|2427|2429|2433|2434|2463|2464|2469|2485|2496|2498|2499|2518|2524|2528|2529|2546|2568|2574|2575|2576|2578|2579|2580|2588|2590|2591|2597|2599|2613|2617|2626|2628|2634|2641|2646|2651|2659|2679|2699|2705|2725|2738|2739|2743|2749|2757|2760|2770|2776|2784|2790|2791|2792|2799|2806|2816|2817|2821|2824|2833|2847|2856|2860|2869|2871|2891|2893|2899|2900|2901|2913|2917|2930|2934|2936|2950|2952|2956|2958|2963|2969|2972|2973|2974|2982|2988|2989|2999|3005|3015|3016|3017|3027|3048|3049|3060|3063|3068|3084|3096|3099|3113|3115|3117|3121|3127|3130|3131|3136|3138|3139|3144|3154|3155|3157|3158|3160|3166|3167|3170|3178|3193|3200|3206|3218|3220|3228|3231|3234|3238|3241|3244|3246|3253|3254|3260|3261|3266|3272|3278|3282|3285|3286|3288|3298|3302|3309|3314|3318|3324|3328|3329|3330|3331|3340|3344|3355|3356|3367|3375|3384|3385|3388|3393|3399|3400|3402|3403|3414|3426|3427|3430|3435|3439|3444|3450|3452|3455|3474|3482|3493|3501|3505|3508|3511|3512|3527|3537|3550|3553|3560|3564|3569|3572|3577|3579|3582|3583|3589|3592|3593|3594|3596|3612|3613|3626|3627|3628|3630|3631|3635|3639|3657|3661|3665|3668|3671|3681|3689|3693|3701|3705|3706|3727|3737|3745|3751|3752|3776|3779|3795|3799|3809|3815|3816|3820|3821|3833|3836|3837|3841|3843|3845|3846|3851|3866|3867|3868|3872|3874|3888|3892|3893|3909|3913|3914|3918|3920|3928|3931|3955|3974|3976|3978|3980|3985|3991|3997|3998|4000|4002|4009|4017|4025|4041|4053|4058|4070|4074|4079|4080|4087|4088|4093|4105|4110|4119|4124|4127|4130|4132|4138|4139|4140|4141|4143|4144|4145|4154|4156|4160|4166|4169|4172|4173|4176|4185|4189|4195|4201|4214|4220|4223|4227|4239|4243|4251|4252|4255|4256|4258|4262|4266|4271|4298|4301|4303|4305|4307|4318|4323|4331|4335|4336|4338|4341|4344|4348|4349|4363|4370|4380|4381|4392|4406|4424|4425|4436|4440|4442|4453|4468|4487|4489|4499|4500|4506|4516|4525|4535|4541|4542|4551|4566|4576|4591|4597|4612|4619|4621|4622|4627|4629|4637|4638|4639|4649|4653|4657|4665|4674|4678|4681|4684|4686|4693|4703|4706|4707|4715|4724|4727|4729|4740|4742|4755|4756|4757|4759|4768|4770|4780|4787|4799|4801|4813|4814|4822|4826|4829|4831|4841|4844|4846|4850|4855|4856|4858|4862|4864|4875|4882|4888|4893|4895|4898|4909|4933|4937|4938|4939|4952|4958|4962|4964|4975|4980|4987|4999|5012|5015|5020|5023|5026|5044|5056|5061|5065|5074|5079|5105|5116|5135|5139|5142|5146|5150|5151|5153|5155|5158|5167|5171|5175|5180|5184|5186|5195|5198|5204|5208|5233|5234|5237|5253|5255|5257|5267|5268|5271|5272|5274|5275|5277|5280|5285|5301|5304|5305|5306|5315|5316|5326|5334|5340|5345|5355|5357|5362|5370|5374|5377|5389|5390|5398|5399|5414|5415|5426|5431|5432|5435|5438|5442|5446|5464|5465|5477|5487|5492|5495|5497|5499|5502|5504|5516|5519|5523|5526|5527|5530|5531|5532|5533|5536|5537|5538|5540|5544|5551|5556|5560|5581|5587|5589|5597|5610|5612|5613|5617|5631|5633|5640|5641|5642|5649|5666|5678|5683|5686|5687|5697|5702|5705|5719|5720|5732|5737|5739|5740|5744|5762|5765|5770|5782|5784|5795|5806|5808|5811|5822|5824|5832|5840|5843|5844|5861|5868|5877|5883|5886|5896|5903|5911|5916|5918|5921|5922|5924|5938|5944|5945|5947|5954|5956|5958|5959|5974|5982|5983|5990|5995|5997|6008|6018|6061|6074|6075|6076|6080|6085|6087|6090|6092|6093|6097|6098|6102|6122|6130|6137|6140|6160|6170|6177|6178|6180|6182|6184|6188|6233|6234|6248|6249|6252|6255|6259|6276|6286|6294|6304|6309|6310|6320|6326|6327|6329|6333|6354|6362|6363|6373|6388|6394|6399|6409|6412|6414|6424|6427|6435|6441|6450|6451|6453|6477|6483|6496|6504|6527|6532|6542|6551|6556|6557|6572|6581|6587|6588|6589|6597|6598|6601|6603|6604|6607|6611|6618|6628|6630|6638|6639|6665|6671|6677|6678|6689|6690|6692|6693|6708|6709|6712|6728|6734|6740|6744|6745|6746|6751|6754|6759|6766|6768|6776|6781|6794|6797|6798|6800|6802|6819|6825|6838|6852|6857|6860|6867|6874|6896|6898|6899|6951|6967|6968|6990|6991|6994|6999|7002|7004|7011|7013|7018|7030|7037|7041|7044|7045|7046|7052|7054|7055|7062|7066|7070|7072|7074|7077|7080|7086|7087|7089|7093|7097|7101|7107|7114|7115|7123|7133|7137|7141|7142|7147|7151|7156|7157|7161|7162|7173|7179|7182|7192|7197|7216|7218|7219|7230|7240|7243|7252|7257|7263|7275|7296|7297|7307|7316|7321|7333|7344|7347|7348|7350|7365|7372|7379|7380|7388|7395|7398|7408|7410|7411|7413|7415|7428|7429|7431|7434|7441|7445|7450|7458|7467|7470|7483|7488|7495|7503|7505|7511,78.35,True
instance_0013.txt,knapsack,2993,349,2825,7021|4779|5172|1900|5205|2697|7136|884|1228|2326|4942|5489|6098|6949|7346|7356|596|4385|6771|57|164|1003|1453|1805|3524|3792|5224|6428|1449|2538|589|795|951|1219|2286|2496|3140|3493|3543|4094|4612|4730|4850|4867|4882|5399|5912|6493|6615|7404|7482|7785|8166|791|925|1207|1566|1620|1781|1845|2258|2466|2468|2596|2683|2738|3130|3255|3581|3627|3742|4142|4186|4732|4996|5711|5952|6049|6301|6465|7462|7679|7775|7904|7915|7975|131|322|462|500|511|535|663|817|824|836|1254|1370|1650|1658|2110|2398|2445|2507|2531|2768|2845|2892|2954|2975|3036|3046|3091|3144|3232|3251|3346|4081|4230|4378|4574|4838|5011|5047|5086|5230|5257|5522|5533|5563|5659|5674|5772|6128|6201|6230|6326|6625|6821|6853|7123|7305|7503|7509|7593|7644|96|149|240|386|553|608|802|839|854|881|899|938|977|1056|1177|1208|1280|1310|1338|1379|1471|1555|1573|1579|1597|1639|1646|1705|1795|1814|1855|1949|2128|2144|2179|2183|2263|2438|2486|2551|2603|2706|2774|2783|2815|2818|2862|2996|3007|3075|3201|3263|3284|3496|3506|3599|3645|3685|3703|4008|4111|4455|4545|4603|4607|4688|4739|5064|5076|5113|5163|5389|5400|5708|5744|5880|6010|6050|6056|6062|6072|6080|6133|6142|6196|6242|6302|6408|6436|6470|6621|6633|6733|6761|6768|6818|6901|6932|6981|7152|7191|7486|7530|7587|7603|7676|7720|7833|7993|8022|8366|1|39|43|59|90|93|114|138|147|174|191|199|205|215|225|291|294|297|314|334|345|376|377|433|438|469|471|486|490|496|498|507|530|540|558|581|592|599|607|617|623|632|639|672|688|704|741|773|785|796|841|866|868|878|905|911|918|920|945|962|978|983|998|1033|1044|1060|1073|1080|1090|1095|1132|1170|1174|1212|1220|1223|1235|1251|1295|1297|1331|1334|1355|1396|1427|1430|1450|1461|1470|1472|1478|1490|1522|1546|1559|1592|1611|1613|1617|1619|1651|1656|1661|1666|1771|1777|1794|1815|1830|1842|1851|1862|1870|1880|1881|1907|1935|1970|2010|2027|2033|2054|2068|2081|2095|2119|2120|2134|2153|2162|2173|2185|2195|2229|2274|2296|2307|2329|2347|2409|2412|2421|2440|2449|2463|2479|2492|2512|2517|2530|2532|2578|2604|2624|2626|2629|2644|2668|2671|2675|2702|2736|2742|2747|2791|2792|2794|2835|2857|2861|2877|2917|2926|2949|2983|2991|2998|3037|3049|3079|3085|3100|3102|3156|3179|3192|3248|3250|3271|3316|3348|3361|3363|3365|3390|3393|3423|3439|3455|3503|3562|3662|3668|3671|3706|3713|3720|3736|3748|3756|3774|3785|3822|3830|3839|3863|3876|3886|3889|3909|3913|3930|3939|3985|4006|4015|4035|4083|4192|4201|4216|4238|4278|4337|4339|4372|4373|4420|4431|4444|4448|4472|4486|4505|4517|4518|4525|4533|4559|4566|4580|4591|4615|4630|4636|4645|4660|4699|4703|4742|4746|4763|4808|4823|4831|4847|4866|4892|4955|5017|5023|5084|5098|5106|5110|5111|5115|5121|5159|5211|5223|5226|5241|5244|5267|5321|5322|5332|5364|5385|5394|5419|5446|5460|5474|5506|5511|5518|5554|5577|5599|5609|5611|5612|5633|5645|5660|5664|5667|5672|5679|5685|5727|5747|5774|5791|5807|5843|5844|5851|5875|5915|5931|5943|5977|5989|5996|5999|6004|6026|6053|6057|6123|6156|6161|6165|6171|6183|6187|6188|6190|6209|6214|6231|6238|6248|6252|6265|6269|6275|6287|6294|6306|6317|6381|6393|6395|6406|6417|6423|6442|6492|6498|6518|6524|6538|6540|6567|6577|6582|6589|6590|6599|6608|6623|6637|6653|6682|6708|6727|6745|6746|6751|6756|6778|6783|6805|6832|6833|6846|6848|6859|6875|6880|6895|6900|6903|6915|6919|6945|6960|6973|6992|7012|7022|7086|7091|7097|7157|7171|7183|7198|7216|7236|7297|7344|7369|7373|7375|7397|7406|7429|7434|7436|7470|7495|7500|7510|7521|7546|7548|7549|7570|7602|7657|7658|7659|7665|7702|7716|7723|7732|7739|7742|7744|7760|7763|7776|7796|7829|7843|7855|7880|7908|7913|7951|7982|8047|8067|8075|8083|8106|8112|8125|8132|8140|8151|8188|8197|8206|8222|8235|8237|8240|8244|8258|8278|8286|0|2|3|4|5|6|7|8|9|10|11|12|13|14|15|16|17|18|19|20|21|22|23|24|25|26|27|28|29|30|31|32|33|34|35|36|37|38|40|41|42|44|45|46|47|48|49|50|52|53|54|55|56|58|60|61|62|63|64|65|66|67|68|69|70|71|72|73|74|75|76|77|78|79|80|81|82|83|84|85|86|87|88|89|91|92|94|95|97|98|99|100|101|102|103|104|105|106|107|108|110|111|112|113|115|116|117|118|119|120|121|122|123|124|125|126|127|128|129|130|132|133|134|135|136|137|139|140|141|142|143|144|145|146|148|150|151|152|153|154|155|156|157|158|159|160|161|162|163|165|166|167|168|169|170|171|172|173|175|176|177|178|179|180|181|182|183|184|185|186|187|188|189|190|192|193|194|195|196|197|198|200|201|202|203|204|206|207|208|209|210|211|212|213|214|216|217|218|219|220|221|222|223|224|226|227|228|229|230|231|232|233|234|235|236|237|238|239|241|242|243|244|245|246|247|248|249|250|251|252|253|254|255|256|257|258|259|260|261|262|263|264|265|266|267|268|269|270|271|272|273|274|275|276|277|278|279|280|281|282|283|284|285|286|287|288|289|290|292|293|295|296|298|299|300|301|302|303|304|305|306|307|308|309|310|311|312|313|315|316|317|318|319|320|321|323|324|325|326|327|328|329|330|331|332|333|335|336|337|338|339|340|341|342|343|344|346|347|348|349|350|351|352|353|354|355|356|357|359|360|363|364|365|366|367|368|369|370|371|372|373|374|375|378|379|380|381|382|383|384|385|387|388|389|390|391|392|393|394|395|396|397|398|399|400|401|402|403|404|405|406|407|408|409|410|411|412|413|414|415|416|417|418|419|420|421|422|423|424|425|426|427|428|429|430|431|432|434|435|436|437|439|440|441|442|443|444|445|446|447|448|449|450|451|452|453|454|455|456|457|458|459|460|461|463|464|465|466|467|468|470|472|473|474|475|476|477|478|479|481|482|483|484|485|487|488|489|491|492|493|494|495|497|499|501|502|503|504|505|506|508|509|510|512|513|514|515|516|517|518|519|520|521|522|523|524|525|526|527|528|529|531|532|533|534|536|537|538|539|541|542|543|544|545|546|547|548|549|550|551|552|554|555|556|557|559|560|561|562|563|564|565|566|567|568|569|570|571|572|573|574|575|576|577|578|579|580|582|583|584|585|586|587|588|590|591|593|594|595|597|598|600|601|602|603|604|605|606|609|610|611|612|613|614|615|616|618|619|620|621|622|624|625|626|627|628|629|630|631|633|634|635|636|637|638|640|641|642|643|644|645|646|647|648|649|650|651|652|653|654|655|656|657|658|659|660|661|662|664|665|666|667|668|669|670|671|673|674|675|676|677|678|679|680|681|682|683|684|685|686|687|689|690|691|692|693|694|695|696|697|698|699|700|701|702|703|705|706|707|708|709|710|711|712|713|714|715|716|717|718|719|720|721|722|723|724|725|726|727|728|729|730|731|732|733|734|735|736|737|738|739|740|742|743|744|745|746|747|748|749|750|751|752|753|754|755|756|757|758|759|760|761|762|763|764|765|766|767|768|769|770|771|772|774|775|776|777|778|779|780|781|782|783|784|786|787|788|789|790|792|793|794|797|798|799|800|801|803|804|805|806|807|808|809|810|811|812|813|814|815|816|818|819|820|821|822|823|825|826|827|828|829|830|831|832|833|834|835|837|838|840|842|843|844|845|846|847|848|849|850|851|852|853|855|856|857|858|859|860|861|862|863|864|865|867|869|870|871|872|873|874|875|876|877|879|880|882|883|885|886|887|888|889|890|891|892|893|894|895|896|897|898|900|901|902|903|904|906|907|908|909|910|912|913|914|915|916|917|919|921|922|923|924|926|927|928|929|931|932|933|934|935|936|937|939|940|941|942|943|944|946|947|948|949|950|952|953|954|955|956|957|958|959|960|961|963|964|965|966|967|968|969|970|971|972|973|974|975|976|979|980|981|982|984|985|986|987|988|989|990|991|992|993|994|995|996|997|999|1000|1001|1002|1004|1005|1006|1007|1008|1009|1010|1011|1012|1013|1014|1015|1016|1017|1018|1019|1020|1021|1022|1023|1025|1026|1027|1028|1029|1030|1031|1032|1034|1035|1036|1037|1038|1039|1040|1041|1042|1043|1045|1046|1047|1048|1049|1050|1051|1052|1054|1055|1057|1058|1059|1061|1062|1063|1064|1065|1066|1067|1068|1069|1070|1071|1072|1074|1075|1076|1077|1078|1079|1081|1082|1083|1084|1085|1086|1087|1088|1089|1091|1092|1093|1094|1096|1097|1098|1099|1100|1101|1102|1103|1104|1105|1106|1107|1108|1109|1110|1111|1112|1113|1114|1115|1116|1117|1118|1119|1120|1121|1122|1123|1124|1125|1126|1127|1128|1129|1130|1131|1133|1134|1135|1136|1137|1138|1139|1140|1141|1142|1143|1144|1145|1146|1148|1149|1150|1151|1152|1153|1154|1155|1156|1157|1158|1159|1160|1161|1162|1163|1164|1165|1166|1167|1168|1169|1171|1172|1173|1175|1176|1178|1179|1180|1181|1182|1183|1184|1185|1186|1187|1188|1189|1190|1191|1192|1193|1194|1195|1196|1197|1198|1199|1200|1201|1202|1203|1204|1205|1206|1209|1210|1211|1213|1214|1215|1216|1217|1221|1222|1224|1225|1226|1227|1229|1230|1231|1232|1233|1234|1236|1237|1238|1239|1240|1241|1242|1243|1244|1245|1246|1247|1248|1249|1250|1252|1253|1255|1256|1257|1258|1259|1260|1261|1262|1263|1264|1265|1266|1267|1268|1269|1270|1271|1273|1274|1275|1276|1277|1278|1279|1281|1282|1283|1284|1285|1286|1287|1288|1289|1290|1291|1292|1293|1296|1298|1299|1300|1301|1302|1304|1305|1306|1307|1308|1309|1311|1312|1313|1314|1315|1316|1317|1318|1319|1320|1321|1322|1323|1324|1325|1326|1327|1328|1329|1330|1332|1333|1335|1336|1337|1339|1340|1341|1342|1343|1344|1345|1346|1347|1348|1349|1350|1351|1352|1353|1354|1356|1357|1359|1360|1361|1362|1363|1364|1366|1367|1368|1369|1371|1372|1373|1374|1375|1376|1377|1378|1380|1381|1382|1383|1384|1385|1386|1387|1388|1389|1390|1391|1392|1393|1394|1395|1397|1398|1399|1400|1401|1402|1403|1404|1406|1407|1408|1409|1410|1411|1412|1413|1414|1415|1416|1417|1418|1419|1420|1421|1422|1423|1424|1425|1426|1428|1429|1431|1432|1433|1434|1435|1436|1437|1438|1439|1440|1441|1442|1443|1444|1445|1446|1447|1448|1451|1452|1454|1455|1456|1457|1458|1459|1460|1462|1463|1464|1465|1466|1467|1468|1469|1473|1474|1475|1476|1477|1479|1480|1481|1482|1483|1484|1485|1486|1487|1488|1489|1491|1492|1493|1494|1495|1496|1497|1498|1499|1500|1502|1503|1504|1505|1506|1507|1508|1509|1510|1511|1512|1513|1514|1515|1516|1517|1518|1519|1520|1521|1523|1524|1525|1526|1527|1528|1529|1530|1531|1532|1533|1534|1535|1536|1537|1538|1539|1540|1541|1542|1543|1544|1545|1547|1548|1549|1550|1551|1552|1553|1554|1556|1557|1558|1560|1561|1562|1563|1564|1565|1567|1568|1569|1570|1571|1572|1574|1575|1576|1577|1578|1580|1581|1582|1583|1584|1585|1586|1587|1588|1589|1590|1591|1593|1594|1595|1596|1598|1599|1600|1601|1602|1603|1604|1605|1606|1607|1608|1609|1610|1612|1614|1615|1616|1618|1621|1622|1623|1624|1625|1626|1627|1628|1629|1630|1631|1632|1633|1634|1635|1636|1637|1638|1640|1641|1642|1643|1644|1645|1647|1648|1649|1652|1653|1654|1655|1657|1659|1660|1662|1663|1664|1665|1667|1668|1669|1670|1671|1672|1673|1674|1675|1676|1677|1678|1679|1680|1681|1682|1683|1684|1685|1686|1687|1688|1689|1690|1691|1692|1693|1694|1695|1696|1697|1698|1699|1700|1701|1702|1703|1704|1706|1707|1708|1709|1710|1711|1712|1713|1714|1715|1716|1717|1718|1719|1720|1721|1722|1723|1724|1725|1727|1728|1729|1730|1731|1732|1733|1734|1735|1736|1737|1738|1739|1740|1741|1742|1743|1744|1745|1746|1747|1748|1749|1751|1752|1753|1754|1755|1756|1757|1758|1759|1760|1761|1762|1763|1764|1765|1766|1767|1768|1769|1770|1772|1773|1774|1775|1776|1778|1779|1780|1782|1783|1784|1785|1786|1787|1788|1789|1790|1791|1792|1793|1796|1797|1798|1799|1800|1801|1802|1803|1804|1806|1807|1808|1809|1810|1811|1812|1813|1816|1817|1818|1819|1820|1821|1822|1823|1824|1825|1826|1827|1828|1829|1831|1832|1833|1834|1835|1837|1838|1839|1840|1841|1843|1844|1846|1847|1848|1849|1850|1852|1853|1854|1856|1857|1858|1859|1860|1861|1863|1864|1865|1866|1867|1868|1869|1871|1872|1873|1874|1875|1876|1877|1878|1879|1882|1883|1884|1885|1886|1887|1888|1889|1890|1891|1892|1893|1894|1895|1896|1897|1898|1899|1901|1902|1903|1904|1905|1906|1908|1909|1910|1911|1912|1913|1914|1915|1916|1917|1918|1919|1920|1921|1922|1923|1924|1925|1926|1927|1928|1929|1930|1931|1932|1933|1934|1936|1937|1938|1939|1940|1941|1942|1943|1944|1945|1946|1947|1948|1950|1951|1952|1953|1954|1955|1956|1957|1958|1959|1960|1961|1962|1963|1964|1965|1966|1967|1968|1969|1971|1972|1973|1974|1975|1976|1977|1978|1979|1980|1981|1982|1983|1984|1985|1986|1987|1988|1989|1990|1991|1992|1993|1994|1995|1996|1997|1998|1999|2000|2001|2002|2003|2004|2005|2006|2007|2008|2009|2011|2012|2013|2014|2015|2016|2018|2019|2020|2021|2022|2023|2024|2025|2026|2028|2029|2030|2031|2032|2034|2035|2036|2037|2038|2039|2040|2041|2042|2043|2044|2045|2046|2047|2048|2049|2050|2051|2052|2053|2055|2056|2057|2058|2059|2060|2061|2062|2063|2064|2065|2066|2067|2070|2071|2072|2073|2074|2075|2076|2077|2078|2079|2080|2082|2083|2084|2085|2086|2087|2088|2089|2090|2091|2092|2093|2094|2096|2097|2098|2099|2100|2101|2102|2103|2104|2105|2106|2107|2108|2109|2111|2112|2113|2114|2115|2116|2117|2118|2121|2122|2123|2124|2125|2126|2127|2129|2130|2131|2132|2133|2135|2136|2137|2138|2139|2140|2141|2142|2143|2145|2146|2147|2148|2149|2150|2151|2152|2154|2155|2156|2157|2158|2159|2160|2161|2163|2164|2165|2166|2167|2168|2169|2170|2171|2172|2174|2175|2176|2177|2178|2180|2181|2182|2184|2186|2187|2188|2189|2190|2191|2192|2193|2194|2196|2197|2198|2199|2200|2201|2202|2203|2204|2205|2206|2207|2208|2209|2210|2211|2212|2213|2214|2215|2216|2217|2218|2219|2220|2221|2222|2223|2224|2225|2226|2227|2228|2230|2231|2232|2233|2234|2235|2236|2237|2238|2239|2240|2241|2242|2243|2244|2245|2246|2247|2248|2249|2250|2251|2252|2253|2254|2255|2256|2257|2259|2260|2261|2262|2264|2265|2266|2267|2268|2269|2270|2271|2272|2273|2275|2276|2277|2278|2279|2280|2281|2282|2283|2284|2285|2287|2288|2289|2290|2291|2292|2293|2294|2295|2297|2298|2299|2300|2301|2302|2303|2304|2305|2306|2308|2309|2311|2312|2313|2314|2315|2316|2317|2318|2319|2320|2321|2322|2323|2324|2325|2327|2328|2330|2331|2332|2333|2334|2335|2336|2337|2338|2339|2340|2341|2342|2343|2344|2345|2346|2348|2349|2350|2351|2352|2353|2354|2355|2356|2357|2358|2359|2360|2361|2362|2363|2364|2365|2366|2367|2368|2369|2370|2371|2372|2373|2374|2375|2376|2377|2378|2379|2380|2381|2382|2383|2385|2386|2387|2388|2389|2390|2391|2392|2393|2394|2395|2396|2397|2399|2400|2401|2402|2403|2404|2405|2406|2407|2408|2410|2411|2413|2414|2415|2416|2417|2418|2419|2420|2422|2423|2424|2425|2426|2427|2428|2429|2430|2431|2432|2433|2434|2435|2436|2437|2439|2441|2442|2443|2444|2446|2447|2448|2450|2451|2452|2453|2454|2455|2456|2457|2458|2459|2460|2461|2462|2464|2465|2467|2469|2470|2471|2472|2473|2474|2475|2476|2477|2478|2480|2481|2482|2483|2484|2485|2487|2488|2489|2490|2491|2493|2494|2495|2497|2498|2499|2500|2501|2502|2503|2504|2505|2506|2508|2509|2510|2511|2513|2514,9|77|311|67|389|253|128|101|31|343|96|146|124|173|314|152|269|26|375|265|108|200|294|161|93|348|409|121|271|383|5|174|69|306|342|213|286|316|401|141|404|34|345|89|244|255|3|109|197|384|88|223|44|326|359|388|133|233|368|56|131|198|263|329|130|251|258|296|381|2|35|110|184|273|8|103|106|112|196|205|312|379|55|61|72|216|247|252|274|334|346|58|86|242|297|349|12|17|46|90|279|303|335|351|376|380|382|66|115|126|142|149|155|178|301|341|399|405|91|137|232|295|336|365|387|400|30|70|123|138|219|292|338|11|20|78|83|132|147|153|171|179|214|226|276|281|304|321|350|373|374|10|60|127|222|224|227|228|256|272|290|302|340|38|62|81|144|151|164|175|190|192|215|225|270|277|282|324|344|370|391|47|104|154|220|249|257|300|310|320|322|327|353|361|390|397|4|29|99|105|114|117|125|150|156|160|169|170|191|230|268|299|330|377|393|402|14|18|24|27|36|64|65|71|79|85|87|134|143|145|180|189|199|204|250|275|319|347|360|394|1|16|22|28|33|40|45|59|63|76|84|95|111|139|157|168|176|182|195|202|218|221|264|293|298|305|318|325|333|369|378|398|407|0|39|53|57|107|136|165|167|172|194|203|207|229|234|238|239|241|246|254|288|317|362|363|366|367|372|396|406|6|19|21|25|43|80|100|122|129|135|140|148|177|201|245|260|262|266|278|355|358|395|7|32|51|94|102|113|120|183|186|187|188|208|209|217|237|240|267|280|287|308|328|354|386|403|411|412,1|7|8|10|11|12|14|15|17|19|23|24|26|27|30|32|34|37|45|48|50|51|57|58|59|60|63|67|70|73|75|80|81|83|85|88|92|94|95|96|97|98|101|106|107|109|111|112|113|119|120|121|123|124|127|128|129|131|133|134|138|143|144|147|148|155|156|157|158|160|161|162|164|171|173|177|180|182|183|184|188|189|193|195|198|199|200|207|210|211|215|216|217|218|219|229|230|232|233|235|237|238|239|240|242|245|246|247|249|251|256|257|258|259|261|267|270|273|275|276|279|280|286|288|289|290|291|293|294|296|300|305|309|310|312|317|324|328|329|331|334|336|344|350|351|354|355|356|359|362|365|371|372|373|377|380|381|385|387|392|395|396|400|402|403|405|407|408|409|410|411|413|415|419|420|421|422|431|436|439|440|442|443|447|449|451|459|461|463|465|466|468|469|471|472|476|477|481|482|483|492|493|504|507|508|511|514|515|519|523|529|532|534|539|542|543|545|546|548|552|556|560|562|563|567|569|574|577|579|580|581|582|585|588|592|593|596|601|606|619|621|622|625|627|628|632|633|634|636|637|645|647|648|649|650|651|652|654|659|661|662|668|671|676|678|684|685|687|689|690|692|694|695|698|700|702|703|705|707|714|716|718|719|723|726|728|729|731|732|735|739|740|742|744|746|748|750|755|756|759|763|764|766|769|770|775|779|780|781|785|798|801|804|805|809|811|812|813|816|817|819|824|825|826|827|830|835|838|841|842|845|850|853|855|856|860|863|865|868|869|870|874|876|883|886|890|894|895|899|903|904|906|907|909|910|914|920|921|929|932|933|934|935|942|944|947|951|956|957|959|964|967|969|970|971|973|974|975|981|989|990|993|996|1005|1006|1008|1013|1014|1018|1020|1021|1024|1028|1029|1030|1034|1045|1051|1052|1053|1055|1059|1060|1061|1066|1068|1069|1071|1073|1074|1076|1077|1078|1079|1084|1087|1091|1093|1095|1097|1098|1100|1101|1102|1103|1104|1109|1111|1112|1113|1114|1115|1116|1117|1119|1120|1125|1126|1127|1129|1136|1138|1145|1147|1150|1152|1153|1166|1169|1171|1172|1175|1180|1181|1182|1183|1186|1188|1193|1197|1199|1200|1201|1202|1203|1204|1205|1211|1212|1220|1227|1228|1229|1232|1233|1237|1238|1239|1243|1247|1250|1255|1257|1258|1260|1264|1265|1266|1272|1273|1274|1275|1279|1280|1283|1284|1287|1289|1290|1291|1292|1293|1304|1308|1311|1312|1316|1318|1319|1321|1322|1323|1331|1332|1334|1336|1337|1338|1339|1340|1345|1347|1353|1357|1369|1371|1373|1376|1380|1381|1383|1384|1385|1391|1394|1402|1407|1409|1410|1411|1412|1414|1415|1417|1420|1423|1424|1429|1430|1432|1434|1436|1437|1438|1440|1442|1444|1449|1452|1453|1456|1460|1461|1463|1471|1478|1480|1481|1482|1484|1485|1486|1491|1493|1495|1500|1501|1503|1504|1505|1506|1509|1511|1513|1514|1515|1525|1530|1531|1533|1535|1539|1540|1541|1543|1544|1550|1560|1561|1562|1565|1567|1569|1573|1575|1576|1578|1580|1585|1586|1588|1589|1593|1594|1596|1603|1607|1609|1612|1613|1614|1615|1616|1619|1620|1621|1626|1628|1629|1630|1631|1633|1635|1637|1638|1642|1643|1644|1645|1647|1648|1650|1652|1654|1655|1656|1660|1662|1666|1667|1668|1669|1678|1679|1682|1683|1685|1688|1689|1691|1693|1694|1703|1707|1709|1712|1714|1718|1721|1726|1734|1735|1736|1737|1738|1739|1740|1741|1745|1746|1747|1749|1750|1751|1753|1766|1768|1769|1777|1779|1780|1781|1782|1784|1785|1786|1787|1792|1793|1794|1796|1800|1801|1802|1805|1807|1808|1813|1814|1818|1830|1831|1833|1834|1835|1853|1854|1856|1862|1864|1865|1868|1873|1874|1878|1885|1886|1887|1888|1890|1894|1895|1896|1899|1901|1904|1905|1907|1908|1911|1915|1916|1919|1921|1922|1924|1925|1932|1935|1938|1940|1945|1947|1950|1951|1955|1956|1958|1961|1962|1964|1966|1969|1970|1972|1978|1982|1991|1993|1994|1995|1996|1997|1999|2003|2006|2007|2010|2011|2013|2014|2020|2023|2024|2028|2029|2048|2049|2050|2052|2054|2056|2063|2066|2068|2072|2073|2078|2079|2085|2087|2088|2091|2094|2096|2099|2104|2105|2106|2110|2114|2115|2116|2117|2119|2124|2126|2132|2133|2134|2136|2138|2140|2141|2142|2143|2144|2153|2161|2166|2168|2170|2172|2174|2178|2181|2182|2185|2186|2188|2190|2191|2197|2198|2200|2203|2206|2207|2211|2217|2220|2222|2227|2237|2238|2241|2244|2245|2246|2254|2255|2261|2266|2267|2272|2275|2277|2278|2287|2297|2298|2300|2302|2306|2309|2319|2322|2330|2331|2336|2338|2339|2341|2344|2348|2350|2353|2358|2360|2364|2369|2379|2381|2384|2386|2387|2388|2390|2391|2392|2395|2396|2401|2405|2411|2412|2413|2417|2423|2433|2436|2437|2438|2439|2440|2441|2445|2447|2448|2449|2451|2454|2455|2457|2458|2460|2462|2464|2465|2468|2470|2472|2473|2474|2479|2486|2488|2489|2491|2504|2506|2508|2509|2511|2513|2517|2518|2521|2523|2524|2527|2532|2535|2536|2538|2541|2542|2543|2547|2549|2555|2557|2558|2561|2562|2564|2567|2574|2575|2576|2578|2579|2586|2590|2591|2601|2602|2607|2610|2612|2614|2616|2623|2625|2626|2632|2633|2634|2635|2637|2638|2639|2641|2642|2643|2644|2646|2648|2650|2651|2652|2653|2655|2657|2669|2673|2674|2678|2688|2689|2691|2694|2702|2703|2705|2709|2711|2713|2719|2720|2724|2725|2728|2729|2730|2731|2733|2739|2740|2742|2744|2745|2751|2753|2755|2756|2757|2761|2765|2767|2768|2774|2775|2777|2778|2779|2780|2781|2791|2793|2804|2805|2806|2812|2813|2820|2821|2826|2830|2836|2844|2845|2846|2847|2851|2852|2853|2859|2866|2868|2871|2872|2873|2877|2879|2880|2882|2883|2885|2890|2892|2894|2896|2900|2904|2908|2909|2911|2912|2915|2918|2921|2922|2923|2924|2926|2927|2930|2932|2934|2936|2939|2941|2942|2944|2945|2948|2950|2957|2958|2964|2966|2972|2974|2979|2981|2982|2988|2994|2995|2997|3000|3001|3002|3009|3012|3019|3020|3022|3023|3028|3031|3032|3035|3039|3041|3044|3048|3049|3050|3051|3052|3053|3058|3062|3067|3071|3075|3076|3078|3081|3087|3090|3091|3093|3095|3098|3101|3102|3104|3105|3110|3111|3112|3114|3116|3117|3119|3124|3130|3136|3137|3139|3140|3142|3143|3147|3149|3160|3165|3167|3168|3170|3171|3174|3175|3186|3188|3196|3197|3204|3205|3208|3212|3213|3214|3215|3224|3225|3228|3233|3234|3237|3238|3241|3245|3247|3252|3254|3256|3258|3259|3262|3265|3272|3282|3284|3287|3288|3292|3294|3295|3297|3298|3299|3300|3302|3303|3308|3312|3316|3318|3319|3321|3323|3326|3327|3330|3333|3338|3339|3340|3341|3342|3347|3348|3351|3353|3354|3356|3359|3361|3362|3364|3366|3367|3369|3371|3372|3374|3375|3379|3386|3390|3391|3392|3393|3395|3396|3399|3401|3404|3405|3407|3408|3414|3415|3418|3421|3423|3427|3428|3429|3430|3431|3434|3436|3439|3440|3441|3442|3447|3450|3452|3454|3456|3457|3459|3462|3463|3464|3466|3469|3470|3473|3475|3479|3488|3495|3496|3501|3502|3503|3505|3507|3512|3515|3516|3521|3522|3523|3525|3527|3528|3529|3532|3535|3536|3539|3546|3553|3554|3555|3561|3562|3563|3565|3573|3577|3578|3579|3581|3582|3583|3584|3586|3588|3589|3593|3597|3603|3605|3610|3612|3615|3616|3620|3623|3624|3626|3628|3629|3630|3635|3637|3643|3644|3645|3651|3653|3658|3659|3662|3668|3670|3673|3677|3678|3684|3689|3690|3694|3695|3699|3700|3702|3706|3708|3709|3710|3711|3712|3714|3719|3720|3725|3726|3728|3729|3730|3731|3733|3735|3740|3741|3747|3750|3751|3754|3755|3757|3758|3760|3763|3767|3771|3776|3777|3778|3779|3781|3785|3788|3790|3792|3795|3796|3797|3798|3800|3801|3803|3804|3808|3809|3810|3811|3813|3814|3815|3817|3818|3819|3821|3823|3827|3830|3834|3835|3840|3841|3843|3845|3846|3849|3852|3855|3856|3860|3861|3862|3864|3868|3870|3871|3872|3874|3876|3878|3880|3881|3883|3889|3891|3901|3903|3904|3906|3908|3911|3914|3915|3919|3921|3923|3925|3929|3930|3931|3932|3933|3934|3935|3936|3939|3941|3947|3951|3954|3956|3957|3961|3966|3968|3970|3973|3975|3982|3984|3987|3991|3992|3998|4002|4003|4004|4008|4009|4011|4015|4020|4025|4027|4030|4031|4034|4035|4041|4044|4047|4049|4050|4051|4054|4056|4058|4059|4062|4063|4064|4067|4069|4071|4073|4074|4075|4078|4080|4081|4083|4084|4086|4087|4095|4096|4101|4102|4103|4105|4106|4108|4112|4115|4117|4119|4122|4123|4126|4129|4132|4133|4136|4137|4145|4150|4152|4153|4155|4156|4157|4158|4159|4162|4163|4169|4170|4174|4180|4183|4186|4187|4192|4195|4197|4201|4204|4205|4206|4209|4213|4214|4217|4218|4219|4223|4224|4225|4227|4232|4234|4236|4238|4239|4240|4241|4242|4248|4249|4250|4254|4255|4259|4261|4264|4269|4272|4273|4274|4275|4279|4280|4281|4283|4284|4285|4286|4287|4293|4294|4295|4297|4300|4305|4307|4310|4311|4312|4316|4317|4321|4323|4324|4325|4327|4328|4333|4334|4339|4340|4344|4345|4347|4348|4353|4357|4358|4362|4371|4374|4375|4379|4381|4386|4391|4395|4399|4400|4403|4413|4415|4417|4420|4421|4422|4430|4434|4438|4443|4444|4449|4450|4454|4460|4461|4462|4465|4475|4479|4480|4481|4482|4489|4491|4495|4497|4499|4500|4503|4506|4514|4515|4516|4519|4524|4525|4526|4528|4533|4535|4546|4547|4550|4552|4553|4554|4556|4557|4558|4559|4562|4565|4566|4571|4572|4577|4579|4580|4581|4585|4586|4590|4591|4592|4596|4597|4612|4615|4619|4625|4628|4631|4632|4634|4637|4639|4640|4646|4649|4653|4655|4658|4660|4668|4671|4672|4673|4674|4675|4676|4679|4681|4682|4683|4684|4686|4691|4692|4694|4695|4700|4701|4706|4708|4714|4715|4717|4718|4720|4721|4722|4723|4730|4731|4732|4739|4746|4747|4748|4756|4757|4759|4762|4765|4766|4772|4774|4781|4782|4784|4787|4789|4790|4795|4797|4798|4801|4803|4804|4805|4812|4813|4815|4821|4822|4824|4825|4826|4831|4832|4834|4836|4838|4842|4850|4851|4856|4858|4865|4866|4871|4879|4880|4881|4882|4883|4884|4886|4889|4891|4894|4897|4899|4907|4908|4911|4912|4913|4915|4917|4929|4935|4939|4940|4941|4942|4943|4945|4946|4947|4948|4949|4950|4952|4953|4957|4960|4965|4975|4979|4980|4981|4982|4983|4986|4988|4989|4993|4996|4997|5004|5007|5008|5019|5020|5023|5026|5031|5033|5035|5037|5040|5041|5043|5044|5046|5048|5049|5050|5051|5052|5056|5059|5061|5062|5064|5065|5067|5070|5072|5076|5079|5086|5088|5096|5102|5109|5111|5113|5115|5117|5118|5120|5121|5124|5125|5126|5128|5130|5131|5132|5135|5141|5145|5150|5152|5153|5155|5167|5168|5169|5173|5174|5175|5176|5179|5181|5182|5185|5186|5188|5190|5194|5201|5205|5206|5212|5215|5219|5223|5225|5230|5239|5241|5243|5245|5246|5248|5250|5262|5264|5265|5266|5267|5269|5271|5274|5280|5282|5284|5285|5286|5288|5289|5291|5293|5302|5305|5307|5308|5310|5313|5314|5315|5317|5319|5321|5322|5324|5328|5329|5330|5331|5332|5333|5338|5341|5342|5344|5346|5349|5350|5351|5352|5358|5362|5363|5367|5375|5376|5384|5389|5395|5399|5405|5407|5408|5410|5416|5418|5419|5423|5426|5427|5431|5432|5434|5436|5439|5442|5445|5446|5448|5458|5463|5464|5465|5467|5468|5476|5477|5479|5480|5481|5484|5485|5491|5496|5501|5502|5504|5506|5508|5510|5514|5517|5519|5522|5527|5529|5531|5535|5536|5537|5538|5539|5541|5544|5549|5550|5553|5562|5563|5566|5570|5573|5574|5575|5576|5579|5581|5584|5586|5587|5589|5592|5593|5594|5597|5601|5603|5605|5608|5609|5611|5615|5616|5622|5624|5625|5628|5631|5635|5639|5640|5645|5646|5647|5648|5651|5652|5658|5662|5663|5664|5666|5670|5672|5674|5675|5676|5677|5679|5683|5684|5685|5693|5694|5695|5696|5697|5699|5701|5702|5703|5711|5713|5714|5722|5723|5726|5727|5729|5733|5734|5737|5740|5741|5744|5747|5750|5753|5754|5760|5762|5763|5765|5766|5769|5773|5778|5780|5781|5784|5785|5788|5789|5791|5793|5795|5798|5800|5801|5805|5806|5809|5810|5817|5820|5824|5828|5829|5830|5831|5834|5837|5838|5842|5843|5844|5845|5846|5853|5854|5855|5857|5859|5860|5866|5871|5872|5877|5883|5886|5887|5888|5890|5897|5899|5900|5902|5907|5909|5910|5914|5915|5916|5926|5930|5935|5937|5939|5942|5943|5944|5945|5949|5950|5953|5955|5956|5964|5971|5974|5975|5976|5977|5981|5984|5985|5995|5997|6000|6006|6008|6009|6010|6012|6018|6021|6023|6027|6032|6033|6034|6035|6036|6039|6041|6043|6048|6049|6052|6054|6057|6060|6063|6065|6068|6071|6072|6075|6077|6080|6081|6083|6084|6090|6092|6095|6099|6104|6107|6109|6110|6113|6117|6119|6120|6121|6128|6129|6130|6131|6134|6135|6136|6140|6142|6143|6146|6149|6151|6154|6155|6157|6162|6163|6166|6168|6170|6174|6176|6178|6179|6182|6183|6189|6198|6207|6208|6210|6214|6216|6217|6219|6220|6221|6222|6224|6227|6229|6233|6237|6240|6245|6246|6248|6249|6257|6258|6261|6263|6275|6279|6280|6281|6285|6286|6289|6298|6299|6300|6306|6307|6308|6310|6311|6312|6313|6316|6318|6319|6322|6324|6327|6329|6332|6333|6337|6339|6341|6348|6351|6356|6358|6361|6362|6363|6367|6368|6372|6374|6375|6387|6390|6395|6398|6399|6401|6402|6404|6408|6410|6411|6412|6414|6420|6421|6423|6424|6440|6443|6446|6448|6453|6455|6456|6458|6462|6465|6469|6471|6474|6476|6477|6478|6480|6484|6486|6488|6489|6497|6499|6500|6502|6504|6507|6510|6514|6518|6520|6526|6529|6533|6534|6535|6540|6542|6543|6544|6545|6549|6551|6553|6556|6559|6562|6563|6564|6566|6567|6570|6571|6573|6579|6580|6583|6584|6586|6587|6589|6599|6600|6601|6606|6613|6615|6620|6622|6625|6629|6632|6633|6638|6639|6640|6643|6645|6646|6653|6654|6655|6656|6659|6660|6661|6666|6669|6671|6672|6673|6674|6676|6678|6680|6683|6686|6688|6692|6694|6697|6704|6706|6709|6713|6715|6717|6719|6721|6722|6723|6724|6725|6726|6727|6730|6731|6733|6737|6738|6740|6741|6742|6746|6747|6748|6753|6755|6765|6766|6767|6768|6771|6781|6784|6785|6788|6791|6792|6795|6797|6798|6803|6805|6807|6809|6811|6816|6817|6822|6827|6828|6829|6832|6833|6834|6837|6839|6840|6841|6842|6843|6845|6846|6850|6851|6854|6863|6868|6869|6870|6871|6873|6874|6877|6883|6894|6899|6901|6902|6903|6904|6905|6908|6910|6913|6921|6922|6923|6924|6925|6926|6929|6933|6935|6937|6940|6942|6945|6949|6950|6955|6956|6957|6960|6964|6969|6972|6973|6974|6977|6978|6979|6981|6982|6983|6985|6986|6987|6988|6989|6990|6993|7000|7009|7011|7013|7022|7023|7025|7027|7030|7033|7034|7035|7038|7041|7046|7049|7053|7055|7057|7066|7067|7068|7069|7070|7073|7075|7079|7084|7090|7095|7100|7103|7107|7109|7113|7114|7115|7118|7119|7120|7126|7127|7129|7138|7142|7144|7151|7153|7158|7161|7162|7163|7169|7174|7178|7179|7181|7184|7185|7189|7192|7193|7197|7199|7200|7201|7208|7211|7216|7217|7218|7221|7222|7224|7225|7230|7231|7236|7241|7243|7244|7249|7250|7253|7255|7256|7257|7261|7264|7265|7267|7274|7276|7277|7278|7279|7285|7290|7291|7294|7297|7299|7301|7312|7315|7322|7325|7327|7334|7335|7336|7342|7343|7344|7347|7352|7354|7357|7363|7364|7371|7377|7382|7383|7386|7388|7391|7393|7394|7399|7400|7404|7405|7409|7410|7412|7413|7414|7415|7420|7424|7425|7428|7430|7431|7432|7434|7436|7438|7439|7440|7441|7443|7444|7446|7449|7450|7453|7455|7458|7459|7463|7467|7470|7478|7479|7481|7484|7490|7492|7498|7503|7506|7509|7511|7513|7516|7517|7520|7521|7522|7523,12.598853868194842,True
instance_0013.txt,knapsack_density,0,0,0,,,,0.0,False
instance_0013.txt,knapsack_seed,3807,360,3577,4|10|43|68|86|92|137|194|254|270|298|314|338|341|411|423|440|519|623|653|664|665|668|672|697|724|729|821|828|871|888|895|923|933|949|1113|1135|1145|1149|1155|1188|1194|1227|1408|1467|1504|1545|1583|1615|1622|1624|1643|1661|1715|1716|1753|1790|1794|1796|1824|1832|1834|1835|1853|1864|1887|1937|1962|1970|1988|2000|2005|2120|2128|2168|2187|2257|2263|2356|2372|2427|2440|2453|2468|2528|2535|2557|2621|2649|2654|2690|2770|2814|2817|2819|2938|2972|2989|3014|3025|3095|3134|3148|3189|3257|3278|3299|3322|3335|3368|3375|3384|3389|3393|3422|3465|3506|3508|3509|3553|3572|3615|3636|3680|3707|3832|3886|3898|3924|3939|4020|4052|4055|4117|4160|4172|4218|4231|4257|4261|4283|4451|4484|4526|4532|4564|4614|4628|4668|4677|4690|4791|4891|4904|4959|5000|5005|5009|5109|5174|5224|5252|5259|5273|5300|5307|5328|5356|5418|5485|5496|5508|5561|5643|5668|5743|5746|5800|5837|5856|5886|5993|5995|5997|6007|6025|6034|6054|6153|6237|6243|6324|6345|6352|6419|6509|6558|6612|6625|6644|6727|6740|6763|6782|6784|6789|6801|6809|6833|6841|6897|6973|7021|7050|7074|7089|7135|7143|7167|7171|7177|7192|7198|7256|7308|7321|7355|7394|7416|7477|7506|7516|7536|7554|7555|7570|7617|7629|7700|7705|7709|7717|7761|7838|7931|7935|7968|8007|8039|8051|8076|8078|8107|8159|8200|8202|8220|8227|8255|8260|8270|8287|8290|8319|8374|0|1|2|3|5|6|7|8|9|11|12|13|14|15|16|17|18|19|20|21|22|23|24|25|26|27|28|29|30|31|32|33|34|35|36|37|38|39|40|41|42|44|45|46|47|48|49|50|52|53|54|55|56|57|58|59|60|61|62|63|64|65|66|67|69|70|71|72|73|74|75|76|77|78|79|80|81|82|83|84|85|87|88|89|90|91|93|94|95|96|97|98|99|100|101|102|103|104|105|106|107|108|110|111|112|113|114|115|116|117|118|119|120|121|122|123|124|125|126|127|128|129|130|131|132|133|134|135|136|138|139|140|141|142|143|144|145|146|147|148|149|150|151|152|153|154|155|156|157|158|159|160|161|162|163|164|165|166|167|168|169|170|171|172|173|174|175|176|177|178|179|180|181|182|183|184|185|186|187|188|189|190|191|192|193|195|196|197|198|199|200|201|202|203|204|205|206|207|208|209|210|211|212|213|214|215|216|217|218|219|220|221|222|223|224|225|226|227|228|229|230|231|232|233|234|235|236|237|238|239|240|241|242|243|244|245|246|247|248|249|250|251|252|253|255|256|257|258|259|260|261|262|263|264|265|266|267|268|269|271|272|273|274|275|276|277|278|279|280|281|282|283|284|285|286|287|288|289|290|291|292|293|294|295|296|297|299|300|301|302|303|304|305|306|307|308|309|310|311|312|313|315|316|317|318|319|320|321|322|323|324|325|326|327|328|329|330|331|332|333|334|335|336|337|339|340|342|343|344|345|346|347|348|349|350|351|352|353|354|355|356|357|359|360|362|363|364|365|366|367|368|369|370|371|372|373|374|375|376|377|378|379|380|381|382|383|384|385|386|387|388|389|390|391|392|393|394|395|396|397|398|399|400|401|402|403|404|405|406|407|408|409|410|412|413|414|415|416|417|418|419|420|421|422|424|425|426|427|428|429|430|431|432|433|434|435|436|437|438|439|441|442|443|444|445|446|447|448|449|450|451|452|453|454|455|456|457|458|459|460|461|462|463|464|465|466|467|468|469|470|471|472|473|474|475|476|477|478|479|480|481|482|483|484|485|486|487|488|489|490|491|492|493|494|495|496|497|498|499|500|501|502|503|504|505|506|507|508|509|510|511|512|513|514|515|516|517|518|520|521|522|523|524|525|526|527|528|529|530|531|532|533|534|535|536|537|538|539|540|541|542|543|544|545|546|547|548|549|550|551|552|553|554|555|556|557|558|559|560|561|562|563|564|565|566|567|568|569|570|571|572|573|574|575|576|577|578|579|580|581|582|583|584|585|586|587|588|589|590|591|592|593|594|595|596|597|598|599|600|601|602|603|604|605|606|607|608|609|610|611|612|613|614|615|616|617|618|619|620|621|622|624|625|626|627|628|629|630|631|632|633|634|635|636|637|638|639|640|641|642|643|644|645|646|647|648|649|650|651|652|654|655|656|657|658|659|660|661|662|663|666|667|669|670|671|673|674|675|676|677|678|679|680|681|682|683|684|685|686|687|688|689|690|691|692|693|694|695|696|698|699|700|701|702|703|704|705|706|707|708|709|710|711|712|713|714|715|716|717|718|719|720|721|722|723|725|726|727|728|730|731|732|733|734|735|736|737|738|739|740|741|742|743|744|745|746|747|748|749|750|751|752|753|754|755|756|757|758|759|760|761|762|763|764|765|766|767|768|769|770|771|772|773|774|775|776|777|778|779|780|781|782|783|784|785|786|787|788|789|790|791|792|793|794|795|796|797|798|799|800|801|802|803|804|805|806|807|808|809|810|811|812|813|814|815|816|817|818|819|820|822|823|824|825|826|827|829|830|831|832|833|834|835|836|837|838|839|840|841|842|843|844|845|846|847|848|849|850|851|852|853|854|855|856|857|858|859|860|861|862|863|864|865|866|867|868|869|870|872|873|874|875|876|877|878|879|880|881|882|883|884|885|886|887|889|890|891|892|893|894|896|897|898|899|900|901|902|903|904|905|906|907|908|909|910|911|912|913|914|915|916|917|918|919|920|921|922|924|925|926|927|928|929|931|932|934|935|936|937|938|939|940|941|942|943|944|945|946|947|948|950|951|952|953|954|955|956|957|958|959|960|961|962|963|964|965|966|967|968|969|970|971|972|973|974|975|976|977|978|979|980|981|982|983|984|985|986|987|988|989|990|991|992|993|994|995|996|997|998|999|1000|1001|1002|1003|1004|1005|1006|1007|1008|1009|1010|1011|1012|1013|1014|1015|1016|1017|1018|1019|1020|1021|1022|1023|1025|1026|1027|1028|1029|1030|1031|1032|1033|1034|1035|1036|1037|1038|1039|1040|1041|1042|1043|1044|1045|1046|1047|1048|1049|1050|1051|1052|1054|1055|1056|1057|1058|1059|1060|1061|1062|1063|1064|1065|1066|1067|1068|1069|1070|1071|1072|1073|1074|1075|1076|1077|1078|1079|1080|1081|1082|1083|1084|1085|1086|1087|1088|1089|1090|1091|1092|1093|1094|1095|1096|1097|1098|1099|1100|1101|1102|1103|1104|1105|1106|1107|1108|1109|1110|1111|1112|1114|1115|1116|1117|1118|1119|1120|1121|1122|1123|1124|1125|1126|1127|1128|1129|1130|1131|1132|1133|1134|1136|1137|1138|1139|1140|1141|1142|1143|1144|1146|1148|1150|1151|1152|1153|1154|1156|1157|1158|1159|1160|1161|1162|1163|1164|1165|1166|1167|1168|1169|1170|1171|1172|1173|1174|1175|1176|1177|1178|1179|1180|1181|1182|1183|1184|1185|1186|1187|1189|1190|1191|1192|1193|1195|1196|1197|1198|1199|1200|1201|1202|1203|1204|1205|1206|1207|1208|1209|1210|1211|1212|1213|1214|1215|1216|1217|1219|1220|1221|1222|1223|1224|1225|1226|1228|1229|1230|1231|1232|1233|1234|1235|1236|1237|1238|1239|1240|1241|1242|1243|1244|1245|1246|1247|1248|1249|1250|1251|1252|1253|1254|1255|1256|1257|1258|1259|1260|1261|1262|1263|1264|1265|1266|1267|1268|1269|1270|1271|1273|1274|1275|1276|1277|1278|1279|1280|1281|1282|1283|1284|1285|1286|1287|1288|1289|1290|1291|1292|1293|1295|1296|1297|1298|1299|1300|1301|1302|1304|1305|1306|1307|1308|1309|1310|1311|1312|1313|1314|1315|1316|1317|1318|1319|1320|1321|1322|1323|1324|1325|1326|1327|1328|1329|1330|1331|1332|1333|1334|1335|1336|1337|1338|1339|1340|1341|1342|1343|1344|1345|1346|1347|1348|1349|1350|1351|1352|1353|1354|1355|1356|1357|1359|1360|1361|1362|1363|1364|1366|1367|1368|1369|1370|1371|1372|1373|1374|1375|1376|1377|1378|1379|1380|1381|1382|1383|1384|1385|1386|1387|1388|1389|1390|1391|1392|1393|1394|1395|1396|1397|1398|1399|1400|1401|1402|1403|1404|1406|1407|1409|1410|1411|1412|1413|1414|1415|1416|1417|1418|1419|1420|1421|1422|1423|1424|1425|1426|1427|1428|1429|1430|1431|1432|1433|1434|1435|1436|1437|1438|1439|1440|1441|1442|1443|1444|1445|1446|1447|1448|1449|1450|1451|1452|1453|1454|1455|1456|1457|1458|1459|1460|1461|1462|1463|1464|1465|1466|1468|1469|1470|1471|1472|1473|1474|1475|1476|1477|1478|1479|1480|1481|1482|1483|1484|1485|1486|1487|1488|1489|1490|1491|1492|1493|1494|1495|1496|1497|1498|1499|1500|1502|1503|1505|1506|1507|1508|1509|1510|1511|1512|1513|1514|1515|1516|1517|1518|1519|1520|1521|1522|1523|1524|1525|1526|1527|1528|1529|1530|1531|1532|1533|1534|1535|1536|1537|1538|1539|1540|1541|1542|1543|1544|1546|1547|1548|1549|1550|1551|1552|1553|1554|1555|1556|1557|1558|1559|1560|1561|1562|1563|1564|1565|1566|1567|1568|1569|1570|1571|1572|1573|1574|1575|1576|1577|1578|1579|1580|1581|1582|1584|1585|1586|1587|1588|1589|1590|1591|1592|1593|1594|1595|1596|1597|1598|1599|1600|1601|1602|1603|1604|1605|1606|1607|1608|1609|1610|1611|1612|1613|1614|1616|1617|1618|1619|1620|1621|1623|1625|1626|1627|1628|1629|1630|1631|1632|1633|1634|1635|1636|1637|1638|1639|1640|1641|1642|1644|1645|1646|1647|1648|1649|1650|1651|1652|1653|1654|1655|1656|1657|1658|1659|1660|1662|1663|1664|1665|1666|1667|1668|1669|1670|1671|1672|1673|1674|1675|1676|1677|1678|1679|1680|1681|1682|1683|1684|1685|1686|1687|1688|1689|1690|1691|1692|1693|1694|1695|1696|1697|1698|1699|1700|1701|1702|1703|1704|1705|1706|1707|1708|1709|1710|1711|1712|1713|1714|1717|1718|1719|1720|1721|1722|1723|1724|1725|1727|1728|1729|1730|1731|1732|1733|1734|1735|1736|1737|1738|1739|1740|1741|1742|1743|1744|1745|1746|1747|1748|1749|1751|1752|1754|1755|1756|1757|1758|1759|1760|1761|1762|1763|1764|1765|1766|1767|1768|1769|1770|1771|1772|1773|1774|1775|1776|1777|1778|1779|1780|1781|1782|1783|1784|1785|1786|1787|1788|1789|1791|1792|1793|1795|1797|1798|1799|1800|1801|1802|1803|1804|1805|1806|1807|1808|1809|1810|1811|1812|1813|1814|1815|1816|1817|1818|1819|1820|1821|1822|1823|1825|1826|1827|1828|1829|1830|1831|1833|1837|1838|1839|1840|1841|1842|1843|1844|1845|1846|1847|1848|1849|1850|1851|1852|1854|1855|1856|1857|1858|1859|1860|1861|1862|1863|1865|1866|1867|1868|1869|1870|1871|1872|1873|1874|1875|1876|1877|1878|1879|1880|1881|1882|1883|1884|1885|1886|1888|1889|1890|1891|1892|1893|1894|1895|1896|1897|1898|1899|1900|1901|1902|1903|1904|1905|1906|1907|1908|1909|1910|1911|1912|1913|1914|1915|1916|1917|1918|1919|1920|1921|1922|1923|1924|1925|1926|1927|1928|1929|1930|1931|1932|1933|1934|1935|1936|1938|1939|1940|1941|1942|1943|1944|1945|1946|1947|1948|1949|1950|1951|1952|1953|1954|1955|1956|1957|1958|1959|1960|1961|1963|1964|1965|1966|1967|1968|1969|1971|1972|1973|1974|1975|1976|1977|1978|1979|1980|1981|1982|1983|1984|1985|1986|1987|1989|1990|1991|1992|1993|1994|1995|1996|1997|1998|1999|2001|2002|2003|2004|2006|2007|2008|2009|2010|2011|2012|2013|2014|2015|2016|2018|2019|2020|2021|2022|2023|2024|2025|2026|2027|2028|2029|2030|2031|2032|2033|2034|2035|2036|2037|2038|2039|2040|2041|2042|2043|2044|2045|2046|2047|2048|2049|2050|2051|2052|2053|2054|2055|2056|2057|2058|2059|2060|2061|2062|2063|2064|2065|2066|2067|2068|2070|2071|2072|2073|2074|2075|2076|2077|2078|2079|2080|2081|2082|2083|2084|2085|2086|2087|2088|2089|2090|2091|2092|2093|2094|2095|2096|2097|2098|2099|2100|2101|2102|2103|2104|2105|2106|2107|2108|2109|2110|2111|2112|2113|2114|2115|2116|2117|2118|2119|2121|2122|2123|2124|2125|2126|2127|2129|2130|2131|2132|2133|2134|2135|2136|2137|2138|2139|2140|2141|2142|2143|2144|2145|2146|2147|2148|2149|2150|2151|2152|2153|2154|2155|2156|2157|2158|2159|2160|2161|2162|2163|2164|2165|2166|2167|2169|2170|2171|2172|2173|2174|2175|2176|2177|2178|2179|2180|2181|2182|2183|2184|2185|2186|2188|2189|2190|2191|2192|2193|2194|2195|2196|2197|2198|2199|2200|2201|2202|2203|2204|2205|2206|2207|2208|2209|2210|2211|2212|2213|2214|2215|2216|2217|2218|2219|2220|2221|2222|2223|2224|2225|2226|2227|2228|2229|2230|2231|2232|2233|2234|2235|2236|2237|2238|2239|2240|2241|2242|2243|2244|2245|2246|2247|2248|2249|2250|2251|2252|2253|2254|2255|2256|2258|2259|2260|2261|2262|2264|2265|2266|2267|2268|2269|2270|2271|2272|2273|2274|2275|2276|2277|2278|2279|2280|2281|2282|2283|2284|2285|2286|2287|2288|2289|2290|2291|2292|2293|2294|2295|2296|2297|2298|2299|2300|2301|2302|2303|2304|2305|2306|2307|2308|2309|2311|2312|2313|2314|2315|2316|2317|2318|2319|2320|2321|2322|2323|2324|2325|2326|2327|2328|2329|2330|2331|2332|2333|2334|2335|2336|2337|2338|2339|2340|2341|2342|2343|2344|2345|2346|2347|2348|2349|2350|2351|2352|2353|2354|2355|2357|2358|2359|2360|2361|2362|2363|2364|2365|2366|2367|2368|2369|2370|2371|2373|2374|2375|2376|2377|2378|2379|2380|2381|2382|2383|2385|2386|2387|2388|2389|2390|2391|2392|2393|2394|2395|2396|2397|2398|2399|2400|2401|2402|2403|2404|2405|2406|2407|2408|2409|2410|2411|2412|2413|2414|2415|2416|2417|2418|2419|2420|2421|2422|2423|2424|2425|2426|2428|2429|2430|2431|2432|2433|2434|2435|2436|2437|2438|2439|2441|2442|2443|2444|2445|2446|2447|2448|2449|2450|2451|2452|2454|2455|2456|2457|2458|2459|2460|2461|2462|2463|2464|2465|2466|2467|2469|2470|2471|2472|2473|2474|2475|2476|2477|2478|2479|2480|2481|2482|2483|2484|2485|2486|2487|2488|2489|2490|2491|2492|2493|2494|2495|2496|2497|2498|2499|2500|2501|2502|2503|2504|2505|2506|2507|2508|2509|2510|2511|2512|2513|2514|2515|2516|2517|2518|2519|2520|2521|2522|2523|2524|2525|2526|2527|2529|2530|2531|2532|2533|2534|2536|2537|2538|2539|2540|2541|2542|2543|2544|2545|2546|2547|2548|2549|2550|2551|2552|2553|2554|2555|2556|2558|2559|2560|2561|2562|2563|2564|2565|2566|2567|2568|2569|2570|2571|2572|2573|2574|2575|2576|2577|2578|2580|2582|2583|2584|2585|2586|2587|2588|2589|2590|2591|2592|2593|2594|2595|2596|2597|2598|2599|2600|2601|2602|2603|2604|2605|2606|2607|2608|2609|2610|2611|2612|2613|2614|2616|2617|2618|2619|2620|2622|2623|2624|2625|2626|2627|2628|2629|2630|2631|2632|2633|2634|2635|2636|2637|2638|2639|2640|2641|2642|2643|2644|2645|2646|2647|2648|2650|2651|2652|2653|2655|2656|2657|2658|2659|2660|2661|2662|2663|2664|2665|2666|2667|2668|2669|2670|2671|2672|2673|2674|2675|2676|2677|2678|2679|2680|2681|2682|2683|2684|2685|2686|2687|2688|2689|2691|2692|2693|2694|2695|2696|2697|2698|2699|2700|2701|2702|2703|2704|2705|2706|2707|2708|2709|2710|2711|2712|2713|2714|2715|2716|2717|2718|2719|2720|2721|2722|2723|2724|2725|2726|2727|2728|2729|2730|2731|2732|2733|2734|2735|2736|2737|2738|2739|2740|2741|2742|2743|2744|2745|2746|2747|2748|2749|2750|2751|2752|2753|2754|2755|2756|2757|2758|2759|2760|2761|2762|2763|2764|2765|2766|2767|2768|2769|2771|2772|2773|2774|2775|2776|2777|2778|2779|2780|2781|2782|2783|2784|2785|2786|2787|2788|2789|2790|2791|2792|2793|2794|2795|2796|2797|2798|2799|2800|2801|2802|2803|2804|2805|2806|2807|2808|2809|2810|2811|2812|2813|2815|2816|2818|2820|2821|2822|2823|2824|2825|2826|2827|2828|2829|2830|2831|2832|2833|2834|2835|2836|2837|2838|2839|2840|2841|2842|2843|2844|2845|2846|2847|2848|2849|2850|2851|2852|2853|2854|2855|2856|2857|2858|2859|2860|2861|2862|2863|2864|2865|2866|2867|2868|2869|2870|2871|2872|2873|2874|2875|2876|2877|2878|2879|2880|2881|2882|2883|2885|2886|2887|2888|2889|2890|2891|2892|2893|2894|2895|2896|2897|2898|2899|2900|2901|2902|2903|2904|2905|2906|2907|2908|2909|2910|2911|2912|2913|2914|2915|2916|2917|2918|2919|2920|2921|2922|2923|2924|2925|2926|2927|2928|2929|2930|2931|2932|2933|2934|2935|2936|2937|2939|2940|2941|2942|2943|2944|2946|2947|2948|2949|2950|2951|2952|2953|2954|2955|2956|2957|2958|2959|2960|2961|2962|2963|2964|2965|2966|2967|2968|2969|2970|2971|2973|2974|2975|2976|2977|2978|2979|2980|2981|2982|2983|2984|2985|2986|2987|2988|2990|2991|2992|2993|2994|2995|2996|2997|2998|2999|3000|3001|3002|3003|3004|3005|3006|3007|3008|3009|3010|3011|3012|3013|3015|3016|3017|3018|3019|3020|3021|3022|3023|3024|3026|3027|3028|3029|3030|3031|3032|3033|3034|3035|3036|3037|3038|3039|3040|3041|3042|3043|3044|3045|3046|3047|3048|3049|3050|3051|3052|3053|3054|3055|3056|3057|3058|3059|3060|3061|3062|3063|3064|3065|3066|3067|3068|3069|3070|3071|3072|3073|3074|3075|3076|3077|3078|3079|3081|3082|3083|3084|3085|3086|3087|3088|3089|3090|3091|3092|3093|3094|3096|3097|3098|3099|3100|3101|3102|3103|3104|3105|3106|3107|3108|3109|3110|3111|3112|3113|3114|3115|3116|3117|3118|3119|3120|3121|3122|3123|3124|3125|3126|3127|3128|3129|3130|3131|3132|3133|3135|3136|3137|3138|3139|3140|3141|3142|3143|3144|3145|3146|3147|3150|3151|3152|3153|3154|3155|3156|3157|3158|3159|3160|3161|3162|3163|3164|3165|3166|3167|3168|3169|3170|3171|3172|3173|3174|3175|3176|3177|3178|3179|3180|3181|3182|3183|3184|3185|3186|3187|3188|3190|3191|3192|3193|3194|3195|3196|3197|3198|3199|3200|3201|3202|3203|3204|3205|3206|3207|3208|3209|3210|3211|3212|3213|3214|3215|3216|3217|3218|3219|3220|3221|3222|3223|3224|3225|3226|3227|3228|3229|3230|3231|3232|3233|3234|3235|3236|3237|3238|3239|3240|3241|3242|3243|3244|3245|3246|3247|3248|3249|3250|3251|3252|3253|3254|3255|3256|3258|3259|3260|3261|3262|3263|3264|3265|3266|3267|3268|3269|3270|3271|3272|3273|3274|3275|3276|3277|3279|3280|3281|3282|3283|3284|3285|3286|3287|3288|3289|3290|3291|3292|3293|3294|3295|3296|3297|3298|3300|3301|3302|3303|3304|3305|3306|3307|3308|3309|3310|3311|3312|3313|3314|3315|3316|3317|3318|3319|3320|3321|3323|3324|3325|3326|3327|3328|3329|3330|3331|3332|3333|3334|3336|3337|3338|3339|3340|3341|3342|3343|3344|3345|3346|3347|3348|3349|3350|3351|3352|3353|3354|3355|3356|3357|3358|3359|3360|3361|3362|3363|3364|3365|3366|3367|3369|3370|3371|3372|3373|3374|3376|3377|3378|3379|3380|3381|3382|3383|3385|3386|3387|3388|3390|3391|3392|3394|3395|3396|3397|3398|3399|3400|3401|3402|3403|3404|3405|3406|3407|3408|3409|3410|3411|3412|3413|3414|3415|3416|3417|3418|3419|3420|3421|3423|3424|3425|3426|3427|3428|3429|3430|3431|3432|3433|3434|3435|3436|3437|3438|3439|3440|3441|3442|3443|3444|3445|3446|3447|3448|3449|3450|3451|3452|3453|3454|3455|3456|3457|3458|3459|3460|3461|3462|3463|3464|3466|3467|3468|3469|3470|3471|3472|3473|3474|3475|3476|3477|3478|3479|3480|3481|3482|3483|3484|3485|3486|3487|3488|3489|3490|3491|3492|3493|3494|3495|3496|3497|3498|3499|3500|3501|3502|3503|3504|3505|3507|3510|3511|3512|3513|3514|3515|3516|3517|3518|3519|3520|3521|3522|3523|3524|3525|3526|3527|3528|3529|3530|3531|3532|3533|3534|3535|3536|3537|3538|3539|3540|3541|3542|3543|3544|3545|3546|3547|3548|3549|3550|3551|3552|3554|3555|3556|3557|3558|3559|3560|3561|3562|3563|3564|3565|3566|3567|3568|3569|3570|3571|3573|3574|3575|3576|3577|3578|3579|3581|3582|3583|3584|3585|3586|3587|3588|3589|3590|3591|3592|3593|3594|3595|3596|3597|3598|3599|3600|3601|3602|3603|3604|3605|3606|3607|3608|3609|3610|3611|3612|3613|3614|3616|3617|3618|3619|3620|3621|3622|3623|3624|3625|3626|3627|3628|3629|3630|3631|3632|3633|3634|3635|3637|3638|3639|3640|3641|3642|3643|3644|3645|3646|3647|3648|3649|3650|3651|3652|3653|3654|3655|3656|3657|3658|3659|3660|3661|3662|3663|3664|3665|3666|3667|3668|3669|3670|3671|3672|3673|3674|3675|3676|3677|3678|3679|3681|3682|3683|3684|3685|3686|3687|3688|3689|3690|3691|3692|3693|3694|3695|3696,101|252|89|9|297|314|128|311|343|31|389|131|2|152|146|26|77|108|141|269|124|375|247|110|278|341|173|409|244|286|93|180|111|12|121|225|69|109|359|383|257|335|56|200|229|242|253|88|90|329|349|384|401|4|130|249|276|294|367|114|233|255|336|345|388|197|198|277|296|96|223|301|10|17|55|220|263|33|64|103|105|112|155|226|303|328|338|346|382|104|133|232|300|304|348|351|380|36|60|106|161|250|306|324|342|399|78|157|256|258|271|321|326|366|20|165|170|175|182|196|205|265|295|350|368|404|11|61|115|126|292|298|340|377|0|30|38|66|70|95|127|147|153|168|189|227|266|299|302|320|322|330|333|396|5|34|62|79|149|204|216|224|316|344|360|390|394|1|39|81|142|150|172|195|213|214|215|217|222|230|279|282|312|334|376|16|18|53|72|84|123|156|228|281|305|310|317|325|400|8|14|29|35|47|58|63|86|87|122|129|132|138|144|174|177|190|191|202|203|219|221|239|272|290|293|369|387|3|22|24|27|44|45|48|71|80|107|117|125|134|151|164|171|176|178|179|188|192|218|270|273|275|318|332|365|370|19|25|57|59|65|91|135|136|145|169|184|208|237|238|246|251|254|268|274|280|288|319|327|347|353|361|363|373|398|403|32|43|46|76|85|113|143|160|194|199|240|245|287|354|355|358|362|372|374|378|381|391|397|402|405|407|408|28|40|67|137|140|148|154|183|201|207|209|234|241|248|260|262|308|393|395|6|7|13|21|51|99|100|102|120|167|185|186|187|193|210|211|212|261|264|267|289|313|315|371|379|386|411|412,1|2|7|8|10|11|12|14|15|17|18|19|21|23|24|26|27|31|32|34|37|38|40|42|45|48|50|51|56|57|58|59|60|63|67|68|70|73|75|79|80|81|83|85|86|88|89|92|95|97|98|101|105|106|107|109|111|112|113|120|121|123|124|125|128|129|131|133|134|136|138|143|144|146|147|148|150|155|156|157|158|161|162|167|169|170|173|177|178|180|182|183|188|189|190|193|194|195|198|199|200|206|209|210|211|212|215|216|217|218|219|226|228|229|230|232|233|234|235|236|237|238|239|240|242|243|244|245|246|247|249|250|251|252|256|257|259|261|267|270|271|272|273|275|279|280|281|286|287|288|289|291|293|294|296|300|301|305|307|308|309|310|312|317|318|321|322|324|325|326|328|331|332|334|336|338|343|344|350|351|352|355|356|359|362|365|369|370|371|372|373|380|381|386|388|391|392|395|400|402|403|405|407|408|409|410|411|413|415|420|421|422|428|430|431|436|439|440|442|443|445|447|449|455|459|461|463|465|466|467|468|469|470|471|472|476|477|481|482|483|484|487|492|493|494|495|496|497|500|504|507|508|510|511|514|515|519|521|523|525|529|530|532|533|534|536|537|539|542|543|545|546|547|548|551|552|553|556|560|562|563|565|567|569|570|574|575|576|578|579|580|581|582|585|588|589|592|593|596|597|600|601|606|609|612|614|617|619|621|622|624|625|628|630|631|632|633|634|635|636|637|642|643|645|647|648|649|650|651|652|657|659|661|662|663|666|668|671|676|684|685|686|687|689|690|691|692|694|695|696|698|700|701|702|703|705|706|707|708|711|714|718|719|721|723|726|728|729|731|732|739|740|742|744|746|748|750|752|754|755|756|759|762|764|765|766|769|770|771|775|779|780|781|785|791|797|798|800|804|805|809|811|812|813|816|817|819|822|824|825|826|827|828|830|834|835|837|841|842|845|849|850|852|853|860|863|868|869|870|881|883|886|889|890|891|895|896|897|899|901|903|904|906|907|908|909|910|911|914|915|916|917|919|920|921|922|925|926|927|929|931|932|933|934|935|942|944|945|947|949|951|952|956|957|959|964|967|969|970|971|973|974|975|979|981|986|989|990|992|993|996|1000|1002|1005|1006|1007|1008|1010|1011|1012|1013|1014|1016|1018|1020|1021|1022|1024|1025|1028|1029|1030|1031|1034|1035|1037|1044|1045|1051|1054|1055|1059|1061|1066|1068|1069|1071|1073|1074|1075|1076|1077|1078|1079|1081|1084|1086|1087|1091|1093|1095|1097|1098|1100|1101|1102|1103|1104|1107|1112|1113|1114|1115|1116|1117|1119|1120|1121|1126|1135|1136|1138|1142|1145|1146|1147|1149|1150|1152|1153|1165|1166|1168|1171|1172|1173|1175|1176|1179|1180|1181|1182|1183|1186|1187|1188|1190|1193|1197|1199|1200|1201|1202|1204|1205|1209|1212|1215|1217|1219|1220|1227|1228|1229|1232|1233|1237|1238|1239|1240|1243|1247|1250|1251|1255|1257|1260|1261|1264|1265|1266|1269|1271|1272|1273|1274|1275|1278|1283|1284|1286|1288|1289|1290|1292|1293|1302|1304|1306|1308|1310|1311|1312|1316|1318|1319|1321|1322|1323|1325|1329|1330|1331|1332|1336|1337|1338|1340|1342|1345|1346|1352|1353|1355|1356|1357|1359|1360|1361|1371|1373|1376|1381|1383|1384|1385|1386|1389|1391|1394|1395|1400|1402|1403|1407|1409|1410|1411|1412|1413|1415|1417|1420|1421|1423|1424|1429|1430|1431|1432|1433|1434|1436|1437|1438|1440|1444|1445|1446|1447|1449|1452|1453|1456|1457|1460|1461|1463|1464|1471|1478|1479|1481|1482|1484|1485|1486|1491|1495|1500|1501|1503|1504|1505|1506|1508|1509|1513|1514|1515|1525|1529|1530|1531|1532|1533|1539|1540|1541|1543|1544|1545|1550|1553|1555|1561|1562|1565|1567|1569|1571|1573|1575|1577|1578|1580|1581|1585|1586|1587|1588|1589|1593|1594|1596|1597|1598|1602|1603|1604|1607|1609|1612|1613|1614|1615|1616|1617|1619|1620|1621|1622|1626|1628|1630|1631|1633|1637|1638|1641|1642|1643|1644|1645|1646|1647|1648|1649|1650|1652|1654|1655|1656|1660|1662|1666|1667|1668|1669|1671|1675|1676|1678|1682|1685|1687|1688|1689|1690|1691|1694|1705|1709|1712|1713|1718|1721|1724|1725|1726|1729|1732|1735|1736|1737|1738|1739|1740|1741|1745|1746|1747|1748|1749|1750|1751|1753|1755|1757|1761|1763|1765|1766|1768|1769|1771|1772|1773|1776|1777|1780|1781|1782|1784|1785|1786|1787|1792|1793|1794|1795|1796|1801|1802|1805|1806|1807|1808|1810|1813|1814|1824|1828|1829|1832|1835|1836|1837|1849|1853|1862|1864|1865|1868|1873|1874|1878|1879|1880|1882|1885|1886|1887|1888|1890|1896|1899|1900|1901|1902|1904|1905|1907|1908|1909|1911|1915|1916|1918|1919|1920|1921|1922|1924|1925|1929|1932|1935|1937|1938|1940|1941|1943|1944|1945|1947|1950|1955|1956|1958|1961|1962|1964|1965|1969|1971|1972|1974|1977|1978|1979|1982|1988|1990|1991|1993|1994|1995|1996|1997|1998|1999|2002|2003|2004|2006|2007|2008|2010|2011|2013|2014|2016|2023|2024|2025|2028|2037|2043|2044|2047|2048|2049|2050|2052|2054|2056|2063|2066|2069|2070|2072|2073|2077|2078|2080|2085|2088|2091|2092|2093|2094|2096|2097|2099|2104|2105|2106|2112|2113|2114|2115|2116|2117|2119|2124|2126|2127|2128|2129|2130|2133|2134|2136|2140|2141|2142|2143|2144|2149|2150|2153|2161|2163|2166|2168|2170|2172|2174|2175|2176|2178|2181|2182|2183|2184|2185|2186|2187|2188|2191|2197|2198|2200|2203|2206|2207|2211|2214|2216|2217|2219|2220|2222|2224|2226|2227|2238|2244|2247|2254|2255|2258|2261|2266|2267|2271|2272|2273|2275|2278|2279|2287|2290|2296|2297|2298|2300|2302|2304|2306|2308|2309|2311|2313|2316|2320|2322|2330|2331|2334|2336|2338|2339|2341|2344|2346|2347|2348|2349|2350|2352|2353|2357|2358|2360|2364|2365|2369|2379|2380|2381|2382|2383|2384|2386|2387|2388|2391|2392|2395|2396|2397|2401|2402|2403|2407|2411|2412|2413|2414|2417|2420|2423|2429|2430|2433|2436|2437|2438|2439|2441|2443|2445|2446|2447|2448|2449|2450|2451|2454|2455|2457|2460|2462|2464|2465|2467|2468|2470|2472|2473|2474|2479|2483|2486|2487|2488|2491|2497|2499|2504|2506|2507|2508|2509|2511|2513|2517|2518|2520|2521|2523|2524|2525|2527|2532|2533|2535|2536|2538|2539|2541|2542|2543|2545|2547|2548|2549|2550|2555|2557|2558|2559|2560|2561|2562|2564|2567|2573|2574|2575|2577|2578|2579|2582|2586|2588|2589|2590|2591|2597|2598|2599|2600|2601|2602|2607|2610|2612|2619|2623|2626|2631|2632|2633|2634|2635|2636|2637|2638|2639|2641|2642|2643|2644|2645|2647|2649|2650|2651|2653|2655|2657|2658|2666|2668|2669|2673|2674|2680|2681|2682|2687|2688|2689|2694|2696|2698|2703|2705|2709|2712|2713|2714|2716|2717|2719|2724|2725|2726|2728|2729|2730|2731|2733|2736|2739|2740|2742|2745|2746|2751|2753|2755|2757|2758|2760|2761|2763|2765|2767|2768|2774|2775|2777|2778|2779|2780|2781|2782|2784|2791|2800|2801|2804|2805|2806|2810|2813|2820|2821|2826|2827|2830|2833|2836|2844|2845|2846|2847|2851|2852|2853|2854|2855|2859|2866|2868|2869|2871|2873|2874|2877|2879|2880|2882|2883|2885|2890|2893|2894|2896|2897|2900|2908|2909|2910|2911|2915|2918|2921|2922|2924|2926|2927|2930|2931|2934|2936|2937|2941|2942|2944|2945|2948|2949|2950|2951|2954|2956|2957|2958|2966|2968|2969|2972|2973|2974|2975|2977|2979|2981|2984|2988|2992|2994|2995|2999|3001|3002|3009|3011|3012|3018|3019|3020|3022|3023|3025|3026|3028|3031|3032|3034|3039|3041|3043|3044|3045|3048|3049|3050|3051|3052|3053|3054|3056|3057|3058|3061|3071|3073|3075|3076|3078|3079|3081|3084|3087|3090|3091|3093|3095|3098|3099|3101|3102|3104|3105|3110|3112|3114|3116|3118|3119|3124|3125|3137|3139|3140|3143|3146|3147|3148|3150|3153|3155|3159|3160|3162|3167|3168|3170|3171|3174|3175|3182|3186|3188|3196|3197|3199|3201|3202|3204|3205|3208|3212|3213|3215|3224|3225|3227|3228|3231|3233|3234|3238|3241|3244|3245|3247|3248|3254|3255|3256|3257|3258|3259|3262|3265|3267|3269|3272|3277|3279|3281|3282|3284|3287|3288|3289|3291|3293|3294|3297|3298|3299|3300|3301|3302|3303|3308|3310|3312|3318|3321|3323|3326|3327|3328|3330|3333|3334|3338|3339|3340|3342|3347|3348|3349|3351|3354|3356|3360|3361|3362|3364|3366|3367|3369|3370|3371|3374|3375|3379|3382|3386|3389|3390|3391|3392|3393|3395|3396|3399|3400|3401|3404|3405|3406|3408|3410|3412|3413|3414|3415|3417|3418|3421|3423|3427|3428|3429|3431|3433|3434|3436|3440|3441|3442|3443|3445|3447|3449|3450|3452|3454|3456|3457|3460|3462|3463|3464|3465|3466|3469|3470|3472|3473|3474|3475|3479|3484|3485|3488|3492|3495|3496|3497|3498|3499|3501|3503|3505|3506|3507|3515|3516|3521|3522|3523|3524|3525|3527|3528|3529|3532|3534|3535|3536|3539|3541|3546|3547|3553|3554|3555|3557|3561|3562|3563|3565|3571|3572|3573|3577|3578|3579|3581|3582|3583|3584|3586|3588|3589|3593|3597|3603|3604|3605|3607|3610|3612|3615|3616|3621|3622|3623|3625|3626|3628|3629|3630|3633|3634|3635|3636|3637|3643|3644|3645|3651|3653|3654|3655|3658|3659|3661|3666|3668|3669|3670|3671|3673|3677|3678|3681|3684|3685|3688|3689|3690|3691|3694|3695|3696|3698|3699|3702|3706|3708|3710|3711|3712|3714|3717|3719|3720|3725|3726|3727|3728|3729|3730|3731|3733|3735|3737|3740|3741|3744|3745|3747|3750|3751|3753|3754|3755|3757|3758|3760|3761|3766|3767|3771|3776|3777|3778|3779|3781|3784|3785|3787|3788|3790|3792|3795|3796|3797|3798|3800|3801|3803|3804|3806|3808|3809|3810|3811|3813|3814|3815|3817|3818|3819|3820|3821|3822|3823|3826|3827|3829|3830|3833|3834|3835|3842|3843|3844|3845|3846|3849|3852|3855|3856|3860|3861|3862|3863|3864|3865|3867|3868|3870|3871|3872|3874|3876|3878|3880|3881|3883|3884|3885|3888|3889|3892|3896|3901|3903|3904|3907|3908|3911|3914|3916|3919|3921|3925|3926|3929|3931|3932|3933|3934|3935|3939|3941|3945|3947|3948|3950|3954|3956|3957|3962|3963|3966|3968|3970|3973|3974|3975|3977|3980|3982|3984|3987|3992|3995|3998|4002|4003|4004|4005|4006|4008|4009|4011|4014|4015|4021|4025|4030|4031|4034|4035|4037|4039|4040|4042|4047|4049|4051|4054|4056|4058|4059|4062|4063|4066|4067|4070|4071|4073|4074|4075|4079|4080|4081|4082|4083|4084|4086|4087|4094|4095|4096|4097|4102|4103|4105|4106|4108|4110|4112|4114|4115|4117|4119|4122|4123|4124|4126|4129|4132|4133|4136|4137|4143|4145|4150|4151|4152|4153|4156|4157|4159|4160|4161|4162|4163|4169|4170|4172|4174|4180|4183|4185|4186|4187|4192|4193|4195|4196|4197|4199|4202|4204|4205|4206|4209|4213|4214|4215|4217|4219|4221|4223|4224|4226|4227|4232|4234|4236|4238|4239|4240|4241|4242|4243|4245|4248|4254|4255|4257|4258|4259|4261|4263|4264|4268|4269|4270|4272|4273|4274|4275|4277|4279|4280|4281|4283|4284|4285|4286|4293|4294|4295|4296|4297|4304|4305|4307|4309|4310|4311|4312|4314|4316|4317|4319|4320|4321|4323|4324|4327|4329|4332|4333|4335|4337|4340|4345|4346|4347|4348|4349|4350|4357|4358|4361|4362|4368|4371|4374|4379|4381|4383|4385|4386|4388|4390|4391|4395|4397|4402|4403|4411|4413|4415|4417|4418|4422|4429|4430|4432|4434|4437|4438|4443|4444|4447|4448|4449|4450|4451|4454|4458|4460|4461|4462|4465|4466|4467|4468|4470|4475|4478|4479|4480|4481|4482|4486|4489|4495|4497|4499|4500|4503|4505|4506|4513|4514|4515|4516|4519|4526|4528|4533|4535|4536|4537|4538|4541|4542|4546|4547|4550|4552|4553|4556|4557|4558|4559|4560|4562|4565|4566|4567|4570|4571|4573|4575|4579|4580|4581|4582|4584|4586|4591|4592|4596|4597|4598|4603|4607|4608|4609|4612|4615|4616|4619|4623|4625|4631|4632|4634|4637|4638|4639|4640|4643|4646|4648|4649|4652|4653|4655|4658|4659|4660|4661|4665|4668|4671|4672|4673|4674|4675|4676|4678|4679|4681|4682|4683|4684|4686|4688|4691|4692|4694|4695|4701|4704|4705|4706|4708|4709|4710|4714|4715|4717|4720|4721|4722|4723|4727|4730|4731|4732|4734|4735|4739|4744|4746|4747|4748|4749|4753|4757|4759|4762|4765|4766|4767|4770|4771|4772|4773|4774|4776|4780|4784|4787|4788|4789|4790|4791|4795|4797|4798|4801|4803|4805|4810|4812|4813|4819|4822|4824|4825|4826|4831|4832|4833|4834|4835|4836|4838|4839|4842|4844|4849|4850|4851|4858|4861|4869|4871|4872|4880|4881|4882|4883|4884|4886|4889|4891|4894|4897|4899|4905|4907|4912|4913|4914|4915|4916|4917|4925|4928|4935|4938|4939|4940|4942|4943|4945|4946|4947|4948|4949|4952|4953|4957|4960|4961|4965|4966|4971|4975|4979|4980|4981|4982|4988|4989|4993|4995|4996|4997|5004|5005|5007|5008|5009|5013|5016|5019|5020|5022|5023|5026|5028|5031|5033|5035|5037|5040|5041|5042|5043|5044|5046|5049|5051|5052|5059|5060|5061|5062|5063|5064|5065|5067|5072|5073|5075|5076|5079|5080|5085|5086|5087|5088|5094|5096|5100|5102|5109|5111|5112|5113|5115|5117|5118|5120|5121|5122|5124|5125|5126|5128|5130|5131|5132|5135|5141|5145|5146|5150|5152|5153|5155|5158|5167|5168|5169|5173|5174|5176|5177|5179|5181|5182|5185|5186|5188|5190|5193|5194|5195|5196|5199|5203|5205|5206|5210|5212|5214|5215|5219|5223|5225|5228|5230|5231|5232|5233|5235|5236|5239|5241|5242|5243|5244|5245|5246|5248|5249|5250|5262|5264|5265|5266|5267|5268|5269|5271|5272|5280|5282|5284|5285|5286|5288|5289|5291|5293|5296|5302|5305|5306|5307|5311|5313|5314|5315|5317|5319|5320|5321|5322|5324|5325|5328|5329|5330|5331|5332|5333|5336|5338|5340|5341|5345|5346|5347|5350|5351|5358|5361|5363|5371|5376|5381|5384|5385|5386|5389|5390|5392|5393|5396|5399|5400|5401|5402|5405|5407|5410|5414|5416|5418|5419|5421|5423|5426|5427|5428|5431|5432|5434|5435|5436|5439|5445|5446|5448|5449|5452|5455|5456|5461|5463|5464|5465|5466|5467|5468|5470|5472|5475|5476|5479|5480|5481|5482|5484|5485|5489|5491|5493|5494|5495|5496|5498|5501|5502|5504|5506|5513|5514|5517|5519|5520|5522|5523|5526|5527|5529|5531|5533|5535|5536|5537|5538|5539|5541|5544|5546|5547|5549|5550|5553|5557|5558|5562|5563|5566|5570|5573|5574|5575|5576|5578|5579|5580|5584|5585|5586|5587|5588|5589|5591|5592|5593|5594|5597|5601|5603|5605|5606|5607|5608|5609|5614|5615|5616|5617|5622|5624|5625|5626|5627|5628|5630|5633|5635|5639|5641|5645|5646|5647|5648|5649|5651|5652|5653|5654|5662|5663|5664|5666|5668|5670|5672|5674|5675|5676|5677|5678|5679|5681|5682|5683|5684|5685|5693|5694|5695|5696|5697|5699|5701|5702|5703|5716|5718|5720|5721|5722|5723|5724|5726|5727|5728|5729|5733|5734|5737|5738|5740|5741|5744|5747|5749|5750|5753|5754|5760|5762|5763|5765|5766|5770|5773|5778|5780|5781|5782|5783|5784|5788|5789|5791|5793|5798|5799|5800|5801|5802|5803|5805|5806|5809|5810|5811|5817|5820|5822|5823|5824|5825|5828|5829|5830|5831|5834|5835|5836|5837|5838|5839|5843|5844|5845|5846|5847|5853|5854|5855|5857|5859|5860|5865|5867|5869|5870|5871|5872|5874|5876|5877|5883|5887|5888|5889|5891|5895|5898|5899|5900|5902|5903|5904|5907|5908|5909|5910|5911|5914|5915|5916|5919|5921|5922|5926|5929|5930|5931|5933|5935|5937|5939|5940|5943|5944|5945|5947|5949|5950|5953|5955|5956|5958|5964|5967|5971|5973|5974|5975|5976|5977|5979|5981|5984|5985|5991|5992|5993|5995|5998|6000|6004|6006|6008|6009|6010|6011|6012|6023|6027|6029|6032|6033|6034|6035|6036|6039|6040|6041|6048|6049|6051|6052|6054|6057|6060|6062|6063|6064|6065|6068|6071|6072|6075|6076|6077|6078|6079|6080|6081|6083|6084|6087|6088|6089|6090|6091|6092|6094|6095|6099|6104|6107|6109|6110|6111|6112|6113|6117|6118|6119|6120|6121|6124|6125|6126|6128|6129|6130|6131|6132|6134|6135|6136|6138|6140|6142|6143|6146|6148|6154|6161|6162|6163|6166|6168|6170|6174|6180|6181|6182|6183|6184|6185|6189|6191|6198|6199|6207|6211|6214|6216|6217|6219|6220|6221|6222|6224|6226|6227|6229|6233|6237|6245|6246|6249|6252|6257|6258|6261|6263|6265|6275|6279|6280|6281|6285|6286|6289|6291|6298|6299|6300|6301|6304|6306|6307|6310|6311|6312|6313|6316|6318|6319|6322|6324|6326|6327|6329|6332|6333|6337|6338|6339|6340|6341|6348|6351|6354|6356|6357|6358|6361|6362|6363|6367|6368|6371|6372|6374|6375|6379|6383|6387|6390|6393|6394|6395|6398|6399|6401|6402|6408|6411|6412|6413|6414|6416|6420|6421|6423|6424|6428|6438|6439|6440|6443|6445|6446|6449|6451|6453|6454|6455|6456|6458|6462|6464|6465|6469|6471|6472|6474|6476|6477|6478|6480|6481|6483|6484|6486|6488|6490|6491|6494|6497|6499|6500|6504|6507|6510|6514|6516|6520|6525|6526|6529|6531|6532|6533|6538|6540|6542|6543|6544|6545|6549|6551|6553|6555|6556|6557|6559|6562|6563|6564|6566|6567|6569|6570|6571|6573|6574|6578|6579|6582|6583|6584|6587|6588|6589|6597|6598|6600|6601|6606|6613|6615|6620|6622|6624|6625|6631|6632|6633|6636|6638|6639|6640|6642|6643|6645|6646|6650|6651|6653|6654|6655|6656|6659|6660|6661|6664|6667|6669|6671|6673|6674|6676|6678|6680|6682|6686|6688|6691|6692|6694|6696|6697|6703|6704|6705|6706|6709|6711|6715|6717|6718|6719|6721|6722|6723|6724|6725|6726|6727|6730|6731|6732|6737|6738|6740|6741|6742|6744|6746|6747|6748|6750|6751|6752|6753|6755|6759|6760|6763|6765|6766|6767|6768|6769|6771|6780|6781|6784|6785|6786|6788|6790|6791|6795|6797|6798|6800|6805|6807|6808|6809|6811|6813|6816|6817|6818|6820|6821|6824|6827|6828|6829|6832|6833|6834|6835|6837|6839|6840|6841|6842|6843|6845|6846|6850|6854|6857|6861|6863|6865|6868|6869|6870|6871|6873|6874|6877|6889|6894|6895|6897|6899|6901|6902|6903|6904|6906|6908|6910|6914|6919|6920|6921|6922|6925|6926|6927|6933|6934|6935|6937|6940|6942|6945|6948|6949|6950|6955|6956|6960|6962|6964|6965|6969|6972|6973|6974|6975|6977|6978|6981|6982|6983|6985|6986|6987|6988|6989|6990|6991|6992|7000|7002|7003|7004|7005|7009|7011|7013|7015|7017|7022|7023|7025|7027|7030|7031|7033|7035|7037|7038|7041|7046|7047|7049|7052|7053|7054|7055|7057|7062|7063|7066|7067|7068|7069|7070|7071|7073|7075|7079|7084|7090|7095|7098|7100|7108|7109|7110|7112|7113|7114|7115|7116|7117|7118|7119|7120|7121|7123|7126|7129|7132|7133|7136|7138|7142|7144|7145|7147|7150|7151|7153|7158|7159|7161|7162|7163|7166|7167|7168|7169|7174|7178|7179|7180|7181|7185|7187|7188|7192|7193|7194|7196|7197|7199|7200|7201|7204|7208|7211|7216|7217|7218|7219|7220|7221|7222|7223|7225|7226|7230|7231|7235|7236|7237|7242|7243|7244|7245|7246|7247|7248|7249|7250|7252|7253|7255|7256|7257|7259|7261|7264|7266|7267|7269|7274|7275|7276|7277|7278|7279|7285|7290|7291|7297|7298|7299|7301|7311|7312|7315|7322|7325|7327|7329|7330|7332|7334|7335|7339|7342|7343|7344|7347|7350|7352|7354|7356|7357|7359|7363|7364|7368|7370|7372|7376|7379|7381|7382|7383|7384|7386|7388|7391|7392|7393|7394|7399|7400|7401|7404|7409|7410|7412|7413|7414|7415|7416|7420|7421|7424|7425|7427|7428|7429|7430|7431|7433|7434|7436|7438|7440|7441|7442|7443|7446|7447|7449|7450|7453|7455|7458|7460|7462|7463|7465|7466|7467|7468|7470|7471|7478|7479|7480|7481|7484|7490|7492|7493|7496|7498|7503|7506|7509|7511|7513|7516|7517|7519|7520|7522|7523|7524,12.452777777777778,True
instance_0013.txt,random,3889,360,3626,6794|6540|8048|2323|4111|7289|2746|8089|5262|5667|5|641|7867|4202|3416|7879|1792|7570|4052|1006|4992|7383|1|2241|7324|680|1881|2969|1956|2226|6055|3417|5562|7886|5801|4601|7192|3763|6680|4316|4666|2054|1291|4547|8165|6799|4667|7960|4078|5491|7341|4399|6419|1708|4106|5504|1566|6077|7308|3811|5463|1319|6122|8323|248|4380|3235|3951|6314|795|2475|7777|460|6951|5746|4415|1607|2648|1049|8159|4736|1512|5965|7055|6453|4343|3621|3858|7429|2382|366|2931|3023|5286|2738|742|7366|3793|1656|4220|3203|640|1739|6889|4359|2378|5255|5403|1914|1339|7007|6726|2642|4427|1694|7887|8198|5839|1549|711|6607|3244|348|5396|1434|7637|25|1640|5032|2419|4211|5012|2502|3582|1932|2625|2188|842|1683|6595|2275|3946|3138|1674|2458|6330|4317|6393|238|3758|468|3662|382|2709|5201|5692|6108|6284|713|955|5443|4400|5604|6081|7485|999|6874|1082|47|3106|7522|4448|6572|790|5139|4776|915|281|404|4665|380|2412|3551|5519|3088|3154|1935|4135|1756|7828|129|4284|3219|1859|5994|7889|875|3151|850|3723|4088|2571|6085|7167|3818|2734|3237|208|8294|5479|1876|222|6344|7312|3740|6761|5027|313|7295|3494|450|5618|357|4527|2373|6700|3028|6931|2276|7575|1032|2522|6978|2536|4319|3198|3978|5043|2428|6983|5123|1945|6430|2938|6609|2183|5549|3441|1593|6577|2888|6148|7361|8133|4719|1500|2476|1572|6917|4247|7577|2240|6403|7972|1122|6254|5482|7030|6133|7569|4732|2834|3581|8010|1089|6068|3711|4064|7521|2218|315|4502|7165|2006|541|3231|7715|2875|3294|3283|364|2620|2630|982|5350|1039|3216|5882|3681|8163|4555|226|2350|5257|7318|2251|2431|3049|6346|2196|5423|3868|454|3973|5630|2655|5613|6236|3661|6031|176|6948|6002|5432|5148|1344|3145|4055|3476|5678|3451|8034|5626|204|5222|1400|705|8037|8061|7977|7938|7904|6525|3918|4786|7435|6783|2097|1289|1297|1963|1893|1245|5745|6471|7334|6448|4045|3584|2400|3975|2369|771|2390|4680|5465|4250|5950|3981|4185|2090|3843|2685|4327|3385|538|6617|4486|2538|1919|3687|1854|8232|7008|4867|4586|5948|4646|4846|7333|958|6012|3982|1545|4365|263|3650|5121|6247|1346|4397|7940|2705|509|3627|1179|6464|5287|1888|1336|7576|2947|6685|805|120|6673|4804|5794|5708|2525|7973|6528|6654|2565|3399|8112|6477|7374|2607|3147|8142|3053|1060|284|7956|6238|1980|5999|4913|5591|1844|2238|3552|604|6715|3430|4873|6568|1257|7665|4553|6896|6925|7579|536|926|7686|2434|7894|2199|7241|5828|2099|486|5254|1698|7390|3467|3675|4979|3709|7803|6124|6618|834|2845|4700|3906|6910|928|1480|2858|153|1863|466|553|7490|1086|8|619|26|2724|4118|2651|6833|7063|7111|7552|5279|1280|7444|6436|606|5107|340|3686|1532|7346|2656|3414|3878|2873|7025|8176|5572|5864|3871|4603|6742|6374|6710|310|3674|6882|3576|7413|6529|5502|6281|2067|5898|3302|3248|1128|6616|463|4539|4079|428|3065|701|6076|7918|374|1795|6723|6008|7278|4196|3768|367|7753|4087|5921|477|7088|182|4462|4142|3|2833|1455|1219|6315|7667|1690|2113|5780|5422|1471|7912|533|2984|7685|3833|1884|4550|4232|3900|4898|1263|5437|7124|4256|7474|7897|618|4882|1563|6496|271|4570|6244|7530|833|7152|3328|4966|4562|1360|4868|6774|4628|2788|714|511|7043|2797|2114|5228|3086|4015|6994|3647|70|1029|1924|1397|7774|3555|1515|3078|2312|1425|107|2542|821|5941|2619|2775|2311|5195|3263|4612|7737|1306|4174|2850|3473|2644|3735|6109|1628|2804|5143|6360|5096|2332|890|2527|5986|3192|7052|7773|4383|2214|3911|3020|5214|6110|1639|2235|2693|2669|1577|6639|3262|8238|4623|1110|864|6466|6352|4641|5511|3895|2245|1516|4145|5804|2811|1530|1575|3703|897|4393|7259|1917|4027|5847|2005|6623|7932|5729|6201|1349|5800|1767|5693|7817|6934|5431|1600|5444|5113|6445|632|8267|1187|7084|3862|622|9|6040|4568|4760|5912|5909|2105|2825|3391|7836|6178|4844|3089|5830|3360|5126|7431|6526|8318|490|2903|1646|1203|7337|1746|3478|3509|5698|1145|1439|1816|6390|5186|7463|3571|4150|3456|698|1067|3765|4426|344|4728|6785|4973|1342|2260|3648|8261|1005|8127|8364|2639|4633|7321|5484|7550|5576|6297|2357|6973|2402|2147|2470|8362|8231|3249|5949|7905|1829|4676|4227|570|3590|3068|4591|3027|3771|2480|4905|6719|4321|2761|6218|7404|4310|1648|848|4936|7479|3558|6589|2068|2043|292|6059|8370|3695|5022|871|978|2725|2140|654|5198|2853|193|214|7628|7292|5089|2907|3390|7108|6651|665|2819|3069|6755|124|6834|4395|1300|2857|6955|5116|6819|4444|973|2291|5313|512|178|6151|5538|1261|6766|270|7678|2083|4226|4222|1199|5125|4262|5659|557|1050|1511|1415|5587|2635|6875|5926|5594|3152|1356|1569|528|5013|4578|3210|1973|379|5758|6674|3902|7120|1210|2756|3259|1548|6535|2256|3708|6872|6049|6856|17|3822|1166|5210|5784|7876|1814|971|5883|4989|1908|5336|908|5706|247|6731|761|5135|5997|43|1673|1848|4749|1782|1194|7467|2329|4820|7126|4937|4745|769|8060|4328|7856|2555|7206|8335|4081|3561|325|8029|4503|2868|2869|1589|4799|3927|2737|7087|5380|1649|2253|2002|6966|7098|2883|649|2674|36|2823|6611|5117|7961|6926|336|3474|266|804|637|4507|4009|7456|6601|8187|5359|6851|1960|250|961|797|287|7795|6228|507|2106|5473|7071|946|1729|6427|1189|2991|2362|2954|1508|189|3266|3690|3278|953|2209|6790|2213|2579|5886|2282|3855|2569|990|6581|967|1327|227|5059|1638|2356|7393|3826|791|8150|4528|6530|2936|3374|8098|1837|5991|57|2982|5608|5169|6908|524|603|2070|6098|5151|7171|3081|7044|4408|4495|816|1249|1137|7771|4004|4407|3412|1523|5890|2785|8122|8087|5420|2203|4698|7381|4644|1232|5509|7033|2558|2681|8108|812|1207|7713|2983|99|6018|8279|3776|334|5961|467|3062|4164|4258|1897|8006|7294|4205|4238|1519|8328|2933|1838|7622|7208|1770|6027|4155|5709|6318|7799|3700|401|6655|5236|5781|3909|7434|8001|1412|4779|6437|2062|3947|2027|5875|4852|3085|3041|6192|3331|5372|6705|8220|4954|6788|3802|6475|6633|2287|2926|5891|2080|5469|7547|5727|7229|2874|2319|5836|3039|8104|3364|5008|5506|3717|7022|1947|5041|4028|8035|3719|5200|68|4869|7920|6717|3187|5451|6944|2626|3741|2629|5199|5550|5086|5947|2716|7287|4252|3619|4625|747|417|4572|8175|2004|64|678|4312|7099|3589|6363|5911|5520|1084|2030|1794|5291|1247|6130|7994|8303|3756|5243|4695|1013|1745|2074|3212|1064|1564|5402|3773|754|1293|2119|4491|6850|3398|1815|7414|6858|3437|6792|4105|6795|642|7136|3421|4423|4454|1352|4654|1769|211|5427|6551|4266|1091|5980|7592|8359|3770|2191|3286|5138|7050|7233|3757|7480|365|7999|826|3635|2980|3722|6804|1004|5718|3063|3004|1156|3853|368|1350|1831|6342|8160|1753|7738|2999|6979|5900|2906|3330|3042|8182|122|8005|2676|5314|677|4743|960|616|2484|843|4948|6014|1196|5329|3449|7945|5972|4463|6950|3691|6422|1982|6138|4860|7591|6147|537|4018|3118|8374|6087|7371|1106|7261|8348|1959|3678|638|1661|6791|4950|3261|8189|8069|6698|6721|106|1193|4941|6488|5569|6810|3942|5826|4461|605|6313|2965|3241|4761|5462|7818|233|177|800|1270|963|687|4511|5725|3548|5661|8257|7080|3840|8046|2190|6016|7180|6505|5824|2504|4994|2247|7786|2878|1803|5711|8078|3755|3914|719|2459|4112|4331|6516|1927|4497|3220|132|3005|6213|6396|4217|6266|6606|2112|5866|3983|1744|668|2816|8174|3629|7651|5447|6621|7693|5133|4874|4325|7006|278|7223|6168|7747|7415|2082|4204|2044|1843|7754|3067|6524|5869|545|1244|5717|3834|2523|3808|1680|3327|1428|2796|932|7509|1438|6561|2930|2001|6118|1961|89|2392|1723|3769|7302|3043|4173|3413|7019|2622|4672|2854|865|1539|7916|1554|7903|6672|5118|2309|8015|7959|8083|7218|6033|4030|2029|6407|2410|4885|2243|4467|5296|2779|3431|4540|7026|6928|3260|7384|8324|544|1681|2330|3579|3162|5892|1231|6812|4657|7610|857|2385|1380|6015|2849|3403|694|7639|5521|7517|5662|7238|7268|1254|6679|3716|1696|2050|5342|6845|5229|5715|6160|4943|1283|4755|6894|7611|4410|7508|4477|3989|540|1468|5097|1934|1399|2702|7531|6362|7935|2014|2177|8216|419|5175|1595|6273|3993|2755|1762|437|813|3255|4237|4492|1598|6222|3215|3133|8247|2897|6837|1582|519|7353|3365|6191|3539|1085|2157|1685|3786|2394|4557|2413|819|6462|825|5094|8168|5230|2628|6117|1188|4600|3601|2415|4981|4984|7958|8188|4119|7980|7775|249|4089|2515|3287|2208|1783|644|4442|5426|3507|1742|4768|2195|5622|7765|6239|140|1781|1435|2924|2457|4693|3424|6632|6847|4675|8113|1730|445|907|2928|5546|7526|6162|4389|6335|1715|4862|2092|547|7049|4649|7957|2339|7350|7596|3059|3659|4472|8206|2401|1846|1424|4501|2048|8255|1464|4504|7083|1544|3739|3881|3337|6272|2266|1405|1791|1406|1857|3849|2433|8208|1423|6187|830|3003|2987|3254|3105|7620|2145|3104|7913|421|6069|1879|7612|4268|4347|3112|3269|2497|3511|3264|373|3749|6455|5477|327|7236|4254|4942|7230|2110|2609|4282|7091|8119|5206|762|6501|6482|5455|1796|4647|7857|4288|2687|6750|4650|6512|4216|228|3401|3256|1090|3126|7630|2510|7029|5648|7283|3753|118|8147|5735|6669|3238|5028|1946|2706|7835|8212|123|2045|3688|5317|356|2285|7864|1985|5854|1308|6025|6918|4925|5355|3528|1000|6003|2185|4837|8275|495|1182|1521|384|8095|4169|489|6340|2800|1842|1001|1599|126|1832|50|6610|2686|5124|6304|256|2582|7982|2212|4699|3232|8023|1159|3369|6776|2393|3800|4432|685|1185|1706|3196|6862|7551|6824|4201|1571|1229|4041|4886|2093|1821|1174|7501|4024|3168|3985|4724|457|6134|5647|4978|6444|1741|6697|6356|6302|7643|3025|4379|145|5185|3396|7832|90|7470|2331|7073|7794|7492|1759|3517|3423|5483|1576|92|5353|8153|516|7698|6585|3931|994|3798|2065|6458|7405|412|1447|1498|3971|669|3657|4292|2821|7854|7919|2917|8152|1923|7898|2632|2697|6868|1833|8214|4091|5639|2189|5773|3425|1993|6417|2610|1250|6880|7424|3720|7750|6411|1140|2937|1713|6347|5586|6207|2556|2301|498|4334|246|3516|5344|5906|2375|7929|3031|2143|529|5970|7104|4469|503|7581|370|2751|2328|7785|5149|1072|3502|3230|3326|5695|3542|6308|113|1691|4020|347|7525|3073|1413|5281|2420|5339|3149|7870|2161|4692|2008|7280|3609|2490|4224|4455|2997|5157|7634|2939|580|6963|1240|7275|5552|2696|7459|5742|87|1693|4098|1388|3892|6006|2407|3173|5341|6113|1647|487|3916|1862|378|5777|1954|6131|37|1558|985|8173|5688|6004|8347|1491|436|7057|7617|5704|6431|6720|3482|3775|6424|4870|2528|5161|979|2966|2429|2408|2127|2346|5750|7701|6900|5551|6690|1422|3795|496|2094|3485|1517|4210|4674|485|2575|2248|4460|7952|6703|7037|3274|5932|5775|2061|5623|4129|3359|1913|5558|1236|7411|105|801|6797|7121|6449|7555|2831|5872|3791|7805|1008|8285|6307|1043|2498|3012|2187|1540|7993|482|555|2463|3787|987|1167|304|7565|1801|2949|5373|1606|1216|4456|7688|3922|7079|6428|8363|8369|4744|3342|6846|345|7147|6848|7443|1765|3159|6473|2817|3026|4373|2085|5545|2134|3535|3713|7642|4520|6630|562|3181|1465|5855|1331|4592|4604|2271|1155|4473|5580|6768|810|5174|5896|390|4127|8036|4401|274|5796|73|6546|2200|5053|4534|1322|151|3122|1610|7446|7214|2547|6250|534|815|4797|3136|1921|6832|7684|2591|1902|4887|7117|2698|5406|8263|8145|5757|6842|6905|7387|5770|7202|309|1692|2976|7109|1551|1208|4927|1202|2529|2596|3290|5500|1014|5897|2293|7437|5438|8099|2306|1793|7658|5428|1357|5114|4323|4634|4431|904|1078|6355|8066|7265|4353|4554|3343|2477|4281|7936|8355|3322|1317|1138|1671|2773|7869|532|3527|493|5480|6702|2225|1402|223|8167|5106|3692|8057|7676|1453|5481|4044|1936|184|4670|3257|7458|5700|4008|8336|3333|423|3114|6334|1585|2322|1682|7003|1238|3697|1635|2599|1246|4727|326|3379|5242|6727|3407|5958|8219|3727|1381|8316|1186|2531|2818|770|7937|6947|5298|7915|2150|3520|7449|5607|2444|1347|4161|6814|4945|2159|7796|2453|1017|6881|7644|6492|6369|3655|6733|6510|7159|7150|6206|2435|2540|2441|6713|4548|5404|6683|820|8244|4042|7890|793|6571|3211|403|5018|2422|4720|2481|7016|4322|3075|5825|2799|6169|3943|5554|7862|7205|4823|4808|6555|3324|4821|5548|1579|3748|6871|6425|5722|4848|5146|8367|7712|893|346|7177|4577|3179|730|2624|4834|4289|1824|7729|3164|3314|402|2081|2805|721|6567|3499|6345|4110|590|6773|1490|6746|6159|8254|5807|6538|3058|923|6676|3284|1408|879|5078|4006|2389|4541|2181|2295|3066|163|5988|2128|4428|3445|2560|6522|6460|556|392|4101|4742|8360|6662|4468|970|633|3209|7329|4702|7438|218|5818|407|2611|7761|1662|5259|722|4835|6645|4035|7789|2851|5522|3847|5211|1450|543|125|4021|4883|2314|8300|2684|432|1069|4060|8068|6042|5978|3349|3874|6476|2344|2809|5590|7005|1602|636|5878|2395|2603|7189|2595|1735|4270|7743|180|1012|5382|2612|8020|729|6175|4116|3972|5513|2358|1449|4139|1165|1058|814|564|1445|1736|4338|6691|7072|2489|1506|4466|7659|1631|546|6560|6906|6251|3186|1885|7200|4701|6217|7354|4413|2224|237|783|5110|2951|3873|7362|6725|1851|8272|5979|2508|4951|7428|2174|4967|861|6583|1033|5249|6327|7023|2136|646|5083|3547|1703|4505|8326|4878|6749|3202|3380|3355|4437|3087|5918|6063|7115|4388|7182|7831|6112|4664|3803|5261|1847|2207|2719|3967|1071|6974|5976|5680|472|5434|712|788|7990|4294|5250|3923|1910|839|2634|1170|7140|4811|6100|63|6706|2952|7602|565|5771|7397|6166|148|7808|5876|5955|6696|4801|4750|4765|3583|5050|3044|6557|3934|6420|3002|1499|7436|6587|5025|4471|6569|2454|3310|8032|1840|4153|4449|5951|5328|7544|3170|645|5095|4827|61|5636|4517|260|3457|3587|5468|5218|5245|2222|6149|1864|7487|7801|6873|1689|2255|5430|115|7998|5458|3861|1587|5567|3247|7113|3999|5982|8088|4450|803|1748|4031|5643|2600|621|5417|6835|2387|1939|1018|4034|98|5563|1788|1953|3498|3428|1611|6671|5270|3754|4722|7543|4279|7445|1800|4336|5160|7548|5154|1248|2913|7917|4490|5377|6831|7683|4206|7488|7700|4588|213|2877|5184|1986|3928|2688|2354|630|5467|6442|7376|2559|116|3475|3523|6163|157|1487|7711|2302|3857|2778|1503|4656|2223|332|6316|3357|7944|499|4859|7638|452|1161|1040|5887|2932|1470|7039|6767|4537|7154|7996|5361|1047|3496|3388|7075|2447|573|2000|8082|3782|5439|2904|5343|3839|6051|8343|6965|1996|6707|2365|7888|1990|6276|3526|4565|6094|2659|8070|1258|4214|4398|4640|4725|2718|759|3899|1070|7279|4683|2910|776|2277|6092|30|1022|3644|7162|6930|2514|6822|6604|1873|199|6104|6857|6086|7260|5312|4579|5675|4980|2040|5814|8056|4613|627|2088|3439|1041|936|4533|4983|4459|1213|5269|1632|2616|4159|2286|3115|2279|1870|7471|335|1271|919|4464|3546|753|6373|5754|8171|6416|8169|3625|2169|4713|2299|735|295|4223|5056|4910|7319|5635|2288|1370|3612|5394|6486|2296|1112|398|6506|22|3434|8277|7557|83|6132|1419|4421|739|3489|3488|3762|4239|7181|1444|972|5366|1623|1943|8319|2842|5778|5474|81|5238|3171|7908|2257|3903|7585|4257|7646|447|7286|596|7540|6653|7502|6641|7510|3734|5614|5640|2710|188|1340|3578|137|6670|3897|2916|1324|5189|6404|2024|4225|7345|6855|4409|4273|3014|6712|5019|323|24|2336|5371|252|7201|2151|7046|6909|3466|2023|6300|5488|7222|1567|294|5663|8296|5737|5370|7690|6224|6468|7629|5227|2867|2643|2292|4269|4866|868|7518|6298|542|5105|2950|5638|6186|7247|2307|8021|5320|2204|1904|5785|4384|6231|6699|3477|3863|5752|6923|6629|6454|3298|2451|1868|6029|8346|3877|4070|4740|5724|2801|4569|7132|5450|3974|7036|1384|7119|2769|6722|7210|2777|807|7024|760|1164|5207|4877|4451|5265|6904|686|7392|5009|5496|4263|3742|7692|5470|3554|1675|2918|3251|5792|6120|3751|4125|4645|5040|443|2103|7065|3178|5302|3250|5637|7058|2861|4580|4880|1905|1010|4375|6072|3288|3628|7082|950|3006|7012|6295|526|2925|7004|154|5802|2894|2053|4309|2780|2334|5348|7734|6433|4816|1597|5690|3592|4299|6415|1307|3008|7450|71|3524|5020|4241|5582|1667|102|4170|4790|5916|6317|5084|6312|5047|7793|7538|1372|60|6114|4132|4357|2398|5858|2594|5162|279|4175|5180|2446|7173|277|1561|4308|2089|5472|2167|6793|3710|4840|7582|5002|359|5408|1139|1030|127|2491|4920|2712|7116|8242|4140|6734|5817|8110|6044|261|4230|696|3258|4243|612|3036|1732|7489|1073|362|3804|2079|5931|5171|750|5234|5274|4663|3176|986|5894|4097|7142|3307|1975|1891|6190|2316|2790|4575|1267|1311|3484|5601|1952|2824|5331|8341|1175|1088|7307|3880|4248|6901|4387|741|6838|7759|3448|4286|7477|1614|3422|111|282|514|39|2486|4896|7203|1034|670|471|4207|5099|2033|455|2974|8031|6289|7391|5739|6287|2259|7188|1052|5989|7553|7723|2760|5859|1107|6328|6095|4659|2144|5919|262|6521|4475|2381|7809|2546|4975|4304|6945|2347|6612|594|7885|6233|8361|2270|1869|6128|1989|1130|110|4177|1725|6549|3001|1382|7995|1527|8111|7542|2521|5996|6541|623|2075|8172|2007|7460|2810|1129|910|4063|4402|7237|3907|5838|8181|7503|4276|6037|1705|175|2352|6782|3419|4703|3654|4814|7092|3838|1016|6209|5073|3540|6136|3637|5885|5987|1273|3796|7826|3658|3636|6760|6523|5945|5568|135|7934|2511|5079|8253|1115|4434|179|5651|200|7433|8280|6600|3376|2663|1098|4253|7520|4190|1701|5007|4962|6152|3268|3344|3986|913|3097|5649|1329|1778|651|6358|7315|1504|3311|2901|7250|7625|5741|5100|6751|5733|3530|3480|1364|6322|1277|5365|6198|2071|5006|855|3958|7965|3166|2492|4833|1751|587|5011|4726|6379|2807|3639|1275|6513|4489|2627|4146|7605|229|4532|6798|6158|2059|1113|969|376|5131|628|566|2442|4828|6687|7103|666|1525|2229|7064|130|7195|6361|716|49|1326|5085|2650|6288|4007|8251|2551|1242|838|4403|6924|6518|7987|2787|3673|5681|2864|5917|2132|8268|8302|3061|758|751|2|7976|1310|1007|1967|7040|4639|2289|8249|446|1906|3824|1318|203|1664|7595|4660|3433|559|779|95|6548|6200|3600|5111|3182|8072|5657|5158|4590|766|2583|1813|7370|7242|7396|2566|2666|3100|6789|579|4543|459|4061|3140|1003|1243|5152|2915|136|4573|6903|2855|3279|8028|3577|4033|3227|8100|5870|7455|7535|7112|1305|951|5323|7062|5440|8265|8235|7707|4478|2015|7834|406|5136|8120|2324|6878|2232|581|870|8273|4710|341|2037|8019|3744|5263|1087|2524|4524|62|6195|7746|1528|2142|7442|6509|5183|4976|5276|6032|2795|54|6447|4391|2091|4264|420|7838|7284|4117|4752|4661|5266|4494|8049|811|909|8199|1233|5728|3893|1009|4073|5103|2968|2327|4717|6241|93|7234|2640|1285|4498|3443|1625|2647|2360|2506|706|3142|3332|4307|4753|5803|956|1301|7245|79|6684|5534|8038|96|7191|4291|727|1541|3836|418|8221|1025|2078|3842|7981|5589|1721|1797|4115|5577|2995|1659|7417|6397|5730|2657|1965|7244|8256|6121|5246|4195|4567|7176|7272|6371|5383|626|6193|2361|3835|7078|2889|777|4218|3150|7081|4538|6921|8310|5140|5984|8137|7559|5295|3305|4678|500|1543|3386|1925|3617|6|5685|5689|3280|3941|1711|4829|6813|4972|3746|3366|3536|3570|7911|6932|6681|1716|5030|397|3463|3021|6853|5168|918|1295|8073|7598|6859|521|8085|2137|2972|3594|1678|306|6836|2513|4017|8033|6394|5871|5191|5616|1363|6652|6429|3562|2776|1035|6089|675|2041|3613|4624|2720|2882|5749|505|3503|1117|4583|405|242|2111|6036|6451|3919|166|8284|2294|3501|8007|5192|3702|2168|2058|3729|410|4453|8132|2822|6320|4320|1984|4738|8322|5048|7451|7432|1712|3646|438|671|5237|2768|6102|3313|3683|527|3856|7947|4706|549|4607|6962|4447|8074|4730|1535|957|4496|5928|4314|4130|7819|2955|2677|6747|2908|891|4705|7127|869|45|4854|6593|1404|5655|4635|5610|2767|6091|2438|3512|2748|1720|4741|2539|5668|143|5077|6103|5225|3350|6465|7211|5531|6649|8077|983|1536|7386|7652|4759|465|5188|5166|7027|5445|7519|5652|902|774|1609|7966|4934|160|7190|940|2010|1983|7833|7807|1061|2432|4996|2989|5966|1878|1633|3048|6285|6971|723|4361|6915|7466|2679|4182|1079|2577|5271|2793|6823|4552|5673|4969|3455|1568|8334|4194|2985|4424|6145|977|6584|1942|7070|7655|6274|5696|3851|3276|6599|2792|4830|3363|6815|4718|6884|314|7590|5035|4047|1401|5842|5565|4514|3320|4899|5719|3418|2553|6144|3569|697|6634|7452|598|1290|3660|4643|5449|2812|993|4369|6693|4574|170|6388|6781|6204|3945|2467|5203|2836|2721|831|7186|5197|3356|5252|5181|7623|1316|4875|1197|7586|1251|1323|5005|3910|1526|4605|560|2473|6126|7118|6065|569|1093|7156|4944|4191|5768|859|4102|6056|889|5977|8229|1817|6119|799|5277|4545|2133|3180|59|6321|1594|5452|3056|554|3397|1615|4154|3810|433|5767|4136|7829|5821|7939|3400|3336|914|8233|4595|2960|7910|6259|6920|8293|6957|4971|1426|7232|5829|2109|4879|548|272|2338|1484|480|1172|3389|2211|1890|3143|2919|2086|1591|5583|8178|4160|7699|4183|5256|1709|7481|318|6958|5478|6214|4784|1707|4277|7106|5933|3420|4764|6554|4739|2730|6817|181|1966|2320|2165|4795|6642,9|253|101|314|311|56|316|69|79|341|26|397|124|348|141|265|389|292|296|375|25|34|152|383|2|55|169|248|404|10|61|114|276|303|343|365|44|93|217|229|326|349|12|35|86|110|174|197|220|245|18|31|146|184|290|338|128|131|173|213|221|270|321|373|396|87|108|215|286|310|345|378|0|147|148|188|232|242|112|200|271|287|369|3|39|67|83|105|199|269|301|317|325|342|359|71|126|195|376|107|143|196|233|255|278|288|294|319|391|406|62|244|246|266|324|28|64|138|202|238|140|180|249|254|295|366|367|5|77|136|223|388|390|95|157|179|214|240|273|351|36|54|150|250|329|350|129|171|189|230|272|277|1|53|63|66|154|161|165|203|257|274|302|4|72|78|132|134|247|293|306|312|328|336|363|387|405|90|100|118|170|205|222|225|268|320|335|384|40|47|177|252|262|304|362|401|8|20|109|133|192|194|198|398|17|88|89|96|115|142|175|228|263|280|374|11|46|48|104|155|209|216|224|300|393|399|33|45|103|156|318|368|402|117|149|182|241|279|340|360|381|85|204|334|13|65|122|160|127|172|208|219|333|382|19|70|106|121|130|191|327|32|58|111|135|256|264|289|353|361|377|80|81|94|226|239|57|144|409|38|91|116|151|153|167|281|297|298|305|354|84|125|251|407|24|27|29|60|113|178|258|339|380|16|123|168|201|379|330|164|190|261|358|400|403|14|322|43|59|145|227|275|282|347|355|82|309|183|234|267|176|212|315|344|412|30|120|372|102|299|332|346|99|207|218|370|392|394|411|7|308|386|6|76|137|260|210|259|371|185,1|2|4|8|9|10|13|14|15|18|19|23|24|26|29|30|31|32|35|36|37|38|39|43|44|47|48|51|52|53|57|58|60|65|66|67|68|70|71|73|74|77|78|79|80|81|83|85|86|87|88|94|95|96|98|99|102|104|106|108|110|111|117|118|119|120|122|123|124|125|126|130|131|132|133|134|135|136|138|140|142|143|145|146|152|154|155|157|159|162|166|167|169|180|183|187|192|193|194|195|198|199|201|202|204|205|208|209|210|214|216|217|218|219|221|222|225|227|228|240|241|243|247|253|256|259|260|261|262|265|266|267|268|269|270|272|273|275|278|279|283|284|287|290|291|297|302|304|307|308|309|311|312|313|317|318|319|320|321|322|323|324|325|327|331|332|333|337|338|340|345|346|348|349|350|351|352|353|355|356|358|359|362|366|367|371|373|375|378|381|383|384|385|387|388|389|395|397|404|408|410|411|412|415|416|417|420|423|425|428|429|430|433|434|435|438|441|443|444|446|451|453|454|456|460|461|464|465|469|470|471|478|479|480|482|483|485|486|492|494|497|499|500|502|503|504|506|509|510|512|514|515|516|517|520|521|522|524|525|528|529|536|537|541|542|544|546|548|549|551|554|555|556|557|558|561|562|564|567|569|571|573|574|575|579|580|582|584|585|586|587|588|590|596|600|601|602|603|604|606|615|616|617|620|622|630|632|633|634|636|638|639|641|642|646|651|654|655|656|658|659|660|662|663|666|667|668|669|671|673|675|677|678|680|684|685|686|687|690|695|698|702|707|708|711|712|714|716|718|719|721|723|725|726|727|729|731|734|736|738|740|742|743|745|747|748|749|750|751|753|755|756|757|758|759|765|766|768|769|770|773|774|778|779|780|781|782|785|786|787|789|792|796|799|801|805|806|807|811|812|813|815|816|818|821|823|824|825|826|828|830|837|839|840|841|843|848|849|850|851|853|856|858|859|863|864|868|869|870|871|873|874|875|881|882|883|884|885|889|890|891|892|893|895|896|897|898|902|904|905|909|910|911|912|913|915|916|917|918|921|923|926|928|929|931|933|935|937|938|941|943|945|947|948|952|954|955|959|965|967|969|972|975|978|987|989|990|991|995|997|998|999|1003|1008|1009|1010|1012|1016|1018|1020|1023|1026|1029|1030|1032|1038|1040|1041|1044|1045|1046|1049|1050|1052|1053|1054|1056|1057|1058|1059|1060|1062|1064|1065|1070|1071|1072|1073|1074|1075|1076|1077|1078|1087|1093|1095|1098|1099|1100|1102|1103|1106|1109|1114|1115|1116|1118|1122|1126|1127|1128|1131|1132|1136|1137|1138|1139|1142|1145|1148|1149|1150|1151|1154|1161|1162|1163|1164|1168|1169|1171|1172|1174|1176|1180|1183|1184|1186|1188|1194|1195|1197|1198|1199|1200|1202|1203|1206|1207|1208|1210|1213|1214|1215|1220|1221|1223|1226|1227|1228|1232|1233|1234|1235|1236|1239|1240|1247|1249|1251|1252|1253|1254|1255|1256|1257|1259|1260|1261|1262|1264|1268|1274|1276|1284|1289|1292|1294|1297|1298|1301|1302|1308|1310|1311|1312|1313|1320|1322|1324|1328|1331|1337|1339|1340|1343|1345|1347|1349|1350|1351|1359|1360|1362|1363|1364|1365|1371|1372|1374|1377|1379|1380|1381|1387|1389|1390|1392|1393|1396|1400|1401|1403|1406|1408|1411|1412|1414|1417|1418|1419|1420|1422|1423|1424|1425|1428|1429|1433|1437|1439|1441|1445|1456|1457|1458|1459|1460|1466|1467|1472|1473|1480|1481|1482|1484|1485|1486|1493|1495|1497|1499|1502|1503|1504|1506|1507|1509|1512|1513|1516|1518|1520|1522|1523|1524|1525|1528|1529|1530|1531|1532|1533|1536|1537|1541|1542|1543|1544|1545|1548|1549|1550|1551|1552|1560|1573|1581|1583|1585|1586|1587|1588|1590|1591|1592|1596|1599|1601|1602|1604|1605|1610|1613|1619|1621|1622|1623|1625|1626|1628|1630|1631|1632|1633|1634|1640|1643|1644|1645|1646|1647|1648|1649|1651|1653|1654|1655|1656|1658|1660|1661|1664|1666|1669|1670|1671|1674|1676|1677|1678|1679|1680|1681|1682|1684|1685|1686|1688|1689|1690|1691|1696|1697|1699|1700|1701|1702|1705|1708|1709|1713|1716|1717|1720|1723|1728|1731|1732|1733|1734|1737|1739|1740|1744|1745|1746|1747|1748|1750|1753|1757|1760|1762|1763|1765|1767|1768|1771|1772|1773|1774|1775|1776|1778|1780|1781|1782|1784|1785|1786|1789|1793|1795|1800|1801|1802|1803|1805|1807|1808|1809|1810|1811|1813|1814|1819|1820|1821|1823|1826|1828|1830|1832|1833|1837|1839|1845|1847|1848|1849|1850|1851|1858|1859|1860|1862|1865|1870|1874|1875|1877|1879|1880|1881|1882|1883|1885|1886|1888|1889|1891|1896|1899|1900|1902|1905|1906|1907|1909|1912|1914|1916|1917|1918|1919|1922|1924|1925|1926|1927|1929|1931|1933|1935|1936|1937|1942|1944|1946|1947|1949|1950|1952|1955|1959|1962|1964|1969|1971|1972|1973|1975|1976|1977|1979|1980|1981|1982|1983|1984|1988|1989|1990|1992|1993|1995|1997|1999|2002|2003|2005|2006|2007|2008|2010|2013|2014|2016|2017|2019|2020|2027|2034|2036|2037|2038|2041|2043|2045|2047|2050|2051|2052|2053|2056|2057|2062|2063|2065|2073|2077|2080|2085|2086|2090|2092|2103|2104|2109|2111|2112|2113|2114|2115|2118|2122|2125|2126|2128|2129|2131|2137|2138|2141|2142|2143|2144|2146|2147|2148|2149|2151|2153|2155|2157|2160|2163|2166|2170|2171|2172|2174|2176|2177|2178|2179|2180|2182|2184|2185|2186|2187|2190|2191|2197|2199|2200|2202|2203|2204|2205|2206|2208|2209|2211|2217|2218|2224|2226|2233|2234|2236|2238|2241|2246|2250|2251|2254|2255|2258|2259|2260|2261|2262|2263|2264|2265|2268|2269|2270|2271|2273|2275|2277|2278|2281|2284|2285|2287|2288|2289|2290|2291|2296|2297|2300|2302|2303|2304|2305|2307|2308|2310|2312|2313|2314|2315|2320|2321|2322|2325|2328|2333|2334|2336|2339|2341|2342|2343|2344|2345|2346|2356|2358|2359|2362|2363|2364|2366|2367|2369|2371|2374|2377|2379|2380|2381|2383|2385|2386|2389|2390|2391|2392|2396|2397|2401|2402|2405|2407|2409|2412|2413|2416|2419|2422|2430|2432|2433|2434|2436|2439|2440|2441|2443|2449|2451|2453|2454|2455|2458|2459|2460|2462|2463|2466|2470|2471|2472|2474|2477|2478|2480|2482|2483|2486|2492|2493|2496|2498|2501|2502|2503|2507|2508|2509|2510|2512|2514|2515|2517|2518|2519|2520|2521|2524|2525|2526|2527|2529|2532|2534|2535|2536|2539|2540|2541|2542|2543|2545|2546|2547|2550|2552|2556|2557|2559|2561|2563|2564|2565|2570|2572|2574|2575|2576|2578|2579|2580|2583|2584|2585|2586|2587|2592|2593|2594|2599|2601|2604|2606|2607|2608|2609|2610|2612|2614|2615|2616|2622|2623|2624|2626|2627|2633|2635|2636|2637|2638|2641|2645|2647|2651|2654|2656|2657|2659|2661|2662|2663|2664|2668|2669|2670|2671|2673|2675|2678|2680|2686|2687|2688|2693|2694|2696|2697|2698|2700|2702|2703|2705|2711|2712|2715|2722|2723|2725|2727|2728|2732|2733|2734|2735|2736|2739|2740|2742|2744|2748|2750|2755|2756|2759|2760|2761|2767|2768|2769|2770|2771|2773|2775|2777|2780|2781|2784|2785|2790|2791|2792|2793|2796|2797|2802|2803|2804|2805|2806|2809|2811|2813|2814|2826|2827|2828|2829|2830|2832|2834|2838|2843|2845|2846|2847|2848|2849|2851|2855|2857|2859|2861|2866|2868|2874|2875|2876|2877|2879|2880|2881|2882|2883|2885|2887|2888|2889|2890|2891|2892|2893|2894|2896|2898|2900|2904|2906|2908|2910|2915|2916|2917|2919|2920|2921|2924|2927|2929|2931|2932|2936|2939|2940|2942|2943|2947|2949|2950|2952|2954|2955|2956|2958|2959|2960|2963|2965|2966|2967|2968|2970|2972|2973|2975|2979|2982|2983|2984|2985|2986|2988|2992|2994|2999|3001|3003|3004|3005|3006|3009|3012|3013|3015|3016|3019|3021|3022|3023|3025|3027|3031|3032|3035|3037|3039|3040|3041|3045|3048|3050|3051|3052|3061|3063|3066|3068|3072|3075|3076|3077|3078|3082|3084|3085|3088|3089|3090|3093|3094|3096|3097|3099|3101|3102|3109|3110|3111|3112|3113|3118|3119|3120|3121|3123|3129|3130|3132|3136|3138|3139|3142|3143|3149|3150|3151|3154|3156|3161|3163|3165|3167|3168|3171|3174|3175|3178|3181|3183|3189|3194|3196|3198|3199|3201|3206|3209|3212|3218|3219|3220|3221|3222|3224|3226|3227|3228|3229|3230|3236|3237|3238|3239|3240|3242|3243|3246|3248|3250|3251|3252|3253|3256|3257|3261|3266|3268|3270|3279|3281|3282|3286|3289|3290|3292|3293|3294|3297|3299|3301|3302|3303|3304|3307|3308|3309|3310|3311|3315|3316|3319|3320|3321|3324|3325|3327|3329|3330|3331|3332|3333|3334|3340|3341|3344|3347|3348|3350|3351|3352|3357|3359|3361|3362|3367|3368|3369|3372|3374|3375|3376|3378|3381|3384|3385|3387|3389|3392|3393|3394|3396|3397|3399|3401|3403|3404|3409|3411|3412|3413|3414|3415|3416|3418|3419|3422|3426|3428|3430|3432|3434|3437|3438|3439|3441|3442|3443|3444|3446|3447|3450|3451|3452|3454|3455|3456|3457|3458|3460|3461|3462|3465|3466|3467|3468|3469|3470|3471|3473|3474|3477|3479|3483|3484|3485|3492|3493|3495|3496|3497|3500|3501|3503|3504|3506|3511|3513|3514|3517|3521|3522|3527|3532|3539|3541|3543|3546|3550|3551|3552|3553|3554|3555|3557|3559|3560|3563|3565|3566|3567|3568|3572|3573|3574|3575|3577|3578|3579|3580|3582|3585|3593|3594|3597|3599|3605|3606|3610|3611|3612|3613|3614|3615|3620|3621|3622|3626|3632|3633|3634|3635|3636|3637|3641|3642|3644|3645|3647|3650|3651|3652|3654|3659|3660|3664|3667|3671|3672|3673|3675|3678|3681|3683|3685|3687|3688|3690|3691|3692|3693|3694|3695|3696|3697|3698|3699|3701|3702|3703|3706|3707|3711|3716|3717|3719|3722|3725|3727|3729|3730|3731|3733|3739|3740|3741|3744|3747|3749|3750|3751|3752|3755|3757|3758|3761|3763|3764|3765|3766|3769|3771|3772|3775|3776|3777|3779|3785|3786|3790|3792|3798|3799|3800|3806|3807|3810|3811|3813|3814|3817|3821|3822|3823|3824|3827|3828|3829|3830|3833|3835|3836|3837|3844|3848|3850|3853|3854|3855|3856|3861|3869|3870|3871|3872|3873|3874|3877|3878|3880|3881|3883|3887|3888|3890|3891|3894|3897|3898|3900|3901|3902|3904|3905|3906|3907|3908|3909|3910|3911|3915|3917|3918|3919|3920|3921|3922|3923|3926|3927|3928|3929|3932|3937|3939|3940|3942|3945|3947|3952|3957|3958|3961|3963|3964|3966|3967|3968|3972|3974|3978|3980|3982|3984|3985|3988|3989|3990|3991|3992|3993|3995|3997|3998|4001|4002|4003|4005|4006|4007|4008|4009|4014|4017|4020|4023|4024|4026|4027|4030|4032|4036|4038|4043|4048|4049|4050|4055|4057|4058|4063|4064|4068|4069|4070|4072|4073|4074|4076|4078|4084|4087|4089|4093|4095|4096|4097|4100|4106|4108|4111|4113|4116|4120|4122|4124|4125|4126|4127|4130|4131|4137|4138|4141|4143|4145|4146|4147|4149|4153|4155|4158|4160|4164|4166|4167|4168|4169|4170|4171|4172|4173|4174|4176|4177|4178|4180|4181|4183|4186|4187|4189|4190|4192|4193|4199|4202|4203|4205|4206|4207|4208|4209|4210|4211|4216|4217|4218|4219|4221|4223|4224|4225|4229|4237|4238|4239|4240|4242|4247|4248|4249|4250|4252|4253|4254|4255|4256|4260|4262|4265|4269|4272|4276|4277|4279|4283|4287|4289|4291|4293|4296|4297|4299|4300|4304|4305|4306|4307|4310|4312|4313|4316|4318|4320|4322|4323|4324|4331|4332|4334|4335|4337|4338|4340|4341|4342|4344|4345|4346|4347|4350|4352|4353|4356|4357|4358|4362|4363|4364|4368|4369|4374|4375|4377|4380|4385|4387|4392|4395|4397|4400|4403|4404|4406|4407|4408|4412|4413|4415|4416|4417|4419|4420|4421|4422|4425|4433|4434|4436|4437|4438|4441|4443|4444|4449|4452|4455|4457|4458|4459|4461|4462|4463|4467|4469|4470|4472|4475|4476|4477|4481|4482|4483|4484|4485|4488|4490|4492|4493|4494|4495|4497|4499|4500|4501|4503|4506|4508|4510|4511|4517|4518|4522|4524|4525|4526|4527|4528|4529|4530|4531|4532|4537|4538|4539|4540|4541|4547|4548|4551|4552|4554|4555|4557|4558|4560|4565|4567|4568|4572|4573|4578|4579|4581|4588|4592|4596|4597|4600|4602|4603|4604|4605|4606|4608|4609|4612|4613|4618|4619|4623|4624|4625|4627|4628|4629|4631|4632|4634|4637|4641|4642|4643|4644|4646|4647|4650|4651|4652|4654|4658|4663|4664|4665|4666|4668|4671|4674|4675|4677|4679|4682|4683|4685|4688|4690|4691|4694|4695|4697|4700|4701|4702|4703|4704|4705|4706|4707|4708|4711|4712|4713|4715|4716|4719|4721|4722|4726|4727|4728|4731|4732|4737|4740|4742|4746|4748|4749|4751|4753|4754|4755|4757|4759|4760|4761|4762|4765|4766|4768|4769|4771|4772|4773|4775|4779|4781|4782|4783|4784|4785|4790|4792|4794|4795|4804|4806|4813|4815|4817|4819|4820|4823|4824|4830|4831|4833|4834|4836|4839|4843|4844|4845|4848|4849|4851|4853|4855|4856|4857|4858|4860|4861|4864|4865|4869|4870|4872|4873|4875|4876|4877|4878|4882|4883|4886|4887|4888|4892|4894|4895|4898|4899|4900|4901|4902|4904|4906|4912|4914|4917|4918|4920|4921|4922|4923|4925|4927|4928|4930|4935|4939|4940|4941|4942|4943|4945|4947|4948|4949|4950|4951|4953|4955|4957|4959|4960|4962|4963|4965|4969|4971|4976|4977|4978|4981|4985|4989|4993|4996|4997|5000|5002|5005|5007|5011|5012|5013|5014|5015|5016|5018|5019|5021|5024|5025|5026|5027|5029|5030|5034|5035|5036|5037|5038|5039|5042|5043|5044|5045|5046|5049|5051|5054|5055|5058|5059|5060|5063|5064|5066|5069|5070|5073|5076|5079|5081|5083|5085|5087|5088|5089|5092|5094|5097|5101|5102|5103|5105|5108|5112|5113|5117|5118|5124|5126|5133|5135|5137|5140|5142|5144|5145|5146|5147|5150|5152|5153|5155|5156|5158|5159|5161|5165|5169|5171|5172|5175|5177|5182|5183|5187|5188|5189|5190|5191|5194|5195|5197|5199|5201|5203|5206|5207|5212|5214|5215|5224|5225|5227|5229|5232|5233|5234|5235|5237|5245|5246|5247|5248|5253|5255|5258|5259|5260|5261|5262|5266|5267|5268|5272|5273|5274|5275|5277|5278|5283|5287|5288|5291|5295|5296|5297|5298|5300|5301|5304|5305|5311|5314|5317|5319|5320|5321|5322|5325|5327|5332|5333|5335|5336|5338|5339|5340|5341|5347|5349|5352|5355|5357|5358|5359|5360|5361|5362|5365|5367|5368|5370|5372|5376|5377|5379|5380|5382|5384|5385|5389|5391|5393|5395|5402|5403|5406|5407|5408|5412|5415|5416|5418|5421|5422|5423|5424|5427|5428|5430|5433|5434|5437|5438|5439|5443|5447|5448|5449|5452|5453|5454|5456|5458|5461|5462|5463|5464|5466|5471|5472|5477|5479|5485|5486|5489|5490|5492|5495|5496|5501|5506|5508|5509|5513|5514|5517|5518|5519|5520|5521|5522|5525|5526|5529|5531|5532|5535|5536|5537|5538|5539|5543|5545|5548|5549|5551|5552|5553|5555|5556|5560|5566|5567|5568|5572|5573|5585|5586|5589|5595|5598|5600|5602|5603|5609|5612|5615|5618|5622|5624|5625|5626|5629|5630|5632|5634|5637|5646|5647|5650|5651|5652|5653|5654|5655|5656|5658|5660|5661|5663|5667|5669|5670|5672|5677|5678|5680|5683|5684|5685|5686|5688|5691|5692|5693|5694|5695|5696|5698|5701|5703|5706|5707|5709|5711|5712|5713|5714|5715|5716|5718|5719|5723|5726|5732|5734|5735|5737|5740|5742|5745|5746|5751|5755|5758|5761|5762|5764|5766|5771|5772|5773|5774|5775|5776|5777|5778|5779|5780|5781|5782|5785|5787|5788|5790|5791|5792|5794|5796|5798|5799|5802|5804|5809|5811|5812|5814|5817|5820|5821|5822|5825|5828|5830|5831|5834|5836|5837|5841|5845|5853|5854|5859|5861|5866|5870|5873|5874|5875|5877|5879|5883|5886|5887|5889|5891|5892|5894|5895|5896|5897|5898|5899|5900|5903|5906|5907|5908|5911|5912|5917|5918|5919|5926|5928|5933|5934|5935|5936|5938|5939|5943|5947|5952|5954|5955|5956|5958|5960|5962|5966|5967|5969|5971|5974|5978|5980|5982|5983|5984|5990|5992|5994|5995|6003|6006|6007|6008|6011|6012|6015|6016|6017|6020|6021|6024|6026|6027|6028|6032|6033|6034|6037|6039|6040|6041|6044|6046|6047|6050|6052|6054|6057|6061|6062|6063|6064|6065|6067|6068|6071|6072|6075|6079|6080|6083|6084|6085|6088|6089|6090|6091|6092|6094|6097|6098|6101|6102|6103|6106|6108|6112|6114|6115|6116|6120|6121|6124|6126|6127|6129|6130|6131|6135|6136|6137|6141|6142|6146|6147|6148|6151|6154|6155|6156|6158|6160|6163|6164|6167|6170|6171|6173|6174|6176|6178|6179|6180|6181|6183|6184|6187|6188|6192|6194|6196|6197|6201|6204|6207|6209|6211|6214|6216|6217|6219|6221|6222|6225|6229|6231|6232|6233|6236|6237|6240|6241|6246|6251|6253|6256|6257|6258|6259|6261|6263|6267|6268|6270|6273|6275|6279|6280|6282|6284|6285|6288|6291|6292|6294|6295|6299|6301|6302|6304|6307|6308|6309|6310|6311|6312|6313|6316|6318|6319|6320|6324|6329|6330|6334|6335|6338|6345|6351|6353|6356|6357|6358|6361|6364|6366|6371|6372|6377|6378|6380|6382|6389|6390|6391|6392|6393|6395|6400|6401|6404|6409|6410|6412|6413|6414|6415|6416|6417|6420|6425|6428|6437|6438|6439|6440|6441|6445|6446|6447|6454|6455|6459|6461|6462|6465|6466|6467|6468|6471|6472|6473|6477|6478|6481|6482|6487|6488|6489|6490|6497|6500|6502|6504|6505|6507|6509|6510|6511|6512|6514|6516|6519|6520|6522|6526|6528|6533|6535|6538|6539|6541|6544|6547|6548|6549|6552|6553|6554|6557|6558|6560|6562|6565|6567|6569|6570|6573|6576|6577|6579|6580|6582|6584|6585|6586|6587|6588|6590|6594|6595|6596|6597|6599|6601|6603|6605|6611|6614|6616|6618|6620|6621|6622|6624|6626|6629|6630|6632|6633|6635|6637|6639|6641|6643|6650|6652|6654|6656|6657|6658|6659|6661|6662|6663|6665|6666|6672|6674|6675|6676|6678|6679|6684|6685|6686|6688|6690|6693|6694|6699|6701|6705|6709|6710|6711|6713|6715|6718|6720|6722|6725|6726|6729|6730|6735|6737|6738|6739|6742|6743|6744|6745|6746|6747|6750|6751|6753|6754|6756|6759|6760|6761|6763|6764|6766|6767|6769|6770|6771|6774|6778|6779|6780|6783|6785|6787|6788|6790|6791|6793|6796|6798|6801|6802|6803|6806|6811|6812|6816|6818|6819|6820|6824|6825|6829|6831|6833|6834|6837|6838|6841|6843|6844|6849|6850|6852|6855|6857|6860|6862|6864|6865|6867|6869|6870|6872|6873|6874|6876|6877|6878|6879|6882|6887|6889|6890|6891|6892|6893|6896|6897|6899|6901|6902|6903|6904|6905|6908|6909|6912|6915|6916|6917|6919|6922|6923|6924|6927|6928|6932|6933|6939|6940|6942|6944|6945|6949|6954|6958|6959|6960|6961|6964|6966|6967|6970|6974|6975|6976|6977|6978|6981|6982|6983|6984|6986|6987|6988|6990|6992|6993|6994|6995|6997|6999|7000|7002|7005|7009|7010|7011|7012|7021|7023|7024|7025|7026|7031|7033|7034|7035|7036|7038|7039|7042|7043|7046|7050|7052|7054|7057|7058|7059|7061|7062|7063|7066|7067|7069|7071|7072|7073|7075|7077|7078|7079|7081|7086|7088|7090|7092|7095|7097|7098|7100|7101|7108|7109|7111|7113|7114|7116|7117|7119|7120|7121|7123|7124|7127|7128|7131|7132|7137|7138|7139|7143|7144|7146|7149|7153|7155|7156|7157|7158|7161|7168|7172|7175|7176|7177|7178|7182|7183|7184|7185|7186|7187|7192|7193|7195|7196|7197|7201|7208|7209|7211|7214|7215|7219|7220|7223|7224|7225|7226|7227|7228|7230|7231|7236|7238|7239|7245|7246|7247|7248|7249|7252|7255|7256|7258|7260|7266|7268|7269|7274|7275|7278|7279|7281|7283|7284|7287|7290|7291|7292|7293|7294|7296|7299|7300|7305|7306|7308|7312|7314|7315|7317|7318|7319|7324|7325|7328|7331|7332|7337|7338|7344|7345|7350|7356|7357|7360|7363|7364|7366|7367|7369|7370|7371|7372|7373|7374|7375|7376|7378|7379|7385|7386|7389|7390|7391|7395|7397|7400|7404|7406|7408|7410|7411|7417|7420|7422|7424|7425|7430|7431|7432|7434|7436|7437|7440|7443|7445|7453|7454|7455|7456|7459|7461|7464|7467|7468|7469|7471|7472|7474|7475|7476|7480|7481|7483|7484|7485|7486|7487|7491|7492|7493|7495|7497|7498|7499|7501|7502|7506|7507|7510|7514|7516|7517|7520|7522|7523,12.730555555555556,True
instance_0013.txt,smaller_multi,3179,350,2976,7021|4779|5172|5205|1900|7136|2697|5489|4942|7356|2326|884|1228|6949|7346|6098|6771|4385|596|3792|6428|1003|164|1453|57|5224|1805|3524|2538|1449|951|3493|4882|1219|3140|795|7482|7785|8166|6615|4850|4094|4612|3543|4730|2286|4867|2496|6493|5399|7404|589|5912|2466|3742|4996|4186|7975|4732|1845|7904|925|3581|3627|1620|7679|2738|5952|6301|2468|7775|6465|2596|2258|7915|2683|3130|6049|3255|1781|1207|4142|7462|791|1566|5711|4230|2110|4838|500|6821|5086|6128|5674|836|5563|3346|1370|824|817|3232|4378|3036|462|4081|322|6230|7644|3144|2892|2398|2445|3046|5230|1658|5533|3251|7305|131|7503|7593|5011|5047|1650|663|535|2975|7509|5772|6625|6201|5257|4574|3091|1254|7123|511|5659|2531|2507|2954|5522|6853|2768|6326|2845|3599|1579|1795|4603|1280|6408|2486|1597|3645|3263|6062|553|2815|7603|2438|5113|2144|6196|5064|1814|8022|1379|3703|6302|7587|2774|2551|6901|1471|6761|3007|7530|608|3506|5389|6436|2996|4607|5880|8366|3496|1573|6080|938|5163|6633|2818|6142|1338|4008|881|2183|1646|2179|1555|3075|2603|6072|3201|96|5076|2862|6133|4739|1639|6050|1056|4688|4545|6932|7720|7676|4455|7152|6981|899|2783|149|977|1949|240|6768|2706|6056|5744|7486|1855|1705|3685|1208|5400|2263|802|7191|386|854|6733|6242|2128|7833|1177|6621|839|7993|4111|6818|1310|6470|3284|5708|6010|4763|6599|530|868|978|39|3503|7723|7183|7570|4847|6524|1033|7880|5851|7375|2054|2644|4337|2742|3079|1666|3822|7855|2702|5999|2120|2479|1073|1613|5223|2119|6960|6269|945|918|2877|376|5241|4372|6442|5385|1777|90|2409|581|4420|2668|5474|4517|5106|2517|174|1080|1592|1651|5875|205|2861|2274|558|5159|6880|4015|5727|2329|8286|2675|6123|1251|2185|6238|1461|2027|6903|5645|1295|7344|540|5017|3390|7236|688|1220|7297|5419|6156|4580|6919|5394|3876|8222|5774|962|5996|1212|3736|3706|1044|5244|7951|1619|1771|4955|8132|2983|3455|6188|1870|2296|4518|6608|6567|7157|4278|5791|7742|471|2068|6590|5267|8188|6637|1522|3671|7716|2229|6190|1174|4192|3863|8047|741|592|7913|1430|6915|4892|7470|4703|3668|496|3348|2532|6848|1862|5679|8278|7012|1881|1355|2463|2917|6306|998|3037|7549|8258|1546|2791|866|5110|199|7198|5977|6004|6783|5554|486|3830|7744|2792|8075|5460|2991|3393|7373|6708|7829|4472|5226|2162|2857|6859|5084|3913|1334|5599|7097|2626|3049|4630|5664|6540|5612|6682|6406|7658|2449|7982|5121|5844|2307|8240|5098|599|2604|2736|6875|345|905|4591|294|7510|5321|3939|6165|215|1|2421|7657|3179|6417|498|3085|2440|1559|3748|3562|7436|4699|911|2579|4448|1880|1830|8112|1842|1656|983|2998|4373|6252|5023|5518|5322|8235|3930|5609|632|7763|3361|7659|6623|8197|8067|1970|4831|5672|4823|1223|2671|2578|607|3248|4808|6778|5446|1331|3316|6589|617|3363|3785|4505|5633|191|6833|5943|1478|4615|7495|6183|5115|5332|1132|4566|5577|6745|5111|6317|93|507|6498|114|6756|5915|1611|5506|6231|7739|7546|6171|3156|3423|6287|4636|623|6294|7500|1470|3774|6393|469|3271|6053|5660|43|3250|6727|2347|1427|2195|6945|7602|3985|3439|6805|6275|672|6209|1396|1815|2926|1060|5931|1235|3839|920|6895|4035|138|4006|6751|314|7091|59|8125|5807|7171|7732|4746|6746|4866|2081|2629|5511|377|3365|7665|5611|878|6057|6161|6265|6832|2624|147|8206|8140|5667|2412|3720|5211|3192|841|1450|225|438|7406|5843|6395|297|6582|4083|2134|4533|1907|3662|6492|4486|3886|4742|1617|6187|2530|5364|7702|4660|2794|490|2010|639|4201|6381|7429|7548|6423|2747|1472|7843|6577|7086|7760|3889|6214|796|7216|4444|334|1935|4559|7434|4238|1661|773|1490|2492|433|7022|3100|7397|291|7521|7908|1851|8151|1170|8106|3713|3909|2173|1297|6248|6538|785|7369|1090|4216|6900|2153|3756|5747|2949|5989|6653|8237|6518|4431|7796|7776|5685|704|2033|8083|2095|1794|2512|6846|6973|6992|6026|4645|8244|3102|4525|1095|4339|7757|7498|328|8331|1981|4624|4759|8030|5827|3895|8363|8199|4690|101|1609|5852|4575|2388|7996|7417|5349|3153|1371|2533|6425|7859|1543|1655|7544|3411|1343|845|4552|8168|7027|6655|8211|7389|4185|7279|1395|3624|6434|7677|7531|5893|4864|4305|1819|5739|7362|1939|5826|3664|6087|2105|6515|3434|6709|1135|7597|664|2240|4456|825|56|6860|5174|3402|5965|1465|2131|1009|5661|2842|2191|3977|4540|6550|7270|5921|1909|7079|886|6799|4437|6868|1693|5863|893|2363|4523|4698|1515|3099|6912|4154|4515|4389|437|517|6380|8010|6334|6342|6400|7341|1765|2462|3635|8342|2381|3842|1393|2902|7046|2994|5652|3335|287|5421|8194|7771|7643|1848|1422|6999|248|6517|343|1315|2142|3132|7974|8084|4787|7581|4579|1399|7969|1150|2204|5847|3553|4495|2803|1320|6396|601|1214|6097|3181|2593|7638|578|2459|5738|1545|2637|4677|3724|6917|5228|2553|7081|3619|8214|2601|392|5501|4923|2802|7409|5647|6464|826|1189|8171|816|5127|1069|532|7899|2905|1686|857|682|7730|4218|3992|5432|2558|6145|5717|6962|2028|1466|1019|3490|6856|7291|21|3576|1688|8150|848|2077|5087|3242|3010|5787|5992|2035|5289|7692|1960|3410|8190|1586|3350|2465|4564|1319|1875|3139|7991|5681|6274|6314|5175|1492|990|7795|6935|3890|6865|41|2771|972|6840|7992|6793|4141|7426|6972|2387|4657|333|4595|2549|819|4005|6867|341|3783|4775|4265|4334|6403|1817|4271|7340|8209|3511|5406|7164|8241|3217|3622|1103|6584|7921|5834|3519|426|690|4446|2031|7360|6579|1336|3618|5551|2793|4795|1936|4477|5314|1537|7071|6679|5604|4920|6438|2725|1872|6433|7416|2178|382|5541|251|7800|7559|2808|4815|8285|801|7787|3679|1083|1330|7114|8136|4672|5571|2590|6241|33|4675|4355|5849|3336|1123|1407|2934|829|3320|2970|4055|4769|1418|7623|3573|6189|6111|2245|4782|4700|6747|6499|1197|6122|3408|3368|7925|3711|524|3687|6509|2854|5346|8293|7480|2218|4617|4294|2711|5864|8080|3779|369|1629|7758|7274|6283|3355|6886|4124|4878|4906|3292|3381|789|2161|1074|6570|926|2190|573|5997|3138|2597|5254|2541|6114|1188|5444|7329|3569|7707|4749|7151|3143|265|1770|5148|7713|5160|4319|687|8343|1598|5135|5243|3997|7830|3406|5755|5363|7370|4610|4112|1738|2556|771|3194|5248|5078|470|1947|166|508|5247|4722|6068|1800|1381|7014|1443|1255|7169|1441|5735|9|4406|3136|6814|4379|554|8014|7472|5886|4940|1293|7569|5976|1649|2222|1878|7712|2764|1497|1526|3949|5451|3045|2537|5239|2744|4233|4713|1681|1054|7312|8086|2988|6037|5176|3911|8272|7010|5056|2798|4490|8156|6150|6513|4214|6382|47|3640|7474|2471|4887|7066|5487|693|4060|3394|4071|1796|1412|7694|2534|1125|2848|8153|6631|4825|7411|2937|193|4303|7606|172|7178|6277|3475|6466|3264|833|2723|6614|3019|6662|2935|2869|1715|6700|8162|7817|1328|3955|4093|1136|2277|969|1739|6354|476|4916|3870|7418|7613|5403|1505|4599|5012|2872|4139|8213|3803|7794|2391|4308|8364|4491|4292|5366|7596|2118|631|7646|2929|2923|4600|4671|7076|5887|5566|3389|3424|7324|3882|7837|3693|6531|1903|1325|4489|4697|2255|5567|6151|5395|3286|2514|820|2073|7568|2816|6651|8245|1595|6514|6990|6987|2344|892|4664|4040|673|3401|1454|6462|4726|7311|1652|5020|5818|1154|224|1874|4845|932|8208|4710|316|1045|3033|4434|5480|1269|5126|797|3118|6197|6576|4200|3061|290|7130|557|1853|7407|5606|3048|6532|8095|5330|3071|5888|7069|7224|7333|6916|3269|5622|1351|5316|2540|5398|1102|6489|6254|428|7882|2871|7331|1495|2052|3802|8313|3166|3000|4147|2664|4224|5186|4359|3875|2375|2259|3425|2322|2047|961|6090|5105|255|6338|8119|5396|216|3412|963|933|6562|2907|3416|3883|188|2997|4531|2113|1142|6758|8280|3312|1797|7057|7262|4045|1577|576|3243|2139|6994|4133|1057|5380|1965|1349|4905|1266|6170|5701|6472|1866|8319|4846|5759|2856|6021|6069|6984|3995|3739|8302|2176|5166|6557|6191|3962|651|6947|7571|2025|8045|7202|3846|1022|4401|5607|7365|1645|3734|3972|636|5359|5034|2915|3721|5358|4411|2434|1306|5793|7330|4744|6713|4681|2026|8350|2410|7564|1050|1360|7863|2154|5695|8105|6904|7087|3738|5137|8277|4776|5909|1849|1178|2649|7103|2184|679|6025|3319|2634|7253|2362|5253|6612|197|4565|5545|2043|6511|1496|3103|7920|1752|1677|3152|7801|1728|7766|8349|1065|7717|7390|3354|6575|7259|1590|910|533|7916|6892|7243|289|788|7708|6592|3235|3793|3625|888|5894|347|91|8255|5544|1891|1006|5936|6486|6055|4426|3651|4503|6842|5552|8165|4324|4863|3452|3916|7007|7653|5756|8128|2319|4708|4861|7651|1768|6782|2746|8064|5932|94|3988|4283|7722|42|7005|4210|1893|7952|139|3029|8182|6272|1018|4870|373|775|5458|2194|4791|6907|3603|3700|5355|6404|4002|5636|7761|1640|7074|2851|4241|1902|102|2666|3978|6416|3135|1621|1896|7179|5543|2956|8369|2357|7140|7045|3996|8001|1818|6048|5102|1685|1931|5703|1256|4597|8036|5910|8102|4314|3295|4774|5280|5718|5842|4255|2146|4126|2308|6378|6204|73|30|267|2247|8224|555|6843|5178|2000|5334|7821|5075|1551|2022|4613|8018|6495|414|4807|4365|2249|7777|2239|7488|6899|1989|7803|2777|8340|7598|7662|19|5277|3205|7246|2108|5575|3219|6561|6619|5360|2009|1031|5214|4578|3413|5516|1489|2292|7752|2416|7891|6424|4526|7023|2351|2889|6877|3325|4168|4900|8029|4513|5427|3326|181|4652|283|5525|7507|5979|4364|3851|3484|5882|1632|2595|5758|6535|3598|2281|2978|834|4834|4983|209|7193|1431|83|5331|1278|1233|5605|7327|4589|7819|5987|1020|1339|232|1361|3896|3816|7807|286|3828|887|7215|2306|5536|446|7420|6644|739|3854|552|3525|1268|5125|1187|4203|6872|4860|4010|4175|778|311|6942|2814|2519|385|4921|472|351|5393|4519|203|1240|2539|5776|2269|5466|6629|1803|2550|707|822|5809|5803|5663|4347|1209|6552|3536|8243|6318|5016|7210|2309|5025|6887|1284|7181|3322|6757|4409|5119|2748|325|6390|8227|5728|4140|1314|2958|4259|7805|3285|6749|8157|7611|4609|1549|2062|1905|4251|7062|3719|6911|7557|3125|24|7989|7460|1086|5539|3653|6|1250|849|1329|7094|157|6212|2071|6038|7060|3035|1963|514|7567|1201|4089|3486|3233|7102|7492|1725|1924|60|1138|3512|2841|1954|8262|8109|372|1322|7348|4571|2609|659|3498|6828|6546|7380|5367|6965|4343|8015|2823|3359|986|6759|674|3987|5830|3400|6506|1727|4481|6760|712|7323|263|2513|2763|3432|5157|419|8316|1899|940|6785|7786|5028|1890|2226|5512|1462|3835|696|2521|5293|5833|4768|5859|4587|4876|3318|8192|456|637|8|1885|4422|2377|7182|965|2126|4313|6192|7910|3943|584|3339|3485|5203|2893|1109|6233|398|8345|4904|853|2242|8085|3230|6536|3804|8155|3776|3187|2100|1879|4001|3666|7985|3161|207|5299|6195|6391|6042|4640|3755|2693|1587|5655|6461|3825|6216|1243|3620|4553|1419|860|3447|2974|3745|7740|5596|6993|1342|4773|2650|7576|1447|5440|4827|749|8082|970|942|3634|5229|7258|4960|2115|171|6172|5925|8347|3759|5259|667|1169|1958|2965|3174|4219|11|5966|4751|4316|8002|7980|7459|890|4237|3694|4288|6836|760|4933|1204|1886|6070|3861|4353|5220|1359|1400|908|8146|7583|2730|4136|7159|4821|545|1929|5043|8099|3544|4044|4101|4967|1210|4737|2535|3592|1922|5140|544|8266|3020|5810|1404|4488|6602|6452|7155|2559|3253|7607|170|304|2722|4117|4716|5559|5139|1630|3809|7431|2037|7051|3690|6964|8142|1847|4679|4785|6620|27|7126|2372|7972|1724|2724|7878|6827|6323|2407|5122|768|5038|1143|7849|4121|5473|2681|1354|175|3160|2498|243|7756|7896|4440|7815|2246|3277|2016|2638|4596|2298|2361|747|1599|7864|1937|2732|3159|6544|4994|6702|2642|4041|4839|648|4290|8034|2442|724|7408|4410|6654|5777|4754|1527|360|4|3784|5283|1706|6180|1788|5797|6888|4156|5657|5764|6838|1380|1975|379|2665|8059|6777|1282|896|757|198|3696|2922|3891|6634|6437|5811|3799|7065|5597|7184|6085|953|5812|3180|6019|647|1676|5768|3770|5351|4629|2928|947|2318|6202|912|5405|1261|5152|6725|3675|4429|5194|7905|6012|5601|4758|8176|7364|160|6967|7451|568|5288|7632|5007|4078|898|5729|5585|3008|1424|1034|1475|2408|5856|3066|8297|6448|2552|3444|7714|7238|6153|1690|5613|7128|5741|6139|1503|4073|3229|3188|7618|3289|1063|1565|3337|4950|6052|315|4748|6670|1839|7004|6044|6003|6181|2156|2895|5971|2581|85|5365|1037|4087|5468|2964|3517|7104|5746|3827|3560|1956|5527|6270|378|7230|8071|460|974|3013|6126|3532|1521|7814|5616|5431|2574|79|5553|6507|2726|4655|3874|1340|4374|1107|1110|8116|1789|5187|4880|7314|1230|2|7968|8110|6186|504|284|5690|5183|6861|6849|4474|8027|8329|452|2431|3488|3797|574|5309|3380|3887|7994|3470|6905|2527|6914|3288|2129|4016|7231|6096|2850|4772|4980|1416|4341|979|1394|2779|7978|364|7778|4987|359|7678|2076|5291|7131|7538|3338|3084|4546|1634|4221|5861|2046|650|273|3966|4143|4086|5099|4756|5232|4163|6607|2065|1998|8093|7906|5592|4084|3137|2612|937|1502|7955|3478|4351|6399|1191|5956|2172|6374|7834|1198|3123|4492|2458|6420|2858|6243|6490|620|4056|3270|1350|2653|7857|4501|3829|1253|6379|6794|7228|7675|1678|7550|7751|3409|4072|2501|4678|5055|5425|6310|595|1918|3003|7746|5445|5453|4268|5058|7981|5990|4097|7196|6219|465|2933|8249|6353|520|3245|8163|4837|2914|1173|2336|4443|7357|3535|5134|7248|5586|6229|1133|7476|7116|2765|4947|6549|4212|669|6829|4357|3912|6847|6236|1237|1161|5550|8318|1440|1035|4051|2874|7284|6813|6041|5968|7020|6496|1176|257|5734|2656|6516|5068|7290|7068|8307|4096|6333|6603|5624|2575|2688|2045|70|3554|7070|2137|7395|1051|4494|3810|4439|1713|2443|4871|3937|7063|1696|1913|5640|4736|6913|7727|7622|3482|6319|432|7458|4729|4471|4167|8069|4536|4057|4541|3026|7208|7283|902|3600|1460|2972|5008|2378|1808|6129|1871|6384|2594|6909|6627|777|6539|5246|7950|3281|5383|1017|2843|5819|3039|1439|4604|1435|3561|3660|2837|4242|2151|4805|7511|2477|2261|7006|6088|4479|2149|2925|6115|1321|481|3917|1707|4312|3807|4621|3989|634|2338|3708|5114|5290|3324|6361|7897|4818|6407|5384|6985|2275|4414|3461|7931|7226|5083|5206|6871|3521|4908|2325|6650|6467|7423|831|804|4753|794|2220|6711|6766|5874|5786|5281|492|1748|2790|7971|2938|3888|850|2951|1167|2251|413|4992|5726|6278|3305|2125|1755|2635|8251|484|7435|6622|1413|5258|5335|2116|3294|2209|5829|5344|4155|7868|1285|7479|7573|5991|3499|882|1764|1952|572|5779|2940|7490|3879|2396|7615|7244|6980|1468|6366|1983|3293|2906|807|4650|6178|7080|4159|3374|7035|606|4666|3945|7731|6051|6018|3900|1071|5928|7353|3780|4639|3794|7345|2455|1152|7077|7223|4956|7203|6064|3761|468|4717|4521|2985|7251|8175|3254|2689|2853|6512|3314|271|6475|1820|5820|1942|6808|374|4487|3502|8186|266|3786|2904|6734|7139|1216|2948|6806|7383|6505|5348|5428|2287|2182|3098|7309|3297|5369|5423|5436|3296|685|115|3107|1175|7396|7112|5497|4217|1993|1756|2432|4100|5080|1116|1121|6095|3843|630|5837|4560|3370|6897|5627|6735|1786|1153|1398|5814|7686|1420|5770|97|5648|8139|3291|4954|3709|5184|246|6695|6931|274|5035|7285|1224|7325|2831|8121|3366|4162|8360|8230|6530|3905|4386|8108|1005|2207|1156|2472|474|2428|1276|2238|5503|2674|1202|3317|7941|2371|776|6938|1548|2767|409|1388|8070|6537|6640|3332|1145|4423|104|2133|3480|7372|1309|4497|1504|2497|442|5673|7639|867|4682|4310|4673|7144|118|891|7673|7685|928|565|4345|5588|1157|3492|4483|353|5870|5319|6753|8092|670|4158|7810|1920|5631|4223|4810|694|6581|4011|7295|7415|1720|716|6982|5287|6739|649|5967|2236|6855|4397|3032|4930|1747|7310|8169|108|4195|5040|5678|8253|3167|4197|5370|2812|5082|6628|6199|4635|7405|7315|1607|2104|348|8201|4696|103|5736|6666|4689|4502|7093|3052|4329|3892|7850|1852|3224|7667|2761|7194|1633|2234|4976|4245|6802|2111|1264|5262|7718|935|7000|6801|7518|971|5354|7738|7939|1078|3860|5637|4309|1023|7698|7272|1623|2984|700|5618|2426|4997|5603|4524|464|3127|3303|1160|2435|1635|8305|7382|6134|7371|5517|4899|7273|6419|1703|7366|2086|5945|5429|2820|7793|327|2759|4402|7439|6804|7444|4079|5590|2289|4394|254|2448|5189|6267|5292|4298|4095|4436|1787|135|1236|1971|7204|1986|4971|1149|579|1064|2591|8325|7710|7759|1474|7485|675|489|8299|5032|1659|1628|2219|6043|2520|2312|4619|8229|454|571|2957|6205|4418|4670|6784|6445|2896|3467|4234|7526|805|1636|4516|6523|8218|756|8242|7858|542|2256|4202|960|5634|7319|7741|1486|388|7502|3199|3728|7443|7276|3647|7797|3351|1917|529|4102|5933|7054|7988|6741|6312|8134|2103|655|5301|169|5145|4020|8164|3518|3596|5733|5508|2900|1616|112|6290|3327|4668|6681|3678|298|4395|3788|7499|5813|2523|2080|2973|3164|1519|6081|5615|652|671|7137|7188|5570|562|6244|7113|6224|1082|5095|4287|3959|8017|786|3097|4225|2114|5862|5530|7956|4836|1744|814|2221|233|6076|3597|2829|6485|1171|20|5610|5493|1426|1117|8338|7468|751|4572|6812|8274|1532|2136|8178|6132|5885|1348|5005|2911|4977|4332|7463|7822|5873|8032|5479|4435|812|6359|1434|6819|8215|4687|2804|642|2548|1578|7884|5256|5109|3632|4466|1563,311|9|77|343|389|67|124|101|314|253|5|152|96|375|10|26|342|112|56|108|244|223|173|310|8|64|128|197|345|409|31|93|142|200|121|326|404|107|255|213|384|247|316|335|383|401|233|277|368|69|103|296|3|146|86|130|149|179|204|263|397|61|90|126|216|265|271|58|127|195|304|324|374|12|174|180|232|242|306|365|35|89|106|178|281|376|379|380|79|269|279|286|297|370|382|11|83|170|312|349|39|55|71|80|153|161|220|225|251|274|339|348|366|44|66|81|199|249|317|334|351|361|387|110|115|148|150|196|214|252|303|338|360|400|405|4|30|88|151|198|250|321|336|362|91|164|168|175|191|219|258|278|299|327|329|353|388|390|17|45|46|117|208|228|270|273|294|320|393|34|48|109|131|137|141|143|144|171|182|205|222|224|239|272|282|344|399|28|47|57|60|72|78|99|105|147|165|203|215|246|254|266|280|292|347|350|381|402|1|2|14|16|27|53|125|129|138|155|184|188|226|257|276|301|305|322|340|341|377|43|62|65|84|94|95|114|136|172|209|221|290|293|298|302|308|318|319|346|359|391|403|20|22|25|33|70|87|100|111|123|132|134|160|176|202|207|217|218|227|256|264|332|369|372|373|406|407|18|19|24|29|32|36|59|63|82|85|104|113|122|154|156|157|169|192|194|201|229|230|268|325|330|354|378|6|40|116|133|135|167|177|183|189|212|234|238|241|260|262|275|287|288|295|300|355|363|394|396|408|0|7|38|42|76|120|190|237|240|243|248|259|261|309|328|367|386|395|398|411|412,0|8|9|11|18|20|21|22|23|24|28|30|32|38|41|49|50|52|55|58|62|65|67|71|75|77|78|81|83|88|91|93|94|96|97|98|101|108|110|111|113|115|119|120|121|123|127|128|129|130|132|141|144|148|149|150|151|152|155|160|161|162|164|170|171|176|177|179|180|184|195|198|199|203|206|207|208|212|213|214|215|216|217|218|228|232|234|235|236|238|240|243|245|257|258|268|269|271|273|276|277|278|281|283|286|288|289|290|292|300|302|303|306|309|314|318|320|321|322|324|325|327|329|331|333|336|340|341|345|347|350|352|353|354|356|357|359|361|365|367|368|369|371|372|375|377|378|381|385|387|390|392|395|396|400|402|405|410|411|413|415|416|419|422|424|431|434|435|437|445|448|449|451|453|462|464|466|468|472|479|481|482|484|485|486|488|495|496|498|499|501|505|511|513|515|516|518|522|523|525|529|531|533|538|541|542|550|555|557|558|562|565|570|575|576|577|580|581|582|585|589|594|600|603|604|606|607|609|612|615|616|617|621|622|624|627|628|629|633|634|640|645|648|649|650|654|655|664|665|666|667|669|671|673|676|678|682|685|687|689|690|692|694|698|702|708|709|710|714|716|721|723|724|726|728|730|731|732|735|738|743|745|748|750|751|753|759|761|763|766|771|775|776|777|779|782|785|798|801|804|805|806|807|809|811|813|814|815|818|820|821|822|824|825|826|827|828|830|833|838|845|848|849|850|851|855|856|860|862|864|865|869|874|876|879|883|886|887|889|890|892|893|894|898|901|902|903|904|907|909|921|926|927|929|931|933|934|937|943|945|948|950|951|956|957|968|969|971|972|975|984|990|996|999|1002|1004|1005|1006|1008|1011|1012|1014|1015|1018|1022|1024|1028|1030|1033|1034|1035|1044|1048|1049|1050|1052|1053|1058|1060|1061|1062|1064|1067|1068|1071|1072|1073|1076|1077|1082|1083|1085|1090|1098|1103|1104|1105|1107|1108|1109|1110|1111|1118|1120|1122|1125|1126|1127|1129|1131|1137|1140|1143|1151|1154|1155|1156|1157|1165|1168|1169|1171|1176|1179|1180|1188|1195|1199|1202|1203|1204|1205|1207|1210|1211|1213|1215|1219|1223|1228|1229|1232|1233|1235|1236|1237|1240|1243|1249|1250|1251|1253|1255|1256|1258|1269|1275|1279|1280|1281|1287|1291|1301|1303|1304|1308|1309|1311|1312|1319|1322|1325|1326|1329|1331|1332|1334|1339|1340|1345|1346|1347|1349|1350|1352|1354|1355|1357|1358|1359|1367|1368|1369|1370|1373|1375|1378|1379|1380|1385|1389|1390|1393|1394|1395|1401|1402|1403|1407|1414|1417|1420|1424|1425|1429|1430|1431|1432|1435|1436|1437|1438|1441|1442|1443|1446|1447|1448|1451|1452|1461|1463|1464|1467|1468|1470|1471|1472|1473|1474|1480|1483|1484|1487|1489|1490|1493|1494|1497|1501|1505|1506|1508|1509|1510|1511|1512|1513|1514|1515|1519|1522|1524|1526|1528|1531|1533|1535|1536|1543|1544|1548|1551|1552|1553|1555|1560|1562|1565|1566|1567|1568|1569|1570|1575|1576|1578|1583|1584|1585|1587|1593|1594|1599|1603|1605|1609|1613|1614|1615|1617|1619|1621|1627|1629|1631|1633|1635|1638|1643|1647|1652|1653|1654|1656|1658|1659|1660|1664|1666|1667|1668|1669|1671|1673|1677|1678|1679|1680|1681|1683|1684|1688|1690|1693|1695|1700|1701|1702|1703|1707|1708|1712|1714|1717|1719|1721|1731|1734|1735|1739|1740|1743|1746|1747|1752|1754|1755|1756|1759|1761|1762|1763|1766|1767|1770|1771|1772|1773|1776|1779|1784|1785|1789|1790|1792|1793|1795|1799|1800|1801|1802|1807|1808|1811|1814|1815|1818|1825|1826|1828|1829|1830|1831|1833|1834|1844|1848|1854|1856|1857|1860|1861|1862|1865|1867|1868|1874|1877|1878|1879|1881|1883|1889|1890|1891|1894|1895|1897|1900|1901|1902|1903|1904|1907|1911|1912|1914|1915|1918|1922|1923|1925|1928|1935|1937|1941|1943|1944|1945|1948|1951|1952|1954|1955|1957|1961|1965|1966|1967|1969|1970|1971|1975|1976|1978|1983|1984|1986|1987|1989|1991|1993|1995|1996|2013|2014|2020|2023|2024|2027|2028|2029|2030|2036|2038|2039|2040|2041|2042|2045|2047|2048|2050|2056|2059|2066|2068|2070|2071|2072|2075|2076|2079|2084|2087|2093|2095|2096|2098|2105|2109|2110|2111|2117|2121|2127|2132|2133|2134|2137|2138|2139|2140|2142|2144|2148|2151|2155|2160|2164|2166|2168|2169|2170|2171|2173|2177|2178|2180|2183|2184|2186|2189|2190|2196|2197|2199|2200|2201|2211|2212|2213|2215|2218|2219|2220|2222|2223|2225|2227|2229|2234|2235|2236|2237|2238|2239|2241|2244|2245|2246|2254|2255|2258|2262|2263|2264|2266|2267|2268|2270|2272|2275|2277|2278|2281|2287|2290|2292|2294|2295|2300|2303|2304|2305|2307|2309|2310|2313|2314|2315|2318|2319|2320|2325|2326|2328|2337|2338|2340|2341|2344|2348|2350|2351|2352|2354|2355|2357|2359|2360|2361|2362|2364|2367|2368|2372|2380|2381|2386|2389|2390|2396|2401|2403|2404|2405|2407|2414|2415|2419|2421|2422|2423|2429|2430|2432|2433|2434|2437|2438|2440|2442|2444|2447|2451|2453|2456|2458|2464|2469|2474|2475|2479|2482|2488|2489|2492|2494|2498|2499|2500|2503|2504|2505|2506|2508|2512|2517|2518|2520|2525|2527|2529|2532|2533|2534|2536|2537|2538|2541|2542|2543|2544|2551|2558|2560|2561|2562|2563|2564|2565|2568|2569|2571|2572|2573|2575|2576|2578|2579|2580|2582|2583|2585|2591|2593|2595|2596|2601|2602|2604|2607|2609|2613|2614|2615|2616|2618|2620|2621|2623|2625|2626|2627|2632|2633|2637|2640|2641|2643|2644|2646|2648|2650|2652|2653|2657|2658|2659|2665|2668|2669|2671|2673|2675|2678|2680|2682|2684|2687|2691|2696|2697|2699|2702|2703|2707|2710|2711|2712|2713|2716|2720|2723|2728|2731|2737|2742|2744|2746|2751|2752|2753|2754|2756|2761|2762|2768|2770|2772|2775|2777|2780|2781|2783|2785|2786|2789|2791|2792|2793|2794|2796|2800|2801|2802|2807|2809|2811|2812|2815|2816|2817|2818|2822|2824|2829|2830|2834|2835|2841|2844|2848|2851|2858|2859|2860|2862|2864|2868|2872|2874|2876|2877|2879|2880|2882|2889|2892|2900|2901|2904|2907|2911|2912|2917|2919|2923|2924|2927|2929|2930|2932|2934|2936|2939|2941|2942|2945|2949|2951|2954|2958|2963|2964|2973|2977|2980|2982|2983|2984|2989|2991|2994|2997|3000|3003|3005|3010|3011|3012|3019|3020|3022|3024|3034|3035|3042|3043|3047|3048|3050|3051|3052|3054|3055|3056|3061|3062|3066|3067|3068|3070|3073|3074|3075|3079|3082|3083|3086|3089|3095|3098|3099|3106|3107|3109|3111|3112|3114|3117|3119|3120|3126|3130|3136|3138|3139|3140|3142|3143|3146|3147|3149|3151|3152|3153|3155|3156|3160|3163|3164|3165|3167|3168|3171|3173|3176|3177|3181|3184|3186|3190|3203|3206|3207|3212|3213|3214|3219|3224|3226|3228|3233|3237|3238|3247|3251|3252|3253|3255|3256|3258|3259|3261|3262|3269|3273|3279|3281|3283|3286|3288|3289|3290|3292|3295|3297|3298|3300|3301|3305|3309|3314|3316|3319|3323|3324|3326|3330|3332|3334|3338|3341|3348|3350|3352|3353|3354|3356|3357|3358|3359|3363|3365|3366|3367|3369|3372|3374|3375|3376|3380|3383|3386|3392|3393|3394|3396|3399|3403|3406|3407|3410|3411|3418|3419|3420|3423|3424|3425|3430|3431|3438|3439|3443|3444|3446|3447|3451|3456|3457|3458|3459|3461|3463|3464|3467|3482|3483|3485|3488|3489|3491|3493|3498|3502|3503|3509|3510|3512|3515|3517|3521|3522|3523|3526|3527|3529|3536|3540|3550|3553|3555|3556|3557|3559|3560|3561|3567|3573|3574|3577|3578|3584|3586|3587|3591|3593|3594|3595|3597|3601|3606|3608|3609|3610|3615|3616|3619|3620|3623|3624|3626|3627|3628|3631|3637|3642|3643|3652|3653|3656|3657|3659|3662|3663|3664|3665|3668|3670|3673|3676|3681|3682|3684|3687|3691|3692|3695|3696|3699|3700|3706|3708|3709|3710|3711|3712|3713|3715|3716|3722|3723|3726|3727|3729|3732|3734|3739|3741|3742|3743|3749|3750|3751|3754|3755|3756|3757|3758|3759|3760|3763|3767|3770|3771|3772|3774|3777|3778|3779|3780|3782|3783|3784|3785|3788|3789|3794|3799|3809|3811|3820|3822|3829|3830|3831|3833|3835|3839|3840|3841|3842|3844|3846|3852|3853|3859|3863|3864|3871|3872|3874|3876|3877|3879|3881|3882|3884|3886|3887|3889|3891|3893|3896|3898|3900|3901|3906|3910|3912|3915|3921|3923|3927|3928|3929|3930|3932|3934|3936|3938|3940|3943|3944|3951|3953|3957|3958|3961|3963|3965|3968|3970|3977|3980|3983|3989|3991|3992|4001|4002|4004|4008|4014|4015|4020|4021|4024|4025|4026|4027|4030|4041|4044|4045|4046|4047|4048|4049|4050|4056|4057|4059|4063|4064|4065|4069|4072|4073|4075|4078|4087|4090|4091|4092|4095|4096|4097|4101|4102|4105|4106|4108|4114|4117|4119|4125|4128|4130|4132|4133|4135|4136|4139|4149|4150|4152|4154|4155|4158|4159|4161|4163|4173|4174|4176|4183|4187|4188|4190|4198|4201|4203|4209|4212|4214|4217|4218|4219|4222|4223|4225|4228|4230|4232|4234|4239|4241|4245|4247|4249|4250|4254|4255|4257|4259|4260|4262|4264|4266|4268|4272|4277|4278|4285|4287|4293|4295|4297|4300|4307|4310|4320|4322|4325|4326|4327|4328|4334|4339|4344|4345|4348|4349|4351|4352|4353|4357|4359|4361|4362|4369|4375|4377|4379|4380|4388|4389|4390|4393|4395|4397|4398|4399|4400|4404|4405|4406|4408|4410|4411|4413|4419|4420|4421|4422|4425|4428|4429|4430|4432|4434|4436|4441|4442|4446|4449|4452|4454|4457|4460|4461|4462|4466|4467|4473|4475|4483|4488|4490|4491|4495|4496|4497|4500|4506|4509|4513|4517|4519|4524|4525|4532|4537|4544|4548|4553|4554|4555|4556|4557|4560|4562|4566|4568|4572|4577|4581|4585|4586|4588|4590|4591|4596|4599|4601|4602|4603|4610|4612|4614|4617|4618|4622|4624|4625|4626|4628|4629|4631|4634|4639|4646|4647|4650|4653|4655|4662|4665|4667|4668|4671|4673|4677|4678|4679|4680|4681|4682|4683|4684|4688|4689|4694|4695|4697|4700|4701|4703|4705|4706|4711|4712|4713|4718|4719|4720|4723|4724|4726|4727|4730|4732|4734|4736|4737|4739|4743|4745|4746|4751|4752|4753|4756|4760|4764|4765|4766|4769|4772|4774|4775|4776|4777|4780|4781|4782|4783|4784|4787|4789|4790|4793|4795|4798|4799|4800|4802|4804|4805|4807|4808|4809|4810|4815|4821|4822|4824|4828|4830|4831|4833|4834|4835|4838|4839|4841|4847|4855|4856|4858|4859|4860|4861|4862|4865|4866|4871|4873|4874|4879|4880|4883|4888|4892|4894|4895|4896|4897|4898|4899|4903|4908|4911|4912|4914|4917|4918|4919|4920|4922|4926|4927|4929|4930|4937|4938|4940|4941|4944|4945|4947|4949|4950|4952|4953|4954|4955|4957|4959|4960|4962|4963|4965|4971|4974|4975|4976|4977|4978|4980|4981|4983|4985|4986|4987|4992|4993|4994|4996|4997|4998|5000|5005|5013|5015|5023|5024|5027|5029|5033|5034|5035|5038|5039|5041|5046|5047|5048|5050|5051|5053|5055|5056|5058|5059|5062|5064|5065|5068|5070|5073|5076|5078|5079|5081|5083|5085|5086|5087|5088|5093|5094|5096|5097|5101|5102|5105|5106|5107|5108|5109|5111|5112|5114|5116|5119|5120|5121|5123|5124|5125|5127|5130|5131|5136|5138|5140|5141|5143|5144|5145|5146|5150|5151|5152|5153|5154|5156|5157|5162|5171|5174|5175|5177|5179|5181|5185|5191|5194|5195|5201|5202|5204|5205|5206|5209|5210|5212|5213|5214|5215|5216|5219|5222|5228|5230|5236|5239|5241|5242|5245|5248|5253|5256|5260|5261|5262|5265|5266|5270|5272|5273|5274|5276|5280|5285|5287|5290|5291|5294|5302|5304|5305|5306|5308|5309|5310|5312|5313|5322|5324|5325|5326|5331|5333|5338|5339|5342|5344|5345|5346|5349|5351|5352|5353|5354|5359|5362|5365|5366|5367|5368|5370|5375|5376|5377|5379|5381|5382|5383|5389|5395|5396|5397|5401|5405|5407|5408|5409|5412|5415|5418|5420|5421|5427|5428|5431|5432|5436|5438|5439|5442|5443|5444|5445|5446|5448|5449|5458|5459|5461|5473|5474|5475|5477|5480|5484|5485|5488|5489|5491|5494|5496|5497|5500|5508|5510|5511|5512|5518|5520|5522|5523|5529|5531|5532|5533|5536|5540|5545|5546|5559|5563|5564|5567|5570|5573|5576|5579|5581|5582|5583|5584|5585|5587|5588|5590|5593|5598|5599|5600|5601|5604|5605|5607|5608|5610|5611|5612|5615|5616|5618|5622|5626|5631|5640|5641|5643|5646|5647|5649|5652|5653|5655|5658|5664|5668|5670|5671|5678|5681|5687|5690|5691|5693|5696|5698|5699|5702|5704|5706|5707|5708|5709|5710|5711|5712|5713|5714|5716|5727|5729|5731|5733|5735|5740|5750|5753|5755|5760|5761|5764|5766|5769|5771|5775|5776|5782|5784|5785|5790|5791|5795|5797|5798|5800|5802|5804|5805|5806|5808|5809|5816|5817|5821|5823|5830|5838|5842|5854|5860|5862|5863|5866|5874|5881|5882|5885|5886|5890|5894|5897|5903|5908|5909|5915|5916|5921|5922|5923|5928|5929|5935|5937|5938|5939|5940|5942|5949|5950|5952|5953|5954|5957|5960|5961|5962|5966|5967|5969|5970|5971|5974|5975|5979|5980|5982|5984|5985|5986|5989|5990|5995|5997|5998|5999|6000|6002|6010|6011|6018|6019|6021|6025|6026|6027|6034|6036|6038|6040|6041|6043|6046|6049|6050|6052|6057|6059|6063|6064|6069|6071|6072|6073|6078|6079|6080|6084|6087|6098|6100|6103|6104|6106|6109|6115|6116|6117|6119|6120|6121|6124|6129|6130|6132|6133|6134|6136|6147|6149|6150|6151|6152|6155|6157|6160|6163|6167|6170|6175|6176|6178|6179|6182|6186|6187|6188|6190|6191|6193|6194|6198|6200|6203|6205|6207|6208|6209|6210|6212|6213|6214|6215|6216|6219|6221|6222|6225|6226|6230|6231|6234|6235|6236|6240|6243|6245|6248|6250|6251|6252|6255|6257|6271|6272|6274|6275|6276|6278|6280|6286|6289|6290|6295|6301|6302|6304|6308|6311|6312|6313|6314|6316|6319|6321|6322|6323|6324|6326|6328|6329|6330|6338|6345|6346|6349|6350|6351|6352|6353|6355|6356|6358|6359|6361|6365|6367|6369|6370|6372|6375|6376|6380|6382|6384|6388|6391|6393|6395|6398|6399|6401|6402|6404|6406|6408|6410|6412|6413|6420|6424|6426|6427|6431|6434|6436|6438|6439|6440|6443|6444|6445|6446|6447|6448|6449|6455|6456|6460|6462|6464|6469|6473|6477|6482|6483|6484|6487|6488|6489|6494|6499|6502|6503|6505|6512|6513|6515|6516|6517|6518|6519|6520|6521|6522|6523|6525|6526|6527|6530|6534|6535|6536|6539|6540|6544|6546|6548|6549|6552|6553|6554|6556|6558|6563|6565|6570|6571|6572|6573|6577|6580|6583|6585|6586|6590|6591|6593|6595|6596|6599|6600|6603|6604|6606|6614|6628|6629|6630|6633|6634|6635|6637|6638|6643|6645|6646|6647|6653|6656|6657|6664|6665|6666|6667|6670|6672|6674|6676|6681|6683|6684|6688|6691|6693|6702|6703|6704|6705|6706|6712|6713|6714|6715|6717|6719|6724|6726|6727|6730|6733|6734|6735|6739|6740|6741|6745|6746|6747|6751|6752|6755|6759|6760|6763|6766|6767|6769|6774|6778|6779|6780|6782|6788|6792|6796|6799|6801|6802|6803|6814|6818|6822|6827|6828|6835|6837|6846|6848|6849|6850|6851|6854|6858|6859|6860|6861|6864|6868|6869|6870|6878|6881|6882|6883|6884|6885|6887|6888|6896|6901|6903|6904|6905|6910|6912|6913|6914|6915|6923|6924|6929|6931|6933|6937|6941|6942|6943|6946|6949|6950|6955|6957|6960|6964|6969|6971|6972|6977|6979|6981|6983|6987|6989|6990|6991|6993|6994|6998|6999|7004|7007|7011|7018|7020|7022|7026|7031|7033|7034|7035|7039|7040|7042|7044|7048|7051|7055|7058|7060|7070|7081|7082|7083|7086|7090|7092|7095|7097|7099|7100|7102|7103|7105|7107|7109|7111|7114|7124|7126|7127|7130|7131|7137|7138|7139|7140|7142|7144|7146|7148|7153|7155|7157|7160|7161|7163|7169|7170|7172|7174|7176|7179|7180|7184|7186|7188|7189|7190|7191|7192|7193|7197|7198|7202|7203|7204|7205|7207|7212|7216|7220|7224|7228|7229|7230|7231|7232|7238|7239|7241|7243|7245|7249|7253|7255|7256|7259|7261|7264|7265|7266|7267|7274|7283|7285|7287|7291|7294|7299|7300|7301|7302|7305|7307|7312|7313|7315|7317|7324|7325|7333|7336|7338|7339|7341|7342|7343|7350|7351|7353|7354|7361|7366|7367|7368|7371|7376|7377|7379|7384|7385|7386|7392|7397|7398|7402|7404|7405|7407|7408|7412|7415|7417|7420|7424|7428|7431|7432|7433|7434|7436|7437|7439|7440|7441|7444|7445|7449|7450|7451|7453|7455|7457|7459|7460|7463|7464|7465|7469|7470|7473|7476|7479|7483|7491|7492|7495|7496|7499|7500|7502|7503|7504|7515|7517|7519|7520|7521|7522|7524,13.094285714285714,True
instance_0014.txt,aisle_first_desc,1820,14,1590,157|1850|7211|10736|7993|10844|11118|3154|3995|7653|488|866|3288|4203|6534|9148|10769|11935|1460|2641|3240|4191|4577|4586|5754|5924|6916|7498|7553|7657|8309|9555|9998|10105|10827|161|169|173|219|540|577|877|931|1114|1170|1299|1554|1715|1801|1884|1937|2133|2413|2738|2967|3153|3212|3518|3538|3608|3787|4126|4183|4193|4324|4445|4608|4721|4866|4901|4973|5249|5383|5502|5551|5923|5948|5961|5988|6080|6127|6203|6573|6807|6921|7022|7032|7033|7045|7107|7220|7311|7350|7373|7405|7502|7616|7709|7869|8068|8220|8238|8715|8931|8953|8977|9290|9303|9470|9686|9750|9818|10106|10272|10284|10634|10725|10782|10836|10957|10977|11021|11485|11569|11571|12153|1|11|15|18|25|56|68|69|75|77|81|89|96|119|120|123|127|133|136|143|149|194|196|207|210|228|236|241|251|257|258|266|274|281|282|284|298|310|318|321|330|335|338|342|352|354|366|368|378|379|383|388|397|405|410|415|417|423|428|434|464|467|480|481|492|501|512|533|537|542|571|573|576|579|609|610|624|651|656|670|672|674|676|681|686|694|698|709|730|733|762|768|772|774|779|781|782|784|787|791|800|803|806|813|816|826|832|842|846|854|857|859|862|879|888|889|897|904|907|912|915|920|921|928|935|938|952|955|962|968|972|975|977|984|985|991|1018|1020|1022|1024|1028|1037|1039|1044|1049|1062|1065|1073|1081|1091|1095|1100|1101|1103|1109|1110|1113|1121|1153|1154|1158|1159|1160|1167|1169|1179|1185|1227|1234|1239|1243|1248|1249|1253|1284|1286|1311|1324|1328|1329|1334|1335|1342|1353|1356|1371|1384|1387|1394|1397|1405|1407|1410|1411|1424|1432|1433|1434|1437|1443|1445|1450|1457|1462|1470|1488|1495|1508|1510|1512|1517|1539|1553|1571|1573|1579|1605|1606|1612|1614|1617|1618|1620|1624|1626|1641|1659|1661|1681|1682|1687|1689|1698|1701|1703|1705|1706|1716|1720|1726|1730|1735|1743|1747|1749|1760|1764|1774|1779|1786|1796|1807|1815|1818|1844|1845|1846|1862|1871|1889|1901|1916|1926|1931|1947|1950|1957|1963|1965|1966|1974|1979|1990|2016|2018|2034|2035|2043|2047|2049|2054|2056|2060|2065|2070|2084|2103|2111|2113|2119|2131|2142|2143|2160|2166|2169|2172|2173|2177|2191|2194|2196|2210|2232|2241|2252|2259|2275|2286|2302|2304|2314|2319|2321|2324|2325|2329|2331|2336|2337|2342|2344|2347|2359|2365|2367|2369|2377|2381|2390|2401|2407|2408|2410|2420|2427|2441|2442|2452|2459|2460|2461|2463|2468|2469|2480|2482|2484|2502|2509|2518|2522|2532|2535|2543|2551|2552|2562|2579|2599|2609|2637|2642|2670|2678|2684|2687|2704|2712|2722|2739|2742|2756|2757|2758|2760|2768|2772|2789|2792|2798|2801|2818|2826|2828|2831|2834|2851|2863|2865|2886|2887|2889|2895|2899|2902|2908|2925|2930|2936|2942|2943|2948|2969|2978|2980|2981|2984|2988|2993|2997|3002|3007|3023|3027|3030|3034|3037|3038|3056|3061|3072|3077|3097|3098|3104|3106|3119|3120|3125|3129|3132|3136|3144|3155|3166|3169|3171|3172|3178|3183|3190|3197|3208|3225|3231|3237|3249|3261|3274|3275|3295|3297|3304|3307|3310|3317|3334|3343|3362|3392|3400|3403|3406|3413|3422|3426|3430|3432|3433|3435|3436|3439|3442|3444|3446|3451|3456|3459|3465|3468|3470|3471|3478|3480|3481|3482|3484|3486|3491|3500|3510|3512|3542|3548|3555|3566|3570|3578|3586|3589|3617|3625|3640|3649|3660|3662|3668|3707|3709|3712|3720|3728|3730|3733|3752|3753|3756|3763|3766|3768|3776|3781|3790|3791|3793|3794|3795|3806|3810|3823|3829|3834|3836|3855|3859|3878|3882|3884|3893|3895|3901|3914|3929|3931|3934|3939|3942|3950|3954|3976|3996|4010|4019|4029|4042|4059|4064|4067|4073|4080|4084|4093|4099|4100|4102|4117|4118|4129|4139|4145|4147|4151|4152|4162|4164|4173|4178|4195|4216|4218|4223|4235|4241|4243|4250|4254|4258|4263|4264|4269|4283|4289|4296|4297|4320|4331|4349|4353|4358|4364|4366|4383|4384|4386|4396|4401|4404|4405|4410|4411|4416|4418|4419|4425|4428|4429|4431|4432|4439|4463|4465|4467|4480|4481|4483|4485|4492|4515|4516|4522|4528|4534|4535|4546|4566|4571|4575|4581|4594|4600|4605|4620|4637|4645|4651|4653|4658|4661|4672|4673|4675|4698|4702|4703|4719|4727|4730|4731|4732|4740|4744|4765|4771|4775|4781|4788|4791|4795|4800|4807|4811|4818|4820|4821|4826|4844|4847|4858|4867|4882|4883|4889|4907|4917|4929|4939|4948|4949|4955|4962|4963|4978|4988|5002|5004|5005|5006|5010|5011|5013|5027|5028|5044|5046|5060|5062|5064|5066|5069|5080|5089|5104|5112|5134|5141|5144|5151|5152|5159|5162|5172|5173|5175|5179|5183|5185|5188|5200|5201|5203|5213|5218|5229|5231|5257|5267|5270|5274|5284|5296|5298|5301|5305|5309|5310|5336|5337|5346|5354|5355|5365|5371|5375|5376|5379|5384|5389|5390|5410|5413|5414|5415|5419|5421|5423|5427|5428|5434|5441|5444|5447|5457|5463|5471|5472|5474|5482|5491|5509|5520|5523|5526|5529|5543|5549|5570|5576|5583|5596|5600|5610|5613|5634|5636|5660|5663|5665|5668|5671|5673|5688|5691|5698|5716|5724|5729|5733|5735|5738|5759|5772|5783|5786|5788|5792|5800|5815|5821|5822|5837|5845|5847|5852|5859|5862|5869|5879|5883|5888|5890|5891|5897|5901|5912|5929|5930|5931|5938|5957|5963|5964|5969|5970|5974|5977|5985|5997|6009|6025|6029|6049|6064|6073|6097|6099|6102|6107|6124|6126|6134|6136|6137|6141|6159|6164|6201|6212|6240|6241|6245|6249|6254|6257|6262|6264|6265|6270|6275|6277|6293|6309|6311|6343|6350|6360|6370|6372|6376|6377|6389|6393|6405|6411|6420|6424|6427|6432|6457|6481|6483|6488|6510|6533|6537|6538|6547|6550|6551|6558|6566|6568|6569|6571|6580|6581|6582|6587|6592|6596|6597|6610|6612|6619|6624|6627|6630|6646|6654|6655|6663|6672|6676|6688|6703|6704|6708|6722|6731|6733|6735|6740|6745|6757|6764|6770|6772|6794|6795|6798|6805|6806|6814|6816|6817|6818|6821|6824|6833|6834|6837|6857|6859|6860|6861|6864|6867|6880|6884|6886|6894|6898|6901|6915|6923|6925|6929|6932|6939|6940|6941|6948|6961|6962|6968|6981|6991|6993|6994|7007|7019|7020|7021|7043|7050|7053|7056|7060|7063|7069|7073|7120|7123|7126|7133|7140|7146|7155|7172|7180|7182|7188|7190|7197|7199|7206|7219|7224|7269|7300|7302|7305|7319|7320|7337|7346|7352|7356|7362|7363|7365|7371|7372|7374|7391|7393|7397|7408|7409|7417|7431|7445|7455|7466|7467|7481|7491|7493|7510|7511|7514|7526|7527|7536|7546|7552|7574|7578|7584|7609|7610|7612|7619|7621|7625|7633|7636|7638|7639|7642|7655|7681|7699|7716|7719|7722|7732|7738|7742|7773|7778|7780|7787|7789|7795|7798|7805|7812|7813|7818|7830|7833|7855|7867|7872|7877|7880|7885|7887|7891|7916|7919|7933|7948|7960|7963|7970|7973|7978|7994|8005|8034|8041|8046|8056|8060|8061|8071|8080|8085|8091|8095|8110|8115|8128|8142|8147|8153|8155|8157|8183|8192|8193|8198|8204|8226|8229|8241|8252|8257|8260|8285|8287|8291|8295|8322|8323|8332|8335|8347|8350|8358|8359|8365|8367|8385|8389|8390|8411|8422|8436|8439|8448|8452|8458|8459|8460|8471|8473|8478|8485|8500|8507|8511|8524|8528|8541|8553|8560|8564|8567|8575|8577|8585|8586|8590|8598|8599|8601|8611|8618|8627|8629|8630|8634|8636|8638|8645|8663|8673|8688|8692|8695|8700|8709|8716|8717|8724|8734|8744|8745|8749|8755|8758|8765|8768|8771|8778|8800|8805|8810|8819|8846|8849|8854|8866|8871|8892|8905|8918|8921|8923|8924|8928|8934|8935|8937|8948|8952|8967|8969|8975|8981|8982|8996|9004|9009|9012|9017|9025|9029|9030|9037|9039|9041|9045|9046|9051|9057|9064|9079|9092|9095|9096|9097|9098|9099|9119|9123|9131|9137|9139|9152|9159|9164|9172|9178|9185|9186|9189|9190|9200|9203|9205|9210|9225|9228|9230|9247|9255|9268|9270|9284|9288|9296|9297|9314|9319|9327|9330|9332|9334|9344|9345|9346|9366|9391|9395|9398|9406|9410|9412|9413|9417|9425|9428|9449|9451|9454|9464|9490|9493|9497|9505|9514|9516|9519|9521|9528|9542|9550|9552|9559|9587|9598|9605|9610|9611|9614|9618|9623|9628|9633|9639|9646|9647|9661|9662|9672|9674|9687|9690|9698|9713|9723|9729|9740|9753|9777|9789|9792|9793|9795|9804|9807|9808|9822|9823|9831|9843|9849|9866|9873|9875|9878|9881|9897|9903|9910|9913|9915|9919|9930|9942|9945|9952|9962|9966|9968|9996|10021|10026|10068|10086|10091|10101|10103|10110|10115|10118|10119|10122|10126|10130|10135|10137|10162|10171|10172|10181|10184|10185|10192|10213|10221|10225|10245|10249|10250|10251|10255|10256|10293|10310|10322|10326|10328|10345|10357|10359|10379|10385|10399|10411|10418|10427|10433|10449|10450|10455|10458|10467|10483|10507|10518|10524|10529|10532|10533|10538|10546|10549|10550|10553|10555|10568|10581|10602|10621|10623|10626|10628|10644|10646|10653|10663|10674|10684|10686|10717|10721|10733|10734|10739|10745|10747|10774|10784|10786|10789|10793|10796|10802|10808|10813|10817|10829|10845|10850|10878|10892|10918|10934|10936|10945|10958|10967|10968|10978|10983|10989|11004|11006|11008|11009|11020|11044|11051|11054|11062|11069|11071|11076|11078|11094|11109|11124|11136|11143|11164|11167|11169|11182|11203|11205|11207|11211|11215|11219|11220|11223|11228|11229|11235|11236|11256|11276|11277|11279|11282|11293|11297|11304|11306|11307|11314|11335|11344|11349|11350|11351|11362|11364|11386|11434|11438|11444|11463|11467|11468|11478|11504|11506|11512|11515|11522|11528|11530|11542|11564|11580|11585|11587|11592|11598|11600|11601|11603|11607|11632|11634|11651|11653|11656|11659|11688|11690|11691|11698|11706|11707|11711|11715|11720|11734|11738|11740|11744|11745|11748|11752|11755|11759|11760|11764|11775|11776|11778|11792|11798|11801|11808|11809|11811|11814|11837|11846|11847|11848|11871|11875|11877|11890|11891|11904|11912|11923|11931|11933|11937|11945|11948|11955|11956|11960|11973|11974|11992|11994|12010|12016|12022|12039|12040|12044|12060|12072|12079|12083|12085|12100|12104|12114|12116|12128|12135|12141|12142|12144|12147|12176|12197|12200|12218|12220|12224|12246|12250|12262|12263|12265|12267|12269|12278|12281|12303|12307|12309|12316|12322|12326|12331|12333|12346|12352|12362|12364|12369|12371|12374|12376|12378|12379|12386,1|45|53|61|76|98|111|140|197|220|304|322|350|398,0|5|6|8|10|15|20|29|35|41|43|45|53|62|66|77|86|91|92|99|109|115|116|127|134|149|166|179|189|196|202|203|204|205|208|212|213|217|219|224|232|250|257|260|265|272|277|290|302|308|319|338|340|344|346|354|385|393|395|407|408|414|418|421|422|435|443|449|454|461|476|477|489|494|505|511|515|518|549|554|559|572|580|583|617|627|633|634|637|639|640|642|643|654|657|672|675|680|687|689|692|706|711|714|721|723|728|736|741|745|748|760|762|768|777|785|793|798|803|812|815|819|820|827|835|838|840|851|852|857|858|859|866|881|889|895|900|915|918|928|930|935|937|940|946|962|963|968|981|991|994|995|1001|1003|1006|1012|1031|1032|1042|1043|1059|1074|1077|1082|1087|1092|1093|1094|1102|1121|1125|1128|1160|1162|1163|1164|1170|1173|1195|1197|1199|1213|1220|1222|1227|1229|1231|1234|1249|1272|1278|1281|1287|1302|1304|1311|1313|1314|1321|1322|1335|1340|1341|1355|1371|1377|1387|1389|1392|1395|1398|1401|1411|1413|1422|1434|1436|1441|1444|1445|1451|1460|1466|1467|1482|1483|1488|1490|1494|1496|1500|1517|1526|1538|1546|1550|1551|1560|1561|1562|1563|1566|1570|1578|1584|1590|1592|1598|1600|1605|1610|1611|1616|1622|1627|1628|1629|1635|1653|1659|1664|1674|1687|1698|1699|1708|1710|1716|1736|1741|1743|1744|1752|1754|1762|1763|1776|1788|1791|1806|1811|1815|1818|1820|1824|1847|1854|1857|1859|1866|1867|1875|1881|1883|1886|1900|1907|1915|1919|1931|1932|1936|1938|1947|1954|1956|1962|1967|1969|1977|1978|1985|1988|1991|1995|2010|2013|2026|2040|2045|2055|2066|2069|2078|2083|2084|2087|2090|2099|2123|2131|2136|2137|2143|2146|2150|2153|2155|2157|2160|2162|2167|2168|2169|2180|2185|2186|2195|2203|2206|2215|2222|2233|2244|2249|2265|2272|2273|2286|2293|2294|2296|2300|2308|2343|2349|2358|2369|2378|2396|2399|2417|2418|2420|2434|2437|2439|2441|2446|2452|2454|2455|2456|2457|2467|2470|2480|2485|2493|2494|2495|2500|2503|2504|2505|2526|2528|2530|2531|2541|2542|2544|2546|2561|2563|2565|2566|2570|2577|2581|2582|2584|2589|2596|2597|2611|2612|2614|2622|2631|2641|2642|2652|2657|2697|2710|2712|2717|2720|2728|2730|2731|2733|2743|2762|2768|2770|2771|2772|2779|2781|2791|2801|2809|2810|2812|2829|2834|2835|2843|2868|2876|2893|2897|2910|2925|2930|2932|2938|2946|2966|2972|2973|2974|2981|2984|2996|3003|3008|3019|3022|3031|3049|3055|3070|3079|3084|3090|3092|3095|3101|3104|3105|3118|3120|3127|3128|3136|3137|3141|3143|3147|3157|3164|3173|3175|3179|3180|3184|3186|3195|3198|3206|3234|3236|3246|3247|3261|3268|3270|3273|3278|3281|3284|3294|3303|3306|3316|3317|3322|3343|3347|3355|3360|3373|3375|3381|3383|3392|3399|3401|3407|3411|3420|3422|3424|3425|3426|3427|3435|3436|3437|3438|3440|3442|3452|3458|3465|3467|3471|3476|3478|3481|3493|3499|3500|3502|3504|3511|3513|3524|3530|3538|3546|3560|3565|3568|3575|3577|3586|3587|3598|3603|3615|3627|3631|3637|3643|3651|3656|3657|3697|3703|3715|3718|3729|3742|3751|3753|3756|3761|3781|3798|3802|3808|3811|3815|3834|3837|3845|3854|3859|3861|3864|3867|3880|3893|3897|3899|3902|3903|3924|3926|3935|3939|3963|3977|3982|3990|3993|3999|4000|4001|4004|4011|4028|4034|4035|4036|4075|4080|4134|4147|4153|4155|4162|4173|4181|4185|4194|4200|4209|4212|4214|4229|4236|4238|4249|4254|4257|4259|4261|4269|4287|4294|4298|4300|4306|4307|4326|4330|4333|4339|4351|4352|4355|4356|4360|4372|4373|4382|4387|4395|4396|4404|4405|4408|4409|4411|4422|4427|4439|4445|4448|4451|4454|4455|4463|4471|4472|4473|4475|4490|4492|4496|4524|4527|4542|4544|4547|4558|4561|4565|4573|4581|4592|4613|4616|4619|4620|4632|4647|4653|4658|4687|4697|4712|4715|4724|4729|4740|4742|4743|4747|4764|4770|4775|4782|4783|4796|4800|4805|4811|4818|4822|4823|4824|4829|4843|4847|4851|4860|4867|4870|4872|4878|4883|4885|4892|4902|4906|4907|4923|4933|4934|4949|4956|4958|4965|4971|4972|4982|4983|4987|4991|4994|5006|5027|5028|5031|5032|5034|5041|5042|5046|5049|5052|5058|5068|5097|5098|5105|5109|5110|5113|5125|5126|5133|5141|5147|5153|5159|5163|5165|5166|5172|5184|5199|5209|5225|5232|5233|5235|5243|5244|5247|5267|5274|5281|5282|5285|5292|5305|5307|5310|5323|5343|5346|5353|5376|5377|5382|5387|5398|5401|5418|5430|5446|5472|5496|5511|5521|5523|5540|5543|5544|5556|5563|5569|5582|5589|5596|5604|5610|5615|5617|5624|5626|5633|5641|5648|5656|5658|5660|5666|5670|5680|5691|5692|5695|5698|5703|5709|5711|5713|5725|5732|5737|5746|5747|5748|5753|5754|5755|5757|5761|5770|5778|5785|5798|5806|5810|5813|5817|5825|5831|5832|5838|5843|5851|5852|5864|5867|5870|5875|5876|5897|5902|5906|5926|5967|5970|5996|6005|6024|6027|6040|6049|6050|6061|6065|6069|6070|6073|6093|6094|6095|6103|6107|6110|6112|6117|6124|6143|6150|6156|6162|6183|6187|6189|6190|6191|6195|6199|6217|6223|6234|6238|6239|6241|6243|6253|6255|6259|6263|6265|6268|6289|6291|6298|6314|6321|6324|6325|6326|6331|6337|6342|6344|6347|6350|6356|6368|6372|6396|6414|6416|6417|6426|6432|6434|6436|6460|6462|6465|6468|6479|6486|6487|6492|6493|6503|6512|6532|6534|6545|6555|6557|6559|6566|6573|6574|6575|6603|6629|6630|6632|6656|6669|6679|6687|6698|6706|6711|6724|6736|6737|6740|6764|6766|6770|6781|6792|6793|6795|6801|6806|6815|6819|6825|6832|6839|6841|6843|6848|6856|6858|6860|6870|6872|6874|6898|6909|6942|6949|6958|6959|6962|6964|6977|6979|6994|6998|7019|7022|7031|7033|7037|7039|7045|7058|7062|7065|7067|7068|7073|7079|7084|7096|7106|7116|7118|7120|7124|7125|7129|7143|7152|7173|7185|7189|7198|7207|7208|7211|7216|7218|7220|7223|7255|7258|7264|7274|7275|7277|7286|7290|7300|7333|7338|7342|7343|7345|7361|7365|7392|7420|7421|7428|7436|7439|7449|7457|7458|7461|7462|7476|7490|7514|7524|7526|7530|7532|7564|7570|7571|7574|7582|7612|7624|7637|7640|7648|7656|7667|7669|7691|7704|7712|7719|7721|7728|7732|7735|7749|7751|7763|7765|7767|7772|7781|7782|7786|7792|7801|7807|7811|7819|7840|7854|7861|7864|7875|7876|7881|7890|7892|7902|7912|7913|7920|7922|7926|7929|7930|7935|7940|7948|7950|7961|7988|7995|7998|7999|8001|8006|8009|8016|8020|8024|8034|8035|8041|8047|8052|8064|8066|8074|8094|8109|8110|8113|8124|8136|8140|8146|8161|8178|8206|8212|8216|8218|8219|8220|8226|8231|8243|8247|8252|8279|8293|8302|8306|8315|8318|8322|8328|8342|8343|8344|8346|8351|8354|8360|8363|8366|8368|8369|8378|8387|8394|8395|8398|8399|8410|8411|8413|8416|8426|8434|8436|8443|8444|8469|8477|8489|8495|8496|8499|8504|8516|8518|8521|8525|8531|8536|8540|8546|8549|8553|8558|8570|8573|8587|8592|8596|8599|8602|8606|8612|8613|8636|8639|8642|8647|8649|8653|8669|8671|8674|8685|8700|8717|8721|8725|8731|8744|8754|8758|8765|8784|8814|8835|8846|8853|8855|8859|8863|8867|8873|8880|8902|8907|8910|8912|8922|8931|8936|8949|8962|8968|8974|8976|8978|8984|8996|9011|9014|9022|9023|9032|9040|9048|9051|9056|9057|9061|9067|9068|9072|9073|9075|9088|9100|9111|9133|9144|9148|9163|9164|9171|9189|9212|9214|9241|9243|9244|9246|9253|9258|9262|9266|9273|9276|9292|9293|9302|9310|9313|9316|9323|9326|9328|9330|9339|9353|9355|9358|9360|9365|9366|9369|9373|9379|9381|9384|9385|9387|9396|9406|9415|9420|9441|9442|9443|9445|9451|9468|9488|9492|9493|9506|9517|9518|9533|9541|9542|9559|9568|9575|9589|9592|9593|9608|9610|9622|9623|9629|9647|9648|9653|9666|9669|9678|9686|9712|9729|9758|9760|9769|9775|9780|9786|9791|9794|9802|9804|9806|9818|9822|9823|9824|9830|9832|9844|9847|9851|9873|9877|9891|9897|9899|9901|9907|9910|9912|9913|9917|9919|9950|9968|9975|9982|10006|10010|10015|10016|10018|10024|10027|10028|10034|10038|10039|10072|10078|10088|10113|10115|10117|10121|10130|10134|10140|10141|10142|10143|10151|10166|10173|10188|10198|10216|10221|10222|10225|10226|10232|10240|10244|10257|10258|10262|10265|10268|10273|10286|10287|10289|10295|10297|10301|10302|10303|10305|10314|10323|10324|10331|10334|10345|10351|10366|10367|10373|10386|10389|10391|10405|10415|10421|10431|10432|10466|10470|10473|10498|10519|10531|10534|10543|10550|10554|10556|10578|10588|10590|10611|10621|10642|10648|10664|10675|10698|10703|10716|10719|10721|10723|10730|10732|10737|10741|10748|10758|10763|10773|10775|10776|10781|10786|10801|10803|10806|10809|10816|10825|10832|10845|10850|10856|10870|10876|10880|10889|10895|10900|10904|10905|10908|10915|10916|10917|10924|10925|10941|10947|10955|10963|10968,144.78571428571428,True
instance_0014.txt,knapsack,5069,372,4725,11579|11670|7936|8462|4436|792|1241|5895|10975|10914|11876|12014|157|363|1850|2661|2806|5655|9779|10281|11059|4461|11810|587|1666|2575|2927|6200|7211|8447|11774|11959|1389|5774|10153|10736|11100|139|177|183|1036|1860|1925|1928|1975|3748|3749|3943|4169|4487|4505|4850|4956|5092|5246|5842|6174|7505|7825|7993|8757|9851|10375|10844|10867|10932|11118|11445|11649|12270|347|606|1032|1164|1741|1942|1986|2272|2350|2560|2803|3154|3158|3521|3857|3862|3995|3998|4113|4449|4504|5436|5658|5755|6023|7028|7245|7377|7653|8213|8242|8263|8470|8615|8686|8712|8836|8896|9626|9743|9759|10583|10761|11272|11641|11705|12136|42|62|100|112|154|213|272|313|344|488|497|526|591|595|663|895|1261|1458|1496|1518|1537|1545|1593|1616|1854|1968|1982|2153|2161|2188|2233|2246|2260|2354|2411|2715|2786|2808|2874|2951|3003|3272|3288|3384|3401|3552|3564|3579|3583|3785|3953|4203|4300|4380|4520|4618|4691|4785|4815|5017|5156|5348|5382|5860|5911|6129|6176|6313|6534|6662|6836|6851|6964|7233|7450|7588|7651|7674|7777|7779|7782|7839|7883|8042|8113|8431|8495|8497|8582|8785|8927|9019|9148|9321|9456|9511|9746|9785|9900|9917|10053|10196|10223|10318|10332|10334|10374|10454|10587|10704|10749|10768|10769|11246|11399|11426|11779|11796|11935|12006|12210|12286|12325|208|217|308|454|491|520|521|550|575|580|605|684|778|873|995|1147|1252|1336|1379|1385|1430|1460|1481|1500|1519|1582|1583|1627|1712|1713|1777|1800|1824|1932|1955|2008|2044|2170|2341|2608|2636|2641|2683|2713|2770|2771|3093|3105|3114|3118|3179|3185|3195|3240|3431|3461|3511|3513|3526|3595|3596|3604|3667|3692|3771|3839|4013|4030|4054|4103|4168|4191|4267|4577|4586|4636|4776|4856|4859|4897|4934|5015|5029|5041|5101|5116|5137|5147|5195|5212|5221|5754|5761|5835|5887|5924|5936|5982|6058|6105|6193|6220|6255|6321|6408|6563|6605|6611|6643|6682|6872|6893|6904|6916|6927|6977|6995|7012|7153|7179|7498|7553|7624|7657|7693|7706|7731|7964|8050|8137|8141|8152|8234|8264|8276|8296|8309|8319|8409|8418|8426|8474|8605|8612|8678|8689|8706|8833|8851|8861|9031|9056|9117|9132|9136|9170|9197|9212|9311|9352|9531|9555|9604|9641|9643|9644|9656|9727|9798|9815|9821|9997|9998|10105|10165|10259|10275|10608|10656|10759|10760|10772|10797|10827|10879|10913|11065|11172|11174|11230|11328|11544|11578|11583|11686|11700|11704|11829|11900|11989|11995|12119|12152|12264|14|17|39|46|57|74|148|161|169|173|174|180|182|186|203|219|224|231|243|264|267|269|287|307|315|326|327|331|343|349|376|408|418|440|442|444|456|460|468|471|502|517|525|540|577|593|598|615|616|660|662|690|692|693|731|749|758|776|818|848|853|869|877|881|892|894|901|902|911|917|931|948|1002|1004|1012|1014|1051|1053|1055|1064|1088|1114|1116|1124|1126|1127|1130|1134|1138|1161|1170|1194|1231|1245|1274|1297|1299|1315|1344|1366|1367|1370|1396|1406|1436|1454|1471|1478|1533|1541|1547|1554|1563|1580|1595|1603|1655|1670|1691|1704|1715|1719|1756|1758|1761|1794|1801|1872|1884|1886|1906|1907|1910|1936|1937|1939|1949|1985|1989|2052|2075|2076|2081|2115|2133|2135|2179|2184|2230|2257|2263|2268|2273|2281|2284|2287|2291|2294|2298|2300|2380|2397|2413|2419|2428|2433|2448|2457|2458|2467|2472|2510|2514|2517|2520|2523|2531|2536|2547|2549|2568|2600|2626|2628|2640|2644|2653|2673|2674|2688|2702|2706|2717|2734|2736|2738|2754|2762|2763|2764|2839|2849|2856|2870|2881|2905|2918|2933|2946|2954|2961|2964|2965|2967|2983|2995|3011|3016|3035|3043|3065|3070|3079|3089|3110|3117|3134|3141|3153|3194|3199|3212|3222|3239|3241|3242|3268|3273|3287|3312|3316|3325|3346|3398|3447|3455|3472|3473|3489|3493|3495|3505|3516|3517|3518|3522|3527|3538|3540|3549|3560|3569|3602|3608|3615|3624|3664|3669|3672|3689|3700|3703|3708|3724|3780|3787|3797|3812|3815|3828|3832|3835|3906|3913|3938|3940|3945|3956|3958|3997|4008|4014|4022|4025|4027|4033|4038|4066|4069|4071|4108|4121|4124|4126|4140|4144|4161|4179|4183|4187|4193|4215|4227|4252|4260|4294|4298|4307|4322|4324|4332|4347|4361|4371|4403|4412|4435|4442|4445|4448|4464|4468|4469|4525|4526|4527|4542|4549|4558|4563|4565|4584|4590|4608|4642|4660|4666|4694|4721|4738|4754|4780|4786|4790|4801|4802|4816|4825|4841|4846|4866|4872|4901|4911|4914|4919|4940|4970|4973|5008|5022|5034|5048|5056|5087|5115|5130|5146|5170|5171|5186|5198|5219|5233|5234|5238|5243|5249|5262|5264|5278|5290|5300|5324|5325|5359|5366|5383|5387|5395|5401|5407|5422|5424|5442|5443|5454|5495|5496|5497|5501|5502|5505|5507|5542|5551|5553|5554|5556|5564|5572|5586|5598|5604|5623|5692|5705|5711|5718|5723|5736|5756|5762|5778|5787|5794|5823|5830|5858|5863|5868|5878|5899|5908|5923|5933|5941|5948|5954|5961|5967|5973|5988|5991|6017|6021|6033|6065|6080|6127|6138|6144|6146|6150|6155|6163|6186|6197|6203|6209|6218|6221|6223|6226|6229|6243|6272|6302|6308|6318|6327|6340|6341|6354|6364|6368|6378|6419|6437|6438|6451|6453|6487|6500|6501|6502|6540|6560|6564|6573|6615|6648|6705|6719|6729|6738|6743|6756|6797|6800|6807|6812|6822|6827|6841|6849|6871|6885|6896|6906|6910|6921|6926|6957|6972|6975|6980|7009|7022|7032|7045|7057|7064|7071|7075|7082|7106|7107|7134|7156|7164|7181|7192|7203|7216|7220|7228|7307|7311|7340|7344|7350|7373|7378|7405|7414|7423|7453|7457|7478|7502|7517|7523|7535|7539|7540|7565|7586|7605|7616|7620|7628|7632|7645|7658|7660|7686|7690|7709|7721|7733|7744|7768|7820|7826|7831|7856|7857|7869|7889|7947|7951|7956|7977|7996|8003|8011|8067|8068|8077|8092|8108|8126|8130|8145|8149|8160|8180|8197|8199|8207|8212|8220|8235|8236|8238|8240|8246|8282|8348|8351|8353|8414|8421|8457|8461|8517|8518|8533|8538|8549|8559|8574|8609|8635|8653|8660|8681|8684|8703|8711|8714|8715|8763|8770|8776|8787|8813|8848|8867|8883|8887|8895|8922|8925|8931|8936|8953|8970|8972|8977|8997|9033|9034|9054|9067|9083|9111|9113|9142|9162|9163|9171|9179|9181|9191|9207|9265|9274|9290|9300|9303|9306|9308|9320|9322|9336|9337|9382|9399|9414|9446|9470|9474|9512|9548|9558|9568|9597|9609|9616|9629|9650|9658|9660|9686|9691|9703|9747|9750|9818|9853|9868|9876|9904|9907|9933|9944|9948|9979|9985|9989|9991|10001|10016|10023|10037|10051|10054|10056|10063|10080|10104|10106|10125|10127|10146|10149|10150|10151|10158|10178|10187|10212|10215|10236|10261|10264|10272|10284|10289|10308|10316|10319|10324|10354|10378|10381|10401|10403|10409|10436|10441|10448|10479|10484|10492|10503|10512|10513|10515|10523|10541|10556|10593|10634|10658|10679|10725|10729|10732|10750|10777|10782|10823|10826|10833|10836|10838|10881|10894|10900|10921|10926|10928|10931|10953|10957|10963|10977|10998|11002|11014|11021|11032|11070|11090|11105|11120|11121|11135|11139|11146|11155|11159|11162|11173|11183|11186|11188|11202|11233|11245|11251|11292|11298|11300|11312|11326|11329|11342|11357|11360|11361|11367|11375|11404|11449|11456|11460|11471|11482|11485|11494|11514|11529|11532|11556|11569|11571|11574|11575|11588|11622|11624|11635|11673|11714|11736|11749|11756|11757|11766|11767|11773|11803|11813|11824|11825|11827|11834|11836|11843|11854|11879|11892|11898|11932|11942|11949|11976|11981|11986|12004|12018|12025|12056|12061|12074|12107|12153|12162|12168|12183|12232|12258|12294|12297|12306|12314|12318|12321|12341|12353|12368|12388|0|1|2|3|4|5|6|7|8|9|10|11|12|13|15|16|18|19|20|21|22|23|24|25|26|27|28|29|30|31|32|33|34|35|36|37|38|40|41|43|44|45|47|48|49|50|51|52|53|54|55|56|58|59|60|61|63|64|65|66|67|68|69|70|71|72|73|75|76|77|78|79|80|81|82|83|84|85|86|87|88|89|90|91|92|93|94|95|96|97|98|99|101|102|103|104|105|106|107|108|109|110|111|113|114|115|116|117|118|119|120|121|122|123|124|125|126|127|128|129|130|131|132|133|134|135|136|137|138|140|141|142|143|144|145|146|147|149|150|151|152|153|155|156|158|159|160|162|163|164|165|166|167|168|170|171|172|175|178|179|181|184|185|187|188|189|190|191|192|193|194|195|196|197|198|199|200|201|202|204|205|206|207|209|210|211|212|214|215|216|218|220|221|222|223|225|226|227|228|229|230|232|234|235|236|237|238|239|240|241|242|244|245|246|247|248|249|250|251|252|253|254|255|256|257|258|259|260|261|262|263|265|266|268|270|271|273|274|275|276|277|278|279|280|281|282|283|284|285|286|288|289|290|291|292|293|294|295|296|297|298|299|300|301|302|303|304|305|306|309|310|311|312|314|317|318|319|320|321|322|323|324|325|328|329|330|332|333|334|335|336|337|338|339|340|341|342|345|346|348|350|351|352|353|354|355|356|357|358|359|360|361|362|364|365|366|367|368|369|370|371|372|373|374|375|377|378|379|380|381|382|383|384|385|386|387|388|389|390|391|392|393|394|395|396|397|398|399|400|401|402|403|404|405|406|407|409|410|411|412|413|414|415|416|417|419|420|421|422|423|424|425|426|427|428|429|430|431|432|433|434|435|436|437|438|439|441|443|445|446|447|448|449|450|451|452|453|455|457|458|459|461|462|463|464|465|466|467|469|470|472|473|474|475|476|477|478|479|480|481|482|483|484|485|486|487|489|490|492|493|494|495|496|498|499|500|501|503|504|505|506|507|508|509|510|511|512|513|514|515|516|518|519|522|523|524|527|528|529|530|531|532|533|534|535|536|537|538|539|541|542|543|544|545|546|547|548|549|551|552|553|554|555|556|557|558|559|560|561|562|563|564|565|566|567|568|569|570|571|572|573|574|576|578|579|581|582|583|584|585|586|588|589|590|592|594|596|597|599|600|601|602|603|604|607|608|609|610|611|612|613|614|617|618|619|620|621|622|623|624|625|626|627|628|629|630|631|632|633|634|635|636|637|638|639|640|641|642|643|644|645|646|647|648|649|650|651|652|653|654|655|656|657|658|659|661|664|665|666|667|668|669|670|671|672|673|674|675|676|677|678|679|680|681|682|683|685|686|687|688|689|691|694|695|696|697|698|699|700|701|702|703|704|706|707|708|709|710|711|712|713|714|715|716|717|718|719|720|721|722|723|724|725|726|727|728|729|730|732|733|734|735|736|737|738|739|740|741|742|743|744|745|746|747|748|750|751|752|753|754|755|756|757|759|760|761|762|763|764|765|766|767|768|770|771|772|773|774|775|777|779|780|781|782|783|784|785|786|787|788|789|790|791|793|794|795|796|797|798|799|800|801|802|803|804|805|806|807|808|810|811|812|813|814|815|816|817|819|820|821|822|823|824|825|826|827|828|829|830|831|832|833|834|835|836|837|838|839|840|841|842|843|844|845|846|847|849|850|851|852|854|855|856|857|858|859|860|861|862|863|864|865|867|868|870|871|872|874|875|876|878|879|880|882|883|884|885|886|887|888|889|890|891|893|896|897|898|899|900|903|904|905|906|907|908|909|910|912|913|914|915|916|918|919|920|921|922|923|924|925|926|927|928|929|930|932|933|934|935|936|937|938|939|940|941|942|943|944|945|946|947|949|950|951|952|953|954|955|956|957|958|959|960|961|962|963|964|965|966|967|968|969|970|971|972|973|974|975|976|977|978|979|980|981|982|983|984|985|986|987|988|989|990|991|992|993|994|996|997|998|999|1000|1001|1003|1005|1006|1007|1008|1009|1010|1011|1013|1015|1016|1017|1018|1019|1020|1021|1022|1023|1024|1025|1026|1027|1028|1029|1030|1031|1033|1034|1035|1037|1038|1039|1040|1041|1042|1043|1044|1045|1046|1047|1048|1049|1050|1052|1054|1056|1057|1058|1059|1060|1061|1062|1063|1065|1066|1067|1068|1069|1070|1071|1072|1073|1074|1075|1076|1077|1078|1079|1080|1081|1082|1083|1084|1085|1086|1087|1089|1090|1091|1092|1093|1094|1095|1096|1097|1098|1099|1100|1101|1102|1103|1104|1105|1106|1107|1108|1109|1110|1111|1112|1113|1115|1117|1118|1119|1120|1121|1122|1123|1125|1128|1129|1131|1132|1133|1135|1136|1137|1139|1140|1141|1142|1143|1144|1145|1146|1148|1149|1150|1151|1152|1153|1154|1155|1156|1157|1158|1159|1160|1162|1163|1165|1166|1167|1168|1169|1171|1172|1173|1174|1175|1176|1177|1178|1179|1180|1181|1182|1183|1184|1185|1186|1187|1188|1189|1190|1191|1192|1193|1195|1196|1197|1198|1199|1200|1201|1202|1203|1204|1205|1206|1207|1208|1209|1210|1211|1212|1213|1214|1215|1216|1217|1218|1219|1220|1221|1222|1223|1224|1225|1226|1227|1228|1229|1230|1232|1233|1234|1235|1236|1237|1238|1239|1240|1242|1243|1244|1246|1247|1248|1249|1250|1251|1253|1254|1255|1256|1257|1258|1259|1260|1262|1263|1264|1265|1266|1267|1268|1269|1270|1272|1273|1275|1276|1277|1278|1279|1280|1281|1282|1283|1284|1285|1286|1287|1288|1289|1290|1291|1292|1293|1294|1295|1296|1298|1300|1301|1302|1303|1304|1305|1306|1307|1308|1309|1310|1311|1312|1313|1314|1316|1317|1318|1319|1320|1321|1322|1323|1324|1325|1326|1327|1328|1329|1330|1331|1332|1333|1334|1335|1337|1338|1339|1340|1341|1342|1343|1345|1346|1348|1349|1350|1351|1353|1354|1355|1356|1357|1358|1359|1360|1361|1362|1363|1364|1365|1368|1369|1371|1372|1373|1374|1375|1376|1377|1378|1380|1381|1382|1383|1384|1386|1387|1390|1391|1392|1393|1394|1395|1397|1398|1399|1401|1402|1403|1404|1405|1407|1408|1409|1410|1411|1412|1413|1414|1415|1416|1417|1418|1419|1420|1421|1422|1423|1424|1425|1426|1427|1428|1429|1431|1432|1433|1434|1435|1437|1438|1439|1440|1441|1442|1443|1444|1445|1446|1447|1448|1449|1450|1451|1452|1453|1455|1456|1457|1459|1461|1462|1463|1464|1465|1466|1467|1468|1469|1470|1472|1473|1474|1475|1476|1477|1479|1480|1482|1483|1484|1485|1486|1487|1489|1490|1491|1492|1493|1494|1495|1497|1498|1499|1501|1502|1503|1504|1505|1506|1507|1508|1509|1510|1511|1512|1513|1514|1515|1516|1517|1520|1521|1522|1523|1524|1525|1526|1527|1528|1529|1530|1531|1532|1534|1535|1536|1538|1539|1540|1542|1543|1544|1546|1548|1549|1550|1551|1552|1553|1555|1556|1557|1558|1559|1560|1561|1562|1564|1565|1566|1567|1568|1569|1570|1571|1572|1573|1574|1575|1576|1577|1578|1579|1581|1584|1585|1586|1587|1588|1589|1590|1591|1592|1594|1596|1597|1598|1599|1600|1601|1602|1604|1605|1606|1607|1608|1609|1610|1611|1612|1613|1614|1615|1617|1618|1619|1620|1621|1622|1623|1624|1625|1626|1628|1629|1630|1631|1632|1633|1634|1635|1636|1637|1638|1639|1640|1641|1642|1643|1644|1645|1646|1647|1648|1649|1650|1651|1652|1653|1654|1656|1657|1658|1659|1660|1661|1662|1663|1664|1665|1667|1668|1669|1671|1672|1673|1674|1675|1676|1677|1678|1679|1680|1681|1682|1683|1684|1685|1686|1687|1688|1689|1690|1692|1693|1694|1695|1696|1697|1698|1699|1700|1701|1702|1703|1705|1706|1707|1708|1709|1710|1711|1714|1716|1717|1718|1720|1721|1722|1723|1724|1725|1726|1727|1728|1729|1730|1731|1732|1733|1734|1735|1736|1737|1738|1739|1740|1742|1743|1744|1745|1747|1748|1749|1750|1751|1752|1753|1754|1755|1759|1760|1762|1763|1764|1765|1766|1767|1768|1769|1770|1771|1772|1773|1774|1775|1776|1778|1779|1780|1781|1782|1783|1784|1785|1786|1787|1788|1789|1790|1791|1792|1793|1795|1796|1797|1798|1799|1802|1803|1804|1805|1806|1807|1808|1809|1810|1811|1812|1813|1814|1815|1816|1817|1818|1819|1820|1821|1822|1823|1826|1827|1828|1829|1830|1831|1832|1833|1834|1835|1836|1837|1838|1839|1840|1841|1842|1843|1844|1845|1846|1847|1848|1849|1851|1852|1853|1855|1856|1857|1858|1859|1861|1862|1863|1864|1865|1866|1867|1868|1869|1870|1871|1873|1874|1875|1876|1877|1878|1879|1880|1881|1882|1883|1885|1887|1888|1889|1890|1891|1892|1893|1894|1895|1896|1897|1898|1899|1900|1901|1902|1903|1904|1905|1908|1911|1912|1913|1914|1915|1916|1917|1918|1919|1920|1921|1922|1923|1924|1926|1927|1929|1930|1931|1933|1934|1935|1938|1940|1941|1943|1944|1945|1946|1947|1948|1950|1951|1952|1953|1954|1956|1957|1958|1959|1960|1962|1963|1964|1965|1966|1967|1969|1970|1971|1972|1973|1974|1976|1977|1978|1979|1980|1981|1983|1984|1987|1988|1990|1991|1992|1993|1994|1995|1996|1997|1998|1999|2000|2001|2002|2003|2004|2005|2006|2007|2009|2011|2012|2013|2014|2015|2016|2017|2018|2019|2020|2021|2022|2023|2024|2025|2026|2027|2028|2029|2030|2031|2032|2033|2034|2035|2036|2037|2038|2039|2040|2041|2042|2043|2045|2046|2047|2048|2049|2050|2051|2053|2054|2055|2056|2057|2058|2059|2060|2061|2062|2063|2064|2065|2066|2067|2068|2069|2070|2071|2072|2073|2074|2077|2078|2079|2080|2082|2083|2084|2085|2086|2087|2088|2089|2090|2091|2092|2093|2094|2095|2096|2097|2098|2099|2100|2101|2102|2103|2104|2105|2106|2107|2108|2109|2110|2111|2112|2113|2114|2116|2117|2118|2119|2120|2121|2122|2123|2124|2125|2126|2127|2128|2129|2130|2131|2132|2134|2136|2137|2138|2140|2141|2142|2143|2144|2145|2146|2147|2148|2149|2150|2151|2152|2154|2155|2156|2157|2158|2159|2160|2162|2163|2164|2165|2166|2167|2168|2169|2171|2172|2173|2174|2175|2176|2177|2178|2180|2181|2182|2183|2185|2186|2187|2189|2190|2191|2192|2193|2194|2196|2197|2198|2199|2200|2201|2202|2203|2204|2205|2206|2207|2208|2209|2210|2211|2212|2213|2214|2215|2216|2217|2218|2219|2220|2221|2222|2223|2224|2225|2226|2227|2228|2229|2231|2232|2234|2235|2236|2237|2238|2239|2240|2241|2242|2243|2244|2245|2247|2248|2249|2250|2251|2252|2253|2254|2255|2256|2258|2259|2261|2262|2264|2265|2266|2267|2269|2270|2271|2274|2275|2276|2277|2278|2279|2280|2282|2283|2285|2286|2288|2289|2290|2292|2293|2295|2296|2297|2299|2301|2302|2303|2304|2305|2306|2307|2308|2309|2310|2311|2312|2313|2314|2315|2316|2317|2318|2319|2320|2321|2322|2323|2324|2325|2326|2327|2328|2329|2330|2331|2332|2333|2334|2335|2336|2337|2338|2339|2340|2342|2343|2344|2345|2346|2347|2348|2349|2351|2352|2353|2355|2356|2357|2358|2359|2360|2361|2362|2363|2364|2365|2366|2367|2368|2369|2370|2371|2372|2373|2374|2375|2376|2377|2378|2379|2381|2382|2383|2384|2385|2386|2387|2388|2389|2390|2391|2392|2393|2394|2395|2396|2398|2399|2400|2401|2402|2403|2404|2405|2406|2407|2408|2409|2410|2412|2414|2415|2416|2417|2418|2420|2421|2422|2423|2424|2425|2426|2427|2429|2430|2431|2432|2434|2435|2436|2437|2438|2439|2440|2441|2442|2443|2444|2445|2446|2447|2449|2450|2451|2452|2453|2454|2455|2456|2459|2460|2461|2462|2463|2464|2465|2466|2468|2469|2470|2471|2473|2474|2475|2476|2477|2478|2479|2480|2481|2482|2484|2485|2486|2487|2488|2489|2490|2491|2492|2493|2494|2495|2496|2497|2498|2499|2500|2501|2502|2503|2505|2506|2507|2508|2509|2511|2512|2513|2515|2516|2518|2519|2521|2522|2524|2525|2526|2527|2528|2529|2530|2532|2533|2534|2535|2537|2538|2539|2540|2541|2542|2543|2544|2545|2546|2548|2550|2551|2552|2553|2554|2555|2556|2557|2558|2559|2561|2562|2563|2564|2565|2566|2567|2569|2570|2571|2572|2573|2574|2576|2577|2578|2579|2580|2581|2582|2583|2584|2585|2586|2587|2588|2589|2590|2591|2592|2593|2594|2595|2596|2597|2598|2599|2601|2602|2603|2604|2605|2606|2607|2609|2610|2611|2612|2613|2614|2615|2616|2617|2618|2619|2620|2621|2622|2623|2624|2625|2627|2629|2630|2631|2632|2633|2634|2635|2637|2638|2639|2642|2643|2645|2646|2647|2648|2649|2650|2651|2652|2654|2655|2656|2657|2658|2659|2660|2662|2663|2664|2665|2666|2667|2668|2669|2670|2671|2672|2675|2676|2677|2678|2679|2680|2681|2682|2684|2685|2686|2687|2689|2690|2691|2692|2693|2694|2695|2696|2697|2698|2699|2700|2701|2703|2704|2705|2707|2708|2709|2710|2711|2712|2714|2716|2718|2719|2720|2721|2722|2723|2724|2725|2726|2727|2728|2729|2730|2731|2732|2733|2735|2737|2739|2740|2741|2742|2743|2744|2746|2747|2748|2749|2750|2751|2752|2753|2755|2756|2757|2758|2759|2760|2761|2765|2767|2768|2769|2772|2773|2774|2775|2776|2777|2778|2779|2780|2781|2782|2783|2784|2785|2787|2788|2789|2790|2791|2792|2793|2794|2795|2796|2797|2798|2799|2800|2801|2802|2804|2805|2807|2809|2810|2811|2812|2813|2814|2815|2816|2817|2818|2819|2820|2821|2822|2823|2824|2825|2826|2827|2828|2829|2830|2831|2832|2833|2834|2835|2836|2837|2838|2840|2841|2842|2843|2844|2845|2846|2847|2848|2850|2851|2852|2853|2854|2855|2857|2858|2859|2860|2861|2862|2863|2864|2865|2866|2867|2868|2869|2871|2872|2873|2875|2876|2877|2878|2879|2880|2882|2883|2884|2885|2886|2887|2888|2889|2890|2891|2892|2893|2894|2895|2896|2897|2898|2899|2900|2901|2902|2903|2904|2906|2907|2908|2909|2910|2911|2912|2913|2914|2915|2916|2917|2919|2920|2921|2922|2923|2924|2925|2926|2928|2929|2930|2931|2932|2934|2935|2936|2937|2938|2939|2940|2941|2942|2943|2944|2945|2947|2948|2949|2950|2952|2953|2955|2956|2957|2958|2959|2960|2962|2963|2966|2968|2969|2970|2971|2972|2973|2974|2975|2976|2977|2978|2979|2980|2981|2982|2984|2985|2986|2987|2988|2989|2990|2991|2992|2993|2994|2996|2997|2998|2999|3000|3001|3002|3004|3005|3006|3007|3008|3009|3010|3012|3013|3014|3015|3018|3019|3020|3021|3022|3023|3024|3025|3026|3027|3028|3029|3030|3031|3032|3033|3034|3036|3037|3038|3039|3040|3041|3042|3045|3046|3047|3048|3049|3050|3051|3052|3053|3054|3055|3056|3057|3058|3059|3060|3061|3062|3063|3064|3066|3067|3068|3069|3071|3072|3073|3074|3075|3076|3077|3078|3080|3081|3082|3083|3084|3085|3086|3087|3088|3090|3091|3092|3094|3095|3096|3097|3098|3099|3100|3101|3102|3103|3104|3106|3107|3108|3109|3111|3112|3113|3115|3116|3119|3120|3121|3122|3123|3124|3125|3126|3127|3128|3129|3130|3131|3132|3133|3135|3136|3137|3138|3139|3140|3142|3143|3144|3145|3146|3147|3148|3149|3150|3151|3152|3155|3156|3157|3159|3160|3161|3162|3165|3166|3167|3168|3169|3170|3171|3172|3173|3174|3175|3176|3177|3178|3180|3181|3182|3183|3184|3186|3187|3188|3189|3190|3191|3192|3193|3196|3197|3198|3200|3201|3202|3203|3204|3205|3206|3207|3208|3209|3210|3211|3213|3214|3215|3216|3217|3218|3219|3220|3221|3223|3224|3225|3226|3227|3228|3229|3230|3231|3232|3233|3234|3235|3236|3237|3238|3243|3244|3245|3246|3247|3248|3249|3250|3251|3252|3253|3254|3255|3256|3257|3258|3259|3260|3261|3262|3263|3264|3265|3266|3267|3269|3270|3271|3274|3275|3276|3277|3278|3279|3280|3281|3282|3283|3284|3285|3286|3289|3290|3291|3292|3293|3294|3295|3296|3297|3298|3299|3300|3301|3302|3303|3304|3305|3306|3307|3308|3309|3310|3311|3313|3314|3315|3317|3318|3319|3320|3321|3322|3323|3324|3326|3327|3328|3329|3330|3331|3332|3333|3334|3335|3336|3337|3338|3339|3340|3342|3343|3344|3345|3347|3348|3349|3350|3351|3352|3353|3354|3355|3356|3357|3358|3359|3360|3361|3362|3363|3364|3365|3366|3367|3368|3369|3370|3371|3372|3373|3374|3375|3376|3377|3378|3379|3380|3381|3382|3383|3385|3386|3387|3388|3389|3390|3391|3392|3393|3394|3395|3396|3397|3399|3400|3402|3403|3404|3405|3406|3407|3408|3409|3410|3411|3412|3413|3414|3415|3416|3417|3418|3419|3420|3421|3422|3423|3424|3425|3426|3427|3428|3429|3430|3432|3433|3434|3435|3436|3437|3438|3439|3440|3441|3442|3443|3444|3445|3446|3448|3449|3450|3451|3452|3453|3454|3456|3457|3458|3459|3460|3462|3463|3464|3465|3466|3467|3468|3469|3470|3471|3474|3475|3476|3477|3478|3479|3480|3481|3482|3483|3484|3485|3486|3487|3488|3490|3491|3492|3494|3496|3497|3498|3499|3500|3501|3502|3503|3504|3506|3507|3508|3509|3510|3512|3514|3515|3519|3520|3523|3524|3525|3528|3529|3530|3531|3532|3533|3534|3535|3536|3537|3539|3541|3542|3543|3544|3545|3546|3547|3548|3550|3551|3554|3555|3556|3557|3558|3559|3561|3562|3563|3565|3566|3567|3568|3570|3571|3572|3573|3574|3575|3576|3577|3578|3580|3581|3582|3584|3585|3586|3587|3588|3589|3590|3591|3592|3593|3594|3597|3598|3599|3600|3601|3603|3605|3606|3607|3609|3610|3611|3612|3613|3614|3616|3617|3618|3619|3620|3621|3622|3623|3625|3626|3627|3628|3629|3630|3631|3632|3633|3634|3635|3636|3637|3638|3639|3640|3641|3642|3643|3644|3645|3646|3647|3648|3649|3650|3651|3652|3653|3654|3655|3656|3657|3658|3659|3660|3661|3662|3663|3665|3666|3668|3670|3671|3673|3674|3675|3676|3677|3678|3679|3680|3681|3682|3683|3684|3685|3686|3687|3688|3690|3691|3693|3694|3695|3696|3697|3698|3699|3701|3702|3704|3705|3706|3707|3709|3710|3711|3712|3713|3714|3715|3716|3717|3718|3719|3720|3721|3722|3723|3725|3726|3727|3728|3729|3730|3731|3732|3733|3734|3735|3736|3737|3738|3739|3740|3741|3742|3743|3744|3745|3746|3747|3750|3751|3752|3753|3754|3755|3756|3757|3758|3759|3760|3761|3762|3763|3764|3765|3766|3767|3768|3769|3770|3772|3773|3774|3775|3776|3777|3778|3779|3781|3782|3784|3786|3789|3790|3791|3792|3793|3794|3795|3796|3798|3799|3800|3801|3802|3803|3804|3805|3806|3807|3808|3809|3810|3811|3813|3814|3816|3817|3818|3819|3820|3821|3822|3823|3824|3825|3826|3827|3829|3830|3831|3833|3834|3836|3837|3838|3840|3841|3842|3843|3844|3845|3846|3847|3848|3849|3850|3851|3852|3853|3854|3855|3856|3858|3859|3860|3861|3863|3864|3865|3866|3867|3868|3869|3870|3871|3872|3873|3874|3875|3876|3877|3878|3879|3880|3881|3882|3883|3884|3885|3886|3887|3888|3889|3890|3891|3892|3893|3894|3895|3896|3897|3898|3899|3900|3901|3902|3903|3904|3905|3907|3908|3909|3910|3911|3912|3914|3915|3916|3917|3918|3919|3920|3921|3922|3923|3924|3925|3926|3927|3929|3930|3931|3932|3933|3934|3935|3936|3937|3939|3941|3942|3944|3946|3947|3948|3949|3950|3951|3952|3954|3955|3957|3959|3960|3961|3962|3963|3964|3965|3966|3967|3968|3969|3970|3971|3972|3973|3974|3975|3976|3977|3978|3979|3980|3982|3983|3985|3986|3987|3988|3989|3990|3991|3992|3993|3994|3996|3999|4000|4001|4002|4003|4004|4005|4006|4007|4009|4010|4011|4012|4015|4016|4017|4018|4019|4020|4021|4023|4024|4026|4028|4029|4031|4032|4034|4035|4036|4037|4039|4040|4041|4042|4043|4044|4045|4046|4047|4048|4049|4050|4051|4052|4053|4055|4056|4057|4058|4059|4060|4061|4062|4063|4064|4065|4067|4068|4070|4072|4073|4074|4075|4076|4077|4078|4079|4080|4081|4082|4083|4084|4085|4086|4087|4088|4089|4090|4091|4092|4093|4094|4095|4096|4097|4098|4099|4100|4101|4102|4104|4105|4106|4107|4109|4110|4111|4112|4114|4115|4116|4117|4118|4119|4120|4122|4123|4125|4127|4128|4129|4130|4131|4132|4133|4134|4135|4136|4137|4138|4139|4141|4142|4143|4145|4146|4147|4148|4149|4150|4151|4152|4153|4154|4155|4156|4157|4158|4159|4160|4162|4163|4164|4165|4166|4167|4170|4171|4172|4173|4174|4175|4176|4177|4178|4180|4181|4182|4184|4185|4186|4188|4189|4190|4192|4194|4195|4196|4197|4198|4199|4200|4201|4202|4204|4205|4206|4207|4208|4209|4210|4211|4212|4213|4214|4216|4217|4218|4219|4220|4221|4222|4223|4224|4225|4226|4228|4229|4230|4231|4232|4233|4234,98|76|398|338|2|106|18|313|69|367|274|374|189|3|361|101|1|140|270|34|155|199|255|391|103|342|322|314|320|329|32|316|390|68|222|360|75|366|14|195|327|92|149|216|321|337|344|350|22|370|397|36|56|175|251|254|45|315|44|280|345|362|230|148|375|264|43|273|177|353|402|408|11|58|128|74|141|219|272|277|53|351|379|21|60|79|121|372|400|54|82|87|154|182|288|7|126|144|160|220|119|168|203|381|403|59|173|298|330|0|57|84|120|276|382|10|27|105|159|166|245|252|301|306|346|86|275|297|17|35|40|67|85|107|197|271|292|305|406|4|25|93|104|108|163|196|369|80|133|137|146|207|239|9|26|125|145|174|282|348|364|5|112|152|178|188|190|201|258|289|304|355|373|42|111|127|170|226|279|303|326|384|407|114|129|183|229|242|265|299|312|324|336|52|90|165|202|250|256|323|13|64|143|147|212|248|249|278|318|404|6|30|55|83|164|176|293|310|328|363|377|383|31|33|62|63|102|134|151|171|200|214|225|253|294|365|20|28|39|78|109|124|130|131|169|179|191|224|395|19|51|132|153|198|205|213|243|246|296|371|376|380|405|410|411|16|29|46|70|77|99|100|227|247|257|263|267|286|302|339|347|356|368|378|385|392|122|150|187|204|208|209|228|231|233|234|269|341|352|389|88|91|156|161|162|215|221|223|235|266|284|291|307|308|311|340|388|393|399|8|47|61|96|167|172|184|217|240|241|261|262|283|290|349|354|394|412|12|37|38|41|81|110|123|139|142|192|193|194|295|300|317|319|331|332|343|386|401|409|15|65|71|138|157|186|259|260|285|325|333|359|396,3|4|8|12|13|15|17|21|25|27|30|31|32|35|37|39|42|44|45|46|48|58|61|63|64|67|68|69|73|74|75|76|77|78|82|83|84|85|90|92|93|96|97|98|101|107|108|110|111|112|115|117|118|120|121|122|125|128|133|134|136|137|139|141|143|144|146|148|152|153|155|157|158|160|169|170|171|172|173|174|176|177|179|181|183|184|188|189|192|193|194|195|197|199|206|210|211|212|219|220|221|222|225|226|227|230|231|232|233|236|238|239|242|243|245|247|248|252|253|255|256|257|258|261|262|263|265|268|269|271|272|273|276|277|283|284|285|288|292|295|296|297|300|304|305|306|309|311|312|317|318|321|322|324|327|328|329|330|332|335|336|338|339|340|343|346|349|351|352|354|355|356|358|361|362|363|366|367|369|370|372|373|375|376|378|380|382|385|387|389|391|396|399|401|403|409|410|411|413|414|415|419|420|421|422|424|426|427|429|431|432|433|439|442|444|445|446|451|452|454|456|460|466|470|473|474|478|479|481|482|483|485|487|488|491|494|496|498|500|501|504|507|510|511|512|514|515|521|523|525|526|529|532|538|539|541|543|549|551|552|554|559|562|563|564|568|570|572|573|582|584|585|586|587|589|590|591|592|595|597|599|600|602|606|608|612|615|616|617|618|619|621|624|628|629|630|631|633|635|639|640|644|645|648|649|654|655|657|664|666|668|669|670|672|676|677|679|680|682|684|685|686|687|688|691|692|699|700|702|703|704|706|709|710|712|713|718|722|724|726|727|728|729|731|732|734|735|736|737|738|743|744|749|750|751|752|755|757|758|759|760|763|765|767|768|769|774|778|781|782|784|786|789|791|792|793|794|796|801|803|805|806|808|809|813|815|816|817|818|819|823|824|827|828|829|833|834|836|838|841|842|843|848|849|850|851|853|855|860|862|865|866|868|874|875|881|883|887|888|889|890|894|895|896|899|901|902|905|908|909|910|917|918|920|921|922|923|924|925|926|929|930|931|932|938|940|942|943|945|947|948|958|961|962|964|965|966|970|971|976|977|979|980|990|992|997|998|999|1000|1003|1005|1007|1017|1020|1022|1023|1025|1026|1027|1028|1029|1030|1032|1034|1037|1038|1039|1041|1043|1047|1048|1049|1050|1055|1056|1057|1061|1067|1072|1073|1074|1080|1082|1083|1085|1087|1090|1092|1096|1097|1099|1101|1102|1103|1104|1106|1109|1111|1114|1119|1123|1125|1126|1129|1130|1131|1132|1138|1140|1141|1145|1147|1148|1150|1153|1154|1161|1163|1166|1167|1171|1173|1179|1180|1183|1184|1187|1189|1190|1192|1193|1194|1196|1203|1205|1207|1209|1210|1211|1212|1214|1215|1216|1219|1222|1226|1232|1235|1236|1241|1242|1243|1244|1246|1248|1250|1254|1264|1265|1267|1269|1270|1275|1276|1277|1279|1281|1285|1287|1288|1296|1297|1299|1301|1302|1304|1305|1309|1312|1314|1315|1317|1319|1325|1327|1328|1334|1335|1336|1340|1341|1344|1346|1350|1354|1355|1357|1359|1360|1362|1366|1367|1368|1369|1375|1376|1380|1381|1382|1386|1388|1390|1392|1394|1397|1399|1400|1402|1404|1406|1408|1410|1415|1416|1418|1422|1427|1428|1429|1432|1433|1435|1439|1443|1444|1447|1450|1451|1453|1459|1460|1461|1462|1463|1464|1467|1481|1485|1486|1487|1492|1493|1499|1503|1504|1510|1514|1516|1519|1521|1524|1527|1531|1537|1538|1541|1542|1545|1546|1548|1551|1554|1555|1557|1561|1563|1565|1568|1570|1573|1574|1578|1581|1582|1583|1584|1585|1589|1590|1591|1592|1595|1596|1600|1609|1610|1613|1614|1616|1619|1621|1622|1625|1627|1629|1631|1633|1639|1640|1645|1648|1649|1650|1651|1652|1653|1658|1660|1662|1663|1667|1668|1669|1671|1673|1674|1675|1676|1677|1678|1679|1680|1681|1685|1687|1688|1689|1690|1691|1694|1695|1696|1698|1699|1703|1706|1707|1710|1711|1714|1716|1717|1719|1720|1722|1723|1727|1728|1730|1731|1733|1735|1738|1745|1746|1747|1748|1749|1751|1752|1753|1756|1757|1758|1759|1760|1761|1763|1766|1768|1770|1773|1776|1778|1780|1782|1784|1786|1787|1789|1790|1793|1798|1799|1800|1801|1803|1804|1805|1806|1807|1809|1810|1811|1813|1814|1815|1823|1825|1826|1827|1830|1831|1832|1834|1841|1843|1849|1850|1853|1855|1856|1858|1862|1864|1865|1868|1871|1873|1878|1881|1882|1884|1885|1886|1887|1888|1889|1896|1897|1901|1902|1904|1905|1907|1908|1912|1918|1919|1925|1928|1930|1931|1935|1937|1940|1941|1943|1951|1954|1955|1957|1959|1960|1963|1964|1965|1966|1967|1968|1970|1971|1977|1978|1985|1988|1989|1990|1991|1993|1995|2004|2007|2010|2016|2018|2019|2022|2023|2025|2026|2030|2031|2032|2033|2034|2035|2047|2048|2056|2058|2061|2062|2063|2064|2065|2068|2070|2073|2075|2077|2078|2079|2080|2081|2082|2087|2089|2092|2094|2095|2099|2100|2102|2106|2107|2109|2110|2112|2113|2121|2123|2126|2127|2128|2129|2130|2135|2136|2139|2143|2148|2149|2151|2155|2156|2158|2159|2160|2161|2164|2165|2167|2171|2172|2175|2176|2177|2178|2179|2180|2182|2188|2189|2190|2191|2196|2206|2207|2209|2211|2214|2215|2219|2220|2222|2225|2227|2229|2233|2239|2241|2243|2246|2249|2250|2253|2256|2259|2261|2263|2264|2266|2272|2276|2279|2280|2282|2283|2284|2291|2298|2300|2305|2308|2311|2314|2315|2316|2322|2323|2326|2327|2329|2334|2336|2337|2338|2339|2342|2348|2351|2353|2354|2355|2357|2361|2362|2364|2367|2368|2370|2373|2379|2382|2383|2389|2390|2393|2395|2398|2401|2405|2408|2411|2412|2413|2415|2417|2419|2420|2421|2425|2426|2427|2429|2432|2433|2439|2442|2443|2444|2445|2450|2452|2454|2455|2458|2459|2460|2462|2471|2472|2473|2474|2478|2479|2480|2484|2485|2486|2487|2490|2491|2494|2495|2496|2497|2498|2499|2501|2503|2504|2505|2508|2511|2513|2514|2515|2517|2521|2522|2524|2526|2529|2531|2534|2536|2539|2541|2543|2550|2554|2558|2560|2562|2565|2566|2570|2572|2573|2574|2575|2576|2577|2578|2580|2584|2588|2592|2593|2599|2605|2606|2610|2611|2612|2614|2615|2616|2617|2626|2627|2629|2630|2631|2634|2637|2638|2639|2640|2641|2643|2644|2648|2652|2653|2654|2658|2659|2663|2665|2670|2674|2675|2678|2680|2683|2687|2690|2693|2694|2695|2696|2697|2698|2702|2704|2705|2706|2713|2716|2722|2726|2727|2732|2733|2734|2735|2736|2742|2743|2746|2747|2748|2755|2756|2757|2760|2761|2763|2764|2765|2766|2767|2772|2773|2776|2779|2780|2781|2785|2786|2787|2790|2791|2793|2796|2798|2799|2800|2802|2803|2811|2816|2818|2819|2821|2824|2829|2830|2831|2832|2833|2834|2836|2838|2840|2844|2846|2848|2850|2851|2852|2853|2857|2858|2862|2864|2865|2866|2868|2870|2871|2872|2874|2875|2879|2884|2886|2888|2891|2893|2894|2896|2900|2902|2904|2906|2908|2910|2911|2916|2919|2921|2923|2925|2929|2932|2935|2939|2940|2941|2942|2944|2945|2946|2950|2957|2960|2961|2964|2965|2968|2969|2972|2973|2976|2977|2980|2982|2983|2985|2986|2987|2988|2996|2997|2998|3000|3004|3006|3007|3009|3010|3011|3013|3016|3018|3020|3021|3022|3024|3026|3031|3032|3039|3047|3049|3051|3053|3055|3057|3062|3064|3065|3066|3067|3071|3072|3073|3075|3087|3088|3089|3094|3096|3097|3099|3101|3104|3105|3110|3111|3113|3115|3116|3117|3118|3124|3125|3127|3129|3131|3135|3138|3139|3140|3144|3151|3153|3154|3156|3159|3160|3165|3166|3171|3173|3175|3176|3177|3179|3180|3181|3185|3188|3190|3193|3198|3201|3202|3203|3204|3205|3206|3207|3210|3212|3213|3214|3215|3217|3218|3220|3221|3225|3226|3228|3232|3237|3239|3241|3243|3244|3246|3249|3251|3252|3255|3257|3260|3265|3266|3268|3269|3270|3274|3280|3282|3284|3287|3289|3292|3297|3298|3300|3302|3304|3310|3315|3318|3320|3322|3326|3328|3330|3334|3337|3338|3339|3340|3342|3344|3345|3348|3351|3353|3355|3356|3357|3359|3360|3364|3366|3369|3370|3371|3373|3374|3376|3378|3380|3382|3387|3388|3389|3390|3392|3393|3394|3395|3396|3397|3398|3401|3404|3406|3408|3409|3411|3412|3418|3419|3420|3422|3424|3425|3427|3428|3430|3432|3434|3438|3441|3442|3443|3445|3446|3449|3450|3451|3456|3457|3461|3462|3463|3465|3467|3469|3472|3475|3476|3478|3479|3481|3487|3488|3493|3494|3496|3497|3502|3503|3505|3506|3507|3509|3511|3513|3514|3517|3520|3521|3522|3524|3526|3531|3544|3545|3548|3551|3552|3553|3554|3556|3557|3559|3560|3562|3563|3564|3570|3571|3575|3582|3584|3586|3588|3589|3590|3592|3593|3600|3601|3602|3607|3614|3615|3618|3619|3620|3621|3629|3632|3633|3634|3636|3638|3642|3643|3644|3645|3649|3652|3653|3657|3658|3659|3661|3663|3664|3665|3666|3667|3668|3673|3675|3684|3686|3688|3694|3697|3699|3700|3701|3705|3708|3712|3714|3715|3717|3718|3723|3725|3727|3728|3729|3732|3734|3737|3740|3741|3745|3750|3753|3754|3756|3757|3759|3761|3763|3764|3765|3766|3768|3771|3775|3780|3782|3786|3789|3791|3792|3797|3801|3803|3804|3806|3809|3812|3813|3814|3815|3819|3821|3822|3823|3824|3825|3828|3830|3832|3836|3838|3841|3844|3846|3852|3853|3856|3857|3858|3859|3866|3867|3872|3876|3877|3878|3883|3884|3885|3892|3895|3897|3898|3901|3904|3906|3907|3909|3914|3916|3918|3919|3923|3924|3926|3930|3931|3932|3933|3934|3937|3939|3941|3943|3944|3946|3947|3949|3952|3954|3957|3959|3964|3965|3967|3970|3978|3980|3984|3991|3993|3996|4002|4006|4013|4015|4019|4020|4021|4022|4023|4025|4026|4037|4039|4046|4053|4056|4059|4060|4069|4071|4072|4073|4075|4076|4078|4084|4088|4089|4090|4091|4093|4094|4098|4100|4103|4104|4105|4108|4110|4111|4113|4115|4116|4117|4119|4120|4121|4122|4125|4127|4128|4130|4131|4135|4136|4137|4139|4142|4143|4144|4145|4146|4147|4148|4155|4158|4160|4161|4162|4163|4165|4168|4169|4170|4172|4176|4181|4182|4184|4187|4189|4190|4191|4192|4197|4200|4202|4206|4210|4211|4213|4214|4215|4216|4217|4218|4219|4221|4222|4224|4227|4231|4233|4234|4238|4240|4247|4248|4249|4250|4252|4253|4255|4256|4257|4260|4261|4263|4268|4270|4273|4274|4281|4282|4283|4286|4288|4290|4292|4294|4295|4302|4303|4304|4305|4307|4308|4310|4319|4320|4321|4324|4325|4327|4328|4331|4337|4344|4346|4355|4359|4360|4361|4362|4363|4364|4365|4366|4367|4368|4371|4373|4375|4377|4378|4379|4380|4381|4385|4389|4392|4393|4394|4395|4396|4399|4401|4405|4410|4415|4416|4419|4422|4423|4425|4427|4431|4433|4435|4437|4440|4443|4446|4447|4448|4449|4452|4453|4459|4461|4463|4466|4467|4468|4469|4470|4471|4472|4474|4476|4478|4479|4482|4486|4487|4490|4493|4499|4500|4501|4502|4504|4505|4512|4513|4516|4519|4522|4523|4524|4525|4529|4532|4542|4544|4548|4551|4552|4555|4558|4560|4561|4562|4563|4566|4568|4569|4572|4573|4574|4575|4578|4581|4587|4588|4590|4593|4595|4598|4601|4604|4605|4609|4611|4612|4613|4614|4615|4616|4619|4620|4621|4624|4625|4628|4631|4633|4638|4639|4640|4643|4644|4646|4647|4658|4660|4663|4664|4665|4666|4668|4669|4670|4672|4674|4676|4679|4680|4688|4689|4692|4694|4696|4698|4700|4702|4706|4709|4714|4715|4716|4718|4723|4725|4727|4730|4736|4738|4743|4745|4747|4749|4754|4755|4756|4761|4762|4767|4768|4770|4773|4780|4789|4792|4795|4796|4798|4804|4808|4809|4814|4817|4818|4821|4823|4824|4825|4829|4830|4833|4834|4838|4845|4847|4848|4849|4852|4853|4854|4855|4858|4860|4861|4863|4866|4870|4874|4875|4881|4883|4885|4886|4889|4892|4893|4896|4897|4899|4901|4902|4908|4909|4910|4911|4912|4918|4919|4921|4922|4926|4928|4929|4931|4938|4939|4942|4944|4947|4950|4951|4953|4954|4957|4958|4960|4961|4965|4967|4969|4971|4975|4978|4979|4982|4985|4987|4990|4993|4997|4998|5000|5002|5003|5004|5006|5008|5010|5013|5016|5018|5019|5020|5023|5025|5029|5031|5034|5037|5039|5043|5045|5048|5050|5052|5056|5061|5062|5063|5064|5069|5071|5073|5074|5082|5083|5085|5088|5089|5090|5091|5092|5098|5099|5102|5105|5106|5107|5108|5109|5110|5112|5116|5117|5121|5122|5123|5127|5129|5130|5131|5135|5140|5145|5147|5149|5152|5153|5154|5156|5158|5161|5166|5170|5171|5172|5173|5180|5182|5184|5185|5187|5188|5190|5191|5199|5204|5205|5206|5207|5208|5210|5212|5213|5214|5215|5218|5219|5220|5223|5224|5230|5231|5232|5233|5235|5236|5238|5246|5247|5249|5252|5256|5258|5262|5264|5269|5273|5275|5278|5279|5281|5283|5285|5286|5290|5292|5293|5295|5300|5303|5307|5308|5309|5310|5313|5314|5319|5320|5325|5329|5331|5334|5335|5337|5340|5344|5345|5346|5347|5349|5351|5352|5354|5356|5357|5359|5360|5361|5362|5363|5364|5365|5366|5367|5369|5371|5372|5373|5374|5375|5377|5378|5379|5380|5383|5384|5385|5386|5389|5394|5399|5402|5406|5408|5409|5410|5413|5415|5416|5417|5419|5421|5423|5425|5427|5429|5430|5431|5432|5433|5435|5440|5441|5442|5443|5449|5450|5452|5455|5461|5464|5467|5470|5473|5478|5481|5482|5483|5487|5489|5493|5497|5502|5511|5513|5514|5515|5516|5520|5522|5526|5527|5529|5537|5544|5547|5555|5558|5559|5560|5564|5566|5567|5570|5573|5574|5576|5577|5583|5586|5589|5590|5591|5593|5595|5596|5597|5598|5599|5601|5603|5604|5607|5608|5609|5615|5617|5618|5622|5623|5624|5625|5627|5629|5632|5633|5634|5639|5640|5644|5645|5648|5650|5653|5656|5659|5660|5663|5664|5665|5667|5669|5672|5673|5674|5677|5682|5683|5688|5689|5692|5693|5694|5696|5697|5701|5702|5705|5707|5708|5709|5711|5713|5717|5719|5721|5723|5725|5727|5731|5733|5736|5738|5740|5741|5742|5745|5748|5749|5753|5757|5760|5765|5768|5771|5775|5780|5784|5786|5788|5790|5793|5795|5797|5798|5801|5802|5803|5804|5807|5812|5814|5816|5817|5819|5820|5824|5826|5829|5830|5831|5832|5837|5839|5841|5842|5846|5847|5849|5851|5852|5855|5857|5858|5862|5866|5870|5875|5880|5883|5885|5886|5893|5895|5896|5898|5899|5902|5904|5910|5912|5916|5918|5921|5923|5924|5926|5927|5929|5930|5931|5933|5936|5937|5938|5942|5943|5945|5947|5950|5955|5958|5960|5961|5967|5968|5969|5977|5979|5981|5983|5984|5985|5986|5987|5988|5989|5990|5993|5999|6008|6010|6011|6013|6014|6017|6018|6019|6023|6026|6028|6033|6035|6036|6042|6043|6045|6046|6047|6048|6051|6052|6054|6055|6056|6057|6058|6060|6061|6064|6065|6067|6069|6070|6071|6072|6074|6075|6080|6081|6083|6086|6087|6090|6096|6098|6100|6102|6103|6110|6111|6113|6114|6117|6118|6119|6121|6122|6126|6127|6128|6129|6133|6134|6135|6136|6145|6146|6148|6150|6151|6153|6154|6157|6158|6160|6162|6165|6166|6170|6173|6174|6175|6176|6177|6179|6180|6181|6183|6185|6186|6187|6191|6194|6200|6202|6206|6207|6209|6210|6212|6214|6217|6220|6222|6226|6227|6232|6236|6237|6238|6239|6240|6241|6242|6243|6244|6245|6247|6254|6257|6260|6262|6274|6275|6276|6277|6278|6279|6280|6283|6284|6291|6294|6295|6303|6305|6307|6309|6315|6317|6318|6319|6326|6327|6328|6329|6330|6336|6337|6341|6343|6346|6347|6348|6353|6361|6363|6365|6367|6368|6370|6372|6373|6375|6376|6379|6382|6386|6388|6390|6395|6396|6397|6399|6400|6403|6405|6407|6408|6411|6412|6414|6415|6417|6421|6424|6425|6426|6428|6430|6433|6434|6435|6436|6438|6439|6440|6444|6445|6447|6449|6452|6453|6459|6461|6462|6464|6465|6466|6468|6470|6472|6473|6475|6477|6481|6482|6484|6486|6490|6491|6493|6495|6496|6497|6500|6503|6504|6505|6506|6507|6508|6510|6511|6512|6513|6514|6516|6521|6523|6524|6532|6533|6535|6536|6538|6543|6544|6545|6552|6553|6556|6557|6562|6563|6566|6568|6570|6578|6579|6582|6583|6584|6585|6586|6587|6588|6589|6590|6597|6599|6601|6604|6607|6609|6616|6619|6620|6621|6622|6623|6624|6625|6627|6629|6636|6637|6638|6639|6640|6641|6642|6644|6645|6651|6652|6653|6655|6656|6657|6659|6660|6665|6666|6668|6669|6671|6672|6673|6674|6675|6679|6682|6683|6685|6688|6691|6697|6698|6700|6703|6705|6707|6710|6713|6714|6718|6719|6720|6722|6725|6729|6730|6732|6733|6735|6737|6738|6739|6740|6743|6745|6747|6750|6752|6753|6754|6760|6762|6763|6764|6767|6768|6769|6772|6776|6777|6778|6781|6783|6788|6792|6795|6797|6798|6799|6800|6801|6802|6803|6805|6806|6807|6811|6812|6813|6818|6819|6825|6826|6830|6833|6836|6838|6839|6840|6841|6844|6846|6851|6854|6856|6857|6860|6864|6865|6877|6879|6880|6881|6882|6883|6887|6890|6895|6896|6898|6901|6903|6904|6905|6907|6909|6914|6916|6921|6923|6925|6926|6927|6929|6930|6932|6934|6936|6938|6941|6947|6948|6950|6953|6954|6956|6957|6959|6964|6965|6969|6971|6972|6977|6980|6981|6982|6989|6990|6995|6997|7004|7007|7009|7010|7011|7016|7018|7019|7020|7022|7023|7024|7025|7026|7027|7032|7033|7034|7036|7037|7038|7040|7041|7043|7044|7046|7048|7050|7052|7053|7054|7055|7056|7058|7059|7061|7062|7063|7064|7072|7073|7074|7075|7078|7081|7085|7086|7089|7091|7093|7094|7095|7096|7099|7100|7103|7105|7106|7111|7116|7117|7119|7120|7122|7124|7125|7127|7129|7130|7131|7135|7136|7138|7139|7142|7144|7146|7147|7151|7152|7155|7156|7157|7163|7166|7167|7168|7170|7173|7174|7176|7179|7182|7187|7188|7189|7192|7195|7196|7198|7203|7204|7208|7209|7211|7213|7214|7217|7219|7220|7221|7222|7224|7225|7226|7227|7228|7230|7234|7237|7238|7240|7244|7245|7248|7249|7252|7253|7255|7258|7259|7261|7262|7263|7264|7265|7269|7270|7271|7272|7273|7275|7276|7277|7278|7280|7281|7282|7283|7290|7295|7305|7311|7312|7315|7316|7317|7318|7320|7321|7322|7326|7327|7330|7331|7335|7336|7337|7339|7344|7346|7349|7350|7351|7352|7356|7357|7362|7363|7364|7367|7368|7369|7376|7377|7378|7380|7384|7386|7388|7389|7391|7396|7397|7399|7402|7404|7408|7411|7416|7419|7425|7427|7429|7430|7431|7432|7433|7436|7440|7441|7444|7446|7447|7448|7449|7450|7452|7453|7456|7459|7460|7465|7466|7467|7469|7470|7477|7484|7487|7489|7492|7493|7495|7497|7498|7499|7502|7504|7511|7512|7513|7518|7521|7522|7528|7529|7530|7532|7533|7536|7537|7538|7539|7540|7541|7542|7546|7548|7553|7555|7556|7557|7561|7566|7570|7574|7577|7578|7580|7581|7583|7584|7586|7593|7594|7595|7596|7598|7599|7601|7604|7606|7608|7614|7617|7621|7622|7628|7629|7631|7633|7634|7638|7639|7642|7644|7645|7647|7649|7650|7651|7653|7656|7659|7661|7662|7671|7673|7675|7679|7680|7681|7682|7684|7685|7687|7688|7691|7695|7697|7699|7701|7702|7703|7705|7707|7709|7712|7714|7719|7720|7723|7730|7733|7734|7738|7745|7747|7748|7750|7752|7753|7754|7756|7757|7758|7759|7760|7761|7762|7766|7768|7774|7776|7778|7779|7781|7782|7783|7786|7787|7788|7789|7790|7791|7792|7793|7794|7795|7798|7799|7800|7801|7803|7805|7810|7811|7815|7816|7819|7820|7823|7827|7834|7835|7836|7839|7843|7846|7847|7851|7852|7854|7856|7858|7859|7861|7864|7865|7867|7868|7869|7870|7873|7874|7875|7876|7877|7879|7880|7881|7882|7883|7885|7887|7888|7893|7895|7897|7900|7901|7902|7903|7904|7907|7908|7911|7912|7918|7924|7925|7926|7928|7930|7931|7932|7935|7940|7945|7949|7953|7955|7959|7960|7965|7967|7968|7969|7974|7975|7978|7981|7986|7987|7990|7994|7995|7999|8000|8001|8002|8003|8007|8010|8016|8017|8020|8021|8023|8040|8042|8044|8045|8047|8048|8051|8053|8054|8060|8062|8064|8066|8069|8071|8072|8074|8076|8085|8091|8094|8096|8100|8101|8103|8106|8107|8108|8109|8111|8112|8115|8121|8133|8135|8143|8145|8149|8151|8152|8154|8156|8157|8158|8161|8165|8166|8167|8169|8173|8174|8175|8182|8183|8185|8186|8187|8191|8192|8193|8197|8198|8199|8203|8204|8208|8209|8210|8211|8213|8214|8215|8219|8220|8222|8226|8228|8230|8231|8235|8237|8238|8239|8242|8244|8245|8247|8248|8253|8256|8258|8262|8264|8265|8266|8268|8272|8273|8278|8280|8281|8283|8290|8291|8296|8298|8300|8301|8302|8306|8307|8309|8310|8322|8326|8328|8329|8330|8334|8337|8340|8343|8347|8353|8362|8364|8365|8368|8370|8373|8379|8381|8382|8390|8396|8397|8398|8399|8400|8401|8402|8405|8407|8408|8410|8412|8413|8414|8415|8418|8419|8425|8429|8432|8434|8436|8441|8446|8454|8457|8458|8459|8460|8465|8466|8467|8474|8475|8479|8481|8483|8485|8486|8490|8491|8494|8499|8500|8501|8503|8504|8506|8507|8510|8511|8513|8514|8515|8516|8517|8518|8521|8522|8526|8528|8533|8534|8535|8539|8540|8544|8546|8549|8550|8553|8556|8557|8559|8562|8565|8568|8569|8570|8571|8572|8573|8574|8576|8577|8579|8584|8587|8589|8592|8594|8596|8599|8601|8604|8605|8607|8608|8609|8614|8615|8616|8619|8622|8629|8630|8631|8633|8634|8636|8639|8642|8643|8645|8650|8652|8656|8662|8664|8667|8669|8674|8684|8685|8689|8692|8696|8697|8700|8702|8703|8705|8707|8708|8709|8711|8712|8713|8719|8723|8725|8726|8728|8729|8744|8750|8752|8753|8755|8756|8757|8759|8761|8763|8764|8765|8770|8771|8774|8777|8779|8782|8783|8784|8785|8786|8787|8790|8793|8794|8795|8797|8800|8802|8803|8806|8807|8811|8812|8814|8816|8817|8822|8824|8825|8828|8829|8833|8834|8837|8839|8840|8841|8843|8844|8846|8847|8854|8855|8859|8860|8861|8862|8864|8868|8871|8875|8877|8878|8881|8883|8889|8890|8892|8894|8895|8897|8902|8903|8908|8910|8911|8912|8913|8914|8916|8917|8918|8920|8921|8924|8927|8932|8933|8935|8936|8940|8942|8943|8944|8948|8949|8950|8951|8954|8955|8958|8959|8970|8971|8975|8976|8978|8983|8985|8986|8987|8989|8990|8991|8994|8995|8996|8999|9000|9004|9006|9007|9008|9009|9011|9015|9017|9018|9019|9022|9023|9024|9025|9029|9030|9031|9034|9036|9040|9043|9047|9049|9050|9053|9054|9056|9063|9070|9079|9080|9081|9087|9088|9089|9090|9091|9093|9095|9098|9099|9100|9104|9105|9110|9111|9112|9113|9114|9115|9116|9118|9119|9123|9124|9125|9126|9134|9137|9138|9139|9141|9146|9149|9157|9158|9162|9164|9165|9166|9169|9172|9173|9174|9176|9178|9183|9184|9187|9188|9189|9194|9195|9199|9201|9202|9203|9204|9209|9211|9214|9215|9216|9218|9220|9221|9224|9227|9232|9233|9236|9240|9246|9249|9253|9255|9258|9260|9261|9262|9264|9265|9267|9269|9270|9272|9273|9279|9282|9289|9291|9292|9294|9295|9297|9299|9305|9309|9312|9313|9315|9316|9319|9322|9323|9326|9330|9332|9333|9335|9340|9343|9346|9350|9352|9360|9361|9363|9364|9366|9370|9372|9377|9378|9380|9381|9387|9388|9389|9391|9398|9401|9404|9407|9409|9411|9413|9414|9416|9421|9428|9429|9433|9437|9438|9439|9442|9443|9445|9451|9454|9457|9458|9460|9461|9463|9464|9465|9466|9467|9474|9476|9481|9483|9484|9488|9491|9493|9496|9497|9498|9503|9504|9509|9511|9512|9513|9516|9517|9520|9523|9524|9525|9530|9535|9536|9538|9544|9547|9551|9555|9556|9558|9561|9562|9563|9575|9577|9579|9580|9581|9586|9589|9590|9596|9598|9599|9614|9621|9622|9625|9626|9627|9629|9633|9634|9635|9636|9637|9638|9639|9640|9641|9642|9644|9646|9648|9650|9656|9660|9661|9663|9665|9668|9670|9673|9676|9677|9686|9690|9691|9692|9694|9697|9698|9700|9702|9705|9708|9710|9712|9714|9721|9722|9723|9724|9727|9728|9730|9732|9733|9734|9735|9739|9740|9742|9744|9748|9749|9751|9756|9758|9760|9761|9762|9764|9765|9766|9772|9775|9781|9784|9786|9787|9789|9791|9792|9793|9795|9797|9798|9801|9803|9809|9810|9812|9814|9819|9820|9821|9822|9823|9824|9827|9828|9831|9834|9837|9841|9842|9844|9846|9847|9848|9852|9857|9863|9864|9867|9869|9872|9875|9877|9881|9884|9886|9888|9893|9896|9900|9901|9902|9907|9908|9909|9911|9912|9916|9917|9921|9922|9923|9925|9926|9928|9931|9938|9939|9940|9945|9949|9951|9953|9954|9955|9957|9960|9961|9962|9963|9968|9971|9972|9973|9974|9976|9977|9978|9981|9982|9994|10003|10005|10013|10014|10016|10021|10025|10029|10030|10034|10037|10038|10041|10045|10050|10052|10054|10056|10058|10061|10062|10063|10064|10066|10067|10069|10073|10074|10075|10076|10077|10079|10080|10081|10082|10089|10094|10095|10100|10101|10108|10109|10110|10112|10116|10118|10119|10121|10122|10124|10126|10132|10135|10139|10144|10146|10156|10157|10166|10167|10168|10175|10176|10178|10182|10183|10184|10191|10194|10197|10198|10200|10201|10203|10204|10205|10210|10212|10215|10216|10224|10228|10230|10231|10232|10233|10234|10235|10236|10239|10243|10246|10250|10251|10256|10258|10260|10261|10266|10267|10268|10273|10279|10280|10285|10286|10289|10290|10294|10295|10298|10303|10308|10309|10313|10315|10317|10320|10322|10323|10324|10325|10326|10327|10329|10331|10332|10334|10335|10336|10337|10343|10344|10347|10348|10350|10354|10358|10359|10360|10361|10363|10365|10368|10369|10371|10373|10374|10376|10380|10381|10386|10390|10391|10392|10396|10399|10401|10411|10413|10415|10416|10419|10424|10426|10427|10430|10432|10433|10436|10438|10439|10440|10441|10443|10445|10448|10450|10451|10452|10454|10455|10459|10460|10462|10464|10468|10473|10475|10476|10478|10479|10484|10485|10487|10488|10489|10490|10493|10496|10499|10500|10501|10502|10503|10504|10505|10506|10510|10511|10513|10515|10517|10522|10523|10526|10528|10530|10532|10533|10536|10538|10540|10541|10543|10545|10546|10552|10553|10557|10558|10563|10568|10573|10575|10579|10580|10581|10585|10586|10587|10588|10590|10592|10594|10600|10601|10606|10609|10610|10616|10617|10618|10619|10621|10622|10625|10626|10631|10632|10635|10638|10643|10644|10645|10649|10651|10653|10654|10655|10656|10657|10658|10663|10665|10666|10668|10670|10671|10673|10674|10676|10677|10679|10680|10683|10687|10690|10693|10695|10702|10706|10708|10712|10716|10717|10719|10720|10721|10722|10726|10729|10734|10735|10738|10740|10741|10742|10750|10755|10758|10759|10761|10763|10764|10765|10766|10772|10774|10777|10779|10784|10785|10789|10790|10791|10794|10797|10799|10800|10802|10808|10809|10810|10811|10813|10815|10819|10820|10822|10824|10825|10826|10827|10832|10834|10840|10848|10851|10853|10857|10858|10860|10861|10864|10865|10866|10870|10872|10873|10874|10877|10886|10890|10891|10892|10894|10895|10898|10899|10900|10907|10912|10915|10916|10918|10920|10921|10922|10925|10927|10928|10929|10932|10935|10939|10940|10941|10947|10948|10949|10950|10952|10955|10957|10960|10967|10971|10972|10973,20.002688172043012,True
instance_0014.txt,knapsack_density,0,0,0,,,,0.0,False
instance_0014.txt,knapsack_seed,6323,374,5805,5|11|18|30|31|42|89|91|112|138|153|154|169|190|201|210|252|255|257|266|269|279|321|335|346|352|368|369|424|457|458|464|485|493|497|506|511|512|526|540|550|566|571|579|587|592|602|610|621|641|643|650|669|670|697|703|713|718|731|734|751|755|778|782|791|820|855|864|876|880|882|907|927|931|933|935|936|948|951|952|954|968|970|976|984|996|1004|1005|1009|1055|1065|1074|1094|1099|1106|1119|1132|1155|1175|1183|1199|1211|1233|1239|1242|1243|1248|1250|1277|1291|1293|1303|1308|1328|1334|1353|1359|1371|1374|1380|1390|1401|1418|1432|1479|1480|1481|1506|1508|1513|1538|1554|1555|1556|1559|1584|1598|1609|1611|1614|1623|1625|1626|1641|1649|1661|1665|1672|1681|1698|1701|1702|1703|1706|1707|1712|1716|1723|1730|1739|1750|1752|1756|1774|1782|1799|1800|1804|1813|1815|1827|1854|1855|1859|1894|1899|1905|1912|1916|1921|1939|1958|1968|1976|1986|1990|2011|2015|2016|2048|2063|2065|2074|2075|2085|2110|2115|2117|2118|2123|2131|2136|2170|2176|2181|2185|2196|2210|2223|2234|2283|2284|2285|2302|2312|2321|2329|2344|2350|2355|2367|2379|2381|2382|2383|2385|2399|2444|2445|2448|2457|2463|2481|2489|2492|2495|2510|2536|2539|2540|2551|2556|2560|2566|2589|2594|2629|2648|2649|2670|2694|2703|2707|2708|2712|2714|2716|2722|2736|2742|2743|2753|2755|2764|2769|2776|2792|2807|2826|2842|2851|2866|2875|2887|2895|2896|2904|2915|2925|2938|2967|2972|2980|2985|2988|2993|3013|3016|3019|3039|3048|3052|3098|3103|3105|3107|3132|3134|3138|3139|3142|3146|3155|3156|3171|3172|3182|3200|3221|3224|3228|3242|3253|3279|3280|3294|3314|3321|3349|3355|3356|3362|3395|3402|3413|3430|3434|3437|3443|3451|3458|3476|3494|3512|3513|3518|3523|3525|3526|3545|3548|3555|3560|3561|3564|3572|3574|3579|3586|3589|3621|3650|3680|3689|3713|3730|3733|3739|3744|3745|3748|3751|3793|3812|3814|3833|3840|3846|3850|3890|3944|3945|3961|3983|3996|3998|4001|4006|4025|4036|4038|4042|4073|4075|4084|4098|4100|4104|4106|4118|4122|4137|4155|4166|4169|4179|4183|4187|4260|4262|4267|4279|4280|4292|4320|4329|4341|4343|4353|4376|4382|4388|4405|4410|4411|4412|4424|4429|4439|4442|4451|4463|4477|4523|4528|4535|4567|4577|4585|4608|4638|4668|4682|4685|4686|4713|4722|4727|4728|4733|4741|4742|4753|4759|4771|4776|4777|4786|4791|4818|4820|4830|4869|4871|4876|4892|4902|4910|4930|4934|4937|4949|4955|4962|4970|4973|4985|5003|5005|5015|5025|5044|5071|5090|5105|5121|5122|5124|5161|5167|5169|5180|5185|5189|5196|5198|5204|5224|5229|5259|5261|5274|5293|5311|5315|5316|5326|5330|5337|5347|5354|5368|5392|5393|5396|5409|5410|5412|5420|5423|5434|5446|5451|5454|5473|5491|5493|5494|5502|5516|5519|5542|5565|5572|5573|5575|5579|5580|5602|5607|5618|5626|5631|5641|5718|5735|5740|5777|5781|5798|5807|5808|5815|5823|5830|5832|5833|5834|5835|5845|5862|5882|5887|5890|5896|5917|5925|5927|5932|5933|5951|5957|5960|5963|5972|5997|5998|6009|6018|6021|6032|6035|6037|6048|6053|6056|6064|6087|6107|6119|6129|6130|6136|6139|6142|6149|6188|6189|6201|6212|6235|6252|6260|6261|6263|6278|6286|6301|6317|6329|6344|6347|6358|6363|6370|6371|6372|6378|6383|6393|6394|6398|6403|6405|6406|6418|6420|6421|6450|6453|6470|6479|6503|6518|6545|6546|6556|6561|6593|6597|6611|6614|6635|6646|6667|6684|6688|6698|6722|6723|6735|6738|6743|6761|6766|6771|6777|6794|6810|6818|6822|6828|6841|6844|6845|6848|6860|6875|6892|6894|6915|6921|6925|6926|6929|6954|6968|6974|6988|6989|6991|6998|7004|7008|7015|7016|7019|7032|7038|7041|7045|7055|7073|7078|7083|7126|7139|7154|7156|7171|7181|7188|7195|7201|7203|7206|7234|7238|7248|7260|7262|7267|7269|7279|7287|7310|7337|7346|7347|7350|7371|7373|7377|7391|7421|7435|7488|7499|7524|7528|7534|7547|7555|7559|7561|7573|7574|7577|7604|7605|7610|7625|7631|7638|7640|7644|7655|7681|7688|7689|7690|7694|7705|7708|7709|7742|7756|7763|7776|7786|7787|7798|7800|7820|7824|7848|7885|7886|7898|7906|7909|7924|7925|7936|7942|7948|7954|7960|7983|7990|7999|8017|8025|8028|8030|8035|8066|8068|8071|8083|8090|8096|8099|8107|8113|8130|8134|8137|8138|8141|8147|8157|8173|8178|8189|8194|8204|8216|8225|8236|8250|8256|8258|8275|8279|8281|8285|8286|8287|8293|8301|8309|8311|8327|8335|8350|8362|8409|8422|8443|8446|8449|8462|8467|8468|8469|8472|8489|8492|8498|8501|8504|8508|8524|8538|8558|8559|8564|8573|8575|8577|8580|8584|8623|8630|8645|8653|8657|8661|8664|8670|8680|8688|8691|8695|8717|8741|8760|8770|8779|8790|8844|8854|8868|8896|8897|8905|8915|8920|8923|8924|8931|8935|8944|8947|8970|8975|8976|8979|8989|9001|9019|9022|9023|9032|9034|9037|9045|9051|9070|9077|9079|9085|9091|9094|9098|9139|9161|9171|9186|9188|9199|9208|9212|9217|9222|9226|9229|9231|9246|9257|9272|9281|9295|9297|9312|9319|9325|9332|9334|9343|9346|9353|9355|9356|9366|9381|9382|9386|9411|9413|9436|9451|9466|9471|9475|9477|9483|9484|9490|9503|9505|9514|9516|9520|9525|9540|9566|9583|9592|9606|9612|9623|9645|9649|9654|9656|9658|9664|9683|9686|9689|9699|9731|9740|9753|9773|9792|9799|9818|9819|9822|9842|9843|9846|9851|9871|9873|9890|9905|9917|9922|9932|9937|9951|9963|9966|9974|9975|9984|10014|10041|10047|10051|10054|10056|10063|10093|10097|10103|10113|10135|10142|10156|10171|10176|10180|10196|10200|10224|10226|10241|10247|10250|10255|10256|10257|10275|10315|10318|10323|10328|10336|10352|10375|10376|10399|10404|10406|10418|10420|10421|10427|10471|10496|10514|10538|10541|10543|10555|10558|10560|10562|10563|10572|10591|10599|10629|10631|10633|10641|10647|10650|10651|10655|10658|10673|10717|10719|10732|10735|10739|10762|10768|10784|10788|10802|10803|10815|10822|10825|10832|10842|10869|10876|10882|10916|10919|10939|10940|10948|10969|10975|10978|10980|10981|10982|10987|10993|11028|11051|11062|11083|11090|11098|11107|11120|11132|11135|11153|11174|11204|11206|11210|11223|11234|11245|11251|11257|11261|11274|11282|11283|11316|11331|11337|11372|11399|11403|11407|11413|11414|11429|11433|11434|11437|11442|11472|11477|11481|11486|11487|11506|11509|11516|11526|11546|11550|11555|11567|11571|11575|11579|11588|11597|11607|11608|11626|11629|11641|11642|11649|11660|11664|11668|11697|11704|11706|11710|11711|11740|11741|11743|11744|11747|11757|11764|11765|11767|11773|11777|11780|11781|11812|11838|11859|11872|11877|11890|11893|11894|11899|11914|11943|11947|11951|11977|11992|11994|12003|12014|12022|12030|12039|12041|12075|12076|12104|12108|12116|12119|12128|12147|12151|12169|12203|12205|12211|12220|12221|12270|12281|12289|12316|12325|12344|12354|12355|12378|0|1|2|3|4|6|7|8|9|10|12|13|14|15|16|17|19|20|21|22|23|24|25|26|27|28|29|32|33|34|35|36|37|38|39|40|41|43|44|45|46|47|48|49|50|51|52|53|54|55|56|57|58|59|60|61|62|63|64|65|66|67|68|69|70|71|72|73|74|75|76|77|78|79|80|81|82|83|84|85|86|87|88|90|92|93|94|95|96|97|98|99|100|101|102|103|104|105|106|107|108|109|110|111|113|114|115|116|117|118|119|120|121|122|123|124|125|126|127|128|129|130|131|132|133|134|135|136|137|139|140|141|142|143|144|145|146|147|148|149|150|151|152|155|156|157|158|159|160|161|162|163|164|165|166|167|168|170|171|172|173|174|175|177|178|179|180|181|182|183|184|185|186|187|188|189|191|192|193|194|195|196|197|198|199|200|202|203|204|205|206|207|208|209|211|212|213|214|215|216|217|218|219|220|221|222|223|224|225|226|227|228|229|230|231|232|233|234|235|236|237|238|239|240|241|242|243|244|245|246|247|248|249|250|251|253|254|256|258|259|260|261|262|263|264|265|267|268|270|271|272|273|274|275|276|277|278|280|281|282|283|284|285|286|287|288|289|290|291|292|293|294|295|296|297|298|299|300|301|302|303|304|305|306|307|308|309|310|311|312|313|314|315|317|318|319|320|322|323|324|325|326|327|328|329|330|331|332|333|334|336|337|338|339|340|341|342|343|344|345|347|348|349|350|351|353|354|355|356|357|358|359|360|361|362|363|364|365|366|367|370|371|372|373|374|375|376|377|378|379|380|381|382|383|384|385|386|387|388|389|390|391|392|393|394|395|396|397|398|399|400|401|402|403|404|405|406|407|408|409|410|411|412|413|414|415|416|417|418|420|421|422|423|425|426|427|428|429|430|431|432|433|434|435|436|437|438|439|440|441|442|443|444|445|446|447|448|449|450|451|452|453|454|455|456|459|460|461|462|463|465|466|467|468|469|470|471|472|473|474|475|476|477|478|479|480|481|482|483|484|486|487|488|489|490|491|492|494|495|496|498|499|500|501|502|503|504|505|507|508|509|510|513|514|515|516|517|518|519|520|521|522|523|524|525|527|528|529|530|531|532|533|534|535|536|537|538|539|541|542|543|544|545|546|547|548|549|551|552|553|554|555|556|557|558|559|560|561|562|563|564|565|567|568|569|570|572|573|574|575|576|577|578|580|581|582|583|584|585|586|588|589|590|591|593|594|595|596|597|598|599|600|601|603|604|605|606|607|608|609|611|612|613|614|615|616|617|618|619|620|622|623|624|625|626|627|628|629|630|631|632|633|634|635|636|637|638|639|640|642|644|645|646|647|648|649|651|652|653|654|655|656|657|658|659|660|661|662|663|664|665|666|667|668|671|672|673|674|675|676|677|678|679|680|681|682|683|684|685|686|687|688|689|690|691|692|693|694|695|696|698|699|700|701|702|704|706|707|708|709|710|711|712|714|715|716|717|719|720|721|722|723|724|725|726|727|728|729|730|732|733|735|736|737|738|739|740|741|742|743|744|745|746|747|748|749|750|752|753|754|756|757|758|759|760|761|762|763|764|765|766|767|768|770|771|772|773|774|775|776|777|779|780|781|783|784|785|786|787|788|789|790|792|793|794|795|796|797|798|799|800|801|802|803|804|805|806|807|808|810|811|812|813|814|815|816|817|818|819|821|822|823|824|825|826|827|828|829|830|831|832|833|834|835|836|837|838|839|840|841|842|843|844|845|846|847|848|849|850|851|852|853|854|856|857|858|859|860|861|862|863|865|867|868|869|870|871|872|873|874|875|877|878|879|881|883|884|885|886|887|888|889|890|891|892|893|894|895|896|897|898|899|900|901|902|903|904|905|906|908|909|910|911|912|913|914|915|916|917|918|919|920|921|922|923|924|925|926|928|929|930|932|934|937|938|939|940|941|942|943|944|945|946|947|949|950|953|955|956|957|958|959|960|961|962|963|964|965|966|967|969|971|972|973|974|975|977|978|979|980|981|982|983|985|986|987|988|989|990|991|992|993|994|995|997|998|999|1000|1001|1002|1003|1006|1007|1008|1010|1011|1012|1013|1014|1015|1016|1017|1018|1019|1020|1021|1022|1023|1024|1025|1026|1027|1028|1029|1030|1031|1032|1033|1034|1035|1036|1037|1038|1039|1040|1041|1042|1043|1044|1045|1046|1047|1048|1049|1050|1051|1052|1053|1054|1056|1057|1058|1059|1060|1061|1062|1063|1064|1066|1067|1068|1069|1070|1071|1072|1073|1075|1076|1077|1078|1079|1080|1081|1082|1083|1084|1085|1086|1087|1088|1089|1090|1091|1092|1093|1095|1096|1097|1098|1100|1101|1102|1103|1104|1105|1107|1108|1109|1110|1111|1112|1113|1114|1115|1116|1117|1118|1120|1121|1122|1123|1124|1125|1126|1127|1128|1129|1130|1131|1133|1134|1135|1136|1137|1138|1139|1140|1141|1142|1143|1144|1145|1146|1147|1148|1149|1150|1151|1152|1153|1154|1156|1157|1158|1159|1160|1161|1162|1163|1164|1165|1166|1167|1168|1169|1170|1171|1172|1173|1174|1176|1177|1178|1179|1180|1181|1182|1184|1185|1186|1187|1188|1189|1190|1191|1192|1193|1194|1195|1196|1197|1198|1200|1201|1202|1203|1204|1205|1206|1207|1208|1209|1210|1212|1213|1214|1215|1216|1217|1218|1219|1220|1221|1222|1223|1224|1225|1226|1227|1228|1229|1230|1231|1232|1234|1235|1236|1237|1238|1240|1241|1244|1245|1246|1247|1249|1251|1252|1253|1254|1255|1256|1257|1258|1259|1260|1261|1262|1263|1264|1265|1266|1267|1268|1269|1270|1271|1272|1273|1274|1275|1276|1278|1279|1280|1281|1282|1283|1284|1285|1286|1287|1288|1289|1290|1292|1294|1295|1296|1297|1298|1299|1300|1301|1302|1304|1305|1306|1307|1309|1310|1311|1312|1313|1314|1315|1316|1317|1318|1319|1320|1321|1322|1323|1324|1325|1326|1327|1329|1330|1331|1332|1333|1335|1336|1337|1338|1339|1340|1341|1342|1343|1344|1345|1346|1348|1349|1350|1351|1352|1354|1355|1356|1357|1358|1360|1361|1362|1363|1364|1365|1366|1367|1368|1369|1370|1372|1373|1375|1376|1377|1378|1379|1381|1382|1383|1384|1385|1386|1387|1388|1389|1391|1392|1393|1394|1395|1396|1397|1398|1399|1402|1403|1404|1405|1406|1407|1408|1409|1410|1411|1412|1413|1414|1415|1416|1417|1419|1420|1421|1422|1423|1424|1425|1426|1427|1428|1429|1430|1431|1433|1434|1435|1436|1437|1438|1439|1440|1441|1442|1443|1444|1445|1446|1447|1448|1449|1450|1451|1452|1453|1454|1455|1456|1457|1458|1459|1460|1461|1462|1463|1464|1465|1466|1467|1468|1469|1470|1471|1472|1473|1474|1475|1476|1477|1478|1482|1483|1484|1485|1486|1487|1488|1489|1490|1491|1492|1494|1495|1496|1497|1498|1499|1500|1501|1502|1503|1504|1505|1507|1509|1510|1511|1512|1514|1515|1516|1517|1518|1519|1520|1521|1522|1523|1524|1525|1526|1527|1528|1529|1530|1531|1532|1533|1534|1535|1536|1537|1539|1540|1541|1542|1543|1544|1545|1546|1547|1548|1549|1550|1551|1552|1553|1557|1558|1560|1561|1562|1563|1564|1565|1566|1567|1568|1569|1570|1571|1572|1573|1574|1575|1576|1577|1578|1579|1580|1581|1582|1583|1585|1586|1587|1588|1589|1590|1591|1592|1593|1594|1595|1596|1597|1599|1600|1601|1602|1603|1604|1605|1606|1607|1608|1610|1612|1613|1615|1616|1617|1618|1619|1620|1621|1622|1624|1627|1628|1629|1630|1631|1632|1633|1634|1635|1636|1637|1638|1639|1640|1642|1643|1644|1645|1646|1647|1648|1650|1651|1652|1653|1654|1655|1656|1657|1658|1659|1660|1662|1663|1664|1666|1667|1668|1669|1670|1671|1673|1674|1675|1676|1677|1678|1679|1680|1682|1683|1684|1685|1686|1687|1688|1689|1690|1691|1692|1693|1694|1695|1696|1697|1699|1700|1704|1705|1708|1709|1710|1711|1713|1714|1715|1717|1718|1719|1720|1721|1722|1724|1725|1726|1727|1728|1729|1731|1732|1733|1734|1735|1736|1737|1738|1740|1741|1742|1743|1744|1745|1747|1748|1749|1751|1753|1754|1755|1758|1759|1760|1761|1762|1763|1764|1765|1766|1767|1768|1769|1770|1771|1772|1773|1775|1776|1777|1778|1779|1780|1781|1783|1784|1785|1786|1787|1788|1789|1790|1791|1792|1793|1794|1795|1796|1797|1798|1801|1802|1803|1805|1806|1807|1808|1809|1810|1811|1812|1814|1816|1817|1818|1819|1820|1821|1822|1823|1824|1825|1826|1828|1829|1830|1831|1832|1833|1834|1835|1836|1837|1838|1839|1840|1841|1842|1843|1844|1845|1846|1847|1848|1849|1850|1851|1852|1853|1856|1857|1858|1860|1861|1862|1863|1864|1865|1866|1867|1868|1869|1870|1871|1872|1873|1874|1875|1876|1877|1878|1879|1880|1881|1882|1883|1884|1885|1886|1887|1888|1889|1890|1891|1892|1893|1895|1896|1897|1898|1900|1901|1902|1903|1904|1906|1907|1908|1910|1911|1913|1914|1915|1917|1918|1919|1920|1922|1923|1924|1925|1926|1927|1928|1929|1930|1931|1932|1933|1934|1935|1936|1937|1938|1940|1941|1942|1943|1944|1945|1946|1947|1948|1949|1950|1951|1952|1953|1954|1955|1956|1957|1959|1960|1961|1962|1963|1964|1965|1966|1967|1969|1970|1971|1972|1973|1974|1975|1977|1978|1979|1980|1981|1982|1983|1984|1985|1987|1988|1989|1991|1992|1993|1994|1995|1996|1997|1998|1999|2000|2001|2002|2003|2004|2005|2006|2007|2008|2009|2010|2012|2013|2014|2017|2018|2019|2020|2021|2022|2023|2024|2025|2026|2027|2028|2029|2030|2031|2032|2033|2034|2035|2036|2037|2038|2039|2040|2041|2042|2043|2044|2045|2046|2047|2049|2050|2051|2052|2053|2054|2055|2056|2057|2058|2059|2060|2061|2062|2064|2066|2067|2068|2069|2070|2071|2072|2073|2076|2077|2078|2079|2080|2081|2082|2083|2084|2086|2087|2088|2089|2090|2091|2092|2093|2094|2095|2096|2097|2098|2099|2100|2101|2102|2103|2104|2105|2106|2107|2108|2109|2111|2112|2113|2114|2116|2119|2120|2121|2122|2124|2125|2126|2127|2128|2129|2130|2132|2133|2134|2135|2137|2138|2140|2141|2142|2143|2144|2145|2146|2147|2148|2149|2150|2151|2152|2153|2154|2155|2156|2157|2158|2159|2160|2161|2162|2163|2164|2165|2166|2167|2168|2169|2171|2172|2173|2174|2175|2177|2178|2179|2180|2182|2183|2184|2186|2187|2188|2189|2190|2191|2192|2193|2194|2195|2197|2198|2199|2200|2201|2202|2203|2204|2205|2206|2207|2208|2209|2211|2212|2213|2214|2215|2216|2217|2218|2219|2220|2221|2222|2224|2225|2226|2227|2228|2229|2230|2231|2232|2233|2235|2236|2237|2238|2239|2240|2241|2242|2243|2244|2245|2246|2247|2248|2249|2250|2251|2252|2253|2254|2255|2256|2257|2258|2259|2260|2261|2262|2263|2264|2265|2266|2267|2268|2269|2270|2271|2272|2273|2274|2275|2276|2277|2278|2279|2280|2281|2282|2286|2287|2288|2289|2290|2291|2292|2293|2294|2295|2296|2297|2298|2299|2300|2301|2303|2304|2305|2306|2307|2308|2309|2310|2311|2313|2314|2315|2316|2317|2318|2319|2320|2322|2323|2324|2325|2326|2327|2328|2330|2331|2332|2333|2334|2335|2336|2337|2338|2339|2340|2341|2342|2343|2345|2346|2347|2348|2349|2351|2352|2353|2354|2356|2357|2358|2359|2360|2361|2362|2363|2364|2365|2366|2368|2369|2370|2371|2372|2373|2374|2375|2376|2377|2378|2380|2384|2386|2387|2388|2389|2390|2391|2392|2393|2394|2395|2396|2397|2398|2400|2401|2402|2403|2404|2405|2406|2407|2408|2409|2410|2411|2412|2413|2414|2415|2416|2417|2418|2419|2420|2421|2422|2423|2424|2425|2426|2427|2428|2429|2430|2431|2432|2433|2434|2435|2436|2437|2438|2439|2440|2441|2442|2443|2446|2447|2449|2450|2451|2452|2453|2454|2455|2456|2458|2459|2460|2461|2462|2464|2465|2466|2467|2468|2469|2470|2471|2472|2473|2474|2475|2476|2477|2478|2479|2480|2482|2484|2485|2486|2487|2488|2490|2491|2493|2494|2496|2497|2498|2499|2500|2501|2502|2503|2504|2505|2506|2507|2508|2509|2511|2512|2513|2514|2515|2516|2517|2518|2519|2520|2521|2522|2523|2524|2525|2526|2527|2528|2529|2530|2531|2532|2533|2534|2535|2537|2538|2541|2542|2543|2544|2545|2546|2547|2548|2549|2550|2552|2553|2554|2555|2557|2558|2559|2561|2562|2563|2564|2565|2567|2568|2569|2570|2571|2572|2573|2574|2575|2576|2577|2578|2579|2580|2581|2582|2583|2584|2585|2586|2587|2588|2590|2591|2592|2593|2595|2596|2597|2598|2599|2600|2601|2602|2603|2604|2605|2606|2607|2608|2609|2610|2611|2612|2613|2614|2615|2616|2617|2618|2619|2620|2621|2622|2623|2624|2625|2626|2627|2628|2630|2631|2632|2633|2634|2635|2636|2637|2638|2639|2640|2641|2642|2643|2644|2645|2646|2647|2650|2651|2652|2653|2654|2655|2656|2657|2658|2659|2660|2661|2662|2663|2664|2665|2666|2667|2668|2669|2671|2672|2673|2674|2675|2676|2677|2678|2679|2680|2681|2682|2683|2684|2685|2686|2687|2688|2689|2690|2691|2692|2693|2695|2696|2697|2698|2699|2700|2701|2702|2704|2705|2706|2709|2710|2711|2713|2715|2717|2718|2719|2720|2721|2723|2724|2725|2726|2727|2728|2729|2730|2731|2732|2733|2734|2735|2737|2738|2739|2740|2741|2744|2745|2746|2747|2748|2749|2750|2751|2752|2754|2756|2757|2758|2759|2760|2761|2762|2763|2765|2766|2767|2768|2770|2771|2772|2773|2774|2775|2777|2778|2779|2780|2781|2782|2783|2784|2785|2786|2787|2788|2789|2790|2791|2793|2794|2795|2796|2797|2798|2799|2800|2801|2802|2803|2804|2806|2808|2809|2810|2811|2812|2813|2814|2815|2816|2817|2818|2819|2820|2821|2822|2823|2824|2825|2827|2828|2829|2830|2831|2832|2833|2834|2835|2836|2837|2838|2839|2840|2841|2843|2844|2845|2846|2847|2848|2849|2850|2853|2854|2855|2856|2857|2858|2859|2860|2861|2862|2863|2864|2865|2867|2868|2869|2870|2871|2872|2873|2874|2876|2877|2878|2879|2880|2881|2882|2883|2884|2885|2886|2888|2889|2890|2891|2892|2893|2894|2897|2898|2899|2900|2901|2902|2903|2905|2906|2907|2908|2909|2910|2911|2912|2913|2914|2916|2917|2918|2919|2920|2921|2922|2923|2924|2926|2927|2928|2929|2930|2931|2932|2933|2934|2935|2936|2937|2939|2940|2941|2942|2943|2944|2945|2946|2947|2948|2949|2950|2951|2952|2953|2954|2955|2956|2957|2958|2959|2960|2961|2962|2963|2964|2965|2966|2968|2969|2970|2971|2973|2974|2975|2976|2977|2978|2979|2981|2982|2983|2984|2986|2987|2989|2990|2991|2992|2994|2995|2996|2997|2998|2999|3000|3001|3002|3003|3004|3005|3006|3007|3008|3009|3010|3011|3012|3014|3015|3018|3020|3021|3022|3023|3024|3025|3026|3027|3028|3029|3030|3031|3032|3033|3034|3035|3036|3037|3038|3040|3041|3042|3043|3045|3046|3047|3049|3050|3051|3053|3054|3055|3056|3057|3058|3059|3060|3061|3062|3063|3064|3065|3066|3067|3068|3069|3070|3071|3072|3073|3074|3075|3076|3077|3078|3079|3080|3081|3082|3083|3084|3085|3086|3087|3088|3089|3090|3091|3092|3093|3094|3095|3096|3097|3099|3100|3101|3102|3104|3106|3108|3109|3110|3111|3112|3113|3114|3115|3116|3117|3118|3119|3120|3121|3122|3123|3124|3125|3126|3127|3128|3129|3130|3131|3133|3135|3136|3137|3140|3141|3143|3144|3145|3147|3148|3149|3150|3151|3152|3153|3154|3157|3158|3159|3160|3161|3162|3165|3166|3167|3168|3169|3170|3173|3174|3175|3176|3177|3178|3179|3180|3181|3183|3184|3185|3186|3187|3188|3189|3190|3191|3192|3193|3194|3195|3196|3197|3198|3199|3201|3202|3203|3204|3205|3206|3207|3208|3209|3210|3211|3212|3213|3214|3215|3216|3217|3218|3219|3220|3222|3223|3225|3226|3227|3229|3230|3231|3232|3233|3234|3235|3236|3237|3238|3239|3240|3241|3243|3244|3245|3246|3247|3248|3249|3250|3251|3252|3254|3255|3256|3257|3258|3259|3260|3261|3262|3263|3264|3265|3266|3267|3268|3269|3270|3271|3272|3273|3274|3275|3276|3277|3278|3281|3282|3283|3284|3285|3286|3287|3288|3289|3290|3291|3292|3293|3295|3296|3297|3298|3299|3300|3301|3302|3303|3304|3305|3306|3307|3308|3309|3310|3311|3312|3313|3315|3316|3317|3318|3319|3320|3322|3323|3324|3325|3326|3327|3328|3329|3330|3331|3332|3333|3334|3335|3336|3337|3338|3339|3340|3341|3342|3343|3344|3345|3346|3347|3348|3350|3351|3352|3353|3354|3357|3358|3359|3360|3361|3363|3364|3365|3366|3367|3368|3369|3370|3371|3372|3373|3374|3375|3376|3377|3378|3379|3380|3381|3382|3383|3384|3385|3386|3387|3388|3389|3390|3391|3392|3393|3394|3396|3397|3398|3399|3400|3401|3403|3404|3405|3406|3407|3408|3409|3410|3411|3412|3414|3415|3416|3417|3418|3419|3420|3421|3422|3423|3424|3425|3426|3427|3428|3429|3431|3432|3433|3435|3436|3438|3439|3440|3441|3442|3444|3445|3446|3447|3448|3449|3450|3452|3453|3454|3455|3456|3457|3459|3460|3461|3462|3463|3464|3465|3466|3467|3468|3469|3470|3471|3472|3473|3474|3475|3477|3478|3479|3480|3481|3482|3483|3484|3485|3486|3487|3488|3489|3490|3491|3492|3493|3495|3496|3497|3498|3499|3500|3501|3502|3503|3504|3505|3506|3507|3508|3509|3510|3511|3514|3515|3516|3517|3519|3520|3521|3522|3524|3527|3528|3529|3530|3531|3532|3533|3534|3535|3536|3537|3538|3539|3540|3541|3542|3543|3544|3546|3547|3549|3550|3551|3552|3553|3554|3556|3557|3558|3559|3562|3563|3565|3566|3567|3568|3569|3570|3571|3573|3575|3576|3577|3578|3580|3581|3582|3583|3584|3585|3587|3588|3590|3591|3592|3593|3594|3595|3596|3597|3598|3599|3600|3601|3602|3603|3604|3605|3606|3607|3608|3609|3610|3611|3612|3613|3614|3615|3616|3617|3618|3619|3620|3622|3623|3624|3625|3626|3627|3628|3629|3630|3631|3632|3633|3634|3635|3636|3637|3638|3639|3640|3641|3642|3643|3644|3645|3646|3647|3648|3649|3651|3652|3653|3654|3655|3656|3657|3658|3659|3660|3661|3662|3663|3664|3665|3666|3667|3668|3669|3670|3671|3672|3673|3674|3675|3676|3677|3678|3679|3681|3682|3683|3684|3685|3686|3687|3688|3690|3691|3692|3693|3694|3695|3696|3697|3698|3699|3700|3701|3702|3703|3704|3705|3706|3707|3708|3709|3710|3711|3712|3714|3715|3716|3717|3718|3719|3720|3721|3722|3723|3724|3725|3726|3727|3728|3729|3731|3732|3734|3735|3736|3737|3738|3740|3741|3742|3743|3746|3747|3749|3750|3752|3753|3754|3755|3756|3757|3758|3759|3760|3761|3762|3763|3764|3765|3766|3767|3768|3769|3770|3771|3772|3773|3774|3775|3776|3777|3778|3779|3780|3781|3782|3784|3785|3786|3787|3788|3789|3790|3791|3792|3794|3795|3796|3797|3798|3799|3800|3801|3802|3803|3804|3805|3806|3807|3808|3809|3810|3811|3813|3815|3816|3817|3818|3819|3820|3821|3822|3823|3824|3825|3826|3827|3828|3829|3830|3831|3832|3834|3835|3836|3837|3838|3839|3841|3842|3843|3844|3845|3847|3848|3849|3851|3852|3853|3854|3855|3856|3857|3858|3859|3860|3861|3862|3863|3864|3865|3866|3867|3868|3869|3870|3871|3872|3873|3874|3875|3876|3877|3878|3879|3880|3881|3882|3883|3884|3885|3886|3887|3888|3889|3891|3892|3893|3894|3895|3896|3897|3898|3899|3900|3901|3902|3903|3904|3905|3906|3907|3908|3909|3910|3911|3912|3913|3914|3915|3916|3917|3918|3919|3920|3921|3922|3923|3924|3925|3926|3927|3929|3930|3931|3932|3933|3934|3935|3936|3937|3938|3939|3940|3941|3942|3943|3946|3947|3948|3949|3950|3951|3952|3953|3954|3955|3956|3957|3958|3959|3960|3962|3963|3964|3965|3966|3967|3968|3969|3970|3971|3972|3973|3974|3975|3976|3977|3978|3979|3980|3982|3984|3985|3986|3987|3988|3989|3990|3991|3992|3993|3994|3995|3997|3999|4000|4002|4003|4004|4005|4007|4008|4009|4010|4011|4012|4013|4014|4015|4016|4017|4018|4019|4020|4021|4022|4023|4024|4026|4027|4028|4029|4030|4031|4032|4033|4034|4035|4037|4039|4040|4041|4043|4044|4045|4046|4047|4048|4049|4050|4051|4052|4053|4054|4055|4056|4057|4058|4059|4060|4061|4062|4063|4064|4065|4066|4067|4068|4069|4070|4071|4072|4074|4076|4077|4078|4079|4080|4081|4082|4083|4085|4086|4087|4088|4089|4090|4091|4092|4093|4094|4095|4096|4097|4099|4101|4102|4103|4105|4107|4108|4109|4110|4111|4112|4113|4114|4115|4116|4117|4119|4120|4121|4123|4124|4125|4126|4127|4128|4129|4130|4131|4132|4133|4134|4135|4136|4138|4139|4140|4141|4142|4143|4144|4145|4146|4147|4148|4149|4150|4151|4152|4153|4154|4156|4157|4158|4159|4160|4161|4162|4163|4164|4165|4167|4168|4170|4171|4172|4173|4174|4175|4176|4177|4178|4180|4181|4182|4184|4185|4186|4188|4189|4190|4191|4192|4193|4194|4195|4196|4197|4198|4199|4200|4201|4202|4203|4204|4205|4206|4207|4208|4209|4210|4211|4212|4213|4214|4215|4216|4217|4218|4219|4220|4221|4222|4223|4224|4225|4226|4227|4228|4229|4230|4231|4232|4233|4234|4235|4236|4237|4238|4239|4240|4241|4242|4243|4244|4245|4246|4247|4248|4249|4250|4251|4252|4253|4254|4255|4256|4257|4258|4259|4261|4263|4264|4265|4266|4268|4269|4270|4271|4272|4273|4274|4275|4276|4277|4278|4281|4282|4283|4284|4285|4286|4287|4288|4289|4290|4291|4293|4294|4295|4296|4297|4298|4299|4300|4301|4302|4303|4304|4305|4306|4307|4308|4309|4310|4311|4312|4313|4314|4315|4316|4317|4318|4319|4321|4322|4323|4324|4325|4326|4327|4328|4330|4331|4332|4333|4334|4335|4336|4337|4338|4339|4340|4342|4344|4345|4346|4347|4348|4349|4350|4351|4352|4354|4355|4356|4357|4358|4359|4360|4361|4362|4363|4364|4365|4366|4367|4368|4369|4370|4371|4372|4373|4374|4375|4377|4378|4379|4380|4381|4383|4384|4385|4386|4387|4389|4390|4391|4392|4393|4394|4395|4396|4398|4399|4400|4401|4402|4403|4404|4406|4407|4408|4409|4413|4414|4415|4416|4417|4418|4419|4420|4421|4422|4423|4425|4426|4427|4428|4430|4431|4432|4433|4434|4435|4436|4437|4438|4440|4441|4443|4444|4445|4446|4447|4448|4449|4450|4452|4453|4454|4455|4456|4457|4458|4459|4460|4461|4462|4464|4465|4466|4467|4468|4469|4470|4471|4472|4473|4474|4475|4476|4479|4480|4481|4482|4483|4484|4485|4486|4487|4488|4489|4490|4491|4492|4493|4494|4495|4496|4497|4498|4499|4500|4501|4502|4503|4504|4505|4506|4507|4508|4509|4510|4511|4512|4513|4514|4515|4516|4517|4518|4519|4520|4521|4522|4524|4525|4526|4527|4529|4530|4531|4532|4533|4534|4536|4537|4538|4539|4540|4541|4542|4543|4544|4545|4546|4547|4548|4549|4550|4551|4552|4553|4554|4555|4556|4557|4558|4559|4560|4561|4562|4563|4564|4565|4566|4568|4569|4570|4571|4572|4573|4574|4575|4576|4578|4579|4580|4581|4582|4583|4584|4586|4587|4588|4589|4590|4591|4592|4593|4594|4596|4597|4598|4599|4600|4601|4602|4603|4604|4605|4606|4607|4609|4610|4611|4612|4613|4614|4615|4616|4617|4618|4619|4620|4621|4622|4623|4624|4625|4626|4627|4628|4629|4630|4631|4632|4633|4634|4635|4636|4637|4639|4640|4641|4642|4643|4644|4645|4646|4647|4648|4649|4650|4651|4652|4653|4654|4655|4656|4657|4658|4659|4660|4661|4662|4663|4664|4665|4666|4667|4669|4670|4671|4672|4673|4674|4675|4676|4677|4678|4679|4680|4681|4683|4684|4687|4688|4689|4690|4691|4692|4693|4694|4695|4696|4697|4698|4699|4700|4701|4702|4703|4704|4705|4706|4707|4708|4709|4710|4711|4712|4714|4715|4716|4717|4718|4719|4720|4721|4723|4724|4725|4726|4729|4730|4731|4732|4734|4735|4736|4737|4738|4739|4740|4743|4744|4745|4746|4747|4748|4749|4750|4751|4752|4754|4755|4756|4757|4758|4760|4761|4762|4763|4764|4765|4766|4767|4768|4769|4770|4772|4773|4774|4775|4778|4779|4780|4781|4782|4783|4784|4785|4787|4788|4789|4790|4792|4793|4794|4795|4796|4797|4798|4799|4800|4801|4802|4803|4804|4805|4806|4807|4808|4809|4810|4811|4812|4813|4814|4815|4816|4817|4819|4821|4822|4823|4824|4825|4826|4827|4828|4829|4831|4832|4833|4834|4835|4836|4837|4838|4839|4840|4841|4842|4843|4844|4845|4846|4847|4848|4849|4850|4851|4852|4853|4854|4855|4856|4857|4858|4859|4860|4861|4862|4863|4864|4865|4866|4867|4868|4870|4872|4873|4874|4875|4877|4878|4879|4880|4882|4883|4884|4885|4886|4887|4888|4889|4890|4891|4893|4894|4895|4896|4897|4898|4899|4900|4901|4903|4904|4905|4906|4907|4908|4909|4911|4912|4913|4914|4915|4916|4917|4918|4919|4920|4921|4922|4923|4924|4925|4926|4927|4928|4929|4931|4932|4933|4935|4936|4938|4939|4940|4941|4942|4944|4945|4946|4947|4948|4950|4951|4952|4953|4954|4956|4957|4958|4959|4960|4961|4963|4964|4965|4966|4967|4968|4969|4971|4972|4974|4975|4976|4977|4978|4979|4980|4981|4982|4983|4984|4986|4987|4988|4989|4990|4991|4992|4993|4994|4995|4996|4997|4998|4999|5000|5001|5002|5004|5006|5007|5008|5009|5010|5011|5012|5013|5014|5016|5017|5018|5019|5020|5021|5022|5023|5024|5026|5027|5028|5029|5030|5031|5032|5033|5034|5035|5036|5037|5038|5039|5041|5042|5043|5045|5046|5047|5048|5049|5050|5051|5052|5053|5054|5055|5056|5057|5058|5059|5060|5061|5062|5063|5064|5065|5066|5067|5068|5069|5070|5072|5073|5074|5075|5076|5077|5078|5079|5080|5081|5082|5083|5084|5085|5086|5087|5088|5089|5091|5092|5093|5094|5095|5096|5097|5098|5099|5100|5101|5102|5103|5104|5106|5107|5108|5109|5110|5111|5112|5113|5114|5115|5116|5117|5118|5119|5120|5123|5125|5126|5127|5128|5129|5130|5131|5132|5133|5134|5135|5136|5137|5138|5139|5140|5141|5142|5143|5144|5145|5146|5147|5148|5149|5150|5151|5152|5153|5154|5155|5156|5157|5158|5159|5160|5162|5163|5164|5165|5166|5168|5170|5171|5172|5173|5174|5175|5176|5177|5178|5179|5181|5182|5183|5184|5186|5187|5188|5190|5191|5192|5193|5194|5195|5197|5199|5200|5201|5202|5203|5205|5206|5207|5208|5209|5210|5211|5212|5213|5214|5215|5216|5217|5218|5219|5220|5221|5222|5223|5225|5226|5227|5228|5230|5231|5232|5233|5234|5235|5236|5237|5238|5239|5240|5241|5242|5243|5244|5245|5246|5247|5248|5249|5250|5251|5252|5253|5254|5255|5256|5257|5258|5260|5262|5263|5264|5265|5266|5267|5268|5269|5270|5271|5272|5273|5275|5276|5277|5278|5279|5280|5281|5282|5283|5284|5285|5286|5287|5288|5289|5290|5291|5292|5294|5295|5296|5297|5298|5299|5300|5301|5302|5303|5304|5305|5306|5307|5308|5309|5310|5312|5313|5314|5317|5318|5319|5320|5321|5322|5323|5324|5325|5327|5328|5329|5331|5332|5333|5334|5335|5336|5338|5339|5340|5341|5342|5343|5344|5345|5346|5348|5349|5350|5351|5352|5353|5355|5356|5357|5358|5359|5360|5361|5362|5363|5364|5365|5366|5367|5369|5370|5371|5372|5373|5374|5375|5376|5377|5378|5379|5380|5381|5382|5383|5384|5385|5386|5387|5388|5389|5390|5391|5394|5395|5397|5398|5399|5400|5401|5402|5403|5404|5405|5406|5407|5408|5411|5413|5414|5415|5416|5417|5418|5419|5421|5422|5424|5425|5426|5427|5428|5429|5430|5431|5432|5433|5435|5436|5437|5438|5439|5440|5441|5442|5443|5444|5445|5447|5448|5449|5450|5452|5453|5455|5456|5457|5458|5459|5460|5461|5462|5463|5464|5465|5466|5467|5468|5469|5470|5471|5472|5474|5475|5476|5477|5478|5479|5480|5481|5482|5483|5484|5485|5486|5487|5488|5489|5490|5492|5495|5496|5497|5498|5499|5500|5501|5503|5504|5505|5506|5507|5508|5509|5510|5511|5512|5513|5514|5515|5517|5518|5520|5521|5522|5523|5524|5525|5526|5527|5528|5529|5530|5531|5532|5533|5534|5535|5536|5537|5538|5539|5540|5541|5543|5544|5545|5546|5547|5548|5549|5550|5551|5552|5553|5554|5555|5556|5557|5558|5559|5560|5561|5562|5563|5564|5566|5567|5568|5569|5570|5571|5574|5576|5577|5578|5581|5582|5583|5584|5585|5586|5587|5588|5589|5590|5591|5592|5593|5594|5595|5596|5597|5598|5599|5600|5601|5603|5604|5605|5606|5608|5609|5610|5611|5612|5613|5614|5615|5616|5617|5619|5620|5621|5622|5623|5624|5625|5627|5628|5629|5630|5632|5633|5634|5635|5636|5637|5638|5639|5640|5642|5643|5644|5645|5646|5647|5648|5649|5650|5651|5652|5653|5654|5655|5656|5657|5658|5659|5660|5661|5662|5663|5664|5665|5666|5667,98|255|54|248|398|2|76|69|169|27|338|1|178|34|155|274|14|106|345|313|56|367|92|146|361|189|316|391|9|199|53|140|322|68|57|11|272|351|87|3|149|188|175|314|44|173|390|321|103|111|151|342|337|350|375|384|344|35|230|18|404|101|120|219|280|144|330|366|402|81|329|177|251|10|105|362|374|273|277|298|129|239|82|297|304|364|327|5|36|128|137|201|264|320|0|21|79|83|252|301|346|388|220|370|152|168|288|303|353|372|406|160|163|182|196|408|7|31|67|133|207|242|270|112|126|174|202|222|243|249|306|381|382|59|60|64|108|147|271|279|312|328|58|121|154|190|265|324|326|336|28|33|42|46|86|159|275|276|405|40|62|104|119|229|254|289|13|84|114|197|200|226|245|293|299|305|355|19|51|80|127|141|171|214|258|318|348|411|16|17|55|100|107|110|125|130|143|148|195|225|282|292|323|392|403|90|145|203|296|310|365|377|6|20|26|93|165|176|216|250|257|315|356|395|4|52|75|85|131|150|164|179|183|191|204|224|233|247|253|291|339|360|363|369|376|397|407|25|43|45|63|78|109|122|134|153|170|208|256|294|302|340|347|383|394|29|39|70|71|213|228|234|246|263|283|286|311|352|368|380|99|102|124|139|156|166|215|267|269|284|308|341|30|47|74|77|88|142|198|205|223|235|262|278|307|349|373|378|385|393|400|8|12|61|73|91|132|162|172|184|212|240|241|300|317|379|399|401|409|412|32|37|41|49|123|161|167|187|192|193|194|209|217|227|266|290|295|319|332|333|343|359|371|386|389|15|38|65|97|113|118|136|138|157|186|244|259|260|285|325|331|354|358|396,0|3|4|7|8|11|12|13|14|15|16|17|18|21|23|24|27|28|30|31|32|33|35|36|37|39|40|41|42|44|45|46|47|48|52|55|56|58|61|62|63|64|68|69|73|74|75|76|77|78|82|83|84|85|86|87|88|90|92|93|94|96|97|98|100|101|104|107|108|110|115|117|118|120|121|122|123|124|125|126|128|132|133|134|135|137|139|141|143|145|146|148|149|152|153|155|158|160|162|165|167|168|169|170|171|172|173|174|176|179|181|182|183|184|188|189|192|193|195|197|198|199|205|206|209|210|212|215|217|219|220|221|225|226|227|230|231|232|233|235|238|239|240|242|243|245|248|251|252|253|254|256|257|260|261|262|263|264|265|269|270|271|272|273|276|277|278|279|281|282|283|284|285|288|292|296|297|299|300|304|305|306|309|311|312|317|318|320|321|324|325|327|328|329|330|332|336|339|343|344|346|347|349|351|352|353|355|356|357|358|361|362|363|366|367|369|370|372|373|375|376|377|378|379|380|382|385|388|390|391|399|401|403|406|409|410|411|413|414|415|416|417|419|420|421|422|424|426|429|432|433|436|439|442|443|444|445|446|451|452|453|454|455|456|460|462|463|469|470|472|473|474|478|479|481|482|483|487|488|491|492|494|495|497|498|500|501|504|505|507|508|510|512|513|514|515|521|525|526|529|532|535|536|537|538|539|540|543|549|551|554|557|559|562|563|564|565|567|568|570|572|573|582|584|585|587|588|589|590|591|592|593|595|597|599|602|606|608|609|612|615|616|617|618|619|620|621|624|627|628|629|630|633|634|635|636|641|645|647|648|649|651|654|655|657|660|664|666|668|669|670|672|676|677|679|682|684|685|686|687|688|691|692|693|697|698|699|702|703|704|706|709|710|711|712|713|718|719|721|722|724|726|727|728|729|731|732|734|735|736|737|738|739|743|744|749|752|755|757|758|759|760|763|764|765|767|768|773|774|781|786|789|791|792|793|794|795|796|797|803|805|806|809|815|816|817|818|819|820|821|823|824|825|826|827|829|833|834|835|836|838|840|841|842|843|844|847|848|849|851|852|853|854|855|857|859|862|863|865|866|868|869|875|880|881|883|886|887|888|889|890|891|892|895|896|899|900|901|902|905|908|909|910|913|916|917|918|919|920|921|922|923|924|925|926|928|929|930|931|932|938|940|942|943|945|947|948|954|957|958|961|962|963|964|965|966|970|971|973|977|979|980|981|986|987|989|991|992|997|1000|1001|1002|1003|1004|1009|1010|1011|1017|1020|1022|1023|1025|1026|1027|1028|1029|1030|1032|1034|1037|1038|1039|1040|1041|1043|1047|1049|1055|1056|1057|1061|1067|1071|1072|1073|1074|1080|1083|1084|1089|1090|1092|1093|1096|1097|1101|1102|1103|1104|1108|1109|1111|1112|1113|1114|1117|1119|1123|1125|1126|1129|1130|1131|1132|1136|1137|1138|1140|1143|1145|1146|1147|1148|1150|1152|1153|1154|1157|1160|1161|1163|1166|1167|1169|1171|1173|1179|1180|1183|1184|1185|1186|1188|1189|1190|1192|1193|1194|1196|1199|1203|1205|1207|1209|1210|1213|1214|1215|1216|1219|1220|1222|1223|1232|1235|1236|1238|1241|1242|1243|1244|1246|1248|1251|1252|1254|1256|1264|1265|1267|1270|1275|1276|1277|1278|1279|1281|1283|1285|1286|1287|1288|1290|1294|1296|1297|1302|1304|1305|1308|1309|1312|1313|1315|1317|1319|1327|1328|1329|1330|1334|1335|1336|1340|1341|1342|1346|1350|1352|1354|1355|1357|1359|1360|1361|1362|1363|1365|1366|1367|1368|1369|1370|1373|1375|1376|1380|1381|1382|1384|1385|1386|1388|1390|1392|1394|1397|1398|1400|1402|1404|1408|1410|1415|1416|1418|1422|1424|1425|1427|1428|1429|1432|1433|1435|1437|1438|1439|1441|1443|1444|1445|1447|1451|1454|1456|1457|1459|1460|1461|1462|1463|1464|1465|1467|1468|1469|1470|1473|1480|1485|1486|1487|1488|1490|1493|1498|1499|1503|1505|1506|1507|1509|1510|1513|1514|1516|1518|1519|1521|1522|1523|1527|1530|1531|1533|1534|1537|1538|1539|1541|1545|1546|1548|1552|1554|1555|1557|1559|1560|1561|1563|1565|1567|1568|1569|1570|1572|1573|1574|1579|1580|1581|1582|1583|1584|1585|1586|1589|1591|1592|1595|1596|1602|1603|1604|1605|1607|1610|1611|1613|1614|1616|1619|1620|1621|1622|1624|1625|1627|1629|1631|1633|1634|1639|1640|1643|1645|1646|1648|1649|1650|1651|1652|1653|1655|1657|1658|1659|1660|1662|1663|1665|1666|1667|1668|1669|1671|1673|1674|1675|1676|1677|1678|1679|1680|1681|1682|1685|1687|1688|1689|1691|1694|1695|1696|1698|1699|1700|1702|1703|1706|1707|1710|1711|1716|1717|1719|1720|1722|1723|1727|1728|1730|1731|1733|1735|1738|1743|1744|1745|1746|1747|1749|1750|1751|1752|1753|1756|1757|1758|1759|1760|1761|1763|1764|1765|1766|1767|1768|1770|1773|1775|1776|1777|1778|1780|1782|1784|1787|1788|1789|1790|1793|1798|1800|1801|1802|1803|1804|1805|1806|1807|1809|1810|1811|1813|1814|1815|1820|1823|1825|1827|1829|1830|1831|1832|1834|1835|1836|1840|1841|1842|1845|1846|1847|1848|1849|1850|1851|1852|1853|1855|1857|1858|1859|1862|1865|1867|1868|1871|1872|1873|1875|1878|1882|1884|1885|1886|1887|1888|1889|1892|1893|1896|1897|1901|1902|1904|1905|1907|1908|1909|1910|1912|1913|1918|1919|1921|1924|1925|1928|1930|1931|1932|1935|1937|1939|1940|1941|1943|1951|1952|1954|1955|1957|1959|1960|1962|1964|1965|1966|1967|1968|1970|1977|1978|1979|1981|1982|1985|1986|1988|1989|1990|1991|1992|1993|1995|1996|1997|1998|2004|2007|2008|2010|2012|2014|2016|2019|2021|2022|2023|2025|2026|2029|2030|2031|2032|2033|2034|2035|2036|2039|2040|2042|2047|2048|2055|2056|2061|2062|2063|2064|2065|2068|2070|2073|2078|2079|2080|2081|2082|2083|2087|2089|2090|2091|2094|2095|2099|2100|2101|2102|2106|2107|2109|2112|2113|2115|2119|2121|2123|2127|2128|2130|2133|2134|2136|2138|2139|2143|2145|2146|2149|2151|2153|2155|2156|2158|2160|2161|2164|2165|2167|2168|2171|2172|2175|2176|2177|2178|2179|2180|2182|2188|2189|2190|2191|2196|2202|2203|2206|2207|2208|2209|2210|2211|2212|2215|2219|2220|2222|2224|2225|2227|2229|2233|2234|2235|2239|2240|2241|2242|2243|2246|2248|2249|2250|2253|2256|2257|2259|2261|2263|2264|2266|2272|2279|2280|2281|2282|2283|2284|2285|2291|2292|2296|2300|2302|2303|2305|2307|2308|2311|2314|2315|2319|2321|2322|2323|2324|2326|2327|2329|2336|2337|2338|2341|2342|2343|2348|2349|2351|2353|2354|2355|2358|2359|2361|2364|2365|2366|2367|2368|2370|2371|2373|2382|2383|2386|2387|2388|2389|2390|2391|2393|2394|2395|2398|2401|2404|2405|2406|2408|2409|2412|2413|2415|2417|2420|2421|2424|2425|2426|2427|2429|2430|2432|2439|2440|2442|2443|2444|2445|2446|2448|2449|2450|2452|2454|2455|2458|2459|2461|2462|2464|2466|2468|2470|2471|2472|2473|2474|2475|2476|2478|2479|2480|2483|2484|2485|2486|2490|2491|2493|2494|2495|2496|2497|2498|2501|2503|2504|2505|2506|2508|2511|2513|2514|2515|2517|2521|2524|2525|2526|2528|2529|2530|2531|2532|2534|2536|2540|2541|2542|2547|2549|2550|2551|2554|2558|2560|2562|2565|2566|2570|2572|2573|2574|2575|2576|2577|2578|2580|2584|2592|2593|2595|2596|2597|2599|2602|2605|2606|2608|2610|2611|2612|2614|2615|2616|2617|2621|2626|2627|2630|2631|2632|2633|2634|2635|2637|2638|2639|2640|2641|2642|2643|2645|2648|2651|2654|2656|2658|2659|2661|2663|2664|2665|2670|2671|2674|2675|2678|2680|2683|2685|2687|2690|2693|2694|2695|2697|2698|2700|2701|2703|2704|2705|2706|2710|2713|2718|2719|2722|2724|2725|2726|2728|2730|2731|2732|2735|2736|2739|2740|2741|2742|2743|2746|2747|2748|2753|2755|2756|2757|2760|2761|2763|2765|2766|2767|2768|2771|2772|2773|2776|2779|2780|2781|2785|2786|2787|2788|2789|2790|2791|2792|2796|2797|2798|2799|2801|2802|2803|2807|2811|2816|2821|2823|2824|2827|2829|2830|2831|2832|2833|2834|2836|2838|2840|2841|2843|2844|2846|2848|2850|2851|2852|2853|2857|2858|2859|2863|2864|2865|2866|2868|2871|2872|2874|2875|2876|2879|2881|2882|2884|2885|2886|2888|2890|2891|2893|2894|2896|2898|2900|2904|2906|2908|2910|2911|2912|2916|2919|2921|2923|2925|2928|2929|2930|2932|2935|2938|2939|2940|2941|2944|2945|2946|2951|2956|2957|2960|2961|2964|2968|2969|2972|2973|2976|2977|2978|2980|2982|2983|2984|2985|2986|2987|2996|2997|2998|3000|3002|3003|3004|3006|3007|3009|3010|3011|3013|3016|3018|3021|3022|3023|3024|3026|3028|3032|3035|3038|3039|3040|3045|3047|3049|3051|3053|3055|3060|3062|3064|3065|3066|3067|3070|3071|3072|3073|3075|3077|3084|3085|3087|3088|3091|3092|3093|3094|3096|3097|3099|3101|3104|3105|3108|3110|3111|3112|3113|3116|3117|3118|3121|3122|3123|3124|3125|3127|3128|3129|3131|3138|3140|3144|3149|3151|3153|3154|3156|3159|3160|3161|3162|3164|3165|3166|3170|3171|3173|3175|3176|3177|3179|3180|3181|3182|3185|3188|3190|3193|3194|3195|3198|3199|3200|3201|3202|3203|3204|3205|3206|3207|3210|3212|3213|3214|3215|3217|3218|3220|3221|3222|3225|3226|3228|3232|3237|3239|3241|3242|3243|3244|3246|3248|3249|3251|3252|3253|3254|3255|3256|3257|3262|3265|3266|3267|3268|3270|3274|3276|3278|3280|3282|3284|3287|3288|3289|3290|3292|3293|3296|3297|3298|3299|3300|3301|3302|3304|3305|3308|3309|3310|3315|3318|3319|3320|3322|3324|3326|3328|3330|3334|3335|3337|3338|3339|3340|3344|3345|3348|3349|3351|3353|3355|3356|3357|3358|3359|3360|3361|3363|3364|3366|3367|3369|3370|3371|3373|3374|3375|3376|3377|3378|3380|3382|3387|3388|3390|3391|3392|3393|3395|3396|3397|3398|3399|3401|3403|3404|3405|3406|3407|3408|3409|3410|3411|3412|3418|3419|3420|3422|3424|3425|3427|3428|3430|3432|3434|3435|3437|3441|3442|3443|3445|3448|3450|3451|3452|3456|3457|3462|3465|3467|3469|3472|3475|3476|3477|3478|3479|3481|3483|3484|3486|3487|3488|3489|3493|3494|3496|3497|3501|3502|3503|3504|3505|3506|3507|3509|3511|3513|3514|3517|3520|3521|3522|3524|3526|3528|3531|3534|3544|3545|3546|3548|3550|3551|3552|3553|3554|3555|3556|3557|3559|3560|3561|3563|3564|3567|3568|3570|3573|3575|3576|3577|3578|3580|3582|3584|3586|3587|3588|3589|3590|3591|3592|3593|3595|3596|3602|3604|3605|3606|3607|3609|3612|3614|3615|3618|3619|3620|3621|3623|3628|3629|3632|3633|3634|3636|3637|3638|3642|3643|3644|3645|3647|3649|3650|3651|3652|3654|3655|3657|3658|3659|3663|3664|3665|3666|3667|3668|3673|3675|3676|3679|3684|3686|3688|3694|3696|3697|3699|3700|3701|3703|3705|3706|3708|3712|3714|3715|3717|3718|3722|3723|3725|3726|3727|3728|3729|3731|3734|3737|3745|3750|3753|3754|3756|3757|3759|3761|3763|3765|3766|3768|3771|3772|3775|3779|3780|3786|3788|3789|3791|3792|3796|3797|3798|3804|3806|3809|3811|3812|3814|3815|3816|3819|3820|3821|3823|3824|3825|3827|3828|3829|3830|3832|3836|3841|3842|3849|3850|3852|3853|3855|3856|3857|3858|3859|3863|3866|3867|3868|3872|3873|3876|3877|3878|3879|3880|3883|3884|3894|3897|3898|3899|3900|3901|3902|3904|3906|3907|3909|3914|3918|3919|3924|3926|3930|3931|3932|3933|3934|3937|3939|3941|3943|3944|3945|3946|3949|3951|3952|3954|3955|3957|3959|3961|3964|3966|3967|3969|3970|3980|3989|3991|3993|3996|4001|4003|4006|4007|4013|4015|4019|4020|4021|4023|4025|4026|4027|4028|4036|4037|4039|4040|4045|4046|4047|4053|4056|4059|4060|4061|4063|4064|4069|4071|4072|4073|4075|4076|4078|4079|4084|4086|4088|4089|4090|4091|4093|4094|4098|4100|4101|4103|4104|4105|4110|4112|4113|4115|4116|4117|4119|4120|4121|4122|4125|4126|4127|4128|4129|4130|4131|4133|4135|4136|4139|4142|4143|4144|4146|4147|4148|4150|4155|4158|4160|4161|4162|4163|4165|4168|4169|4170|4172|4175|4176|4180|4181|4182|4184|4185|4189|4190|4191|4192|4194|4197|4199|4200|4201|4202|4203|4204|4206|4207|4210|4211|4212|4213|4214|4215|4216|4217|4218|4221|4222|4224|4225|4227|4230|4231|4234|4238|4240|4247|4249|4250|4252|4255|4256|4261|4263|4265|4268|4270|4271|4273|4274|4277|4279|4281|4283|4285|4286|4288|4289|4290|4292|4294|4295|4299|4300|4304|4305|4306|4307|4308|4309|4310|4312|4314|4319|4320|4322|4325|4327|4328|4331|4334|4337|4338|4344|4346|4355|4359|4360|4361|4363|4364|4365|4367|4368|4370|4371|4372|4373|4374|4375|4377|4379|4380|4381|4382|4383|4385|4388|4393|4394|4395|4396|4401|4403|4407|4415|4416|4419|4420|4421|4422|4423|4425|4427|4431|4433|4435|4437|4439|4440|4443|4444|4445|4446|4447|4448|4449|4452|4453|4459|4460|4461|4463|4464|4466|4467|4468|4469|4470|4471|4472|4474|4478|4479|4482|4486|4487|4490|4492|4494|4499|4500|4501|4502|4504|4505|4508|4512|4513|4515|4516|4517|4521|4523|4524|4525|4529|4532|4533|4539|4542|4544|4546|4548|4551|4552|4555|4558|4560|4561|4563|4566|4569|4570|4572|4573|4574|4575|4576|4578|4579|4581|4585|4587|4588|4589|4590|4593|4594|4595|4596|4598|4599|4601|4603|4604|4605|4607|4609|4610|4611|4612|4613|4614|4615|4616|4618|4620|4625|4628|4630|4638|4639|4640|4643|4645|4646|4647|4649|4654|4658|4663|4664|4665|4666|4668|4669|4670|4674|4675|4676|4679|4680|4681|4682|4687|4688|4689|4694|4696|4697|4698|4699|4703|4705|4706|4709|4712|4715|4716|4718|4719|4720|4723|4724|4725|4727|4730|4733|4736|4737|4738|4741|4742|4743|4745|4747|4749|4754|4755|4756|4761|4762|4763|4766|4768|4770|4771|4773|4782|4786|4788|4789|4792|4796|4798|4802|4808|4809|4814|4815|4817|4818|4820|4821|4823|4824|4825|4828|4829|4830|4833|4834|4838|4843|4845|4847|4848|4849|4852|4853|4854|4855|4858|4859|4860|4861|4863|4865|4870|4874|4875|4880|4881|4883|4884|4885|4886|4887|4889|4892|4893|4895|4896|4898|4899|4901|4902|4905|4907|4908|4909|4910|4911|4912|4914|4918|4919|4921|4922|4923|4925|4926|4927|4928|4929|4931|4934|4935|4938|4939|4940|4942|4944|4947|4949|4950|4951|4953|4954|4957|4958|4959|4960|4963|4965|4966|4967|4969|4971|4975|4976|4977|4978|4982|4984|4987|4990|4992|4993|4994|4995|4997|4998|5002|5003|5004|5006|5007|5008|5009|5010|5013|5016|5018|5019|5023|5024|5025|5027|5028|5029|5030|5031|5034|5036|5037|5039|5042|5043|5045|5046|5050|5056|5061|5062|5063|5064|5065|5069|5071|5074|5078|5082|5083|5088|5089|5090|5091|5092|5098|5099|5101|5102|5103|5105|5106|5108|5109|5110|5112|5115|5116|5123|5125|5127|5129|5131|5133|5137|5140|5141|5143|5145|5147|5148|5149|5152|5153|5156|5159|5160|5161|5166|5169|5171|5172|5176|5177|5180|5182|5183|5184|5185|5186|5187|5188|5190|5191|5197|5199|5205|5206|5207|5208|5210|5212|5213|5214|5215|5218|5219|5220|5223|5224|5225|5226|5228|5230|5231|5232|5233|5235|5236|5238|5240|5243|5246|5247|5249|5250|5252|5256|5257|5258|5259|5262|5264|5266|5269|5273|5275|5276|5278|5279|5281|5283|5284|5285|5290|5292|5293|5295|5297|5299|5300|5303|5306|5307|5308|5309|5310|5312|5313|5314|5315|5316|5319|5327|5329|5330|5331|5334|5335|5337|5340|5344|5345|5346|5347|5348|5349|5351|5354|5356|5357|5358|5359|5360|5361|5362|5363|5364|5365|5366|5367|5371|5372|5373|5374|5375|5377|5378|5379|5380|5381|5383|5384|5385|5386|5388|5389|5390|5394|5399|5402|5404|5406|5409|5410|5413|5415|5416|5417|5419|5420|5421|5423|5425|5427|5428|5429|5430|5431|5432|5433|5435|5437|5438|5440|5443|5446|5449|5450|5452|5455|5456|5464|5467|5470|5473|5474|5475|5478|5479|5480|5481|5482|5483|5485|5487|5489|5493|5497|5500|5502|5504|5508|5510|5511|5513|5514|5515|5516|5517|5518|5520|5522|5526|5527|5529|5533|5535|5539|5540|5543|5544|5546|5547|5552|5558|5559|5560|5561|5563|5566|5567|5569|5570|5573|5574|5577|5579|5583|5586|5587|5589|5590|5591|5593|5595|5596|5597|5598|5601|5603|5605|5607|5608|5609|5611|5615|5617|5624|5625|5627|5629|5632|5633|5634|5635|5639|5640|5642|5645|5646|5648|5650|5653|5654|5657|5658|5659|5660|5661|5662|5663|5664|5665|5667|5669|5672|5673|5674|5675|5677|5678|5679|5682|5683|5685|5687|5688|5689|5690|5692|5693|5694|5696|5697|5698|5701|5702|5705|5707|5708|5709|5711|5713|5717|5718|5719|5720|5721|5724|5725|5726|5727|5728|5731|5733|5736|5738|5741|5742|5745|5749|5752|5753|5757|5759|5760|5762|5765|5768|5771|5773|5775|5776|5777|5780|5782|5784|5786|5788|5789|5790|5793|5795|5797|5798|5801|5802|5803|5804|5807|5814|5816|5817|5819|5820|5823|5824|5826|5831|5832|5834|5837|5839|5841|5842|5843|5846|5847|5849|5851|5852|5857|5858|5860|5862|5865|5866|5867|5870|5875|5877|5880|5883|5885|5886|5889|5893|5894|5896|5897|5898|5899|5902|5904|5905|5908|5910|5912|5914|5916|5919|5921|5922|5924|5926|5927|5931|5933|5936|5937|5939|5940|5942|5943|5944|5945|5946|5950|5953|5955|5958|5960|5961|5964|5967|5968|5969|5975|5976|5977|5979|5981|5983|5984|5985|5986|5987|5988|5989|5990|5991|5993|5995|5999|6008|6010|6011|6013|6014|6016|6017|6019|6020|6023|6024|6026|6027|6028|6029|6033|6035|6036|6038|6040|6042|6043|6045|6047|6048|6051|6052|6054|6055|6057|6058|6060|6061|6064|6065|6067|6069|6070|6072|6074|6075|6076|6080|6081|6083|6086|6087|6089|6090|6094|6095|6096|6097|6098|6099|6100|6102|6103|6105|6109|6110|6111|6113|6114|6116|6117|6118|6119|6121|6122|6123|6125|6127|6128|6129|6134|6135|6136|6138|6142|6145|6146|6147|6148|6150|6151|6153|6154|6157|6158|6160|6162|6165|6166|6168|6169|6170|6171|6173|6174|6175|6176|6177|6179|6180|6181|6183|6184|6185|6186|6187|6190|6191|6193|6194|6200|6202|6204|6205|6206|6207|6208|6209|6210|6212|6214|6215|6216|6217|6220|6221|6222|6223|6226|6227|6234|6236|6237|6238|6239|6240|6241|6242|6243|6245|6247|6249|6252|6253|6254|6255|6257|6258|6260|6261|6262|6266|6267|6274|6275|6276|6277|6278|6279|6280|6283|6284|6285|6287|6291|6294|6295|6301|6303|6305|6307|6308|6309|6315|6317|6318|6319|6320|6325|6326|6327|6328|6329|6330|6336|6337|6341|6345|6346|6347|6348|6349|6353|6359|6361|6363|6365|6367|6368|6370|6372|6373|6374|6375|6376|6379|6380|6382|6384|6386|6388|6390|6393|6395|6396|6397|6400|6403|6405|6406|6407|6411|6412|6414|6417|6421|6424|6426|6428|6430|6433|6434|6435|6436|6440|6443|6444|6445|6447|6449|6451|6452|6453|6456|6458|6459|6461|6462|6464|6465|6466|6470|6472|6473|6475|6477|6481|6484|6486|6487|6490|6491|6493|6495|6496|6497|6500|6502|6503|6504|6505|6506|6508|6509|6510|6511|6512|6513|6514|6516|6521|6523|6524|6527|6529|6532|6533|6535|6536|6537|6540|6542|6543|6544|6548|6549|6552|6553|6556|6557|6561|6562|6563|6566|6568|6575|6578|6579|6581|6582|6584|6585|6587|6588|6589|6590|6592|6597|6599|6600|6601|6604|6607|6609|6616|6619|6620|6621|6623|6624|6625|6627|6629|6630|6632|6636|6637|6638|6639|6640|6641|6642|6644|6645|6649|6651|6652|6653|6655|6656|6659|6660|6662|6663|6664|6665|6666|6668|6669|6670|6671|6672|6673|6674|6675|6679|6681|6682|6683|6685|6686|6687|6688|6691|6693|6697|6698|6699|6705|6707|6709|6710|6711|6713|6714|6719|6720|6722|6723|6724|6725|6727|6728|6729|6730|6731|6732|6733|6737|6738|6740|6741|6742|6744|6747|6750|6751|6752|6753|6754|6758|6760|6761|6762|6763|6764|6767|6768|6769|6770|6772|6775|6776|6779|6781|6783|6788|6789|6792|6795|6796|6797|6798|6800|6801|6802|6803|6804|6805|6806|6807|6809|6811|6812|6813|6814|6815|6817|6819|6825|6826|6833|6835|6836|6838|6839|6841|6844|6846|6848|6851|6854|6856|6857|6858|6859|6860|6861|6864|6865|6869|6870|6872|6873|6875|6877|6879|6880|6881|6882|6883|6886|6887|6888|6890|6895|6896|6898|6899|6901|6903|6904|6909|6910|6914|6916|6921|6923|6925|6926|6927|6929|6930|6932|6934|6935|6936|6938|6939|6941|6944|6947|6948|6950|6951|6953|6954|6956|6957|6958|6959|6964|6965|6966|6967|6969|6971|6972|6977|6980|6981|6982|6989|6991|6994|6995|6997|7001|7004|7007|7009|7011|7012|7014|7016|7018|7019|7020|7021|7022|7023|7025|7026|7027|7028|7030|7031|7032|7033|7036|7038|7040|7041|7043|7044|7046|7049|7050|7052|7054|7056|7058|7059|7061|7063|7064|7065|7072|7073|7074|7075|7079|7081|7084|7085|7086|7091|7093|7094|7095|7096|7099|7100|7101|7103|7104|7106|7109|7112|7114|7117|7118|7119|7120|7122|7124|7125|7127|7129|7130|7131|7132|7134|7135|7136|7138|7139|7141|7142|7144|7147|7151|7152|7155|7156|7157|7158|7167|7168|7169|7170|7172|7173|7174|7176|7179|7182|7187|7188|7189|7192|7195|7196|7197|7201|7203|7208|7209|7211|7213|7214|7217|7219|7220|7222|7223|7225|7226|7227|7228|7229|7230|7233|7234|7237|7238|7240|7241|7242|7244|7245|7247|7248|7249|7252|7253|7255|7256|7258|7259|7260|7261|7262|7263|7264|7265|7269|7270|7271|7273|7275|7276|7277|7278|7280|7281|7283|7286|7290|7295|7298|7299|7300|7302|7304|7305|7307|7308|7311|7312|7314|7315|7316|7317|7318|7321|7322|7324|7326|7327|7328|7330|7331|7333|7335|7336|7337|7338|7339|7342|7343|7344|7346|7350|7351|7352|7355|7356|7357|7362|7363|7364|7367|7368|7369|7372|7374|7376|7377|7380|7381|7383|7384|7386|7388|7391|7393|7396|7397|7399|7402|7404|7405|7406|7407|7408|7410|7417|7419|7420|7425|7426|7427|7429|7430|7431|7432|7433|7436|7440|7441|7444|7446|7448|7449|7450|7453|7455|7456|7459|7460|7465|7466|7467|7469|7472|7476|7477|7479|7484|7486|7487|7490|7491|7492|7493|7495|7496|7497|7502|7503|7504|7506|7511|7512|7513|7514|7517|7518|7521|7524|7526|7528|7530|7531|7532|7533|7536|7537|7538|7539|7540|7541|7542|7546|7548|7552|7553|7555|7556|7557|7561|7564|7565|7566|7570|7574|7577|7578|7580|7581|7582|7583|7584|7586|7587|7593|7594|7595|7596|7597|7598|7599|7600|7601|7603|7604|7606|7608|7614|7616|7617|7618|7621|7622|7626|7627|7628|7629|7631|7633|7636|7638|7639|7642|7644|7645|7646|7647|7648|7649|7651|7652|7653|7656|7658|7659|7662|7664|7666|7669|7671|7673|7675|7676|7679|7680|7681|7682|7685|7686|7688|7689|7691|7695|7697|7699|7701|7703|7705|7706|7709|7710|7712|7714|7718|7719|7720|7721|7724|7727|7730|7733|7734|7735|7737|7738|7747|7748|7749|7750|7752|7753|7754|7756|7757|7758|7759|7760|7761|7762|7763|7765|7766|7768|7769|7772|7774|7776|7778|7779|7781|7782|7784|7786|7787|7788|7789|7790|7791|7792|7793|7794|7795|7798|7799|7800|7801|7803|7804|7805|7807|7808|7809|7810|7811|7815|7818|7820|7822|7823|7826|7827|7832|7834|7835|7836|7839|7840|7843|7846|7847|7848|7851|7852|7854|7855|7856|7857|7858|7859|7861|7863|7864|7867|7868|7869|7870|7871|7873|7874|7875|7876|7877|7879|7880|7881|7882|7883|7885|7887|7888|7890|7892|7893|7895|7897|7900|7902|7903|7904|7906|7907|7908|7911|7912|7915|7917|7918|7920|7921|7924|7925|7926|7928|7929|7930|7931|7932|7935|7936|7937|7940|7942|7944|7948|7949|7951|7953|7957|7958|7959|7960|7962|7964|7965|7966|7967|7968|7970|7974|7975|7978|7980|7981|7984|7986|7990|7994|7995|7999|8000|8001|8003|8005|8006|8007|8011|8016|8017|8020|8021|8022|8023|8032|8040|8041|8042|8044|8045|8047|8048|8053|8054|8056|8057|8060|8062|8064|8065|8066|8068|8069|8071|8072|8073|8074|8075|8076|8085|8088|8091|8093|8094|8096|8100|8101|8102|8103|8104|8106|8107|8108|8116|8117|8119|8121|8124|8125|8129|8131|8133|8134|8135|8136|8139|8141|8143|8145|8149|8151|8152|8156|8158|8161|8164|8165|8166|8167|8168|8171|8173|8174|8175|8177|8180|8182|8183|8186|8187|8189|8191|8192|8193|8197|8198|8199|8201|8203|8204|8208|8209|8210|8211|8213|8214|8215|8216|8219|8220|8221|8222|8223|8224|8226|8227|8228|8230|8231|8232|8233|8234|8235|8236|8237|8238|8239|8242|8244|8245|8248|8250|8252|8253|8256|8258|8261|8262|8264|8265|8266|8268|8270|8272|8273|8277|8278|8280|8281|8283|8284|8287|8289|8290|8291|8294|8295|8296|8297|8298|8300|8302|8303|8304|8306|8307|8309|8310|8311|8313|8315|8317|8322|8326|8327|8328|8329|8330|8331|8332|8333|8334|8337|8340|8343|8347|8353|8354|8357|8358|8360|8362|8363|8364|8365|8366|8368|8370|8373|8376|8377|8378|8379|8381|8382|8383|8384|8386|8388|8394|8395|8396|8397|8398|8399|8400|8401|8402|8404|8405|8406|8407|8408|8410|8411|8412|8413|8414|8415|8417|8418|8419|8420|8421|8425|8426|8429|8431|8432|8434|8436|8441|8443|8446|8448|8453|8454|8457|8459|8460|8466|8467|8471|8473|8474|8475|8479|8481|8483|8484|8485|8486|8488|8490|8491|8494|8499|8501|8503|8504|8507|8510|8511|8513|8514|8515|8516|8517|8521|8526|8528|8531|8533|8535|8539|8540|8545|8546|8547|8550|8553|8554|8555|8556|8557|8558|8559|8561|8562|8563|8564|8565|8566|8570|8571|8572|8573|8574|8576|8579|8582|8584|8587|8590|8592|8594|8595|8598|8599|8601|8602|8603|8604|8605|8607|8608|8609|8612|8614|8615|8616|8617|8619|8624|8626|8627|8629|8630|8631|8633|8634|8635|8636|8639|8642|8643|8645|8646|8647|8650|8652|8655|8656|8660|8661|8662|8664|8667|8669|8671|8673|8674|8683|8684|8685|8686|8689|8696|8697|8698|8700|8703|8705|8707|8708|8709|8711|8712|8713|8715|8719|8722|8723|8724|8725|8726|8728|8729|8730|8731|8732|8734|8735|8736|8741|8743|8744|8746|8750|8752|8753|8755|8757|8759|8760|8761|8762|8763|8764|8765|8766|8770|8771|8774|8777|8779|8782|8784|8785|8786|8787|8789|8790|8793|8794|8797|8799|8800|8802|8803|8805|8806|8807|8810|8811|8814|8816|8817|8820|8822|8824|8826|8828|8829|8833|8834|8837|8838|8840|8844|8846|8847|8850|8851|8853|8854|8855|8859|8860|8861|8862|8864|8868|8869|8870|8871|8873|8875|8877|8878|8883|8889|8890|8892|8894|8895|8897|8900|8902|8903|8905|8906|8908|8910|8911|8912|8914|8915|8916|8917|8918|8919|8920|8921|8922|8924|8926|8927|8930|8932|8933|8936|8937|8940|8941|8942|8943|8944|8945|8948|8949|8950|8951|8954|8958|8964|8968|8971|8972|8975|8976|8977|8978|8983|8985|8986|8987|8988|8989|8990|8991|8992|8994|8995|8998|8999|9000|9001|9004|9006|9007|9008|9011|9013|9015|9017|9018|9019|9022|9023|9024|9025|9027|9029|9030|9031|9034|9036|9038|9040|9041|9043|9044|9047|9049|9051|9053|9055|9057|9058|9059|9061|9062|9063|9066|9070|9074|9077|9079|9080|9081|9087|9088|9089|9090|9091|9093|9094|9095|9096|9098|9099|9100|9104|9105|9106|9108|9110|9111|9112|9113|9114|9115|9116|9118|9119|9123|9124|9125|9126|9132|9137|9138|9139|9141|9148|9149|9150|9157|9158|9160|9163|9164|9165|9166|9168|9169|9171|9172|9173|9174|9176|9178|9183|9184|9186|9187|9188|9189|9191|9192|9194|9195|9197|9199|9201|9202|9203|9204|9209|9210|9211|9214|9215|9216|9219|9220|9221|9224|9227|9231|9232|9233|9234|9235|9236|9240|9244|9246|9248|9253|9255|9258|9261|9262|9264|9265|9267|9268|9269|9270|9272|9273|9274|9275|9279|9280|9282|9286|9289|9294|9295|9296|9297|9299|9300|9304|9305|9306|9308|9309|9312|9313|9315|9319|9322|9323|9326|9327|9328|9330|9331|9332|9333|9336|9338|9339|9342|9344|9350|9351|9352|9360|9361|9363|9364|9366|9367|9370|9372|9378|9380|9381|9387|9388|9389|9396|9398|9400|9401|9404|9406|9407|9409|9411|9414|9416|9419|9421|9423|9424|9429|9431|9433|9435|9436|9437|9439|9441|9443|9445|9451|9454|9457|9458|9460|9461|9463|9464|9465|9466|9467|9468|9473|9474|9476|9481|9482|9483|9486|9488|9491|9497|9498|9503|9504|9506|9507|9509|9512|9513|9516|9517|9520|9522|9523|9524|9525|9529|9530|9532|9535|9536|9544|9545|9547|9550|9551|9555|9556|9558|9559|9560|9561|9562|9563|9566|9568|9570|9571|9574|9575|9577|9579|9580|9581|9586|9589|9590|9593|9596|9598|9599|9612|9614|9617|9621|9622|9625|9627|9629|9633|9634|9635|9636|9637|9638|9639|9640|9641|9642|9644|9648|9650|9651|9654|9656|9657|9660|9661|9663|9664|9665|9668|9669|9670|9671|9673|9676|9678|9679|9682|9684|9685|9686|9690|9691|9692|9694|9698|9700|9702|9705|9706|9708|9710|9712|9713|9714|9721|9722|9723|9725|9727|9728|9730|9732|9733|9734|9735|9738|9740|9741|9742|9744|9748|9749|9751|9752|9753|9755|9756|9758|9759|9760|9761|9762|9764|9765|9766|9772|9775|9780|9781|9782|9784|9785|9786|9787|9789|9792|9793|9794|9795|9796|9797|9798|9801|9803|9806|9808|9809|9810|9812|9814|9817|9819|9821|9822|9823|9824|9827|9828|9831|9832|9834|9836|9837|9841|9842|9844|9846|9847|9848|9852|9856|9857|9860|9861|9863|9867|9869|9871|9872|9875|9877|9880|9881|9884|9885|9886|9888|9893|9896|9897|9900|9902|9903|9907|9908|9909|9911|9912|9916|9917|9919|9921|9922|9923|9925|9926|9929|9931|9936|9938|9939|9940|9943|9944|9947|9948|9949|9951|9953|9954|9955|9960|9961|9962|9963|9968|9971|9972|9973|9974|9976|9977|9978|9981|9982|9983|9984|9991|9994|10002|10003|10005|10012|10013|10014|10016|10021|10024|10025|10027|10028|10029|10030|10034|10035|10037|10038|10041|10044|10045|10053|10056|10058|10061|10062|10063|10064|10065|10066|10067|10068|10069|10070|10073|10074|10075|10076|10077|10079|10080|10081|10082|10089|10093|10094|10100|10101|10102|10108|10110|10112|10117|10119|10122|10124|10126|10132|10135|10136|10137|10139|10142|10144|10146|10147|10150|10156|10157|10159|10160|10162|10164|10166|10167|10168|10169|10174|10175|10176|10178|10181|10182|10183|10184|10188|10191|10194|10197|10198|10200|10201|10202|10204|10205|10208|10209|10210|10211|10212|10213|10215|10216|10218|10219|10220|10224|10225|10228|10230|10231|10232|10234|10235|10236|10239|10245|10250|10255|10256|10258|10259|10260|10261|10266|10267|10268|10270|10271|10273|10274|10279|10280|10285|10286|10289|10290|10292|10295|10296|10298|10300|10303|10308|10309|10312|10313|10314|10317|10322|10323|10324|10325|10326|10327|10329|10331|10332|10334|10335|10336|10337|10339|10340|10343|10344|10345|10347|10348|10350|10352|10354|10357|10358|10359|10360|10363|10365|10367|10368|10369|10371|10373|10374|10376|10380|10381|10384|10385|10386|10387|10390|10391|10392|10396|10399|10402|10406|10409|10410|10411|10414|10415|10416|10419|10422|10423|10424|10426|10427|10430|10431|10432|10433|10436|10438|10439|10440|10441|10443|10445|10448|10450|10451|10452|10454|10455|10457|10459|10460|10461|10464|10467|10468|10473|10474|10475|10476|10477|10479|10484|10487|10488|10489|10490|10493|10495|10496|10499|10500|10502|10503|10504|10505|10506|10507|10510|10511|10513|10515|10517|10519|10522|10523|10526|10528|10529|10530|10531|10532|10533|10534|10535|10536|10537|10538|10540|10541|10542|10543|10545|10546|10552|10553|10555|10556|10557|10558|10566|10568|10572|10573|10574|10575|10576|10578|10579|10580|10581|10584|10585|10587|10588|10589|10590|10592|10594|10597|10600|10601|10605|10606|10610|10611|10612|10617|10618|10619|10621|10622|10624|10628|10629|10630|10631|10635|10636|10638|10640|10641|10642|10643|10644|10645|10648|10649|10651|10652|10653|10654|10655|10656|10658|10660|10661|10663|10665|10666|10667|10668|10670|10671|10673|10675|10676|10677|10679|10680|10681|10683|10687|10688|10692|10693|10695|10696|10697|10702|10703|10704|10705|10706|10712|10713|10717|10719|10720|10721|10722|10729|10732|10734|10735|10737|10738|10740|10741|10742|10744|10750|10758|10759|10760|10761|10763|10764|10765|10766|10772|10773|10774|10777|10784|10785|10786|10790|10794|10796|10797|10799|10800|10801|10802|10803|10808|10809|10811|10812|10813|10815|10820|10821|10824|10825|10826|10827|10828|10831|10832|10834|10837|10839|10840|10842|10844|10845|10847|10848|10849|10850|10851|10853|10855|10857|10858|10860|10861|10864|10865|10866|10870|10873|10874|10877|10878|10885|10886|10889|10890|10891|10892|10893|10894|10896|10898|10900|10903|10904|10905|10906|10907|10911|10912|10913|10914|10915|10916|10918|10919|10920|10921|10922|10923|10925|10927|10928|10929|10931|10932|10935|10939|10940|10941|10944|10947|10948|10949|10950|10952|10953|10955|10958|10962|10963|10965|10967|10968|10971|10972|10973,20.43850267379679,True
instance_0014.txt,random,6394,373,5914,3064|3592|7649|6398|8719|6856|10647|5341|6241|8226|11622|8443|10331|5672|3602|10804|984|10415|2234|4781|10880|6190|9630|6479|9859|6806|3702|2066|2316|11693|3678|10551|5628|7572|460|7822|2186|3904|2512|2644|9680|10771|735|9060|8829|632|8108|3815|8379|8330|8060|3569|8551|9473|11681|7909|3575|7475|60|10317|3236|6346|8215|7854|2946|483|5706|12176|4369|7387|2015|2125|7122|6325|11610|6756|11116|11155|4811|11626|1104|8069|763|9577|8807|2705|2754|9707|3291|835|5131|3405|12164|12363|3149|8793|6833|9085|2898|6096|9655|10107|9749|8176|8522|3342|2725|3703|6675|5078|10532|2343|1006|6489|7553|5038|333|7024|10074|9171|946|11481|11338|2369|2675|10478|6712|6027|3497|1927|590|12206|5517|1844|11474|10685|10998|181|1897|9089|499|96|6906|12078|467|6501|242|6407|473|7764|7917|8935|955|10650|8321|1200|5214|5598|2869|12085|958|7509|5724|9750|77|11100|2966|4879|2569|6779|11316|7240|6142|10622|9301|4365|5673|220|3211|6408|2182|11645|8901|9735|4123|5068|9755|7648|4178|7439|1935|4001|5198|4860|7500|1232|6914|4602|8302|9870|5507|1226|9643|4189|4098|11270|9936|3763|4515|405|6825|7452|5867|11805|3931|6466|4451|3734|9714|8811|9221|9588|4000|3826|5144|1641|10973|7570|9552|6228|9699|11575|2118|7020|11218|10151|543|7181|11594|1934|3755|1214|9865|5814|5376|10918|11770|11510|9303|9831|1755|9904|5878|5300|7087|7535|1976|7275|3443|10279|11280|7171|7569|1443|8831|11884|3004|8375|5643|7481|6050|7775|6150|2065|11587|7050|4489|5346|6363|3688|389|6814|8066|8983|825|2363|1561|2897|3104|3339|6490|10917|5915|1065|2953|9901|890|8034|9325|8823|6627|4482|1664|9163|12187|9899|12267|6569|1490|7774|8267|8795|6510|11224|2441|4788|5826|3173|6766|10229|837|10499|10452|3927|1834|3729|4751|10813|12221|11373|8900|346|5720|3488|5453|11777|8509|821|7165|10793|164|1605|2729|815|1148|1997|8993|7351|2106|6723|7049|4379|10215|12349|6159|10214|6587|10725|11200|2349|850|5462|10739|7598|2248|1020|8882|932|8781|10962|4198|11849|11060|10823|7402|7761|7898|9365|5090|10903|11133|9125|18|2272|1027|1993|4618|5957|5016|10811|6644|11746|11383|1648|12051|2828|9937|9854|6031|5619|9256|3549|690|2539|2348|8537|573|219|7769|11812|6307|8820|7850|11735|9404|711|9071|9367|11296|10013|2105|5021|2555|5616|1789|6513|5547|3604|430|1693|9752|7547|5689|5424|241|3362|4912|8138|796|12027|12084|8822|6239|8609|1505|3120|6114|8670|2089|8603|5622|847|5633|12144|6882|8134|8648|9541|897|1549|689|3995|7073|12126|9305|6649|2520|6021|9309|4760|1456|9244|11263|4983|8883|7659|8524|337|1904|7538|7321|4874|11238|6333|10767|7292|6169|10288|3987|10982|4671|5828|4400|7823|385|4453|4127|11506|10889|9190|8534|2295|2155|3973|9029|9399|11283|2918|4810|3033|4551|5508|9681|2300|6253|1873|9268|9884|3026|1407|627|703|8557|11818|7276|6134|9356|4848|1399|11369|1030|10838|12326|12354|9826|8740|6957|2140|8986|9188|12332|6530|3106|2253|2418|2594|361|6799|5189|8934|6898|208|11618|12370|11418|2128|1858|8179|9489|2629|950|2545|5559|1295|1384|7463|7557|871|10008|6828|5535|10000|2276|6933|10530|11753|4415|5243|5747|8685|7833|6646|7281|2686|9054|7440|10396|349|5368|9263|3580|4371|9631|3427|4748|684|366|1110|3910|9331|1246|7907|11723|6874|3631|10284|1215|3210|1638|5420|9637|4126|2598|9068|10293|2217|12256|3802|5898|11639|3099|8010|9421|10192|5601|11318|5606|2507|10778|4097|12125|4666|4906|3460|8265|3012|3094|9193|3374|9921|7806|10768|6083|10376|7082|7919|3365|4220|2305|511|8279|9908|5094|1229|1831|10103|5701|10096|10670|11920|5851|5973|6717|11364|2281|436|4028|8777|1597|9243|11454|10197|1193|5175|10661|3827|1711|4139|7861|5447|7298|1600|6076|6633|2934|4329|8549|1555|6945|2188|1042|1341|3016|4262|1053|5960|5224|45|5566|7851|34|5031|4132|492|7093|1785|8269|5509|11522|11881|5800|5013|11096|803|103|5490|7193|7622|6539|12382|4644|4308|2808|8127|9819|6509|5546|262|2692|5086|7527|7698|4562|1150|9538|6762|10975|6817|8324|9652|11370|170|3640|8471|6844|5055|11889|5777|8950|8825|5711|285|12384|3532|8788|2365|3498|11867|807|7071|4965|7051|5071|1292|1074|8291|1700|6995|9320|1158|7032|10283|1444|7920|6059|7836|7932|6729|3268|5629|11573|746|4698|5824|6899|7155|11198|8274|3386|4435|5074|4381|8091|8059|5967|9148|9439|4867|120|917|9853|1514|7752|4553|9336|9947|12005|1619|4465|8612|4890|6940|11380|8133|314|4044|9170|7607|10082|12302|149|5693|8536|10390|9208|4579|4570|6935|526|2703|7906|9292|11862|5132|4412|7879|1236|2079|4832|3608|469|5438|1928|3686|2203|8338|2603|9110|11385|3624|3655|11531|6484|6393|8621|9604|26|8576|4105|8082|11603|604|8232|12315|12098|1189|5893|9733|6811|9242|7903|7219|6753|4163|2765|7816|4977|3139|2879|6724|3642|12074|1032|4072|2370|5819|7264|452|7398|6055|5266|10968|5162|9097|6845|10347|8492|5713|8182|1355|5885|3241|79|6665|926|8801|8160|6927|4563|4774|260|22|4326|5736|8487|4690|10047|10439|8694|1677|4294|8567|8335|1603|11564|3457|5721|12325|4475|10547|4502|1528|11106|6683|6101|6125|8737|977|9744|12306|10227|1753|12273|5660|5371|11716|3696|7358|7016|10504|10948|4460|6235|10664|1314|11305|1604|7994|2328|9569|2914|2743|3574|8397|6296|2832|410|9021|7442|7926|7970|11513|10186|9405|2374|1982|2739|12348|5164|8372|10546|6278|6131|6002|5410|10589|7830|9654|1499|6620|11895|6204|42|7870|6427|1485|2595|9339|7631|12139|3828|3233|5763|3915|11066|11353|10285|5427|226|8051|6769|8757|9792|9666|2419|6519|5311|1727|9115|10399|3114|546|464|1545|3406|11760|1958|9669|1376|4900|5208|2769|9469|3089|2313|1235|4196|4909|7662|3088|8323|2814|10682|12237|2366|7058|11990|7377|6548|186|5799|512|11017|8698|10442|6265|11652|11524|10173|6776|6485|3434|7802|5538|2354|11878|1360|1751|7674|10019|11859|3657|3131|8584|2214|8502|1071|12346|4884|7455|5983|5335|7444|6074|6017|173|1805|11076|7309|6800|8912|9868|9994|1911|5805|2447|6804|9492|7052|1703|1393|8075|8095|5456|9586|12375|6750|5731|671|11128|4857|6302|5137|845|994|4342|4304|4364|11772|7389|10075|4184|7434|6994|2241|7559|5637|1043|11983|2981|1413|2330|3320|3370|10698|393|295|10305|3315|3009|12153|1154|10017|7363|109|8832|9223|3725|427|1949|1453|733|9690|3358|3438|11945|8501|11894|10800|8897|6982|3018|8972|7706|4861|7916|12338|6652|199|11144|10803|4717|10705|6668|7125|3766|2509|3263|6332|11550|10111|11267|596|10356|5651|9394|4898|3653|9611|12257|8329|4785|5577|6000|7877|10481|4210|5165|5753|5334|5393|7426|12201|10138|6176|5308|663|7102|11731|5042|5369|6200|11917|2464|5908|7412|4721|9436|9059|8544|6690|7423|6410|230|986|4704|5249|2761|5151|12116|6894|1732|682|929|804|206|6550|10827|1734|1187|4199|2017|3749|2957|3639|11668|4396|8258|8377|2662|6824|12100|5514|9896|4355|10683|721|3959|1895|7578|9614|5557|4443|8810|7390|104|2628|8668|7252|12242|12138|3213|4663|6167|9090|4991|10380|9678|6201|9185|7863|10153|1685|8770|12101|10282|3552|6037|11898|8505|6664|4071|3186|224|424|9594|4798|4324|9955|8101|10775|736|7495|598|4321|11967|5776|2582|1317|4318|10706|11074|341|5400|493|4531|4259|10696|9134|9217|670|6269|8033|2670|4685|5997|1247|11396|2597|7169|7595|8546|4433|8797|6062|6086|6068|9074|2821|9981|679|10387|9274|2167|1849|2625|5848|4964|1852|4236|5939|1945|1850|1462|4511|6411|1601|9653|3805|533|3682|9017|10929|3229|8070|2372|10760|10216|4325|10004|4246|9412|10837|8031|5321|8850|2006|7938|1564|10562|255|6391|11657|7991|3453|2073|770|9970|3620|10553|7280|4096|4809|10552|6093|2142|2439|4124|7134|5798|4373|8453|2446|236|75|1902|8625|9534|9923|4165|2961|1837|9019|9112|10974|2461|1207|7929|714|2498|6233|8029|5729|7485|3768|2663|310|10914|8117|7244|7650|8593|11741|11176|11355|3266|3458|2506|933|11164|3096|8547|2774|5048|1487|7878|5178|1587|2023|3914|11381|6821|11327|1788|3711|8221|6829|4303|6424|10072|7765|4232|11841|4873|4130|11301|4583|9435|1075|3183|4335|1884|5254|10752|8007|10710|10148|4506|5931|2240|4948|4711|4940|3880|4307|9352|7328|11028|11436|7283|6140|5389|9224|4586|7927|1567|9472|9135|7526|10097|2537|3513|5846|10514|1649|4010|7329|10874|12283|1118|1663|4708|10208|4763|747|10154|11186|9419|5205|3270|7663|1262|1261|10893|6807|8021|7349|8869|11395|10046|1630|8596|12030|10831|7301|9490|5319|8404|7382|2652|2196|4073|3226|9048|2459|10573|3054|3896|3174|7094|10480|2547|10076|4804|810|7195|2677|2491|3817|7911|8841|2474|8247|324|8898|7624|8608|10750|7131|4447|10168|11561|1957|687|8764|2179|9432|10762|4896|7711|7323|10040|9265|4568|10850|7025|497|5250|1892|5103|2936|6744|5988|9615|2721|2570|3557|10083|4842|9958|6428|1846|2655|5623|11687|11309|7074|338|3007|903|5269|5667|11444|3941|93|863|3539|431|2303|6890|7931|4241|6782|10538|9845|6535|10409|3924|6026|5702|4309|5595|4919|898|5405|6371|8439|1610|6871|2076|1204|11071|11169|6105|2199|5259|11654|2784|6499|9189|10412|12310|11445|3560|11377|10179|5478|10057|4726|1479|5134|7393|3244|1653|2890|3661|11900|2622|12048|10337|4547|3814|8784|49|7137|11549|7425|8350|6549|10679|4257|11579|10786|3238|4225|5744|7738|2676|8769|12262|5889|10792|10806|9024|2807|2420|282|5493|1203|5541|8691|3124|4993|5153|10668|10089|5384|250|8043|4011|10723|8444|9028|1980|9212|10963|3035|3662|5947|9447|7793|1031|6805|6394|3850|11062|8563|8299|4414|4835|3546|10986|5495|12386|3790|12220|3823|4587|8382|7592|5364|7408|3335|4646|7667|548|11145|5344|5981|10164|3117|3207|12226|4114|3272|2229|10374|5639|10772|2781|3902|11462|4328|3722|2239|1141|4880|7483|706|6046|459|5989|3295|3038|8346|9602|4591|840|4351|5280|2367|3364|6560|10417|964|12086|7563|10609|1947|11998|4756|10680|4830|6710|11858|1920|11665|8348|8359|259|3868|6003|4805|9211|11778|11663|8271|6049|82|214|8830|9565|597|2469|3293|11001|2391|10222|571|8229|3562|3412|6504|6251|10711|2917|252|3844|5740|11743|9715|6299|5690|3516|9067|2970|1795|3595|1853|6237|786|43|7872|634|3281|11412|9882|5539|8435|6842|9031|644|12361|7150|5823|7759|3287|11414|10445|11495|8272|8839|10939|5328|831|3929|3614|407|5241|7513|9740|8205|7445|7429|5303|10133|5722|8240|6647|10294|7250|1056|3753|2057|11912|10108|461|12378|2340|6061|11688|6367|10950|8106|7908|9093|11637|1301|12304|10517|6915|4300|11111|9995|1563|10087|6745|3414|4014|9136|10870|10740|2647|5869|438|9338|9004|6905|5484|10336|9996|53|5136|11833|5746|3800|2678|8413|11629|4863|7632|10818|3492|11907|11937|761|8720|7637|450|622|391|1417|3091|5574|1991|1890|10602|7029|10717|4389|1899|3935|8447|4705|9479|3397|4249|787|2171|9713|5719|10345|1569|1167|1367|10493|9589|1551|9235|4584|6058|10784|3772|8239|8287|9698|6916|479|7465|2528|10820|11980|1405|8967|11552|8552|2551|4725|4615|11416|11216|12281|7152|10548|2031|5107|7203|2270|7899|7693|6617|3384|9448|394|7213|9415|1255|7982|9875|6195|668|5193|1893|1291|5053|10660|5600|1606|2518|4145|4046|6260|1095|7011|9431|3283|2019|10290|6455|12010|2280|5423|6308|4622|4538|1644|11081|11020|4980|1050|4426|3161|776|7959|2152|1655|4989|8361|3778|8217|323|8675|11515|5984|1538|265|10789|566|6044|8848|10983|6339|10350|10054|3344|885|2492|3700|7792|3442|2584|3968|3808|6236|1279|9861|2559|11865|9932|5160|4488|7768|7209|588|287|4227|5963|5583|1021|11883|11012|8861|11780|8937|8409|10952|10531|9124|8089|7325|4589|10608|3455|10582|9509|6344|3673|10344|1274|8595|10990|5791|5884|3317|8099|1973|6431|11565|10976|3666|4116|5252|4500|5573|3066|6551|10041|1353|11427|3647|8163|3202|2534|1942|383|8390|1079|12282|5020|3050|3354|10262|6802|4915|11854|11686|11371|9982|6487|4625|9168|3060|11715|6446|6563|8599|9350|4234|243|9914|11094|12293|11781|3421|1310|11230|10393|10142|384|1793|8130|11456|4093|9285|9104|6082|7888|8187|11815|10421|8703|5951|2384|11043|11214|9601|12043|2717|8701|9181|10500|3900|10466|1515|4042|3184|9433|6883|1548|2235|6306|11472|2022|7477|11820|2410|6977|9635|754|5310|4521|10596|11827|3782|10366|11879|9786|311|4265|11402|5527|1284|7834|7786|11893|1266|2592|6262|650|3866|3468|1428|3353|5288|5451|4159|4141|6294|12250|1696|8799|1230|9992|11257|1616|9052|11163|8218|4391|9317|4693|187|8955|11860|8852|10773|9406|10868|12205|10055|6458|1162|3923|4104|11478|6656|603|6443|11749|5641|9461|2911|10048|9803|11061|178|12088|6910|11077|6792|9196|8250|5563|7530|8326|3890|12276|9418|8347|5306|9456|2455|10355|4387|5645|11598|9891|9046|7394|11979|4445|5285|8383|9634|10545|2563|4828|11800|3958|2925|11675|2757|2136|11927|7987|7723|8790|10587|920|5626|9299|11181|10580|10543|8191|1436|6387|11196|8159|2258|2710|2004|8722|1848|12178|7204|11408|5703|3356|7111|1952|1840|9034|12066|6245|3391|10586|10604|5715|9374|9646|9047|5942|1571|7515|7501|7967|3135|8216|9425|2168|4942|5655|6187|2875|8824|6290|4354|1999|4175|2747|3403|3983|1869|3440|7254|6562|3429|11382|11259|8463|3593|11288|7936|8535|8990|11178|3445|7021|9284|5678|5974|7829|1816|5289|7344|3483|303|4350|9261|8605|6605|1780|696|10323|463|11189|10684|1174|10736|2486|10583|9379|1008|10444|11759|7656|8577|6271|2968|7521|7789|11268|11962|2726|7409|3641|8123|6579|7715|10966|12177|8209|8300|4838|3334|11099|600|9145|33|9198|4571|1092|9948|8242|1114|6511|1965|601|951|1058|1257|6868|11616|7770|9964|11496|9774|7564|3518|8545|11551|11835|860|2829|2299|5312|9987|10904|6196|9003|1368|1047|92|4148|6462|899|5126|1483|7736|5862|1373|2050|8180|412|10402|7516|2709|6517|1170|5232|6950|3243|10365|8208|10367|10628|6022|12235|8936|8949|10413|1113|4952|1036|8092|5125|425|1449|10202|2699|10714|152|5534|11742|8634|6547|9155|3563|749|4712|5012|1609|4180|1145|7157|7646|1149|10908|12070|2590|731|6667|4109|10518|7010|11400|7621|7242|564|521|4742|4843|4319|3196|5542|11063|7835|10866|1955|5714|8601|72|6280|6705|2708|50|10634|229|2012|7373|914|3377|3394|185|3934|9525|5707|1923|10896|9386|10616|4216|12362|2289|6415|7935|11330|3644|2337|7189|8631|1335|1182|2479|1206|10957|8766|10720|11249|12033|4061|6087|7117|3257|1536|4575|7561|11447|5580|4903|7741|9288|1435|8885|2271|10659|10558|6145|2521|2876|5611|5228|8979|8570|1733|9545|1117|11779|3222|8495|7002|1171|8594|8153|11494|9537|4229|3221|12224|10463|2228|6919|10267|10465|10296|11278|3277|1981|9289|812|4598|136|8843|3326|8343|5599|4490|3487|5204|2460|10638|10146|6141|7447|11736|5045|5948|9815|3047|5412|997|11791|1392|10166|10099|7993|6518|5718|9300|11336|9758|8362|6786|4214|1996|11350|7415|3717|10470|8728|11078|7019|3477|2154|10980|10364|5295|4865|7406|4459|1825|154|5217|4367|11666|4576|1523|673|8202|2144|8256|8973|8931|8961|7705|9446|6926|8981|2664|2432|10915|4358|9771|5899|688|5445|509|2899|4055|1269|1293|4532|8392|277|3606|481|1344|6032|2935|7190|7017|1691|9782|11022|6858|11605|289|3366|1742|3435|11227|6939|7980|6976|3818|7163|153|11595|9038|4601|8510|12109|8954|2640|8181|8317|8727|2702|5504|10809|1628|10825|2760|9249|8344|5592|1080|6272|2416|6949|2403|10712|3450|6775|124|11375|11957|6655|9547|2098|9014|8629|8306|3389|4777|3130|1878|1195|8945|491|5133|1496|3271|6872|406|5382|3679|4272|2190|12117|10997|232|4958|2001|2014|11577|5700|5152|10746|2194|2714|2414|1219|4508|5161|2443|2243|6430|1209|10311|4656|2614|9897|11533|5526|11669|674|5450|4087|6695|8430|10794|12371|4228|1007|8579|5069|6934|11728|1818|7207|11586|11941|11006|98|1658|947|5761|3704|4361|10964|1354|9355|10756|10201|9551|8974|7828|11160|2985|11187|722|9132|2429|27|4378|2831|7910|4801|6823|1318|520|8407|5007|4258|2233|6133|2263|12258|2924|8304|11535|8540|2606|3765|6748|3681|9639|4260|774|10240|280|2790|8103|1451|8918|87|2527|7686|12029|4561|3687|11817|4634|8445|10561|11150|9540|1959|159|4491|11796|10749|767|268|3300|2857|10183|3484|592|11281|7383|11690|4882|9500|3921|247|2947|2430|6901|7141|10816|4470|953|8602|9628|2727|1582|215|3998|1740|1936|9781|8376|37|11925|5665|11439|10907|6117|3250|6465|4194|9348|4416|9849|5273|9535|2907|9275|9073|9716|5017|9934|1329|5014|8016|150|5909|319|9164|1891|11032|6885|3849|8871|9158|4278|5752|7124|1146|10358|4268|70|5817|7113|11206|1716|1361|886|8888|10308|9006|6267|6673|10885|784|8574|9064|7319|6412|11419|6751|2862|6873|6184|2151|818|8067|6854|983|7308|11315|5540|6042|7258|5779|11324|6533|12091|8760|816|6568|11517|11635|3568|8494|4406|1224|11721|1922|2863|6189|4052|6613|3561|345|7825|10624|7433|9315|4645|445|10614|2347|2825|6582|11568|10944|8886|1913|5276|454|1863|591|1455|9793|2931|6889|1014|12162|6336|1502|8151|5943|8693|11740|9860|9366|5437|8988|7060|2|7893|7673|1632|7707|4633|11761|7471|5073|7609|3747|6129|12397|11190|12342|5305|3217|6463|91|2421|12172|1855|7727|7753|1251|572|2801|9102|10785|5578|8203|3082|10037|12095|5638|12400|6243|7682|1467|1124|10332|6818|6997|7|1137|10922|631|4253|7976|2764|8325|10104|4544|4144|188|6978|11613|6566|5001|7714|11455|10012|2867|2763|6680|5018|1639|7040|3836|11984|10564|8080|5440|5669|1963|2109|2731|5759|10529|2465|8560|10881|11930|1517|720|3992|849|8420|10576|2892|11819|6352|10464|8418|10231|7273|10848|10590|12380|7474|2285|10884|8286|3474|371|4754|4594|382|8669|11821|12189|4408|10707|11201|225|7918|1583|5025|1350|646|3895|1766|7318|9788|4070|5521|10836|3198|6116|3962|4610|5386|7956|4153|867|7343|5367|5406|4352|5882|3864|8636|7158|729|8036|9661|3603|3258|318|3155|5190|990|7057|8896|2599|11785|3920|5900|12254|8152|64|3419|5739|2376|9440|5226|6335|4891|3383|11264|11596|665|7839|717|12059|141|11101|11002|5925|2950|1660|7268|6047|2990|2581|5766|5147|10424|8573|8184|10626|7205|6008|2311|1865|7842|11714|210|4375|5549|6728|1794|577|5004|4477|11857|4192|7813|8744|2394|605|370|3348|8873|6992|9840|1022|9363|8619|8169|7798|4173|9250|5833|8438|8887|10431|12288|9857|1836|11826|1579|1012|11235|654|3059|8450|402|11802|2991|3906|10225|6330|76|7380|1776|4665|9572|3589|4737|3888|2803|4770|10189|6634|8963|9368|8519|7539|9258|830|9650|8085|9257|4771|5675|3829|4604|10050|11737|10289|10733|4908|8964|4535|269|9030|11057|9984|8525|1972|10144|10291|1652|9452|3610|4041|3632|2576|8833|2561|9514|2658|5883|6508|4230|6467|2302|3672|7430|1163|969|5825|1532|2834|12067|10199|3967|6967|10536|2643|3739|11390|5802|1621|3328|5920|3637|11659|3971|9946|2320|7143|9340|2406|10808|2085|9347|8119|4221|7326|4297|2568|2706|4080|8464|2390|2219|9199|2901|2623|9675|9760|7232|6023|9931|4600|6938|4302|1705|7384|11173|7145|7760|3312|10432|3706|8792|2861|4496|5658|12008|12093|7196|11764|12007|8380|139|4662|8856|7702|3431|11374|2649|6567|3977|3048|8837|1046|4043|8400|2771|12245|3439|6506|6338|9267|9095|9605|6488|3456|1294|3816|4673|5808|3615|3030|8962|6614|8592|7070|11118|5810|6275|9927|6143|3376|4759|1657|8959|10277|4188|4559|10060|4417|62|10625|12207|5155|444|11642|12230|12204|4316|515|8483|2478|428|7758|8360|5536|534|3692|6515|8783|5154|4688|6853|1813|4677|9757|7583|5092|1845|9147|6505|10271|10449|802|7012|2424|3267|766|6010|6708|2278|7611|620|11588|1486|9477|11511|9888|9846|1812|1683|7035|3773|8472|10471|2777|11582|8125|7676|7508|6570|5124|9041|11523|7950|11724|7633|606|618|5320|7941|9518|5632|299|11872|6827|2841|6284|5353|1525|1623|3028|11861|9411|156|9907|1391|9672|9206|2823|6259|6273|12102|10167|8853|10116|10860|8624|5477|6316|11532|3797|11294|7981|3385|2411|1694|9153|8193|10204|3014|1810|2775|6891|11135|10815|1084|4197|2068|11040|7084|10034|12041|2941|9018|10363|3858|9851|5809|1321|9610|3833|11705|44|10834|7359|9529|1903|10788|5902|10635|10301|8032|9708|1714|6038|9475|7347|6070|10377|2540|9426|397|4588|6234|10003|11982|6699|1737|7459|5352|10734|2762|9000|7610|2013|11177|11260|4846|9777|6596|5754|10541|11887|2585|11955|11992|9413|3008|11942|10937|3721|1752|5465|1962|11556|12169|10198|6846|1791|8270|2413|4856|11378|1743|3629|1217|5075|362|3742|6440|523|999|8913|9307|11755|1351|11649|7554|859|3897|9858|2768|2933|8569|6784|7972|4791|4932|6178|9430|11450|6390|5381|1524|6155|11083|11018|5888|5212|5532|11823|4099|7519|2519|4168|11502|2040|4146|8334|8627|5918|8210|5554|10819|4015|9739|2164|5712|5408|3010|9965|11786|10462|11470|11993|6847|5558|11951|11966|6984|1806|302|759|8285|3697|8194|6598|11965|11323|7295|7954|10933|11252|7577|5608|11536|3415|7857|8340|7192|11027|11870|11010|3416|3803|6755|5866|9789|7900|6574|8994|7104|6353|7160|5876|6609|11876|6735|6198|10|1651|5820|844|4950|9820|1817|612|8725|583|4516|3373|3426|9453|2093|10835|4762|2900|3282|930|2275|5343|8992|3158|6314|7443|7286|12058|1356|7490|10649|5916|1495|165|10049|6987|8030|6525|1025|2423|297|7066|744|166|12231|9962|7260|11011|11877|8732|6749|651|6298|4101|3743|421|6718|7815|347|923|6684|10906|2687|4853|367|482|5127|9319|3891|8692|1140|8035|7852|3418|1864|12358|647|5676|9002|8980|6442|8661|10726|10455|5394|2265|7680|8389|7449|2915|2796|6051|4978|1245|2287|5374|10068|5597|11952|1363|4480|3635|8357|5734|7654|11044|11498|10213|11344|8466|9576|7675|10095|713|11543|2636|3544|2619|472|6877|6480|12120|9835|8904|3279|54|5586|1690|11004|11331|6291|11480|3618|3496|3485|3086|8620|11348|9727|8429|4881|4284|10322|1302|3970|7660|9485|11019|6689|1843|5751|9369|10854|10375|12199|6327|1783|7915|7658|8559|8803|6697|9070|3193|7555|11722|3430|4008|1278|1210|11256|5496|7047|7470|9192|11691|2180|4824|6597|11446|5354|6369|4102|5415|1826|1308|5290|3306|8086|11052|7279|4133|5914|5671|1679|1933|5397|10873|1857|6185|5327|10728|12196|12215|4250|2385|4437|1059|5627|3400|10450|11901|7737|10639|5472|7063|943|10121|7566|1465|3949|2788|211|3917|5569|10769|6127|10722|3379|10115|6864|741|3499|10829|10264|7549|172|6993|7725|10253|3489|2866|6072|1786|5051|129|8903|7614|2438|7510|10981|7034|11581|7601|2095|1088|9687|1194|8538|5286|11542|9543|504|6893|5530|11829|7719|9769|7546|8351|458|4473|5116|10299|934|4507|9734|95|2872|4925|869|3769|7454|1851|11899|7503|2094|4372|1125|9055|12368|9156|2048|4037|3118|2541|10232|1068|3276|5475|7466|8859|3367|12333|9364|2565|7043|1312|10086|2975|957|5064|9233|3115|10667|5503|1286|5562|7953|12154|3564|11346|1770|1180|7247|4392|5|11514|11732|4747|12320|8562|4566|11069|8772|191|8223|10719|8977|3667|8746|2161|12034|2835|132|7597|6468|4982|5106|3116|1362|8303|4444|4510|4472|3979|10448|7436|2830|2381|6721|5434|8916|9591|3002|3337|4852|11262|4727|562|10941|980|3964|1121|8917|102|2977|10084|3990|10033|5329|8455|11059|9342|10475|3073|5904|7773|4812|2888|5677|8548|9837|539|11088|253|10101|4655|3242|4920|2620|9913|12072|2102|6312|12061|8196|3294|3092|2733|1513|6404|2815|10469|7805|7952|7641|1735|7246|8604|396|2462|11215|4322|7605|578|12134|8171|5322|4332|8233|10023|3027|4803|6603|9381|3874|11671|10169|12264|9076|7892|5856|4360|11938|2157|7841|2321|4778|4825|4871|1381|6524|5244|7696|10472|7248|6651|2998|12103|7897|797|10629|4608|4094|10605|1349|4847|828|659|12111|9942|9111|320|1037|57|8951|1758|2586|558|10382|8818|10129|9778|2618|11501|4331|11729|2535|8078|9455|10181|11799|30|6540|2126|11042|3063|8516|10718|3587|4682|9466|6342|3420|10447|11787|11211|3065|5506|3290|1096|10926|8989|10126|7404|8482|6223|1941|6536|2661|6575|11640|6029|8638|836|8591|7065|2908|1887|9524|11852|11157|3227|6555|2220|7532|4292|11809|6108|11366|4794|9647|6053|3764|9086|7652|9780|7695|4164|11137|11124|2711|8087|12263|9929|7606|5062|4519|2334|12367|11555|52|3351|2530|8626|9410|3078|10592|8905|2360|2870|2427|6433|6674|4054|3855|2722|6593|8384|3480|617|8294|1213|8729|3777|10849|8932|5773|5842|10016|4628|4968|272|2608|2690|8136|11641|8716|2304|332|9332|7814|2052|8662|2804|9294|1416|6621|3500|10268|6249|7001|1661|5553|3274|4084|3886|390|3720|8580|3540|7895|8201|3019|10995|9598|7639|6542|1938|8084|5938|928|10774|2383|6157|11913|11342|1241|9123|9571|8192|5000|11708|5771|12286|4187|4877|11039|8162|9491|1123|1775|6785|8723|12057|11684|2707|3289|11435|3475|6258|322|1044|10176|2641|9548|11574|8426|9106|7718|1879|7820|3245|5772|10237|2481|9823|3694|11409|2055|9306|7853|10483|7115|5764|7776|11557|7290|7091|9186|1669|10403|4927|8532|12181|12014|4095|10258|4509|1297|10674|278|939|857|7177|9101|7589|5309|11464|7992|1434|2104|6205|11739|4819|3811|5874|718|2338|2810|11139|8997|1108|12028|1510|8643|3756|6937|4995|1097|6777|5129|5084|2633|8391|974|4923|811|2940|2473|89|6648|11647|10157|9173|8331|2112|1627|1640|11183|6841|8984|2183|4310|621|3417|6848|11049|335|9248|11843|3302|664|5449|5788|1699|7807|10642|5841|6623|4409|10297|2127|9321|198|2891|6011|996|11410|10302|2043|7314|7859|2971|5304|5298|1772|2054|1553|4858|1573|1212|3933|1298|4859|2358|3901|9146|8356|9657|5681|5461|5402|8927|1276|4951|9579|10839|7681|1398|9883|7766|2286|9107|4961|9898|6035|5767|10196|8003|4549|8731|5946|4687|2158|4736|5757|4492|10145|3079|2980|3413|9066|4984|1533|8572|9989|1389|5251|3204|7732|9255|5498|9980|381|4648|3605|11670|8558|865|7216|4795|5696|2405|2110|3329|317|4934|267|8028|5794|5338|11225|6261|2053|8486|8456|3869|1402|1250|8749|10886|10781|6321|3034|8027|4140|4446|6991|2061|6024|5076|1414|3839|1282|4368|8402|5607|9137|6034|3307|8090|5253|610|2748|7533|9620|8589|5492|7574|5830|7457|6768|2723|10913|5121|442|7277|4038|3945|9648|9729|3907|8704|2393|9867|11429|10572|9544|6720|6395|9178|11219|6219|1070|6423|10654|2117|11162|5081|7381|555|5666|7550|7777|11174|7424|3097|9417|6880|1326|1792|3378|4636|11307|7582|2225|995|10640|9037|1085|1139|9230|2072|8485|1267|7717|5215|11356|5262|1426|4683|8566|9169|7031|12340|3248|7224|7657|3548|3699|6642|9445|6416|11127|7000|8112|5968|6473|1055|2716|3744|7742|264|7615|12373|8249|2525|5246|7643|10011|4384|6019|10228|2939|8386|5775|10272|3572|10911|1747|4458|2735|2100|10036|1420|9956|6303|3588|9804|3950|6221|5166|12248|9978|12063|575|10328|8052|308|11036|3388|4933|4573|11016|2256|10109|10400|12214|8660|11108|8295|1881|7099|3840|9370|2533|4112|11520|4254|6377|2669|6111|2948|11790|6054|11977|281|5685|9719|9503|11279|5237|2642|838|7077|8715|9081|11087|7106|3467|3716|3607|6252|10745|8457|251|10597|734|1894|10132|56|6630|9626|5474|4945|5792|10278|9351|3669|6165|3220|3654|12123|5726|3410|9695|4036|8658|4944|10807|8600|10030|6638|7201|5630|6636|2440|9227|9697|11335|5716|10349|3494|1697|10194|8849|7541|9999|11158|5082|10879|5140|10686|10940|392|5466|704|5176|4787|8190|11718|2571|4404|7882|1471|10593|861|3321|10566|8497|6772|3693|3006|7626|1060|5150|3878|11644|783|8958|7037|11794|5201|8332|9015|7604|1518|595|2156|9042|1222|8175|7130|7733|2257|4419|3143|11394|568|5656|8154|5444|1974|9012|2634|5890|9328|1665|157|1480|8717|9035|2067|7763|6822|2449|1173|6293|3619|708|6337|8541|6887|8697|9252|4456|3225|6092|11460|10748|8753|8690|10959|9787|179|10830|5487|457|8115|5079|7083|2344|6671|11734|9900|8976|10370|63|4505|1385|5011|12161|5216|12298|2335|12265|3191|5159|6300|292|3446|11697|7977|2433|1474|1120|5582|7332|6952|7837|8561|7212|235|737|6669|6913|1196|8733|10052|2268|8026|9988|10533|7022|1004|12328|5778|7159|4724|594|781|5709|2793|5818|5060|6986|10503|10766|7724|5460|4936|9191|5019|2307|1932|11503|1617|8902|8237|6091|4514|7345|4493|7640|2894|3646|5910|5323|2704|8879|5396|12122|2842|5847|4684|2591|2350|3345|9997|1762|2133|135|9460|7655|7348|8683|8865|11816|11222|11146|1856|10467|416|1906|9108|5961|7653|7746|7128|10426|2448|5281|6545|10405|5648|641|11013|5649|944|9893|7584|12212|10603|5634|8845|7971|6170|8408|1546|1358|9902|5361|4119|3053|7300|12032|5419|9983|4085|4554|7218|6128|69|10862|4620|3219|11632|2227|11885|4340|8656|3978|1503|6944|8076|3128|11086|5537|363|1509|6229|5849|1589|531|8709|11119|11864|5173|8490|7948|4135|11241|8523|6123|7880|11170|5954|2522|11924|12225|315|331|7370|5229|1390|675|7573|1365|9209|5803|2378|10954|12080|2379|2039|2205|6020|5941|6180|11285|4750|2060|559|5372|5104|3636|956|11726|6635|5834|9008|8113|3630|5077|3887|8739|9065|12277|3526|11113|11811|11432|7678|3322|6589|10443|11031|6085|11306|11079|7142|854|1860|12213|7688|779|552|6152|7265|4597|6932|7755|9238|2826|4731|5561|9676|1761|7779|1883|10934|5510|4938|8747|288|7072|8262|4150|2063|11662|2560|3448|6186|801|5652|8876|84|1249|765|1064|12136|11284|884|4815|9710|5097|1687|7476|3948|1889|6383|2517|11660|6257|11591|9245|4755|10105|7524|1051|11658|1410|1192|662|8571|2605|8498|9360|4223|1719|9917|2526|350|12045|3224|2246|9397|9668|791|7080|1811|3230|3194|3581|7135|9872|5476|1263|6304|2978|4667|1422|5111|12183|584|5054|2314|9587|6859|5679|2610|6130|1647|2648|3325|1940|2317|2412|8110|9144|6852|3479|2452|3810|1979|5901|9833|3231|2767|7061|9482|9977|376|7703|11560|3319|6418|8220|1166|10406|11775|8645|4501|5170|10106|11902|4701|10316|10527|2766|11102|11110|12158|12026|5594|8018|11245|3101|891|11332|4821|3476|1379|12055|11866|3486|10092|9850|10419|3683|7628|10672|12374|12203|10485|1463|5039|5502|5110|9730|2688|9941|6797|343|5567|12280|1622|4895|7241|12247|10890|8014|8000|2759|1598|3885|7618|7884|4972|6175|11311|11987|4773|7376|11949|9940|5852|2165|10260|12385|2756|12|7783|5156|11766|5058|2181|6107|1614|336|6043|3022|3156|4537|404|9507|10799|10928|1866|3813|7305|4420|10497|5002|9924|3583|5316|11207|9688|7417|7388|10846|1870|7270|5501|1116|5142|2848|785|2806|6420|3733|1369|12364|6052|5933|11757|7461|3519|3411|11717|753|4182|8995|4422|3121|3883|3748|751|2324|9805|10274|694|3505|203|10872|6281|4550|2802|1828|10853|7472|10379|2859|1386|9161|11361|11880|11293|3144|7067|585|3522|6942|10737|2626|2965|7998|1907|8352|1083|10488|5481|1900|11026|5403|4963|2451|9574|11107|6373|9496|12191|10521|9483|9179|6434|3996|12168|2038|503|7076|762|9625|795|5624|2734|9558|3627|11266|1440|9876|5457|6849|7184|8246|941|7616|4567|6113|4649|2612|11935|10559|5659|296|5187|5966|8707|6985|3071|3892|7028|12345|11005|9522|3350|4741|6206|3955|9595|6972|5218|10945|2650|8520|4483|3105|5699|5135|4889|7030|5907|773|8481|4839|2260|10269|7730|2282|10694|8454|5446|10069|1271|9618|10184|3148|11021|8023|5860|7565|3150|4057|11947|2827|2191|4032|3181|1165|1176|11855|5194|4768|11976|7930|4758|17|10787|2032|10657|6309|9157|158|4689|7214|6706|11053|3447|12004|3338|7528|10398|4466|9767|3820|2003|7985|11202|2141|2495|10690|11468|9343|5870|3511|9912|2617|2562|7008|2995|4271|1967|10160|1634|2308|11248|12295|10009|11569|8137|6843|12190|4590|3292|3926|4033|9748|9692|11156|11751|4888|4872|6840|5695|2553|640|2646|10843|972|10755|2680|7748|11803|5610|1506|4797|9098|7740|10325|589|4816|1038|2034|4047|11636|5604|11024|5568|8526|6364|9812|7824|10062|8587|3705|9530|10924|7194|11677|2792|2988|10326|6955|2484|11415|1303|12092|912|4082|10502|12246|6588|10221|510|6177|7735|4344|8195|1841|12081|7126|11440|7534|11707|9523|3113|7136|11428|3723|6789|8664|5112|6948|6057|7453|10010|9424|3123|3425|4031|4786|7620|9378|1448|8842|8008|1738|4527|409|6230|3336|11975|7038|4431|11558|10333|626|4985|11844|11223|9659|9556|11619|9533|9282|6097|7355|7858|518|9175|2212|7386|7587|4638|7116|5488|283|4850|8847|2912|39|1119|6537|11832|9706|4546|10029|11321|1155|4242|108|2910|5278|8892|8581|5366|1259|9993|10320|916|6071|7397|5206|3675|701|8098|3746|10139|10163|10053|3049|7710|2111|4817|11103|7491|10028|2730|1556|11067|11220|7885|6286|7619|5101|6242|12152|11905|6968|7174|2732|6743|5330|418|9617|788|7796|3481|9166|4442|7958|11221|8706|3199|9950|7942|2131|10791|11467|8855|5705|12259|3585|9187|5284|10513|7356|623|1029|4542|6343|9623|11134|5168|3037|5342|3103|814|9023|7221|7946|8791|3313|5837|1472|7679|9462|5439|4675|12050|8556|4066|7904|2513|11247|11752|1838|5511|6396|876|4973|5350|9286|11767|9658|3333|5793|2913|5307|9991|456|10127|8804|11830|2577|8550|2082|9283|862|10902|11837|7645|5028|952|1466|8688|155|9674|11615|4245|9488|5816|12047|6492|1370|10378|6738|4526|11525|5765|5282|1581|12179|10038|11368|10161|1197|7222|7088|6541|5897|372|832|10280|7023|1135|2355|530|451|8630|10498|752|11995|10523|9957|4899|6798|7536|1288|1707|20|4669|6197|9960|10701|5858|4376|6830|2921|1797|10239|4143|9215|9905|9276|5969|10591|202|9663|7504|6892|1977|11129|1721|352|3126|1559|2566|7579|7114|8281|7223|3841|948|3055|118|12398|6182|10135|8872|11142|2375|12036|9084|249|5091|7716|6380|4410|793|2782|3029|10688|10797|7385|2356|12284|9856|2856|7525|3305|1832|12228|4004|5545|7670|1675|10578|11098|1082|6436|10994|8243|55|6012|4380|1289|3707|5743|8468|8230|5108|1595|1327|5057|1425|1115|6009|2033|536|8425|8827|3404|1078|151|4935|8975|921|12209|11153|5174|7364|130|3596|7795|12323|3042|10307|8227|7096|5879|5296|6112|7428|11508|6356|1944|9053|7346|5840|3299|5587|9691|6188|6469|2135|2166|7151|2342|3922|8049|5209|2209|10180|8183|12341|2224|5512|6225|11308|3668|1323|3316|4202|10312|6220|7957|727|7799|10727|3464|1562|780|979|7790|4623|4652|7685|9240|10281|3296|7473|8428|4836|6653|7914|1156|6472|6851|4129|4962|3989|7803|11372|2284|5271|6033|11822|11035|11519|10512|7288|4918|2159|9357|16|12388|11720|6761|10675|12097|820|6115|401|4796|4487|4869|9693|4027|5331|8459|750|4314|565|10219|11105|489|4565|2638|2850|4089|414|10627|6819|874|8929|12317|9651|8319|7594|8686|471|8143|6571|7132|8828|8966|1798|8308|3068|5921|8064|1005|3387|8875|1908|11713|8424|3347|1576|3269|6612|4078|7497|9783|10451|127|9798|9058|8857|726|2232|8120|2868|12038|4678|8635|2885|9264|3854|10158|4653|1540|1847|9640|6918|10641|1177|7709|1231|5426|586|843|5861|1340|9270|7960|5032|4418|8174|5130|11453|7129|10662|1645|1127|6095|468|4347|4657|11483|904|9470|8802|1511|2198|2800|8041|12336|12150|9480|4125|1916|2174|3166|4405|4201|11138|5781|8678|11179|12297|11175|4463|1130|8657|5009|10630|5513|6693|2818|6813|1662|7085|6227|7081|12112|9077|5080|9768|3943|6988|6060|2880|5670|1252|1768|6181|1026|2027|5318|7405|1383|2049|5589|7162|11797|5544|126|7586|2989|3195|1615|2955|10397|988|1730|672|1575|2770|9705|8738|7517|10658|4353|4834|41|239|11499|4169|294|365|6437|2294|1216|1018|7316|7556|1258|2315|11745|10094|7407|3889|10338|12012|11704|8155|8236|2395|7055|4735|12108|162|2097|6578|306|4971|6063|5520|5148|7832|1199|7285|2552|2550|792|10136|6971|6094|880|3609|10434|5294|11545|4607|7800|4887|2589|3393|6692|8877|9216,98|398|76|53|392|11|367|1|69|274|177|230|26|384|2|344|361|45|320|189|197|220|350|149|247|327|111|155|254|34|36|124|140|199|338|374|106|405|366|313|255|271|84|18|54|202|346|222|249|270|322|370|304|390|345|28|59|408|170|213|147|91|245|279|400|248|43|68|351|3|168|314|294|298|340|391|87|196|35|125|302|173|329|342|107|10|44|104|145|175|288|291|90|402|75|79|85|108|272|321|61|133|148|264|265|14|219|239|328|330|364|101|280|318|228|316|362|376|67|126|171|203|226|277|296|337|62|92|105|128|225|234|182|276|305|339|195|201|292|379|382|178|216|369|141|385|32|51|214|27|129|353|360|397|13|113|121|132|146|169|377|4|8|152|229|250|399|122|127|131|251|303|375|39|82|109|176|242|93|137|263|9|56|57|81|144|257|355|103|204|253|336|83|86|112|174|183|215|299|312|46|47|134|297|404|60|70|114|172|191|290|326|409|120|153|159|273|383|16|17|19|64|102|154|306|389|40|289|406|5|21|160|269|324|179|311|347|352|0|151|258|315|323|381|403|407|29|63|200|343|363|58|74|150|166|207|20|55|78|164|208|227|243|266|278|282|80|156|194|31|52|100|162|252|319|188|212|221|307|163|223|246|142|192|241|262|356|198|267|365|42|77|205|275|30|238|240|283|388|187|190|332|119|143|368|25|37|130|167|341|97|224|233|300|33|256|293|380|393|7|373|372|394|118|139|217|110|317|348|412|165|268|284|301|371|378|99|244|218|334|184|308|411|6|73|94|211|331|349|325|96|310|354|358|386|49|65|161|209|395|88|123|401|259|138|115|206|24|89|260|333|210|157,0|1|2|4|5|6|7|9|10|11|12|13|15|16|18|20|22|24|25|28|29|33|37|40|41|42|44|45|46|47|48|49|50|51|55|57|59|61|64|67|68|69|71|72|76|79|80|82|83|84|86|87|88|89|90|93|94|95|96|97|98|99|102|103|107|109|113|114|115|117|119|120|121|122|123|124|130|132|133|134|135|138|139|140|141|143|144|145|146|147|151|152|153|154|159|160|161|164|165|166|168|171|172|174|175|176|179|181|183|186|188|189|190|191|192|195|196|198|200|201|202|203|204|205|207|209|211|212|214|215|217|222|224|227|228|230|231|232|233|234|239|241|245|246|248|249|250|252|254|255|258|260|263|265|266|269|271|274|276|278|279|280|283|288|289|291|293|294|295|296|299|301|303|304|305|306|307|315|317|318|320|323|326|327|328|329|332|334|335|337|340|342|344|346|347|350|351|352|353|354|355|357|359|361|362|363|364|365|366|367|376|377|379|380|381|386|387|388|389|390|391|392|396|397|398|399|405|406|407|408|410|412|413|414|416|417|419|420|421|422|423|424|425|427|428|429|432|433|436|437|438|442|443|445|446|448|449|453|456|457|458|459|464|465|466|468|470|472|476|478|479|480|481|483|484|485|487|488|489|490|491|492|493|497|498|499|500|502|504|505|506|511|512|515|517|518|519|522|523|526|528|529|530|531|532|534|535|536|540|544|547|548|550|554|557|559|561|562|563|564|565|568|569|573|575|580|583|584|585|586|587|588|590|591|595|598|599|600|602|604|606|611|612|613|614|617|622|626|628|630|631|632|633|636|638|640|641|642|644|647|650|651|654|655|656|659|661|665|666|671|672|674|675|676|680|681|684|685|686|688|691|692|695|700|701|702|703|704|705|706|710|716|718|719|720|721|722|726|727|728|729|738|739|740|741|745|748|756|758|759|761|763|765|766|768|769|771|775|776|777|778|779|781|782|783|785|788|789|791|792|794|795|796|797|798|800|801|802|803|804|805|807|808|809|812|814|815|816|817|818|823|825|826|828|829|834|835|836|841|842|843|844|846|848|849|851|852|853|855|857|858|861|862|863|864|865|868|869|870|871|875|877|878|880|881|882|883|884|885|887|890|891|892|894|895|897|899|900|901|902|904|905|906|909|911|913|914|915|916|917|919|920|923|924|925|926|927|928|929|930|931|933|934|935|936|937|938|939|940|941|945|948|950|951|952|953|954|955|956|957|959|960|961|962|963|968|970|971|972|973|974|977|978|979|980|982|984|986|987|988|989|991|992|993|996|998|1000|1002|1003|1004|1007|1008|1009|1013|1014|1015|1017|1018|1019|1020|1021|1022|1024|1025|1027|1029|1030|1031|1033|1036|1040|1041|1042|1043|1046|1047|1049|1050|1051|1052|1054|1059|1060|1061|1065|1067|1068|1069|1070|1072|1074|1075|1077|1080|1081|1083|1084|1086|1087|1090|1091|1092|1093|1094|1096|1097|1099|1101|1102|1103|1104|1105|1106|1107|1108|1109|1110|1111|1115|1116|1117|1119|1122|1126|1134|1139|1142|1143|1144|1145|1146|1149|1150|1151|1162|1163|1164|1165|1169|1173|1175|1176|1177|1178|1179|1180|1183|1185|1186|1187|1189|1190|1191|1192|1193|1194|1195|1196|1197|1200|1202|1203|1207|1209|1210|1214|1216|1218|1219|1222|1228|1237|1238|1242|1245|1246|1247|1252|1256|1259|1260|1264|1270|1271|1273|1274|1275|1276|1277|1278|1281|1282|1283|1284|1286|1287|1289|1292|1293|1294|1296|1297|1299|1300|1301|1303|1304|1306|1307|1310|1311|1312|1314|1315|1316|1317|1318|1319|1320|1321|1324|1326|1330|1333|1334|1335|1337|1338|1339|1340|1342|1343|1344|1345|1346|1347|1348|1349|1354|1358|1359|1361|1362|1363|1367|1369|1371|1373|1375|1376|1377|1378|1380|1381|1382|1383|1390|1391|1394|1395|1396|1398|1399|1406|1410|1411|1412|1414|1419|1420|1421|1422|1423|1424|1425|1426|1427|1431|1432|1434|1437|1438|1442|1445|1446|1447|1449|1450|1451|1452|1457|1459|1460|1461|1464|1466|1467|1468|1469|1470|1471|1473|1474|1476|1478|1482|1486|1488|1491|1492|1493|1498|1499|1500|1501|1502|1504|1506|1507|1508|1510|1512|1513|1514|1515|1519|1520|1522|1524|1525|1526|1527|1530|1531|1533|1534|1535|1538|1540|1542|1543|1547|1549|1550|1551|1553|1554|1555|1556|1559|1561|1563|1564|1565|1567|1568|1569|1571|1572|1573|1575|1576|1578|1580|1581|1582|1585|1586|1589|1590|1592|1593|1594|1595|1596|1599|1601|1602|1604|1605|1606|1607|1609|1611|1613|1615|1616|1617|1618|1620|1622|1623|1624|1625|1626|1627|1630|1631|1632|1633|1636|1637|1638|1639|1640|1641|1642|1643|1646|1653|1654|1655|1656|1658|1659|1660|1662|1663|1666|1667|1668|1669|1670|1672|1673|1674|1675|1677|1678|1680|1683|1685|1686|1687|1688|1691|1692|1693|1694|1695|1696|1698|1699|1700|1702|1703|1705|1706|1707|1708|1709|1711|1713|1714|1716|1718|1719|1720|1721|1722|1724|1730|1731|1732|1733|1735|1736|1737|1738|1740|1741|1742|1745|1746|1748|1749|1751|1752|1753|1755|1757|1758|1761|1763|1765|1766|1768|1769|1770|1771|1773|1775|1776|1781|1785|1786|1790|1791|1792|1795|1796|1797|1799|1800|1801|1802|1803|1805|1807|1809|1813|1814|1816|1817|1819|1823|1824|1826|1828|1830|1832|1833|1834|1835|1838|1839|1840|1841|1842|1843|1844|1846|1848|1850|1853|1856|1858|1859|1860|1861|1863|1864|1865|1866|1871|1873|1874|1876|1880|1881|1883|1885|1886|1888|1889|1893|1896|1897|1900|1901|1902|1903|1904|1907|1908|1909|1910|1912|1913|1915|1916|1917|1919|1925|1926|1927|1928|1930|1931|1936|1937|1938|1941|1942|1943|1945|1946|1948|1949|1950|1951|1953|1957|1963|1966|1969|1970|1971|1972|1974|1977|1978|1979|1980|1983|1985|1989|1990|1991|1996|1997|1998|2000|2003|2004|2006|2007|2008|2011|2012|2013|2016|2017|2027|2028|2029|2030|2031|2032|2034|2036|2037|2039|2040|2044|2046|2047|2048|2049|2051|2052|2056|2057|2058|2059|2060|2061|2062|2063|2064|2066|2067|2069|2071|2072|2073|2074|2075|2082|2086|2087|2091|2092|2094|2095|2096|2097|2098|2100|2101|2103|2104|2106|2107|2108|2110|2113|2117|2122|2123|2127|2128|2129|2137|2139|2140|2141|2144|2146|2149|2150|2152|2157|2162|2163|2165|2166|2167|2169|2171|2172|2175|2176|2178|2179|2180|2181|2184|2187|2188|2190|2191|2192|2198|2201|2202|2203|2204|2205|2207|2208|2210|2211|2215|2216|2217|2218|2220|2221|2224|2225|2226|2227|2228|2229|2232|2233|2235|2236|2237|2238|2240|2242|2244|2245|2246|2250|2253|2256|2258|2261|2263|2264|2265|2267|2268|2269|2270|2271|2273|2276|2277|2279|2281|2283|2285|2287|2290|2293|2295|2296|2297|2301|2303|2305|2306|2309|2310|2312|2314|2315|2320|2322|2323|2324|2326|2327|2328|2334|2335|2336|2337|2338|2343|2344|2346|2351|2353|2355|2357|2358|2359|2360|2363|2364|2365|2366|2367|2369|2371|2372|2375|2376|2378|2379|2381|2384|2388|2389|2391|2392|2393|2394|2395|2400|2401|2405|2409|2412|2413|2414|2415|2416|2417|2418|2420|2421|2422|2423|2425|2427|2431|2432|2433|2434|2435|2437|2438|2439|2440|2441|2442|2444|2445|2447|2448|2450|2453|2454|2455|2457|2458|2461|2463|2465|2466|2469|2471|2472|2474|2475|2476|2477|2478|2479|2480|2482|2483|2485|2486|2487|2490|2493|2502|2503|2504|2505|2506|2508|2510|2511|2512|2514|2515|2516|2520|2521|2522|2525|2526|2527|2528|2532|2533|2536|2537|2538|2540|2541|2544|2545|2548|2550|2551|2554|2556|2559|2560|2563|2565|2566|2567|2568|2569|2570|2571|2572|2577|2578|2581|2583|2584|2588|2589|2590|2592|2595|2596|2597|2598|2599|2601|2602|2603|2605|2606|2613|2614|2615|2617|2620|2621|2622|2626|2630|2631|2632|2634|2639|2640|2641|2642|2643|2644|2645|2648|2649|2650|2651|2652|2653|2656|2660|2663|2665|2668|2670|2671|2672|2673|2674|2676|2677|2679|2680|2681|2682|2684|2685|2686|2687|2688|2689|2690|2697|2700|2701|2702|2707|2708|2710|2713|2714|2716|2717|2719|2720|2724|2726|2727|2729|2731|2734|2737|2738|2739|2742|2743|2744|2745|2749|2751|2753|2754|2756|2757|2759|2760|2764|2765|2766|2767|2769|2772|2773|2774|2775|2779|2780|2782|2783|2784|2787|2788|2791|2793|2794|2796|2797|2799|2800|2803|2806|2809|2810|2811|2814|2817|2818|2819|2820|2822|2823|2824|2827|2828|2833|2834|2835|2836|2838|2839|2840|2842|2843|2846|2847|2848|2852|2853|2854|2855|2856|2858|2860|2862|2863|2866|2867|2868|2872|2875|2877|2879|2880|2882|2883|2885|2886|2887|2888|2890|2891|2892|2893|2898|2900|2901|2904|2906|2908|2915|2916|2918|2920|2921|2926|2930|2932|2933|2934|2938|2939|2942|2943|2944|2948|2951|2952|2954|2955|2957|2959|2961|2962|2967|2970|2976|2977|2980|2983|2984|2987|2988|2991|2992|2993|2994|2995|2996|3000|3003|3007|3008|3010|3011|3013|3014|3016|3018|3020|3023|3028|3031|3033|3035|3039|3041|3045|3048|3049|3052|3054|3055|3056|3057|3058|3061|3062|3065|3069|3071|3074|3077|3078|3083|3084|3085|3096|3098|3099|3100|3101|3102|3105|3107|3108|3109|3110|3113|3116|3117|3118|3119|3123|3125|3134|3135|3136|3139|3140|3142|3143|3146|3149|3153|3154|3157|3158|3159|3160|3164|3166|3170|3171|3172|3173|3175|3176|3178|3179|3180|3181|3182|3185|3186|3187|3189|3190|3193|3194|3195|3196|3198|3202|3204|3206|3207|3209|3212|3213|3215|3216|3219|3221|3226|3228|3230|3232|3233|3235|3238|3241|3243|3246|3247|3248|3251|3254|3255|3256|3258|3259|3262|3264|3265|3266|3267|3271|3274|3275|3277|3279|3284|3285|3286|3289|3290|3291|3292|3293|3294|3298|3301|3303|3304|3305|3306|3307|3309|3310|3311|3312|3313|3316|3317|3319|3320|3321|3323|3324|3326|3327|3330|3332|3333|3336|3339|3340|3343|3344|3346|3347|3348|3350|3351|3352|3356|3359|3360|3362|3363|3364|3367|3368|3369|3370|3372|3374|3375|3376|3377|3382|3383|3385|3386|3387|3388|3389|3390|3391|3392|3394|3395|3397|3399|3400|3401|3405|3406|3412|3413|3414|3416|3417|3420|3421|3424|3427|3429|3430|3432|3433|3434|3435|3436|3437|3438|3439|3440|3441|3443|3449|3451|3453|3455|3457|3459|3463|3469|3471|3472|3473|3474|3477|3478|3479|3480|3481|3486|3487|3488|3491|3493|3494|3495|3497|3498|3501|3502|3503|3506|3508|3509|3510|3513|3514|3518|3521|3522|3523|3525|3528|3529|3530|3531|3532|3533|3535|3536|3537|3538|3539|3540|3543|3544|3546|3547|3548|3549|3551|3554|3555|3556|3557|3559|3560|3563|3564|3565|3567|3568|3574|3575|3576|3577|3579|3580|3583|3587|3588|3589|3591|3595|3596|3598|3600|3602|3604|3605|3610|3611|3613|3614|3615|3616|3617|3621|3622|3623|3625|3626|3627|3631|3635|3636|3639|3640|3642|3644|3645|3646|3649|3654|3656|3657|3659|3662|3666|3667|3668|3669|3670|3671|3672|3674|3675|3683|3684|3686|3687|3688|3692|3694|3699|3700|3704|3707|3709|3712|3716|3723|3726|3727|3731|3733|3734|3737|3739|3741|3744|3745|3748|3749|3750|3752|3753|3754|3755|3756|3757|3760|3765|3766|3770|3771|3772|3773|3774|3775|3778|3779|3780|3781|3782|3783|3784|3787|3788|3789|3792|3793|3798|3800|3801|3804|3809|3811|3815|3816|3817|3820|3821|3822|3825|3826|3828|3829|3830|3834|3835|3836|3837|3838|3840|3841|3843|3845|3848|3850|3851|3852|3853|3854|3856|3858|3861|3866|3869|3870|3873|3874|3875|3876|3878|3879|3880|3884|3885|3886|3890|3891|3894|3896|3898|3899|3902|3904|3907|3908|3909|3910|3911|3914|3916|3920|3922|3923|3924|3925|3926|3930|3932|3933|3935|3938|3943|3944|3945|3946|3947|3948|3949|3951|3952|3953|3955|3960|3961|3962|3963|3964|3965|3966|3967|3968|3969|3971|3974|3975|3976|3977|3978|3979|3980|3983|3985|3987|3988|3990|3996|3997|3998|4001|4004|4006|4009|4013|4014|4016|4017|4018|4019|4022|4024|4025|4026|4027|4028|4029|4032|4035|4038|4039|4041|4042|4044|4045|4046|4047|4048|4050|4053|4054|4055|4056|4058|4059|4060|4061|4063|4064|4068|4069|4070|4074|4076|4077|4081|4083|4084|4086|4088|4089|4090|4091|4092|4093|4094|4095|4096|4099|4100|4101|4104|4105|4106|4107|4108|4109|4112|4113|4115|4117|4119|4120|4122|4125|4126|4129|4134|4135|4136|4139|4140|4141|4142|4145|4147|4148|4149|4151|4153|4154|4156|4157|4160|4162|4163|4164|4165|4166|4171|4173|4176|4177|4178|4179|4181|4182|4183|4185|4187|4188|4189|4190|4192|4197|4198|4199|4200|4201|4202|4203|4207|4210|4211|4213|4215|4216|4217|4219|4222|4226|4227|4229|4231|4233|4235|4236|4240|4242|4243|4244|4247|4248|4249|4251|4252|4255|4260|4261|4263|4265|4266|4268|4274|4277|4279|4280|4283|4286|4288|4289|4290|4292|4294|4297|4298|4299|4300|4301|4303|4304|4305|4307|4309|4311|4312|4314|4316|4318|4322|4326|4331|4332|4333|4334|4336|4338|4339|4343|4345|4346|4348|4349|4353|4358|4360|4362|4364|4365|4367|4372|4373|4376|4377|4380|4382|4383|4384|4385|4387|4389|4392|4393|4394|4395|4398|4399|4400|4402|4405|4407|4409|4411|4413|4414|4415|4420|4424|4427|4428|4432|4435|4437|4438|4440|4441|4448|4450|4451|4452|4454|4455|4456|4458|4459|4460|4461|4464|4465|4466|4468|4469|4474|4475|4476|4477|4478|4483|4484|4485|4486|4487|4491|4492|4493|4495|4496|4497|4499|4500|4501|4502|4504|4505|4508|4510|4511|4513|4514|4517|4518|4520|4521|4523|4525|4526|4527|4528|4529|4539|4544|4545|4546|4552|4554|4555|4561|4562|4563|4566|4567|4568|4569|4573|4574|4576|4577|4578|4579|4582|4583|4587|4589|4590|4591|4592|4594|4597|4598|4599|4601|4603|4606|4607|4608|4609|4610|4613|4616|4618|4619|4620|4622|4623|4624|4625|4626|4628|4630|4631|4632|4639|4640|4641|4643|4647|4648|4649|4651|4652|4656|4657|4659|4661|4665|4667|4668|4670|4672|4673|4674|4677|4679|4680|4683|4686|4688|4689|4691|4692|4693|4694|4696|4698|4699|4701|4702|4703|4706|4708|4709|4710|4713|4714|4715|4716|4717|4718|4719|4720|4721|4722|4725|4727|4730|4731|4733|4736|4742|4745|4747|4749|4750|4751|4752|4753|4757|4761|4762|4763|4764|4765|4766|4768|4769|4770|4771|4774|4775|4778|4779|4782|4784|4787|4789|4790|4791|4792|4793|4794|4795|4798|4802|4806|4807|4808|4809|4813|4814|4815|4817|4820|4822|4829|4831|4835|4843|4844|4845|4847|4848|4849|4850|4852|4855|4857|4859|4860|4863|4864|4866|4869|4873|4874|4875|4876|4877|4879|4880|4881|4882|4883|4887|4888|4890|4891|4892|4893|4894|4895|4897|4898|4899|4901|4903|4904|4905|4907|4908|4909|4910|4911|4912|4913|4918|4920|4921|4923|4924|4926|4929|4931|4933|4935|4936|4937|4938|4940|4943|4944|4947|4950|4951|4952|4956|4957|4958|4959|4961|4962|4963|4965|4967|4970|4971|4972|4977|4981|4982|4983|4984|4985|4987|4991|4994|4995|4997|4999|5000|5002|5003|5005|5007|5008|5009|5022|5023|5024|5025|5026|5029|5030|5032|5034|5035|5037|5046|5050|5053|5056|5058|5059|5060|5061|5063|5066|5067|5068|5069|5072|5074|5075|5078|5079|5081|5086|5087|5088|5090|5095|5096|5100|5103|5104|5105|5107|5110|5112|5113|5117|5118|5122|5126|5127|5128|5130|5133|5136|5137|5138|5139|5140|5141|5143|5144|5145|5146|5147|5151|5152|5153|5155|5157|5158|5159|5160|5161|5162|5163|5164|5166|5168|5170|5171|5175|5177|5179|5181|5183|5184|5185|5187|5191|5195|5196|5197|5199|5201|5203|5205|5206|5207|5208|5211|5212|5214|5215|5216|5217|5219|5221|5222|5225|5227|5228|5232|5235|5236|5237|5239|5240|5243|5244|5246|5247|5250|5251|5259|5262|5264|5265|5268|5269|5270|5271|5273|5274|5275|5279|5282|5284|5285|5286|5287|5290|5292|5293|5298|5299|5300|5301|5302|5303|5307|5309|5310|5315|5316|5317|5318|5319|5320|5321|5323|5325|5327|5328|5329|5335|5337|5338|5343|5344|5345|5346|5350|5351|5352|5355|5357|5358|5360|5361|5362|5364|5366|5367|5368|5369|5372|5377|5379|5381|5382|5386|5389|5390|5392|5394|5395|5396|5397|5398|5400|5401|5402|5403|5405|5408|5410|5411|5412|5414|5418|5421|5423|5424|5425|5426|5428|5429|5431|5433|5434|5438|5439|5440|5445|5449|5450|5451|5452|5455|5456|5457|5459|5460|5461|5464|5467|5469|5470|5473|5474|5476|5477|5478|5481|5482|5483|5485|5486|5487|5488|5490|5492|5494|5495|5496|5497|5498|5499|5502|5503|5505|5506|5511|5512|5513|5514|5516|5521|5522|5525|5527|5528|5529|5530|5531|5534|5537|5538|5539|5541|5542|5544|5545|5546|5547|5548|5549|5551|5552|5554|5555|5558|5559|5560|5563|5565|5569|5573|5574|5579|5580|5581|5583|5584|5585|5587|5588|5589|5595|5596|5598|5599|5600|5601|5602|5604|5605|5606|5607|5609|5610|5611|5614|5615|5616|5619|5620|5626|5627|5629|5632|5634|5635|5636|5638|5639|5640|5641|5642|5644|5645|5646|5647|5648|5650|5651|5652|5654|5658|5660|5662|5663|5664|5665|5666|5668|5669|5670|5672|5673|5675|5679|5680|5681|5683|5685|5691|5692|5696|5700|5707|5708|5709|5711|5714|5717|5721|5723|5725|5727|5729|5730|5734|5736|5738|5740|5741|5744|5745|5746|5747|5748|5750|5753|5754|5755|5756|5758|5760|5761|5762|5763|5765|5766|5767|5768|5769|5770|5771|5772|5774|5776|5779|5781|5782|5784|5786|5792|5793|5796|5800|5801|5803|5805|5807|5808|5809|5811|5814|5815|5816|5819|5820|5821|5824|5825|5829|5830|5832|5833|5836|5838|5840|5841|5842|5843|5846|5847|5849|5850|5852|5854|5855|5856|5857|5860|5861|5862|5864|5865|5866|5870|5873|5874|5877|5878|5880|5881|5882|5884|5885|5886|5887|5888|5890|5891|5892|5893|5894|5896|5897|5898|5899|5901|5902|5904|5905|5907|5908|5911|5912|5913|5914|5916|5918|5919|5921|5923|5925|5926|5927|5928|5930|5931|5932|5935|5936|5937|5940|5941|5942|5945|5946|5948|5956|5958|5960|5961|5962|5963|5965|5966|5970|5971|5972|5973|5974|5976|5977|5979|5982|5984|5990|5991|5992|5994|5995|5997|5998|6001|6006|6009|6011|6014|6015|6016|6017|6018|6020|6022|6024|6025|6026|6029|6030|6033|6034|6036|6037|6038|6040|6042|6043|6044|6045|6048|6050|6051|6058|6059|6060|6061|6062|6063|6066|6067|6068|6069|6070|6071|6072|6075|6076|6078|6079|6080|6082|6083|6084|6085|6087|6089|6090|6091|6092|6094|6096|6097|6098|6099|6100|6107|6108|6110|6111|6112|6114|6116|6117|6118|6121|6125|6127|6128|6129|6132|6134|6136|6138|6145|6147|6151|6152|6153|6155|6157|6160|6162|6163|6164|6165|6167|6171|6172|6173|6175|6176|6178|6179|6181|6183|6190|6192|6193|6194|6195|6197|6198|6200|6201|6202|6203|6204|6209|6210|6211|6213|6216|6218|6219|6220|6222|6227|6228|6232|6235|6237|6243|6247|6249|6251|6253|6254|6256|6257|6259|6260|6261|6262|6263|6265|6270|6271|6272|6273|6275|6276|6277|6281|6284|6285|6287|6288|6289|6291|6293|6294|6295|6300|6302|6304|6309|6311|6313|6316|6317|6318|6319|6320|6321|6325|6326|6327|6330|6333|6334|6335|6336|6337|6338|6339|6342|6343|6345|6348|6349|6351|6352|6353|6354|6356|6357|6358|6359|6367|6371|6373|6374|6378|6379|6380|6381|6384|6385|6386|6387|6389|6390|6391|6392|6394|6398|6399|6400|6402|6403|6404|6405|6407|6408|6411|6412|6414|6415|6417|6418|6420|6421|6423|6424|6426|6427|6428|6430|6431|6434|6436|6437|6442|6446|6448|6450|6451|6452|6453|6454|6456|6458|6459|6460|6461|6462|6465|6468|6469|6470|6471|6472|6475|6477|6478|6479|6480|6482|6484|6485|6486|6487|6490|6491|6493|6494|6495|6498|6500|6501|6510|6513|6514|6515|6516|6517|6519|6523|6524|6528|6530|6532|6534|6535|6537|6538|6539|6540|6541|6542|6545|6546|6547|6548|6550|6552|6555|6557|6558|6559|6562|6563|6565|6566|6568|6571|6572|6574|6577|6579|6581|6582|6584|6585|6586|6588|6591|6592|6594|6598|6599|6600|6602|6605|6608|6609|6612|6614|6617|6618|6620|6621|6623|6626|6627|6628|6629|6630|6632|6634|6635|6636|6638|6641|6642|6643|6644|6645|6647|6649|6650|6651|6652|6654|6655|6658|6660|6662|6664|6665|6667|6669|6670|6671|6672|6674|6677|6687|6688|6689|6691|6692|6693|6694|6697|6700|6701|6703|6705|6706|6707|6709|6712|6713|6717|6718|6719|6720|6721|6722|6723|6724|6725|6726|6727|6729|6731|6732|6733|6735|6737|6741|6744|6745|6747|6752|6753|6754|6757|6763|6768|6769|6770|6771|6772|6773|6779|6783|6784|6785|6791|6794|6795|6796|6797|6799|6800|6802|6803|6805|6808|6809|6811|6813|6814|6815|6816|6817|6818|6819|6821|6822|6823|6825|6828|6830|6832|6835|6836|6837|6838|6841|6844|6845|6846|6851|6853|6858|6862|6863|6864|6865|6866|6868|6869|6871|6874|6875|6877|6878|6883|6886|6887|6890|6892|6894|6895|6897|6898|6900|6901|6904|6905|6906|6908|6909|6911|6912|6913|6914|6915|6916|6917|6918|6921|6923|6926|6927|6931|6932|6933|6934|6937|6939|6940|6941|6942|6945|6946|6948|6949|6950|6951|6953|6955|6960|6962|6963|6966|6968|6972|6975|6976|6979|6980|6981|6983|6984|6986|6987|6988|6991|6994|6995|6997|6998|7001|7002|7004|7005|7007|7008|7010|7012|7013|7014|7018|7020|7024|7025|7026|7029|7030|7034|7035|7036|7037|7038|7039|7040|7041|7042|7044|7046|7050|7051|7054|7056|7057|7059|7060|7061|7062|7064|7065|7066|7068|7069|7070|7072|7073|7075|7078|7079|7081|7083|7085|7087|7089|7090|7091|7093|7096|7097|7099|7100|7101|7106|7107|7108|7109|7110|7111|7114|7116|7117|7118|7119|7126|7127|7128|7129|7130|7131|7134|7135|7136|7138|7139|7140|7141|7142|7144|7145|7146|7149|7150|7153|7155|7156|7157|7159|7160|7161|7162|7163|7166|7168|7170|7171|7173|7178|7179|7181|7183|7184|7185|7186|7187|7188|7189|7190|7192|7193|7194|7196|7197|7198|7199|7201|7203|7204|7206|7208|7209|7211|7213|7215|7216|7217|7218|7220|7221|7222|7225|7228|7231|7232|7233|7234|7237|7239|7240|7242|7244|7245|7246|7247|7249|7250|7251|7253|7254|7255|7262|7263|7266|7267|7268|7269|7270|7271|7272|7273|7276|7277|7278|7279|7280|7281|7282|7285|7288|7290|7293|7294|7295|7297|7298|7299|7300|7301|7304|7305|7306|7307|7309|7313|7314|7315|7319|7320|7323|7326|7333|7334|7336|7340|7342|7343|7346|7347|7351|7352|7353|7354|7356|7357|7360|7363|7365|7366|7367|7368|7373|7375|7377|7378|7382|7383|7384|7385|7386|7388|7390|7392|7395|7396|7397|7401|7404|7405|7406|7407|7409|7410|7412|7414|7415|7417|7419|7420|7425|7426|7427|7430|7431|7432|7435|7436|7439|7441|7442|7443|7447|7449|7450|7453|7454|7458|7459|7462|7463|7466|7467|7469|7470|7471|7472|7475|7476|7477|7478|7482|7485|7487|7488|7489|7490|7492|7494|7496|7504|7506|7507|7511|7512|7514|7516|7518|7519|7521|7523|7524|7528|7532|7533|7535|7536|7538|7539|7542|7543|7545|7548|7549|7551|7552|7553|7556|7557|7558|7559|7562|7563|7565|7566|7567|7568|7569|7570|7571|7572|7573|7575|7577|7578|7580|7583|7586|7587|7588|7590|7591|7593|7594|7598|7599|7600|7602|7603|7606|7609|7610|7612|7615|7616|7617|7619|7621|7622|7623|7624|7625|7626|7629|7631|7632|7633|7634|7635|7636|7638|7639|7642|7644|7646|7647|7648|7650|7651|7656|7658|7659|7660|7662|7664|7665|7668|7669|7674|7676|7677|7679|7680|7683|7684|7685|7686|7687|7688|7693|7695|7697|7698|7700|7702|7705|7706|7710|7712|7713|7714|7716|7717|7718|7719|7721|7725|7726|7732|7733|7735|7736|7737|7738|7740|7743|7746|7749|7751|7753|7754|7756|7758|7759|7760|7761|7762|7763|7766|7768|7769|7770|7774|7776|7777|7778|7782|7783|7784|7785|7790|7793|7796|7799|7800|7801|7802|7804|7805|7808|7809|7813|7814|7815|7816|7817|7818|7819|7826|7828|7830|7831|7835|7836|7837|7840|7843|7844|7845|7847|7849|7855|7857|7859|7861|7865|7866|7869|7872|7875|7876|7877|7881|7882|7883|7887|7888|7889|7890|7891|7892|7893|7897|7901|7902|7903|7904|7906|7907|7909|7910|7911|7912|7916|7918|7919|7922|7925|7926|7930|7931|7934|7936|7940|7942|7943|7946|7948|7949|7951|7952|7955|7956|7959|7960|7964|7966|7970|7972|7974|7975|7979|7980|7984|7986|7988|7990|7991|7993|7994|7995|7996|7998|7999|8000|8003|8005|8006|8008|8009|8012|8015|8016|8017|8018|8019|8021|8022|8026|8027|8031|8032|8034|8038|8039|8042|8045|8046|8049|8052|8054|8058|8060|8061|8062|8066|8068|8073|8074|8076|8078|8081|8082|8083|8084|8085|8087|8088|8089|8093|8099|8100|8101|8103|8106|8107|8108|8109|8112|8116|8118|8122|8123|8125|8128|8131|8134|8136|8137|8140|8146|8154|8155|8156|8158|8159|8160|8161|8163|8167|8168|8170|8171|8173|8175|8176|8179|8183|8184|8190|8191|8193|8194|8196|8197|8199|8201|8202|8203|8204|8205|8208|8210|8212|8214|8219|8220|8221|8222|8223|8224|8225|8226|8235|8237|8238|8239|8241|8242|8245|8247|8248|8250|8251|8256|8259|8261|8262|8263|8264|8265|8266|8268|8269|8270|8274|8275|8276|8278|8280|8281|8285|8287|8288|8289|8290|8291|8292|8293|8295|8296|8298|8299|8300|8301|8302|8303|8304|8305|8308|8310|8315|8316|8319|8320|8324|8325|8327|8329|8330|8331|8332|8333|8335|8336|8337|8340|8341|8342|8343|8344|8346|8348|8349|8351|8352|8353|8355|8360|8362|8363|8364|8367|8369|8370|8372|8373|8374|8376|8378|8379|8380|8382|8386|8387|8389|8390|8392|8395|8396|8397|8399|8402|8404|8405|8406|8407|8408|8409|8410|8411|8413|8415|8417|8419|8422|8425|8426|8428|8429|8432|8434|8435|8437|8442|8443|8446|8447|8448|8449|8450|8451|8452|8453|8456|8458|8464|8468|8469|8470|8476|8478|8479|8481|8485|8486|8487|8491|8493|8494|8496|8497|8499|8503|8504|8507|8508|8511|8513|8514|8516|8518|8522|8523|8525|8526|8527|8534|8536|8537|8542|8544|8545|8550|8552|8553|8555|8556|8559|8562|8565|8567|8568|8569|8570|8571|8572|8573|8574|8575|8576|8577|8579|8580|8581|8582|8583|8584|8585|8586|8587|8589|8591|8597|8600|8603|8604|8605|8606|8608|8612|8614|8615|8619|8620|8623|8628|8634|8635|8636|8638|8639|8645|8646|8647|8648|8649|8651|8652|8653|8654|8655|8656|8658|8659|8660|8661|8663|8664|8665|8666|8667|8668|8670|8672|8675|8676|8677|8680|8683|8684|8691|8692|8693|8695|8696|8699|8700|8701|8702|8703|8704|8705|8706|8708|8709|8710|8711|8714|8718|8719|8720|8723|8725|8727|8730|8734|8735|8736|8738|8741|8742|8743|8745|8749|8752|8753|8756|8757|8759|8760|8761|8766|8768|8769|8770|8771|8772|8773|8776|8777|8778|8780|8781|8782|8784|8785|8787|8788|8790|8791|8795|8796|8801|8803|8805|8811|8812|8814|8815|8816|8818|8819|8821|8822|8823|8825|8826|8829|8833|8834|8836|8837|8838|8841|8842|8845|8847|8848|8849|8850|8851|8855|8859|8864|8865|8868|8869|8870|8871|8873|8875|8877|8878|8880|8881|8883|8884|8885|8887|8889|8890|8892|8893|8894|8895|8896|8897|8899|8902|8903|8908|8909|8911|8913|8915|8916|8917|8918|8922|8924|8925|8928|8930|8932|8933|8936|8938|8939|8940|8945|8949|8951|8956|8957|8958|8961|8963|8964|8966|8967|8968|8970|8976|8978|8984|8985|8986|8988|8989|8990|8991|8994|8995|8997|8999|9001|9002|9004|9007|9008|9009|9011|9014|9015|9018|9022|9023|9024|9025|9026|9027|9029|9030|9031|9032|9034|9035|9037|9038|9040|9041|9044|9046|9058|9059|9061|9062|9063|9066|9068|9069|9070|9072|9074|9076|9079|9081|9082|9087|9088|9089|9090|9091|9095|9096|9097|9098|9099|9100|9101|9102|9104|9105|9110|9112|9113|9123|9125|9127|9128|9130|9131|9133|9138|9139|9140|9142|9145|9146|9147|9149|9150|9152|9154|9156|9157|9161|9162|9163|9164|9166|9170|9171|9177|9180|9181|9182|9183|9184|9186|9187|9188|9189|9192|9193|9194|9195|9201|9203|9207|9209|9210|9211|9214|9215|9218|9219|9220|9222|9224|9225|9226|9228|9230|9231|9234|9236|9242|9243|9247|9254|9257|9258|9261|9262|9265|9267|9268|9269|9270|9271|9276|9278|9279|9280|9281|9282|9284|9286|9288|9289|9290|9291|9292|9293|9296|9297|9298|9300|9305|9307|9310|9312|9313|9314|9315|9316|9317|9319|9320|9323|9324|9325|9331|9332|9333|9337|9338|9340|9344|9345|9347|9354|9361|9362|9366|9368|9369|9374|9376|9378|9379|9381|9385|9386|9388|9389|9395|9396|9397|9398|9401|9407|9408|9409|9410|9413|9414|9415|9417|9419|9421|9422|9423|9424|9426|9428|9429|9431|9433|9434|9435|9437|9438|9439|9440|9441|9443|9445|9446|9447|9448|9449|9452|9454|9458|9460|9461|9462|9463|9464|9465|9467|9468|9470|9471|9474|9475|9476|9479|9480|9486|9489|9490|9493|9495|9496|9497|9500|9501|9502|9506|9507|9510|9512|9513|9514|9517|9521|9522|9523|9524|9525|9528|9529|9532|9533|9534|9538|9540|9543|9548|9550|9551|9552|9553|9555|9557|9558|9559|9563|9564|9565|9566|9567|9572|9575|9577|9578|9579|9583|9584|9586|9587|9588|9591|9592|9593|9595|9597|9598|9602|9605|9609|9610|9613|9617|9618|9619|9622|9623|9625|9626|9630|9632|9633|9634|9637|9638|9639|9643|9644|9646|9648|9651|9653|9655|9658|9659|9661|9663|9664|9665|9669|9670|9674|9675|9677|9678|9684|9685|9687|9688|9690|9692|9696|9697|9698|9700|9701|9704|9705|9713|9715|9716|9718|9719|9721|9723|9724|9725|9727|9728|9729|9730|9732|9737|9738|9740|9748|9751|9755|9757|9761|9762|9763|9765|9766|9768|9771|9774|9775|9777|9778|9779|9781|9782|9783|9784|9787|9789|9793|9794|9796|9797|9798|9799|9800|9802|9803|9806|9807|9808|9809|9810|9812|9813|9814|9817|9824|9826|9828|9829|9831|9832|9835|9836|9837|9838|9840|9841|9843|9844|9855|9856|9858|9860|9862|9863|9865|9866|9868|9870|9871|9872|9873|9874|9876|9877|9881|9882|9885|9886|9889|9890|9891|9893|9894|9895|9896|9898|9899|9900|9901|9902|9903|9907|9909|9912|9913|9914|9915|9916|9919|9922|9923|9924|9925|9926|9928|9929|9930|9931|9935|9936|9941|9942|9944|9945|9946|9947|9948|9949|9950|9953|9956|9958|9960|9961|9963|9964|9968|9969|9971|9973|9976|9978|9979|9981|9982|9983|9984|9986|9989|9991|9996|9997|10001|10004|10005|10008|10009|10011|10012|10014|10015|10016|10017|10018|10020|10022|10023|10026|10027|10028|10029|10030|10031|10033|10034|10036|10042|10043|10048|10049|10052|10053|10056|10058|10060|10061|10063|10065|10067|10074|10077|10078|10079|10080|10083|10084|10085|10089|10091|10093|10094|10096|10097|10101|10102|10104|10105|10109|10110|10115|10117|10118|10120|10122|10123|10124|10125|10127|10128|10134|10135|10137|10138|10139|10140|10141|10144|10145|10146|10147|10148|10152|10153|10157|10159|10162|10165|10167|10168|10169|10170|10171|10174|10175|10176|10178|10180|10181|10182|10186|10187|10191|10192|10195|10199|10201|10202|10203|10206|10207|10210|10212|10213|10214|10215|10218|10221|10222|10224|10226|10227|10229|10232|10236|10238|10240|10241|10243|10244|10248|10250|10251|10252|10253|10254|10257|10258|10259|10261|10262|10265|10266|10271|10273|10278|10281|10282|10283|10284|10285|10287|10289|10294|10297|10300|10301|10302|10303|10304|10308|10309|10311|10313|10314|10315|10316|10318|10325|10329|10332|10333|10337|10338|10342|10345|10346|10349|10350|10353|10356|10358|10359|10360|10361|10362|10363|10364|10369|10371|10372|10373|10374|10375|10384|10385|10386|10387|10388|10390|10392|10393|10395|10396|10399|10400|10403|10407|10408|10410|10411|10412|10414|10416|10418|10419|10421|10422|10423|10424|10425|10426|10427|10430|10431|10432|10433|10434|10435|10436|10437|10446|10448|10450|10451|10453|10455|10457|10459|10460|10462|10464|10465|10467|10468|10470|10472|10473|10474|10476|10477|10479|10480|10484|10485|10488|10489|10492|10493|10494|10495|10499|10503|10509|10513|10514|10516|10517|10518|10519|10521|10522|10523|10524|10526|10527|10528|10531|10532|10537|10538|10541|10542|10543|10544|10545|10548|10549|10550|10551|10553|10555|10556|10557|10558|10559|10560|10561|10562|10563|10565|10567|10571|10573|10575|10579|10581|10582|10583|10585|10586|10587|10588|10590|10593|10595|10598|10599|10600|10601|10602|10603|10604|10606|10610|10614|10618|10620|10621|10622|10623|10624|10626|10627|10628|10629|10630|10633|10635|10637|10638|10639|10640|10641|10643|10644|10645|10646|10648|10651|10652|10655|10656|10658|10659|10660|10662|10668|10671|10675|10677|10678|10679|10680|10681|10682|10683|10684|10685|10687|10688|10692|10695|10696|10697|10698|10699|10703|10704|10706|10709|10710|10711|10714|10715|10716|10717|10718|10719|10720|10721|10722|10723|10725|10727|10728|10730|10731|10732|10735|10736|10737|10740|10741|10745|10747|10748|10750|10751|10752|10753|10755|10756|10757|10758|10762|10763|10765|10767|10769|10771|10772|10773|10777|10779|10780|10783|10786|10789|10790|10794|10796|10797|10798|10803|10805|10807|10810|10812|10813|10815|10816|10817|10818|10820|10823|10824|10825|10827|10829|10834|10837|10846|10847|10851|10852|10855|10857|10864|10865|10866|10867|10868|10871|10874|10875|10879|10880|10881|10883|10886|10887|10888|10889|10890|10892|10893|10894|10895|10899|10905|10907|10908|10909|10910|10912|10913|10914|10916|10917|10918|10919|10923|10925|10933|10938|10940|10941|10944|10945|10948|10951|10954|10955|10956|10958|10959|10960|10963|10965|10966|10967|10970|10973,20.74798927613941,True
instance_0014.txt,smaller_multi,5366,378,4999,11579|11670|7936|8462|4436|5895|10975|1241|792|10914|12014|11876|2483|11059|2661|363|9779|10281|157|1850|5655|4461|11810|2575|2927|11774|6200|8447|1666|587|11959|7211|10153|10736|1389|11100|5774|10375|3748|7825|139|177|3943|183|5842|1860|5092|7993|11649|4169|4505|4850|7505|10867|10932|10844|11445|6174|4487|12270|1975|11118|8757|4956|9851|1925|1036|5246|3749|1928|11272|9759|1164|8263|3158|10583|3998|1942|2803|7028|7653|2350|8615|7245|11641|12136|3995|347|7377|9626|2272|8836|5755|8213|8712|4504|5658|11705|606|10761|4113|8242|2560|3862|8470|5436|6023|3857|3521|9743|3154|1032|8686|1986|4449|1741|8896|8582|10454|2951|4815|112|10587|1496|4380|10768|10374|8785|6534|213|2411|6964|5156|1545|7777|526|4691|3552|2153|7674|10223|866|8042|2246|10318|2874|8113|3564|42|10749|12325|100|5860|11246|2354|10196|11796|12210|8927|10704|7839|7779|11935|663|3579|895|7588|1518|6176|9785|10334|9511|2161|1616|4300|2260|488|1537|7651|497|3384|3583|9917|591|1458|7782|8497|10053|9321|10769|7450|2808|12286|3272|7883|4618|9148|11399|3785|1968|1593|9746|5017|2786|6313|11426|4785|1982|1854|272|6662|2715|4520|11779|8495|313|8431|9456|3953|5348|10332|62|3288|3401|2233|1261|7233|3003|595|4203|6836|6129|2188|5911|344|154|9019|9900|12006|6851|2771|9352|11328|11829|8319|217|1519|8474|8689|7498|10259|10827|1336|6193|8234|4636|520|1460|1430|11172|11544|3195|6927|6563|5924|1627|9997|11995|7012|8152|10879|9604|7693|7624|1500|5147|9641|6682|5982|1800|580|11700|3185|8264|6105|3771|778|5887|1385|9132|1824|5195|10760|11174|3240|9531|1582|3511|1379|8418|5761|995|2636|4191|9555|4586|9197|684|12264|2713|7964|5835|3692|6321|5116|9212|3179|5221|3513|3118|7153|8309|4776|6904|3596|3595|3105|2044|3667|521|12152|8409|8612|11578|1481|550|9821|2341|6872|9998|1932|9643|7657|5137|5936|6916|3526|8833|4013|3431|491|6893|1583|7553|9117|8706|5015|9727|2641|8851|6058|9136|3604|1252|9798|6605|605|11704|11065|9656|10772|4168|3093|11900|4054|5101|7706|8678|9170|2008|1955|8605|10913|7179|3114|6995|208|3461|4267|5212|11583|2683|6408|6977|4859|6255|10275|6220|575|4856|8426|8141|2608|8861|9815|4103|10105|5041|10797|2170|7731|454|8050|10608|5754|6611|2770|4897|1147|10759|4030|4577|308|10165|11686|4934|3839|5029|1713|873|8296|8276|11989|1777|10656|8137|6643|1712|12119|11230|9031|9311|9644|9056|1116|3489|10441|7831|10378|9399|9290|5443|10023|1801|9597|8922|5243|9703|11162|7658|5424|4919|7009|10324|8348|2472|7517|3703|5186|7423|7565|3222|11361|307|8763|2983|6419|10931|4780|10149|1907|10998|10403|1297|1949|2881|11749|9853|11836|3495|4298|2081|4549|5300|11773|7605|11756|7628|5170|3016|5830|7996|2294|6800|1985|5908|2856|3664|11574|10178|1541|4066|6729|4403|5705|1231|9111|243|2523|5324|7022|10593|10436|3273|2965|4008|7378|8246|4442|8533|11736|1910|12314|11120|9558|8092|4911|12153|1245|660|10725|10289|8936|8653|4527|11714|6437|3708|11329|57|6378|2738|10319|7107|10658|911|74|1886|8787|5407|1344|8461|5022|6921|9985|3447|5572|11312|9303|2674|853|4144|331|11767|456|8635|1064|10054|6080|1138|6302|4721|4866|11375|4790|7535|10125|7721|1055|418|5290|1478|11159|442|2754|6146|3239|2263|3549|12294|11485|269|12074|3569|4802|2428|7373|8077|598|5501|11021|6150|2179|3938|7203|9512|8238|1758|3608|10272|12025|7620|1655|12341|7075|1367|267|6451|2230|1274|2520|11105|10523|11135|616|1126|1936|11986|11803|440|3517|8574|4108|8681|8240|5556|7956|3035|4179|4940|5623|6812|14|11245|7478|10926|8199|7768|326|5723|693|460|11357|4140|6980|9300|9113|5933|219|5878|776|8518|7216|224|2673|9991|6197|662|6719|11233|8180|5056|6885|5823|8549|1719|11529|4412|7523|948|869|4801|4448|12318|10187|6453|3787|4071|2135|2268|9142|1761|316|8236|5087|7228|692|12368|6896|4260|3724|10894|12162|6906|10051|2510|4361|315|1554|4872|9629|11326|39|5551|8997|8353|2628|9179|5401|5264|3153|11532|10063|4563|4656|6743|9067|1194|8887|3089|2644|9691|148|7181|2717|7744|12321|9163|5604|4014|186|3325|4324|2531|2291|7857|4187|376|9274|5967|1114|6209|2547|6972|5238|10679|6221|8011|10503|11624|2706|902|6065|1134|5115|9181|1603|11813|11482|9658|8711|4038|2640|6033|5923|1053|10236|8414|9308|471|10921|9948|5496|11556|12056|4914|2839|3828|9446|9306|5505|10750|3287|1130|1436|5366|2458|7106|5794|7616|7032|3527|2273|3110|10881|5008|10515|6573|7502|12232|4307|1906|5988|10001|615|1704|2433|6564|6502|1014|2549|9568|4542|9382|182|5249|10212|4252|7033|1756|4464|12018|4642|5554|3553|11843|11456|5198|4332|9660|2413|7405|4124|11825|3913|7192|4183|7164|4069|5564|6138|161|2281|3940|2467|6438|6648|6364|349|3212|5899|11449|5325|8848|10957|5787|1691|7311|10104|7307|4525|10264|3134|8609|46|5507|11367|12306|10127|7156|11942|6226|4033|7709|9818|6841|4025|2626|180|4590|2419|6871|4666|5383|758|12353|4754|2298|10215|11251|6540|10963|8867|3455|1547|3117|1595|2257|169|11569|2688|6738|5961|2076|4126|5497|6807|8715|8538|1937|8282|4322|877|2448|10080|10833|8108|2918|7856|10401|4027|6827|2284|173|3346|6203|6957|4660|233|2870|2397|8067|5778|525|11514|5542|3812|11139|4738|5954|3011|8160|7344|7340|11300|8197|4973|6308|5442|4901|5858|10284|2653|9162|3194|10977|3835|9034|1670|9033|9944|4227|11571|11070|5586|12183|10782|10146|3669|1366|2133|818|3268|11342|5278|1088|11622|7453|8003|6822|8457|7057|9337|12388|11014|3242|9474|11360|11173|7082|8703|4608|10928|6017|11188|10732|7539|12061|4841|10016|3602|1161|5718|3538|3141|444|4193|8149|8351|1406|4786|1872|3540|11186|4371|9083|9650|11879|2702|4022|3615|10556|2517|3070|2052|6186|4584|11292|5762|3797|577|5048|3672|749|6500|4565|9868|3522|6368|2762|1002|892|8776|5973|4468|1051|3780|6354|1396|2964|3518|8207|11932|3079|2457|6849|3832|6243|10354|6318|2536|3624|9616|2600|5034|6021|5692|10512|5422|5941|1012|5234|8660|11155|10308|7826|6155|343|1370|4846|6910|2568|8972|9989|5130|1471|2946|8559|10484|1884|9207|2933|593|3493|5711|1794|10448|9320|264|2300|8145|2995|5359|6218|1127|1299|5262|11949|10056|6501|8212|9414|7947|5948|4469|9979|3516|540|2514|7690|10729|4694|11146|8130|11460|11090|3199|10479|5736|2734|5756|2763|174|11824|901|7645|7977|2184|2961|5553|3505|502|11588|287|7632|4294|4825|2380|5598|3997|10541|11032|2075|6487|5863|2115|10900|12107|9265|203|7350|848|10409|8220|2849|7869|9470|6756|11002|7414|10037|1454|6127|11121|6797|12297|5495|10158|6223|7220|3906|10826|11404|9171|1563|11298|8684|5171|3316|7686|9548|8931|10953|8126|7951|3945|5233|7045|11827|1715|11183|468|3065|4970|4558|690|3043|6926|8421|11766|10634|12004|231|6144|8068|4215|10106|11854|11673|11834|8953|7540|6560|9322|3689|7586|408|5387|11575|10261|9933|894|517|7660|6229|9904|1989|3472|1939|12168|7134|2764|6705|7064|11635|7457|8895|1170|6327|11892|8714|10316|9054|8770|9686|2736|4347|2905|8813|10838|10150|10777|6975|10836|9336|4121|2954|9747|1124|10151|12258|7820|11757|5454|8970|1533|9876|10823|4161|9907|11898|4816|931|8977|5502|11494|3956|9191|4526|11981|3700|3398|7733|6272|1580|2967|3958|6341|731|4435|11976|8517|9609|8235|5991|1315|8883|3473|2287|5395|7071|881|11202|6163|6615|3241|9750|3815|3312|5146|917|4445|5219|3560|5868|10381|1004|7889|17|11471|10513|3876|8365|9487|9353|5157|10695|8901|4155|11778|5532|9089|4476|4166|5394|7195|389|2167|5960|5965|12279|8107|5876|4237|6624|7518|3492|6047|2936|8305|4276|8444|1610|11273|3205|9283|130|9649|2580|5465|11507|10764|355|4797|1771|5667|11707|6570|2797|11867|11794|6753|1839|11747|9600|3588|6495|8641|7185|10521|1847|10372|2066|155|5813|5342|7|607|9074|4395|10511|5493|4724|10922|6559|11177|12165|11911|8222|2269|2034|5849|1115|6694|3298|10645|8206|2631|5045|12178|6435|6225|7364|6207|8170|10945|9941|4651|1182|6930|3006|1365|3408|3244|11681|12095|8634|4067|6205|79|360|1631|1238|3380|11234|8066|2680|7292|796|6919|6626|9755|5166|640|1818|1030|8156|1404|1329|11077|5266|7901|6069|12145|6265|6329|4009|9355|9023|885|2592|2791|528|564|1017|11967|12301|2618|4848|9271|7828|2603|5487|870|6214|2920|1210|11006|10609|3490|720|11226|3592|466|1113|8438|2817|10077|94|3861|11498|3168|11835|5305|11364|12033|12288|7394|6528|7230|1475|11207|11346|935|2216|7443|762|3682|9782|3178|7702|6724|2244|9383|3415|11311|3841|7109|5795|572|12276|9573|3001|3947|6833|2389|11789|553|774|1296|6404|9633|7725|5526|7158|6401|3248|8535|9434|1556|11501|9732|6172|8493|10035|7521|11859|7880|8648|8912|5831|11447|384|6787|7867|4908|8708|9294|6825|5357|8963|2809|1486|4097|989|12231|6547|6078|11943|10575|3757|2812|1776|7892|1488|12030|1923|6051|2405|5075|4886|5568|12023|5999|5389|11675|2687|12182|2729|3229|9039|11270|11301|9954|7545|9603|5673|5152|8058|12345|11601|3539|5818|7187|12110|1530|843|10551|2913|957|11444|7123|6278|8354|5153|1407|1466|6587|2304|5141|2384|6844|2223|7906|5853|5090|10905|6538|2804|4335|11182|10880|3382|2402|9856|10902|8592|6770|953|22|2254|1587|1515|4671|2630|1964|3256|1122|7108|6933|4419|10816|7472|2597|1333|10702|2074|5344|4364|7855|1479|8665|9627|7946|9262|6183|4052|4431|8464|5664|9394|4899|6266|5571|8329|2985|1516|3160|8823|10538|8406|11350|1228|8516|2328|4068|5158|4695|8564|10462|9799|11222|4775|9196|8370|10713|5955|11236|2822|6728|9756|2659|7105|2853|8830|11265|7833|9685|9253|10415|11191|4820|6903|3418|7639|3286|7560|11193|6432|4314|4377|3433|10209|7633|8807|9994|2720|532|10895|11122|5987|8155|1465|972|8428|12149|7838|11606|7580|9339|733|1787|1996|11295|3254|5739|5976|4198|10635|12281|8838|3342|11947|7061|5886|8251|8095|1208|2643|5925|4677|6325|5445|6489|3051|4575|4221|3457|3722|4177|9491|3965|10687|1305|5632|4646|1575|7584|8429|1321|9080|9411|9348|4945|7434|2221|2280|4447|2283|11269|6711|11443|10875|4868|104|9328|1176|6983|69|518|3577|1023|5765|3514|11440|7738|9673|5476|4980|5138|447|12024|2852|12144|12035|9909|9831|2399|3238|6166|4375|2444|1171|3188|5214|9012|4311|2079|9939|10607|8051|3187|1513|10046|3833|1601|683|1762|9891|10936|5385|7274|7577|9014|8167|7065|11711|6035|7929|5527|12214|4474|7938|6370|1273|8994|1342|7392|4750|3990|2666|1844|602|9893|834|10843|3486|7255|1842|4486|7090|8091|12172|5263|11049|10062|4443|137|10579|6477|7379|1560|3175|11099|11929|5857|4372|10226|8275|5419|10952|3459|4130|2036|4528|3798|8338|6788|6764|6793|2751|2375|3467|11660|10418|1598|5600|7492|5990|2356|9169|7582|11656|6898|10863|11599|3674|12366|3149|6913|3458|10552|10516|7458|8674|4188|6358|5964|1136|2922|1319|3309|7894|9778|6514|1976|4662|10493|10694|323|3498|7342|2224|1383|7100|11830|8483|965|5027|8034|7452|10271|9736|11547|506|9959|10136|3236|8403|10465|12180|11008|8459|10489|7900|5181|2253|8105|2898|7289|11156|8496|8099|10042|7176|8310|8109|1420|1168|5248|4050|5472|4601|8910|7127|7843|164|3081|6212|3908|11170|2431|3445|10896|3753|1191|10129|990|2958|1663|338|9030|4893|1448|10573|12275|9024|9612|12317|2134|1462|2929|9473|9464|1451|12017|816|1896|865|3856|3063|415|6481|8983|6263|406|3922|6784|626|5663|1502|4703|3907|8024|1010|12070|1464|1812|6320|11276|5358|6938|2468|5484|9213|8277|845|4955|11567|3261|9775|10509|2543|6701|2198|7625|5134|6085|279|11738|5643|976|4793|4629|5928|9538|737|3650|5737|793|5124|543|3155|10999|3301|4432|1393|4834|8106|4147|4611|2521|6026|11200|5661|3250|11304|2917|3213|11750|8625|874|10116|4842|8837|1652|6529|2386|113|4305|3151|8239|7461|12143|961|11530|1453|4610|4541|4752|9130|1523|2816|12334|1377|4457|65|9071|5388|10000|2992|531|5217|3448|3684|3319|11164|10528|9340|10217|8543|10052|7760|9216|8384|7367|8473|1042|3931|5194|4674|12148|3074|9748|7003|8982|6121|11381|5944|3721|7546|6141|7877|700|1570|2692|10199|3390|10312|8361|6838|8168|4949|5079|12373|5088|780|627|2360|9453|7096|8834|7814|3413|6943|1542|11140|3750|9666|5163|4769|2435|977|2604|1101|9705|8786|11702|10626|4544|10637|7520|3483|3373|6839|10393|612|6405|1700|4494|12116|8023|8324|1106|6601|9465|216|6268|6670|9586|5350|975|1673|2351|7931|6348|8032|4749|1735|5785|8878|3593|1150|8387|7201|3432|4355|3548|115|11983|1174|10167|555|12139|1234|8899|4489|8297|1306|6115|5313|11033|2194|9102|4967|372|12049|1288|8221|1303|10966|4174|918|4201|4206|7323|4827|8888|6395|851|11855|2166|8917|4235|8879|197|8555|8435|7313|7332|2006|11573|9184|11016|8670|10017|736|6098|6799|4003|11902|2518|11293|5640|6192|8320|7143|7708|8585|10021|8622|3172|7015|9185|37|3900|9001|6247|5634|9606|8487|5520|7354|8456|10379|3980|12019|5788|11811|5573|6462|8771|10369|2685|11901|10517|9264|4196|5139|288|9149|12396|8904|10349|11509|8736|1760|8424|7647|10625|8973|10270|6333|3050|12302|2326|3271|6383|11559|11642|5011|9018|10916|5797|1362|1048|6593|8658|1258|2772|11040|1392|4073|6516|8408|5977|4202|8102|5674|11053|5685|3374|2214|6351|657|9159|8019|11102|340|2534|1340|5639|4005|3568|8094|4016|8803|11502|985|12228|9653|1730|10133|4072|6396|7654|828|9263|10487|4909|11368|811|4530|8405|4446|11584|342|5408|2082|2406|10954|1027|1293|6230|5969|8710|8205|9947|4210|2694|11992|1651|2400|1957|10791|5074|3761|6731|4195|5567|8869|2276|438|855|7847|4162|10367|11336|2594|9015|8964|5800|9397|8104|7962|9507|11425|7157|2847|987|3605|1209|2873|9832|2461|7515|5918|9293|9718|10047|10590|11994|11919|10776|3344|12338|2208|5530|2032|7609|6853|11621|11537|9521|3275|5836|10940|6445|3816|9222|7244|9791|3599|9161|5083|2205|3262|5398|2379|11908|2490|7011|8358|7186|2928|144|8805|3695|12130|5548|1043|3852|7995|5734|738|4248|2498|4251|4480|7925|10845|4257|1510|10225|6654|7168|8250|4976|9164|12377|5461|6470|4920|5570|6866|7110|5588|482|10553|6250|9800|5543|2418|2250|151|11590|12197|8347|8643|9131|9535|10030|4323|4363|3714|10723|905|8346|8639|6057|311|858|4290|7058|860|5480|4019|11912|10174|8026|8404|6135|2821|10971|9552|915|8854|7386|7303|3941|4818|4415|10673|11385|5652|10404|11978|5286|7139|9605|3824|8721|4291|978|7626|941|10391|7017|1549|3260|10612|9708|9915|12385|9243|10280|9895|8018|1962|9070|9549|4481|9349|4086|10321|1046|11210|1425|31|1509|9407|8374|9699|8486|4733|11840|7360|9000|6809|4070|4370|12022|4269|5237|671|6951|4697|12280|9314|568|721|3311|11362|10248|8855|8951|5665|5404|5893|7566|7391|3715|6887|9801|1391|7933|4922|11302|4535|1483|3013|4219|5810|9468|4761|4387|659|2452|4621|5457|4748|7385|5605|5939|6832|9655|10851|7240|7801|2769|6994|2776|2126|10213|5068|2775|9903|10033|3147|9602|4041|2437|1919|8913|9166|9563|1661|2371|10427|10253|3916|5780|4554|6821|7113|4560|3078|9099|9622|9147|12042|7644|11799|6411|2979|3443|945|4771|10101|3210|9860|10025|6892|7765|3752|4609|1805|2451|7673|6045|8392|10019|3326|11891|4774|6008|8664|3551|5289|10951|12204|11384|8588|1089|9547|140|10171|7149|10680|11465|6306|2579|10273|7908|7895|6690|9717|7803|4870|8589|7256|4192|9|8758|5255|6985|9657|2648|11841|2931|3320|3946|283|6390|9781|7985|7648|11458|3939|4498|5870|3969|5400|7098|2940|2976|11822|5666|9967|8581|3853|3029|503|9423|9318|6407|8434|7479|1067|10580|8945|7398|4117|6211|1581|1709|1618|1077|9992|10235|6517|4006|10520|7467|6997|8000|2121|1197|6449|9068|4508|6716|4918|11395|5257|9952|11271|5308|838|10821|7428|5123|7808|10343|10808|12342|6671|3868|11066|5930|10350|5889|3054|12205|1990|7832|1915|1681|5798|2277|9060|3768|3196|509|1166|8993|7316|12109|6761|12277|7697|4289|7390|10296|11408|891|5215|11800|12358|8087|3576|11993|7363|4701|12069|7488|8033|499|8755|9639|1484|11224|5001|6762|7646|1687|8971|7465|9787|3863|11615|2047|5752|159|8524|4001|6917|8975|10068|1162|5242|7348|10632|9638|11613|366|5793|9123|4254|4655|5578|7911|6672|10592|9973|10175|11175|10109|5072|5997|3563|8507|8990|10304|10159|5114|3424|5418|10938|6095|11218|12081|6539|4612|1167|3295|8889|2528|581|6967|9418|7486|832|12084|9363|12257|675|6987|10942|2993|6996|2875|6486|11475|4119|6842|10796|302|2826|4933|7763|12131|5653|12246|7772|285|5524|9388|11035|9540|11305|8565|1506|317|11131|8701|7888|7018|2061|93|9870|6198|5218|9046|59|256|7283|4961|4281|7196|10537|11847|5516|1768|1469|7029|1505|341|8606|11522|11954|266|10716|6467|6041|2445|10182|7940|5625|7829|2027|2551|1249|5641|7576|6658|1111|2132|2509|9974|9542|656|1230|142|682|2897|1086|9010|1141|12284|1041|9289|9061|8751|11853|1285|5769|1517|4190|5792|10353|3663|1266|7691|934|4810|2708|3425|8237|11012|8420|1159|5601|7638|7548|9385|8602|10577|4659|6819|1215|1710|1827|12103|1589|10340|1310|514|10897|7672|1403|11416|5367|11721|8505|8746|7817|10122|4633|1742|6257|7703|2460|3039|4871|1544|1489|3767|2226|10385|11990|6676|4681|5637|3634|3349|11332|10706|11356|7148|10544|83|6242|4085|3496|7896|11147|3377|7878|7328|11846|7824|6810|4250|1922|10141|4593|391|2136|12381|12401|9198|3638|6845|7783|7902|2595|8820|1028|9707|10132|3318|12311|7066|11914|1441|4396|4742|10728|10342|3112|6299|1688|609|6322|3169|6079|9828|1970|9309|7382|11650|9258|1747|757|12118|11817|3324|2883|1181|5490|12239|7980|5482|3427|1187|7922|9698|8799|12077|1763|9802|9346|1797|10909|4809|2583|4770|80|5360|6291|1156|7575|5898|3192|8682|3840|1418|7042|10202|11327|2065|6400|12002|116|4470|2337|5891|8256|4293|7002|4167|1056|282|3687|5002|1382|9546|1729|10987|11108|3790|11597|10166|3507|10299|710|7429|4519|4831|1634|222|3048|11072|7051|10233|11020|2423|6028|6060|9176|11781|7599|8223|6464|3677|763|7290|11638|4727|7451|10743|527|7206|10688|6236|7353|11179|166|2819|7227|262|10498|6742|6013|4728|9193|6132|9963|11432|5879|7661|7845|7167|4684|10834|1695|9975|12250|10856|9566|362|3388|4418|2011|6111|4475|3616|10631|6647|453|11256|8620|9016|9716|10636|7286|4524|11581|10828|9298|3290|106|3633|9369|1623|1399|7116|1108|9592|2144|833|1443|5770|1096|4178|4669|3716|5763|3742|1280|6561|8695|8407|7716|8386|3974|8327|2678|2054|4004|3281|7525|4546|5053|4096|9946|5303|498|7436|10250|111|7919|8402|12009|3378|7754|11430|5403|11957|9804|9381|1992|7304|10|6066|8340|11055|584|9178|6465|4688|7969|9214|7907|2891|6108|6232|7491|2207|2602|3487|11418|11101|1440|7583|5783|254|7277|9765|11388|4869|3354|7930|2711|1413|4924|10505|12259|9137|11637|4366|8362|765|3166|8433|3612|3859|3389|1679|8691|9028|1611|10627|11928|6721|3989|9589|9276|8735|9806|4937|374|5645|2286|4369|8192|12349|2524|8289|7388|5906|5148|10268|8382|9150|11160|8541|850|1855|121|2016|5456|12241|3098|2906|1476|9887|9270|11034|4830|11631|542|5081|7060|7555|1061|9245|1539|6862|10996|3064|12380|5523|4344|6789|5866|10205|7630|4297|3994|3257|4898|4160|4511|5611|7006|3444|11698|5005|12260|920|8760|9335|2842|8932|132|7197|1991|5379|9449|11699|4716|1332|1643|7431|8633|6586|1243|5125|8416|6607|921|4664|3694|1832|9688|5589|1835|11952|634|11315|4620|8573|114|529|8125|2275|9315|3010|8562|4031|8775|2321|11203|10224|10112|3041|6392|2200|10119|2130|153|4968|10628|8379|9502|11481|5701|1940|2638|12169|5728|9850|5675|11619|2633|871|12355|11889|3221|9996|4199|9862|368|7221|4234|2206|1206|10847|9754|3216|4320|10300|3652|2333|10377|7622|8367|794|3207|9684|8697|8547|8733|6984|10328|60|5016|2972|4261|6258|4720|9578|8295|9788|11330|1773|5512|4668|1158|5920|6961|8734|5614|9208|10572|7872|11591|8957|6908|10407|3655|2726|760|9951|11708|2361|7122|10190|1262|163|7778|4063|1911|8845|9057|1084|6815|9116|4990|1384|1705|835|3720|3073|10558|7329|2598|8969|9466|7694|971|8063|4783|7409|10981|7212|6324|6860|11549|9413|2372|7978|11820|11807|2840|1480|2085|5010|259|9869|11538|1553|8570|12295|5563|6349|3629|1394|10968|3223|3887|8485|9064|11643|6759|8738|6704|12058|86|6043|9762|3031|5039|8307|3546|10147|7466|7573|2475|11448|651|10444|7236|7152|3218|1417|11819|6454|5513|6504|10445|5885|735|10382|9888|6525|10659|4485|4700|11409|8916|2756|3023|1543|11239|3675|4657|4982|3729|11223|10598|5566|7753|9990|6011|2141|3049|11695|2833|2540|10246|9323|3128|6991|410|4787|2610|7549|9007|2700|9564|3002|4112|2228|7477|6802|7080|8958|1548|12399|6261|1830|7393|2654|11802|1682|862|9160|4650|9357|3789|12384|4459|10433|4539|7767|6633|9712|11904|11303|876|5522|6858|3124|6092|6622|11078|12315|11727|2251|8249|4279|790|2697|9726|12389|6184|10114|5334|9079|2830|8956|5938|8211|232|2793|12055|6479|645|7621|8704|7770|822|8778|8772|9076|3648|1085|7696|7688|467|510|3976|8425|1227|6506|10800|7595|10599|4573|4948|8443|537|10846|5760|2987|7473|2417|8514|10737|1668|9482|10961|712|10994|7598|6482|893|10745|11428|10287|630|7407|7592|3673|336|9433|7086|3251|6639|1429|12331|5276|3951|1766|12225|4136|5337|5402|2297|4512|12255|234|1868|8908|5515|11997|5608|8850|11905|4619|175|4643|2861|9518|1219|773|3231|3820|10082|9980|8788|2112|2031|7484|6521|11604|10531|8607|8446|8611|9236|1503|3119|6480|8089|6196|11880|10638|1552|4712|7036|4572|9774|4444|11865|8225|4686|2511|6188|11192|8054|9835|11589|5707|7786|5167|959|9092|4129|5392|2844|6875|1463|9133|4840|8743|7272|10819|5807|955|8512|8717|2480|9883|4969|11910|8209|1498|6338|6941|6749|3113|7222|6379|1837|5332|6386|1059|11939|3744|7335|7943|11984|9957|4804|5688|5514|10927|3126|3830|1901|1540|6276|5626|5293|1045|6019|9032|11974|7606|545|4274|1079|12122|8911|7437|1566|949|1201|2671|7072|8783|2996|12126|6998|8331|3206|8991|4706|8315|2907|4977|8909|7965|9104|7016|11124|8057|11797|8940|2469|7426|10044|857|3137|9203|9945|2953|1137|5974|824|3890|2759|12176|2758|1060|10368|4373|2745|1349|4599|6185|3843|3466|5733|11897|10562|3372|3086|11480|9087|9971|10934|10832|4832|3034|8455|11001|522|8502|291|8759|9389|1105|1903|1564|6181|11916|9584|11324|10234|5654|723|1348|8986|6585|7262|7735|1834|1133|10967|10831|5917|5349|2100|10084|2703|2218|4843|1100|11145|9972|3701|1791|5796|5500|10064|882|2814|5311|2147|2779|4828|3898|5560|11161|459|2732|4345|7485|5713|4792|5261|4078|1883|5540|12207|8642|5719|5061|7876|2234|10237|11722|8096|8080|9704|4536|2611|1189|5105|11632|5644|668|5775|3784|5764|5557|5193|6536|5986|55|4778|10806|2192|9427|7326|284|9090|4817|4739|11386|5628|10519|12340|5683|9022|501|5591|9172|1924|9931|5192|7914|2777|1119|8890|10619|354|4556|4046|5302|3662|4316|10040|5771|1947|8328|5206|239|11999|10346|8460|6215|6613|276|12361|90|6543|4759|3347|10651|2267|6899|2827|12028|9543|1966|7355|1000|3361|3880|8522|1988|10585|11748|10461|11596|585|9937|4926|7550|3515|5160|3846|5609|2569|5469|8967|9415|1524|11128|9619|8244|4058|10108|12234|11712|6886|7836|11899|10920|3795|11743|12040|11875|2537|5184|4390|12134|7260|4374|4807|6722|8231|9374|1437|8849|3746|333|8395|3144|8513|530|2104|2057|1619|7063|3360|10767|7926|4835|3143|2495|815|9689|92|1900|10522|9051|7954|5624|3952|922|3805|11669|5464|8705|6513|7336|8326|4895|11719|253|9773|1199|6031|8488|5319|1692|11798|3333|250|2616|11605|5283|5112|6016|8098|1874|7554|9379|8278|863|9598|12079|3237|3847|9421|6782|1686|5380|4441|2143|7809|9343|11752|5525|7199|8784|5894|5120|4082|846|1044|11363|3080|6780|10481|1871|8314|2211|12192|7034|4517|9350|4075|10203|8202|1314|7118|4157|12129|4149|85|5230|6659|8753|6765|10991|11052|8955|7442|8804|160|6577|5619|5826|9239|5874|3485|9844|8603|35|9683|963|2512|2785|3278|8330|11878|9934|2342|10734|12221|1438|3189|9398|2944|12296|6816|3806|12291|10830|9824|6100|7923|6808|4381|9484|293|7612|756|2650|5744|4730|11717|6006|9803|9050|348|7352|8576|12293|516|4800|6237|9319|4707|7732|9898|11818|3627|11104|6457|10597|1020|11561|1660|6934|8364|10620|10925|12252|11397|5396|12083|11913|7068|11785|10675|5945|8673|6591|2665|11848|10601|3971|5864|63|6244|10416|2320|1264|2747|12185|9292|7607|7854|8025|5268|3594|962|8012|9488|11823|424|2063|6355|5253|2308|4088|8824|7680|4587|9459|3575|5646|2727|7387|1895|2367|5518|1890|8390|9583|7481|1109|9665|9443|380|11180|5975|6053|6946|10825|6614|10399|11144|1324|10135|1374|6072|11945|1005|6597|695|12283|5111|6874|4220|10466|3811|8190|2394|1447|8216|2538|3280|11996|5471|10565|11674|3778|10748|1247|5727|9075|3970|5449|9529|10817|5615|6806|5916|6666|10244|3120|7372|299|10164|1294|8159|4865|3232|10123|8228|6330|7235|6542|644|7111|11402|8230|8114|2577|11558|12038|3348|3912|237|1769|9017|10305|956|1142|8626|9884|908|8131|4286|7722|1473|4060|12120|1255|7704|9151|12215|4616|7749|1953|3252|2971|7904|8195|8816|4259|4360|4813|7370|2427|1292|2970|7004|3300|3600|12273|5102|2886|5610|6344|9134|10798|9043|2635|475|5369|1211|6702|2605|5784|5883|10152|8165|5399|11907|2310|7569|11915|5799|10179|4076|5953|12147|8742|6584|12138|8593|1268|6718|7886|11115|4376|5656|8300|12400|8968|9770|9226|7541|6091|4675|7046|6830|9395|10117|6009|2639|7231|3291|10970|1398|11965|8198|11814|5035|4047|1808|9843|12323|11061|5951|6483|8350|3156|3800|8709|3370|268|11680|9648|4723|11291|9447|11176|1856|4232|4682|2201|1959|7083|10712|8482|10887|9576|12350|5080|5638|2120|12091|10810|6553|4110|7916|4388|1016|2241|9093|10474|1357|2274|3933|402|2182|9138|7337|2438|1082|698|9297|11801|2412|5416|4789|3919|10087|8960|875|5285|5202|4639|5353|637|2023|4094|11890|6004|1702|11837|9676|4171|8436|7308|11359|3230|479|11340|3927|10424|2293|2265|7325|4056|7804|7544|7449|5587|9059|5191|463|494|11594|7417|420|9004|8907|6134|11742|11060|7552|2613|11960|7040|5117|2443|1078|281|5539|12282|6233|473|3434|12202|8596|3858|8754|4647|2489|7859|12063|5216|8182|2981|3331|6680|8189|1090|4992|1635|7069|4963|3452|4186|9426|12045|1233|5871|7841|5299|10747|7091|6692|2439|1250|1456|7955|9567|10643|5452|1494|936|5706|8255|5597|9246|3755|7085|1178|2857|2862|3758|10442|11467|2554|5292|9497|8857|2453|3718|9305|455|3661|6644|6883|3944|10962|11548|3201|7514|5582|11511|3878|808|2908|1973|3129|9864|7602|7999|2670|2968|6914|10539|6178|11668|9534|7611|9401|8412|9124|11821|12212|3584|2615|10091|7357|11212|10815|2128|188|8560|1279|11703|11347|707|1144|2716|2485|7949|6578|6455|3883|4123|12269|1617|10982|1302|11518|5979|4319|4679|6979|7718|11215|10103|732|6618|3159|538|11610|8286|7961|1739|7480|5354|8544|8668|2191|8676|4084|11664|632|10804|2102|7496|5197|7396|11496|5438|351|827|9390|9523|5256|7787|4570|3450|2086|1259|8049|7306|12104|8871|9250|10534|7590|10841|4950|5182|6484|8719|8478|9237|10642|9284|1875|11382|9608|286|1074|11966|3751|2571|6112|1265|8865|1880|3982|1075|10571|10429|7250|10724|9279|2038|6824|11963|10081|10142|2982|10467|5672|7039|11648|674|10292|10443|5747|4379|6062|1487|11421|12253|10055|10689|3635|597|9524|9840|8680|10854|10709|2599|1732|1083|1662|2718|12268|9489|5096|8675|11998|4062|11828|1864|3712|4989|1026|2236|11644|3209|505|4624|11805|5550|10249|7819|7504|8423|329|179|9642|12374|604|8577|2921|122|1155|7524|8663|8272|9631|10613|7263|11044|7282|2349|2651|6431|9913|11580|5821|747|2481|10322|11860|6999|3391|9976|11317|561|9204|4740|7172|7214|7420|8345|7229|10891|124|8097|1600|2743|6316|9610|10265|2270|416|6048|12223|3983|6169|4722|8942|11253|11791|9341|4429|9114|7099|697|5722|8981|6003|5618|608|8118|2926|1806|162|109|4185|11377|5833|7031|3896|1434|9805|10357|9847|968|95|4667|12039|11024|11010|7358|10431|2426|6608|2896|2060|373|10662|4266|5966|255|1621|1536|2015|1301|6204|220|4798|8580|11926|3338|11017|9392|12216|6292|6189|12194|8359|1281|4523|1737|1772|9738|11884|2462|10488|3453|6001|6952|4837|9146|6772|12245|8732|8598|6912|12171|9751|6632|6817|3442|9981|7165|771|6347|6160|8062|2344|8862|3200|7483|558|2266|10344|11453|11512|1859|96|11486|4821|10421|470|1786|4137|8556|1244|2455|7406|9928|5720|6818|9088|5816|7433|8584|3642|1869|3125|3512|8815|6524|9377|3782|2243|11618|7162|6202|4244|622|1076|672|2869|11343|3173|381|4693|6429|7823|618|6217|11972|6002|12298|1504|6162|9753|5942|10191|3294|4880|10720|3077|11852|131|12150|9495|2843|7081|5528|1490|4538|8521|12308|9277|8561|11264|1214|11944|4502|9867|3181|9537|4165|4329|10161|1994|5203|755|8540|5994|2986|11400|1290|2980|11009|883|5133|8006|11468|8146|3866|6897|7959|10705|7050|3488|12189|2264|3625|2020|5446|2533|4325|12236|7178|5439|3182|1727|11380|633|4849|8136|9830|1921|5968|436|3902|9400|3245|8179|1782|11143|1636|5030|12154|5356|3214|9628|1029|4763|11469|2339|2195|3562|5872|10090|1764|7309|3061|6007|4393|2757|7475|7752|1175|11763|9287|3395|7103|11151|7037|11334|1338|11678|5245|3046|8453|21|6267|4399|8713|6763|8265|5405|3926|9450|7189|4245|7078|6518|8073|8224|6359|3501|8966|1203|8880|5668|5984|9125|1821|4405|4638|740|1908|9757|3617|2338|136|352|3831|11464|951|443|7909|6152|9919|939|7194|11163|11282|9120|3469|3918|2002|4040|10376|3929|2590|1103|3376|10615|11782|3864|8469|11536|9783|6030|9514|6804|2227|11396|1149|2037|5301|4450|5492|4365|227|6803|10285|799|10649|3829|386|8700,98|76|398|338|18|2|106|367|222|34|322|313|101|255|69|374|155|140|103|189|270|274|173|316|1|3|361|32|321|87|314|177|345|54|375|294|370|390|104|79|366|121|141|53|199|329|35|254|75|171|22|337|350|400|216|230|27|67|272|111|351|360|11|84|182|245|404|10|197|264|402|251|273|315|4|44|275|342|105|175|330|379|408|85|344|68|107|327|169|219|301|7|80|108|120|147|369|43|82|159|243|271|280|288|362|397|14|21|25|126|207|299|57|195|196|202|353|86|119|248|328|382|391|405|166|279|26|40|59|93|346|125|145|151|152|176|252|276|303|372|17|56|92|144|149|154|249|298|305|306|373|384|28|42|128|130|214|403|9|133|170|201|324|334|74|102|163|239|258|277|297|364|13|36|60|64|179|188|256|304|348|407|5|90|127|134|174|220|228|250|318|323|326|363|6|143|190|203|212|383|31|52|124|137|146|148|265|282|292|296|365|392|0|19|30|51|55|63|70|83|129|198|224|226|242|289|347|389|406|16|77|78|112|160|165|229|247|293|312|320|381|33|39|58|73|100|109|114|183|204|213|227|257|267|291|302|340|377|20|29|122|132|153|161|164|208|234|246|283|284|339|355|371|395|410|8|62|99|131|168|200|205|209|215|225|253|263|278|336|341|356|368|385|388|399|37|46|81|96|150|167|172|187|211|231|233|244|266|269|308|352|358|376|380|45|156|178|191|221|223|307|354|396|12|38|110|113|139|184|217|235|240|241|290|295|311|317|319|378|386|393|47|66|88|91|192|193|194|218|259|268|287|300|331|332|335|343|349|359|401|409|61|71|97|123|138|142|157|162|186|237|260|262|310|325|333|394|412,0|2|4|6|7|11|13|17|24|25|31|32|37|39|41|42|43|45|46|47|49|50|53|60|64|67|69|73|74|76|79|80|82|83|84|88|97|99|106|107|109|111|112|114|115|118|120|123|128|129|130|134|135|136|138|139|143|144|145|149|150|151|154|157|163|165|166|167|168|169|170|171|172|173|174|176|177|180|181|185|187|193|194|198|199|200|202|206|211|212|216|220|222|223|224|225|227|228|229|230|233|236|238|242|244|246|247|249|250|251|252|255|256|257|258|260|261|263|264|268|270|271|273|274|275|276|277|279|282|284|285|288|289|291|292|295|300|303|309|312|313|317|318|321|322|324|326|327|328|329|331|332|334|335|337|338|340|343|347|348|353|354|356|359|361|363|364|366|367|369|371|373|376|377|378|379|382|383|384|385|386|387|389|392|394|396|397|404|405|406|408|412|413|414|417|418|420|422|423|424|425|426|427|428|429|431|432|433|436|438|439|440|442|443|445|448|449|453|455|456|457|458|459|462|464|466|469|471|473|476|481|485|488|496|497|500|502|505|508|509|511|518|523|526|532|536|541|542|548|550|551|552|554|555|556|561|563|566|567|568|570|571|574|580|584|585|586|588|589|591|594|595|597|599|600|601|602|603|605|610|612|613|614|615|616|618|620|621|624|626|628|631|636|639|640|642|644|645|647|650|654|655|656|657|664|669|670|672|673|674|675|679|680|681|682|688|690|691|693|700|702|703|706|710|712|713|714|715|716|717|718|722|725|726|727|728|729|734|735|738|741|742|743|744|745|749|750|751|752|753|755|756|759|760|762|765|768|769|770|771|774|778|780|781|782|784|788|793|794|795|796|797|801|802|804|805|806|808|811|813|815|817|819|820|823|825|826|827|828|829|831|834|835|836|837|840|842|843|845|850|852|853|856|859|860|861|862|865|866|867|868|870|872|874|877|878|880|883|885|886|890|894|895|896|898|899|900|902|905|907|909|910|914|915|919|921|923|924|925|930|932|933|935|938|941|942|945|947|951|954|956|958|964|965|966|967|969|971|972|976|977|978|979|980|981|982|986|988|990|991|992|994|998|999|1001|1003|1004|1005|1007|1014|1016|1022|1029|1032|1033|1034|1037|1038|1040|1041|1043|1045|1047|1048|1049|1050|1052|1057|1058|1059|1063|1067|1069|1075|1079|1082|1083|1085|1087|1090|1092|1093|1097|1098|1099|1105|1106|1109|1114|1117|1118|1119|1122|1123|1125|1126|1127|1130|1132|1133|1136|1138|1140|1141|1142|1143|1150|1151|1160|1170|1174|1177|1178|1179|1182|1187|1188|1189|1193|1195|1196|1199|1201|1202|1203|1207|1210|1211|1212|1213|1215|1217|1220|1221|1222|1225|1226|1227|1228|1229|1232|1238|1239|1245|1246|1248|1250|1251|1252|1255|1261|1265|1266|1269|1270|1273|1274|1275|1278|1279|1281|1284|1285|1287|1288|1289|1290|1293|1295|1296|1299|1300|1301|1304|1305|1307|1312|1313|1314|1315|1316|1320|1322|1324|1325|1329|1332|1334|1335|1336|1340|1341|1343|1344|1346|1348|1350|1352|1354|1355|1356|1358|1359|1360|1361|1365|1366|1367|1368|1369|1373|1375|1376|1377|1381|1383|1385|1387|1388|1389|1391|1393|1395|1396|1399|1400|1402|1403|1404|1406|1407|1410|1411|1412|1413|1414|1418|1422|1424|1427|1428|1430|1433|1436|1439|1441|1443|1444|1445|1447|1450|1451|1453|1460|1461|1464|1477|1481|1489|1491|1492|1493|1496|1500|1503|1504|1505|1508|1510|1514|1515|1519|1520|1521|1524|1526|1529|1534|1536|1537|1539|1542|1546|1548|1550|1551|1552|1554|1557|1558|1560|1562|1565|1567|1568|1569|1571|1573|1576|1577|1578|1580|1581|1584|1585|1588|1590|1592|1595|1597|1600|1601|1604|1605|1609|1613|1615|1617|1618|1619|1620|1622|1623|1625|1626|1627|1630|1632|1635|1636|1639|1640|1647|1650|1652|1658|1660|1662|1664|1665|1668|1675|1676|1679|1684|1685|1686|1687|1690|1698|1699|1700|1701|1702|1706|1709|1712|1714|1716|1719|1721|1722|1723|1729|1731|1734|1736|1737|1738|1739|1740|1742|1746|1747|1748|1749|1750|1751|1754|1755|1757|1762|1766|1768|1769|1771|1775|1779|1784|1786|1787|1790|1791|1793|1794|1795|1798|1799|1802|1804|1805|1808|1809|1810|1813|1817|1820|1823|1824|1826|1829|1830|1831|1832|1833|1834|1839|1840|1842|1843|1845|1846|1847|1849|1850|1851|1852|1854|1856|1858|1860|1862|1864|1867|1873|1876|1880|1881|1882|1885|1887|1888|1889|1892|1893|1896|1897|1899|1901|1904|1907|1908|1910|1911|1919|1925|1927|1928|1930|1932|1934|1935|1937|1938|1942|1945|1954|1958|1959|1963|1964|1965|1966|1971|1975|1976|1977|1979|1980|1983|1986|1987|1989|1990|1991|1993|1996|1997|1998|2000|2004|2005|2008|2011|2015|2018|2021|2023|2024|2025|2027|2028|2032|2034|2040|2042|2048|2049|2052|2054|2057|2058|2063|2065|2066|2068|2071|2073|2074|2075|2077|2078|2079|2082|2084|2086|2090|2091|2092|2093|2094|2095|2096|2097|2099|2101|2102|2106|2107|2108|2110|2112|2115|2116|2117|2118|2119|2121|2123|2124|2126|2127|2128|2129|2130|2132|2133|2135|2143|2144|2146|2148|2149|2151|2159|2160|2161|2164|2165|2166|2167|2168|2170|2172|2173|2177|2179|2180|2183|2184|2190|2193|2197|2198|2199|2203|2204|2205|2207|2212|2213|2214|2215|2218|2225|2226|2227|2233|2234|2237|2238|2239|2240|2242|2246|2249|2250|2255|2256|2257|2258|2263|2266|2269|2272|2275|2276|2279|2281|2282|2283|2285|2288|2298|2300|2303|2304|2315|2316|2319|2321|2322|2323|2324|2325|2326|2334|2336|2339|2342|2344|2347|2348|2355|2357|2359|2360|2361|2362|2367|2376|2377|2379|2380|2382|2383|2384|2385|2386|2390|2391|2393|2396|2397|2401|2404|2406|2408|2410|2411|2412|2413|2414|2415|2417|2418|2419|2420|2421|2423|2427|2429|2430|2433|2437|2439|2440|2444|2447|2448|2452|2455|2460|2461|2462|2463|2464|2466|2471|2472|2476|2478|2479|2481|2482|2484|2487|2488|2489|2492|2493|2495|2498|2499|2500|2501|2502|2503|2504|2508|2515|2516|2517|2518|2520|2522|2523|2526|2527|2529|2535|2536|2537|2539|2543|2545|2546|2547|2551|2554|2555|2557|2560|2563|2565|2572|2573|2574|2576|2577|2580|2581|2584|2587|2588|2589|2590|2594|2595|2603|2606|2608|2610|2612|2613|2616|2617|2619|2620|2626|2627|2628|2629|2630|2632|2633|2634|2637|2639|2640|2641|2642|2643|2644|2647|2648|2652|2653|2658|2659|2664|2665|2667|2668|2670|2676|2680|2681|2683|2685|2687|2689|2690|2691|2696|2697|2702|2704|2705|2707|2708|2711|2713|2715|2716|2719|2720|2721|2723|2725|2726|2727|2732|2733|2734|2735|2736|2739|2742|2743|2744|2746|2748|2749|2750|2751|2752|2757|2758|2759|2760|2761|2762|2763|2764|2766|2767|2768|2770|2773|2775|2776|2777|2778|2779|2780|2783|2784|2786|2787|2789|2790|2791|2792|2793|2795|2796|2799|2800|2802|2805|2806|2807|2810|2811|2813|2816|2817|2818|2819|2821|2824|2828|2829|2833|2834|2836|2839|2842|2845|2846|2849|2850|2855|2858|2860|2862|2864|2865|2868|2870|2872|2873|2876|2877|2880|2883|2884|2885|2886|2888|2896|2899|2902|2905|2908|2909|2910|2912|2915|2916|2917|2918|2921|2923|2928|2930|2932|2934|2938|2939|2940|2941|2942|2943|2944|2946|2948|2949|2950|2951|2955|2956|2960|2965|2969|2974|2977|2983|2984|2987|2988|2990|2991|2995|2996|2998|3000|3001|3003|3004|3007|3008|3010|3013|3014|3015|3016|3017|3019|3020|3022|3023|3024|3031|3035|3038|3039|3043|3047|3051|3055|3056|3057|3058|3060|3063|3067|3069|3070|3071|3072|3074|3075|3079|3081|3083|3084|3087|3089|3099|3100|3101|3102|3106|3110|3112|3114|3115|3116|3118|3122|3123|3124|3129|3131|3132|3134|3135|3136|3139|3140|3142|3143|3146|3148|3149|3150|3151|3153|3155|3156|3158|3159|3160|3161|3164|3165|3170|3173|3174|3176|3178|3179|3180|3181|3184|3185|3186|3188|3189|3193|3194|3197|3199|3200|3201|3206|3207|3208|3210|3212|3214|3215|3218|3223|3225|3226|3230|3234|3237|3248|3250|3251|3252|3253|3254|3256|3257|3258|3260|3261|3263|3264|3265|3268|3269|3271|3273|3275|3276|3277|3279|3280|3282|3283|3288|3289|3296|3297|3298|3300|3301|3305|3307|3310|3312|3313|3315|3318|3320|3321|3322|3325|3331|3333|3335|3336|3338|3339|3340|3342|3343|3344|3345|3346|3350|3351|3355|3357|3358|3364|3369|3370|3372|3373|3375|3376|3377|3380|3381|3385|3386|3389|3390|3394|3395|3397|3399|3401|3406|3408|3417|3418|3419|3420|3422|3424|3425|3429|3430|3432|3434|3438|3443|3444|3445|3446|3447|3449|3451|3452|3453|3456|3457|3458|3461|3463|3466|3469|3470|3473|3475|3478|3480|3481|3484|3485|3488|3493|3497|3498|3499|3506|3508|3510|3515|3517|3518|3519|3522|3523|3524|3525|3530|3532|3533|3538|3542|3545|3547|3549|3554|3558|3559|3562|3563|3564|3565|3566|3571|3575|3576|3581|3582|3584|3586|3588|3590|3591|3594|3600|3601|3603|3604|3605|3606|3609|3612|3615|3619|3621|3622|3626|3633|3634|3637|3640|3642|3644|3645|3646|3647|3648|3651|3653|3655|3656|3657|3658|3659|3661|3663|3664|3666|3668|3669|3670|3672|3673|3674|3675|3683|3686|3691|3694|3700|3701|3704|3708|3714|3715|3716|3719|3724|3725|3732|3733|3734|3735|3736|3737|3738|3739|3740|3741|3742|3743|3744|3746|3748|3749|3750|3751|3753|3755|3759|3762|3763|3764|3774|3775|3780|3782|3783|3784|3787|3788|3790|3792|3793|3794|3796|3800|3801|3803|3804|3807|3812|3813|3814|3816|3819|3821|3822|3823|3824|3827|3833|3834|3836|3837|3838|3841|3842|3844|3846|3847|3853|3856|3858|3861|3865|3866|3867|3868|3869|3872|3873|3874|3875|3876|3877|3878|3884|3885|3890|3892|3893|3895|3898|3901|3907|3909|3911|3912|3916|3921|3922|3923|3924|3926|3931|3932|3933|3937|3939|3943|3947|3949|3950|3951|3958|3964|3965|3966|3967|3969|3970|3972|3974|3975|3978|3984|3985|3986|3988|3989|3990|3991|3994|3995|3996|4002|4006|4007|4011|4012|4014|4015|4017|4020|4021|4022|4026|4029|4033|4034|4037|4038|4040|4042|4045|4046|4048|4050|4066|4068|4071|4072|4077|4079|4082|4088|4089|4090|4091|4092|4094|4096|4099|4100|4102|4105|4108|4109|4111|4116|4127|4132|4133|4134|4135|4136|4137|4139|4140|4141|4142|4144|4145|4146|4147|4149|4151|4157|4158|4160|4163|4165|4169|4170|4172|4173|4175|4182|4183|4184|4187|4188|4192|4194|4196|4197|4199|4202|4203|4205|4206|4207|4208|4210|4212|4214|4219|4221|4224|4227|4230|4231|4232|4233|4234|4239|4241|4243|4248|4249|4250|4252|4253|4254|4255|4257|4260|4261|4263|4264|4271|4274|4277|4280|4282|4283|4284|4288|4292|4293|4294|4302|4303|4304|4305|4306|4307|4308|4310|4315|4316|4319|4320|4321|4324|4334|4337|4340|4341|4342|4343|4344|4349|4350|4359|4360|4362|4363|4365|4366|4367|4370|4372|4374|4375|4377|4378|4384|4385|4389|4392|4395|4399|4401|4405|4406|4408|4410|4411|4420|4427|4428|4431|4433|4435|4437|4442|4446|4447|4450|4451|4452|4453|4454|4461|4462|4464|4466|4467|4468|4471|4474|4475|4476|4478|4479|4480|4481|4485|4488|4491|4493|4495|4499|4500|4501|4505|4507|4508|4511|4518|4519|4522|4523|4524|4525|4526|4528|4532|4540|4544|4546|4547|4548|4551|4552|4554|4557|4558|4560|4562|4564|4565|4566|4567|4568|4569|4571|4572|4574|4578|4579|4585|4586|4588|4593|4594|4595|4600|4602|4603|4604|4606|4607|4609|4611|4614|4615|4618|4619|4620|4621|4623|4624|4628|4630|4631|4633|4635|4636|4637|4640|4641|4644|4646|4651|4652|4653|4654|4658|4660|4663|4664|4665|4667|4668|4669|4670|4672|4673|4676|4679|4681|4684|4685|4687|4692|4693|4696|4697|4698|4700|4701|4702|4706|4710|4712|4713|4714|4718|4719|4720|4721|4725|4738|4739|4741|4742|4744|4745|4747|4750|4752|4755|4759|4760|4761|4762|4764|4767|4774|4779|4780|4782|4783|4785|4792|4795|4803|4804|4805|4806|4807|4809|4813|4814|4816|4819|4822|4824|4826|4828|4829|4830|4831|4834|4835|4836|4838|4841|4843|4845|4847|4848|4850|4852|4854|4855|4864|4866|4870|4873|4875|4878|4880|4881|4883|4884|4885|4888|4889|4890|4892|4893|4894|4896|4897|4898|4901|4905|4906|4907|4910|4911|4912|4914|4918|4919|4920|4921|4922|4926|4928|4929|4930|4931|4932|4933|4937|4941|4942|4943|4947|4951|4952|4954|4961|4963|4964|4967|4971|4972|4975|4976|4978|4979|4980|4983|4985|4989|4990|4991|4993|4995|4998|5000|5004|5008|5010|5011|5012|5017|5018|5020|5021|5024|5029|5032|5036|5040|5043|5046|5048|5050|5052|5057|5059|5063|5072|5073|5078|5079|5081|5082|5083|5084|5085|5088|5093|5098|5100|5102|5105|5107|5111|5112|5114|5117|5121|5122|5127|5128|5130|5131|5135|5136|5140|5146|5148|5149|5152|5154|5155|5156|5157|5158|5159|5160|5161|5163|5164|5166|5169|5170|5173|5175|5177|5178|5179|5181|5182|5183|5185|5187|5188|5190|5192|5196|5204|5206|5208|5212|5213|5214|5215|5218|5219|5221|5222|5226|5227|5229|5230|5234|5236|5238|5239|5242|5244|5246|5247|5252|5267|5270|5273|5275|5278|5279|5285|5286|5289|5290|5291|5292|5295|5298|5299|5303|5306|5307|5308|5310|5320|5325|5328|5329|5330|5332|5334|5342|5344|5345|5346|5347|5349|5350|5351|5352|5354|5355|5356|5357|5359|5362|5363|5364|5369|5371|5375|5377|5381|5385|5386|5387|5388|5390|5391|5393|5400|5402|5406|5407|5408|5410|5411|5415|5416|5418|5419|5423|5432|5434|5435|5439|5440|5441|5442|5443|5447|5450|5451|5453|5454|5455|5459|5461|5463|5464|5465|5466|5467|5468|5469|5470|5471|5472|5473|5474|5477|5479|5482|5485|5486|5490|5491|5493|5496|5497|5498|5503|5506|5509|5511|5512|5514|5515|5516|5517|5518|5519|5521|5522|5523|5524|5529|5532|5536|5537|5538|5539|5540|5542|5544|5546|5549|5551|5553|5554|5555|5559|5562|5564|5565|5570|5572|5573|5576|5577|5578|5580|5582|5583|5584|5589|5590|5591|5596|5597|5598|5599|5600|5601|5604|5608|5609|5613|5615|5616|5617|5618|5619|5622|5623|5624|5627|5628|5631|5632|5633|5634|5638|5641|5644|5646|5650|5652|5655|5656|5658|5660|5662|5663|5664|5665|5666|5667|5670|5672|5673|5674|5676|5681|5686|5688|5689|5690|5693|5696|5700|5702|5705|5709|5711|5712|5713|5714|5716|5717|5720|5721|5723|5727|5729|5732|5737|5738|5740|5741|5742|5744|5745|5747|5748|5752|5753|5756|5760|5762|5764|5768|5769|5772|5775|5776|5781|5782|5783|5787|5790|5793|5794|5795|5798|5799|5800|5802|5803|5804|5805|5806|5811|5812|5814|5815|5828|5829|5830|5832|5834|5838|5841|5842|5843|5844|5846|5847|5849|5850|5855|5856|5862|5868|5869|5870|5872|5873|5874|5879|5880|5885|5886|5887|5888|5892|5893|5895|5896|5899|5902|5908|5911|5912|5914|5918|5919|5920|5923|5928|5929|5930|5931|5937|5938|5939|5940|5941|5943|5945|5946|5947|5949|5953|5955|5960|5961|5965|5969|5972|5976|5977|5983|5986|5987|5988|5989|5990|5995|5996|5998|5999|6001|6004|6005|6006|6007|6009|6011|6014|6018|6023|6025|6026|6027|6036|6038|6046|6047|6048|6049|6054|6056|6057|6059|6060|6061|6063|6064|6066|6070|6071|6072|6075|6076|6082|6083|6087|6089|6090|6092|6095|6097|6098|6100|6102|6103|6104|6111|6114|6121|6123|6125|6126|6127|6129|6133|6134|6139|6142|6146|6148|6151|6152|6153|6155|6156|6157|6165|6167|6168|6169|6170|6174|6175|6180|6183|6184|6185|6190|6191|6192|6194|6195|6197|6198|6202|6203|6205|6206|6207|6209|6213|6214|6216|6217|6220|6222|6224|6225|6226|6227|6230|6232|6233|6234|6235|6236|6239|6244|6245|6246|6247|6248|6250|6251|6252|6256|6257|6260|6263|6265|6267|6268|6270|6272|6275|6280|6285|6292|6293|6294|6296|6299|6303|6306|6307|6309|6313|6315|6320|6321|6328|6329|6330|6334|6337|6339|6342|6343|6347|6348|6349|6350|6351|6352|6353|6359|6361|6362|6363|6368|6370|6374|6376|6377|6379|6384|6385|6386|6387|6388|6390|6392|6394|6395|6397|6399|6400|6402|6403|6405|6408|6414|6415|6417|6418|6420|6421|6422|6424|6425|6426|6429|6430|6432|6434|6438|6439|6440|6442|6445|6446|6448|6458|6461|6462|6465|6466|6468|6469|6476|6477|6478|6480|6481|6482|6490|6499|6500|6504|6505|6506|6507|6508|6513|6514|6515|6518|6520|6522|6523|6525|6526|6529|6530|6531|6532|6536|6538|6539|6540|6542|6545|6546|6547|6548|6550|6554|6557|6562|6563|6564|6566|6567|6570|6571|6576|6577|6579|6582|6583|6585|6586|6589|6590|6594|6597|6598|6599|6600|6603|6606|6607|6609|6611|6614|6616|6617|6620|6621|6622|6624|6625|6628|6629|6631|6632|6634|6638|6640|6643|6644|6645|6647|6648|6651|6652|6657|6663|6664|6665|6666|6667|6670|6671|6672|6674|6675|6678|6679|6680|6681|6682|6683|6684|6688|6690|6697|6698|6700|6701|6702|6703|6707|6709|6710|6711|6713|6716|6718|6719|6722|6725|6726|6727|6728|6730|6732|6734|6735|6736|6737|6738|6739|6742|6743|6745|6750|6752|6757|6759|6760|6769|6770|6777|6778|6780|6781|6782|6785|6788|6790|6794|6795|6796|6797|6799|6800|6801|6802|6804|6805|6810|6811|6812|6816|6817|6818|6819|6823|6825|6826|6827|6830|6832|6833|6838|6840|6842|6843|6845|6846|6847|6849|6850|6851|6853|6865|6867|6877|6879|6880|6887|6888|6892|6894|6896|6897|6900|6902|6904|6905|6906|6907|6910|6911|6913|6916|6918|6919|6920|6921|6922|6923|6926|6928|6935|6937|6940|6944|6945|6946|6950|6952|6953|6954|6955|6956|6961|6962|6965|6966|6967|6969|6971|6972|6973|6975|6977|6982|6983|6985|6986|6990|6991|6992|6993|6995|6997|7001|7003|7007|7010|7011|7015|7016|7017|7018|7019|7022|7023|7024|7025|7026|7029|7034|7036|7037|7040|7041|7046|7048|7049|7052|7053|7055|7057|7058|7059|7060|7061|7062|7065|7066|7067|7068|7069|7072|7073|7074|7076|7077|7078|7081|7085|7086|7088|7089|7092|7093|7095|7096|7098|7099|7100|7102|7105|7106|7108|7110|7111|7112|7116|7117|7120|7122|7123|7124|7125|7126|7127|7132|7134|7137|7139|7141|7143|7144|7145|7146|7147|7148|7149|7150|7151|7157|7162|7163|7165|7166|7167|7168|7169|7175|7179|7182|7183|7186|7195|7198|7199|7200|7203|7204|7205|7208|7211|7212|7214|7217|7221|7222|7224|7227|7228|7231|7232|7235|7236|7238|7241|7244|7245|7246|7248|7249|7253|7254|7257|7261|7262|7264|7265|7270|7272|7274|7275|7277|7279|7280|7281|7282|7284|7286|7291|7296|7297|7300|7304|7307|7316|7318|7320|7323|7328|7330|7331|7333|7334|7337|7339|7341|7343|7344|7349|7353|7354|7356|7357|7364|7367|7368|7370|7371|7372|7374|7377|7378|7383|7386|7387|7389|7390|7393|7394|7395|7396|7401|7405|7407|7409|7411|7412|7415|7416|7418|7421|7423|7425|7429|7431|7432|7433|7435|7436|7439|7441|7443|7444|7445|7447|7450|7451|7452|7456|7457|7463|7465|7469|7470|7472|7474|7475|7476|7477|7478|7482|7485|7487|7489|7491|7493|7495|7496|7497|7498|7499|7505|7506|7507|7511|7512|7514|7518|7521|7522|7523|7526|7529|7532|7533|7534|7539|7542|7545|7547|7552|7555|7556|7558|7560|7561|7562|7565|7567|7568|7570|7574|7576|7578|7579|7580|7583|7584|7586|7594|7595|7596|7597|7606|7607|7608|7609|7610|7615|7616|7619|7621|7622|7627|7628|7629|7632|7633|7634|7635|7638|7639|7640|7642|7643|7644|7647|7649|7650|7651|7655|7656|7657|7659|7661|7663|7666|7670|7674|7676|7681|7683|7684|7685|7687|7688|7691|7692|7700|7701|7702|7704|7705|7706|7707|7709|7710|7711|7712|7714|7715|7716|7721|7723|7725|7727|7728|7729|7730|7733|7734|7740|7741|7744|7745|7746|7747|7748|7749|7751|7754|7755|7756|7758|7760|7762|7766|7769|7770|7778|7779|7781|7783|7787|7790|7802|7803|7805|7807|7810|7811|7814|7815|7816|7818|7819|7821|7822|7827|7832|7835|7839|7841|7843|7844|7845|7846|7847|7848|7850|7851|7852|7854|7855|7856|7860|7861|7865|7871|7873|7875|7876|7883|7886|7887|7893|7894|7896|7897|7898|7899|7900|7901|7902|7904|7906|7907|7918|7922|7924|7928|7931|7933|7935|7937|7941|7942|7943|7945|7949|7950|7951|7953|7954|7955|7957|7962|7964|7965|7967|7968|7969|7970|7971|7972|7980|7985|7986|7987|7989|7990|7991|7994|7995|7997|7998|8000|8001|8002|8003|8005|8007|8008|8009|8010|8012|8014|8016|8019|8021|8022|8024|8025|8027|8029|8031|8033|8038|8039|8044|8047|8048|8051|8058|8060|8062|8063|8064|8065|8067|8073|8074|8080|8081|8082|8085|8087|8088|8091|8094|8095|8100|8107|8108|8109|8111|8112|8113|8114|8115|8117|8118|8119|8122|8126|8129|8131|8132|8134|8139|8140|8143|8145|8147|8148|8152|8154|8155|8156|8157|8159|8161|8163|8164|8166|8167|8168|8169|8170|8173|8175|8177|8180|8182|8183|8185|8186|8187|8188|8189|8191|8195|8196|8201|8203|8204|8205|8208|8211|8212|8213|8216|8219|8220|8222|8223|8224|8225|8226|8228|8229|8231|8232|8233|8234|8235|8236|8237|8238|8242|8247|8248|8249|8253|8256|8258|8262|8265|8266|8268|8270|8272|8276|8278|8279|8281|8288|8289|8293|8294|8296|8299|8301|8302|8307|8313|8320|8322|8326|8327|8329|8330|8331|8332|8334|8339|8340|8341|8345|8348|8349|8350|8351|8352|8353|8354|8356|8359|8361|8364|8366|8370|8371|8372|8374|8375|8377|8378|8380|8381|8387|8388|8390|8391|8392|8393|8394|8399|8402|8405|8406|8407|8409|8410|8411|8412|8413|8415|8418|8419|8422|8424|8428|8429|8430|8431|8433|8434|8438|8439|8440|8444|8450|8454|8455|8456|8457|8458|8460|8464|8465|8466|8473|8474|8476|8477|8479|8480|8481|8482|8486|8487|8488|8493|8499|8500|8502|8503|8505|8506|8510|8515|8517|8518|8520|8522|8523|8526|8531|8533|8534|8535|8538|8543|8544|8546|8549|8551|8553|8554|8556|8558|8563|8565|8566|8568|8569|8570|8574|8576|8577|8580|8582|8583|8584|8587|8588|8589|8591|8593|8594|8595|8596|8599|8600|8601|8602|8605|8607|8610|8612|8613|8615|8616|8617|8620|8621|8622|8624|8626|8628|8631|8636|8637|8639|8642|8643|8645|8647|8648|8649|8650|8653|8656|8664|8666|8667|8668|8671|8673|8674|8676|8679|8680|8687|8690|8692|8694|8697|8698|8699|8700|8702|8703|8704|8707|8709|8712|8716|8717|8721|8722|8726|8729|8730|8735|8736|8740|8744|8749|8750|8753|8755|8756|8757|8760|8763|8764|8767|8771|8772|8773|8776|8778|8779|8780|8782|8783|8786|8787|8790|8791|8793|8794|8795|8796|8797|8798|8799|8800|8806|8807|8808|8809|8812|8813|8814|8816|8818|8819|8820|8821|8823|8825|8826|8828|8829|8831|8832|8833|8838|8839|8840|8841|8843|8847|8849|8850|8852|8854|8856|8859|8861|8864|8865|8868|8874|8876|8877|8881|8883|8884|8886|8887|8888|8892|8900|8902|8905|8907|8908|8911|8913|8920|8921|8923|8924|8927|8930|8931|8932|8933|8935|8936|8937|8939|8942|8943|8947|8948|8949|8950|8951|8953|8954|8955|8956|8957|8959|8967|8968|8970|8971|8972|8975|8976|8978|8985|8989|8991|8992|8994|8996|8998|9000|9003|9004|9008|9009|9011|9013|9014|9015|9019|9021|9024|9035|9036|9038|9039|9043|9046|9049|9050|9051|9054|9055|9056|9057|9058|9059|9061|9063|9066|9068|9070|9073|9077|9080|9083|9084|9086|9087|9088|9089|9091|9092|9093|9096|9098|9102|9103|9105|9108|9109|9111|9113|9116|9118|9120|9121|9122|9123|9125|9126|9127|9130|9134|9136|9137|9139|9143|9145|9146|9149|9152|9156|9157|9158|9160|9161|9162|9164|9165|9172|9175|9176|9177|9178|9179|9181|9182|9183|9186|9188|9189|9193|9194|9197|9200|9201|9202|9203|9204|9207|9209|9210|9211|9213|9215|9218|9219|9225|9226|9227|9228|9230|9231|9234|9237|9239|9244|9246|9247|9248|9249|9254|9255|9256|9258|9260|9261|9268|9270|9272|9274|9275|9282|9283|9285|9289|9291|9292|9294|9299|9300|9303|9307|9309|9310|9311|9312|9313|9315|9316|9320|9324|9325|9329|9331|9334|9335|9338|9340|9343|9346|9348|9355|9356|9358|9360|9362|9364|9366|9368|9369|9370|9371|9372|9376|9377|9379|9383|9385|9387|9388|9389|9390|9391|9393|9395|9400|9401|9403|9405|9406|9407|9412|9413|9414|9415|9423|9424|9425|9426|9428|9433|9435|9436|9437|9438|9440|9441|9442|9443|9447|9449|9451|9455|9456|9457|9458|9460|9461|9462|9464|9470|9473|9474|9476|9480|9483|9484|9487|9490|9491|9492|9493|9494|9495|9496|9502|9506|9508|9509|9511|9514|9516|9518|9521|9524|9526|9527|9528|9532|9533|9535|9537|9538|9539|9540|9541|9547|9548|9549|9555|9556|9558|9559|9567|9570|9573|9575|9579|9585|9586|9588|9589|9590|9593|9597|9600|9601|9603|9605|9607|9610|9613|9614|9619|9625|9626|9629|9630|9632|9634|9635|9637|9638|9640|9642|9643|9645|9646|9648|9652|9656|9657|9663|9666|9674|9675|9677|9678|9681|9685|9687|9688|9692|9693|9697|9699|9702|9705|9713|9717|9720|9721|9722|9723|9724|9726|9728|9729|9737|9739|9743|9746|9748|9749|9750|9751|9752|9755|9756|9762|9763|9766|9767|9768|9770|9771|9775|9777|9781|9783|9785|9787|9788|9789|9791|9792|9795|9796|9797|9798|9802|9804|9805|9808|9810|9812|9814|9816|9818|9819|9820|9821|9827|9829|9831|9832|9835|9836|9837|9841|9842|9843|9846|9847|9848|9849|9850|9853|9862|9863|9864|9866|9868|9873|9880|9881|9888|9889|9893|9894|9898|9900|9901|9902|9904|9906|9907|9909|9911|9912|9913|9916|9920|9921|9922|9925|9928|9930|9934|9936|9937|9940|9942|9943|9945|9946|9947|9950|9952|9953|9954|9957|9959|9961|9962|9963|9964|9966|9967|9968|9971|9975|9978|9979|9980|9986|9987|9995|9997|10002|10006|10010|10011|10012|10014|10016|10017|10018|10019|10020|10021|10025|10026|10028|10029|10030|10031|10032|10036|10037|10042|10043|10044|10049|10050|10051|10052|10053|10054|10055|10056|10057|10058|10059|10060|10064|10065|10067|10069|10071|10072|10075|10076|10077|10079|10081|10085|10093|10094|10095|10100|10101|10103|10109|10114|10115|10116|10118|10120|10121|10123|10125|10126|10130|10131|10132|10135|10136|10139|10142|10144|10146|10149|10152|10154|10157|10159|10160|10163|10166|10167|10168|10170|10172|10175|10176|10178|10179|10180|10183|10184|10187|10188|10190|10191|10198|10200|10202|10203|10211|10212|10215|10217|10218|10223|10227|10229|10231|10232|10233|10236|10237|10239|10241|10243|10246|10250|10251|10252|10258|10259|10261|10263|10264|10265|10268|10270|10272|10273|10275|10282|10284|10285|10290|10291|10294|10298|10299|10301|10302|10306|10311|10312|10315|10320|10324|10327|10329|10334|10337|10338|10348|10350|10352|10353|10354|10357|10361|10362|10364|10365|10368|10376|10384|10388|10390|10391|10396|10399|10401|10405|10406|10409|10410|10413|10414|10416|10419|10420|10422|10427|10428|10431|10432|10434|10437|10438|10439|10441|10446|10448|10449|10450|10451|10452|10455|10456|10459|10460|10461|10462|10464|10467|10468|10470|10471|10473|10474|10475|10478|10483|10484|10485|10487|10490|10493|10495|10501|10502|10504|10507|10508|10511|10519|10523|10525|10527|10529|10532|10535|10536|10538|10541|10545|10549|10552|10553|10557|10558|10560|10561|10563|10568|10570|10571|10574|10576|10578|10580|10581|10586|10587|10589|10592|10594|10598|10599|10601|10602|10604|10605|10606|10607|10609|10610|10612|10613|10614|10616|10617|10618|10624|10625|10626|10627|10630|10631|10632|10635|10638|10642|10643|10645|10646|10653|10655|10656|10657|10659|10660|10661|10662|10665|10671|10674|10676|10677|10678|10679|10680|10682|10683|10684|10687|10690|10691|10695|10696|10699|10702|10706|10708|10710|10711|10716|10725|10726|10727|10730|10731|10738|10741|10747|10749|10752|10755|10758|10760|10762|10765|10767|10770|10773|10774|10777|10779|10781|10782|10783|10789|10791|10792|10793|10794|10795|10796|10799|10800|10802|10804|10807|10810|10811|10813|10815|10818|10819|10822|10824|10826|10828|10833|10835|10840|10841|10843|10846|10849|10852|10857|10858|10865|10866|10870|10871|10872|10873|10874|10876|10880|10886|10888|10895|10899|10900|10903|10905|10907|10908|10912|10916|10921|10923|10925|10926|10928|10930|10932|10935|10937|10939|10940|10941|10944|10947|10948|10951|10955|10957|10958|10959|10960|10961|10964|10966|10967|10968|10969|10971|10973,20.473544973544975,True
instance_0015.txt,aisle_first_desc,345,3,292,5532|1573|5169|5594|5838|3317|3647|41|1164|1269|1296|1885|2788|2926|4237|4515|5463|5623|5918|5945|6124|6173|6558|7354|14|16|39|80|104|135|168|198|228|250|270|299|310|316|338|360|362|386|410|416|421|502|535|584|595|616|618|620|703|717|719|723|741|749|773|799|883|895|896|897|918|983|992|997|1020|1022|1032|1043|1070|1082|1086|1094|1096|1112|1167|1197|1198|1204|1211|1239|1255|1282|1315|1390|1393|1422|1429|1439|1483|1503|1597|1633|1648|1677|1682|1690|1699|1720|1729|1745|1803|1807|1822|1849|1852|1856|1923|1938|1986|2029|2076|2093|2131|2170|2171|2180|2184|2201|2222|2245|2271|2285|2324|2388|2396|2416|2421|2438|2446|2474|2484|2494|2519|2554|2599|2611|2648|2681|2707|2736|2759|2767|2780|2820|2853|2866|2871|2897|2912|2970|3003|3017|3034|3067|3101|3189|3201|3267|3308|3326|3332|3373|3375|3410|3440|3450|3452|3488|3495|3501|3562|3594|3603|3615|3632|3650|3658|3675|3684|3713|3776|3791|3794|3814|3818|3821|3836|3852|3869|3935|3960|3961|3962|3970|3978|4004|4094|4131|4231|4321|4336|4338|4349|4359|4365|4374|4403|4415|4421|4435|4457|4458|4467|4472|4492|4554|4564|4569|4572|4627|4636|4649|4657|4665|4673|4717|4722|4742|4749|4776|4801|4817|4864|4869|4889|4901|4912|4969|4978|4998|5001|5008|5017|5027|5056|5069|5089|5147|5155|5177|5180|5207|5215|5249|5265|5272|5290|5303|5310|5340|5349|5442|5451|5460|5479|5520|5540|5548|5565|5606|5625|5682|5748|5801|5810|5857|5863|5867|5890|5896|5897|5904|5953|5982|5997|6009|6023|6038|6049|6074|6101|6142|6182|6212|6257|6262|6358|6390|6431|6434|6456|6461|6462|6489|6511|6530|6538|6540|6612|6650|6673|6706|6725|6739|6782|6801|6820|6875|6907|6962|6967|7004|7013|7062|7078|7121|7138|7141|7147|7178|7188|7207|7212|7248|7288|7289|7316|7327|7330|7350|7356,10|190|262,31|61|63|69|110|111|124|131|151|168|191|203|206|226|248|259|301|406|422|424|437|454|465|473|478|480|524|526|529|532|597|610|612|616|637|656|661|665|677|714|739|740|777|778|797|826|827|831|834|843|870|890|894|895|945|966|979|985|995|1021|1074|1085|1120|1136|1162|1164|1190|1292|1323|1329|1338|1346|1354|1403|1454|1458|1481|1500|1520|1521|1532|1591|1701|1746|1757|1759|1777|1810|1835|1850|1855|1873|1889|1917|1926|1931|1962|1984|2023|2028|2029|2043|2060|2101|2144|2169|2199|2205|2207|2253|2273|2276|2279|2352|2362|2372|2386|2410|2411|2419|2426|2510|2512|2520|2528|2529|2584|2594|2618|2680|2687|2737|2755|2758|2822|2843|2848|2922|2923|2942|2947|2965|2991|3007|3038|3049|3081|3101|3106|3161|3163|3166|3188|3211|3227|3246|3295|3349|3353|3363|3402|3458|3464|3486|3495|3500|3578|3599|3623|3650|3651|3653|3665|3679|3696|3699|3704|3712|3718|3744|3757|3764|3766|3767|3794|3806|3810|3828|3888|3902|3947|3954|3972|3976|3991|4011|4035|4094|4120|4122|4147|4216|4283|4287|4326|4361|4368|4402|4418|4428|4473|4477|4495|4496|4619|4622|4667|4689|4723|4727|4747|4757|4800|4848|4951|4959|5000|5037|5050|5093|5097|5102|5129|5164|5189|5281|5305|5317|5339|5356|5373|5466|5479|5516|5525|5527|5566|5576|5577|5578|5585|5596|5641|5653|5685|5770|5794|5806|5824|5844|5847|5956|5961|5966|6015|6035|6057|6058|6085|6100|6143|6158|6205|6213|6325|6342|6345|6347|6364|6380|6411|6412|6418|6444|6462|6495|6509|6552|6571|6573|6616|6632,129.66666666666666,True
instance_0015.txt,knapsack,1982,338,1893,5353|6920|6116|6166|4962|5855|1705|1491|2574|4782|4974|5153|6551|295|4067|5532|6642|757|3545|3779|3810|4351|1402|1573|2963|3585|3723|4942|5216|498|529|1359|1464|2048|2128|2192|2836|3116|3385|3417|3925|4047|4088|4259|4301|4779|4956|4964|6729|6818|6916|7041|6|357|401|555|793|1477|1490|1615|1786|2686|3249|3439|3822|3973|4026|4155|4376|4480|4586|4675|4921|5140|5278|5341|5505|5726|5759|5782|5991|6187|6482|6655|6748|6957|6980|7005|7047|7056|152|259|390|449|704|888|960|969|976|1040|1233|1606|1672|1675|1973|2185|2476|2664|2708|2934|3013|3089|3093|3338|3591|3624|3642|3766|3825|3870|3873|4177|4275|4493|4686|4704|4735|4804|4809|5106|5136|5169|5238|5327|5348|5351|5594|5838|5923|5939|6063|6112|6320|6381|6627|6657|6705|6898|6917|6951|6992|7240|96|116|156|183|302|346|369|445|570|574|587|633|725|802|949|1008|1136|1143|1223|1227|1251|1301|1363|1441|1497|1536|1605|1702|1727|1755|1836|1911|1957|1958|1961|1962|1994|2051|2078|2109|2138|2145|2176|2200|2223|2277|2302|2334|2337|2473|2516|2535|2582|2618|2752|2779|2861|2937|2954|3070|3073|3177|3192|3244|3268|3317|3360|3380|3389|3597|3647|3670|3883|3945|4007|4035|4056|4079|4137|4141|4181|4202|4252|4297|4489|4591|4615|4648|4653|4903|5145|5152|5202|5208|5299|5367|5414|5459|5492|5500|5519|5615|5642|5703|5870|5965|6017|6051|6060|6129|6204|6205|6224|6255|6267|6299|6308|6467|6481|6578|6587|6598|6640|6646|6651|6776|6888|7100|7176|7262|23|28|41|63|90|120|151|154|231|238|251|256|284|327|341|354|361|366|375|376|388|409|415|425|435|460|537|539|562|593|599|635|651|660|661|673|694|709|716|762|776|782|847|869|885|906|920|923|938|955|1002|1066|1080|1083|1120|1151|1158|1164|1180|1184|1190|1195|1210|1213|1232|1240|1253|1269|1296|1300|1304|1329|1333|1344|1346|1353|1377|1409|1413|1444|1461|1475|1479|1513|1548|1564|1565|1582|1596|1611|1625|1641|1656|1670|1683|1687|1731|1738|1739|1762|1769|1776|1777|1780|1795|1801|1832|1853|1858|1880|1885|1890|1899|1907|1909|1929|1936|1939|1968|1975|1991|1995|2011|2028|2031|2074|2112|2121|2122|2125|2126|2147|2149|2159|2167|2177|2212|2214|2220|2221|2247|2248|2251|2257|2259|2264|2266|2269|2270|2301|2329|2335|2342|2345|2348|2356|2375|2402|2408|2410|2411|2447|2507|2544|2551|2578|2620|2638|2657|2661|2671|2672|2675|2694|2704|2711|2712|2713|2716|2738|2746|2770|2776|2788|2790|2804|2826|2834|2869|2874|2879|2882|2909|2914|2926|2938|2939|2956|2967|3007|3014|3030|3032|3033|3042|3047|3083|3092|3114|3125|3129|3137|3148|3157|3168|3198|3204|3213|3232|3243|3252|3253|3255|3262|3275|3285|3306|3310|3330|3335|3353|3357|3378|3397|3409|3411|3428|3429|3435|3436|3460|3476|3539|3543|3552|3566|3593|3596|3612|3638|3639|3641|3652|3660|3701|3704|3720|3735|3749|3757|3773|3780|3781|3788|3798|3815|3826|3851|3855|3857|3858|3860|3861|3872|3877|3890|3891|3909|3923|3956|3959|3965|3968|3982|3987|3989|3990|4005|4010|4034|4072|4075|4080|4100|4111|4118|4132|4145|4148|4157|4164|4165|4172|4174|4178|4188|4199|4237|4270|4281|4298|4341|4344|4377|4383|4388|4400|4404|4406|4416|4419|4424|4432|4459|4461|4475|4477|4515|4528|4561|4594|4603|4605|4616|4626|4628|4644|4645|4660|4661|4680|4693|4705|4715|4726|4731|4738|4755|4770|4807|4811|4829|4835|4851|4855|4856|4875|4882|4907|4920|4979|4992|5000|5064|5079|5087|5105|5107|5131|5217|5221|5236|5298|5307|5312|5326|5334|5346|5350|5357|5361|5379|5395|5407|5411|5420|5429|5445|5463|5483|5498|5533|5545|5556|5561|5578|5593|5601|5623|5635|5644|5648|5695|5704|5711|5715|5739|5743|5754|5756|5764|5765|5788|5798|5805|5811|5827|5843|5845|5849|5892|5902|5907|5913|5916|5918|5945|5964|5968|5999|6007|6012|6066|6080|6121|6124|6128|6134|6164|6173|6180|6194|6206|6208|6214|6233|6241|6242|6243|6263|6264|6265|6266|6286|6294|6322|6333|6338|6339|6365|6369|6376|6383|6400|6408|6437|6450|6464|6494|6515|6519|6558|6559|6560|6567|6585|6589|6590|6593|6603|6624|6625|6636|6639|6645|6658|6664|6677|6689|6714|6761|6792|6797|6823|6852|6859|6895|6896|6905|6913|6934|6938|6972|6987|7007|7009|7016|7017|7107|7123|7126|7133|7163|7175|7191|7194|7198|7199|7206|7223|7235|7259|7270|7272|7278|7300|7329|7352|7354|7360|0|1|2|3|4|5|7|8|9|10|11|12|13|14|15|16|17|18|19|20|21|22|24|25|26|27|29|30|31|32|33|34|35|36|37|38|39|40|42|43|44|45|46|47|48|49|50|51|52|53|54|55|56|57|58|59|60|61|62|64|65|66|67|68|69|70|71|72|73|75|76|77|78|79|80|81|82|83|84|85|86|87|88|89|91|92|93|94|95|97|98|99|100|101|102|103|104|105|106|107|108|109|110|111|112|113|114|115|117|118|119|121|122|123|124|125|126|127|128|129|130|131|132|133|134|135|136|137|138|139|140|141|142|143|144|145|146|147|148|149|150|153|155|157|158|159|160|161|162|163|164|165|166|167|168|169|170|171|172|173|174|175|176|177|178|179|180|181|182|184|185|186|187|188|189|190|191|192|193|194|195|196|197|198|199|200|201|202|203|204|205|206|207|208|209|210|211|212|213|214|215|216|217|218|219|220|221|222|223|224|225|226|227|228|229|230|232|233|234|235|236|237|239|240|241|242|243|244|245|246|247|248|249|250|252|253|254|255|257|258|260|261|262|263|264|265|266|267|268|269|270|271|272|273|274|275|276|277|278|279|280|281|282|283|285|286|287|288|289|290|291|292|293|294|296|297|298|299|300|301|303|304|305|306|307|308|309|310|311|312|313|314|315|316|317|318|319|320|322|323|324|325|326|328|329|331|332|333|334|335|337|338|339|340|342|343|344|345|347|348|349|350|351|352|353|355|356|358|359|360|362|363|364|365|367|368|370|371|372|373|374|377|378|379|380|381|382|383|384|385|386|387|389|391|392|393|394|395|396|397|398|399|400|402|403|404|405|406|407|408|410|411|412|413|414|416|417|418|419|420|421|422|423|424|426|427|428|429|430|431|432|433|434|436|437|438|439|440|441|442|443|444|446|447|448|450|451|452|453|454|455|456|457|458|459|461|462|463|464|465|466|467|468|469|470|471|472|473|474|475|476|477|478|479|480|481|482|483|484|485|486|487|488|489|490|491|492|493|494|495|496|497|499|500|501|502|503|504|505|506|507|508|509|510|511|512|513|514|515|516|517|518|519|520|521|522|523|524|525|526|527|528|530|531|532|533|534|535|536|538|540|541|542|543|544|545|546|547|548|549|550|551|552|553|554|556|557|558|559|560|561|563|564|565|566|567|568|569|571|572|573|575|576|577|578|579|580|581|582|583|584|585|586|588|589|590|591|592|594|595|596|597|598|600|601|602|603|604|605|606|607|608|609|610|611|612|613|614|615|616|617|618|619|620|621|622|623|624|625|626|627|628|629|630|631|632|634|636|637|638|639|640|641|642|643|644|645|646|647|648|649|650|652|653|654|655|656|657|658|659|662|663|664|665|666|667|668|669|670|671|672|674|675|676|677|678|679|680|681|682|683|684|685|686|687|688|689|690|691|692|693|695|696|697|698|699|700|701|702|703|705|706|707|708|710|711|712|713|714|715|717|718|719|720|722|723|724|726|727|728|729|730|731|732|733|734|735|736|737|738|739|740|741|742|743|744|745|746|747|748|749|750|751|752|753|754|755|756|758|759|760|761|763|764|765|766|767|768|769|770|771|772|773|774|775|777|778|779|780|781|783|784|785|786|787|788|789|790|791|792|794|795|796|797|798|799|800|801|803|804|805|806|807|808|809|810|811|812|813|814|815|816|817|818|819|820|821|822|823|824|825|826|827|828|829|830|831|832|833|834|835|836|837|838|839|840|841|842|843|844|845|846|848|849|850|851|852|853|854|855|856|857|858|859|860|861|862|863|864|865|866|867|868|870|871|873|874|876|877|878|879|880|881|882|883|884|886|887|889|890|892|893|894|895|896|897|898|899|900|901|902|903|904|905|907|908|909|910|911|912|913|914|915|916|917|918|919|921|922|924|925|926|927|928|929|930|931|932|933|934|935|936|937|939|940|941|942|943|944|945|946|947|948|950|951|952|953|954|956|957|958|959|961|962|963|964|965|966|967|968|970|971|972|973|974|975|977|978|979|980|981|982|983|984|985|986|987|988|989|990|991|992|993|994|995|996|997|998|999|1000|1001|1003|1004|1005|1006|1007|1009|1010|1011|1012|1013|1014|1015|1016|1017|1018|1019|1020|1021|1022|1023|1024|1025|1026|1027|1028|1029|1030|1031|1032|1033|1034|1035|1036|1037|1038|1039|1041|1042|1043|1044|1045|1046|1047|1048|1049|1050|1051|1052|1053|1054|1055|1056|1057|1058|1059|1060|1061|1062|1063|1064|1065|1067|1068|1069|1070|1071|1072|1073|1074|1075|1076|1077|1078|1079|1081|1082|1084|1085|1086|1087|1088|1089|1090|1091|1092|1093|1094|1095|1096|1097|1098|1099|1100|1101|1102|1103|1104|1105|1106|1107|1108|1109|1110|1111|1112|1113|1114|1115|1116|1117|1118|1119|1121|1122|1123|1124|1125|1126|1127|1128|1129|1130|1131|1132|1133|1134|1135|1137|1138|1139|1140|1141|1142|1144|1145|1146|1147|1148|1149|1150|1152|1153|1154|1155|1156|1157|1159|1160|1161|1162|1163|1165|1166|1167|1168|1169|1170|1171|1172|1173|1174|1175|1176|1177|1178|1179|1181|1182|1183|1185|1186|1187|1188|1189|1191|1192|1193|1194|1196|1197|1198|1199|1200|1201|1202|1203|1204|1205|1206|1207|1208|1209|1211|1212|1214|1215|1216|1217|1218|1219|1220|1221|1222|1224|1225|1226|1228|1229|1230|1234|1235|1236|1237|1238|1239|1241|1242|1243|1244|1245|1246|1247|1248|1249|1250|1252|1254|1255|1256|1257|1258|1259|1260|1261|1262|1263|1264|1265|1266|1267|1268|1270|1271|1272|1273|1274|1275|1276|1277|1278|1279|1280|1281|1282|1283|1284|1285|1286|1287,10|333|27|83|191|303|263|265|49|353|357|32|69|302|75|103|141|249|361|121|220|178|310|356|20|342|377|82|116|177|238|18|245|154|378|166|33|38|111|270|293|126|380|30|125|218|325|1|283|382|2|305|34|62|153|168|192|240|278|387|55|217|219|350|368|120|130|165|193|236|284|327|364|386|128|132|145|334|13|247|279|290|295|339|87|90|129|363|41|97|104|171|194|241|281|312|355|359|51|144|198|201|214|255|286|316|11|29|96|151|308|326|360|379|392|59|68|80|86|92|107|221|246|251|370|89|98|136|143|161|188|209|237|277|296|313|317|318|323|362|3|14|25|71|78|108|115|138|152|167|212|267|269|311|329|332|338|395|5|26|54|67|81|124|149|159|162|207|233|292|309|330|337|347|366|367|393|7|19|44|45|102|106|110|122|182|197|215|239|261|262|268|288|315|340|388|401|4|35|43|46|50|58|84|85|95|100|134|135|176|190|205|206|208|226|272|274|280|282|335|336|376|383|390|9|22|31|56|57|64|72|101|105|142|146|147|148|155|157|169|183|186|195|196|200|216|222|231|257|271|273|276|287|297|301|324|344|371|6|8|17|28|39|52|74|91|99|109|117|118|139|160|164|173|181|210|213|234|243|250|259|260|314|319|320|328|331|358|372|384|389|391|394|396|0|12|16|24|53|61|63|66|73|76|79|94|127|140|150|158|163|170|174|185|189|199|202|211|223|229|230|232|242|244|253|258|264|285|289|291|306|307|341|348|349|369|381|385,3|5|6|12|13|14|22|27|30|40|50|52|59|61|62|64|66|67|79|81|84|85|87|90|91|93|100|103|104|105|111|114|117|118|121|123|124|127|128|130|132|134|136|137|140|145|147|158|160|162|164|168|169|172|173|174|176|182|189|199|203|204|206|208|212|216|217|218|221|225|229|231|237|240|241|248|252|258|259|261|264|266|270|275|276|279|282|285|290|292|293|295|297|305|306|312|313|319|321|327|331|333|336|339|340|344|346|353|354|359|362|370|372|374|375|381|382|385|388|393|401|410|416|419|422|425|428|438|448|452|456|461|463|464|466|467|471|472|474|475|477|479|481|487|488|490|497|500|511|512|513|514|518|531|533|535|542|555|556|559|560|565|567|571|572|573|577|579|581|583|585|588|591|599|607|608|615|617|618|625|631|633|638|647|651|658|667|676|678|682|686|687|689|693|697|701|703|705|706|708|709|711|712|716|722|723|739|750|751|754|757|759|767|770|771|772|773|774|778|779|780|785|787|792|798|799|802|803|804|810|811|813|820|823|825|831|834|835|840|843|846|857|858|859|860|865|867|868|874|877|880|882|883|884|885|894|901|911|912|915|926|929|930|931|934|935|937|938|939|941|944|947|949|955|959|976|977|978|979|986|993|1004|1009|1010|1012|1014|1016|1018|1019|1027|1028|1029|1030|1032|1036|1041|1042|1046|1049|1058|1059|1063|1070|1072|1078|1080|1083|1087|1088|1092|1094|1099|1101|1104|1112|1114|1119|1122|1123|1126|1128|1130|1137|1145|1147|1149|1150|1154|1161|1162|1164|1166|1172|1173|1174|1175|1178|1180|1186|1188|1189|1193|1208|1213|1219|1225|1237|1238|1239|1248|1249|1251|1253|1254|1256|1257|1261|1270|1273|1276|1290|1293|1295|1296|1307|1312|1316|1323|1325|1326|1327|1328|1334|1340|1347|1353|1362|1365|1369|1370|1372|1374|1378|1383|1389|1391|1394|1395|1398|1401|1403|1405|1407|1411|1413|1416|1418|1419|1420|1425|1429|1434|1436|1439|1441|1445|1454|1456|1458|1459|1462|1467|1473|1476|1479|1485|1498|1501|1502|1509|1520|1522|1529|1530|1531|1534|1536|1538|1544|1545|1546|1549|1552|1559|1560|1575|1581|1586|1594|1595|1598|1600|1601|1603|1606|1615|1620|1623|1624|1629|1634|1637|1639|1644|1647|1651|1652|1654|1655|1660|1661|1662|1663|1664|1665|1666|1667|1669|1673|1678|1679|1684|1685|1686|1687|1691|1693|1698|1700|1704|1707|1708|1710|1712|1714|1716|1719|1723|1724|1728|1733|1737|1748|1753|1754|1755|1756|1758|1759|1761|1773|1774|1775|1781|1788|1789|1794|1795|1796|1799|1803|1809|1810|1811|1814|1817|1819|1824|1827|1828|1829|1831|1833|1837|1845|1847|1850|1857|1859|1860|1865|1868|1878|1879|1880|1887|1890|1893|1895|1899|1900|1901|1905|1912|1913|1916|1919|1929|1933|1935|1940|1942|1943|1945|1946|1947|1952|1960|1961|1965|1967|1968|1969|1970|1971|1972|1979|1983|1986|1987|1989|1992|1996|1997|1999|2008|2011|2012|2013|2017|2022|2024|2030|2032|2034|2035|2037|2038|2040|2045|2048|2059|2061|2076|2079|2083|2084|2090|2095|2097|2099|2105|2107|2111|2112|2116|2117|2118|2119|2121|2123|2125|2132|2150|2151|2152|2155|2156|2157|2160|2163|2165|2174|2192|2195|2196|2197|2198|2204|2210|2212|2215|2221|2223|2224|2226|2231|2235|2238|2246|2251|2252|2254|2255|2259|2261|2262|2264|2265|2267|2271|2272|2280|2283|2285|2287|2288|2297|2301|2304|2306|2312|2314|2316|2321|2326|2328|2329|2331|2335|2340|2341|2346|2348|2359|2360|2371|2373|2376|2379|2381|2395|2398|2399|2405|2406|2407|2416|2418|2420|2422|2427|2429|2430|2431|2432|2437|2440|2450|2455|2462|2464|2467|2471|2475|2479|2480|2482|2486|2493|2500|2504|2505|2512|2514|2515|2518|2519|2528|2533|2535|2536|2537|2547|2554|2555|2556|2566|2571|2575|2576|2577|2579|2581|2586|2591|2598|2599|2600|2602|2606|2607|2610|2614|2617|2621|2622|2623|2624|2626|2631|2632|2634|2636|2639|2642|2647|2652|2653|2655|2656|2657|2667|2668|2670|2671|2674|2675|2679|2680|2681|2688|2692|2693|2694|2696|2698|2699|2703|2705|2710|2719|2722|2725|2726|2728|2729|2735|2737|2738|2742|2743|2744|2749|2750|2759|2765|2766|2771|2772|2783|2790|2792|2794|2800|2801|2806|2810|2811|2812|2815|2825|2826|2830|2831|2835|2842|2843|2844|2848|2852|2859|2860|2868|2869|2875|2877|2878|2879|2880|2886|2887|2889|2892|2893|2894|2897|2898|2900|2901|2905|2906|2907|2910|2915|2919|2921|2924|2926|2950|2953|2961|2962|2964|2965|2967|2968|2969|2972|2973|2974|2976|2981|2982|2983|2985|2991|2997|3006|3008|3009|3017|3022|3031|3034|3036|3038|3039|3044|3046|3048|3055|3056|3059|3064|3065|3067|3068|3069|3071|3073|3076|3085|3089|3091|3092|3100|3106|3108|3109|3114|3117|3118|3119|3122|3127|3137|3138|3142|3143|3147|3150|3154|3156|3157|3159|3161|3163|3167|3172|3174|3175|3178|3181|3182|3183|3185|3188|3192|3195|3198|3201|3206|3208|3223|3224|3225|3227|3236|3239|3240|3241|3243|3245|3246|3247|3249|3254|3265|3266|3271|3274|3284|3285|3300|3302|3303|3306|3311|3312|3316|3317|3319|3320|3324|3326|3328|3333|3335|3337|3339|3342|3344|3345|3352|3353|3354|3357|3360|3366|3368|3372|3373|3374|3376|3380|3381|3385|3386|3388|3394|3407|3413|3416|3422|3427|3431|3433|3434|3437|3444|3450|3452|3456|3465|3469|3470|3471|3474|3475|3477|3479|3481|3488|3489|3491|3502|3505|3509|3514|3515|3517|3518|3519|3520|3521|3522|3525|3529|3531|3535|3540|3541|3545|3551|3557|3559|3561|3562|3564|3568|3569|3570|3575|3580|3583|3584|3585|3587|3588|3594|3601|3603|3605|3607|3611|3619|3625|3634|3636|3640|3641|3645|3650|3652|3656|3657|3659|3662|3664|3666|3672|3677|3680|3681|3683|3694|3696|3698|3699|3703|3706|3707|3708|3710|3714|3715|3716|3717|3721|3723|3727|3729|3734|3740|3741|3743|3745|3747|3749|3750|3758|3764|3776|3788|3789|3790|3792|3803|3804|3805|3809|3815|3818|3821|3823|3828|3830|3836|3838|3842|3846|3847|3848|3850|3851|3852|3855|3865|3867|3868|3869|3870|3871|3873|3877|3878|3879|3880|3885|3891|3893|3910|3912|3917|3920|3922|3927|3939|3940|3941|3942|3951|3953|3955|3960|3966|3968|3972|3976|3977|3979|3985|3989|3997|4000|4007|4008|4014|4020|4021|4024|4026|4032|4033|4035|4037|4039|4040|4041|4042|4046|4051|4052|4055|4063|4064|4069|4072|4073|4074|4075|4078|4086|4087|4089|4092|4094|4102|4110|4112|4114|4116|4117|4120|4124|4126|4130|4134|4137|4142|4152|4155|4164|4165|4168|4171|4174|4180|4186|4191|4194|4202|4206|4211|4213|4219|4222|4227|4236|4239|4251|4261|4267|4269|4272|4278|4279|4285|4287|4289|4290|4299|4302|4305|4308|4320|4322|4324|4325|4332|4333|4334|4335|4341|4343|4358|4361|4365|4366|4368|4369|4370|4374|4377|4388|4389|4394|4397|4398|4399|4402|4405|4407|4408|4410|4413|4425|4434|4440|4446|4456|4466|4467|4469|4470|4471|4475|4478|4488|4489|4492|4494|4506|4509|4510|4512|4527|4528|4535|4542|4543|4546|4550|4562|4563|4573|4577|4578|4583|4588|4590|4591|4592|4595|4600|4602|4615|4616|4620|4622|4623|4624|4626|4631|4637|4638|4646|4648|4649|4652|4656|4672|4677|4678|4679|4690|4693|4697|4698|4699|4704|4707|4708|4709|4712|4713|4715|4722|4725|4727|4729|4732|4733|4739|4741|4750|4753|4756|4761|4764|4770|4771|4775|4778|4779|4781|4783|4788|4789|4790|4796|4798|4800|4804|4814|4821|4838|4839|4841|4843|4846|4847|4850|4851|4857|4859|4865|4866|4867|4873|4879|4881|4891|4896|4905|4915|4920|4921|4922|4923|4924|4927|4931|4932|4934|4935|4945|4946|4955|4956|4962|4964|4969|4973|4974|4975|4977|4980|4985|4990|4998|5003|5008|5010|5016|5021|5022|5034|5038|5040|5044|5045|5051|5061|5065|5067|5069|5070|5071|5075|5077|5082|5084|5090|5101|5105|5112|5113|5114|5121|5123|5125|5138|5139|5140|5141|5144|5145|5146|5147|5155|5159|5161|5163|5164|5167|5169|5170|5175|5182|5183|5193|5196|5204|5205|5206|5211|5212|5213|5217|5222|5223|5225|5227|5229|5237|5239|5242|5244|5247|5248|5254|5255|5257|5261|5265|5268|5273|5274|5276|5280|5285|5286|5288|5290|5294|5299|5300|5302|5306|5309|5312|5317|5318|5319|5320|5323|5333|5334|5336|5338|5346|5348|5349|5354|5362|5372|5376|5379|5382|5383|5386|5390|5392|5393|5399|5406|5407|5408|5410|5414|5416|5417|5418|5419|5422|5432|5433|5434|5435|5437|5439|5448|5454|5455|5457|5460|5461|5467|5471|5472|5482|5487|5489|5490|5491|5494|5497|5504|5506|5508|5510|5512|5515|5518|5522|5525|5527|5529|5537|5538|5543|5544|5549|5556|5558|5562|5563|5564|5571|5572|5578|5582|5587|5597|5600|5602|5605|5606|5607|5608|5613|5618|5621|5630|5636|5638|5639|5640|5643|5644|5652|5656|5657|5659|5664|5666|5668|5671|5684|5687|5690|5696|5698|5700|5702|5703|5707|5708|5709|5715|5716|5717|5721|5723|5732|5737|5738|5740|5741|5742|5747|5750|5751|5753|5758|5759|5761|5762|5763|5774|5777|5778|5781|5783|5787|5789|5790|5794|5797|5804|5809|5810|5813|5818|5821|5822|5823|5824|5825|5826|5828|5832|5836|5841|5848|5849|5858|5861|5863|5865|5870|5877|5880|5882|5885|5890|5900|5901|5912|5917|5920|5921|5924|5928|5937|5939|5940|5941|5943|5944|5950|5952|5953|5960|5961|5963|5964|5970|5975|5976|5978|5979|5980|5987|5989|5993|5995|5996|5997|5998|6003|6005|6015|6020|6023|6024|6025|6031|6033|6043|6044|6049|6053|6054|6057|6058|6064|6074|6075|6076|6077|6078|6085|6087|6088|6094|6095|6100|6104|6114|6117|6119|6123|6124|6130|6136|6138|6139|6140|6145|6147|6148|6155|6164|6168|6177|6180|6184|6185|6188|6189|6194|6202|6205|6206|6207|6213|6218|6219|6224|6225|6227|6228|6229|6233|6242|6243|6245|6247|6248|6253|6254|6258|6260|6265|6269|6272|6284|6285|6286|6287|6291|6292|6294|6298|6302|6303|6311|6318|6320|6322|6323|6327|6331|6337|6339|6340|6343|6344|6345|6359|6363|6367|6371|6372|6374|6377|6381|6383|6385|6387|6396|6397|6402|6406|6412|6414|6417|6432|6434|6440|6442|6443|6445|6447|6461|6462|6468|6471|6475|6483|6489|6490|6494|6495|6496|6497|6498|6500|6502|6505|6509|6515|6516|6517|6521|6528|6529|6536|6537|6544|6547|6552|6553|6555|6559|6560|6571|6574|6582|6584|6587|6591|6593|6594|6600|6601|6608|6626|6627|6632,10.316568047337277,True
instance_0015.txt,knapsack_density,0,0,0,,,,0.0,False
instance_0015.txt,knapsack_seed,2997,338,2785,90|100|101|110|111|113|125|161|171|178|187|193|200|272|431|434|472|521|529|541|548|565|589|636|658|786|791|792|795|922|996|1036|1078|1105|1109|1183|1251|1295|1304|1310|1326|1344|1352|1453|1477|1496|1546|1566|1569|1651|1673|1702|1753|1756|1760|1827|1851|1863|1876|1925|1941|1976|1982|1993|2086|2107|2149|2151|2165|2185|2218|2236|2251|2293|2334|2480|2499|2546|2566|2582|2716|2783|2805|2844|2890|2909|2963|2965|2994|3054|3055|3063|3064|3066|3080|3108|3113|3164|3166|3210|3213|3274|3377|3380|3403|3411|3437|3443|3588|3591|3642|3676|3687|3710|3723|3749|3768|3826|3939|3942|4005|4015|4040|4098|4110|4111|4135|4156|4177|4189|4193|4259|4340|4368|4476|4593|4599|4688|4721|4730|4736|4855|4890|4907|4994|4997|5006|5010|5013|5034|5072|5130|5136|5153|5197|5209|5226|5264|5268|5317|5327|5353|5360|5418|5420|5437|5454|5508|5539|5545|5561|5580|5621|5643|5665|5692|5714|5716|5725|5729|5761|5854|5866|5950|5974|6008|6105|6116|6120|6186|6265|6318|6324|6339|6350|6404|6410|6450|6480|6534|6550|6563|6564|6594|6626|6632|6703|6814|6863|6919|6984|6998|7002|7107|7156|7202|7214|7219|7253|7273|7294|7311|0|1|2|3|4|5|6|7|8|9|10|11|12|13|14|15|16|17|18|19|20|21|22|23|24|25|26|27|28|29|30|31|32|33|34|35|36|37|38|39|40|41|42|43|44|45|46|47|48|49|50|51|52|53|54|55|56|57|58|59|60|61|62|63|64|65|66|67|68|69|70|71|72|73|74|75|76|77|78|79|80|81|82|83|84|85|86|87|88|89|91|92|93|94|95|96|97|98|99|102|103|104|105|106|107|108|109|112|114|115|116|117|118|119|120|121|122|123|124|126|127|128|129|130|131|132|133|134|135|136|137|138|139|140|141|142|143|144|145|146|147|148|149|150|151|152|153|154|155|156|157|158|159|160|162|163|164|165|166|167|168|169|170|172|173|174|175|176|177|179|180|181|182|183|184|185|186|188|189|190|191|192|194|195|196|197|198|199|201|202|203|204|205|206|207|208|209|210|211|212|213|214|215|216|217|218|219|220|221|222|223|224|225|226|227|228|229|230|231|232|233|234|235|236|237|238|239|240|241|242|243|244|245|246|247|248|249|250|251|252|253|254|255|256|257|258|259|260|261|262|263|264|265|266|267|268|269|270|271|273|274|275|276|277|278|279|280|281|282|283|284|285|286|287|288|289|290|291|292|293|294|295|296|297|298|299|300|301|302|303|304|305|306|307|308|309|310|311|312|313|314|315|316|317|318|319|320|322|323|324|325|326|327|328|329|331|332|333|334|335|337|338|339|340|341|342|343|344|345|346|347|348|349|350|351|352|353|354|355|356|357|358|359|360|361|362|363|364|365|366|367|368|369|370|371|372|373|374|375|376|377|378|379|380|381|382|383|384|385|386|387|388|389|390|391|392|393|394|395|396|397|398|399|400|401|402|403|404|405|406|407|408|409|410|411|412|413|414|415|416|417|418|419|420|421|422|423|424|425|426|427|428|429|430|432|433|435|436|437|438|439|440|441|442|443|444|445|446|447|448|449|450|451|452|453|454|455|456|457|458|459|460|461|462|463|464|465|466|467|468|469|470|471|473|474|475|476|477|478|479|480|481|482|483|484|485|486|487|488|489|490|491|492|493|494|495|496|497|498|499|500|501|502|503|504|505|506|507|508|509|510|511|512|513|514|515|516|517|518|519|520|522|523|524|525|526|527|528|530|531|532|533|534|535|536|537|538|539|540|542|543|544|545|546|547|549|550|551|552|553|554|555|556|557|558|559|560|561|562|563|564|566|567|568|569|570|571|572|573|574|575|576|577|578|579|580|581|582|583|584|585|586|587|588|590|591|592|593|594|595|596|597|598|599|600|601|602|603|604|605|606|607|608|609|610|611|612|613|614|615|616|617|618|619|620|621|622|623|624|625|626|627|628|629|630|631|632|633|634|635|637|638|639|640|641|642|643|644|645|646|647|648|649|650|651|652|653|654|655|656|657|659|660|661|662|663|664|665|666|667|668|669|670|671|672|673|674|675|676|677|678|679|680|681|682|683|684|685|686|687|688|689|690|691|692|693|694|695|696|697|698|699|700|701|702|703|704|705|706|707|708|709|710|711|712|713|714|715|716|717|718|719|720|722|723|724|725|726|727|728|729|730|731|732|733|734|735|736|737|738|739|740|741|742|743|744|745|746|747|748|749|750|751|752|753|754|755|756|757|758|759|760|761|762|763|764|765|766|767|768|769|770|771|772|773|774|775|776|777|778|779|780|781|782|783|784|785|787|788|789|790|793|794|796|797|798|799|800|801|802|803|804|805|806|807|808|809|810|811|812|813|814|815|816|817|818|819|820|821|822|823|824|825|826|827|828|829|830|831|832|833|834|835|836|837|838|839|840|841|842|843|844|845|846|847|848|849|850|851|852|853|854|855|856|857|858|859|860|861|862|863|864|865|866|867|868|869|870|871|873|874|876|877|878|879|880|881|882|883|884|885|886|887|888|889|890|892|893|894|895|896|897|898|899|900|901|902|903|904|905|906|907|908|909|910|911|912|913|914|915|916|917|918|919|920|921|923|924|925|926|927|928|929|930|931|932|933|934|935|936|937|938|939|940|941|942|943|944|945|946|947|948|949|950|951|952|953|954|955|956|957|958|959|960|961|962|963|964|965|966|967|968|969|970|971|972|973|974|975|976|977|978|979|980|981|982|983|984|985|986|987|988|989|990|991|992|993|994|995|997|998|999|1000|1001|1002|1003|1004|1005|1006|1007|1008|1009|1010|1011|1012|1013|1014|1015|1016|1017|1018|1019|1020|1021|1022|1023|1024|1025|1026|1027|1028|1029|1030|1031|1032|1033|1034|1035|1037|1038|1039|1040|1041|1042|1043|1044|1045|1046|1047|1048|1049|1050|1051|1052|1053|1054|1055|1056|1057|1058|1059|1060|1061|1062|1063|1064|1065|1066|1067|1068|1069|1070|1071|1072|1073|1074|1075|1076|1077|1079|1080|1081|1082|1083|1084|1085|1086|1087|1088|1089|1090|1091|1092|1093|1094|1095|1096|1097|1098|1099|1100|1101|1102|1103|1104|1106|1107|1108|1110|1111|1112|1113|1114|1115|1116|1117|1118|1119|1120|1121|1122|1123|1124|1125|1126|1127|1128|1129|1130|1131|1132|1133|1134|1135|1136|1137|1138|1139|1140|1141|1142|1143|1144|1145|1146|1147|1148|1149|1150|1151|1152|1153|1154|1155|1156|1157|1158|1159|1160|1161|1162|1163|1164|1165|1166|1167|1168|1169|1170|1171|1172|1173|1174|1175|1176|1177|1178|1179|1180|1181|1182|1184|1185|1186|1187|1188|1189|1190|1191|1192|1193|1194|1195|1196|1197|1198|1199|1200|1201|1202|1203|1204|1205|1206|1207|1208|1209|1210|1211|1212|1213|1214|1215|1216|1217|1218|1219|1220|1221|1222|1223|1224|1225|1226|1227|1228|1229|1230|1232|1233|1234|1235|1236|1237|1238|1239|1240|1241|1242|1243|1244|1245|1246|1247|1248|1249|1250|1252|1253|1254|1255|1256|1257|1258|1259|1260|1261|1262|1263|1264|1265|1266|1267|1268|1269|1270|1271|1272|1273|1274|1275|1276|1277|1278|1279|1280|1281|1282|1283|1284|1285|1286|1287|1288|1289|1290|1291|1292|1293|1294|1296|1297|1298|1299|1300|1301|1302|1303|1305|1306|1307|1308|1309|1311|1312|1313|1314|1315|1316|1317|1318|1319|1320|1321|1322|1323|1324|1325|1327|1328|1329|1330|1331|1332|1333|1334|1335|1336|1337|1338|1339|1340|1341|1342|1343|1345|1346|1347|1348|1349|1350|1351|1353|1355|1356|1357|1358|1359|1360|1361|1362|1363|1364|1365|1366|1367|1368|1369|1370|1371|1372|1373|1374|1375|1376|1377|1378|1379|1380|1381|1382|1383|1384|1386|1387|1388|1389|1390|1391|1392|1393|1394|1395|1396|1397|1398|1399|1400|1402|1403|1404|1405|1406|1407|1408|1409|1410|1411|1412|1413|1414|1415|1416|1417|1418|1419|1420|1421|1422|1423|1424|1425|1426|1427|1428|1429|1430|1431|1432|1433|1434|1435|1436|1437|1438|1439|1440|1441|1442|1443|1444|1445|1446|1447|1448|1449|1450|1451|1452|1454|1455|1456|1457|1458|1459|1460|1461|1462|1463|1464|1465|1466|1467|1468|1469|1470|1471|1472|1473|1474|1475|1476|1478|1479|1480|1481|1483|1484|1485|1486|1488|1489|1490|1491|1492|1493|1494|1497|1498|1499|1500|1501|1502|1503|1504|1505|1506|1507|1508|1509|1510|1511|1512|1513|1514|1515|1516|1517|1518|1519|1520|1521|1522|1523|1524|1525|1526|1527|1528|1529|1530|1531|1532|1533|1534|1535|1536|1537|1538|1539|1540|1541|1542|1543|1544|1545|1547|1548|1549|1550|1551|1552|1553|1554|1555|1556|1557|1558|1559|1560|1561|1562|1563|1564|1565|1567|1568|1570|1571|1572|1573|1574|1575|1576|1577|1578|1579|1580|1581|1582|1583|1584|1585|1586|1587|1588|1589|1590|1591|1592|1593|1594|1595|1596|1597|1598|1600|1601|1602|1603|1604|1605|1606|1607|1608|1609|1610|1611|1612|1613|1614|1615|1616|1617|1618|1619|1620|1621|1622|1623|1624|1625|1626|1627|1628|1629|1630|1631|1632|1633|1634|1635|1636|1637|1638|1639|1640|1641|1642|1643|1644|1645|1646|1647|1648|1649|1650|1652|1653|1654|1655|1656|1657|1658|1659|1660|1661|1663|1664|1665|1666|1667|1668|1669|1670|1671|1672|1674|1675|1676|1677|1678|1679|1680|1681|1682|1683|1684|1685|1686|1687|1688|1689|1690|1691|1692|1693|1695|1696|1697|1698|1699|1700|1701|1703|1704|1705|1707|1708|1709|1710|1711|1712|1713|1714|1715|1716|1717|1718|1719|1720|1721|1722|1723|1724|1725|1726|1727|1728|1729|1730|1731|1732|1733|1734|1735|1736|1737|1738|1739|1740|1741|1742|1743|1744|1745|1746|1747|1748|1749|1750|1751|1752|1754|1755|1757|1758|1759|1761|1762|1763|1764|1765|1767|1768|1769|1770|1771|1772|1773|1774|1775|1776|1777|1778|1779|1780|1781|1782|1783|1784|1785|1786|1788|1789|1790|1791|1792|1793|1794|1795|1796|1797|1798|1799|1800|1801|1802|1803|1804|1805|1806|1807|1808|1809|1810|1811|1812|1813|1814|1815|1816|1817|1818|1819|1820|1821|1822|1823|1824|1825|1826|1828|1829|1830|1831|1832|1833|1834|1835|1836|1837|1838|1839|1840|1841|1842|1843|1844|1845|1846|1847|1848|1849|1850|1852|1853|1854|1855|1856|1857|1858|1859|1860|1861|1862|1864|1865|1866|1867|1868|1869|1870|1871|1872|1873|1874|1875|1877|1878|1879|1880|1881|1882|1883|1884|1885|1886|1887|1888|1889|1890|1891|1892|1893|1894|1895|1896|1897|1898|1899|1900|1901|1902|1903|1904|1905|1906|1907|1908|1909|1910|1911|1912|1913|1914|1915|1916|1917|1918|1919|1920|1921|1922|1923|1924|1926|1927|1928|1929|1930|1931|1932|1933|1934|1935|1936|1937|1938|1939|1940|1942|1943|1944|1945|1946|1947|1948|1949|1950|1951|1952|1953|1954|1955|1956|1957|1958|1959|1960|1961|1962|1963|1964|1965|1966|1967|1968|1969|1970|1971|1972|1973|1974|1975|1977|1978|1979|1980|1981|1983|1984|1985|1986|1987|1988|1989|1990|1991|1992|1994|1995|1996|1997|1998|1999|2000|2001|2002|2003|2004|2005|2006|2007|2008|2009|2010|2011|2012|2013|2014|2015|2016|2017|2018|2019|2020|2021|2022|2023|2024|2025|2026|2027|2028|2029|2030|2031|2032|2033|2034|2035|2036|2037|2038|2039|2040|2041|2042|2043|2044|2045|2046|2047|2048|2049|2050|2051|2052|2053|2054|2055|2056|2057|2058|2059|2060|2061|2062|2063|2064|2065|2066|2067|2068|2069|2070|2071|2072|2073|2074|2075|2076|2077|2078|2079|2080|2081|2082|2083|2084|2085|2087|2088|2089|2090|2091|2092|2093|2094|2095|2096|2097|2098|2099|2100|2101|2102|2103|2104|2105|2106|2108|2109|2110|2111|2112|2113|2114|2115|2116|2117|2118|2119|2120|2121|2122|2123|2124|2125|2126|2127|2128|2129|2130|2131|2132|2133|2134|2135|2136|2137|2138|2139|2140|2141|2142|2143|2144|2145|2146|2147|2148|2150|2152|2153|2154|2155|2156|2157|2158|2159|2160|2161|2162|2163|2164|2166|2167|2168|2169|2170|2171|2172|2173|2174|2175|2176|2177|2178|2179|2180|2181|2182|2183|2184|2186|2187|2188|2189|2190|2192|2193|2194|2195|2196|2197|2198|2199|2200|2201|2202|2203|2204|2205|2206|2207|2208|2209|2210|2211|2212|2213|2214|2215|2216|2217|2219|2220|2221|2222|2223|2224|2225|2226|2227|2228|2229|2230|2231|2232|2233|2234|2235|2237|2238|2239|2240|2241|2242|2243|2244|2245|2246|2247|2248|2249|2250|2252|2253|2254|2255|2256|2257|2258|2259|2260|2261|2262|2263|2264|2265|2266|2267|2268|2269|2270|2271|2272|2273|2274|2275|2276|2277|2278|2279|2280|2282|2283|2284|2285|2286|2287|2288|2289|2290|2291|2292|2294|2295|2296|2297|2298|2299|2300|2301|2302|2303|2304|2305|2306|2307|2308|2309|2310|2311|2312|2313|2314|2315|2316|2317|2318|2319|2320|2322|2323|2324|2325|2326|2327|2328|2329|2330|2331|2332|2333|2335|2336|2337|2338|2339|2340|2341|2342|2343|2344|2345|2346|2347|2348|2349|2350|2351|2352|2353|2354|2355|2356|2357|2358|2359|2360|2361|2362|2363|2364|2365|2366|2367|2368|2369|2370|2371|2372|2373|2374|2375|2376|2377|2378|2379|2380|2381|2382|2383|2384|2385|2386|2387|2388|2389|2390|2391|2392|2393|2394|2395|2396|2397|2398|2399|2400|2401|2402|2403|2404|2405|2406|2407|2408|2409|2410|2411|2412|2413|2414|2415|2416|2417|2418|2419|2420|2421|2422|2423|2424|2425|2427|2428|2429|2430|2431|2432|2433|2434|2435|2436|2437|2438|2439|2440|2441|2442|2443|2444|2445|2446|2447|2448|2449|2450|2451|2452|2453|2454|2455|2456|2457|2458|2459|2461|2462|2463|2464|2465|2466|2467|2468|2469|2470|2472|2473|2474|2475|2476|2477|2478|2479|2481|2482|2483|2484|2485|2486|2487|2488|2489|2490|2491|2492|2493|2494|2495|2496|2497|2498|2500|2501|2502|2503|2504|2505|2506|2507|2508|2509|2510|2511|2512|2513|2514|2515|2516|2517|2518|2519|2520|2521|2522|2523|2524|2525|2526|2528|2529|2530|2531|2532|2533|2534|2535|2536|2537|2538|2539|2540|2541|2542|2543|2544|2545|2547|2548|2549|2550|2551|2552|2553|2554|2555|2556|2557|2558|2559|2560|2561|2562|2563|2564|2565|2567|2568|2569|2570|2571|2572|2573|2574|2575|2576|2577|2578|2579|2580|2581|2583|2584|2585|2586|2587|2588|2589|2590|2591|2592|2593|2594|2595|2596|2597|2598|2599|2600|2601|2602|2603|2604|2605|2606|2607|2608|2609|2610|2611|2612|2613|2614|2615|2616|2617|2618|2619|2620|2621|2622|2623|2624|2625|2626|2627|2628|2629|2630|2631|2632|2633|2634|2635|2636|2637|2638|2639|2640|2641|2642|2643|2644|2645|2646|2647|2648|2649|2650|2651|2652|2653|2654|2656|2657|2658|2659|2660|2661|2662|2663|2664|2665|2666|2667|2668|2669|2670|2671|2672|2673|2674|2675|2676|2677|2678|2679|2680|2681|2682|2683|2684|2685|2686|2687|2688|2689|2690|2691|2692|2693|2694|2695|2696|2697|2698|2699|2700|2701|2702|2704|2705|2706|2707|2708|2709|2710|2711|2712|2713|2714|2715|2717|2718|2719|2720|2721|2722|2723|2724|2725|2726|2727|2728|2729|2730|2731|2732|2733|2734|2735|2736|2737|2738|2739|2740|2741|2742|2743|2744|2745|2746|2747|2748|2749|2750|2751|2752|2753|2754|2755|2756|2757|2758|2759|2760|2761|2762|2763|2764|2765|2766|2767|2768|2769|2770|2771|2772|2773|2774|2775|2776|2777|2778|2779|2780|2781|2782|2784|2785|2786|2787|2788|2789|2790|2791|2792|2793|2794|2795|2796|2797|2798|2799|2800|2801|2802|2803|2804|2806|2807|2808|2809|2810|2811|2812|2813|2814|2815|2816|2817|2818|2819|2820|2821|2822|2823|2824|2825|2826|2827|2828|2829|2830|2831|2832|2833|2834|2835|2836|2837|2838|2839|2840|2841|2842|2843|2845|2846|2847|2848|2849|2850|2851|2852|2853|2854|2855|2856|2857|2858|2859|2860|2861|2862|2863|2864|2865|2866|2867|2868|2869|2870|2871|2872|2873|2874|2875|2876|2877|2878|2879|2880|2881|2882|2883|2884|2885|2886|2887,302|10|20|333|83|1|191|303|377|378|305|24|122|136|249|255|342|75|16|239|353|128|29|59|177|257|339|13|74|178|182|213|166|357|50|141|234|334|62|286|144|207|283|368|103|295|361|98|240|325|116|308|370|387|82|87|104|146|159|290|9|33|34|265|270|288|45|102|110|125|350|386|395|363|2|35|55|89|151|214|260|317|336|90|97|145|153|168|205|238|347|78|96|135|194|273|18|41|67|105|108|161|162|201|220|243|251|326|356|359|367|391|394|401|246|281|293|309|332|393|30|69|79|111|126|165|202|236|261|279|310|323|340|364|27|42|106|143|149|237|259|327|329|382|38|61|68|86|92|130|140|147|208|282|296|341|39|63|100|120|148|171|181|215|328|335|338|392|7|28|44|46|54|57|81|84|95|132|134|169|206|212|219|221|262|276|292|312|316|362|366|4|12|17|25|31|43|51|56|72|101|114|138|139|155|167|170|186|192|209|241|245|258|263|269|274|278|280|297|314|318|320|360|390|3|6|11|19|22|26|53|58|64|117|124|160|163|188|190|195|196|216|217|223|229|242|247|267|311|319|337|355|369|376|385|389|5|8|23|32|76|85|94|118|123|142|154|157|158|172|173|183|189|197|198|200|218|226|227|233|244|253|271|272|277|284|289|291|301|330|331|349|351|372|379|380|384|0|40|52|60|66|80|99|115|127|133|150|164|174|176|180|185|204|210|211|222|230|232|235|254|256|266|268|287|300|306|307|313|321|344|346|348|354|365|371|381|396,1|2|3|5|6|9|11|12|15|22|24|29|30|39|40|46|47|49|52|56|59|64|66|67|69|70|71|72|73|77|78|81|85|87|90|91|93|94|98|100|103|104|105|107|109|111|115|116|117|118|120|121|125|127|128|130|132|134|135|144|145|148|149|151|155|158|160|161|164|168|169|172|173|175|176|182|188|189|191|192|196|199|200|203|206|208|212|215|216|217|218|220|221|223|226|227|229|231|240|244|247|248|252|257|259|262|264|266|268|270|271|272|275|279|285|290|292|293|295|296|301|303|305|308|311|312|315|316|317|319|324|326|327|330|331|333|336|339|341|344|349|357|359|360|361|362|363|368|369|370|373|374|375|377|381|383|384|388|389|390|395|397|400|401|406|407|409|410|416|417|419|422|423|426|427|429|433|435|438|442|443|447|448|450|451|456|458|461|462|463|466|467|471|472|475|477|479|481|487|488|490|494|495|497|500|505|508|512|514|516|519|520|521|523|530|531|532|533|534|538|541|544|549|555|558|567|572|573|574|577|578|580|583|589|598|599|602|603|612|615|617|618|620|622|627|630|631|633|636|639|643|646|647|651|652|653|656|667|668|674|676|678|679|681|685|686|689|691|692|693|697|702|703|704|706|708|709|711|712|716|719|726|727|728|730|736|739|750|751|752|754|757|758|759|762|763|766|767|768|771|772|773|774|777|779|782|785|787|789|791|797|798|799|801|802|803|804|805|806|807|813|816|818|820|823|824|825|826|831|834|835|837|840|843|846|849|855|857|859|860|862|863|864|865|867|871|874|877|880|882|884|885|886|889|894|895|900|901|905|907|909|911|924|926|927|928|929|931|933|934|935|939|941|944|949|952|953|955|958|959|963|968|973|974|975|976|977|978|979|981|982|984|986|989|990|993|995|998|1000|1002|1004|1008|1010|1012|1016|1018|1019|1024|1026|1027|1028|1030|1032|1036|1037|1040|1041|1047|1050|1051|1053|1058|1059|1060|1066|1070|1072|1076|1078|1080|1083|1085|1087|1088|1089|1092|1096|1097|1098|1099|1101|1103|1112|1114|1119|1122|1123|1125|1126|1131|1137|1143|1146|1147|1149|1151|1154|1157|1158|1160|1162|1164|1166|1172|1174|1177|1178|1181|1186|1188|1189|1190|1193|1194|1195|1198|1204|1206|1208|1210|1211|1225|1228|1232|1237|1238|1239|1240|1241|1248|1249|1250|1254|1255|1256|1257|1261|1262|1271|1272|1273|1276|1280|1282|1284|1285|1287|1289|1290|1293|1295|1296|1302|1303|1304|1307|1308|1312|1315|1316|1317|1323|1324|1325|1326|1327|1328|1331|1333|1334|1338|1339|1347|1352|1353|1356|1357|1361|1363|1365|1369|1372|1373|1374|1375|1376|1378|1380|1382|1383|1385|1389|1391|1394|1395|1396|1398|1403|1405|1406|1407|1411|1413|1415|1416|1418|1420|1425|1428|1430|1431|1432|1434|1435|1436|1439|1441|1445|1449|1450|1454|1456|1457|1458|1459|1461|1462|1463|1466|1473|1476|1479|1482|1485|1488|1492|1498|1499|1501|1502|1503|1505|1507|1509|1511|1517|1518|1519|1520|1522|1527|1528|1531|1532|1533|1534|1535|1536|1540|1544|1545|1546|1548|1549|1552|1554|1558|1559|1560|1561|1563|1567|1568|1569|1571|1572|1573|1575|1577|1580|1582|1590|1591|1595|1596|1598|1601|1602|1603|1604|1606|1610|1615|1617|1620|1623|1624|1625|1626|1629|1634|1638|1639|1644|1647|1653|1654|1655|1657|1659|1660|1662|1664|1665|1666|1667|1671|1672|1675|1678|1684|1685|1687|1690|1691|1693|1698|1701|1704|1705|1706|1708|1710|1712|1717|1718|1719|1720|1722|1728|1729|1731|1732|1733|1734|1737|1739|1740|1742|1743|1745|1748|1750|1752|1754|1755|1758|1759|1760|1761|1762|1767|1770|1773|1774|1775|1777|1778|1781|1784|1786|1789|1794|1795|1796|1799|1801|1802|1803|1807|1808|1809|1810|1811|1817|1818|1819|1827|1828|1829|1831|1834|1835|1836|1837|1842|1843|1847|1849|1857|1862|1865|1866|1868|1869|1878|1879|1880|1885|1887|1891|1893|1895|1896|1900|1901|1905|1906|1909|1912|1913|1916|1919|1921|1926|1927|1928|1929|1931|1933|1935|1938|1940|1941|1943|1944|1945|1946|1947|1950|1953|1954|1955|1956|1960|1961|1962|1965|1967|1968|1970|1971|1972|1977|1979|1983|1984|1986|1987|1989|1990|1992|1996|1997|1999|2004|2008|2010|2011|2013|2015|2018|2022|2024|2029|2031|2032|2034|2035|2037|2038|2040|2048|2049|2055|2059|2061|2062|2063|2064|2067|2068|2070|2072|2076|2077|2081|2083|2084|2089|2092|2094|2095|2096|2097|2099|2100|2107|2111|2114|2116|2117|2121|2122|2123|2132|2135|2137|2146|2150|2151|2152|2155|2159|2160|2162|2163|2165|2171|2174|2179|2184|2188|2192|2195|2196|2198|2202|2210|2213|2215|2220|2221|2223|2224|2226|2231|2232|2233|2247|2251|2252|2254|2255|2257|2258|2259|2262|2264|2265|2266|2267|2268|2270|2271|2273|2280|2282|2283|2285|2287|2288|2289|2291|2295|2297|2304|2306|2307|2308|2312|2313|2317|2321|2326|2328|2329|2330|2331|2335|2337|2340|2343|2348|2351|2354|2358|2364|2367|2369|2371|2373|2376|2381|2382|2383|2385|2386|2395|2397|2398|2399|2403|2405|2406|2413|2416|2417|2418|2419|2420|2422|2424|2425|2427|2429|2430|2432|2435|2436|2437|2438|2440|2444|2447|2448|2450|2452|2453|2454|2455|2456|2459|2462|2463|2464|2467|2468|2470|2471|2472|2477|2479|2480|2481|2483|2486|2488|2493|2495|2500|2503|2504|2508|2509|2511|2512|2514|2516|2517|2518|2520|2521|2522|2526|2528|2530|2533|2537|2538|2540|2541|2544|2545|2547|2548|2550|2554|2555|2556|2557|2561|2570|2571|2572|2574|2575|2576|2577|2580|2581|2585|2586|2591|2595|2598|2599|2600|2603|2606|2607|2608|2610|2611|2613|2614|2615|2616|2617|2618|2621|2622|2624|2626|2629|2631|2632|2636|2640|2642|2647|2649|2651|2653|2654|2655|2656|2657|2658|2659|2666|2667|2668|2670|2671|2674|2675|2678|2679|2680|2681|2683|2688|2691|2692|2693|2694|2696|2699|2700|2702|2703|2704|2705|2710|2712|2713|2719|2722|2725|2726|2729|2733|2735|2737|2738|2741|2742|2744|2749|2750|2751|2753|2758|2759|2760|2761|2763|2765|2766|2768|2769|2770|2775|2780|2786|2790|2791|2794|2797|2800|2801|2804|2806|2810|2811|2812|2815|2818|2825|2826|2830|2831|2833|2835|2837|2838|2839|2840|2841|2842|2843|2844|2848|2851|2852|2856|2858|2868|2869|2872|2874|2876|2877|2878|2879|2885|2886|2887|2888|2891|2892|2893|2894|2897|2898|2901|2904|2905|2906|2907|2908|2909|2911|2915|2918|2919|2923|2924|2926|2930|2936|2939|2947|2950|2953|2956|2961|2962|2964|2966|2967|2969|2970|2971|2972|2974|2976|2979|2981|2982|2984|2985|2988|2989|2991|2993|2997|3002|3003|3006|3008|3009|3010|3014|3018|3021|3022|3025|3026|3027|3029|3034|3035|3036|3039|3040|3043|3044|3045|3046|3048|3049|3055|3056|3058|3059|3060|3065|3067|3068|3069|3070|3071|3072|3076|3080|3081|3082|3083|3084|3085|3087|3092|3095|3096|3103|3106|3108|3109|3115|3117|3118|3119|3122|3123|3128|3130|3131|3134|3136|3137|3138|3142|3143|3144|3147|3149|3150|3151|3154|3156|3157|3158|3159|3160|3161|3162|3163|3165|3169|3173|3174|3175|3177|3178|3179|3180|3181|3183|3188|3190|3191|3192|3193|3194|3195|3198|3201|3203|3206|3207|3208|3213|3218|3222|3224|3225|3227|3230|3233|3236|3240|3241|3243|3244|3245|3247|3248|3249|3254|3255|3261|3267|3269|3271|3273|3274|3277|3284|3285|3288|3290|3295|3296|3297|3300|3302|3307|3308|3311|3312|3314|3316|3317|3318|3319|3320|3322|3324|3327|3328|3331|3335|3342|3345|3347|3348|3350|3353|3354|3356|3360|3361|3366|3368|3372|3373|3374|3375|3376|3377|3379|3380|3384|3385|3386|3388|3389|3394|3400|3403|3404|3406|3411|3412|3413|3414|3416|3420|3422|3427|3435|3437|3439|3440|3444|3445|3448|3450|3452|3453|3454|3459|3460|3461|3464|3468|3469|3471|3474|3475|3476|3477|3479|3480|3481|3482|3483|3486|3491|3501|3502|3504|3509|3518|3519|3520|3521|3529|3531|3532|3533|3535|3536|3537|3539|3540|3541|3542|3544|3551|3557|3559|3562|3567|3569|3575|3579|3580|3584|3585|3586|3588|3589|3591|3593|3594|3595|3596|3601|3606|3607|3611|3612|3615|3617|3619|3621|3628|3629|3630|3631|3634|3636|3638|3639|3640|3641|3648|3649|3650|3652|3655|3656|3657|3661|3662|3664|3666|3667|3670|3671|3678|3680|3681|3683|3689|3694|3696|3697|3699|3701|3703|3705|3706|3707|3710|3712|3714|3715|3716|3717|3718|3721|3722|3723|3724|3725|3727|3729|3733|3734|3736|3742|3744|3745|3747|3749|3750|3753|3758|3760|3762|3763|3764|3772|3774|3776|3777|3780|3782|3787|3788|3789|3790|3792|3796|3797|3800|3803|3804|3805|3806|3809|3811|3815|3818|3823|3825|3826|3828|3829|3830|3833|3835|3836|3837|3841|3843|3846|3847|3848|3849|3850|3851|3852|3853|3855|3857|3858|3866|3867|3869|3870|3871|3872|3873|3877|3880|3885|3888|3889|3891|3893|3895|3898|3902|3904|3908|3910|3913|3917|3918|3922|3926|3928|3932|3934|3940|3941|3942|3943|3944|3950|3953|3954|3956|3960|3961|3962|3966|3967|3968|3972|3976|3979|3981|3985|3988|3989|3992|3996|3997|4000|4001|4006|4007|4008|4010|4013|4016|4018|4020|4021|4026|4029|4030|4032|4036|4037|4041|4042|4044|4045|4050|4051|4053|4055|4059|4060|4062|4063|4064|4066|4069|4071|4072|4073|4074|4077|4079|4080|4087|4089|4092|4094|4102|4104|4107|4110|4112|4114|4115|4117|4119|4120|4123|4124|4126|4129|4130|4134|4136|4137|4140|4144|4146|4152|4153|4155|4158|4161|4164|4165|4167|4168|4172|4174|4176|4180|4188|4194|4195|4199|4201|4202|4203|4205|4211|4217|4218|4219|4224|4227|4230|4232|4235|4236|4238|4239|4241|4242|4244|4249|4251|4262|4263|4264|4265|4266|4267|4269|4271|4272|4273|4277|4278|4279|4281|4284|4285|4287|4290|4291|4297|4299|4300|4305|4306|4308|4311|4312|4319|4320|4322|4323|4324|4325|4329|4330|4332|4333|4334|4337|4338|4340|4342|4343|4355|4356|4358|4359|4360|4361|4366|4367|4368|4370|4373|4374|4377|4380|4381|4383|4386|4388|4391|4397|4398|4400|4402|4403|4404|4405|4406|4407|4408|4410|4412|4413|4421|4424|4425|4428|4430|4431|4434|4437|4440|4441|4443|4449|4450|4454|4456|4457|4459|4460|4464|4465|4466|4467|4469|4470|4471|4472|4477|4478|4480|4481|4488|4490|4492|4493|4494|4500|4501|4505|4507|4508|4509|4510|4512|4521|4523|4527|4528|4533|4535|4536|4539|4542|4546|4549|4550|4551|4553|4554|4556|4557|4560|4563|4566|4571|4572|4574|4576|4578|4584|4588|4589|4590|4591|4592|4593|4595|4597|4598|4599|4600|4602|4605|4607|4614|4615|4619|4620|4624|4626|4627|4628|4631|4633|4636|4637|4638|4640|4643|4646|4648|4651|4656|4659|4664|4665|4667|4669|4670|4671|4672|4673|4677|4679|4683|4688|4690|4691|4693|4696|4698|4699|4701|4704|4707|4708|4711|4712|4713|4714|4716|4720|4722|4727|4728|4729|4732|4733|4734|4739|4741|4742|4746|4750|4753|4754|4756|4758|4761|4764|4765|4768|4770|4771|4776|4778|4779|4781|4783|4786|4788|4789|4790|4792|4793|4797|4798|4800|4804|4806|4809|4811|4814|4815|4822|4838|4839|4841|4847|4849|4850|4851|4859|4860|4863|4864|4865|4866|4867|4868|4872|4874|4877|4879|4881|4882|4883|4890|4895|4896|4897|4899|4900|4901|4905|4906|4907|4913|4914|4915|4920|4921|4923|4924|4925|4926|4927|4928|4931|4932|4934|4935|4937|4945|4946|4948|4949|4951|4955|4956|4958|4962|4965|4968|4969|4970|4973|4974|4975|4980|4985|4988|4991|4995|4997|4998|5000|5001|5003|5008|5009|5010|5014|5016|5017|5020|5021|5022|5024|5038|5040|5041|5042|5044|5045|5047|5052|5057|5060|5061|5064|5065|5067|5068|5069|5071|5072|5075|5077|5079|5082|5083|5084|5092|5094|5095|5103|5107|5109|5112|5113|5114|5116|5121|5122|5123|5125|5138|5139|5141|5142|5144|5145|5146|5147|5150|5155|5159|5161|5163|5164|5168|5169|5170|5171|5175|5177|5178|5179|5180|5182|5183|5186|5191|5193|5194|5196|5197|5198|5200|5204|5205|5206|5208|5210|5212|5213|5214|5216|5222|5223|5225|5227|5229|5235|5237|5238|5239|5242|5244|5245|5246|5247|5249|5251|5253|5257|5261|5265|5268|5269|5272|5273|5276|5277|5279|5280|5285|5294|5295|5299|5300|5302|5306|5309|5312|5317|5318|5319|5320|5322|5323|5327|5331|5332|5333|5334|5338|5340|5346|5347|5348|5349|5352|5354|5358|5359|5362|5365|5370|5376|5379|5380|5382|5386|5390|5391|5392|5393|5396|5399|5400|5405|5406|5408|5410|5411|5414|5416|5418|5422|5423|5425|5427|5431|5432|5433|5434|5436|5442|5443|5448|5449|5452|5453|5454|5459|5460|5461|5466|5468|5472|5473|5477|5478|5480|5482|5483|5484|5485|5487|5490|5492|5496|5497|5498|5500|5503|5506|5509|5510|5511|5512|5515|5518|5519|5520|5522|5523|5525|5529|5530|5531|5535|5537|5541|5542|5543|5549|5550|5551|5556|5557|5558|5559|5560|5563|5564|5571|5572|5575|5580|5581|5582|5587|5589|5591|5593|5595|5597|5600|5601|5602|5603|5605|5606|5608|5613|5614|5619|5622|5628|5630|5632|5633|5636|5638|5639|5640|5642|5644|5656|5659|5661|5662|5663|5664|5667|5669|5672|5674|5677|5683|5684|5685|5687|5690|5691|5696|5698|5700|5703|5704|5707|5708|5709|5710|5715|5716|5717|5719|5721|5723|5726|5737|5738|5740|5741|5742|5747|5748|5749|5750|5751|5753|5758|5759|5760|5761|5762|5763|5764|5765|5766|5772|5774|5777|5780|5785|5787|5788|5789|5790|5794|5797|5802|5804|5805|5809|5810|5811|5813|5818|5819|5821|5822|5823|5825|5826|5828|5832|5834|5836|5838|5839|5843|5849|5858|5861|5863|5869|5871|5873|5878|5880|5881|5882|5884|5889|5890|5893|5896|5899|5900|5906|5912|5914|5917|5918|5919|5920|5921|5928|5933|5939|5941|5943|5944|5945|5951|5952|5953|5960|5961|5963|5964|5967|5970|5976|5978|5979|5980|5981|5983|5985|5986|5988|5992|5993|5994|5995|5996|5997|5998|5999|6000|6001|6003|6005|6009|6010|6011|6014|6015|6018|6019|6022|6023|6024|6025|6030|6031|6034|6036|6038|6041|6042|6043|6045|6049|6054|6060|6061|6063|6065|6074|6075|6077|6085|6087|6088|6094|6095|6096|6098|6100|6103|6104|6114|6117|6119|6121|6123|6124|6126|6130|6131|6132|6138|6139|6140|6142|6145|6147|6148|6153|6161|6164|6166|6168|6170|6172|6173|6177|6180|6183|6184|6185|6187|6188|6189|6191|6193|6197|6199|6203|6205|6206|6207|6208|6212|6213|6215|6218|6219|6220|6222|6223|6224|6225|6227|6228|6229|6230|6233|6235|6236|6239|6240|6241|6242|6243|6245|6247|6248|6254|6255|6263|6265|6266|6267|6268|6269|6270|6274|6279|6281|6284|6285|6286|6287|6290|6291|6292|6294|6300|6303|6304|6309|6311|6312|6313|6320|6322|6323|6324|6327|6328|6329|6331|6336|6338|6339|6340|6343|6344|6346|6347|6351|6353|6359|6363|6367|6371|6372|6374|6377|6379|6385|6386|6387|6391|6394|6395|6397|6402|6406|6410|6412|6413|6416|6417|6426|6432|6434|6435|6437|6440|6441|6442|6443|6447|6452|6453|6456|6458|6460|6461|6462|6464|6468|6471|6475|6480|6483|6484|6490|6493|6495|6497|6498|6499|6500|6501|6502|6503|6504|6505|6506|6509|6512|6514|6516|6521|6522|6527|6528|6529|6530|6536|6537|6538|6539|6545|6547|6548|6549|6550|6552|6553|6555|6556|6559|6560|6571|6572|6574|6579|6582|6584|6587|6589|6593|6594|6599|6600|6601|6607|6608|6613|6616|6619|6620|6626|6632,10.618343195266272,True
instance_0015.txt,random,3077,344,2912,2178|3178|1466|5067|3952|2061|6526|662|3657|3315|5702|4106|1543|3637|1527|4597|2402|4238|6330|4755|4033|2963|1588|2753|4826|2442|2125|2898|6781|5721|3419|4573|6104|5111|5303|2347|6903|1376|4804|1932|1403|2118|6232|5415|3580|3093|1940|2573|6993|6728|3071|2360|225|4170|4691|2563|5291|5328|5007|4825|4866|2926|859|564|4985|3659|4658|1058|6262|1676|1985|2787|3531|2698|6084|511|3111|6243|1963|6379|3654|5768|1718|6771|1660|4531|1817|3589|7237|4024|6297|5648|5704|5863|2383|51|6688|2226|197|70|4411|7055|5986|7174|1804|7351|2031|6639|3462|6514|1958|3140|1379|3713|4110|2896|5526|6808|5782|4132|6519|6679|4303|5455|781|4279|3851|3240|4739|2374|2776|6984|6862|6456|2151|1593|1007|1405|3205|5104|2239|935|4827|235|6838|2495|1558|2623|5012|1243|3212|68|4906|1395|4473|2108|3832|5676|1247|5974|3558|2581|5620|47|5779|6813|5070|1547|3172|2493|6140|5040|3389|5798|2851|173|5814|6237|3949|7269|3617|5736|563|5579|6201|4873|3509|758|4993|3772|3780|3227|2734|3914|325|3182|534|3094|650|171|3051|3414|189|7348|5494|2857|2111|1086|2213|2305|2555|972|5687|2191|2790|990|5382|4030|2533|5947|6584|7336|5583|6045|3774|1095|4719|2295|3847|5004|4127|4667|1895|3686|6318|2322|2307|2993|7232|555|5621|4808|2883|783|4656|4209|4514|2141|7023|1548|4075|5408|6705|7015|207|5996|3334|6874|1850|2415|4053|6983|4418|3592|2120|1368|2008|2925|3258|6503|6545|3649|6250|3395|3944|3628|59|3572|960|4423|948|1682|4875|6133|4772|633|5705|4735|1306|1454|3271|3918|1641|6946|3882|2977|2511|4038|2996|3307|4944|3633|84|4373|6403|4810|4773|3268|3355|2921|6155|1073|1238|6343|1151|3510|6699|7347|3005|7058|1510|4532|5851|4443|6822|5785|3883|5323|3325|6424|4702|4470|4292|600|337|1008|5760|7186|3928|4984|2348|6170|2582|1233|6824|6190|1032|2837|4521|2201|916|5599|2879|7010|6299|1918|7105|1221|3141|4756|1810|1447|5795|3894|201|2557|6769|3731|5120|3341|4415|4589|4147|1505|1103|6149|3833|647|6631|845|4375|6539|4468|2907|2844|5165|3913|4198|3905|3266|892|440|6703|274|4805|4972|5136|1305|80|599|856|3275|6292|3766|1440|5130|4442|3372|6818|5123|1637|260|4522|2853|4891|6798|3631|6583|6336|3827|1320|3700|1173|378|5442|1063|625|2798|2715|3323|2130|3877|3610|6162|2464|3193|2358|4964|2458|3057|6231|4294|4594|366|2859|4009|970|1753|5788|5490|5693|5164|4008|1416|2902|340|5654|5988|1731|6008|139|6431|7189|2190|1916|932|4630|811|2342|1372|5513|4849|3606|2638|4647|7154|3156|7093|2069|1992|6994|1710|2699|4481|2081|2235|4726|5223|2172|3423|4125|5528|7141|312|703|221|3816|2237|5888|6704|938|5469|5913|7297|987|6315|1539|7364|6810|1805|3792|5711|5799|255|7033|893|4093|2344|3319|2131|4715|2763|1119|4806|3533|2506|5032|552|417|2998|1951|1945|4337|2752|90|1752|3412|3734|6900|3424|6411|5179|1481|3288|3190|3987|2566|5815|5499|6143|5472|7127|786|24|3027|862|7292|217|6892|6070|6124|2962|2476|5157|2542|3798|2486|5886|5077|167|1966|1003|3801|488|5479|30|5507|3102|3200|6381|1947|1680|7260|3359|3793|5550|6179|5008|1939|1887|6737|6586|1902|1263|4928|5516|1165|265|4555|2484|3817|3767|1678|5539|5370|827|4329|4361|4364|574|6273|7315|5114|7252|1218|2596|3735|356|1503|2942|1583|5344|2328|5775|5519|341|3451|3577|3981|4310|5504|3513|3891|2422|5603|3383|449|2293|1380|7197|6956|1553|1300|3312|4765|4377|4380|5333|2174|2659|2587|3737|5135|7002|3249|4034|5277|1234|2556|368|6039|4641|6529|5941|4780|3262|7097|1980|542|3751|6837|4784|6512|4600|924|2539|7341|1720|5765|1432|2223|6865|1264|5808|804|2149|5038|1229|899|4734|4340|4011|1848|3842|2793|1984|5498|2713|5551|5097|2954|1106|4530|1709|5983|3404|6747|4234|4391|2650|2361|52|1187|6809|5902|6735|3989|6307|6017|6649|920|4687|640|2367|6046|3976|355|4191|1613|5964|3621|1572|5916|458|3581|5244|2688|4177|7185|1162|1004|7171|4368|4484|181|4952|4915|3106|5035|6241|4963|4258|1739|3585|4113|5789|6926|1636|5679|4037|2637|7115|1872|5355|776|1512|2242|956|2154|1880|690|4535|5766|1130|4440|4704|4798|3586|3013|708|1199|1278|1563|2393|5827|6570|4859|454|3151|6492|1557|4583|2730|5074|6195|7304|6047|6616|551|4006|1494|6356|1995|5167|2687|502|4922|4981|4299|6795|1884|7357|4394|584|2606|5686|1537|6829|5870|5343|3956|6412|2346|5653|5821|6878|6942|6977|6448|1587|5184|3088|1118|1164|5906|5641|55|2485|3523|6868|6786|3906|757|5016|4988|1606|2243|3762|3196|6531|7321|1640|6041|327|6483|7163|1207|3646|239|6589|5684|1452|2779|5767|5386|57|5492|1388|3461|1644|63|6719|4245|4802|2866|4604|677|5522|3724|4686|2183|3242|1293|1204|4983|7162|975|3860|6280|5405|2273|4365|3555|4414|5169|3761|4084|2398|2614|383|6185|5267|5107|3661|3218|1518|5731|3587|4|4807|883|3726|402|3591|942|498|5134|2816|6157|4360|381|4609|1737|5604|6457|3310|2950|6727|5749|2276|7286|6730|6590|4553|424|1605|1870|2611|513|3401|1853|1490|4335|5292|3493|4727|766|2701|6970|7165|3794|7215|3984|2888|4064|6378|4483|2264|1347|1771|2498|2808|4578|3561|2819|5260|784|7068|6968|6901|5096|6194|442|5898|1096|950|674|4273|2674|4552|3446|140|5841|686|6754|4277|7129|6462|6329|6408|2691|2800|4142|5350|3522|5547|5919|1489|6417|3554|6415|1434|2695|4508|4528|199|2835|2086|3601|2171|7313|7184|6626|6952|7040|1107|153|1763|6796|1011|4539|3466|1262|2247|2331|2945|6144|4160|5425|240|5190|2400|6021|507|7046|1564|1823|1758|3622|3224|3083|2738|1177|5658|3955|3934|3885|2434|2214|2106|7153|4513|4965|4820|3351|1821|7361|6698|4929|1714|5881|5462|572|3890|2514|3006|1582|968|4961|6334|1917|4923|4753|4527|2852|2277|1228|4570|2330|5940|7073|4184|1904|2924|3727|26|2365|5477|5874|562|1912|2192|4070|2718|4633|7117|3060|6689|3672|1208|4904|6655|5587|3797|6086|4707|6509|6464|6980|4140|1814|3067|4144|2772|3127|7072|5036|4438|1209|3889|456|264|5063|7329|4208|540|2908|310|61|6322|6674|3215|4015|5737|4688|3|7091|2657|5207|5557|4312|4235|5193|1728|5877|2797|4624|5029|1645|1022|1968|666|984|7266|2105|797|5394|1341|3529|163|3244|3477|5549|5900|108|6922|699|5982|7268|1072|5509|6210|6841|5500|4754|4580|4401|7151|1030|6103|65|404|5546|4499|2799|617|2579|1220|3157|2417|3491|4662|6969|4404|3879|2708|5474|4327|1571|7234|5914|6222|5418|6465|2494|1078|921|3786|2834|5268|3117|6368|5840|1552|903|6825|1028|1366|803|1780|2982|192|741|2371|7214|6449|6446|6308|6040|3339|5061|2260|1256|3599|5131|2424|923|7096|2384|5407|2893|4595|3251|4572|6219|2865|7065|634|3059|2098|6340|209|3573|5561|1091|350|6748|1568|4426|3598|7022|7100|4607|1477|367|4967|348|1666|1137|1101|1857|2649|1608|4306|1648|1633|6358|5682|7191|2918|2935|4885|127|4156|3278|6306|3099|6633|4779|4097|900|1360|896|5406|2002|3219|3161|2317|1611|6428|7363|2152|6359|6826|3977|869|5064|5732|7339|3349|530|4347|6909|3904|906|1834|3552|2981|7270|6402|4646|1374|514|5729|6873|4879|740|6866|7034|5571|3233|5236|3908|774|4581|4818|4350|4264|1109|6725|667|6404|1652|1436|6015|3318|2728|6530|6961|6882|4143|5094|759|1217|868|4227|570|1781|3720|3352|2053|6906|82|6669|964|4396|2672|6135|2740|4476|2868|3534|1124|4728|2397|2258|1184|2122|1892|2594|2065|7193|5423|93|5262|1281|2565|4631|963|2345|5643|6928|3640|4844|3821|6932|6229|5718|4166|5082|319|6131|3017|5864|6507|2748|2233|2677|5833|349|4561|5709|4192|6775|5631|1950|753|332|4587|1200|5187|7211|2096|3605|4433|7221|1580|1796|398|3463|1595|6720|3503|4817|3124|6681|3327|3699|6761|4079|4424|5047|6615|7218|6148|1736|2704|88|6235|3495|4311|5245|1556|4205|878|1239|734|684|2204|6543|2147|1145|251|5535|2179|6765|1897|7124|1249|5220|4648|2389|5527|5559|6083|4853|73|3062|2680|6052|3664|5414|5646|3888|2523|1181|818|6180|1612|4422|1867|1908|3594|2517|7275|2642|3068|6579|1198|2665|874|4637|5978|4427|569|4664|976|2428|5300|2624|421|5274|3295|5915|719|4056|5625|4268|5419|5759|6304|3110|1973|1324|313|179|2861|1760|4212|1946|6|7256|2562|3511|5298|5083|2679|4793|4407|5466|5889|3953|2425|5051|5748|6565|775|7158|5311|618|2051|5572|1082|3536|4029|2056|7318|3396|5628|6115|1280|7242|7084|1540|6347|1628|455|4621|2029|992|902|6797|474|3790|3012|6177|6136|2518|216|1937|1213|5816|4336|961|4333|1169|6435|1425|1270|545|7248|6618|4445|6311|6673|462|838|4694|3651|4517|3382|2654|3504|2249|6547|5471|132|7299|6554|4649|5279|3992|1043|5288|2509|691|3830|4141|4228|7327|849|5985|3437|7219|5998|3346|4357|6419|4698|5225|1144|4288|3576|320|4862|2617|3680|5254|4189|22|1423|4412|6883|2232|6337|3583|5529|7333|2770|6067|3485|3557|5657|6680|4081|4078|5584|1108|3623|4334|5137|946|43|589|6395|4478|2629|4255|5478|5139|3482|6331|1338|5670|3564|5072|6996|5176|1299|4041|1071|1777|4970|4101|3684|3456|96|5764|3966|1962|1751|5801|7134|6433|7187|3709|1965|5812|3537|7044|7216|5542|2561|4675|3041|3348|6479|6894|5301|7204|6291|7106|2916|5605|7360|3517|4429|6420|137|3506|4435|7089|4740|6812|5049|4058|3344|6879|1439|7122|3293|7217|5544|4222|2725|2455|4206|5374|4139|1279|5250|5046|299|115|7295|7280|176|1122|6489|2836|2001|553|223|6189|3588|1065|7199|4065|2332|1813|1183|1426|2114|2459|4003|2803|820|7108|1911|5524|1521|4182|6116|3087|28|4931|1674|3075|4759|2289|133|5758|4800|5591|6561|2930|1603|6773|6576|631|519|1191|2774|5633|2576|2892|7042|6860|7011|3609|4926|426|4861|6511|7031|2448|3170|1331|2684|1241|2468|7320|7057|6251|3061|1681|4137|1407|1931|6843|289|2197|3332|665|6114|1188|3896|6595|5203|6393|7028|6624|5053|2089|1153|5839|4919|6854|5197|852|3778|3673|6200|4021|4393|5081|2351|739|6687|5890|5372|2983|4225|6792|3158|5574|2690|2877|4770|5810|6803|3245|5612|6158|2225|481|735|944|3302|1513|7102|1056|6897|901|3861|4284|722|915|4945|800|728|6846|2161|1744|6207|4387|3940|6557|6298|3321|2858|6745|958|1920|4083|206|1266|3710|4223|5251|1414|1478|6678|1006|4564|298|157|5091|6855|2727|2974|1695|151|4367|2363|654|2662|5126|1002|5145|6842|6178|527|3270|4104|5465|4226|3033|3234|6443|3330|3018|1133|5101|543|6962|3750|5600|64|7182|3431|908|2338|7085|3757|3736|1212|2489|4700|5153|6102|694|6310|4048|3028|4882|4927|4592|46|1910|571|1634|6057|5312|6953|1601|1773|4131|2745|1702|3571|5838|6764|3165|3304|6599|712|4436|3457|5366|7285|2454|3063|1216|3155|4216|4562|3322|2140|1269|5665|4050|3775|3265|1371|1195|2036|2822|2184|4660|2540|3969|1297|1021|459|5271|2218|3364|3374|929|7296|4384|1406|700|880|3932|116|2480|3064|4086|6181|1222|1057|2841|6717|3407|6296|1889|4948|490|6320|764|195|3781|6794|6628|7207|2809|5182|3316|4454|6663|4998|2012|6524|2860|1410|3507|4989|544|463|649|5846|3929|4947|2536|2381|1723|2546|6998|5896|6100|4308|419|4087|1033|554|5336|273|7125|1546|2262|3835|1476|1398|3237|4068|5358|4023|5564|6164|895|5108|4650|4187|5280|4175|943|6548|6012|1019|1500|2010|89|3329|3188|2202|5675|6137|5570|2150|1350|6217|5320|1468|2732|5154|5807|39|249|3569|2483|4471|3402|7188|242|3009|2038|5216|4025|4690|894|2282|6839|5857|5511|6430|3231|5180|3698|6139|4672|4203|5740|3162|1197|6911|5275|5315|3369|5028|5580|5451|2863|3308|715|778|5249|4880|6437|1561|7121|2885|7271|4197|4848|2275|5884|2403|7342|2144|4512|6732|4956|1576|4089|7049|5345|5324|2076|983|4302|4801|284|3593|6455|651|6238|412|464|4680|6422|6269|360|5389|180|3273|112|6602|5673|2092|1497|6285|3296|4395|2021|3743|5195|4854|5011|6284|4004|7006|795|2441|1977|1618|5113|3526|2830|955|5980|5354|652|4060|6204|2989|967|4430|468|1696|6814|522|6676|3309|6763|190|6924|3020|4028|3150|5434|4769|3211|2685|6188|4918|1967|2934|657|4148|2219|339|1192|2308|6777|6881|4620|3036|1721|493|4181|3808|2631|2956|5937|3449|5263|5958|6923|1077|5961|5348|6268|4764|1874|3003|2026|837|3948|1873|2593|898|6093|4659|6485|5879|2292|4642|1343|3946|3903|259|4744|5009|2736|1430|5566|3248|4962|377|3519|5409|1201|3995|352|2138|1131|2169|5842|1627|567|4257|4652|5624|6092|1885|162|2957|591|2607|7281|7116|3301|679|3791|3430|4169|3967|2766|3438|3055|3464|5910|4822|6108|4834|452|6234|833|762|1485|1156|6407|6910|5194|510|6667|3909|5352|7316|6283|4119|6520|483|3864|1975|3546|2842|54|3843|1307|3492|3770|5607|1458|2413|3360|1274|1775|7350|548|409|6089|3910|560|204|5330|2913|6123|6907|2285|6198|4703|2973|1285|717|3666|3052|4816|940|2220|4752|5138|1486|465|2874|4214|1621|2482|2661|653|203|1042|7128|6006|1693|7007|6051|6701|3973|3611|2867|4938|3697|4996|6552|615|549|5502|5017|6474|371|3472|1825|2432|6068|5099|4280|6634|3999|5787|1624|6009|390|5918|873|1129|6004|5294|7265|1724|1272|1316|3004|918|3047|3056|1734|2608|5506|1725|5122|99|2353|6121|839|5322|300|4518|911|2009|1214|248|5835|1367|1898|131|6974|851|4803|4313|546|1706|391|3756|4742|5259|533|4910|3142|3340|5486|7308|4325|520|6468|25|1900|2710|6610|7255|5289|7240|3856|3705|85|5555|436|1991|5084|4475|6436|3254|4151|4035|4949|3282|1211|897|4246|7130|1994|7335|5109|7000|7160|6613|3838|3159|5224|3379|2953|6889|6516|4775|5616|1389|3065|6527|6389|3250|5211|4899|3291|6937|6629|210|4736|5598|2137|5349|1756|5904|1982|2309|2380|1005|27|6062|4202|5932|6939|4838|5741|6205|5278|6281|914|6406|1614|1815|5221|3490|2502|5317|3328|6975|5075|1149|6126|161|272|4285|1127|234|4745|3153|3496|6770|2997|2689|3467|4837|1298|3721|1074|888|6749|6711|5293|1688|5530|5044|6515|6176|1282|2437|397|3186|1291|2640|5945|3048|226|6324|4444|6566|7132|4269|3874|689|4750|6078|2870|7291|2176|5475|258|5493|5213|2412|2126|6445|3281|3870|2325|7155|680|5270|2972|1658|6253|5754|446|3123|5966|5581|6159|1955|1392|1049|3269|4746|821|12|3043|5517|2290|2373|2352|1675|2952|7060|586|4323|2304|6536|2980|1480|4653|1116|6349|6936|3548|6645|5626|17|1066|1190|2873|3285|1068|5090|2173|4895|2196|373|290|6484|387|5338|1075|6802|3448|4643|1586|5962|2475|1594|913|3603|2198|432|5638|2431|4913|3867|4623|5556|6660|4241|5802|1863|252|5973|4339|1442|7345|5720|646|7257|587|2435|5719|3749|4307|6999|6714|5926|7354|14|6295|7337|6272|5553|2591|1026|2050|1996|2210|1117|2722|3858|4858|5894|2030|5850|6488|7302|6055|6502|6973|4301|4749|6617|2113|528|7246|6287|262|5095|4870|4157|1230|1311|3814|3439|6461|6960|422|6934|2554|15|218|2170|7111|710|3602|5970|2584|865|2711|6523|6888|4889|6830|6027|3993|6257|5712|2492|5743|6848|1949|6915|5508|2112|5699|2291|6957|5761|3025|4289|5750|829|1415|7319|3773|2840|2470|5565|1667|148|5241|4425|3643|1670|4464|5952|1913|4541|3556|33|7142|6153|5923|1642|3682|2612|6767|4654|6880|731|3292|276|2513|2965|3214|1646|7024|7032|2644|3298|597|2929|3411|3670|4180|1509|6642|6013|7323|6780|1701|3857|5518|7358|4165|1877|5942|953|1989|5577|7274|6572|1602|732|2452|3919|2268|1029|3164|1704|5105|1135|4049|191|6510|495|2142|406|4971|6481|4950|4627|876|3241|6817|1956|7209|5175|6593|870|2045|6326|7355|3876|6168|3122|7244|4721|7175|5456|3740|4179|6630|2129|7029|7222|5979|7013|1793|2006|7051|536|224|2302|1044|3825|5379|1304|4287|4608|3518|4286|2088|1888|2524|5786|5458|2320|3217|2110|6007|673|2270|4705|5708|2757|5540|4158|5356|6252|2041|7061|477|1830|2101|1570|2490|6876|2039|5227|4635|7131|37|792|5652|5613|619|4960|4229|7|6989|2586|858|4036|5796|6463|3815|5247|1310|4114|4907|2148|1308|3420|285|3173|3930|1921|3080|6366|1315|6386|2066|4842|6651|4178|6438|4354|489|5042|2682|1906|6955|989|1858|4733|2558|3809|945|1339|3054|5461|2094|6696|5005|2020|6582|384|3232|6354|2773|7366|119|2349|3502|1294|1023|1828|3777|3902|701|2015|1168|6165|100|7307|6120|5364|4869|2177|1903|1429|702|7362|1948|7230|4986|5421|4943|973|2967|1764|3362|3691|3608|5701|5457|6239|926|4574|1941|5381|1577|1411|1579|1822|6653|3834|2414|3100|6682|6744|4890|5698|1683|3730|830|2551|6030|2909|4295|7334|1784|4912|5264|5284|2217|2269|5085|3476|524|2016|6372|5601|1357|1632|5430|5703|1412|5202|2621|5121|3363,386|213|356|191|27|262|51|83|197|24|357|10|1|141|238|263|310|333|377|353|103|136|102|2|89|128|165|239|315|182|284|74|110|121|334|349|370|378|122|171|220|339|342|393|96|143|190|215|265|302|33|62|281|291|308|38|50|75|106|249|271|59|61|69|257|67|125|246|260|295|326|45|163|303|34|168|217|13|18|247|280|292|363|32|240|283|9|268|331|394|16|87|207|208|267|294|328|387|244|340|20|108|183|188|221|270|305|371|390|39|144|149|153|194|226|289|147|150|218|261|278|309|317|53|97|166|314|316|338|364|395|43|195|332|361|42|116|146|177|196|201|279|311|319|327|367|90|92|148|169|255|354|391|392|151|176|214|219|286|368|25|81|127|216|223|234|258|277|341|362|56|91|237|307|312|8|17|68|82|98|200|210|230|288|320|11|19|111|172|178|222|250|351|3|142|253|300|330|94|104|124|130|132|140|206|29|107|114|126|129|134|135|173|184|202|251|285|296|348|380|52|58|115|118|154|243|266|274|287|318|343|369|57|66|84|158|164|167|245|346|385|14|55|193|273|347|396|30|35|46|101|192|355|41|79|123|205|225|231|254|264|293|297|335|372|388|0|162|229|350|382|26|37|186|236|256|276|301|401|117|198|324|344|397|63|85|139|157|159|181|232|269|329|366|6|44|323|325|4|78|80|95|100|137|138|174|189|86|23|145|272|290|321|12|22|161|376|28|105|209|336|113|227|72|235|259|282|54|133|299|389|31|156|313|384|180|337|358|381|7|88|359|360|5,0|2|3|4|6|7|12|13|14|16|17|18|20|21|24|25|26|27|29|30|31|35|37|39|40|41|46|47|50|52|53|54|55|56|58|59|61|63|66|68|69|75|76|79|80|82|86|88|89|91|92|94|97|98|99|103|106|109|111|113|115|121|123|129|130|133|134|135|136|140|141|142|144|145|146|150|152|153|155|156|159|160|161|163|165|166|168|172|173|177|181|182|183|186|187|188|192|197|198|200|201|203|204|205|206|207|210|211|226|228|231|232|234|235|236|239|240|243|244|246|247|250|251|253|256|257|262|264|266|268|269|271|272|284|286|287|291|294|299|300|301|303|305|307|309|310|311|312|321|322|323|324|325|328|329|333|336|340|341|342|343|344|345|346|347|348|349|354|357|358|364|367|368|369|370|373|375|379|381|382|383|384|385|386|389|391|394|396|400|401|402|403|404|405|406|408|411|418|421|422|423|426|428|430|434|435|439|440|443|444|448|451|452|453|454|455|456|457|458|461|462|465|473|478|479|481|482|483|486|487|488|489|490|491|492|493|495|496|499|500|501|503|504|505|507|508|511|512|521|523|525|526|529|533|535|537|544|548|550|551|554|555|556|558|559|560|561|563|566|567|570|573|575|576|579|581|582|584|587|592|593|597|599|601|605|607|608|609|611|612|613|614|618|619|622|624|625|626|627|630|639|641|642|644|645|646|647|648|652|654|656|661|666|667|668|672|675|684|689|691|695|696|699|700|702|703|706|707|709|713|714|718|720|721|723|725|728|730|733|738|739|742|751|752|754|755|757|763|764|765|767|771|773|775|776|777|780|783|785|787|789|790|791|792|794|795|796|799|801|802|803|805|811|817|819|821|823|825|827|830|833|835|838|839|842|843|844|845|846|849|851|854|863|865|866|867|874|875|879|880|882|884|885|890|891|893|894|896|901|902|904|905|906|909|910|916|919|920|923|924|929|930|931|932|937|938|944|945|946|950|953|958|962|971|972|974|976|979|981|983|987|992|993|994|997|998|999|1001|1003|1005|1008|1011|1013|1015|1016|1017|1018|1023|1024|1026|1033|1034|1036|1037|1039|1040|1043|1045|1049|1056|1059|1063|1069|1073|1074|1075|1076|1077|1079|1083|1085|1089|1092|1094|1095|1097|1099|1104|1106|1108|1109|1111|1114|1117|1118|1120|1122|1125|1126|1131|1132|1135|1137|1138|1142|1146|1151|1154|1155|1156|1159|1164|1166|1169|1170|1171|1175|1176|1179|1182|1183|1185|1188|1189|1190|1191|1193|1194|1195|1197|1198|1200|1203|1206|1209|1210|1213|1217|1219|1220|1221|1224|1225|1228|1230|1233|1234|1236|1237|1240|1243|1244|1245|1246|1247|1249|1251|1253|1254|1255|1256|1259|1262|1263|1266|1268|1269|1270|1271|1273|1274|1276|1278|1286|1292|1293|1294|1296|1299|1300|1308|1309|1313|1319|1321|1323|1324|1325|1326|1327|1328|1329|1330|1331|1335|1338|1340|1341|1344|1345|1346|1347|1352|1354|1356|1362|1364|1365|1367|1370|1371|1376|1379|1380|1381|1386|1387|1391|1393|1396|1398|1401|1402|1404|1405|1407|1411|1413|1414|1415|1419|1421|1423|1424|1425|1426|1427|1428|1430|1432|1433|1435|1436|1439|1441|1445|1447|1449|1453|1458|1459|1460|1462|1466|1468|1469|1471|1479|1487|1489|1490|1491|1492|1493|1494|1499|1500|1501|1503|1505|1507|1511|1514|1516|1517|1518|1519|1521|1526|1527|1528|1529|1530|1532|1534|1535|1536|1539|1541|1548|1552|1553|1554|1556|1559|1560|1562|1563|1565|1566|1567|1568|1571|1572|1573|1574|1576|1579|1580|1581|1582|1584|1585|1586|1590|1596|1600|1602|1605|1609|1612|1613|1614|1617|1618|1619|1621|1622|1623|1624|1630|1631|1637|1642|1644|1645|1649|1650|1653|1656|1660|1664|1666|1667|1669|1673|1676|1677|1685|1687|1688|1691|1693|1695|1698|1700|1705|1706|1708|1709|1711|1713|1716|1717|1719|1720|1721|1722|1724|1726|1732|1733|1734|1736|1739|1746|1752|1754|1755|1756|1761|1762|1763|1764|1770|1774|1777|1778|1780|1781|1785|1786|1787|1789|1790|1792|1793|1795|1796|1798|1799|1803|1804|1805|1817|1818|1819|1820|1821|1823|1824|1830|1832|1833|1834|1837|1841|1844|1845|1846|1850|1851|1854|1855|1856|1859|1863|1870|1872|1873|1875|1876|1880|1881|1882|1890|1893|1895|1896|1897|1900|1902|1905|1907|1908|1909|1913|1915|1916|1918|1919|1923|1924|1925|1927|1929|1931|1934|1939|1940|1943|1945|1952|1953|1960|1961|1962|1964|1969|1970|1971|1972|1973|1974|1976|1977|1978|1979|1982|1985|1987|1988|1989|1991|1992|1993|1997|2002|2005|2006|2007|2008|2014|2015|2016|2017|2018|2020|2024|2026|2027|2028|2030|2033|2034|2035|2041|2042|2044|2045|2047|2048|2049|2055|2057|2062|2065|2066|2067|2068|2069|2071|2072|2073|2075|2076|2077|2080|2081|2083|2086|2092|2094|2100|2105|2106|2111|2112|2113|2114|2115|2117|2118|2120|2121|2122|2123|2126|2131|2132|2133|2135|2140|2141|2145|2148|2149|2152|2155|2157|2158|2162|2163|2165|2171|2172|2174|2179|2180|2183|2186|2189|2190|2193|2199|2201|2203|2210|2211|2217|2219|2222|2225|2228|2230|2235|2238|2239|2241|2246|2247|2248|2250|2251|2252|2253|2256|2258|2259|2260|2261|2264|2265|2267|2271|2272|2275|2280|2284|2290|2294|2298|2299|2300|2302|2309|2317|2325|2329|2330|2331|2335|2337|2338|2339|2340|2341|2343|2347|2349|2352|2353|2355|2356|2365|2366|2367|2368|2369|2371|2372|2373|2376|2377|2379|2380|2381|2383|2385|2386|2388|2391|2397|2399|2400|2401|2402|2403|2405|2408|2410|2415|2418|2422|2427|2430|2433|2434|2435|2436|2437|2438|2443|2446|2447|2448|2450|2459|2460|2462|2465|2467|2471|2472|2474|2476|2483|2485|2486|2487|2488|2490|2494|2497|2498|2501|2504|2506|2507|2509|2510|2511|2512|2515|2516|2518|2521|2526|2532|2533|2535|2537|2541|2545|2546|2547|2550|2552|2557|2560|2562|2566|2568|2570|2572|2575|2579|2581|2582|2583|2587|2588|2589|2590|2593|2594|2595|2596|2597|2599|2602|2605|2607|2612|2613|2615|2616|2617|2618|2619|2620|2621|2622|2623|2625|2626|2627|2628|2629|2630|2631|2636|2641|2644|2647|2650|2652|2654|2655|2656|2658|2659|2661|2667|2670|2673|2676|2677|2680|2681|2682|2683|2685|2686|2692|2695|2698|2699|2700|2701|2703|2705|2706|2708|2709|2710|2711|2718|2720|2725|2727|2729|2730|2732|2737|2738|2742|2744|2748|2750|2753|2754|2755|2756|2759|2761|2763|2765|2767|2768|2770|2776|2777|2779|2780|2784|2787|2788|2790|2791|2792|2793|2794|2797|2798|2799|2805|2808|2813|2814|2816|2817|2818|2821|2823|2824|2826|2828|2831|2834|2835|2837|2839|2840|2841|2842|2844|2849|2854|2856|2858|2864|2865|2866|2868|2869|2871|2872|2873|2876|2877|2878|2879|2881|2884|2885|2886|2887|2889|2890|2892|2895|2896|2901|2902|2905|2906|2907|2909|2911|2916|2918|2921|2923|2924|2926|2930|2932|2934|2939|2940|2941|2942|2943|2944|2947|2948|2949|2958|2961|2964|2965|2966|2969|2972|2974|2977|2980|2981|2985|2986|2989|2990|2993|2995|2997|3000|3002|3003|3005|3006|3009|3013|3016|3017|3019|3020|3021|3022|3028|3033|3035|3036|3037|3038|3039|3040|3042|3051|3056|3057|3058|3061|3064|3066|3068|3070|3072|3078|3085|3086|3087|3088|3090|3092|3093|3094|3095|3096|3099|3100|3102|3104|3106|3107|3108|3111|3113|3115|3117|3122|3124|3128|3129|3134|3135|3137|3140|3141|3145|3147|3149|3153|3154|3155|3157|3158|3159|3162|3164|3165|3167|3169|3173|3174|3177|3178|3179|3181|3185|3187|3192|3196|3197|3201|3203|3206|3209|3210|3212|3213|3216|3217|3219|3221|3222|3223|3230|3231|3232|3235|3237|3239|3243|3244|3250|3252|3255|3257|3258|3259|3260|3261|3262|3266|3269|3270|3271|3273|3274|3277|3278|3280|3282|3283|3295|3305|3307|3311|3312|3323|3324|3325|3326|3328|3331|3336|3338|3339|3340|3341|3343|3346|3347|3350|3351|3352|3353|3356|3358|3359|3364|3365|3369|3372|3373|3374|3379|3380|3381|3385|3386|3389|3391|3395|3401|3413|3415|3418|3420|3421|3422|3425|3426|3429|3430|3431|3432|3435|3439|3442|3443|3445|3455|3458|3459|3460|3463|3466|3468|3469|3471|3472|3477|3481|3483|3484|3491|3493|3494|3498|3503|3506|3507|3508|3509|3510|3511|3512|3514|3521|3522|3524|3527|3529|3530|3533|3534|3536|3537|3540|3542|3543|3545|3546|3547|3548|3550|3552|3554|3556|3560|3562|3564|3565|3567|3568|3570|3574|3576|3577|3579|3580|3581|3582|3592|3595|3597|3599|3600|3601|3602|3603|3605|3607|3608|3610|3612|3616|3617|3621|3622|3623|3626|3628|3629|3635|3637|3638|3639|3640|3642|3643|3647|3648|3649|3650|3651|3654|3657|3660|3662|3669|3670|3672|3673|3678|3680|3681|3682|3683|3685|3687|3688|3689|3692|3693|3696|3699|3701|3705|3709|3710|3712|3713|3714|3715|3716|3717|3720|3721|3722|3724|3726|3731|3739|3740|3742|3745|3747|3748|3756|3757|3759|3762|3769|3771|3773|3776|3779|3783|3784|3786|3789|3790|3792|3793|3794|3797|3798|3800|3802|3804|3807|3808|3811|3814|3815|3820|3823|3824|3828|3830|3831|3833|3842|3843|3847|3848|3853|3858|3859|3860|3862|3864|3867|3868|3871|3872|3873|3874|3876|3877|3882|3885|3891|3895|3896|3900|3905|3907|3909|3910|3911|3916|3919|3920|3924|3925|3929|3930|3932|3937|3939|3941|3942|3943|3944|3945|3947|3948|3949|3950|3952|3955|3957|3958|3960|3963|3964|3966|3969|3970|3971|3973|3975|3977|3978|3980|3983|3986|3988|3990|3992|3994|4000|4003|4004|4005|4006|4008|4009|4010|4013|4015|4017|4020|4021|4022|4024|4025|4026|4027|4029|4030|4031|4032|4034|4035|4036|4039|4040|4041|4044|4051|4052|4053|4061|4065|4068|4070|4072|4074|4076|4077|4079|4086|4087|4090|4095|4099|4100|4102|4104|4106|4107|4110|4112|4113|4115|4116|4120|4121|4122|4124|4126|4134|4135|4137|4138|4139|4142|4143|4145|4147|4150|4153|4155|4156|4158|4159|4161|4162|4164|4166|4167|4168|4169|4170|4172|4174|4177|4182|4183|4187|4189|4191|4193|4196|4197|4198|4200|4204|4205|4208|4211|4212|4213|4214|4215|4216|4218|4219|4220|4222|4227|4229|4233|4235|4237|4239|4241|4242|4244|4246|4250|4251|4261|4262|4264|4268|4271|4272|4277|4283|4284|4286|4287|4288|4290|4291|4292|4300|4303|4305|4309|4311|4312|4316|4318|4319|4320|4321|4325|4326|4328|4331|4333|4334|4336|4337|4338|4341|4342|4343|4344|4346|4353|4354|4357|4358|4360|4362|4363|4364|4366|4370|4374|4376|4378|4382|4385|4388|4391|4392|4393|4394|4395|4396|4398|4400|4402|4404|4405|4406|4409|4410|4411|4413|4416|4419|4422|4431|4433|4435|4437|4439|4442|4444|4447|4448|4449|4450|4452|4455|4456|4457|4458|4460|4463|4465|4467|4471|4475|4482|4483|4485|4493|4497|4505|4506|4511|4512|4516|4517|4521|4522|4524|4526|4527|4530|4531|4532|4533|4536|4538|4540|4541|4542|4546|4547|4548|4549|4564|4565|4566|4570|4574|4575|4576|4577|4578|4581|4583|4584|4586|4589|4591|4593|4594|4598|4599|4601|4602|4604|4605|4608|4609|4610|4611|4613|4616|4617|4618|4620|4622|4623|4624|4625|4629|4639|4641|4642|4645|4648|4653|4655|4659|4661|4662|4663|4664|4665|4671|4675|4678|4679|4683|4684|4686|4687|4689|4693|4695|4696|4697|4698|4699|4700|4702|4704|4710|4712|4713|4714|4717|4719|4721|4727|4735|4736|4740|4741|4742|4744|4745|4747|4750|4758|4759|4760|4764|4766|4768|4771|4772|4773|4775|4776|4777|4781|4782|4784|4786|4789|4794|4795|4796|4797|4798|4799|4800|4807|4808|4811|4812|4813|4815|4817|4818|4820|4822|4827|4829|4830|4831|4833|4834|4835|4836|4837|4838|4839|4840|4844|4846|4848|4849|4851|4853|4856|4858|4861|4864|4868|4873|4875|4876|4879|4880|4881|4882|4883|4885|4886|4890|4891|4892|4894|4895|4896|4897|4898|4903|4904|4906|4907|4909|4910|4911|4913|4921|4925|4926|4927|4932|4933|4934|4935|4936|4939|4941|4942|4943|4944|4945|4946|4948|4950|4951|4952|4954|4955|4961|4963|4965|4968|4970|4971|4972|4974|4976|4980|4984|4985|4993|4996|4997|4998|5000|5002|5004|5008|5009|5010|5011|5015|5016|5021|5022|5023|5027|5028|5029|5033|5037|5041|5044|5045|5051|5052|5057|5059|5061|5062|5068|5069|5071|5074|5080|5082|5083|5087|5088|5091|5093|5096|5098|5099|5101|5103|5107|5111|5112|5113|5114|5118|5119|5122|5128|5129|5133|5135|5141|5142|5143|5144|5146|5147|5148|5150|5151|5152|5157|5158|5159|5161|5162|5163|5164|5170|5172|5173|5174|5178|5179|5181|5187|5188|5191|5192|5193|5199|5204|5211|5213|5214|5216|5218|5221|5222|5227|5229|5231|5232|5235|5239|5241|5242|5244|5248|5250|5255|5257|5258|5263|5265|5267|5273|5274|5276|5277|5278|5284|5285|5288|5289|5290|5295|5299|5302|5304|5306|5307|5308|5311|5312|5314|5316|5318|5319|5324|5326|5327|5333|5334|5340|5343|5346|5347|5349|5351|5353|5354|5355|5356|5357|5362|5363|5364|5367|5369|5370|5371|5373|5375|5376|5379|5384|5390|5393|5395|5399|5401|5402|5403|5405|5406|5407|5409|5411|5414|5418|5419|5420|5421|5422|5423|5427|5429|5430|5432|5441|5442|5443|5445|5449|5450|5451|5452|5453|5459|5461|5462|5469|5471|5472|5476|5477|5478|5479|5481|5482|5483|5485|5488|5489|5493|5496|5499|5500|5502|5504|5506|5507|5509|5515|5516|5518|5519|5522|5523|5526|5528|5529|5530|5532|5534|5537|5539|5540|5541|5542|5544|5545|5546|5549|5553|5559|5562|5564|5565|5567|5572|5574|5580|5583|5586|5592|5593|5595|5597|5603|5605|5606|5607|5611|5615|5617|5618|5619|5620|5622|5624|5625|5627|5629|5631|5633|5634|5635|5636|5637|5640|5641|5643|5654|5655|5656|5657|5658|5659|5660|5667|5668|5670|5673|5675|5678|5679|5681|5682|5686|5688|5689|5692|5694|5699|5704|5705|5707|5710|5711|5722|5725|5727|5728|5729|5731|5738|5740|5741|5743|5745|5751|5754|5755|5758|5761|5762|5764|5768|5770|5771|5772|5773|5774|5775|5776|5779|5781|5782|5784|5785|5790|5791|5793|5794|5796|5797|5798|5800|5801|5804|5806|5808|5809|5810|5811|5815|5816|5817|5818|5819|5823|5824|5829|5830|5834|5837|5840|5842|5843|5845|5849|5850|5851|5852|5853|5854|5855|5856|5857|5861|5864|5865|5866|5871|5873|5874|5875|5876|5877|5878|5879|5883|5884|5887|5889|5895|5896|5897|5899|5900|5901|5905|5906|5907|5910|5911|5917|5920|5922|5924|5925|5932|5933|5936|5938|5939|5940|5942|5945|5946|5947|5949|5952|5953|5954|5957|5958|5959|5960|5961|5963|5967|5968|5972|5976|5979|5983|5985|5986|5988|5990|5994|5997|5998|6000|6002|6006|6007|6008|6009|6015|6018|6023|6025|6028|6029|6030|6032|6033|6035|6036|6039|6040|6041|6042|6046|6047|6050|6052|6053|6054|6064|6065|6067|6068|6070|6071|6074|6075|6077|6084|6085|6087|6088|6090|6091|6094|6099|6100|6102|6105|6107|6108|6111|6112|6113|6114|6116|6118|6119|6120|6122|6124|6128|6134|6135|6136|6138|6140|6143|6144|6145|6150|6151|6155|6156|6159|6160|6161|6164|6165|6168|6170|6171|6172|6173|6175|6177|6178|6183|6185|6187|6188|6193|6194|6199|6203|6207|6208|6209|6210|6213|6217|6220|6222|6226|6227|6228|6235|6240|6241|6244|6249|6250|6252|6257|6259|6263|6266|6272|6275|6277|6278|6280|6281|6284|6293|6294|6295|6298|6299|6302|6303|6304|6306|6307|6308|6310|6311|6314|6317|6320|6325|6326|6327|6328|6333|6334|6336|6337|6339|6342|6343|6345|6347|6349|6354|6356|6357|6359|6360|6361|6363|6367|6369|6373|6374|6377|6379|6386|6387|6388|6393|6394|6395|6396|6401|6404|6406|6407|6408|6409|6410|6414|6418|6419|6421|6423|6425|6428|6429|6431|6438|6439|6441|6449|6451|6452|6453|6462|6463|6464|6465|6466|6468|6473|6474|6475|6478|6479|6480|6481|6482|6483|6490|6492|6495|6500|6505|6506|6507|6509|6510|6512|6516|6524|6526|6527|6528|6529|6533|6536|6538|6544|6547|6550|6552|6553|6556|6557|6560|6561|6564|6568|6569|6570|6571|6573|6580|6581|6582|6584|6585|6588|6592|6594|6595|6599|6600|6608|6614|6615|6617|6620|6622|6627|6631|6632,10.694767441860465,True
instance_0015.txt,smaller_multi,2173,339,2095,5353|6920|6116|6166|4962|5855|1705|5153|4782|1491|2574|4974|6551|295|4067|6642|5532|4351|757|3779|3810|3545|3723|2963|1573|4942|3585|5216|1402|2836|498|3385|6818|4301|2048|2192|4047|6729|4088|3116|1464|4259|7041|6916|2128|4779|529|3417|1359|4964|3925|4956|3973|5341|1615|5759|5505|2686|357|6482|5726|5782|4480|5278|5140|4155|6655|793|401|7047|7005|3822|4586|6980|1786|6748|3249|1477|4026|6187|4376|6957|7056|4921|3439|4675|555|1490|6|5991|3089|2664|6063|259|449|1672|4177|7240|5238|6381|2708|704|1233|6917|6112|3873|6320|4804|4275|4686|960|3093|1606|5351|4704|4493|5136|5348|5106|5838|5939|2185|6705|3642|4809|6657|3766|5923|2476|6627|3013|5169|3825|3624|3870|6992|6898|3338|6951|2934|4735|976|1675|969|390|5594|888|1973|5327|152|3591|1040|4489|116|725|4035|6299|2277|3268|445|6587|4903|6267|4137|6205|1536|4653|5414|2582|1441|949|183|5152|3244|2200|2954|2337|4141|2861|1836|3073|1994|3597|1755|96|2618|1957|6646|6776|1958|5367|4056|5145|6017|7176|1301|6598|1223|4252|5519|3670|4079|574|346|1702|5965|156|6481|2473|6888|2334|4648|2535|5703|1227|1143|1363|2937|1727|2109|5500|6129|302|2078|5870|3360|2516|2051|6255|5642|1961|6640|570|2223|369|1008|3380|4202|5299|4181|6651|6060|2752|3647|6051|5615|3945|2138|4297|1911|2302|5459|5202|7100|3317|6467|6204|633|2779|4591|587|2176|4007|2145|802|3389|6224|3070|3883|6578|6308|1962|7262|3192|3177|5208|1251|5492|1497|4615|1136|1605|5533|2544|537|6895|5635|6987|5445|4416|3987|7017|1353|1656|5711|2560|151|694|2882|3213|7354|231|1641|1683|3148|2259|782|3855|1296|1890|3285|4992|7016|3773|2122|2694|4755|2266|3007|6797|2177|3780|4148|435|2220|5798|1120|5849|1687|2716|2011|5326|4164|6515|327|2834|6519|2804|2938|460|4644|6589|2788|6180|2879|6593|1880|5644|6266|2956|3638|3923|6066|3720|251|3566|5968|6639|5420|3701|3232|2212|4515|6243|2247|4461|1333|5845|3861|5743|4660|1195|709|2711|6408|3909|376|1164|3262|2147|1939|2411|5902|1670|3735|1776|5964|4388|3788|1304|2578|6852|341|7278|2221|7270|3757|5087|1184|4603|409|6658|3639|7198|1625|425|5601|6173|6400|3306|5695|3890|5357|5715|1475|1329|1907|3982|6012|847|5498|4424|4693|3378|41|7194|3798|5346|5131|635|4616|3157|5379|5754|6134|955|2112|4626|2149|1995|2126|354|2746|2269|3539|3460|3397|920|2270|4731|5395|5334|6972|2874|5429|5545|6450|2675|1899|4459|1346|2028|3781|5217|6294|2345|1385|256|6208|2738|4477|3033|3204|284|3357|4726|4172|7107|3826|1731|3310|1344|6938|6376|3660|7123|4561|1377|3815|2214|1929|3335|2375|1413|5350|7259|1738|4341|5704|4075|7163|4605|3429|5556|1936|2661|4851|4005|7191|6905|3704|906|6823|6264|4344|3243|5918|7352|6365|1409|5756|3641|3083|3851|2770|3435|1479|5811|5788|5765|3411|1253|3959|5000|2159|4979|5105|2776|1885|3652|4072|5361|2668|1158|7329|4034|6265|1739|885|1461|3891|6339|3872|6322|3125|1853|1780|6585|3965|1769|2125|1300|6761|23|7206|4377|3255|869|4145|4188|3168|2410|5945|4705|3968|5236|2167|1190|7199|2704|4882|4528|2342|5892|2671|2790|1596|7175|3198|4010|4680|6333|2074|4237|5827|388|6590|1513|2926|6913|1180|4383|7223|415|2248|2264|1066|6437|3543|1002|4645|2672|5764|1777|366|4132|7272|5407|5648|3353|3612|5411|361|5916|1083|1968|6567|28|4419|4829|6121|3989|4770|6214|6677|3956|2967|6233|1232|3858|6792|4165|1548|3428|3990|3092|63|2335|7300|6206|1210|6645|4432|2121|3032|1991|660|375|4406|5913|6338|4270|1795|1151|5221|2408|6080|3252|3330|4152|661|3476|5907|7007|3552|4111|238|2507|5578|5593|2869|6263|7009|6241|154|6664|1832|3253|3593|5483|5298|4856|1582|776|3596|2301|5312|2939|1565|4080|4811|4628|716|2447|6007|4118|2712|6286|4661|90|938|7235|4807|6369|4920|3114|5463|3047|4100|4738|2657|7126|3042|6164|4715|4404|6559|2402|3129|4298|2257|651|6558|1213|1909|4400|3137|6714|2620|5739|5064|6383|4178|2329|4875|3436|5843|6624|6128|2551|3877|3030|1858|6242|6494|5307|2251|593|1080|599|3860|1801|1269|562|4907|5561|5623|5999|4174|3275|2348|2914|4855|2713|6859|4281|4594|3857|2031|5805|4475|1762|6560|5079|3409|2909|1240|6625|4199|923|3014|2356|6194|7360|4835|6464|5107|2638|3749|6124|6603|1975|762|7133|1611|6896|2826|6934|120|539|1564|6636|673|1529|4149|358|5437|2849|1111|3929|3001|2509|3905|4211|6391|3393|5144|2135|2432|755|263|1167|3755|6468|274|3763|3322|7345|7076|6803|1527|2636|4016|2572|6983|5036|4491|1992|5125|1317|6191|1284|3607|3626|7231|5982|5375|2441|5896|3569|1932|323|1443|6420|1668|4313|5187|290|4427|1706|6526|1873|6927|443|230|5042|381|4522|2795|89|3588|2103|719|2169|1644|3881|1913|339|3035|6209|5719|2828|117|4625|4873|46|5035|2347|4850|5006|4260|1094|1330|2050|3864|2013|5030|1872|5881|1861|1830|6550|3104|2726|407|2003|1029|4045|3583|483|573|6077|6871|2734|3057|1681|838|957|4117|3853|7333|2886|627|6819|6435|2310|3208|2475|941|4514|4105|6353|1369|3475|4415|5539|5831|2030|2354|4926|4502|5744|5814|4392|6807|4947|1652|4746|7364|2986|3819|4536|2267|1044|4980|5700|1176|871|554|1660|6994|88|2073|397|5489|6790|25|1113|8|5878|433|2049|818|4470|3893|5668|21|1048|5752|4542|3840|2227|4918|5609|4994|5102|4812|3085|4465|4931|1959|5304|6196|5842|4906|3504|7098|3774|5015|1247|4944|4871|2134|6763|6510|3936|2656|1842|5640|1039|1249|5632|3667|2614|6278|2706|773|5242|3086|1328|3364|3426|288|3263|2538|6463|3981|342|2463|696|807|1188|5471|6034|769|4441|3794|4381|6663|6961|521|1023|4954|5057|2407|7159|1015|7244|2420|3854|5467|6445|7337|3261|4765|1629|3808|7263|6096|722|6202|2174|2750|7267|5121|1579|4614|5821|3421|2435|3477|6146|4573|2253|312|6192|2285|314|5425|6466|4839|3578|7011|3834|6495|6119|2862|3251|5958|5777|4618|10|6415|656|218|5194|4657|7219|5188|1865|1021|4233|50|1498|3736|3811|4267|913|3630|2539|6570|2033|220|2019|4610|800|5321|921|6742|5767|942|6107|6182|5284|2256|2071|504|3734|6161|6074|7032|4323|5198|3895|678|178|5342|2801|3528|2775|2206|2729|6140|980|5544|5457|3002|3537|4571|4532|2493|2652|3676|519|2479|2889|5352|1103|4890|6360|2923|4024|3318|6802|3419|857|0|1217|2592|4583|3087|115|6912|4832|1451|5275|3098|1721|6530|5789|3761|6846|2710|3112|2180|7072|7073|1277|2757|7157|1031|5485|1765|4346|5630|2436|5408|4886|362|347|4099|3372|5997|4293|1576|5709|7249|1037|5515|3299|4822|729|1428|6285|3269|5955|324|4584|1211|5354|4581|6153|3401|3270|4352|2094|2424|3879|5261|2236|2679|6990|3120|6795|3229|340|3482|3465|6661|2273|6948|2654|2062|2979|2291|6306|749|4435|6736|2974|322|3733|5905|3210|5322|3215|4207|1538|315|6988|5268|7273|7307|5024|5548|4280|1386|6186|1072|3350|5899|5143|6370|246|432|2659|1878|2313|1523|5851|746|2090|1235|2046|1096|4500|3003|7251|3156|6648|4041|2146|2427|6245|4031|3105|7295|3636|7010|2022|1131|1175|4125|4995|5082|4395|2007|4234|4303|2150|6396|6840|3602|3273|4912|4054|4961|2017|4800|4727|2950|264|2219|977|2029|2268|6788|6141|5521|6378|5757|4423|5626|6671|5772|2272|6781|1651|6959|3983|4904|4356|1871|1723|6190|2499|5494|1355|5708|4720|3023|6976|3782|6273|1298|2878|3789|4195|4084|5271|3769|6842|3049|688|883|3507|2183|4756|7131|6719|3954|1633|3388|4292|37|6869|4725|745|2139|4226|5551|5684|4091|5060|1343|4816|844|3924|2132|2417|3374|4860|5858|2650|1632|3068|1258|1643|4284|987|6834|591|965|6500|567|898|5164|7026|6608|5625|5481|4639|4923|2890|2373|6610|3603|85|2087|2386|4595|3467|2454|3034|7315|1027|3319|2736|6303|4555|1575|6234|7095|5686|4658|1980|5246|2102|972|365|6649|1073|4235|514|1138|5365|1551|3649|3608|6441|1149|6374|4852|1234|2072|1305|2365|2226|479|778|5830|6315|862|3295|6853|933|6198|930|5940|3969|1379|2794|1448|2901|1562|4417|718|145|5993|549|6258|6745|5011|1291|5750|1654|566|6364|148|6865|4503|2749|997|3074|4754|4743|824|4162|5337|5621|1200|395|5669|6668|6739|2965|3387|5895|1179|1322|3668|1593|4501|6000|6136|4483|6228|6597|1563|1370|2488|6531|1299|328|5542|2474|3130|2340|4932|5197|1553|3457|267|1901|5306|6936|4518|2816|2503|5817|3413|6147|2651|6548|3792|3376|4018|4457|3874|3975|6030|5597|43|3420|6770|3463|939|4450|191|6967|867|5869|583|1520|5706|3666|4787|2829|1598|1038|1692|3536|4785|5856|137|2653|1064|4508|507|7106|2374|3347|4627|6787|2522|2080|5232|1534|216|5154|3133|2289|5207|2596|7150|3061|5891|556|1535|5046|1898|1350|2904|811|738|6780|2425|6893|4358|7162|2617|2612|3311|5077|440|2921|582|2943|1311|4315|72|1859|4495|1720|2490|1003|5314|240|5444|2255|1013|6346|6517|5484|1797|7254|5004|5938|2414|632|4387|2505|3674|3162|6102|7051|6688|207|2920|3551|6521|5231|691|770|2511|3931|1454|1431|2645|6421|6292|7201|6876|5033|2163|935|3742|2855|6806|5553|7121|3599|5406|5740|3321|5433|3031|271|4108|6215|1459|6844|4451|2000|3999|1894|2724|441|1910|1589|2553|596|4246|7074|5564|5922|172|6410|5986|7099|360|4952|2469|3233|442|3744|6219|4049|5631|6250|4766|6052|6935|2906|4456|2339|66|6492|2997|2318|2453|6398|6336|3697|276|2525|6473|1543|3977|6861|2324|4250|6254|6801|7356|5177|5770|6998|834|2276|4239|418|5021|3949|5497|4978|3425|3716|5639|1492|4058|6423|806|3241|6106|414|1182|7031|103|5168|4153|209|1604|4634|1817|506|1295|5325|1124|3843|5976|3117|427|1648|7134|2579|5937|3377|2360|140|4444|189|781|163|4767|4329|127|7342|2600|2350|5935|5511|6722|7130|833|917|1290|3632|4373|803|1391|1079|3258|1908|6564|4910|1505|3316|6372|2767|1608|2530|4265|2851|2355|4960|6724|6863|6004|4533|6873|4462|3505|4429|6064|5702|4074|4209|6032|1655|7301|4866|1841|5333|2399|2027|3392|200|1341|1620|6747|3040|1714|6693|672|2688|5393|4478|2765|455|2156|350|4030|1192|7105|257|774|6727|1944|3557|5008|1474|5163|1382|5734|1335|1946|5253|1404|6889|3305|125|193|2537|6349|790|4640|2512|584|4255|1307|5358|1806|2842|7094|3739|6287|3868|1870|5846|7338|1032|3501|6504|3142|4566|7283|7070|993|2054|3500|6583|1199|4095|6300|3422|6575|1381|4257|6676|2845|4359|4131|6272|6833|4294|1225|4714|1585|1531|2521|2536|712|5043|7227|6086|3368|3871|3833|685|3884|6995|682|3336|6697|5534|2566|5212|2491|2404|6783|1750|2140|5563|5906|7266|6758|2429|2401|2371|3480|2960|2341|4867|3037|4363|462|4976|6985|613|5416|5929|1814|4272|1742|2594|4707|3646|1375|2400|5156|624|6647|6563|6469|4169|6991|4872|1438|5560|4775|5274|958|6740|2683|1803|2025|3009|6033|4865|6340|244|69|3831|5113|7037|5165|7001|3090|4881|4020|3053|2919|6702|2084|338|3671|6368|1282|2104|5241|5037|2199|4389|6176|1622|426|5853|4227|3803|5928|915|6307|5041|40|2108|1133|1838|1070|1000|478|4748|4436|6479|6138|5095|5599|4138|2480|2201|2419|5908|7172|3369|4225|2326|2989|260|2397|874|217|1061|5372|6448|1069|2044|2670|406|2641|2595|2529|4325|1405|4590|3686|4311|5680|2718|5794|1480|6891|894|5596|1056|4864|1445|2800|165|5620|1316|6633|5674|6594|6887|3850|5003|5478|3352|6433|5952|748|4231|1286|301|5884|153|7351|2224|4171|3553|1715|5731|1508|6532|6297|2464|3288|42|1313|1153|6755|3172|868|1571|6958|4062|2265|3028|1426|3036|4422|832|4580|5766|5949|674|317|309|5449|4327|3395|24|5688|2786|4840|333|1990|1481|2841|1055|3579|7138|845|3619|4749|5338|7243|4208|3706|6506|5097|5301|775|1014|6103|5602|1308|185|7341|2977|1433|1214|4759,10|27|263|265|333|386|220|280|239|75|32|49|50|83|103|342|283|121|128|302|357|116|260|82|102|182|34|154|178|18|390|278|356|59|104|111|217|303|141|238|24|74|69|98|125|38|90|165|177|193|245|293|132|136|246|257|353|392|29|144|192|194|236|270|281|387|62|168|237|377|55|97|166|290|327|372|51|143|249|317|325|380|213|388|207|221|363|13|19|35|67|68|129|145|218|2|33|85|110|142|315|326|346|86|87|198|268|286|295|316|340|359|378|3|5|45|78|130|162|247|311|361|25|89|92|96|126|153|159|188|219|241|244|323|364|28|81|108|149|152|197|214|310|347|370|379|381|11|71|80|95|100|107|209|267|279|288|297|309|313|318|334|367|382|401|14|44|46|52|76|124|138|186|212|226|251|261|262|269|284|312|329|360|366|383|1|6|42|53|105|115|122|147|157|195|210|216|233|240|253|259|292|338|339|371|376|393|12|26|54|57|65|101|120|140|146|158|167|176|206|215|229|234|274|305|308|320|331|337|341|344|348|362|394|395|4|7|16|17|30|43|84|106|117|134|135|137|150|163|174|180|183|191|196|201|208|231|255|300|301|324|336|351|368|384|385|391|9|20|23|31|39|41|58|61|64|79|91|109|123|139|148|160|170|181|190|199|202|205|222|242|243|250|264|271|272|273|287|289|296|314|355|369|396|0|8|48|56|63|66|99|114|118|119|133|151|172|173|179|184|185|189|200|230|235|256|258|276|277|282|285|291|306|321|330|335|350|358|365,2|3|11|12|13|14|16|22|23|27|28|33|35|39|42|50|59|60|61|62|63|64|67|69|70|78|79|81|84|85|86|87|91|100|103|107|109|113|114|118|119|123|124|127|130|131|132|136|137|140|143|147|162|165|167|169|171|172|173|174|179|183|185|186|187|189|199|204|206|209|221|223|225|227|229|233|234|237|240|241|243|245|258|261|263|264|266|276|278|279|282|284|285|288|292|295|296|297|298|301|305|306|310|312|313|315|317|321|322|323|325|329|330|331|332|334|335|336|340|342|344|345|346|350|353|354|361|362|368|371|372|374|375|382|383|384|385|391|392|393|395|401|402|405|419|423|424|425|428|435|440|441|444|450|452|453|456|457|459|461|464|466|467|474|475|476|478|481|486|487|490|493|494|495|500|510|511|512|513|518|519|521|523|525|527|535|539|541|542|545|548|555|556|559|560|561|563|565|566|567|571|572|573|576|579|581|585|587|588|591|607|608|616|618|620|622|625|631|632|633|636|638|643|644|646|655|657|658|661|668|677|679|682|685|686|687|693|694|701|703|705|707|709|713|722|723|724|725|733|734|739|744|758|765|770|772|773|775|778|780|785|790|792|799|802|803|809|810|811|813|814|820|826|829|834|836|837|839|840|841|845|848|850|856|858|861|865|867|868|870|873|874|879|881|883|884|886|889|890|892|896|900|902|906|907|908|912|913|915|919|923|924|928|930|931|934|937|938|944|946|947|948|950|952|961|968|971|973|980|983|1000|1003|1006|1009|1012|1014|1016|1019|1024|1026|1027|1029|1030|1032|1041|1042|1044|1045|1046|1049|1050|1052|1053|1057|1062|1063|1072|1083|1084|1090|1092|1094|1098|1101|1104|1121|1122|1128|1130|1131|1132|1135|1136|1139|1145|1146|1148|1149|1150|1151|1154|1161|1162|1166|1172|1173|1175|1179|1180|1183|1188|1190|1201|1206|1212|1213|1219|1221|1225|1236|1238|1244|1247|1251|1253|1254|1268|1270|1279|1280|1290|1292|1296|1303|1305|1310|1314|1319|1321|1325|1326|1332|1338|1340|1342|1346|1355|1357|1362|1365|1370|1372|1380|1381|1384|1386|1387|1391|1393|1396|1400|1401|1405|1411|1415|1419|1425|1427|1428|1429|1431|1434|1436|1439|1441|1443|1445|1458|1460|1461|1462|1464|1467|1468|1470|1476|1478|1481|1482|1483|1490|1498|1501|1502|1504|1518|1520|1522|1524|1525|1529|1530|1531|1532|1534|1536|1538|1540|1549|1553|1554|1557|1558|1559|1560|1564|1565|1571|1579|1581|1582|1585|1586|1592|1593|1594|1595|1600|1602|1603|1606|1607|1619|1622|1626|1629|1631|1634|1635|1636|1637|1638|1651|1652|1654|1656|1659|1660|1661|1663|1665|1666|1669|1673|1674|1678|1679|1680|1685|1686|1687|1692|1694|1695|1700|1707|1713|1714|1715|1716|1718|1721|1722|1723|1724|1728|1731|1739|1741|1742|1748|1752|1753|1754|1755|1756|1758|1770|1773|1775|1776|1777|1787|1788|1789|1799|1800|1801|1803|1807|1809|1814|1815|1819|1824|1827|1829|1833|1839|1845|1847|1850|1851|1856|1859|1860|1862|1863|1867|1869|1886|1890|1897|1898|1899|1901|1906|1908|1911|1912|1914|1923|1924|1929|1931|1933|1935|1937|1940|1942|1943|1944|1947|1951|1952|1958|1961|1968|1969|1970|1971|1972|1980|1981|1983|1984|1987|1989|1995|1996|1999|2000|2008|2012|2017|2024|2030|2035|2037|2044|2045|2047|2049|2050|2057|2069|2070|2079|2085|2088|2090|2092|2095|2096|2097|2099|2103|2105|2108|2109|2112|2115|2116|2118|2119|2120|2122|2123|2125|2127|2132|2133|2134|2141|2146|2147|2150|2156|2157|2159|2160|2164|2165|2168|2169|2179|2184|2185|2195|2196|2197|2199|2203|2204|2206|2210|2212|2215|2216|2221|2222|2225|2228|2231|2233|2234|2235|2238|2240|2241|2244|2246|2251|2252|2255|2258|2261|2262|2264|2270|2272|2277|2280|2282|2287|2291|2293|2294|2301|2304|2312|2314|2316|2323|2324|2330|2335|2340|2341|2342|2346|2348|2350|2355|2359|2360|2365|2369|2371|2375|2376|2377|2379|2381|2382|2383|2384|2389|2395|2396|2398|2399|2404|2405|2406|2407|2409|2410|2412|2414|2416|2417|2418|2425|2426|2430|2431|2433|2434|2435|2436|2439|2443|2444|2446|2447|2453|2455|2456|2459|2467|2468|2469|2471|2475|2481|2482|2484|2486|2490|2491|2493|2497|2500|2502|2504|2505|2507|2512|2514|2515|2516|2517|2519|2521|2525|2526|2528|2529|2530|2535|2536|2537|2539|2547|2550|2554|2555|2556|2557|2566|2567|2570|2572|2573|2579|2580|2581|2582|2586|2598|2602|2606|2607|2616|2623|2624|2633|2634|2636|2637|2639|2646|2650|2652|2654|2655|2657|2663|2670|2671|2675|2676|2678|2681|2682|2683|2684|2688|2692|2694|2697|2698|2699|2703|2708|2710|2712|2713|2723|2727|2728|2729|2730|2731|2738|2739|2743|2747|2751|2767|2771|2772|2777|2781|2782|2783|2792|2794|2799|2801|2803|2807|2811|2812|2814|2824|2825|2826|2833|2834|2835|2841|2843|2844|2848|2859|2860|2863|2868|2872|2875|2878|2879|2880|2884|2886|2887|2889|2892|2893|2895|2898|2900|2901|2906|2907|2910|2915|2916|2919|2921|2924|2925|2929|2935|2936|2939|2940|2944|2947|2948|2949|2961|2962|2964|2965|2967|2968|2969|2973|2976|2977|2982|2983|2991|2995|2998|3006|3009|3010|3012|3016|3017|3018|3019|3023|3025|3029|3031|3034|3038|3039|3040|3042|3044|3048|3049|3050|3055|3056|3060|3064|3067|3068|3069|3073|3075|3078|3079|3082|3084|3085|3089|3090|3091|3092|3100|3103|3106|3107|3109|3114|3127|3129|3137|3138|3139|3140|3145|3146|3147|3153|3166|3167|3170|3171|3172|3174|3181|3182|3184|3185|3190|3195|3196|3198|3201|3203|3204|3206|3208|3209|3214|3216|3221|3222|3223|3229|3235|3236|3238|3239|3240|3243|3246|3247|3249|3265|3266|3269|3278|3293|3298|3300|3303|3306|3310|3313|3314|3315|3317|3320|3321|3322|3326|3327|3328|3333|3334|3335|3337|3339|3343|3344|3345|3346|3350|3352|3356|3357|3361|3365|3368|3370|3372|3374|3380|3381|3383|3386|3388|3397|3407|3413|3414|3420|3421|3427|3431|3433|3434|3437|3440|3445|3447|3450|3452|3453|3455|3456|3458|3460|3462|3465|3470|3473|3475|3477|3482|3484|3488|3489|3491|3493|3494|3496|3505|3510|3513|3514|3515|3516|3517|3518|3520|3521|3522|3525|3529|3531|3542|3543|3545|3551|3553|3554|3556|3558|3561|3562|3564|3568|3570|3575|3579|3580|3583|3586|3587|3591|3593|3600|3601|3602|3603|3604|3605|3611|3614|3617|3621|3623|3625|3628|3629|3634|3636|3640|3645|3650|3654|3656|3659|3661|3662|3664|3668|3671|3672|3677|3683|3686|3690|3694|3698|3699|3701|3703|3705|3707|3708|3712|3714|3715|3716|3722|3723|3729|3731|3733|3734|3740|3741|3743|3749|3750|3753|3754|3760|3767|3768|3771|3775|3776|3777|3786|3788|3789|3790|3792|3797|3800|3809|3819|3821|3828|3830|3836|3837|3838|3839|3842|3843|3849|3850|3853|3858|3860|3865|3866|3868|3869|3877|3878|3879|3909|3910|3912|3913|3916|3918|3919|3920|3922|3923|3925|3927|3929|3937|3939|3941|3943|3950|3951|3952|3955|3956|3958|3963|3967|3975|3977|3980|3984|3985|3987|3989|3991|3994|4003|4008|4014|4017|4020|4024|4025|4028|4033|4035|4036|4039|4040|4046|4049|4051|4052|4053|4057|4060|4069|4075|4078|4079|4086|4089|4098|4102|4106|4111|4116|4118|4119|4120|4121|4124|4125|4126|4129|4130|4135|4138|4140|4142|4153|4156|4162|4166|4169|4171|4176|4183|4185|4186|4189|4191|4196|4200|4203|4206|4213|4217|4219|4221|4222|4229|4234|4236|4240|4243|4244|4245|4252|4253|4261|4268|4269|4271|4272|4277|4278|4279|4287|4289|4290|4293|4294|4296|4299|4300|4301|4302|4318|4323|4328|4335|4341|4350|4352|4354|4358|4361|4362|4365|4366|4368|4369|4370|4371|4373|4374|4388|4389|4392|4394|4395|4398|4399|4402|4407|4409|4410|4414|4415|4419|4422|4423|4430|4432|4434|4445|4446|4450|4455|4456|4464|4466|4470|4471|4475|4479|4484|4485|4489|4493|4497|4504|4506|4510|4515|4520|4525|4527|4538|4543|4544|4545|4546|4550|4554|4558|4560|4562|4565|4567|4570|4572|4573|4577|4580|4583|4588|4591|4611|4613|4616|4620|4622|4623|4626|4627|4628|4631|4645|4646|4647|4649|4652|4662|4663|4664|4670|4674|4675|4678|4686|4690|4697|4699|4701|4702|4708|4709|4711|4713|4715|4725|4729|4734|4739|4741|4742|4748|4749|4752|4758|4760|4761|4775|4778|4779|4783|4784|4788|4792|4796|4798|4799|4805|4812|4821|4831|4837|4842|4843|4845|4846|4847|4850|4852|4853|4854|4857|4860|4861|4862|4869|4873|4875|4884|4891|4892|4896|4897|4900|4901|4904|4912|4913|4922|4924|4930|4932|4934|4935|4946|4948|4951|4956|4964|4969|4970|4971|4974|4977|4990|4991|4992|4998|4999|5003|5008|5011|5014|5016|5018|5023|5024|5025|5034|5045|5051|5053|5054|5058|5059|5065|5066|5070|5071|5081|5082|5083|5086|5090|5092|5101|5105|5106|5107|5109|5116|5117|5118|5123|5124|5131|5132|5133|5135|5139|5140|5144|5145|5148|5156|5157|5158|5159|5160|5165|5167|5169|5171|5173|5175|5179|5180|5191|5196|5197|5204|5205|5208|5209|5211|5212|5214|5215|5217|5218|5221|5222|5225|5226|5236|5242|5247|5248|5253|5254|5255|5257|5261|5265|5271|5273|5274|5276|5286|5288|5290|5294|5295|5299|5302|5305|5308|5309|5320|5333|5335|5336|5340|5346|5361|5363|5372|5376|5378|5382|5383|5395|5399|5406|5407|5408|5414|5417|5419|5420|5421|5422|5428|5430|5435|5437|5439|5440|5443|5450|5453|5454|5455|5457|5459|5467|5468|5469|5471|5472|5475|5477|5478|5479|5480|5488|5489|5491|5494|5495|5497|5499|5501|5504|5507|5508|5512|5517|5519|5522|5527|5529|5533|5534|5538|5541|5544|5549|5552|5553|5554|5555|5562|5563|5564|5566|5569|5572|5578|5586|5589|5591|5597|5599|5607|5609|5612|5618|5620|5621|5626|5627|5629|5630|5635|5636|5638|5640|5643|5644|5648|5650|5652|5655|5657|5659|5660|5662|5664|5666|5668|5671|5673|5678|5682|5684|5687|5689|5692|5696|5697|5698|5699|5700|5702|5704|5707|5709|5715|5716|5717|5719|5726|5729|5732|5735|5738|5743|5744|5746|5750|5757|5758|5762|5766|5768|5774|5777|5778|5780|5781|5783|5787|5797|5799|5801|5802|5805|5809|5811|5814|5815|5818|5824|5829|5830|5832|5837|5839|5841|5843|5848|5849|5851|5856|5857|5860|5863|5865|5868|5870|5873|5875|5877|5878|5880|5881|5882|5883|5884|5885|5888|5891|5893|5901|5906|5908|5914|5916|5919|5924|5926|5928|5930|5931|5934|5937|5939|5940|5950|5953|5963|5967|5968|5969|5974|5975|5977|5979|5984|5987|5989|5991|5994|5998|6008|6014|6020|6021|6023|6025|6027|6030|6032|6033|6034|6037|6040|6041|6042|6043|6044|6046|6049|6053|6055|6057|6058|6060|6064|6065|6075|6076|6077|6078|6084|6085|6086|6089|6100|6110|6114|6117|6121|6123|6130|6131|6136|6140|6145|6155|6157|6167|6173|6179|6180|6183|6186|6194|6196|6198|6199|6201|6202|6207|6210|6215|6219|6221|6223|6224|6225|6226|6227|6234|6242|6244|6246|6248|6252|6253|6254|6255|6256|6258|6259|6260|6272|6274|6280|6281|6286|6287|6291|6296|6298|6300|6302|6309|6310|6313|6315|6317|6318|6320|6322|6326|6327|6337|6339|6342|6343|6345|6347|6356|6364|6367|6368|6377|6381|6383|6385|6396|6412|6414|6419|6423|6424|6429|6431|6438|6441|6445|6447|6450|6457|6474|6475|6478|6480|6485|6487|6489|6490|6494|6495|6496|6497|6498|6502|6512|6513|6515|6516|6517|6520|6521|6522|6528|6535|6536|6539|6543|6544|6548|6549|6555|6559|6562|6569|6571|6572|6582|6585|6586|6588|6591|6593|6608|6609|6615|6626|6627|6628,10.85250737463127,True
instance_0016.txt,aisle_first_desc,156,2,142,0|1|12|15|17|24|35|37|41|45|53|59|65|67|69|71|76|84|86|87|98|107|122|126|133|140|144|147|150|152|162|191|193|202|206|210|214|218|221|222|224|228|235|238|240|245|260|263|268|318|325|331|333|340|342|346|349|350|358|365|381|388|398|406|419|447|449|458|471|479|511|519|521|532|540|551|554|559|564|570|575|577|579|585|589|598|601|613|615|630|634|642|649|661|664|677|681|683|689|701|720|727|732|756|764|767|769|775|779|785|786|794|798|809|814|816|819|823|829|832|846|847|849|863|872|878|892|899|911|914|917|920|923|926|930|941|972|973|976|977|989|995|1000|1009|1011|1021|1029|1040|1051|1075|1082|1089|1097|1098|1101|1103,35|76,9|10|11|24|28|37|49|69|72|89|92|98|99|107|108|114|133|145|151|169|198|199|216|226|230|248|268|274|285|286|293|298|303|314|315|327|345|348|355|367|368|376|377|383|390|393|397|402|404|409|413|414|435|437|438|439|448|452|461|462|467|469|472|482|486|492|498|499|504|507|539|540|543|553|557|570|571|596|597|599|605|625|629|633|644|647|659|662|674|677|685|709|733|738|740|743|749|752|757|759|761|777|783|786|791|794|796|820|822|827|841|845|850|865|878|884|886|897|904|906|910|912|932|937|969|972|973|974|977|978|983|996|997|998|1001|1003|1005|1015|1034|1040|1045|1046,78.0,True
instance_0016.txt,knapsack,686,71,663,685|684|683|682|681|680|679|678|677|676|675|674|673|672|671|670|669|668|667|666|665|664|663|662|661|660|659|658|657|656|655|654|653|652|651|650|649|648|647|646|645|644|643|642|641|640|639|638|637|636|635|634|633|632|631|630|629|628|627|626|625|624|623|622|621|620|619|618|617|616|615|614|613|612|611|610|609|608|607|606|605|604|603|602|601|600|599|598|597|596|595|594|593|592|591|590|589|588|587|586|585|584|583|582|581|580|579|578|577|576|575|574|573|572|571|570|569|568|567|566|565|564|563|562|561|560|559|558|557|556|555|554|553|552|551|550|549|548|547|546|545|544|543|542|541|540|539|538|537|536|535|534|533|532|531|530|529|528|527|526|525|524|523|522|521|520|519|518|517|516|515|514|513|512|511|510|509|508|507|506|505|504|503|502|501|500|499|498|497|496|495|494|493|492|491|490|489|488|487|486|485|484|483|482|481|480|479|478|477|476|475|474|473|472|471|470|469|468|467|466|465|464|463|462|461|460|459|458|457|456|455|454|453|452|451|450|449|448|447|446|445|444|443|442|441|440|439|438|437|436|435|434|433|432|431|430|429|428|427|426|425|424|423|422|421|420|419|418|417|416|415|414|413|412|411|410|409|408|407|406|405|404|403|402|401|400|399|398|397|396|395|394|393|392|391|390|389|388|387|386|385|384|383|382|381|380|379|378|377|376|375|374|373|372|371|370|369|368|367|366|365|364|363|362|361|360|359|358|357|356|355|354|353|352|351|350|349|348|347|346|345|344|343|342|341|340|339|338|337|336|335|334|333|332|331|330|329|328|327|326|325|324|323|322|321|320|319|318|317|316|315|314|313|312|311|310|309|308|307|306|305|304|303|302|301|300|299|298|297|296|295|294|293|292|291|290|289|288|287|286|285|284|283|282|281|280|279|278|277|276|275|274|273|272|271|270|269|268|267|266|265|264|263|262|261|260|259|258|257|256|255|254|253|252|251|250|249|248|247|246|245|244|243|242|241|240|239|238|237|236|235|234|233|232|231|230|229|228|227|226|225|224|223|222|221|220|219|218|217|216|215|214|213|212|211|210|209|208|207|206|205|204|203|202|201|200|199|198|197|196|195|194|193|192|191|190|189|188|187|186|185|184|183|182|181|180|179|178|177|176|175|174|173|172|171|170|169|168|167|166|165|164|163|162|161|160|159|158|157|156|155|154|153|152|151|150|149|148|147|146|145|144|143|142|141|140|139|138|137|136|135|134|133|132|131|130|129|128|127|126|125|124|123|122|121|120|119|118|117|116|115|114|113|112|111|110|109|108|107|106|105|104|103|102|101|100|99|98|97|96|95|94|93|92|91|90|89|88|87|86|85|84|83|82|81|80|79|78|77|76|75|74|73|72|71|70|69|68|67|66|65|64|63|62|61|60|59|58|57|56|55|54|53|52|51|50|49|48|47|46|45|44|43|42|41|40|39|38|37|36|35|34|33|32|31|30|29|28|27|26|25|24|23|22|21|20|19|18|17|16|15|14|13|12|11|10|9|8|7|6|5|4|3|2|1|0,27|53|35|47|5|45|84|20|14|2|69|87|1|11|7|38|42|60|28|51|54|76|78|6|67|18|22|59|19|36|85|3|4|13|41|48|56|61|77|8|9|29|49|40|52|58|63|64|15|65|71|72|80|82|10|16|23|31|32|43|62|73|83|0|24|26|46|50|68|75|86,0|1|2|3|4|5|6|7|9|11|14|15|16|17|22|24|26|27|29|30|31|32|33|34|35|36|37|38|39|40|41|44|46|51|53|54|57|60|61|64|65|67|68|69|71|72|74|75|76|78|80|81|83|85|88|90|91|92|93|94|97|98|100|101|106|107|110|111|113|115|118|119|120|121|123|124|127|129|130|131|133|134|137|140|141|143|144|145|146|147|148|149|151|152|154|155|156|157|158|162|164|165|166|170|171|172|173|178|179|180|182|184|185|186|187|188|189|190|193|194|197|198|199|201|202|203|205|206|207|208|209|210|211|212|214|215|216|217|218|221|222|224|226|228|229|230|232|236|237|238|239|240|241|243|244|246|248|249|250|251|253|255|256|257|258|260|262|264|266|268|269|270|273|275|276|277|278|279|280|283|284|287|291|292|293|294|296|300|302|303|304|305|306|307|309|310|311|312|313|314|315|316|317|318|319|321|323|324|325|327|329|332|335|337|338|340|341|342|344|346|347|349|350|351|352|353|358|359|361|362|363|365|366|367|368|371|372|373|374|375|376|377|380|382|384|387|389|390|391|392|394|395|397|399|401|402|403|404|405|407|408|410|412|414|416|417|418|419|421|422|423|426|427|429|431|432|433|434|436|438|439|440|441|442|443|444|447|448|450|451|452|457|458|461|463|464|465|466|467|469|470|473|474|476|477|478|480|482|486|487|488|491|494|496|497|498|499|502|503|505|507|508|509|510|511|512|513|514|515|518|523|524|526|527|528|529|531|532|533|534|535|537|538|539|540|542|543|545|546|547|549|550|551|552|553|554|556|558|559|560|562|563|565|567|570|572|573|574|578|579|581|585|587|589|591|592|593|594|595|599|600|601|603|604|605|606|607|608|610|614|616|617|621|623|625|627|630|631|632|633|634|636|638|639|640|642|643|645|646|647|649|652|653|655|657|660|661|662|665|666|669|673|675|676|677|678|679|680|682|683|684|685|686|687|688|690|691|695|696|698|699|701|702|703|705|706|707|708|709|711|712|713|714|716|717|718|720|721|722|725|727|728|729|731|732|733|736|737|740|741|743|745|746|747|748|749|750|751|752|753|756|757|758|759|761|762|763|764|765|767|768|770|776|778|780|782|784|786|788|790|791|792|794|797|801|802|804|805|806|808|813|815|816|817|818|819|820|821|822|824|825|826|828|829|830|831|832|833|835|836|837|839|841|842|843|844|846|848|849|850|852|853|854|855|856|857|859|863|867|868|872|875|876|877|881|883|884|887|888|889|890|891|892|893|899|900|902|903|904|906|908|909|913|916|918|919|920|923|925|926|927|929|930|935|936|937|938|939|940|941|942|943|944|947|949|950|953|954|955|956|958|959|960|961|962|964|965|967|968|969|971|972|974|977|979|981|982|984|986|987|988|991|992|993|994|995|996|998|999|1000|1001|1002|1004|1005|1010|1012|1015|1017|1018|1019|1020|1021|1025|1028|1029|1030|1031|1033|1034|1036|1037|1038|1039|1040|1041|1042|1043|1044|1045|1046|1047|1048|1050,9.661971830985916,True
instance_0016.txt,knapsack_density,686,71,663,685|684|683|682|681|680|679|678|677|676|675|674|673|672|671|670|669|668|667|666|665|664|663|662|661|660|659|658|657|656|655|654|653|652|651|650|649|648|647|646|645|644|643|642|641|640|639|638|637|636|635|634|633|632|631|630|629|628|627|626|625|624|623|622|621|620|619|618|617|616|615|614|613|612|611|610|609|608|607|606|605|604|603|602|601|600|599|598|597|596|595|594|593|592|591|590|589|588|587|586|585|584|583|582|581|580|579|578|577|576|575|574|573|572|571|570|569|568|567|566|565|564|563|562|561|560|559|558|557|556|555|554|553|552|551|550|549|548|547|546|545|544|543|542|541|540|539|538|537|536|535|534|533|532|531|530|529|528|527|526|525|524|523|522|521|520|519|518|517|516|515|514|513|512|511|510|509|508|507|506|505|504|503|502|501|500|499|498|497|496|495|494|493|492|491|490|489|488|487|486|485|484|483|482|481|480|479|478|477|476|475|474|473|472|471|470|469|468|467|466|465|464|463|462|461|460|459|458|457|456|455|454|453|452|451|450|449|448|447|446|445|444|443|442|441|440|439|438|437|436|435|434|433|432|431|430|429|428|427|426|425|424|423|422|421|420|419|418|417|416|415|414|413|412|411|410|409|408|407|406|405|404|403|402|401|400|399|398|397|396|395|394|393|392|391|390|389|388|387|386|385|384|383|382|381|380|379|378|377|376|375|374|373|372|371|370|369|368|367|366|365|364|363|362|361|360|359|358|357|356|355|354|353|352|351|350|349|348|347|346|345|344|343|342|341|340|339|338|337|336|335|334|333|332|331|330|329|328|327|326|325|324|323|322|321|320|319|318|317|316|315|314|313|312|311|310|309|308|307|306|305|304|303|302|301|300|299|298|297|296|295|294|293|292|291|290|289|288|287|286|285|284|283|282|281|280|279|278|277|276|275|274|273|272|271|270|269|268|267|266|265|264|263|262|261|260|259|258|257|256|255|254|253|252|251|250|249|248|247|246|245|244|243|242|241|240|239|238|237|236|235|234|233|232|231|230|229|228|227|226|225|224|223|222|221|220|219|218|217|216|215|214|213|212|211|210|209|208|207|206|205|204|203|202|201|200|199|198|197|196|195|194|193|192|191|190|189|188|187|186|185|184|183|182|181|180|179|178|177|176|175|174|173|172|171|170|169|168|167|166|165|164|163|162|161|160|159|158|157|156|155|154|153|152|151|150|149|148|147|146|145|144|143|142|141|140|139|138|137|136|135|134|133|132|131|130|129|128|127|126|125|124|123|122|121|120|119|118|117|116|115|114|113|112|111|110|109|108|107|106|105|104|103|102|101|100|99|98|97|96|95|94|93|92|91|90|89|88|87|86|85|84|83|82|81|80|79|78|77|76|75|74|73|72|71|70|69|68|67|66|65|64|63|62|61|60|59|58|57|56|55|54|53|52|51|50|49|48|47|46|45|44|43|42|41|40|39|38|37|36|35|34|33|32|31|30|29|28|27|26|25|24|23|22|21|20|19|18|17|16|15|14|13|12|11|10|9|8|7|6|5|4|3|2|1|0,27|53|35|47|5|45|84|20|14|2|69|87|1|11|7|38|42|60|28|51|54|76|78|6|67|18|22|59|19|36|85|3|4|13|41|48|56|61|77|8|9|29|49|40|52|58|63|64|15|65|71|72|80|82|10|16|23|31|32|43|62|73|83|0|24|26|46|50|68|75|86,0|1|2|3|4|5|6|7|9|11|14|15|16|17|22|24|26|27|29|30|31|32|33|34|35|36|37|38|39|40|41|44|46|51|53|54|57|60|61|64|65|67|68|69|71|72|74|75|76|78|80|81|83|85|88|90|91|92|93|94|97|98|100|101|106|107|110|111|113|115|118|119|120|121|123|124|127|129|130|131|133|134|137|140|141|143|144|145|146|147|148|149|151|152|154|155|156|157|158|162|164|165|166|170|171|172|173|178|179|180|182|184|185|186|187|188|189|190|193|194|197|198|199|201|202|203|205|206|207|208|209|210|211|212|214|215|216|217|218|221|222|224|226|228|229|230|232|236|237|238|239|240|241|243|244|246|248|249|250|251|253|255|256|257|258|260|262|264|266|268|269|270|273|275|276|277|278|279|280|283|284|287|291|292|293|294|296|300|302|303|304|305|306|307|309|310|311|312|313|314|315|316|317|318|319|321|323|324|325|327|329|332|335|337|338|340|341|342|344|346|347|349|350|351|352|353|358|359|361|362|363|365|366|367|368|371|372|373|374|375|376|377|380|382|384|387|389|390|391|392|394|395|397|399|401|402|403|404|405|407|408|410|412|414|416|417|418|419|421|422|423|426|427|429|431|432|433|434|436|438|439|440|441|442|443|444|447|448|450|451|452|457|458|461|463|464|465|466|467|469|470|473|474|476|477|478|480|482|486|487|488|491|494|496|497|498|499|502|503|505|507|508|509|510|511|512|513|514|515|518|523|524|526|527|528|529|531|532|533|534|535|537|538|539|540|542|543|545|546|547|549|550|551|552|553|554|556|558|559|560|562|563|565|567|570|572|573|574|578|579|581|585|587|589|591|592|593|594|595|599|600|601|603|604|605|606|607|608|610|614|616|617|621|623|625|627|630|631|632|633|634|636|638|639|640|642|643|645|646|647|649|652|653|655|657|660|661|662|665|666|669|673|675|676|677|678|679|680|682|683|684|685|686|687|688|690|691|695|696|698|699|701|702|703|705|706|707|708|709|711|712|713|714|716|717|718|720|721|722|725|727|728|729|731|732|733|736|737|740|741|743|745|746|747|748|749|750|751|752|753|756|757|758|759|761|762|763|764|765|767|768|770|776|778|780|782|784|786|788|790|791|792|794|797|801|802|804|805|806|808|813|815|816|817|818|819|820|821|822|824|825|826|828|829|830|831|832|833|835|836|837|839|841|842|843|844|846|848|849|850|852|853|854|855|856|857|859|863|867|868|872|875|876|877|881|883|884|887|888|889|890|891|892|893|899|900|902|903|904|906|908|909|913|916|918|919|920|923|925|926|927|929|930|935|936|937|938|939|940|941|942|943|944|947|949|950|953|954|955|956|958|959|960|961|962|964|965|967|968|969|971|972|974|977|979|981|982|984|986|987|988|991|992|993|994|995|996|998|999|1000|1001|1002|1004|1005|1010|1012|1015|1017|1018|1019|1020|1021|1025|1028|1029|1030|1031|1033|1034|1036|1037|1038|1039|1040|1041|1042|1043|1044|1045|1046|1047|1048|1050,9.661971830985916,True
instance_0016.txt,knapsack_seed,314,7,287,1106|1098|1097|1089|1082|1076|1075|1074|1072|1068|1062|1059|1051|1040|1035|1033|1028|1023|1021|1013|1011|1010|1009|1008|1005|995|994|990|989|988|984|983|977|975|973|972|967|963|958|954|953|952|948|941|939|934|933|928|926|924|923|921|920|917|915|914|913|904|899|898|893|892|891|887|886|883|878|876|872|868|863|861|860|852|849|847|846|838|833|832|830|829|825|823|820|819|816|814|808|802|798|794|791|787|786|779|778|769|767|765|764|763|761|759|756|750|741|737|732|725|723|721|720|713|707|706|705|702|701|696|689|687|686|683|681|677|669|668|664|661|649|644|642|640|636|635|622|618|612|611|602|601|599|598|596|595|593|590|589|585|579|577|575|572|570|566|564|558|551|546|540|534|532|531|525|519|513|512|511|508|507|500|497|494|492|486|483|479|475|474|473|469|464|461|459|458|453|449|445|444|441|435|434|433|430|426|415|402|398|393|392|388|386|385|377|365|358|356|350|349|348|347|346|342|337|334|333|328|325|324|321|318|312|310|307|306|304|302|300|297|277|276|275|269|268|266|263|262|260|259|257|252|245|240|238|235|224|221|218|216|208|202|194|191|189|187|185|184|183|179|175|170|162|152|147|146|144|140|138|136|133|130|128|127|126|116|107|98|95|89|87|84|81|71|69|67|65|63|59|53|50|48|46|45|43|41|39|38|37|35|26|25|24|22|19|17|15|12|8|4|3|2|1|0,35|5|54|2|56|71|1,3|9|22|26|37|43|45|49|52|54|56|59|69|71|75|77|79|87|89|98|108|114|116|117|119|128|133|137|138|145|158|162|165|169|177|182|186|189|193|203|204|211|213|214|216|219|223|224|225|226|228|230|232|237|238|244|245|247|250|257|261|263|267|274|285|292|294|296|298|299|303|305|314|315|317|322|324|327|334|338|349|352|355|356|357|358|365|367|368|369|376|380|386|390|393|398|402|404|407|409|412|413|414|421|424|426|435|437|438|439|440|444|451|452|454|456|461|462|466|468|469|471|472|482|484|492|496|497|498|499|502|503|504|507|508|510|513|514|518|525|526|528|539|540|543|544|545|551|553|557|559|570|572|573|575|582|593|596|597|599|606|613|615|620|624|629|630|633|644|647|655|657|659|661|664|669|674|675|677|678|681|685|695|698|699|700|713|722|729|733|738|740|741|743|749|757|758|759|761|764|773|774|775|778|783|786|790|791|792|793|794|796|798|810|817|819|820|822|827|830|838|839|841|843|845|849|853|854|860|863|864|869|872|875|877|878|880|884|886|895|896|897|898|903|904|905|906|908|909|910|912|916|921|927|930|937|938|950|961|965|969|970|971|972|973|974|977|978|983|985|987|990|993|994|996|997|998|1001|1003|1015|1018|1025|1026|1029|1034|1040|1046,44.857142857142854,True
instance_0016.txt,random,686,70,662,422|1062|306|201|666|988|136|610|721|864|818|321|520|305|1019|606|160|644|552|234|874|23|482|636|436|514|1086|311|54|282|492|412|1014|193|945|367|994|44|385|539|469|577|713|29|523|483|244|1024|830|308|1079|1020|1074|1071|751|333|76|223|728|958|1041|355|213|105|578|293|743|756|322|969|1078|64|365|935|842|504|762|517|715|441|1043|553|60|714|608|693|351|845|403|573|755|168|207|889|732|944|22|348|80|427|358|67|257|464|1023|211|1040|382|5|1064|399|781|451|1065|260|918|542|987|675|562|1022|414|769|649|887|829|259|931|687|1105|135|626|915|26|460|437|1093|156|607|961|251|117|583|184|366|13|1091|53|423|2|511|1058|884|357|166|384|740|461|79|210|996|771|767|668|496|521|512|230|1032|775|328|815|252|313|77|167|1088|810|761|116|467|622|82|597|531|132|206|659|1107|784|656|780|745|256|599|527|61|408|275|81|645|954|880|592|197|615|240|480|69|407|857|678|147|579|118|551|281|1063|18|640|1012|585|591|557|337|695|41|376|312|923|499|789|941|841|661|535|310|200|658|78|978|507|1092|942|825|331|605|790|203|459|471|345|438|446|888|273|868|468|757|1029|24|96|875|192|452|671|227|453|750|153|442|216|174|296|194|849|424|710|350|564|431|32|983|617|142|123|1044|865|770|309|1046|894|1067|972|1057|107|179|516|31|672|726|513|144|4|426|939|0|975|946|158|623|187|218|681|980|268|276|594|993|794|1013|700|221|749|176|584|1016|151|429|560|642|245|111|401|518|760|588|15|962|586|1103|742|933|236|413|209|905|1008|538|598|443|185|705|12|1033|581|72|329|34|1002|541|702|974|1030|501|157|57|127|814|341|388|778|689|543|51|662|1094|196|1039|1101|369|835|729|967|776|779|981|125|1089|39|785|519|976|10|536|330|279|247|746|278|683|95|753|344|323|802|487|545|28|178|304|822|425|574|932|960|360|515|336|190|393|735|317|177|992|611|982|254|806|725|998|85|73|783|828|903|663|186|150|239|883|449|97|485|908|630|27|999|457|580|509|45|224|220|973|602|1017|65|731|286|232|180|550|90|537|698|831|921|821|476|46|71|122|638|19|149|1102|724|1069|1|985|991|934|440|596|349|249|555|316|338|9|898|957|137|68|502|381|405|3|737|91|347|217|1054|707|856|243|532|101|570|83|340|455|843|154|261|1072|917|587|143|42|926|462|922|752|766|335|1080|326|428|854|267|274|686|319|16|826|494|817|1104|719|225|833|529|929|1038|169|379|87|354|696|900|372|953|352|463|119|433|1084|493|1034|497|159|558|1000|948|667|867|124|708|253|629|238|797|58|266|758|909|1100|359|40|571|172|647|703|1042|272|525|173|860|202|140|878|418|950|339|290|634|89|805|907|886|383|711|838|530|1045|1048|241|522|484|949|115|17|782|690|680|94|33|287|342|834|70|885|410|129|280|916|491|754|205|55|486|723|561|1049|968|411|688|409|183|892|872|951|291|84|1090|14|456|913|801|665|432|416|727|677|791|697|869|199|930|148|1070|925|947|139|881|490|744|295|1006|447|1009|546|152|1056|20|228|938|741|847|374|320|466|88|36,27|35|47|53|69|76|5|6|18|67|11|1|54|60|19|84|14|45|2|36|61|13|38|48|56|71|7|85|22|28|43|77|49|80|20|31|3|64|87|59|65|51|75|9|10|26|42|46|58|52|78|4|24|68|17|29|72|73|8|15|40|82|32|62|63|41|86|81|83|30,0|1|3|4|5|6|7|9|10|13|16|17|18|19|20|21|22|23|24|26|27|28|29|33|34|35|36|37|38|39|41|42|44|51|52|54|55|57|58|59|61|62|63|64|65|70|71|72|73|74|75|76|77|78|79|80|82|83|84|85|88|89|90|91|92|93|95|97|100|101|102|103|105|106|107|108|109|110|111|112|113|114|115|116|117|118|119|120|121|122|124|125|128|129|130|133|136|139|140|141|142|143|144|145|146|148|149|155|159|160|162|163|164|168|170|171|172|173|174|178|180|181|182|183|184|188|190|191|192|193|195|198|199|202|204|206|209|210|211|213|216|217|218|221|222|223|225|226|227|228|229|230|231|232|233|235|236|237|238|239|240|242|243|244|245|246|248|249|253|254|255|256|258|259|260|263|264|265|266|267|268|269|270|271|272|274|275|276|280|281|283|286|287|290|291|292|293|294|298|299|302|303|304|305|306|307|308|309|312|313|314|315|316|317|319|322|323|324|326|327|331|333|339|340|344|345|346|347|350|351|352|353|355|357|358|359|360|361|362|363|364|366|367|369|371|372|374|375|376|381|383|384|385|387|388|390|393|394|396|398|400|401|402|403|405|406|407|408|413|414|415|417|418|421|422|423|424|426|428|429|432|435|436|437|438|439|440|441|442|443|444|445|449|450|451|452|453|454|456|458|461|462|465|466|469|470|473|474|475|482|483|484|485|487|488|490|491|492|495|498|499|500|503|504|507|509|511|513|515|516|517|518|519|524|525|527|528|529|530|531|532|533|535|536|537|538|539|540|541|543|544|546|547|548|549|551|552|553|554|555|556|557|559|561|563|564|565|566|567|568|569|570|571|572|574|575|577|578|579|581|582|585|586|588|591|592|593|598|599|600|601|603|605|606|608|609|611|612|614|615|617|619|620|622|623|624|626|630|632|633|634|635|636|638|639|640|641|642|647|649|650|651|652|657|661|662|666|668|670|672|676|677|678|680|681|683|684|685|687|689|690|691|692|693|694|695|697|699|700|702|703|705|706|708|709|711|714|715|717|718|719|721|723|724|725|726|727|729|730|731|733|735|737|740|741|745|747|748|749|751|752|754|755|756|757|759|760|761|763|765|767|768|770|772|773|774|776|777|778|779|782|783|784|788|789|790|791|792|793|797|800|801|804|806|808|811|812|813|815|817|818|819|820|821|824|825|826|827|828|829|830|831|832|833|839|840|843|844|845|846|847|849|850|852|857|858|860|861|862|865|866|869|871|872|876|877|879|880|881|882|883|885|887|888|889|890|891|893|895|898|899|900|901|902|904|905|906|908|909|910|912|913|914|917|919|920|922|923|925|929|930|932|934|935|939|940|941|942|944|945|946|947|948|951|954|956|957|959|960|963|964|966|968|969|970|971|972|976|979|980|983|984|985|989|992|993|994|996|997|1000|1002|1003|1004|1005|1006|1008|1009|1013|1014|1015|1016|1019|1023|1024|1026|1028|1029|1030|1031|1032|1033|1035|1037|1038|1039|1040|1041|1042|1045|1046|1047|1049,9.8,True
instance_0016.txt,smaller_multi,686,72,668,867|923|207|62|542|161|530|821|682|774|309|683|1018|434|439|882|1012|653|1100|24|621|150|1008|1063|236|681|287|675|459|515|185|555|134|778|827|1068|193|380|649|460|47|1080|607|422|959|222|820|371|1023|252|762|988|865|918|1084|263|573|227|798|83|922|616|793|969|844|192|149|448|812|184|851|567|151|373|811|716|932|606|396|496|977|144|1010|541|588|82|355|568|384|883|40|915|871|360|1059|412|299|917|478|892|715|3|330|919|594|1050|465|421|739|141|1026|311|764|1|875|636|177|935|721|747|264|549|597|724|238|272|320|719|846|312|67|637|1097|331|648|444|559|84|565|321|68|967|870|948|914|698|213|385|754|97|358|863|255|368|1056|928|337|159|271|376|558|704|1029|554|835|482|1098|822|974|940|489|595|759|550|854|1096|1038|633|52|519|325|278|570|520|806|856|706|1105|375|722|741|1081|593|266|125|75|994|1057|898|121|291|1087|260|1093|78|1002|931|397|273|958|733|697|404|128|650|289|973|301|428|175|485|937|990|1072|560|693|690|352|658|996|195|726|118|417|849|79|277|162|235|788|232|201|881|632|398|457|243|934|991|395|528|267|645|367|119|1104|392|831|28|839|709|720|734|188|718|1062|93|807|687|814|73|826|586|783|9|746|369|305|816|537|799|705|29|108|1021|120|1103|20|576|353|1079|157|713|780|546|80|531|237|361|906|712|968|1082|667|146|292|133|1106|850|30|190|7|323|248|895|475|1071|956|226|1078|499|6|363|767|326|408|659|262|927|679|599|282|878|77|286|102|135|18|982|794|1017|307|54|215|590|1075|455|378|451|1039|561|450|629|205|295|942|666|50|758|115|389|703|303|904|630|370|808|381|1088|229|801|976|619|792|707|961|69|556|524|781|735|250|1043|1034|664|516|206|943|1051|853|505|471|1035|517|1066|847|402|897|858|90|654|223|873|410|622|318|60|114|441|987|1091|103|1053|71|283|700|504|462|966|868|140|63|372|1048|661|332|1000|580|86|771|605|543|55|872|132|551|786|635|172|220|639|534|954|501|710|400|39|216|625|717|182|946|910|997|275|234|950|48|246|109|506|1065|566|269|424|480|938|293|189|426|470|818|46|583|333|1058|196|401|411|345|34|618|92|749|1001|964|288|143|453|268|552|191|784|290|284|445|474|113|823|547|186|879|228|94|688|874|224|35|15|680|646|351|17|1040|581|836|42|51|502|979|651|297|490|327|70|574|727|591|447|949|98|302|12|310|802|180|131|406|869|111|617|446|10|602|702|163|1095|1052|210|165|242|803|572|379|1020|903|708|164|975|612|1064|539|468|1015|601|545|965|894|960|855|100|742|1036|256|241|1069|1047|557|760|662|571|126|1025|31|13|339|902|592|877|14|972|22|317|429|761|45|219|544|885|834|21|837|66|817|512|813|939|211|476|508|841|522|335|494|443|348|509|32|356|845|656|1037|536|740|947|665|787|777|116|824|752|129|56|696|176|642|776|1049|695|104|99|796|1024|324|497|920|755|298|775|623|418|200|329|577|87|491|983|436|893|438|859|419|340|889|670|861|249|244|985|279|763|596|423|431|626|183|620|8|532|433|563|587|280|603|611|790,53|35|1|18|11|19|5|20|14|38|84|42|45|61|69|2|85|7|27|28|47|54|29|48|76|8|51|60|78|3|6|24|36|41|59|13|56|64|67|4|22|23|46|58|65|77|87|9|10|17|26|40|62|71|74|75|16|30|31|43|49|63|73|80|82|83|0|37|52|68|72|86,0|1|2|4|9|11|12|14|17|19|20|21|22|25|26|28|29|33|34|35|36|38|39|40|41|42|43|44|45|46|47|49|50|53|56|57|58|59|60|61|62|63|64|65|66|67|69|72|73|75|76|77|78|79|80|81|84|87|89|90|93|94|95|96|97|100|106|107|109|110|111|114|118|122|124|125|129|130|131|132|133|134|136|137|138|139|141|142|144|145|148|150|151|152|153|155|156|157|158|162|165|166|167|169|170|171|172|174|176|177|183|184|185|186|187|188|189|190|191|193|194|195|196|197|198|199|201|202|203|205|206|208|209|210|211|212|213|216|217|218|221|222|223|224|227|229|233|236|238|242|249|251|253|254|256|257|258|259|261|262|263|264|266|267|268|270|272|274|275|276|277|279|282|284|285|287|292|293|295|296|297|298|300|301|302|304|305|306|307|308|309|310|312|313|314|315|318|320|321|322|323|324|325|326|327|328|330|332|333|335|336|337|338|340|341|342|343|344|345|346|350|351|352|354|356|358|359|364|366|367|368|369|370|371|372|373|374|375|376|377|378|379|381|382|384|385|387|388|389|392|393|394|396|397|400|401|403|404|408|409|410|411|412|413|414|415|418|421|425|428|429|430|432|433|435|436|438|439|440|441|443|444|445|447|448|452|454|459|460|461|462|463|464|465|466|468|471|472|474|476|477|479|480|481|482|483|484|485|489|491|493|495|498|499|500|502|503|504|505|507|508|509|512|514|516|518|521|523|525|527|528|529|530|531|533|534|535|536|537|538|539|541|542|543|544|545|546|547|549|550|551|555|556|557|560|561|562|563|564|565|566|567|568|569|571|572|575|577|578|579|580|581|582|586|588|589|591|593|594|597|600|601|602|603|604|606|607|608|612|613|614|615|616|617|618|619|620|621|622|623|625|626|632|633|634|637|638|641|643|646|647|649|651|653|654|655|656|658|659|660|661|662|663|664|666|667|669|670|671|673|675|677|678|680|681|683|686|687|688|689|690|691|692|693|694|695|696|700|701|703|704|708|709|710|712|713|714|715|718|721|723|724|725|726|727|728|731|733|736|737|738|739|741|742|744|745|746|748|754|755|756|758|761|763|766|767|768|769|772|773|775|777|778|779|780|784|785|787|788|789|790|792|793|795|796|797|798|799|800|802|804|805|807|808|809|810|812|815|816|818|819|820|821|822|823|824|825|831|832|834|835|836|839|840|841|842|843|844|845|847|848|849|850|851|852|853|854|855|856|857|858|859|861|863|865|867|868|869|871|873|874|875|876|878|880|884|886|888|890|892|893|895|897|898|903|906|907|910|913|915|916|919|920|921|923|925|926|927|928|929|930|931|932|933|934|937|939|940|941|943|944|946|947|948|952|953|954|956|958|959|961|962|965|966|967|969|970|972|973|974|975|976|978|980|981|982|986|987|992|993|998|1000|1001|1003|1005|1006|1007|1008|1009|1010|1012|1013|1014|1015|1016|1018|1019|1021|1023|1024|1025|1028|1030|1031|1032|1033|1034|1037|1038|1039|1041|1043|1045|1046|1047|1048|1049|1050,9.527777777777779,True
instance_0017.txt,aisle_first_desc,63,2,63,3|16|26|33|43|45|47|49|52|64|78|92|96|101|103|106|110|113|126|128|136|141|152|153|154|155|166|167|171|183|188|192|203|208|217|220|221|222|227|232|234|239|241|253|254|257|268|299|304|309|312|318|326|350|364|366|368|369|377|381|398|406|411,18|43,0|5|20|36|37|39|43|55|63|67|82|88|90|92|96|97|100|101|103|107|111|124|125|131|134|140|151|161|164|184|194|195|201|216|220|222|224|225|226|258|266|272|278|284|298|299|301|305|323|339|343|344|345|352|365|368|374|375|376|378|380|390|395,31.5,True
instance_0017.txt,knapsack,175,46,174,174|173|172|171|170|169|168|167|166|165|164|163|162|161|160|159|158|157|156|155|154|153|152|151|150|149|148|147|146|145|144|143|142|141|140|139|138|137|136|135|134|133|132|131|130|129|128|127|126|125|124|123|122|121|120|119|118|117|116|115|114|113|112|111|110|109|108|107|106|105|104|103|102|101|100|99|98|97|96|95|94|93|92|91|90|89|88|87|86|85|84|83|82|81|80|79|78|77|76|75|74|73|72|71|70|69|68|67|66|65|64|63|62|61|60|59|58|57|56|55|54|53|52|51|50|49|48|47|46|45|44|43|42|41|40|39|38|37|36|35|34|33|32|31|30|29|28|27|26|25|24|23|22|21|20|19|18|17|16|15|14|13|12|11|10|9|8|7|6|5|4|3|2|1|0,18|44|11|14|19|82|24|5|39|35|49|75|7|34|73|6|9|13|26|28|32|38|2|20|21|41|45|52|63|80|1|10|12|15|25|40|43|50|55|62|64|67|68|71|78|79,1|4|6|7|10|16|17|19|22|24|28|29|34|37|39|45|47|48|52|53|57|58|59|63|65|67|73|76|81|82|83|88|90|93|101|104|105|107|108|112|115|116|118|124|125|128|130|133|136|137|139|141|142|153|154|160|163|166|168|175|176|181|184|186|187|188|191|194|196|199|201|202|204|205|207|211|213|215|216|217|220|224|225|226|227|229|231|235|237|239|240|242|244|247|249|251|254|255|256|260|262|264|269|270|276|278|280|285|286|288|290|291|292|294|295|298|299|300|302|303|304|306|307|309|310|312|313|315|318|320|322|323|324|326|327|330|331|334|337|339|340|342|343|344|345|346|347|348|349|351|355|356|357|359|361|365|367|370|372|385|386|388|390|391|393|394|397|399|401|402|403|405|406|409,3.8043478260869565,True
instance_0017.txt,knapsack_density,175,46,174,174|173|172|171|170|169|168|167|166|165|164|163|162|161|160|159|158|157|156|155|154|153|152|151|150|149|148|147|146|145|144|143|142|141|140|139|138|137|136|135|134|133|132|131|130|129|128|127|126|125|124|123|122|121|120|119|118|117|116|115|114|113|112|111|110|109|108|107|106|105|104|103|102|101|100|99|98|97|96|95|94|93|92|91|90|89|88|87|86|85|84|83|82|81|80|79|78|77|76|75|74|73|72|71|70|69|68|67|66|65|64|63|62|61|60|59|58|57|56|55|54|53|52|51|50|49|48|47|46|45|44|43|42|41|40|39|38|37|36|35|34|33|32|31|30|29|28|27|26|25|24|23|22|21|20|19|18|17|16|15|14|13|12|11|10|9|8|7|6|5|4|3|2|1|0,18|44|11|14|19|82|24|5|39|35|49|75|7|34|73|6|9|13|26|28|32|38|2|20|21|41|45|52|63|80|1|10|12|15|25|40|43|50|55|62|64|67|68|71|78|79,1|4|6|7|10|16|17|19|22|24|28|29|34|37|39|45|47|48|52|53|57|58|59|63|65|67|73|76|81|82|83|88|90|93|101|104|105|107|108|112|115|116|118|124|125|128|130|133|136|137|139|141|142|153|154|160|163|166|168|175|176|181|184|186|187|188|191|194|196|199|201|202|204|205|207|211|213|215|216|217|220|224|225|226|227|229|231|235|237|239|240|242|244|247|249|251|254|255|256|260|262|264|269|270|276|278|280|285|286|288|290|291|292|294|295|298|299|300|302|303|304|306|307|309|310|312|313|315|318|320|322|323|324|326|327|330|331|334|337|339|340|342|343|344|345|346|347|348|349|351|355|356|357|359|361|365|367|370|372|385|386|388|390|391|393|394|397|399|401|402|403|405|406|409,3.8043478260869565,True
instance_0017.txt,knapsack_seed,60,3,59,416|414|412|411|402|384|381|380|374|368|356|353|345|343|335|333|331|328|318|316|312|295|291|290|288|266|264|252|239|228|222|218|213|209|203|201|194|165|147|142|138|136|130|127|126|114|109|106|105|93|85|84|78|77|49|45|44|27|16|0,1|5|21,9|16|22|26|29|45|56|67|71|84|93|98|105|107|111|114|117|120|124|125|127|133|134|140|155|163|168|173|182|184|189|190|195|197|212|216|219|223|233|238|244|246|249|253|292|299|319|336|352|357|361|366|368|369|378|380|388|392|394,20.0,True
instance_0017.txt,random,175,43,173,376|257|15|115|322|190|380|306|268|357|75|163|57|232|195|8|281|107|325|226|381|113|84|175|66|399|308|267|130|40|68|231|207|153|58|139|361|349|332|309|389|289|246|194|391|371|374|375|239|109|21|234|143|330|413|117|168|313|333|223|385|364|373|317|112|76|274|255|256|74|104|86|14|161|37|229|286|379|314|179|164|187|19|39|95|253|315|138|26|166|276|353|367|99|362|128|368|152|43|91|346|27|81|34|206|271|341|312|397|106|260|73|291|55|334|127|225|258|388|264|129|147|354|145|401|121|60|70|158|285|11|4|157|217|415|409|42|96|90|171|208|177|211|394|356|407|33|384|347|178|214|111|337|150|270|172|408|114|201|133|3|120|103|288|213|343|36|338|304|38|110|160|263|148|156,1|18|71|21|44|63|11|43|2|55|6|19|32|62|25|82|24|73|75|7|13|28|34|49|80|14|42|20|53|61|9|17|38|39|22|72|78|12|26|52|67|69|68,3|5|10|12|13|14|15|19|21|27|29|30|36|39|40|41|42|45|49|50|51|54|56|59|60|61|63|65|66|70|71|73|76|80|82|83|84|86|89|90|91|92|93|94|97|101|105|107|108|109|110|111|112|113|115|116|117|120|123|128|129|130|135|137|139|141|143|144|147|148|149|151|152|153|154|155|156|157|158|160|163|164|165|166|170|174|177|180|183|187|189|190|192|195|197|204|211|213|215|217|220|222|223|224|225|226|242|244|245|247|248|249|254|256|258|259|260|261|264|273|274|276|277|278|279|280|286|290|292|296|297|306|307|312|315|316|318|319|321|323|326|329|334|336|338|341|343|344|349|351|352|353|355|358|362|368|370|371|373|375|382|384|386|389|393|395|399|400|401|402|403|406|407,4.069767441860465,True
instance_0017.txt,smaller_multi,175,52,175,101|70|204|8|65|398|362|383|357|376|46|387|307|374|196|232|130|295|96|207|25|414|236|284|94|206|270|391|364|251|403|346|269|335|283|189|238|48|277|68|20|244|202|116|339|43|142|311|266|240|128|332|49|60|267|34|126|396|260|22|345|31|27|155|47|227|184|375|291|129|63|344|310|377|355|314|393|190|95|18|78|99|401|261|174|297|309|211|397|367|73|135|330|17|326|203|220|133|353|265|108|248|2|75|50|160|325|45|3|231|110|148|341|407|151|280|328|272|347|343|324|179|74|334|195|313|275|214|300|67|384|368|271|175|80|411|354|39|356|201|171|89|150|380|77|371|239|210|166|58|338|212|358|177|370|223|247|222|350|156|165|7|71|103|369|97|98|242|167|114|408|79|11|181|254,18|63|32|62|1|2|82|5|43|53|26|71|14|38|39|73|11|28|44|78|3|21|35|45|49|55|57|58|68|6|7|8|10|12|20|22|34|36|41|48|51|56|60|61|67|69|70|72|75|77|79|80,1|3|4|6|7|9|11|12|14|15|16|27|30|32|34|40|42|45|48|49|52|55|58|60|63|64|65|66|67|70|71|73|74|76|77|79|80|87|88|89|90|96|98|103|104|106|108|110|111|113|114|117|118|122|124|125|127|128|137|138|139|140|142|143|144|146|151|152|153|157|158|160|161|164|165|168|169|170|171|172|176|178|181|183|184|185|190|192|197|198|203|205|206|213|214|218|220|223|224|230|239|240|241|243|244|245|246|247|249|255|258|261|263|265|266|268|269|271|272|273|274|275|276|278|279|280|283|284|286|287|292|293|296|297|303|310|311|312|316|317|319|321|322|323|333|334|336|337|339|341|343|344|346|349|350|355|358|363|364|365|366|368|374|378|379|380|385|389|390|391|394|400|401|405|408,3.3653846153846154,True
instance_0018.txt,aisle_first_desc,523,6,462,239|19|799|956|1041|1921|1135|1787|2549|630|688|832|1192|1208|2322|2653|53|240|362|363|388|409|525|795|847|964|1006|1215|1250|1263|1266|1297|1320|1494|1537|1570|1715|1867|1880|1994|2037|2204|2234|2266|2341|2533|2582|2667|5|17|23|30|39|44|45|60|62|63|65|66|67|69|73|74|75|76|84|92|94|101|107|112|113|121|122|126|133|143|147|152|157|158|165|167|172|177|184|191|194|208|212|215|224|233|262|267|270|275|277|281|284|290|293|298|305|311|313|316|326|334|349|354|357|372|373|374|375|378|387|389|394|400|401|405|406|414|415|425|430|432|437|438|455|458|459|463|465|476|487|490|497|508|513|514|527|529|536|542|544|555|562|568|571|583|587|589|595|598|610|612|622|627|637|642|652|654|663|677|679|684|686|689|692|696|708|710|711|713|720|725|729|733|738|745|757|763|768|771|773|775|776|781|782|785|787|813|818|819|822|827|829|830|838|851|856|864|866|868|873|881|905|912|922|925|928|934|962|968|972|973|991|996|1002|1004|1007|1015|1039|1040|1050|1058|1070|1079|1087|1101|1102|1104|1105|1113|1122|1131|1136|1142|1144|1152|1159|1165|1169|1170|1173|1189|1209|1220|1234|1237|1240|1246|1247|1260|1264|1278|1292|1298|1304|1305|1306|1322|1325|1342|1344|1358|1362|1364|1365|1367|1370|1372|1376|1377|1382|1385|1386|1388|1390|1393|1397|1399|1403|1405|1406|1412|1413|1414|1416|1422|1435|1448|1461|1464|1471|1472|1474|1479|1481|1488|1501|1510|1513|1514|1523|1524|1527|1542|1544|1546|1547|1549|1551|1560|1566|1574|1586|1588|1594|1601|1606|1609|1611|1617|1619|1625|1628|1629|1631|1643|1647|1649|1657|1667|1674|1676|1679|1686|1710|1712|1727|1731|1735|1738|1750|1751|1752|1759|1760|1768|1770|1777|1778|1783|1785|1794|1799|1801|1810|1817|1818|1819|1820|1822|1824|1828|1832|1840|1844|1845|1850|1855|1856|1859|1869|1873|1885|1898|1903|1911|1915|1923|1932|1937|1938|1950|1952|1953|1955|1959|1970|1973|1974|1989|1995|1997|2002|2015|2019|2031|2032|2041|2054|2075|2081|2084|2086|2095|2102|2103|2107|2115|2116|2125|2126|2146|2147|2150|2151|2160|2165|2168|2172|2174|2176|2183|2185|2186|2193|2209|2211|2215|2218|2223|2224|2226|2229|2237|2238|2239|2246|2247|2256|2260|2283|2286|2295|2296|2297|2302|2304|2311|2312|2315|2317|2323|2330|2336|2338|2357|2363|2364|2367|2369|2375|2376|2383|2390|2391|2401|2402|2403|2406|2413|2416|2419|2421|2424|2425|2429|2438|2439|2441|2452|2462|2465|2468|2474|2477|2485|2488|2489|2498|2510|2513|2524|2528|2545|2552|2554|2561|2563|2569|2570|2571|2576|2579|2583|2588|2603|2610|2634|2636|2647|2649|2661|2664|2668|2673,7|8|13|20|55|86,7|9|13|16|19|22|26|27|28|34|40|48|50|51|55|61|67|69|76|82|88|91|93|99|102|103|104|107|110|111|113|123|130|133|136|138|151|159|160|165|166|174|184|186|188|189|204|211|216|218|219|222|233|235|240|241|242|248|250|253|254|255|257|262|268|272|275|284|285|286|295|298|309|310|323|325|326|342|346|348|349|353|367|378|384|386|387|388|389|397|404|405|407|409|416|423|434|435|436|442|443|444|456|458|459|461|469|472|474|487|494|504|516|517|519|521|523|529|530|531|534|538|541|544|560|570|583|585|590|597|604|612|614|622|627|634|639|640|662|666|676|682|683|689|690|697|711|713|715|717|718|719|726|733|745|746|760|761|766|772|773|777|799|803|804|809|814|818|820|824|825|826|827|831|848|853|854|858|866|870|872|878|880|888|889|892|895|897|906|911|915|923|931|936|938|939|942|948|949|953|955|956|959|960|964|965|967|968|978|986|991|993|994|995|1004|1008|1013|1019|1028|1030|1042|1046|1049|1052|1053|1071|1074|1081|1083|1085|1086|1090|1095|1097|1102|1106|1108|1110|1111|1113|1114|1147|1156|1159|1163|1170|1181|1182|1184|1187|1188|1191|1195|1196|1197|1200|1206|1216|1222|1226|1228|1230|1233|1236|1255|1259|1280|1301|1303|1305|1314|1318|1327|1331|1337|1341|1343|1344|1352|1368|1369|1384|1388|1394|1401|1406|1417|1425|1429|1439|1447|1449|1452|1468|1480|1484|1485|1487|1493|1499|1503|1508|1514|1519|1526|1538|1544|1553|1559|1561|1563|1567|1572|1580|1591|1606|1607|1608|1613|1644|1645|1653|1657|1661|1665|1667|1674|1683|1693|1694|1696|1702|1704|1707|1708|1715|1717|1719|1722|1736|1738|1742|1752|1753|1757|1770|1775|1780|1781|1788|1791|1795|1797|1800|1810|1814|1817|1818|1822|1826|1827|1828|1829|1832|1838|1841|1846|1850|1851|1859|1861|1862|1864|1876|1905|1907|1908|1910|1911|1917|1919|1922|1927|1929|1933|1934|1939|1940|1947|1952|1954|1965|1967|1977|1982|1994|2013|2015|2022|2026|2027|2028|2029|2034|2037|2040|2045|2052|2061|2065|2075|2077|2080|2084|2091|2097|2098|2099|2109|2111|2112|2115|2116|2122|2127|2132|2153|2157|2170|2171|2172|2174|2179|2186|2188|2198|2200|2202|2203|2211|2216|2220|2222|2226|2227|2228|2230|2231|2246|2248|2254|2256|2266|2268|2279|2293|2294|2295|2296|2298|2303|2306,102.16666666666667,True
instance_0018.txt,knapsack,1020,76,935,1028|1027|1026|1025|1024|1023|1022|1021|1020|1019|1018|1016|1015|1014|1013|1012|1011|1010|1009|1008|1007|1006|1005|1004|1003|1002|1001|1000|999|998|997|996|995|994|993|992|991|990|989|988|987|986|985|984|983|982|981|980|979|978|977|976|975|974|973|972|971|970|969|968|967|966|965|964|963|962|961|960|959|958|957|956|955|954|953|952|950|949|948|947|946|945|944|943|942|941|940|939|938|937|936|935|934|933|932|931|930|929|928|927|926|925|924|923|922|921|920|919|918|917|916|915|914|913|912|911|910|909|908|907|906|905|904|903|902|901|900|899|898|897|896|895|894|893|892|891|890|889|888|887|886|885|884|883|882|881|880|879|878|877|876|875|874|873|872|871|870|869|868|867|866|865|864|863|862|861|860|859|858|856|855|854|853|852|851|850|849|848|847|846|845|844|843|842|841|840|839|838|837|836|835|834|833|832|831|830|829|828|827|826|825|824|823|822|821|820|819|818|817|816|815|814|813|812|811|810|809|808|807|805|804|803|802|801|800|799|798|797|796|795|794|793|792|791|790|789|788|787|786|785|784|783|782|781|780|779|778|777|776|775|774|773|772|771|770|769|768|767|766|765|764|763|762|761|760|759|758|757|756|755|754|753|752|751|750|749|748|747|746|745|744|743|742|741|740|739|738|737|736|735|734|733|732|731|730|729|728|727|726|725|724|723|722|721|720|719|718|717|716|715|714|713|712|711|710|709|708|707|706|705|704|703|702|701|700|699|698|697|696|695|694|693|692|691|690|689|688|687|686|685|684|683|682|681|680|679|678|677|676|675|674|673|672|671|670|669|668|667|666|665|664|663|662|661|660|659|658|657|656|655|654|653|652|651|650|649|648|647|646|645|644|643|642|641|640|639|638|637|636|635|634|633|632|631|630|629|628|627|626|625|624|623|622|621|620|619|618|617|616|615|614|613|612|611|610|609|608|607|606|605|604|603|602|601|600|599|598|597|596|595|594|593|592|591|590|589|587|586|585|584|583|582|581|580|579|578|577|576|575|574|573|572|571|570|569|568|567|566|565|564|563|562|561|560|559|558|557|556|555|554|552|551|550|549|548|547|546|545|544|543|542|541|540|539|538|537|536|535|534|533|532|531|530|529|528|527|526|525|524|523|522|521|520|519|518|517|516|515|514|513|512|511|510|509|508|507|506|505|504|503|502|501|500|499|498|497|496|495|494|493|492|491|490|489|488|487|486|485|484|483|482|481|480|479|478|477|476|475|474|473|472|471|470|469|468|467|466|465|464|463|462|461|460|459|458|457|456|455|454|453|452|451|450|449|448|447|446|445|444|443|442|441|440|439|438|437|436|435|434|433|432|431|430|429|428|427|426|425|424|423|422|421|420|419|418|417|416|415|414|413|412|411|410|409|408|407|406|405|404|403|402|401|400|399|398|397|396|395|394|393|392|391|390|389|388|387|386|385|384|383|382|381|380|379|378|377|376|375|374|373|372|371|370|369|368|367|366|365|364|363|362|361|360|359|358|357|356|355|354|353|352|351|350|349|348|347|346|345|344|343|342|341|340|339|338|337|336|335|334|333|332|331|330|329|328|327|326|325|324|323|322|321|320|319|318|317|316|315|314|313|312|311|310|309|308|307|306|305|304|303|302|301|300|299|298|297|296|294|293|292|291|290|289|288|287|286|285|284|283|282|281|280|279|278|277|276|275|274|273|272|271|270|269|268|267|266|265|264|263|262|261|260|259|258|257|256|255|254|253|252|251|250|249|248|247|246|245|244|243|242|241|240|239|238|237|236|235|234|233|232|231|230|229|228|227|226|225|224|222|221|220|219|218|217|216|215|214|213|212|211|210|209|208|207|206|205|204|203|202|201|200|199|198|197|196|195|194|193|192|191|190|189|188|187|186|185|184|183|182|181|180|179|178|177|176|175|174|173|172|171|170|169|168|167|166|165|164|163|162|161|160|159|158|157|156|155|154|153|152|151|150|149|148|147|146|145|144|143|142|141|140|139|138|137|136|135|134|133|132|131|130|129|128|127|126|125|124|123|122|121|120|119|118|117|116|115|114|113|112|111|110|109|108|107|106|105|104|103|102|101|100|99|98|97|96|95|94|93|92|91|90|89|88|87|86|85|84|83|82|81|80|79|78|77|76|75|74|73|72|71|70|69|68|67|66|65|64|63|62|61|60|59|58|57|56|55|54|53|52|51|50|49|48|47|46|45|44|43|42|41|40|39|38|37|36|35|34|33|32|31|30|29|28|27|26|25|24|23|22|21|20|19|18|17|16|15|14|13|12|10|9|8|7|6|5|4|3|2|1|0,37|40|70|55|78|21|80|33|65|50|56|69|44|2|8|51|39|48|24|45|47|13|3|49|73|75|22|26|86|87|62|29|30|64|76|9|43|68|79|58|71|7|14|20|67|31|59|11|16|18|53|0|54|61|63|74|89|5|82|84|85|25|38|77|12|28|35|10|15|60|17|19|34|36|41|52,0|1|2|6|8|9|10|12|16|17|18|20|23|24|25|26|29|31|34|35|40|43|47|49|53|60|61|63|66|69|70|71|72|74|77|78|80|84|85|87|90|93|95|96|98|99|103|108|110|114|116|117|121|122|123|126|128|129|132|140|142|143|145|147|150|154|155|156|159|160|161|163|165|169|170|174|180|185|186|187|188|189|192|194|195|196|198|201|205|206|211|212|214|216|217|219|222|223|226|227|230|233|234|238|239|241|243|244|246|247|249|250|251|253|257|258|262|263|267|272|277|279|281|287|289|295|298|304|308|309|310|311|312|313|315|316|319|321|323|324|325|328|330|332|334|335|336|340|343|347|349|353|359|360|361|366|369|370|371|373|375|381|383|385|387|388|392|394|395|402|403|404|406|408|411|415|418|421|425|431|433|436|439|443|444|447|448|449|453|454|455|456|457|458|459|461|462|463|464|468|469|472|474|479|481|482|484|486|488|490|491|498|500|505|508|512|513|514|515|517|518|520|524|526|527|528|530|532|533|535|539|540|541|547|548|555|556|559|562|568|569|571|572|573|579|580|582|583|586|589|590|592|598|600|601|603|606|608|610|614|618|619|620|626|629|635|636|638|639|643|648|650|656|658|659|662|663|664|665|670|671|679|680|682|685|690|691|695|696|701|702|706|707|708|711|713|714|717|721|727|729|731|733|734|736|737|739|740|742|747|748|749|752|758|762|763|765|768|769|771|776|778|779|781|783|785|786|789|790|791|792|793|794|797|802|803|805|806|809|811|813|815|816|817|818|819|824|826|827|828|829|830|834|835|842|846|848|849|850|852|853|855|856|859|863|866|867|870|879|881|882|885|888|891|897|900|901|909|911|912|914|917|918|920|921|923|924|935|939|942|943|945|949|951|953|955|956|957|959|964|966|970|971|972|974|975|977|979|980|981|982|984|989|990|991|996|998|1001|1004|1007|1008|1010|1011|1012|1016|1019|1020|1021|1024|1028|1033|1041|1042|1045|1046|1047|1048|1050|1051|1054|1055|1059|1062|1066|1072|1077|1079|1080|1081|1084|1087|1090|1091|1094|1095|1096|1098|1100|1101|1109|1112|1115|1117|1119|1121|1122|1123|1131|1132|1135|1136|1139|1140|1143|1145|1147|1151|1155|1156|1161|1164|1166|1168|1170|1171|1173|1174|1176|1177|1178|1187|1188|1189|1193|1194|1195|1196|1197|1199|1200|1201|1204|1207|1208|1210|1211|1212|1213|1215|1217|1218|1219|1220|1221|1224|1228|1236|1237|1239|1241|1242|1244|1246|1247|1249|1251|1252|1254|1257|1258|1259|1260|1262|1264|1267|1269|1270|1272|1273|1279|1283|1286|1291|1292|1293|1294|1295|1297|1298|1299|1300|1304|1307|1312|1314|1315|1318|1319|1321|1322|1326|1328|1331|1332|1336|1338|1341|1343|1345|1347|1349|1350|1352|1357|1358|1360|1361|1362|1364|1365|1368|1369|1375|1378|1379|1381|1382|1389|1390|1391|1393|1399|1403|1404|1405|1406|1407|1410|1411|1412|1419|1421|1423|1430|1431|1433|1435|1437|1444|1446|1447|1452|1453|1456|1459|1461|1462|1463|1467|1470|1474|1475|1482|1488|1489|1490|1496|1497|1498|1500|1505|1508|1511|1516|1517|1518|1521|1522|1526|1531|1532|1533|1536|1539|1541|1542|1543|1545|1546|1547|1548|1549|1550|1553|1556|1558|1560|1563|1565|1570|1571|1573|1577|1578|1580|1581|1587|1588|1591|1593|1596|1599|1600|1601|1606|1611|1622|1623|1624|1627|1628|1630|1631|1642|1644|1647|1650|1653|1656|1664|1665|1671|1674|1676|1677|1679|1680|1689|1690|1692|1693|1694|1695|1696|1698|1709|1711|1716|1717|1719|1724|1725|1736|1737|1741|1743|1744|1746|1748|1749|1750|1751|1753|1757|1759|1761|1768|1769|1770|1771|1779|1781|1782|1783|1784|1788|1790|1794|1795|1797|1805|1808|1809|1820|1823|1824|1826|1829|1830|1833|1839|1845|1846|1847|1848|1849|1851|1852|1854|1855|1856|1862|1863|1864|1866|1867|1870|1871|1872|1873|1874|1877|1878|1879|1881|1882|1886|1888|1889|1891|1892|1893|1895|1898|1899|1901|1906|1909|1911|1917|1920|1921|1924|1925|1927|1930|1931|1932|1933|1934|1937|1940|1943|1948|1953|1960|1961|1962|1964|1965|1967|1969|1971|1973|1974|1975|1976|1977|1979|1981|1982|1984|1987|1989|1993|1996|1997|2000|2001|2003|2008|2013|2014|2017|2018|2022|2023|2024|2030|2032|2034|2035|2038|2039|2047|2050|2051|2053|2057|2063|2064|2066|2068|2076|2077|2080|2083|2093|2106|2107|2109|2110|2112|2116|2120|2121|2122|2125|2129|2133|2136|2138|2141|2149|2150|2152|2153|2155|2160|2164|2165|2166|2167|2169|2170|2172|2177|2178|2183|2185|2193|2194|2195|2203|2204|2205|2206|2207|2208|2211|2215|2216|2220|2223|2224|2225|2228|2229|2231|2232|2235|2237|2242|2244|2246|2247|2248|2250|2251|2256|2265|2266|2267|2272|2273|2277|2280|2282|2287|2288|2289|2293|2295|2303|2305,15.631578947368421,True
instance_0018.txt,knapsack_density,1088,78,992,1132|1131|1129|1128|1127|1126|1125|1124|1123|1122|1121|1120|1119|1118|1117|1115|1114|1113|1112|1111|1110|1109|1108|1107|1106|1105|1104|1103|1102|1101|1100|1099|1098|1097|1096|1095|1094|1093|1092|1091|1090|1089|1088|1087|1086|1085|1084|1082|1081|1080|1079|1078|1077|1076|1075|1074|1073|1071|1070|1069|1068|1067|1066|1065|1064|1063|1062|1061|1060|1059|1058|1057|1056|1055|1054|1053|1052|1051|1050|1049|1048|1047|1046|1045|1044|1043|1042|1040|1039|1038|1037|1036|1035|1034|1033|1032|1031|1030|1029|1028|1027|1026|1024|1022|1021|1020|1019|1018|1016|1015|1014|1013|1012|1011|1010|1009|1008|1007|1006|1005|1004|1003|1002|1001|1000|999|998|997|996|995|994|993|992|991|990|989|988|987|986|985|984|983|982|981|980|979|978|977|976|975|974|973|972|971|970|969|968|967|966|965|964|963|962|961|960|959|958|957|956|955|954|953|952|950|949|948|947|946|945|944|942|940|938|937|936|935|934|933|932|930|929|928|926|925|924|923|922|921|920|919|918|917|916|915|914|913|912|911|910|909|907|906|905|904|903|902|901|900|899|898|897|896|895|894|893|892|891|890|889|888|887|886|885|884|883|882|881|880|879|878|877|876|875|874|873|872|871|870|869|868|867|866|865|864|863|862|861|860|859|858|856|855|854|853|852|851|850|849|848|847|846|845|844|843|842|841|840|839|838|837|836|835|834|833|831|830|829|828|827|826|825|824|823|822|821|820|819|818|817|816|815|814|813|812|811|810|809|808|807|805|804|803|802|801|800|798|797|795|794|792|791|790|789|788|787|786|785|784|783|782|781|780|779|778|777|776|775|774|773|772|771|770|769|768|767|766|765|764|763|762|761|760|759|758|757|756|755|754|753|752|751|750|749|748|746|745|744|743|742|741|740|739|738|737|736|735|734|733|732|731|730|729|728|727|726|725|724|723|722|721|720|718|717|716|715|714|713|712|711|710|709|708|707|706|705|704|703|702|701|700|699|698|697|696|695|694|693|692|691|690|689|687|686|685|684|683|682|681|680|679|678|677|676|675|674|673|672|671|670|669|668|667|666|665|664|663|662|661|660|659|658|657|656|655|654|653|652|651|650|649|648|647|646|645|644|643|642|641|640|639|638|637|636|635|634|633|632|631|630|629|628|627|626|625|624|623|622|621|620|619|618|617|616|615|614|613|612|611|610|609|608|607|606|605|604|603|602|601|600|599|598|597|596|595|594|593|592|591|590|589|587|586|585|584|583|582|581|579|578|577|576|575|574|573|572|571|570|568|567|566|565|564|563|562|561|560|559|558|557|556|555|554|552|551|550|549|548|547|546|545|544|543|542|541|540|538|537|536|535|534|533|532|531|530|529|528|527|526|525|524|523|522|521|520|519|518|517|516|514|513|512|510|509|508|507|506|505|504|503|502|501|500|499|498|497|496|495|494|493|492|491|490|489|488|487|486|485|484|483|482|481|480|479|478|477|476|475|474|473|472|471|470|469|468|467|466|465|464|463|462|461|460|459|458|457|456|455|454|452|451|450|449|448|447|446|445|444|443|442|441|440|439|438|437|436|435|434|433|432|431|430|429|428|427|426|425|424|423|422|421|420|419|418|417|416|415|414|413|412|411|410|409|408|407|406|405|404|403|402|401|400|399|398|397|396|395|394|393|392|391|390|389|388|387|386|385|384|383|382|381|380|379|378|377|376|375|374|373|372|371|370|369|368|367|365|364|362|361|360|359|358|357|356|355|354|353|352|351|350|349|348|347|346|345|344|343|342|340|339|338|337|336|335|334|333|332|331|330|329|328|326|325|324|323|322|321|320|319|318|317|316|315|314|313|312|311|310|309|308|307|306|305|304|303|302|301|300|299|298|297|296|294|293|292|291|290|288|287|286|285|284|283|282|281|280|279|278|277|276|275|274|273|272|271|270|269|268|267|266|265|264|263|262|261|260|259|258|257|256|255|254|253|252|251|250|249|248|247|246|245|244|243|242|241|240|239|238|237|236|235|234|233|232|231|230|229|228|227|226|225|224|222|221|220|219|218|217|216|215|214|213|212|211|210|209|208|207|206|205|204|203|202|201|200|199|198|197|196|194|193|191|190|189|188|187|186|185|184|183|182|181|180|179|178|177|176|175|174|173|172|171|170|169|168|167|166|165|164|163|162|161|160|159|158|157|156|155|152|151|150|149|148|147|146|145|144|143|142|141|140|139|138|137|136|135|134|133|132|131|130|129|128|127|126|125|124|123|122|121|120|119|118|117|116|115|114|113|112|111|110|109|108|107|106|105|104|103|102|101|100|99|98|97|96|95|94|93|92|91|90|89|88|87|85|84|83|82|81|80|79|78|77|76|75|74|73|72|71|70|69|68|67|66|65|64|63|62|61|60|59|58|57|56|55|54|53|52|51|50|49|48|47|46|45|44|43|42|41|40|39|38|37|36|35|34|33|32|31|30|29|28|27|26|25|24|23|22|21|20|19|18|17|16|15|14|13|12|10|9|8|7|6|5|4|3|2|1|0,37|40|70|50|78|80|21|33|55|65|56|44|30|51|8|48|69|39|3|75|31|47|13|24|7|9|62|76|45|49|2|26|58|73|43|68|71|86|16|79|20|22|64|67|29|54|59|63|14|89|0|18|35|38|53|61|74|82|85|5|11|77|84|25|87|12|28|10|15|17|60|66|1|19|34|41|46|52,0|1|2|6|8|9|10|12|16|17|18|20|23|24|25|26|31|34|35|40|43|47|49|53|58|60|61|63|66|69|70|71|72|74|75|77|78|80|83|84|85|87|90|93|95|96|98|99|103|105|108|109|110|114|116|117|121|122|123|126|128|129|132|140|142|143|144|145|147|150|154|155|156|159|160|161|163|165|169|170|174|176|180|185|186|187|188|189|190|192|193|194|195|196|198|201|205|206|211|212|214|216|217|219|222|223|226|227|229|230|233|234|237|238|239|241|243|244|246|247|249|250|251|253|257|258|259|262|263|267|272|277|281|287|288|289|295|298|303|304|308|309|310|311|313|314|315|316|321|324|325|328|330|331|332|334|335|336|340|343|347|349|353|359|360|361|362|366|369|370|371|373|375|381|385|387|388|392|394|395|401|402|403|404|406|408|411|415|418|419|421|425|431|433|436|437|443|447|448|449|451|453|454|455|456|457|458|459|461|462|463|464|468|469|474|479|481|482|484|486|488|490|491|498|500|505|506|508|509|512|513|514|515|517|518|524|525|526|527|528|529|530|532|533|535|540|541|548|553|555|556|559|562|568|569|571|572|573|579|580|582|586|588|589|590|592|598|600|601|603|606|608|610|614|618|619|620|626|629|633|635|636|638|639|643|647|648|650|656|658|659|661|663|664|665|670|671|679|680|682|685|690|691|695|696|701|702|706|707|708|709|711|713|714|717|721|727|729|731|733|734|736|737|739|740|742|747|748|749|752|758|762|763|765|768|769|771|776|778|779|781|783|785|786|789|790|791|792|793|794|797|798|802|803|805|806|809|811|813|815|816|817|818|819|824|826|827|828|829|830|834|835|837|842|843|846|848|849|850|852|853|855|856|859|863|866|867|870|879|880|881|882|885|888|891|897|900|901|905|909|911|912|914|917|918|920|921|923|924|935|939|942|943|945|946|949|951|953|955|956|957|959|964|966|968|970|974|975|977|979|980|981|982|984|989|990|991|996|998|1000|1001|1004|1007|1008|1010|1011|1016|1019|1020|1021|1023|1024|1025|1028|1033|1038|1041|1042|1045|1046|1047|1048|1050|1051|1054|1055|1059|1062|1066|1072|1073|1074|1077|1079|1080|1081|1084|1087|1090|1091|1094|1095|1096|1098|1100|1109|1112|1115|1117|1119|1121|1122|1123|1130|1131|1132|1135|1136|1139|1140|1145|1147|1151|1155|1156|1159|1161|1164|1166|1168|1170|1171|1174|1176|1177|1178|1187|1188|1189|1193|1194|1195|1196|1197|1199|1200|1201|1204|1207|1208|1210|1211|1212|1213|1215|1216|1217|1218|1220|1221|1224|1226|1227|1228|1230|1236|1237|1239|1241|1242|1243|1244|1246|1247|1249|1251|1252|1254|1257|1258|1259|1260|1262|1264|1267|1269|1270|1272|1273|1277|1279|1281|1283|1286|1291|1292|1293|1294|1295|1297|1298|1299|1300|1304|1307|1312|1314|1315|1316|1318|1319|1321|1322|1326|1328|1331|1332|1333|1336|1338|1341|1343|1345|1347|1349|1350|1352|1355|1357|1358|1360|1361|1362|1364|1365|1368|1369|1374|1377|1378|1379|1381|1382|1389|1390|1391|1393|1399|1403|1404|1405|1406|1407|1410|1411|1412|1419|1420|1421|1423|1430|1431|1433|1435|1437|1442|1444|1446|1447|1452|1453|1456|1459|1461|1462|1463|1467|1469|1470|1474|1475|1480|1482|1488|1489|1490|1496|1497|1498|1500|1505|1507|1508|1511|1516|1517|1518|1521|1522|1526|1531|1532|1533|1536|1539|1541|1542|1543|1545|1546|1547|1548|1549|1550|1553|1556|1558|1560|1562|1563|1565|1570|1571|1573|1577|1578|1580|1581|1587|1588|1591|1593|1596|1599|1600|1601|1605|1606|1611|1614|1622|1623|1624|1627|1628|1630|1631|1642|1644|1647|1650|1653|1656|1664|1665|1674|1675|1676|1677|1679|1680|1689|1690|1692|1693|1694|1695|1696|1698|1709|1711|1714|1716|1717|1719|1724|1725|1728|1736|1737|1741|1743|1744|1746|1748|1749|1750|1751|1753|1757|1759|1761|1768|1769|1770|1771|1779|1781|1782|1783|1784|1787|1788|1790|1794|1795|1796|1797|1805|1808|1809|1820|1823|1824|1826|1829|1833|1839|1845|1846|1847|1848|1849|1851|1852|1854|1855|1856|1862|1863|1864|1866|1867|1870|1871|1872|1873|1874|1877|1878|1879|1881|1882|1886|1888|1889|1891|1892|1893|1895|1898|1899|1901|1906|1909|1911|1917|1919|1920|1921|1924|1925|1927|1930|1931|1932|1933|1934|1937|1938|1940|1943|1948|1949|1953|1960|1962|1964|1965|1967|1969|1971|1973|1974|1975|1976|1977|1979|1982|1984|1987|1989|1993|1996|1997|2000|2001|2003|2006|2008|2013|2014|2017|2018|2022|2023|2024|2030|2032|2034|2035|2038|2039|2046|2047|2050|2051|2053|2063|2064|2066|2068|2076|2077|2080|2083|2089|2091|2093|2105|2106|2107|2109|2110|2112|2116|2120|2121|2122|2125|2129|2133|2136|2141|2149|2150|2152|2153|2155|2160|2164|2165|2166|2169|2170|2172|2177|2178|2183|2185|2191|2193|2194|2195|2198|2201|2203|2204|2205|2206|2207|2208|2211|2215|2216|2220|2223|2224|2225|2228|2229|2231|2232|2234|2235|2237|2242|2244|2246|2247|2248|2250|2251|2256|2257|2259|2265|2266|2267|2268|2273|2277|2282|2287|2288|2289|2293|2295|2297|2298|2303|2305,15.282051282051283,True
instance_0018.txt,knapsack_seed,0,0,0,,,,0.0,False
instance_0018.txt,random,1047,77,950,876|2364|2281|2511|109|2117|1276|1328|1253|1320|1851|1739|2005|1248|2448|1308|969|2443|156|1096|1385|1163|1194|462|31|2608|729|2542|939|274|1633|498|60|1963|623|1546|1224|269|962|1072|2090|75|505|2190|1748|2179|1972|1074|1902|1720|2065|15|1924|545|352|771|1716|872|987|566|526|1195|2211|235|1237|74|2418|1312|1690|1444|396|662|1202|501|2272|1885|814|2655|1165|1831|2278|1950|1124|408|2386|2451|682|362|225|1991|1715|1875|2458|1608|1952|1374|2481|684|607|2658|1830|683|324|276|220|1189|490|291|1019|1122|2328|33|1899|2503|2337|2138|983|1975|954|1214|95|2371|1759|1988|2370|1677|2027|1517|1172|282|1679|1925|69|2239|321|1707|1823|1352|184|2050|2120|2638|2609|847|807|2249|1572|1030|2508|1099|1048|355|1100|1912|2106|1436|1450|1713|1943|212|371|2012|688|706|1734|1358|836|1469|1423|2532|1386|37|935|1040|56|1931|600|478|2043|1754|529|2056|1258|444|1818|2322|1532|798|1930|586|1155|1091|1395|1533|201|2636|99|689|530|367|2308|1129|2133|2513|409|2656|43|137|825|1837|921|390|869|1686|342|1241|905|603|713|1013|1658|266|1199|2528|1240|1552|323|239|1542|2260|1211|1781|1004|1457|2041|787|346|1860|148|381|727|720|858|1288|897|1405|307|2033|2055|659|1807|648|810|895|773|133|441|1907|1864|878|1088|2176|576|1284|2484|275|2675|279|246|2619|1661|1152|213|585|1886|1576|397|2205|795|1409|2163|2356|616|1275|2353|920|2409|1973|1182|1282|2220|2348|1295|147|2433|2160|2079|2593|2096|429|1774|1777|1408|1617|936|195|2660|1744|2305|1709|388|2067|2101|891|1447|1927|1250|1512|1307|2437|783|1845|879|1867|611|2167|2025|1369|2162|2498|1737|125|2175|1031|2244|1626|1183|2121|2026|1681|1782|2157|2256|978|2137|2588|2084|1729|842|2613|1663|1070|1311|986|461|2357|917|477|609|595|1932|215|1372|63|2577|1010|205|2019|573|643|776|2336|1730|87|1561|1442|997|468|384|1477|925|737|907|142|128|870|354|2575|658|2155|1232|1208|2439|250|811|2072|186|1236|1377|329|416|2105|9|1989|546|808|2307|1835|1065|723|2361|358|1050|1965|138|1263|1493|1000|356|1473|2035|1479|547|1272|2312|677|2585|2091|2232|634|22|2317|2581|647|5|2586|2185|1692|1657|2124|940|861|1605|2648|818|132|1216|1498|2329|2354|417|2422|2218|1443|2342|1598|1249|2086|554|343|1428|2150|1393|136|236|1345|1132|28|1014|785|518|2461|1666|2313|1586|1404|494|480|2534|715|2410|1812|2550|410|970|139|1077|886|2284|90|1415|1790|1487|1134|1762|579|1892|207|748|460|1926|1870|1655|875|2384|1804|619|1254|1227|2535|558|1193|1942|632|2440|446|2156|1086|45|2477|938|2020|1146|1901|2001|1213|172|1347|1662|244|2592|333|55|395|344|1904|615|2049|2060|893|2617|996|2119|1545|746|2488|2625|1537|749|2018|288|2500|1787|1866|2546|1291|1255|2022|234|2248|359|1865|1322|2258|1068|115|2568|2310|2082|646|2186|736|216|1355|2216|1403|1957|1217|1825|1644|598|1639|2654|2174|1018|1231|1966|98|2653|1986|2395|2421|2473|650|1951|590|635|2046|1789|750|2048|503|327|2011|514|1969|1779|366|1441|1379|91|400|1076|1624|221|426|2228|2099|1036|1742|1365|398|1520|311|500|463|929|887|1329|919|227|1133|2023|2200|2527|599|608|1563|880|1169|1874|1131|219|757|2555|2666|2615|743|775|2478|454|973|2565|2402|2582|1826|1798|2551|2650|2494|1573|2095|1783|1137|666|306|1660|2285|1420|2538|1852|2152|2088|166|1638|766|1659|724|849|88|990|1846|2505|2047|1353|399|2134|46|1868|593|2627|2257|2509|516|303|1820|144|177|19|823|1671|630|1997|4|1757|1230|587|161|1281|1162|2572|1228|421|2183|2057|173|2030|2446|653|2206|840|863|224|805|2161|1597|425|946|1797|1184|1245|1139|892|1366|1917|1111|1999|301|76|1954|134|1489|47|1215|761|1833|1499|2644|293|2403|543|2667|2480|2242|268|2131|2590|1684|657|1287|2631|768|2491|84|2442|1348|2037|1536|67|701|2214|392|2306|1792|564|1939|1039|2164|2202|1621|1140|1994|171|824|2098|1611|2103|120|1842|1453|742|428|2327|1656|1961|1793|1201|107|1844|149|1257|1913|2182|1682|1595|2122|1676|1042|778|336|79|389|665|72|350|199|1604|675|1593|13|1337|1412|1539|146|645|1738|103|927|612|385|582|2126|900|1650|1326|541|1397|44|2425|42|2066|802|1024|373|2230|871|1465|2148|152|843|2177|1746|25|453|817|158|1371|2434|181|1511|1054|1749|1363|1016|296|194|2554|502|143|1310|705|676|1526|1849|2557|2240|1728|613|1647|726|2645|1564|190|1808|108|1023|2573|1300|2044|281|1556|1289|1895|2227|813|7|1209|2267|968|2201|1602|1828|1896|2350|739|2069|953|1426|1343|447|27|1045|2|294|1670|1098|627|1971|499|2303|2234|703|110|1630|1964|852|420|2180|313|2601|1981|39|2377|2318|1861|2597|2445|591|118|2259|10|702|1060|982|1279|127|1427|34|196|174|2674|1459|1005|1766|2062|1587|856|1090|413|1052|1044|1914|2544|1449|2100|2591|1061|259|912|1431|1701|1984|314|430|931|1761|694|1168|1448|2299|1391|708|815|971|164|2172|592|1179|2460|1938|96|959|1338|2269|3|2294|1251|2015|1911|2291|1223|958|442|1569|2236|1212|2320|479|1176|1007|1890|471|2298|2571|1491|851|157|2495|1758|36|1298|183|2169|789|752|2679|1583|896|1220|427|995|305|374|1764|298|552|1775|2676|774|1710|538|903|799|556|29|2132|2375,37|55|40|78|8|13|86|33|70|56|58|14|24|62|69|20|50|65|45|7|9|51|21|49|30|87|29|64|73|80|3|2|16|31|71|79|89|47|48|39|22|61|76|26|28|82|54|67|5|44|75|12|11|35|68|18|38|77|43|19|42|17|53|0|63|10|84|60|36|59|74|85|25|23|52|66|46,1|2|3|4|5|6|9|11|15|16|17|18|19|20|21|23|25|28|32|34|35|38|39|41|42|43|45|46|47|53|55|56|57|60|63|64|66|69|72|73|74|77|84|85|86|88|89|92|98|99|105|106|107|108|109|110|112|113|114|116|117|118|120|121|126|129|131|132|135|136|138|140|141|143|144|145|149|150|153|155|159|160|162|164|165|170|172|174|176|178|181|183|184|186|187|188|189|190|192|202|203|204|209|210|212|214|216|222|224|228|229|232|233|234|235|237|238|240|241|243|251|253|255|256|261|262|263|267|270|271|272|276|278|282|283|284|285|286|290|291|292|296|297|298|299|303|306|310|312|314|320|321|325|328|330|335|336|338|340|343|347|353|355|364|366|367|368|371|373|374|380|382|384|385|387|391|392|393|394|396|399|400|404|408|413|414|416|417|422|425|428|439|440|441|444|445|448|450|457|458|460|461|467|468|469|471|472|475|476|478|480|487|488|492|493|494|495|496|497|500|501|502|503|508|509|515|518|519|521|522|523|524|525|526|527|533|535|536|538|539|541|542|543|546|551|552|553|554|557|558|559|565|566|567|568|571|574|575|577|578|579|586|590|595|597|598|601|606|607|610|612|614|615|617|618|620|621|626|630|633|634|635|636|637|639|640|641|642|645|646|649|650|651|653|654|656|662|663|665|668|671|672|678|679|681|686|688|692|693|695|697|700|701|703|704|708|711|712|713|716|718|721|722|724|730|731|734|737|738|740|744|746|747|749|752|759|760|764|767|770|772|773|775|778|783|788|791|793|795|796|797|798|800|802|807|808|809|811|812|815|816|823|826|827|830|831|833|835|838|839|845|848|850|851|852|853|854|856|857|859|860|866|869|871|872|874|879|881|883|884|885|887|888|889|892|893|894|898|902|905|912|913|914|916|920|924|927|928|931|933|934|935|936|943|946|949|950|951|955|957|958|959|966|970|975|978|988|990|992|993|1003|1004|1005|1007|1012|1014|1015|1019|1020|1024|1029|1031|1032|1036|1038|1039|1040|1042|1043|1047|1049|1055|1057|1065|1066|1067|1070|1071|1077|1078|1080|1082|1088|1089|1091|1092|1094|1095|1096|1098|1106|1107|1109|1110|1113|1115|1116|1117|1120|1125|1126|1129|1134|1135|1137|1141|1142|1143|1146|1159|1161|1162|1164|1165|1166|1170|1172|1174|1176|1177|1181|1184|1187|1189|1192|1195|1200|1205|1206|1207|1211|1213|1217|1218|1221|1223|1226|1227|1231|1232|1233|1234|1238|1239|1241|1247|1248|1249|1250|1251|1253|1257|1259|1260|1262|1263|1266|1267|1270|1274|1278|1279|1283|1285|1287|1290|1298|1299|1300|1301|1308|1309|1311|1315|1317|1318|1319|1320|1321|1322|1324|1327|1328|1331|1333|1335|1341|1342|1345|1346|1347|1349|1350|1352|1353|1354|1355|1356|1358|1360|1361|1363|1366|1367|1369|1371|1372|1376|1380|1385|1388|1390|1393|1395|1396|1398|1400|1404|1412|1413|1415|1416|1420|1425|1426|1427|1430|1434|1438|1440|1441|1444|1445|1446|1451|1454|1458|1459|1460|1462|1464|1468|1469|1470|1471|1473|1479|1480|1485|1487|1488|1490|1491|1493|1495|1498|1499|1501|1504|1505|1508|1511|1513|1521|1522|1525|1529|1534|1535|1536|1538|1546|1547|1549|1551|1553|1554|1556|1561|1562|1563|1565|1566|1568|1570|1572|1574|1576|1578|1580|1591|1592|1594|1596|1599|1600|1606|1608|1611|1616|1617|1619|1624|1627|1630|1631|1633|1638|1639|1641|1647|1652|1657|1658|1659|1661|1666|1668|1670|1677|1679|1680|1684|1689|1691|1692|1694|1697|1699|1700|1707|1711|1717|1719|1727|1730|1731|1734|1739|1741|1742|1743|1744|1747|1749|1752|1753|1755|1757|1761|1762|1766|1767|1770|1771|1772|1773|1774|1776|1779|1781|1782|1784|1786|1787|1790|1792|1794|1799|1805|1807|1808|1814|1816|1817|1821|1824|1826|1828|1833|1835|1836|1839|1840|1845|1846|1847|1848|1851|1852|1854|1855|1860|1861|1862|1864|1865|1866|1867|1869|1872|1877|1879|1883|1889|1891|1894|1896|1898|1899|1901|1902|1905|1906|1908|1909|1911|1912|1916|1917|1920|1926|1929|1932|1935|1936|1937|1939|1950|1951|1953|1954|1958|1960|1961|1963|1964|1967|1968|1970|1971|1975|1977|1982|1987|1989|1997|2000|2002|2003|2005|2008|2010|2012|2014|2017|2021|2024|2025|2027|2029|2032|2033|2034|2035|2041|2044|2047|2048|2053|2060|2064|2068|2069|2071|2072|2075|2077|2081|2082|2083|2084|2086|2090|2091|2094|2100|2105|2106|2110|2115|2116|2121|2123|2124|2125|2130|2131|2132|2133|2137|2141|2142|2144|2145|2148|2149|2150|2151|2152|2153|2159|2160|2164|2165|2167|2169|2171|2172|2173|2174|2176|2180|2189|2191|2194|2195|2199|2201|2205|2210|2212|2214|2225|2226|2227|2228|2229|2231|2236|2238|2243|2244|2246|2248|2249|2254|2258|2260|2261|2262|2265|2266|2268|2269|2271|2272|2273|2274|2277|2279|2280|2281|2282|2285|2292|2298|2302|2306|2307,15.64935064935065,True
instance_0018.txt,smaller_multi,805,75,733,1603|511|239|939|1181|2273|19|563|1041|154|2318|1921|799|1802|956|1787|849|932|2303|345|769|2045|1135|2469|1153|86|539|1360|1193|722|2549|1204|1357|1681|2322|569|2653|1192|1208|607|461|327|1650|1130|2470|1108|630|341|832|1231|1983|1482|1978|453|2259|2017|1291|665|1506|664|2101|2633|2374|515|276|1683|688|218|1483|243|260|2581|892|1839|1475|941|1798|2018|1168|1338|1116|1083|153|210|2537|525|1213|1692|1811|1138|1867|1607|2204|2409|1570|989|87|614|1699|1985|1812|2476|492|1187|1899|2037|2466|409|2009|875|1880|1263|2140|1334|1006|1670|1250|793|7|2068|240|1253|1266|1826|195|1707|1126|943|762|1704|1320|411|1446|2630|1742|2547|796|1348|931|114|1389|1720|1943|344|2234|2166|908|1241|263|795|2090|1806|847|1784|2123|268|1823|1467|2560|249|2067|1277|1494|2219|1440|363|2266|1203|2478|2271|1321|983|1245|1807|1597|1537|927|2341|103|192|2618|1137|388|1018|1721|754|917|964|271|1715|2072|53|1505|1140|1835|2105|366|1994|2373|1535|1297|580|79|2533|1930|2119|362|289|1243|1025|581|2212|1059|2138|1602|179|235|2066|1047|1980|2121|1853|2667|1215|347|2654|2681|454|2582|1177|71|747|1866|1259|1023|719|961|636|2542|1157|760|658|2680|1395|1032|2522|2388|1905|145|208|392|1055|1859|1986|2655|122|835|2352|561|1536|712|1316|823|2091|1115|2053|2178|1061|2100|2284|2421|1913|2001|339|1479|1999|384|2151|2295|1841|1007|1175|2369|2071|1743|727|589|540|2503|1972|446|1373|1516|84|178|13|1437|303|1049|1988|1133|925|1068|755|1886|44|1713|1223|913|46|780|984|1815|1091|247|2142|2607|1731|484|1679|2010|1088|1095|2563|1627|715|2270|1080|1879|903|100|1745|595|717|764|2366|1971|2638|1846|2280|721|2127|2346|2122|1703|2430|987|1198|2428|2170|1925|202|2506|1910|2111|1684|1288|562|458|234|1461|2047|2332|1677|1264|538|1524|395|1413|1039|1644|1598|1376|547|814|1928|718|2146|1799|1591|1868|357|2663|216|962|116|1649|1084|672|1654|2125|2532|379|1529|1260|621|2002|1614|1729|242|2619|2534|1951|1152|248|530|910|709|1030|2561|1810|164|1678|968|2368|255|371|2149|2434|2331|1150|1503|351|1255|1293|398|1285|1363|828|575|680|573|1521|2177|1236|1803|977|1234|36|124|2393|1487|1132|1402|2616|768|76|2302|703|2647|2406|1508|1310|2133|1341|779|2008|860|1958|2661|1290|34|1634|1897|1658|1062|1982|500|698|1048|2345|1233|9|1791|1877|753|751|1942|2358|322|2635|2330|1629|2591|643|1528|1399|1850|194|185|1869|99|342|2333|2096|1210|1593|1696|2226|1390|1883|2418|2475|1540|1370|2646|1324|430|306|1415|1892|187|1272|2237|2148|1397|1026|1386|1623|1819|2497|434|2337|2489|2262|2194|1011|826|2135|1889|2210|671|1056|1727|2103|293|1036|2080|335|258|888|1891|2336|2291|520|1544|532|661|2629|571|1790|1621|448|1010|1533|1565|2487|786|2174|1833|266|949|2514|1776|2444|1410|1065|1571|393|55|1166|69|1923|2460|2528|2088|1229|1304|2423|1961|2474|1828|1287|707|1723|1145|2660|2659|2567|2597|1915|872|807|464|1194|2213|1117|382|470|1129|2529|1362|1051|2193|2453|2223|771|743|1367|857|269|2579|767|1912|1592|2039|1588|670|1400|2377|1206|2631|358|2249|546|678|572|1941|1809|536|404|2005|553|1998|518|225|1447|2048|1781|2049|990|1343|1375|2117|1626|1977|376|1624|1975|2051|2326|408|26|57|997|199|2652|2672|2440|1738|1106|1000|1710|54|806|592|2188|1450|1761|1418|445|2519|252|1837|1993|1800|682|2095|1159|911|386|1706|380|846|1329|1271|204|1171|1016|2007|329|2126|1060|2334|1114|481|2637|1884|2060|456|1428|2381|1582|490|129|1749|415|2545|1502|1311|1672|1347|1619|233|2279|1855|23|59|2054|316|2450|1572|2642|1092|1419|973|29|893|2523|348|507|805|2541|2515|691|692|1900|482|915|2445|791|1196|702|49|1014|1751|980|802|560|788|2064|2524|1827|1522|1276|928|735|1191|1747|1496|292|2606|2041|1312|307|1002|1066|2627|1711|2069|766|1300|858|2161|108|513|2457|2382|620|90|874|2325|1688|378|1875|1459|1844|2268|1643|361|1121|160|1673|809|1671|591|681|326|1518|1831|1796|812|1252|890|2159,37|70|69|39|40|24|7|65|3|56|45|78|62|2|50|16|87|75|76|21|33|31|55|8|9|58|47|44|20|48|71|13|26|86|89|14|51|68|11|49|73|29|38|79|82|18|30|35|43|53|60|64|67|85|0|61|63|80|5|74|6|10|28|15|17|22|54|77|84|1|12|27|36|42|59,2|3|7|8|12|14|17|22|23|25|26|29|31|39|46|52|56|59|60|66|67|74|77|79|86|87|91|92|93|101|104|106|108|110|112|116|120|123|124|126|132|133|137|140|144|147|149|150|151|155|158|159|164|168|174|175|176|182|183|185|189|190|191|194|202|214|215|220|228|235|236|241|242|245|246|247|251|255|256|260|263|264|265|267|269|272|275|276|278|279|280|281|282|284|285|287|289|291|294|308|310|312|318|319|320|322|323|327|330|338|341|344|345|347|348|352|353|355|360|363|369|371|374|381|383|384|391|395|397|399|401|402|404|411|418|421|426|430|433|439|440|442|444|446|447|450|457|459|469|472|476|479|485|487|489|490|494|496|498|503|509|513|515|516|519|520|521|523|526|527|533|534|536|537|539|543|547|551|553|554|557|558|561|565|566|569|571|572|574|575|576|583|584|586|590|595|598|599|600|604|606|610|618|620|622|629|631|637|639|642|647|648|652|653|662|666|669|670|673|675|678|681|682|684|689|692|693|694|695|697|698|701|703|704|707|709|710|722|726|728|731|734|739|742|745|747|750|754|756|766|771|772|776|780|788|798|802|803|811|813|815|816|820|822|824|826|830|832|833|835|839|841|843|847|851|852|855|857|863|866|867|872|875|884|888|891|896|897|898|899|904|906|907|908|911|913|915|916|921|924|932|940|942|945|946|950|953|958|962|965|971|972|974|975|976|978|979|986|989|995|1000|1003|1004|1006|1012|1014|1019|1023|1025|1027|1028|1036|1038|1039|1042|1044|1060|1064|1065|1068|1069|1070|1072|1073|1075|1076|1082|1083|1084|1090|1093|1097|1099|1100|1101|1107|1108|1111|1112|1113|1114|1116|1120|1123|1128|1132|1138|1139|1140|1142|1143|1146|1151|1155|1160|1161|1164|1165|1172|1173|1177|1178|1179|1189|1190|1192|1193|1196|1198|1199|1201|1203|1204|1213|1219|1220|1221|1222|1223|1225|1227|1231|1233|1235|1238|1246|1254|1259|1263|1264|1267|1269|1277|1279|1280|1282|1284|1291|1296|1297|1298|1299|1305|1306|1309|1311|1312|1313|1317|1320|1322|1324|1330|1331|1334|1335|1337|1338|1339|1341|1346|1352|1355|1358|1360|1368|1369|1370|1374|1375|1380|1383|1385|1390|1397|1400|1401|1402|1404|1408|1410|1411|1415|1418|1421|1422|1425|1436|1441|1444|1445|1447|1448|1460|1464|1467|1468|1471|1480|1484|1487|1488|1494|1495|1496|1500|1502|1504|1505|1507|1508|1513|1514|1516|1519|1521|1522|1529|1532|1535|1540|1543|1545|1548|1549|1550|1551|1552|1553|1555|1558|1560|1563|1565|1566|1568|1571|1572|1575|1576|1579|1590|1592|1595|1596|1597|1599|1601|1603|1606|1609|1610|1620|1634|1638|1641|1649|1650|1651|1652|1653|1658|1665|1669|1671|1676|1677|1689|1690|1695|1697|1702|1703|1704|1705|1709|1712|1713|1714|1715|1724|1729|1732|1736|1737|1738|1740|1741|1743|1745|1747|1750|1751|1752|1755|1761|1770|1772|1780|1781|1782|1784|1791|1792|1796|1799|1800|1808|1815|1819|1821|1822|1828|1830|1832|1839|1844|1854|1856|1858|1862|1865|1868|1873|1878|1881|1893|1899|1908|1910|1911|1915|1923|1924|1927|1930|1933|1940|1941|1942|1944|1951|1952|1958|1960|1961|1964|1967|1968|1970|1971|1973|1977|1980|1981|1984|1988|1989|1999|2008|2009|2010|2014|2023|2024|2027|2034|2040|2041|2043|2044|2049|2054|2055|2057|2058|2064|2068|2069|2074|2075|2079|2084|2085|2097|2106|2107|2111|2113|2114|2119|2121|2129|2130|2135|2138|2141|2142|2147|2148|2150|2152|2159|2163|2166|2167|2173|2176|2178|2190|2191|2194|2195|2199|2202|2205|2206|2212|2213|2223|2225|2227|2228|2235|2238|2239|2242|2245|2246|2247|2249|2252|2256|2261|2263|2264|2272|2276|2280|2281|2283|2286|2287|2288|2289|2290|2294|2296|2301|2302|2303|2304|2308,16.066666666666666,True
instance_0019.txt,aisle_first_desc,184,1,169,1661|178|1183|24|634|676|985|1703|1806|1954|2025|2110|2149|2199|12|14|20|34|60|81|87|107|108|132|141|144|179|215|243|248|282|296|301|318|334|339|340|341|352|356|366|375|389|393|402|428|431|449|460|475|487|501|513|520|524|534|536|537|543|547|555|565|586|600|608|623|681|708|710|722|729|744|756|760|774|799|801|806|807|817|825|826|829|831|842|857|947|957|962|979|984|988|1002|1016|1045|1046|1065|1069|1119|1124|1131|1145|1167|1178|1182|1199|1219|1227|1231|1237|1254|1258|1275|1282|1315|1331|1340|1353|1361|1377|1382|1384|1394|1395|1412|1414|1431|1454|1468|1477|1479|1484|1485|1509|1527|1542|1544|1553|1587|1616|1625|1645|1653|1688|1708|1733|1737|1746|1750|1764|1777|1778|1820|1830|1868|1883|1910|1939|1966|1976|1981|2019|2030|2037|2043|2060|2070|2094|2095|2099|2114|2122|2128|2131|2132|2150|2156|2182|2185|2191|2209|2211|2219|2222,38,25|26|30|32|47|57|74|83|88|96|106|122|123|126|132|139|154|156|166|189|201|203|224|241|248|256|258|267|279|280|284|290|293|298|309|314|315|330|341|379|381|394|401|415|416|445|454|458|478|483|494|500|533|559|566|571|586|601|640|642|656|669|693|698|701|717|786|789|802|852|862|883|885|890|903|921|948|965|966|976|977|990|1001|1005|1021|1036|1063|1066|1067|1074|1085|1128|1132|1149|1154|1165|1178|1183|1188|1195|1196|1201|1218|1230|1239|1257|1263|1279|1285|1298|1312|1328|1371|1380|1390|1392|1399|1417|1442|1448|1452|1454|1497|1503|1520|1586|1589|1602|1608|1623|1627|1657|1659|1668|1671|1672|1687|1701|1744|1763|1780|1788|1825|1831|1848|1857|1867|1882|1893|1894|1905|1911|1939|1946|1960|1968|1983|1997|2000|2006|2020|2023|2034|2039|2042|2058|2066|2072|2091,202.0,True
instance_0019.txt,knapsack,791,98,765,796|795|794|793|792|791|790|789|788|787|786|785|784|783|782|781|780|779|778|777|776|775|774|773|772|771|770|769|768|767|766|765|764|763|762|761|760|759|758|757|756|755|754|753|752|751|750|749|748|747|746|745|744|743|742|741|740|739|738|737|736|735|734|733|732|731|730|729|728|727|726|725|724|723|722|721|720|719|718|717|716|715|714|713|712|711|710|709|708|707|706|705|704|703|702|701|700|699|698|697|696|695|694|693|692|691|690|689|688|687|686|685|684|683|682|681|680|679|678|677|676|675|674|673|672|671|670|669|668|667|666|665|664|663|661|660|659|658|657|656|655|654|653|652|651|650|649|648|647|646|645|644|643|642|641|640|639|638|637|636|635|634|633|632|631|630|629|628|627|626|625|624|623|622|621|620|619|618|617|616|614|613|612|611|610|609|608|607|606|605|604|603|602|601|600|599|598|597|596|595|594|593|592|591|590|589|588|587|586|585|584|583|582|581|580|579|578|577|576|575|574|573|572|571|570|569|568|567|566|565|564|563|562|561|560|559|558|557|556|555|554|553|552|551|550|549|548|547|546|545|544|543|542|541|540|539|538|537|536|535|534|533|532|531|530|529|528|527|526|525|524|523|522|521|520|519|518|517|516|515|514|513|512|511|510|509|508|507|506|505|504|503|502|501|500|499|498|497|496|495|494|493|492|491|490|489|488|487|486|485|484|483|482|481|480|479|478|477|476|475|474|473|472|471|470|469|468|467|466|465|464|463|462|461|460|459|458|457|456|455|454|453|452|450|449|448|447|446|445|444|443|442|441|440|439|438|437|436|435|434|433|432|431|430|429|428|427|426|425|424|423|421|420|419|418|417|416|415|414|413|412|411|410|409|408|407|406|404|403|402|401|400|399|398|397|396|395|394|393|392|391|390|389|388|387|386|385|384|383|382|381|380|379|378|377|376|375|374|373|372|371|370|369|368|367|366|365|364|363|362|361|360|359|358|357|356|355|354|353|352|351|350|349|348|347|346|345|344|343|342|341|340|339|338|337|336|335|334|333|332|331|330|329|328|327|326|325|324|323|322|321|320|319|318|317|316|315|314|313|312|311|310|309|308|307|306|305|304|303|302|301|300|299|298|297|296|295|294|293|292|291|290|289|288|287|286|285|284|283|282|281|280|279|278|277|276|275|274|273|272|271|270|269|268|267|266|265|264|263|262|261|260|259|258|257|256|255|254|253|252|251|250|249|248|247|246|245|244|243|242|241|240|239|238|237|236|235|234|233|232|231|230|229|228|227|226|225|224|223|222|221|220|219|218|217|216|215|214|213|212|211|210|209|208|207|206|205|204|203|202|201|200|199|198|197|196|195|194|193|191|190|189|188|187|186|185|184|183|182|181|180|179|178|177|176|175|174|173|172|171|170|169|168|167|166|165|164|163|162|161|160|159|158|157|156|155|154|153|152|151|150|149|148|147|146|145|144|143|142|141|140|139|138|137|136|135|134|133|132|131|130|129|128|127|126|125|124|123|122|121|120|119|118|117|116|115|114|113|112|111|110|109|108|107|106|105|104|103|102|101|100|99|98|97|96|95|94|93|92|91|90|89|88|87|86|85|84|83|82|81|80|79|78|77|76|75|74|73|72|71|70|69|68|67|66|65|64|63|62|61|60|59|58|57|56|55|54|53|52|51|50|49|48|47|46|45|44|43|42|41|40|39|38|37|36|35|34|33|32|31|30|29|28|27|26|25|24|23|22|21|20|19|18|17|16|15|14|13|12|11|10|9|8|7|6|5|4|3|2|1|0,37|60|83|38|91|42|61|52|17|68|128|132|55|129|40|72|79|113|16|29|11|70|107|6|84|51|104|12|103|7|87|102|109|20|26|27|118|4|9|44|81|95|15|24|48|53|71|93|8|25|35|39|57|64|77|111|114|5|18|47|49|58|69|74|96|123|127|0|22|28|34|45|50|63|89|92|100|105|115|124|131|21|23|36|46|62|78|82|85|86|88|99|101|108|112|120|125|130,4|5|6|12|13|14|15|18|20|27|28|35|36|37|39|42|43|44|48|53|55|58|60|63|64|66|69|71|72|74|75|76|78|79|83|89|90|93|101|102|103|107|108|109|114|115|121|122|124|126|127|129|130|131|132|136|137|140|142|143|147|148|149|150|154|155|163|164|165|169|171|172|174|177|179|180|181|183|184|189|199|204|205|206|207|208|209|210|212|214|221|224|230|231|232|233|234|236|237|239|240|242|243|247|251|253|255|263|264|271|272|273|277|278|281|283|284|287|288|289|300|301|304|308|309|310|311|312|316|317|318|321|327|328|329|330|333|338|340|344|348|349|350|356|363|364|365|366|368|369|371|377|378|381|382|398|399|401|410|411|413|417|418|421|422|427|428|430|431|435|445|447|453|456|458|460|461|462|463|466|470|474|477|481|482|483|485|488|490|491|493|497|499|500|501|502|503|504|508|509|510|512|513|518|526|527|529|531|540|541|545|546|547|550|552|556|557|559|560|561|565|566|569|570|572|573|576|577|581|582|584|587|591|592|597|598|603|605|608|611|614|617|618|619|623|631|632|633|637|638|639|640|642|644|648|649|654|657|659|662|667|668|671|672|675|682|688|690|695|699|702|703|707|708|709|711|716|718|721|727|730|733|738|739|742|743|744|745|747|752|754|756|760|761|764|768|772|773|777|780|783|785|787|798|799|800|802|806|807|808|809|811|812|813|817|820|821|822|826|828|838|840|843|844|846|849|851|852|854|857|858|860|861|864|870|871|874|875|879|880|887|890|892|896|899|900|902|903|906|908|915|917|925|930|937|941|943|944|949|950|951|952|956|959|963|969|976|980|982|986|990|993|997|999|1000|1005|1010|1012|1013|1014|1019|1020|1021|1024|1029|1030|1032|1033|1038|1039|1044|1046|1051|1058|1061|1064|1065|1070|1071|1073|1076|1083|1084|1093|1097|1100|1104|1105|1108|1109|1110|1114|1115|1127|1128|1129|1132|1137|1140|1144|1149|1150|1153|1155|1157|1158|1162|1164|1167|1169|1170|1172|1176|1177|1183|1193|1198|1201|1203|1204|1207|1208|1216|1217|1219|1220|1223|1226|1227|1229|1232|1234|1235|1236|1240|1246|1252|1253|1257|1259|1265|1267|1271|1276|1277|1280|1285|1288|1290|1291|1292|1293|1297|1299|1301|1302|1303|1305|1306|1307|1314|1317|1324|1325|1327|1329|1332|1333|1334|1336|1352|1357|1360|1361|1365|1367|1369|1371|1372|1373|1382|1383|1386|1388|1390|1392|1396|1398|1400|1401|1406|1407|1408|1417|1424|1437|1441|1445|1446|1449|1451|1452|1461|1462|1463|1465|1467|1473|1475|1479|1486|1487|1488|1490|1491|1494|1501|1503|1507|1508|1509|1512|1514|1515|1517|1520|1523|1525|1526|1529|1531|1533|1536|1537|1538|1539|1540|1542|1543|1547|1553|1558|1559|1560|1561|1562|1563|1564|1565|1566|1569|1571|1574|1579|1582|1584|1585|1586|1587|1591|1598|1600|1601|1610|1615|1616|1617|1627|1629|1631|1633|1635|1642|1645|1647|1651|1652|1657|1663|1664|1669|1682|1687|1690|1691|1693|1696|1697|1701|1704|1714|1722|1725|1726|1729|1733|1737|1738|1740|1741|1743|1746|1747|1751|1752|1753|1756|1758|1759|1762|1763|1764|1770|1772|1775|1779|1782|1789|1790|1793|1796|1798|1801|1805|1806|1807|1808|1813|1814|1822|1824|1826|1829|1831|1834|1837|1838|1839|1842|1843|1846|1847|1850|1851|1855|1857|1865|1867|1868|1872|1877|1881|1883|1886|1887|1888|1889|1893|1898|1903|1905|1912|1913|1914|1918|1922|1923|1925|1927|1928|1929|1933|1938|1939|1940|1942|1943|1951|1952|1954|1955|1959|1961|1966|1969|1974|1975|1978|1982|1985|1986|1987|1990|1991|1992|1994|1995|1996|1998|2000|2002|2005|2008|2010|2012|2014|2015|2018|2019|2020|2022|2023|2024|2025|2027|2037|2038|2040|2042|2044|2045|2049|2054|2056|2058|2060|2062|2064|2067|2068|2071|2072|2075|2076|2078|2081|2085|2086|2087|2088|2091|2096|2099|2100|2102,9.846938775510203,True
instance_0019.txt,knapsack_density,881,99,850,918|917|916|915|914|913|912|911|910|909|908|907|906|905|904|903|902|901|900|899|898|897|896|895|894|893|892|891|890|889|888|887|886|885|884|883|882|881|880|879|878|877|876|875|874|873|872|871|870|869|868|867|866|865|864|863|862|861|860|859|858|857|856|855|854|853|852|851|849|848|847|846|845|844|843|842|841|840|839|838|836|835|834|833|832|831|830|829|828|827|826|825|824|823|821|820|819|818|817|816|815|814|813|812|811|810|809|808|807|806|805|804|803|802|801|800|799|798|797|796|795|794|793|791|790|789|788|787|786|785|784|783|782|781|780|779|778|777|775|774|773|772|771|770|769|768|767|764|763|762|761|760|759|758|757|756|755|754|753|752|751|750|749|748|747|746|745|744|743|742|741|740|739|738|737|736|735|734|733|732|731|730|729|728|727|726|725|724|723|722|721|720|719|718|717|716|715|714|713|712|711|710|709|708|707|706|705|704|703|702|701|700|699|698|697|696|695|694|693|692|691|689|688|687|686|685|684|682|681|680|679|678|677|676|675|674|673|672|671|670|669|668|667|666|665|664|663|661|660|659|658|656|655|653|652|651|650|649|648|647|645|644|643|642|641|640|639|638|637|636|635|634|633|632|631|630|629|628|626|625|624|623|622|621|620|619|618|617|616|614|613|612|611|610|609|608|607|606|605|604|603|602|601|600|599|598|597|596|595|594|593|592|591|590|589|588|587|586|585|584|583|581|580|579|578|577|576|575|574|573|572|571|570|569|568|567|566|565|564|563|562|561|560|559|558|557|556|555|554|553|552|551|550|549|548|547|546|545|544|543|541|540|539|538|537|536|535|534|533|532|531|530|529|528|527|526|525|524|523|522|521|520|519|518|517|516|515|514|513|512|511|510|509|508|507|506|505|504|503|502|501|500|499|498|497|496|495|494|493|492|491|490|489|488|487|486|485|484|483|482|480|479|478|477|476|475|474|473|472|471|470|469|468|467|466|465|464|463|462|461|460|459|458|457|456|455|454|453|452|450|449|448|447|446|445|444|443|442|441|440|439|438|437|436|435|434|433|432|431|430|429|428|427|426|425|424|423|421|419|418|417|416|415|414|413|412|411|410|409|408|407|406|404|403|402|401|400|399|398|397|396|395|394|393|392|391|390|389|388|387|386|385|384|383|382|381|380|379|378|377|375|374|373|372|371|370|369|368|367|366|365|364|363|362|361|359|358|357|356|355|354|353|352|351|350|349|348|346|345|344|343|342|341|340|339|338|337|336|335|334|333|332|331|330|329|328|327|326|325|324|323|322|321|320|319|318|317|316|315|314|313|312|311|310|309|308|307|306|305|304|303|302|301|300|299|298|297|296|295|294|293|292|291|290|289|288|287|286|285|284|283|282|281|280|279|278|277|276|275|274|273|272|271|270|269|268|267|266|265|264|262|261|260|259|258|257|256|255|254|253|251|250|249|248|247|246|245|244|243|242|241|240|239|238|237|236|235|234|233|232|231|230|229|228|227|226|225|224|223|222|220|219|218|217|215|214|213|212|211|210|208|207|206|205|204|203|202|201|200|199|198|197|196|195|194|191|190|189|188|187|186|185|184|183|182|181|180|179|178|177|175|174|173|172|171|170|168|166|165|164|162|161|160|159|158|157|156|155|154|153|152|151|150|149|148|147|146|145|144|143|142|141|140|139|138|137|136|135|134|133|132|131|130|129|128|127|126|125|124|123|122|121|120|118|117|116|115|114|113|112|111|110|109|108|107|106|105|104|103|102|101|100|99|98|97|96|95|94|93|92|91|90|89|88|87|86|85|84|83|82|81|80|79|78|77|76|75|74|73|71|70|69|68|67|66|65|64|63|62|61|60|59|58|57|56|55|54|53|52|51|50|49|48|47|46|45|44|43|42|41|40|39|38|37|36|35|34|33|32|31|30|29|28|27|26|25|24|23|22|21|20|19|18|17|16|15|14|13|12|11|10|9|8|7|6|5|4|3|2|1|0,37|60|83|91|42|38|113|68|132|52|51|55|128|17|16|70|40|84|12|129|11|29|79|61|103|24|44|71|104|118|20|109|6|47|95|115|7|49|8|9|15|26|39|48|111|131|27|57|58|74|77|81|93|123|127|4|5|18|25|28|63|72|87|100|0|2|22|34|50|64|78|96|99|105|107|124|13|21|23|36|41|45|46|53|69|82|85|88|89|92|101|108|112|114|120|121|122|125|133,4|5|6|12|13|14|15|18|20|22|27|28|31|35|36|37|39|41|42|43|44|47|48|52|53|55|57|58|60|63|64|66|69|71|72|74|75|76|78|79|83|87|89|90|93|96|101|102|103|107|108|109|114|115|118|121|122|124|126|129|130|131|132|136|137|140|141|142|147|148|149|150|154|155|163|164|165|169|171|172|174|177|179|180|181|183|184|189|199|204|205|206|207|208|209|210|212|214|217|221|224|230|231|232|233|234|236|237|239|240|242|243|247|251|253|255|263|264|265|271|272|273|275|277|278|280|281|283|284|287|288|289|300|301|304|308|309|310|311|312|316|317|318|321|327|328|329|330|332|334|338|340|344|348|349|350|356|363|364|365|366|368|369|377|378|381|382|398|399|401|404|410|411|413|417|418|421|422|427|428|430|431|433|435|436|445|447|449|453|456|458|460|461|462|463|466|470|474|476|477|481|482|483|484|485|488|490|491|493|497|499|500|501|502|503|504|508|509|510|512|513|515|518|519|524|526|527|528|529|531|535|538|540|541|543|545|546|547|550|552|554|556|557|559|560|561|565|566|569|570|572|573|576|577|581|582|584|587|591|592|593|597|598|600|603|605|608|611|613|614|617|618|619|623|631|632|633|637|638|639|640|642|644|648|649|654|657|659|662|667|668|671|672|675|682|688|690|691|695|699|701|702|703|707|708|709|710|711|716|718|721|727|731|733|738|739|742|743|745|746|747|752|754|756|758|760|761|764|768|772|773|777|783|785|787|798|799|800|801|802|806|807|808|809|811|812|813|817|820|821|822|823|826|828|838|840|843|844|846|849|851|852|854|857|858|861|864|870|871|874|875|879|880|887|890|896|899|900|902|903|906|909|911|915|917|925|926|929|930|935|937|941|942|943|944|949|950|951|952|956|959|969|976|980|982|986|990|991|993|997|999|1000|1005|1010|1011|1012|1014|1019|1020|1021|1029|1030|1032|1033|1038|1039|1044|1046|1047|1051|1056|1058|1061|1064|1065|1070|1071|1073|1076|1081|1082|1083|1084|1092|1093|1100|1103|1104|1105|1106|1108|1109|1110|1114|1127|1128|1129|1132|1137|1140|1144|1149|1150|1153|1155|1157|1158|1162|1164|1167|1169|1170|1172|1174|1176|1177|1179|1183|1189|1193|1197|1198|1201|1203|1204|1207|1208|1210|1212|1216|1217|1219|1220|1223|1226|1227|1229|1232|1235|1236|1240|1246|1248|1252|1257|1259|1263|1265|1267|1271|1272|1277|1280|1285|1288|1290|1291|1292|1293|1297|1299|1301|1302|1303|1305|1306|1307|1314|1317|1324|1325|1327|1329|1332|1333|1334|1336|1352|1354|1357|1360|1361|1365|1367|1371|1372|1373|1382|1383|1386|1388|1390|1391|1392|1396|1398|1400|1401|1405|1406|1407|1408|1413|1417|1424|1427|1437|1441|1445|1446|1449|1451|1452|1461|1462|1463|1465|1467|1472|1473|1475|1477|1479|1483|1486|1487|1490|1491|1494|1495|1497|1501|1503|1508|1509|1512|1514|1515|1517|1520|1523|1525|1526|1529|1531|1533|1536|1537|1538|1539|1540|1542|1543|1547|1553|1557|1558|1559|1560|1561|1562|1563|1564|1565|1566|1569|1571|1574|1579|1582|1584|1585|1586|1587|1591|1598|1600|1601|1602|1604|1610|1615|1616|1618|1619|1627|1628|1629|1631|1633|1635|1636|1642|1645|1647|1656|1657|1658|1659|1660|1662|1663|1664|1669|1682|1687|1690|1691|1693|1696|1697|1701|1704|1714|1715|1716|1717|1722|1725|1726|1729|1733|1734|1737|1738|1740|1741|1743|1746|1747|1751|1752|1753|1756|1758|1759|1762|1763|1764|1770|1772|1775|1779|1782|1784|1789|1790|1793|1796|1798|1801|1805|1806|1807|1808|1813|1814|1822|1824|1826|1827|1829|1831|1834|1837|1838|1842|1843|1846|1847|1850|1851|1855|1857|1859|1865|1866|1867|1868|1872|1877|1881|1883|1886|1887|1888|1889|1893|1898|1903|1905|1912|1913|1914|1918|1919|1920|1922|1923|1925|1927|1928|1929|1933|1935|1936|1938|1939|1942|1943|1946|1951|1952|1954|1955|1959|1960|1961|1966|1969|1974|1975|1976|1978|1979|1982|1985|1986|1987|1990|1991|1992|1994|1995|1996|2000|2002|2003|2005|2006|2008|2010|2011|2012|2013|2014|2015|2017|2018|2019|2020|2022|2023|2024|2025|2027|2037|2038|2042|2044|2045|2046|2049|2054|2056|2058|2061|2062|2064|2065|2067|2068|2069|2071|2072|2075|2076|2078|2081|2085|2086|2087|2088|2089|2091|2094|2096|2099|2100|2102,10.0,True
instance_0019.txt,knapsack_seed,714,41,668,1911|1909|1900|1894|1891|1889|1885|1883|1880|1877|1874|1868|1866|1864|1862|1861|1860|1857|1856|1855|1853|1851|1849|1848|1844|1836|1835|1831|1830|1829|1828|1827|1820|1819|1815|1814|1811|1807|1806|1803|1802|1801|1798|1795|1794|1790|1778|1777|1776|1774|1773|1772|1769|1766|1764|1761|1760|1757|1754|1750|1746|1744|1740|1737|1733|1729|1728|1726|1721|1718|1717|1714|1713|1711|1708|1704|1703|1699|1695|1688|1687|1685|1682|1681|1678|1674|1665|1663|1661|1658|1656|1653|1650|1648|1646|1645|1643|1640|1635|1631|1630|1626|1625|1616|1614|1612|1611|1609|1608|1603|1601|1600|1598|1597|1596|1595|1594|1589|1587|1586|1582|1577|1572|1569|1567|1565|1562|1560|1556|1553|1549|1544|1543|1542|1537|1527|1524|1522|1518|1515|1513|1509|1508|1503|1502|1501|1497|1496|1492|1488|1487|1485|1484|1480|1479|1477|1470|1468|1466|1463|1459|1458|1454|1450|1446|1445|1444|1441|1440|1439|1431|1429|1425|1424|1420|1419|1416|1414|1412|1405|1402|1401|1398|1395|1394|1392|1390|1384|1382|1381|1377|1373|1368|1367|1364|1362|1361|1356|1353|1350|1349|1348|1345|1340|1336|1332|1331|1324|1323|1322|1320|1319|1318|1315|1313|1311|1309|1304|1298|1287|1286|1282|1280|1277|1275|1271|1265|1258|1254|1251|1249|1245|1243|1241|1237|1231|1229|1227|1225|1222|1221|1219|1214|1210|1209|1204|1203|1202|1200|1199|1198|1196|1195|1191|1189|1183|1182|1178|1177|1167|1165|1159|1156|1152|1151|1145|1142|1141|1140|1139|1137|1135|1133|1131|1126|1125|1124|1123|1122|1119|1117|1110|1106|1102|1101|1099|1098|1091|1081|1080|1078|1076|1070|1069|1067|1065|1062|1059|1055|1050|1049|1048|1046|1045|1041|1040|1038|1037|1031|1026|1023|1020|1017|1016|1014|1013|1010|1009|1005|1002|999|998|994|992|990|989|988|987|985|984|982|979|978|973|970|964|962|957|954|951|950|947|940|939|935|931|930|928|924|922|916|915|909|908|905|903|901|895|887|880|877|876|875|873|872|867|862|861|858|857|853|851|848|847|842|841|840|836|835|834|833|832|831|829|827|826|825|819|818|817|816|809|807|806|805|804|801|800|799|798|789|786|782|781|780|779|775|774|773|770|767|766|762|760|757|756|751|750|746|744|743|742|741|739|735|732|729|726|724|722|713|712|710|708|707|705|704|698|691|690|686|683|682|681|680|678|676|675|673|671|670|669|660|653|646|644|642|638|636|634|630|627|626|624|623|621|620|612|609|608|605|600|599|598|592|591|589|587|586|585|583|582|580|578|571|570|569|565|564|563|557|555|554|553|552|549|547|543|542|539|537|536|534|532|531|529|528|527|526|524|522|520|513|512|511|509|507|502|501|499|496|495|493|489|487|486|485|484|481|479|478|475|467|462|460|458|457|452|449|448|447|438|437|434|432|431|428|427|415|410|409|408|403|402|401|400|393|392|390|389|385|383|381|375|374|373|370|366|365|360|359|357|356|355|352|348|345|341|340|339|338|334|330|329|326|318|317|316|315|314|312|310|309|307|306|303|302|301|298|296|293|288|287|286|282|263|262|261|251|249|248|246|245|243|240|239|238|236|234|232|231|230|229|224|221|220|215|214|213|209|208|206|205|202|201|198|193|191|186|185|181|180|179|178|177|173|172|171|168|167|166|163|162|155|154|153|152|149|148|146|145|144|142|141|140|139|138|136|132|131|130|128|126|123|122|121|117|116|112|110|109|108|107|99|98|87|85|81|79|74|65|64|60|57|54|52|50|48|42|39|36|34|31|28|24|20|16|14|13|12|10|9|8|5,38|60|52|50|81|84|132|110|133|59|83|69|91|26|54|93|62|72|79|40|47|49|6|28|35|51|61|124|7|17|95|4|9|15|25|39|58|86|102|113|123,3|14|15|18|22|23|26|27|28|30|35|38|39|42|44|47|48|51|54|55|57|60|63|71|73|74|76|78|83|84|88|95|96|102|104|105|109|114|122|123|126|127|128|129|132|138|139|141|146|147|148|153|154|156|161|162|183|184|189|190|191|194|199|201|205|208|220|224|227|230|231|235|245|247|248|250|252|256|258|260|263|264|265|266|267|269|275|279|280|284|288|290|291|293|298|301|304|309|310|312|315|318|330|333|340|341|344|346|347|348|350|351|358|360|362|365|368|369|371|373|375|379|381|382|391|394|397|401|402|404|410|413|417|421|423|431|435|436|437|443|445|452|454|458|459|461|462|464|466|470|478|480|483|484|485|486|488|499|500|502|504|506|509|523|524|525|526|527|533|540|541|546|547|551|554|555|558|559|561|562|564|565|566|568|569|576|581|583|586|587|589|591|593|594|597|600|601|605|606|607|608|611|613|616|617|619|632|637|639|640|642|649|651|654|658|661|669|679|682|687|688|693|697|698|700|701|703|708|717|718|720|724|727|736|737|749|752|754|760|761|764|765|767|768|771|773|776|779|782|785|786|789|791|793|797|798|799|802|807|808|809|810|820|824|827|828|829|839|847|849|851|852|857|861|862|864|874|876|878|883|885|890|892|899|900|901|902|903|905|908|909|910|912|921|922|936|939|945|949|955|956|959|964|967|969|976|980|981|989|990|996|997|999|1005|1006|1009|1010|1018|1021|1024|1026|1027|1030|1031|1035|1041|1049|1051|1052|1063|1064|1068|1072|1074|1078|1079|1080|1081|1082|1091|1092|1097|1098|1099|1100|1105|1106|1107|1111|1112|1113|1114|1117|1118|1119|1121|1123|1126|1128|1132|1134|1142|1143|1144|1147|1148|1149|1150|1154|1158|1161|1168|1169|1174|1175|1178|1179|1180|1181|1183|1185|1188|1189|1196|1201|1203|1204|1209|1213|1218|1222|1223|1226|1227|1230|1233|1238|1239|1244|1248|1253|1255|1257|1258|1263|1265|1267|1271|1272|1274|1279|1285|1291|1298|1303|1305|1306|1307|1308|1311|1312|1319|1322|1324|1328|1331|1333|1335|1343|1348|1349|1352|1363|1368|1369|1371|1376|1387|1388|1390|1391|1392|1395|1399|1400|1405|1410|1414|1416|1417|1419|1426|1441|1449|1451|1452|1454|1460|1467|1483|1487|1489|1491|1497|1501|1502|1503|1504|1507|1509|1512|1513|1520|1523|1527|1532|1536|1539|1542|1548|1552|1558|1559|1560|1570|1571|1578|1586|1588|1589|1598|1600|1601|1602|1605|1608|1609|1620|1623|1625|1626|1627|1631|1635|1642|1648|1651|1656|1657|1658|1659|1664|1665|1668|1671|1675|1677|1678|1679|1680|1685|1686|1687|1692|1694|1695|1696|1701|1702|1704|1712|1713|1714|1715|1716|1719|1721|1726|1731|1732|1733|1734|1737|1743|1744|1745|1748|1754|1755|1756|1758|1763|1770|1771|1773|1780|1781|1782|1783|1786|1788|1790|1791|1793|1801|1802|1803|1805|1809|1811|1813|1814|1817|1822|1823|1824|1825|1826|1831|1833|1839|1841|1842|1843|1848|1850|1851|1856|1857|1867|1872|1888|1889|1893|1905|1910|1911|1913|1915|1919|1923|1924|1925|1928|1934|1935|1939|1944|1945|1946|1951|1955|1957|1959|1960|1961|1962|1967|1971|1973|1982|1983|1993|1997|1998|2000|2003|2005|2006|2009|2013|2016|2019|2020|2023|2024|2026|2032|2034|2037|2038|2039|2040|2042|2045|2046|2047|2048|2049|2052|2053|2055|2056|2058|2060|2064|2068|2071|2072|2076|2077|2079|2081|2086|2089|2091|2094|2102,23.29268292682927,True
instance_0019.txt,random,823,100,795,929|827|701|707|1464|1338|1650|945|2220|383|1512|1390|395|982|663|800|1159|1645|1494|607|202|2059|41|193|1192|1931|895|32|38|229|583|498|290|1005|1615|1868|2111|999|1117|1527|2233|384|295|1381|432|1505|624|735|1539|1396|1351|2178|1401|171|1094|1695|299|239|616|1183|1209|1149|198|831|1795|1749|2076|100|113|1215|1349|1314|2105|437|1282|780|335|172|1388|919|1380|612|1223|728|906|693|354|1409|455|865|744|1050|2000|764|1397|2064|2204|947|793|8|1822|1832|347|2148|2157|34|518|1411|1246|1682|1068|2180|691|1278|1975|1897|2049|852|145|424|981|79|931|788|1833|2099|1707|1693|381|1726|790|627|568|2142|1247|1750|2224|803|458|179|1044|339|1078|1904|352|480|1402|759|2057|505|2112|1075|488|1802|213|694|1442|1287|923|537|1306|1972|2032|242|1623|1607|1513|2255|1835|1237|884|2077|2018|897|528|2062|1733|1064|1709|401|124|469|111|1587|340|1085|1138|1243|1468|42|2254|1942|2217|2138|1612|978|1177|901|887|1507|1674|2210|1914|233|1787|1082|2063|223|1624|1683|91|2166|779|146|727|348|1101|2226|250|167|88|1218|638|1289|277|1906|2171|1423|883|2190|1334|1844|844|195|372|1440|1894|484|445|2221|379|1767|126|107|180|1882|120|1909|487|315|463|2033|6|14|1670|182|936|1042|1102|1876|57|1532|28|147|260|839|1088|2107|143|716|267|677|578|1299|1213|625|1047|1955|26|369|1459|1990|1344|1407|602|745|1273|1447|794|1199|2071|2003|1716|2237|1337|2206|56|322|611|15|241|1534|1429|904|1700|986|1737|157|802|1502|1311|2029|896|857|132|953|1855|288|1702|1279|686|1997|1656|1926|1486|1953|1618|36|1611|1665|2135|1557|1240|72|730|1899|62|526|2079|1549|1376|1303|1474|1063|2037|301|1747|336|621|1991|1547|332|968|1962|712|569|1886|1170|2172|1483|1593|2083|1110|1526|1363|1009|1838|1696|11|650|1881|1870|402|467|2189|1744|1296|289|665|752|70|1621|262|312|1139|2017|530|592|344|118|566|2074|2073|1113|984|892|1301|1681|1506|1185|952|1275|651|555|726|2047|1968|549|1664|1067|656|1418|1021|1257|1142|1799|1959|2153|590|2051|1096|2124|1888|815|1098|2054|1037|878|1820|1679|1340|1019|769|846|587|1400|1450|450|2082|1754|1059|75|824|1056|880|1145|1490|1770|1115|644|63|341|1565|285|1846|59|1974|1958|2205|1137|1698|2128|2161|1425|513|1482|2034|1305|724|131|1141|2016|1563|877|868|326|687|90|2065|593|134|1465|1655|1261|849|1120|533|1375|1198|273|617|926|269|1994|921|1788|1162|2155|323|2208|1119|58|222|1204|614|758|20|1773|1449|228|742|5|1339|689|1086|2028|1028|2159|757|1943|1723|1643|1155|1348|1424|659|214|1444|1982|30|1905|1208|493|3|263|848|1933|478|21|1046|1739|1794|284|1701|1496|1575|1648|1367|2150|996|76|1391|695|420|1703|1251|1809|775|1487|1813|1803|951|104|814|71|1517|281|755|110|1765|67|206|956|140|825|155|1258|816|2026|622|1203|1193|608|1584|138|108|2256|378|22|194|2192|2247|221|408|1758|387|1128|934|1236|1219|1523|1524|1771|461|1276|1462|1839|506|631|1045|325|160|1977|717|1756|1712|1210|247|998|2094|415|190|1330|159|1940|2252|1688|282|1469|101|102|178|1272|367|1910|1073|1291|713|613|743|1651|1323|989|1614|1352|1090|1852|1889|1354|1536|1294|636|1020|548|1983|596|448|599|37|808|939|2222|762|672|1757|547|462|1384|1269|1455|1867|1801|1015|932|1641|1544|174|2042|1093|601|725|991|1295|2191|581|1869|626|1541|423|829|2179|1668|150|504|1692|1971|1879|306|238|1173|603|2137|2143|1398|1355|2242|1103|747|585|1736|490|2199|2152|740|331|275|1451|53|380|93|2200|317|1227|1127|78|1952|1582|1635|1823|1267|588|1333|1711|1378|2119|760|399|1818|563|582|809|1132|772|1478|679|722|388|244|2130|710|522|152|1181|1973|711|1062|1136|83|1760|1180|1230|442|708|1573|1935|591|2055|1072|851|300|2167|44|1249|1724|1023|737|1849|1013|623|1552|1533|1182|2248|1054|2109|854|652|1371|1987|633|905|1900|302|1024|957|1121|1234|1895|2230|1993|1825|958|2067|1196|786|654|1704|199|675|2070|1395|1437|49|783|2020|392|364|1741|541|1686|1111|847|1949,38|91|37|60|70|123|51|68|27|40|19|61|81|7|52|111|100|50|113|83|6|17|20|124|129|93|29|26|58|72|9|132|110|133|84|24|11|115|87|90|42|28|79|109|4|12|44|49|120|5|15|128|8|39|55|95|30|57|69|89|104|108|35|47|59|71|77|16|36|102|2|18|66|74|105|45|48|62|86|0|118|121|25|127|41|92|98|103|23|31|82|96|106|64|14|46|53|34|78|88,0|3|4|7|11|15|16|18|26|27|29|32|33|35|37|40|43|45|46|47|50|53|56|57|58|59|60|64|66|67|74|75|76|81|82|85|88|89|90|97|99|101|103|104|106|108|116|120|122|124|127|131|132|134|137|142|145|148|150|152|153|154|159|160|168|169|171|172|173|174|176|178|179|183|188|189|191|193|195|196|199|201|203|206|207|212|216|222|223|225|227|232|233|236|237|240|245|248|249|254|255|259|262|264|266|272|274|276|278|280|281|282|283|285|288|295|297|298|299|303|306|309|310|313|315|318|319|322|323|324|329|333|338|339|343|350|356|363|369|371|373|375|381|384|385|386|389|390|392|397|399|403|405|407|408|409|410|412|413|416|417|418|419|420|421|422|423|427|430|431|434|439|441|446|447|448|455|456|457|463|464|465|469|470|471|472|473|478|487|493|495|496|498|499|500|501|503|504|506|507|508|515|518|524|530|535|536|540|541|547|549|550|552|554|558|560|561|562|566|568|570|576|586|589|595|605|606|609|610|613|614|615|625|627|628|630|635|638|644|651|654|655|657|659|664|665|666|667|668|679|683|684|685|686|687|689|701|703|711|712|713|717|726|727|729|732|733|736|737|740|741|745|748|751|756|767|768|772|773|775|776|781|788|791|793|795|796|808|809|812|814|815|818|819|820|821|823|824|825|829|832|836|841|842|843|848|849|850|851|858|860|862|863|864|873|876|877|880|881|882|884|887|891|894|895|897|898|899|901|902|903|905|907|909|911|915|924|927|928|931|932|935|936|938|939|942|944|950|952|956|962|965|967|968|969|970|978|980|981|982|985|986|987|991|998|999|1004|1005|1007|1008|1017|1018|1027|1028|1030|1039|1044|1045|1047|1050|1051|1056|1057|1061|1065|1067|1069|1070|1072|1076|1080|1081|1082|1087|1089|1090|1091|1093|1098|1100|1101|1106|1110|1118|1121|1122|1126|1128|1130|1131|1132|1133|1134|1137|1139|1140|1141|1142|1143|1145|1147|1152|1153|1155|1156|1157|1158|1162|1164|1165|1168|1173|1174|1176|1177|1178|1180|1181|1182|1184|1188|1193|1195|1196|1200|1203|1205|1207|1211|1214|1219|1223|1227|1230|1235|1249|1250|1258|1259|1264|1268|1270|1279|1280|1286|1288|1290|1291|1293|1295|1297|1298|1299|1300|1301|1303|1307|1308|1309|1313|1318|1319|1320|1324|1331|1336|1342|1348|1356|1362|1364|1365|1368|1369|1371|1374|1376|1377|1378|1383|1385|1386|1391|1392|1394|1395|1397|1402|1404|1406|1411|1415|1417|1420|1421|1423|1424|1425|1427|1428|1430|1431|1432|1433|1436|1437|1440|1442|1443|1444|1445|1452|1453|1456|1462|1466|1467|1470|1472|1473|1476|1478|1479|1484|1485|1486|1488|1490|1491|1492|1494|1495|1496|1499|1500|1503|1506|1508|1511|1520|1523|1531|1532|1533|1535|1536|1537|1538|1539|1540|1541|1545|1549|1550|1557|1558|1561|1564|1565|1572|1576|1578|1580|1582|1584|1588|1592|1594|1595|1597|1598|1602|1604|1606|1608|1609|1610|1615|1616|1618|1621|1623|1626|1627|1628|1629|1630|1631|1634|1636|1639|1640|1642|1644|1645|1647|1648|1652|1653|1656|1657|1658|1662|1663|1664|1665|1666|1673|1677|1678|1679|1685|1687|1688|1689|1691|1694|1695|1697|1699|1701|1702|1703|1705|1706|1707|1711|1712|1714|1718|1726|1727|1729|1730|1731|1733|1738|1739|1740|1741|1743|1745|1746|1750|1751|1755|1756|1758|1760|1763|1770|1771|1773|1779|1780|1783|1786|1788|1792|1798|1801|1802|1803|1805|1808|1810|1812|1821|1823|1824|1825|1827|1834|1836|1838|1840|1849|1850|1852|1854|1856|1857|1865|1867|1876|1878|1880|1881|1883|1884|1885|1886|1888|1889|1892|1895|1898|1901|1902|1905|1909|1911|1914|1916|1918|1922|1923|1924|1925|1932|1934|1936|1940|1941|1942|1943|1946|1953|1957|1958|1963|1969|1970|1975|1976|1978|1980|1982|1985|1987|1990|1991|1992|1997|2001|2004|2005|2009|2012|2014|2015|2017|2020|2021|2026|2029|2030|2033|2035|2036|2039|2040|2042|2043|2044|2046|2049|2050|2054|2055|2058|2060|2062|2074|2078|2080|2082|2083|2084|2086|2089|2091|2094|2096|2103,9.99,True
instance_0019.txt,smaller_multi,543,94,531,1656|2223|542|1674|420|315|163|1911|1684|657|209|1987|263|186|1464|1459|365|298|119|948|1014|1054|1229|1165|78|167|998|1661|2076|216|1031|2160|571|683|1466|1773|1762|832|53|837|1948|2154|1017|644|933|1421|690|409|1669|1901|1497|249|951|287|2078|1828|780|191|880|1913|766|1360|178|1726|1722|656|587|1183|2200|1814|582|481|1365|1141|776|221|1406|660|1055|1984|627|1800|1982|1623|1246|526|985|723|1102|1214|1429|24|686|164|223|1094|590|1635|347|1605|1945|328|414|2027|1077|28|150|850|1866|360|1891|18|1667|517|903|1954|654|435|1450|2110|2|646|634|173|1095|1774|1586|1751|1799|560|1934|772|385|2127|1044|142|637|154|1471|507|93|39|1955|1794|639|1286|176|792|1813|2159|10|718|1571|1284|1524|1245|839|1769|25|1704|606|2149|2025|342|2214|1703|99|1381|1041|1572|1698|1388|1251|1640|1582|1293|861|1782|1741|1644|1038|1965|1824|193|1420|934|2026|1339|2203|765|1665|1357|257|584|2199|1198|252|391|1007|2250|982|390|593|846|1657|599|2044|1345|1532|376|1577|564|169|1070|2224|745|2244|345|1518|26|2151|1423|1894|676|1740|1174|836|2145|1350|1105|738|72|1535|973|1525|1398|157|121|1795|1714|1879|1179|1010|867|1926|94|130|1829|1909|1240|2208|1806|1823|726|2067|1173|259|1267|852|1068|81|1066|262|357|1670|803|276|377|1465|1791|1139|2111|36|744|1700|280|544|1155|188|402|1266|550|1568|201|675|1469|1117|1196|1161|978|1124|551|281|1427|520|37|673|1065|1688|893|84|914|1675|1076|1720|751|1979|356|1119|214|129|1938|1523|74|996|380|472|1374|1340|1341|180|1508|327|782|1227|907|1555|253|1510|2069|987|1648|308|1730|1959|840|1781|1355|29|799|358|747|795|1485|351|704|1713|126|734|1693|1089|816|1231|807|979|605|2136|1594|1444|229|1676|1805|986|1599|305|705|993|1639|1091|1468|597|1757|988|406|1995|2032|1296|412|337|975|1192|1263|2232|667|1235|1133|1504|1754|2215|2220|724|440|344|1145|941|562|915|538|2158|2205|901|455|1746|2124|1111|954|445|746|234|1005|2097|760|2146|557|1578|21|1368|1672|2143|1298|809|400|1533|1753|487|383|1950|926|556|2176|575|2144|888|2068|886|2178|1399|1816|1969|2064|1059|1946|828|1057|785|906|51|467|1904|1272|525|1494|1479|1565|918|1818|1638|1043|1359|1873|1128|1422|940|677|1603|1335|1020|1592|1585|1924|251|1213|1080|1756|165|2191|2049|844|1869|685|545|370|1507|372|486|1400|449|2217|323|1154|892|1190|208|316|1785|1336|205|2006|1275|65|2252|1301|104|419|1550|1739|15|495|1710|97|1442|2046|217|1974|1122|285|1517|417|909|1436|1417|735|1875|2096|1000|1019|1498|1088|1625|694|42|279|307|910|87|1086|602|16|1385|1317|1049|250|1766,91|38|60|51|17|79|52|68|19|123|93|128|27|61|87|37|58|6|103|35|132|95|40|12|49|129|16|28|50|70|72|102|109|44|15|26|42|47|48|98|131|7|9|20|55|71|126|4|5|8|29|53|11|25|62|69|84|104|110|112|113|114|18|32|36|66|81|92|100|106|120|124|127|0|2|22|33|39|41|45|46|57|63|64|73|80|82|86|89|94|96|107|115|130,0|2|5|10|11|14|19|21|25|26|29|30|31|37|41|47|52|54|55|71|73|75|77|80|82|84|86|88|94|95|102|103|120|121|124|126|127|130|134|139|143|156|157|160|170|172|174|175|181|183|191|193|202|206|215|221|222|223|224|225|227|230|232|234|235|237|243|246|247|248|250|254|256|266|268|271|273|274|275|276|280|285|286|291|294|296|299|301|305|307|310|311|312|322|325|332|333|335|336|338|340|345|346|347|357|358|362|363|367|371|376|379|385|386|394|397|398|399|402|414|417|420|422|429|430|431|433|436|438|448|456|461|465|469|472|477|485|500|506|507|509|510|511|517|518|521|523|526|527|536|540|541|543|547|556|558|561|562|566|581|593|602|607|608|612|626|633|637|639|649|651|652|666|671|673|679|683|685|686|687|695|696|702|703|705|707|709|717|718|730|737|744|753|761|771|780|790|792|793|796|798|803|809|810|812|817|822|823|824|825|826|829|834|838|839|840|841|845|846|849|851|852|853|855|857|860|864|866|867|868|877|880|884|892|894|903|906|908|912|913|918|923|931|933|938|944|945|946|952|963|971|974|975|978|990|997|999|1000|1001|1008|1011|1013|1015|1019|1020|1024|1033|1039|1048|1058|1063|1065|1068|1069|1071|1073|1075|1078|1080|1081|1085|1086|1097|1100|1107|1110|1111|1115|1121|1122|1129|1130|1134|1150|1151|1158|1174|1180|1182|1183|1186|1190|1195|1199|1203|1209|1213|1220|1221|1227|1229|1230|1231|1232|1234|1238|1239|1240|1242|1253|1255|1259|1261|1265|1272|1276|1278|1279|1282|1287|1306|1308|1333|1341|1342|1343|1348|1352|1357|1364|1367|1368|1369|1371|1377|1383|1384|1385|1387|1388|1390|1391|1395|1399|1400|1403|1405|1410|1423|1425|1429|1434|1437|1442|1458|1471|1476|1481|1488|1489|1493|1496|1497|1500|1501|1503|1504|1507|1509|1510|1511|1512|1517|1520|1533|1539|1546|1551|1554|1557|1560|1563|1577|1580|1587|1591|1592|1605|1606|1611|1612|1613|1615|1617|1618|1620|1623|1625|1628|1629|1633|1635|1636|1648|1649|1650|1651|1652|1658|1674|1678|1685|1692|1699|1701|1704|1710|1713|1721|1722|1728|1729|1730|1731|1732|1739|1745|1748|1750|1754|1755|1766|1770|1771|1773|1781|1784|1788|1794|1798|1802|1806|1810|1818|1820|1823|1826|1833|1837|1838|1839|1842|1843|1845|1849|1850|1852|1862|1870|1876|1877|1882|1884|1890|1896|1901|1903|1907|1909|1910|1919|1924|1925|1931|1934|1936|1937|1940|1945|1948|1953|1954|1959|1966|1978|1985|1994|1998|1999|2001|2005|2007|2017|2018|2019|2023|2029|2034|2035|2040|2046|2048|2054|2056|2057|2058|2059|2060|2065|2068|2071|2078|2079|2080|2081|2083|2084|2087|2088|2092|2099,10.627659574468085,True
instance_0020.txt,aisle_first_desc,3,2,4,0|2|4,0|1,0|1|2|4,4.0,True
instance_0020.txt,knapsack,3,3,4,3|2|0,1|4|0,0|2|3|4,4.0,True
instance_0020.txt,knapsack_density,4,3,5,4|3|2|1,4|0|2,0|1|2|3|4,3.6666666666666665,True
instance_0020.txt,knapsack_seed,3,3,4,3|2|0,1|4|0,0|2|3|4,4.0,True
instance_0020.txt,random,3,3,4,3|2|0,1|4|0,0|2|3|4,4.0,True
instance_0020.txt,smaller_multi,3,3,4,3|0|2,1|4|0,0|2|3|4,4.0,True
