dataset,algorithm,instance,total_runs,feasible_runs,infeasible_runs,timed_out_runs,objective_mean,objective_median,objective_mode,objective_min,objective_max,objective_variance,objective_std_dev,items_mean,items_median,items_mode,items_min,items_max,items_variance,items_std_dev,aisles_mean,aisles_median,aisles_mode,aisles_min,aisles_max,aisles_variance,aisles_std_dev,exec_time_mean,exec_time_median,exec_time_mode,exec_time_min,exec_time_max,exec_time_variance,exec_time_std_dev
a,bigger,instance_0001.txt,1,1,0,0,5.230769230769231,5.230769230769231,5.230769230769231,5.230769230769231,5.230769230769231,0.0,0.0,68.0,68.0,68,68,68,0.0,0.0,13.0,13.0,13,13,13,0.0,0.0,0.002447,0.002447,0.002447,0.002447,0.002447,0.0,0.0
a,bigger,instance_0002.txt,1,1,0,0,2.0,2.0,2.0,2.0,2.0,0.0,0.0,2.0,2.0,2,2,2,0.0,0.0,1.0,1.0,1,1,1,0.0,0.0,0.000134,0.000134,0.000134,0.000134,0.000134,0.0,0.0
a,bigger,instance_0003.txt,1,1,0,0,4.24,4.24,4.24,4.24,4.24,0.0,0.0,106.0,106.0,106,106,106,0.0,0.0,25.0,25.0,25,25,25,0.0,0.0,0.003949,0.003949,0.003949,0.003949,0.003949,0.0,0.0
a,bigger,instance_0004.txt,1,1,0,0,2.1052631578947367,2.1052631578947367,2.1052631578947367,2.1052631578947367,2.1052631578947367,0.0,0.0,40.0,40.0,40,40,40,0.0,0.0,19.0,19.0,19,19,19,0.0,0.0,0.001775,0.001775,0.001775,0.001775,0.001775,0.0,0.0
a,bigger,instance_0005.txt,1,1,0,0,34.06976744186046,34.06976744186046,34.06976744186046,34.06976744186046,34.06976744186046,0.0,0.0,4395.0,4395.0,4395,4395,4395,0.0,0.0,129.0,129.0,129,129,129,0.0,0.0,0.147634,0.147634,0.147634,0.147634,0.147634,0.0,0.0
a,bigger,instance_0006.txt,1,1,0,0,31.387096774193548,31.387096774193548,31.387096774193548,31.387096774193548,31.387096774193548,0.0,0.0,3892.0,3892.0,3892,3892,3892,0.0,0.0,124.0,124.0,124,124,124,0.0,0.0,0.094721,0.094721,0.094721,0.094721,0.094721,0.0,0.0
a,bigger,instance_0007.txt,1,1,0,0,28.708955223880597,28.708955223880597,28.708955223880597,28.708955223880597,28.708955223880597,0.0,0.0,3847.0,3847.0,3847,3847,3847,0.0,0.0,134.0,134.0,134,134,134,0.0,0.0,0.184666,0.184666,0.184666,0.184666,0.184666,0.0,0.0
a,bigger,instance_0008.txt,1,1,0,0,28.96938775510204,28.96938775510204,28.96938775510204,28.96938775510204,28.96938775510204,0.0,0.0,2839.0,2839.0,2839,2839,2839,0.0,0.0,98.0,98.0,98,98,98,0.0,0.0,0.120516,0.120516,0.120516,0.120516,0.120516,0.0,0.0
a,bigger,instance_0009.txt,1,1,0,0,2.7818181818181817,2.7818181818181817,2.7818181818181817,2.7818181818181817,2.7818181818181817,0.0,0.0,153.0,153.0,153,153,153,0.0,0.0,55.0,55.0,55,55,55,0.0,0.0,0.014832,0.014832,0.014832,0.014832,0.014832,0.0,0.0
a,bigger,instance_0010.txt,1,1,0,0,5.898648648648648,5.898648648648648,5.898648648648648,5.898648648648648,5.898648648648648,0.0,0.0,1746.0,1746.0,1746,1746,1746,0.0,0.0,296.0,296.0,296,296,296,0.0,0.0,0.229028,0.229028,0.229028,0.229028,0.229028,0.0,0.0
a,bigger,instance_0011.txt,1,1,0,0,6.8624161073825505,6.8624161073825505,6.8624161073825505,6.8624161073825505,6.8624161073825505,0.0,0.0,2045.0,2045.0,2045,2045,2045,0.0,0.0,298.0,298.0,298,298,298,0.0,0.0,0.336031,0.336031,0.336031,0.336031,0.336031,0.0,0.0
a,bigger,instance_0012.txt,1,1,0,0,3.339622641509434,3.339622641509434,3.339622641509434,3.339622641509434,3.339622641509434,0.0,0.0,177.0,177.0,177,177,177,0.0,0.0,53.0,53.0,53,53,53,0.0,0.0,0.017475,0.017475,0.017475,0.017475,0.017475,0.0,0.0
a,bigger,instance_0013.txt,1,1,0,0,12.837535014005603,12.837535014005603,12.837535014005603,12.837535014005603,12.837535014005603,0.0,0.0,4583.0,4583.0,4583,4583,4583,0.0,0.0,357.0,357.0,357,357,357,0.0,0.0,0.826919,0.826919,0.826919,0.826919,0.826919,0.0,0.0
a,bigger,instance_0014.txt,1,1,0,0,20.473544973544975,20.473544973544975,20.473544973544975,20.473544973544975,20.473544973544975,0.0,0.0,7739.0,7739.0,7739,7739,7739,0.0,0.0,378.0,378.0,378,378,378,0.0,0.0,1.43802,1.43802,1.43802,1.43802,1.43802,0.0,0.0
a,bigger,instance_0015.txt,1,1,0,0,10.602305475504323,10.602305475504323,10.602305475504323,10.602305475504323,10.602305475504323,0.0,0.0,3679.0,3679.0,3679,3679,3679,0.0,0.0,347.0,347.0,347,347,347,0.0,0.0,0.470374,0.470374,0.470374,0.470374,0.470374,0.0,0.0
a,bigger,instance_0016.txt,1,1,0,0,9.527777777777779,9.527777777777779,9.527777777777779,9.527777777777779,9.527777777777779,0.0,0.0,686.0,686.0,686,686,686,0.0,0.0,72.0,72.0,72,72,72,0.0,0.0,0.052,0.052,0.052,0.052,0.052,0.0,0.0
a,bigger,instance_0017.txt,1,1,0,0,3.8043478260869565,3.8043478260869565,3.8043478260869565,3.8043478260869565,3.8043478260869565,0.0,0.0,175.0,175.0,175,175,175,0.0,0.0,46.0,46.0,46,46,46,0.0,0.0,0.013275,0.013275,0.013275,0.013275,0.013275,0.0,0.0
a,bigger,instance_0018.txt,1,1,0,0,16.066666666666666,16.066666666666666,16.066666666666666,16.066666666666666,16.066666666666666,0.0,0.0,1205.0,1205.0,1205,1205,1205,0.0,0.0,75.0,75.0,75,75,75,0.0,0.0,0.03222,0.03222,0.03222,0.03222,0.03222,0.0,0.0
a,bigger,instance_0019.txt,1,1,0,0,10.090909090909092,10.090909090909092,10.090909090909092,10.090909090909092,10.090909090909092,0.0,0.0,999.0,999.0,999,999,999,0.0,0.0,99.0,99.0,99,99,99,0.0,0.0,0.05993,0.05993,0.05993,0.05993,0.05993,0.0,0.0
a,bigger,instance_0020.txt,1,1,0,0,4.0,4.0,4.0,4.0,4.0,0.0,0.0,12.0,12.0,12,12,12,0.0,0.0,3.0,3.0,3,3,3,0.0,0.0,0.000125,0.000125,0.000125,0.000125,0.000125,0.0,0.0
a,bigger_multi,instance_0001.txt,1,1,0,0,5.230769230769231,5.230769230769231,5.230769230769231,5.230769230769231,5.230769230769231,0.0,0.0,68.0,68.0,68,68,68,0.0,0.0,13.0,13.0,13,13,13,0.0,0.0,0.00481,0.00481,0.00481,0.00481,0.00481,0.0,0.0
a,bigger_multi,instance_0002.txt,1,1,0,0,2.0,2.0,2.0,2.0,2.0,0.0,0.0,2.0,2.0,2,2,2,0.0,0.0,1.0,1.0,1,1,1,0.0,0.0,0.000149,0.000149,0.000149,0.000149,0.000149,0.0,0.0
a,bigger_multi,instance_0003.txt,1,1,0,0,4.416666666666667,4.416666666666667,4.416666666666667,4.416666666666667,4.416666666666667,0.0,0.0,106.0,106.0,106,106,106,0.0,0.0,24.0,24.0,24,24,24,0.0,0.0,0.009819,0.009819,0.009819,0.009819,0.009819,0.0,0.0
a,bigger_multi,instance_0004.txt,1,1,0,0,2.1052631578947367,2.1052631578947367,2.1052631578947367,2.1052631578947367,2.1052631578947367,0.0,0.0,40.0,40.0,40,40,40,0.0,0.0,19.0,19.0,19,19,19,0.0,0.0,0.002236,0.002236,0.002236,0.002236,0.002236,0.0,0.0
a,bigger_multi,instance_0005.txt,1,1,0,0,35.16,35.16,35.16,35.16,35.16,0.0,0.0,4395.0,4395.0,4395,4395,4395,0.0,0.0,125.0,125.0,125,125,125,0.0,0.0,0.366311,0.366311,0.366311,0.366311,0.366311,0.0,0.0
a,bigger_multi,instance_0006.txt,1,1,0,0,31.901639344262296,31.901639344262296,31.901639344262296,31.901639344262296,31.901639344262296,0.0,0.0,3892.0,3892.0,3892,3892,3892,0.0,0.0,122.0,122.0,122,122,122,0.0,0.0,0.5471,0.5471,0.5471,0.5471,0.5471,0.0,0.0
a,bigger_multi,instance_0007.txt,1,1,0,0,28.708955223880597,28.708955223880597,28.708955223880597,28.708955223880597,28.708955223880597,0.0,0.0,3847.0,3847.0,3847,3847,3847,0.0,0.0,134.0,134.0,134,134,134,0.0,0.0,0.551178,0.551178,0.551178,0.551178,0.551178,0.0,0.0
a,bigger_multi,instance_0008.txt,1,1,0,0,32.26136363636363,32.26136363636363,32.26136363636363,32.26136363636363,32.26136363636363,0.0,0.0,2839.0,2839.0,2839,2839,2839,0.0,0.0,88.0,88.0,88,88,88,0.0,0.0,0.346569,0.346569,0.346569,0.346569,0.346569,0.0,0.0
a,bigger_multi,instance_0009.txt,1,1,0,0,2.9423076923076925,2.9423076923076925,2.9423076923076925,2.9423076923076925,2.9423076923076925,0.0,0.0,153.0,153.0,153,153,153,0.0,0.0,52.0,52.0,52,52,52,0.0,0.0,0.024852,0.024852,0.024852,0.024852,0.024852,0.0,0.0
a,bigger_multi,instance_0010.txt,1,1,0,0,6.235714285714286,6.235714285714286,6.235714285714286,6.235714285714286,6.235714285714286,0.0,0.0,1746.0,1746.0,1746,1746,1746,0.0,0.0,280.0,280.0,280,280,280,0.0,0.0,0.859548,0.859548,0.859548,0.859548,0.859548,0.0,0.0
a,bigger_multi,instance_0011.txt,1,1,0,0,7.200704225352113,7.200704225352113,7.200704225352113,7.200704225352113,7.200704225352113,0.0,0.0,2045.0,2045.0,2045,2045,2045,0.0,0.0,284.0,284.0,284,284,284,0.0,0.0,0.68678,0.68678,0.68678,0.68678,0.68678,0.0,0.0
a,bigger_multi,instance_0012.txt,1,1,0,0,3.6875,3.6875,3.6875,3.6875,3.6875,0.0,0.0,177.0,177.0,177,177,177,0.0,0.0,48.0,48.0,48,48,48,0.0,0.0,0.038083,0.038083,0.038083,0.038083,0.038083,0.0,0.0
a,bigger_multi,instance_0013.txt,1,1,0,0,13.056980056980057,13.056980056980057,13.056980056980057,13.056980056980057,13.056980056980057,0.0,0.0,4583.0,4583.0,4583,4583,4583,0.0,0.0,351.0,351.0,351,351,351,0.0,0.0,1.421203,1.421203,1.421203,1.421203,1.421203,0.0,0.0
a,bigger_multi,instance_0014.txt,1,1,0,0,20.692513368983956,20.692513368983956,20.692513368983956,20.692513368983956,20.692513368983956,0.0,0.0,7739.0,7739.0,7739,7739,7739,0.0,0.0,374.0,374.0,374,374,374,0.0,0.0,2.134839,2.134839,2.134839,2.134839,2.134839,0.0,0.0
a,bigger_multi,instance_0015.txt,1,1,0,0,10.820588235294117,10.820588235294117,10.820588235294117,10.820588235294117,10.820588235294117,0.0,0.0,3679.0,3679.0,3679,3679,3679,0.0,0.0,340.0,340.0,340,340,340,0.0,0.0,1.371872,1.371872,1.371872,1.371872,1.371872,0.0,0.0
a,bigger_multi,instance_0016.txt,1,1,0,0,9.661971830985916,9.661971830985916,9.661971830985916,9.661971830985916,9.661971830985916,0.0,0.0,686.0,686.0,686,686,686,0.0,0.0,71.0,71.0,71,71,71,0.0,0.0,0.042838,0.042838,0.042838,0.042838,0.042838,0.0,0.0
a,bigger_multi,instance_0017.txt,1,1,0,0,3.8043478260869565,3.8043478260869565,3.8043478260869565,3.8043478260869565,3.8043478260869565,0.0,0.0,175.0,175.0,175,175,175,0.0,0.0,46.0,46.0,46,46,46,0.0,0.0,0.017701,0.017701,0.017701,0.017701,0.017701,0.0,0.0
a,bigger_multi,instance_0018.txt,1,1,0,0,16.066666666666666,16.066666666666666,16.066666666666666,16.066666666666666,16.066666666666666,0.0,0.0,1205.0,1205.0,1205,1205,1205,0.0,0.0,75.0,75.0,75,75,75,0.0,0.0,0.064205,0.064205,0.064205,0.064205,0.064205,0.0,0.0
a,bigger_multi,instance_0019.txt,1,1,0,0,10.40625,10.40625,10.40625,10.40625,10.40625,0.0,0.0,999.0,999.0,999,999,999,0.0,0.0,96.0,96.0,96,96,96,0.0,0.0,0.145831,0.145831,0.145831,0.145831,0.145831,0.0,0.0
a,bigger_multi,instance_0020.txt,1,1,0,0,4.0,4.0,4.0,4.0,4.0,0.0,0.0,12.0,12.0,12,12,12,0.0,0.0,3.0,3.0,3,3,3,0.0,0.0,0.000137,0.000137,0.000137,0.000137,0.000137,0.0,0.0
a,diff,instance_0001.txt,30,30,0,0,2.637948717948718,2.6153846153846154,2.6153846153846154,2.6153846153846154,2.72,0.0015067981591058565,0.03881749810466739,67.86666666666666,68.0,68,67,68,0.11555555555555559,0.33993463423951903,25.733333333333334,26.0,26,25,26,0.19555555555555557,0.4422166387140533,0.003328333333333333,0.003506,0.003453,0.001685,0.004514,3.604496222222221e-07,0.0006003745682673626
a,diff,instance_0002.txt,30,30,0,0,1.8,2.0,2.0,1.0,2.0,0.16000000000000003,0.4,2.0,2.0,2,2,2,0.0,0.0,1.2,1.0,1,1,2,0.16000000000000003,0.4,0.00012550000000000001,0.0001195,0.000118,0.000109,0.000163,1.9778333333333333e-10,1.4063546257375248e-05
a,diff,instance_0003.txt,30,30,0,0,2.838225442782567,2.864864864864865,2.864864864864865,2.5853658536585367,2.9444444444444446,0.003961672581081047,0.06294181901630304,106.0,106.0,106,106,106,0.0,0.0,37.36666666666667,37.0,37,36,41,0.7655555555555552,0.8749603165604456,0.006707000000000001,0.0060775,0.003699,0.003699,0.010993,3.7110630666666666e-06,0.0019264119670170934
a,diff,instance_0004.txt,30,30,0,0,1.7056281761716547,1.6956521739130435,1.7727272727272727,1.5416666666666667,2.0,0.013074354065805555,0.11434314175238301,38.7,39.0,39,37,40,1.2099999999999997,1.0999999999999999,22.766666666666666,22.0,22,20,25,1.6455555555555548,1.2827920936595902,0.0016687333333333333,0.001789,0.001789,0.001218,0.001998,7.577639555555558e-08,0.00027527512701941594
a,diff,instance_0005.txt,30,30,0,0,31.851951761345596,31.844202898550726,31.840579710144926,31.840579710144926,32.08029197080292,0.0018105800376992892,0.04255091112654686,4394.5,4394.5,4394,4394,4395,0.25,0.5,137.96666666666667,138.0,138,137,138,0.032222222222222215,0.17950549357115012,0.2083645,0.212091,0.117462,0.117462,0.276865,0.0013709429271166669,0.03702624646270085
a,diff,instance_0006.txt,30,30,0,0,26.657534246575338,26.65753424657534,26.65753424657534,26.65753424657534,26.65753424657534,1.262177448353619e-29,3.552713678800501e-15,3892.0,3892.0,3892,3892,3892,0.0,0.0,146.0,146.0,146,146,146,0.0,0.0,0.23125106666666667,0.2467055,0.141924,0.127681,0.295295,0.0018076159401955556,0.042516066847670134
a,diff,instance_0007.txt,30,30,0,0,25.818791946308718,25.818791946308725,25.818791946308725,25.818791946308725,25.818791946308725,5.048709793414476e-29,7.105427357601002e-15,3847.0,3847.0,3847,3847,3847,0.0,0.0,149.0,149.0,149,149,149,0.0,0.0,0.24868869999999996,0.2698795,0.263285,0.143297,0.338753,0.0021143980614100003,0.04598258432722111
a,diff,instance_0008.txt,30,30,0,0,21.832730475631237,21.846153846153847,21.846153846153847,21.671755725190838,21.846153846153847,0.0017764293538845037,0.04214770876197784,2839.7,2840.0,2840,2839,2840,0.21000000000000002,0.45825756949558405,130.06666666666666,130.0,130,130,131,0.06222222222222222,0.24944382578492943,0.139543,0.1434915,0.114403,0.080687,0.229508,0.0008691782648666666,0.029481829401627482
a,diff,instance_0009.txt,30,30,0,0,2.02604898504281,2.026666666666667,2.026666666666667,1.7586206896551724,2.0821917808219177,0.0037223827668900348,0.061011333102056,152.2,152.0,152,152,153,0.16000000000000003,0.4,75.2,75.0,75,73,87,6.826666666666664,2.612789058968723,0.01777243333333333,0.018448,0.021294,0.011565,0.024157,1.0510666112222222e-05,0.0032420157482995395
a,diff,instance_0010.txt,30,30,0,0,5.512552920472089,5.507886435331231,5.507886435331231,5.507886435331231,5.560509554140127,0.0001621872168576444,0.012735274510494244,1746.0,1746.0,1746,1746,1746,0.0,0.0,316.73333333333335,317.0,317,314,317,0.5288888888888887,0.7272474743090476,0.27584850000000005,0.26182649999999996,0.168139,0.168139,0.343809,0.0026664810915833334,0.05163798109515256
a,diff,instance_0011.txt,30,30,0,0,6.3598936363621705,6.350931677018633,6.350931677018633,6.350931677018633,6.390625,0.00010775626134814754,0.010380571340159826,2044.7,2045.0,2045,2044,2045,0.2099999999999999,0.4582575694955839,321.5,322.0,322,320,322,0.31666666666666665,0.5627314338711378,0.3055527333333333,0.30596199999999996,0.19293,0.19293,0.396316,0.003682249458595556,0.06068154133338701
a,diff,instance_0012.txt,30,30,0,0,1.8870423484930587,1.8829787234042554,1.8829787234042554,1.8631578947368421,1.903225806451613,9.223614622262128e-05,0.009603965130227269,177.0,177.0,177,177,177,0.0,0.0,93.8,94.0,94,93,95,0.22666666666666663,0.4760952285695233,0.022038866666666667,0.0242015,0.02279,0.01172,0.029151,2.406721664888889e-05,0.004905834959401803
a,diff,instance_0013.txt,30,30,0,0,12.487738419618532,12.487738419618529,12.487738419618529,12.487738419618529,12.487738419618529,1.262177448353619e-29,3.552713678800501e-15,4583.0,4583.0,4583,4583,4583,0.0,0.0,367.0,367.0,367,367,367,0.0,0.0,0.8459143333333333,0.8754175,0.446033,0.446033,1.055233,0.027484528914555554,0.16578458587744385
a,diff,instance_0014.txt,30,30,0,0,20.46994364637285,20.473544973544975,20.473544973544975,20.41952506596306,20.473544973544975,0.00018157380360986334,0.013474932415780917,7739.0,7739.0,7739,7739,7739,0.0,0.0,378.06666666666666,378.0,378,378,379,0.06222222222222225,0.2494438257849295,1.7724516333333333,1.833215,1.524765,1.048878,2.132629,0.07988686167503221,0.282642639520353
a,diff,instance_0015.txt,30,30,0,0,10.306287046653862,10.305322128851541,10.305322128851541,10.305322128851541,10.334269662921349,2.7000924592174886e-05,0.0051962413908684885,3679.0,3679.0,3679,3679,3679,0.0,0.0,356.96666666666664,357.0,357,356,357,0.032222222222222215,0.17950549357115012,0.7451190333333335,0.7625965,0.878618,0.437729,0.989173,0.022925731399165553,0.15141245457083624
a,diff,instance_0016.txt,30,30,0,0,9.527777777777777,9.527777777777779,9.527777777777779,9.527777777777779,9.527777777777779,3.1554436208840472e-30,1.7763568394002505e-15,686.0,686.0,686,686,686,0.0,0.0,72.0,72.0,72,72,72,0.0,0.0,0.0372149,0.0375525,0.037584,0.018629,0.049576,4.1245794956666666e-05,0.006422288918809763
a,diff,instance_0017.txt,30,30,0,0,3.809983896940418,3.8043478260869565,3.8043478260869565,3.8043478260869565,3.888888888888889,0.0004447141253134385,0.021088246141237978,175.0,175.0,175,175,175,0.0,0.0,45.93333333333333,46.0,46,45,46,0.06222222222222222,0.24944382578492943,0.0088862,0.0093525,0.005891,0.005393,0.011702,2.4104386933333328e-06,0.0015525587568054656
a,diff,instance_0018.txt,30,30,0,0,15.855263157894736,15.855263157894736,15.855263157894736,15.855263157894736,15.855263157894736,0.0,0.0,1205.0,1205.0,1205,1205,1205,0.0,0.0,76.0,76.0,76,76,76,0.0,0.0,0.05078386666666667,0.052323499999999995,0.032727,0.032446,0.06592,7.615440531555556e-05,0.008726649145895323
a,diff,instance_0019.txt,30,30,0,0,9.60576923076923,9.60576923076923,9.60576923076923,9.60576923076923,9.60576923076923,0.0,0.0,999.0,999.0,999,999,999,0.0,0.0,104.0,104.0,104,104,104,0.0,0.0,0.06001483333333333,0.0592275,0.069745,0.038822,0.075462,0.00010684302967222222,0.010336490200847781
a,diff,instance_0020.txt,30,30,0,0,3.7333333333333334,4.0,4.0,3.0,4.0,0.10666666666666663,0.3265986323710904,11.4,12.0,12,10,12,0.64,0.8,3.066666666666667,3.0,3,3,4,0.06222222222222222,0.24944382578492943,9.580000000000001e-05,8.65e-05,8.3e-05,7.9e-05,0.000236,8.262933333333334e-10,2.8745318459417586e-05
a,diff_bigger,instance_0001.txt,1,1,0,0,2.6153846153846154,2.6153846153846154,2.6153846153846154,2.6153846153846154,2.6153846153846154,0.0,0.0,68.0,68.0,68,68,68,0.0,0.0,26.0,26.0,26,26,26,0.0,0.0,0.002258,0.002258,0.002258,0.002258,0.002258,0.0,0.0
a,diff_bigger,instance_0002.txt,1,1,0,0,2.0,2.0,2.0,2.0,2.0,0.0,0.0,2.0,2.0,2,2,2,0.0,0.0,1.0,1.0,1,1,1,0.0,0.0,0.00013,0.00013,0.00013,0.00013,0.00013,0.0,0.0
a,diff_bigger,instance_0003.txt,1,1,0,0,2.864864864864865,2.864864864864865,2.864864864864865,2.864864864864865,2.864864864864865,0.0,0.0,106.0,106.0,106,106,106,0.0,0.0,37.0,37.0,37,37,37,0.0,0.0,0.006528,0.006528,0.006528,0.006528,0.006528,0.0,0.0
a,diff_bigger,instance_0004.txt,1,1,0,0,2.0,2.0,2.0,2.0,2.0,0.0,0.0,40.0,40.0,40,40,40,0.0,0.0,20.0,20.0,20,20,20,0.0,0.0,0.001706,0.001706,0.001706,0.001706,0.001706,0.0,0.0
a,diff_bigger,instance_0005.txt,1,1,0,0,31.840579710144926,31.840579710144926,31.840579710144926,31.840579710144926,31.840579710144926,0.0,0.0,4394.0,4394.0,4394,4394,4394,0.0,0.0,138.0,138.0,138,138,138,0.0,0.0,0.233465,0.233465,0.233465,0.233465,0.233465,0.0,0.0
a,diff_bigger,instance_0006.txt,1,1,0,0,26.65753424657534,26.65753424657534,26.65753424657534,26.65753424657534,26.65753424657534,0.0,0.0,3892.0,3892.0,3892,3892,3892,0.0,0.0,146.0,146.0,146,146,146,0.0,0.0,0.126554,0.126554,0.126554,0.126554,0.126554,0.0,0.0
a,diff_bigger,instance_0007.txt,1,1,0,0,25.818791946308725,25.818791946308725,25.818791946308725,25.818791946308725,25.818791946308725,0.0,0.0,3847.0,3847.0,3847,3847,3847,0.0,0.0,149.0,149.0,149,149,149,0.0,0.0,0.267693,0.267693,0.267693,0.267693,0.267693,0.0,0.0
a,diff_bigger,instance_0008.txt,1,1,0,0,21.838461538461537,21.838461538461537,21.838461538461537,21.838461538461537,21.838461538461537,0.0,0.0,2839.0,2839.0,2839,2839,2839,0.0,0.0,130.0,130.0,130,130,130,0.0,0.0,0.15961,0.15961,0.15961,0.15961,0.15961,0.0,0.0
a,diff_bigger,instance_0009.txt,1,1,0,0,2.026666666666667,2.026666666666667,2.026666666666667,2.026666666666667,2.026666666666667,0.0,0.0,152.0,152.0,152,152,152,0.0,0.0,75.0,75.0,75,75,75,0.0,0.0,0.019929,0.019929,0.019929,0.019929,0.019929,0.0,0.0
a,diff_bigger,instance_0010.txt,1,1,0,0,5.4733542319749215,5.4733542319749215,5.4733542319749215,5.4733542319749215,5.4733542319749215,0.0,0.0,1746.0,1746.0,1746,1746,1746,0.0,0.0,319.0,319.0,319,319,319,0.0,0.0,0.257157,0.257157,0.257157,0.257157,0.257157,0.0,0.0
a,diff_bigger,instance_0011.txt,1,1,0,0,6.328173374613003,6.328173374613003,6.328173374613003,6.328173374613003,6.328173374613003,0.0,0.0,2044.0,2044.0,2044,2044,2044,0.0,0.0,323.0,323.0,323,323,323,0.0,0.0,0.357425,0.357425,0.357425,0.357425,0.357425,0.0,0.0
a,diff_bigger,instance_0012.txt,1,1,0,0,1.8829787234042554,1.8829787234042554,1.8829787234042554,1.8829787234042554,1.8829787234042554,0.0,0.0,177.0,177.0,177,177,177,0.0,0.0,94.0,94.0,94,94,94,0.0,0.0,0.027757,0.027757,0.027757,0.027757,0.027757,0.0,0.0
a,diff_bigger,instance_0013.txt,1,1,0,0,12.487738419618529,12.487738419618529,12.487738419618529,12.487738419618529,12.487738419618529,0.0,0.0,4583.0,4583.0,4583,4583,4583,0.0,0.0,367.0,367.0,367,367,367,0.0,0.0,0.461323,0.461323,0.461323,0.461323,0.461323,0.0,0.0
a,diff_bigger,instance_0014.txt,1,1,0,0,20.473544973544975,20.473544973544975,20.473544973544975,20.473544973544975,20.473544973544975,0.0,0.0,7739.0,7739.0,7739,7739,7739,0.0,0.0,378.0,378.0,378,378,378,0.0,0.0,1.265034,1.265034,1.265034,1.265034,1.265034,0.0,0.0
a,diff_bigger,instance_0015.txt,1,1,0,0,10.305322128851541,10.305322128851541,10.305322128851541,10.305322128851541,10.305322128851541,0.0,0.0,3679.0,3679.0,3679,3679,3679,0.0,0.0,357.0,357.0,357,357,357,0.0,0.0,0.598823,0.598823,0.598823,0.598823,0.598823,0.0,0.0
a,diff_bigger,instance_0016.txt,1,1,0,0,9.527777777777779,9.527777777777779,9.527777777777779,9.527777777777779,9.527777777777779,0.0,0.0,686.0,686.0,686,686,686,0.0,0.0,72.0,72.0,72,72,72,0.0,0.0,0.039837,0.039837,0.039837,0.039837,0.039837,0.0,0.0
a,diff_bigger,instance_0017.txt,1,1,0,0,3.8043478260869565,3.8043478260869565,3.8043478260869565,3.8043478260869565,3.8043478260869565,0.0,0.0,175.0,175.0,175,175,175,0.0,0.0,46.0,46.0,46,46,46,0.0,0.0,0.010229,0.010229,0.010229,0.010229,0.010229,0.0,0.0
a,diff_bigger,instance_0018.txt,1,1,0,0,15.855263157894736,15.855263157894736,15.855263157894736,15.855263157894736,15.855263157894736,0.0,0.0,1205.0,1205.0,1205,1205,1205,0.0,0.0,76.0,76.0,76,76,76,0.0,0.0,0.059207,0.059207,0.059207,0.059207,0.059207,0.0,0.0
a,diff_bigger,instance_0019.txt,1,1,0,0,9.60576923076923,9.60576923076923,9.60576923076923,9.60576923076923,9.60576923076923,0.0,0.0,999.0,999.0,999,999,999,0.0,0.0,104.0,104.0,104,104,104,0.0,0.0,0.056417,0.056417,0.056417,0.056417,0.056417,0.0,0.0
a,diff_bigger,instance_0020.txt,1,1,0,0,3.3333333333333335,3.3333333333333335,3.3333333333333335,3.3333333333333335,3.3333333333333335,0.0,0.0,10.0,10.0,10,10,10,0.0,0.0,3.0,3.0,3,3,3,0.0,0.0,0.000113,0.000113,0.000113,0.000113,0.000113,0.0,0.0
a,diff_bigger_multi,instance_0001.txt,1,1,0,0,2.72,2.72,2.72,2.72,2.72,0.0,0.0,68.0,68.0,68,68,68,0.0,0.0,25.0,25.0,25,25,25,0.0,0.0,0.004623,0.004623,0.004623,0.004623,0.004623,0.0,0.0
a,diff_bigger_multi,instance_0002.txt,1,1,0,0,2.0,2.0,2.0,2.0,2.0,0.0,0.0,2.0,2.0,2,2,2,0.0,0.0,1.0,1.0,1,1,1,0.0,0.0,0.000278,0.000278,0.000278,0.000278,0.000278,0.0,0.0
a,diff_bigger_multi,instance_0003.txt,1,1,0,0,3.0285714285714285,3.0285714285714285,3.0285714285714285,3.0285714285714285,3.0285714285714285,0.0,0.0,106.0,106.0,106,106,106,0.0,0.0,35.0,35.0,35,35,35,0.0,0.0,0.008565,0.008565,0.008565,0.008565,0.008565,0.0,0.0
a,diff_bigger_multi,instance_0004.txt,1,1,0,0,2.1052631578947367,2.1052631578947367,2.1052631578947367,2.1052631578947367,2.1052631578947367,0.0,0.0,40.0,40.0,40,40,40,0.0,0.0,19.0,19.0,19,19,19,0.0,0.0,0.001691,0.001691,0.001691,0.001691,0.001691,0.0,0.0
a,diff_bigger_multi,instance_0005.txt,1,1,0,0,32.54814814814815,32.54814814814815,32.54814814814815,32.54814814814815,32.54814814814815,0.0,0.0,4394.0,4394.0,4394,4394,4394,0.0,0.0,135.0,135.0,135,135,135,0.0,0.0,0.304004,0.304004,0.304004,0.304004,0.304004,0.0,0.0
a,diff_bigger_multi,instance_0006.txt,1,1,0,0,27.602836879432623,27.602836879432623,27.602836879432623,27.602836879432623,27.602836879432623,0.0,0.0,3892.0,3892.0,3892,3892,3892,0.0,0.0,141.0,141.0,141,141,141,0.0,0.0,0.189435,0.189435,0.189435,0.189435,0.189435,0.0,0.0
a,diff_bigger_multi,instance_0007.txt,1,1,0,0,26.53103448275862,26.53103448275862,26.53103448275862,26.53103448275862,26.53103448275862,0.0,0.0,3847.0,3847.0,3847,3847,3847,0.0,0.0,145.0,145.0,145,145,145,0.0,0.0,0.390431,0.390431,0.390431,0.390431,0.390431,0.0,0.0
a,diff_bigger_multi,instance_0008.txt,1,1,0,0,22.007751937984494,22.007751937984494,22.007751937984494,22.007751937984494,22.007751937984494,0.0,0.0,2839.0,2839.0,2839,2839,2839,0.0,0.0,129.0,129.0,129,129,129,0.0,0.0,0.297321,0.297321,0.297321,0.297321,0.297321,0.0,0.0
a,diff_bigger_multi,instance_0009.txt,1,1,0,0,2.303030303030303,2.303030303030303,2.303030303030303,2.303030303030303,2.303030303030303,0.0,0.0,152.0,152.0,152,152,152,0.0,0.0,66.0,66.0,66,66,66,0.0,0.0,0.025073,0.025073,0.025073,0.025073,0.025073,0.0,0.0
a,diff_bigger_multi,instance_0010.txt,1,1,0,0,5.859060402684563,5.859060402684563,5.859060402684563,5.859060402684563,5.859060402684563,0.0,0.0,1746.0,1746.0,1746,1746,1746,0.0,0.0,298.0,298.0,298,298,298,0.0,0.0,0.42695,0.42695,0.42695,0.42695,0.42695,0.0,0.0
a,diff_bigger_multi,instance_0011.txt,1,1,0,0,6.790697674418604,6.790697674418604,6.790697674418604,6.790697674418604,6.790697674418604,0.0,0.0,2044.0,2044.0,2044,2044,2044,0.0,0.0,301.0,301.0,301,301,301,0.0,0.0,0.5011,0.5011,0.5011,0.5011,0.5011,0.0,0.0
a,diff_bigger_multi,instance_0012.txt,1,1,0,0,2.185185185185185,2.185185185185185,2.185185185185185,2.185185185185185,2.185185185185185,0.0,0.0,177.0,177.0,177,177,177,0.0,0.0,81.0,81.0,81,81,81,0.0,0.0,0.045409,0.045409,0.045409,0.045409,0.045409,0.0,0.0
a,diff_bigger_multi,instance_0013.txt,1,1,0,0,12.590659340659341,12.590659340659341,12.590659340659341,12.590659340659341,12.590659340659341,0.0,0.0,4583.0,4583.0,4583,4583,4583,0.0,0.0,364.0,364.0,364,364,364,0.0,0.0,0.939364,0.939364,0.939364,0.939364,0.939364,0.0,0.0
a,diff_bigger_multi,instance_0014.txt,1,1,0,0,20.58244680851064,20.58244680851064,20.58244680851064,20.58244680851064,20.58244680851064,0.0,0.0,7739.0,7739.0,7739,7739,7739,0.0,0.0,376.0,376.0,376,376,376,0.0,0.0,1.314458,1.314458,1.314458,1.314458,1.314458,0.0,0.0
a,diff_bigger_multi,instance_0015.txt,1,1,0,0,10.725947521865889,10.725947521865889,10.725947521865889,10.725947521865889,10.725947521865889,0.0,0.0,3679.0,3679.0,3679,3679,3679,0.0,0.0,343.0,343.0,343,343,343,0.0,0.0,0.73408,0.73408,0.73408,0.73408,0.73408,0.0,0.0
a,diff_bigger_multi,instance_0016.txt,1,1,0,0,9.661971830985916,9.661971830985916,9.661971830985916,9.661971830985916,9.661971830985916,0.0,0.0,686.0,686.0,686,686,686,0.0,0.0,71.0,71.0,71,71,71,0.0,0.0,0.029649,0.029649,0.029649,0.029649,0.029649,0.0,0.0
a,diff_bigger_multi,instance_0017.txt,1,1,0,0,3.8043478260869565,3.8043478260869565,3.8043478260869565,3.8043478260869565,3.8043478260869565,0.0,0.0,175.0,175.0,175,175,175,0.0,0.0,46.0,46.0,46,46,46,0.0,0.0,0.011554,0.011554,0.011554,0.011554,0.011554,0.0,0.0
a,diff_bigger_multi,instance_0018.txt,1,1,0,0,15.855263157894736,15.855263157894736,15.855263157894736,15.855263157894736,15.855263157894736,0.0,0.0,1205.0,1205.0,1205,1205,1205,0.0,0.0,76.0,76.0,76,76,76,0.0,0.0,0.034616,0.034616,0.034616,0.034616,0.034616,0.0,0.0
a,diff_bigger_multi,instance_0019.txt,1,1,0,0,9.891089108910892,9.891089108910892,9.891089108910892,9.891089108910892,9.891089108910892,0.0,0.0,999.0,999.0,999,999,999,0.0,0.0,101.0,101.0,101,101,101,0.0,0.0,0.124077,0.124077,0.124077,0.124077,0.124077,0.0,0.0
a,diff_bigger_multi,instance_0020.txt,1,1,0,0,5.0,5.0,5.0,5.0,5.0,0.0,0.0,10.0,10.0,10,10,10,0.0,0.0,2.0,2.0,2,2,2,0.0,0.0,0.000118,0.000118,0.000118,0.000118,0.000118,0.0,0.0
a,diff_bigger_multi_weighted,instance_0001.txt,1,1,0,0,2.72,2.72,2.72,2.72,2.72,0.0,0.0,68.0,68.0,68,68,68,0.0,0.0,25.0,25.0,25,25,25,0.0,0.0,0.004529,0.004529,0.004529,0.004529,0.004529,0.0,0.0
a,diff_bigger_multi_weighted,instance_0002.txt,1,1,0,0,2.0,2.0,2.0,2.0,2.0,0.0,0.0,2.0,2.0,2,2,2,0.0,0.0,1.0,1.0,1,1,1,0.0,0.0,0.000125,0.000125,0.000125,0.000125,0.000125,0.0,0.0
a,diff_bigger_multi_weighted,instance_0003.txt,1,1,0,0,3.0285714285714285,3.0285714285714285,3.0285714285714285,3.0285714285714285,3.0285714285714285,0.0,0.0,106.0,106.0,106,106,106,0.0,0.0,35.0,35.0,35,35,35,0.0,0.0,0.008477,0.008477,0.008477,0.008477,0.008477,0.0,0.0
a,diff_bigger_multi_weighted,instance_0004.txt,1,1,0,0,2.1052631578947367,2.1052631578947367,2.1052631578947367,2.1052631578947367,2.1052631578947367,0.0,0.0,40.0,40.0,40,40,40,0.0,0.0,19.0,19.0,19,19,19,0.0,0.0,0.001764,0.001764,0.001764,0.001764,0.001764,0.0,0.0
a,diff_bigger_multi_weighted,instance_0005.txt,1,1,0,0,32.54814814814815,32.54814814814815,32.54814814814815,32.54814814814815,32.54814814814815,0.0,0.0,4394.0,4394.0,4394,4394,4394,0.0,0.0,135.0,135.0,135,135,135,0.0,0.0,0.287858,0.287858,0.287858,0.287858,0.287858,0.0,0.0
a,diff_bigger_multi_weighted,instance_0006.txt,1,1,0,0,27.602836879432623,27.602836879432623,27.602836879432623,27.602836879432623,27.602836879432623,0.0,0.0,3892.0,3892.0,3892,3892,3892,0.0,0.0,141.0,141.0,141,141,141,0.0,0.0,0.302801,0.302801,0.302801,0.302801,0.302801,0.0,0.0
a,diff_bigger_multi_weighted,instance_0007.txt,1,1,0,0,26.53103448275862,26.53103448275862,26.53103448275862,26.53103448275862,26.53103448275862,0.0,0.0,3847.0,3847.0,3847,3847,3847,0.0,0.0,145.0,145.0,145,145,145,0.0,0.0,0.280853,0.280853,0.280853,0.280853,0.280853,0.0,0.0
a,diff_bigger_multi_weighted,instance_0008.txt,1,1,0,0,22.007751937984494,22.007751937984494,22.007751937984494,22.007751937984494,22.007751937984494,0.0,0.0,2839.0,2839.0,2839,2839,2839,0.0,0.0,129.0,129.0,129,129,129,0.0,0.0,0.297283,0.297283,0.297283,0.297283,0.297283,0.0,0.0
a,diff_bigger_multi_weighted,instance_0009.txt,1,1,0,0,2.303030303030303,2.303030303030303,2.303030303030303,2.303030303030303,2.303030303030303,0.0,0.0,152.0,152.0,152,152,152,0.0,0.0,66.0,66.0,66,66,66,0.0,0.0,0.025842,0.025842,0.025842,0.025842,0.025842,0.0,0.0
a,diff_bigger_multi_weighted,instance_0010.txt,1,1,0,0,5.859060402684563,5.859060402684563,5.859060402684563,5.859060402684563,5.859060402684563,0.0,0.0,1746.0,1746.0,1746,1746,1746,0.0,0.0,298.0,298.0,298,298,298,0.0,0.0,0.635598,0.635598,0.635598,0.635598,0.635598,0.0,0.0
a,diff_bigger_multi_weighted,instance_0011.txt,1,1,0,0,6.790697674418604,6.790697674418604,6.790697674418604,6.790697674418604,6.790697674418604,0.0,0.0,2044.0,2044.0,2044,2044,2044,0.0,0.0,301.0,301.0,301,301,301,0.0,0.0,0.518941,0.518941,0.518941,0.518941,0.518941,0.0,0.0
a,diff_bigger_multi_weighted,instance_0012.txt,1,1,0,0,2.185185185185185,2.185185185185185,2.185185185185185,2.185185185185185,2.185185185185185,0.0,0.0,177.0,177.0,177,177,177,0.0,0.0,81.0,81.0,81,81,81,0.0,0.0,0.044524,0.044524,0.044524,0.044524,0.044524,0.0,0.0
a,diff_bigger_multi_weighted,instance_0013.txt,1,1,0,0,12.590659340659341,12.590659340659341,12.590659340659341,12.590659340659341,12.590659340659341,0.0,0.0,4583.0,4583.0,4583,4583,4583,0.0,0.0,364.0,364.0,364,364,364,0.0,0.0,0.856666,0.856666,0.856666,0.856666,0.856666,0.0,0.0
a,diff_bigger_multi_weighted,instance_0014.txt,1,1,0,0,20.58244680851064,20.58244680851064,20.58244680851064,20.58244680851064,20.58244680851064,0.0,0.0,7739.0,7739.0,7739,7739,7739,0.0,0.0,376.0,376.0,376,376,376,0.0,0.0,0.806459,0.806459,0.806459,0.806459,0.806459,0.0,0.0
a,diff_bigger_multi_weighted,instance_0015.txt,1,1,0,0,10.725947521865889,10.725947521865889,10.725947521865889,10.725947521865889,10.725947521865889,0.0,0.0,3679.0,3679.0,3679,3679,3679,0.0,0.0,343.0,343.0,343,343,343,0.0,0.0,0.721049,0.721049,0.721049,0.721049,0.721049,0.0,0.0
a,diff_bigger_multi_weighted,instance_0016.txt,1,1,0,0,9.661971830985916,9.661971830985916,9.661971830985916,9.661971830985916,9.661971830985916,0.0,0.0,686.0,686.0,686,686,686,0.0,0.0,71.0,71.0,71,71,71,0.0,0.0,0.022344,0.022344,0.022344,0.022344,0.022344,0.0,0.0
a,diff_bigger_multi_weighted,instance_0017.txt,1,1,0,0,3.8043478260869565,3.8043478260869565,3.8043478260869565,3.8043478260869565,3.8043478260869565,0.0,0.0,175.0,175.0,175,175,175,0.0,0.0,46.0,46.0,46,46,46,0.0,0.0,0.013036,0.013036,0.013036,0.013036,0.013036,0.0,0.0
a,diff_bigger_multi_weighted,instance_0018.txt,1,1,0,0,15.855263157894736,15.855263157894736,15.855263157894736,15.855263157894736,15.855263157894736,0.0,0.0,1205.0,1205.0,1205,1205,1205,0.0,0.0,76.0,76.0,76,76,76,0.0,0.0,0.053175,0.053175,0.053175,0.053175,0.053175,0.0,0.0
a,diff_bigger_multi_weighted,instance_0019.txt,1,1,0,0,9.891089108910892,9.891089108910892,9.891089108910892,9.891089108910892,9.891089108910892,0.0,0.0,999.0,999.0,999,999,999,0.0,0.0,101.0,101.0,101,101,101,0.0,0.0,0.109787,0.109787,0.109787,0.109787,0.109787,0.0,0.0
a,diff_bigger_multi_weighted,instance_0020.txt,1,1,0,0,5.0,5.0,5.0,5.0,5.0,0.0,0.0,10.0,10.0,10,10,10,0.0,0.0,2.0,2.0,2,2,2,0.0,0.0,9e-05,9e-05,9e-05,9e-05,9e-05,0.0,0.0
a,diff_bigger_weighted,instance_0001.txt,1,1,0,0,2.6153846153846154,2.6153846153846154,2.6153846153846154,2.6153846153846154,2.6153846153846154,0.0,0.0,68.0,68.0,68,68,68,0.0,0.0,26.0,26.0,26,26,26,0.0,0.0,0.00371,0.00371,0.00371,0.00371,0.00371,0.0,0.0
a,diff_bigger_weighted,instance_0002.txt,1,1,0,0,2.0,2.0,2.0,2.0,2.0,0.0,0.0,2.0,2.0,2,2,2,0.0,0.0,1.0,1.0,1,1,1,0.0,0.0,0.000144,0.000144,0.000144,0.000144,0.000144,0.0,0.0
a,diff_bigger_weighted,instance_0003.txt,1,1,0,0,2.864864864864865,2.864864864864865,2.864864864864865,2.864864864864865,2.864864864864865,0.0,0.0,106.0,106.0,106,106,106,0.0,0.0,37.0,37.0,37,37,37,0.0,0.0,0.006459,0.006459,0.006459,0.006459,0.006459,0.0,0.0
a,diff_bigger_weighted,instance_0004.txt,1,1,0,0,2.0,2.0,2.0,2.0,2.0,0.0,0.0,40.0,40.0,40,40,40,0.0,0.0,20.0,20.0,20,20,20,0.0,0.0,0.00204,0.00204,0.00204,0.00204,0.00204,0.0,0.0
a,diff_bigger_weighted,instance_0005.txt,1,1,0,0,31.840579710144926,31.840579710144926,31.840579710144926,31.840579710144926,31.840579710144926,0.0,0.0,4394.0,4394.0,4394,4394,4394,0.0,0.0,138.0,138.0,138,138,138,0.0,0.0,0.239731,0.239731,0.239731,0.239731,0.239731,0.0,0.0
a,diff_bigger_weighted,instance_0006.txt,1,1,0,0,26.65753424657534,26.65753424657534,26.65753424657534,26.65753424657534,26.65753424657534,0.0,0.0,3892.0,3892.0,3892,3892,3892,0.0,0.0,146.0,146.0,146,146,146,0.0,0.0,0.152964,0.152964,0.152964,0.152964,0.152964,0.0,0.0
a,diff_bigger_weighted,instance_0007.txt,1,1,0,0,25.818791946308725,25.818791946308725,25.818791946308725,25.818791946308725,25.818791946308725,0.0,0.0,3847.0,3847.0,3847,3847,3847,0.0,0.0,149.0,149.0,149,149,149,0.0,0.0,0.255746,0.255746,0.255746,0.255746,0.255746,0.0,0.0
a,diff_bigger_weighted,instance_0008.txt,1,1,0,0,21.838461538461537,21.838461538461537,21.838461538461537,21.838461538461537,21.838461538461537,0.0,0.0,2839.0,2839.0,2839,2839,2839,0.0,0.0,130.0,130.0,130,130,130,0.0,0.0,0.176977,0.176977,0.176977,0.176977,0.176977,0.0,0.0
a,diff_bigger_weighted,instance_0009.txt,1,1,0,0,2.026666666666667,2.026666666666667,2.026666666666667,2.026666666666667,2.026666666666667,0.0,0.0,152.0,152.0,152,152,152,0.0,0.0,75.0,75.0,75,75,75,0.0,0.0,0.022039,0.022039,0.022039,0.022039,0.022039,0.0,0.0
a,diff_bigger_weighted,instance_0010.txt,1,1,0,0,5.4733542319749215,5.4733542319749215,5.4733542319749215,5.4733542319749215,5.4733542319749215,0.0,0.0,1746.0,1746.0,1746,1746,1746,0.0,0.0,319.0,319.0,319,319,319,0.0,0.0,0.358738,0.358738,0.358738,0.358738,0.358738,0.0,0.0
a,diff_bigger_weighted,instance_0011.txt,1,1,0,0,6.328173374613003,6.328173374613003,6.328173374613003,6.328173374613003,6.328173374613003,0.0,0.0,2044.0,2044.0,2044,2044,2044,0.0,0.0,323.0,323.0,323,323,323,0.0,0.0,0.237474,0.237474,0.237474,0.237474,0.237474,0.0,0.0
a,diff_bigger_weighted,instance_0012.txt,1,1,0,0,1.8829787234042554,1.8829787234042554,1.8829787234042554,1.8829787234042554,1.8829787234042554,0.0,0.0,177.0,177.0,177,177,177,0.0,0.0,94.0,94.0,94,94,94,0.0,0.0,0.029101,0.029101,0.029101,0.029101,0.029101,0.0,0.0
a,diff_bigger_weighted,instance_0013.txt,1,1,0,0,12.487738419618529,12.487738419618529,12.487738419618529,12.487738419618529,12.487738419618529,0.0,0.0,4583.0,4583.0,4583,4583,4583,0.0,0.0,367.0,367.0,367,367,367,0.0,0.0,0.978991,0.978991,0.978991,0.978991,0.978991,0.0,0.0
a,diff_bigger_weighted,instance_0014.txt,1,1,0,0,20.473544973544975,20.473544973544975,20.473544973544975,20.473544973544975,20.473544973544975,0.0,0.0,7739.0,7739.0,7739,7739,7739,0.0,0.0,378.0,378.0,378,378,378,0.0,0.0,1.342204,1.342204,1.342204,1.342204,1.342204,0.0,0.0
a,diff_bigger_weighted,instance_0015.txt,1,1,0,0,10.305322128851541,10.305322128851541,10.305322128851541,10.305322128851541,10.305322128851541,0.0,0.0,3679.0,3679.0,3679,3679,3679,0.0,0.0,357.0,357.0,357,357,357,0.0,0.0,0.763232,0.763232,0.763232,0.763232,0.763232,0.0,0.0
a,diff_bigger_weighted,instance_0016.txt,1,1,0,0,9.527777777777779,9.527777777777779,9.527777777777779,9.527777777777779,9.527777777777779,0.0,0.0,686.0,686.0,686,686,686,0.0,0.0,72.0,72.0,72,72,72,0.0,0.0,0.040915,0.040915,0.040915,0.040915,0.040915,0.0,0.0
a,diff_bigger_weighted,instance_0017.txt,1,1,0,0,3.8043478260869565,3.8043478260869565,3.8043478260869565,3.8043478260869565,3.8043478260869565,0.0,0.0,175.0,175.0,175,175,175,0.0,0.0,46.0,46.0,46,46,46,0.0,0.0,0.010682,0.010682,0.010682,0.010682,0.010682,0.0,0.0
a,diff_bigger_weighted,instance_0018.txt,1,1,0,0,15.855263157894736,15.855263157894736,15.855263157894736,15.855263157894736,15.855263157894736,0.0,0.0,1205.0,1205.0,1205,1205,1205,0.0,0.0,76.0,76.0,76,76,76,0.0,0.0,0.062487,0.062487,0.062487,0.062487,0.062487,0.0,0.0
a,diff_bigger_weighted,instance_0019.txt,1,1,0,0,9.60576923076923,9.60576923076923,9.60576923076923,9.60576923076923,9.60576923076923,0.0,0.0,999.0,999.0,999,999,999,0.0,0.0,104.0,104.0,104,104,104,0.0,0.0,0.070968,0.070968,0.070968,0.070968,0.070968,0.0,0.0
a,diff_bigger_weighted,instance_0020.txt,1,1,0,0,3.3333333333333335,3.3333333333333335,3.3333333333333335,3.3333333333333335,3.3333333333333335,0.0,0.0,10.0,10.0,10,10,10,0.0,0.0,3.0,3.0,3,3,3,0.0,0.0,0.00013,0.00013,0.00013,0.00013,0.00013,0.0,0.0
a,diff_multi,instance_0001.txt,30,30,0,0,2.7687632850241544,2.72,2.72,2.68,2.9565217391304346,0.006266765712151959,0.07916290616287378,67.96666666666667,68.0,68,67,68,0.03222222222222222,0.17950549357115014,24.566666666666666,25.0,25,23,25,0.4455555555555557,0.667499479816693,0.0039169,0.0041355,0.002088,0.002088,0.005889,8.293337566666667e-07,0.0009106776359759071
a,diff_multi,instance_0002.txt,30,30,0,0,1.8333333333333333,2.0,2.0,1.0,2.0,0.13888888888888887,0.3726779962499649,2.0,2.0,2,2,2,0.0,0.0,1.1666666666666667,1.0,1,1,2,0.13888888888888887,0.3726779962499649,0.00012036666666666666,0.00010549999999999999,0.000104,7e-05,0.000336,3.5847655555555564e-09,5.987291170099845e-05
a,diff_multi,instance_0003.txt,30,30,0,0,3.007643893893893,3.0285714285714285,3.0285714285714285,2.864864864864865,3.3125,0.006108761557880983,0.07815856675938335,106.0,106.0,106,106,106,0.0,0.0,35.266666666666666,35.0,35,32,37,0.7955555555555557,0.8919392106839769,0.006947033333333334,0.007416000000000001,0.004692,0.004091,0.009698,2.0935233655555557e-06,0.0014469012977931686
a,diff_multi,instance_0004.txt,30,30,0,0,1.831453138775793,1.814935064935065,1.8571428571428572,1.608695652173913,2.1052631578947367,0.020250095421926177,0.1423028299856548,38.9,39.0,39,37,40,0.8900000000000003,0.9433981132056606,21.333333333333332,21.5,22,19,23,1.5555555555555551,1.247219128924647,0.001365433333333333,0.00134,0.001554,0.000927,0.002177,8.062051222222222e-08,0.0002839375146440185
a,diff_multi,instance_0005.txt,30,30,0,0,32.552592592592596,32.55555555555556,32.55555555555556,32.54814814814815,32.55555555555556,1.3168724279831084e-05,0.003628873693011522,4394.6,4395.0,4395,4394,4395,0.23999999999999996,0.4898979485566356,135.0,135.0,135,135,135,0.0,0.0,0.22336889999999998,0.224954,0.128001,0.125599,0.279529,0.002492970984956667,0.049929660372935315
a,diff_multi,instance_0006.txt,30,30,0,0,27.602836879432623,27.602836879432623,27.602836879432623,27.602836879432623,27.602836879432623,0.0,0.0,3892.0,3892.0,3892,3892,3892,0.0,0.0,141.0,141.0,141,141,141,0.0,0.0,0.32113873333333337,0.3132265,0.185087,0.177922,0.402948,0.003977553023862222,0.06306784461088093
a,diff_multi,instance_0007.txt,30,30,0,0,26.53103448275862,26.53103448275862,26.53103448275862,26.53103448275862,26.53103448275862,0.0,0.0,3847.0,3847.0,3847,3847,3847,0.0,0.0,145.0,145.0,145,145,145,0.0,0.0,0.3163767666666667,0.312043,0.254346,0.196537,0.388583,0.0028592740480455556,0.05347218013178026
a,diff_multi,instance_0008.txt,30,30,0,0,22.01942627583979,22.015503875968992,22.015503875968992,22.007751937984494,22.1796875,0.0008951753677551526,0.02991948140852633,2839.766666666667,2840.0,2840,2839,2840,0.1788888888888889,0.4229525846816507,128.96666666666667,129.0,129,128,129,0.032222222222222215,0.17950549357115012,0.23472383333333333,0.224215,0.277187,0.13582,0.29633,0.0017209424463388889,0.04148424335020333
a,diff_multi,instance_0009.txt,30,30,0,0,2.3545368875872605,2.375,2.375,2.1857142857142855,2.4126984126984126,0.0028424972828401127,0.05331507556817408,152.1,152.0,152,152,153,0.09000000000000002,0.30000000000000004,64.63333333333334,64.0,64,63,70,2.3655555555555554,1.5380362660079103,0.021973733333333325,0.023115,0.015687,0.015687,0.027259,1.1602098128888892e-05,0.003406185275185261
a,diff_multi,instance_0010.txt,30,30,0,0,5.917315573962063,5.918644067796611,5.918644067796611,5.898648648648648,5.938775510204081,5.1725948602016995e-05,0.007192075402970758,1746.0,1746.0,1746,1746,1746,0.0,0.0,295.06666666666666,295.0,295,294,296,0.12888888888888886,0.35901098714230023,0.48014923333333337,0.4899585,0.281113,0.281113,0.638459,0.009662081271045555,0.09829588633836898
a,diff_multi,instance_0011.txt,30,30,0,0,6.794441974185616,6.794019933554817,6.794019933554817,6.771523178807947,6.839464882943144,0.00016921016342351416,0.01300808069714799,2044.6666666666667,2045.0,2045,2044,2045,0.22222222222222232,0.4714045207910318,300.93333333333334,301.0,301,299,302,0.3288888888888888,0.573488351136175,0.4080692333333334,0.404547,0.245732,0.245732,0.551229,0.006162456354045557,0.07850131434597485
a,diff_multi,instance_0012.txt,30,30,0,0,2.179882242697838,2.185185185185185,2.185185185185185,2.107142857142857,2.240506329113924,0.0009573501372710814,0.030941075244261977,176.9,177.0,177,176,177,0.09000000000000001,0.30000000000000004,81.16666666666667,81.0,81,79,84,1.2055555555555553,1.0979779394667069,0.03745786666666666,0.035153000000000004,0.062528,0.0257,0.062528,6.553346244888889e-05,0.008095274081146906
a,diff_multi,instance_0013.txt,30,30,0,0,12.590659340659338,12.590659340659341,12.590659340659341,12.590659340659341,12.590659340659341,1.262177448353619e-29,3.552713678800501e-15,4583.0,4583.0,4583,4583,4583,0.0,0.0,364.0,364.0,364,364,364,0.0,0.0,0.9509618666666668,0.9493355,0.534657,0.534657,1.320291,0.03482421492684889,0.1866124725918632
a,diff_multi,instance_0014.txt,30,30,0,0,20.582446808510646,20.58244680851064,20.58244680851064,20.58244680851064,20.58244680851064,5.048709793414476e-29,7.105427357601002e-15,7739.0,7739.0,7739,7739,7739,0.0,0.0,376.0,376.0,376,376,376,0.0,0.0,1.8098478333333332,1.8990795,1.075858,1.075858,2.177061,0.09302511005167223,0.3050001804125241
a,diff_multi,instance_0015.txt,30,30,0,0,10.725947521865884,10.725947521865889,10.725947521865889,10.725947521865889,10.725947521865889,2.8398992587956425e-29,5.329070518200751e-15,3679.0,3679.0,3679,3679,3679,0.0,0.0,343.0,343.0,343,343,343,0.0,0.0,0.959317,0.995602,1.111259,0.545471,1.399221,0.04575736296906668,0.21390970751479857
a,diff_multi,instance_0016.txt,30,30,0,0,9.661971830985916,9.661971830985916,9.661971830985916,9.661971830985916,9.661971830985916,0.0,0.0,686.0,686.0,686,686,686,0.0,0.0,71.0,71.0,71,71,71,0.0,0.0,0.028518500000000002,0.0292835,0.026837,0.014748,0.044273,4.0347346983333334e-05,0.0063519561540783115
a,diff_multi,instance_0017.txt,30,30,0,0,3.8043478260869557,3.8043478260869565,3.8043478260869565,3.8043478260869565,3.8043478260869565,7.888609052210118e-31,8.881784197001252e-16,175.0,175.0,175,175,175,0.0,0.0,46.0,46.0,46,46,46,0.0,0.0,0.011185033333333334,0.011336,0.010972,0.00591,0.016402,5.4348416988888885e-06,0.0023312746940008784
a,diff_multi,instance_0018.txt,30,30,0,0,15.855263157894736,15.855263157894736,15.855263157894736,15.855263157894736,15.855263157894736,0.0,0.0,1205.0,1205.0,1205,1205,1205,0.0,0.0,76.0,76.0,76,76,76,0.0,0.0,0.045295133333333334,0.04709,0.034907,0.024897,0.062189,6.106611451555557e-05,0.00781448107781672
a,diff_multi,instance_0019.txt,30,30,0,0,9.89438613861386,9.891089108910892,9.891089108910892,9.891089108910892,9.99,0.00031524174100578024,0.017755048324512673,999.0,999.0,999,999,999,0.0,0.0,100.96666666666667,101.0,101,100,101,0.032222222222222215,0.17950549357115012,0.09210266666666671,0.092919,0.057635,0.050443,0.127022,0.00045226213702222217,0.021266455676069346
a,diff_multi,instance_0020.txt,30,30,0,0,3.944444444444444,4.0,4.0,3.0,5.0,0.4820987654320988,0.694333324443022,11.366666666666667,12.0,12,10,12,0.6988888888888887,0.8359957469322967,3.0,3.0,3,2,4,0.4666666666666667,0.6831300510639732,8.903333333333333e-05,8.6e-05,8.5e-05,7.4e-05,0.000125,9.64322222222222e-11,9.819990948174148e-06
a,diff_multi_weighted,instance_0001.txt,30,30,0,0,2.7274396135265704,2.72,2.72,2.68,2.9565217391304346,0.0029856995495810812,0.0546415551533911,67.8,68.0,68,67,68,0.15999999999999998,0.39999999999999997,24.866666666666667,25.0,25,23,25,0.18222222222222226,0.42687494916218993,0.0042233,0.00426,0.005109,0.002891,0.006253,9.295956766666665e-07,0.0009641554214267876
a,diff_multi_weighted,instance_0002.txt,30,30,0,0,1.9,2.0,2.0,1.0,2.0,0.09,0.3,2.0,2.0,2,2,2,0.0,0.0,1.1,1.0,1,1,2,0.09,0.3,0.00012020000000000001,0.000118,0.000105,9.7e-05,0.0002,3.4656000000000015e-10,1.8616122045152158e-05
a,diff_multi_weighted,instance_0003.txt,30,30,0,0,3.014701844701844,3.0285714285714285,3.0285714285714285,2.864864864864865,3.0285714285714285,0.0014086975558017972,0.03753261988992771,106.0,106.0,106,106,106,0.0,0.0,35.166666666666664,35.0,35,35,37,0.20555555555555552,0.4533823502911814,0.007008833333333335,0.007041,0.004897,0.004897,0.008788,1.3440272055555556e-06,0.0011593218731463474
a,diff_multi_weighted,instance_0004.txt,30,30,0,0,1.8338058585198171,1.8571428571428572,1.8571428571428572,1.608695652173913,2.1052631578947367,0.01990515338383996,0.1410856242990049,38.833333333333336,39.0,39,37,40,0.8055555555555557,0.8975274678557508,21.266666666666666,21.0,21,19,23,1.4622222222222214,1.2092238098144699,0.0014304000000000003,0.0013874999999999998,0.001634,0.001003,0.002242,7.230837333333336e-08,0.0002689021631250544
a,diff_multi_weighted,instance_0005.txt,30,30,0,0,32.550123456790125,32.54814814814815,32.54814814814815,32.54814814814815,32.55555555555556,1.073007163541792e-05,0.003275678805288748,4394.266666666666,4394.0,4394,4394,4395,0.19555555555555557,0.4422166387140533,135.0,135.0,135,135,135,0.0,0.0,0.2358178,0.2336665,0.132762,0.132762,0.297662,0.0026458204222933337,0.051437539038073486
a,diff_multi_weighted,instance_0006.txt,30,30,0,0,27.602836879432623,27.602836879432623,27.602836879432623,27.602836879432623,27.602836879432623,0.0,0.0,3892.0,3892.0,3892,3892,3892,0.0,0.0,141.0,141.0,141,141,141,0.0,0.0,0.33898140000000004,0.349988,0.302769,0.195039,0.427486,0.00527128543524,0.07260361860981862
a,diff_multi_weighted,instance_0007.txt,30,30,0,0,26.53103448275862,26.53103448275862,26.53103448275862,26.53103448275862,26.53103448275862,0.0,0.0,3847.0,3847.0,3847,3847,3847,0.0,0.0,145.0,145.0,145,145,145,0.0,0.0,0.35841553333333337,0.373101,0.199435,0.199435,0.436646,0.004230426499982222,0.06504172891292345
a,diff_multi_weighted,instance_0008.txt,30,30,0,0,22.01865108204134,22.015503875968992,22.015503875968992,22.007751937984494,22.1796875,0.000906664936691318,0.03011087738162603,2839.6666666666665,2840.0,2840,2839,2840,0.2222222222222222,0.4714045207910317,128.96666666666667,129.0,129,128,129,0.03222222222222222,0.17950549357115014,0.24680659999999996,0.23700349999999998,0.214214,0.147634,0.330419,0.0022599693277066675,0.04753913469665458
a,diff_multi_weighted,instance_0009.txt,30,30,0,0,2.3332956109808642,2.303030303030303,2.303030303030303,2.1549295774647885,2.4285714285714284,0.003093635717089228,0.05562046131676029,152.2,152.0,152,152,153,0.16000000000000003,0.4,65.26666666666667,66.0,66,63,71,2.4622222222222216,1.5691469727919758,0.024983066666666665,0.026422,0.024901,0.013788,0.034288,2.3944586528888893e-05,0.004893320603525677
a,diff_multi_weighted,instance_0010.txt,30,30,0,0,5.91932418409416,5.918644067796611,5.918644067796611,5.898648648648648,5.938775510204081,6.671939162251863e-05,0.008168193902113161,1746.0,1746.0,1746,1746,1746,0.0,0.0,294.96666666666664,295.0,295,294,296,0.1655555555555556,0.4068851871911235,0.5765293,0.56851,0.319211,0.319211,0.762659,0.015057847919009998,0.12271042302514484
a,diff_multi_weighted,instance_0011.txt,30,30,0,0,6.787644066014925,6.790697674418604,6.790697674418604,6.768211920529802,6.8133333333333335,0.00011561439137518905,0.01075241328145403,2044.4333333333334,2044.0,2044,2044,2045,0.24555555555555555,0.49553562491061687,301.2,301.0,301,300,302,0.22666666666666668,0.47609522856952335,0.5226926333333333,0.5257735,0.562993,0.340981,0.685167,0.008231026701365557,0.09072500593202272
a,diff_multi_weighted,instance_0012.txt,30,30,0,0,2.1812749593045004,2.185185185185185,2.185185185185185,2.046511627906977,2.36,0.0020868717538493004,0.04568229146889745,176.9,177.0,177,176,177,0.09000000000000001,0.30000000000000004,81.13333333333334,81.0,81,75,86,2.6488888888888895,1.627540748764494,0.060343100000000004,0.0627715,0.058651,0.03719,0.066274,3.809095088999999e-05,0.00617178668539346
a,diff_multi_weighted,instance_0013.txt,30,30,0,0,12.590659340659338,12.590659340659341,12.590659340659341,12.590659340659341,12.590659340659341,1.262177448353619e-29,3.552713678800501e-15,4583.0,4583.0,4583,4583,4583,0.0,0.0,364.0,364.0,364,364,364,0.0,0.0,1.2390292333333335,1.2563855,0.687708,0.687708,1.493656,0.049002073820245566,0.22136412044467724
a,diff_multi_weighted,instance_0014.txt,30,30,0,0,20.580626963523155,20.58244680851064,20.58244680851064,20.52785145888594,20.58244680851064,9.604323757627493e-05,0.009800165181070925,7739.0,7739.0,7739,7739,7739,0.0,0.0,376.03333333333336,376.0,376,376,377,0.03222222222222222,0.17950549357115014,1.7034219,1.71693,0.960875,0.871274,2.195698,0.13848513525269002,0.3721359096522264
a,diff_multi_weighted,instance_0015.txt,30,30,0,0,10.725947521865884,10.725947521865889,10.725947521865889,10.725947521865889,10.725947521865889,2.8398992587956425e-29,5.329070518200751e-15,3679.0,3679.0,3679,3679,3679,0.0,0.0,343.0,343.0,343,343,343,0.0,0.0,0.8639520999999999,0.8204715,0.773742,0.48865,1.072969,0.023225792464289997,0.15240010651010058
a,diff_multi_weighted,instance_0016.txt,30,30,0,0,9.661971830985916,9.661971830985916,9.661971830985916,9.661971830985916,9.661971830985916,0.0,0.0,686.0,686.0,686,686,686,0.0,0.0,71.0,71.0,71,71,71,0.0,0.0,0.028400766666666667,0.029351000000000002,0.028899,0.016286,0.032084,1.8232901912222225e-05,0.004270000223913603
a,diff_multi_weighted,instance_0017.txt,30,30,0,0,3.812801932367149,3.8043478260869565,3.8043478260869565,3.8043478260869565,3.888888888888889,0.0006432472169712237,0.025362318840579694,175.0,175.0,175,175,175,0.0,0.0,45.9,46.0,46,45,46,0.08999999999999998,0.3,0.01281016666666667,0.0125555,0.012154,0.008929,0.018475,3.5776786055555556e-06,0.0018914752458215136
a,diff_multi_weighted,instance_0018.txt,30,30,0,0,15.862309941520467,15.855263157894736,15.855263157894736,15.855263157894736,16.066666666666666,0.0014400576245682478,0.03794809118477829,1205.0,1205.0,1205,1205,1205,0.0,0.0,75.96666666666667,76.0,76,75,76,0.03222222222222222,0.17950549357115014,0.04909296666666666,0.0521095,0.056575,0.028099,0.056971,5.657428683222224e-05,0.0075215880525472964
a,diff_multi_weighted,instance_0019.txt,30,30,0,0,9.891089108910892,9.891089108910892,9.891089108910892,9.891089108910892,9.891089108910892,0.0,0.0,999.0,999.0,999,999,999,0.0,0.0,101.0,101.0,101,101,101,0.0,0.0,0.09562840000000002,0.089833,0.063165,0.055737,0.123219,0.0003605434477733333,0.018987981666657813
a,diff_multi_weighted,instance_0020.txt,30,30,0,0,4.0,4.0,4.0,3.0,5.0,0.4888888888888889,0.699205898780101,11.266666666666667,12.0,12,10,12,0.7288888888888889,0.8537498983243799,2.933333333333333,3.0,3,2,4,0.46222222222222237,0.6798692684790381,0.00010609999999999999,0.000104,0.00012,9.2e-05,0.000138,1.1922333333333332e-10,1.0918943782863492e-05
a,diff_smaller,instance_0001.txt,1,1,0,0,2.68,2.68,2.68,2.68,2.68,0.0,0.0,67.0,67.0,67,67,67,0.0,0.0,25.0,25.0,25,25,25,0.0,0.0,0.002871,0.002871,0.002871,0.002871,0.002871,0.0,0.0
a,diff_smaller,instance_0002.txt,1,1,0,0,2.0,2.0,2.0,2.0,2.0,0.0,0.0,2.0,2.0,2,2,2,0.0,0.0,1.0,1.0,1,1,1,0.0,0.0,0.000106,0.000106,0.000106,0.000106,0.000106,0.0,0.0
a,diff_smaller,instance_0003.txt,1,1,0,0,2.864864864864865,2.864864864864865,2.864864864864865,2.864864864864865,2.864864864864865,0.0,0.0,106.0,106.0,106,106,106,0.0,0.0,37.0,37.0,37,37,37,0.0,0.0,0.005657,0.005657,0.005657,0.005657,0.005657,0.0,0.0
a,diff_smaller,instance_0004.txt,1,1,0,0,1.625,1.625,1.625,1.625,1.625,0.0,0.0,39.0,39.0,39,39,39,0.0,0.0,24.0,24.0,24,24,24,0.0,0.0,0.002003,0.002003,0.002003,0.002003,0.002003,0.0,0.0
a,diff_smaller,instance_0005.txt,1,1,0,0,31.847826086956523,31.847826086956523,31.847826086956523,31.847826086956523,31.847826086956523,0.0,0.0,4395.0,4395.0,4395,4395,4395,0.0,0.0,138.0,138.0,138,138,138,0.0,0.0,0.247965,0.247965,0.247965,0.247965,0.247965,0.0,0.0
a,diff_smaller,instance_0006.txt,1,1,0,0,26.65753424657534,26.65753424657534,26.65753424657534,26.65753424657534,26.65753424657534,0.0,0.0,3892.0,3892.0,3892,3892,3892,0.0,0.0,146.0,146.0,146,146,146,0.0,0.0,0.264938,0.264938,0.264938,0.264938,0.264938,0.0,0.0
a,diff_smaller,instance_0007.txt,1,1,0,0,25.818791946308725,25.818791946308725,25.818791946308725,25.818791946308725,25.818791946308725,0.0,0.0,3847.0,3847.0,3847,3847,3847,0.0,0.0,149.0,149.0,149,149,149,0.0,0.0,0.191835,0.191835,0.191835,0.191835,0.191835,0.0,0.0
a,diff_smaller,instance_0008.txt,1,1,0,0,21.838461538461537,21.838461538461537,21.838461538461537,21.838461538461537,21.838461538461537,0.0,0.0,2839.0,2839.0,2839,2839,2839,0.0,0.0,130.0,130.0,130,130,130,0.0,0.0,0.108285,0.108285,0.108285,0.108285,0.108285,0.0,0.0
a,diff_smaller,instance_0009.txt,1,1,0,0,2.054054054054054,2.054054054054054,2.054054054054054,2.054054054054054,2.054054054054054,0.0,0.0,152.0,152.0,152,152,152,0.0,0.0,74.0,74.0,74,74,74,0.0,0.0,0.014437,0.014437,0.014437,0.014437,0.014437,0.0,0.0
a,diff_smaller,instance_0010.txt,1,1,0,0,5.507886435331231,5.507886435331231,5.507886435331231,5.507886435331231,5.507886435331231,0.0,0.0,1746.0,1746.0,1746,1746,1746,0.0,0.0,317.0,317.0,317,317,317,0.0,0.0,0.2515,0.2515,0.2515,0.2515,0.2515,0.0,0.0
a,diff_smaller,instance_0011.txt,1,1,0,0,6.367601246105919,6.367601246105919,6.367601246105919,6.367601246105919,6.367601246105919,0.0,0.0,2044.0,2044.0,2044,2044,2044,0.0,0.0,321.0,321.0,321,321,321,0.0,0.0,0.198882,0.198882,0.198882,0.198882,0.198882,0.0,0.0
a,diff_smaller,instance_0012.txt,1,1,0,0,1.8829787234042554,1.8829787234042554,1.8829787234042554,1.8829787234042554,1.8829787234042554,0.0,0.0,177.0,177.0,177,177,177,0.0,0.0,94.0,94.0,94,94,94,0.0,0.0,0.024927,0.024927,0.024927,0.024927,0.024927,0.0,0.0
a,diff_smaller,instance_0013.txt,1,1,0,0,12.487738419618529,12.487738419618529,12.487738419618529,12.487738419618529,12.487738419618529,0.0,0.0,4583.0,4583.0,4583,4583,4583,0.0,0.0,367.0,367.0,367,367,367,0.0,0.0,0.684803,0.684803,0.684803,0.684803,0.684803,0.0,0.0
a,diff_smaller,instance_0014.txt,1,1,0,0,20.473544973544975,20.473544973544975,20.473544973544975,20.473544973544975,20.473544973544975,0.0,0.0,7739.0,7739.0,7739,7739,7739,0.0,0.0,378.0,378.0,378,378,378,0.0,0.0,1.380561,1.380561,1.380561,1.380561,1.380561,0.0,0.0
a,diff_smaller,instance_0015.txt,1,1,0,0,10.305322128851541,10.305322128851541,10.305322128851541,10.305322128851541,10.305322128851541,0.0,0.0,3679.0,3679.0,3679,3679,3679,0.0,0.0,357.0,357.0,357,357,357,0.0,0.0,0.501836,0.501836,0.501836,0.501836,0.501836,0.0,0.0
a,diff_smaller,instance_0016.txt,1,1,0,0,9.527777777777779,9.527777777777779,9.527777777777779,9.527777777777779,9.527777777777779,0.0,0.0,686.0,686.0,686,686,686,0.0,0.0,72.0,72.0,72,72,72,0.0,0.0,0.056057,0.056057,0.056057,0.056057,0.056057,0.0,0.0
a,diff_smaller,instance_0017.txt,1,1,0,0,3.8043478260869565,3.8043478260869565,3.8043478260869565,3.8043478260869565,3.8043478260869565,0.0,0.0,175.0,175.0,175,175,175,0.0,0.0,46.0,46.0,46,46,46,0.0,0.0,0.009911,0.009911,0.009911,0.009911,0.009911,0.0,0.0
a,diff_smaller,instance_0018.txt,1,1,0,0,15.855263157894736,15.855263157894736,15.855263157894736,15.855263157894736,15.855263157894736,0.0,0.0,1205.0,1205.0,1205,1205,1205,0.0,0.0,76.0,76.0,76,76,76,0.0,0.0,0.057125,0.057125,0.057125,0.057125,0.057125,0.0,0.0
a,diff_smaller,instance_0019.txt,1,1,0,0,9.60576923076923,9.60576923076923,9.60576923076923,9.60576923076923,9.60576923076923,0.0,0.0,999.0,999.0,999,999,999,0.0,0.0,104.0,104.0,104,104,104,0.0,0.0,0.062488,0.062488,0.062488,0.062488,0.062488,0.0,0.0
a,diff_smaller,instance_0020.txt,1,1,0,0,4.0,4.0,4.0,4.0,4.0,0.0,0.0,12.0,12.0,12,12,12,0.0,0.0,3.0,3.0,3,3,3,0.0,0.0,0.000103,0.000103,0.000103,0.000103,0.000103,0.0,0.0
a,diff_smaller_multi,instance_0001.txt,1,1,0,0,2.68,2.68,2.68,2.68,2.68,0.0,0.0,67.0,67.0,67,67,67,0.0,0.0,25.0,25.0,25,25,25,0.0,0.0,0.004547,0.004547,0.004547,0.004547,0.004547,0.0,0.0
a,diff_smaller_multi,instance_0002.txt,1,1,0,0,2.0,2.0,2.0,2.0,2.0,0.0,0.0,2.0,2.0,2,2,2,0.0,0.0,1.0,1.0,1,1,1,0.0,0.0,0.000113,0.000113,0.000113,0.000113,0.000113,0.0,0.0
a,diff_smaller_multi,instance_0003.txt,1,1,0,0,3.0285714285714285,3.0285714285714285,3.0285714285714285,3.0285714285714285,3.0285714285714285,0.0,0.0,106.0,106.0,106,106,106,0.0,0.0,35.0,35.0,35,35,35,0.0,0.0,0.00869,0.00869,0.00869,0.00869,0.00869,0.0,0.0
a,diff_smaller_multi,instance_0004.txt,1,1,0,0,1.6956521739130435,1.6956521739130435,1.6956521739130435,1.6956521739130435,1.6956521739130435,0.0,0.0,39.0,39.0,39,39,39,0.0,0.0,23.0,23.0,23,23,23,0.0,0.0,0.001006,0.001006,0.001006,0.001006,0.001006,0.0,0.0
a,diff_smaller_multi,instance_0005.txt,1,1,0,0,32.55555555555556,32.55555555555556,32.55555555555556,32.55555555555556,32.55555555555556,0.0,0.0,4395.0,4395.0,4395,4395,4395,0.0,0.0,135.0,135.0,135,135,135,0.0,0.0,0.270344,0.270344,0.270344,0.270344,0.270344,0.0,0.0
a,diff_smaller_multi,instance_0006.txt,1,1,0,0,27.602836879432623,27.602836879432623,27.602836879432623,27.602836879432623,27.602836879432623,0.0,0.0,3892.0,3892.0,3892,3892,3892,0.0,0.0,141.0,141.0,141,141,141,0.0,0.0,0.184384,0.184384,0.184384,0.184384,0.184384,0.0,0.0
a,diff_smaller_multi,instance_0007.txt,1,1,0,0,26.53103448275862,26.53103448275862,26.53103448275862,26.53103448275862,26.53103448275862,0.0,0.0,3847.0,3847.0,3847,3847,3847,0.0,0.0,145.0,145.0,145,145,145,0.0,0.0,0.336167,0.336167,0.336167,0.336167,0.336167,0.0,0.0
a,diff_smaller_multi,instance_0008.txt,1,1,0,0,22.007751937984494,22.007751937984494,22.007751937984494,22.007751937984494,22.007751937984494,0.0,0.0,2839.0,2839.0,2839,2839,2839,0.0,0.0,129.0,129.0,129,129,129,0.0,0.0,0.318701,0.318701,0.318701,0.318701,0.318701,0.0,0.0
a,diff_smaller_multi,instance_0009.txt,1,1,0,0,2.375,2.375,2.375,2.375,2.375,0.0,0.0,152.0,152.0,152,152,152,0.0,0.0,64.0,64.0,64,64,64,0.0,0.0,0.030743,0.030743,0.030743,0.030743,0.030743,0.0,0.0
a,diff_smaller_multi,instance_0010.txt,1,1,0,0,5.918644067796611,5.918644067796611,5.918644067796611,5.918644067796611,5.918644067796611,0.0,0.0,1746.0,1746.0,1746,1746,1746,0.0,0.0,295.0,295.0,295,295,295,0.0,0.0,0.441607,0.441607,0.441607,0.441607,0.441607,0.0,0.0
a,diff_smaller_multi,instance_0011.txt,1,1,0,0,6.790697674418604,6.790697674418604,6.790697674418604,6.790697674418604,6.790697674418604,0.0,0.0,2044.0,2044.0,2044,2044,2044,0.0,0.0,301.0,301.0,301,301,301,0.0,0.0,0.453502,0.453502,0.453502,0.453502,0.453502,0.0,0.0
a,diff_smaller_multi,instance_0012.txt,1,1,0,0,2.2125,2.2125,2.2125,2.2125,2.2125,0.0,0.0,177.0,177.0,177,177,177,0.0,0.0,80.0,80.0,80,80,80,0.0,0.0,0.040247,0.040247,0.040247,0.040247,0.040247,0.0,0.0
a,diff_smaller_multi,instance_0013.txt,1,1,0,0,12.590659340659341,12.590659340659341,12.590659340659341,12.590659340659341,12.590659340659341,0.0,0.0,4583.0,4583.0,4583,4583,4583,0.0,0.0,364.0,364.0,364,364,364,0.0,0.0,0.780485,0.780485,0.780485,0.780485,0.780485,0.0,0.0
a,diff_smaller_multi,instance_0014.txt,1,1,0,0,20.58244680851064,20.58244680851064,20.58244680851064,20.58244680851064,20.58244680851064,0.0,0.0,7739.0,7739.0,7739,7739,7739,0.0,0.0,376.0,376.0,376,376,376,0.0,0.0,1.471985,1.471985,1.471985,1.471985,1.471985,0.0,0.0
a,diff_smaller_multi,instance_0015.txt,1,1,0,0,10.725947521865889,10.725947521865889,10.725947521865889,10.725947521865889,10.725947521865889,0.0,0.0,3679.0,3679.0,3679,3679,3679,0.0,0.0,343.0,343.0,343,343,343,0.0,0.0,0.736497,0.736497,0.736497,0.736497,0.736497,0.0,0.0
a,diff_smaller_multi,instance_0016.txt,1,1,0,0,9.661971830985916,9.661971830985916,9.661971830985916,9.661971830985916,9.661971830985916,0.0,0.0,686.0,686.0,686,686,686,0.0,0.0,71.0,71.0,71,71,71,0.0,0.0,0.024529,0.024529,0.024529,0.024529,0.024529,0.0,0.0
a,diff_smaller_multi,instance_0017.txt,1,1,0,0,3.8043478260869565,3.8043478260869565,3.8043478260869565,3.8043478260869565,3.8043478260869565,0.0,0.0,175.0,175.0,175,175,175,0.0,0.0,46.0,46.0,46,46,46,0.0,0.0,0.008804,0.008804,0.008804,0.008804,0.008804,0.0,0.0
a,diff_smaller_multi,instance_0018.txt,1,1,0,0,15.855263157894736,15.855263157894736,15.855263157894736,15.855263157894736,15.855263157894736,0.0,0.0,1205.0,1205.0,1205,1205,1205,0.0,0.0,76.0,76.0,76,76,76,0.0,0.0,0.027922,0.027922,0.027922,0.027922,0.027922,0.0,0.0
a,diff_smaller_multi,instance_0019.txt,1,1,0,0,9.891089108910892,9.891089108910892,9.891089108910892,9.891089108910892,9.891089108910892,0.0,0.0,999.0,999.0,999,999,999,0.0,0.0,101.0,101.0,101,101,101,0.0,0.0,0.088409,0.088409,0.088409,0.088409,0.088409,0.0,0.0
a,diff_smaller_multi,instance_0020.txt,1,1,0,0,4.0,4.0,4.0,4.0,4.0,0.0,0.0,12.0,12.0,12,12,12,0.0,0.0,3.0,3.0,3,3,3,0.0,0.0,0.000113,0.000113,0.000113,0.000113,0.000113,0.0,0.0
a,diff_smaller_multi_weighted,instance_0001.txt,1,1,0,0,2.68,2.68,2.68,2.68,2.68,0.0,0.0,67.0,67.0,67,67,67,0.0,0.0,25.0,25.0,25,25,25,0.0,0.0,0.004732,0.004732,0.004732,0.004732,0.004732,0.0,0.0
a,diff_smaller_multi_weighted,instance_0002.txt,1,1,0,0,2.0,2.0,2.0,2.0,2.0,0.0,0.0,2.0,2.0,2,2,2,0.0,0.0,1.0,1.0,1,1,1,0.0,0.0,0.000125,0.000125,0.000125,0.000125,0.000125,0.0,0.0
a,diff_smaller_multi_weighted,instance_0003.txt,1,1,0,0,3.0285714285714285,3.0285714285714285,3.0285714285714285,3.0285714285714285,3.0285714285714285,0.0,0.0,106.0,106.0,106,106,106,0.0,0.0,35.0,35.0,35,35,35,0.0,0.0,0.00906,0.00906,0.00906,0.00906,0.00906,0.0,0.0
a,diff_smaller_multi_weighted,instance_0004.txt,1,1,0,0,1.6956521739130435,1.6956521739130435,1.6956521739130435,1.6956521739130435,1.6956521739130435,0.0,0.0,39.0,39.0,39,39,39,0.0,0.0,23.0,23.0,23,23,23,0.0,0.0,0.00201,0.00201,0.00201,0.00201,0.00201,0.0,0.0
a,diff_smaller_multi_weighted,instance_0005.txt,1,1,0,0,32.55555555555556,32.55555555555556,32.55555555555556,32.55555555555556,32.55555555555556,0.0,0.0,4395.0,4395.0,4395,4395,4395,0.0,0.0,135.0,135.0,135,135,135,0.0,0.0,0.282139,0.282139,0.282139,0.282139,0.282139,0.0,0.0
a,diff_smaller_multi_weighted,instance_0006.txt,1,1,0,0,27.602836879432623,27.602836879432623,27.602836879432623,27.602836879432623,27.602836879432623,0.0,0.0,3892.0,3892.0,3892,3892,3892,0.0,0.0,141.0,141.0,141,141,141,0.0,0.0,0.405692,0.405692,0.405692,0.405692,0.405692,0.0,0.0
a,diff_smaller_multi_weighted,instance_0007.txt,1,1,0,0,26.53103448275862,26.53103448275862,26.53103448275862,26.53103448275862,26.53103448275862,0.0,0.0,3847.0,3847.0,3847,3847,3847,0.0,0.0,145.0,145.0,145,145,145,0.0,0.0,0.398533,0.398533,0.398533,0.398533,0.398533,0.0,0.0
a,diff_smaller_multi_weighted,instance_0008.txt,1,1,0,0,22.007751937984494,22.007751937984494,22.007751937984494,22.007751937984494,22.007751937984494,0.0,0.0,2839.0,2839.0,2839,2839,2839,0.0,0.0,129.0,129.0,129,129,129,0.0,0.0,0.298959,0.298959,0.298959,0.298959,0.298959,0.0,0.0
a,diff_smaller_multi_weighted,instance_0009.txt,1,1,0,0,2.375,2.375,2.375,2.375,2.375,0.0,0.0,152.0,152.0,152,152,152,0.0,0.0,64.0,64.0,64,64,64,0.0,0.0,0.027566,0.027566,0.027566,0.027566,0.027566,0.0,0.0
a,diff_smaller_multi_weighted,instance_0010.txt,1,1,0,0,5.918644067796611,5.918644067796611,5.918644067796611,5.918644067796611,5.918644067796611,0.0,0.0,1746.0,1746.0,1746,1746,1746,0.0,0.0,295.0,295.0,295,295,295,0.0,0.0,0.60438,0.60438,0.60438,0.60438,0.60438,0.0,0.0
a,diff_smaller_multi_weighted,instance_0011.txt,1,1,0,0,6.790697674418604,6.790697674418604,6.790697674418604,6.790697674418604,6.790697674418604,0.0,0.0,2044.0,2044.0,2044,2044,2044,0.0,0.0,301.0,301.0,301,301,301,0.0,0.0,0.47683,0.47683,0.47683,0.47683,0.47683,0.0,0.0
a,diff_smaller_multi_weighted,instance_0012.txt,1,1,0,0,2.2125,2.2125,2.2125,2.2125,2.2125,0.0,0.0,177.0,177.0,177,177,177,0.0,0.0,80.0,80.0,80,80,80,0.0,0.0,0.04575,0.04575,0.04575,0.04575,0.04575,0.0,0.0
a,diff_smaller_multi_weighted,instance_0013.txt,1,1,0,0,12.590659340659341,12.590659340659341,12.590659340659341,12.590659340659341,12.590659340659341,0.0,0.0,4583.0,4583.0,4583,4583,4583,0.0,0.0,364.0,364.0,364,364,364,0.0,0.0,1.048945,1.048945,1.048945,1.048945,1.048945,0.0,0.0
a,diff_smaller_multi_weighted,instance_0014.txt,1,1,0,0,20.58244680851064,20.58244680851064,20.58244680851064,20.58244680851064,20.58244680851064,0.0,0.0,7739.0,7739.0,7739,7739,7739,0.0,0.0,376.0,376.0,376,376,376,0.0,0.0,1.111616,1.111616,1.111616,1.111616,1.111616,0.0,0.0
a,diff_smaller_multi_weighted,instance_0015.txt,1,1,0,0,10.725947521865889,10.725947521865889,10.725947521865889,10.725947521865889,10.725947521865889,0.0,0.0,3679.0,3679.0,3679,3679,3679,0.0,0.0,343.0,343.0,343,343,343,0.0,0.0,1.038776,1.038776,1.038776,1.038776,1.038776,0.0,0.0
a,diff_smaller_multi_weighted,instance_0016.txt,1,1,0,0,9.661971830985916,9.661971830985916,9.661971830985916,9.661971830985916,9.661971830985916,0.0,0.0,686.0,686.0,686,686,686,0.0,0.0,71.0,71.0,71,71,71,0.0,0.0,0.030625,0.030625,0.030625,0.030625,0.030625,0.0,0.0
a,diff_smaller_multi_weighted,instance_0017.txt,1,1,0,0,3.8043478260869565,3.8043478260869565,3.8043478260869565,3.8043478260869565,3.8043478260869565,0.0,0.0,175.0,175.0,175,175,175,0.0,0.0,46.0,46.0,46,46,46,0.0,0.0,0.012368,0.012368,0.012368,0.012368,0.012368,0.0,0.0
a,diff_smaller_multi_weighted,instance_0018.txt,1,1,0,0,15.855263157894736,15.855263157894736,15.855263157894736,15.855263157894736,15.855263157894736,0.0,0.0,1205.0,1205.0,1205,1205,1205,0.0,0.0,76.0,76.0,76,76,76,0.0,0.0,0.053264,0.053264,0.053264,0.053264,0.053264,0.0,0.0
a,diff_smaller_multi_weighted,instance_0019.txt,1,1,0,0,9.891089108910892,9.891089108910892,9.891089108910892,9.891089108910892,9.891089108910892,0.0,0.0,999.0,999.0,999,999,999,0.0,0.0,101.0,101.0,101,101,101,0.0,0.0,0.062231,0.062231,0.062231,0.062231,0.062231,0.0,0.0
a,diff_smaller_multi_weighted,instance_0020.txt,1,1,0,0,4.0,4.0,4.0,4.0,4.0,0.0,0.0,12.0,12.0,12,12,12,0.0,0.0,3.0,3.0,3,3,3,0.0,0.0,0.000114,0.000114,0.000114,0.000114,0.000114,0.0,0.0
a,diff_smaller_weighted,instance_0001.txt,1,1,0,0,2.68,2.68,2.68,2.68,2.68,0.0,0.0,67.0,67.0,67,67,67,0.0,0.0,25.0,25.0,25,25,25,0.0,0.0,0.002178,0.002178,0.002178,0.002178,0.002178,0.0,0.0
a,diff_smaller_weighted,instance_0002.txt,1,1,0,0,2.0,2.0,2.0,2.0,2.0,0.0,0.0,2.0,2.0,2,2,2,0.0,0.0,1.0,1.0,1,1,1,0.0,0.0,0.000149,0.000149,0.000149,0.000149,0.000149,0.0,0.0
a,diff_smaller_weighted,instance_0003.txt,1,1,0,0,2.864864864864865,2.864864864864865,2.864864864864865,2.864864864864865,2.864864864864865,0.0,0.0,106.0,106.0,106,106,106,0.0,0.0,37.0,37.0,37,37,37,0.0,0.0,0.006383,0.006383,0.006383,0.006383,0.006383,0.0,0.0
a,diff_smaller_weighted,instance_0004.txt,1,1,0,0,1.625,1.625,1.625,1.625,1.625,0.0,0.0,39.0,39.0,39,39,39,0.0,0.0,24.0,24.0,24,24,24,0.0,0.0,0.002119,0.002119,0.002119,0.002119,0.002119,0.0,0.0
a,diff_smaller_weighted,instance_0005.txt,1,1,0,0,31.847826086956523,31.847826086956523,31.847826086956523,31.847826086956523,31.847826086956523,0.0,0.0,4395.0,4395.0,4395,4395,4395,0.0,0.0,138.0,138.0,138,138,138,0.0,0.0,0.155538,0.155538,0.155538,0.155538,0.155538,0.0,0.0
a,diff_smaller_weighted,instance_0006.txt,1,1,0,0,26.65753424657534,26.65753424657534,26.65753424657534,26.65753424657534,26.65753424657534,0.0,0.0,3892.0,3892.0,3892,3892,3892,0.0,0.0,146.0,146.0,146,146,146,0.0,0.0,0.187814,0.187814,0.187814,0.187814,0.187814,0.0,0.0
a,diff_smaller_weighted,instance_0007.txt,1,1,0,0,25.818791946308725,25.818791946308725,25.818791946308725,25.818791946308725,25.818791946308725,0.0,0.0,3847.0,3847.0,3847,3847,3847,0.0,0.0,149.0,149.0,149,149,149,0.0,0.0,0.168395,0.168395,0.168395,0.168395,0.168395,0.0,0.0
a,diff_smaller_weighted,instance_0008.txt,1,1,0,0,21.838461538461537,21.838461538461537,21.838461538461537,21.838461538461537,21.838461538461537,0.0,0.0,2839.0,2839.0,2839,2839,2839,0.0,0.0,130.0,130.0,130,130,130,0.0,0.0,0.172203,0.172203,0.172203,0.172203,0.172203,0.0,0.0
a,diff_smaller_weighted,instance_0009.txt,1,1,0,0,2.054054054054054,2.054054054054054,2.054054054054054,2.054054054054054,2.054054054054054,0.0,0.0,152.0,152.0,152,152,152,0.0,0.0,74.0,74.0,74,74,74,0.0,0.0,0.009049,0.009049,0.009049,0.009049,0.009049,0.0,0.0
a,diff_smaller_weighted,instance_0010.txt,1,1,0,0,5.507886435331231,5.507886435331231,5.507886435331231,5.507886435331231,5.507886435331231,0.0,0.0,1746.0,1746.0,1746,1746,1746,0.0,0.0,317.0,317.0,317,317,317,0.0,0.0,0.259658,0.259658,0.259658,0.259658,0.259658,0.0,0.0
a,diff_smaller_weighted,instance_0011.txt,1,1,0,0,6.367601246105919,6.367601246105919,6.367601246105919,6.367601246105919,6.367601246105919,0.0,0.0,2044.0,2044.0,2044,2044,2044,0.0,0.0,321.0,321.0,321,321,321,0.0,0.0,0.42776,0.42776,0.42776,0.42776,0.42776,0.0,0.0
a,diff_smaller_weighted,instance_0012.txt,1,1,0,0,1.8829787234042554,1.8829787234042554,1.8829787234042554,1.8829787234042554,1.8829787234042554,0.0,0.0,177.0,177.0,177,177,177,0.0,0.0,94.0,94.0,94,94,94,0.0,0.0,0.025286,0.025286,0.025286,0.025286,0.025286,0.0,0.0
a,diff_smaller_weighted,instance_0013.txt,1,1,0,0,12.487738419618529,12.487738419618529,12.487738419618529,12.487738419618529,12.487738419618529,0.0,0.0,4583.0,4583.0,4583,4583,4583,0.0,0.0,367.0,367.0,367,367,367,0.0,0.0,0.678311,0.678311,0.678311,0.678311,0.678311,0.0,0.0
a,diff_smaller_weighted,instance_0014.txt,1,1,0,0,20.473544973544975,20.473544973544975,20.473544973544975,20.473544973544975,20.473544973544975,0.0,0.0,7739.0,7739.0,7739,7739,7739,0.0,0.0,378.0,378.0,378,378,378,0.0,0.0,1.201458,1.201458,1.201458,1.201458,1.201458,0.0,0.0
a,diff_smaller_weighted,instance_0015.txt,1,1,0,0,10.305322128851541,10.305322128851541,10.305322128851541,10.305322128851541,10.305322128851541,0.0,0.0,3679.0,3679.0,3679,3679,3679,0.0,0.0,357.0,357.0,357,357,357,0.0,0.0,0.45931,0.45931,0.45931,0.45931,0.45931,0.0,0.0
a,diff_smaller_weighted,instance_0016.txt,1,1,0,0,9.527777777777779,9.527777777777779,9.527777777777779,9.527777777777779,9.527777777777779,0.0,0.0,686.0,686.0,686,686,686,0.0,0.0,72.0,72.0,72,72,72,0.0,0.0,0.038631,0.038631,0.038631,0.038631,0.038631,0.0,0.0
a,diff_smaller_weighted,instance_0017.txt,1,1,0,0,3.8043478260869565,3.8043478260869565,3.8043478260869565,3.8043478260869565,3.8043478260869565,0.0,0.0,175.0,175.0,175,175,175,0.0,0.0,46.0,46.0,46,46,46,0.0,0.0,0.010319,0.010319,0.010319,0.010319,0.010319,0.0,0.0
a,diff_smaller_weighted,instance_0018.txt,1,1,0,0,15.855263157894736,15.855263157894736,15.855263157894736,15.855263157894736,15.855263157894736,0.0,0.0,1205.0,1205.0,1205,1205,1205,0.0,0.0,76.0,76.0,76,76,76,0.0,0.0,0.059225,0.059225,0.059225,0.059225,0.059225,0.0,0.0
a,diff_smaller_weighted,instance_0019.txt,1,1,0,0,9.60576923076923,9.60576923076923,9.60576923076923,9.60576923076923,9.60576923076923,0.0,0.0,999.0,999.0,999,999,999,0.0,0.0,104.0,104.0,104,104,104,0.0,0.0,0.071454,0.071454,0.071454,0.071454,0.071454,0.0,0.0
a,diff_smaller_weighted,instance_0020.txt,1,1,0,0,4.0,4.0,4.0,4.0,4.0,0.0,0.0,12.0,12.0,12,12,12,0.0,0.0,3.0,3.0,3,3,3,0.0,0.0,0.000114,0.000114,0.000114,0.000114,0.000114,0.0,0.0
a,diff_weighted,instance_0001.txt,30,30,0,0,2.6729401709401706,2.6153846153846154,2.6153846153846154,2.6153846153846154,2.8333333333333335,0.006394594491927832,0.0799662084378635,67.83333333333333,68.0,68,67,68,0.1388888888888889,0.37267799624996495,25.4,26.0,26,24,26,0.5733333333333331,0.7571877794400363,0.0037923,0.0036145,0.003457,0.002581,0.005809,5.109395433333332e-07,0.0007148003520797491
a,diff_weighted,instance_0002.txt,30,30,0,0,2.0,2.0,2.0,2.0,2.0,0.0,0.0,2.0,2.0,2,2,2,0.0,0.0,1.0,1.0,1,1,1,0.0,0.0,0.00013636666666666663,0.000133,0.000132,0.000113,0.000241,4.679655555555555e-10,2.163251154063151e-05
a,diff_weighted,instance_0003.txt,30,30,0,0,2.845405993037572,2.864864864864865,2.864864864864865,2.65,2.9444444444444446,0.0028486687854078806,0.05337292183690041,106.0,106.0,106,106,106,0.0,0.0,37.266666666666666,37.0,37,36,40,0.5288888888888887,0.7272474743090476,0.0065572,0.0065245,0.006509,0.003571,0.011849,2.48046796e-06,0.0015749501452426995
a,diff_weighted,instance_0004.txt,30,30,0,0,1.7106143735491561,1.7341897233201582,1.7727272727272727,1.5416666666666667,2.0,0.015289713361186983,0.12365158050420133,38.9,39.0,39,37,40,0.8900000000000003,0.9433981132056606,22.833333333333332,22.5,22,20,25,1.8722222222222225,1.3682917167849196,0.0018139666666666667,0.0018445,0.002286,0.00094,0.00259,1.1614443222222221e-07,0.00034079969516157465
a,diff_weighted,instance_0005.txt,30,30,0,0,31.859215769244326,31.840579710144926,31.840579710144926,31.840579710144926,32.08029197080292,0.003389626828749358,0.05822050179060086,4394.433333333333,4394.0,4394,4394,4395,0.24555555555555555,0.49553562491061687,137.93333333333334,138.0,138,137,138,0.06222222222222222,0.24944382578492943,0.23746803333333333,0.25379050000000003,0.198738,0.130102,0.2964,0.0016941831644988884,0.0411604563203433
a,diff_weighted,instance_0006.txt,30,30,0,0,26.657534246575338,26.65753424657534,26.65753424657534,26.65753424657534,26.65753424657534,1.262177448353619e-29,3.552713678800501e-15,3892.0,3892.0,3892,3892,3892,0.0,0.0,146.0,146.0,146,146,146,0.0,0.0,0.2598621666666666,0.266069,0.241414,0.18198,0.337675,0.0018137293805388886,0.042587901809538455
a,diff_weighted,instance_0007.txt,30,30,0,0,25.818791946308718,25.818791946308725,25.818791946308725,25.818791946308725,25.818791946308725,5.048709793414476e-29,7.105427357601002e-15,3847.0,3847.0,3847,3847,3847,0.0,0.0,149.0,149.0,149,149,149,0.0,0.0,0.2829636333333333,0.304003,0.15587,0.15587,0.399814,0.0032288394930988884,0.056822878254263826
a,diff_weighted,instance_0008.txt,30,30,0,0,21.84461538461538,21.846153846153847,21.846153846153847,21.838461538461537,21.846153846153847,9.467455621306082e-06,0.003076923076923777,2839.8,2840.0,2840,2839,2840,0.16,0.4,130.0,130.0,130,130,130,0.0,0.0,0.17262403333333337,0.1729595,0.099597,0.099597,0.226479,0.001142491278032222,0.03380075854226088
a,diff_weighted,instance_0009.txt,30,30,0,0,2.0177575255753433,2.026666666666667,2.026666666666667,1.7586206896551724,2.111111111111111,0.006506993395201025,0.08066593701929597,152.26666666666668,152.0,152,152,153,0.19555555555555562,0.44221663871405337,75.6,75.0,75,72,87,11.773333333333337,3.431229128655406,0.024502666666666662,0.025953999999999998,0.027018,0.016474,0.030479,1.4238332022222223e-05,0.003773371439736913
a,diff_weighted,instance_0010.txt,30,30,0,0,5.509636780353249,5.507886435331231,5.507886435331231,5.490566037735849,5.542857142857143,6.795488488962596e-05,0.008243475291988565,1746.0,1746.0,1746,1746,1746,0.0,0.0,316.9,317.0,317,315,318,0.22333333333333324,0.47258156262526074,0.3471916,0.3301845,0.214233,0.208785,0.435378,0.004818661628573332,0.06941658035781749
a,diff_weighted,instance_0011.txt,30,30,0,0,6.358898578200834,6.350931677018633,6.350931677018633,6.350931677018633,6.410658307210031,0.0001896270438315471,0.013770513564553324,2044.8,2045.0,2045,2044,2045,0.15999999999999998,0.39999999999999997,321.56666666666666,322.0,322,319,322,0.5122222222222221,0.7156970184527962,0.4100167,0.42927099999999996,0.330359,0.239678,0.507592,0.0062486434159433335,0.07904836124767757
a,diff_weighted,instance_0012.txt,30,30,0,0,1.8867666512924712,1.8829787234042554,1.8829787234042554,1.8333333333333333,1.923913043478261,0.0002609345684414199,0.016153469238569772,176.96666666666667,177.0,177,176,177,0.032222222222222215,0.17950549357115012,93.8,94.0,94,92,96,0.56,0.7483314773547883,0.02991256666666666,0.0322055,0.034542,0.0202,0.03858,2.628488197888889e-05,0.005126878385420205
a,diff_weighted,instance_0013.txt,30,30,0,0,12.487738419618532,12.487738419618529,12.487738419618529,12.487738419618529,12.487738419618529,1.262177448353619e-29,3.552713678800501e-15,4583.0,4583.0,4583,4583,4583,0.0,0.0,367.0,367.0,367,367,367,0.0,0.0,1.1092748333333333,1.142185,0.596006,0.596006,1.291979,0.028605048211272223,0.16913026994382827
a,diff_weighted,instance_0014.txt,30,30,0,0,20.46994364637285,20.473544973544975,20.473544973544975,20.41952506596306,20.473544973544975,0.00018157380360986336,0.013474932415780919,7739.0,7739.0,7739,7739,7739,0.0,0.0,378.06666666666666,378.0,378,378,379,0.06222222222222224,0.24944382578492946,1.7424921666666668,1.8042755000000001,1.164374,1.159178,2.139004,0.10723852002587225,0.327472930218472
a,diff_weighted,instance_0015.txt,30,30,0,0,10.306287046653864,10.305322128851541,10.305322128851541,10.305322128851541,10.334269662921349,2.7000924592174875e-05,0.005196241390868488,3679.0,3679.0,3679,3679,3679,0.0,0.0,356.96666666666664,357.0,357,356,357,0.03222222222222222,0.17950549357115014,0.650663,0.6644045000000001,0.521199,0.363806,0.766308,0.009589416940933333,0.09792556837176557
a,diff_weighted,instance_0016.txt,30,30,0,0,9.527777777777777,9.527777777777779,9.527777777777779,9.527777777777779,9.527777777777779,3.1554436208840472e-30,1.7763568394002505e-15,686.0,686.0,686,686,686,0.0,0.0,72.0,72.0,72,72,72,0.0,0.0,0.038178399999999994,0.0397305,0.03979,0.020743,0.058838,6.300786710666668e-05,0.007937749498860914
a,diff_weighted,instance_0017.txt,30,30,0,0,3.8043478260869557,3.8043478260869565,3.8043478260869565,3.8043478260869565,3.8043478260869565,7.888609052210118e-31,8.881784197001252e-16,175.0,175.0,175,175,175,0.0,0.0,46.0,46.0,46,46,46,0.0,0.0,0.00985456666666667,0.010135000000000002,0.013225,0.006452,0.01345,2.4456446455555558e-06,0.0015638556984439312
a,diff_weighted,instance_0018.txt,30,30,0,0,15.855263157894736,15.855263157894736,15.855263157894736,15.855263157894736,15.855263157894736,0.0,0.0,1205.0,1205.0,1205,1205,1205,0.0,0.0,76.0,76.0,76,76,76,0.0,0.0,0.053923900000000004,0.0565735,0.029893,0.029893,0.076583,0.00016418964642333326,0.012813650784352338
a,diff_weighted,instance_0019.txt,30,30,0,0,9.608877893950709,9.60576923076923,9.60576923076923,9.60576923076923,9.699029126213592,0.000280249816500563,0.01674066356213406,999.0,999.0,999,999,999,0.0,0.0,103.96666666666667,104.0,104,103,104,0.032222222222222215,0.17950549357115012,0.06178059999999999,0.06329699999999999,0.046989,0.038689,0.082375,0.00012282875577333333,0.011082813531469947
a,diff_weighted,instance_0020.txt,30,30,0,0,3.6222222222222213,3.833333333333333,4.0,3.0,4.0,0.16839506172839505,0.4103596736137642,11.466666666666667,12.0,12,10,12,0.7155555555555556,0.8459051693633014,3.2,3.0,3,3,4,0.15999999999999998,0.39999999999999997,0.0001348,0.0001095,0.000107,9.3e-05,0.000394,4.531559999999999e-09,6.731686267199325e-05
a,random,instance_0001.txt,30,30,0,0,2.871782732946349,2.8125,2.72,2.2666666666666666,3.5789473684210527,0.12196367866255155,0.34923298621772764,67.73333333333333,68.0,68,67,68,0.19555555555555557,0.4422166387140533,23.933333333333334,24.0,25,19,30,8.328888888888889,2.8859814429217816,0.0019165333333333338,0.001955,0.001958,0.000895,0.002785,2.1700291555555558e-07,0.0004658357173463147
a,random,instance_0002.txt,30,30,0,0,1.4,1.0,1.0,1.0,2.0,0.24000000000000005,0.48989794855663565,2.0,2.0,2,2,2,0.0,0.0,1.6,2.0,2,1,2,0.24000000000000005,0.48989794855663565,9.140000000000003e-05,9.400000000000001e-05,0.000108,5.6e-05,0.000137,4.321733333333333e-10,2.0788779024592408e-05
a,random,instance_0003.txt,30,30,0,0,2.855566621667788,2.789473684210526,2.717948717948718,2.3555555555555556,3.4193548387096775,0.07107529621825762,0.2665995052850954,105.8,106.0,106,105,106,0.15999999999999998,0.39999999999999997,37.36666666666667,38.0,39,31,45,11.63222222222222,3.410604377851852,0.0033614333333333328,0.0033215,0.003208,0.002277,0.00481,4.28511578888889e-07,0.0006546079581618979
a,random,instance_0004.txt,30,30,0,0,1.8031992800402414,1.8181818181818181,1.8181818181818181,1.5,2.2222222222222223,0.023499192935827706,0.15329446479187597,39.63333333333333,40.0,40,38,40,0.29888888888888876,0.5467073155618907,22.133333333333333,22.0,22,18,26,3.382222222222223,1.839081896551163,0.0010036333333333332,0.0010035,0.000887,0.000612,0.001297,3.286903222222221e-08,0.00018129818593196737
a,random,instance_0005.txt,30,30,0,0,31.833452451977553,31.840579710144926,31.611510791366907,30.950704225352112,32.55555555555556,0.16252581893855336,0.40314491059487945,4394.433333333333,4394.0,4394,4394,4395,0.24555555555555555,0.49553562491061687,138.06666666666666,138.0,139,135,142,3.0622222222222226,1.7499206331208919,0.1815005666666666,0.1902235,0.100828,0.100828,0.240493,0.0013735447504455557,0.037061364659784934
a,random,instance_0006.txt,30,30,0,0,26.902009082609098,26.841379310344827,26.841379310344827,25.946666666666665,28.82962962962963,0.30717671005619757,0.5542352479373696,3892.0,3892.0,3892,3892,3892,0.0,0.0,144.73333333333332,145.0,145,135,150,8.52888888888889,2.920426148507935,0.2077533666666667,0.219238,0.138779,0.112258,0.261511,0.0016461297416322219,0.04057252446708513
a,random,instance_0007.txt,30,30,0,0,26.403277600408046,26.34931506849315,26.53103448275862,25.64666666666667,27.28368794326241,0.15274551067912878,0.3908267015943624,3847.0,3847.0,3847,3847,3847,0.0,0.0,145.73333333333332,146.0,145,141,150,4.595555555555555,2.1437246921084703,0.21350916666666667,0.2251865,0.23936,0.112734,0.282239,0.0016850496988722223,0.0410493568630767
a,random,instance_0008.txt,30,30,0,0,21.11689227154843,21.037037037037038,20.722627737226276,20.579710144927535,21.846153846153847,0.11932651195604316,0.3454366974657486,2839.4666666666667,2839.0,2839,2839,2840,0.24888888888888897,0.4988876515698589,134.5,135.0,137,130,138,4.783333333333333,2.187083293643233,0.13444706666666667,0.1414435,0.143685,0.07274,0.177007,0.0008171548936622221,0.028585921249143293
a,random,instance_0009.txt,30,30,0,0,2.073319800796599,2.0608108108108105,1.9487179487179487,1.853658536585366,2.3181818181818183,0.015776523386966283,0.12560463123215754,152.6,153.0,153,152,153,0.23999999999999996,0.4898979485566356,73.86666666666666,74.0,78,66,82,19.248888888888885,4.387355569006105,0.016772833333333334,0.016566,0.0211,0.00985,0.02403,1.3056986072222222e-05,0.003613445180464514
a,random,instance_0010.txt,30,30,0,0,5.6216009369188145,5.623202987241987,5.507886435331231,5.422360248447205,5.878787878787879,0.009291766190839764,0.09639380784490134,1745.9333333333334,1746.0,1746,1745,1746,0.06222222222222221,0.2494438257849294,310.6666666666667,310.5,317,297,322,28.08888888888889,5.299895177160478,0.2790418,0.2816835,0.157842,0.157842,0.362429,0.0025624518499599994,0.05062066623386144
a,random,instance_0011.txt,30,30,0,0,6.512423004881814,6.492063492063492,6.451104100946372,6.3478260869565215,6.7269736842105265,0.008343514405472652,0.09134283992449901,2044.5,2044.5,2045,2044,2045,0.25,0.5,314.0,315.0,315,304,322,19.266666666666666,4.389381125701739,0.30155000000000004,0.294146,0.188341,0.186436,0.377965,0.0028019101394000006,0.05293307226488937
a,random,instance_0012.txt,30,30,0,0,2.1664163701529477,2.158536585365854,2.185185185185185,1.9555555555555555,2.5652173913043477,0.020012511579462784,0.1414655844347408,176.63333333333333,177.0,177,176,177,0.23222222222222227,0.48189440982669873,81.86666666666666,82.0,81,69,90,26.448888888888884,5.142848324507431,0.021929200000000003,0.0223865,0.023334,0.012301,0.030463,1.239509236e-05,0.0035206664653159065
a,random,instance_0013.txt,30,30,0,0,12.465946340187811,12.453804347826088,12.420054200542005,12.254010695187166,12.730555555555556,0.010620391599178096,0.10305528418852716,4583.0,4583.0,4583,4583,4583,0.0,0.0,367.6666666666667,368.0,369,360,374,9.222222222222221,3.0368111930480994,0.7994109333333334,0.8485255,0.450214,0.450214,0.957927,0.017790947627528888,0.1333827111267757
a,random,instance_0014.txt,30,30,0,0,20.29057761169249,20.285749130835086,20.473544973544975,19.997416020671835,20.58244680851064,0.026750993445661085,0.16355730936176802,7739.0,7739.0,7739,7739,7739,0.0,0.0,381.43333333333334,381.5,378,376,387,9.445555555555554,3.073362255829201,1.4077259999999996,1.42443,1.064458,0.974123,1.837515,0.05399581078219999,0.23236998683607998
a,random,instance_0015.txt,30,30,0,0,10.402513926832906,10.37801782446089,10.36338028169014,10.162983425414364,10.788856304985337,0.02130808734231258,0.14597289934201,3679.0,3679.0,3679,3679,3679,0.0,0.0,353.73333333333335,354.5,355,341,362,24.062222222222225,4.9053259037725745,0.5565492333333334,0.5691525,0.497523,0.348775,0.701784,0.006172163857578888,0.07856312021285107
a,random,instance_0016.txt,30,30,0,0,9.353567826160594,9.397260273972602,9.397260273972602,9.026315789473685,9.661971830985916,0.030372135179379298,0.17427603156882848,686.0,686.0,686,686,686,0.0,0.0,73.36666666666666,73.0,73,71,76,1.8988888888888888,1.3780017739062924,0.03655733333333334,0.037432,0.056383,0.021936,0.056383,3.679001602222223e-05,0.006065477394420181
a,random,instance_0017.txt,30,30,0,0,3.6455174339432252,3.6458333333333335,3.723404255319149,3.240740740740741,4.069767441860465,0.035276300498476645,0.18781986183169405,175.0,175.0,175,175,175,0.0,0.0,48.13333333333333,48.0,47,43,54,6.315555555555554,2.5130769099961014,0.0084476,0.008543499999999999,0.010605,0.004536,0.014799,5.011780773333332e-06,0.0022387006886436006
a,random,instance_0018.txt,30,30,0,0,14.756042090134164,14.695121951219512,14.876543209876543,14.176470588235293,15.448717948717949,0.10293622686150262,0.32083676045849646,1205.0,1205.0,1205,1205,1205,0.0,0.0,81.7,82.0,81,78,85,3.143333333333334,1.7729448195962936,0.04917953333333334,0.0497315,0.053216,0.028256,0.078916,0.00012211942651555555,0.01105076587913958
a,random,instance_0019.txt,30,30,0,0,9.43152319891659,9.424528301886792,9.424528301886792,8.919642857142858,10.40625,0.0966147751096572,0.31082917351763684,999.0,999.0,999,999,999,0.0,0.0,106.03333333333333,106.0,106,96,112,11.565555555555559,3.400816895329056,0.059732766666666666,0.064302,0.066299,0.037973,0.071586,0.00010637000697888889,0.010313583614771778
a,random,instance_0020.txt,30,30,0,0,3.4999999999999996,3.3333333333333335,3.3333333333333335,3.0,4.0,0.10925925925925924,0.33054388401430035,11.0,11.0,10,10,12,0.7333333333333333,0.8563488385776752,3.1666666666666665,3.0,3,3,4,0.13888888888888887,0.3726779962499649,9.849999999999998e-05,8.55e-05,8.4e-05,6.1e-05,0.000367,2.6647833333333316e-09,5.162153943203681e-05
a,random_multi,instance_0001.txt,30,30,0,0,3.0185644500144884,2.9565217391304346,2.9565217391304346,2.4285714285714284,3.7777777777777777,0.08964182988181947,0.2994024547023946,67.76666666666667,68.0,68,67,68,0.17888888888888888,0.42295258468165065,22.666666666666668,23.0,23,18,28,4.888888888888889,2.211083193570267,0.0035865000000000003,0.0036545,0.002911,0.001947,0.006134,6.321552499999998e-07,0.0007950819140189266
a,random_multi,instance_0002.txt,30,30,0,0,1.3,1.0,1.0,1.0,2.0,0.21000000000000002,0.45825756949558405,2.0,2.0,2,2,2,0.0,0.0,1.7,2.0,2,1,2,0.21000000000000002,0.45825756949558405,0.00010899999999999999,0.000114,0.000132,7e-05,0.000141,4.0620000000000006e-10,2.0154403985233602e-05
a,random_multi,instance_0003.txt,30,30,0,0,3.1516553129801825,3.0731092436974787,3.0285714285714285,2.5853658536585367,3.7857142857142856,0.10779477002422286,0.32832113855830675,105.9,106.0,106,105,106,0.09000000000000001,0.30000000000000004,33.96666666666667,34.5,35,28,41,12.432222222222226,3.5259356520251792,0.006805166666666667,0.006935,0.008042,0.003797,0.010591,2.6399157388888887e-06,0.001624781751155794
a,random_multi,instance_0004.txt,30,30,0,0,1.8254901389397955,1.7727272727272727,1.7727272727272727,1.625,2.2222222222222223,0.02495548827930842,0.1579730618786267,39.4,39.0,39,38,40,0.3066666666666667,0.5537749241945383,21.733333333333334,22.0,22,18,24,3.128888888888888,1.768866554856213,0.0014723999999999998,0.0014039999999999999,0.0014,0.001048,0.002139,6.689003999999999e-08,0.00025863108861851855
a,random_multi,instance_0005.txt,30,30,0,0,32.06013632645299,31.960409393843225,32.30882352941177,31.170212765957448,33.045112781954884,0.22192039181739828,0.47108427252180507,4394.5,4394.5,4395,4394,4395,0.25,0.5,137.1,137.5,138,133,141,4.023333333333334,2.005824851110718,0.22589889999999996,0.2260125,0.12801,0.12801,0.285917,0.0025009749329566663,0.05000974837925768
a,random_multi,instance_0006.txt,30,30,0,0,27.362877553616247,27.408450704225352,26.841379310344827,25.774834437086092,28.40875912408759,0.3304508556393176,0.5748485501758855,3892.0,3892.0,3892,3892,3892,0.0,0.0,142.3,142.0,145,137,151,9.143333333333338,3.023794525647095,0.3485364,0.3629845,0.269747,0.243411,0.414243,0.002743838502573333,0.05238166189205277
a,random_multi,instance_0007.txt,30,30,0,0,26.658145236832688,26.6231561302682,27.091549295774648,26.170068027210885,27.478571428571428,0.1221512305951516,0.3495014028514787,3847.0,3847.0,3847,3847,3847,0.0,0.0,144.33333333333334,144.5,142,140,147,3.5555555555555554,1.8856180831641267,0.3462253666666666,0.3576555,0.245744,0.189121,0.458601,0.004276002119032222,0.0653911470998347
a,random_multi,instance_0008.txt,30,30,0,0,21.69961899287022,21.593453620171175,21.515151515151516,20.875,22.903225806451612,0.24782746855304968,0.4978227280398613,2839.733333333333,2840.0,2840,2839,2840,0.19555555555555557,0.4422166387140533,130.93333333333334,131.5,132,124,136,8.72888888888889,2.9544693074880453,0.28331226666666665,0.28856950000000003,0.297534,0.185248,0.356612,0.0031117928299955557,0.05578344584189431
a,random_multi,instance_0009.txt,30,30,0,0,2.2921583127856633,2.283582089552239,2.3181818181818183,2.0675675675675675,2.467741935483871,0.011949107567179857,0.1093119735764562,152.76666666666668,153.0,153,152,153,0.17888888888888885,0.42295258468165065,66.8,67.0,67,62,74,10.293333333333335,3.2083225108042575,0.029593,0.031135,0.018937,0.018937,0.041423,3.292389733333333e-05,0.005737934936310566
a,random_multi,instance_0010.txt,30,30,0,0,5.852629210010642,5.849262642813853,5.859060402684563,5.6688311688311686,6.083623693379791,0.010334810230888088,0.10166026869376299,1745.9,1746.0,1746,1745,1746,0.09000000000000004,0.30000000000000004,298.4,298.5,299,287,308,26.64,5.1613951602255765,0.5909288000000001,0.581206,0.334728,0.334728,0.802271,0.014628126245626667,0.12094679096870105
a,random_multi,instance_0011.txt,30,30,0,0,6.8484031366151354,6.839464882943144,6.839464882943144,6.704918032786885,6.976109215017065,0.006104900948232204,0.07813386556565728,2044.6666666666667,2045.0,2045,2044,2045,0.22222222222222232,0.4714045207910318,298.6,299.0,300,293,305,11.639999999999997,3.4117444218463957,0.5353753,0.5261845,0.593569,0.316253,0.678951,0.010508534776143337,0.10251114464361101
a,random_multi,instance_0012.txt,30,30,0,0,2.4692393849840064,2.4444444444444446,2.36,2.185185185185185,2.933333333333333,0.025777740834075812,0.16055447933357642,176.56666666666666,177.0,177,176,177,0.24555555555555564,0.4955356249106169,71.8,72.0,72,60,81,20.560000000000006,4.534313619501854,0.051753866666666655,0.0533905,0.056452,0.035391,0.064583,5.41972948488889e-05,0.007361881203122535
a,random_multi,instance_0013.txt,30,30,0,0,12.650591523628382,12.62534435261708,12.62534435261708,12.487738419618529,12.909859154929578,0.01086066386178192,0.10421450888327363,4583.0,4583.0,4583,4583,4583,0.0,0.0,362.3,363.0,363,355,367,8.81,2.968164415931166,1.1569369666666667,1.1449425,0.67555,0.641525,1.43094,0.056092478766965555,0.23683850777896223
a,random_multi,instance_0014.txt,30,30,0,0,20.45776723341542,20.473544973544975,20.41952506596306,20.20626631853786,20.637333333333334,0.00936127561521374,0.09675368527975428,7739.0,7739.0,7739,7739,7739,0.0,0.0,378.3,378.0,379,375,383,3.2099999999999995,1.7916472867168916,1.2941647666666662,1.1997309999999999,1.174831,0.75395,1.95847,0.1065162274431122,0.32636823902321166
a,random_multi,instance_0015.txt,30,30,0,0,10.731228872740624,10.725947521865889,10.632947976878613,10.481481481481481,10.949404761904763,0.011897096028427302,0.10907381000234337,3679.0,3679.0,3679,3679,3679,0.0,0.0,342.8666666666667,343.0,346,336,351,12.182222222222224,3.4903040300555803,0.9873625,0.9838145,0.827263,0.595001,1.363786,0.04610302168258333,0.21471614210995718
a,random_multi,instance_0016.txt,30,30,0,0,9.60783613703862,9.594874804381847,9.527777777777779,9.146666666666667,10.088235294117647,0.043019729807859855,0.2074119808686563,686.0,686.0,686,686,686,0.0,0.0,71.43333333333334,71.5,72,68,75,2.378888888888889,1.54236470683457,0.03648553333333334,0.0357765,0.038262,0.028468,0.050645,1.570123511555556e-05,0.003962478405689494
a,random_multi,instance_0017.txt,30,30,0,0,3.8456749828465235,3.8466183574879227,3.977272727272727,3.3653846153846154,4.375,0.06327990488110734,0.2515549738747126,175.0,175.0,175,175,175,0.0,0.0,45.7,45.5,44,40,52,8.876666666666667,2.979373535941183,0.014053666666666667,0.014613,0.015402,0.010341,0.018581,4.450795622222222e-06,0.0021096908830969103
a,random_multi,instance_0018.txt,30,30,0,0,14.907885022828127,14.876543209876543,15.0625,14.345238095238095,15.64935064935065,0.10187009044782286,0.31917094236133536,1205.0,1205.0,1205,1205,1205,0.0,0.0,80.86666666666666,81.0,80,77,84,2.982222222222222,1.7269111795984824,0.059073200000000006,0.061056,0.033433,0.033433,0.070245,9.792136589333332e-05,0.009895522517448652
a,random_multi,instance_0019.txt,30,30,0,0,9.694820073953833,9.699029126213592,9.891089108910892,9.0,10.40625,0.11108360680338697,0.3332920743182876,999.0,999.0,999,999,999,0.0,0.0,103.16666666666667,103.0,101,96,111,12.605555555555558,3.5504303338546945,0.12477156666666667,0.125682,0.161385,0.068487,0.177486,0.0008150832394455556,0.02854966268532004
a,random_multi,instance_0020.txt,30,30,0,0,3.7666666666666666,3.6666666666666665,3.0,3.0,5.0,0.6011111111111112,0.7753135566408672,11.333333333333334,12.0,12,10,12,0.6888888888888888,0.8299933065325821,3.1666666666666665,3.0,4,2,4,0.6055555555555555,0.7781745019952501,0.00015653333333333333,0.0001245,0.00012,0.000105,0.000402,5.28884888888889e-09,7.272447242083568e-05
a,similar,instance_0001.txt,30,30,0,0,2.707620587142326,2.6153846153846154,2.6153846153846154,2.576923076923077,2.9565217391304346,0.018585474811851303,0.13632855464594093,67.8,68.0,68,67,68,0.15999999999999998,0.39999999999999997,25.1,26.0,26,23,26,1.423333333333333,1.1930353445448851,0.0047444666666666665,0.004764,0.004906,0.003888,0.005147,1.0114004888888884e-07,0.00031802523310091107
a,similar,instance_0002.txt,30,30,0,0,1.4333333333333333,1.0,1.0,1.0,2.0,0.24555555555555547,0.49553562491061676,2.0,2.0,2,2,2,0.0,0.0,1.5666666666666667,2.0,2,1,2,0.24555555555555547,0.49553562491061676,0.00020659999999999995,0.0001985,0.000213,0.000154,0.000387,1.9681066666666664e-09,4.436334823552734e-05
a,similar,instance_0003.txt,30,30,0,0,2.7502183217454736,2.7537112010796223,2.864864864864865,2.4651162790697674,2.9444444444444446,0.017259511756321882,0.13137546101278536,106.0,106.0,106,106,106,0.0,0.0,38.63333333333333,38.5,37,36,43,3.632222222222221,1.9058389811897072,0.008939466666666666,0.008686,0.008231,0.006642,0.012355,1.4523255822222222e-06,0.001205124716459762
a,similar,instance_0004.txt,30,30,0,0,1.8029205094422487,1.7727272727272727,1.7727272727272727,1.7391304347826086,2.0,0.0061189282890156075,0.07822357885583865,38.833333333333336,39.0,39,37,40,0.7388888888888892,0.8595864638818419,21.566666666666666,22.0,22,20,23,0.578888888888889,0.7608474807008886,0.002452133333333333,0.0025485,0.00275,0.001235,0.003712,2.999693155555555e-07,0.0005476945458515682
a,similar,instance_0005.txt,30,30,0,0,31.84589371980676,31.847826086956523,31.847826086956523,31.840579710144926,31.847826086956523,1.026861770403933e-05,0.0032044683964800357,4394.733333333334,4395.0,4395,4394,4395,0.19555555555555557,0.4422166387140533,138.0,138.0,138,138,138,0.0,0.0,0.2995448666666667,0.3185935,0.336064,0.176079,0.359691,0.0021834846905155548,0.046727772154421775
a,similar,instance_0006.txt,30,30,0,0,26.657534246575338,26.65753424657534,26.65753424657534,26.65753424657534,26.65753424657534,1.262177448353619e-29,3.552713678800501e-15,3892.0,3892.0,3892,3892,3892,0.0,0.0,146.0,146.0,146,146,146,0.0,0.0,0.27337263333333334,0.270696,0.321802,0.154413,0.37264,0.0038303522156988897,0.06188983935751401
a,similar,instance_0007.txt,30,30,0,0,25.818791946308718,25.818791946308725,25.818791946308725,25.818791946308725,25.818791946308725,5.048709793414476e-29,7.105427357601002e-15,3847.0,3847.0,3847,3847,3847,0.0,0.0,149.0,149.0,149,149,149,0.0,0.0,0.24268046666666662,0.265547,0.220634,0.142924,0.284908,0.0013679378226488887,0.0369856434667411
a,similar,instance_0008.txt,30,30,0,0,21.806046252305794,21.846153846153847,21.846153846153847,21.515151515151516,21.846153846153847,0.006773233322972018,0.08229965566739643,2839.8333333333335,2840.0,2840,2839,2840,0.13888888888888887,0.3726779962499649,130.23333333333332,130.0,130,130,132,0.24555555555555547,0.49553562491061676,0.12625243333333333,0.127186,0.170367,0.073098,0.170367,0.0006904076771788887,0.026275609929721683
a,similar,instance_0009.txt,30,30,0,0,2.0355136554545346,2.026666666666667,2.026666666666667,1.9870129870129871,2.1714285714285713,0.0015668122618446069,0.039582979446279774,152.13333333333333,152.0,152,152,153,0.11555555555555554,0.339934634239519,74.76666666666667,75.0,75,70,77,1.9788888888888883,1.4067298564006125,0.017209,0.0178605,0.020798,0.011277,0.021498,1.1037249533333332e-05,0.00332223562278977
a,similar,instance_0010.txt,30,30,0,0,5.5073127428370405,5.507886435331231,5.507886435331231,5.490566037735849,5.525316455696203,2.9797475443690517e-05,0.005458706389218101,1746.0,1746.0,1746,1746,1746,0.0,0.0,317.03333333333336,317.0,317,316,318,0.09888888888888889,0.31446603773522014,0.2696918333333333,0.25819499999999995,0.161637,0.161637,0.337128,0.0027464690860055556,0.052406765651064134
a,similar,instance_0011.txt,30,30,0,0,6.357463987813058,6.350931677018633,6.350931677018633,6.3478260869565215,6.390625,0.00010899493380988611,0.010440063879588386,2044.7666666666667,2045.0,2045,2044,2045,0.17888888888888882,0.4229525846816506,321.6333333333333,322.0,322,320,322,0.2988888888888888,0.5467073155618908,0.29920543333333327,0.29015,0.186703,0.18275,0.373427,0.0033383139571122222,0.057778144285812974
a,similar,instance_0012.txt,30,30,0,0,1.8883070614508146,1.8829787234042554,1.8829787234042554,1.8333333333333333,1.9775280898876404,0.0006846644520106511,0.026166093556560008,176.9,177.0,177,176,177,0.09000000000000002,0.30000000000000004,93.7,94.0,94,89,96,1.743333333333333,1.3203534880225571,0.022019933333333335,0.023666,0.025655,0.011282,0.028308,1.9255888928888887e-05,0.004388153248108923
a,similar,instance_0013.txt,30,30,0,0,12.486607283892118,12.487738419618529,12.487738419618529,12.453804347826088,12.487738419618529,3.710457291557918e-05,0.0060913523059809285,4583.0,4583.0,4583,4583,4583,0.0,0.0,367.03333333333336,367.0,367,367,368,0.032222222222222215,0.17950549357115012,0.7940992999999998,0.8725240000000001,0.446819,0.446819,0.960333,0.02466417568121,0.1570483227583472
a,similar,instance_0014.txt,30,30,0,0,20.47354497354498,20.473544973544975,20.473544973544975,20.473544973544975,20.473544973544975,1.262177448353619e-29,3.552713678800501e-15,7739.0,7739.0,7739,7739,7739,0.0,0.0,378.0,378.0,378,378,378,0.0,0.0,1.5481332333333335,1.533342,1.122385,0.945219,2.129923,0.10170989622364555,0.3189198899781034
a,similar,instance_0015.txt,30,30,0,0,10.305322128851536,10.305322128851541,10.305322128851541,10.305322128851541,10.305322128851541,2.8398992587956425e-29,5.329070518200751e-15,3679.0,3679.0,3679,3679,3679,0.0,0.0,357.0,357.0,357,357,357,0.0,0.0,0.8596931666666667,0.8980410000000001,0.969807,0.532278,1.000884,0.016993659784872224,0.13035973222154235
a,similar,instance_0016.txt,30,30,0,0,9.523427194317605,9.527777777777779,9.527777777777779,9.397260273972602,9.527777777777779,0.0005488997168738815,0.023428608940222667,686.0,686.0,686,686,686,0.0,0.0,72.03333333333333,72.0,72,72,73,0.03222222222222222,0.17950549357115014,0.051814433333333326,0.052062,0.077731,0.030538,0.078382,0.00010715472904555556,0.010351556841632836
a,similar,instance_0017.txt,30,30,0,0,3.7989515880357687,3.8043478260869565,3.8043478260869565,3.723404255319149,3.8043478260869565,0.00040767139147112566,0.02019087396501513,175.0,175.0,175,175,175,0.0,0.0,46.06666666666667,46.0,46,46,47,0.06222222222222223,0.24944382578492943,0.013896099999999996,0.013771499999999999,0.013406,0.007665,0.024064,8.664349356666665e-06,0.002943526686929586
a,similar,instance_0018.txt,30,30,0,0,15.855263157894736,15.855263157894736,15.855263157894736,15.855263157894736,15.855263157894736,0.0,0.0,1205.0,1205.0,1205,1205,1205,0.0,0.0,76.0,76.0,76,76,76,0.0,0.0,0.07678900000000001,0.0773565,0.082364,0.047192,0.124764,0.00025239188053333334,0.01588684614809791
a,similar,instance_0019.txt,30,30,0,0,9.615154432945696,9.60576923076923,9.60576923076923,9.514285714285714,9.699029126213592,0.001350546852818988,0.0367497871125669,999.0,999.0,999,999,999,0.0,0.0,103.9,104.0,104,103,105,0.15666666666666668,0.39581140290126393,0.08367949999999999,0.081165,0.071842,0.059577,0.113268,0.00015773666078333336,0.012559325650023307
a,similar,instance_0020.txt,30,30,0,0,3.588888888888889,3.666666666666667,4.0,3.0,4.0,0.18283950617283945,0.42759736455319675,11.466666666666667,12.0,12,10,12,0.782222222222222,0.8844332774281065,3.2333333333333334,3.0,3,3,4,0.17888888888888885,0.42295258468165065,0.00014930000000000002,0.000142,0.000154,0.00012,0.000284,8.669433333333338e-10,2.9443901462498713e-05
a,similar_bigger,instance_0001.txt,1,1,0,0,2.9565217391304346,2.9565217391304346,2.9565217391304346,2.9565217391304346,2.9565217391304346,0.0,0.0,68.0,68.0,68,68,68,0.0,0.0,23.0,23.0,23,23,23,0.0,0.0,0.004215,0.004215,0.004215,0.004215,0.004215,0.0,0.0
a,similar_bigger,instance_0002.txt,1,1,0,0,2.0,2.0,2.0,2.0,2.0,0.0,0.0,2.0,2.0,2,2,2,0.0,0.0,1.0,1.0,1,1,1,0.0,0.0,0.000168,0.000168,0.000168,0.000168,0.000168,0.0,0.0
a,similar_bigger,instance_0003.txt,1,1,0,0,2.864864864864865,2.864864864864865,2.864864864864865,2.864864864864865,2.864864864864865,0.0,0.0,106.0,106.0,106,106,106,0.0,0.0,37.0,37.0,37,37,37,0.0,0.0,0.008299,0.008299,0.008299,0.008299,0.008299,0.0,0.0
a,similar_bigger,instance_0004.txt,1,1,0,0,1.7727272727272727,1.7727272727272727,1.7727272727272727,1.7727272727272727,1.7727272727272727,0.0,0.0,39.0,39.0,39,39,39,0.0,0.0,22.0,22.0,22,22,22,0.0,0.0,0.002743,0.002743,0.002743,0.002743,0.002743,0.0,0.0
a,similar_bigger,instance_0005.txt,1,1,0,0,31.840579710144926,31.840579710144926,31.840579710144926,31.840579710144926,31.840579710144926,0.0,0.0,4394.0,4394.0,4394,4394,4394,0.0,0.0,138.0,138.0,138,138,138,0.0,0.0,0.265168,0.265168,0.265168,0.265168,0.265168,0.0,0.0
a,similar_bigger,instance_0006.txt,1,1,0,0,26.65753424657534,26.65753424657534,26.65753424657534,26.65753424657534,26.65753424657534,0.0,0.0,3892.0,3892.0,3892,3892,3892,0.0,0.0,146.0,146.0,146,146,146,0.0,0.0,0.274238,0.274238,0.274238,0.274238,0.274238,0.0,0.0
a,similar_bigger,instance_0007.txt,1,1,0,0,25.818791946308725,25.818791946308725,25.818791946308725,25.818791946308725,25.818791946308725,0.0,0.0,3847.0,3847.0,3847,3847,3847,0.0,0.0,149.0,149.0,149,149,149,0.0,0.0,0.214664,0.214664,0.214664,0.214664,0.214664,0.0,0.0
a,similar_bigger,instance_0008.txt,1,1,0,0,21.846153846153847,21.846153846153847,21.846153846153847,21.846153846153847,21.846153846153847,0.0,0.0,2840.0,2840.0,2840,2840,2840,0.0,0.0,130.0,130.0,130,130,130,0.0,0.0,0.21247,0.21247,0.21247,0.21247,0.21247,0.0,0.0
a,similar_bigger,instance_0009.txt,1,1,0,0,2.095890410958904,2.095890410958904,2.095890410958904,2.095890410958904,2.095890410958904,0.0,0.0,153.0,153.0,153,153,153,0.0,0.0,73.0,73.0,73,73,73,0.0,0.0,0.026548,0.026548,0.026548,0.026548,0.026548,0.0,0.0
a,similar_bigger,instance_0010.txt,1,1,0,0,5.507886435331231,5.507886435331231,5.507886435331231,5.507886435331231,5.507886435331231,0.0,0.0,1746.0,1746.0,1746,1746,1746,0.0,0.0,317.0,317.0,317,317,317,0.0,0.0,0.301523,0.301523,0.301523,0.301523,0.301523,0.0,0.0
a,similar_bigger,instance_0011.txt,1,1,0,0,6.370716510903427,6.370716510903427,6.370716510903427,6.370716510903427,6.370716510903427,0.0,0.0,2045.0,2045.0,2045,2045,2045,0.0,0.0,321.0,321.0,321,321,321,0.0,0.0,0.442745,0.442745,0.442745,0.442745,0.442745,0.0,0.0
a,similar_bigger,instance_0012.txt,1,1,0,0,2.107142857142857,2.107142857142857,2.107142857142857,2.107142857142857,2.107142857142857,0.0,0.0,177.0,177.0,177,177,177,0.0,0.0,84.0,84.0,84,84,84,0.0,0.0,0.020412,0.020412,0.020412,0.020412,0.020412,0.0,0.0
a,similar_bigger,instance_0013.txt,1,1,0,0,12.521857923497267,12.521857923497267,12.521857923497267,12.521857923497267,12.521857923497267,0.0,0.0,4583.0,4583.0,4583,4583,4583,0.0,0.0,366.0,366.0,366,366,366,0.0,0.0,0.725624,0.725624,0.725624,0.725624,0.725624,0.0,0.0
a,similar_bigger,instance_0014.txt,1,1,0,0,20.473544973544975,20.473544973544975,20.473544973544975,20.473544973544975,20.473544973544975,0.0,0.0,7739.0,7739.0,7739,7739,7739,0.0,0.0,378.0,378.0,378,378,378,0.0,0.0,1.147175,1.147175,1.147175,1.147175,1.147175,0.0,0.0
a,similar_bigger,instance_0015.txt,1,1,0,0,10.305322128851541,10.305322128851541,10.305322128851541,10.305322128851541,10.305322128851541,0.0,0.0,3679.0,3679.0,3679,3679,3679,0.0,0.0,357.0,357.0,357,357,357,0.0,0.0,0.480032,0.480032,0.480032,0.480032,0.480032,0.0,0.0
a,similar_bigger,instance_0016.txt,1,1,0,0,9.527777777777779,9.527777777777779,9.527777777777779,9.527777777777779,9.527777777777779,0.0,0.0,686.0,686.0,686,686,686,0.0,0.0,72.0,72.0,72,72,72,0.0,0.0,0.038849,0.038849,0.038849,0.038849,0.038849,0.0,0.0
a,similar_bigger,instance_0017.txt,1,1,0,0,3.8043478260869565,3.8043478260869565,3.8043478260869565,3.8043478260869565,3.8043478260869565,0.0,0.0,175.0,175.0,175,175,175,0.0,0.0,46.0,46.0,46,46,46,0.0,0.0,0.010397,0.010397,0.010397,0.010397,0.010397,0.0,0.0
a,similar_bigger,instance_0018.txt,1,1,0,0,15.855263157894736,15.855263157894736,15.855263157894736,15.855263157894736,15.855263157894736,0.0,0.0,1205.0,1205.0,1205,1205,1205,0.0,0.0,76.0,76.0,76,76,76,0.0,0.0,0.057409,0.057409,0.057409,0.057409,0.057409,0.0,0.0
a,similar_bigger,instance_0019.txt,1,1,0,0,9.699029126213592,9.699029126213592,9.699029126213592,9.699029126213592,9.699029126213592,0.0,0.0,999.0,999.0,999,999,999,0.0,0.0,103.0,103.0,103,103,103,0.0,0.0,0.070834,0.070834,0.070834,0.070834,0.070834,0.0,0.0
a,similar_bigger,instance_0020.txt,1,1,0,0,4.0,4.0,4.0,4.0,4.0,0.0,0.0,12.0,12.0,12,12,12,0.0,0.0,3.0,3.0,3,3,3,0.0,0.0,0.000108,0.000108,0.000108,0.000108,0.000108,0.0,0.0
a,similar_bigger_multi,instance_0001.txt,1,1,0,0,3.4,3.4,3.4,3.4,3.4,0.0,0.0,68.0,68.0,68,68,68,0.0,0.0,20.0,20.0,20,20,20,0.0,0.0,0.00433,0.00433,0.00433,0.00433,0.00433,0.0,0.0
a,similar_bigger_multi,instance_0002.txt,1,1,0,0,2.0,2.0,2.0,2.0,2.0,0.0,0.0,2.0,2.0,2,2,2,0.0,0.0,1.0,1.0,1,1,1,0.0,0.0,0.000114,0.000114,0.000114,0.000114,0.000114,0.0,0.0
a,similar_bigger_multi,instance_0003.txt,1,1,0,0,3.0285714285714285,3.0285714285714285,3.0285714285714285,3.0285714285714285,3.0285714285714285,0.0,0.0,106.0,106.0,106,106,106,0.0,0.0,35.0,35.0,35,35,35,0.0,0.0,0.008371,0.008371,0.008371,0.008371,0.008371,0.0,0.0
a,similar_bigger_multi,instance_0004.txt,1,1,0,0,1.8571428571428572,1.8571428571428572,1.8571428571428572,1.8571428571428572,1.8571428571428572,0.0,0.0,39.0,39.0,39,39,39,0.0,0.0,21.0,21.0,21,21,21,0.0,0.0,0.001917,0.001917,0.001917,0.001917,0.001917,0.0,0.0
a,similar_bigger_multi,instance_0005.txt,1,1,0,0,32.54814814814815,32.54814814814815,32.54814814814815,32.54814814814815,32.54814814814815,0.0,0.0,4394.0,4394.0,4394,4394,4394,0.0,0.0,135.0,135.0,135,135,135,0.0,0.0,0.275109,0.275109,0.275109,0.275109,0.275109,0.0,0.0
a,similar_bigger_multi,instance_0006.txt,1,1,0,0,27.602836879432623,27.602836879432623,27.602836879432623,27.602836879432623,27.602836879432623,0.0,0.0,3892.0,3892.0,3892,3892,3892,0.0,0.0,141.0,141.0,141,141,141,0.0,0.0,0.392577,0.392577,0.392577,0.392577,0.392577,0.0,0.0
a,similar_bigger_multi,instance_0007.txt,1,1,0,0,26.53103448275862,26.53103448275862,26.53103448275862,26.53103448275862,26.53103448275862,0.0,0.0,3847.0,3847.0,3847,3847,3847,0.0,0.0,145.0,145.0,145,145,145,0.0,0.0,0.323888,0.323888,0.323888,0.323888,0.323888,0.0,0.0
a,similar_bigger_multi,instance_0008.txt,1,1,0,0,22.1875,22.1875,22.1875,22.1875,22.1875,0.0,0.0,2840.0,2840.0,2840,2840,2840,0.0,0.0,128.0,128.0,128,128,128,0.0,0.0,0.273913,0.273913,0.273913,0.273913,0.273913,0.0,0.0
a,similar_bigger_multi,instance_0009.txt,1,1,0,0,2.25,2.25,2.25,2.25,2.25,0.0,0.0,153.0,153.0,153,153,153,0.0,0.0,68.0,68.0,68,68,68,0.0,0.0,0.026208,0.026208,0.026208,0.026208,0.026208,0.0,0.0
a,similar_bigger_multi,instance_0010.txt,1,1,0,0,5.918644067796611,5.918644067796611,5.918644067796611,5.918644067796611,5.918644067796611,0.0,0.0,1746.0,1746.0,1746,1746,1746,0.0,0.0,295.0,295.0,295,295,295,0.0,0.0,0.293346,0.293346,0.293346,0.293346,0.293346,0.0,0.0
a,similar_bigger_multi,instance_0011.txt,1,1,0,0,6.771523178807947,6.771523178807947,6.771523178807947,6.771523178807947,6.771523178807947,0.0,0.0,2045.0,2045.0,2045,2045,2045,0.0,0.0,302.0,302.0,302,302,302,0.0,0.0,0.413526,0.413526,0.413526,0.413526,0.413526,0.0,0.0
a,similar_bigger_multi,instance_0012.txt,1,1,0,0,2.36,2.36,2.36,2.36,2.36,0.0,0.0,177.0,177.0,177,177,177,0.0,0.0,75.0,75.0,75,75,75,0.0,0.0,0.03909,0.03909,0.03909,0.03909,0.03909,0.0,0.0
a,similar_bigger_multi,instance_0013.txt,1,1,0,0,12.62534435261708,12.62534435261708,12.62534435261708,12.62534435261708,12.62534435261708,0.0,0.0,4583.0,4583.0,4583,4583,4583,0.0,0.0,363.0,363.0,363,363,363,0.0,0.0,0.824299,0.824299,0.824299,0.824299,0.824299,0.0,0.0
a,similar_bigger_multi,instance_0014.txt,1,1,0,0,20.58244680851064,20.58244680851064,20.58244680851064,20.58244680851064,20.58244680851064,0.0,0.0,7739.0,7739.0,7739,7739,7739,0.0,0.0,376.0,376.0,376,376,376,0.0,0.0,1.381536,1.381536,1.381536,1.381536,1.381536,0.0,0.0
a,similar_bigger_multi,instance_0015.txt,1,1,0,0,10.725947521865889,10.725947521865889,10.725947521865889,10.725947521865889,10.725947521865889,0.0,0.0,3679.0,3679.0,3679,3679,3679,0.0,0.0,343.0,343.0,343,343,343,0.0,0.0,0.836932,0.836932,0.836932,0.836932,0.836932,0.0,0.0
a,similar_bigger_multi,instance_0016.txt,1,1,0,0,9.661971830985916,9.661971830985916,9.661971830985916,9.661971830985916,9.661971830985916,0.0,0.0,686.0,686.0,686,686,686,0.0,0.0,71.0,71.0,71,71,71,0.0,0.0,0.030953,0.030953,0.030953,0.030953,0.030953,0.0,0.0
a,similar_bigger_multi,instance_0017.txt,1,1,0,0,3.8043478260869565,3.8043478260869565,3.8043478260869565,3.8043478260869565,3.8043478260869565,0.0,0.0,175.0,175.0,175,175,175,0.0,0.0,46.0,46.0,46,46,46,0.0,0.0,0.011385,0.011385,0.011385,0.011385,0.011385,0.0,0.0
a,similar_bigger_multi,instance_0018.txt,1,1,0,0,15.855263157894736,15.855263157894736,15.855263157894736,15.855263157894736,15.855263157894736,0.0,0.0,1205.0,1205.0,1205,1205,1205,0.0,0.0,76.0,76.0,76,76,76,0.0,0.0,0.049569,0.049569,0.049569,0.049569,0.049569,0.0,0.0
a,similar_bigger_multi,instance_0019.txt,1,1,0,0,10.090909090909092,10.090909090909092,10.090909090909092,10.090909090909092,10.090909090909092,0.0,0.0,999.0,999.0,999,999,999,0.0,0.0,99.0,99.0,99,99,99,0.0,0.0,0.104574,0.104574,0.104574,0.104574,0.104574,0.0,0.0
a,similar_bigger_multi,instance_0020.txt,1,1,0,0,4.0,4.0,4.0,4.0,4.0,0.0,0.0,12.0,12.0,12,12,12,0.0,0.0,3.0,3.0,3,3,3,0.0,0.0,0.000118,0.000118,0.000118,0.000118,0.000118,0.0,0.0
a,similar_bigger_multi_weighted,instance_0001.txt,1,1,0,0,3.4,3.4,3.4,3.4,3.4,0.0,0.0,68.0,68.0,68,68,68,0.0,0.0,20.0,20.0,20,20,20,0.0,0.0,0.004222,0.004222,0.004222,0.004222,0.004222,0.0,0.0
a,similar_bigger_multi_weighted,instance_0002.txt,1,1,0,0,2.0,2.0,2.0,2.0,2.0,0.0,0.0,2.0,2.0,2,2,2,0.0,0.0,1.0,1.0,1,1,1,0.0,0.0,0.000129,0.000129,0.000129,0.000129,0.000129,0.0,0.0
a,similar_bigger_multi_weighted,instance_0003.txt,1,1,0,0,3.0285714285714285,3.0285714285714285,3.0285714285714285,3.0285714285714285,3.0285714285714285,0.0,0.0,106.0,106.0,106,106,106,0.0,0.0,35.0,35.0,35,35,35,0.0,0.0,0.008592,0.008592,0.008592,0.008592,0.008592,0.0,0.0
a,similar_bigger_multi_weighted,instance_0004.txt,1,1,0,0,1.8571428571428572,1.8571428571428572,1.8571428571428572,1.8571428571428572,1.8571428571428572,0.0,0.0,39.0,39.0,39,39,39,0.0,0.0,21.0,21.0,21,21,21,0.0,0.0,0.002145,0.002145,0.002145,0.002145,0.002145,0.0,0.0
a,similar_bigger_multi_weighted,instance_0005.txt,1,1,0,0,32.54814814814815,32.54814814814815,32.54814814814815,32.54814814814815,32.54814814814815,0.0,0.0,4394.0,4394.0,4394,4394,4394,0.0,0.0,135.0,135.0,135,135,135,0.0,0.0,0.28926,0.28926,0.28926,0.28926,0.28926,0.0,0.0
a,similar_bigger_multi_weighted,instance_0006.txt,1,1,0,0,27.602836879432623,27.602836879432623,27.602836879432623,27.602836879432623,27.602836879432623,0.0,0.0,3892.0,3892.0,3892,3892,3892,0.0,0.0,141.0,141.0,141,141,141,0.0,0.0,0.417825,0.417825,0.417825,0.417825,0.417825,0.0,0.0
a,similar_bigger_multi_weighted,instance_0007.txt,1,1,0,0,26.53103448275862,26.53103448275862,26.53103448275862,26.53103448275862,26.53103448275862,0.0,0.0,3847.0,3847.0,3847,3847,3847,0.0,0.0,145.0,145.0,145,145,145,0.0,0.0,0.402978,0.402978,0.402978,0.402978,0.402978,0.0,0.0
a,similar_bigger_multi_weighted,instance_0008.txt,1,1,0,0,22.015503875968992,22.015503875968992,22.015503875968992,22.015503875968992,22.015503875968992,0.0,0.0,2840.0,2840.0,2840,2840,2840,0.0,0.0,129.0,129.0,129,129,129,0.0,0.0,0.287888,0.287888,0.287888,0.287888,0.287888,0.0,0.0
a,similar_bigger_multi_weighted,instance_0009.txt,1,1,0,0,2.25,2.25,2.25,2.25,2.25,0.0,0.0,153.0,153.0,153,153,153,0.0,0.0,68.0,68.0,68,68,68,0.0,0.0,0.025082,0.025082,0.025082,0.025082,0.025082,0.0,0.0
a,similar_bigger_multi_weighted,instance_0010.txt,1,1,0,0,5.918644067796611,5.918644067796611,5.918644067796611,5.918644067796611,5.918644067796611,0.0,0.0,1746.0,1746.0,1746,1746,1746,0.0,0.0,295.0,295.0,295,295,295,0.0,0.0,0.61634,0.61634,0.61634,0.61634,0.61634,0.0,0.0
a,similar_bigger_multi_weighted,instance_0011.txt,1,1,0,0,6.771523178807947,6.771523178807947,6.771523178807947,6.771523178807947,6.771523178807947,0.0,0.0,2045.0,2045.0,2045,2045,2045,0.0,0.0,302.0,302.0,302,302,302,0.0,0.0,0.483838,0.483838,0.483838,0.483838,0.483838,0.0,0.0
a,similar_bigger_multi_weighted,instance_0012.txt,1,1,0,0,2.36,2.36,2.36,2.36,2.36,0.0,0.0,177.0,177.0,177,177,177,0.0,0.0,75.0,75.0,75,75,75,0.0,0.0,0.04526,0.04526,0.04526,0.04526,0.04526,0.0,0.0
a,similar_bigger_multi_weighted,instance_0013.txt,1,1,0,0,12.62534435261708,12.62534435261708,12.62534435261708,12.62534435261708,12.62534435261708,0.0,0.0,4583.0,4583.0,4583,4583,4583,0.0,0.0,363.0,363.0,363,363,363,0.0,0.0,0.798397,0.798397,0.798397,0.798397,0.798397,0.0,0.0
a,similar_bigger_multi_weighted,instance_0014.txt,1,1,0,0,20.58244680851064,20.58244680851064,20.58244680851064,20.58244680851064,20.58244680851064,0.0,0.0,7739.0,7739.0,7739,7739,7739,0.0,0.0,376.0,376.0,376,376,376,0.0,0.0,1.203,1.203,1.203,1.203,1.203,0.0,0.0
a,similar_bigger_multi_weighted,instance_0015.txt,1,1,0,0,10.725947521865889,10.725947521865889,10.725947521865889,10.725947521865889,10.725947521865889,0.0,0.0,3679.0,3679.0,3679,3679,3679,0.0,0.0,343.0,343.0,343,343,343,0.0,0.0,0.82748,0.82748,0.82748,0.82748,0.82748,0.0,0.0
a,similar_bigger_multi_weighted,instance_0016.txt,1,1,0,0,9.661971830985916,9.661971830985916,9.661971830985916,9.661971830985916,9.661971830985916,0.0,0.0,686.0,686.0,686,686,686,0.0,0.0,71.0,71.0,71,71,71,0.0,0.0,0.02935,0.02935,0.02935,0.02935,0.02935,0.0,0.0
a,similar_bigger_multi_weighted,instance_0017.txt,1,1,0,0,3.8043478260869565,3.8043478260869565,3.8043478260869565,3.8043478260869565,3.8043478260869565,0.0,0.0,175.0,175.0,175,175,175,0.0,0.0,46.0,46.0,46,46,46,0.0,0.0,0.012754,0.012754,0.012754,0.012754,0.012754,0.0,0.0
a,similar_bigger_multi_weighted,instance_0018.txt,1,1,0,0,15.855263157894736,15.855263157894736,15.855263157894736,15.855263157894736,15.855263157894736,0.0,0.0,1205.0,1205.0,1205,1205,1205,0.0,0.0,76.0,76.0,76,76,76,0.0,0.0,0.024831,0.024831,0.024831,0.024831,0.024831,0.0,0.0
a,similar_bigger_multi_weighted,instance_0019.txt,1,1,0,0,10.090909090909092,10.090909090909092,10.090909090909092,10.090909090909092,10.090909090909092,0.0,0.0,999.0,999.0,999,999,999,0.0,0.0,99.0,99.0,99,99,99,0.0,0.0,0.131209,0.131209,0.131209,0.131209,0.131209,0.0,0.0
a,similar_bigger_multi_weighted,instance_0020.txt,1,1,0,0,4.0,4.0,4.0,4.0,4.0,0.0,0.0,12.0,12.0,12,12,12,0.0,0.0,3.0,3.0,3,3,3,0.0,0.0,0.000141,0.000141,0.000141,0.000141,0.000141,0.0,0.0
a,similar_bigger_weighted,instance_0001.txt,1,1,0,0,2.9565217391304346,2.9565217391304346,2.9565217391304346,2.9565217391304346,2.9565217391304346,0.0,0.0,68.0,68.0,68,68,68,0.0,0.0,23.0,23.0,23,23,23,0.0,0.0,0.007331,0.007331,0.007331,0.007331,0.007331,0.0,0.0
a,similar_bigger_weighted,instance_0002.txt,1,1,0,0,2.0,2.0,2.0,2.0,2.0,0.0,0.0,2.0,2.0,2,2,2,0.0,0.0,1.0,1.0,1,1,1,0.0,0.0,0.000121,0.000121,0.000121,0.000121,0.000121,0.0,0.0
a,similar_bigger_weighted,instance_0003.txt,1,1,0,0,2.864864864864865,2.864864864864865,2.864864864864865,2.864864864864865,2.864864864864865,0.0,0.0,106.0,106.0,106,106,106,0.0,0.0,37.0,37.0,37,37,37,0.0,0.0,0.006347,0.006347,0.006347,0.006347,0.006347,0.0,0.0
a,similar_bigger_weighted,instance_0004.txt,1,1,0,0,1.7727272727272727,1.7727272727272727,1.7727272727272727,1.7727272727272727,1.7727272727272727,0.0,0.0,39.0,39.0,39,39,39,0.0,0.0,22.0,22.0,22,22,22,0.0,0.0,0.001985,0.001985,0.001985,0.001985,0.001985,0.0,0.0
a,similar_bigger_weighted,instance_0005.txt,1,1,0,0,31.840579710144926,31.840579710144926,31.840579710144926,31.840579710144926,31.840579710144926,0.0,0.0,4394.0,4394.0,4394,4394,4394,0.0,0.0,138.0,138.0,138,138,138,0.0,0.0,0.260085,0.260085,0.260085,0.260085,0.260085,0.0,0.0
a,similar_bigger_weighted,instance_0006.txt,1,1,0,0,26.65753424657534,26.65753424657534,26.65753424657534,26.65753424657534,26.65753424657534,0.0,0.0,3892.0,3892.0,3892,3892,3892,0.0,0.0,146.0,146.0,146,146,146,0.0,0.0,0.27979,0.27979,0.27979,0.27979,0.27979,0.0,0.0
a,similar_bigger_weighted,instance_0007.txt,1,1,0,0,25.818791946308725,25.818791946308725,25.818791946308725,25.818791946308725,25.818791946308725,0.0,0.0,3847.0,3847.0,3847,3847,3847,0.0,0.0,149.0,149.0,149,149,149,0.0,0.0,0.293739,0.293739,0.293739,0.293739,0.293739,0.0,0.0
a,similar_bigger_weighted,instance_0008.txt,1,1,0,0,21.6793893129771,21.6793893129771,21.6793893129771,21.6793893129771,21.6793893129771,0.0,0.0,2840.0,2840.0,2840,2840,2840,0.0,0.0,131.0,131.0,131,131,131,0.0,0.0,0.167039,0.167039,0.167039,0.167039,0.167039,0.0,0.0
a,similar_bigger_weighted,instance_0009.txt,1,1,0,0,2.095890410958904,2.095890410958904,2.095890410958904,2.095890410958904,2.095890410958904,0.0,0.0,153.0,153.0,153,153,153,0.0,0.0,73.0,73.0,73,73,73,0.0,0.0,0.020116,0.020116,0.020116,0.020116,0.020116,0.0,0.0
a,similar_bigger_weighted,instance_0010.txt,1,1,0,0,5.507886435331231,5.507886435331231,5.507886435331231,5.507886435331231,5.507886435331231,0.0,0.0,1746.0,1746.0,1746,1746,1746,0.0,0.0,317.0,317.0,317,317,317,0.0,0.0,0.343598,0.343598,0.343598,0.343598,0.343598,0.0,0.0
a,similar_bigger_weighted,instance_0011.txt,1,1,0,0,6.370716510903427,6.370716510903427,6.370716510903427,6.370716510903427,6.370716510903427,0.0,0.0,2045.0,2045.0,2045,2045,2045,0.0,0.0,321.0,321.0,321,321,321,0.0,0.0,0.382213,0.382213,0.382213,0.382213,0.382213,0.0,0.0
a,similar_bigger_weighted,instance_0012.txt,1,1,0,0,2.107142857142857,2.107142857142857,2.107142857142857,2.107142857142857,2.107142857142857,0.0,0.0,177.0,177.0,177,177,177,0.0,0.0,84.0,84.0,84,84,84,0.0,0.0,0.024531,0.024531,0.024531,0.024531,0.024531,0.0,0.0
a,similar_bigger_weighted,instance_0013.txt,1,1,0,0,12.521857923497267,12.521857923497267,12.521857923497267,12.521857923497267,12.521857923497267,0.0,0.0,4583.0,4583.0,4583,4583,4583,0.0,0.0,366.0,366.0,366,366,366,0.0,0.0,0.499763,0.499763,0.499763,0.499763,0.499763,0.0,0.0
a,similar_bigger_weighted,instance_0014.txt,1,1,0,0,20.473544973544975,20.473544973544975,20.473544973544975,20.473544973544975,20.473544973544975,0.0,0.0,7739.0,7739.0,7739,7739,7739,0.0,0.0,378.0,378.0,378,378,378,0.0,0.0,1.117999,1.117999,1.117999,1.117999,1.117999,0.0,0.0
a,similar_bigger_weighted,instance_0015.txt,1,1,0,0,10.305322128851541,10.305322128851541,10.305322128851541,10.305322128851541,10.305322128851541,0.0,0.0,3679.0,3679.0,3679,3679,3679,0.0,0.0,357.0,357.0,357,357,357,0.0,0.0,0.712943,0.712943,0.712943,0.712943,0.712943,0.0,0.0
a,similar_bigger_weighted,instance_0016.txt,1,1,0,0,9.527777777777779,9.527777777777779,9.527777777777779,9.527777777777779,9.527777777777779,0.0,0.0,686.0,686.0,686,686,686,0.0,0.0,72.0,72.0,72,72,72,0.0,0.0,0.040849,0.040849,0.040849,0.040849,0.040849,0.0,0.0
a,similar_bigger_weighted,instance_0017.txt,1,1,0,0,3.8043478260869565,3.8043478260869565,3.8043478260869565,3.8043478260869565,3.8043478260869565,0.0,0.0,175.0,175.0,175,175,175,0.0,0.0,46.0,46.0,46,46,46,0.0,0.0,0.010816,0.010816,0.010816,0.010816,0.010816,0.0,0.0
a,similar_bigger_weighted,instance_0018.txt,1,1,0,0,15.855263157894736,15.855263157894736,15.855263157894736,15.855263157894736,15.855263157894736,0.0,0.0,1205.0,1205.0,1205,1205,1205,0.0,0.0,76.0,76.0,76,76,76,0.0,0.0,0.062496,0.062496,0.062496,0.062496,0.062496,0.0,0.0
a,similar_bigger_weighted,instance_0019.txt,1,1,0,0,9.699029126213592,9.699029126213592,9.699029126213592,9.699029126213592,9.699029126213592,0.0,0.0,999.0,999.0,999,999,999,0.0,0.0,103.0,103.0,103,103,103,0.0,0.0,0.069404,0.069404,0.069404,0.069404,0.069404,0.0,0.0
a,similar_bigger_weighted,instance_0020.txt,1,1,0,0,4.0,4.0,4.0,4.0,4.0,0.0,0.0,12.0,12.0,12,12,12,0.0,0.0,3.0,3.0,3,3,3,0.0,0.0,0.000412,0.000412,0.000412,0.000412,0.000412,0.0,0.0
a,similar_multi,instance_0001.txt,30,30,0,0,2.8138091787439623,2.7916666666666665,2.72,2.68,3.4,0.020056649052486608,0.1416214992594225,67.66666666666667,68.0,68,67,68,0.22222222222222224,0.4714045207910317,24.1,24.0,25,20,25,1.09,1.044030650891055,0.005735433333333334,0.0059334999999999995,0.00616,0.003717,0.011349,1.6540309122222223e-06,0.001286091331213387
a,similar_multi,instance_0002.txt,30,30,0,0,1.5333333333333334,2.0,2.0,1.0,2.0,0.24888888888888897,0.4988876515698589,2.0,2.0,2,2,2,0.0,0.0,1.4666666666666666,1.0,1,1,2,0.24888888888888897,0.4988876515698589,0.00017620000000000003,0.00016849999999999998,0.000149,0.000112,0.000291,1.36416e-09,3.693453668316417e-05
a,similar_multi,instance_0003.txt,30,30,0,0,2.998009960424821,3.0285714285714285,3.0285714285714285,2.789473684210526,3.1176470588235294,0.01067928080899475,0.1033406058091143,106.0,106.0,106,106,106,0.0,0.0,35.4,35.0,35,34,38,1.573333333333333,1.2543258481484518,0.010165233333333332,0.010104,0.00669,0.00669,0.013532,3.858483378888889e-06,0.001964302262608504
a,similar_multi,instance_0004.txt,30,30,0,0,1.8720969089390138,1.8571428571428572,1.8571428571428572,1.7619047619047619,2.1052631578947367,0.005921438237755342,0.07695088198165985,38.9,39.0,39,37,40,0.4233333333333332,0.6506407098647711,20.8,21.0,21,19,21,0.2933333333333332,0.541602560309064,0.0020895333333333333,0.0020425,0.002254,0.001529,0.002698,1.4744811555555552e-07,0.0003839897336590596
a,similar_multi,instance_0005.txt,30,30,0,0,32.560197162336465,32.55555555555556,32.55555555555556,32.54814814814815,32.798507462686565,0.0019715823118775433,0.044402503441557696,4394.533333333334,4395.0,4395,4394,4395,0.24888888888888897,0.4988876515698589,134.96666666666667,135.0,135,134,135,0.03222222222222222,0.17950549357115014,0.30599883333333333,0.28839899999999996,0.176816,0.176816,0.406464,0.004277871361872223,0.06540543832031266
a,similar_multi,instance_0006.txt,30,30,0,0,27.602836879432623,27.602836879432623,27.602836879432623,27.602836879432623,27.602836879432623,0.0,0.0,3892.0,3892.0,3892,3892,3892,0.0,0.0,141.0,141.0,141,141,141,0.0,0.0,0.46030143333333334,0.47493050000000003,0.347728,0.307784,0.548978,0.005663297934112222,0.07525488644674326
a,similar_multi,instance_0007.txt,30,30,0,0,26.53103448275862,26.53103448275862,26.53103448275862,26.53103448275862,26.53103448275862,0.0,0.0,3847.0,3847.0,3847,3847,3847,0.0,0.0,145.0,145.0,145,145,145,0.0,0.0,0.3398438333333333,0.36869450000000004,0.414443,0.178186,0.504559,0.004905111908205556,0.07003650411182412
a,similar_multi,instance_0008.txt,30,30,0,0,22.002239054171387,22.015503875968992,22.015503875968992,21.6793893129771,22.1875,0.009431314418779781,0.09711495466085428,2839.7,2840.0,2840,2839,2840,0.21000000000000002,0.45825756949558405,129.06666666666666,129.0,129,128,131,0.3288888888888888,0.573488351136175,0.22514953333333335,0.2231475,0.234026,0.131286,0.352104,0.0030039908453822215,0.05480867490992846
a,similar_multi,instance_0009.txt,30,30,0,0,2.2988353788441587,2.303030303030303,2.303030303030303,2.235294117647059,2.3384615384615386,0.0004861837192145254,0.022049574127736015,152.16666666666666,152.0,152,152,153,0.13888888888888887,0.3726779962499649,66.2,66.0,66,65,68,0.56,0.7483314773547883,0.022549499999999997,0.0235415,0.015225,0.015176,0.031123,2.2063893650000004e-05,0.004697221907681178
a,similar_multi,instance_0010.txt,30,30,0,0,5.917311039853413,5.918644067796611,5.918644067796611,5.898648648648648,5.918644067796611,2.4877488962834566e-05,0.004987733850440956,1746.0,1746.0,1746,1746,1746,0.0,0.0,295.06666666666666,295.0,295,295,296,0.06222222222222224,0.24944382578492946,0.45883803333333334,0.4479105,0.262307,0.262307,0.594802,0.011542520754632224,0.10743612406743006
a,similar_multi,instance_0011.txt,30,30,0,0,6.791226861534581,6.794019933554817,6.794019933554817,6.749174917491749,6.8133333333333335,0.00011680757405100921,0.010807755273460314,2044.8333333333333,2045.0,2045,2044,2045,0.13888888888888892,0.372677996249965,301.1,301.0,301,300,303,0.22333333333333324,0.47258156262526074,0.3946638333333334,0.3770815,0.233943,0.233354,0.508899,0.006689401676205555,0.08178876253010285
a,similar_multi,instance_0012.txt,30,30,0,0,2.190330102356296,2.185185185185185,2.185185185185185,2.1204819277108435,2.391891891891892,0.0021039574704517215,0.04586891616826935,176.83333333333334,177.0,177,176,177,0.13888888888888887,0.3726779962499649,80.76666666666667,81.0,81,74,83,2.5122222222222224,1.5849991237291654,0.041999499999999995,0.0456095,0.045718,0.027358,0.051823,4.471872838333333e-05,0.006687206321277468
a,similar_multi,instance_0013.txt,30,30,0,0,12.590659340659338,12.590659340659341,12.590659340659341,12.590659340659341,12.590659340659341,1.262177448353619e-29,3.552713678800501e-15,4583.0,4583.0,4583,4583,4583,0.0,0.0,364.0,364.0,364,364,364,0.0,0.0,0.8900424000000001,0.8749415,0.493533,0.493533,1.103703,0.02832636727284,0.16830438875097703
a,similar_multi,instance_0014.txt,30,30,0,0,20.582446808510646,20.58244680851064,20.58244680851064,20.58244680851064,20.58244680851064,5.048709793414476e-29,7.105427357601002e-15,7739.0,7739.0,7739,7739,7739,0.0,0.0,376.0,376.0,376,376,376,0.0,0.0,1.5558520666666669,1.530002,0.729319,0.729319,2.128214,0.14078897724739553,0.37521857263120056
a,similar_multi,instance_0015.txt,30,30,0,0,10.725947521865884,10.725947521865889,10.725947521865889,10.725947521865889,10.725947521865889,2.8398992587956425e-29,5.329070518200751e-15,3679.0,3679.0,3679,3679,3679,0.0,0.0,343.0,343.0,343,343,343,0.0,0.0,1.1858497333333333,1.1807885,1.36828,0.652316,1.46779,0.050577312588195554,0.22489400300629528
a,similar_multi,instance_0016.txt,30,30,0,0,9.671173708920188,9.661971830985916,9.661971830985916,9.661971830985916,9.8,0.0011854438052414688,0.034430274544962156,686.0,686.0,686,686,686,0.0,0.0,70.93333333333334,71.0,71,70,71,0.062222222222222213,0.2494438257849294,0.042207733333333323,0.0412475,0.055209,0.020507,0.06368,5.755999626222221e-05,0.007586830449022979
a,similar_multi,instance_0017.txt,30,30,0,0,3.7962534690101752,3.8043478260869565,3.8043478260869565,3.723404255319149,3.8043478260869565,0.0005896675483778778,0.024283071230342297,175.0,175.0,175,175,175,0.0,0.0,46.1,46.0,46,46,47,0.08999999999999998,0.3,0.015602766666666667,0.0162775,0.016813,0.011646,0.022126,4.521264112222223e-06,0.002126326435950563
a,similar_multi,instance_0018.txt,30,30,0,0,15.855263157894736,15.855263157894736,15.855263157894736,15.855263157894736,15.855263157894736,0.0,0.0,1205.0,1205.0,1205,1205,1205,0.0,0.0,76.0,76.0,76,76,76,0.0,0.0,0.06159090000000001,0.066177,0.040883,0.031225,0.091573,0.00021315070362333332,0.014599681627464804
a,similar_multi,instance_0019.txt,30,30,0,0,9.887856726849154,9.891089108910892,9.891089108910892,9.794117647058824,9.891089108910892,0.00030300051999787,0.01740691012207135,999.0,999.0,999,999,999,0.0,0.0,101.03333333333333,101.0,101,101,102,0.032222222222222215,0.17950549357115012,0.12694666666666665,0.122249,0.118902,0.082839,0.16044,0.000549831183088889,0.023448479334252977
a,similar_multi,instance_0020.txt,30,30,0,0,3.966666666666667,4.0,4.0,3.0,5.0,0.29888888888888887,0.5467073155618908,11.733333333333333,12.0,12,10,12,0.46222222222222226,0.6798692684790381,3.033333333333333,3.0,3,2,4,0.29888888888888887,0.5467073155618908,0.00017803333333333334,0.00014150000000000002,0.000135,0.000124,0.001014,2.4729298888888887e-08,0.00015725552101242388
a,similar_multi_weighted,instance_0001.txt,30,30,0,0,2.780137681159421,2.72,2.72,2.68,2.9565217391304346,0.009550947402506447,0.09772894864115979,67.66666666666667,68.0,68,67,68,0.22222222222222224,0.4714045207910317,24.366666666666667,25.0,25,23,25,0.632222222222222,0.7951240294584374,0.0036455999999999997,0.003451,0.002974,0.002761,0.005131,4.875499066666667e-07,0.000698247740180136
a,similar_multi_weighted,instance_0002.txt,30,30,0,0,1.6,2.0,2.0,1.0,2.0,0.24000000000000005,0.48989794855663565,2.0,2.0,2,2,2,0.0,0.0,1.4,1.0,1,1,2,0.24000000000000005,0.48989794855663565,0.00011246666666666666,0.00010850000000000001,8.5e-05,8.4e-05,0.000232,6.880488888888889e-10,2.6230686016360473e-05
a,similar_multi_weighted,instance_0003.txt,30,30,0,0,2.9739739474104803,3.0285714285714285,3.1176470588235294,2.789473684210526,3.1176470588235294,0.014073214813116268,0.11863058127277412,106.0,106.0,106,106,106,0.0,0.0,35.7,35.0,34,34,38,2.076666666666666,1.4410644214144857,0.006449266666666667,0.0063560000000000005,0.005514,0.004014,0.008429,1.3656151288888888e-06,0.0011685953657656224
a,similar_multi_weighted,instance_0004.txt,30,30,0,0,1.9092200197463356,1.8571428571428572,1.8571428571428572,1.7619047619047619,2.1052631578947367,0.012473590555278018,0.11168522979910109,39.233333333333334,39.0,39,37,40,0.6455555555555558,0.8034647195462634,20.6,21.0,21,19,22,0.8400000000000003,0.9165151389911682,0.001344266666666667,0.0012735,0.001343,0.00087,0.001993,8.034052888888888e-08,0.00028344404895656015
a,similar_multi_weighted,instance_0005.txt,30,30,0,0,32.57725589225589,32.55555555555556,32.55555555555556,32.54814814814815,33.29545454545455,0.017799393769343214,0.13341436867647807,4394.6,4395.0,4395,4394,4395,0.23999999999999996,0.4898979485566356,134.9,135.0,135,132,135,0.28999999999999976,0.5385164807134502,0.23735173333333334,0.2530155,0.126084,0.126084,0.299061,0.002218985221395556,0.047106105988455
a,similar_multi_weighted,instance_0006.txt,30,30,0,0,27.602836879432623,27.602836879432623,27.602836879432623,27.602836879432623,27.602836879432623,0.0,0.0,3892.0,3892.0,3892,3892,3892,0.0,0.0,141.0,141.0,141,141,141,0.0,0.0,0.3293616666666666,0.3409275,0.188984,0.188984,0.420339,0.0051510589746888895,0.07177087831905703
a,similar_multi_weighted,instance_0007.txt,30,30,0,0,26.53103448275862,26.53103448275862,26.53103448275862,26.53103448275862,26.53103448275862,0.0,0.0,3847.0,3847.0,3847,3847,3847,0.0,0.0,145.0,145.0,145,145,145,0.0,0.0,0.34746553333333335,0.362231,0.302076,0.206458,0.417546,0.0034142471139155554,0.05843155922885813
a,similar_multi_weighted,instance_0008.txt,30,30,0,0,22.00258149473266,22.015503875968992,22.015503875968992,21.846153846153847,22.1875,0.0056431357816678455,0.0751208079141049,2839.766666666667,2840.0,2840,2839,2840,0.17888888888888888,0.42295258468165065,129.06666666666666,129.0,129,128,130,0.19555555555555562,0.44221663871405337,0.2466969333333333,0.24712,0.261362,0.165668,0.332022,0.0020023437707955547,0.04474755603153713
a,similar_multi_weighted,instance_0009.txt,30,30,0,0,2.30071858688252,2.303030303030303,2.303030303030303,2.217391304347826,2.390625,0.0013315964974956543,0.036491046812823204,152.26666666666668,152.0,152,152,153,0.19555555555555557,0.4422166387140533,66.2,66.0,66,64,69,1.2933333333333328,1.137248140615465,0.0259702,0.0272495,0.025623,0.013468,0.035137,3.0922132560000005e-05,0.005560767263606705
a,similar_multi_weighted,instance_0010.txt,30,30,0,0,5.914644983967018,5.918644067796611,5.918644067796611,5.898648648648648,5.918644067796611,6.397068590443172e-05,0.00799816765918493,1746.0,1746.0,1746,1746,1746,0.0,0.0,295.2,295.0,295,295,296,0.16000000000000003,0.4,0.5128625666666667,0.502318,0.311066,0.311066,0.658284,0.010726393103712218,0.10356830163574286
a,similar_multi_weighted,instance_0011.txt,30,30,0,0,6.790813412013792,6.794019933554817,6.794019933554817,6.749174917491749,6.8133333333333335,0.0001534615436838653,0.012387959625534194,2044.9333333333334,2045.0,2045,2044,2045,0.06222222222222221,0.2494438257849294,301.1333333333333,301.0,301,300,303,0.3155555555555555,0.5617433182117572,0.44758706666666664,0.4210475,0.35854,0.279253,0.592241,0.008351509988728889,0.09138659632970739
a,similar_multi_weighted,instance_0012.txt,30,30,0,0,2.1893284600502168,2.185185185185185,2.185185185185185,2.1204819277108435,2.391891891891892,0.0020882664754366662,0.04569755437041097,176.9,177.0,177,176,177,0.09000000000000002,0.30000000000000004,80.83333333333333,81.0,81,74,83,2.4055555555555563,1.5509853498842459,0.050644800000000004,0.0538935,0.056122,0.030141,0.062451,8.807727575999999e-05,0.009384949427674077
a,similar_multi_weighted,instance_0013.txt,30,30,0,0,12.591815507724595,12.590659340659341,12.590659340659341,12.590659340659341,12.62534435261708,3.876494620083009e-05,0.006226150190995242,4583.0,4583.0,4583,4583,4583,0.0,0.0,363.96666666666664,364.0,364,363,364,0.03222222222222221,0.1795054935711501,1.1700510666666668,1.2176505,0.651217,0.651217,1.466472,0.052904146528395556,0.23000901401552842
a,similar_multi_weighted,instance_0014.txt,30,30,0,0,20.580626963523155,20.58244680851064,20.58244680851064,20.52785145888594,20.58244680851064,9.604323757627491e-05,0.009800165181070925,7739.0,7739.0,7739,7739,7739,0.0,0.0,376.03333333333336,376.0,376,376,377,0.03222222222222222,0.17950549357115014,1.7507819666666664,1.7601054999999999,1.085275,1.039861,2.111988,0.1008900953296989,0.3176320124447454
a,similar_multi_weighted,instance_0015.txt,30,30,0,0,10.725947521865884,10.725947521865889,10.725947521865889,10.725947521865889,10.725947521865889,2.8398992587956425e-29,5.329070518200751e-15,3679.0,3679.0,3679,3679,3679,0.0,0.0,343.0,343.0,343,343,343,0.0,0.0,0.8603291333333332,0.8877485,0.805042,0.580643,1.079758,0.024327506024982227,0.15597277334516504
a,similar_multi_weighted,instance_0016.txt,30,30,0,0,9.666572769953053,9.661971830985916,9.661971830985916,9.661971830985916,9.8,0.0006138905420000465,0.02477681460559542,686.0,686.0,686,686,686,0.0,0.0,70.96666666666667,71.0,71,70,71,0.032222222222222215,0.17950549357115012,0.030159766666666664,0.030565500000000002,0.025287,0.02048,0.045238,3.3366038912222225e-05,0.005776334383691982
a,similar_multi_weighted,instance_0017.txt,30,30,0,0,3.801649707061362,3.8043478260869565,3.8043478260869565,3.723404255319149,3.8043478260869565,0.0002111155420118329,0.014529815622086637,175.0,175.0,175,175,175,0.0,0.0,46.03333333333333,46.0,46,46,47,0.03222222222222222,0.17950549357115014,0.012411866666666665,0.011733500000000001,0.011466,0.006487,0.017609,4.566408048888888e-06,0.002136915545567697
a,similar_multi_weighted,instance_0018.txt,30,30,0,0,15.855263157894736,15.855263157894736,15.855263157894736,15.855263157894736,15.855263157894736,0.0,0.0,1205.0,1205.0,1205,1205,1205,0.0,0.0,76.0,76.0,76,76,76,0.0,0.0,0.046689033333333345,0.0496925,0.037029,0.029188,0.056574,5.323301236555556e-05,0.007296095693283878
a,similar_multi_weighted,instance_0019.txt,30,30,0,0,9.88792137449039,9.891089108910892,9.891089108910892,9.794117647058824,9.99,0.0009429752320910222,0.030707901785876256,999.0,999.0,999,999,999,0.0,0.0,101.03333333333333,101.0,101,100,102,0.09888888888888886,0.3144660377352201,0.09353563333333334,0.095426,0.078173,0.054401,0.122185,0.00031387100663222213,0.01771640501434256
a,similar_multi_weighted,instance_0020.txt,30,30,0,0,3.933333333333333,4.0,4.0,3.0,5.0,0.3955555555555556,0.6289320754704403,11.666666666666666,12.0,12,10,12,0.5555555555555555,0.7453559924999298,3.066666666666667,3.0,3,2,4,0.3955555555555556,0.6289320754704403,0.00014076666666666668,0.0001025,0.000113,8.5e-05,0.000634,1.5177978888888887e-08,0.00012319894029125773
a,similar_smaller,instance_0001.txt,1,1,0,0,2.6153846153846154,2.6153846153846154,2.6153846153846154,2.6153846153846154,2.6153846153846154,0.0,0.0,68.0,68.0,68,68,68,0.0,0.0,26.0,26.0,26,26,26,0.0,0.0,0.007422,0.007422,0.007422,0.007422,0.007422,0.0,0.0
a,similar_smaller,instance_0002.txt,1,1,0,0,1.0,1.0,1.0,1.0,1.0,0.0,0.0,2.0,2.0,2,2,2,0.0,0.0,2.0,2.0,2,2,2,0.0,0.0,0.000173,0.000173,0.000173,0.000173,0.000173,0.0,0.0
a,similar_smaller,instance_0003.txt,1,1,0,0,2.864864864864865,2.864864864864865,2.864864864864865,2.864864864864865,2.864864864864865,0.0,0.0,106.0,106.0,106,106,106,0.0,0.0,37.0,37.0,37,37,37,0.0,0.0,0.008743,0.008743,0.008743,0.008743,0.008743,0.0,0.0
a,similar_smaller,instance_0004.txt,1,1,0,0,1.7727272727272727,1.7727272727272727,1.7727272727272727,1.7727272727272727,1.7727272727272727,0.0,0.0,39.0,39.0,39,39,39,0.0,0.0,22.0,22.0,22,22,22,0.0,0.0,0.002761,0.002761,0.002761,0.002761,0.002761,0.0,0.0
a,similar_smaller,instance_0005.txt,1,1,0,0,31.840579710144926,31.840579710144926,31.840579710144926,31.840579710144926,31.840579710144926,0.0,0.0,4394.0,4394.0,4394,4394,4394,0.0,0.0,138.0,138.0,138,138,138,0.0,0.0,0.263436,0.263436,0.263436,0.263436,0.263436,0.0,0.0
a,similar_smaller,instance_0006.txt,1,1,0,0,26.65753424657534,26.65753424657534,26.65753424657534,26.65753424657534,26.65753424657534,0.0,0.0,3892.0,3892.0,3892,3892,3892,0.0,0.0,146.0,146.0,146,146,146,0.0,0.0,0.267335,0.267335,0.267335,0.267335,0.267335,0.0,0.0
a,similar_smaller,instance_0007.txt,1,1,0,0,25.818791946308725,25.818791946308725,25.818791946308725,25.818791946308725,25.818791946308725,0.0,0.0,3847.0,3847.0,3847,3847,3847,0.0,0.0,149.0,149.0,149,149,149,0.0,0.0,0.240671,0.240671,0.240671,0.240671,0.240671,0.0,0.0
a,similar_smaller,instance_0008.txt,1,1,0,0,21.838461538461537,21.838461538461537,21.838461538461537,21.838461538461537,21.838461538461537,0.0,0.0,2839.0,2839.0,2839,2839,2839,0.0,0.0,130.0,130.0,130,130,130,0.0,0.0,0.180988,0.180988,0.180988,0.180988,0.180988,0.0,0.0
a,similar_smaller,instance_0009.txt,1,1,0,0,2.026666666666667,2.026666666666667,2.026666666666667,2.026666666666667,2.026666666666667,0.0,0.0,152.0,152.0,152,152,152,0.0,0.0,75.0,75.0,75,75,75,0.0,0.0,0.02927,0.02927,0.02927,0.02927,0.02927,0.0,0.0
a,similar_smaller,instance_0010.txt,1,1,0,0,5.507886435331231,5.507886435331231,5.507886435331231,5.507886435331231,5.507886435331231,0.0,0.0,1746.0,1746.0,1746,1746,1746,0.0,0.0,317.0,317.0,317,317,317,0.0,0.0,0.395095,0.395095,0.395095,0.395095,0.395095,0.0,0.0
a,similar_smaller,instance_0011.txt,1,1,0,0,6.350931677018633,6.350931677018633,6.350931677018633,6.350931677018633,6.350931677018633,0.0,0.0,2045.0,2045.0,2045,2045,2045,0.0,0.0,322.0,322.0,322,322,322,0.0,0.0,0.404622,0.404622,0.404622,0.404622,0.404622,0.0,0.0
a,similar_smaller,instance_0012.txt,1,1,0,0,1.8829787234042554,1.8829787234042554,1.8829787234042554,1.8829787234042554,1.8829787234042554,0.0,0.0,177.0,177.0,177,177,177,0.0,0.0,94.0,94.0,94,94,94,0.0,0.0,0.039156,0.039156,0.039156,0.039156,0.039156,0.0,0.0
a,similar_smaller,instance_0013.txt,1,1,0,0,12.487738419618529,12.487738419618529,12.487738419618529,12.487738419618529,12.487738419618529,0.0,0.0,4583.0,4583.0,4583,4583,4583,0.0,0.0,367.0,367.0,367,367,367,0.0,0.0,1.307796,1.307796,1.307796,1.307796,1.307796,0.0,0.0
a,similar_smaller,instance_0014.txt,1,1,0,0,20.473544973544975,20.473544973544975,20.473544973544975,20.473544973544975,20.473544973544975,0.0,0.0,7739.0,7739.0,7739,7739,7739,0.0,0.0,378.0,378.0,378,378,378,0.0,0.0,2.035781,2.035781,2.035781,2.035781,2.035781,0.0,0.0
a,similar_smaller,instance_0015.txt,1,1,0,0,10.305322128851541,10.305322128851541,10.305322128851541,10.305322128851541,10.305322128851541,0.0,0.0,3679.0,3679.0,3679,3679,3679,0.0,0.0,357.0,357.0,357,357,357,0.0,0.0,0.587536,0.587536,0.587536,0.587536,0.587536,0.0,0.0
a,similar_smaller,instance_0016.txt,1,1,0,0,9.527777777777779,9.527777777777779,9.527777777777779,9.527777777777779,9.527777777777779,0.0,0.0,686.0,686.0,686,686,686,0.0,0.0,72.0,72.0,72,72,72,0.0,0.0,0.056592,0.056592,0.056592,0.056592,0.056592,0.0,0.0
a,similar_smaller,instance_0017.txt,1,1,0,0,3.8043478260869565,3.8043478260869565,3.8043478260869565,3.8043478260869565,3.8043478260869565,0.0,0.0,175.0,175.0,175,175,175,0.0,0.0,46.0,46.0,46,46,46,0.0,0.0,0.014828,0.014828,0.014828,0.014828,0.014828,0.0,0.0
a,similar_smaller,instance_0018.txt,1,1,0,0,15.855263157894736,15.855263157894736,15.855263157894736,15.855263157894736,15.855263157894736,0.0,0.0,1205.0,1205.0,1205,1205,1205,0.0,0.0,76.0,76.0,76,76,76,0.0,0.0,0.077392,0.077392,0.077392,0.077392,0.077392,0.0,0.0
a,similar_smaller,instance_0019.txt,1,1,0,0,9.60576923076923,9.60576923076923,9.60576923076923,9.60576923076923,9.60576923076923,0.0,0.0,999.0,999.0,999,999,999,0.0,0.0,104.0,104.0,104,104,104,0.0,0.0,0.096709,0.096709,0.096709,0.096709,0.096709,0.0,0.0
a,similar_smaller,instance_0020.txt,1,1,0,0,3.3333333333333335,3.3333333333333335,3.3333333333333335,3.3333333333333335,3.3333333333333335,0.0,0.0,10.0,10.0,10,10,10,0.0,0.0,3.0,3.0,3,3,3,0.0,0.0,0.000147,0.000147,0.000147,0.000147,0.000147,0.0,0.0
a,similar_smaller_multi,instance_0001.txt,1,1,0,0,2.72,2.72,2.72,2.72,2.72,0.0,0.0,68.0,68.0,68,68,68,0.0,0.0,25.0,25.0,25,25,25,0.0,0.0,0.00636,0.00636,0.00636,0.00636,0.00636,0.0,0.0
a,similar_smaller_multi,instance_0002.txt,1,1,0,0,1.0,1.0,1.0,1.0,1.0,0.0,0.0,2.0,2.0,2,2,2,0.0,0.0,2.0,2.0,2,2,2,0.0,0.0,0.000198,0.000198,0.000198,0.000198,0.000198,0.0,0.0
a,similar_smaller_multi,instance_0003.txt,1,1,0,0,3.0285714285714285,3.0285714285714285,3.0285714285714285,3.0285714285714285,3.0285714285714285,0.0,0.0,106.0,106.0,106,106,106,0.0,0.0,35.0,35.0,35,35,35,0.0,0.0,0.011783,0.011783,0.011783,0.011783,0.011783,0.0,0.0
a,similar_smaller_multi,instance_0004.txt,1,1,0,0,1.8571428571428572,1.8571428571428572,1.8571428571428572,1.8571428571428572,1.8571428571428572,0.0,0.0,39.0,39.0,39,39,39,0.0,0.0,21.0,21.0,21,21,21,0.0,0.0,0.002606,0.002606,0.002606,0.002606,0.002606,0.0,0.0
a,similar_smaller_multi,instance_0005.txt,1,1,0,0,32.54814814814815,32.54814814814815,32.54814814814815,32.54814814814815,32.54814814814815,0.0,0.0,4394.0,4394.0,4394,4394,4394,0.0,0.0,135.0,135.0,135,135,135,0.0,0.0,0.363489,0.363489,0.363489,0.363489,0.363489,0.0,0.0
a,similar_smaller_multi,instance_0006.txt,1,1,0,0,27.602836879432623,27.602836879432623,27.602836879432623,27.602836879432623,27.602836879432623,0.0,0.0,3892.0,3892.0,3892,3892,3892,0.0,0.0,141.0,141.0,141,141,141,0.0,0.0,0.413064,0.413064,0.413064,0.413064,0.413064,0.0,0.0
a,similar_smaller_multi,instance_0007.txt,1,1,0,0,26.53103448275862,26.53103448275862,26.53103448275862,26.53103448275862,26.53103448275862,0.0,0.0,3847.0,3847.0,3847,3847,3847,0.0,0.0,145.0,145.0,145,145,145,0.0,0.0,0.528017,0.528017,0.528017,0.528017,0.528017,0.0,0.0
a,similar_smaller_multi,instance_0008.txt,1,1,0,0,22.007751937984494,22.007751937984494,22.007751937984494,22.007751937984494,22.007751937984494,0.0,0.0,2839.0,2839.0,2839,2839,2839,0.0,0.0,129.0,129.0,129,129,129,0.0,0.0,0.287077,0.287077,0.287077,0.287077,0.287077,0.0,0.0
a,similar_smaller_multi,instance_0009.txt,1,1,0,0,2.303030303030303,2.303030303030303,2.303030303030303,2.303030303030303,2.303030303030303,0.0,0.0,152.0,152.0,152,152,152,0.0,0.0,66.0,66.0,66,66,66,0.0,0.0,0.034562,0.034562,0.034562,0.034562,0.034562,0.0,0.0
a,similar_smaller_multi,instance_0010.txt,1,1,0,0,5.918644067796611,5.918644067796611,5.918644067796611,5.918644067796611,5.918644067796611,0.0,0.0,1746.0,1746.0,1746,1746,1746,0.0,0.0,295.0,295.0,295,295,295,0.0,0.0,0.723985,0.723985,0.723985,0.723985,0.723985,0.0,0.0
a,similar_smaller_multi,instance_0011.txt,1,1,0,0,6.794019933554817,6.794019933554817,6.794019933554817,6.794019933554817,6.794019933554817,0.0,0.0,2045.0,2045.0,2045,2045,2045,0.0,0.0,301.0,301.0,301,301,301,0.0,0.0,0.469032,0.469032,0.469032,0.469032,0.469032,0.0,0.0
a,similar_smaller_multi,instance_0012.txt,1,1,0,0,2.185185185185185,2.185185185185185,2.185185185185185,2.185185185185185,2.185185185185185,0.0,0.0,177.0,177.0,177,177,177,0.0,0.0,81.0,81.0,81,81,81,0.0,0.0,0.061701,0.061701,0.061701,0.061701,0.061701,0.0,0.0
a,similar_smaller_multi,instance_0013.txt,1,1,0,0,12.590659340659341,12.590659340659341,12.590659340659341,12.590659340659341,12.590659340659341,0.0,0.0,4583.0,4583.0,4583,4583,4583,0.0,0.0,364.0,364.0,364,364,364,0.0,0.0,1.051162,1.051162,1.051162,1.051162,1.051162,0.0,0.0
a,similar_smaller_multi,instance_0014.txt,1,1,0,0,20.58244680851064,20.58244680851064,20.58244680851064,20.58244680851064,20.58244680851064,0.0,0.0,7739.0,7739.0,7739,7739,7739,0.0,0.0,376.0,376.0,376,376,376,0.0,0.0,1.503078,1.503078,1.503078,1.503078,1.503078,0.0,0.0
a,similar_smaller_multi,instance_0015.txt,1,1,0,0,10.725947521865889,10.725947521865889,10.725947521865889,10.725947521865889,10.725947521865889,0.0,0.0,3679.0,3679.0,3679,3679,3679,0.0,0.0,343.0,343.0,343,343,343,0.0,0.0,0.97396,0.97396,0.97396,0.97396,0.97396,0.0,0.0
a,similar_smaller_multi,instance_0016.txt,1,1,0,0,9.661971830985916,9.661971830985916,9.661971830985916,9.661971830985916,9.661971830985916,0.0,0.0,686.0,686.0,686,686,686,0.0,0.0,71.0,71.0,71,71,71,0.0,0.0,0.040299,0.040299,0.040299,0.040299,0.040299,0.0,0.0
a,similar_smaller_multi,instance_0017.txt,1,1,0,0,3.8043478260869565,3.8043478260869565,3.8043478260869565,3.8043478260869565,3.8043478260869565,0.0,0.0,175.0,175.0,175,175,175,0.0,0.0,46.0,46.0,46,46,46,0.0,0.0,0.016464,0.016464,0.016464,0.016464,0.016464,0.0,0.0
a,similar_smaller_multi,instance_0018.txt,1,1,0,0,15.855263157894736,15.855263157894736,15.855263157894736,15.855263157894736,15.855263157894736,0.0,0.0,1205.0,1205.0,1205,1205,1205,0.0,0.0,76.0,76.0,76,76,76,0.0,0.0,0.06794,0.06794,0.06794,0.06794,0.06794,0.0,0.0
a,similar_smaller_multi,instance_0019.txt,1,1,0,0,9.891089108910892,9.891089108910892,9.891089108910892,9.891089108910892,9.891089108910892,0.0,0.0,999.0,999.0,999,999,999,0.0,0.0,101.0,101.0,101,101,101,0.0,0.0,0.145807,0.145807,0.145807,0.145807,0.145807,0.0,0.0
a,similar_smaller_multi,instance_0020.txt,1,1,0,0,5.0,5.0,5.0,5.0,5.0,0.0,0.0,10.0,10.0,10,10,10,0.0,0.0,2.0,2.0,2,2,2,0.0,0.0,0.00014,0.00014,0.00014,0.00014,0.00014,0.0,0.0
a,similar_smaller_multi_weighted,instance_0001.txt,1,1,0,0,2.72,2.72,2.72,2.72,2.72,0.0,0.0,68.0,68.0,68,68,68,0.0,0.0,25.0,25.0,25,25,25,0.0,0.0,0.004973,0.004973,0.004973,0.004973,0.004973,0.0,0.0
a,similar_smaller_multi_weighted,instance_0002.txt,1,1,0,0,1.0,1.0,1.0,1.0,1.0,0.0,0.0,2.0,2.0,2,2,2,0.0,0.0,2.0,2.0,2,2,2,0.0,0.0,0.000137,0.000137,0.000137,0.000137,0.000137,0.0,0.0
a,similar_smaller_multi_weighted,instance_0003.txt,1,1,0,0,3.0285714285714285,3.0285714285714285,3.0285714285714285,3.0285714285714285,3.0285714285714285,0.0,0.0,106.0,106.0,106,106,106,0.0,0.0,35.0,35.0,35,35,35,0.0,0.0,0.008931,0.008931,0.008931,0.008931,0.008931,0.0,0.0
a,similar_smaller_multi_weighted,instance_0004.txt,1,1,0,0,1.8571428571428572,1.8571428571428572,1.8571428571428572,1.8571428571428572,1.8571428571428572,0.0,0.0,39.0,39.0,39,39,39,0.0,0.0,21.0,21.0,21,21,21,0.0,0.0,0.002034,0.002034,0.002034,0.002034,0.002034,0.0,0.0
a,similar_smaller_multi_weighted,instance_0005.txt,1,1,0,0,32.54814814814815,32.54814814814815,32.54814814814815,32.54814814814815,32.54814814814815,0.0,0.0,4394.0,4394.0,4394,4394,4394,0.0,0.0,135.0,135.0,135,135,135,0.0,0.0,0.292479,0.292479,0.292479,0.292479,0.292479,0.0,0.0
a,similar_smaller_multi_weighted,instance_0006.txt,1,1,0,0,27.602836879432623,27.602836879432623,27.602836879432623,27.602836879432623,27.602836879432623,0.0,0.0,3892.0,3892.0,3892,3892,3892,0.0,0.0,141.0,141.0,141,141,141,0.0,0.0,0.294901,0.294901,0.294901,0.294901,0.294901,0.0,0.0
a,similar_smaller_multi_weighted,instance_0007.txt,1,1,0,0,26.53103448275862,26.53103448275862,26.53103448275862,26.53103448275862,26.53103448275862,0.0,0.0,3847.0,3847.0,3847,3847,3847,0.0,0.0,145.0,145.0,145,145,145,0.0,0.0,0.396134,0.396134,0.396134,0.396134,0.396134,0.0,0.0
a,similar_smaller_multi_weighted,instance_0008.txt,1,1,0,0,22.007751937984494,22.007751937984494,22.007751937984494,22.007751937984494,22.007751937984494,0.0,0.0,2839.0,2839.0,2839,2839,2839,0.0,0.0,129.0,129.0,129,129,129,0.0,0.0,0.199373,0.199373,0.199373,0.199373,0.199373,0.0,0.0
a,similar_smaller_multi_weighted,instance_0009.txt,1,1,0,0,2.303030303030303,2.303030303030303,2.303030303030303,2.303030303030303,2.303030303030303,0.0,0.0,152.0,152.0,152,152,152,0.0,0.0,66.0,66.0,66,66,66,0.0,0.0,0.024949,0.024949,0.024949,0.024949,0.024949,0.0,0.0
a,similar_smaller_multi_weighted,instance_0010.txt,1,1,0,0,5.918644067796611,5.918644067796611,5.918644067796611,5.918644067796611,5.918644067796611,0.0,0.0,1746.0,1746.0,1746,1746,1746,0.0,0.0,295.0,295.0,295,295,295,0.0,0.0,0.574826,0.574826,0.574826,0.574826,0.574826,0.0,0.0
a,similar_smaller_multi_weighted,instance_0011.txt,1,1,0,0,6.794019933554817,6.794019933554817,6.794019933554817,6.794019933554817,6.794019933554817,0.0,0.0,2045.0,2045.0,2045,2045,2045,0.0,0.0,301.0,301.0,301,301,301,0.0,0.0,0.503179,0.503179,0.503179,0.503179,0.503179,0.0,0.0
a,similar_smaller_multi_weighted,instance_0012.txt,1,1,0,0,2.185185185185185,2.185185185185185,2.185185185185185,2.185185185185185,2.185185185185185,0.0,0.0,177.0,177.0,177,177,177,0.0,0.0,81.0,81.0,81,81,81,0.0,0.0,0.030665,0.030665,0.030665,0.030665,0.030665,0.0,0.0
a,similar_smaller_multi_weighted,instance_0013.txt,1,1,0,0,12.590659340659341,12.590659340659341,12.590659340659341,12.590659340659341,12.590659340659341,0.0,0.0,4583.0,4583.0,4583,4583,4583,0.0,0.0,364.0,364.0,364,364,364,0.0,0.0,0.859926,0.859926,0.859926,0.859926,0.859926,0.0,0.0
a,similar_smaller_multi_weighted,instance_0014.txt,1,1,0,0,20.58244680851064,20.58244680851064,20.58244680851064,20.58244680851064,20.58244680851064,0.0,0.0,7739.0,7739.0,7739,7739,7739,0.0,0.0,376.0,376.0,376,376,376,0.0,0.0,0.971097,0.971097,0.971097,0.971097,0.971097,0.0,0.0
a,similar_smaller_multi_weighted,instance_0015.txt,1,1,0,0,10.725947521865889,10.725947521865889,10.725947521865889,10.725947521865889,10.725947521865889,0.0,0.0,3679.0,3679.0,3679,3679,3679,0.0,0.0,343.0,343.0,343,343,343,0.0,0.0,0.858959,0.858959,0.858959,0.858959,0.858959,0.0,0.0
a,similar_smaller_multi_weighted,instance_0016.txt,1,1,0,0,9.661971830985916,9.661971830985916,9.661971830985916,9.661971830985916,9.661971830985916,0.0,0.0,686.0,686.0,686,686,686,0.0,0.0,71.0,71.0,71,71,71,0.0,0.0,0.030347,0.030347,0.030347,0.030347,0.030347,0.0,0.0
a,similar_smaller_multi_weighted,instance_0017.txt,1,1,0,0,3.8043478260869565,3.8043478260869565,3.8043478260869565,3.8043478260869565,3.8043478260869565,0.0,0.0,175.0,175.0,175,175,175,0.0,0.0,46.0,46.0,46,46,46,0.0,0.0,0.012397,0.012397,0.012397,0.012397,0.012397,0.0,0.0
a,similar_smaller_multi_weighted,instance_0018.txt,1,1,0,0,15.855263157894736,15.855263157894736,15.855263157894736,15.855263157894736,15.855263157894736,0.0,0.0,1205.0,1205.0,1205,1205,1205,0.0,0.0,76.0,76.0,76,76,76,0.0,0.0,0.052328,0.052328,0.052328,0.052328,0.052328,0.0,0.0
a,similar_smaller_multi_weighted,instance_0019.txt,1,1,0,0,9.891089108910892,9.891089108910892,9.891089108910892,9.891089108910892,9.891089108910892,0.0,0.0,999.0,999.0,999,999,999,0.0,0.0,101.0,101.0,101,101,101,0.0,0.0,0.109395,0.109395,0.109395,0.109395,0.109395,0.0,0.0
a,similar_smaller_multi_weighted,instance_0020.txt,1,1,0,0,5.0,5.0,5.0,5.0,5.0,0.0,0.0,10.0,10.0,10,10,10,0.0,0.0,2.0,2.0,2,2,2,0.0,0.0,0.000115,0.000115,0.000115,0.000115,0.000115,0.0,0.0
a,similar_smaller_weighted,instance_0001.txt,1,1,0,0,2.6153846153846154,2.6153846153846154,2.6153846153846154,2.6153846153846154,2.6153846153846154,0.0,0.0,68.0,68.0,68,68,68,0.0,0.0,26.0,26.0,26,26,26,0.0,0.0,0.003771,0.003771,0.003771,0.003771,0.003771,0.0,0.0
a,similar_smaller_weighted,instance_0002.txt,1,1,0,0,1.0,1.0,1.0,1.0,1.0,0.0,0.0,2.0,2.0,2,2,2,0.0,0.0,2.0,2.0,2,2,2,0.0,0.0,0.000141,0.000141,0.000141,0.000141,0.000141,0.0,0.0
a,similar_smaller_weighted,instance_0003.txt,1,1,0,0,2.864864864864865,2.864864864864865,2.864864864864865,2.864864864864865,2.864864864864865,0.0,0.0,106.0,106.0,106,106,106,0.0,0.0,37.0,37.0,37,37,37,0.0,0.0,0.004271,0.004271,0.004271,0.004271,0.004271,0.0,0.0
a,similar_smaller_weighted,instance_0004.txt,1,1,0,0,1.7727272727272727,1.7727272727272727,1.7727272727272727,1.7727272727272727,1.7727272727272727,0.0,0.0,39.0,39.0,39,39,39,0.0,0.0,22.0,22.0,22,22,22,0.0,0.0,0.00244,0.00244,0.00244,0.00244,0.00244,0.0,0.0
a,similar_smaller_weighted,instance_0005.txt,1,1,0,0,31.840579710144926,31.840579710144926,31.840579710144926,31.840579710144926,31.840579710144926,0.0,0.0,4394.0,4394.0,4394,4394,4394,0.0,0.0,138.0,138.0,138,138,138,0.0,0.0,0.182997,0.182997,0.182997,0.182997,0.182997,0.0,0.0
a,similar_smaller_weighted,instance_0006.txt,1,1,0,0,26.65753424657534,26.65753424657534,26.65753424657534,26.65753424657534,26.65753424657534,0.0,0.0,3892.0,3892.0,3892,3892,3892,0.0,0.0,146.0,146.0,146,146,146,0.0,0.0,0.218113,0.218113,0.218113,0.218113,0.218113,0.0,0.0
a,similar_smaller_weighted,instance_0007.txt,1,1,0,0,25.818791946308725,25.818791946308725,25.818791946308725,25.818791946308725,25.818791946308725,0.0,0.0,3847.0,3847.0,3847,3847,3847,0.0,0.0,149.0,149.0,149,149,149,0.0,0.0,0.164546,0.164546,0.164546,0.164546,0.164546,0.0,0.0
a,similar_smaller_weighted,instance_0008.txt,1,1,0,0,21.838461538461537,21.838461538461537,21.838461538461537,21.838461538461537,21.838461538461537,0.0,0.0,2839.0,2839.0,2839,2839,2839,0.0,0.0,130.0,130.0,130,130,130,0.0,0.0,0.138637,0.138637,0.138637,0.138637,0.138637,0.0,0.0
a,similar_smaller_weighted,instance_0009.txt,1,1,0,0,2.026666666666667,2.026666666666667,2.026666666666667,2.026666666666667,2.026666666666667,0.0,0.0,152.0,152.0,152,152,152,0.0,0.0,75.0,75.0,75,75,75,0.0,0.0,0.021394,0.021394,0.021394,0.021394,0.021394,0.0,0.0
a,similar_smaller_weighted,instance_0010.txt,1,1,0,0,5.507886435331231,5.507886435331231,5.507886435331231,5.507886435331231,5.507886435331231,0.0,0.0,1746.0,1746.0,1746,1746,1746,0.0,0.0,317.0,317.0,317,317,317,0.0,0.0,0.250816,0.250816,0.250816,0.250816,0.250816,0.0,0.0
a,similar_smaller_weighted,instance_0011.txt,1,1,0,0,6.350931677018633,6.350931677018633,6.350931677018633,6.350931677018633,6.350931677018633,0.0,0.0,2045.0,2045.0,2045,2045,2045,0.0,0.0,322.0,322.0,322,322,322,0.0,0.0,0.377105,0.377105,0.377105,0.377105,0.377105,0.0,0.0
a,similar_smaller_weighted,instance_0012.txt,1,1,0,0,1.8829787234042554,1.8829787234042554,1.8829787234042554,1.8829787234042554,1.8829787234042554,0.0,0.0,177.0,177.0,177,177,177,0.0,0.0,94.0,94.0,94,94,94,0.0,0.0,0.025537,0.025537,0.025537,0.025537,0.025537,0.0,0.0
a,similar_smaller_weighted,instance_0013.txt,1,1,0,0,12.487738419618529,12.487738419618529,12.487738419618529,12.487738419618529,12.487738419618529,0.0,0.0,4583.0,4583.0,4583,4583,4583,0.0,0.0,367.0,367.0,367,367,367,0.0,0.0,0.657788,0.657788,0.657788,0.657788,0.657788,0.0,0.0
a,similar_smaller_weighted,instance_0014.txt,1,1,0,0,20.473544973544975,20.473544973544975,20.473544973544975,20.473544973544975,20.473544973544975,0.0,0.0,7739.0,7739.0,7739,7739,7739,0.0,0.0,378.0,378.0,378,378,378,0.0,0.0,1.102205,1.102205,1.102205,1.102205,1.102205,0.0,0.0
a,similar_smaller_weighted,instance_0015.txt,1,1,0,0,10.305322128851541,10.305322128851541,10.305322128851541,10.305322128851541,10.305322128851541,0.0,0.0,3679.0,3679.0,3679,3679,3679,0.0,0.0,357.0,357.0,357,357,357,0.0,0.0,0.773656,0.773656,0.773656,0.773656,0.773656,0.0,0.0
a,similar_smaller_weighted,instance_0016.txt,1,1,0,0,9.527777777777779,9.527777777777779,9.527777777777779,9.527777777777779,9.527777777777779,0.0,0.0,686.0,686.0,686,686,686,0.0,0.0,72.0,72.0,72,72,72,0.0,0.0,0.040669,0.040669,0.040669,0.040669,0.040669,0.0,0.0
a,similar_smaller_weighted,instance_0017.txt,1,1,0,0,3.8043478260869565,3.8043478260869565,3.8043478260869565,3.8043478260869565,3.8043478260869565,0.0,0.0,175.0,175.0,175,175,175,0.0,0.0,46.0,46.0,46,46,46,0.0,0.0,0.010348,0.010348,0.010348,0.010348,0.010348,0.0,0.0
a,similar_smaller_weighted,instance_0018.txt,1,1,0,0,15.855263157894736,15.855263157894736,15.855263157894736,15.855263157894736,15.855263157894736,0.0,0.0,1205.0,1205.0,1205,1205,1205,0.0,0.0,76.0,76.0,76,76,76,0.0,0.0,0.060444,0.060444,0.060444,0.060444,0.060444,0.0,0.0
a,similar_smaller_weighted,instance_0019.txt,1,1,0,0,9.60576923076923,9.60576923076923,9.60576923076923,9.60576923076923,9.60576923076923,0.0,0.0,999.0,999.0,999,999,999,0.0,0.0,104.0,104.0,104,104,104,0.0,0.0,0.073852,0.073852,0.073852,0.073852,0.073852,0.0,0.0
a,similar_smaller_weighted,instance_0020.txt,1,1,0,0,3.3333333333333335,3.3333333333333335,3.3333333333333335,3.3333333333333335,3.3333333333333335,0.0,0.0,10.0,10.0,10,10,10,0.0,0.0,3.0,3.0,3,3,3,0.0,0.0,0.000118,0.000118,0.000118,0.000118,0.000118,0.0,0.0
a,similar_weighted,instance_0001.txt,30,30,0,0,2.719051509145712,2.68,2.7916666666666665,2.5185185185185186,2.9565217391304346,0.012090660195361064,0.10995753814705504,67.5,67.5,68,67,68,0.25,0.5,24.866666666666667,25.0,24,23,27,1.1155555555555559,1.0561986345169907,0.003447733333333333,0.003504,0.003402,0.001676,0.005786,6.840398622222223e-07,0.000827067024020558
a,similar_weighted,instance_0002.txt,30,30,0,0,1.4,1.0,1.0,1.0,2.0,0.24000000000000005,0.48989794855663565,2.0,2.0,2,2,2,0.0,0.0,1.6,2.0,2,1,2,0.24000000000000005,0.48989794855663565,0.0001648333333333333,0.000132,0.000116,8.3e-05,0.000649,1.3896805555555552e-08,0.00011788471298499882
a,similar_weighted,instance_0003.txt,30,30,0,0,2.8124979338971636,2.864864864864865,2.864864864864865,2.5853658536585367,2.9444444444444446,0.009036835387315327,0.09506227110328959,106.0,106.0,106,106,106,0.0,0.0,37.733333333333334,37.0,37,36,41,1.7288888888888883,1.3148721948877344,0.0058865666666666665,0.0059235,0.007183,0.003,0.00847,1.480190578888889e-06,0.0012166308309790974
a,similar_weighted,instance_0004.txt,30,30,0,0,1.7905828471045864,1.7727272727272727,1.7727272727272727,1.7391304347826086,2.0,0.0033545735751973134,0.057918680710089675,38.766666666666666,39.0,39,37,40,0.5788888888888889,0.7608474807008885,21.666666666666668,22.0,22,20,23,0.4222222222222223,0.6497862896539309,0.0018949666666666664,0.0019004999999999998,0.002066,0.000809,0.003627,2.9436176555555546e-07,0.000542551163997973
a,similar_weighted,instance_0005.txt,30,30,0,0,31.86077720943449,31.847826086956523,31.847826086956523,31.840579710144926,32.30882352941177,0.006933726483868247,0.08326900073777904,4394.633333333333,4395.0,4395,4394,4395,0.23222222222222214,0.48189440982669857,137.93333333333334,138.0,138,136,138,0.12888888888888886,0.35901098714230023,0.2202857333333333,0.234792,0.121419,0.121419,0.322177,0.002515137683195556,0.050151148373646995
a,similar_weighted,instance_0006.txt,30,30,0,0,26.657534246575338,26.65753424657534,26.65753424657534,26.65753424657534,26.65753424657534,1.262177448353619e-29,3.552713678800501e-15,3892.0,3892.0,3892,3892,3892,0.0,0.0,146.0,146.0,146,146,146,0.0,0.0,0.24957303333333333,0.274238,0.193309,0.133962,0.296579,0.0017230794036988885,0.041509991612850135
a,similar_weighted,instance_0007.txt,30,30,0,0,25.818791946308718,25.818791946308725,25.818791946308725,25.818791946308725,25.818791946308725,5.048709793414476e-29,7.105427357601002e-15,3847.0,3847.0,3847,3847,3847,0.0,0.0,149.0,149.0,149,149,149,0.0,0.0,0.25412196666666664,0.2639525,0.26154,0.139656,0.308304,0.002561139998432222,0.050607706907468374
a,similar_weighted,instance_0008.txt,30,30,0,0,21.811691253299625,21.846153846153847,21.846153846153847,21.515151515151516,22.015503875968992,0.00815016318763003,0.09027825423450561,2839.8333333333335,2840.0,2840,2839,2840,0.13888888888888887,0.3726779962499649,130.2,130.0,130,129,132,0.29333333333333333,0.5416025603090641,0.1490266666666667,0.158748,0.163202,0.102827,0.176897,0.0006078917361555555,0.024655460574800777
a,similar_weighted,instance_0009.txt,30,30,0,0,2.0286929926865036,2.026666666666667,2.026666666666667,1.8888888888888888,2.1714285714285713,0.0023272229816738406,0.048241299543791735,152.2,152.0,152,152,153,0.16000000000000006,0.4000000000000001,75.06666666666666,75.0,75,70,81,3.3288888888888897,1.8245242911205346,0.019874666666666665,0.0199275,0.01703,0.011337,0.026425,1.9100899355555557e-05,0.004370457568213602
a,similar_weighted,instance_0010.txt,30,30,0,0,5.506731742158208,5.507886435331231,5.507886435331231,5.490566037735849,5.507886435331231,1.8666428533641146e-05,0.004320466240308,1746.0,1746.0,1746,1746,1746,0.0,0.0,317.06666666666666,317.0,317,317,318,0.06222222222222224,0.24944382578492946,0.30171016666666667,0.291424,0.176069,0.176069,0.377603,0.003467801098405556,0.058888038670052135
a,similar_weighted,instance_0011.txt,30,30,0,0,6.363926247476505,6.369158878504673,6.350931677018633,6.350931677018633,6.390625,0.00016379795718895064,0.012798357597322816,2044.9333333333334,2045.0,2045,2044,2045,0.06222222222222221,0.2494438257849294,321.3333333333333,321.0,321,320,322,0.4222222222222222,0.6497862896539309,0.3331372333333334,0.3348965,0.282701,0.187815,0.418027,0.0036852290787788887,0.06070608765831388
a,similar_weighted,instance_0012.txt,30,30,0,0,1.8851144684486012,1.8829787234042554,1.8829787234042554,1.824742268041237,2.0,0.0010450885783079345,0.03232782978036006,176.83333333333334,177.0,177,176,177,0.13888888888888892,0.372677996249965,93.83333333333333,94.0,94,88,97,2.73888888888889,1.6549588783075215,0.023980899999999996,0.0260545,0.020536,0.014751,0.028113,1.548836502333333e-05,0.003935526016091538
a,similar_weighted,instance_0013.txt,30,30,0,0,12.487738419618532,12.487738419618529,12.487738419618529,12.487738419618529,12.487738419618529,1.262177448353619e-29,3.552713678800501e-15,4583.0,4583.0,4583,4583,4583,0.0,0.0,367.0,367.0,367,367,367,0.0,0.0,1.0066613,1.1058535,0.516927,0.516927,1.266283,0.038967396821010004,0.1974016130152183
a,similar_weighted,instance_0014.txt,30,30,0,0,20.47354497354498,20.473544973544975,20.473544973544975,20.473544973544975,20.473544973544975,1.262177448353619e-29,3.552713678800501e-15,7739.0,7739.0,7739,7739,7739,0.0,0.0,378.0,378.0,378,378,378,0.0,0.0,1.8036062666666666,1.767322,2.112025,1.246298,2.14664,0.08016199267119557,0.28312893294609714
a,similar_weighted,instance_0015.txt,30,30,0,0,10.306287046653862,10.305322128851541,10.305322128851541,10.305322128851541,10.334269662921349,2.700092459217489e-05,0.005196241390868489,3679.0,3679.0,3679,3679,3679,0.0,0.0,356.96666666666664,357.0,357,356,357,0.03222222222222221,0.1795054935711501,0.6581965666666666,0.641938,0.902824,0.395831,0.985308,0.012247943125645559,0.11067042570463691
a,similar_weighted,instance_0016.txt,30,30,0,0,9.527777777777777,9.527777777777779,9.527777777777779,9.527777777777779,9.527777777777779,3.1554436208840472e-30,1.7763568394002505e-15,686.0,686.0,686,686,686,0.0,0.0,72.0,72.0,72,72,72,0.0,0.0,0.03719866666666667,0.038727,0.038384,0.020448,0.04387,2.9608819488888886e-05,0.005441398670276686
a,similar_weighted,instance_0017.txt,30,30,0,0,3.7989515880357687,3.8043478260869565,3.8043478260869565,3.723404255319149,3.8043478260869565,0.0004076713914711256,0.020190873965015125,175.0,175.0,175,175,175,0.0,0.0,46.06666666666667,46.0,46,46,47,0.06222222222222222,0.24944382578492943,0.009566700000000001,0.0093855,0.012088,0.005517,0.013665,5.06580241e-06,0.0022507337492471205
a,similar_weighted,instance_0018.txt,30,30,0,0,15.855263157894736,15.855263157894736,15.855263157894736,15.855263157894736,15.855263157894736,0.0,0.0,1205.0,1205.0,1205,1205,1205,0.0,0.0,76.0,76.0,76,76,76,0.0,0.0,0.0541339,0.059329,0.030265,0.030265,0.073258,0.00011575411842333339,0.010758908793336497
a,similar_weighted,instance_0019.txt,30,30,0,0,9.612045769764215,9.60576923076923,9.60576923076923,9.514285714285714,9.699029126213592,0.0011093203276800795,0.0333064607498317,999.0,999.0,999,999,999,0.0,0.0,103.93333333333334,104.0,104,103,105,0.1288888888888889,0.3590109871423003,0.05897513333333334,0.058054999999999995,0.04854,0.036808,0.076341,0.00010818885151555558,0.010401386999605177
a,similar_weighted,instance_0020.txt,30,30,0,0,3.6666666666666665,4.0,4.0,3.0,4.0,0.17777777777777778,0.4216370213557839,11.6,12.0,12,10,12,0.64,0.8,3.2,3.0,3,3,4,0.15999999999999998,0.39999999999999997,0.0001246,0.0001135,0.000105,7e-05,0.000312,2.2743733333333328e-09,4.7690390366753475e-05
a,smaller,instance_0001.txt,1,1,0,0,2.2758620689655173,2.2758620689655173,2.2758620689655173,2.2758620689655173,2.2758620689655173,0.0,0.0,66.0,66.0,66,66,66,0.0,0.0,29.0,29.0,29,29,29,0.0,0.0,0.005073,0.005073,0.005073,0.005073,0.005073,0.0,0.0
a,smaller,instance_0002.txt,1,1,0,0,1.0,1.0,1.0,1.0,1.0,0.0,0.0,2.0,2.0,2,2,2,0.0,0.0,2.0,2.0,2,2,2,0.0,0.0,0.000157,0.000157,0.000157,0.000157,0.000157,0.0,0.0
a,smaller,instance_0003.txt,1,1,0,0,2.6666666666666665,2.6666666666666665,2.6666666666666665,2.6666666666666665,2.6666666666666665,0.0,0.0,104.0,104.0,104,104,104,0.0,0.0,39.0,39.0,39,39,39,0.0,0.0,0.010458,0.010458,0.010458,0.010458,0.010458,0.0,0.0
a,smaller,instance_0004.txt,1,1,0,0,1.6363636363636365,1.6363636363636365,1.6363636363636365,1.6363636363636365,1.6363636363636365,0.0,0.0,36.0,36.0,36,36,36,0.0,0.0,22.0,22.0,22,22,22,0.0,0.0,0.003457,0.003457,0.003457,0.003457,0.003457,0.0,0.0
a,smaller,instance_0005.txt,1,1,0,0,31.156028368794328,31.156028368794328,31.156028368794328,31.156028368794328,31.156028368794328,0.0,0.0,4393.0,4393.0,4393,4393,4393,0.0,0.0,141.0,141.0,141,141,141,0.0,0.0,0.441413,0.441413,0.441413,0.441413,0.441413,0.0,0.0
a,smaller,instance_0006.txt,1,1,0,0,26.120805369127517,26.120805369127517,26.120805369127517,26.120805369127517,26.120805369127517,0.0,0.0,3892.0,3892.0,3892,3892,3892,0.0,0.0,149.0,149.0,149,149,149,0.0,0.0,0.295055,0.295055,0.295055,0.295055,0.295055,0.0,0.0
a,smaller,instance_0007.txt,1,1,0,0,25.818791946308725,25.818791946308725,25.818791946308725,25.818791946308725,25.818791946308725,0.0,0.0,3847.0,3847.0,3847,3847,3847,0.0,0.0,149.0,149.0,149,149,149,0.0,0.0,0.373231,0.373231,0.373231,0.373231,0.373231,0.0,0.0
a,smaller,instance_0008.txt,1,1,0,0,20.120567375886523,20.120567375886523,20.120567375886523,20.120567375886523,20.120567375886523,0.0,0.0,2837.0,2837.0,2837,2837,2837,0.0,0.0,141.0,141.0,141,141,141,0.0,0.0,0.197609,0.197609,0.197609,0.197609,0.197609,0.0,0.0
a,smaller,instance_0009.txt,1,1,0,0,1.7078651685393258,1.7078651685393258,1.7078651685393258,1.7078651685393258,1.7078651685393258,0.0,0.0,152.0,152.0,152,152,152,0.0,0.0,89.0,89.0,89,89,89,0.0,0.0,0.032985,0.032985,0.032985,0.032985,0.032985,0.0,0.0
a,smaller,instance_0010.txt,1,1,0,0,5.470219435736677,5.470219435736677,5.470219435736677,5.470219435736677,5.470219435736677,0.0,0.0,1745.0,1745.0,1745,1745,1745,0.0,0.0,319.0,319.0,319,319,319,0.0,0.0,0.400984,0.400984,0.400984,0.400984,0.400984,0.0,0.0
a,smaller,instance_0011.txt,1,1,0,0,6.401253918495298,6.401253918495298,6.401253918495298,6.401253918495298,6.401253918495298,0.0,0.0,2042.0,2042.0,2042,2042,2042,0.0,0.0,319.0,319.0,319,319,319,0.0,0.0,0.594112,0.594112,0.594112,0.594112,0.594112,0.0,0.0
a,smaller,instance_0012.txt,1,1,0,0,1.7777777777777777,1.7777777777777777,1.7777777777777777,1.7777777777777777,1.7777777777777777,0.0,0.0,176.0,176.0,176,176,176,0.0,0.0,99.0,99.0,99,99,99,0.0,0.0,0.041197,0.041197,0.041197,0.041197,0.041197,0.0,0.0
a,smaller,instance_0013.txt,1,1,0,0,12.386486486486486,12.386486486486486,12.386486486486486,12.386486486486486,12.386486486486486,0.0,0.0,4583.0,4583.0,4583,4583,4583,0.0,0.0,370.0,370.0,370,370,370,0.0,0.0,1.159641,1.159641,1.159641,1.159641,1.159641,0.0,0.0
a,smaller,instance_0014.txt,1,1,0,0,20.153645833333332,20.153645833333332,20.153645833333332,20.153645833333332,20.153645833333332,0.0,0.0,7739.0,7739.0,7739,7739,7739,0.0,0.0,384.0,384.0,384,384,384,0.0,0.0,1.851518,1.851518,1.851518,1.851518,1.851518,0.0,0.0
a,smaller,instance_0015.txt,1,1,0,0,10.305322128851541,10.305322128851541,10.305322128851541,10.305322128851541,10.305322128851541,0.0,0.0,3679.0,3679.0,3679,3679,3679,0.0,0.0,357.0,357.0,357,357,357,0.0,0.0,1.11449,1.11449,1.11449,1.11449,1.11449,0.0,0.0
a,smaller,instance_0016.txt,1,1,0,0,9.527777777777779,9.527777777777779,9.527777777777779,9.527777777777779,9.527777777777779,0.0,0.0,686.0,686.0,686,686,686,0.0,0.0,72.0,72.0,72,72,72,0.0,0.0,0.052114,0.052114,0.052114,0.052114,0.052114,0.0,0.0
a,smaller,instance_0017.txt,1,1,0,0,3.8043478260869565,3.8043478260869565,3.8043478260869565,3.8043478260869565,3.8043478260869565,0.0,0.0,175.0,175.0,175,175,175,0.0,0.0,46.0,46.0,46,46,46,0.0,0.0,0.013566,0.013566,0.013566,0.013566,0.013566,0.0,0.0
a,smaller,instance_0018.txt,1,1,0,0,15.253164556962025,15.253164556962025,15.253164556962025,15.253164556962025,15.253164556962025,0.0,0.0,1205.0,1205.0,1205,1205,1205,0.0,0.0,79.0,79.0,79,79,79,0.0,0.0,0.090618,0.090618,0.090618,0.090618,0.090618,0.0,0.0
a,smaller,instance_0019.txt,1,1,0,0,9.0,9.0,9.0,9.0,9.0,0.0,0.0,999.0,999.0,999,999,999,0.0,0.0,111.0,111.0,111,111,111,0.0,0.0,0.067737,0.067737,0.067737,0.067737,0.067737,0.0,0.0
a,smaller,instance_0020.txt,1,1,0,0,3.3333333333333335,3.3333333333333335,3.3333333333333335,3.3333333333333335,3.3333333333333335,0.0,0.0,10.0,10.0,10,10,10,0.0,0.0,3.0,3.0,3,3,3,0.0,0.0,0.000121,0.000121,0.000121,0.000121,0.000121,0.0,0.0
a,smaller_multi,instance_0001.txt,1,1,0,0,2.357142857142857,2.357142857142857,2.357142857142857,2.357142857142857,2.357142857142857,0.0,0.0,66.0,66.0,66,66,66,0.0,0.0,28.0,28.0,28,28,28,0.0,0.0,0.006169,0.006169,0.006169,0.006169,0.006169,0.0,0.0
a,smaller_multi,instance_0002.txt,1,1,0,0,1.0,1.0,1.0,1.0,1.0,0.0,0.0,2.0,2.0,2,2,2,0.0,0.0,2.0,2.0,2,2,2,0.0,0.0,0.000181,0.000181,0.000181,0.000181,0.000181,0.0,0.0
a,smaller_multi,instance_0003.txt,1,1,0,0,2.810810810810811,2.810810810810811,2.810810810810811,2.810810810810811,2.810810810810811,0.0,0.0,104.0,104.0,104,104,104,0.0,0.0,37.0,37.0,37,37,37,0.0,0.0,0.006625,0.006625,0.006625,0.006625,0.006625,0.0,0.0
a,smaller_multi,instance_0004.txt,1,1,0,0,1.6363636363636365,1.6363636363636365,1.6363636363636365,1.6363636363636365,1.6363636363636365,0.0,0.0,36.0,36.0,36,36,36,0.0,0.0,22.0,22.0,22,22,22,0.0,0.0,0.002678,0.002678,0.002678,0.002678,0.002678,0.0,0.0
a,smaller_multi,instance_0005.txt,1,1,0,0,31.156028368794328,31.156028368794328,31.156028368794328,31.156028368794328,31.156028368794328,0.0,0.0,4393.0,4393.0,4393,4393,4393,0.0,0.0,141.0,141.0,141,141,141,0.0,0.0,0.263216,0.263216,0.263216,0.263216,0.263216,0.0,0.0
a,smaller_multi,instance_0006.txt,1,1,0,0,26.65753424657534,26.65753424657534,26.65753424657534,26.65753424657534,26.65753424657534,0.0,0.0,3892.0,3892.0,3892,3892,3892,0.0,0.0,146.0,146.0,146,146,146,0.0,0.0,0.314562,0.314562,0.314562,0.314562,0.314562,0.0,0.0
a,smaller_multi,instance_0007.txt,1,1,0,0,26.53103448275862,26.53103448275862,26.53103448275862,26.53103448275862,26.53103448275862,0.0,0.0,3847.0,3847.0,3847,3847,3847,0.0,0.0,145.0,145.0,145,145,145,0.0,0.0,0.353035,0.353035,0.353035,0.353035,0.353035,0.0,0.0
a,smaller_multi,instance_0008.txt,1,1,0,0,20.41007194244604,20.41007194244604,20.41007194244604,20.41007194244604,20.41007194244604,0.0,0.0,2837.0,2837.0,2837,2837,2837,0.0,0.0,139.0,139.0,139,139,139,0.0,0.0,0.435569,0.435569,0.435569,0.435569,0.435569,0.0,0.0
a,smaller_multi,instance_0009.txt,1,1,0,0,1.9240506329113924,1.9240506329113924,1.9240506329113924,1.9240506329113924,1.9240506329113924,0.0,0.0,152.0,152.0,152,152,152,0.0,0.0,79.0,79.0,79,79,79,0.0,0.0,0.036784,0.036784,0.036784,0.036784,0.036784,0.0,0.0
a,smaller_multi,instance_0010.txt,1,1,0,0,5.759075907590759,5.759075907590759,5.759075907590759,5.759075907590759,5.759075907590759,0.0,0.0,1745.0,1745.0,1745,1745,1745,0.0,0.0,303.0,303.0,303,303,303,0.0,0.0,0.825065,0.825065,0.825065,0.825065,0.825065,0.0,0.0
a,smaller_multi,instance_0011.txt,1,1,0,0,6.806666666666667,6.806666666666667,6.806666666666667,6.806666666666667,6.806666666666667,0.0,0.0,2042.0,2042.0,2042,2042,2042,0.0,0.0,300.0,300.0,300,300,300,0.0,0.0,0.70484,0.70484,0.70484,0.70484,0.70484,0.0,0.0
a,smaller_multi,instance_0012.txt,1,1,0,0,2.046511627906977,2.046511627906977,2.046511627906977,2.046511627906977,2.046511627906977,0.0,0.0,176.0,176.0,176,176,176,0.0,0.0,86.0,86.0,86,86,86,0.0,0.0,0.055719,0.055719,0.055719,0.055719,0.055719,0.0,0.0
a,smaller_multi,instance_0013.txt,1,1,0,0,12.453804347826088,12.453804347826088,12.453804347826088,12.453804347826088,12.453804347826088,0.0,0.0,4583.0,4583.0,4583,4583,4583,0.0,0.0,368.0,368.0,368,368,368,0.0,0.0,1.084353,1.084353,1.084353,1.084353,1.084353,0.0,0.0
a,smaller_multi,instance_0014.txt,1,1,0,0,20.473544973544975,20.473544973544975,20.473544973544975,20.473544973544975,20.473544973544975,0.0,0.0,7739.0,7739.0,7739,7739,7739,0.0,0.0,378.0,378.0,378,378,378,0.0,0.0,2.023383,2.023383,2.023383,2.023383,2.023383,0.0,0.0
a,smaller_multi,instance_0015.txt,1,1,0,0,10.663768115942029,10.663768115942029,10.663768115942029,10.663768115942029,10.663768115942029,0.0,0.0,3679.0,3679.0,3679,3679,3679,0.0,0.0,345.0,345.0,345,345,345,0.0,0.0,1.327634,1.327634,1.327634,1.327634,1.327634,0.0,0.0
a,smaller_multi,instance_0016.txt,1,1,0,0,9.661971830985916,9.661971830985916,9.661971830985916,9.661971830985916,9.661971830985916,0.0,0.0,686.0,686.0,686,686,686,0.0,0.0,71.0,71.0,71,71,71,0.0,0.0,0.035924,0.035924,0.035924,0.035924,0.035924,0.0,0.0
a,smaller_multi,instance_0017.txt,1,1,0,0,3.8043478260869565,3.8043478260869565,3.8043478260869565,3.8043478260869565,3.8043478260869565,0.0,0.0,175.0,175.0,175,175,175,0.0,0.0,46.0,46.0,46,46,46,0.0,0.0,0.016595,0.016595,0.016595,0.016595,0.016595,0.0,0.0
a,smaller_multi,instance_0018.txt,1,1,0,0,15.253164556962025,15.253164556962025,15.253164556962025,15.253164556962025,15.253164556962025,0.0,0.0,1205.0,1205.0,1205,1205,1205,0.0,0.0,79.0,79.0,79,79,79,0.0,0.0,0.048945,0.048945,0.048945,0.048945,0.048945,0.0,0.0
a,smaller_multi,instance_0019.txt,1,1,0,0,9.336448598130842,9.336448598130842,9.336448598130842,9.336448598130842,9.336448598130842,0.0,0.0,999.0,999.0,999,999,999,0.0,0.0,107.0,107.0,107,107,107,0.0,0.0,0.156195,0.156195,0.156195,0.156195,0.156195,0.0,0.0
a,smaller_multi,instance_0020.txt,1,1,0,0,5.0,5.0,5.0,5.0,5.0,0.0,0.0,10.0,10.0,10,10,10,0.0,0.0,2.0,2.0,2,2,2,0.0,0.0,0.000122,0.000122,0.000122,0.000122,0.000122,0.0,0.0
