dataset,algorithm,instance,total_runs,feasible_runs,infeasible_runs,timed_out_runs,objective_mean,objective_median,objective_mode,objective_min,objective_max,objective_variance,objective_std_dev,items_mean,items_median,items_mode,items_min,items_max,items_variance,items_std_dev,aisles_mean,aisles_median,aisles_mode,aisles_min,aisles_max,aisles_variance,aisles_std_dev,exec_time_mean,exec_time_median,exec_time_mode,exec_time_min,exec_time_max,exec_time_variance,exec_time_std_dev
a,bigger,instance_0001.txt,1,1,0,0,5.230769230769231,5.230769230769231,5.230769230769231,5.230769230769231,5.230769230769231,0.0,0.0,68.0,68.0,68,68,68,0.0,0.0,13.0,13.0,13,13,13,0.0,0.0,0.001329,0.001329,0.001329,0.001329,0.001329,0.0,0.0
a,bigger,instance_0002.txt,1,1,0,0,2.0,2.0,2.0,2.0,2.0,0.0,0.0,2.0,2.0,2,2,2,0.0,0.0,1.0,1.0,1,1,1,0.0,0.0,9.4e-05,9.4e-05,9.4e-05,9.4e-05,9.4e-05,0.0,0.0
a,bigger,instance_0003.txt,1,1,0,0,4.24,4.24,4.24,4.24,4.24,0.0,0.0,106.0,106.0,106,106,106,0.0,0.0,25.0,25.0,25,25,25,0.0,0.0,0.001776,0.001776,0.001776,0.001776,0.001776,0.0,0.0
a,bigger,instance_0004.txt,1,1,0,0,2.1052631578947367,2.1052631578947367,2.1052631578947367,2.1052631578947367,2.1052631578947367,0.0,0.0,40.0,40.0,40,40,40,0.0,0.0,19.0,19.0,19,19,19,0.0,0.0,0.00111,0.00111,0.00111,0.00111,0.00111,0.0,0.0
a,bigger,instance_0005.txt,1,1,0,0,34.06976744186046,34.06976744186046,34.06976744186046,34.06976744186046,34.06976744186046,0.0,0.0,4395.0,4395.0,4395,4395,4395,0.0,0.0,129.0,129.0,129,129,129,0.0,0.0,0.12,0.12,0.12,0.12,0.12,0.0,0.0
a,bigger,instance_0006.txt,1,1,0,0,31.387096774193548,31.387096774193548,31.387096774193548,31.387096774193548,31.387096774193548,0.0,0.0,3892.0,3892.0,3892,3892,3892,0.0,0.0,124.0,124.0,124,124,124,0.0,0.0,0.06737,0.06737,0.06737,0.06737,0.06737,0.0,0.0
a,bigger,instance_0007.txt,1,1,0,0,28.708955223880597,28.708955223880597,28.708955223880597,28.708955223880597,28.708955223880597,0.0,0.0,3847.0,3847.0,3847,3847,3847,0.0,0.0,134.0,134.0,134,134,134,0.0,0.0,0.107596,0.107596,0.107596,0.107596,0.107596,0.0,0.0
a,bigger,instance_0008.txt,1,1,0,0,28.96938775510204,28.96938775510204,28.96938775510204,28.96938775510204,28.96938775510204,0.0,0.0,2839.0,2839.0,2839,2839,2839,0.0,0.0,98.0,98.0,98,98,98,0.0,0.0,0.10957,0.10957,0.10957,0.10957,0.10957,0.0,0.0
a,bigger,instance_0009.txt,1,1,0,0,2.7818181818181817,2.7818181818181817,2.7818181818181817,2.7818181818181817,2.7818181818181817,0.0,0.0,153.0,153.0,153,153,153,0.0,0.0,55.0,55.0,55,55,55,0.0,0.0,0.016694,0.016694,0.016694,0.016694,0.016694,0.0,0.0
a,bigger,instance_0010.txt,1,1,0,0,5.898648648648648,5.898648648648648,5.898648648648648,5.898648648648648,5.898648648648648,0.0,0.0,1746.0,1746.0,1746,1746,1746,0.0,0.0,296.0,296.0,296,296,296,0.0,0.0,0.260154,0.260154,0.260154,0.260154,0.260154,0.0,0.0
a,bigger,instance_0011.txt,1,1,0,0,6.8624161073825505,6.8624161073825505,6.8624161073825505,6.8624161073825505,6.8624161073825505,0.0,0.0,2045.0,2045.0,2045,2045,2045,0.0,0.0,298.0,298.0,298,298,298,0.0,0.0,0.203315,0.203315,0.203315,0.203315,0.203315,0.0,0.0
a,bigger,instance_0012.txt,1,1,0,0,3.339622641509434,3.339622641509434,3.339622641509434,3.339622641509434,3.339622641509434,0.0,0.0,177.0,177.0,177,177,177,0.0,0.0,53.0,53.0,53,53,53,0.0,0.0,0.012705,0.012705,0.012705,0.012705,0.012705,0.0,0.0
a,bigger,instance_0013.txt,1,1,0,0,12.837535014005603,12.837535014005603,12.837535014005603,12.837535014005603,12.837535014005603,0.0,0.0,4583.0,4583.0,4583,4583,4583,0.0,0.0,357.0,357.0,357,357,357,0.0,0.0,0.635264,0.635264,0.635264,0.635264,0.635264,0.0,0.0
a,bigger,instance_0014.txt,1,1,0,0,20.473544973544975,20.473544973544975,20.473544973544975,20.473544973544975,20.473544973544975,0.0,0.0,7739.0,7739.0,7739,7739,7739,0.0,0.0,378.0,378.0,378,378,378,0.0,0.0,1.117769,1.117769,1.117769,1.117769,1.117769,0.0,0.0
a,bigger,instance_0015.txt,1,1,0,0,10.602305475504323,10.602305475504323,10.602305475504323,10.602305475504323,10.602305475504323,0.0,0.0,3679.0,3679.0,3679,3679,3679,0.0,0.0,347.0,347.0,347,347,347,0.0,0.0,0.428246,0.428246,0.428246,0.428246,0.428246,0.0,0.0
a,bigger,instance_0016.txt,1,1,0,0,9.527777777777779,9.527777777777779,9.527777777777779,9.527777777777779,9.527777777777779,0.0,0.0,686.0,686.0,686,686,686,0.0,0.0,72.0,72.0,72,72,72,0.0,0.0,0.041844,0.041844,0.041844,0.041844,0.041844,0.0,0.0
a,bigger,instance_0017.txt,1,1,0,0,3.8043478260869565,3.8043478260869565,3.8043478260869565,3.8043478260869565,3.8043478260869565,0.0,0.0,175.0,175.0,175,175,175,0.0,0.0,46.0,46.0,46,46,46,0.0,0.0,0.007657,0.007657,0.007657,0.007657,0.007657,0.0,0.0
a,bigger,instance_0018.txt,1,1,0,0,16.066666666666666,16.066666666666666,16.066666666666666,16.066666666666666,16.066666666666666,0.0,0.0,1205.0,1205.0,1205,1205,1205,0.0,0.0,75.0,75.0,75,75,75,0.0,0.0,0.039525,0.039525,0.039525,0.039525,0.039525,0.0,0.0
a,bigger,instance_0019.txt,1,1,0,0,10.090909090909092,10.090909090909092,10.090909090909092,10.090909090909092,10.090909090909092,0.0,0.0,999.0,999.0,999,999,999,0.0,0.0,99.0,99.0,99,99,99,0.0,0.0,0.032682,0.032682,0.032682,0.032682,0.032682,0.0,0.0
a,bigger,instance_0020.txt,1,1,0,0,4.0,4.0,4.0,4.0,4.0,0.0,0.0,12.0,12.0,12,12,12,0.0,0.0,3.0,3.0,3,3,3,0.0,0.0,8.6e-05,8.6e-05,8.6e-05,8.6e-05,8.6e-05,0.0,0.0
a,bigger_exact,instance_0001.txt,1,1,0,0,5.230769230769231,5.230769230769231,5.230769230769231,5.230769230769231,5.230769230769231,0.0,0.0,68.0,68.0,68,68,68,0.0,0.0,13.0,13.0,13,13,13,0.0,0.0,0.014974,0.014974,0.014974,0.014974,0.014974,0.0,0.0
a,bigger_exact,instance_0002.txt,1,1,0,0,2.0,2.0,2.0,2.0,2.0,0.0,0.0,2.0,2.0,2,2,2,0.0,0.0,1.0,1.0,1,1,1,0.0,0.0,0.004831,0.004831,0.004831,0.004831,0.004831,0.0,0.0
a,bigger_exact,instance_0003.txt,1,1,0,0,4.608695652173913,4.608695652173913,4.608695652173913,4.608695652173913,4.608695652173913,0.0,0.0,106.0,106.0,106,106,106,0.0,0.0,23.0,23.0,23,23,23,0.0,0.0,0.018941,0.018941,0.018941,0.018941,0.018941,0.0,0.0
a,bigger_exact,instance_0004.txt,1,1,0,0,2.1052631578947367,2.1052631578947367,2.1052631578947367,2.1052631578947367,2.1052631578947367,0.0,0.0,40.0,40.0,40,40,40,0.0,0.0,19.0,19.0,19,19,19,0.0,0.0,0.007333,0.007333,0.007333,0.007333,0.007333,0.0,0.0
a,bigger_exact,instance_0005.txt,1,1,0,0,35.16,35.16,35.16,35.16,35.16,0.0,0.0,4395.0,4395.0,4395,4395,4395,0.0,0.0,125.0,125.0,125,125,125,0.0,0.0,0.287018,0.287018,0.287018,0.287018,0.287018,0.0,0.0
a,bigger_exact,instance_0006.txt,1,1,0,0,31.901639344262296,31.901639344262296,31.901639344262296,31.901639344262296,31.901639344262296,0.0,0.0,3892.0,3892.0,3892,3892,3892,0.0,0.0,122.0,122.0,122,122,122,0.0,0.0,0.180697,0.180697,0.180697,0.180697,0.180697,0.0,0.0
a,bigger_exact,instance_0007.txt,1,1,0,0,28.708955223880597,28.708955223880597,28.708955223880597,28.708955223880597,28.708955223880597,0.0,0.0,3847.0,3847.0,3847,3847,3847,0.0,0.0,134.0,134.0,134,134,134,0.0,0.0,0.269918,0.269918,0.269918,0.269918,0.269918,0.0,0.0
a,bigger_exact,instance_0008.txt,1,1,0,0,32.26136363636363,32.26136363636363,32.26136363636363,32.26136363636363,32.26136363636363,0.0,0.0,2839.0,2839.0,2839,2839,2839,0.0,0.0,88.0,88.0,88,88,88,0.0,0.0,0.17514,0.17514,0.17514,0.17514,0.17514,0.0,0.0
a,bigger_exact,instance_0009.txt,1,1,0,0,3.06,3.06,3.06,3.06,3.06,0.0,0.0,153.0,153.0,153,153,153,0.0,0.0,50.0,50.0,50,50,50,0.0,0.0,0.045082,0.045082,0.045082,0.045082,0.045082,0.0,0.0
a,bigger_exact,instance_0010.txt,1,1,0,0,6.349090909090909,6.349090909090909,6.349090909090909,6.349090909090909,6.349090909090909,0.0,0.0,1746.0,1746.0,1746,1746,1746,0.0,0.0,275.0,275.0,275,275,275,0.0,0.0,0.525466,0.525466,0.525466,0.525466,0.525466,0.0,0.0
a,bigger_exact,instance_0011.txt,1,1,0,0,7.303571428571429,7.303571428571429,7.303571428571429,7.303571428571429,7.303571428571429,0.0,0.0,2045.0,2045.0,2045,2045,2045,0.0,0.0,280.0,280.0,280,280,280,0.0,0.0,0.596138,0.596138,0.596138,0.596138,0.596138,0.0,0.0
a,bigger_exact,instance_0012.txt,1,1,0,0,3.765957446808511,3.765957446808511,3.765957446808511,3.765957446808511,3.765957446808511,0.0,0.0,177.0,177.0,177,177,177,0.0,0.0,47.0,47.0,47,47,47,0.0,0.0,0.052131,0.052131,0.052131,0.052131,0.052131,0.0,0.0
a,bigger_exact,instance_0013.txt,1,1,0,0,13.094285714285714,13.094285714285714,13.094285714285714,13.094285714285714,13.094285714285714,0.0,0.0,4583.0,4583.0,4583,4583,4583,0.0,0.0,350.0,350.0,350,350,350,0.0,0.0,1.370472,1.370472,1.370472,1.370472,1.370472,0.0,0.0
a,bigger_exact,instance_0014.txt,1,1,0,0,20.74798927613941,20.74798927613941,20.74798927613941,20.74798927613941,20.74798927613941,0.0,0.0,7739.0,7739.0,7739,7739,7739,0.0,0.0,373.0,373.0,373,373,373,0.0,0.0,2.844315,2.844315,2.844315,2.844315,2.844315,0.0,0.0
a,bigger_exact,instance_0015.txt,1,1,0,0,10.916913946587536,10.916913946587536,10.916913946587536,10.916913946587536,10.916913946587536,0.0,0.0,3679.0,3679.0,3679,3679,3679,0.0,0.0,337.0,337.0,337,337,337,0.0,0.0,0.957613,0.957613,0.957613,0.957613,0.957613,0.0,0.0
a,bigger_exact,instance_0016.txt,1,1,0,0,9.661971830985916,9.661971830985916,9.661971830985916,9.661971830985916,9.661971830985916,0.0,0.0,686.0,686.0,686,686,686,0.0,0.0,71.0,71.0,71,71,71,0.0,0.0,0.069398,0.069398,0.069398,0.069398,0.069398,0.0,0.0
a,bigger_exact,instance_0017.txt,1,1,0,0,3.8043478260869565,3.8043478260869565,3.8043478260869565,3.8043478260869565,3.8043478260869565,0.0,0.0,175.0,175.0,175,175,175,0.0,0.0,46.0,46.0,46,46,46,0.0,0.0,0.029674,0.029674,0.029674,0.029674,0.029674,0.0,0.0
a,bigger_exact,instance_0018.txt,1,1,0,0,16.066666666666666,16.066666666666666,16.066666666666666,16.066666666666666,16.066666666666666,0.0,0.0,1205.0,1205.0,1205,1205,1205,0.0,0.0,75.0,75.0,75,75,75,0.0,0.0,0.074431,0.074431,0.074431,0.074431,0.074431,0.0,0.0
a,bigger_exact,instance_0019.txt,1,1,0,0,10.40625,10.40625,10.40625,10.40625,10.40625,0.0,0.0,999.0,999.0,999,999,999,0.0,0.0,96.0,96.0,96,96,96,0.0,0.0,0.110577,0.110577,0.110577,0.110577,0.110577,0.0,0.0
a,bigger_exact,instance_0020.txt,1,1,0,0,4.0,4.0,4.0,4.0,4.0,0.0,0.0,12.0,12.0,12,12,12,0.0,0.0,3.0,3.0,3,3,3,0.0,0.0,0.003962,0.003962,0.003962,0.003962,0.003962,0.0,0.0
a,bigger_multi,instance_0001.txt,1,1,0,0,5.230769230769231,5.230769230769231,5.230769230769231,5.230769230769231,5.230769230769231,0.0,0.0,68.0,68.0,68,68,68,0.0,0.0,13.0,13.0,13,13,13,0.0,0.0,0.001981,0.001981,0.001981,0.001981,0.001981,0.0,0.0
a,bigger_multi,instance_0002.txt,1,1,0,0,2.0,2.0,2.0,2.0,2.0,0.0,0.0,2.0,2.0,2,2,2,0.0,0.0,1.0,1.0,1,1,1,0.0,0.0,8.6e-05,8.6e-05,8.6e-05,8.6e-05,8.6e-05,0.0,0.0
a,bigger_multi,instance_0003.txt,1,1,0,0,4.416666666666667,4.416666666666667,4.416666666666667,4.416666666666667,4.416666666666667,0.0,0.0,106.0,106.0,106,106,106,0.0,0.0,24.0,24.0,24,24,24,0.0,0.0,0.005423,0.005423,0.005423,0.005423,0.005423,0.0,0.0
a,bigger_multi,instance_0004.txt,1,1,0,0,2.1052631578947367,2.1052631578947367,2.1052631578947367,2.1052631578947367,2.1052631578947367,0.0,0.0,40.0,40.0,40,40,40,0.0,0.0,19.0,19.0,19,19,19,0.0,0.0,0.001431,0.001431,0.001431,0.001431,0.001431,0.0,0.0
a,bigger_multi,instance_0005.txt,1,1,0,0,35.16,35.16,35.16,35.16,35.16,0.0,0.0,4395.0,4395.0,4395,4395,4395,0.0,0.0,125.0,125.0,125,125,125,0.0,0.0,0.156846,0.156846,0.156846,0.156846,0.156846,0.0,0.0
a,bigger_multi,instance_0006.txt,1,1,0,0,31.901639344262296,31.901639344262296,31.901639344262296,31.901639344262296,31.901639344262296,0.0,0.0,3892.0,3892.0,3892,3892,3892,0.0,0.0,122.0,122.0,122,122,122,0.0,0.0,0.255295,0.255295,0.255295,0.255295,0.255295,0.0,0.0
a,bigger_multi,instance_0007.txt,1,1,0,0,28.708955223880597,28.708955223880597,28.708955223880597,28.708955223880597,28.708955223880597,0.0,0.0,3847.0,3847.0,3847,3847,3847,0.0,0.0,134.0,134.0,134,134,134,0.0,0.0,0.384977,0.384977,0.384977,0.384977,0.384977,0.0,0.0
a,bigger_multi,instance_0008.txt,1,1,0,0,32.26136363636363,32.26136363636363,32.26136363636363,32.26136363636363,32.26136363636363,0.0,0.0,2839.0,2839.0,2839,2839,2839,0.0,0.0,88.0,88.0,88,88,88,0.0,0.0,0.150948,0.150948,0.150948,0.150948,0.150948,0.0,0.0
a,bigger_multi,instance_0009.txt,1,1,0,0,2.9423076923076925,2.9423076923076925,2.9423076923076925,2.9423076923076925,2.9423076923076925,0.0,0.0,153.0,153.0,153,153,153,0.0,0.0,52.0,52.0,52,52,52,0.0,0.0,0.016405,0.016405,0.016405,0.016405,0.016405,0.0,0.0
a,bigger_multi,instance_0010.txt,1,1,0,0,6.235714285714286,6.235714285714286,6.235714285714286,6.235714285714286,6.235714285714286,0.0,0.0,1746.0,1746.0,1746,1746,1746,0.0,0.0,280.0,280.0,280,280,280,0.0,0.0,0.538763,0.538763,0.538763,0.538763,0.538763,0.0,0.0
a,bigger_multi,instance_0011.txt,1,1,0,0,7.200704225352113,7.200704225352113,7.200704225352113,7.200704225352113,7.200704225352113,0.0,0.0,2045.0,2045.0,2045,2045,2045,0.0,0.0,284.0,284.0,284,284,284,0.0,0.0,0.405224,0.405224,0.405224,0.405224,0.405224,0.0,0.0
a,bigger_multi,instance_0012.txt,1,1,0,0,3.6875,3.6875,3.6875,3.6875,3.6875,0.0,0.0,177.0,177.0,177,177,177,0.0,0.0,48.0,48.0,48,48,48,0.0,0.0,0.025177,0.025177,0.025177,0.025177,0.025177,0.0,0.0
a,bigger_multi,instance_0013.txt,1,1,0,0,13.056980056980057,13.056980056980057,13.056980056980057,13.056980056980057,13.056980056980057,0.0,0.0,4583.0,4583.0,4583,4583,4583,0.0,0.0,351.0,351.0,351,351,351,0.0,0.0,0.93691,0.93691,0.93691,0.93691,0.93691,0.0,0.0
a,bigger_multi,instance_0014.txt,1,1,0,0,20.692513368983956,20.692513368983956,20.692513368983956,20.692513368983956,20.692513368983956,0.0,0.0,7739.0,7739.0,7739,7739,7739,0.0,0.0,374.0,374.0,374,374,374,0.0,0.0,1.333578,1.333578,1.333578,1.333578,1.333578,0.0,0.0
a,bigger_multi,instance_0015.txt,1,1,0,0,10.820588235294117,10.820588235294117,10.820588235294117,10.820588235294117,10.820588235294117,0.0,0.0,3679.0,3679.0,3679,3679,3679,0.0,0.0,340.0,340.0,340,340,340,0.0,0.0,0.679855,0.679855,0.679855,0.679855,0.679855,0.0,0.0
a,bigger_multi,instance_0016.txt,1,1,0,0,9.661971830985916,9.661971830985916,9.661971830985916,9.661971830985916,9.661971830985916,0.0,0.0,686.0,686.0,686,686,686,0.0,0.0,71.0,71.0,71,71,71,0.0,0.0,0.017892,0.017892,0.017892,0.017892,0.017892,0.0,0.0
a,bigger_multi,instance_0017.txt,1,1,0,0,3.8043478260869565,3.8043478260869565,3.8043478260869565,3.8043478260869565,3.8043478260869565,0.0,0.0,175.0,175.0,175,175,175,0.0,0.0,46.0,46.0,46,46,46,0.0,0.0,0.010225,0.010225,0.010225,0.010225,0.010225,0.0,0.0
a,bigger_multi,instance_0018.txt,1,1,0,0,16.066666666666666,16.066666666666666,16.066666666666666,16.066666666666666,16.066666666666666,0.0,0.0,1205.0,1205.0,1205,1205,1205,0.0,0.0,75.0,75.0,75,75,75,0.0,0.0,0.038721,0.038721,0.038721,0.038721,0.038721,0.0,0.0
a,bigger_multi,instance_0019.txt,1,1,0,0,10.40625,10.40625,10.40625,10.40625,10.40625,0.0,0.0,999.0,999.0,999,999,999,0.0,0.0,96.0,96.0,96,96,96,0.0,0.0,0.094802,0.094802,0.094802,0.094802,0.094802,0.0,0.0
a,bigger_multi,instance_0020.txt,1,1,0,0,4.0,4.0,4.0,4.0,4.0,0.0,0.0,12.0,12.0,12,12,12,0.0,0.0,3.0,3.0,3,3,3,0.0,0.0,8.6e-05,8.6e-05,8.6e-05,8.6e-05,8.6e-05,0.0,0.0
a,diff,instance_0001.txt,1,1,0,0,2.6153846153846154,2.6153846153846154,2.6153846153846154,2.6153846153846154,2.6153846153846154,0.0,0.0,68.0,68.0,68,68,68,0.0,0.0,26.0,26.0,26,26,26,0.0,0.0,0.00203,0.00203,0.00203,0.00203,0.00203,0.0,0.0
a,diff,instance_0002.txt,1,1,0,0,1.0,1.0,1.0,1.0,1.0,0.0,0.0,2.0,2.0,2,2,2,0.0,0.0,2.0,2.0,2,2,2,0.0,0.0,0.000129,0.000129,0.000129,0.000129,0.000129,0.0,0.0
a,diff,instance_0003.txt,1,1,0,0,2.864864864864865,2.864864864864865,2.864864864864865,2.864864864864865,2.864864864864865,0.0,0.0,106.0,106.0,106,106,106,0.0,0.0,37.0,37.0,37,37,37,0.0,0.0,0.005971,0.005971,0.005971,0.005971,0.005971,0.0,0.0
a,diff,instance_0004.txt,1,1,0,0,1.5416666666666667,1.5416666666666667,1.5416666666666667,1.5416666666666667,1.5416666666666667,0.0,0.0,37.0,37.0,37,37,37,0.0,0.0,24.0,24.0,24,24,24,0.0,0.0,0.001416,0.001416,0.001416,0.001416,0.001416,0.0,0.0
a,diff,instance_0005.txt,1,1,0,0,31.840579710144926,31.840579710144926,31.840579710144926,31.840579710144926,31.840579710144926,0.0,0.0,4394.0,4394.0,4394,4394,4394,0.0,0.0,138.0,138.0,138,138,138,0.0,0.0,0.167466,0.167466,0.167466,0.167466,0.167466,0.0,0.0
a,diff,instance_0006.txt,1,1,0,0,26.65753424657534,26.65753424657534,26.65753424657534,26.65753424657534,26.65753424657534,0.0,0.0,3892.0,3892.0,3892,3892,3892,0.0,0.0,146.0,146.0,146,146,146,0.0,0.0,0.272094,0.272094,0.272094,0.272094,0.272094,0.0,0.0
a,diff,instance_0007.txt,1,1,0,0,25.818791946308725,25.818791946308725,25.818791946308725,25.818791946308725,25.818791946308725,0.0,0.0,3847.0,3847.0,3847,3847,3847,0.0,0.0,149.0,149.0,149,149,149,0.0,0.0,0.256121,0.256121,0.256121,0.256121,0.256121,0.0,0.0
a,diff,instance_0008.txt,1,1,0,0,21.838461538461537,21.838461538461537,21.838461538461537,21.838461538461537,21.838461538461537,0.0,0.0,2839.0,2839.0,2839,2839,2839,0.0,0.0,130.0,130.0,130,130,130,0.0,0.0,0.151585,0.151585,0.151585,0.151585,0.151585,0.0,0.0
a,diff,instance_0009.txt,1,1,0,0,2.026666666666667,2.026666666666667,2.026666666666667,2.026666666666667,2.026666666666667,0.0,0.0,152.0,152.0,152,152,152,0.0,0.0,75.0,75.0,75,75,75,0.0,0.0,0.023914,0.023914,0.023914,0.023914,0.023914,0.0,0.0
a,diff,instance_0010.txt,1,1,0,0,5.507886435331231,5.507886435331231,5.507886435331231,5.507886435331231,5.507886435331231,0.0,0.0,1746.0,1746.0,1746,1746,1746,0.0,0.0,317.0,317.0,317,317,317,0.0,0.0,0.237235,0.237235,0.237235,0.237235,0.237235,0.0,0.0
a,diff,instance_0011.txt,1,1,0,0,6.350931677018633,6.350931677018633,6.350931677018633,6.350931677018633,6.350931677018633,0.0,0.0,2045.0,2045.0,2045,2045,2045,0.0,0.0,322.0,322.0,322,322,322,0.0,0.0,0.31495,0.31495,0.31495,0.31495,0.31495,0.0,0.0
a,diff,instance_0012.txt,1,1,0,0,1.903225806451613,1.903225806451613,1.903225806451613,1.903225806451613,1.903225806451613,0.0,0.0,177.0,177.0,177,177,177,0.0,0.0,93.0,93.0,93,93,93,0.0,0.0,0.02221,0.02221,0.02221,0.02221,0.02221,0.0,0.0
a,diff,instance_0013.txt,1,1,0,0,12.487738419618529,12.487738419618529,12.487738419618529,12.487738419618529,12.487738419618529,0.0,0.0,4583.0,4583.0,4583,4583,4583,0.0,0.0,367.0,367.0,367,367,367,0.0,0.0,0.849602,0.849602,0.849602,0.849602,0.849602,0.0,0.0
a,diff,instance_0014.txt,1,1,0,0,20.473544973544975,20.473544973544975,20.473544973544975,20.473544973544975,20.473544973544975,0.0,0.0,7739.0,7739.0,7739,7739,7739,0.0,0.0,378.0,378.0,378,378,378,0.0,0.0,1.148844,1.148844,1.148844,1.148844,1.148844,0.0,0.0
a,diff,instance_0015.txt,1,1,0,0,10.334269662921349,10.334269662921349,10.334269662921349,10.334269662921349,10.334269662921349,0.0,0.0,3679.0,3679.0,3679,3679,3679,0.0,0.0,356.0,356.0,356,356,356,0.0,0.0,0.512142,0.512142,0.512142,0.512142,0.512142,0.0,0.0
a,diff,instance_0016.txt,1,1,0,0,9.527777777777779,9.527777777777779,9.527777777777779,9.527777777777779,9.527777777777779,0.0,0.0,686.0,686.0,686,686,686,0.0,0.0,72.0,72.0,72,72,72,0.0,0.0,0.038817,0.038817,0.038817,0.038817,0.038817,0.0,0.0
a,diff,instance_0017.txt,1,1,0,0,3.8043478260869565,3.8043478260869565,3.8043478260869565,3.8043478260869565,3.8043478260869565,0.0,0.0,175.0,175.0,175,175,175,0.0,0.0,46.0,46.0,46,46,46,0.0,0.0,0.009921,0.009921,0.009921,0.009921,0.009921,0.0,0.0
a,diff,instance_0018.txt,1,1,0,0,15.855263157894736,15.855263157894736,15.855263157894736,15.855263157894736,15.855263157894736,0.0,0.0,1205.0,1205.0,1205,1205,1205,0.0,0.0,76.0,76.0,76,76,76,0.0,0.0,0.053835,0.053835,0.053835,0.053835,0.053835,0.0,0.0
a,diff,instance_0019.txt,1,1,0,0,9.60576923076923,9.60576923076923,9.60576923076923,9.60576923076923,9.60576923076923,0.0,0.0,999.0,999.0,999,999,999,0.0,0.0,104.0,104.0,104,104,104,0.0,0.0,0.047444,0.047444,0.047444,0.047444,0.047444,0.0,0.0
a,diff,instance_0020.txt,1,1,0,0,3.3333333333333335,3.3333333333333335,3.3333333333333335,3.3333333333333335,3.3333333333333335,0.0,0.0,10.0,10.0,10,10,10,0.0,0.0,3.0,3.0,3,3,3,0.0,0.0,0.000124,0.000124,0.000124,0.000124,0.000124,0.0,0.0
a,diff_bigger,instance_0001.txt,1,1,0,0,2.6153846153846154,2.6153846153846154,2.6153846153846154,2.6153846153846154,2.6153846153846154,0.0,0.0,68.0,68.0,68,68,68,0.0,0.0,26.0,26.0,26,26,26,0.0,0.0,0.003126,0.003126,0.003126,0.003126,0.003126,0.0,0.0
a,diff_bigger,instance_0002.txt,1,1,0,0,2.0,2.0,2.0,2.0,2.0,0.0,0.0,2.0,2.0,2,2,2,0.0,0.0,1.0,1.0,1,1,1,0.0,0.0,0.000137,0.000137,0.000137,0.000137,0.000137,0.0,0.0
a,diff_bigger,instance_0003.txt,1,1,0,0,2.864864864864865,2.864864864864865,2.864864864864865,2.864864864864865,2.864864864864865,0.0,0.0,106.0,106.0,106,106,106,0.0,0.0,37.0,37.0,37,37,37,0.0,0.0,0.005219,0.005219,0.005219,0.005219,0.005219,0.0,0.0
a,diff_bigger,instance_0004.txt,1,1,0,0,2.0,2.0,2.0,2.0,2.0,0.0,0.0,40.0,40.0,40,40,40,0.0,0.0,20.0,20.0,20,20,20,0.0,0.0,0.001052,0.001052,0.001052,0.001052,0.001052,0.0,0.0
a,diff_bigger,instance_0005.txt,1,1,0,0,31.840579710144926,31.840579710144926,31.840579710144926,31.840579710144926,31.840579710144926,0.0,0.0,4394.0,4394.0,4394,4394,4394,0.0,0.0,138.0,138.0,138,138,138,0.0,0.0,0.195666,0.195666,0.195666,0.195666,0.195666,0.0,0.0
a,diff_bigger,instance_0006.txt,1,1,0,0,26.65753424657534,26.65753424657534,26.65753424657534,26.65753424657534,26.65753424657534,0.0,0.0,3892.0,3892.0,3892,3892,3892,0.0,0.0,146.0,146.0,146,146,146,0.0,0.0,0.235239,0.235239,0.235239,0.235239,0.235239,0.0,0.0
a,diff_bigger,instance_0007.txt,1,1,0,0,25.818791946308725,25.818791946308725,25.818791946308725,25.818791946308725,25.818791946308725,0.0,0.0,3847.0,3847.0,3847,3847,3847,0.0,0.0,149.0,149.0,149,149,149,0.0,0.0,0.18363,0.18363,0.18363,0.18363,0.18363,0.0,0.0
a,diff_bigger,instance_0008.txt,1,1,0,0,21.838461538461537,21.838461538461537,21.838461538461537,21.838461538461537,21.838461538461537,0.0,0.0,2839.0,2839.0,2839,2839,2839,0.0,0.0,130.0,130.0,130,130,130,0.0,0.0,0.140738,0.140738,0.140738,0.140738,0.140738,0.0,0.0
a,diff_bigger,instance_0009.txt,1,1,0,0,2.026666666666667,2.026666666666667,2.026666666666667,2.026666666666667,2.026666666666667,0.0,0.0,152.0,152.0,152,152,152,0.0,0.0,75.0,75.0,75,75,75,0.0,0.0,0.016987,0.016987,0.016987,0.016987,0.016987,0.0,0.0
a,diff_bigger,instance_0010.txt,1,1,0,0,5.4733542319749215,5.4733542319749215,5.4733542319749215,5.4733542319749215,5.4733542319749215,0.0,0.0,1746.0,1746.0,1746,1746,1746,0.0,0.0,319.0,319.0,319,319,319,0.0,0.0,0.314658,0.314658,0.314658,0.314658,0.314658,0.0,0.0
a,diff_bigger,instance_0011.txt,1,1,0,0,6.328173374613003,6.328173374613003,6.328173374613003,6.328173374613003,6.328173374613003,0.0,0.0,2044.0,2044.0,2044,2044,2044,0.0,0.0,323.0,323.0,323,323,323,0.0,0.0,0.329289,0.329289,0.329289,0.329289,0.329289,0.0,0.0
a,diff_bigger,instance_0012.txt,1,1,0,0,1.8829787234042554,1.8829787234042554,1.8829787234042554,1.8829787234042554,1.8829787234042554,0.0,0.0,177.0,177.0,177,177,177,0.0,0.0,94.0,94.0,94,94,94,0.0,0.0,0.021967,0.021967,0.021967,0.021967,0.021967,0.0,0.0
a,diff_bigger,instance_0013.txt,1,1,0,0,12.487738419618529,12.487738419618529,12.487738419618529,12.487738419618529,12.487738419618529,0.0,0.0,4583.0,4583.0,4583,4583,4583,0.0,0.0,367.0,367.0,367,367,367,0.0,0.0,0.752133,0.752133,0.752133,0.752133,0.752133,0.0,0.0
a,diff_bigger,instance_0014.txt,1,1,0,0,20.473544973544975,20.473544973544975,20.473544973544975,20.473544973544975,20.473544973544975,0.0,0.0,7739.0,7739.0,7739,7739,7739,0.0,0.0,378.0,378.0,378,378,378,0.0,0.0,1.227918,1.227918,1.227918,1.227918,1.227918,0.0,0.0
a,diff_bigger,instance_0015.txt,1,1,0,0,10.305322128851541,10.305322128851541,10.305322128851541,10.305322128851541,10.305322128851541,0.0,0.0,3679.0,3679.0,3679,3679,3679,0.0,0.0,357.0,357.0,357,357,357,0.0,0.0,0.657713,0.657713,0.657713,0.657713,0.657713,0.0,0.0
a,diff_bigger,instance_0016.txt,1,1,0,0,9.527777777777779,9.527777777777779,9.527777777777779,9.527777777777779,9.527777777777779,0.0,0.0,686.0,686.0,686,686,686,0.0,0.0,72.0,72.0,72,72,72,0.0,0.0,0.050012,0.050012,0.050012,0.050012,0.050012,0.0,0.0
a,diff_bigger,instance_0017.txt,1,1,0,0,3.8043478260869565,3.8043478260869565,3.8043478260869565,3.8043478260869565,3.8043478260869565,0.0,0.0,175.0,175.0,175,175,175,0.0,0.0,46.0,46.0,46,46,46,0.0,0.0,0.007747,0.007747,0.007747,0.007747,0.007747,0.0,0.0
a,diff_bigger,instance_0018.txt,1,1,0,0,15.855263157894736,15.855263157894736,15.855263157894736,15.855263157894736,15.855263157894736,0.0,0.0,1205.0,1205.0,1205,1205,1205,0.0,0.0,76.0,76.0,76,76,76,0.0,0.0,0.049713,0.049713,0.049713,0.049713,0.049713,0.0,0.0
a,diff_bigger,instance_0019.txt,1,1,0,0,9.60576923076923,9.60576923076923,9.60576923076923,9.60576923076923,9.60576923076923,0.0,0.0,999.0,999.0,999,999,999,0.0,0.0,104.0,104.0,104,104,104,0.0,0.0,0.062379,0.062379,0.062379,0.062379,0.062379,0.0,0.0
a,diff_bigger,instance_0020.txt,1,1,0,0,3.3333333333333335,3.3333333333333335,3.3333333333333335,3.3333333333333335,3.3333333333333335,0.0,0.0,10.0,10.0,10,10,10,0.0,0.0,3.0,3.0,3,3,3,0.0,0.0,0.000108,0.000108,0.000108,0.000108,0.000108,0.0,0.0
a,diff_bigger_exact,instance_0001.txt,1,1,0,0,2.8333333333333335,2.8333333333333335,2.8333333333333335,2.8333333333333335,2.8333333333333335,0.0,0.0,68.0,68.0,68,68,68,0.0,0.0,24.0,24.0,24,24,24,0.0,0.0,0.015954,0.015954,0.015954,0.015954,0.015954,0.0,0.0
a,diff_bigger_exact,instance_0002.txt,1,1,0,0,2.0,2.0,2.0,2.0,2.0,0.0,0.0,2.0,2.0,2,2,2,0.0,0.0,1.0,1.0,1,1,1,0.0,0.0,0.007977,0.007977,0.007977,0.007977,0.007977,0.0,0.0
a,diff_bigger_exact,instance_0003.txt,1,1,0,0,3.0285714285714285,3.0285714285714285,3.0285714285714285,3.0285714285714285,3.0285714285714285,0.0,0.0,106.0,106.0,106,106,106,0.0,0.0,35.0,35.0,35,35,35,0.0,0.0,0.023142,0.023142,0.023142,0.023142,0.023142,0.0,0.0
a,diff_bigger_exact,instance_0004.txt,1,1,0,0,2.1052631578947367,2.1052631578947367,2.1052631578947367,2.1052631578947367,2.1052631578947367,0.0,0.0,40.0,40.0,40,40,40,0.0,0.0,19.0,19.0,19,19,19,0.0,0.0,0.01511,0.01511,0.01511,0.01511,0.01511,0.0,0.0
a,diff_bigger_exact,instance_0005.txt,1,1,0,0,32.54814814814815,32.54814814814815,32.54814814814815,32.54814814814815,32.54814814814815,0.0,0.0,4394.0,4394.0,4394,4394,4394,0.0,0.0,135.0,135.0,135,135,135,0.0,0.0,0.480682,0.480682,0.480682,0.480682,0.480682,0.0,0.0
a,diff_bigger_exact,instance_0006.txt,1,1,0,0,27.602836879432623,27.602836879432623,27.602836879432623,27.602836879432623,27.602836879432623,0.0,0.0,3892.0,3892.0,3892,3892,3892,0.0,0.0,141.0,141.0,141,141,141,0.0,0.0,0.486149,0.486149,0.486149,0.486149,0.486149,0.0,0.0
a,diff_bigger_exact,instance_0007.txt,1,1,0,0,26.53103448275862,26.53103448275862,26.53103448275862,26.53103448275862,26.53103448275862,0.0,0.0,3847.0,3847.0,3847,3847,3847,0.0,0.0,145.0,145.0,145,145,145,0.0,0.0,0.47371,0.47371,0.47371,0.47371,0.47371,0.0,0.0
a,diff_bigger_exact,instance_0008.txt,1,1,0,0,22.007751937984494,22.007751937984494,22.007751937984494,22.007751937984494,22.007751937984494,0.0,0.0,2839.0,2839.0,2839,2839,2839,0.0,0.0,129.0,129.0,129,129,129,0.0,0.0,0.395864,0.395864,0.395864,0.395864,0.395864,0.0,0.0
a,diff_bigger_exact,instance_0009.txt,1,1,0,0,2.375,2.375,2.375,2.375,2.375,0.0,0.0,152.0,152.0,152,152,152,0.0,0.0,64.0,64.0,64,64,64,0.0,0.0,0.055749,0.055749,0.055749,0.055749,0.055749,0.0,0.0
a,diff_bigger_exact,instance_0010.txt,1,1,0,0,5.859060402684563,5.859060402684563,5.859060402684563,5.859060402684563,5.859060402684563,0.0,0.0,1746.0,1746.0,1746,1746,1746,0.0,0.0,298.0,298.0,298,298,298,0.0,0.0,0.683089,0.683089,0.683089,0.683089,0.683089,0.0,0.0
a,diff_bigger_exact,instance_0011.txt,1,1,0,0,6.790697674418604,6.790697674418604,6.790697674418604,6.790697674418604,6.790697674418604,0.0,0.0,2044.0,2044.0,2044,2044,2044,0.0,0.0,301.0,301.0,301,301,301,0.0,0.0,0.773338,0.773338,0.773338,0.773338,0.773338,0.0,0.0
a,diff_bigger_exact,instance_0012.txt,1,1,0,0,2.2125,2.2125,2.2125,2.2125,2.2125,0.0,0.0,177.0,177.0,177,177,177,0.0,0.0,80.0,80.0,80,80,80,0.0,0.0,0.064275,0.064275,0.064275,0.064275,0.064275,0.0,0.0
a,diff_bigger_exact,instance_0013.txt,1,1,0,0,12.62534435261708,12.62534435261708,12.62534435261708,12.62534435261708,12.62534435261708,0.0,0.0,4583.0,4583.0,4583,4583,4583,0.0,0.0,363.0,363.0,363,363,363,0.0,0.0,1.805431,1.805431,1.805431,1.805431,1.805431,0.0,0.0
a,diff_bigger_exact,instance_0014.txt,1,1,0,0,20.58244680851064,20.58244680851064,20.58244680851064,20.58244680851064,20.58244680851064,0.0,0.0,7739.0,7739.0,7739,7739,7739,0.0,0.0,376.0,376.0,376,376,376,0.0,0.0,3.308944,3.308944,3.308944,3.308944,3.308944,0.0,0.0
a,diff_bigger_exact,instance_0015.txt,1,1,0,0,10.725947521865889,10.725947521865889,10.725947521865889,10.725947521865889,10.725947521865889,0.0,0.0,3679.0,3679.0,3679,3679,3679,0.0,0.0,343.0,343.0,343,343,343,0.0,0.0,1.286746,1.286746,1.286746,1.286746,1.286746,0.0,0.0
a,diff_bigger_exact,instance_0016.txt,1,1,0,0,9.661971830985916,9.661971830985916,9.661971830985916,9.661971830985916,9.661971830985916,0.0,0.0,686.0,686.0,686,686,686,0.0,0.0,71.0,71.0,71,71,71,0.0,0.0,0.077295,0.077295,0.077295,0.077295,0.077295,0.0,0.0
a,diff_bigger_exact,instance_0017.txt,1,1,0,0,3.8043478260869565,3.8043478260869565,3.8043478260869565,3.8043478260869565,3.8043478260869565,0.0,0.0,175.0,175.0,175,175,175,0.0,0.0,46.0,46.0,46,46,46,0.0,0.0,0.026853,0.026853,0.026853,0.026853,0.026853,0.0,0.0
a,diff_bigger_exact,instance_0018.txt,1,1,0,0,15.855263157894736,15.855263157894736,15.855263157894736,15.855263157894736,15.855263157894736,0.0,0.0,1205.0,1205.0,1205,1205,1205,0.0,0.0,76.0,76.0,76,76,76,0.0,0.0,0.108136,0.108136,0.108136,0.108136,0.108136,0.0,0.0
a,diff_bigger_exact,instance_0019.txt,1,1,0,0,9.99,9.99,9.99,9.99,9.99,0.0,0.0,999.0,999.0,999,999,999,0.0,0.0,100.0,100.0,100,100,100,0.0,0.0,0.136916,0.136916,0.136916,0.136916,0.136916,0.0,0.0
a,diff_bigger_exact,instance_0020.txt,1,1,0,0,5.0,5.0,5.0,5.0,5.0,0.0,0.0,10.0,10.0,10,10,10,0.0,0.0,2.0,2.0,2,2,2,0.0,0.0,0.00518,0.00518,0.00518,0.00518,0.00518,0.0,0.0
a,diff_bigger_exact_weighted,instance_0001.txt,1,1,0,0,2.8333333333333335,2.8333333333333335,2.8333333333333335,2.8333333333333335,2.8333333333333335,0.0,0.0,68.0,68.0,68,68,68,0.0,0.0,24.0,24.0,24,24,24,0.0,0.0,0.014321,0.014321,0.014321,0.014321,0.014321,0.0,0.0
a,diff_bigger_exact_weighted,instance_0002.txt,1,1,0,0,2.0,2.0,2.0,2.0,2.0,0.0,0.0,2.0,2.0,2,2,2,0.0,0.0,1.0,1.0,1,1,1,0.0,0.0,0.006987,0.006987,0.006987,0.006987,0.006987,0.0,0.0
a,diff_bigger_exact_weighted,instance_0003.txt,1,1,0,0,3.0285714285714285,3.0285714285714285,3.0285714285714285,3.0285714285714285,3.0285714285714285,0.0,0.0,106.0,106.0,106,106,106,0.0,0.0,35.0,35.0,35,35,35,0.0,0.0,0.041179,0.041179,0.041179,0.041179,0.041179,0.0,0.0
a,diff_bigger_exact_weighted,instance_0004.txt,1,1,0,0,2.1052631578947367,2.1052631578947367,2.1052631578947367,2.1052631578947367,2.1052631578947367,0.0,0.0,40.0,40.0,40,40,40,0.0,0.0,19.0,19.0,19,19,19,0.0,0.0,0.008463,0.008463,0.008463,0.008463,0.008463,0.0,0.0
a,diff_bigger_exact_weighted,instance_0005.txt,1,1,0,0,32.54814814814815,32.54814814814815,32.54814814814815,32.54814814814815,32.54814814814815,0.0,0.0,4394.0,4394.0,4394,4394,4394,0.0,0.0,135.0,135.0,135,135,135,0.0,0.0,0.488018,0.488018,0.488018,0.488018,0.488018,0.0,0.0
a,diff_bigger_exact_weighted,instance_0006.txt,1,1,0,0,27.602836879432623,27.602836879432623,27.602836879432623,27.602836879432623,27.602836879432623,0.0,0.0,3892.0,3892.0,3892,3892,3892,0.0,0.0,141.0,141.0,141,141,141,0.0,0.0,0.484158,0.484158,0.484158,0.484158,0.484158,0.0,0.0
a,diff_bigger_exact_weighted,instance_0007.txt,1,1,0,0,26.53103448275862,26.53103448275862,26.53103448275862,26.53103448275862,26.53103448275862,0.0,0.0,3847.0,3847.0,3847,3847,3847,0.0,0.0,145.0,145.0,145,145,145,0.0,0.0,0.721735,0.721735,0.721735,0.721735,0.721735,0.0,0.0
a,diff_bigger_exact_weighted,instance_0008.txt,1,1,0,0,22.007751937984494,22.007751937984494,22.007751937984494,22.007751937984494,22.007751937984494,0.0,0.0,2839.0,2839.0,2839,2839,2839,0.0,0.0,129.0,129.0,129,129,129,0.0,0.0,0.324409,0.324409,0.324409,0.324409,0.324409,0.0,0.0
a,diff_bigger_exact_weighted,instance_0009.txt,1,1,0,0,2.375,2.375,2.375,2.375,2.375,0.0,0.0,152.0,152.0,152,152,152,0.0,0.0,64.0,64.0,64,64,64,0.0,0.0,0.056519,0.056519,0.056519,0.056519,0.056519,0.0,0.0
a,diff_bigger_exact_weighted,instance_0010.txt,1,1,0,0,5.859060402684563,5.859060402684563,5.859060402684563,5.859060402684563,5.859060402684563,0.0,0.0,1746.0,1746.0,1746,1746,1746,0.0,0.0,298.0,298.0,298,298,298,0.0,0.0,0.708044,0.708044,0.708044,0.708044,0.708044,0.0,0.0
a,diff_bigger_exact_weighted,instance_0011.txt,1,1,0,0,6.790697674418604,6.790697674418604,6.790697674418604,6.790697674418604,6.790697674418604,0.0,0.0,2044.0,2044.0,2044,2044,2044,0.0,0.0,301.0,301.0,301,301,301,0.0,0.0,0.722949,0.722949,0.722949,0.722949,0.722949,0.0,0.0
a,diff_bigger_exact_weighted,instance_0012.txt,1,1,0,0,2.2125,2.2125,2.2125,2.2125,2.2125,0.0,0.0,177.0,177.0,177,177,177,0.0,0.0,80.0,80.0,80,80,80,0.0,0.0,0.069761,0.069761,0.069761,0.069761,0.069761,0.0,0.0
a,diff_bigger_exact_weighted,instance_0013.txt,1,1,0,0,12.62534435261708,12.62534435261708,12.62534435261708,12.62534435261708,12.62534435261708,0.0,0.0,4583.0,4583.0,4583,4583,4583,0.0,0.0,363.0,363.0,363,363,363,0.0,0.0,1.257186,1.257186,1.257186,1.257186,1.257186,0.0,0.0
a,diff_bigger_exact_weighted,instance_0014.txt,1,1,0,0,20.58244680851064,20.58244680851064,20.58244680851064,20.58244680851064,20.58244680851064,0.0,0.0,7739.0,7739.0,7739,7739,7739,0.0,0.0,376.0,376.0,376,376,376,0.0,0.0,2.140637,2.140637,2.140637,2.140637,2.140637,0.0,0.0
a,diff_bigger_exact_weighted,instance_0015.txt,1,1,0,0,10.725947521865889,10.725947521865889,10.725947521865889,10.725947521865889,10.725947521865889,0.0,0.0,3679.0,3679.0,3679,3679,3679,0.0,0.0,343.0,343.0,343,343,343,0.0,0.0,1.451695,1.451695,1.451695,1.451695,1.451695,0.0,0.0
a,diff_bigger_exact_weighted,instance_0016.txt,1,1,0,0,9.661971830985916,9.661971830985916,9.661971830985916,9.661971830985916,9.661971830985916,0.0,0.0,686.0,686.0,686,686,686,0.0,0.0,71.0,71.0,71,71,71,0.0,0.0,0.072722,0.072722,0.072722,0.072722,0.072722,0.0,0.0
a,diff_bigger_exact_weighted,instance_0017.txt,1,1,0,0,3.8043478260869565,3.8043478260869565,3.8043478260869565,3.8043478260869565,3.8043478260869565,0.0,0.0,175.0,175.0,175,175,175,0.0,0.0,46.0,46.0,46,46,46,0.0,0.0,0.030954,0.030954,0.030954,0.030954,0.030954,0.0,0.0
a,diff_bigger_exact_weighted,instance_0018.txt,1,1,0,0,15.855263157894736,15.855263157894736,15.855263157894736,15.855263157894736,15.855263157894736,0.0,0.0,1205.0,1205.0,1205,1205,1205,0.0,0.0,76.0,76.0,76,76,76,0.0,0.0,0.106702,0.106702,0.106702,0.106702,0.106702,0.0,0.0
a,diff_bigger_exact_weighted,instance_0019.txt,1,1,0,0,9.99,9.99,9.99,9.99,9.99,0.0,0.0,999.0,999.0,999,999,999,0.0,0.0,100.0,100.0,100,100,100,0.0,0.0,0.153667,0.153667,0.153667,0.153667,0.153667,0.0,0.0
a,diff_bigger_exact_weighted,instance_0020.txt,1,1,0,0,5.0,5.0,5.0,5.0,5.0,0.0,0.0,10.0,10.0,10,10,10,0.0,0.0,2.0,2.0,2,2,2,0.0,0.0,0.006452,0.006452,0.006452,0.006452,0.006452,0.0,0.0
a,diff_bigger_multi,instance_0001.txt,1,1,0,0,2.72,2.72,2.72,2.72,2.72,0.0,0.0,68.0,68.0,68,68,68,0.0,0.0,25.0,25.0,25,25,25,0.0,0.0,0.002577,0.002577,0.002577,0.002577,0.002577,0.0,0.0
a,diff_bigger_multi,instance_0002.txt,1,1,0,0,2.0,2.0,2.0,2.0,2.0,0.0,0.0,2.0,2.0,2,2,2,0.0,0.0,1.0,1.0,1,1,1,0.0,0.0,0.000108,0.000108,0.000108,0.000108,0.000108,0.0,0.0
a,diff_bigger_multi,instance_0003.txt,1,1,0,0,3.0285714285714285,3.0285714285714285,3.0285714285714285,3.0285714285714285,3.0285714285714285,0.0,0.0,106.0,106.0,106,106,106,0.0,0.0,35.0,35.0,35,35,35,0.0,0.0,0.007869,0.007869,0.007869,0.007869,0.007869,0.0,0.0
a,diff_bigger_multi,instance_0004.txt,1,1,0,0,2.1052631578947367,2.1052631578947367,2.1052631578947367,2.1052631578947367,2.1052631578947367,0.0,0.0,40.0,40.0,40,40,40,0.0,0.0,19.0,19.0,19,19,19,0.0,0.0,0.001094,0.001094,0.001094,0.001094,0.001094,0.0,0.0
a,diff_bigger_multi,instance_0005.txt,1,1,0,0,32.54814814814815,32.54814814814815,32.54814814814815,32.54814814814815,32.54814814814815,0.0,0.0,4394.0,4394.0,4394,4394,4394,0.0,0.0,135.0,135.0,135,135,135,0.0,0.0,0.304026,0.304026,0.304026,0.304026,0.304026,0.0,0.0
a,diff_bigger_multi,instance_0006.txt,1,1,0,0,27.602836879432623,27.602836879432623,27.602836879432623,27.602836879432623,27.602836879432623,0.0,0.0,3892.0,3892.0,3892,3892,3892,0.0,0.0,141.0,141.0,141,141,141,0.0,0.0,0.288337,0.288337,0.288337,0.288337,0.288337,0.0,0.0
a,diff_bigger_multi,instance_0007.txt,1,1,0,0,26.53103448275862,26.53103448275862,26.53103448275862,26.53103448275862,26.53103448275862,0.0,0.0,3847.0,3847.0,3847,3847,3847,0.0,0.0,145.0,145.0,145,145,145,0.0,0.0,0.29313,0.29313,0.29313,0.29313,0.29313,0.0,0.0
a,diff_bigger_multi,instance_0008.txt,1,1,0,0,22.007751937984494,22.007751937984494,22.007751937984494,22.007751937984494,22.007751937984494,0.0,0.0,2839.0,2839.0,2839,2839,2839,0.0,0.0,129.0,129.0,129,129,129,0.0,0.0,0.277062,0.277062,0.277062,0.277062,0.277062,0.0,0.0
a,diff_bigger_multi,instance_0009.txt,1,1,0,0,2.303030303030303,2.303030303030303,2.303030303030303,2.303030303030303,2.303030303030303,0.0,0.0,152.0,152.0,152,152,152,0.0,0.0,66.0,66.0,66,66,66,0.0,0.0,0.020233,0.020233,0.020233,0.020233,0.020233,0.0,0.0
a,diff_bigger_multi,instance_0010.txt,1,1,0,0,5.859060402684563,5.859060402684563,5.859060402684563,5.859060402684563,5.859060402684563,0.0,0.0,1746.0,1746.0,1746,1746,1746,0.0,0.0,298.0,298.0,298,298,298,0.0,0.0,0.412837,0.412837,0.412837,0.412837,0.412837,0.0,0.0
a,diff_bigger_multi,instance_0011.txt,1,1,0,0,6.790697674418604,6.790697674418604,6.790697674418604,6.790697674418604,6.790697674418604,0.0,0.0,2044.0,2044.0,2044,2044,2044,0.0,0.0,301.0,301.0,301,301,301,0.0,0.0,0.420383,0.420383,0.420383,0.420383,0.420383,0.0,0.0
a,diff_bigger_multi,instance_0012.txt,1,1,0,0,2.185185185185185,2.185185185185185,2.185185185185185,2.185185185185185,2.185185185185185,0.0,0.0,177.0,177.0,177,177,177,0.0,0.0,81.0,81.0,81,81,81,0.0,0.0,0.039314,0.039314,0.039314,0.039314,0.039314,0.0,0.0
a,diff_bigger_multi,instance_0013.txt,1,1,0,0,12.590659340659341,12.590659340659341,12.590659340659341,12.590659340659341,12.590659340659341,0.0,0.0,4583.0,4583.0,4583,4583,4583,0.0,0.0,364.0,364.0,364,364,364,0.0,0.0,0.998979,0.998979,0.998979,0.998979,0.998979,0.0,0.0
a,diff_bigger_multi,instance_0014.txt,1,1,0,0,20.58244680851064,20.58244680851064,20.58244680851064,20.58244680851064,20.58244680851064,0.0,0.0,7739.0,7739.0,7739,7739,7739,0.0,0.0,376.0,376.0,376,376,376,0.0,0.0,1.366776,1.366776,1.366776,1.366776,1.366776,0.0,0.0
a,diff_bigger_multi,instance_0015.txt,1,1,0,0,10.725947521865889,10.725947521865889,10.725947521865889,10.725947521865889,10.725947521865889,0.0,0.0,3679.0,3679.0,3679,3679,3679,0.0,0.0,343.0,343.0,343,343,343,0.0,0.0,0.742689,0.742689,0.742689,0.742689,0.742689,0.0,0.0
a,diff_bigger_multi,instance_0016.txt,1,1,0,0,9.661971830985916,9.661971830985916,9.661971830985916,9.661971830985916,9.661971830985916,0.0,0.0,686.0,686.0,686,686,686,0.0,0.0,71.0,71.0,71,71,71,0.0,0.0,0.028217,0.028217,0.028217,0.028217,0.028217,0.0,0.0
a,diff_bigger_multi,instance_0017.txt,1,1,0,0,3.8043478260869565,3.8043478260869565,3.8043478260869565,3.8043478260869565,3.8043478260869565,0.0,0.0,175.0,175.0,175,175,175,0.0,0.0,46.0,46.0,46,46,46,0.0,0.0,0.014984,0.014984,0.014984,0.014984,0.014984,0.0,0.0
a,diff_bigger_multi,instance_0018.txt,1,1,0,0,15.855263157894736,15.855263157894736,15.855263157894736,15.855263157894736,15.855263157894736,0.0,0.0,1205.0,1205.0,1205,1205,1205,0.0,0.0,76.0,76.0,76,76,76,0.0,0.0,0.039791,0.039791,0.039791,0.039791,0.039791,0.0,0.0
a,diff_bigger_multi,instance_0019.txt,1,1,0,0,9.891089108910892,9.891089108910892,9.891089108910892,9.891089108910892,9.891089108910892,0.0,0.0,999.0,999.0,999,999,999,0.0,0.0,101.0,101.0,101,101,101,0.0,0.0,0.096701,0.096701,0.096701,0.096701,0.096701,0.0,0.0
a,diff_bigger_multi,instance_0020.txt,1,1,0,0,5.0,5.0,5.0,5.0,5.0,0.0,0.0,10.0,10.0,10,10,10,0.0,0.0,2.0,2.0,2,2,2,0.0,0.0,0.0001,0.0001,0.0001,0.0001,0.0001,0.0,0.0
a,diff_bigger_multi_weighted,instance_0001.txt,1,1,0,0,2.72,2.72,2.72,2.72,2.72,0.0,0.0,68.0,68.0,68,68,68,0.0,0.0,25.0,25.0,25,25,25,0.0,0.0,0.004426,0.004426,0.004426,0.004426,0.004426,0.0,0.0
a,diff_bigger_multi_weighted,instance_0002.txt,1,1,0,0,2.0,2.0,2.0,2.0,2.0,0.0,0.0,2.0,2.0,2,2,2,0.0,0.0,1.0,1.0,1,1,1,0.0,0.0,0.000118,0.000118,0.000118,0.000118,0.000118,0.0,0.0
a,diff_bigger_multi_weighted,instance_0003.txt,1,1,0,0,3.0285714285714285,3.0285714285714285,3.0285714285714285,3.0285714285714285,3.0285714285714285,0.0,0.0,106.0,106.0,106,106,106,0.0,0.0,35.0,35.0,35,35,35,0.0,0.0,0.007777,0.007777,0.007777,0.007777,0.007777,0.0,0.0
a,diff_bigger_multi_weighted,instance_0004.txt,1,1,0,0,2.1052631578947367,2.1052631578947367,2.1052631578947367,2.1052631578947367,2.1052631578947367,0.0,0.0,40.0,40.0,40,40,40,0.0,0.0,19.0,19.0,19,19,19,0.0,0.0,0.001664,0.001664,0.001664,0.001664,0.001664,0.0,0.0
a,diff_bigger_multi_weighted,instance_0005.txt,1,1,0,0,32.54814814814815,32.54814814814815,32.54814814814815,32.54814814814815,32.54814814814815,0.0,0.0,4394.0,4394.0,4394,4394,4394,0.0,0.0,135.0,135.0,135,135,135,0.0,0.0,0.20662,0.20662,0.20662,0.20662,0.20662,0.0,0.0
a,diff_bigger_multi_weighted,instance_0006.txt,1,1,0,0,27.602836879432623,27.602836879432623,27.602836879432623,27.602836879432623,27.602836879432623,0.0,0.0,3892.0,3892.0,3892,3892,3892,0.0,0.0,141.0,141.0,141,141,141,0.0,0.0,0.319882,0.319882,0.319882,0.319882,0.319882,0.0,0.0
a,diff_bigger_multi_weighted,instance_0007.txt,1,1,0,0,26.53103448275862,26.53103448275862,26.53103448275862,26.53103448275862,26.53103448275862,0.0,0.0,3847.0,3847.0,3847,3847,3847,0.0,0.0,145.0,145.0,145,145,145,0.0,0.0,0.329462,0.329462,0.329462,0.329462,0.329462,0.0,0.0
a,diff_bigger_multi_weighted,instance_0008.txt,1,1,0,0,22.007751937984494,22.007751937984494,22.007751937984494,22.007751937984494,22.007751937984494,0.0,0.0,2839.0,2839.0,2839,2839,2839,0.0,0.0,129.0,129.0,129,129,129,0.0,0.0,0.250408,0.250408,0.250408,0.250408,0.250408,0.0,0.0
a,diff_bigger_multi_weighted,instance_0009.txt,1,1,0,0,2.303030303030303,2.303030303030303,2.303030303030303,2.303030303030303,2.303030303030303,0.0,0.0,152.0,152.0,152,152,152,0.0,0.0,66.0,66.0,66,66,66,0.0,0.0,0.03307,0.03307,0.03307,0.03307,0.03307,0.0,0.0
a,diff_bigger_multi_weighted,instance_0010.txt,1,1,0,0,5.859060402684563,5.859060402684563,5.859060402684563,5.859060402684563,5.859060402684563,0.0,0.0,1746.0,1746.0,1746,1746,1746,0.0,0.0,298.0,298.0,298,298,298,0.0,0.0,0.543999,0.543999,0.543999,0.543999,0.543999,0.0,0.0
a,diff_bigger_multi_weighted,instance_0011.txt,1,1,0,0,6.790697674418604,6.790697674418604,6.790697674418604,6.790697674418604,6.790697674418604,0.0,0.0,2044.0,2044.0,2044,2044,2044,0.0,0.0,301.0,301.0,301,301,301,0.0,0.0,0.432825,0.432825,0.432825,0.432825,0.432825,0.0,0.0
a,diff_bigger_multi_weighted,instance_0012.txt,1,1,0,0,2.185185185185185,2.185185185185185,2.185185185185185,2.185185185185185,2.185185185185185,0.0,0.0,177.0,177.0,177,177,177,0.0,0.0,81.0,81.0,81,81,81,0.0,0.0,0.040149,0.040149,0.040149,0.040149,0.040149,0.0,0.0
a,diff_bigger_multi_weighted,instance_0013.txt,1,1,0,0,12.590659340659341,12.590659340659341,12.590659340659341,12.590659340659341,12.590659340659341,0.0,0.0,4583.0,4583.0,4583,4583,4583,0.0,0.0,364.0,364.0,364,364,364,0.0,0.0,0.974782,0.974782,0.974782,0.974782,0.974782,0.0,0.0
a,diff_bigger_multi_weighted,instance_0014.txt,1,1,0,0,20.58244680851064,20.58244680851064,20.58244680851064,20.58244680851064,20.58244680851064,0.0,0.0,7739.0,7739.0,7739,7739,7739,0.0,0.0,376.0,376.0,376,376,376,0.0,0.0,1.103774,1.103774,1.103774,1.103774,1.103774,0.0,0.0
a,diff_bigger_multi_weighted,instance_0015.txt,1,1,0,0,10.725947521865889,10.725947521865889,10.725947521865889,10.725947521865889,10.725947521865889,0.0,0.0,3679.0,3679.0,3679,3679,3679,0.0,0.0,343.0,343.0,343,343,343,0.0,0.0,0.92275,0.92275,0.92275,0.92275,0.92275,0.0,0.0
a,diff_bigger_multi_weighted,instance_0016.txt,1,1,0,0,9.661971830985916,9.661971830985916,9.661971830985916,9.661971830985916,9.661971830985916,0.0,0.0,686.0,686.0,686,686,686,0.0,0.0,71.0,71.0,71,71,71,0.0,0.0,0.034481,0.034481,0.034481,0.034481,0.034481,0.0,0.0
a,diff_bigger_multi_weighted,instance_0017.txt,1,1,0,0,3.8043478260869565,3.8043478260869565,3.8043478260869565,3.8043478260869565,3.8043478260869565,0.0,0.0,175.0,175.0,175,175,175,0.0,0.0,46.0,46.0,46,46,46,0.0,0.0,0.0124,0.0124,0.0124,0.0124,0.0124,0.0,0.0
a,diff_bigger_multi_weighted,instance_0018.txt,1,1,0,0,15.855263157894736,15.855263157894736,15.855263157894736,15.855263157894736,15.855263157894736,0.0,0.0,1205.0,1205.0,1205,1205,1205,0.0,0.0,76.0,76.0,76,76,76,0.0,0.0,0.043093,0.043093,0.043093,0.043093,0.043093,0.0,0.0
a,diff_bigger_multi_weighted,instance_0019.txt,1,1,0,0,9.891089108910892,9.891089108910892,9.891089108910892,9.891089108910892,9.891089108910892,0.0,0.0,999.0,999.0,999,999,999,0.0,0.0,101.0,101.0,101,101,101,0.0,0.0,0.1023,0.1023,0.1023,0.1023,0.1023,0.0,0.0
a,diff_bigger_multi_weighted,instance_0020.txt,1,1,0,0,5.0,5.0,5.0,5.0,5.0,0.0,0.0,10.0,10.0,10,10,10,0.0,0.0,2.0,2.0,2,2,2,0.0,0.0,0.000108,0.000108,0.000108,0.000108,0.000108,0.0,0.0
a,diff_bigger_weighted,instance_0001.txt,1,1,0,0,2.6153846153846154,2.6153846153846154,2.6153846153846154,2.6153846153846154,2.6153846153846154,0.0,0.0,68.0,68.0,68,68,68,0.0,0.0,26.0,26.0,26,26,26,0.0,0.0,0.002246,0.002246,0.002246,0.002246,0.002246,0.0,0.0
a,diff_bigger_weighted,instance_0002.txt,1,1,0,0,2.0,2.0,2.0,2.0,2.0,0.0,0.0,2.0,2.0,2,2,2,0.0,0.0,1.0,1.0,1,1,1,0.0,0.0,0.000121,0.000121,0.000121,0.000121,0.000121,0.0,0.0
a,diff_bigger_weighted,instance_0003.txt,1,1,0,0,2.864864864864865,2.864864864864865,2.864864864864865,2.864864864864865,2.864864864864865,0.0,0.0,106.0,106.0,106,106,106,0.0,0.0,37.0,37.0,37,37,37,0.0,0.0,0.007925,0.007925,0.007925,0.007925,0.007925,0.0,0.0
a,diff_bigger_weighted,instance_0004.txt,1,1,0,0,2.0,2.0,2.0,2.0,2.0,0.0,0.0,40.0,40.0,40,40,40,0.0,0.0,20.0,20.0,20,20,20,0.0,0.0,0.002334,0.002334,0.002334,0.002334,0.002334,0.0,0.0
a,diff_bigger_weighted,instance_0005.txt,1,1,0,0,31.840579710144926,31.840579710144926,31.840579710144926,31.840579710144926,31.840579710144926,0.0,0.0,4394.0,4394.0,4394,4394,4394,0.0,0.0,138.0,138.0,138,138,138,0.0,0.0,0.238146,0.238146,0.238146,0.238146,0.238146,0.0,0.0
a,diff_bigger_weighted,instance_0006.txt,1,1,0,0,26.65753424657534,26.65753424657534,26.65753424657534,26.65753424657534,26.65753424657534,0.0,0.0,3892.0,3892.0,3892,3892,3892,0.0,0.0,146.0,146.0,146,146,146,0.0,0.0,0.198015,0.198015,0.198015,0.198015,0.198015,0.0,0.0
a,diff_bigger_weighted,instance_0007.txt,1,1,0,0,25.818791946308725,25.818791946308725,25.818791946308725,25.818791946308725,25.818791946308725,0.0,0.0,3847.0,3847.0,3847,3847,3847,0.0,0.0,149.0,149.0,149,149,149,0.0,0.0,0.256922,0.256922,0.256922,0.256922,0.256922,0.0,0.0
a,diff_bigger_weighted,instance_0008.txt,1,1,0,0,21.838461538461537,21.838461538461537,21.838461538461537,21.838461538461537,21.838461538461537,0.0,0.0,2839.0,2839.0,2839,2839,2839,0.0,0.0,130.0,130.0,130,130,130,0.0,0.0,0.110902,0.110902,0.110902,0.110902,0.110902,0.0,0.0
a,diff_bigger_weighted,instance_0009.txt,1,1,0,0,2.026666666666667,2.026666666666667,2.026666666666667,2.026666666666667,2.026666666666667,0.0,0.0,152.0,152.0,152,152,152,0.0,0.0,75.0,75.0,75,75,75,0.0,0.0,0.026849,0.026849,0.026849,0.026849,0.026849,0.0,0.0
a,diff_bigger_weighted,instance_0010.txt,1,1,0,0,5.4733542319749215,5.4733542319749215,5.4733542319749215,5.4733542319749215,5.4733542319749215,0.0,0.0,1746.0,1746.0,1746,1746,1746,0.0,0.0,319.0,319.0,319,319,319,0.0,0.0,0.249392,0.249392,0.249392,0.249392,0.249392,0.0,0.0
a,diff_bigger_weighted,instance_0011.txt,1,1,0,0,6.328173374613003,6.328173374613003,6.328173374613003,6.328173374613003,6.328173374613003,0.0,0.0,2044.0,2044.0,2044,2044,2044,0.0,0.0,323.0,323.0,323,323,323,0.0,0.0,0.325641,0.325641,0.325641,0.325641,0.325641,0.0,0.0
a,diff_bigger_weighted,instance_0012.txt,1,1,0,0,1.8829787234042554,1.8829787234042554,1.8829787234042554,1.8829787234042554,1.8829787234042554,0.0,0.0,177.0,177.0,177,177,177,0.0,0.0,94.0,94.0,94,94,94,0.0,0.0,0.016599,0.016599,0.016599,0.016599,0.016599,0.0,0.0
a,diff_bigger_weighted,instance_0013.txt,1,1,0,0,12.487738419618529,12.487738419618529,12.487738419618529,12.487738419618529,12.487738419618529,0.0,0.0,4583.0,4583.0,4583,4583,4583,0.0,0.0,367.0,367.0,367,367,367,0.0,0.0,0.626158,0.626158,0.626158,0.626158,0.626158,0.0,0.0
a,diff_bigger_weighted,instance_0014.txt,1,1,0,0,20.473544973544975,20.473544973544975,20.473544973544975,20.473544973544975,20.473544973544975,0.0,0.0,7739.0,7739.0,7739,7739,7739,0.0,0.0,378.0,378.0,378,378,378,0.0,0.0,1.139663,1.139663,1.139663,1.139663,1.139663,0.0,0.0
a,diff_bigger_weighted,instance_0015.txt,1,1,0,0,10.305322128851541,10.305322128851541,10.305322128851541,10.305322128851541,10.305322128851541,0.0,0.0,3679.0,3679.0,3679,3679,3679,0.0,0.0,357.0,357.0,357,357,357,0.0,0.0,0.665928,0.665928,0.665928,0.665928,0.665928,0.0,0.0
a,diff_bigger_weighted,instance_0016.txt,1,1,0,0,9.527777777777779,9.527777777777779,9.527777777777779,9.527777777777779,9.527777777777779,0.0,0.0,686.0,686.0,686,686,686,0.0,0.0,72.0,72.0,72,72,72,0.0,0.0,0.031563,0.031563,0.031563,0.031563,0.031563,0.0,0.0
a,diff_bigger_weighted,instance_0017.txt,1,1,0,0,3.8043478260869565,3.8043478260869565,3.8043478260869565,3.8043478260869565,3.8043478260869565,0.0,0.0,175.0,175.0,175,175,175,0.0,0.0,46.0,46.0,46,46,46,0.0,0.0,0.009213,0.009213,0.009213,0.009213,0.009213,0.0,0.0
a,diff_bigger_weighted,instance_0018.txt,1,1,0,0,15.855263157894736,15.855263157894736,15.855263157894736,15.855263157894736,15.855263157894736,0.0,0.0,1205.0,1205.0,1205,1205,1205,0.0,0.0,76.0,76.0,76,76,76,0.0,0.0,0.056209,0.056209,0.056209,0.056209,0.056209,0.0,0.0
a,diff_bigger_weighted,instance_0019.txt,1,1,0,0,9.60576923076923,9.60576923076923,9.60576923076923,9.60576923076923,9.60576923076923,0.0,0.0,999.0,999.0,999,999,999,0.0,0.0,104.0,104.0,104,104,104,0.0,0.0,0.050873,0.050873,0.050873,0.050873,0.050873,0.0,0.0
a,diff_bigger_weighted,instance_0020.txt,1,1,0,0,3.3333333333333335,3.3333333333333335,3.3333333333333335,3.3333333333333335,3.3333333333333335,0.0,0.0,10.0,10.0,10,10,10,0.0,0.0,3.0,3.0,3,3,3,0.0,0.0,0.000114,0.000114,0.000114,0.000114,0.000114,0.0,0.0
a,diff_exact,instance_0001.txt,1,1,0,0,2.8333333333333335,2.8333333333333335,2.8333333333333335,2.8333333333333335,2.8333333333333335,0.0,0.0,68.0,68.0,68,68,68,0.0,0.0,24.0,24.0,24,24,24,0.0,0.0,0.025295,0.025295,0.025295,0.025295,0.025295,0.0,0.0
a,diff_exact,instance_0002.txt,1,1,0,0,1.0,1.0,1.0,1.0,1.0,0.0,0.0,2.0,2.0,2,2,2,0.0,0.0,2.0,2.0,2,2,2,0.0,0.0,0.019265,0.019265,0.019265,0.019265,0.019265,0.0,0.0
a,diff_exact,instance_0003.txt,1,1,0,0,3.0285714285714285,3.0285714285714285,3.0285714285714285,3.0285714285714285,3.0285714285714285,0.0,0.0,106.0,106.0,106,106,106,0.0,0.0,35.0,35.0,35,35,35,0.0,0.0,0.04486,0.04486,0.04486,0.04486,0.04486,0.0,0.0
a,diff_exact,instance_0004.txt,1,1,0,0,1.6818181818181819,1.6818181818181819,1.6818181818181819,1.6818181818181819,1.6818181818181819,0.0,0.0,37.0,37.0,37,37,37,0.0,0.0,22.0,22.0,22,22,22,0.0,0.0,0.024877,0.024877,0.024877,0.024877,0.024877,0.0,0.0
a,diff_exact,instance_0005.txt,1,1,0,0,32.54814814814815,32.54814814814815,32.54814814814815,32.54814814814815,32.54814814814815,0.0,0.0,4394.0,4394.0,4394,4394,4394,0.0,0.0,135.0,135.0,135,135,135,0.0,0.0,0.522544,0.522544,0.522544,0.522544,0.522544,0.0,0.0
a,diff_exact,instance_0006.txt,1,1,0,0,27.602836879432623,27.602836879432623,27.602836879432623,27.602836879432623,27.602836879432623,0.0,0.0,3892.0,3892.0,3892,3892,3892,0.0,0.0,141.0,141.0,141,141,141,0.0,0.0,0.40773,0.40773,0.40773,0.40773,0.40773,0.0,0.0
a,diff_exact,instance_0007.txt,1,1,0,0,26.53103448275862,26.53103448275862,26.53103448275862,26.53103448275862,26.53103448275862,0.0,0.0,3847.0,3847.0,3847,3847,3847,0.0,0.0,145.0,145.0,145,145,145,0.0,0.0,0.510324,0.510324,0.510324,0.510324,0.510324,0.0,0.0
a,diff_exact,instance_0008.txt,1,1,0,0,22.007751937984494,22.007751937984494,22.007751937984494,22.007751937984494,22.007751937984494,0.0,0.0,2839.0,2839.0,2839,2839,2839,0.0,0.0,129.0,129.0,129,129,129,0.0,0.0,0.301329,0.301329,0.301329,0.301329,0.301329,0.0,0.0
a,diff_exact,instance_0009.txt,1,1,0,0,2.4126984126984126,2.4126984126984126,2.4126984126984126,2.4126984126984126,2.4126984126984126,0.0,0.0,152.0,152.0,152,152,152,0.0,0.0,63.0,63.0,63,63,63,0.0,0.0,0.048549,0.048549,0.048549,0.048549,0.048549,0.0,0.0
a,diff_exact,instance_0010.txt,1,1,0,0,5.938775510204081,5.938775510204081,5.938775510204081,5.938775510204081,5.938775510204081,0.0,0.0,1746.0,1746.0,1746,1746,1746,0.0,0.0,294.0,294.0,294,294,294,0.0,0.0,0.623406,0.623406,0.623406,0.623406,0.623406,0.0,0.0
a,diff_exact,instance_0011.txt,1,1,0,0,6.816666666666666,6.816666666666666,6.816666666666666,6.816666666666666,6.816666666666666,0.0,0.0,2045.0,2045.0,2045,2045,2045,0.0,0.0,300.0,300.0,300,300,300,0.0,0.0,0.710137,0.710137,0.710137,0.710137,0.710137,0.0,0.0
a,diff_exact,instance_0012.txt,1,1,0,0,2.2125,2.2125,2.2125,2.2125,2.2125,0.0,0.0,177.0,177.0,177,177,177,0.0,0.0,80.0,80.0,80,80,80,0.0,0.0,0.070731,0.070731,0.070731,0.070731,0.070731,0.0,0.0
a,diff_exact,instance_0013.txt,1,1,0,0,12.62534435261708,12.62534435261708,12.62534435261708,12.62534435261708,12.62534435261708,0.0,0.0,4583.0,4583.0,4583,4583,4583,0.0,0.0,363.0,363.0,363,363,363,0.0,0.0,1.797663,1.797663,1.797663,1.797663,1.797663,0.0,0.0
a,diff_exact,instance_0014.txt,1,1,0,0,20.58244680851064,20.58244680851064,20.58244680851064,20.58244680851064,20.58244680851064,0.0,0.0,7739.0,7739.0,7739,7739,7739,0.0,0.0,376.0,376.0,376,376,376,0.0,0.0,3.137449,3.137449,3.137449,3.137449,3.137449,0.0,0.0
a,diff_exact,instance_0015.txt,1,1,0,0,10.725947521865889,10.725947521865889,10.725947521865889,10.725947521865889,10.725947521865889,0.0,0.0,3679.0,3679.0,3679,3679,3679,0.0,0.0,343.0,343.0,343,343,343,0.0,0.0,1.590021,1.590021,1.590021,1.590021,1.590021,0.0,0.0
a,diff_exact,instance_0016.txt,1,1,0,0,9.661971830985916,9.661971830985916,9.661971830985916,9.661971830985916,9.661971830985916,0.0,0.0,686.0,686.0,686,686,686,0.0,0.0,71.0,71.0,71,71,71,0.0,0.0,0.067478,0.067478,0.067478,0.067478,0.067478,0.0,0.0
a,diff_exact,instance_0017.txt,1,1,0,0,3.8043478260869565,3.8043478260869565,3.8043478260869565,3.8043478260869565,3.8043478260869565,0.0,0.0,175.0,175.0,175,175,175,0.0,0.0,46.0,46.0,46,46,46,0.0,0.0,0.025744,0.025744,0.025744,0.025744,0.025744,0.0,0.0
a,diff_exact,instance_0018.txt,1,1,0,0,15.855263157894736,15.855263157894736,15.855263157894736,15.855263157894736,15.855263157894736,0.0,0.0,1205.0,1205.0,1205,1205,1205,0.0,0.0,76.0,76.0,76,76,76,0.0,0.0,0.110877,0.110877,0.110877,0.110877,0.110877,0.0,0.0
a,diff_exact,instance_0019.txt,1,1,0,0,9.99,9.99,9.99,9.99,9.99,0.0,0.0,999.0,999.0,999,999,999,0.0,0.0,100.0,100.0,100,100,100,0.0,0.0,0.140936,0.140936,0.140936,0.140936,0.140936,0.0,0.0
a,diff_exact,instance_0020.txt,1,1,0,0,5.0,5.0,5.0,5.0,5.0,0.0,0.0,10.0,10.0,10,10,10,0.0,0.0,2.0,2.0,2,2,2,0.0,0.0,0.004667,0.004667,0.004667,0.004667,0.004667,0.0,0.0
a,diff_exact_weighted,instance_0001.txt,1,1,0,0,2.8333333333333335,2.8333333333333335,2.8333333333333335,2.8333333333333335,2.8333333333333335,0.0,0.0,68.0,68.0,68,68,68,0.0,0.0,24.0,24.0,24,24,24,0.0,0.0,0.025362,0.025362,0.025362,0.025362,0.025362,0.0,0.0
a,diff_exact_weighted,instance_0002.txt,1,1,0,0,1.0,1.0,1.0,1.0,1.0,0.0,0.0,2.0,2.0,2,2,2,0.0,0.0,2.0,2.0,2,2,2,0.0,0.0,0.005847,0.005847,0.005847,0.005847,0.005847,0.0,0.0
a,diff_exact_weighted,instance_0003.txt,1,1,0,0,3.0285714285714285,3.0285714285714285,3.0285714285714285,3.0285714285714285,3.0285714285714285,0.0,0.0,106.0,106.0,106,106,106,0.0,0.0,35.0,35.0,35,35,35,0.0,0.0,0.019305,0.019305,0.019305,0.019305,0.019305,0.0,0.0
a,diff_exact_weighted,instance_0004.txt,1,1,0,0,1.6818181818181819,1.6818181818181819,1.6818181818181819,1.6818181818181819,1.6818181818181819,0.0,0.0,37.0,37.0,37,37,37,0.0,0.0,22.0,22.0,22,22,22,0.0,0.0,0.015944,0.015944,0.015944,0.015944,0.015944,0.0,0.0
a,diff_exact_weighted,instance_0005.txt,1,1,0,0,32.54814814814815,32.54814814814815,32.54814814814815,32.54814814814815,32.54814814814815,0.0,0.0,4394.0,4394.0,4394,4394,4394,0.0,0.0,135.0,135.0,135,135,135,0.0,0.0,0.52107,0.52107,0.52107,0.52107,0.52107,0.0,0.0
a,diff_exact_weighted,instance_0006.txt,1,1,0,0,27.602836879432623,27.602836879432623,27.602836879432623,27.602836879432623,27.602836879432623,0.0,0.0,3892.0,3892.0,3892,3892,3892,0.0,0.0,141.0,141.0,141,141,141,0.0,0.0,0.570893,0.570893,0.570893,0.570893,0.570893,0.0,0.0
a,diff_exact_weighted,instance_0007.txt,1,1,0,0,26.53103448275862,26.53103448275862,26.53103448275862,26.53103448275862,26.53103448275862,0.0,0.0,3847.0,3847.0,3847,3847,3847,0.0,0.0,145.0,145.0,145,145,145,0.0,0.0,0.669224,0.669224,0.669224,0.669224,0.669224,0.0,0.0
a,diff_exact_weighted,instance_0008.txt,1,1,0,0,22.007751937984494,22.007751937984494,22.007751937984494,22.007751937984494,22.007751937984494,0.0,0.0,2839.0,2839.0,2839,2839,2839,0.0,0.0,129.0,129.0,129,129,129,0.0,0.0,0.316899,0.316899,0.316899,0.316899,0.316899,0.0,0.0
a,diff_exact_weighted,instance_0009.txt,1,1,0,0,2.4126984126984126,2.4126984126984126,2.4126984126984126,2.4126984126984126,2.4126984126984126,0.0,0.0,152.0,152.0,152,152,152,0.0,0.0,63.0,63.0,63,63,63,0.0,0.0,0.066042,0.066042,0.066042,0.066042,0.066042,0.0,0.0
a,diff_exact_weighted,instance_0010.txt,1,1,0,0,5.938775510204081,5.938775510204081,5.938775510204081,5.938775510204081,5.938775510204081,0.0,0.0,1746.0,1746.0,1746,1746,1746,0.0,0.0,294.0,294.0,294,294,294,0.0,0.0,0.834701,0.834701,0.834701,0.834701,0.834701,0.0,0.0
a,diff_exact_weighted,instance_0011.txt,1,1,0,0,6.816666666666666,6.816666666666666,6.816666666666666,6.816666666666666,6.816666666666666,0.0,0.0,2045.0,2045.0,2045,2045,2045,0.0,0.0,300.0,300.0,300,300,300,0.0,0.0,0.772425,0.772425,0.772425,0.772425,0.772425,0.0,0.0
a,diff_exact_weighted,instance_0012.txt,1,1,0,0,2.2125,2.2125,2.2125,2.2125,2.2125,0.0,0.0,177.0,177.0,177,177,177,0.0,0.0,80.0,80.0,80,80,80,0.0,0.0,0.083805,0.083805,0.083805,0.083805,0.083805,0.0,0.0
a,diff_exact_weighted,instance_0013.txt,1,1,0,0,12.62534435261708,12.62534435261708,12.62534435261708,12.62534435261708,12.62534435261708,0.0,0.0,4583.0,4583.0,4583,4583,4583,0.0,0.0,363.0,363.0,363,363,363,0.0,0.0,2.048978,2.048978,2.048978,2.048978,2.048978,0.0,0.0
a,diff_exact_weighted,instance_0014.txt,1,1,0,0,20.58244680851064,20.58244680851064,20.58244680851064,20.58244680851064,20.58244680851064,0.0,0.0,7739.0,7739.0,7739,7739,7739,0.0,0.0,376.0,376.0,376,376,376,0.0,0.0,3.751146,3.751146,3.751146,3.751146,3.751146,0.0,0.0
a,diff_exact_weighted,instance_0015.txt,1,1,0,0,10.725947521865889,10.725947521865889,10.725947521865889,10.725947521865889,10.725947521865889,0.0,0.0,3679.0,3679.0,3679,3679,3679,0.0,0.0,343.0,343.0,343,343,343,0.0,0.0,1.215495,1.215495,1.215495,1.215495,1.215495,0.0,0.0
a,diff_exact_weighted,instance_0016.txt,1,1,0,0,9.661971830985916,9.661971830985916,9.661971830985916,9.661971830985916,9.661971830985916,0.0,0.0,686.0,686.0,686,686,686,0.0,0.0,71.0,71.0,71,71,71,0.0,0.0,0.077516,0.077516,0.077516,0.077516,0.077516,0.0,0.0
a,diff_exact_weighted,instance_0017.txt,1,1,0,0,3.8043478260869565,3.8043478260869565,3.8043478260869565,3.8043478260869565,3.8043478260869565,0.0,0.0,175.0,175.0,175,175,175,0.0,0.0,46.0,46.0,46,46,46,0.0,0.0,0.025441,0.025441,0.025441,0.025441,0.025441,0.0,0.0
a,diff_exact_weighted,instance_0018.txt,1,1,0,0,15.855263157894736,15.855263157894736,15.855263157894736,15.855263157894736,15.855263157894736,0.0,0.0,1205.0,1205.0,1205,1205,1205,0.0,0.0,76.0,76.0,76,76,76,0.0,0.0,0.114027,0.114027,0.114027,0.114027,0.114027,0.0,0.0
a,diff_exact_weighted,instance_0019.txt,1,1,0,0,9.99,9.99,9.99,9.99,9.99,0.0,0.0,999.0,999.0,999,999,999,0.0,0.0,100.0,100.0,100,100,100,0.0,0.0,0.150353,0.150353,0.150353,0.150353,0.150353,0.0,0.0
a,diff_exact_weighted,instance_0020.txt,1,1,0,0,5.0,5.0,5.0,5.0,5.0,0.0,0.0,10.0,10.0,10,10,10,0.0,0.0,2.0,2.0,2,2,2,0.0,0.0,0.008046,0.008046,0.008046,0.008046,0.008046,0.0,0.0
a,diff_multi,instance_0001.txt,1,1,0,0,2.72,2.72,2.72,2.72,2.72,0.0,0.0,68.0,68.0,68,68,68,0.0,0.0,25.0,25.0,25,25,25,0.0,0.0,0.002609,0.002609,0.002609,0.002609,0.002609,0.0,0.0
a,diff_multi,instance_0002.txt,1,1,0,0,1.0,1.0,1.0,1.0,1.0,0.0,0.0,2.0,2.0,2,2,2,0.0,0.0,2.0,2.0,2,2,2,0.0,0.0,0.000133,0.000133,0.000133,0.000133,0.000133,0.0,0.0
a,diff_multi,instance_0003.txt,1,1,0,0,3.0285714285714285,3.0285714285714285,3.0285714285714285,3.0285714285714285,3.0285714285714285,0.0,0.0,106.0,106.0,106,106,106,0.0,0.0,35.0,35.0,35,35,35,0.0,0.0,0.009027,0.009027,0.009027,0.009027,0.009027,0.0,0.0
a,diff_multi,instance_0004.txt,1,1,0,0,1.6818181818181819,1.6818181818181819,1.6818181818181819,1.6818181818181819,1.6818181818181819,0.0,0.0,37.0,37.0,37,37,37,0.0,0.0,22.0,22.0,22,22,22,0.0,0.0,0.001166,0.001166,0.001166,0.001166,0.001166,0.0,0.0
a,diff_multi,instance_0005.txt,1,1,0,0,32.54814814814815,32.54814814814815,32.54814814814815,32.54814814814815,32.54814814814815,0.0,0.0,4394.0,4394.0,4394,4394,4394,0.0,0.0,135.0,135.0,135,135,135,0.0,0.0,0.213669,0.213669,0.213669,0.213669,0.213669,0.0,0.0
a,diff_multi,instance_0006.txt,1,1,0,0,27.602836879432623,27.602836879432623,27.602836879432623,27.602836879432623,27.602836879432623,0.0,0.0,3892.0,3892.0,3892,3892,3892,0.0,0.0,141.0,141.0,141,141,141,0.0,0.0,0.346003,0.346003,0.346003,0.346003,0.346003,0.0,0.0
a,diff_multi,instance_0007.txt,1,1,0,0,26.53103448275862,26.53103448275862,26.53103448275862,26.53103448275862,26.53103448275862,0.0,0.0,3847.0,3847.0,3847,3847,3847,0.0,0.0,145.0,145.0,145,145,145,0.0,0.0,0.366203,0.366203,0.366203,0.366203,0.366203,0.0,0.0
a,diff_multi,instance_0008.txt,1,1,0,0,22.007751937984494,22.007751937984494,22.007751937984494,22.007751937984494,22.007751937984494,0.0,0.0,2839.0,2839.0,2839,2839,2839,0.0,0.0,129.0,129.0,129,129,129,0.0,0.0,0.233691,0.233691,0.233691,0.233691,0.233691,0.0,0.0
a,diff_multi,instance_0009.txt,1,1,0,0,2.3384615384615386,2.3384615384615386,2.3384615384615386,2.3384615384615386,2.3384615384615386,0.0,0.0,152.0,152.0,152,152,152,0.0,0.0,65.0,65.0,65,65,65,0.0,0.0,0.023765,0.023765,0.023765,0.023765,0.023765,0.0,0.0
a,diff_multi,instance_0010.txt,1,1,0,0,5.918644067796611,5.918644067796611,5.918644067796611,5.918644067796611,5.918644067796611,0.0,0.0,1746.0,1746.0,1746,1746,1746,0.0,0.0,295.0,295.0,295,295,295,0.0,0.0,0.517755,0.517755,0.517755,0.517755,0.517755,0.0,0.0
a,diff_multi,instance_0011.txt,1,1,0,0,6.794019933554817,6.794019933554817,6.794019933554817,6.794019933554817,6.794019933554817,0.0,0.0,2045.0,2045.0,2045,2045,2045,0.0,0.0,301.0,301.0,301,301,301,0.0,0.0,0.373758,0.373758,0.373758,0.373758,0.373758,0.0,0.0
a,diff_multi,instance_0012.txt,1,1,0,0,2.185185185185185,2.185185185185185,2.185185185185185,2.185185185185185,2.185185185185185,0.0,0.0,177.0,177.0,177,177,177,0.0,0.0,81.0,81.0,81,81,81,0.0,0.0,0.039846,0.039846,0.039846,0.039846,0.039846,0.0,0.0
a,diff_multi,instance_0013.txt,1,1,0,0,12.590659340659341,12.590659340659341,12.590659340659341,12.590659340659341,12.590659340659341,0.0,0.0,4583.0,4583.0,4583,4583,4583,0.0,0.0,364.0,364.0,364,364,364,0.0,0.0,0.905599,0.905599,0.905599,0.905599,0.905599,0.0,0.0
a,diff_multi,instance_0014.txt,1,1,0,0,20.58244680851064,20.58244680851064,20.58244680851064,20.58244680851064,20.58244680851064,0.0,0.0,7739.0,7739.0,7739,7739,7739,0.0,0.0,376.0,376.0,376,376,376,0.0,0.0,1.280216,1.280216,1.280216,1.280216,1.280216,0.0,0.0
a,diff_multi,instance_0015.txt,1,1,0,0,10.725947521865889,10.725947521865889,10.725947521865889,10.725947521865889,10.725947521865889,0.0,0.0,3679.0,3679.0,3679,3679,3679,0.0,0.0,343.0,343.0,343,343,343,0.0,0.0,0.851415,0.851415,0.851415,0.851415,0.851415,0.0,0.0
a,diff_multi,instance_0016.txt,1,1,0,0,9.661971830985916,9.661971830985916,9.661971830985916,9.661971830985916,9.661971830985916,0.0,0.0,686.0,686.0,686,686,686,0.0,0.0,71.0,71.0,71,71,71,0.0,0.0,0.019227,0.019227,0.019227,0.019227,0.019227,0.0,0.0
a,diff_multi,instance_0017.txt,1,1,0,0,3.8043478260869565,3.8043478260869565,3.8043478260869565,3.8043478260869565,3.8043478260869565,0.0,0.0,175.0,175.0,175,175,175,0.0,0.0,46.0,46.0,46,46,46,0.0,0.0,0.010571,0.010571,0.010571,0.010571,0.010571,0.0,0.0
a,diff_multi,instance_0018.txt,1,1,0,0,15.855263157894736,15.855263157894736,15.855263157894736,15.855263157894736,15.855263157894736,0.0,0.0,1205.0,1205.0,1205,1205,1205,0.0,0.0,76.0,76.0,76,76,76,0.0,0.0,0.045414,0.045414,0.045414,0.045414,0.045414,0.0,0.0
a,diff_multi,instance_0019.txt,1,1,0,0,9.891089108910892,9.891089108910892,9.891089108910892,9.891089108910892,9.891089108910892,0.0,0.0,999.0,999.0,999,999,999,0.0,0.0,101.0,101.0,101,101,101,0.0,0.0,0.078077,0.078077,0.078077,0.078077,0.078077,0.0,0.0
a,diff_multi,instance_0020.txt,1,1,0,0,5.0,5.0,5.0,5.0,5.0,0.0,0.0,10.0,10.0,10,10,10,0.0,0.0,2.0,2.0,2,2,2,0.0,0.0,0.000113,0.000113,0.000113,0.000113,0.000113,0.0,0.0
a,diff_multi_weighted,instance_0001.txt,1,1,0,0,2.72,2.72,2.72,2.72,2.72,0.0,0.0,68.0,68.0,68,68,68,0.0,0.0,25.0,25.0,25,25,25,0.0,0.0,0.008145,0.008145,0.008145,0.008145,0.008145,0.0,0.0
a,diff_multi_weighted,instance_0002.txt,1,1,0,0,1.0,1.0,1.0,1.0,1.0,0.0,0.0,2.0,2.0,2,2,2,0.0,0.0,2.0,2.0,2,2,2,0.0,0.0,0.000154,0.000154,0.000154,0.000154,0.000154,0.0,0.0
a,diff_multi_weighted,instance_0003.txt,1,1,0,0,3.0285714285714285,3.0285714285714285,3.0285714285714285,3.0285714285714285,3.0285714285714285,0.0,0.0,106.0,106.0,106,106,106,0.0,0.0,35.0,35.0,35,35,35,0.0,0.0,0.007354,0.007354,0.007354,0.007354,0.007354,0.0,0.0
a,diff_multi_weighted,instance_0004.txt,1,1,0,0,1.6818181818181819,1.6818181818181819,1.6818181818181819,1.6818181818181819,1.6818181818181819,0.0,0.0,37.0,37.0,37,37,37,0.0,0.0,22.0,22.0,22,22,22,0.0,0.0,0.001882,0.001882,0.001882,0.001882,0.001882,0.0,0.0
a,diff_multi_weighted,instance_0005.txt,1,1,0,0,32.54814814814815,32.54814814814815,32.54814814814815,32.54814814814815,32.54814814814815,0.0,0.0,4394.0,4394.0,4394,4394,4394,0.0,0.0,135.0,135.0,135,135,135,0.0,0.0,0.289301,0.289301,0.289301,0.289301,0.289301,0.0,0.0
a,diff_multi_weighted,instance_0006.txt,1,1,0,0,27.602836879432623,27.602836879432623,27.602836879432623,27.602836879432623,27.602836879432623,0.0,0.0,3892.0,3892.0,3892,3892,3892,0.0,0.0,141.0,141.0,141,141,141,0.0,0.0,0.368484,0.368484,0.368484,0.368484,0.368484,0.0,0.0
a,diff_multi_weighted,instance_0007.txt,1,1,0,0,26.53103448275862,26.53103448275862,26.53103448275862,26.53103448275862,26.53103448275862,0.0,0.0,3847.0,3847.0,3847,3847,3847,0.0,0.0,145.0,145.0,145,145,145,0.0,0.0,0.272955,0.272955,0.272955,0.272955,0.272955,0.0,0.0
a,diff_multi_weighted,instance_0008.txt,1,1,0,0,22.007751937984494,22.007751937984494,22.007751937984494,22.007751937984494,22.007751937984494,0.0,0.0,2839.0,2839.0,2839,2839,2839,0.0,0.0,129.0,129.0,129,129,129,0.0,0.0,0.262471,0.262471,0.262471,0.262471,0.262471,0.0,0.0
a,diff_multi_weighted,instance_0009.txt,1,1,0,0,2.3384615384615386,2.3384615384615386,2.3384615384615386,2.3384615384615386,2.3384615384615386,0.0,0.0,152.0,152.0,152,152,152,0.0,0.0,65.0,65.0,65,65,65,0.0,0.0,0.020467,0.020467,0.020467,0.020467,0.020467,0.0,0.0
a,diff_multi_weighted,instance_0010.txt,1,1,0,0,5.918644067796611,5.918644067796611,5.918644067796611,5.918644067796611,5.918644067796611,0.0,0.0,1746.0,1746.0,1746,1746,1746,0.0,0.0,295.0,295.0,295,295,295,0.0,0.0,0.548119,0.548119,0.548119,0.548119,0.548119,0.0,0.0
a,diff_multi_weighted,instance_0011.txt,1,1,0,0,6.794019933554817,6.794019933554817,6.794019933554817,6.794019933554817,6.794019933554817,0.0,0.0,2045.0,2045.0,2045,2045,2045,0.0,0.0,301.0,301.0,301,301,301,0.0,0.0,0.466906,0.466906,0.466906,0.466906,0.466906,0.0,0.0
a,diff_multi_weighted,instance_0012.txt,1,1,0,0,2.185185185185185,2.185185185185185,2.185185185185185,2.185185185185185,2.185185185185185,0.0,0.0,177.0,177.0,177,177,177,0.0,0.0,81.0,81.0,81,81,81,0.0,0.0,0.042704,0.042704,0.042704,0.042704,0.042704,0.0,0.0
a,diff_multi_weighted,instance_0013.txt,1,1,0,0,12.590659340659341,12.590659340659341,12.590659340659341,12.590659340659341,12.590659340659341,0.0,0.0,4583.0,4583.0,4583,4583,4583,0.0,0.0,364.0,364.0,364,364,364,0.0,0.0,1.024846,1.024846,1.024846,1.024846,1.024846,0.0,0.0
a,diff_multi_weighted,instance_0014.txt,1,1,0,0,20.58244680851064,20.58244680851064,20.58244680851064,20.58244680851064,20.58244680851064,0.0,0.0,7739.0,7739.0,7739,7739,7739,0.0,0.0,376.0,376.0,376,376,376,0.0,0.0,1.118113,1.118113,1.118113,1.118113,1.118113,0.0,0.0
a,diff_multi_weighted,instance_0015.txt,1,1,0,0,10.725947521865889,10.725947521865889,10.725947521865889,10.725947521865889,10.725947521865889,0.0,0.0,3679.0,3679.0,3679,3679,3679,0.0,0.0,343.0,343.0,343,343,343,0.0,0.0,0.766792,0.766792,0.766792,0.766792,0.766792,0.0,0.0
a,diff_multi_weighted,instance_0016.txt,1,1,0,0,9.661971830985916,9.661971830985916,9.661971830985916,9.661971830985916,9.661971830985916,0.0,0.0,686.0,686.0,686,686,686,0.0,0.0,71.0,71.0,71,71,71,0.0,0.0,0.022163,0.022163,0.022163,0.022163,0.022163,0.0,0.0
a,diff_multi_weighted,instance_0017.txt,1,1,0,0,3.8043478260869565,3.8043478260869565,3.8043478260869565,3.8043478260869565,3.8043478260869565,0.0,0.0,175.0,175.0,175,175,175,0.0,0.0,46.0,46.0,46,46,46,0.0,0.0,0.008975,0.008975,0.008975,0.008975,0.008975,0.0,0.0
a,diff_multi_weighted,instance_0018.txt,1,1,0,0,15.855263157894736,15.855263157894736,15.855263157894736,15.855263157894736,15.855263157894736,0.0,0.0,1205.0,1205.0,1205,1205,1205,0.0,0.0,76.0,76.0,76,76,76,0.0,0.0,0.035542,0.035542,0.035542,0.035542,0.035542,0.0,0.0
a,diff_multi_weighted,instance_0019.txt,1,1,0,0,9.891089108910892,9.891089108910892,9.891089108910892,9.891089108910892,9.891089108910892,0.0,0.0,999.0,999.0,999,999,999,0.0,0.0,101.0,101.0,101,101,101,0.0,0.0,0.090458,0.090458,0.090458,0.090458,0.090458,0.0,0.0
a,diff_multi_weighted,instance_0020.txt,1,1,0,0,5.0,5.0,5.0,5.0,5.0,0.0,0.0,10.0,10.0,10,10,10,0.0,0.0,2.0,2.0,2,2,2,0.0,0.0,0.000126,0.000126,0.000126,0.000126,0.000126,0.0,0.0
a,diff_smaller,instance_0001.txt,1,1,0,0,2.68,2.68,2.68,2.68,2.68,0.0,0.0,67.0,67.0,67,67,67,0.0,0.0,25.0,25.0,25,25,25,0.0,0.0,0.002712,0.002712,0.002712,0.002712,0.002712,0.0,0.0
a,diff_smaller,instance_0002.txt,1,1,0,0,2.0,2.0,2.0,2.0,2.0,0.0,0.0,2.0,2.0,2,2,2,0.0,0.0,1.0,1.0,1,1,1,0.0,0.0,0.000102,0.000102,0.000102,0.000102,0.000102,0.0,0.0
a,diff_smaller,instance_0003.txt,1,1,0,0,2.864864864864865,2.864864864864865,2.864864864864865,2.864864864864865,2.864864864864865,0.0,0.0,106.0,106.0,106,106,106,0.0,0.0,37.0,37.0,37,37,37,0.0,0.0,0.007702,0.007702,0.007702,0.007702,0.007702,0.0,0.0
a,diff_smaller,instance_0004.txt,1,1,0,0,1.625,1.625,1.625,1.625,1.625,0.0,0.0,39.0,39.0,39,39,39,0.0,0.0,24.0,24.0,24,24,24,0.0,0.0,0.001121,0.001121,0.001121,0.001121,0.001121,0.0,0.0
a,diff_smaller,instance_0005.txt,1,1,0,0,31.847826086956523,31.847826086956523,31.847826086956523,31.847826086956523,31.847826086956523,0.0,0.0,4395.0,4395.0,4395,4395,4395,0.0,0.0,138.0,138.0,138,138,138,0.0,0.0,0.167704,0.167704,0.167704,0.167704,0.167704,0.0,0.0
a,diff_smaller,instance_0006.txt,1,1,0,0,26.65753424657534,26.65753424657534,26.65753424657534,26.65753424657534,26.65753424657534,0.0,0.0,3892.0,3892.0,3892,3892,3892,0.0,0.0,146.0,146.0,146,146,146,0.0,0.0,0.23387,0.23387,0.23387,0.23387,0.23387,0.0,0.0
a,diff_smaller,instance_0007.txt,1,1,0,0,25.818791946308725,25.818791946308725,25.818791946308725,25.818791946308725,25.818791946308725,0.0,0.0,3847.0,3847.0,3847,3847,3847,0.0,0.0,149.0,149.0,149,149,149,0.0,0.0,0.233533,0.233533,0.233533,0.233533,0.233533,0.0,0.0
a,diff_smaller,instance_0008.txt,1,1,0,0,21.838461538461537,21.838461538461537,21.838461538461537,21.838461538461537,21.838461538461537,0.0,0.0,2839.0,2839.0,2839,2839,2839,0.0,0.0,130.0,130.0,130,130,130,0.0,0.0,0.124125,0.124125,0.124125,0.124125,0.124125,0.0,0.0
a,diff_smaller,instance_0009.txt,1,1,0,0,2.054054054054054,2.054054054054054,2.054054054054054,2.054054054054054,2.054054054054054,0.0,0.0,152.0,152.0,152,152,152,0.0,0.0,74.0,74.0,74,74,74,0.0,0.0,0.018218,0.018218,0.018218,0.018218,0.018218,0.0,0.0
a,diff_smaller,instance_0010.txt,1,1,0,0,5.507886435331231,5.507886435331231,5.507886435331231,5.507886435331231,5.507886435331231,0.0,0.0,1746.0,1746.0,1746,1746,1746,0.0,0.0,317.0,317.0,317,317,317,0.0,0.0,0.296736,0.296736,0.296736,0.296736,0.296736,0.0,0.0
a,diff_smaller,instance_0011.txt,1,1,0,0,6.367601246105919,6.367601246105919,6.367601246105919,6.367601246105919,6.367601246105919,0.0,0.0,2044.0,2044.0,2044,2044,2044,0.0,0.0,321.0,321.0,321,321,321,0.0,0.0,0.304815,0.304815,0.304815,0.304815,0.304815,0.0,0.0
a,diff_smaller,instance_0012.txt,1,1,0,0,1.8829787234042554,1.8829787234042554,1.8829787234042554,1.8829787234042554,1.8829787234042554,0.0,0.0,177.0,177.0,177,177,177,0.0,0.0,94.0,94.0,94,94,94,0.0,0.0,0.022348,0.022348,0.022348,0.022348,0.022348,0.0,0.0
a,diff_smaller,instance_0013.txt,1,1,0,0,12.487738419618529,12.487738419618529,12.487738419618529,12.487738419618529,12.487738419618529,0.0,0.0,4583.0,4583.0,4583,4583,4583,0.0,0.0,367.0,367.0,367,367,367,0.0,0.0,0.763315,0.763315,0.763315,0.763315,0.763315,0.0,0.0
a,diff_smaller,instance_0014.txt,1,1,0,0,20.473544973544975,20.473544973544975,20.473544973544975,20.473544973544975,20.473544973544975,0.0,0.0,7739.0,7739.0,7739,7739,7739,0.0,0.0,378.0,378.0,378,378,378,0.0,0.0,1.372156,1.372156,1.372156,1.372156,1.372156,0.0,0.0
a,diff_smaller,instance_0015.txt,1,1,0,0,10.305322128851541,10.305322128851541,10.305322128851541,10.305322128851541,10.305322128851541,0.0,0.0,3679.0,3679.0,3679,3679,3679,0.0,0.0,357.0,357.0,357,357,357,0.0,0.0,0.612653,0.612653,0.612653,0.612653,0.612653,0.0,0.0
a,diff_smaller,instance_0016.txt,1,1,0,0,9.527777777777779,9.527777777777779,9.527777777777779,9.527777777777779,9.527777777777779,0.0,0.0,686.0,686.0,686,686,686,0.0,0.0,72.0,72.0,72,72,72,0.0,0.0,0.041187,0.041187,0.041187,0.041187,0.041187,0.0,0.0
a,diff_smaller,instance_0017.txt,1,1,0,0,3.8043478260869565,3.8043478260869565,3.8043478260869565,3.8043478260869565,3.8043478260869565,0.0,0.0,175.0,175.0,175,175,175,0.0,0.0,46.0,46.0,46,46,46,0.0,0.0,0.009824,0.009824,0.009824,0.009824,0.009824,0.0,0.0
a,diff_smaller,instance_0018.txt,1,1,0,0,15.855263157894736,15.855263157894736,15.855263157894736,15.855263157894736,15.855263157894736,0.0,0.0,1205.0,1205.0,1205,1205,1205,0.0,0.0,76.0,76.0,76,76,76,0.0,0.0,0.050949,0.050949,0.050949,0.050949,0.050949,0.0,0.0
a,diff_smaller,instance_0019.txt,1,1,0,0,9.60576923076923,9.60576923076923,9.60576923076923,9.60576923076923,9.60576923076923,0.0,0.0,999.0,999.0,999,999,999,0.0,0.0,104.0,104.0,104,104,104,0.0,0.0,0.047983,0.047983,0.047983,0.047983,0.047983,0.0,0.0
a,diff_smaller,instance_0020.txt,1,1,0,0,4.0,4.0,4.0,4.0,4.0,0.0,0.0,12.0,12.0,12,12,12,0.0,0.0,3.0,3.0,3,3,3,0.0,0.0,0.000106,0.000106,0.000106,0.000106,0.000106,0.0,0.0
a,diff_smaller_exact,instance_0001.txt,1,1,0,0,2.7916666666666665,2.7916666666666665,2.7916666666666665,2.7916666666666665,2.7916666666666665,0.0,0.0,67.0,67.0,67,67,67,0.0,0.0,24.0,24.0,24,24,24,0.0,0.0,0.015728,0.015728,0.015728,0.015728,0.015728,0.0,0.0
a,diff_smaller_exact,instance_0002.txt,1,1,0,0,2.0,2.0,2.0,2.0,2.0,0.0,0.0,2.0,2.0,2,2,2,0.0,0.0,1.0,1.0,1,1,1,0.0,0.0,0.007569,0.007569,0.007569,0.007569,0.007569,0.0,0.0
a,diff_smaller_exact,instance_0003.txt,1,1,0,0,3.0285714285714285,3.0285714285714285,3.0285714285714285,3.0285714285714285,3.0285714285714285,0.0,0.0,106.0,106.0,106,106,106,0.0,0.0,35.0,35.0,35,35,35,0.0,0.0,0.025051,0.025051,0.025051,0.025051,0.025051,0.0,0.0
a,diff_smaller_exact,instance_0004.txt,1,1,0,0,1.6956521739130435,1.6956521739130435,1.6956521739130435,1.6956521739130435,1.6956521739130435,0.0,0.0,39.0,39.0,39,39,39,0.0,0.0,23.0,23.0,23,23,23,0.0,0.0,0.009749,0.009749,0.009749,0.009749,0.009749,0.0,0.0
a,diff_smaller_exact,instance_0005.txt,1,1,0,0,32.55555555555556,32.55555555555556,32.55555555555556,32.55555555555556,32.55555555555556,0.0,0.0,4395.0,4395.0,4395,4395,4395,0.0,0.0,135.0,135.0,135,135,135,0.0,0.0,0.472607,0.472607,0.472607,0.472607,0.472607,0.0,0.0
a,diff_smaller_exact,instance_0006.txt,1,1,0,0,27.602836879432623,27.602836879432623,27.602836879432623,27.602836879432623,27.602836879432623,0.0,0.0,3892.0,3892.0,3892,3892,3892,0.0,0.0,141.0,141.0,141,141,141,0.0,0.0,0.313578,0.313578,0.313578,0.313578,0.313578,0.0,0.0
a,diff_smaller_exact,instance_0007.txt,1,1,0,0,26.53103448275862,26.53103448275862,26.53103448275862,26.53103448275862,26.53103448275862,0.0,0.0,3847.0,3847.0,3847,3847,3847,0.0,0.0,145.0,145.0,145,145,145,0.0,0.0,0.495891,0.495891,0.495891,0.495891,0.495891,0.0,0.0
a,diff_smaller_exact,instance_0008.txt,1,1,0,0,22.007751937984494,22.007751937984494,22.007751937984494,22.007751937984494,22.007751937984494,0.0,0.0,2839.0,2839.0,2839,2839,2839,0.0,0.0,129.0,129.0,129,129,129,0.0,0.0,0.377106,0.377106,0.377106,0.377106,0.377106,0.0,0.0
a,diff_smaller_exact,instance_0009.txt,1,1,0,0,2.4516129032258065,2.4516129032258065,2.4516129032258065,2.4516129032258065,2.4516129032258065,0.0,0.0,152.0,152.0,152,152,152,0.0,0.0,62.0,62.0,62,62,62,0.0,0.0,0.05699,0.05699,0.05699,0.05699,0.05699,0.0,0.0
a,diff_smaller_exact,instance_0010.txt,1,1,0,0,5.938775510204081,5.938775510204081,5.938775510204081,5.938775510204081,5.938775510204081,0.0,0.0,1746.0,1746.0,1746,1746,1746,0.0,0.0,294.0,294.0,294,294,294,0.0,0.0,0.739524,0.739524,0.739524,0.739524,0.739524,0.0,0.0
a,diff_smaller_exact,instance_0011.txt,1,1,0,0,6.8133333333333335,6.8133333333333335,6.8133333333333335,6.8133333333333335,6.8133333333333335,0.0,0.0,2044.0,2044.0,2044,2044,2044,0.0,0.0,300.0,300.0,300,300,300,0.0,0.0,0.702746,0.702746,0.702746,0.702746,0.702746,0.0,0.0
a,diff_smaller_exact,instance_0012.txt,1,1,0,0,2.2125,2.2125,2.2125,2.2125,2.2125,0.0,0.0,177.0,177.0,177,177,177,0.0,0.0,80.0,80.0,80,80,80,0.0,0.0,0.064968,0.064968,0.064968,0.064968,0.064968,0.0,0.0
a,diff_smaller_exact,instance_0013.txt,1,1,0,0,12.62534435261708,12.62534435261708,12.62534435261708,12.62534435261708,12.62534435261708,0.0,0.0,4583.0,4583.0,4583,4583,4583,0.0,0.0,363.0,363.0,363,363,363,0.0,0.0,1.684772,1.684772,1.684772,1.684772,1.684772,0.0,0.0
a,diff_smaller_exact,instance_0014.txt,1,1,0,0,20.58244680851064,20.58244680851064,20.58244680851064,20.58244680851064,20.58244680851064,0.0,0.0,7739.0,7739.0,7739,7739,7739,0.0,0.0,376.0,376.0,376,376,376,0.0,0.0,4.023723,4.023723,4.023723,4.023723,4.023723,0.0,0.0
a,diff_smaller_exact,instance_0015.txt,1,1,0,0,10.725947521865889,10.725947521865889,10.725947521865889,10.725947521865889,10.725947521865889,0.0,0.0,3679.0,3679.0,3679,3679,3679,0.0,0.0,343.0,343.0,343,343,343,0.0,0.0,1.325361,1.325361,1.325361,1.325361,1.325361,0.0,0.0
a,diff_smaller_exact,instance_0016.txt,1,1,0,0,9.661971830985916,9.661971830985916,9.661971830985916,9.661971830985916,9.661971830985916,0.0,0.0,686.0,686.0,686,686,686,0.0,0.0,71.0,71.0,71,71,71,0.0,0.0,0.080002,0.080002,0.080002,0.080002,0.080002,0.0,0.0
a,diff_smaller_exact,instance_0017.txt,1,1,0,0,3.8043478260869565,3.8043478260869565,3.8043478260869565,3.8043478260869565,3.8043478260869565,0.0,0.0,175.0,175.0,175,175,175,0.0,0.0,46.0,46.0,46,46,46,0.0,0.0,0.027524,0.027524,0.027524,0.027524,0.027524,0.0,0.0
a,diff_smaller_exact,instance_0018.txt,1,1,0,0,15.855263157894736,15.855263157894736,15.855263157894736,15.855263157894736,15.855263157894736,0.0,0.0,1205.0,1205.0,1205,1205,1205,0.0,0.0,76.0,76.0,76,76,76,0.0,0.0,0.114767,0.114767,0.114767,0.114767,0.114767,0.0,0.0
a,diff_smaller_exact,instance_0019.txt,1,1,0,0,9.99,9.99,9.99,9.99,9.99,0.0,0.0,999.0,999.0,999,999,999,0.0,0.0,100.0,100.0,100,100,100,0.0,0.0,0.133779,0.133779,0.133779,0.133779,0.133779,0.0,0.0
a,diff_smaller_exact,instance_0020.txt,1,1,0,0,4.0,4.0,4.0,4.0,4.0,0.0,0.0,12.0,12.0,12,12,12,0.0,0.0,3.0,3.0,3,3,3,0.0,0.0,0.003512,0.003512,0.003512,0.003512,0.003512,0.0,0.0
a,diff_smaller_exact_weighted,instance_0001.txt,1,1,0,0,2.7916666666666665,2.7916666666666665,2.7916666666666665,2.7916666666666665,2.7916666666666665,0.0,0.0,67.0,67.0,67,67,67,0.0,0.0,24.0,24.0,24,24,24,0.0,0.0,0.019725,0.019725,0.019725,0.019725,0.019725,0.0,0.0
a,diff_smaller_exact_weighted,instance_0002.txt,1,1,0,0,2.0,2.0,2.0,2.0,2.0,0.0,0.0,2.0,2.0,2,2,2,0.0,0.0,1.0,1.0,1,1,1,0.0,0.0,0.004134,0.004134,0.004134,0.004134,0.004134,0.0,0.0
a,diff_smaller_exact_weighted,instance_0003.txt,1,1,0,0,3.0285714285714285,3.0285714285714285,3.0285714285714285,3.0285714285714285,3.0285714285714285,0.0,0.0,106.0,106.0,106,106,106,0.0,0.0,35.0,35.0,35,35,35,0.0,0.0,0.028878,0.028878,0.028878,0.028878,0.028878,0.0,0.0
a,diff_smaller_exact_weighted,instance_0004.txt,1,1,0,0,1.6956521739130435,1.6956521739130435,1.6956521739130435,1.6956521739130435,1.6956521739130435,0.0,0.0,39.0,39.0,39,39,39,0.0,0.0,23.0,23.0,23,23,23,0.0,0.0,0.013305,0.013305,0.013305,0.013305,0.013305,0.0,0.0
a,diff_smaller_exact_weighted,instance_0005.txt,1,1,0,0,32.55555555555556,32.55555555555556,32.55555555555556,32.55555555555556,32.55555555555556,0.0,0.0,4395.0,4395.0,4395,4395,4395,0.0,0.0,135.0,135.0,135,135,135,0.0,0.0,0.620882,0.620882,0.620882,0.620882,0.620882,0.0,0.0
a,diff_smaller_exact_weighted,instance_0006.txt,1,1,0,0,27.602836879432623,27.602836879432623,27.602836879432623,27.602836879432623,27.602836879432623,0.0,0.0,3892.0,3892.0,3892,3892,3892,0.0,0.0,141.0,141.0,141,141,141,0.0,0.0,0.623938,0.623938,0.623938,0.623938,0.623938,0.0,0.0
a,diff_smaller_exact_weighted,instance_0007.txt,1,1,0,0,26.53103448275862,26.53103448275862,26.53103448275862,26.53103448275862,26.53103448275862,0.0,0.0,3847.0,3847.0,3847,3847,3847,0.0,0.0,145.0,145.0,145,145,145,0.0,0.0,0.479374,0.479374,0.479374,0.479374,0.479374,0.0,0.0
a,diff_smaller_exact_weighted,instance_0008.txt,1,1,0,0,22.007751937984494,22.007751937984494,22.007751937984494,22.007751937984494,22.007751937984494,0.0,0.0,2839.0,2839.0,2839,2839,2839,0.0,0.0,129.0,129.0,129,129,129,0.0,0.0,0.329561,0.329561,0.329561,0.329561,0.329561,0.0,0.0
a,diff_smaller_exact_weighted,instance_0009.txt,1,1,0,0,2.4516129032258065,2.4516129032258065,2.4516129032258065,2.4516129032258065,2.4516129032258065,0.0,0.0,152.0,152.0,152,152,152,0.0,0.0,62.0,62.0,62,62,62,0.0,0.0,0.062203,0.062203,0.062203,0.062203,0.062203,0.0,0.0
a,diff_smaller_exact_weighted,instance_0010.txt,1,1,0,0,5.938775510204081,5.938775510204081,5.938775510204081,5.938775510204081,5.938775510204081,0.0,0.0,1746.0,1746.0,1746,1746,1746,0.0,0.0,294.0,294.0,294,294,294,0.0,0.0,0.699251,0.699251,0.699251,0.699251,0.699251,0.0,0.0
a,diff_smaller_exact_weighted,instance_0011.txt,1,1,0,0,6.8133333333333335,6.8133333333333335,6.8133333333333335,6.8133333333333335,6.8133333333333335,0.0,0.0,2044.0,2044.0,2044,2044,2044,0.0,0.0,300.0,300.0,300,300,300,0.0,0.0,0.799106,0.799106,0.799106,0.799106,0.799106,0.0,0.0
a,diff_smaller_exact_weighted,instance_0012.txt,1,1,0,0,2.2125,2.2125,2.2125,2.2125,2.2125,0.0,0.0,177.0,177.0,177,177,177,0.0,0.0,80.0,80.0,80,80,80,0.0,0.0,0.070656,0.070656,0.070656,0.070656,0.070656,0.0,0.0
a,diff_smaller_exact_weighted,instance_0013.txt,1,1,0,0,12.62534435261708,12.62534435261708,12.62534435261708,12.62534435261708,12.62534435261708,0.0,0.0,4583.0,4583.0,4583,4583,4583,0.0,0.0,363.0,363.0,363,363,363,0.0,0.0,2.046728,2.046728,2.046728,2.046728,2.046728,0.0,0.0
a,diff_smaller_exact_weighted,instance_0014.txt,1,1,0,0,20.58244680851064,20.58244680851064,20.58244680851064,20.58244680851064,20.58244680851064,0.0,0.0,7739.0,7739.0,7739,7739,7739,0.0,0.0,376.0,376.0,376,376,376,0.0,0.0,2.556437,2.556437,2.556437,2.556437,2.556437,0.0,0.0
a,diff_smaller_exact_weighted,instance_0015.txt,1,1,0,0,10.725947521865889,10.725947521865889,10.725947521865889,10.725947521865889,10.725947521865889,0.0,0.0,3679.0,3679.0,3679,3679,3679,0.0,0.0,343.0,343.0,343,343,343,0.0,0.0,1.39458,1.39458,1.39458,1.39458,1.39458,0.0,0.0
a,diff_smaller_exact_weighted,instance_0016.txt,1,1,0,0,9.661971830985916,9.661971830985916,9.661971830985916,9.661971830985916,9.661971830985916,0.0,0.0,686.0,686.0,686,686,686,0.0,0.0,71.0,71.0,71,71,71,0.0,0.0,0.081263,0.081263,0.081263,0.081263,0.081263,0.0,0.0
a,diff_smaller_exact_weighted,instance_0017.txt,1,1,0,0,3.8043478260869565,3.8043478260869565,3.8043478260869565,3.8043478260869565,3.8043478260869565,0.0,0.0,175.0,175.0,175,175,175,0.0,0.0,46.0,46.0,46,46,46,0.0,0.0,0.02184,0.02184,0.02184,0.02184,0.02184,0.0,0.0
a,diff_smaller_exact_weighted,instance_0018.txt,1,1,0,0,15.855263157894736,15.855263157894736,15.855263157894736,15.855263157894736,15.855263157894736,0.0,0.0,1205.0,1205.0,1205,1205,1205,0.0,0.0,76.0,76.0,76,76,76,0.0,0.0,0.110513,0.110513,0.110513,0.110513,0.110513,0.0,0.0
a,diff_smaller_exact_weighted,instance_0019.txt,1,1,0,0,9.99,9.99,9.99,9.99,9.99,0.0,0.0,999.0,999.0,999,999,999,0.0,0.0,100.0,100.0,100,100,100,0.0,0.0,0.154555,0.154555,0.154555,0.154555,0.154555,0.0,0.0
a,diff_smaller_exact_weighted,instance_0020.txt,1,1,0,0,4.0,4.0,4.0,4.0,4.0,0.0,0.0,12.0,12.0,12,12,12,0.0,0.0,3.0,3.0,3,3,3,0.0,0.0,0.003815,0.003815,0.003815,0.003815,0.003815,0.0,0.0
a,diff_smaller_multi,instance_0001.txt,1,1,0,0,2.68,2.68,2.68,2.68,2.68,0.0,0.0,67.0,67.0,67,67,67,0.0,0.0,25.0,25.0,25,25,25,0.0,0.0,0.00412,0.00412,0.00412,0.00412,0.00412,0.0,0.0
a,diff_smaller_multi,instance_0002.txt,1,1,0,0,2.0,2.0,2.0,2.0,2.0,0.0,0.0,2.0,2.0,2,2,2,0.0,0.0,1.0,1.0,1,1,1,0.0,0.0,0.000106,0.000106,0.000106,0.000106,0.000106,0.0,0.0
a,diff_smaller_multi,instance_0003.txt,1,1,0,0,3.0285714285714285,3.0285714285714285,3.0285714285714285,3.0285714285714285,3.0285714285714285,0.0,0.0,106.0,106.0,106,106,106,0.0,0.0,35.0,35.0,35,35,35,0.0,0.0,0.008894,0.008894,0.008894,0.008894,0.008894,0.0,0.0
a,diff_smaller_multi,instance_0004.txt,1,1,0,0,1.6956521739130435,1.6956521739130435,1.6956521739130435,1.6956521739130435,1.6956521739130435,0.0,0.0,39.0,39.0,39,39,39,0.0,0.0,23.0,23.0,23,23,23,0.0,0.0,0.001887,0.001887,0.001887,0.001887,0.001887,0.0,0.0
a,diff_smaller_multi,instance_0005.txt,1,1,0,0,32.55555555555556,32.55555555555556,32.55555555555556,32.55555555555556,32.55555555555556,0.0,0.0,4395.0,4395.0,4395,4395,4395,0.0,0.0,135.0,135.0,135,135,135,0.0,0.0,0.286059,0.286059,0.286059,0.286059,0.286059,0.0,0.0
a,diff_smaller_multi,instance_0006.txt,1,1,0,0,27.602836879432623,27.602836879432623,27.602836879432623,27.602836879432623,27.602836879432623,0.0,0.0,3892.0,3892.0,3892,3892,3892,0.0,0.0,141.0,141.0,141,141,141,0.0,0.0,0.36851,0.36851,0.36851,0.36851,0.36851,0.0,0.0
a,diff_smaller_multi,instance_0007.txt,1,1,0,0,26.53103448275862,26.53103448275862,26.53103448275862,26.53103448275862,26.53103448275862,0.0,0.0,3847.0,3847.0,3847,3847,3847,0.0,0.0,145.0,145.0,145,145,145,0.0,0.0,0.26155,0.26155,0.26155,0.26155,0.26155,0.0,0.0
a,diff_smaller_multi,instance_0008.txt,1,1,0,0,22.007751937984494,22.007751937984494,22.007751937984494,22.007751937984494,22.007751937984494,0.0,0.0,2839.0,2839.0,2839,2839,2839,0.0,0.0,129.0,129.0,129,129,129,0.0,0.0,0.195919,0.195919,0.195919,0.195919,0.195919,0.0,0.0
a,diff_smaller_multi,instance_0009.txt,1,1,0,0,2.375,2.375,2.375,2.375,2.375,0.0,0.0,152.0,152.0,152,152,152,0.0,0.0,64.0,64.0,64,64,64,0.0,0.0,0.025247,0.025247,0.025247,0.025247,0.025247,0.0,0.0
a,diff_smaller_multi,instance_0010.txt,1,1,0,0,5.918644067796611,5.918644067796611,5.918644067796611,5.918644067796611,5.918644067796611,0.0,0.0,1746.0,1746.0,1746,1746,1746,0.0,0.0,295.0,295.0,295,295,295,0.0,0.0,0.56043,0.56043,0.56043,0.56043,0.56043,0.0,0.0
a,diff_smaller_multi,instance_0011.txt,1,1,0,0,6.790697674418604,6.790697674418604,6.790697674418604,6.790697674418604,6.790697674418604,0.0,0.0,2044.0,2044.0,2044,2044,2044,0.0,0.0,301.0,301.0,301,301,301,0.0,0.0,0.349544,0.349544,0.349544,0.349544,0.349544,0.0,0.0
a,diff_smaller_multi,instance_0012.txt,1,1,0,0,2.2125,2.2125,2.2125,2.2125,2.2125,0.0,0.0,177.0,177.0,177,177,177,0.0,0.0,80.0,80.0,80,80,80,0.0,0.0,0.036569,0.036569,0.036569,0.036569,0.036569,0.0,0.0
a,diff_smaller_multi,instance_0013.txt,1,1,0,0,12.590659340659341,12.590659340659341,12.590659340659341,12.590659340659341,12.590659340659341,0.0,0.0,4583.0,4583.0,4583,4583,4583,0.0,0.0,364.0,364.0,364,364,364,0.0,0.0,0.897294,0.897294,0.897294,0.897294,0.897294,0.0,0.0
a,diff_smaller_multi,instance_0014.txt,1,1,0,0,20.58244680851064,20.58244680851064,20.58244680851064,20.58244680851064,20.58244680851064,0.0,0.0,7739.0,7739.0,7739,7739,7739,0.0,0.0,376.0,376.0,376,376,376,0.0,0.0,1.218567,1.218567,1.218567,1.218567,1.218567,0.0,0.0
a,diff_smaller_multi,instance_0015.txt,1,1,0,0,10.725947521865889,10.725947521865889,10.725947521865889,10.725947521865889,10.725947521865889,0.0,0.0,3679.0,3679.0,3679,3679,3679,0.0,0.0,343.0,343.0,343,343,343,0.0,0.0,0.878804,0.878804,0.878804,0.878804,0.878804,0.0,0.0
a,diff_smaller_multi,instance_0016.txt,1,1,0,0,9.661971830985916,9.661971830985916,9.661971830985916,9.661971830985916,9.661971830985916,0.0,0.0,686.0,686.0,686,686,686,0.0,0.0,71.0,71.0,71,71,71,0.0,0.0,0.018216,0.018216,0.018216,0.018216,0.018216,0.0,0.0
a,diff_smaller_multi,instance_0017.txt,1,1,0,0,3.8043478260869565,3.8043478260869565,3.8043478260869565,3.8043478260869565,3.8043478260869565,0.0,0.0,175.0,175.0,175,175,175,0.0,0.0,46.0,46.0,46,46,46,0.0,0.0,0.008143,0.008143,0.008143,0.008143,0.008143,0.0,0.0
a,diff_smaller_multi,instance_0018.txt,1,1,0,0,15.855263157894736,15.855263157894736,15.855263157894736,15.855263157894736,15.855263157894736,0.0,0.0,1205.0,1205.0,1205,1205,1205,0.0,0.0,76.0,76.0,76,76,76,0.0,0.0,0.034482,0.034482,0.034482,0.034482,0.034482,0.0,0.0
a,diff_smaller_multi,instance_0019.txt,1,1,0,0,9.891089108910892,9.891089108910892,9.891089108910892,9.891089108910892,9.891089108910892,0.0,0.0,999.0,999.0,999,999,999,0.0,0.0,101.0,101.0,101,101,101,0.0,0.0,0.076099,0.076099,0.076099,0.076099,0.076099,0.0,0.0
a,diff_smaller_multi,instance_0020.txt,1,1,0,0,4.0,4.0,4.0,4.0,4.0,0.0,0.0,12.0,12.0,12,12,12,0.0,0.0,3.0,3.0,3,3,3,0.0,0.0,0.000108,0.000108,0.000108,0.000108,0.000108,0.0,0.0
a,diff_smaller_multi_weighted,instance_0001.txt,1,1,0,0,2.68,2.68,2.68,2.68,2.68,0.0,0.0,67.0,67.0,67,67,67,0.0,0.0,25.0,25.0,25,25,25,0.0,0.0,0.004483,0.004483,0.004483,0.004483,0.004483,0.0,0.0
a,diff_smaller_multi_weighted,instance_0002.txt,1,1,0,0,2.0,2.0,2.0,2.0,2.0,0.0,0.0,2.0,2.0,2,2,2,0.0,0.0,1.0,1.0,1,1,1,0.0,0.0,0.000114,0.000114,0.000114,0.000114,0.000114,0.0,0.0
a,diff_smaller_multi_weighted,instance_0003.txt,1,1,0,0,3.0285714285714285,3.0285714285714285,3.0285714285714285,3.0285714285714285,3.0285714285714285,0.0,0.0,106.0,106.0,106,106,106,0.0,0.0,35.0,35.0,35,35,35,0.0,0.0,0.00768,0.00768,0.00768,0.00768,0.00768,0.0,0.0
a,diff_smaller_multi_weighted,instance_0004.txt,1,1,0,0,1.6956521739130435,1.6956521739130435,1.6956521739130435,1.6956521739130435,1.6956521739130435,0.0,0.0,39.0,39.0,39,39,39,0.0,0.0,23.0,23.0,23,23,23,0.0,0.0,0.001892,0.001892,0.001892,0.001892,0.001892,0.0,0.0
a,diff_smaller_multi_weighted,instance_0005.txt,1,1,0,0,32.55555555555556,32.55555555555556,32.55555555555556,32.55555555555556,32.55555555555556,0.0,0.0,4395.0,4395.0,4395,4395,4395,0.0,0.0,135.0,135.0,135,135,135,0.0,0.0,0.257971,0.257971,0.257971,0.257971,0.257971,0.0,0.0
a,diff_smaller_multi_weighted,instance_0006.txt,1,1,0,0,27.602836879432623,27.602836879432623,27.602836879432623,27.602836879432623,27.602836879432623,0.0,0.0,3892.0,3892.0,3892,3892,3892,0.0,0.0,141.0,141.0,141,141,141,0.0,0.0,0.359294,0.359294,0.359294,0.359294,0.359294,0.0,0.0
a,diff_smaller_multi_weighted,instance_0007.txt,1,1,0,0,26.53103448275862,26.53103448275862,26.53103448275862,26.53103448275862,26.53103448275862,0.0,0.0,3847.0,3847.0,3847,3847,3847,0.0,0.0,145.0,145.0,145,145,145,0.0,0.0,0.264496,0.264496,0.264496,0.264496,0.264496,0.0,0.0
a,diff_smaller_multi_weighted,instance_0008.txt,1,1,0,0,22.007751937984494,22.007751937984494,22.007751937984494,22.007751937984494,22.007751937984494,0.0,0.0,2839.0,2839.0,2839,2839,2839,0.0,0.0,129.0,129.0,129,129,129,0.0,0.0,0.25143,0.25143,0.25143,0.25143,0.25143,0.0,0.0
a,diff_smaller_multi_weighted,instance_0009.txt,1,1,0,0,2.375,2.375,2.375,2.375,2.375,0.0,0.0,152.0,152.0,152,152,152,0.0,0.0,64.0,64.0,64,64,64,0.0,0.0,0.022818,0.022818,0.022818,0.022818,0.022818,0.0,0.0
a,diff_smaller_multi_weighted,instance_0010.txt,1,1,0,0,5.918644067796611,5.918644067796611,5.918644067796611,5.918644067796611,5.918644067796611,0.0,0.0,1746.0,1746.0,1746,1746,1746,0.0,0.0,295.0,295.0,295,295,295,0.0,0.0,0.467176,0.467176,0.467176,0.467176,0.467176,0.0,0.0
a,diff_smaller_multi_weighted,instance_0011.txt,1,1,0,0,6.790697674418604,6.790697674418604,6.790697674418604,6.790697674418604,6.790697674418604,0.0,0.0,2044.0,2044.0,2044,2044,2044,0.0,0.0,301.0,301.0,301,301,301,0.0,0.0,0.361268,0.361268,0.361268,0.361268,0.361268,0.0,0.0
a,diff_smaller_multi_weighted,instance_0012.txt,1,1,0,0,2.2125,2.2125,2.2125,2.2125,2.2125,0.0,0.0,177.0,177.0,177,177,177,0.0,0.0,80.0,80.0,80,80,80,0.0,0.0,0.038524,0.038524,0.038524,0.038524,0.038524,0.0,0.0
a,diff_smaller_multi_weighted,instance_0013.txt,1,1,0,0,12.590659340659341,12.590659340659341,12.590659340659341,12.590659340659341,12.590659340659341,0.0,0.0,4583.0,4583.0,4583,4583,4583,0.0,0.0,364.0,364.0,364,364,364,0.0,0.0,0.946041,0.946041,0.946041,0.946041,0.946041,0.0,0.0
a,diff_smaller_multi_weighted,instance_0014.txt,1,1,0,0,20.58244680851064,20.58244680851064,20.58244680851064,20.58244680851064,20.58244680851064,0.0,0.0,7739.0,7739.0,7739,7739,7739,0.0,0.0,376.0,376.0,376,376,376,0.0,0.0,1.220591,1.220591,1.220591,1.220591,1.220591,0.0,0.0
a,diff_smaller_multi_weighted,instance_0015.txt,1,1,0,0,10.725947521865889,10.725947521865889,10.725947521865889,10.725947521865889,10.725947521865889,0.0,0.0,3679.0,3679.0,3679,3679,3679,0.0,0.0,343.0,343.0,343,343,343,0.0,0.0,0.763696,0.763696,0.763696,0.763696,0.763696,0.0,0.0
a,diff_smaller_multi_weighted,instance_0016.txt,1,1,0,0,9.661971830985916,9.661971830985916,9.661971830985916,9.661971830985916,9.661971830985916,0.0,0.0,686.0,686.0,686,686,686,0.0,0.0,71.0,71.0,71,71,71,0.0,0.0,0.024114,0.024114,0.024114,0.024114,0.024114,0.0,0.0
a,diff_smaller_multi_weighted,instance_0017.txt,1,1,0,0,3.8043478260869565,3.8043478260869565,3.8043478260869565,3.8043478260869565,3.8043478260869565,0.0,0.0,175.0,175.0,175,175,175,0.0,0.0,46.0,46.0,46,46,46,0.0,0.0,0.010566,0.010566,0.010566,0.010566,0.010566,0.0,0.0
a,diff_smaller_multi_weighted,instance_0018.txt,1,1,0,0,15.855263157894736,15.855263157894736,15.855263157894736,15.855263157894736,15.855263157894736,0.0,0.0,1205.0,1205.0,1205,1205,1205,0.0,0.0,76.0,76.0,76,76,76,0.0,0.0,0.045397,0.045397,0.045397,0.045397,0.045397,0.0,0.0
a,diff_smaller_multi_weighted,instance_0019.txt,1,1,0,0,9.891089108910892,9.891089108910892,9.891089108910892,9.891089108910892,9.891089108910892,0.0,0.0,999.0,999.0,999,999,999,0.0,0.0,101.0,101.0,101,101,101,0.0,0.0,0.10216,0.10216,0.10216,0.10216,0.10216,0.0,0.0
a,diff_smaller_multi_weighted,instance_0020.txt,1,1,0,0,4.0,4.0,4.0,4.0,4.0,0.0,0.0,12.0,12.0,12,12,12,0.0,0.0,3.0,3.0,3,3,3,0.0,0.0,0.000103,0.000103,0.000103,0.000103,0.000103,0.0,0.0
a,diff_smaller_weighted,instance_0001.txt,1,1,0,0,2.68,2.68,2.68,2.68,2.68,0.0,0.0,67.0,67.0,67,67,67,0.0,0.0,25.0,25.0,25,25,25,0.0,0.0,0.002682,0.002682,0.002682,0.002682,0.002682,0.0,0.0
a,diff_smaller_weighted,instance_0002.txt,1,1,0,0,2.0,2.0,2.0,2.0,2.0,0.0,0.0,2.0,2.0,2,2,2,0.0,0.0,1.0,1.0,1,1,1,0.0,0.0,0.00012,0.00012,0.00012,0.00012,0.00012,0.0,0.0
a,diff_smaller_weighted,instance_0003.txt,1,1,0,0,2.864864864864865,2.864864864864865,2.864864864864865,2.864864864864865,2.864864864864865,0.0,0.0,106.0,106.0,106,106,106,0.0,0.0,37.0,37.0,37,37,37,0.0,0.0,0.00499,0.00499,0.00499,0.00499,0.00499,0.0,0.0
a,diff_smaller_weighted,instance_0004.txt,1,1,0,0,1.625,1.625,1.625,1.625,1.625,0.0,0.0,39.0,39.0,39,39,39,0.0,0.0,24.0,24.0,24,24,24,0.0,0.0,0.001581,0.001581,0.001581,0.001581,0.001581,0.0,0.0
a,diff_smaller_weighted,instance_0005.txt,1,1,0,0,31.847826086956523,31.847826086956523,31.847826086956523,31.847826086956523,31.847826086956523,0.0,0.0,4395.0,4395.0,4395,4395,4395,0.0,0.0,138.0,138.0,138,138,138,0.0,0.0,0.241647,0.241647,0.241647,0.241647,0.241647,0.0,0.0
a,diff_smaller_weighted,instance_0006.txt,1,1,0,0,26.65753424657534,26.65753424657534,26.65753424657534,26.65753424657534,26.65753424657534,0.0,0.0,3892.0,3892.0,3892,3892,3892,0.0,0.0,146.0,146.0,146,146,146,0.0,0.0,0.227398,0.227398,0.227398,0.227398,0.227398,0.0,0.0
a,diff_smaller_weighted,instance_0007.txt,1,1,0,0,25.818791946308725,25.818791946308725,25.818791946308725,25.818791946308725,25.818791946308725,0.0,0.0,3847.0,3847.0,3847,3847,3847,0.0,0.0,149.0,149.0,149,149,149,0.0,0.0,0.219774,0.219774,0.219774,0.219774,0.219774,0.0,0.0
a,diff_smaller_weighted,instance_0008.txt,1,1,0,0,21.838461538461537,21.838461538461537,21.838461538461537,21.838461538461537,21.838461538461537,0.0,0.0,2839.0,2839.0,2839,2839,2839,0.0,0.0,130.0,130.0,130,130,130,0.0,0.0,0.160159,0.160159,0.160159,0.160159,0.160159,0.0,0.0
a,diff_smaller_weighted,instance_0009.txt,1,1,0,0,2.054054054054054,2.054054054054054,2.054054054054054,2.054054054054054,2.054054054054054,0.0,0.0,152.0,152.0,152,152,152,0.0,0.0,74.0,74.0,74,74,74,0.0,0.0,0.02159,0.02159,0.02159,0.02159,0.02159,0.0,0.0
a,diff_smaller_weighted,instance_0010.txt,1,1,0,0,5.507886435331231,5.507886435331231,5.507886435331231,5.507886435331231,5.507886435331231,0.0,0.0,1746.0,1746.0,1746,1746,1746,0.0,0.0,317.0,317.0,317,317,317,0.0,0.0,0.309073,0.309073,0.309073,0.309073,0.309073,0.0,0.0
a,diff_smaller_weighted,instance_0011.txt,1,1,0,0,6.367601246105919,6.367601246105919,6.367601246105919,6.367601246105919,6.367601246105919,0.0,0.0,2044.0,2044.0,2044,2044,2044,0.0,0.0,321.0,321.0,321,321,321,0.0,0.0,0.334579,0.334579,0.334579,0.334579,0.334579,0.0,0.0
a,diff_smaller_weighted,instance_0012.txt,1,1,0,0,1.8829787234042554,1.8829787234042554,1.8829787234042554,1.8829787234042554,1.8829787234042554,0.0,0.0,177.0,177.0,177,177,177,0.0,0.0,94.0,94.0,94,94,94,0.0,0.0,0.021342,0.021342,0.021342,0.021342,0.021342,0.0,0.0
a,diff_smaller_weighted,instance_0013.txt,1,1,0,0,12.487738419618529,12.487738419618529,12.487738419618529,12.487738419618529,12.487738419618529,0.0,0.0,4583.0,4583.0,4583,4583,4583,0.0,0.0,367.0,367.0,367,367,367,0.0,0.0,0.707933,0.707933,0.707933,0.707933,0.707933,0.0,0.0
a,diff_smaller_weighted,instance_0014.txt,1,1,0,0,20.473544973544975,20.473544973544975,20.473544973544975,20.473544973544975,20.473544973544975,0.0,0.0,7739.0,7739.0,7739,7739,7739,0.0,0.0,378.0,378.0,378,378,378,0.0,0.0,1.18286,1.18286,1.18286,1.18286,1.18286,0.0,0.0
a,diff_smaller_weighted,instance_0015.txt,1,1,0,0,10.305322128851541,10.305322128851541,10.305322128851541,10.305322128851541,10.305322128851541,0.0,0.0,3679.0,3679.0,3679,3679,3679,0.0,0.0,357.0,357.0,357,357,357,0.0,0.0,0.527653,0.527653,0.527653,0.527653,0.527653,0.0,0.0
a,diff_smaller_weighted,instance_0016.txt,1,1,0,0,9.527777777777779,9.527777777777779,9.527777777777779,9.527777777777779,9.527777777777779,0.0,0.0,686.0,686.0,686,686,686,0.0,0.0,72.0,72.0,72,72,72,0.0,0.0,0.038975,0.038975,0.038975,0.038975,0.038975,0.0,0.0
a,diff_smaller_weighted,instance_0017.txt,1,1,0,0,3.8043478260869565,3.8043478260869565,3.8043478260869565,3.8043478260869565,3.8043478260869565,0.0,0.0,175.0,175.0,175,175,175,0.0,0.0,46.0,46.0,46,46,46,0.0,0.0,0.010646,0.010646,0.010646,0.010646,0.010646,0.0,0.0
a,diff_smaller_weighted,instance_0018.txt,1,1,0,0,15.855263157894736,15.855263157894736,15.855263157894736,15.855263157894736,15.855263157894736,0.0,0.0,1205.0,1205.0,1205,1205,1205,0.0,0.0,76.0,76.0,76,76,76,0.0,0.0,0.051332,0.051332,0.051332,0.051332,0.051332,0.0,0.0
a,diff_smaller_weighted,instance_0019.txt,1,1,0,0,9.60576923076923,9.60576923076923,9.60576923076923,9.60576923076923,9.60576923076923,0.0,0.0,999.0,999.0,999,999,999,0.0,0.0,104.0,104.0,104,104,104,0.0,0.0,0.049118,0.049118,0.049118,0.049118,0.049118,0.0,0.0
a,diff_smaller_weighted,instance_0020.txt,1,1,0,0,4.0,4.0,4.0,4.0,4.0,0.0,0.0,12.0,12.0,12,12,12,0.0,0.0,3.0,3.0,3,3,3,0.0,0.0,0.000109,0.000109,0.000109,0.000109,0.000109,0.0,0.0
a,diff_weighted,instance_0001.txt,1,1,0,0,2.6153846153846154,2.6153846153846154,2.6153846153846154,2.6153846153846154,2.6153846153846154,0.0,0.0,68.0,68.0,68,68,68,0.0,0.0,26.0,26.0,26,26,26,0.0,0.0,0.005917,0.005917,0.005917,0.005917,0.005917,0.0,0.0
a,diff_weighted,instance_0002.txt,1,1,0,0,1.0,1.0,1.0,1.0,1.0,0.0,0.0,2.0,2.0,2,2,2,0.0,0.0,2.0,2.0,2,2,2,0.0,0.0,0.000149,0.000149,0.000149,0.000149,0.000149,0.0,0.0
a,diff_weighted,instance_0003.txt,1,1,0,0,2.864864864864865,2.864864864864865,2.864864864864865,2.864864864864865,2.864864864864865,0.0,0.0,106.0,106.0,106,106,106,0.0,0.0,37.0,37.0,37,37,37,0.0,0.0,0.006778,0.006778,0.006778,0.006778,0.006778,0.0,0.0
a,diff_weighted,instance_0004.txt,1,1,0,0,1.5416666666666667,1.5416666666666667,1.5416666666666667,1.5416666666666667,1.5416666666666667,0.0,0.0,37.0,37.0,37,37,37,0.0,0.0,24.0,24.0,24,24,24,0.0,0.0,0.001517,0.001517,0.001517,0.001517,0.001517,0.0,0.0
a,diff_weighted,instance_0005.txt,1,1,0,0,31.840579710144926,31.840579710144926,31.840579710144926,31.840579710144926,31.840579710144926,0.0,0.0,4394.0,4394.0,4394,4394,4394,0.0,0.0,138.0,138.0,138,138,138,0.0,0.0,0.224458,0.224458,0.224458,0.224458,0.224458,0.0,0.0
a,diff_weighted,instance_0006.txt,1,1,0,0,26.65753424657534,26.65753424657534,26.65753424657534,26.65753424657534,26.65753424657534,0.0,0.0,3892.0,3892.0,3892,3892,3892,0.0,0.0,146.0,146.0,146,146,146,0.0,0.0,0.236933,0.236933,0.236933,0.236933,0.236933,0.0,0.0
a,diff_weighted,instance_0007.txt,1,1,0,0,25.818791946308725,25.818791946308725,25.818791946308725,25.818791946308725,25.818791946308725,0.0,0.0,3847.0,3847.0,3847,3847,3847,0.0,0.0,149.0,149.0,149,149,149,0.0,0.0,0.376821,0.376821,0.376821,0.376821,0.376821,0.0,0.0
a,diff_weighted,instance_0008.txt,1,1,0,0,21.838461538461537,21.838461538461537,21.838461538461537,21.838461538461537,21.838461538461537,0.0,0.0,2839.0,2839.0,2839,2839,2839,0.0,0.0,130.0,130.0,130,130,130,0.0,0.0,0.143729,0.143729,0.143729,0.143729,0.143729,0.0,0.0
a,diff_weighted,instance_0009.txt,1,1,0,0,2.026666666666667,2.026666666666667,2.026666666666667,2.026666666666667,2.026666666666667,0.0,0.0,152.0,152.0,152,152,152,0.0,0.0,75.0,75.0,75,75,75,0.0,0.0,0.024415,0.024415,0.024415,0.024415,0.024415,0.0,0.0
a,diff_weighted,instance_0010.txt,1,1,0,0,5.507886435331231,5.507886435331231,5.507886435331231,5.507886435331231,5.507886435331231,0.0,0.0,1746.0,1746.0,1746,1746,1746,0.0,0.0,317.0,317.0,317,317,317,0.0,0.0,0.353314,0.353314,0.353314,0.353314,0.353314,0.0,0.0
a,diff_weighted,instance_0011.txt,1,1,0,0,6.350931677018633,6.350931677018633,6.350931677018633,6.350931677018633,6.350931677018633,0.0,0.0,2045.0,2045.0,2045,2045,2045,0.0,0.0,322.0,322.0,322,322,322,0.0,0.0,0.23177,0.23177,0.23177,0.23177,0.23177,0.0,0.0
a,diff_weighted,instance_0012.txt,1,1,0,0,1.903225806451613,1.903225806451613,1.903225806451613,1.903225806451613,1.903225806451613,0.0,0.0,177.0,177.0,177,177,177,0.0,0.0,93.0,93.0,93,93,93,0.0,0.0,0.021026,0.021026,0.021026,0.021026,0.021026,0.0,0.0
a,diff_weighted,instance_0013.txt,1,1,0,0,12.487738419618529,12.487738419618529,12.487738419618529,12.487738419618529,12.487738419618529,0.0,0.0,4583.0,4583.0,4583,4583,4583,0.0,0.0,367.0,367.0,367,367,367,0.0,0.0,0.681469,0.681469,0.681469,0.681469,0.681469,0.0,0.0
a,diff_weighted,instance_0014.txt,1,1,0,0,20.473544973544975,20.473544973544975,20.473544973544975,20.473544973544975,20.473544973544975,0.0,0.0,7739.0,7739.0,7739,7739,7739,0.0,0.0,378.0,378.0,378,378,378,0.0,0.0,1.324049,1.324049,1.324049,1.324049,1.324049,0.0,0.0
a,diff_weighted,instance_0015.txt,1,1,0,0,10.334269662921349,10.334269662921349,10.334269662921349,10.334269662921349,10.334269662921349,0.0,0.0,3679.0,3679.0,3679,3679,3679,0.0,0.0,356.0,356.0,356,356,356,0.0,0.0,0.577815,0.577815,0.577815,0.577815,0.577815,0.0,0.0
a,diff_weighted,instance_0016.txt,1,1,0,0,9.527777777777779,9.527777777777779,9.527777777777779,9.527777777777779,9.527777777777779,0.0,0.0,686.0,686.0,686,686,686,0.0,0.0,72.0,72.0,72,72,72,0.0,0.0,0.043393,0.043393,0.043393,0.043393,0.043393,0.0,0.0
a,diff_weighted,instance_0017.txt,1,1,0,0,3.8043478260869565,3.8043478260869565,3.8043478260869565,3.8043478260869565,3.8043478260869565,0.0,0.0,175.0,175.0,175,175,175,0.0,0.0,46.0,46.0,46,46,46,0.0,0.0,0.009504,0.009504,0.009504,0.009504,0.009504,0.0,0.0
a,diff_weighted,instance_0018.txt,1,1,0,0,15.855263157894736,15.855263157894736,15.855263157894736,15.855263157894736,15.855263157894736,0.0,0.0,1205.0,1205.0,1205,1205,1205,0.0,0.0,76.0,76.0,76,76,76,0.0,0.0,0.053819,0.053819,0.053819,0.053819,0.053819,0.0,0.0
a,diff_weighted,instance_0019.txt,1,1,0,0,9.60576923076923,9.60576923076923,9.60576923076923,9.60576923076923,9.60576923076923,0.0,0.0,999.0,999.0,999,999,999,0.0,0.0,104.0,104.0,104,104,104,0.0,0.0,0.098504,0.098504,0.098504,0.098504,0.098504,0.0,0.0
a,diff_weighted,instance_0020.txt,1,1,0,0,3.3333333333333335,3.3333333333333335,3.3333333333333335,3.3333333333333335,3.3333333333333335,0.0,0.0,10.0,10.0,10,10,10,0.0,0.0,3.0,3.0,3,3,3,0.0,0.0,0.000134,0.000134,0.000134,0.000134,0.000134,0.0,0.0
a,random,instance_0001.txt,1,1,0,0,2.8333333333333335,2.8333333333333335,2.8333333333333335,2.8333333333333335,2.8333333333333335,0.0,0.0,68.0,68.0,68,68,68,0.0,0.0,24.0,24.0,24,24,24,0.0,0.0,0.002226,0.002226,0.002226,0.002226,0.002226,0.0,0.0
a,random,instance_0002.txt,1,1,0,0,2.0,2.0,2.0,2.0,2.0,0.0,0.0,2.0,2.0,2,2,2,0.0,0.0,1.0,1.0,1,1,1,0.0,0.0,9.8e-05,9.8e-05,9.8e-05,9.8e-05,9.8e-05,0.0,0.0
a,random,instance_0003.txt,1,1,0,0,2.789473684210526,2.789473684210526,2.789473684210526,2.789473684210526,2.789473684210526,0.0,0.0,106.0,106.0,106,106,106,0.0,0.0,38.0,38.0,38,38,38,0.0,0.0,0.002819,0.002819,0.002819,0.002819,0.002819,0.0,0.0
a,random,instance_0004.txt,1,1,0,0,1.8571428571428572,1.8571428571428572,1.8571428571428572,1.8571428571428572,1.8571428571428572,0.0,0.0,39.0,39.0,39,39,39,0.0,0.0,21.0,21.0,21,21,21,0.0,0.0,0.000687,0.000687,0.000687,0.000687,0.000687,0.0,0.0
a,random,instance_0005.txt,1,1,0,0,32.31617647058823,32.31617647058823,32.31617647058823,32.31617647058823,32.31617647058823,0.0,0.0,4395.0,4395.0,4395,4395,4395,0.0,0.0,136.0,136.0,136,136,136,0.0,0.0,0.166443,0.166443,0.166443,0.166443,0.166443,0.0,0.0
a,random,instance_0006.txt,1,1,0,0,26.2972972972973,26.2972972972973,26.2972972972973,26.2972972972973,26.2972972972973,0.0,0.0,3892.0,3892.0,3892,3892,3892,0.0,0.0,148.0,148.0,148,148,148,0.0,0.0,0.184476,0.184476,0.184476,0.184476,0.184476,0.0,0.0
a,random,instance_0007.txt,1,1,0,0,25.993243243243242,25.993243243243242,25.993243243243242,25.993243243243242,25.993243243243242,0.0,0.0,3847.0,3847.0,3847,3847,3847,0.0,0.0,148.0,148.0,148,148,148,0.0,0.0,0.187026,0.187026,0.187026,0.187026,0.187026,0.0,0.0
a,random,instance_0008.txt,1,1,0,0,21.19402985074627,21.19402985074627,21.19402985074627,21.19402985074627,21.19402985074627,0.0,0.0,2840.0,2840.0,2840,2840,2840,0.0,0.0,134.0,134.0,134,134,134,0.0,0.0,0.096209,0.096209,0.096209,0.096209,0.096209,0.0,0.0
a,random,instance_0009.txt,1,1,0,0,1.9615384615384615,1.9615384615384615,1.9615384615384615,1.9615384615384615,1.9615384615384615,0.0,0.0,153.0,153.0,153,153,153,0.0,0.0,78.0,78.0,78,78,78,0.0,0.0,0.010076,0.010076,0.010076,0.010076,0.010076,0.0,0.0
a,random,instance_0010.txt,1,1,0,0,5.724590163934426,5.724590163934426,5.724590163934426,5.724590163934426,5.724590163934426,0.0,0.0,1746.0,1746.0,1746,1746,1746,0.0,0.0,305.0,305.0,305,305,305,0.0,0.0,0.306801,0.306801,0.306801,0.306801,0.306801,0.0,0.0
a,random,instance_0011.txt,1,1,0,0,6.636363636363637,6.636363636363637,6.636363636363637,6.636363636363637,6.636363636363637,0.0,0.0,2044.0,2044.0,2044,2044,2044,0.0,0.0,308.0,308.0,308,308,308,0.0,0.0,0.235303,0.235303,0.235303,0.235303,0.235303,0.0,0.0
a,random,instance_0012.txt,1,1,0,0,2.3157894736842106,2.3157894736842106,2.3157894736842106,2.3157894736842106,2.3157894736842106,0.0,0.0,176.0,176.0,176,176,176,0.0,0.0,76.0,76.0,76,76,76,0.0,0.0,0.016611,0.016611,0.016611,0.016611,0.016611,0.0,0.0
a,random,instance_0013.txt,1,1,0,0,12.556164383561644,12.556164383561644,12.556164383561644,12.556164383561644,12.556164383561644,0.0,0.0,4583.0,4583.0,4583,4583,4583,0.0,0.0,365.0,365.0,365,365,365,0.0,0.0,0.710322,0.710322,0.710322,0.710322,0.710322,0.0,0.0
a,random,instance_0014.txt,1,1,0,0,20.31233595800525,20.31233595800525,20.31233595800525,20.31233595800525,20.31233595800525,0.0,0.0,7739.0,7739.0,7739,7739,7739,0.0,0.0,381.0,381.0,381,381,381,0.0,0.0,0.968467,0.968467,0.968467,0.968467,0.968467,0.0,0.0
a,random,instance_0015.txt,1,1,0,0,10.422096317280452,10.422096317280452,10.422096317280452,10.422096317280452,10.422096317280452,0.0,0.0,3679.0,3679.0,3679,3679,3679,0.0,0.0,353.0,353.0,353,353,353,0.0,0.0,0.621159,0.621159,0.621159,0.621159,0.621159,0.0,0.0
a,random,instance_0016.txt,1,1,0,0,9.397260273972602,9.397260273972602,9.397260273972602,9.397260273972602,9.397260273972602,0.0,0.0,686.0,686.0,686,686,686,0.0,0.0,73.0,73.0,73,73,73,0.0,0.0,0.032626,0.032626,0.032626,0.032626,0.032626,0.0,0.0
a,random,instance_0017.txt,1,1,0,0,3.723404255319149,3.723404255319149,3.723404255319149,3.723404255319149,3.723404255319149,0.0,0.0,175.0,175.0,175,175,175,0.0,0.0,47.0,47.0,47,47,47,0.0,0.0,0.008034,0.008034,0.008034,0.008034,0.008034,0.0,0.0
a,random,instance_0018.txt,1,1,0,0,14.695121951219512,14.695121951219512,14.695121951219512,14.695121951219512,14.695121951219512,0.0,0.0,1205.0,1205.0,1205,1205,1205,0.0,0.0,82.0,82.0,82,82,82,0.0,0.0,0.068124,0.068124,0.068124,0.068124,0.068124,0.0,0.0
a,random,instance_0019.txt,1,1,0,0,9.424528301886792,9.424528301886792,9.424528301886792,9.424528301886792,9.424528301886792,0.0,0.0,999.0,999.0,999,999,999,0.0,0.0,106.0,106.0,106,106,106,0.0,0.0,0.059387,0.059387,0.059387,0.059387,0.059387,0.0,0.0
a,random,instance_0020.txt,1,1,0,0,3.6666666666666665,3.6666666666666665,3.6666666666666665,3.6666666666666665,3.6666666666666665,0.0,0.0,11.0,11.0,11,11,11,0.0,0.0,3.0,3.0,3,3,3,0.0,0.0,0.000102,0.000102,0.000102,0.000102,0.000102,0.0,0.0
a,random_exact,instance_0001.txt,1,1,0,0,2.9565217391304346,2.9565217391304346,2.9565217391304346,2.9565217391304346,2.9565217391304346,0.0,0.0,68.0,68.0,68,68,68,0.0,0.0,23.0,23.0,23,23,23,0.0,0.0,0.044359,0.044359,0.044359,0.044359,0.044359,0.0,0.0
a,random_exact,instance_0002.txt,1,1,0,0,2.0,2.0,2.0,2.0,2.0,0.0,0.0,2.0,2.0,2,2,2,0.0,0.0,1.0,1.0,1,1,1,0.0,0.0,0.022481,0.022481,0.022481,0.022481,0.022481,0.0,0.0
a,random_exact,instance_0003.txt,1,1,0,0,3.212121212121212,3.212121212121212,3.212121212121212,3.212121212121212,3.212121212121212,0.0,0.0,106.0,106.0,106,106,106,0.0,0.0,33.0,33.0,33,33,33,0.0,0.0,0.023995,0.023995,0.023995,0.023995,0.023995,0.0,0.0
a,random_exact,instance_0004.txt,1,1,0,0,1.95,1.95,1.95,1.95,1.95,0.0,0.0,39.0,39.0,39,39,39,0.0,0.0,20.0,20.0,20,20,20,0.0,0.0,0.027771,0.027771,0.027771,0.027771,0.027771,0.0,0.0
a,random_exact,instance_0005.txt,1,1,0,0,32.55555555555556,32.55555555555556,32.55555555555556,32.55555555555556,32.55555555555556,0.0,0.0,4395.0,4395.0,4395,4395,4395,0.0,0.0,135.0,135.0,135,135,135,0.0,0.0,0.450014,0.450014,0.450014,0.450014,0.450014,0.0,0.0
a,random_exact,instance_0006.txt,1,1,0,0,26.476190476190474,26.476190476190474,26.476190476190474,26.476190476190474,26.476190476190474,0.0,0.0,3892.0,3892.0,3892,3892,3892,0.0,0.0,147.0,147.0,147,147,147,0.0,0.0,0.515783,0.515783,0.515783,0.515783,0.515783,0.0,0.0
a,random_exact,instance_0007.txt,1,1,0,0,26.34931506849315,26.34931506849315,26.34931506849315,26.34931506849315,26.34931506849315,0.0,0.0,3847.0,3847.0,3847,3847,3847,0.0,0.0,146.0,146.0,146,146,146,0.0,0.0,0.561263,0.561263,0.561263,0.561263,0.561263,0.0,0.0
a,random_exact,instance_0008.txt,1,1,0,0,21.515151515151516,21.515151515151516,21.515151515151516,21.515151515151516,21.515151515151516,0.0,0.0,2840.0,2840.0,2840,2840,2840,0.0,0.0,132.0,132.0,132,132,132,0.0,0.0,0.339206,0.339206,0.339206,0.339206,0.339206,0.0,0.0
a,random_exact,instance_0009.txt,1,1,0,0,2.353846153846154,2.353846153846154,2.353846153846154,2.353846153846154,2.353846153846154,0.0,0.0,153.0,153.0,153,153,153,0.0,0.0,65.0,65.0,65,65,65,0.0,0.0,0.061093,0.061093,0.061093,0.061093,0.061093,0.0,0.0
a,random_exact,instance_0010.txt,1,1,0,0,6.0,6.0,6.0,6.0,6.0,0.0,0.0,1746.0,1746.0,1746,1746,1746,0.0,0.0,291.0,291.0,291,291,291,0.0,0.0,0.741024,0.741024,0.741024,0.741024,0.741024,0.0,0.0
a,random_exact,instance_0011.txt,1,1,0,0,7.097222222222222,7.097222222222222,7.097222222222222,7.097222222222222,7.097222222222222,0.0,0.0,2044.0,2044.0,2044,2044,2044,0.0,0.0,288.0,288.0,288,288,288,0.0,0.0,0.694893,0.694893,0.694893,0.694893,0.694893,0.0,0.0
a,random_exact,instance_0012.txt,1,1,0,0,2.75,2.75,2.75,2.75,2.75,0.0,0.0,176.0,176.0,176,176,176,0.0,0.0,64.0,64.0,64,64,64,0.0,0.0,0.063981,0.063981,0.063981,0.063981,0.063981,0.0,0.0
a,random_exact,instance_0013.txt,1,1,0,0,12.730555555555556,12.730555555555556,12.730555555555556,12.730555555555556,12.730555555555556,0.0,0.0,4583.0,4583.0,4583,4583,4583,0.0,0.0,360.0,360.0,360,360,360,0.0,0.0,1.634349,1.634349,1.634349,1.634349,1.634349,0.0,0.0
a,random_exact,instance_0014.txt,1,1,0,0,20.473544973544975,20.473544973544975,20.473544973544975,20.473544973544975,20.473544973544975,0.0,0.0,7739.0,7739.0,7739,7739,7739,0.0,0.0,378.0,378.0,378,378,378,0.0,0.0,3.725956,3.725956,3.725956,3.725956,3.725956,0.0,0.0
a,random_exact,instance_0015.txt,1,1,0,0,10.602305475504323,10.602305475504323,10.602305475504323,10.602305475504323,10.602305475504323,0.0,0.0,3679.0,3679.0,3679,3679,3679,0.0,0.0,347.0,347.0,347,347,347,0.0,0.0,1.154044,1.154044,1.154044,1.154044,1.154044,0.0,0.0
a,random_exact,instance_0016.txt,1,1,0,0,9.661971830985916,9.661971830985916,9.661971830985916,9.661971830985916,9.661971830985916,0.0,0.0,686.0,686.0,686,686,686,0.0,0.0,71.0,71.0,71,71,71,0.0,0.0,0.07341,0.07341,0.07341,0.07341,0.07341,0.0,0.0
a,random_exact,instance_0017.txt,1,1,0,0,4.166666666666667,4.166666666666667,4.166666666666667,4.166666666666667,4.166666666666667,0.0,0.0,175.0,175.0,175,175,175,0.0,0.0,42.0,42.0,42,42,42,0.0,0.0,0.02126,0.02126,0.02126,0.02126,0.02126,0.0,0.0
a,random_exact,instance_0018.txt,1,1,0,0,14.876543209876543,14.876543209876543,14.876543209876543,14.876543209876543,14.876543209876543,0.0,0.0,1205.0,1205.0,1205,1205,1205,0.0,0.0,81.0,81.0,81,81,81,0.0,0.0,0.127351,0.127351,0.127351,0.127351,0.127351,0.0,0.0
a,random_exact,instance_0019.txt,1,1,0,0,10.29896907216495,10.29896907216495,10.29896907216495,10.29896907216495,10.29896907216495,0.0,0.0,999.0,999.0,999,999,999,0.0,0.0,97.0,97.0,97,97,97,0.0,0.0,0.142054,0.142054,0.142054,0.142054,0.142054,0.0,0.0
a,random_exact,instance_0020.txt,1,1,0,0,3.6666666666666665,3.6666666666666665,3.6666666666666665,3.6666666666666665,3.6666666666666665,0.0,0.0,11.0,11.0,11,11,11,0.0,0.0,3.0,3.0,3,3,3,0.0,0.0,0.011977,0.011977,0.011977,0.011977,0.011977,0.0,0.0
a,random_multi,instance_0001.txt,1,1,0,0,2.9565217391304346,2.9565217391304346,2.9565217391304346,2.9565217391304346,2.9565217391304346,0.0,0.0,68.0,68.0,68,68,68,0.0,0.0,23.0,23.0,23,23,23,0.0,0.0,0.003215,0.003215,0.003215,0.003215,0.003215,0.0,0.0
a,random_multi,instance_0002.txt,1,1,0,0,2.0,2.0,2.0,2.0,2.0,0.0,0.0,2.0,2.0,2,2,2,0.0,0.0,1.0,1.0,1,1,1,0.0,0.0,8.4e-05,8.4e-05,8.4e-05,8.4e-05,8.4e-05,0.0,0.0
a,random_multi,instance_0003.txt,1,1,0,0,3.0285714285714285,3.0285714285714285,3.0285714285714285,3.0285714285714285,3.0285714285714285,0.0,0.0,106.0,106.0,106,106,106,0.0,0.0,35.0,35.0,35,35,35,0.0,0.0,0.006739,0.006739,0.006739,0.006739,0.006739,0.0,0.0
a,random_multi,instance_0004.txt,1,1,0,0,1.8571428571428572,1.8571428571428572,1.8571428571428572,1.8571428571428572,1.8571428571428572,0.0,0.0,39.0,39.0,39,39,39,0.0,0.0,21.0,21.0,21,21,21,0.0,0.0,0.001337,0.001337,0.001337,0.001337,0.001337,0.0,0.0
a,random_multi,instance_0005.txt,1,1,0,0,32.31617647058823,32.31617647058823,32.31617647058823,32.31617647058823,32.31617647058823,0.0,0.0,4395.0,4395.0,4395,4395,4395,0.0,0.0,136.0,136.0,136,136,136,0.0,0.0,0.169722,0.169722,0.169722,0.169722,0.169722,0.0,0.0
a,random_multi,instance_0006.txt,1,1,0,0,26.476190476190474,26.476190476190474,26.476190476190474,26.476190476190474,26.476190476190474,0.0,0.0,3892.0,3892.0,3892,3892,3892,0.0,0.0,147.0,147.0,147,147,147,0.0,0.0,0.321474,0.321474,0.321474,0.321474,0.321474,0.0,0.0
a,random_multi,instance_0007.txt,1,1,0,0,26.34931506849315,26.34931506849315,26.34931506849315,26.34931506849315,26.34931506849315,0.0,0.0,3847.0,3847.0,3847,3847,3847,0.0,0.0,146.0,146.0,146,146,146,0.0,0.0,0.232014,0.232014,0.232014,0.232014,0.232014,0.0,0.0
a,random_multi,instance_0008.txt,1,1,0,0,21.515151515151516,21.515151515151516,21.515151515151516,21.515151515151516,21.515151515151516,0.0,0.0,2840.0,2840.0,2840,2840,2840,0.0,0.0,132.0,132.0,132,132,132,0.0,0.0,0.234578,0.234578,0.234578,0.234578,0.234578,0.0,0.0
a,random_multi,instance_0009.txt,1,1,0,0,2.25,2.25,2.25,2.25,2.25,0.0,0.0,153.0,153.0,153,153,153,0.0,0.0,68.0,68.0,68,68,68,0.0,0.0,0.01393,0.01393,0.01393,0.01393,0.01393,0.0,0.0
a,random_multi,instance_0010.txt,1,1,0,0,5.97945205479452,5.97945205479452,5.97945205479452,5.97945205479452,5.97945205479452,0.0,0.0,1746.0,1746.0,1746,1746,1746,0.0,0.0,292.0,292.0,292,292,292,0.0,0.0,0.421238,0.421238,0.421238,0.421238,0.421238,0.0,0.0
a,random_multi,instance_0011.txt,1,1,0,0,7.048275862068966,7.048275862068966,7.048275862068966,7.048275862068966,7.048275862068966,0.0,0.0,2044.0,2044.0,2044,2044,2044,0.0,0.0,290.0,290.0,290,290,290,0.0,0.0,0.371599,0.371599,0.371599,0.371599,0.371599,0.0,0.0
a,random_multi,instance_0012.txt,1,1,0,0,2.6666666666666665,2.6666666666666665,2.6666666666666665,2.6666666666666665,2.6666666666666665,0.0,0.0,176.0,176.0,176,176,176,0.0,0.0,66.0,66.0,66,66,66,0.0,0.0,0.026529,0.026529,0.026529,0.026529,0.026529,0.0,0.0
a,random_multi,instance_0013.txt,1,1,0,0,12.730555555555556,12.730555555555556,12.730555555555556,12.730555555555556,12.730555555555556,0.0,0.0,4583.0,4583.0,4583,4583,4583,0.0,0.0,360.0,360.0,360,360,360,0.0,0.0,0.979287,0.979287,0.979287,0.979287,0.979287,0.0,0.0
a,random_multi,instance_0014.txt,1,1,0,0,20.473544973544975,20.473544973544975,20.473544973544975,20.473544973544975,20.473544973544975,0.0,0.0,7739.0,7739.0,7739,7739,7739,0.0,0.0,378.0,378.0,378,378,378,0.0,0.0,1.13754,1.13754,1.13754,1.13754,1.13754,0.0,0.0
a,random_multi,instance_0015.txt,1,1,0,0,10.541547277936962,10.541547277936962,10.541547277936962,10.541547277936962,10.541547277936962,0.0,0.0,3679.0,3679.0,3679,3679,3679,0.0,0.0,349.0,349.0,349,349,349,0.0,0.0,0.825926,0.825926,0.825926,0.825926,0.825926,0.0,0.0
a,random_multi,instance_0016.txt,1,1,0,0,9.661971830985916,9.661971830985916,9.661971830985916,9.661971830985916,9.661971830985916,0.0,0.0,686.0,686.0,686,686,686,0.0,0.0,71.0,71.0,71,71,71,0.0,0.0,0.021545,0.021545,0.021545,0.021545,0.021545,0.0,0.0
a,random_multi,instance_0017.txt,1,1,0,0,4.069767441860465,4.069767441860465,4.069767441860465,4.069767441860465,4.069767441860465,0.0,0.0,175.0,175.0,175,175,175,0.0,0.0,43.0,43.0,43,43,43,0.0,0.0,0.00908,0.00908,0.00908,0.00908,0.00908,0.0,0.0
a,random_multi,instance_0018.txt,1,1,0,0,14.876543209876543,14.876543209876543,14.876543209876543,14.876543209876543,14.876543209876543,0.0,0.0,1205.0,1205.0,1205,1205,1205,0.0,0.0,81.0,81.0,81,81,81,0.0,0.0,0.040136,0.040136,0.040136,0.040136,0.040136,0.0,0.0
a,random_multi,instance_0019.txt,1,1,0,0,10.29896907216495,10.29896907216495,10.29896907216495,10.29896907216495,10.29896907216495,0.0,0.0,999.0,999.0,999,999,999,0.0,0.0,97.0,97.0,97,97,97,0.0,0.0,0.082964,0.082964,0.082964,0.082964,0.082964,0.0,0.0
a,random_multi,instance_0020.txt,1,1,0,0,3.6666666666666665,3.6666666666666665,3.6666666666666665,3.6666666666666665,3.6666666666666665,0.0,0.0,11.0,11.0,11,11,11,0.0,0.0,3.0,3.0,3,3,3,0.0,0.0,0.000102,0.000102,0.000102,0.000102,0.000102,0.0,0.0
a,similar,instance_0001.txt,1,1,0,0,2.9565217391304346,2.9565217391304346,2.9565217391304346,2.9565217391304346,2.9565217391304346,0.0,0.0,68.0,68.0,68,68,68,0.0,0.0,23.0,23.0,23,23,23,0.0,0.0,0.007784,0.007784,0.007784,0.007784,0.007784,0.0,0.0
a,similar,instance_0002.txt,1,1,0,0,2.0,2.0,2.0,2.0,2.0,0.0,0.0,2.0,2.0,2,2,2,0.0,0.0,1.0,1.0,1,1,1,0.0,0.0,0.000129,0.000129,0.000129,0.000129,0.000129,0.0,0.0
a,similar,instance_0003.txt,1,1,0,0,2.65,2.65,2.65,2.65,2.65,0.0,0.0,106.0,106.0,106,106,106,0.0,0.0,40.0,40.0,40,40,40,0.0,0.0,0.004535,0.004535,0.004535,0.004535,0.004535,0.0,0.0
a,similar,instance_0004.txt,1,1,0,0,1.7727272727272727,1.7727272727272727,1.7727272727272727,1.7727272727272727,1.7727272727272727,0.0,0.0,39.0,39.0,39,39,39,0.0,0.0,22.0,22.0,22,22,22,0.0,0.0,0.00158,0.00158,0.00158,0.00158,0.00158,0.0,0.0
a,similar,instance_0005.txt,1,1,0,0,31.847826086956523,31.847826086956523,31.847826086956523,31.847826086956523,31.847826086956523,0.0,0.0,4395.0,4395.0,4395,4395,4395,0.0,0.0,138.0,138.0,138,138,138,0.0,0.0,0.225114,0.225114,0.225114,0.225114,0.225114,0.0,0.0
a,similar,instance_0006.txt,1,1,0,0,26.65753424657534,26.65753424657534,26.65753424657534,26.65753424657534,26.65753424657534,0.0,0.0,3892.0,3892.0,3892,3892,3892,0.0,0.0,146.0,146.0,146,146,146,0.0,0.0,0.235216,0.235216,0.235216,0.235216,0.235216,0.0,0.0
a,similar,instance_0007.txt,1,1,0,0,25.818791946308725,25.818791946308725,25.818791946308725,25.818791946308725,25.818791946308725,0.0,0.0,3847.0,3847.0,3847,3847,3847,0.0,0.0,149.0,149.0,149,149,149,0.0,0.0,0.252103,0.252103,0.252103,0.252103,0.252103,0.0,0.0
a,similar,instance_0008.txt,1,1,0,0,21.846153846153847,21.846153846153847,21.846153846153847,21.846153846153847,21.846153846153847,0.0,0.0,2840.0,2840.0,2840,2840,2840,0.0,0.0,130.0,130.0,130,130,130,0.0,0.0,0.131028,0.131028,0.131028,0.131028,0.131028,0.0,0.0
a,similar,instance_0009.txt,1,1,0,0,2.0,2.0,2.0,2.0,2.0,0.0,0.0,152.0,152.0,152,152,152,0.0,0.0,76.0,76.0,76,76,76,0.0,0.0,0.015889,0.015889,0.015889,0.015889,0.015889,0.0,0.0
a,similar,instance_0010.txt,1,1,0,0,5.490566037735849,5.490566037735849,5.490566037735849,5.490566037735849,5.490566037735849,0.0,0.0,1746.0,1746.0,1746,1746,1746,0.0,0.0,318.0,318.0,318,318,318,0.0,0.0,0.230397,0.230397,0.230397,0.230397,0.230397,0.0,0.0
a,similar,instance_0011.txt,1,1,0,0,6.370716510903427,6.370716510903427,6.370716510903427,6.370716510903427,6.370716510903427,0.0,0.0,2045.0,2045.0,2045,2045,2045,0.0,0.0,321.0,321.0,321,321,321,0.0,0.0,0.241409,0.241409,0.241409,0.241409,0.241409,0.0,0.0
a,similar,instance_0012.txt,1,1,0,0,1.8829787234042554,1.8829787234042554,1.8829787234042554,1.8829787234042554,1.8829787234042554,0.0,0.0,177.0,177.0,177,177,177,0.0,0.0,94.0,94.0,94,94,94,0.0,0.0,0.022175,0.022175,0.022175,0.022175,0.022175,0.0,0.0
a,similar,instance_0013.txt,1,1,0,0,12.487738419618529,12.487738419618529,12.487738419618529,12.487738419618529,12.487738419618529,0.0,0.0,4583.0,4583.0,4583,4583,4583,0.0,0.0,367.0,367.0,367,367,367,0.0,0.0,0.751533,0.751533,0.751533,0.751533,0.751533,0.0,0.0
a,similar,instance_0014.txt,1,1,0,0,20.473544973544975,20.473544973544975,20.473544973544975,20.473544973544975,20.473544973544975,0.0,0.0,7739.0,7739.0,7739,7739,7739,0.0,0.0,378.0,378.0,378,378,378,0.0,0.0,1.0686,1.0686,1.0686,1.0686,1.0686,0.0,0.0
a,similar,instance_0015.txt,1,1,0,0,10.305322128851541,10.305322128851541,10.305322128851541,10.305322128851541,10.305322128851541,0.0,0.0,3679.0,3679.0,3679,3679,3679,0.0,0.0,357.0,357.0,357,357,357,0.0,0.0,0.669591,0.669591,0.669591,0.669591,0.669591,0.0,0.0
a,similar,instance_0016.txt,1,1,0,0,9.527777777777779,9.527777777777779,9.527777777777779,9.527777777777779,9.527777777777779,0.0,0.0,686.0,686.0,686,686,686,0.0,0.0,72.0,72.0,72,72,72,0.0,0.0,0.075891,0.075891,0.075891,0.075891,0.075891,0.0,0.0
a,similar,instance_0017.txt,1,1,0,0,3.723404255319149,3.723404255319149,3.723404255319149,3.723404255319149,3.723404255319149,0.0,0.0,175.0,175.0,175,175,175,0.0,0.0,47.0,47.0,47,47,47,0.0,0.0,0.00768,0.00768,0.00768,0.00768,0.00768,0.0,0.0
a,similar,instance_0018.txt,1,1,0,0,15.855263157894736,15.855263157894736,15.855263157894736,15.855263157894736,15.855263157894736,0.0,0.0,1205.0,1205.0,1205,1205,1205,0.0,0.0,76.0,76.0,76,76,76,0.0,0.0,0.051539,0.051539,0.051539,0.051539,0.051539,0.0,0.0
a,similar,instance_0019.txt,1,1,0,0,9.60576923076923,9.60576923076923,9.60576923076923,9.60576923076923,9.60576923076923,0.0,0.0,999.0,999.0,999,999,999,0.0,0.0,104.0,104.0,104,104,104,0.0,0.0,0.049496,0.049496,0.049496,0.049496,0.049496,0.0,0.0
a,similar,instance_0020.txt,1,1,0,0,4.0,4.0,4.0,4.0,4.0,0.0,0.0,12.0,12.0,12,12,12,0.0,0.0,3.0,3.0,3,3,3,0.0,0.0,0.000123,0.000123,0.000123,0.000123,0.000123,0.0,0.0
a,similar_bigger,instance_0001.txt,1,1,0,0,2.9565217391304346,2.9565217391304346,2.9565217391304346,2.9565217391304346,2.9565217391304346,0.0,0.0,68.0,68.0,68,68,68,0.0,0.0,23.0,23.0,23,23,23,0.0,0.0,0.001807,0.001807,0.001807,0.001807,0.001807,0.0,0.0
a,similar_bigger,instance_0002.txt,1,1,0,0,2.0,2.0,2.0,2.0,2.0,0.0,0.0,2.0,2.0,2,2,2,0.0,0.0,1.0,1.0,1,1,1,0.0,0.0,0.00011,0.00011,0.00011,0.00011,0.00011,0.0,0.0
a,similar_bigger,instance_0003.txt,1,1,0,0,2.864864864864865,2.864864864864865,2.864864864864865,2.864864864864865,2.864864864864865,0.0,0.0,106.0,106.0,106,106,106,0.0,0.0,37.0,37.0,37,37,37,0.0,0.0,0.004977,0.004977,0.004977,0.004977,0.004977,0.0,0.0
a,similar_bigger,instance_0004.txt,1,1,0,0,1.7727272727272727,1.7727272727272727,1.7727272727272727,1.7727272727272727,1.7727272727272727,0.0,0.0,39.0,39.0,39,39,39,0.0,0.0,22.0,22.0,22,22,22,0.0,0.0,0.001643,0.001643,0.001643,0.001643,0.001643,0.0,0.0
a,similar_bigger,instance_0005.txt,1,1,0,0,31.840579710144926,31.840579710144926,31.840579710144926,31.840579710144926,31.840579710144926,0.0,0.0,4394.0,4394.0,4394,4394,4394,0.0,0.0,138.0,138.0,138,138,138,0.0,0.0,0.203525,0.203525,0.203525,0.203525,0.203525,0.0,0.0
a,similar_bigger,instance_0006.txt,1,1,0,0,26.65753424657534,26.65753424657534,26.65753424657534,26.65753424657534,26.65753424657534,0.0,0.0,3892.0,3892.0,3892,3892,3892,0.0,0.0,146.0,146.0,146,146,146,0.0,0.0,0.165095,0.165095,0.165095,0.165095,0.165095,0.0,0.0
a,similar_bigger,instance_0007.txt,1,1,0,0,25.818791946308725,25.818791946308725,25.818791946308725,25.818791946308725,25.818791946308725,0.0,0.0,3847.0,3847.0,3847,3847,3847,0.0,0.0,149.0,149.0,149,149,149,0.0,0.0,0.330626,0.330626,0.330626,0.330626,0.330626,0.0,0.0
a,similar_bigger,instance_0008.txt,1,1,0,0,21.846153846153847,21.846153846153847,21.846153846153847,21.846153846153847,21.846153846153847,0.0,0.0,2840.0,2840.0,2840,2840,2840,0.0,0.0,130.0,130.0,130,130,130,0.0,0.0,0.142096,0.142096,0.142096,0.142096,0.142096,0.0,0.0
a,similar_bigger,instance_0009.txt,1,1,0,0,2.095890410958904,2.095890410958904,2.095890410958904,2.095890410958904,2.095890410958904,0.0,0.0,153.0,153.0,153,153,153,0.0,0.0,73.0,73.0,73,73,73,0.0,0.0,0.01615,0.01615,0.01615,0.01615,0.01615,0.0,0.0
a,similar_bigger,instance_0010.txt,1,1,0,0,5.507886435331231,5.507886435331231,5.507886435331231,5.507886435331231,5.507886435331231,0.0,0.0,1746.0,1746.0,1746,1746,1746,0.0,0.0,317.0,317.0,317,317,317,0.0,0.0,0.290093,0.290093,0.290093,0.290093,0.290093,0.0,0.0
a,similar_bigger,instance_0011.txt,1,1,0,0,6.370716510903427,6.370716510903427,6.370716510903427,6.370716510903427,6.370716510903427,0.0,0.0,2045.0,2045.0,2045,2045,2045,0.0,0.0,321.0,321.0,321,321,321,0.0,0.0,0.352795,0.352795,0.352795,0.352795,0.352795,0.0,0.0
a,similar_bigger,instance_0012.txt,1,1,0,0,2.107142857142857,2.107142857142857,2.107142857142857,2.107142857142857,2.107142857142857,0.0,0.0,177.0,177.0,177,177,177,0.0,0.0,84.0,84.0,84,84,84,0.0,0.0,0.020594,0.020594,0.020594,0.020594,0.020594,0.0,0.0
a,similar_bigger,instance_0013.txt,1,1,0,0,12.521857923497267,12.521857923497267,12.521857923497267,12.521857923497267,12.521857923497267,0.0,0.0,4583.0,4583.0,4583,4583,4583,0.0,0.0,366.0,366.0,366,366,366,0.0,0.0,0.794565,0.794565,0.794565,0.794565,0.794565,0.0,0.0
a,similar_bigger,instance_0014.txt,1,1,0,0,20.473544973544975,20.473544973544975,20.473544973544975,20.473544973544975,20.473544973544975,0.0,0.0,7739.0,7739.0,7739,7739,7739,0.0,0.0,378.0,378.0,378,378,378,0.0,0.0,1.198481,1.198481,1.198481,1.198481,1.198481,0.0,0.0
a,similar_bigger,instance_0015.txt,1,1,0,0,10.305322128851541,10.305322128851541,10.305322128851541,10.305322128851541,10.305322128851541,0.0,0.0,3679.0,3679.0,3679,3679,3679,0.0,0.0,357.0,357.0,357,357,357,0.0,0.0,0.650279,0.650279,0.650279,0.650279,0.650279,0.0,0.0
a,similar_bigger,instance_0016.txt,1,1,0,0,9.527777777777779,9.527777777777779,9.527777777777779,9.527777777777779,9.527777777777779,0.0,0.0,686.0,686.0,686,686,686,0.0,0.0,72.0,72.0,72,72,72,0.0,0.0,0.033075,0.033075,0.033075,0.033075,0.033075,0.0,0.0
a,similar_bigger,instance_0017.txt,1,1,0,0,3.8043478260869565,3.8043478260869565,3.8043478260869565,3.8043478260869565,3.8043478260869565,0.0,0.0,175.0,175.0,175,175,175,0.0,0.0,46.0,46.0,46,46,46,0.0,0.0,0.008882,0.008882,0.008882,0.008882,0.008882,0.0,0.0
a,similar_bigger,instance_0018.txt,1,1,0,0,15.855263157894736,15.855263157894736,15.855263157894736,15.855263157894736,15.855263157894736,0.0,0.0,1205.0,1205.0,1205,1205,1205,0.0,0.0,76.0,76.0,76,76,76,0.0,0.0,0.057574,0.057574,0.057574,0.057574,0.057574,0.0,0.0
a,similar_bigger,instance_0019.txt,1,1,0,0,9.699029126213592,9.699029126213592,9.699029126213592,9.699029126213592,9.699029126213592,0.0,0.0,999.0,999.0,999,999,999,0.0,0.0,103.0,103.0,103,103,103,0.0,0.0,0.066877,0.066877,0.066877,0.066877,0.066877,0.0,0.0
a,similar_bigger,instance_0020.txt,1,1,0,0,4.0,4.0,4.0,4.0,4.0,0.0,0.0,12.0,12.0,12,12,12,0.0,0.0,3.0,3.0,3,3,3,0.0,0.0,0.000101,0.000101,0.000101,0.000101,0.000101,0.0,0.0
a,similar_bigger_exact,instance_0001.txt,1,1,0,0,3.4,3.4,3.4,3.4,3.4,0.0,0.0,68.0,68.0,68,68,68,0.0,0.0,20.0,20.0,20,20,20,0.0,0.0,0.015312,0.015312,0.015312,0.015312,0.015312,0.0,0.0
a,similar_bigger_exact,instance_0002.txt,1,1,0,0,2.0,2.0,2.0,2.0,2.0,0.0,0.0,2.0,2.0,2,2,2,0.0,0.0,1.0,1.0,1,1,1,0.0,0.0,0.006221,0.006221,0.006221,0.006221,0.006221,0.0,0.0
a,similar_bigger_exact,instance_0003.txt,1,1,0,0,3.0285714285714285,3.0285714285714285,3.0285714285714285,3.0285714285714285,3.0285714285714285,0.0,0.0,106.0,106.0,106,106,106,0.0,0.0,35.0,35.0,35,35,35,0.0,0.0,0.02114,0.02114,0.02114,0.02114,0.02114,0.0,0.0
a,similar_bigger_exact,instance_0004.txt,1,1,0,0,1.8571428571428572,1.8571428571428572,1.8571428571428572,1.8571428571428572,1.8571428571428572,0.0,0.0,39.0,39.0,39,39,39,0.0,0.0,21.0,21.0,21,21,21,0.0,0.0,0.009469,0.009469,0.009469,0.009469,0.009469,0.0,0.0
a,similar_bigger_exact,instance_0005.txt,1,1,0,0,32.54814814814815,32.54814814814815,32.54814814814815,32.54814814814815,32.54814814814815,0.0,0.0,4394.0,4394.0,4394,4394,4394,0.0,0.0,135.0,135.0,135,135,135,0.0,0.0,0.453429,0.453429,0.453429,0.453429,0.453429,0.0,0.0
a,similar_bigger_exact,instance_0006.txt,1,1,0,0,27.602836879432623,27.602836879432623,27.602836879432623,27.602836879432623,27.602836879432623,0.0,0.0,3892.0,3892.0,3892,3892,3892,0.0,0.0,141.0,141.0,141,141,141,0.0,0.0,0.680414,0.680414,0.680414,0.680414,0.680414,0.0,0.0
a,similar_bigger_exact,instance_0007.txt,1,1,0,0,26.53103448275862,26.53103448275862,26.53103448275862,26.53103448275862,26.53103448275862,0.0,0.0,3847.0,3847.0,3847,3847,3847,0.0,0.0,145.0,145.0,145,145,145,0.0,0.0,0.50788,0.50788,0.50788,0.50788,0.50788,0.0,0.0
a,similar_bigger_exact,instance_0008.txt,1,1,0,0,22.1875,22.1875,22.1875,22.1875,22.1875,0.0,0.0,2840.0,2840.0,2840,2840,2840,0.0,0.0,128.0,128.0,128,128,128,0.0,0.0,0.31803,0.31803,0.31803,0.31803,0.31803,0.0,0.0
a,similar_bigger_exact,instance_0009.txt,1,1,0,0,2.3181818181818183,2.3181818181818183,2.3181818181818183,2.3181818181818183,2.3181818181818183,0.0,0.0,153.0,153.0,153,153,153,0.0,0.0,66.0,66.0,66,66,66,0.0,0.0,0.055768,0.055768,0.055768,0.055768,0.055768,0.0,0.0
a,similar_bigger_exact,instance_0010.txt,1,1,0,0,5.938775510204081,5.938775510204081,5.938775510204081,5.938775510204081,5.938775510204081,0.0,0.0,1746.0,1746.0,1746,1746,1746,0.0,0.0,294.0,294.0,294,294,294,0.0,0.0,0.657819,0.657819,0.657819,0.657819,0.657819,0.0,0.0
a,similar_bigger_exact,instance_0011.txt,1,1,0,0,6.816666666666666,6.816666666666666,6.816666666666666,6.816666666666666,6.816666666666666,0.0,0.0,2045.0,2045.0,2045,2045,2045,0.0,0.0,300.0,300.0,300,300,300,0.0,0.0,0.735485,0.735485,0.735485,0.735485,0.735485,0.0,0.0
a,similar_bigger_exact,instance_0012.txt,1,1,0,0,2.4246575342465753,2.4246575342465753,2.4246575342465753,2.4246575342465753,2.4246575342465753,0.0,0.0,177.0,177.0,177,177,177,0.0,0.0,73.0,73.0,73,73,73,0.0,0.0,0.061347,0.061347,0.061347,0.061347,0.061347,0.0,0.0
a,similar_bigger_exact,instance_0013.txt,1,1,0,0,12.660220994475138,12.660220994475138,12.660220994475138,12.660220994475138,12.660220994475138,0.0,0.0,4583.0,4583.0,4583,4583,4583,0.0,0.0,362.0,362.0,362,362,362,0.0,0.0,1.916931,1.916931,1.916931,1.916931,1.916931,0.0,0.0
a,similar_bigger_exact,instance_0014.txt,1,1,0,0,20.58244680851064,20.58244680851064,20.58244680851064,20.58244680851064,20.58244680851064,0.0,0.0,7739.0,7739.0,7739,7739,7739,0.0,0.0,376.0,376.0,376,376,376,0.0,0.0,3.639989,3.639989,3.639989,3.639989,3.639989,0.0,0.0
a,similar_bigger_exact,instance_0015.txt,1,1,0,0,10.725947521865889,10.725947521865889,10.725947521865889,10.725947521865889,10.725947521865889,0.0,0.0,3679.0,3679.0,3679,3679,3679,0.0,0.0,343.0,343.0,343,343,343,0.0,0.0,1.581962,1.581962,1.581962,1.581962,1.581962,0.0,0.0
a,similar_bigger_exact,instance_0016.txt,1,1,0,0,9.661971830985916,9.661971830985916,9.661971830985916,9.661971830985916,9.661971830985916,0.0,0.0,686.0,686.0,686,686,686,0.0,0.0,71.0,71.0,71,71,71,0.0,0.0,0.161735,0.161735,0.161735,0.161735,0.161735,0.0,0.0
a,similar_bigger_exact,instance_0017.txt,1,1,0,0,3.8043478260869565,3.8043478260869565,3.8043478260869565,3.8043478260869565,3.8043478260869565,0.0,0.0,175.0,175.0,175,175,175,0.0,0.0,46.0,46.0,46,46,46,0.0,0.0,0.024403,0.024403,0.024403,0.024403,0.024403,0.0,0.0
a,similar_bigger_exact,instance_0018.txt,1,1,0,0,15.855263157894736,15.855263157894736,15.855263157894736,15.855263157894736,15.855263157894736,0.0,0.0,1205.0,1205.0,1205,1205,1205,0.0,0.0,76.0,76.0,76,76,76,0.0,0.0,0.1345,0.1345,0.1345,0.1345,0.1345,0.0,0.0
a,similar_bigger_exact,instance_0019.txt,1,1,0,0,10.193877551020408,10.193877551020408,10.193877551020408,10.193877551020408,10.193877551020408,0.0,0.0,999.0,999.0,999,999,999,0.0,0.0,98.0,98.0,98,98,98,0.0,0.0,0.155641,0.155641,0.155641,0.155641,0.155641,0.0,0.0
a,similar_bigger_exact,instance_0020.txt,1,1,0,0,4.0,4.0,4.0,4.0,4.0,0.0,0.0,12.0,12.0,12,12,12,0.0,0.0,3.0,3.0,3,3,3,0.0,0.0,0.008247,0.008247,0.008247,0.008247,0.008247,0.0,0.0
a,similar_bigger_exact_weighted,instance_0001.txt,1,1,0,0,3.4,3.4,3.4,3.4,3.4,0.0,0.0,68.0,68.0,68,68,68,0.0,0.0,20.0,20.0,20,20,20,0.0,0.0,0.014161,0.014161,0.014161,0.014161,0.014161,0.0,0.0
a,similar_bigger_exact_weighted,instance_0002.txt,1,1,0,0,2.0,2.0,2.0,2.0,2.0,0.0,0.0,2.0,2.0,2,2,2,0.0,0.0,1.0,1.0,1,1,1,0.0,0.0,0.006995,0.006995,0.006995,0.006995,0.006995,0.0,0.0
a,similar_bigger_exact_weighted,instance_0003.txt,1,1,0,0,3.0285714285714285,3.0285714285714285,3.0285714285714285,3.0285714285714285,3.0285714285714285,0.0,0.0,106.0,106.0,106,106,106,0.0,0.0,35.0,35.0,35,35,35,0.0,0.0,0.032155,0.032155,0.032155,0.032155,0.032155,0.0,0.0
a,similar_bigger_exact_weighted,instance_0004.txt,1,1,0,0,1.8571428571428572,1.8571428571428572,1.8571428571428572,1.8571428571428572,1.8571428571428572,0.0,0.0,39.0,39.0,39,39,39,0.0,0.0,21.0,21.0,21,21,21,0.0,0.0,0.01437,0.01437,0.01437,0.01437,0.01437,0.0,0.0
a,similar_bigger_exact_weighted,instance_0005.txt,1,1,0,0,32.54814814814815,32.54814814814815,32.54814814814815,32.54814814814815,32.54814814814815,0.0,0.0,4394.0,4394.0,4394,4394,4394,0.0,0.0,135.0,135.0,135,135,135,0.0,0.0,0.53411,0.53411,0.53411,0.53411,0.53411,0.0,0.0
a,similar_bigger_exact_weighted,instance_0006.txt,1,1,0,0,27.602836879432623,27.602836879432623,27.602836879432623,27.602836879432623,27.602836879432623,0.0,0.0,3892.0,3892.0,3892,3892,3892,0.0,0.0,141.0,141.0,141,141,141,0.0,0.0,0.412995,0.412995,0.412995,0.412995,0.412995,0.0,0.0
a,similar_bigger_exact_weighted,instance_0007.txt,1,1,0,0,26.53103448275862,26.53103448275862,26.53103448275862,26.53103448275862,26.53103448275862,0.0,0.0,3847.0,3847.0,3847,3847,3847,0.0,0.0,145.0,145.0,145,145,145,0.0,0.0,0.626075,0.626075,0.626075,0.626075,0.626075,0.0,0.0
a,similar_bigger_exact_weighted,instance_0008.txt,1,1,0,0,22.015503875968992,22.015503875968992,22.015503875968992,22.015503875968992,22.015503875968992,0.0,0.0,2840.0,2840.0,2840,2840,2840,0.0,0.0,129.0,129.0,129,129,129,0.0,0.0,0.26858,0.26858,0.26858,0.26858,0.26858,0.0,0.0
a,similar_bigger_exact_weighted,instance_0009.txt,1,1,0,0,2.3181818181818183,2.3181818181818183,2.3181818181818183,2.3181818181818183,2.3181818181818183,0.0,0.0,153.0,153.0,153,153,153,0.0,0.0,66.0,66.0,66,66,66,0.0,0.0,0.055149,0.055149,0.055149,0.055149,0.055149,0.0,0.0
a,similar_bigger_exact_weighted,instance_0010.txt,1,1,0,0,5.938775510204081,5.938775510204081,5.938775510204081,5.938775510204081,5.938775510204081,0.0,0.0,1746.0,1746.0,1746,1746,1746,0.0,0.0,294.0,294.0,294,294,294,0.0,0.0,0.652466,0.652466,0.652466,0.652466,0.652466,0.0,0.0
a,similar_bigger_exact_weighted,instance_0011.txt,1,1,0,0,6.816666666666666,6.816666666666666,6.816666666666666,6.816666666666666,6.816666666666666,0.0,0.0,2045.0,2045.0,2045,2045,2045,0.0,0.0,300.0,300.0,300,300,300,0.0,0.0,0.69373,0.69373,0.69373,0.69373,0.69373,0.0,0.0
a,similar_bigger_exact_weighted,instance_0012.txt,1,1,0,0,2.4246575342465753,2.4246575342465753,2.4246575342465753,2.4246575342465753,2.4246575342465753,0.0,0.0,177.0,177.0,177,177,177,0.0,0.0,73.0,73.0,73,73,73,0.0,0.0,0.060079,0.060079,0.060079,0.060079,0.060079,0.0,0.0
a,similar_bigger_exact_weighted,instance_0013.txt,1,1,0,0,12.660220994475138,12.660220994475138,12.660220994475138,12.660220994475138,12.660220994475138,0.0,0.0,4583.0,4583.0,4583,4583,4583,0.0,0.0,362.0,362.0,362,362,362,0.0,0.0,1.576406,1.576406,1.576406,1.576406,1.576406,0.0,0.0
a,similar_bigger_exact_weighted,instance_0014.txt,1,1,0,0,20.58244680851064,20.58244680851064,20.58244680851064,20.58244680851064,20.58244680851064,0.0,0.0,7739.0,7739.0,7739,7739,7739,0.0,0.0,376.0,376.0,376,376,376,0.0,0.0,3.670381,3.670381,3.670381,3.670381,3.670381,0.0,0.0
a,similar_bigger_exact_weighted,instance_0015.txt,1,1,0,0,10.725947521865889,10.725947521865889,10.725947521865889,10.725947521865889,10.725947521865889,0.0,0.0,3679.0,3679.0,3679,3679,3679,0.0,0.0,343.0,343.0,343,343,343,0.0,0.0,1.209275,1.209275,1.209275,1.209275,1.209275,0.0,0.0
a,similar_bigger_exact_weighted,instance_0016.txt,1,1,0,0,9.661971830985916,9.661971830985916,9.661971830985916,9.661971830985916,9.661971830985916,0.0,0.0,686.0,686.0,686,686,686,0.0,0.0,71.0,71.0,71,71,71,0.0,0.0,0.080738,0.080738,0.080738,0.080738,0.080738,0.0,0.0
a,similar_bigger_exact_weighted,instance_0017.txt,1,1,0,0,3.8043478260869565,3.8043478260869565,3.8043478260869565,3.8043478260869565,3.8043478260869565,0.0,0.0,175.0,175.0,175,175,175,0.0,0.0,46.0,46.0,46,46,46,0.0,0.0,0.02448,0.02448,0.02448,0.02448,0.02448,0.0,0.0
a,similar_bigger_exact_weighted,instance_0018.txt,1,1,0,0,15.855263157894736,15.855263157894736,15.855263157894736,15.855263157894736,15.855263157894736,0.0,0.0,1205.0,1205.0,1205,1205,1205,0.0,0.0,76.0,76.0,76,76,76,0.0,0.0,0.107254,0.107254,0.107254,0.107254,0.107254,0.0,0.0
a,similar_bigger_exact_weighted,instance_0019.txt,1,1,0,0,10.193877551020408,10.193877551020408,10.193877551020408,10.193877551020408,10.193877551020408,0.0,0.0,999.0,999.0,999,999,999,0.0,0.0,98.0,98.0,98,98,98,0.0,0.0,0.13697,0.13697,0.13697,0.13697,0.13697,0.0,0.0
a,similar_bigger_exact_weighted,instance_0020.txt,1,1,0,0,4.0,4.0,4.0,4.0,4.0,0.0,0.0,12.0,12.0,12,12,12,0.0,0.0,3.0,3.0,3,3,3,0.0,0.0,0.006856,0.006856,0.006856,0.006856,0.006856,0.0,0.0
a,similar_bigger_multi,instance_0001.txt,1,1,0,0,3.4,3.4,3.4,3.4,3.4,0.0,0.0,68.0,68.0,68,68,68,0.0,0.0,20.0,20.0,20,20,20,0.0,0.0,0.006093,0.006093,0.006093,0.006093,0.006093,0.0,0.0
a,similar_bigger_multi,instance_0002.txt,1,1,0,0,2.0,2.0,2.0,2.0,2.0,0.0,0.0,2.0,2.0,2,2,2,0.0,0.0,1.0,1.0,1,1,1,0.0,0.0,9.8e-05,9.8e-05,9.8e-05,9.8e-05,9.8e-05,0.0,0.0
a,similar_bigger_multi,instance_0003.txt,1,1,0,0,3.0285714285714285,3.0285714285714285,3.0285714285714285,3.0285714285714285,3.0285714285714285,0.0,0.0,106.0,106.0,106,106,106,0.0,0.0,35.0,35.0,35,35,35,0.0,0.0,0.005231,0.005231,0.005231,0.005231,0.005231,0.0,0.0
a,similar_bigger_multi,instance_0004.txt,1,1,0,0,1.8571428571428572,1.8571428571428572,1.8571428571428572,1.8571428571428572,1.8571428571428572,0.0,0.0,39.0,39.0,39,39,39,0.0,0.0,21.0,21.0,21,21,21,0.0,0.0,0.001981,0.001981,0.001981,0.001981,0.001981,0.0,0.0
a,similar_bigger_multi,instance_0005.txt,1,1,0,0,32.54814814814815,32.54814814814815,32.54814814814815,32.54814814814815,32.54814814814815,0.0,0.0,4394.0,4394.0,4394,4394,4394,0.0,0.0,135.0,135.0,135,135,135,0.0,0.0,0.184585,0.184585,0.184585,0.184585,0.184585,0.0,0.0
a,similar_bigger_multi,instance_0006.txt,1,1,0,0,27.602836879432623,27.602836879432623,27.602836879432623,27.602836879432623,27.602836879432623,0.0,0.0,3892.0,3892.0,3892,3892,3892,0.0,0.0,141.0,141.0,141,141,141,0.0,0.0,0.279833,0.279833,0.279833,0.279833,0.279833,0.0,0.0
a,similar_bigger_multi,instance_0007.txt,1,1,0,0,26.53103448275862,26.53103448275862,26.53103448275862,26.53103448275862,26.53103448275862,0.0,0.0,3847.0,3847.0,3847,3847,3847,0.0,0.0,145.0,145.0,145,145,145,0.0,0.0,0.353712,0.353712,0.353712,0.353712,0.353712,0.0,0.0
a,similar_bigger_multi,instance_0008.txt,1,1,0,0,22.1875,22.1875,22.1875,22.1875,22.1875,0.0,0.0,2840.0,2840.0,2840,2840,2840,0.0,0.0,128.0,128.0,128,128,128,0.0,0.0,0.250139,0.250139,0.250139,0.250139,0.250139,0.0,0.0
a,similar_bigger_multi,instance_0009.txt,1,1,0,0,2.25,2.25,2.25,2.25,2.25,0.0,0.0,153.0,153.0,153,153,153,0.0,0.0,68.0,68.0,68,68,68,0.0,0.0,0.021497,0.021497,0.021497,0.021497,0.021497,0.0,0.0
a,similar_bigger_multi,instance_0010.txt,1,1,0,0,5.918644067796611,5.918644067796611,5.918644067796611,5.918644067796611,5.918644067796611,0.0,0.0,1746.0,1746.0,1746,1746,1746,0.0,0.0,295.0,295.0,295,295,295,0.0,0.0,0.54157,0.54157,0.54157,0.54157,0.54157,0.0,0.0
a,similar_bigger_multi,instance_0011.txt,1,1,0,0,6.771523178807947,6.771523178807947,6.771523178807947,6.771523178807947,6.771523178807947,0.0,0.0,2045.0,2045.0,2045,2045,2045,0.0,0.0,302.0,302.0,302,302,302,0.0,0.0,0.432441,0.432441,0.432441,0.432441,0.432441,0.0,0.0
a,similar_bigger_multi,instance_0012.txt,1,1,0,0,2.36,2.36,2.36,2.36,2.36,0.0,0.0,177.0,177.0,177,177,177,0.0,0.0,75.0,75.0,75,75,75,0.0,0.0,0.039208,0.039208,0.039208,0.039208,0.039208,0.0,0.0
a,similar_bigger_multi,instance_0013.txt,1,1,0,0,12.62534435261708,12.62534435261708,12.62534435261708,12.62534435261708,12.62534435261708,0.0,0.0,4583.0,4583.0,4583,4583,4583,0.0,0.0,363.0,363.0,363,363,363,0.0,0.0,0.724814,0.724814,0.724814,0.724814,0.724814,0.0,0.0
a,similar_bigger_multi,instance_0014.txt,1,1,0,0,20.58244680851064,20.58244680851064,20.58244680851064,20.58244680851064,20.58244680851064,0.0,0.0,7739.0,7739.0,7739,7739,7739,0.0,0.0,376.0,376.0,376,376,376,0.0,0.0,1.070342,1.070342,1.070342,1.070342,1.070342,0.0,0.0
a,similar_bigger_multi,instance_0015.txt,1,1,0,0,10.725947521865889,10.725947521865889,10.725947521865889,10.725947521865889,10.725947521865889,0.0,0.0,3679.0,3679.0,3679,3679,3679,0.0,0.0,343.0,343.0,343,343,343,0.0,0.0,0.942989,0.942989,0.942989,0.942989,0.942989,0.0,0.0
a,similar_bigger_multi,instance_0016.txt,1,1,0,0,9.661971830985916,9.661971830985916,9.661971830985916,9.661971830985916,9.661971830985916,0.0,0.0,686.0,686.0,686,686,686,0.0,0.0,71.0,71.0,71,71,71,0.0,0.0,0.036,0.036,0.036,0.036,0.036,0.0,0.0
a,similar_bigger_multi,instance_0017.txt,1,1,0,0,3.8043478260869565,3.8043478260869565,3.8043478260869565,3.8043478260869565,3.8043478260869565,0.0,0.0,175.0,175.0,175,175,175,0.0,0.0,46.0,46.0,46,46,46,0.0,0.0,0.014121,0.014121,0.014121,0.014121,0.014121,0.0,0.0
a,similar_bigger_multi,instance_0018.txt,1,1,0,0,15.855263157894736,15.855263157894736,15.855263157894736,15.855263157894736,15.855263157894736,0.0,0.0,1205.0,1205.0,1205,1205,1205,0.0,0.0,76.0,76.0,76,76,76,0.0,0.0,0.058027,0.058027,0.058027,0.058027,0.058027,0.0,0.0
a,similar_bigger_multi,instance_0019.txt,1,1,0,0,10.090909090909092,10.090909090909092,10.090909090909092,10.090909090909092,10.090909090909092,0.0,0.0,999.0,999.0,999,999,999,0.0,0.0,99.0,99.0,99,99,99,0.0,0.0,0.104881,0.104881,0.104881,0.104881,0.104881,0.0,0.0
a,similar_bigger_multi,instance_0020.txt,1,1,0,0,4.0,4.0,4.0,4.0,4.0,0.0,0.0,12.0,12.0,12,12,12,0.0,0.0,3.0,3.0,3,3,3,0.0,0.0,0.0001,0.0001,0.0001,0.0001,0.0001,0.0,0.0
a,similar_bigger_multi_weighted,instance_0001.txt,1,1,0,0,3.4,3.4,3.4,3.4,3.4,0.0,0.0,68.0,68.0,68,68,68,0.0,0.0,20.0,20.0,20,20,20,0.0,0.0,0.002295,0.002295,0.002295,0.002295,0.002295,0.0,0.0
a,similar_bigger_multi_weighted,instance_0002.txt,1,1,0,0,2.0,2.0,2.0,2.0,2.0,0.0,0.0,2.0,2.0,2,2,2,0.0,0.0,1.0,1.0,1,1,1,0.0,0.0,0.00011,0.00011,0.00011,0.00011,0.00011,0.0,0.0
a,similar_bigger_multi_weighted,instance_0003.txt,1,1,0,0,3.0285714285714285,3.0285714285714285,3.0285714285714285,3.0285714285714285,3.0285714285714285,0.0,0.0,106.0,106.0,106,106,106,0.0,0.0,35.0,35.0,35,35,35,0.0,0.0,0.012672,0.012672,0.012672,0.012672,0.012672,0.0,0.0
a,similar_bigger_multi_weighted,instance_0004.txt,1,1,0,0,1.8571428571428572,1.8571428571428572,1.8571428571428572,1.8571428571428572,1.8571428571428572,0.0,0.0,39.0,39.0,39,39,39,0.0,0.0,21.0,21.0,21,21,21,0.0,0.0,0.001594,0.001594,0.001594,0.001594,0.001594,0.0,0.0
a,similar_bigger_multi_weighted,instance_0005.txt,1,1,0,0,32.54814814814815,32.54814814814815,32.54814814814815,32.54814814814815,32.54814814814815,0.0,0.0,4394.0,4394.0,4394,4394,4394,0.0,0.0,135.0,135.0,135,135,135,0.0,0.0,0.224985,0.224985,0.224985,0.224985,0.224985,0.0,0.0
a,similar_bigger_multi_weighted,instance_0006.txt,1,1,0,0,27.602836879432623,27.602836879432623,27.602836879432623,27.602836879432623,27.602836879432623,0.0,0.0,3892.0,3892.0,3892,3892,3892,0.0,0.0,141.0,141.0,141,141,141,0.0,0.0,0.262114,0.262114,0.262114,0.262114,0.262114,0.0,0.0
a,similar_bigger_multi_weighted,instance_0007.txt,1,1,0,0,26.53103448275862,26.53103448275862,26.53103448275862,26.53103448275862,26.53103448275862,0.0,0.0,3847.0,3847.0,3847,3847,3847,0.0,0.0,145.0,145.0,145,145,145,0.0,0.0,0.343964,0.343964,0.343964,0.343964,0.343964,0.0,0.0
a,similar_bigger_multi_weighted,instance_0008.txt,1,1,0,0,22.015503875968992,22.015503875968992,22.015503875968992,22.015503875968992,22.015503875968992,0.0,0.0,2840.0,2840.0,2840,2840,2840,0.0,0.0,129.0,129.0,129,129,129,0.0,0.0,0.246235,0.246235,0.246235,0.246235,0.246235,0.0,0.0
a,similar_bigger_multi_weighted,instance_0009.txt,1,1,0,0,2.25,2.25,2.25,2.25,2.25,0.0,0.0,153.0,153.0,153,153,153,0.0,0.0,68.0,68.0,68,68,68,0.0,0.0,0.023777,0.023777,0.023777,0.023777,0.023777,0.0,0.0
a,similar_bigger_multi_weighted,instance_0010.txt,1,1,0,0,5.918644067796611,5.918644067796611,5.918644067796611,5.918644067796611,5.918644067796611,0.0,0.0,1746.0,1746.0,1746,1746,1746,0.0,0.0,295.0,295.0,295,295,295,0.0,0.0,0.457842,0.457842,0.457842,0.457842,0.457842,0.0,0.0
a,similar_bigger_multi_weighted,instance_0011.txt,1,1,0,0,6.771523178807947,6.771523178807947,6.771523178807947,6.771523178807947,6.771523178807947,0.0,0.0,2045.0,2045.0,2045,2045,2045,0.0,0.0,302.0,302.0,302,302,302,0.0,0.0,0.323189,0.323189,0.323189,0.323189,0.323189,0.0,0.0
a,similar_bigger_multi_weighted,instance_0012.txt,1,1,0,0,2.36,2.36,2.36,2.36,2.36,0.0,0.0,177.0,177.0,177,177,177,0.0,0.0,75.0,75.0,75,75,75,0.0,0.0,0.049534,0.049534,0.049534,0.049534,0.049534,0.0,0.0
a,similar_bigger_multi_weighted,instance_0013.txt,1,1,0,0,12.62534435261708,12.62534435261708,12.62534435261708,12.62534435261708,12.62534435261708,0.0,0.0,4583.0,4583.0,4583,4583,4583,0.0,0.0,363.0,363.0,363,363,363,0.0,0.0,0.812718,0.812718,0.812718,0.812718,0.812718,0.0,0.0
a,similar_bigger_multi_weighted,instance_0014.txt,1,1,0,0,20.58244680851064,20.58244680851064,20.58244680851064,20.58244680851064,20.58244680851064,0.0,0.0,7739.0,7739.0,7739,7739,7739,0.0,0.0,376.0,376.0,376,376,376,0.0,0.0,1.048385,1.048385,1.048385,1.048385,1.048385,0.0,0.0
a,similar_bigger_multi_weighted,instance_0015.txt,1,1,0,0,10.725947521865889,10.725947521865889,10.725947521865889,10.725947521865889,10.725947521865889,0.0,0.0,3679.0,3679.0,3679,3679,3679,0.0,0.0,343.0,343.0,343,343,343,0.0,0.0,0.925851,0.925851,0.925851,0.925851,0.925851,0.0,0.0
a,similar_bigger_multi_weighted,instance_0016.txt,1,1,0,0,9.661971830985916,9.661971830985916,9.661971830985916,9.661971830985916,9.661971830985916,0.0,0.0,686.0,686.0,686,686,686,0.0,0.0,71.0,71.0,71,71,71,0.0,0.0,0.024583,0.024583,0.024583,0.024583,0.024583,0.0,0.0
a,similar_bigger_multi_weighted,instance_0017.txt,1,1,0,0,3.8043478260869565,3.8043478260869565,3.8043478260869565,3.8043478260869565,3.8043478260869565,0.0,0.0,175.0,175.0,175,175,175,0.0,0.0,46.0,46.0,46,46,46,0.0,0.0,0.009693,0.009693,0.009693,0.009693,0.009693,0.0,0.0
a,similar_bigger_multi_weighted,instance_0018.txt,1,1,0,0,15.855263157894736,15.855263157894736,15.855263157894736,15.855263157894736,15.855263157894736,0.0,0.0,1205.0,1205.0,1205,1205,1205,0.0,0.0,76.0,76.0,76,76,76,0.0,0.0,0.03473,0.03473,0.03473,0.03473,0.03473,0.0,0.0
a,similar_bigger_multi_weighted,instance_0019.txt,1,1,0,0,10.090909090909092,10.090909090909092,10.090909090909092,10.090909090909092,10.090909090909092,0.0,0.0,999.0,999.0,999,999,999,0.0,0.0,99.0,99.0,99,99,99,0.0,0.0,0.101101,0.101101,0.101101,0.101101,0.101101,0.0,0.0
a,similar_bigger_multi_weighted,instance_0020.txt,1,1,0,0,4.0,4.0,4.0,4.0,4.0,0.0,0.0,12.0,12.0,12,12,12,0.0,0.0,3.0,3.0,3,3,3,0.0,0.0,0.000117,0.000117,0.000117,0.000117,0.000117,0.0,0.0
a,similar_bigger_weighted,instance_0001.txt,1,1,0,0,2.9565217391304346,2.9565217391304346,2.9565217391304346,2.9565217391304346,2.9565217391304346,0.0,0.0,68.0,68.0,68,68,68,0.0,0.0,23.0,23.0,23,23,23,0.0,0.0,0.003153,0.003153,0.003153,0.003153,0.003153,0.0,0.0
a,similar_bigger_weighted,instance_0002.txt,1,1,0,0,2.0,2.0,2.0,2.0,2.0,0.0,0.0,2.0,2.0,2,2,2,0.0,0.0,1.0,1.0,1,1,1,0.0,0.0,0.00012,0.00012,0.00012,0.00012,0.00012,0.0,0.0
a,similar_bigger_weighted,instance_0003.txt,1,1,0,0,2.864864864864865,2.864864864864865,2.864864864864865,2.864864864864865,2.864864864864865,0.0,0.0,106.0,106.0,106,106,106,0.0,0.0,37.0,37.0,37,37,37,0.0,0.0,0.007105,0.007105,0.007105,0.007105,0.007105,0.0,0.0
a,similar_bigger_weighted,instance_0004.txt,1,1,0,0,1.7727272727272727,1.7727272727272727,1.7727272727272727,1.7727272727272727,1.7727272727272727,0.0,0.0,39.0,39.0,39,39,39,0.0,0.0,22.0,22.0,22,22,22,0.0,0.0,0.001746,0.001746,0.001746,0.001746,0.001746,0.0,0.0
a,similar_bigger_weighted,instance_0005.txt,1,1,0,0,31.840579710144926,31.840579710144926,31.840579710144926,31.840579710144926,31.840579710144926,0.0,0.0,4394.0,4394.0,4394,4394,4394,0.0,0.0,138.0,138.0,138,138,138,0.0,0.0,0.185327,0.185327,0.185327,0.185327,0.185327,0.0,0.0
a,similar_bigger_weighted,instance_0006.txt,1,1,0,0,26.65753424657534,26.65753424657534,26.65753424657534,26.65753424657534,26.65753424657534,0.0,0.0,3892.0,3892.0,3892,3892,3892,0.0,0.0,146.0,146.0,146,146,146,0.0,0.0,0.267736,0.267736,0.267736,0.267736,0.267736,0.0,0.0
a,similar_bigger_weighted,instance_0007.txt,1,1,0,0,25.818791946308725,25.818791946308725,25.818791946308725,25.818791946308725,25.818791946308725,0.0,0.0,3847.0,3847.0,3847,3847,3847,0.0,0.0,149.0,149.0,149,149,149,0.0,0.0,0.227431,0.227431,0.227431,0.227431,0.227431,0.0,0.0
a,similar_bigger_weighted,instance_0008.txt,1,1,0,0,21.6793893129771,21.6793893129771,21.6793893129771,21.6793893129771,21.6793893129771,0.0,0.0,2840.0,2840.0,2840,2840,2840,0.0,0.0,131.0,131.0,131,131,131,0.0,0.0,0.153538,0.153538,0.153538,0.153538,0.153538,0.0,0.0
a,similar_bigger_weighted,instance_0009.txt,1,1,0,0,2.095890410958904,2.095890410958904,2.095890410958904,2.095890410958904,2.095890410958904,0.0,0.0,153.0,153.0,153,153,153,0.0,0.0,73.0,73.0,73,73,73,0.0,0.0,0.023707,0.023707,0.023707,0.023707,0.023707,0.0,0.0
a,similar_bigger_weighted,instance_0010.txt,1,1,0,0,5.507886435331231,5.507886435331231,5.507886435331231,5.507886435331231,5.507886435331231,0.0,0.0,1746.0,1746.0,1746,1746,1746,0.0,0.0,317.0,317.0,317,317,317,0.0,0.0,0.290718,0.290718,0.290718,0.290718,0.290718,0.0,0.0
a,similar_bigger_weighted,instance_0011.txt,1,1,0,0,6.370716510903427,6.370716510903427,6.370716510903427,6.370716510903427,6.370716510903427,0.0,0.0,2045.0,2045.0,2045,2045,2045,0.0,0.0,321.0,321.0,321,321,321,0.0,0.0,0.306547,0.306547,0.306547,0.306547,0.306547,0.0,0.0
a,similar_bigger_weighted,instance_0012.txt,1,1,0,0,2.107142857142857,2.107142857142857,2.107142857142857,2.107142857142857,2.107142857142857,0.0,0.0,177.0,177.0,177,177,177,0.0,0.0,84.0,84.0,84,84,84,0.0,0.0,0.031064,0.031064,0.031064,0.031064,0.031064,0.0,0.0
a,similar_bigger_weighted,instance_0013.txt,1,1,0,0,12.521857923497267,12.521857923497267,12.521857923497267,12.521857923497267,12.521857923497267,0.0,0.0,4583.0,4583.0,4583,4583,4583,0.0,0.0,366.0,366.0,366,366,366,0.0,0.0,0.720062,0.720062,0.720062,0.720062,0.720062,0.0,0.0
a,similar_bigger_weighted,instance_0014.txt,1,1,0,0,20.473544973544975,20.473544973544975,20.473544973544975,20.473544973544975,20.473544973544975,0.0,0.0,7739.0,7739.0,7739,7739,7739,0.0,0.0,378.0,378.0,378,378,378,0.0,0.0,1.230165,1.230165,1.230165,1.230165,1.230165,0.0,0.0
a,similar_bigger_weighted,instance_0015.txt,1,1,0,0,10.305322128851541,10.305322128851541,10.305322128851541,10.305322128851541,10.305322128851541,0.0,0.0,3679.0,3679.0,3679,3679,3679,0.0,0.0,357.0,357.0,357,357,357,0.0,0.0,0.640044,0.640044,0.640044,0.640044,0.640044,0.0,0.0
a,similar_bigger_weighted,instance_0016.txt,1,1,0,0,9.527777777777779,9.527777777777779,9.527777777777779,9.527777777777779,9.527777777777779,0.0,0.0,686.0,686.0,686,686,686,0.0,0.0,72.0,72.0,72,72,72,0.0,0.0,0.036649,0.036649,0.036649,0.036649,0.036649,0.0,0.0
a,similar_bigger_weighted,instance_0017.txt,1,1,0,0,3.8043478260869565,3.8043478260869565,3.8043478260869565,3.8043478260869565,3.8043478260869565,0.0,0.0,175.0,175.0,175,175,175,0.0,0.0,46.0,46.0,46,46,46,0.0,0.0,0.0176,0.0176,0.0176,0.0176,0.0176,0.0,0.0
a,similar_bigger_weighted,instance_0018.txt,1,1,0,0,15.855263157894736,15.855263157894736,15.855263157894736,15.855263157894736,15.855263157894736,0.0,0.0,1205.0,1205.0,1205,1205,1205,0.0,0.0,76.0,76.0,76,76,76,0.0,0.0,0.078624,0.078624,0.078624,0.078624,0.078624,0.0,0.0
a,similar_bigger_weighted,instance_0019.txt,1,1,0,0,9.699029126213592,9.699029126213592,9.699029126213592,9.699029126213592,9.699029126213592,0.0,0.0,999.0,999.0,999,999,999,0.0,0.0,103.0,103.0,103,103,103,0.0,0.0,0.062146,0.062146,0.062146,0.062146,0.062146,0.0,0.0
a,similar_bigger_weighted,instance_0020.txt,1,1,0,0,4.0,4.0,4.0,4.0,4.0,0.0,0.0,12.0,12.0,12,12,12,0.0,0.0,3.0,3.0,3,3,3,0.0,0.0,0.000113,0.000113,0.000113,0.000113,0.000113,0.0,0.0
a,similar_exact,instance_0001.txt,1,1,0,0,2.9565217391304346,2.9565217391304346,2.9565217391304346,2.9565217391304346,2.9565217391304346,0.0,0.0,68.0,68.0,68,68,68,0.0,0.0,23.0,23.0,23,23,23,0.0,0.0,0.021795,0.021795,0.021795,0.021795,0.021795,0.0,0.0
a,similar_exact,instance_0002.txt,1,1,0,0,2.0,2.0,2.0,2.0,2.0,0.0,0.0,2.0,2.0,2,2,2,0.0,0.0,1.0,1.0,1,1,1,0.0,0.0,0.006359,0.006359,0.006359,0.006359,0.006359,0.0,0.0
a,similar_exact,instance_0003.txt,1,1,0,0,2.9444444444444446,2.9444444444444446,2.9444444444444446,2.9444444444444446,2.9444444444444446,0.0,0.0,106.0,106.0,106,106,106,0.0,0.0,36.0,36.0,36,36,36,0.0,0.0,0.024425,0.024425,0.024425,0.024425,0.024425,0.0,0.0
a,similar_exact,instance_0004.txt,1,1,0,0,1.8571428571428572,1.8571428571428572,1.8571428571428572,1.8571428571428572,1.8571428571428572,0.0,0.0,39.0,39.0,39,39,39,0.0,0.0,21.0,21.0,21,21,21,0.0,0.0,0.010213,0.010213,0.010213,0.010213,0.010213,0.0,0.0
a,similar_exact,instance_0005.txt,1,1,0,0,32.55555555555556,32.55555555555556,32.55555555555556,32.55555555555556,32.55555555555556,0.0,0.0,4395.0,4395.0,4395,4395,4395,0.0,0.0,135.0,135.0,135,135,135,0.0,0.0,0.316217,0.316217,0.316217,0.316217,0.316217,0.0,0.0
a,similar_exact,instance_0006.txt,1,1,0,0,27.602836879432623,27.602836879432623,27.602836879432623,27.602836879432623,27.602836879432623,0.0,0.0,3892.0,3892.0,3892,3892,3892,0.0,0.0,141.0,141.0,141,141,141,0.0,0.0,0.476243,0.476243,0.476243,0.476243,0.476243,0.0,0.0
a,similar_exact,instance_0007.txt,1,1,0,0,26.53103448275862,26.53103448275862,26.53103448275862,26.53103448275862,26.53103448275862,0.0,0.0,3847.0,3847.0,3847,3847,3847,0.0,0.0,145.0,145.0,145,145,145,0.0,0.0,0.724141,0.724141,0.724141,0.724141,0.724141,0.0,0.0
a,similar_exact,instance_0008.txt,1,1,0,0,22.015503875968992,22.015503875968992,22.015503875968992,22.015503875968992,22.015503875968992,0.0,0.0,2840.0,2840.0,2840,2840,2840,0.0,0.0,129.0,129.0,129,129,129,0.0,0.0,0.2912,0.2912,0.2912,0.2912,0.2912,0.0,0.0
a,similar_exact,instance_0009.txt,1,1,0,0,2.375,2.375,2.375,2.375,2.375,0.0,0.0,152.0,152.0,152,152,152,0.0,0.0,64.0,64.0,64,64,64,0.0,0.0,0.046643,0.046643,0.046643,0.046643,0.046643,0.0,0.0
a,similar_exact,instance_0010.txt,1,1,0,0,5.918644067796611,5.918644067796611,5.918644067796611,5.918644067796611,5.918644067796611,0.0,0.0,1746.0,1746.0,1746,1746,1746,0.0,0.0,295.0,295.0,295,295,295,0.0,0.0,0.639869,0.639869,0.639869,0.639869,0.639869,0.0,0.0
a,similar_exact,instance_0011.txt,1,1,0,0,6.816666666666666,6.816666666666666,6.816666666666666,6.816666666666666,6.816666666666666,0.0,0.0,2045.0,2045.0,2045,2045,2045,0.0,0.0,300.0,300.0,300,300,300,0.0,0.0,0.78306,0.78306,0.78306,0.78306,0.78306,0.0,0.0
a,similar_exact,instance_0012.txt,1,1,0,0,2.2125,2.2125,2.2125,2.2125,2.2125,0.0,0.0,177.0,177.0,177,177,177,0.0,0.0,80.0,80.0,80,80,80,0.0,0.0,0.059008,0.059008,0.059008,0.059008,0.059008,0.0,0.0
a,similar_exact,instance_0013.txt,1,1,0,0,12.62534435261708,12.62534435261708,12.62534435261708,12.62534435261708,12.62534435261708,0.0,0.0,4583.0,4583.0,4583,4583,4583,0.0,0.0,363.0,363.0,363,363,363,0.0,0.0,1.703397,1.703397,1.703397,1.703397,1.703397,0.0,0.0
a,similar_exact,instance_0014.txt,1,1,0,0,20.58244680851064,20.58244680851064,20.58244680851064,20.58244680851064,20.58244680851064,0.0,0.0,7739.0,7739.0,7739,7739,7739,0.0,0.0,376.0,376.0,376,376,376,0.0,0.0,2.864259,2.864259,2.864259,2.864259,2.864259,0.0,0.0
a,similar_exact,instance_0015.txt,1,1,0,0,10.725947521865889,10.725947521865889,10.725947521865889,10.725947521865889,10.725947521865889,0.0,0.0,3679.0,3679.0,3679,3679,3679,0.0,0.0,343.0,343.0,343,343,343,0.0,0.0,1.576684,1.576684,1.576684,1.576684,1.576684,0.0,0.0
a,similar_exact,instance_0016.txt,1,1,0,0,9.661971830985916,9.661971830985916,9.661971830985916,9.661971830985916,9.661971830985916,0.0,0.0,686.0,686.0,686,686,686,0.0,0.0,71.0,71.0,71,71,71,0.0,0.0,0.075808,0.075808,0.075808,0.075808,0.075808,0.0,0.0
a,similar_exact,instance_0017.txt,1,1,0,0,3.8043478260869565,3.8043478260869565,3.8043478260869565,3.8043478260869565,3.8043478260869565,0.0,0.0,175.0,175.0,175,175,175,0.0,0.0,46.0,46.0,46,46,46,0.0,0.0,0.0319,0.0319,0.0319,0.0319,0.0319,0.0,0.0
a,similar_exact,instance_0018.txt,1,1,0,0,15.855263157894736,15.855263157894736,15.855263157894736,15.855263157894736,15.855263157894736,0.0,0.0,1205.0,1205.0,1205,1205,1205,0.0,0.0,76.0,76.0,76,76,76,0.0,0.0,0.103258,0.103258,0.103258,0.103258,0.103258,0.0,0.0
a,similar_exact,instance_0019.txt,1,1,0,0,9.99,9.99,9.99,9.99,9.99,0.0,0.0,999.0,999.0,999,999,999,0.0,0.0,100.0,100.0,100,100,100,0.0,0.0,0.149584,0.149584,0.149584,0.149584,0.149584,0.0,0.0
a,similar_exact,instance_0020.txt,1,1,0,0,4.0,4.0,4.0,4.0,4.0,0.0,0.0,12.0,12.0,12,12,12,0.0,0.0,3.0,3.0,3,3,3,0.0,0.0,0.016611,0.016611,0.016611,0.016611,0.016611,0.0,0.0
a,similar_exact_weighted,instance_0001.txt,1,1,0,0,2.9565217391304346,2.9565217391304346,2.9565217391304346,2.9565217391304346,2.9565217391304346,0.0,0.0,68.0,68.0,68,68,68,0.0,0.0,23.0,23.0,23,23,23,0.0,0.0,0.015179,0.015179,0.015179,0.015179,0.015179,0.0,0.0
a,similar_exact_weighted,instance_0002.txt,1,1,0,0,2.0,2.0,2.0,2.0,2.0,0.0,0.0,2.0,2.0,2,2,2,0.0,0.0,1.0,1.0,1,1,1,0.0,0.0,0.004068,0.004068,0.004068,0.004068,0.004068,0.0,0.0
a,similar_exact_weighted,instance_0003.txt,1,1,0,0,2.9444444444444446,2.9444444444444446,2.9444444444444446,2.9444444444444446,2.9444444444444446,0.0,0.0,106.0,106.0,106,106,106,0.0,0.0,36.0,36.0,36,36,36,0.0,0.0,0.019717,0.019717,0.019717,0.019717,0.019717,0.0,0.0
a,similar_exact_weighted,instance_0004.txt,1,1,0,0,1.8571428571428572,1.8571428571428572,1.8571428571428572,1.8571428571428572,1.8571428571428572,0.0,0.0,39.0,39.0,39,39,39,0.0,0.0,21.0,21.0,21,21,21,0.0,0.0,0.013763,0.013763,0.013763,0.013763,0.013763,0.0,0.0
a,similar_exact_weighted,instance_0005.txt,1,1,0,0,32.55555555555556,32.55555555555556,32.55555555555556,32.55555555555556,32.55555555555556,0.0,0.0,4395.0,4395.0,4395,4395,4395,0.0,0.0,135.0,135.0,135,135,135,0.0,0.0,0.4815,0.4815,0.4815,0.4815,0.4815,0.0,0.0
a,similar_exact_weighted,instance_0006.txt,1,1,0,0,27.602836879432623,27.602836879432623,27.602836879432623,27.602836879432623,27.602836879432623,0.0,0.0,3892.0,3892.0,3892,3892,3892,0.0,0.0,141.0,141.0,141,141,141,0.0,0.0,0.51687,0.51687,0.51687,0.51687,0.51687,0.0,0.0
a,similar_exact_weighted,instance_0007.txt,1,1,0,0,26.53103448275862,26.53103448275862,26.53103448275862,26.53103448275862,26.53103448275862,0.0,0.0,3847.0,3847.0,3847,3847,3847,0.0,0.0,145.0,145.0,145,145,145,0.0,0.0,0.499301,0.499301,0.499301,0.499301,0.499301,0.0,0.0
a,similar_exact_weighted,instance_0008.txt,1,1,0,0,22.015503875968992,22.015503875968992,22.015503875968992,22.015503875968992,22.015503875968992,0.0,0.0,2840.0,2840.0,2840,2840,2840,0.0,0.0,129.0,129.0,129,129,129,0.0,0.0,0.411169,0.411169,0.411169,0.411169,0.411169,0.0,0.0
a,similar_exact_weighted,instance_0009.txt,1,1,0,0,2.375,2.375,2.375,2.375,2.375,0.0,0.0,152.0,152.0,152,152,152,0.0,0.0,64.0,64.0,64,64,64,0.0,0.0,0.171258,0.171258,0.171258,0.171258,0.171258,0.0,0.0
a,similar_exact_weighted,instance_0010.txt,1,1,0,0,5.918644067796611,5.918644067796611,5.918644067796611,5.918644067796611,5.918644067796611,0.0,0.0,1746.0,1746.0,1746,1746,1746,0.0,0.0,295.0,295.0,295,295,295,0.0,0.0,0.797142,0.797142,0.797142,0.797142,0.797142,0.0,0.0
a,similar_exact_weighted,instance_0011.txt,1,1,0,0,6.816666666666666,6.816666666666666,6.816666666666666,6.816666666666666,6.816666666666666,0.0,0.0,2045.0,2045.0,2045,2045,2045,0.0,0.0,300.0,300.0,300,300,300,0.0,0.0,0.883626,0.883626,0.883626,0.883626,0.883626,0.0,0.0
a,similar_exact_weighted,instance_0012.txt,1,1,0,0,2.2125,2.2125,2.2125,2.2125,2.2125,0.0,0.0,177.0,177.0,177,177,177,0.0,0.0,80.0,80.0,80,80,80,0.0,0.0,0.117929,0.117929,0.117929,0.117929,0.117929,0.0,0.0
a,similar_exact_weighted,instance_0013.txt,1,1,0,0,12.62534435261708,12.62534435261708,12.62534435261708,12.62534435261708,12.62534435261708,0.0,0.0,4583.0,4583.0,4583,4583,4583,0.0,0.0,363.0,363.0,363,363,363,0.0,0.0,1.829861,1.829861,1.829861,1.829861,1.829861,0.0,0.0
a,similar_exact_weighted,instance_0014.txt,1,1,0,0,20.58244680851064,20.58244680851064,20.58244680851064,20.58244680851064,20.58244680851064,0.0,0.0,7739.0,7739.0,7739,7739,7739,0.0,0.0,376.0,376.0,376,376,376,0.0,0.0,3.370726,3.370726,3.370726,3.370726,3.370726,0.0,0.0
a,similar_exact_weighted,instance_0015.txt,1,1,0,0,10.725947521865889,10.725947521865889,10.725947521865889,10.725947521865889,10.725947521865889,0.0,0.0,3679.0,3679.0,3679,3679,3679,0.0,0.0,343.0,343.0,343,343,343,0.0,0.0,1.784258,1.784258,1.784258,1.784258,1.784258,0.0,0.0
a,similar_exact_weighted,instance_0016.txt,1,1,0,0,9.661971830985916,9.661971830985916,9.661971830985916,9.661971830985916,9.661971830985916,0.0,0.0,686.0,686.0,686,686,686,0.0,0.0,71.0,71.0,71,71,71,0.0,0.0,0.073522,0.073522,0.073522,0.073522,0.073522,0.0,0.0
a,similar_exact_weighted,instance_0017.txt,1,1,0,0,3.8043478260869565,3.8043478260869565,3.8043478260869565,3.8043478260869565,3.8043478260869565,0.0,0.0,175.0,175.0,175,175,175,0.0,0.0,46.0,46.0,46,46,46,0.0,0.0,0.02816,0.02816,0.02816,0.02816,0.02816,0.0,0.0
a,similar_exact_weighted,instance_0018.txt,1,1,0,0,15.855263157894736,15.855263157894736,15.855263157894736,15.855263157894736,15.855263157894736,0.0,0.0,1205.0,1205.0,1205,1205,1205,0.0,0.0,76.0,76.0,76,76,76,0.0,0.0,0.116622,0.116622,0.116622,0.116622,0.116622,0.0,0.0
a,similar_exact_weighted,instance_0019.txt,1,1,0,0,9.99,9.99,9.99,9.99,9.99,0.0,0.0,999.0,999.0,999,999,999,0.0,0.0,100.0,100.0,100,100,100,0.0,0.0,0.178391,0.178391,0.178391,0.178391,0.178391,0.0,0.0
a,similar_exact_weighted,instance_0020.txt,1,1,0,0,4.0,4.0,4.0,4.0,4.0,0.0,0.0,12.0,12.0,12,12,12,0.0,0.0,3.0,3.0,3,3,3,0.0,0.0,0.006627,0.006627,0.006627,0.006627,0.006627,0.0,0.0
a,similar_multi,instance_0001.txt,1,1,0,0,2.9565217391304346,2.9565217391304346,2.9565217391304346,2.9565217391304346,2.9565217391304346,0.0,0.0,68.0,68.0,68,68,68,0.0,0.0,23.0,23.0,23,23,23,0.0,0.0,0.002373,0.002373,0.002373,0.002373,0.002373,0.0,0.0
a,similar_multi,instance_0002.txt,1,1,0,0,2.0,2.0,2.0,2.0,2.0,0.0,0.0,2.0,2.0,2,2,2,0.0,0.0,1.0,1.0,1,1,1,0.0,0.0,0.000127,0.000127,0.000127,0.000127,0.000127,0.0,0.0
a,similar_multi,instance_0003.txt,1,1,0,0,2.9444444444444446,2.9444444444444446,2.9444444444444446,2.9444444444444446,2.9444444444444446,0.0,0.0,106.0,106.0,106,106,106,0.0,0.0,36.0,36.0,36,36,36,0.0,0.0,0.007409,0.007409,0.007409,0.007409,0.007409,0.0,0.0
a,similar_multi,instance_0004.txt,1,1,0,0,1.8571428571428572,1.8571428571428572,1.8571428571428572,1.8571428571428572,1.8571428571428572,0.0,0.0,39.0,39.0,39,39,39,0.0,0.0,21.0,21.0,21,21,21,0.0,0.0,0.001522,0.001522,0.001522,0.001522,0.001522,0.0,0.0
a,similar_multi,instance_0005.txt,1,1,0,0,32.55555555555556,32.55555555555556,32.55555555555556,32.55555555555556,32.55555555555556,0.0,0.0,4395.0,4395.0,4395,4395,4395,0.0,0.0,135.0,135.0,135,135,135,0.0,0.0,0.227708,0.227708,0.227708,0.227708,0.227708,0.0,0.0
a,similar_multi,instance_0006.txt,1,1,0,0,27.602836879432623,27.602836879432623,27.602836879432623,27.602836879432623,27.602836879432623,0.0,0.0,3892.0,3892.0,3892,3892,3892,0.0,0.0,141.0,141.0,141,141,141,0.0,0.0,0.301177,0.301177,0.301177,0.301177,0.301177,0.0,0.0
a,similar_multi,instance_0007.txt,1,1,0,0,26.53103448275862,26.53103448275862,26.53103448275862,26.53103448275862,26.53103448275862,0.0,0.0,3847.0,3847.0,3847,3847,3847,0.0,0.0,145.0,145.0,145,145,145,0.0,0.0,0.243258,0.243258,0.243258,0.243258,0.243258,0.0,0.0
a,similar_multi,instance_0008.txt,1,1,0,0,22.015503875968992,22.015503875968992,22.015503875968992,22.015503875968992,22.015503875968992,0.0,0.0,2840.0,2840.0,2840,2840,2840,0.0,0.0,129.0,129.0,129,129,129,0.0,0.0,0.181685,0.181685,0.181685,0.181685,0.181685,0.0,0.0
a,similar_multi,instance_0009.txt,1,1,0,0,2.303030303030303,2.303030303030303,2.303030303030303,2.303030303030303,2.303030303030303,0.0,0.0,152.0,152.0,152,152,152,0.0,0.0,66.0,66.0,66,66,66,0.0,0.0,0.020665,0.020665,0.020665,0.020665,0.020665,0.0,0.0
a,similar_multi,instance_0010.txt,1,1,0,0,5.898648648648648,5.898648648648648,5.898648648648648,5.898648648648648,5.898648648648648,0.0,0.0,1746.0,1746.0,1746,1746,1746,0.0,0.0,296.0,296.0,296,296,296,0.0,0.0,0.517487,0.517487,0.517487,0.517487,0.517487,0.0,0.0
a,similar_multi,instance_0011.txt,1,1,0,0,6.794019933554817,6.794019933554817,6.794019933554817,6.794019933554817,6.794019933554817,0.0,0.0,2045.0,2045.0,2045,2045,2045,0.0,0.0,301.0,301.0,301,301,301,0.0,0.0,0.392805,0.392805,0.392805,0.392805,0.392805,0.0,0.0
a,similar_multi,instance_0012.txt,1,1,0,0,2.185185185185185,2.185185185185185,2.185185185185185,2.185185185185185,2.185185185185185,0.0,0.0,177.0,177.0,177,177,177,0.0,0.0,81.0,81.0,81,81,81,0.0,0.0,0.027173,0.027173,0.027173,0.027173,0.027173,0.0,0.0
a,similar_multi,instance_0013.txt,1,1,0,0,12.590659340659341,12.590659340659341,12.590659340659341,12.590659340659341,12.590659340659341,0.0,0.0,4583.0,4583.0,4583,4583,4583,0.0,0.0,364.0,364.0,364,364,364,0.0,0.0,0.821658,0.821658,0.821658,0.821658,0.821658,0.0,0.0
a,similar_multi,instance_0014.txt,1,1,0,0,20.58244680851064,20.58244680851064,20.58244680851064,20.58244680851064,20.58244680851064,0.0,0.0,7739.0,7739.0,7739,7739,7739,0.0,0.0,376.0,376.0,376,376,376,0.0,0.0,1.075907,1.075907,1.075907,1.075907,1.075907,0.0,0.0
a,similar_multi,instance_0015.txt,1,1,0,0,10.725947521865889,10.725947521865889,10.725947521865889,10.725947521865889,10.725947521865889,0.0,0.0,3679.0,3679.0,3679,3679,3679,0.0,0.0,343.0,343.0,343,343,343,0.0,0.0,0.936729,0.936729,0.936729,0.936729,0.936729,0.0,0.0
a,similar_multi,instance_0016.txt,1,1,0,0,9.661971830985916,9.661971830985916,9.661971830985916,9.661971830985916,9.661971830985916,0.0,0.0,686.0,686.0,686,686,686,0.0,0.0,71.0,71.0,71,71,71,0.0,0.0,0.024582,0.024582,0.024582,0.024582,0.024582,0.0,0.0
a,similar_multi,instance_0017.txt,1,1,0,0,3.8043478260869565,3.8043478260869565,3.8043478260869565,3.8043478260869565,3.8043478260869565,0.0,0.0,175.0,175.0,175,175,175,0.0,0.0,46.0,46.0,46,46,46,0.0,0.0,0.008861,0.008861,0.008861,0.008861,0.008861,0.0,0.0
a,similar_multi,instance_0018.txt,1,1,0,0,15.855263157894736,15.855263157894736,15.855263157894736,15.855263157894736,15.855263157894736,0.0,0.0,1205.0,1205.0,1205,1205,1205,0.0,0.0,76.0,76.0,76,76,76,0.0,0.0,0.03717,0.03717,0.03717,0.03717,0.03717,0.0,0.0
a,similar_multi,instance_0019.txt,1,1,0,0,9.891089108910892,9.891089108910892,9.891089108910892,9.891089108910892,9.891089108910892,0.0,0.0,999.0,999.0,999,999,999,0.0,0.0,101.0,101.0,101,101,101,0.0,0.0,0.06827,0.06827,0.06827,0.06827,0.06827,0.0,0.0
a,similar_multi,instance_0020.txt,1,1,0,0,4.0,4.0,4.0,4.0,4.0,0.0,0.0,12.0,12.0,12,12,12,0.0,0.0,3.0,3.0,3,3,3,0.0,0.0,0.000141,0.000141,0.000141,0.000141,0.000141,0.0,0.0
a,similar_multi_weighted,instance_0001.txt,1,1,0,0,2.9565217391304346,2.9565217391304346,2.9565217391304346,2.9565217391304346,2.9565217391304346,0.0,0.0,68.0,68.0,68,68,68,0.0,0.0,23.0,23.0,23,23,23,0.0,0.0,0.0037,0.0037,0.0037,0.0037,0.0037,0.0,0.0
a,similar_multi_weighted,instance_0002.txt,1,1,0,0,2.0,2.0,2.0,2.0,2.0,0.0,0.0,2.0,2.0,2,2,2,0.0,0.0,1.0,1.0,1,1,1,0.0,0.0,0.000128,0.000128,0.000128,0.000128,0.000128,0.0,0.0
a,similar_multi_weighted,instance_0003.txt,1,1,0,0,2.9444444444444446,2.9444444444444446,2.9444444444444446,2.9444444444444446,2.9444444444444446,0.0,0.0,106.0,106.0,106,106,106,0.0,0.0,36.0,36.0,36,36,36,0.0,0.0,0.008655,0.008655,0.008655,0.008655,0.008655,0.0,0.0
a,similar_multi_weighted,instance_0004.txt,1,1,0,0,1.8571428571428572,1.8571428571428572,1.8571428571428572,1.8571428571428572,1.8571428571428572,0.0,0.0,39.0,39.0,39,39,39,0.0,0.0,21.0,21.0,21,21,21,0.0,0.0,0.001637,0.001637,0.001637,0.001637,0.001637,0.0,0.0
a,similar_multi_weighted,instance_0005.txt,1,1,0,0,32.55555555555556,32.55555555555556,32.55555555555556,32.55555555555556,32.55555555555556,0.0,0.0,4395.0,4395.0,4395,4395,4395,0.0,0.0,135.0,135.0,135,135,135,0.0,0.0,0.240276,0.240276,0.240276,0.240276,0.240276,0.0,0.0
a,similar_multi_weighted,instance_0006.txt,1,1,0,0,27.602836879432623,27.602836879432623,27.602836879432623,27.602836879432623,27.602836879432623,0.0,0.0,3892.0,3892.0,3892,3892,3892,0.0,0.0,141.0,141.0,141,141,141,0.0,0.0,0.387575,0.387575,0.387575,0.387575,0.387575,0.0,0.0
a,similar_multi_weighted,instance_0007.txt,1,1,0,0,26.53103448275862,26.53103448275862,26.53103448275862,26.53103448275862,26.53103448275862,0.0,0.0,3847.0,3847.0,3847,3847,3847,0.0,0.0,145.0,145.0,145,145,145,0.0,0.0,0.35513,0.35513,0.35513,0.35513,0.35513,0.0,0.0
a,similar_multi_weighted,instance_0008.txt,1,1,0,0,22.015503875968992,22.015503875968992,22.015503875968992,22.015503875968992,22.015503875968992,0.0,0.0,2840.0,2840.0,2840,2840,2840,0.0,0.0,129.0,129.0,129,129,129,0.0,0.0,0.242896,0.242896,0.242896,0.242896,0.242896,0.0,0.0
a,similar_multi_weighted,instance_0009.txt,1,1,0,0,2.303030303030303,2.303030303030303,2.303030303030303,2.303030303030303,2.303030303030303,0.0,0.0,152.0,152.0,152,152,152,0.0,0.0,66.0,66.0,66,66,66,0.0,0.0,0.021479,0.021479,0.021479,0.021479,0.021479,0.0,0.0
a,similar_multi_weighted,instance_0010.txt,1,1,0,0,5.898648648648648,5.898648648648648,5.898648648648648,5.898648648648648,5.898648648648648,0.0,0.0,1746.0,1746.0,1746,1746,1746,0.0,0.0,296.0,296.0,296,296,296,0.0,0.0,0.477655,0.477655,0.477655,0.477655,0.477655,0.0,0.0
a,similar_multi_weighted,instance_0011.txt,1,1,0,0,6.794019933554817,6.794019933554817,6.794019933554817,6.794019933554817,6.794019933554817,0.0,0.0,2045.0,2045.0,2045,2045,2045,0.0,0.0,301.0,301.0,301,301,301,0.0,0.0,0.415805,0.415805,0.415805,0.415805,0.415805,0.0,0.0
a,similar_multi_weighted,instance_0012.txt,1,1,0,0,2.185185185185185,2.185185185185185,2.185185185185185,2.185185185185185,2.185185185185185,0.0,0.0,177.0,177.0,177,177,177,0.0,0.0,81.0,81.0,81,81,81,0.0,0.0,0.041353,0.041353,0.041353,0.041353,0.041353,0.0,0.0
a,similar_multi_weighted,instance_0013.txt,1,1,0,0,12.590659340659341,12.590659340659341,12.590659340659341,12.590659340659341,12.590659340659341,0.0,0.0,4583.0,4583.0,4583,4583,4583,0.0,0.0,364.0,364.0,364,364,364,0.0,0.0,1.007839,1.007839,1.007839,1.007839,1.007839,0.0,0.0
a,similar_multi_weighted,instance_0014.txt,1,1,0,0,20.58244680851064,20.58244680851064,20.58244680851064,20.58244680851064,20.58244680851064,0.0,0.0,7739.0,7739.0,7739,7739,7739,0.0,0.0,376.0,376.0,376,376,376,0.0,0.0,0.979783,0.979783,0.979783,0.979783,0.979783,0.0,0.0
a,similar_multi_weighted,instance_0015.txt,1,1,0,0,10.725947521865889,10.725947521865889,10.725947521865889,10.725947521865889,10.725947521865889,0.0,0.0,3679.0,3679.0,3679,3679,3679,0.0,0.0,343.0,343.0,343,343,343,0.0,0.0,0.798916,0.798916,0.798916,0.798916,0.798916,0.0,0.0
a,similar_multi_weighted,instance_0016.txt,1,1,0,0,9.661971830985916,9.661971830985916,9.661971830985916,9.661971830985916,9.661971830985916,0.0,0.0,686.0,686.0,686,686,686,0.0,0.0,71.0,71.0,71,71,71,0.0,0.0,0.039868,0.039868,0.039868,0.039868,0.039868,0.0,0.0
a,similar_multi_weighted,instance_0017.txt,1,1,0,0,3.8043478260869565,3.8043478260869565,3.8043478260869565,3.8043478260869565,3.8043478260869565,0.0,0.0,175.0,175.0,175,175,175,0.0,0.0,46.0,46.0,46,46,46,0.0,0.0,0.017152,0.017152,0.017152,0.017152,0.017152,0.0,0.0
a,similar_multi_weighted,instance_0018.txt,1,1,0,0,15.855263157894736,15.855263157894736,15.855263157894736,15.855263157894736,15.855263157894736,0.0,0.0,1205.0,1205.0,1205,1205,1205,0.0,0.0,76.0,76.0,76,76,76,0.0,0.0,0.053376,0.053376,0.053376,0.053376,0.053376,0.0,0.0
a,similar_multi_weighted,instance_0019.txt,1,1,0,0,9.891089108910892,9.891089108910892,9.891089108910892,9.891089108910892,9.891089108910892,0.0,0.0,999.0,999.0,999,999,999,0.0,0.0,101.0,101.0,101,101,101,0.0,0.0,0.101134,0.101134,0.101134,0.101134,0.101134,0.0,0.0
a,similar_multi_weighted,instance_0020.txt,1,1,0,0,4.0,4.0,4.0,4.0,4.0,0.0,0.0,12.0,12.0,12,12,12,0.0,0.0,3.0,3.0,3,3,3,0.0,0.0,0.000121,0.000121,0.000121,0.000121,0.000121,0.0,0.0
a,similar_smaller,instance_0001.txt,1,1,0,0,2.6153846153846154,2.6153846153846154,2.6153846153846154,2.6153846153846154,2.6153846153846154,0.0,0.0,68.0,68.0,68,68,68,0.0,0.0,26.0,26.0,26,26,26,0.0,0.0,0.003193,0.003193,0.003193,0.003193,0.003193,0.0,0.0
a,similar_smaller,instance_0002.txt,1,1,0,0,1.0,1.0,1.0,1.0,1.0,0.0,0.0,2.0,2.0,2,2,2,0.0,0.0,2.0,2.0,2,2,2,0.0,0.0,0.000131,0.000131,0.000131,0.000131,0.000131,0.0,0.0
a,similar_smaller,instance_0003.txt,1,1,0,0,2.864864864864865,2.864864864864865,2.864864864864865,2.864864864864865,2.864864864864865,0.0,0.0,106.0,106.0,106,106,106,0.0,0.0,37.0,37.0,37,37,37,0.0,0.0,0.006843,0.006843,0.006843,0.006843,0.006843,0.0,0.0
a,similar_smaller,instance_0004.txt,1,1,0,0,1.7727272727272727,1.7727272727272727,1.7727272727272727,1.7727272727272727,1.7727272727272727,0.0,0.0,39.0,39.0,39,39,39,0.0,0.0,22.0,22.0,22,22,22,0.0,0.0,0.001139,0.001139,0.001139,0.001139,0.001139,0.0,0.0
a,similar_smaller,instance_0005.txt,1,1,0,0,31.840579710144926,31.840579710144926,31.840579710144926,31.840579710144926,31.840579710144926,0.0,0.0,4394.0,4394.0,4394,4394,4394,0.0,0.0,138.0,138.0,138,138,138,0.0,0.0,0.159341,0.159341,0.159341,0.159341,0.159341,0.0,0.0
a,similar_smaller,instance_0006.txt,1,1,0,0,26.65753424657534,26.65753424657534,26.65753424657534,26.65753424657534,26.65753424657534,0.0,0.0,3892.0,3892.0,3892,3892,3892,0.0,0.0,146.0,146.0,146,146,146,0.0,0.0,0.193237,0.193237,0.193237,0.193237,0.193237,0.0,0.0
a,similar_smaller,instance_0007.txt,1,1,0,0,25.818791946308725,25.818791946308725,25.818791946308725,25.818791946308725,25.818791946308725,0.0,0.0,3847.0,3847.0,3847,3847,3847,0.0,0.0,149.0,149.0,149,149,149,0.0,0.0,0.178223,0.178223,0.178223,0.178223,0.178223,0.0,0.0
a,similar_smaller,instance_0008.txt,1,1,0,0,21.838461538461537,21.838461538461537,21.838461538461537,21.838461538461537,21.838461538461537,0.0,0.0,2839.0,2839.0,2839,2839,2839,0.0,0.0,130.0,130.0,130,130,130,0.0,0.0,0.137673,0.137673,0.137673,0.137673,0.137673,0.0,0.0
a,similar_smaller,instance_0009.txt,1,1,0,0,2.026666666666667,2.026666666666667,2.026666666666667,2.026666666666667,2.026666666666667,0.0,0.0,152.0,152.0,152,152,152,0.0,0.0,75.0,75.0,75,75,75,0.0,0.0,0.024976,0.024976,0.024976,0.024976,0.024976,0.0,0.0
a,similar_smaller,instance_0010.txt,1,1,0,0,5.507886435331231,5.507886435331231,5.507886435331231,5.507886435331231,5.507886435331231,0.0,0.0,1746.0,1746.0,1746,1746,1746,0.0,0.0,317.0,317.0,317,317,317,0.0,0.0,0.274775,0.274775,0.274775,0.274775,0.274775,0.0,0.0
a,similar_smaller,instance_0011.txt,1,1,0,0,6.350931677018633,6.350931677018633,6.350931677018633,6.350931677018633,6.350931677018633,0.0,0.0,2045.0,2045.0,2045,2045,2045,0.0,0.0,322.0,322.0,322,322,322,0.0,0.0,0.324277,0.324277,0.324277,0.324277,0.324277,0.0,0.0
a,similar_smaller,instance_0012.txt,1,1,0,0,1.8829787234042554,1.8829787234042554,1.8829787234042554,1.8829787234042554,1.8829787234042554,0.0,0.0,177.0,177.0,177,177,177,0.0,0.0,94.0,94.0,94,94,94,0.0,0.0,0.030259,0.030259,0.030259,0.030259,0.030259,0.0,0.0
a,similar_smaller,instance_0013.txt,1,1,0,0,12.487738419618529,12.487738419618529,12.487738419618529,12.487738419618529,12.487738419618529,0.0,0.0,4583.0,4583.0,4583,4583,4583,0.0,0.0,367.0,367.0,367,367,367,0.0,0.0,0.675132,0.675132,0.675132,0.675132,0.675132,0.0,0.0
a,similar_smaller,instance_0014.txt,1,1,0,0,20.473544973544975,20.473544973544975,20.473544973544975,20.473544973544975,20.473544973544975,0.0,0.0,7739.0,7739.0,7739,7739,7739,0.0,0.0,378.0,378.0,378,378,378,0.0,0.0,0.975562,0.975562,0.975562,0.975562,0.975562,0.0,0.0
a,similar_smaller,instance_0015.txt,1,1,0,0,10.305322128851541,10.305322128851541,10.305322128851541,10.305322128851541,10.305322128851541,0.0,0.0,3679.0,3679.0,3679,3679,3679,0.0,0.0,357.0,357.0,357,357,357,0.0,0.0,0.621774,0.621774,0.621774,0.621774,0.621774,0.0,0.0
a,similar_smaller,instance_0016.txt,1,1,0,0,9.527777777777779,9.527777777777779,9.527777777777779,9.527777777777779,9.527777777777779,0.0,0.0,686.0,686.0,686,686,686,0.0,0.0,72.0,72.0,72,72,72,0.0,0.0,0.036855,0.036855,0.036855,0.036855,0.036855,0.0,0.0
a,similar_smaller,instance_0017.txt,1,1,0,0,3.8043478260869565,3.8043478260869565,3.8043478260869565,3.8043478260869565,3.8043478260869565,0.0,0.0,175.0,175.0,175,175,175,0.0,0.0,46.0,46.0,46,46,46,0.0,0.0,0.008339,0.008339,0.008339,0.008339,0.008339,0.0,0.0
a,similar_smaller,instance_0018.txt,1,1,0,0,15.855263157894736,15.855263157894736,15.855263157894736,15.855263157894736,15.855263157894736,0.0,0.0,1205.0,1205.0,1205,1205,1205,0.0,0.0,76.0,76.0,76,76,76,0.0,0.0,0.05756,0.05756,0.05756,0.05756,0.05756,0.0,0.0
a,similar_smaller,instance_0019.txt,1,1,0,0,9.60576923076923,9.60576923076923,9.60576923076923,9.60576923076923,9.60576923076923,0.0,0.0,999.0,999.0,999,999,999,0.0,0.0,104.0,104.0,104,104,104,0.0,0.0,0.058718,0.058718,0.058718,0.058718,0.058718,0.0,0.0
a,similar_smaller,instance_0020.txt,1,1,0,0,3.3333333333333335,3.3333333333333335,3.3333333333333335,3.3333333333333335,3.3333333333333335,0.0,0.0,10.0,10.0,10,10,10,0.0,0.0,3.0,3.0,3,3,3,0.0,0.0,0.0001,0.0001,0.0001,0.0001,0.0001,0.0,0.0
a,similar_smaller_exact,instance_0001.txt,1,1,0,0,2.8333333333333335,2.8333333333333335,2.8333333333333335,2.8333333333333335,2.8333333333333335,0.0,0.0,68.0,68.0,68,68,68,0.0,0.0,24.0,24.0,24,24,24,0.0,0.0,0.027155,0.027155,0.027155,0.027155,0.027155,0.0,0.0
a,similar_smaller_exact,instance_0002.txt,1,1,0,0,1.0,1.0,1.0,1.0,1.0,0.0,0.0,2.0,2.0,2,2,2,0.0,0.0,2.0,2.0,2,2,2,0.0,0.0,0.010321,0.010321,0.010321,0.010321,0.010321,0.0,0.0
a,similar_smaller_exact,instance_0003.txt,1,1,0,0,3.0285714285714285,3.0285714285714285,3.0285714285714285,3.0285714285714285,3.0285714285714285,0.0,0.0,106.0,106.0,106,106,106,0.0,0.0,35.0,35.0,35,35,35,0.0,0.0,0.033496,0.033496,0.033496,0.033496,0.033496,0.0,0.0
a,similar_smaller_exact,instance_0004.txt,1,1,0,0,1.8571428571428572,1.8571428571428572,1.8571428571428572,1.8571428571428572,1.8571428571428572,0.0,0.0,39.0,39.0,39,39,39,0.0,0.0,21.0,21.0,21,21,21,0.0,0.0,0.012999,0.012999,0.012999,0.012999,0.012999,0.0,0.0
a,similar_smaller_exact,instance_0005.txt,1,1,0,0,32.54814814814815,32.54814814814815,32.54814814814815,32.54814814814815,32.54814814814815,0.0,0.0,4394.0,4394.0,4394,4394,4394,0.0,0.0,135.0,135.0,135,135,135,0.0,0.0,0.470673,0.470673,0.470673,0.470673,0.470673,0.0,0.0
a,similar_smaller_exact,instance_0006.txt,1,1,0,0,27.602836879432623,27.602836879432623,27.602836879432623,27.602836879432623,27.602836879432623,0.0,0.0,3892.0,3892.0,3892,3892,3892,0.0,0.0,141.0,141.0,141,141,141,0.0,0.0,0.494595,0.494595,0.494595,0.494595,0.494595,0.0,0.0
a,similar_smaller_exact,instance_0007.txt,1,1,0,0,26.53103448275862,26.53103448275862,26.53103448275862,26.53103448275862,26.53103448275862,0.0,0.0,3847.0,3847.0,3847,3847,3847,0.0,0.0,145.0,145.0,145,145,145,0.0,0.0,0.528549,0.528549,0.528549,0.528549,0.528549,0.0,0.0
a,similar_smaller_exact,instance_0008.txt,1,1,0,0,22.007751937984494,22.007751937984494,22.007751937984494,22.007751937984494,22.007751937984494,0.0,0.0,2839.0,2839.0,2839,2839,2839,0.0,0.0,129.0,129.0,129,129,129,0.0,0.0,0.432729,0.432729,0.432729,0.432729,0.432729,0.0,0.0
a,similar_smaller_exact,instance_0009.txt,1,1,0,0,2.375,2.375,2.375,2.375,2.375,0.0,0.0,152.0,152.0,152,152,152,0.0,0.0,64.0,64.0,64,64,64,0.0,0.0,0.054164,0.054164,0.054164,0.054164,0.054164,0.0,0.0
a,similar_smaller_exact,instance_0010.txt,1,1,0,0,5.938775510204081,5.938775510204081,5.938775510204081,5.938775510204081,5.938775510204081,0.0,0.0,1746.0,1746.0,1746,1746,1746,0.0,0.0,294.0,294.0,294,294,294,0.0,0.0,0.630995,0.630995,0.630995,0.630995,0.630995,0.0,0.0
a,similar_smaller_exact,instance_0011.txt,1,1,0,0,6.816666666666666,6.816666666666666,6.816666666666666,6.816666666666666,6.816666666666666,0.0,0.0,2045.0,2045.0,2045,2045,2045,0.0,0.0,300.0,300.0,300,300,300,0.0,0.0,0.981488,0.981488,0.981488,0.981488,0.981488,0.0,0.0
a,similar_smaller_exact,instance_0012.txt,1,1,0,0,2.2125,2.2125,2.2125,2.2125,2.2125,0.0,0.0,177.0,177.0,177,177,177,0.0,0.0,80.0,80.0,80,80,80,0.0,0.0,0.089864,0.089864,0.089864,0.089864,0.089864,0.0,0.0
a,similar_smaller_exact,instance_0013.txt,1,1,0,0,12.62534435261708,12.62534435261708,12.62534435261708,12.62534435261708,12.62534435261708,0.0,0.0,4583.0,4583.0,4583,4583,4583,0.0,0.0,363.0,363.0,363,363,363,0.0,0.0,2.275537,2.275537,2.275537,2.275537,2.275537,0.0,0.0
a,similar_smaller_exact,instance_0014.txt,1,1,0,0,20.58244680851064,20.58244680851064,20.58244680851064,20.58244680851064,20.58244680851064,0.0,0.0,7739.0,7739.0,7739,7739,7739,0.0,0.0,376.0,376.0,376,376,376,0.0,0.0,3.08286,3.08286,3.08286,3.08286,3.08286,0.0,0.0
a,similar_smaller_exact,instance_0015.txt,1,1,0,0,10.725947521865889,10.725947521865889,10.725947521865889,10.725947521865889,10.725947521865889,0.0,0.0,3679.0,3679.0,3679,3679,3679,0.0,0.0,343.0,343.0,343,343,343,0.0,0.0,1.3009,1.3009,1.3009,1.3009,1.3009,0.0,0.0
a,similar_smaller_exact,instance_0016.txt,1,1,0,0,9.661971830985916,9.661971830985916,9.661971830985916,9.661971830985916,9.661971830985916,0.0,0.0,686.0,686.0,686,686,686,0.0,0.0,71.0,71.0,71,71,71,0.0,0.0,0.070302,0.070302,0.070302,0.070302,0.070302,0.0,0.0
a,similar_smaller_exact,instance_0017.txt,1,1,0,0,3.8043478260869565,3.8043478260869565,3.8043478260869565,3.8043478260869565,3.8043478260869565,0.0,0.0,175.0,175.0,175,175,175,0.0,0.0,46.0,46.0,46,46,46,0.0,0.0,0.023076,0.023076,0.023076,0.023076,0.023076,0.0,0.0
a,similar_smaller_exact,instance_0018.txt,1,1,0,0,15.855263157894736,15.855263157894736,15.855263157894736,15.855263157894736,15.855263157894736,0.0,0.0,1205.0,1205.0,1205,1205,1205,0.0,0.0,76.0,76.0,76,76,76,0.0,0.0,0.111773,0.111773,0.111773,0.111773,0.111773,0.0,0.0
a,similar_smaller_exact,instance_0019.txt,1,1,0,0,9.99,9.99,9.99,9.99,9.99,0.0,0.0,999.0,999.0,999,999,999,0.0,0.0,100.0,100.0,100,100,100,0.0,0.0,0.126233,0.126233,0.126233,0.126233,0.126233,0.0,0.0
a,similar_smaller_exact,instance_0020.txt,1,1,0,0,5.0,5.0,5.0,5.0,5.0,0.0,0.0,10.0,10.0,10,10,10,0.0,0.0,2.0,2.0,2,2,2,0.0,0.0,0.003505,0.003505,0.003505,0.003505,0.003505,0.0,0.0
a,similar_smaller_exact_weighted,instance_0001.txt,1,1,0,0,2.8333333333333335,2.8333333333333335,2.8333333333333335,2.8333333333333335,2.8333333333333335,0.0,0.0,68.0,68.0,68,68,68,0.0,0.0,24.0,24.0,24,24,24,0.0,0.0,0.021762,0.021762,0.021762,0.021762,0.021762,0.0,0.0
a,similar_smaller_exact_weighted,instance_0002.txt,1,1,0,0,1.0,1.0,1.0,1.0,1.0,0.0,0.0,2.0,2.0,2,2,2,0.0,0.0,2.0,2.0,2,2,2,0.0,0.0,0.013361,0.013361,0.013361,0.013361,0.013361,0.0,0.0
a,similar_smaller_exact_weighted,instance_0003.txt,1,1,0,0,3.0285714285714285,3.0285714285714285,3.0285714285714285,3.0285714285714285,3.0285714285714285,0.0,0.0,106.0,106.0,106,106,106,0.0,0.0,35.0,35.0,35,35,35,0.0,0.0,0.041957,0.041957,0.041957,0.041957,0.041957,0.0,0.0
a,similar_smaller_exact_weighted,instance_0004.txt,1,1,0,0,1.8571428571428572,1.8571428571428572,1.8571428571428572,1.8571428571428572,1.8571428571428572,0.0,0.0,39.0,39.0,39,39,39,0.0,0.0,21.0,21.0,21,21,21,0.0,0.0,0.00834,0.00834,0.00834,0.00834,0.00834,0.0,0.0
a,similar_smaller_exact_weighted,instance_0005.txt,1,1,0,0,32.54814814814815,32.54814814814815,32.54814814814815,32.54814814814815,32.54814814814815,0.0,0.0,4394.0,4394.0,4394,4394,4394,0.0,0.0,135.0,135.0,135,135,135,0.0,0.0,0.52541,0.52541,0.52541,0.52541,0.52541,0.0,0.0
a,similar_smaller_exact_weighted,instance_0006.txt,1,1,0,0,27.602836879432623,27.602836879432623,27.602836879432623,27.602836879432623,27.602836879432623,0.0,0.0,3892.0,3892.0,3892,3892,3892,0.0,0.0,141.0,141.0,141,141,141,0.0,0.0,0.484558,0.484558,0.484558,0.484558,0.484558,0.0,0.0
a,similar_smaller_exact_weighted,instance_0007.txt,1,1,0,0,26.53103448275862,26.53103448275862,26.53103448275862,26.53103448275862,26.53103448275862,0.0,0.0,3847.0,3847.0,3847,3847,3847,0.0,0.0,145.0,145.0,145,145,145,0.0,0.0,0.478691,0.478691,0.478691,0.478691,0.478691,0.0,0.0
a,similar_smaller_exact_weighted,instance_0008.txt,1,1,0,0,22.007751937984494,22.007751937984494,22.007751937984494,22.007751937984494,22.007751937984494,0.0,0.0,2839.0,2839.0,2839,2839,2839,0.0,0.0,129.0,129.0,129,129,129,0.0,0.0,0.321624,0.321624,0.321624,0.321624,0.321624,0.0,0.0
a,similar_smaller_exact_weighted,instance_0009.txt,1,1,0,0,2.375,2.375,2.375,2.375,2.375,0.0,0.0,152.0,152.0,152,152,152,0.0,0.0,64.0,64.0,64,64,64,0.0,0.0,0.054605,0.054605,0.054605,0.054605,0.054605,0.0,0.0
a,similar_smaller_exact_weighted,instance_0010.txt,1,1,0,0,5.938775510204081,5.938775510204081,5.938775510204081,5.938775510204081,5.938775510204081,0.0,0.0,1746.0,1746.0,1746,1746,1746,0.0,0.0,294.0,294.0,294,294,294,0.0,0.0,0.643719,0.643719,0.643719,0.643719,0.643719,0.0,0.0
a,similar_smaller_exact_weighted,instance_0011.txt,1,1,0,0,6.816666666666666,6.816666666666666,6.816666666666666,6.816666666666666,6.816666666666666,0.0,0.0,2045.0,2045.0,2045,2045,2045,0.0,0.0,300.0,300.0,300,300,300,0.0,0.0,0.860113,0.860113,0.860113,0.860113,0.860113,0.0,0.0
a,similar_smaller_exact_weighted,instance_0012.txt,1,1,0,0,2.2125,2.2125,2.2125,2.2125,2.2125,0.0,0.0,177.0,177.0,177,177,177,0.0,0.0,80.0,80.0,80,80,80,0.0,0.0,0.063805,0.063805,0.063805,0.063805,0.063805,0.0,0.0
a,similar_smaller_exact_weighted,instance_0013.txt,1,1,0,0,12.62534435261708,12.62534435261708,12.62534435261708,12.62534435261708,12.62534435261708,0.0,0.0,4583.0,4583.0,4583,4583,4583,0.0,0.0,363.0,363.0,363,363,363,0.0,0.0,1.848381,1.848381,1.848381,1.848381,1.848381,0.0,0.0
a,similar_smaller_exact_weighted,instance_0014.txt,1,1,0,0,20.58244680851064,20.58244680851064,20.58244680851064,20.58244680851064,20.58244680851064,0.0,0.0,7739.0,7739.0,7739,7739,7739,0.0,0.0,376.0,376.0,376,376,376,0.0,0.0,3.538979,3.538979,3.538979,3.538979,3.538979,0.0,0.0
a,similar_smaller_exact_weighted,instance_0015.txt,1,1,0,0,10.725947521865889,10.725947521865889,10.725947521865889,10.725947521865889,10.725947521865889,0.0,0.0,3679.0,3679.0,3679,3679,3679,0.0,0.0,343.0,343.0,343,343,343,0.0,0.0,1.420698,1.420698,1.420698,1.420698,1.420698,0.0,0.0
a,similar_smaller_exact_weighted,instance_0016.txt,1,1,0,0,9.661971830985916,9.661971830985916,9.661971830985916,9.661971830985916,9.661971830985916,0.0,0.0,686.0,686.0,686,686,686,0.0,0.0,71.0,71.0,71,71,71,0.0,0.0,0.068085,0.068085,0.068085,0.068085,0.068085,0.0,0.0
a,similar_smaller_exact_weighted,instance_0017.txt,1,1,0,0,3.8043478260869565,3.8043478260869565,3.8043478260869565,3.8043478260869565,3.8043478260869565,0.0,0.0,175.0,175.0,175,175,175,0.0,0.0,46.0,46.0,46,46,46,0.0,0.0,0.031284,0.031284,0.031284,0.031284,0.031284,0.0,0.0
a,similar_smaller_exact_weighted,instance_0018.txt,1,1,0,0,15.855263157894736,15.855263157894736,15.855263157894736,15.855263157894736,15.855263157894736,0.0,0.0,1205.0,1205.0,1205,1205,1205,0.0,0.0,76.0,76.0,76,76,76,0.0,0.0,0.137048,0.137048,0.137048,0.137048,0.137048,0.0,0.0
a,similar_smaller_exact_weighted,instance_0019.txt,1,1,0,0,9.99,9.99,9.99,9.99,9.99,0.0,0.0,999.0,999.0,999,999,999,0.0,0.0,100.0,100.0,100,100,100,0.0,0.0,0.186478,0.186478,0.186478,0.186478,0.186478,0.0,0.0
a,similar_smaller_exact_weighted,instance_0020.txt,1,1,0,0,5.0,5.0,5.0,5.0,5.0,0.0,0.0,10.0,10.0,10,10,10,0.0,0.0,2.0,2.0,2,2,2,0.0,0.0,0.003492,0.003492,0.003492,0.003492,0.003492,0.0,0.0
a,similar_smaller_multi,instance_0001.txt,1,1,0,0,2.72,2.72,2.72,2.72,2.72,0.0,0.0,68.0,68.0,68,68,68,0.0,0.0,25.0,25.0,25,25,25,0.0,0.0,0.003357,0.003357,0.003357,0.003357,0.003357,0.0,0.0
a,similar_smaller_multi,instance_0002.txt,1,1,0,0,1.0,1.0,1.0,1.0,1.0,0.0,0.0,2.0,2.0,2,2,2,0.0,0.0,2.0,2.0,2,2,2,0.0,0.0,0.000139,0.000139,0.000139,0.000139,0.000139,0.0,0.0
a,similar_smaller_multi,instance_0003.txt,1,1,0,0,3.0285714285714285,3.0285714285714285,3.0285714285714285,3.0285714285714285,3.0285714285714285,0.0,0.0,106.0,106.0,106,106,106,0.0,0.0,35.0,35.0,35,35,35,0.0,0.0,0.006627,0.006627,0.006627,0.006627,0.006627,0.0,0.0
a,similar_smaller_multi,instance_0004.txt,1,1,0,0,1.8571428571428572,1.8571428571428572,1.8571428571428572,1.8571428571428572,1.8571428571428572,0.0,0.0,39.0,39.0,39,39,39,0.0,0.0,21.0,21.0,21,21,21,0.0,0.0,0.001684,0.001684,0.001684,0.001684,0.001684,0.0,0.0
a,similar_smaller_multi,instance_0005.txt,1,1,0,0,32.54814814814815,32.54814814814815,32.54814814814815,32.54814814814815,32.54814814814815,0.0,0.0,4394.0,4394.0,4394,4394,4394,0.0,0.0,135.0,135.0,135,135,135,0.0,0.0,0.239232,0.239232,0.239232,0.239232,0.239232,0.0,0.0
a,similar_smaller_multi,instance_0006.txt,1,1,0,0,27.602836879432623,27.602836879432623,27.602836879432623,27.602836879432623,27.602836879432623,0.0,0.0,3892.0,3892.0,3892,3892,3892,0.0,0.0,141.0,141.0,141,141,141,0.0,0.0,0.320797,0.320797,0.320797,0.320797,0.320797,0.0,0.0
a,similar_smaller_multi,instance_0007.txt,1,1,0,0,26.53103448275862,26.53103448275862,26.53103448275862,26.53103448275862,26.53103448275862,0.0,0.0,3847.0,3847.0,3847,3847,3847,0.0,0.0,145.0,145.0,145,145,145,0.0,0.0,0.342227,0.342227,0.342227,0.342227,0.342227,0.0,0.0
a,similar_smaller_multi,instance_0008.txt,1,1,0,0,22.007751937984494,22.007751937984494,22.007751937984494,22.007751937984494,22.007751937984494,0.0,0.0,2839.0,2839.0,2839,2839,2839,0.0,0.0,129.0,129.0,129,129,129,0.0,0.0,0.241141,0.241141,0.241141,0.241141,0.241141,0.0,0.0
a,similar_smaller_multi,instance_0009.txt,1,1,0,0,2.303030303030303,2.303030303030303,2.303030303030303,2.303030303030303,2.303030303030303,0.0,0.0,152.0,152.0,152,152,152,0.0,0.0,66.0,66.0,66,66,66,0.0,0.0,0.023297,0.023297,0.023297,0.023297,0.023297,0.0,0.0
a,similar_smaller_multi,instance_0010.txt,1,1,0,0,5.918644067796611,5.918644067796611,5.918644067796611,5.918644067796611,5.918644067796611,0.0,0.0,1746.0,1746.0,1746,1746,1746,0.0,0.0,295.0,295.0,295,295,295,0.0,0.0,0.514632,0.514632,0.514632,0.514632,0.514632,0.0,0.0
a,similar_smaller_multi,instance_0011.txt,1,1,0,0,6.794019933554817,6.794019933554817,6.794019933554817,6.794019933554817,6.794019933554817,0.0,0.0,2045.0,2045.0,2045,2045,2045,0.0,0.0,301.0,301.0,301,301,301,0.0,0.0,0.434543,0.434543,0.434543,0.434543,0.434543,0.0,0.0
a,similar_smaller_multi,instance_0012.txt,1,1,0,0,2.185185185185185,2.185185185185185,2.185185185185185,2.185185185185185,2.185185185185185,0.0,0.0,177.0,177.0,177,177,177,0.0,0.0,81.0,81.0,81,81,81,0.0,0.0,0.035853,0.035853,0.035853,0.035853,0.035853,0.0,0.0
a,similar_smaller_multi,instance_0013.txt,1,1,0,0,12.590659340659341,12.590659340659341,12.590659340659341,12.590659340659341,12.590659340659341,0.0,0.0,4583.0,4583.0,4583,4583,4583,0.0,0.0,364.0,364.0,364,364,364,0.0,0.0,0.726727,0.726727,0.726727,0.726727,0.726727,0.0,0.0
a,similar_smaller_multi,instance_0014.txt,1,1,0,0,20.58244680851064,20.58244680851064,20.58244680851064,20.58244680851064,20.58244680851064,0.0,0.0,7739.0,7739.0,7739,7739,7739,0.0,0.0,376.0,376.0,376,376,376,0.0,0.0,1.117894,1.117894,1.117894,1.117894,1.117894,0.0,0.0
a,similar_smaller_multi,instance_0015.txt,1,1,0,0,10.725947521865889,10.725947521865889,10.725947521865889,10.725947521865889,10.725947521865889,0.0,0.0,3679.0,3679.0,3679,3679,3679,0.0,0.0,343.0,343.0,343,343,343,0.0,0.0,0.852428,0.852428,0.852428,0.852428,0.852428,0.0,0.0
a,similar_smaller_multi,instance_0016.txt,1,1,0,0,9.661971830985916,9.661971830985916,9.661971830985916,9.661971830985916,9.661971830985916,0.0,0.0,686.0,686.0,686,686,686,0.0,0.0,71.0,71.0,71,71,71,0.0,0.0,0.024108,0.024108,0.024108,0.024108,0.024108,0.0,0.0
a,similar_smaller_multi,instance_0017.txt,1,1,0,0,3.8043478260869565,3.8043478260869565,3.8043478260869565,3.8043478260869565,3.8043478260869565,0.0,0.0,175.0,175.0,175,175,175,0.0,0.0,46.0,46.0,46,46,46,0.0,0.0,0.014149,0.014149,0.014149,0.014149,0.014149,0.0,0.0
a,similar_smaller_multi,instance_0018.txt,1,1,0,0,15.855263157894736,15.855263157894736,15.855263157894736,15.855263157894736,15.855263157894736,0.0,0.0,1205.0,1205.0,1205,1205,1205,0.0,0.0,76.0,76.0,76,76,76,0.0,0.0,0.058442,0.058442,0.058442,0.058442,0.058442,0.0,0.0
a,similar_smaller_multi,instance_0019.txt,1,1,0,0,9.891089108910892,9.891089108910892,9.891089108910892,9.891089108910892,9.891089108910892,0.0,0.0,999.0,999.0,999,999,999,0.0,0.0,101.0,101.0,101,101,101,0.0,0.0,0.103022,0.103022,0.103022,0.103022,0.103022,0.0,0.0
a,similar_smaller_multi,instance_0020.txt,1,1,0,0,5.0,5.0,5.0,5.0,5.0,0.0,0.0,10.0,10.0,10,10,10,0.0,0.0,2.0,2.0,2,2,2,0.0,0.0,9.6e-05,9.6e-05,9.6e-05,9.6e-05,9.6e-05,0.0,0.0
a,similar_smaller_multi_weighted,instance_0001.txt,1,1,0,0,2.72,2.72,2.72,2.72,2.72,0.0,0.0,68.0,68.0,68,68,68,0.0,0.0,25.0,25.0,25,25,25,0.0,0.0,0.004502,0.004502,0.004502,0.004502,0.004502,0.0,0.0
a,similar_smaller_multi_weighted,instance_0002.txt,1,1,0,0,1.0,1.0,1.0,1.0,1.0,0.0,0.0,2.0,2.0,2,2,2,0.0,0.0,2.0,2.0,2,2,2,0.0,0.0,0.000131,0.000131,0.000131,0.000131,0.000131,0.0,0.0
a,similar_smaller_multi_weighted,instance_0003.txt,1,1,0,0,3.0285714285714285,3.0285714285714285,3.0285714285714285,3.0285714285714285,3.0285714285714285,0.0,0.0,106.0,106.0,106,106,106,0.0,0.0,35.0,35.0,35,35,35,0.0,0.0,0.00995,0.00995,0.00995,0.00995,0.00995,0.0,0.0
a,similar_smaller_multi_weighted,instance_0004.txt,1,1,0,0,1.8571428571428572,1.8571428571428572,1.8571428571428572,1.8571428571428572,1.8571428571428572,0.0,0.0,39.0,39.0,39,39,39,0.0,0.0,21.0,21.0,21,21,21,0.0,0.0,0.00166,0.00166,0.00166,0.00166,0.00166,0.0,0.0
a,similar_smaller_multi_weighted,instance_0005.txt,1,1,0,0,32.54814814814815,32.54814814814815,32.54814814814815,32.54814814814815,32.54814814814815,0.0,0.0,4394.0,4394.0,4394,4394,4394,0.0,0.0,135.0,135.0,135,135,135,0.0,0.0,0.21303,0.21303,0.21303,0.21303,0.21303,0.0,0.0
a,similar_smaller_multi_weighted,instance_0006.txt,1,1,0,0,27.602836879432623,27.602836879432623,27.602836879432623,27.602836879432623,27.602836879432623,0.0,0.0,3892.0,3892.0,3892,3892,3892,0.0,0.0,141.0,141.0,141,141,141,0.0,0.0,0.310866,0.310866,0.310866,0.310866,0.310866,0.0,0.0
a,similar_smaller_multi_weighted,instance_0007.txt,1,1,0,0,26.53103448275862,26.53103448275862,26.53103448275862,26.53103448275862,26.53103448275862,0.0,0.0,3847.0,3847.0,3847,3847,3847,0.0,0.0,145.0,145.0,145,145,145,0.0,0.0,0.338548,0.338548,0.338548,0.338548,0.338548,0.0,0.0
a,similar_smaller_multi_weighted,instance_0008.txt,1,1,0,0,22.007751937984494,22.007751937984494,22.007751937984494,22.007751937984494,22.007751937984494,0.0,0.0,2839.0,2839.0,2839,2839,2839,0.0,0.0,129.0,129.0,129,129,129,0.0,0.0,0.255938,0.255938,0.255938,0.255938,0.255938,0.0,0.0
a,similar_smaller_multi_weighted,instance_0009.txt,1,1,0,0,2.303030303030303,2.303030303030303,2.303030303030303,2.303030303030303,2.303030303030303,0.0,0.0,152.0,152.0,152,152,152,0.0,0.0,66.0,66.0,66,66,66,0.0,0.0,0.022283,0.022283,0.022283,0.022283,0.022283,0.0,0.0
a,similar_smaller_multi_weighted,instance_0010.txt,1,1,0,0,5.918644067796611,5.918644067796611,5.918644067796611,5.918644067796611,5.918644067796611,0.0,0.0,1746.0,1746.0,1746,1746,1746,0.0,0.0,295.0,295.0,295,295,295,0.0,0.0,0.532889,0.532889,0.532889,0.532889,0.532889,0.0,0.0
a,similar_smaller_multi_weighted,instance_0011.txt,1,1,0,0,6.794019933554817,6.794019933554817,6.794019933554817,6.794019933554817,6.794019933554817,0.0,0.0,2045.0,2045.0,2045,2045,2045,0.0,0.0,301.0,301.0,301,301,301,0.0,0.0,0.458266,0.458266,0.458266,0.458266,0.458266,0.0,0.0
a,similar_smaller_multi_weighted,instance_0012.txt,1,1,0,0,2.185185185185185,2.185185185185185,2.185185185185185,2.185185185185185,2.185185185185185,0.0,0.0,177.0,177.0,177,177,177,0.0,0.0,81.0,81.0,81,81,81,0.0,0.0,0.036472,0.036472,0.036472,0.036472,0.036472,0.0,0.0
a,similar_smaller_multi_weighted,instance_0013.txt,1,1,0,0,12.590659340659341,12.590659340659341,12.590659340659341,12.590659340659341,12.590659340659341,0.0,0.0,4583.0,4583.0,4583,4583,4583,0.0,0.0,364.0,364.0,364,364,364,0.0,0.0,0.871337,0.871337,0.871337,0.871337,0.871337,0.0,0.0
a,similar_smaller_multi_weighted,instance_0014.txt,1,1,0,0,20.58244680851064,20.58244680851064,20.58244680851064,20.58244680851064,20.58244680851064,0.0,0.0,7739.0,7739.0,7739,7739,7739,0.0,0.0,376.0,376.0,376,376,376,0.0,0.0,1.026069,1.026069,1.026069,1.026069,1.026069,0.0,0.0
a,similar_smaller_multi_weighted,instance_0015.txt,1,1,0,0,10.725947521865889,10.725947521865889,10.725947521865889,10.725947521865889,10.725947521865889,0.0,0.0,3679.0,3679.0,3679,3679,3679,0.0,0.0,343.0,343.0,343,343,343,0.0,0.0,0.850894,0.850894,0.850894,0.850894,0.850894,0.0,0.0
a,similar_smaller_multi_weighted,instance_0016.txt,1,1,0,0,9.661971830985916,9.661971830985916,9.661971830985916,9.661971830985916,9.661971830985916,0.0,0.0,686.0,686.0,686,686,686,0.0,0.0,71.0,71.0,71,71,71,0.0,0.0,0.023405,0.023405,0.023405,0.023405,0.023405,0.0,0.0
a,similar_smaller_multi_weighted,instance_0017.txt,1,1,0,0,3.8043478260869565,3.8043478260869565,3.8043478260869565,3.8043478260869565,3.8043478260869565,0.0,0.0,175.0,175.0,175,175,175,0.0,0.0,46.0,46.0,46,46,46,0.0,0.0,0.017876,0.017876,0.017876,0.017876,0.017876,0.0,0.0
a,similar_smaller_multi_weighted,instance_0018.txt,1,1,0,0,15.855263157894736,15.855263157894736,15.855263157894736,15.855263157894736,15.855263157894736,0.0,0.0,1205.0,1205.0,1205,1205,1205,0.0,0.0,76.0,76.0,76,76,76,0.0,0.0,0.045306,0.045306,0.045306,0.045306,0.045306,0.0,0.0
a,similar_smaller_multi_weighted,instance_0019.txt,1,1,0,0,9.891089108910892,9.891089108910892,9.891089108910892,9.891089108910892,9.891089108910892,0.0,0.0,999.0,999.0,999,999,999,0.0,0.0,101.0,101.0,101,101,101,0.0,0.0,0.094206,0.094206,0.094206,0.094206,0.094206,0.0,0.0
a,similar_smaller_multi_weighted,instance_0020.txt,1,1,0,0,5.0,5.0,5.0,5.0,5.0,0.0,0.0,10.0,10.0,10,10,10,0.0,0.0,2.0,2.0,2,2,2,0.0,0.0,0.00011,0.00011,0.00011,0.00011,0.00011,0.0,0.0
a,similar_smaller_weighted,instance_0001.txt,1,1,0,0,2.6153846153846154,2.6153846153846154,2.6153846153846154,2.6153846153846154,2.6153846153846154,0.0,0.0,68.0,68.0,68,68,68,0.0,0.0,26.0,26.0,26,26,26,0.0,0.0,0.002211,0.002211,0.002211,0.002211,0.002211,0.0,0.0
a,similar_smaller_weighted,instance_0002.txt,1,1,0,0,1.0,1.0,1.0,1.0,1.0,0.0,0.0,2.0,2.0,2,2,2,0.0,0.0,2.0,2.0,2,2,2,0.0,0.0,0.000122,0.000122,0.000122,0.000122,0.000122,0.0,0.0
a,similar_smaller_weighted,instance_0003.txt,1,1,0,0,2.864864864864865,2.864864864864865,2.864864864864865,2.864864864864865,2.864864864864865,0.0,0.0,106.0,106.0,106,106,106,0.0,0.0,37.0,37.0,37,37,37,0.0,0.0,0.006705,0.006705,0.006705,0.006705,0.006705,0.0,0.0
a,similar_smaller_weighted,instance_0004.txt,1,1,0,0,1.7727272727272727,1.7727272727272727,1.7727272727272727,1.7727272727272727,1.7727272727272727,0.0,0.0,39.0,39.0,39,39,39,0.0,0.0,22.0,22.0,22,22,22,0.0,0.0,0.001195,0.001195,0.001195,0.001195,0.001195,0.0,0.0
a,similar_smaller_weighted,instance_0005.txt,1,1,0,0,31.840579710144926,31.840579710144926,31.840579710144926,31.840579710144926,31.840579710144926,0.0,0.0,4394.0,4394.0,4394,4394,4394,0.0,0.0,138.0,138.0,138,138,138,0.0,0.0,0.167807,0.167807,0.167807,0.167807,0.167807,0.0,0.0
a,similar_smaller_weighted,instance_0006.txt,1,1,0,0,26.65753424657534,26.65753424657534,26.65753424657534,26.65753424657534,26.65753424657534,0.0,0.0,3892.0,3892.0,3892,3892,3892,0.0,0.0,146.0,146.0,146,146,146,0.0,0.0,0.227887,0.227887,0.227887,0.227887,0.227887,0.0,0.0
a,similar_smaller_weighted,instance_0007.txt,1,1,0,0,25.818791946308725,25.818791946308725,25.818791946308725,25.818791946308725,25.818791946308725,0.0,0.0,3847.0,3847.0,3847,3847,3847,0.0,0.0,149.0,149.0,149,149,149,0.0,0.0,0.254035,0.254035,0.254035,0.254035,0.254035,0.0,0.0
a,similar_smaller_weighted,instance_0008.txt,1,1,0,0,21.838461538461537,21.838461538461537,21.838461538461537,21.838461538461537,21.838461538461537,0.0,0.0,2839.0,2839.0,2839,2839,2839,0.0,0.0,130.0,130.0,130,130,130,0.0,0.0,0.153404,0.153404,0.153404,0.153404,0.153404,0.0,0.0
a,similar_smaller_weighted,instance_0009.txt,1,1,0,0,2.026666666666667,2.026666666666667,2.026666666666667,2.026666666666667,2.026666666666667,0.0,0.0,152.0,152.0,152,152,152,0.0,0.0,75.0,75.0,75,75,75,0.0,0.0,0.013259,0.013259,0.013259,0.013259,0.013259,0.0,0.0
a,similar_smaller_weighted,instance_0010.txt,1,1,0,0,5.507886435331231,5.507886435331231,5.507886435331231,5.507886435331231,5.507886435331231,0.0,0.0,1746.0,1746.0,1746,1746,1746,0.0,0.0,317.0,317.0,317,317,317,0.0,0.0,0.27358,0.27358,0.27358,0.27358,0.27358,0.0,0.0
a,similar_smaller_weighted,instance_0011.txt,1,1,0,0,6.350931677018633,6.350931677018633,6.350931677018633,6.350931677018633,6.350931677018633,0.0,0.0,2045.0,2045.0,2045,2045,2045,0.0,0.0,322.0,322.0,322,322,322,0.0,0.0,0.250317,0.250317,0.250317,0.250317,0.250317,0.0,0.0
a,similar_smaller_weighted,instance_0012.txt,1,1,0,0,1.8829787234042554,1.8829787234042554,1.8829787234042554,1.8829787234042554,1.8829787234042554,0.0,0.0,177.0,177.0,177,177,177,0.0,0.0,94.0,94.0,94,94,94,0.0,0.0,0.021254,0.021254,0.021254,0.021254,0.021254,0.0,0.0
a,similar_smaller_weighted,instance_0013.txt,1,1,0,0,12.487738419618529,12.487738419618529,12.487738419618529,12.487738419618529,12.487738419618529,0.0,0.0,4583.0,4583.0,4583,4583,4583,0.0,0.0,367.0,367.0,367,367,367,0.0,0.0,0.705872,0.705872,0.705872,0.705872,0.705872,0.0,0.0
a,similar_smaller_weighted,instance_0014.txt,1,1,0,0,20.473544973544975,20.473544973544975,20.473544973544975,20.473544973544975,20.473544973544975,0.0,0.0,7739.0,7739.0,7739,7739,7739,0.0,0.0,378.0,378.0,378,378,378,0.0,0.0,1.296936,1.296936,1.296936,1.296936,1.296936,0.0,0.0
a,similar_smaller_weighted,instance_0015.txt,1,1,0,0,10.305322128851541,10.305322128851541,10.305322128851541,10.305322128851541,10.305322128851541,0.0,0.0,3679.0,3679.0,3679,3679,3679,0.0,0.0,357.0,357.0,357,357,357,0.0,0.0,0.501978,0.501978,0.501978,0.501978,0.501978,0.0,0.0
a,similar_smaller_weighted,instance_0016.txt,1,1,0,0,9.527777777777779,9.527777777777779,9.527777777777779,9.527777777777779,9.527777777777779,0.0,0.0,686.0,686.0,686,686,686,0.0,0.0,72.0,72.0,72,72,72,0.0,0.0,0.033458,0.033458,0.033458,0.033458,0.033458,0.0,0.0
a,similar_smaller_weighted,instance_0017.txt,1,1,0,0,3.8043478260869565,3.8043478260869565,3.8043478260869565,3.8043478260869565,3.8043478260869565,0.0,0.0,175.0,175.0,175,175,175,0.0,0.0,46.0,46.0,46,46,46,0.0,0.0,0.013662,0.013662,0.013662,0.013662,0.013662,0.0,0.0
a,similar_smaller_weighted,instance_0018.txt,1,1,0,0,15.855263157894736,15.855263157894736,15.855263157894736,15.855263157894736,15.855263157894736,0.0,0.0,1205.0,1205.0,1205,1205,1205,0.0,0.0,76.0,76.0,76,76,76,0.0,0.0,0.073094,0.073094,0.073094,0.073094,0.073094,0.0,0.0
a,similar_smaller_weighted,instance_0019.txt,1,1,0,0,9.60576923076923,9.60576923076923,9.60576923076923,9.60576923076923,9.60576923076923,0.0,0.0,999.0,999.0,999,999,999,0.0,0.0,104.0,104.0,104,104,104,0.0,0.0,0.066027,0.066027,0.066027,0.066027,0.066027,0.0,0.0
a,similar_smaller_weighted,instance_0020.txt,1,1,0,0,3.3333333333333335,3.3333333333333335,3.3333333333333335,3.3333333333333335,3.3333333333333335,0.0,0.0,10.0,10.0,10,10,10,0.0,0.0,3.0,3.0,3,3,3,0.0,0.0,0.000105,0.000105,0.000105,0.000105,0.000105,0.0,0.0
a,similar_weighted,instance_0001.txt,1,1,0,0,2.9565217391304346,2.9565217391304346,2.9565217391304346,2.9565217391304346,2.9565217391304346,0.0,0.0,68.0,68.0,68,68,68,0.0,0.0,23.0,23.0,23,23,23,0.0,0.0,0.003028,0.003028,0.003028,0.003028,0.003028,0.0,0.0
a,similar_weighted,instance_0002.txt,1,1,0,0,2.0,2.0,2.0,2.0,2.0,0.0,0.0,2.0,2.0,2,2,2,0.0,0.0,1.0,1.0,1,1,1,0.0,0.0,0.000141,0.000141,0.000141,0.000141,0.000141,0.0,0.0
a,similar_weighted,instance_0003.txt,1,1,0,0,2.65,2.65,2.65,2.65,2.65,0.0,0.0,106.0,106.0,106,106,106,0.0,0.0,40.0,40.0,40,40,40,0.0,0.0,0.005859,0.005859,0.005859,0.005859,0.005859,0.0,0.0
a,similar_weighted,instance_0004.txt,1,1,0,0,1.7727272727272727,1.7727272727272727,1.7727272727272727,1.7727272727272727,1.7727272727272727,0.0,0.0,39.0,39.0,39,39,39,0.0,0.0,22.0,22.0,22,22,22,0.0,0.0,0.001547,0.001547,0.001547,0.001547,0.001547,0.0,0.0
a,similar_weighted,instance_0005.txt,1,1,0,0,31.847826086956523,31.847826086956523,31.847826086956523,31.847826086956523,31.847826086956523,0.0,0.0,4395.0,4395.0,4395,4395,4395,0.0,0.0,138.0,138.0,138,138,138,0.0,0.0,0.244069,0.244069,0.244069,0.244069,0.244069,0.0,0.0
a,similar_weighted,instance_0006.txt,1,1,0,0,26.65753424657534,26.65753424657534,26.65753424657534,26.65753424657534,26.65753424657534,0.0,0.0,3892.0,3892.0,3892,3892,3892,0.0,0.0,146.0,146.0,146,146,146,0.0,0.0,0.226362,0.226362,0.226362,0.226362,0.226362,0.0,0.0
a,similar_weighted,instance_0007.txt,1,1,0,0,25.818791946308725,25.818791946308725,25.818791946308725,25.818791946308725,25.818791946308725,0.0,0.0,3847.0,3847.0,3847,3847,3847,0.0,0.0,149.0,149.0,149,149,149,0.0,0.0,0.272167,0.272167,0.272167,0.272167,0.272167,0.0,0.0
a,similar_weighted,instance_0008.txt,1,1,0,0,21.846153846153847,21.846153846153847,21.846153846153847,21.846153846153847,21.846153846153847,0.0,0.0,2840.0,2840.0,2840,2840,2840,0.0,0.0,130.0,130.0,130,130,130,0.0,0.0,0.112091,0.112091,0.112091,0.112091,0.112091,0.0,0.0
a,similar_weighted,instance_0009.txt,1,1,0,0,2.0,2.0,2.0,2.0,2.0,0.0,0.0,152.0,152.0,152,152,152,0.0,0.0,76.0,76.0,76,76,76,0.0,0.0,0.020136,0.020136,0.020136,0.020136,0.020136,0.0,0.0
a,similar_weighted,instance_0010.txt,1,1,0,0,5.490566037735849,5.490566037735849,5.490566037735849,5.490566037735849,5.490566037735849,0.0,0.0,1746.0,1746.0,1746,1746,1746,0.0,0.0,318.0,318.0,318,318,318,0.0,0.0,0.313514,0.313514,0.313514,0.313514,0.313514,0.0,0.0
a,similar_weighted,instance_0011.txt,1,1,0,0,6.370716510903427,6.370716510903427,6.370716510903427,6.370716510903427,6.370716510903427,0.0,0.0,2045.0,2045.0,2045,2045,2045,0.0,0.0,321.0,321.0,321,321,321,0.0,0.0,0.33894,0.33894,0.33894,0.33894,0.33894,0.0,0.0
a,similar_weighted,instance_0012.txt,1,1,0,0,1.8829787234042554,1.8829787234042554,1.8829787234042554,1.8829787234042554,1.8829787234042554,0.0,0.0,177.0,177.0,177,177,177,0.0,0.0,94.0,94.0,94,94,94,0.0,0.0,0.026704,0.026704,0.026704,0.026704,0.026704,0.0,0.0
a,similar_weighted,instance_0013.txt,1,1,0,0,12.487738419618529,12.487738419618529,12.487738419618529,12.487738419618529,12.487738419618529,0.0,0.0,4583.0,4583.0,4583,4583,4583,0.0,0.0,367.0,367.0,367,367,367,0.0,0.0,0.829377,0.829377,0.829377,0.829377,0.829377,0.0,0.0
a,similar_weighted,instance_0014.txt,1,1,0,0,20.473544973544975,20.473544973544975,20.473544973544975,20.473544973544975,20.473544973544975,0.0,0.0,7739.0,7739.0,7739,7739,7739,0.0,0.0,378.0,378.0,378,378,378,0.0,0.0,1.208198,1.208198,1.208198,1.208198,1.208198,0.0,0.0
a,similar_weighted,instance_0015.txt,1,1,0,0,10.305322128851541,10.305322128851541,10.305322128851541,10.305322128851541,10.305322128851541,0.0,0.0,3679.0,3679.0,3679,3679,3679,0.0,0.0,357.0,357.0,357,357,357,0.0,0.0,0.534866,0.534866,0.534866,0.534866,0.534866,0.0,0.0
a,similar_weighted,instance_0016.txt,1,1,0,0,9.527777777777779,9.527777777777779,9.527777777777779,9.527777777777779,9.527777777777779,0.0,0.0,686.0,686.0,686,686,686,0.0,0.0,72.0,72.0,72,72,72,0.0,0.0,0.049896,0.049896,0.049896,0.049896,0.049896,0.0,0.0
a,similar_weighted,instance_0017.txt,1,1,0,0,3.723404255319149,3.723404255319149,3.723404255319149,3.723404255319149,3.723404255319149,0.0,0.0,175.0,175.0,175,175,175,0.0,0.0,47.0,47.0,47,47,47,0.0,0.0,0.009939,0.009939,0.009939,0.009939,0.009939,0.0,0.0
a,similar_weighted,instance_0018.txt,1,1,0,0,15.855263157894736,15.855263157894736,15.855263157894736,15.855263157894736,15.855263157894736,0.0,0.0,1205.0,1205.0,1205,1205,1205,0.0,0.0,76.0,76.0,76,76,76,0.0,0.0,0.059939,0.059939,0.059939,0.059939,0.059939,0.0,0.0
a,similar_weighted,instance_0019.txt,1,1,0,0,9.60576923076923,9.60576923076923,9.60576923076923,9.60576923076923,9.60576923076923,0.0,0.0,999.0,999.0,999,999,999,0.0,0.0,104.0,104.0,104,104,104,0.0,0.0,0.069028,0.069028,0.069028,0.069028,0.069028,0.0,0.0
a,similar_weighted,instance_0020.txt,1,1,0,0,4.0,4.0,4.0,4.0,4.0,0.0,0.0,12.0,12.0,12,12,12,0.0,0.0,3.0,3.0,3,3,3,0.0,0.0,0.000135,0.000135,0.000135,0.000135,0.000135,0.0,0.0
a,smaller,instance_0001.txt,1,1,0,0,2.2758620689655173,2.2758620689655173,2.2758620689655173,2.2758620689655173,2.2758620689655173,0.0,0.0,66.0,66.0,66,66,66,0.0,0.0,29.0,29.0,29,29,29,0.0,0.0,0.003029,0.003029,0.003029,0.003029,0.003029,0.0,0.0
a,smaller,instance_0002.txt,1,1,0,0,1.0,1.0,1.0,1.0,1.0,0.0,0.0,2.0,2.0,2,2,2,0.0,0.0,2.0,2.0,2,2,2,0.0,0.0,0.000111,0.000111,0.000111,0.000111,0.000111,0.0,0.0
a,smaller,instance_0003.txt,1,1,0,0,2.6666666666666665,2.6666666666666665,2.6666666666666665,2.6666666666666665,2.6666666666666665,0.0,0.0,104.0,104.0,104,104,104,0.0,0.0,39.0,39.0,39,39,39,0.0,0.0,0.006792,0.006792,0.006792,0.006792,0.006792,0.0,0.0
a,smaller,instance_0004.txt,1,1,0,0,1.6363636363636365,1.6363636363636365,1.6363636363636365,1.6363636363636365,1.6363636363636365,0.0,0.0,36.0,36.0,36,36,36,0.0,0.0,22.0,22.0,22,22,22,0.0,0.0,0.00159,0.00159,0.00159,0.00159,0.00159,0.0,0.0
a,smaller,instance_0005.txt,1,1,0,0,31.156028368794328,31.156028368794328,31.156028368794328,31.156028368794328,31.156028368794328,0.0,0.0,4393.0,4393.0,4393,4393,4393,0.0,0.0,141.0,141.0,141,141,141,0.0,0.0,0.242442,0.242442,0.242442,0.242442,0.242442,0.0,0.0
a,smaller,instance_0006.txt,1,1,0,0,26.120805369127517,26.120805369127517,26.120805369127517,26.120805369127517,26.120805369127517,0.0,0.0,3892.0,3892.0,3892,3892,3892,0.0,0.0,149.0,149.0,149,149,149,0.0,0.0,0.292848,0.292848,0.292848,0.292848,0.292848,0.0,0.0
a,smaller,instance_0007.txt,1,1,0,0,25.818791946308725,25.818791946308725,25.818791946308725,25.818791946308725,25.818791946308725,0.0,0.0,3847.0,3847.0,3847,3847,3847,0.0,0.0,149.0,149.0,149,149,149,0.0,0.0,0.276446,0.276446,0.276446,0.276446,0.276446,0.0,0.0
a,smaller,instance_0008.txt,1,1,0,0,20.120567375886523,20.120567375886523,20.120567375886523,20.120567375886523,20.120567375886523,0.0,0.0,2837.0,2837.0,2837,2837,2837,0.0,0.0,141.0,141.0,141,141,141,0.0,0.0,0.139614,0.139614,0.139614,0.139614,0.139614,0.0,0.0
a,smaller,instance_0009.txt,1,1,0,0,1.7078651685393258,1.7078651685393258,1.7078651685393258,1.7078651685393258,1.7078651685393258,0.0,0.0,152.0,152.0,152,152,152,0.0,0.0,89.0,89.0,89,89,89,0.0,0.0,0.031813,0.031813,0.031813,0.031813,0.031813,0.0,0.0
a,smaller,instance_0010.txt,1,1,0,0,5.470219435736677,5.470219435736677,5.470219435736677,5.470219435736677,5.470219435736677,0.0,0.0,1745.0,1745.0,1745,1745,1745,0.0,0.0,319.0,319.0,319,319,319,0.0,0.0,0.246176,0.246176,0.246176,0.246176,0.246176,0.0,0.0
a,smaller,instance_0011.txt,1,1,0,0,6.401253918495298,6.401253918495298,6.401253918495298,6.401253918495298,6.401253918495298,0.0,0.0,2042.0,2042.0,2042,2042,2042,0.0,0.0,319.0,319.0,319,319,319,0.0,0.0,0.342679,0.342679,0.342679,0.342679,0.342679,0.0,0.0
a,smaller,instance_0012.txt,1,1,0,0,1.7777777777777777,1.7777777777777777,1.7777777777777777,1.7777777777777777,1.7777777777777777,0.0,0.0,176.0,176.0,176,176,176,0.0,0.0,99.0,99.0,99,99,99,0.0,0.0,0.02526,0.02526,0.02526,0.02526,0.02526,0.0,0.0
a,smaller,instance_0013.txt,1,1,0,0,12.386486486486486,12.386486486486486,12.386486486486486,12.386486486486486,12.386486486486486,0.0,0.0,4583.0,4583.0,4583,4583,4583,0.0,0.0,370.0,370.0,370,370,370,0.0,0.0,0.85585,0.85585,0.85585,0.85585,0.85585,0.0,0.0
a,smaller,instance_0014.txt,1,1,0,0,20.153645833333332,20.153645833333332,20.153645833333332,20.153645833333332,20.153645833333332,0.0,0.0,7739.0,7739.0,7739,7739,7739,0.0,0.0,384.0,384.0,384,384,384,0.0,0.0,1.258512,1.258512,1.258512,1.258512,1.258512,0.0,0.0
a,smaller,instance_0015.txt,1,1,0,0,10.305322128851541,10.305322128851541,10.305322128851541,10.305322128851541,10.305322128851541,0.0,0.0,3679.0,3679.0,3679,3679,3679,0.0,0.0,357.0,357.0,357,357,357,0.0,0.0,0.612654,0.612654,0.612654,0.612654,0.612654,0.0,0.0
a,smaller,instance_0016.txt,1,1,0,0,9.527777777777779,9.527777777777779,9.527777777777779,9.527777777777779,9.527777777777779,0.0,0.0,686.0,686.0,686,686,686,0.0,0.0,72.0,72.0,72,72,72,0.0,0.0,0.02996,0.02996,0.02996,0.02996,0.02996,0.0,0.0
a,smaller,instance_0017.txt,1,1,0,0,3.8043478260869565,3.8043478260869565,3.8043478260869565,3.8043478260869565,3.8043478260869565,0.0,0.0,175.0,175.0,175,175,175,0.0,0.0,46.0,46.0,46,46,46,0.0,0.0,0.005927,0.005927,0.005927,0.005927,0.005927,0.0,0.0
a,smaller,instance_0018.txt,1,1,0,0,15.253164556962025,15.253164556962025,15.253164556962025,15.253164556962025,15.253164556962025,0.0,0.0,1205.0,1205.0,1205,1205,1205,0.0,0.0,79.0,79.0,79,79,79,0.0,0.0,0.070679,0.070679,0.070679,0.070679,0.070679,0.0,0.0
a,smaller,instance_0019.txt,1,1,0,0,9.0,9.0,9.0,9.0,9.0,0.0,0.0,999.0,999.0,999,999,999,0.0,0.0,111.0,111.0,111,111,111,0.0,0.0,0.048274,0.048274,0.048274,0.048274,0.048274,0.0,0.0
a,smaller,instance_0020.txt,1,1,0,0,3.3333333333333335,3.3333333333333335,3.3333333333333335,3.3333333333333335,3.3333333333333335,0.0,0.0,10.0,10.0,10,10,10,0.0,0.0,3.0,3.0,3,3,3,0.0,0.0,9e-05,9e-05,9e-05,9e-05,9e-05,0.0,0.0
a,smaller_exact,instance_0001.txt,1,1,0,0,2.4444444444444446,2.4444444444444446,2.4444444444444446,2.4444444444444446,2.4444444444444446,0.0,0.0,66.0,66.0,66,66,66,0.0,0.0,27.0,27.0,27,27,27,0.0,0.0,0.036393,0.036393,0.036393,0.036393,0.036393,0.0,0.0
a,smaller_exact,instance_0002.txt,1,1,0,0,1.0,1.0,1.0,1.0,1.0,0.0,0.0,2.0,2.0,2,2,2,0.0,0.0,2.0,2.0,2,2,2,0.0,0.0,0.007538,0.007538,0.007538,0.007538,0.007538,0.0,0.0
a,smaller_exact,instance_0003.txt,1,1,0,0,2.9714285714285715,2.9714285714285715,2.9714285714285715,2.9714285714285715,2.9714285714285715,0.0,0.0,104.0,104.0,104,104,104,0.0,0.0,35.0,35.0,35,35,35,0.0,0.0,0.027131,0.027131,0.027131,0.027131,0.027131,0.0,0.0
a,smaller_exact,instance_0004.txt,1,1,0,0,1.7142857142857142,1.7142857142857142,1.7142857142857142,1.7142857142857142,1.7142857142857142,0.0,0.0,36.0,36.0,36,36,36,0.0,0.0,21.0,21.0,21,21,21,0.0,0.0,0.008841,0.008841,0.008841,0.008841,0.008841,0.0,0.0
a,smaller_exact,instance_0005.txt,1,1,0,0,31.156028368794328,31.156028368794328,31.156028368794328,31.156028368794328,31.156028368794328,0.0,0.0,4393.0,4393.0,4393,4393,4393,0.0,0.0,141.0,141.0,141,141,141,0.0,0.0,0.799528,0.799528,0.799528,0.799528,0.799528,0.0,0.0
a,smaller_exact,instance_0006.txt,1,1,0,0,26.841379310344827,26.841379310344827,26.841379310344827,26.841379310344827,26.841379310344827,0.0,0.0,3892.0,3892.0,3892,3892,3892,0.0,0.0,145.0,145.0,145,145,145,0.0,0.0,0.690037,0.690037,0.690037,0.690037,0.690037,0.0,0.0
a,smaller_exact,instance_0007.txt,1,1,0,0,26.53103448275862,26.53103448275862,26.53103448275862,26.53103448275862,26.53103448275862,0.0,0.0,3847.0,3847.0,3847,3847,3847,0.0,0.0,145.0,145.0,145,145,145,0.0,0.0,0.6409,0.6409,0.6409,0.6409,0.6409,0.0,0.0
a,smaller_exact,instance_0008.txt,1,1,0,0,20.41007194244604,20.41007194244604,20.41007194244604,20.41007194244604,20.41007194244604,0.0,0.0,2837.0,2837.0,2837,2837,2837,0.0,0.0,139.0,139.0,139,139,139,0.0,0.0,0.554542,0.554542,0.554542,0.554542,0.554542,0.0,0.0
a,smaller_exact,instance_0009.txt,1,1,0,0,2.026666666666667,2.026666666666667,2.026666666666667,2.026666666666667,2.026666666666667,0.0,0.0,152.0,152.0,152,152,152,0.0,0.0,75.0,75.0,75,75,75,0.0,0.0,0.063774,0.063774,0.063774,0.063774,0.063774,0.0,0.0
a,smaller_exact,instance_0010.txt,1,1,0,0,5.7781456953642385,5.7781456953642385,5.7781456953642385,5.7781456953642385,5.7781456953642385,0.0,0.0,1745.0,1745.0,1745,1745,1745,0.0,0.0,302.0,302.0,302,302,302,0.0,0.0,0.779694,0.779694,0.779694,0.779694,0.779694,0.0,0.0
a,smaller_exact,instance_0011.txt,1,1,0,0,6.829431438127091,6.829431438127091,6.829431438127091,6.829431438127091,6.829431438127091,0.0,0.0,2042.0,2042.0,2042,2042,2042,0.0,0.0,299.0,299.0,299,299,299,0.0,0.0,0.853889,0.853889,0.853889,0.853889,0.853889,0.0,0.0
a,smaller_exact,instance_0012.txt,1,1,0,0,2.0952380952380953,2.0952380952380953,2.0952380952380953,2.0952380952380953,2.0952380952380953,0.0,0.0,176.0,176.0,176,176,176,0.0,0.0,84.0,84.0,84,84,84,0.0,0.0,0.080402,0.080402,0.080402,0.080402,0.080402,0.0,0.0
a,smaller_exact,instance_0013.txt,1,1,0,0,12.453804347826088,12.453804347826088,12.453804347826088,12.453804347826088,12.453804347826088,0.0,0.0,4583.0,4583.0,4583,4583,4583,0.0,0.0,368.0,368.0,368,368,368,0.0,0.0,2.500194,2.500194,2.500194,2.500194,2.500194,0.0,0.0
a,smaller_exact,instance_0014.txt,1,1,0,0,20.52785145888594,20.52785145888594,20.52785145888594,20.52785145888594,20.52785145888594,0.0,0.0,7739.0,7739.0,7739,7739,7739,0.0,0.0,377.0,377.0,377,377,377,0.0,0.0,3.043674,3.043674,3.043674,3.043674,3.043674,0.0,0.0
a,smaller_exact,instance_0015.txt,1,1,0,0,10.725947521865889,10.725947521865889,10.725947521865889,10.725947521865889,10.725947521865889,0.0,0.0,3679.0,3679.0,3679,3679,3679,0.0,0.0,343.0,343.0,343,343,343,0.0,0.0,1.665388,1.665388,1.665388,1.665388,1.665388,0.0,0.0
a,smaller_exact,instance_0016.txt,1,1,0,0,9.661971830985916,9.661971830985916,9.661971830985916,9.661971830985916,9.661971830985916,0.0,0.0,686.0,686.0,686,686,686,0.0,0.0,71.0,71.0,71,71,71,0.0,0.0,0.093807,0.093807,0.093807,0.093807,0.093807,0.0,0.0
a,smaller_exact,instance_0017.txt,1,1,0,0,3.8043478260869565,3.8043478260869565,3.8043478260869565,3.8043478260869565,3.8043478260869565,0.0,0.0,175.0,175.0,175,175,175,0.0,0.0,46.0,46.0,46,46,46,0.0,0.0,0.021542,0.021542,0.021542,0.021542,0.021542,0.0,0.0
a,smaller_exact,instance_0018.txt,1,1,0,0,15.253164556962025,15.253164556962025,15.253164556962025,15.253164556962025,15.253164556962025,0.0,0.0,1205.0,1205.0,1205,1205,1205,0.0,0.0,79.0,79.0,79,79,79,0.0,0.0,0.134009,0.134009,0.134009,0.134009,0.134009,0.0,0.0
a,smaller_exact,instance_0019.txt,1,1,0,0,9.514285714285714,9.514285714285714,9.514285714285714,9.514285714285714,9.514285714285714,0.0,0.0,999.0,999.0,999,999,999,0.0,0.0,105.0,105.0,105,105,105,0.0,0.0,0.156426,0.156426,0.156426,0.156426,0.156426,0.0,0.0
a,smaller_exact,instance_0020.txt,1,1,0,0,5.0,5.0,5.0,5.0,5.0,0.0,0.0,10.0,10.0,10,10,10,0.0,0.0,2.0,2.0,2,2,2,0.0,0.0,0.008447,0.008447,0.008447,0.008447,0.008447,0.0,0.0
a,smaller_multi,instance_0001.txt,1,1,0,0,2.357142857142857,2.357142857142857,2.357142857142857,2.357142857142857,2.357142857142857,0.0,0.0,66.0,66.0,66,66,66,0.0,0.0,28.0,28.0,28,28,28,0.0,0.0,0.00381,0.00381,0.00381,0.00381,0.00381,0.0,0.0
a,smaller_multi,instance_0002.txt,1,1,0,0,1.0,1.0,1.0,1.0,1.0,0.0,0.0,2.0,2.0,2,2,2,0.0,0.0,2.0,2.0,2,2,2,0.0,0.0,0.000111,0.000111,0.000111,0.000111,0.000111,0.0,0.0
a,smaller_multi,instance_0003.txt,1,1,0,0,2.810810810810811,2.810810810810811,2.810810810810811,2.810810810810811,2.810810810810811,0.0,0.0,104.0,104.0,104,104,104,0.0,0.0,37.0,37.0,37,37,37,0.0,0.0,0.00777,0.00777,0.00777,0.00777,0.00777,0.0,0.0
a,smaller_multi,instance_0004.txt,1,1,0,0,1.6363636363636365,1.6363636363636365,1.6363636363636365,1.6363636363636365,1.6363636363636365,0.0,0.0,36.0,36.0,36,36,36,0.0,0.0,22.0,22.0,22,22,22,0.0,0.0,0.001138,0.001138,0.001138,0.001138,0.001138,0.0,0.0
a,smaller_multi,instance_0005.txt,1,1,0,0,31.156028368794328,31.156028368794328,31.156028368794328,31.156028368794328,31.156028368794328,0.0,0.0,4393.0,4393.0,4393,4393,4393,0.0,0.0,141.0,141.0,141,141,141,0.0,0.0,0.193324,0.193324,0.193324,0.193324,0.193324,0.0,0.0
a,smaller_multi,instance_0006.txt,1,1,0,0,26.65753424657534,26.65753424657534,26.65753424657534,26.65753424657534,26.65753424657534,0.0,0.0,3892.0,3892.0,3892,3892,3892,0.0,0.0,146.0,146.0,146,146,146,0.0,0.0,0.272872,0.272872,0.272872,0.272872,0.272872,0.0,0.0
a,smaller_multi,instance_0007.txt,1,1,0,0,26.53103448275862,26.53103448275862,26.53103448275862,26.53103448275862,26.53103448275862,0.0,0.0,3847.0,3847.0,3847,3847,3847,0.0,0.0,145.0,145.0,145,145,145,0.0,0.0,0.314337,0.314337,0.314337,0.314337,0.314337,0.0,0.0
a,smaller_multi,instance_0008.txt,1,1,0,0,20.41007194244604,20.41007194244604,20.41007194244604,20.41007194244604,20.41007194244604,0.0,0.0,2837.0,2837.0,2837,2837,2837,0.0,0.0,139.0,139.0,139,139,139,0.0,0.0,0.279672,0.279672,0.279672,0.279672,0.279672,0.0,0.0
a,smaller_multi,instance_0009.txt,1,1,0,0,1.9240506329113924,1.9240506329113924,1.9240506329113924,1.9240506329113924,1.9240506329113924,0.0,0.0,152.0,152.0,152,152,152,0.0,0.0,79.0,79.0,79,79,79,0.0,0.0,0.029023,0.029023,0.029023,0.029023,0.029023,0.0,0.0
a,smaller_multi,instance_0010.txt,1,1,0,0,5.759075907590759,5.759075907590759,5.759075907590759,5.759075907590759,5.759075907590759,0.0,0.0,1745.0,1745.0,1745,1745,1745,0.0,0.0,303.0,303.0,303,303,303,0.0,0.0,0.478746,0.478746,0.478746,0.478746,0.478746,0.0,0.0
a,smaller_multi,instance_0011.txt,1,1,0,0,6.806666666666667,6.806666666666667,6.806666666666667,6.806666666666667,6.806666666666667,0.0,0.0,2042.0,2042.0,2042,2042,2042,0.0,0.0,300.0,300.0,300,300,300,0.0,0.0,0.448416,0.448416,0.448416,0.448416,0.448416,0.0,0.0
a,smaller_multi,instance_0012.txt,1,1,0,0,2.046511627906977,2.046511627906977,2.046511627906977,2.046511627906977,2.046511627906977,0.0,0.0,176.0,176.0,176,176,176,0.0,0.0,86.0,86.0,86,86,86,0.0,0.0,0.030661,0.030661,0.030661,0.030661,0.030661,0.0,0.0
a,smaller_multi,instance_0013.txt,1,1,0,0,12.453804347826088,12.453804347826088,12.453804347826088,12.453804347826088,12.453804347826088,0.0,0.0,4583.0,4583.0,4583,4583,4583,0.0,0.0,368.0,368.0,368,368,368,0.0,0.0,0.697248,0.697248,0.697248,0.697248,0.697248,0.0,0.0
a,smaller_multi,instance_0014.txt,1,1,0,0,20.473544973544975,20.473544973544975,20.473544973544975,20.473544973544975,20.473544973544975,0.0,0.0,7739.0,7739.0,7739,7739,7739,0.0,0.0,378.0,378.0,378,378,378,0.0,0.0,1.221972,1.221972,1.221972,1.221972,1.221972,0.0,0.0
a,smaller_multi,instance_0015.txt,1,1,0,0,10.663768115942029,10.663768115942029,10.663768115942029,10.663768115942029,10.663768115942029,0.0,0.0,3679.0,3679.0,3679,3679,3679,0.0,0.0,345.0,345.0,345,345,345,0.0,0.0,0.840136,0.840136,0.840136,0.840136,0.840136,0.0,0.0
a,smaller_multi,instance_0016.txt,1,1,0,0,9.661971830985916,9.661971830985916,9.661971830985916,9.661971830985916,9.661971830985916,0.0,0.0,686.0,686.0,686,686,686,0.0,0.0,71.0,71.0,71,71,71,0.0,0.0,0.022106,0.022106,0.022106,0.022106,0.022106,0.0,0.0
a,smaller_multi,instance_0017.txt,1,1,0,0,3.8043478260869565,3.8043478260869565,3.8043478260869565,3.8043478260869565,3.8043478260869565,0.0,0.0,175.0,175.0,175,175,175,0.0,0.0,46.0,46.0,46,46,46,0.0,0.0,0.013973,0.013973,0.013973,0.013973,0.013973,0.0,0.0
a,smaller_multi,instance_0018.txt,1,1,0,0,15.253164556962025,15.253164556962025,15.253164556962025,15.253164556962025,15.253164556962025,0.0,0.0,1205.0,1205.0,1205,1205,1205,0.0,0.0,79.0,79.0,79,79,79,0.0,0.0,0.039689,0.039689,0.039689,0.039689,0.039689,0.0,0.0
a,smaller_multi,instance_0019.txt,1,1,0,0,9.336448598130842,9.336448598130842,9.336448598130842,9.336448598130842,9.336448598130842,0.0,0.0,999.0,999.0,999,999,999,0.0,0.0,107.0,107.0,107,107,107,0.0,0.0,0.073296,0.073296,0.073296,0.073296,0.073296,0.0,0.0
a,smaller_multi,instance_0020.txt,1,1,0,0,5.0,5.0,5.0,5.0,5.0,0.0,0.0,10.0,10.0,10,10,10,0.0,0.0,2.0,2.0,2,2,2,0.0,0.0,8.3e-05,8.3e-05,8.3e-05,8.3e-05,8.3e-05,0.0,0.0
