dataset,algorithm,instance,total_runs,feasible_runs,infeasible_runs,timed_out_runs,objective_mean,objective_median,objective_mode,objective_min,objective_max,objective_variance,objective_std_dev,gap_mean,gap_median,gap_mode,gap_min,gap_max,gap_variance,gap_std_dev,items_mean,items_median,items_mode,items_min,items_max,items_variance,items_std_dev,aisles_mean,aisles_median,aisles_mode,aisles_min,aisles_max,aisles_variance,aisles_std_dev,exec_time_mean,exec_time_median,exec_time_mode,exec_time_min,exec_time_max,exec_time_variance,exec_time_std_dev
a,simple_asc_exact,instance_0001.txt,5,5,0,0,2.4444444444444446,2.4444444444444446,2.4444444444444446,2.4444444444444446,2.4444444444444446,0.0,0.0,0.837037037037037,0.837037037037037,0.837037037037037,0.837037037037037,0.837037037037037,0.0,0.0,66.0,66.0,66,66,66,0.0,0.0,27.0,27.0,27,27,27,0.0,0.0,0.0497142,0.047717,0.051068,0.035099,0.075062,0.00019274571496000003,0.013883289054111063
a,simple_asc_exact,instance_0002.txt,5,5,0,0,1.0,1.0,1.0,1.0,1.0,0.0,0.0,0.5,0.5,0.5,0.5,0.5,0.0,0.0,2.0,2.0,2,2,2,0.0,0.0,2.0,2.0,2,2,2,0.0,0.0,0.011786,0.011533,0.008222,0.008222,0.015825,9.914294e-06,0.0031486971909029295
a,simple_asc_exact,instance_0003.txt,5,5,0,0,2.9714285714285715,2.9714285714285715,2.9714285714285715,2.9714285714285715,2.9714285714285715,0.0,0.0,0.7523809523809524,0.7523809523809524,0.7523809523809524,0.7523809523809524,0.7523809523809524,0.0,0.0,104.0,104.0,104,104,104,0.0,0.0,35.0,35.0,35,35,35,0.0,0.0,0.058773200000000005,0.047951,0.047951,0.042252,0.083568,0.00026459587256000007,0.016266403184478126
a,simple_asc_exact,instance_0004.txt,5,5,0,0,1.7142857142857142,1.7142857142857142,1.7142857142857142,1.7142857142857142,1.7142857142857142,0.0,0.0,0.5102040816326531,0.5102040816326531,0.5102040816326531,0.5102040816326531,0.5102040816326531,0.0,0.0,36.0,36.0,36,36,36,0.0,0.0,21.0,21.0,21,21,21,0.0,0.0,0.0262364,0.021185,0.019826,0.018042,0.036731,6.556592104e-05,0.008097278619388122
a,simple_asc_exact,instance_0005.txt,5,5,0,0,31.15602836879433,31.156028368794328,31.156028368794328,31.156028368794328,31.156028368794328,1.262177448353619e-29,3.552713678800501e-15,0.8248431293391747,0.8248431293391746,0.8248431293391746,0.8248431293391746,0.8248431293391746,1.232595164407831e-32,1.1102230246251565e-16,4393.0,4393.0,4393,4393,4393,0.0,0.0,141.0,141.0,141,141,141,0.0,0.0,1.3225222,1.390919,1.037862,1.037862,1.60335,0.038355401472559995,0.19584535090872082
a,simple_asc_exact,instance_0006.txt,5,5,0,0,26.841379310344827,26.841379310344827,26.841379310344827,26.841379310344827,26.841379310344827,0.0,0.0,0.9611557462947253,0.9611557462947253,0.9611557462947253,0.9611557462947253,0.9611557462947253,0.0,0.0,3892.0,3892.0,3892,3892,3892,0.0,0.0,145.0,145.0,145,145,145,0.0,0.0,1.5087401999999999,1.558497,1.879826,1.191805,1.879826,0.06510653401576,0.25515982053560077
a,simple_asc_exact,instance_0007.txt,5,5,0,0,26.53103448275862,26.53103448275862,26.53103448275862,26.53103448275862,26.53103448275862,0.0,0.0,0.9323619261115141,0.932361926111514,0.932361926111514,0.932361926111514,0.932361926111514,1.232595164407831e-32,1.1102230246251565e-16,3847.0,3847.0,3847,3847,3847,0.0,0.0,145.0,145.0,145,145,145,0.0,0.0,1.2441602,1.214531,1.21066,1.188077,1.392716,0.005615065462960001,0.07493374048424382
a,simple_asc_exact,instance_0008.txt,5,5,0,0,20.41007194244604,20.41007194244604,20.41007194244604,20.41007194244604,20.41007194244604,0.0,0.0,0.8747396306781289,0.8747396306781289,0.8747396306781289,0.8747396306781289,0.8747396306781289,0.0,0.0,2837.0,2837.0,2837,2837,2837,0.0,0.0,139.0,139.0,139,139,139,0.0,0.0,0.973706,0.962249,0.867503,0.867503,1.07682,0.004704029610000004,0.0685859286588729
a,simple_asc_exact,instance_0009.txt,5,5,0,0,2.026666666666667,2.026666666666667,2.026666666666667,2.026666666666667,2.026666666666667,0.0,0.0,0.5411320754716981,0.5411320754716981,0.5411320754716981,0.5411320754716981,0.5411320754716981,0.0,0.0,152.0,152.0,152,152,152,0.0,0.0,75.0,75.0,75,75,75,0.0,0.0,0.1422158,0.128649,0.108149,0.108149,0.200803,0.00110324759456,0.03321517115054505
a,simple_asc_exact,instance_0010.txt,5,5,0,0,5.7781456953642385,5.7781456953642385,5.7781456953642385,5.7781456953642385,5.7781456953642385,0.0,0.0,0.6623385342005395,0.6623385342005395,0.6623385342005395,0.6623385342005395,0.6623385342005395,0.0,0.0,1745.0,1745.0,1745,1745,1745,0.0,0.0,302.0,302.0,302,302,302,0.0,0.0,1.2058642,1.236988,1.112642,1.070695,1.359397,0.010682967106960001,0.10335843994062605
a,simple_asc_exact,instance_0011.txt,5,5,0,0,6.829431438127091,6.829431438127091,6.829431438127091,6.829431438127091,6.829431438127091,0.0,0.0,0.5946924962535851,0.5946924962535851,0.5946924962535851,0.5946924962535851,0.5946924962535851,0.0,0.0,2042.0,2042.0,2042,2042,2042,0.0,0.0,299.0,299.0,299,299,299,0.0,0.0,1.2386416,1.208747,1.208747,1.067993,1.390381,0.01330234911264001,0.11533581019197815
a,simple_asc_exact,instance_0012.txt,5,5,0,0,2.0952380952380953,2.0952380952380953,2.0952380952380953,2.0952380952380953,2.0952380952380953,0.0,0.0,0.8137566137566138,0.8137566137566138,0.8137566137566138,0.8137566137566138,0.8137566137566138,0.0,0.0,176.0,176.0,176,176,176,0.0,0.0,84.0,84.0,84,84,84,0.0,0.0,0.0913612,0.091283,0.094416,0.081416,0.10593,7.565157895999996e-05,0.008697791613967304
a,simple_asc_exact,instance_0013.txt,5,5,0,0,12.453804347826088,12.453804347826088,12.453804347826088,12.453804347826088,12.453804347826088,0.0,0.0,0.8939059917944043,0.8939059917944042,0.8939059917944042,0.8939059917944042,0.8939059917944042,1.232595164407831e-32,1.1102230246251565e-16,4583.0,4583.0,4583,4583,4583,0.0,0.0,368.0,368.0,368,368,368,0.0,0.0,2.6105069999999997,2.635684,2.349877,2.349877,2.814476,0.032156106387199984,0.17932123797029728
a,simple_asc_exact,instance_0014.txt,5,5,0,0,20.52785145888594,20.52785145888594,20.52785145888594,20.52785145888594,20.52785145888594,0.0,0.0,0.8869838007769042,0.8869838007769042,0.8869838007769042,0.8869838007769042,0.8869838007769042,0.0,0.0,7739.0,7739.0,7739,7739,7739,0.0,0.0,377.0,377.0,377,377,377,0.0,0.0,4.7570754,4.752105,4.454929,4.454929,5.010506,0.03534304859464004,0.18799746964956746
a,simple_asc_exact,instance_0015.txt,5,5,0,0,10.725947521865889,10.725947521865889,10.725947521865889,10.725947521865889,10.725947521865889,0.0,0.0,0.9281744585589337,0.9281744585589338,0.9281744585589338,0.9281744585589338,0.9281744585589338,1.232595164407831e-32,1.1102230246251565e-16,3679.0,3679.0,3679,3679,3679,0.0,0.0,343.0,343.0,343,343,343,0.0,0.0,2.374078,2.389265,1.851151,1.851151,2.953331,0.13250196868079997,0.3640081986450305
a,simple_asc_exact,instance_0016.txt,5,5,0,0,9.661971830985916,9.661971830985916,9.661971830985916,9.661971830985916,9.661971830985916,0.0,0.0,0.8863297431648716,0.8863297431648716,0.8863297431648716,0.8863297431648716,0.8863297431648716,0.0,0.0,686.0,686.0,686,686,686,0.0,0.0,71.0,71.0,71,71,71,0.0,0.0,0.1067544,0.092161,0.092161,0.082084,0.182281,0.0014497179282399997,0.03807516156551407
a,simple_asc_exact,instance_0017.txt,5,5,0,0,3.804347826086956,3.8043478260869565,3.8043478260869565,3.8043478260869565,3.8043478260869565,1.9721522630525295e-31,4.440892098500626e-16,0.8957712924359738,0.8957712924359739,0.8957712924359739,0.8957712924359739,0.8957712924359739,1.232595164407831e-32,1.1102230246251565e-16,175.0,175.0,175,175,175,0.0,0.0,46.0,46.0,46,46,46,0.0,0.0,0.035975999999999994,0.031898,0.030871,0.027604,0.057214,0.00011547972520000002,0.010746149319640037
a,simple_asc_exact,instance_0018.txt,5,5,0,0,15.253164556962025,15.253164556962025,15.253164556962025,15.253164556962025,15.253164556962025,0.0,0.0,0.8698535447358189,0.869853544735819,0.869853544735819,0.869853544735819,0.869853544735819,1.232595164407831e-32,1.1102230246251565e-16,1205.0,1205.0,1205,1205,1205,0.0,0.0,79.0,79.0,79,79,79,0.0,0.0,0.19508379999999997,0.205702,0.187169,0.148886,0.222654,0.00066466460576,0.025781090080910077
a,simple_asc_exact,instance_0019.txt,5,5,0,0,9.514285714285714,9.514285714285714,9.514285714285714,9.514285714285714,9.514285714285714,0.0,0.0,0.952899575671853,0.9528995756718529,0.9528995756718529,0.9528995756718529,0.9528995756718529,1.232595164407831e-32,1.1102230246251565e-16,999.0,999.0,999,999,999,0.0,0.0,105.0,105.0,105,105,105,0.0,0.0,0.24296120000000002,0.272863,0.180198,0.180198,0.28839,0.00244709238376,0.0494680946040981
a,simple_asc_exact,instance_0020.txt,5,5,0,0,5.0,5.0,5.0,5.0,5.0,0.0,0.0,0.0,0.0,0.0,0.0,0.0,0.0,0.0,10.0,10.0,10,10,10,0.0,0.0,2.0,2.0,2,2,2,0.0,0.0,0.009864000000000001,0.008752,0.00968,0.008459,0.013947,4.3650476e-06,0.0020892696331493454
a,simple_asc_multi,instance_0001.txt,5,5,0,0,2.357142857142857,2.357142857142857,2.357142857142857,2.357142857142857,2.357142857142857,0.0,0.0,0.8428571428571429,0.8428571428571429,0.8428571428571429,0.8428571428571429,0.8428571428571429,0.0,0.0,66.0,66.0,66,66,66,0.0,0.0,28.0,28.0,28,28,28,0.0,0.0,0.009256,0.008375,0.011344,0.008093,0.011344,1.7871828e-06,0.0013368555643748505
a,simple_asc_multi,instance_0002.txt,5,5,0,0,1.0,1.0,1.0,1.0,1.0,0.0,0.0,0.5,0.5,0.5,0.5,0.5,0.0,0.0,2.0,2.0,2,2,2,0.0,0.0,2.0,2.0,2,2,2,0.0,0.0,0.00020219999999999998,0.000192,0.000192,0.000182,0.000241,5.0056e-10,2.237319825147938e-05
a,simple_asc_multi,instance_0003.txt,5,5,0,0,2.810810810810811,2.810810810810811,2.810810810810811,2.810810810810811,2.810810810810811,0.0,0.0,0.7657657657657658,0.7657657657657658,0.7657657657657658,0.7657657657657658,0.7657657657657658,0.0,0.0,104.0,104.0,104,104,104,0.0,0.0,37.0,37.0,37,37,37,0.0,0.0,0.017071799999999998,0.01547,0.01511,0.01511,0.021503,6.056992560000003e-06,0.002461095804717891
a,simple_asc_multi,instance_0004.txt,5,5,0,0,1.6363636363636362,1.6363636363636365,1.6363636363636365,1.6363636363636365,1.6363636363636365,4.930380657631324e-32,2.220446049250313e-16,0.5324675324675324,0.5324675324675324,0.5324675324675324,0.5324675324675324,0.5324675324675324,0.0,0.0,36.0,36.0,36,36,36,0.0,0.0,22.0,22.0,22,22,22,0.0,0.0,0.0030196,0.002219,0.002225,0.002193,0.006258,2.6219374399999997e-06,0.001619239772238812
a,simple_asc_multi,instance_0005.txt,5,5,0,0,31.15602836879433,31.156028368794328,31.156028368794328,31.156028368794328,31.156028368794328,1.262177448353619e-29,3.552713678800501e-15,0.8248431293391747,0.8248431293391746,0.8248431293391746,0.8248431293391746,0.8248431293391746,1.232595164407831e-32,1.1102230246251565e-16,4393.0,4393.0,4393,4393,4393,0.0,0.0,141.0,141.0,141,141,141,0.0,0.0,0.4915242,0.491867,0.474279,0.339997,0.600735,0.0077383743769600015,0.08796803042560405
a,simple_asc_multi,instance_0006.txt,5,5,0,0,26.65753424657534,26.65753424657534,26.65753424657534,26.65753424657534,26.65753424657534,0.0,0.0,0.9614218028269532,0.9614218028269532,0.9614218028269532,0.9614218028269532,0.9614218028269532,0.0,0.0,3892.0,3892.0,3892,3892,3892,0.0,0.0,146.0,146.0,146,146,146,0.0,0.0,0.6390998,0.608816,0.566002,0.566002,0.79365,0.006433176268159997,0.08020708365325345
a,simple_asc_multi,instance_0007.txt,5,5,0,0,26.53103448275862,26.53103448275862,26.53103448275862,26.53103448275862,26.53103448275862,0.0,0.0,0.9323619261115141,0.932361926111514,0.932361926111514,0.932361926111514,0.932361926111514,1.232595164407831e-32,1.1102230246251565e-16,3847.0,3847.0,3847,3847,3847,0.0,0.0,145.0,145.0,145,145,145,0.0,0.0,0.6531220000000001,0.648964,0.624155,0.545263,0.768305,0.005284551004799999,0.0726949173243907
a,simple_asc_multi,instance_0008.txt,5,5,0,0,20.41007194244604,20.41007194244604,20.41007194244604,20.41007194244604,20.41007194244604,0.0,0.0,0.8747396306781289,0.8747396306781289,0.8747396306781289,0.8747396306781289,0.8747396306781289,0.0,0.0,2837.0,2837.0,2837,2837,2837,0.0,0.0,139.0,139.0,139,139,139,0.0,0.0,0.5000264,0.494588,0.458742,0.458431,0.547164,0.00147639006584,0.03842382159338136
a,simple_asc_multi,instance_0009.txt,5,5,0,0,1.9240506329113924,1.9240506329113924,1.9240506329113924,1.9240506329113924,1.9240506329113924,0.0,0.0,0.5643658944351565,0.5643658944351565,0.5643658944351565,0.5643658944351565,0.5643658944351565,0.0,0.0,152.0,152.0,152,152,152,0.0,0.0,79.0,79.0,79,79,79,0.0,0.0,0.052520199999999996,0.051321,0.040399,0.040399,0.065746,8.315084616e-05,0.00911870857961806
a,simple_asc_multi,instance_0010.txt,5,5,0,0,5.759075907590759,5.759075907590759,5.759075907590759,5.759075907590759,5.759075907590759,0.0,0.0,0.6634529284771052,0.6634529284771052,0.6634529284771052,0.6634529284771052,0.6634529284771052,0.0,0.0,1745.0,1745.0,1745,1745,1745,0.0,0.0,303.0,303.0,303,303,303,0.0,0.0,0.9271600000000001,0.955256,0.862275,0.733783,1.060739,0.013913302076000006,0.11795466110332396
a,simple_asc_multi,instance_0011.txt,5,5,0,0,6.806666666666667,6.806666666666667,6.806666666666667,6.806666666666667,6.806666666666667,0.0,0.0,0.5960435212660732,0.5960435212660732,0.5960435212660732,0.5960435212660732,0.5960435212660732,0.0,0.0,2042.0,2042.0,2042,2042,2042,0.0,0.0,300.0,300.0,300,300,300,0.0,0.0,0.7347796000000001,0.73571,0.817025,0.571696,0.817025,0.008007319145840002,0.08948362501508308
a,simple_asc_multi,instance_0012.txt,5,5,0,0,2.046511627906977,2.046511627906977,2.046511627906977,2.046511627906977,2.046511627906977,0.0,0.0,0.8180878552971576,0.8180878552971577,0.8180878552971577,0.8180878552971577,0.8180878552971577,1.232595164407831e-32,1.1102230246251565e-16,176.0,176.0,176,176,176,0.0,0.0,86.0,86.0,86,86,86,0.0,0.0,0.08202319999999999,0.074191,0.06748,0.06748,0.100836,0.00022483639736000003,0.014994545586979288
a,simple_asc_multi,instance_0013.txt,5,5,0,0,12.453804347826088,12.453804347826088,12.453804347826088,12.453804347826088,12.453804347826088,0.0,0.0,0.8939059917944043,0.8939059917944042,0.8939059917944042,0.8939059917944042,0.8939059917944042,1.232595164407831e-32,1.1102230246251565e-16,4583.0,4583.0,4583,4583,4583,0.0,0.0,368.0,368.0,368,368,368,0.0,0.0,1.4949686,1.552025,1.21092,1.21092,1.720469,0.03908877868344,0.19770882297823736
a,simple_asc_multi,instance_0014.txt,5,5,0,0,20.473544973544975,20.473544973544975,20.473544973544975,20.473544973544975,20.473544973544975,0.0,0.0,0.8872827854309338,0.8872827854309336,0.8872827854309336,0.8872827854309336,0.8872827854309336,1.232595164407831e-32,1.1102230246251565e-16,7739.0,7739.0,7739,7739,7739,0.0,0.0,378.0,378.0,378,378,378,0.0,0.0,2.239799,2.345844,2.19519,1.880903,2.426628,0.03783722742479999,0.1945179359976863
a,simple_asc_multi,instance_0015.txt,5,5,0,0,10.663768115942029,10.663768115942029,10.663768115942029,10.663768115942029,10.663768115942029,0.0,0.0,0.9285908385093167,0.9285908385093168,0.9285908385093168,0.9285908385093168,0.9285908385093168,1.232595164407831e-32,1.1102230246251565e-16,3679.0,3679.0,3679,3679,3679,0.0,0.0,345.0,345.0,345,345,345,0.0,0.0,1.8217238000000002,1.917041,2.063275,1.496638,2.063275,0.05704830609816003,0.23884787229146512
a,simple_asc_multi,instance_0016.txt,5,5,0,0,9.661971830985916,9.661971830985916,9.661971830985916,9.661971830985916,9.661971830985916,0.0,0.0,0.8863297431648716,0.8863297431648716,0.8863297431648716,0.8863297431648716,0.8863297431648716,0.0,0.0,686.0,686.0,686,686,686,0.0,0.0,71.0,71.0,71,71,71,0.0,0.0,0.063005,0.053294,0.053294,0.031849,0.121365,0.0009840170884,0.03136904666068129
a,simple_asc_multi,instance_0017.txt,5,5,0,0,3.804347826086956,3.8043478260869565,3.8043478260869565,3.8043478260869565,3.8043478260869565,1.9721522630525295e-31,4.440892098500626e-16,0.8957712924359738,0.8957712924359739,0.8957712924359739,0.8957712924359739,0.8957712924359739,1.232595164407831e-32,1.1102230246251565e-16,175.0,175.0,175,175,175,0.0,0.0,46.0,46.0,46,46,46,0.0,0.0,0.0197684,0.020493,0.017472,0.017472,0.021068,1.6639130399999993e-06,0.0012899275328482603
a,simple_asc_multi,instance_0018.txt,5,5,0,0,15.253164556962025,15.253164556962025,15.253164556962025,15.253164556962025,15.253164556962025,0.0,0.0,0.8698535447358189,0.869853544735819,0.869853544735819,0.869853544735819,0.869853544735819,1.232595164407831e-32,1.1102230246251565e-16,1205.0,1205.0,1205,1205,1205,0.0,0.0,79.0,79.0,79,79,79,0.0,0.0,0.1019342,0.092386,0.080721,0.072615,0.134187,0.0006430826053599999,0.025359073432600014
a,simple_asc_multi,instance_0019.txt,5,5,0,0,9.336448598130842,9.336448598130842,9.336448598130842,9.336448598130842,9.336448598130842,0.0,0.0,0.9537799574349959,0.9537799574349959,0.9537799574349959,0.9537799574349959,0.9537799574349959,0.0,0.0,999.0,999.0,999,999,999,0.0,0.0,107.0,107.0,107,107,107,0.0,0.0,0.2070548,0.193237,0.17134,0.155882,0.264861,0.001853406422960001,0.04305120698609972
a,simple_asc_multi,instance_0020.txt,5,5,0,0,5.0,5.0,5.0,5.0,5.0,0.0,0.0,0.0,0.0,0.0,0.0,0.0,0.0,0.0,10.0,10.0,10,10,10,0.0,0.0,2.0,2.0,2,2,2,0.0,0.0,0.00017,0.00016,0.000216,0.000149,0.000216,5.763999999999999e-10,2.40083318870762e-05
a,simple_asc_simple,instance_0001.txt,5,5,0,0,2.2758620689655173,2.2758620689655173,2.2758620689655173,2.2758620689655173,2.2758620689655173,0.0,0.0,0.8482758620689654,0.8482758620689654,0.8482758620689654,0.8482758620689654,0.8482758620689654,0.0,0.0,66.0,66.0,66,66,66,0.0,0.0,29.0,29.0,29,29,29,0.0,0.0,0.0020458,0.002043,0.002047,0.001989,0.002111,1.5065600000000035e-09,3.88144303062663e-05
a,simple_asc_simple,instance_0002.txt,5,5,0,0,1.0,1.0,1.0,1.0,1.0,0.0,0.0,0.5,0.5,0.5,0.5,0.5,0.0,0.0,2.0,2.0,2,2,2,0.0,0.0,2.0,2.0,2,2,2,0.0,0.0,9.04e-05,9.4e-05,9.6e-05,7.7e-05,9.7e-05,5.463999999999999e-11,7.391887445030531e-06
a,simple_asc_simple,instance_0003.txt,5,5,0,0,2.6666666666666665,2.6666666666666665,2.6666666666666665,2.6666666666666665,2.6666666666666665,0.0,0.0,0.7777777777777778,0.7777777777777778,0.7777777777777778,0.7777777777777778,0.7777777777777778,0.0,0.0,104.0,104.0,104,104,104,0.0,0.0,39.0,39.0,39,39,39,0.0,0.0,0.005346,0.004211,0.004084,0.004084,0.007148,2.0991196e-06,0.0014488338759153859
a,simple_asc_simple,instance_0004.txt,5,5,0,0,1.6363636363636362,1.6363636363636365,1.6363636363636365,1.6363636363636365,1.6363636363636365,4.930380657631324e-32,2.220446049250313e-16,0.5324675324675324,0.5324675324675324,0.5324675324675324,0.5324675324675324,0.5324675324675324,0.0,0.0,36.0,36.0,36,36,36,0.0,0.0,22.0,22.0,22,22,22,0.0,0.0,0.0010054,0.000977,0.001076,0.000951,0.001076,2.7058399999999965e-09,5.2017689298929804e-05
a,simple_asc_simple,instance_0005.txt,5,5,0,0,31.15602836879433,31.156028368794328,31.156028368794328,31.156028368794328,31.156028368794328,1.262177448353619e-29,3.552713678800501e-15,0.8248431293391747,0.8248431293391746,0.8248431293391746,0.8248431293391746,0.8248431293391746,1.232595164407831e-32,1.1102230246251565e-16,4393.0,4393.0,4393,4393,4393,0.0,0.0,141.0,141.0,141,141,141,0.0,0.0,0.24993020000000002,0.257146,0.226754,0.214537,0.28855,0.0006991042473599994,0.02644057955794463
a,simple_asc_simple,instance_0006.txt,5,5,0,0,26.120805369127517,26.120805369127517,26.120805369127517,26.120805369127517,26.120805369127517,0.0,0.0,0.9621985450519139,0.9621985450519138,0.9621985450519138,0.9621985450519138,0.9621985450519138,1.232595164407831e-32,1.1102230246251565e-16,3892.0,3892.0,3892,3892,3892,0.0,0.0,149.0,149.0,149,149,149,0.0,0.0,0.2755834,0.265221,0.265221,0.226561,0.313469,0.0011254256362399993,0.033547364072904436
a,simple_asc_simple,instance_0007.txt,5,5,0,0,25.81879194630873,25.818791946308725,25.818791946308725,25.818791946308725,25.818791946308725,1.262177448353619e-29,3.552713678800501e-15,0.9341777133299967,0.9341777133299968,0.9341777133299968,0.9341777133299968,0.9341777133299968,1.232595164407831e-32,1.1102230246251565e-16,3847.0,3847.0,3847,3847,3847,0.0,0.0,149.0,149.0,149,149,149,0.0,0.0,0.24566320000000003,0.24193,0.24193,0.236455,0.258284,8.033960296000013e-05,0.008963236187895537
a,simple_asc_simple,instance_0008.txt,5,5,0,0,20.120567375886523,20.120567375886523,20.120567375886523,20.120567375886523,20.120567375886523,0.0,0.0,0.8765163735053895,0.8765163735053895,0.8765163735053895,0.8765163735053895,0.8765163735053895,0.0,0.0,2837.0,2837.0,2837,2837,2837,0.0,0.0,141.0,141.0,141,141,141,0.0,0.0,0.2002904,0.198714,0.198714,0.163856,0.256485,0.0009907104970400004,0.03147555395922366
a,simple_asc_simple,instance_0009.txt,5,5,0,0,1.7078651685393258,1.7078651685393258,1.7078651685393258,1.7078651685393258,1.7078651685393258,0.0,0.0,0.6133135467458131,0.6133135467458131,0.6133135467458131,0.6133135467458131,0.6133135467458131,0.0,0.0,152.0,152.0,152,152,152,0.0,0.0,89.0,89.0,89,89,89,0.0,0.0,0.021698600000000002,0.021416,0.025324,0.014092,0.026263,1.840157184e-05,0.0042897053325374225
a,simple_asc_simple,instance_0010.txt,5,5,0,0,5.470219435736677,5.470219435736677,5.470219435736677,5.470219435736677,5.470219435736677,0.0,0.0,0.6803330323779402,0.6803330323779402,0.6803330323779402,0.6803330323779402,0.6803330323779402,0.0,0.0,1745.0,1745.0,1745,1745,1745,0.0,0.0,319.0,319.0,319,319,319,0.0,0.0,0.3067394,0.308638,0.336776,0.26483,0.354,0.0012572079534399997,0.03545712838682794
a,simple_asc_simple,instance_0011.txt,5,5,0,0,6.401253918495298,6.401253918495298,6.401253918495298,6.401253918495298,6.401253918495298,0.0,0.0,0.6201036250151158,0.6201036250151158,0.6201036250151158,0.6201036250151158,0.6201036250151158,0.0,0.0,2042.0,2042.0,2042,2042,2042,0.0,0.0,319.0,319.0,319,319,319,0.0,0.0,0.34013000000000004,0.345243,0.36952,0.312844,0.36952,0.0004238389939999998,0.020587350339468163
a,simple_asc_simple,instance_0012.txt,5,5,0,0,1.777777777777778,1.7777777777777777,1.7777777777777777,1.7777777777777777,1.7777777777777777,4.930380657631324e-32,2.220446049250313e-16,0.8419753086419753,0.8419753086419752,0.8419753086419752,0.8419753086419752,0.8419753086419752,1.232595164407831e-32,1.1102230246251565e-16,176.0,176.0,176,176,176,0.0,0.0,99.0,99.0,99,99,99,0.0,0.0,0.0231908,0.023233,0.02282,0.021072,0.025199,1.7708701599999994e-06,0.0013307404555359394
a,simple_asc_simple,instance_0013.txt,5,5,0,0,12.386486486486486,12.386486486486486,12.386486486486486,12.386486486486486,12.386486486486486,0.0,0.0,0.89447947291984,0.8944794729198399,0.8944794729198399,0.8944794729198399,0.8944794729198399,1.232595164407831e-32,1.1102230246251565e-16,4583.0,4583.0,4583,4583,4583,0.0,0.0,370.0,370.0,370,370,370,0.0,0.0,0.7947726,0.817373,0.818975,0.714662,0.869839,0.002978597512240001,0.0545765289500899
a,simple_asc_simple,instance_0014.txt,5,5,0,0,20.153645833333332,20.153645833333332,20.153645833333332,20.153645833333332,20.153645833333332,0.0,0.0,0.8890439919085752,0.8890439919085752,0.8890439919085752,0.8890439919085752,0.8890439919085752,0.0,0.0,7739.0,7739.0,7739,7739,7739,0.0,0.0,384.0,384.0,384,384,384,0.0,0.0,2.2369703999999997,2.310241,1.666136,1.666136,2.732294,0.11927558540503999,0.3453629763090421
a,simple_asc_simple,instance_0015.txt,5,5,0,0,10.305322128851541,10.305322128851541,10.305322128851541,10.305322128851541,10.305322128851541,0.0,0.0,0.9309911464585834,0.9309911464585834,0.9309911464585834,0.9309911464585834,0.9309911464585834,0.0,0.0,3679.0,3679.0,3679,3679,3679,0.0,0.0,357.0,357.0,357,357,357,0.0,0.0,1.1988584,1.253458,0.970646,0.970646,1.351437,0.01680758293624,0.12964406247969862
a,simple_asc_simple,instance_0016.txt,5,5,0,0,9.527777777777779,9.527777777777779,9.527777777777779,9.527777777777779,9.527777777777779,0.0,0.0,0.8879084967320262,0.8879084967320262,0.8879084967320262,0.8879084967320262,0.8879084967320262,0.0,0.0,686.0,686.0,686,686,686,0.0,0.0,72.0,72.0,72,72,72,0.0,0.0,0.053940199999999994,0.046846,0.059426,0.044505,0.07397,0.00013027787055999994,0.011413933176604808
a,simple_asc_simple,instance_0017.txt,5,5,0,0,3.804347826086956,3.8043478260869565,3.8043478260869565,3.8043478260869565,3.8043478260869565,1.9721522630525295e-31,4.440892098500626e-16,0.8957712924359738,0.8957712924359739,0.8957712924359739,0.8957712924359739,0.8957712924359739,1.232595164407831e-32,1.1102230246251565e-16,175.0,175.0,175,175,175,0.0,0.0,46.0,46.0,46,46,46,0.0,0.0,0.0174006,0.017786,0.016817,0.012861,0.021163,7.240829840000003e-06,0.0026908790087999132
a,simple_asc_simple,instance_0018.txt,5,5,0,0,15.253164556962025,15.253164556962025,15.253164556962025,15.253164556962025,15.253164556962025,0.0,0.0,0.8698535447358189,0.869853544735819,0.869853544735819,0.869853544735819,0.869853544735819,1.232595164407831e-32,1.1102230246251565e-16,1205.0,1205.0,1205,1205,1205,0.0,0.0,79.0,79.0,79,79,79,0.0,0.0,0.1162202,0.110122,0.100678,0.095958,0.137784,0.00031359380576,0.017708580004054533
a,simple_asc_simple,instance_0019.txt,5,5,0,0,9.0,9.0,9.0,9.0,9.0,0.0,0.0,0.9554455445544555,0.9554455445544554,0.9554455445544554,0.9554455445544554,0.9554455445544554,1.232595164407831e-32,1.1102230246251565e-16,999.0,999.0,999,999,999,0.0,0.0,111.0,111.0,111,111,111,0.0,0.0,0.14346679999999998,0.149225,0.124144,0.124144,0.166885,0.00025717002456000006,0.016036521585431177
a,simple_asc_simple,instance_0020.txt,5,5,0,0,3.3333333333333335,3.3333333333333335,3.3333333333333335,3.3333333333333335,3.3333333333333335,0.0,0.0,0.3333333333333333,0.3333333333333333,0.3333333333333333,0.3333333333333333,0.3333333333333333,0.0,0.0,10.0,10.0,10,10,10,0.0,0.0,3.0,3.0,3,3,3,0.0,0.0,0.000166,0.000164,0.000182,0.000156,0.000182,7.520000000000003e-11,8.671793355471521e-06
a,simple_desc_exact,instance_0001.txt,5,5,0,0,5.230769230769231,5.230769230769231,5.230769230769231,5.230769230769231,5.230769230769231,0.0,0.0,0.6512820512820513,0.6512820512820513,0.6512820512820513,0.6512820512820513,0.6512820512820513,0.0,0.0,68.0,68.0,68,68,68,0.0,0.0,13.0,13.0,13,13,13,0.0,0.0,0.0335502,0.034724,0.036936,0.028822,0.036961,1.1468548159999992e-05,0.0033865244957035218
a,simple_desc_exact,instance_0002.txt,5,5,0,0,2.0,2.0,2.0,2.0,2.0,0.0,0.0,0.0,0.0,0.0,0.0,0.0,0.0,0.0,2.0,2.0,2,2,2,0.0,0.0,1.0,1.0,1,1,1,0.0,0.0,0.0089664,0.009407,0.011595,0.005159,0.01162,6.462062239999999e-06,0.002542058661793626
a,simple_desc_exact,instance_0003.txt,5,5,0,0,4.608695652173913,4.608695652173913,4.608695652173913,4.608695652173913,4.608695652173913,0.0,0.0,0.6159420289855072,0.6159420289855072,0.6159420289855072,0.6159420289855072,0.6159420289855072,0.0,0.0,106.0,106.0,106,106,106,0.0,0.0,23.0,23.0,23,23,23,0.0,0.0,0.033539200000000005,0.030854,0.020702,0.020702,0.047991,8.261770855999998e-05,0.009089428395669332
a,simple_desc_exact,instance_0004.txt,5,5,0,0,2.1052631578947367,2.1052631578947367,2.1052631578947367,2.1052631578947367,2.1052631578947367,0.0,0.0,0.3984962406015038,0.3984962406015038,0.3984962406015038,0.3984962406015038,0.3984962406015038,0.0,0.0,40.0,40.0,40,40,40,0.0,0.0,19.0,19.0,19,19,19,0.0,0.0,0.018228,0.017427,0.02589,0.012259,0.02589,2.0116925999999998e-05,0.004485189628098236
a,simple_desc_exact,instance_0005.txt,5,5,0,0,35.16,35.16,35.16,35.16,35.16,0.0,0.0,0.8023330990864371,0.8023330990864371,0.8023330990864371,0.8023330990864371,0.8023330990864371,0.0,0.0,4395.0,4395.0,4395,4395,4395,0.0,0.0,125.0,125.0,125,125,125,0.0,0.0,0.583689,0.603492,0.470501,0.470501,0.683499,0.0061844345356,0.0786411758279338
a,simple_desc_exact,instance_0006.txt,5,5,0,0,31.9016393442623,31.901639344262296,31.901639344262296,31.901639344262296,31.901639344262296,1.262177448353619e-29,3.552713678800501e-15,0.9538326492847145,0.9538326492847145,0.9538326492847145,0.9538326492847145,0.9538326492847145,0.0,0.0,3892.0,3892.0,3892,3892,3892,0.0,0.0,122.0,122.0,122,122,122,0.0,0.0,0.2567566,0.24907,0.273896,0.220262,0.299382,0.0007488943990399992,0.027365935011250744
a,simple_desc_exact,instance_0007.txt,5,5,0,0,28.7089552238806,28.708955223880597,28.708955223880597,28.708955223880597,28.708955223880597,1.262177448353619e-29,3.552713678800501e-15,0.926809546911713,0.9268095469117129,0.9268095469117129,0.9268095469117129,0.9268095469117129,1.232595164407831e-32,1.1102230246251565e-16,3847.0,3847.0,3847,3847,3847,0.0,0.0,134.0,134.0,134,134,134,0.0,0.0,0.6225174,0.664689,0.522582,0.451492,0.801762,0.015119701896639998,0.1229621970226622
a,simple_desc_exact,instance_0008.txt,5,5,0,0,32.26136363636363,32.26136363636363,32.26136363636363,32.26136363636363,32.26136363636363,0.0,0.0,0.8020060715457829,0.8020060715457829,0.8020060715457829,0.8020060715457829,0.8020060715457829,0.0,0.0,2839.0,2839.0,2839,2839,2839,0.0,0.0,88.0,88.0,88,88,88,0.0,0.0,0.3667138,0.35171,0.381547,0.297468,0.472142,0.0035304147497600006,0.059417293356059234
a,simple_desc_exact,instance_0009.txt,5,5,0,0,3.06,3.06,3.06,3.06,3.06,0.0,0.0,0.30716981132075477,0.30716981132075477,0.30716981132075477,0.30716981132075477,0.30716981132075477,0.0,0.0,153.0,153.0,153,153,153,0.0,0.0,50.0,50.0,50,50,50,0.0,0.0,0.0995656,0.093404,0.12994,0.083964,0.12994,0.00026760450664,0.016358621783023164
a,simple_desc_exact,instance_0010.txt,5,5,0,0,6.349090909090909,6.349090909090909,6.349090909090909,6.349090909090909,6.349090909090909,0.0,0.0,0.6289738168807937,0.6289738168807937,0.6289738168807937,0.6289738168807937,0.6289738168807937,0.0,0.0,1746.0,1746.0,1746,1746,1746,0.0,0.0,275.0,275.0,275,275,275,0.0,0.0,1.0130118,0.992405,0.889519,0.889519,1.253078,0.016480112479759994,0.12837489037876523
a,simple_desc_exact,instance_0011.txt,5,5,0,0,7.303571428571429,7.303571428571429,7.303571428571429,7.303571428571429,7.303571428571429,0.0,0.0,0.5665536244171259,0.5665536244171259,0.5665536244171259,0.5665536244171259,0.5665536244171259,0.0,0.0,2045.0,2045.0,2045,2045,2045,0.0,0.0,280.0,280.0,280,280,280,0.0,0.0,1.2508488000000002,1.212815,1.118932,1.118932,1.406868,0.011680919621359994,0.10807830319430442
a,simple_desc_exact,instance_0012.txt,5,5,0,0,3.7659574468085113,3.765957446808511,3.765957446808511,3.765957446808511,3.765957446808511,1.9721522630525295e-31,4.440892098500626e-16,0.6652482269503547,0.6652482269503547,0.6652482269503547,0.6652482269503547,0.6652482269503547,0.0,0.0,177.0,177.0,177,177,177,0.0,0.0,47.0,47.0,47,47,47,0.0,0.0,0.10868960000000001,0.097758,0.077594,0.077594,0.136709,0.00053775700744,0.02318958834132249
a,simple_desc_exact,instance_0013.txt,5,5,0,0,13.094285714285714,13.094285714285714,13.094285714285714,13.094285714285714,13.094285714285714,0.0,0.0,0.8884497285152593,0.8884497285152593,0.8884497285152593,0.8884497285152593,0.8884497285152593,0.0,0.0,4583.0,4583.0,4583,4583,4583,0.0,0.0,350.0,350.0,350,350,350,0.0,0.0,2.9815981999999996,2.880269,2.372658,2.372658,3.635359,0.31024306021256,0.5569946680288421
a,simple_desc_exact,instance_0014.txt,5,5,0,0,20.74798927613941,20.74798927613941,20.74798927613941,20.74798927613941,20.74798927613941,0.0,0.0,0.8857718308120452,0.8857718308120452,0.8857718308120452,0.8857718308120452,0.8857718308120452,0.0,0.0,7739.0,7739.0,7739,7739,7739,0.0,0.0,373.0,373.0,373,373,373,0.0,0.0,5.0603586,5.067482,4.367538,4.367538,5.70638,0.25731820859744026,0.5072654222371561
a,simple_desc_exact,instance_0015.txt,5,5,0,0,10.916913946587536,10.916913946587536,10.916913946587536,10.916913946587536,10.916913946587536,0.0,0.0,0.9268956655362443,0.9268956655362443,0.9268956655362443,0.9268956655362443,0.9268956655362443,0.0,0.0,3679.0,3679.0,3679,3679,3679,0.0,0.0,337.0,337.0,337,337,337,0.0,0.0,2.1727841999999997,2.298006,2.298006,1.670647,2.586102,0.10009397521335998,0.31637631898320073
a,simple_desc_exact,instance_0016.txt,5,5,0,0,9.661971830985916,9.661971830985916,9.661971830985916,9.661971830985916,9.661971830985916,0.0,0.0,0.8863297431648716,0.8863297431648716,0.8863297431648716,0.8863297431648716,0.8863297431648716,0.0,0.0,686.0,686.0,686,686,686,0.0,0.0,71.0,71.0,71,71,71,0.0,0.0,0.1492284,0.154283,0.159391,0.099654,0.179664,0.0007056306498399998,0.026563709263579885
a,simple_desc_exact,instance_0017.txt,5,5,0,0,3.804347826086956,3.8043478260869565,3.8043478260869565,3.8043478260869565,3.8043478260869565,1.9721522630525295e-31,4.440892098500626e-16,0.8957712924359738,0.8957712924359739,0.8957712924359739,0.8957712924359739,0.8957712924359739,1.232595164407831e-32,1.1102230246251565e-16,175.0,175.0,175,175,175,0.0,0.0,46.0,46.0,46,46,46,0.0,0.0,0.0598958,0.051736,0.036947,0.036947,0.086496,0.00040790280496000005,0.02019660379766856
a,simple_desc_exact,instance_0018.txt,5,5,0,0,16.066666666666666,16.066666666666666,16.066666666666666,16.066666666666666,16.066666666666666,0.0,0.0,0.8629124004550626,0.8629124004550626,0.8629124004550626,0.8629124004550626,0.8629124004550626,0.0,0.0,1205.0,1205.0,1205,1205,1205,0.0,0.0,75.0,75.0,75,75,75,0.0,0.0,0.1810192,0.175834,0.175834,0.142056,0.256411,0.0016199051845600001,0.040248045723488245
a,simple_desc_exact,instance_0019.txt,5,5,0,0,10.40625,10.40625,10.40625,10.40625,10.40625,0.0,0.0,0.948483910891089,0.9484839108910891,0.9484839108910891,0.9484839108910891,0.9484839108910891,1.232595164407831e-32,1.1102230246251565e-16,999.0,999.0,999,999,999,0.0,0.0,96.0,96.0,96,96,96,0.0,0.0,0.2148826,0.232954,0.252879,0.15524,0.252879,0.0013359396886400005,0.036550508732984835
a,simple_desc_exact,instance_0020.txt,5,5,0,0,4.0,4.0,4.0,4.0,4.0,0.0,0.0,0.2,0.2,0.2,0.2,0.2,0.0,0.0,12.0,12.0,12,12,12,0.0,0.0,3.0,3.0,3,3,3,0.0,0.0,0.0105376,0.010125,0.013341,0.006151,0.013341,6.947579840000001e-06,0.002635826215819245
a,simple_desc_multi,instance_0001.txt,5,5,0,0,5.230769230769231,5.230769230769231,5.230769230769231,5.230769230769231,5.230769230769231,0.0,0.0,0.6512820512820513,0.6512820512820513,0.6512820512820513,0.6512820512820513,0.6512820512820513,0.0,0.0,68.0,68.0,68,68,68,0.0,0.0,13.0,13.0,13,13,13,0.0,0.0,0.0025545999999999998,0.002596,0.001921,0.001876,0.003293,3.384690399999999e-07,0.0005817809209659594
a,simple_desc_multi,instance_0002.txt,5,5,0,0,2.0,2.0,2.0,2.0,2.0,0.0,0.0,0.0,0.0,0.0,0.0,0.0,0.0,0.0,2.0,2.0,2,2,2,0.0,0.0,1.0,1.0,1,1,1,0.0,0.0,0.00011100000000000001,0.000105,0.000105,9.5e-05,0.00013,1.603999999999999e-10,1.2664912159190046e-05
a,simple_desc_multi,instance_0003.txt,5,5,0,0,4.416666666666667,4.416666666666667,4.416666666666667,4.416666666666667,4.416666666666667,0.0,0.0,0.6319444444444444,0.6319444444444444,0.6319444444444444,0.6319444444444444,0.6319444444444444,0.0,0.0,106.0,106.0,106,106,106,0.0,0.0,24.0,24.0,24,24,24,0.0,0.0,0.0078402,0.008275,0.008275,0.005427,0.009285,2.028729359999999e-06,0.0014243347078548635
a,simple_desc_multi,instance_0004.txt,5,5,0,0,2.1052631578947367,2.1052631578947367,2.1052631578947367,2.1052631578947367,2.1052631578947367,0.0,0.0,0.3984962406015038,0.3984962406015038,0.3984962406015038,0.3984962406015038,0.3984962406015038,0.0,0.0,40.0,40.0,40,40,40,0.0,0.0,19.0,19.0,19,19,19,0.0,0.0,0.0017808000000000001,0.001707,0.002111,0.00144,0.002111,6.067535999999999e-08,0.00024632368948194973
a,simple_desc_multi,instance_0005.txt,5,5,0,0,35.16,35.16,35.16,35.16,35.16,0.0,0.0,0.8023330990864371,0.8023330990864371,0.8023330990864371,0.8023330990864371,0.8023330990864371,0.0,0.0,4395.0,4395.0,4395,4395,4395,0.0,0.0,125.0,125.0,125,125,125,0.0,0.0,0.3139118,0.29285,0.279278,0.279278,0.392256,0.0017693479761599989,0.042063618201005945
a,simple_desc_multi,instance_0006.txt,5,5,0,0,31.9016393442623,31.901639344262296,31.901639344262296,31.901639344262296,31.901639344262296,1.262177448353619e-29,3.552713678800501e-15,0.9538326492847145,0.9538326492847145,0.9538326492847145,0.9538326492847145,0.9538326492847145,0.0,0.0,3892.0,3892.0,3892,3892,3892,0.0,0.0,122.0,122.0,122,122,122,0.0,0.0,0.40524079999999996,0.3997,0.430795,0.355326,0.443113,0.0009346084093600001,0.030571365840603198
a,simple_desc_multi,instance_0007.txt,5,5,0,0,28.7089552238806,28.708955223880597,28.708955223880597,28.708955223880597,28.708955223880597,1.262177448353619e-29,3.552713678800501e-15,0.926809546911713,0.9268095469117129,0.9268095469117129,0.9268095469117129,0.9268095469117129,1.232595164407831e-32,1.1102230246251565e-16,3847.0,3847.0,3847,3847,3847,0.0,0.0,134.0,134.0,134,134,134,0.0,0.0,0.441101,0.437131,0.475578,0.422439,0.475578,0.0003858602419999998,0.01964332563493259
a,simple_desc_multi,instance_0008.txt,5,5,0,0,32.26136363636363,32.26136363636363,32.26136363636363,32.26136363636363,32.26136363636363,0.0,0.0,0.8020060715457829,0.8020060715457829,0.8020060715457829,0.8020060715457829,0.8020060715457829,0.0,0.0,2839.0,2839.0,2839,2839,2839,0.0,0.0,88.0,88.0,88,88,88,0.0,0.0,0.2955842000000001,0.295448,0.335724,0.267559,0.335724,0.0006523338149600004,0.025540826434553764
a,simple_desc_multi,instance_0009.txt,5,5,0,0,2.9423076923076925,2.9423076923076925,2.9423076923076925,2.9423076923076925,2.9423076923076925,0.0,0.0,0.33381712626995647,0.33381712626995647,0.33381712626995647,0.33381712626995647,0.33381712626995647,0.0,0.0,153.0,153.0,153,153,153,0.0,0.0,52.0,52.0,52,52,52,0.0,0.0,0.018122,0.018436,0.013731,0.013731,0.024875,1.6414515200000004e-05,0.004051483086475865
a,simple_desc_multi,instance_0010.txt,5,5,0,0,6.235714285714286,6.235714285714286,6.235714285714286,6.235714285714286,6.235714285714286,0.0,0.0,0.6355992844364937,0.6355992844364937,0.6355992844364937,0.6355992844364937,0.6355992844364937,0.0,0.0,1746.0,1746.0,1746,1746,1746,0.0,0.0,280.0,280.0,280,280,280,0.0,0.0,0.6681394,0.681887,0.549911,0.549911,0.778087,0.006351455707439997,0.0796960206499672
a,simple_desc_multi,instance_0011.txt,5,5,0,0,7.200704225352114,7.200704225352113,7.200704225352113,7.200704225352113,7.200704225352113,7.888609052210118e-31,8.881784197001252e-16,0.5726585029464623,0.5726585029464623,0.5726585029464623,0.5726585029464623,0.5726585029464623,0.0,0.0,2045.0,2045.0,2045,2045,2045,0.0,0.0,284.0,284.0,284,284,284,0.0,0.0,0.5651374,0.556706,0.559817,0.533325,0.64199,0.0015993420114399977,0.03999177429722264
a,simple_desc_multi,instance_0012.txt,5,5,0,0,3.6875,3.6875,3.6875,3.6875,3.6875,0.0,0.0,0.6722222222222223,0.6722222222222223,0.6722222222222223,0.6722222222222223,0.6722222222222223,0.0,0.0,177.0,177.0,177,177,177,0.0,0.0,48.0,48.0,48,48,48,0.0,0.0,0.034692,0.031355,0.028505,0.028505,0.046833,4.45174752e-05,0.006672141725113458
a,simple_desc_multi,instance_0013.txt,5,5,0,0,13.056980056980057,13.056980056980057,13.056980056980057,13.056980056980057,13.056980056980057,0.0,0.0,0.8887675355565264,0.8887675355565264,0.8887675355565264,0.8887675355565264,0.8887675355565264,0.0,0.0,4583.0,4583.0,4583,4583,4583,0.0,0.0,351.0,351.0,351,351,351,0.0,0.0,1.1815672000000002,1.216239,1.216239,0.965248,1.416762,0.02362057324296001,0.1536898605730385
a,simple_desc_multi,instance_0014.txt,5,5,0,0,20.692513368983956,20.692513368983956,20.692513368983956,20.692513368983956,20.692513368983956,0.0,0.0,0.8860772537243126,0.8860772537243126,0.8860772537243126,0.8860772537243126,0.8860772537243126,0.0,0.0,7739.0,7739.0,7739,7739,7739,0.0,0.0,374.0,374.0,374,374,374,0.0,0.0,1.770242,1.776418,1.564081,1.564081,1.996195,0.019431455133599985,0.13939675438689375
a,simple_desc_multi,instance_0015.txt,5,5,0,0,10.820588235294117,10.820588235294117,10.820588235294117,10.820588235294117,10.820588235294117,0.0,0.0,0.9275407037815127,0.9275407037815127,0.9275407037815127,0.9275407037815127,0.9275407037815127,0.0,0.0,3679.0,3679.0,3679,3679,3679,0.0,0.0,340.0,340.0,340,340,340,0.0,0.0,1.4785038,1.547885,1.241886,1.241886,1.622992,0.01989057495175999,0.14103394964248853
a,simple_desc_multi,instance_0016.txt,5,5,0,0,9.661971830985916,9.661971830985916,9.661971830985916,9.661971830985916,9.661971830985916,0.0,0.0,0.8863297431648716,0.8863297431648716,0.8863297431648716,0.8863297431648716,0.8863297431648716,0.0,0.0,686.0,686.0,686,686,686,0.0,0.0,71.0,71.0,71,71,71,0.0,0.0,0.0503382,0.043083,0.043083,0.03988,0.074266,0.00016938804775999997,0.01301491635624294
a,simple_desc_multi,instance_0017.txt,5,5,0,0,3.804347826086956,3.8043478260869565,3.8043478260869565,3.8043478260869565,3.8043478260869565,1.9721522630525295e-31,4.440892098500626e-16,0.8957712924359738,0.8957712924359739,0.8957712924359739,0.8957712924359739,0.8957712924359739,1.232595164407831e-32,1.1102230246251565e-16,175.0,175.0,175,175,175,0.0,0.0,46.0,46.0,46,46,46,0.0,0.0,0.0212762,0.01748,0.02018,0.016473,0.035049,4.899941975999998e-05,0.006999958554163016
a,simple_desc_multi,instance_0018.txt,5,5,0,0,16.066666666666666,16.066666666666666,16.066666666666666,16.066666666666666,16.066666666666666,0.0,0.0,0.8629124004550626,0.8629124004550626,0.8629124004550626,0.8629124004550626,0.8629124004550626,0.0,0.0,1205.0,1205.0,1205,1205,1205,0.0,0.0,75.0,75.0,75,75,75,0.0,0.0,0.0699646,0.068545,0.066383,0.066383,0.075032,1.1006748239999996e-05,0.003317641969833393
a,simple_desc_multi,instance_0019.txt,5,5,0,0,10.40625,10.40625,10.40625,10.40625,10.40625,0.0,0.0,0.948483910891089,0.9484839108910891,0.9484839108910891,0.9484839108910891,0.9484839108910891,1.232595164407831e-32,1.1102230246251565e-16,999.0,999.0,999,999,999,0.0,0.0,96.0,96.0,96,96,96,0.0,0.0,0.17209020000000003,0.159341,0.150421,0.150421,0.23211,0.0009124788005600003,0.030207264036320805
a,simple_desc_multi,instance_0020.txt,5,5,0,0,4.0,4.0,4.0,4.0,4.0,0.0,0.0,0.2,0.2,0.2,0.2,0.2,0.0,0.0,12.0,12.0,12,12,12,0.0,0.0,3.0,3.0,3,3,3,0.0,0.0,0.000146,0.000136,0.000136,0.000134,0.00018,3.008000000000002e-10,1.7343586710943046e-05
a,simple_desc_simple,instance_0001.txt,5,5,0,0,5.230769230769231,5.230769230769231,5.230769230769231,5.230769230769231,5.230769230769231,0.0,0.0,0.6512820512820513,0.6512820512820513,0.6512820512820513,0.6512820512820513,0.6512820512820513,0.0,0.0,68.0,68.0,68,68,68,0.0,0.0,13.0,13.0,13,13,13,0.0,0.0,0.0016002000000000002,0.001583,0.001583,0.001317,0.00182,2.9335760000000005e-08,0.00017127685190941597
a,simple_desc_simple,instance_0002.txt,5,5,0,0,2.0,2.0,2.0,2.0,2.0,0.0,0.0,0.0,0.0,0.0,0.0,0.0,0.0,0.0,2.0,2.0,2,2,2,0.0,0.0,1.0,1.0,1,1,1,0.0,0.0,0.00014879999999999998,0.000151,0.000153,0.00012,0.000194,6.829600000000001e-10,2.6133503400807173e-05
a,simple_desc_simple,instance_0003.txt,5,5,0,0,4.24,4.24,4.24,4.24,4.24,0.0,0.0,0.6466666666666666,0.6466666666666666,0.6466666666666666,0.6466666666666666,0.6466666666666666,0.0,0.0,106.0,106.0,106,106,106,0.0,0.0,25.0,25.0,25,25,25,0.0,0.0,0.0035276,0.002297,0.005352,0.002285,0.00541,2.29041304e-06,0.00151341106114631
a,simple_desc_simple,instance_0004.txt,5,5,0,0,2.1052631578947367,2.1052631578947367,2.1052631578947367,2.1052631578947367,2.1052631578947367,0.0,0.0,0.3984962406015038,0.3984962406015038,0.3984962406015038,0.3984962406015038,0.3984962406015038,0.0,0.0,40.0,40.0,40,40,40,0.0,0.0,19.0,19.0,19,19,19,0.0,0.0,0.0010604,0.001065,0.001039,0.001015,0.001104,9.57439999999999e-10,3.094252736930193e-05
a,simple_desc_simple,instance_0005.txt,5,5,0,0,34.06976744186046,34.06976744186046,34.06976744186046,34.06976744186046,34.06976744186046,0.0,0.0,0.8084623053163151,0.8084623053163151,0.8084623053163151,0.8084623053163151,0.8084623053163151,0.0,0.0,4395.0,4395.0,4395,4395,4395,0.0,0.0,129.0,129.0,129,129,129,0.0,0.0,0.1473536,0.152156,0.160367,0.122316,0.160367,0.00018388250344000012,0.013560328293961033
a,simple_desc_simple,instance_0006.txt,5,5,0,0,31.387096774193548,31.387096774193548,31.387096774193548,31.387096774193548,31.387096774193548,0.0,0.0,0.9545772839736706,0.9545772839736707,0.9545772839736707,0.9545772839736707,0.9545772839736707,1.232595164407831e-32,1.1102230246251565e-16,3892.0,3892.0,3892,3892,3892,0.0,0.0,124.0,124.0,124,124,124,0.0,0.0,0.09314699999999998,0.087587,0.057404,0.057404,0.127134,0.0006768305892,0.026015967965847438
a,simple_desc_simple,instance_0007.txt,5,5,0,0,28.7089552238806,28.708955223880597,28.708955223880597,28.708955223880597,28.708955223880597,1.262177448353619e-29,3.552713678800501e-15,0.926809546911713,0.9268095469117129,0.9268095469117129,0.9268095469117129,0.9268095469117129,1.232595164407831e-32,1.1102230246251565e-16,3847.0,3847.0,3847,3847,3847,0.0,0.0,134.0,134.0,134,134,134,0.0,0.0,0.13030080000000002,0.13267,0.111267,0.111267,0.153858,0.0002572572805599999,0.01603924189480288
a,simple_desc_simple,instance_0008.txt,5,5,0,0,28.96938775510204,28.96938775510204,28.96938775510204,28.96938775510204,28.96938775510204,0.0,0.0,0.8222095336329478,0.8222095336329477,0.8222095336329477,0.8222095336329477,0.8222095336329477,1.232595164407831e-32,1.1102230246251565e-16,2839.0,2839.0,2839,2839,2839,0.0,0.0,98.0,98.0,98,98,98,0.0,0.0,0.0873346,0.085475,0.083854,0.070149,0.107621,0.00014549409463999994,0.01206209329428354
a,simple_desc_simple,instance_0009.txt,5,5,0,0,2.7818181818181817,2.7818181818181817,2.7818181818181817,2.7818181818181817,2.7818181818181817,0.0,0.0,0.3701543739279589,0.3701543739279589,0.3701543739279589,0.3701543739279589,0.3701543739279589,0.0,0.0,153.0,153.0,153,153,153,0.0,0.0,55.0,55.0,55,55,55,0.0,0.0,0.0261106,0.020804,0.023733,0.019949,0.045494,9.563190184e-05,0.009779156499412411
a,simple_desc_simple,instance_0010.txt,5,5,0,0,5.898648648648648,5.898648648648648,5.898648648648648,5.898648648648648,5.898648648648648,0.0,0.0,0.6552966204128995,0.6552966204128995,0.6552966204128995,0.6552966204128995,0.6552966204128995,0.0,0.0,1746.0,1746.0,1746,1746,1746,0.0,0.0,296.0,296.0,296,296,296,0.0,0.0,0.2926836,0.285167,0.233073,0.233073,0.382835,0.002461514296639999,0.04961365030553587
a,simple_desc_simple,instance_0011.txt,5,5,0,0,6.8624161073825505,6.8624161073825505,6.8624161073825505,6.8624161073825505,6.8624161073825505,0.0,0.0,0.5927349491167626,0.5927349491167626,0.5927349491167626,0.5927349491167626,0.5927349491167626,0.0,0.0,2045.0,2045.0,2045,2045,2045,0.0,0.0,298.0,298.0,298,298,298,0.0,0.0,0.3417986,0.322832,0.322832,0.302577,0.426561,0.0019696199882400013,0.04438040094726501
a,simple_desc_simple,instance_0012.txt,5,5,0,0,3.339622641509434,3.339622641509434,3.339622641509434,3.339622641509434,3.339622641509434,0.0,0.0,0.7031446540880503,0.7031446540880503,0.7031446540880503,0.7031446540880503,0.7031446540880503,0.0,0.0,177.0,177.0,177,177,177,0.0,0.0,53.0,53.0,53,53,53,0.0,0.0,0.013972800000000002,0.012399,0.017487,0.01109,0.017487,8.126768560000001e-06,0.0028507487718141705
a,simple_desc_simple,instance_0013.txt,5,5,0,0,12.837535014005601,12.837535014005603,12.837535014005603,12.837535014005603,12.837535014005603,3.1554436208840472e-30,1.7763568394002505e-15,0.8906369887404504,0.8906369887404503,0.8906369887404503,0.8906369887404503,0.8906369887404503,1.232595164407831e-32,1.1102230246251565e-16,4583.0,4583.0,4583,4583,4583,0.0,0.0,357.0,357.0,357,357,357,0.0,0.0,0.659313,0.667159,0.581126,0.581126,0.69841,0.0016874824123999988,0.041078977742879615
a,simple_desc_simple,instance_0014.txt,5,5,0,0,20.473544973544975,20.473544973544975,20.473544973544975,20.473544973544975,20.473544973544975,0.0,0.0,0.8872827854309338,0.8872827854309336,0.8872827854309336,0.8872827854309336,0.8872827854309336,1.232595164407831e-32,1.1102230246251565e-16,7739.0,7739.0,7739,7739,7739,0.0,0.0,378.0,378.0,378,378,378,0.0,0.0,1.1833643999999999,1.182344,1.152599,1.094768,1.260941,0.0033294642810400045,0.05770151021455162
a,simple_desc_simple,instance_0015.txt,5,5,0,0,10.602305475504323,10.602305475504323,10.602305475504323,10.602305475504323,10.602305475504323,0.0,0.0,0.9290024186908192,0.9290024186908192,0.9290024186908192,0.9290024186908192,0.9290024186908192,0.0,0.0,3679.0,3679.0,3679,3679,3679,0.0,0.0,347.0,347.0,347,347,347,0.0,0.0,0.509162,0.507466,0.472135,0.448255,0.564116,0.002019884977199999,0.04494313047841682
a,simple_desc_simple,instance_0016.txt,5,5,0,0,9.527777777777779,9.527777777777779,9.527777777777779,9.527777777777779,9.527777777777779,0.0,0.0,0.8879084967320262,0.8879084967320262,0.8879084967320262,0.8879084967320262,0.8879084967320262,0.0,0.0,686.0,686.0,686,686,686,0.0,0.0,72.0,72.0,72,72,72,0.0,0.0,0.0437518,0.043938,0.043938,0.031433,0.056282,8.447895415999997e-05,0.009191243341354856
a,simple_desc_simple,instance_0017.txt,5,5,0,0,3.804347826086956,3.8043478260869565,3.8043478260869565,3.8043478260869565,3.8043478260869565,1.9721522630525295e-31,4.440892098500626e-16,0.8957712924359738,0.8957712924359739,0.8957712924359739,0.8957712924359739,0.8957712924359739,1.232595164407831e-32,1.1102230246251565e-16,175.0,175.0,175,175,175,0.0,0.0,46.0,46.0,46,46,46,0.0,0.0,0.0131658,0.013307,0.015139,0.009665,0.016376,5.960137360000002e-06,0.0024413392554088016
a,simple_desc_simple,instance_0018.txt,5,5,0,0,16.066666666666666,16.066666666666666,16.066666666666666,16.066666666666666,16.066666666666666,0.0,0.0,0.8629124004550626,0.8629124004550626,0.8629124004550626,0.8629124004550626,0.8629124004550626,0.0,0.0,1205.0,1205.0,1205,1205,1205,0.0,0.0,75.0,75.0,75,75,75,0.0,0.0,0.043924200000000004,0.045126,0.035609,0.035609,0.047673,1.819725255999999e-05,0.004265823784452423
a,simple_desc_simple,instance_0019.txt,5,5,0,0,10.090909090909092,10.090909090909092,10.090909090909092,10.090909090909092,10.090909090909092,0.0,0.0,0.95004500450045,0.95004500450045,0.95004500450045,0.95004500450045,0.95004500450045,0.0,0.0,999.0,999.0,999,999,999,0.0,0.0,99.0,99.0,99,99,99,0.0,0.0,0.05191559999999999,0.048276,0.063777,0.046315,0.063777,4.237775423999999e-05,0.006509819831608244
a,simple_desc_simple,instance_0020.txt,5,5,0,0,4.0,4.0,4.0,4.0,4.0,0.0,0.0,0.2,0.2,0.2,0.2,0.2,0.0,0.0,12.0,12.0,12,12,12,0.0,0.0,3.0,3.0,3,3,3,0.0,0.0,0.000108,0.000107,0.000119,0.000102,0.000119,3.480000000000004e-11,5.899152481501053e-06
a,simple_diff_exact_bigger,instance_0001.txt,5,5,0,0,2.8333333333333335,2.8333333333333335,2.8333333333333335,2.8333333333333335,2.8333333333333335,0.0,0.0,0.8111111111111111,0.8111111111111111,0.8111111111111111,0.8111111111111111,0.8111111111111111,0.0,0.0,68.0,68.0,68,68,68,0.0,0.0,24.0,24.0,24,24,24,0.0,0.0,0.0244286,0.024209,0.029713,0.016511,0.032795,3.821158623999999e-05,0.006181552089888105
a,simple_diff_exact_bigger,instance_0002.txt,5,5,0,0,2.0,2.0,2.0,2.0,2.0,0.0,0.0,0.0,0.0,0.0,0.0,0.0,0.0,0.0,2.0,2.0,2,2,2,0.0,0.0,1.0,1.0,1,1,1,0.0,0.0,0.0066912,0.004932,0.004744,0.003558,0.010119,8.018701359999998e-06,0.0028317311595559345
a,simple_diff_exact_bigger,instance_0003.txt,5,5,0,0,3.0285714285714285,3.0285714285714285,3.0285714285714285,3.0285714285714285,3.0285714285714285,0.0,0.0,0.7476190476190476,0.7476190476190476,0.7476190476190476,0.7476190476190476,0.7476190476190476,0.0,0.0,106.0,106.0,106,106,106,0.0,0.0,35.0,35.0,35,35,35,0.0,0.0,0.041998400000000005,0.043117,0.028545,0.028545,0.049718,5.597053983999998e-05,0.007481346124862823
a,simple_diff_exact_bigger,instance_0004.txt,5,5,0,0,2.1052631578947367,2.1052631578947367,2.1052631578947367,2.1052631578947367,2.1052631578947367,0.0,0.0,0.3984962406015038,0.3984962406015038,0.3984962406015038,0.3984962406015038,0.3984962406015038,0.0,0.0,40.0,40.0,40,40,40,0.0,0.0,19.0,19.0,19,19,19,0.0,0.0,0.0222296,0.020827,0.020827,0.016814,0.027049,1.3862381840000002e-05,0.0037232219702832657
a,simple_diff_exact_bigger,instance_0005.txt,5,5,0,0,32.54814814814815,32.54814814814815,32.54814814814815,32.54814814814815,32.54814814814815,0.0,0.0,0.8170167356393637,0.8170167356393638,0.8170167356393638,0.8170167356393638,0.8170167356393638,1.232595164407831e-32,1.1102230246251565e-16,4394.0,4394.0,4394,4394,4394,0.0,0.0,135.0,135.0,135,135,135,0.0,0.0,0.8800355999999999,0.889612,0.670495,0.670495,1.097462,0.01863499524344,0.13651005546640144
a,simple_diff_exact_bigger,instance_0006.txt,5,5,0,0,27.602836879432623,27.602836879432623,27.602836879432623,27.602836879432623,27.602836879432623,0.0,0.0,0.9600537816506038,0.960053781650604,0.960053781650604,0.960053781650604,0.960053781650604,1.232595164407831e-32,1.1102230246251565e-16,3892.0,3892.0,3892,3892,3892,0.0,0.0,141.0,141.0,141,141,141,0.0,0.0,0.7325994,0.693236,0.630459,0.630459,0.838284,0.007407853234240001,0.08606888656326397
a,simple_diff_exact_bigger,instance_0007.txt,5,5,0,0,26.53103448275862,26.53103448275862,26.53103448275862,26.53103448275862,26.53103448275862,0.0,0.0,0.9323619261115141,0.932361926111514,0.932361926111514,0.932361926111514,0.932361926111514,1.232595164407831e-32,1.1102230246251565e-16,3847.0,3847.0,3847,3847,3847,0.0,0.0,145.0,145.0,145,145,145,0.0,0.0,0.7130748,0.720455,0.686101,0.671466,0.7511,0.0008992887821600001,0.029988144026598246
a,simple_diff_exact_bigger,instance_0008.txt,5,5,0,0,22.007751937984494,22.007751937984494,22.007751937984494,22.007751937984494,22.007751937984494,0.0,0.0,0.8649343743878208,0.8649343743878208,0.8649343743878208,0.8649343743878208,0.8649343743878208,0.0,0.0,2839.0,2839.0,2839,2839,2839,0.0,0.0,129.0,129.0,129,129,129,0.0,0.0,0.48325379999999996,0.483016,0.483016,0.421247,0.526385,0.0012163694285600001,0.034876488191330275
a,simple_diff_exact_bigger,instance_0009.txt,5,5,0,0,2.375,2.375,2.375,2.375,2.375,0.0,0.0,0.46226415094339623,0.46226415094339623,0.46226415094339623,0.46226415094339623,0.46226415094339623,0.0,0.0,152.0,152.0,152,152,152,0.0,0.0,64.0,64.0,64,64,64,0.0,0.0,0.08294860000000001,0.081176,0.074036,0.063323,0.113335,0.00027821594904,0.01667980662477836
a,simple_diff_exact_bigger,instance_0010.txt,5,5,0,0,5.859060402684563,5.859060402684563,5.859060402684563,5.859060402684563,5.859060402684563,0.0,0.0,0.6576100659134841,0.6576100659134841,0.6576100659134841,0.6576100659134841,0.6576100659134841,0.0,0.0,1746.0,1746.0,1746,1746,1746,0.0,0.0,298.0,298.0,298,298,298,0.0,0.0,0.9040950000000001,0.898877,0.76482,0.76482,1.017594,0.0070780380052,0.0841310763344913
a,simple_diff_exact_bigger,instance_0011.txt,5,5,0,0,6.790697674418604,6.790697674418604,6.790697674418604,6.790697674418604,6.790697674418604,0.0,0.0,0.5969912359395487,0.5969912359395487,0.5969912359395487,0.5969912359395487,0.5969912359395487,0.0,0.0,2044.0,2044.0,2044,2044,2044,0.0,0.0,301.0,301.0,301,301,301,0.0,0.0,1.0552136,1.07265,1.15819,0.928031,1.15819,0.0061266135970399985,0.07827268742696905
a,simple_diff_exact_bigger,instance_0012.txt,5,5,0,0,2.2125,2.2125,2.2125,2.2125,2.2125,0.0,0.0,0.8033333333333333,0.8033333333333333,0.8033333333333333,0.8033333333333333,0.8033333333333333,0.0,0.0,177.0,177.0,177,177,177,0.0,0.0,80.0,80.0,80,80,80,0.0,0.0,0.12552639999999998,0.130679,0.09047,0.078749,0.164536,0.00127690479144,0.03573380460348436
a,simple_diff_exact_bigger,instance_0013.txt,5,5,0,0,12.62534435261708,12.62534435261708,12.62534435261708,12.62534435261708,12.62534435261708,0.0,0.0,0.8924446418191205,0.8924446418191206,0.8924446418191206,0.8924446418191206,0.8924446418191206,1.232595164407831e-32,1.1102230246251565e-16,4583.0,4583.0,4583,4583,4583,0.0,0.0,363.0,363.0,363,363,363,0.0,0.0,2.7471537999999995,2.487901,2.425146,2.301459,3.465724,0.19619789124456,0.44294231141827034
a,simple_diff_exact_bigger,instance_0014.txt,5,5,0,0,20.58244680851064,20.58244680851064,20.58244680851064,20.58244680851064,20.58244680851064,0.0,0.0,0.8866832257789705,0.8866832257789704,0.8866832257789704,0.8866832257789704,0.8866832257789704,1.232595164407831e-32,1.1102230246251565e-16,7739.0,7739.0,7739,7739,7739,0.0,0.0,376.0,376.0,376,376,376,0.0,0.0,6.3342414,5.999622,4.781727,4.781727,7.915772,1.2100962441866394,1.1000437464876747
a,simple_diff_exact_bigger,instance_0015.txt,5,5,0,0,10.725947521865889,10.725947521865889,10.725947521865889,10.725947521865889,10.725947521865889,0.0,0.0,0.9281744585589337,0.9281744585589338,0.9281744585589338,0.9281744585589338,0.9281744585589338,1.232595164407831e-32,1.1102230246251565e-16,3679.0,3679.0,3679,3679,3679,0.0,0.0,343.0,343.0,343,343,343,0.0,0.0,3.4377606,3.921959,2.629322,2.358025,4.154401,0.60797068828904,0.7797247516201086
a,simple_diff_exact_bigger,instance_0016.txt,5,5,0,0,9.661971830985916,9.661971830985916,9.661971830985916,9.661971830985916,9.661971830985916,0.0,0.0,0.8863297431648716,0.8863297431648716,0.8863297431648716,0.8863297431648716,0.8863297431648716,0.0,0.0,686.0,686.0,686,686,686,0.0,0.0,71.0,71.0,71,71,71,0.0,0.0,0.1530872,0.144339,0.118114,0.118114,0.209623,0.00103365858176,0.03215056114222581
a,simple_diff_exact_bigger,instance_0017.txt,5,5,0,0,3.804347826086956,3.8043478260869565,3.8043478260869565,3.8043478260869565,3.8043478260869565,1.9721522630525295e-31,4.440892098500626e-16,0.8957712924359738,0.8957712924359739,0.8957712924359739,0.8957712924359739,0.8957712924359739,1.232595164407831e-32,1.1102230246251565e-16,175.0,175.0,175,175,175,0.0,0.0,46.0,46.0,46,46,46,0.0,0.0,0.0650578,0.067592,0.080918,0.049265,0.080918,0.00017596298375999994,0.013265103986022875
a,simple_diff_exact_bigger,instance_0018.txt,5,5,0,0,15.855263157894736,15.855263157894736,15.855263157894736,15.855263157894736,15.855263157894736,0.0,0.0,0.8647161846596012,0.8647161846596012,0.8647161846596012,0.8647161846596012,0.8647161846596012,0.0,0.0,1205.0,1205.0,1205,1205,1205,0.0,0.0,76.0,76.0,76,76,76,0.0,0.0,0.33599100000000004,0.399049,0.193108,0.193108,0.439756,0.009728640131199999,0.09863386908765162
a,simple_diff_exact_bigger,instance_0019.txt,5,5,0,0,9.99,9.99,9.99,9.99,9.99,0.0,0.0,0.9505445544554455,0.9505445544554455,0.9505445544554455,0.9505445544554455,0.9505445544554455,0.0,0.0,999.0,999.0,999,999,999,0.0,0.0,100.0,100.0,100,100,100,0.0,0.0,0.3303856,0.302468,0.4207,0.275269,0.4207,0.00265536226024,0.051530207259819945
a,simple_diff_exact_bigger,instance_0020.txt,5,5,0,0,5.0,5.0,5.0,5.0,5.0,0.0,0.0,0.0,0.0,0.0,0.0,0.0,0.0,0.0,10.0,10.0,10,10,10,0.0,0.0,2.0,2.0,2,2,2,0.0,0.0,0.013003399999999998,0.010923,0.010898,0.010151,0.018567,1.000500984e-05,0.003163069686238354
a,simple_diff_exact_most_shared,instance_0001.txt,5,5,0,0,2.7916666666666665,2.7916666666666665,2.7916666666666665,2.7916666666666665,2.7916666666666665,0.0,0.0,0.8138888888888889,0.8138888888888889,0.8138888888888889,0.8138888888888889,0.8138888888888889,0.0,0.0,67.0,67.0,67,67,67,0.0,0.0,24.0,24.0,24,24,24,0.0,0.0,0.052617000000000004,0.051488,0.058264,0.044923,0.058264,2.547163480000002e-05,0.0050469431144010354
a,simple_diff_exact_most_shared,instance_0002.txt,5,5,0,0,2.0,2.0,2.0,2.0,2.0,0.0,0.0,0.0,0.0,0.0,0.0,0.0,0.0,0.0,2.0,2.0,2,2,2,0.0,0.0,1.0,1.0,1,1,1,0.0,0.0,0.0159948,0.014821,0.018858,0.014138,0.018858,3.999523760000001e-06,0.001999880936455968
a,simple_diff_exact_most_shared,instance_0003.txt,5,5,0,0,3.0285714285714285,3.0285714285714285,3.0285714285714285,3.0285714285714285,3.0285714285714285,0.0,0.0,0.7476190476190476,0.7476190476190476,0.7476190476190476,0.7476190476190476,0.7476190476190476,0.0,0.0,106.0,106.0,106,106,106,0.0,0.0,35.0,35.0,35,35,35,0.0,0.0,0.08684580000000001,0.078367,0.078367,0.068269,0.131173,0.0005069493865600003,0.02251553655945157
a,simple_diff_exact_most_shared,instance_0004.txt,5,5,0,0,1.681818181818182,1.6818181818181819,1.6818181818181819,1.6818181818181819,1.6818181818181819,4.930380657631324e-32,2.220446049250313e-16,0.5194805194805194,0.5194805194805194,0.5194805194805194,0.5194805194805194,0.5194805194805194,0.0,0.0,37.0,37.0,37,37,37,0.0,0.0,22.0,22.0,22,22,22,0.0,0.0,0.0377482,0.036635,0.041018,0.028261,0.046721,3.702914615999999e-05,0.006085157858264648
a,simple_diff_exact_most_shared,instance_0005.txt,5,5,0,0,32.55555555555556,32.55555555555556,32.55555555555556,32.55555555555556,32.55555555555556,0.0,0.0,0.8169750917467011,0.8169750917467011,0.8169750917467011,0.8169750917467011,0.8169750917467011,0.0,0.0,4395.0,4395.0,4395,4395,4395,0.0,0.0,135.0,135.0,135,135,135,0.0,0.0,1.3814724,1.270094,1.130724,1.130724,1.686719,0.043419079584239996,0.2083724539958197
a,simple_diff_exact_most_shared,instance_0006.txt,5,5,0,0,27.602836879432623,27.602836879432623,27.602836879432623,27.602836879432623,27.602836879432623,0.0,0.0,0.9600537816506038,0.960053781650604,0.960053781650604,0.960053781650604,0.960053781650604,1.232595164407831e-32,1.1102230246251565e-16,3892.0,3892.0,3892,3892,3892,0.0,0.0,141.0,141.0,141,141,141,0.0,0.0,1.3339268,1.370351,1.266747,1.01084,1.537345,0.03484626644896,0.18667154697210822
a,simple_diff_exact_most_shared,instance_0007.txt,5,5,0,0,26.53103448275862,26.53103448275862,26.53103448275862,26.53103448275862,26.53103448275862,0.0,0.0,0.9323619261115141,0.932361926111514,0.932361926111514,0.932361926111514,0.932361926111514,1.232595164407831e-32,1.1102230246251565e-16,3847.0,3847.0,3847,3847,3847,0.0,0.0,145.0,145.0,145,145,145,0.0,0.0,1.6289124000000001,1.709143,1.733399,1.417,1.742822,0.016551209633840002,0.12865150459221222
a,simple_diff_exact_most_shared,instance_0008.txt,5,5,0,0,22.015503875968992,22.015503875968992,22.015503875968992,22.015503875968992,22.015503875968992,0.0,0.0,0.8648867993171578,0.8648867993171578,0.8648867993171578,0.8648867993171578,0.8648867993171578,0.0,0.0,2840.0,2840.0,2840,2840,2840,0.0,0.0,129.0,129.0,129,129,129,0.0,0.0,0.8385016000000001,0.835265,0.679905,0.645943,1.147972,0.03200640643983999,0.17890334384756476
a,simple_diff_exact_most_shared,instance_0009.txt,5,5,0,0,2.4126984126984126,2.4126984126984126,2.4126984126984126,2.4126984126984126,2.4126984126984126,0.0,0.0,0.45372866127583117,0.45372866127583117,0.45372866127583117,0.45372866127583117,0.45372866127583117,0.0,0.0,152.0,152.0,152,152,152,0.0,0.0,63.0,63.0,63,63,63,0.0,0.0,0.16180460000000002,0.17632,0.134904,0.105475,0.198902,0.00129664800464,0.036008998939709505
a,simple_diff_exact_most_shared,instance_0010.txt,5,5,0,0,5.938775510204081,5.938775510204081,5.938775510204081,5.938775510204081,5.938775510204081,0.0,0.0,0.6529516994633274,0.6529516994633274,0.6529516994633274,0.6529516994633274,0.6529516994633274,0.0,0.0,1746.0,1746.0,1746,1746,1746,0.0,0.0,294.0,294.0,294,294,294,0.0,0.0,1.5792534,1.519202,1.100434,1.100434,1.976762,0.09724780141423998,0.31184579749331237
a,simple_diff_exact_most_shared,instance_0011.txt,5,5,0,0,6.8166666666666655,6.816666666666666,6.816666666666666,6.816666666666666,6.816666666666666,7.888609052210118e-31,8.881784197001252e-16,0.5954500494559842,0.5954500494559842,0.5954500494559842,0.5954500494559842,0.5954500494559842,0.0,0.0,2045.0,2045.0,2045,2045,2045,0.0,0.0,300.0,300.0,300,300,300,0.0,0.0,1.6217908,1.779799,1.171238,1.171238,2.002099,0.10976074830935993,0.33130159720315255
a,simple_diff_exact_most_shared,instance_0012.txt,5,5,0,0,2.158536585365854,2.158536585365854,2.158536585365854,2.158536585365854,2.158536585365854,0.0,0.0,0.8081300813008131,0.808130081300813,0.808130081300813,0.808130081300813,0.808130081300813,1.232595164407831e-32,1.1102230246251565e-16,177.0,177.0,177,177,177,0.0,0.0,82.0,82.0,82,82,82,0.0,0.0,0.1788034,0.1503,0.135388,0.128925,0.264065,0.0027579172114399995,0.0525158758037986
a,simple_diff_exact_most_shared,instance_0013.txt,5,5,0,0,12.62534435261708,12.62534435261708,12.62534435261708,12.62534435261708,12.62534435261708,0.0,0.0,0.8924446418191205,0.8924446418191206,0.8924446418191206,0.8924446418191206,0.8924446418191206,1.232595164407831e-32,1.1102230246251565e-16,4583.0,4583.0,4583,4583,4583,0.0,0.0,363.0,363.0,363,363,363,0.0,0.0,4.50235,4.256427,3.155036,3.155036,5.733669,0.8765796636451999,0.9362583316826611
a,simple_diff_exact_most_shared,instance_0014.txt,5,5,0,0,20.58244680851064,20.58244680851064,20.58244680851064,20.58244680851064,20.58244680851064,0.0,0.0,0.8866832257789705,0.8866832257789704,0.8866832257789704,0.8866832257789704,0.8866832257789704,1.232595164407831e-32,1.1102230246251565e-16,7739.0,7739.0,7739,7739,7739,0.0,0.0,376.0,376.0,376,376,376,0.0,0.0,7.045309399999999,6.919537,6.919537,5.270578,8.195246,1.1832162628886398,1.087757446717162
a,simple_diff_exact_most_shared,instance_0015.txt,5,5,0,0,10.725947521865889,10.725947521865889,10.725947521865889,10.725947521865889,10.725947521865889,0.0,0.0,0.9281744585589337,0.9281744585589338,0.9281744585589338,0.9281744585589338,0.9281744585589338,1.232595164407831e-32,1.1102230246251565e-16,3679.0,3679.0,3679,3679,3679,0.0,0.0,343.0,343.0,343,343,343,0.0,0.0,2.9111564000000003,2.911714,3.080057,2.67427,3.080057,0.021140667564240007,0.1453983066071954
a,simple_diff_exact_most_shared,instance_0016.txt,5,5,0,0,9.661971830985916,9.661971830985916,9.661971830985916,9.661971830985916,9.661971830985916,0.0,0.0,0.8863297431648716,0.8863297431648716,0.8863297431648716,0.8863297431648716,0.8863297431648716,0.0,0.0,686.0,686.0,686,686,686,0.0,0.0,71.0,71.0,71,71,71,0.0,0.0,0.15301779999999998,0.162698,0.129924,0.11947,0.177807,0.0005717191289599998,0.023910648861124616
a,simple_diff_exact_most_shared,instance_0017.txt,5,5,0,0,3.804347826086956,3.8043478260869565,3.8043478260869565,3.8043478260869565,3.8043478260869565,1.9721522630525295e-31,4.440892098500626e-16,0.8957712924359738,0.8957712924359739,0.8957712924359739,0.8957712924359739,0.8957712924359739,1.232595164407831e-32,1.1102230246251565e-16,175.0,175.0,175,175,175,0.0,0.0,46.0,46.0,46,46,46,0.0,0.0,0.0588636,0.05879,0.029308,0.029308,0.083443,0.00031739987144,0.01781571978450492
a,simple_diff_exact_most_shared,instance_0018.txt,5,5,0,0,15.855263157894736,15.855263157894736,15.855263157894736,15.855263157894736,15.855263157894736,0.0,0.0,0.8647161846596012,0.8647161846596012,0.8647161846596012,0.8647161846596012,0.8647161846596012,0.0,0.0,1205.0,1205.0,1205,1205,1205,0.0,0.0,76.0,76.0,76,76,76,0.0,0.0,0.2285936,0.256969,0.150158,0.150158,0.286292,0.002813471029839999,0.05304216275605661
a,simple_diff_exact_most_shared,instance_0019.txt,5,5,0,0,9.99,9.99,9.99,9.99,9.99,0.0,0.0,0.9505445544554455,0.9505445544554455,0.9505445544554455,0.9505445544554455,0.9505445544554455,0.0,0.0,999.0,999.0,999,999,999,0.0,0.0,100.0,100.0,100,100,100,0.0,0.0,0.2729548,0.271928,0.271928,0.205654,0.342344,0.003469805140159999,0.05890505190694597
a,simple_diff_exact_most_shared,instance_0020.txt,5,5,0,0,5.0,5.0,5.0,5.0,5.0,0.0,0.0,0.0,0.0,0.0,0.0,0.0,0.0,0.0,10.0,10.0,10,10,10,0.0,0.0,2.0,2.0,2,2,2,0.0,0.0,0.0149006,0.009189,0.009131,0.007635,0.02833,6.546462584e-05,0.008091021310069576
a,simple_diff_exact_random,instance_0001.txt,5,5,0,0,2.8266086956521743,2.8333333333333335,2.8333333333333335,2.72,2.9130434782608696,0.00379440957781978,0.06159877902864455,0.8115594202898551,0.8111111111111111,0.8111111111111111,0.8057971014492754,0.8186666666666667,1.6864042568087784e-05,0.004106585268576288,67.8,68.0,68,67,68,0.16,0.4,24.0,24.0,24,23,25,0.4,0.6324555320336759,0.033559799999999994,0.029711,0.031912,0.026061,0.05269,9.547216616e-05,0.00977098593592274
a,simple_diff_exact_random,instance_0002.txt,5,5,0,0,1.8,2.0,2.0,1.0,2.0,0.16000000000000006,0.4000000000000001,0.1,0.0,0.0,0.0,0.5,0.040000000000000015,0.20000000000000004,2.0,2.0,2,2,2,0.0,0.0,1.2,1.0,1,1,2,0.16000000000000006,0.4000000000000001,0.0114252,0.010739,0.013974,0.008177,0.014919,6.83384016e-06,0.0026141614640262756
a,simple_diff_exact_random,instance_0003.txt,5,5,0,0,3.0285714285714285,3.0285714285714285,3.0285714285714285,3.0285714285714285,3.0285714285714285,0.0,0.0,0.7476190476190476,0.7476190476190476,0.7476190476190476,0.7476190476190476,0.7476190476190476,0.0,0.0,106.0,106.0,106,106,106,0.0,0.0,35.0,35.0,35,35,35,0.0,0.0,0.0552388,0.046219,0.045265,0.04481,0.070318,0.00014454060136000004,0.012022503955499454
a,simple_diff_exact_random,instance_0004.txt,5,5,0,0,1.8225207286992184,1.7727272727272727,1.6818181818181819,1.6818181818181819,2.1052631578947367,0.023902839639064716,0.15460543211370265,0.4792797918002233,0.4935064935064935,0.5194805194805194,0.3984962406015038,0.5194805194805194,0.0019512522154338532,0.04417298060391503,38.8,39.0,39,37,40,0.9599999999999997,0.9797958971132711,21.4,22.0,22,19,23,1.8400000000000003,1.3564659966250538,0.031118200000000002,0.033414,0.020258,0.020258,0.034656,2.994803295999999e-05,0.005472479598865581
a,simple_diff_exact_random,instance_0005.txt,5,5,0,0,32.55111111111112,32.54814814814815,32.54814814814815,32.54814814814815,32.55555555555556,1.3168724279831085e-05,0.0036288736930115226,0.8170000780822988,0.8170167356393638,0.8170167356393638,0.8169750917467011,0.8170167356393638,4.162113110646275e-10,2.040125758537026e-05,4394.4,4394.0,4394,4394,4395,0.24,0.4898979485566356,135.0,135.0,135,135,135,0.0,0.0,1.1194604,1.169032,0.899089,0.899089,1.372718,0.030008928559440005,0.1732308533704086
a,simple_diff_exact_random,instance_0006.txt,5,5,0,0,27.602836879432623,27.602836879432623,27.602836879432623,27.602836879432623,27.602836879432623,0.0,0.0,0.9600537816506038,0.960053781650604,0.960053781650604,0.960053781650604,0.960053781650604,1.232595164407831e-32,1.1102230246251565e-16,3892.0,3892.0,3892,3892,3892,0.0,0.0,141.0,141.0,141,141,141,0.0,0.0,0.992586,0.980804,0.980804,0.875175,1.232014,0.016755361305199994,0.12944250192730358
a,simple_diff_exact_random,instance_0007.txt,5,5,0,0,26.53103448275862,26.53103448275862,26.53103448275862,26.53103448275862,26.53103448275862,0.0,0.0,0.9323619261115141,0.932361926111514,0.932361926111514,0.932361926111514,0.932361926111514,1.232595164407831e-32,1.1102230246251565e-16,3847.0,3847.0,3847,3847,3847,0.0,0.0,145.0,145.0,145,145,145,0.0,0.0,1.0242914,1.022664,0.905431,0.887862,1.280648,0.01969248898784,0.1403299290523586
a,simple_diff_exact_random,instance_0008.txt,5,5,0,0,22.01395348837209,22.015503875968992,22.015503875968992,22.007751937984494,22.015503875968992,9.614806802480256e-06,0.003100775193799166,0.8648963143312903,0.8648867993171578,0.8648867993171578,0.8648867993171578,0.8649343743878208,3.6214197577427095e-10,1.903002826519895e-05,2839.8,2840.0,2840,2839,2840,0.15999999999999998,0.39999999999999997,129.0,129.0,129,129,129,0.0,0.0,0.6603321999999999,0.692961,0.597219,0.597219,0.710876,0.0025127660213599998,0.0501274976570744
a,simple_diff_exact_random,instance_0009.txt,5,5,0,0,2.4054019457245266,2.4126984126984126,2.4126984126984126,2.375,2.4516129032258065,0.0008180972122922472,0.02860239871570647,0.45538069153406957,0.45372866127583117,0.45372866127583117,0.44491783323189293,0.46226415094339623,4.193876773587852e-05,0.0064760148035561595,152.0,152.0,152,152,152,0.0,0.0,63.2,63.0,63,62,64,0.5599999999999999,0.7483314773547882,0.11762900000000001,0.120346,0.14884,0.093989,0.14884,0.0003590488968,0.01894858561476291
a,simple_diff_exact_random,instance_0010.txt,5,5,0,0,5.938775510204081,5.938775510204081,5.938775510204081,5.938775510204081,5.938775510204081,0.0,0.0,0.6529516994633274,0.6529516994633274,0.6529516994633274,0.6529516994633274,0.6529516994633274,0.0,0.0,1746.0,1746.0,1746,1746,1746,0.0,0.0,294.0,294.0,294,294,294,0.0,0.0,1.3544606000000001,1.23989,1.025043,1.025043,1.677778,0.06266825635064002,0.25033628652402756
a,simple_diff_exact_random,instance_0011.txt,5,5,0,0,6.80694130675526,6.8133333333333335,6.816666666666666,6.794019933554817,6.816666666666666,0.00011278940507156628,0.010620235641056477,0.5960272221510232,0.5956478733926805,0.5954500494559842,0.5954500494559842,0.5967940692252334,3.972541981405199e-07,0.0006302810469469314,2044.8,2045.0,2045,2044,2045,0.16000000000000006,0.4000000000000001,300.4,300.0,300,300,301,0.24000000000000005,0.48989794855663565,1.3325398,1.381875,1.079631,1.079631,1.54063,0.03137649884216,0.17713412670109618
a,simple_diff_exact_random,instance_0012.txt,5,5,0,0,2.2212820512820515,2.2125,2.2125,2.2125,2.2564102564102564,0.0003084976988823151,0.01756410256410259,0.8025527065527065,0.8033333333333333,0.8033333333333333,0.7994301994301996,0.8033333333333333,2.4375126825267893e-06,0.001561253561253517,176.8,177.0,177,176,177,0.16000000000000003,0.4,79.6,80.0,80,78,80,0.64,0.8,0.16464220000000002,0.159607,0.20574,0.101018,0.225883,0.0021294290653600004,0.04614573723931605
a,simple_diff_exact_random,instance_0013.txt,5,5,0,0,12.62534435261708,12.62534435261708,12.62534435261708,12.62534435261708,12.62534435261708,0.0,0.0,0.8924446418191205,0.8924446418191206,0.8924446418191206,0.8924446418191206,0.8924446418191206,1.232595164407831e-32,1.1102230246251565e-16,4583.0,4583.0,4583,4583,4583,0.0,0.0,363.0,363.0,363,363,363,0.0,0.0,3.7482075999999998,3.809592,3.138087,3.138087,4.209553,0.1444649661866399,0.3800854722120275
a,simple_diff_exact_random,instance_0014.txt,5,5,0,0,20.58244680851064,20.58244680851064,20.58244680851064,20.58244680851064,20.58244680851064,0.0,0.0,0.8866832257789705,0.8866832257789704,0.8866832257789704,0.8866832257789704,0.8866832257789704,1.232595164407831e-32,1.1102230246251565e-16,7739.0,7739.0,7739,7739,7739,0.0,0.0,376.0,376.0,376,376,376,0.0,0.0,6.459483199999999,6.371415,5.799351,5.711328,7.565972,0.47591606377656026,0.6898667000055593
a,simple_diff_exact_random,instance_0015.txt,5,5,0,0,10.725947521865889,10.725947521865889,10.725947521865889,10.725947521865889,10.725947521865889,0.0,0.0,0.9281744585589337,0.9281744585589338,0.9281744585589338,0.9281744585589338,0.9281744585589338,1.232595164407831e-32,1.1102230246251565e-16,3679.0,3679.0,3679,3679,3679,0.0,0.0,343.0,343.0,343,343,343,0.0,0.0,2.9591352,2.959057,2.959057,2.495308,3.379364,0.10115902399255994,0.318055064403257
a,simple_diff_exact_random,instance_0016.txt,5,5,0,0,9.661971830985916,9.661971830985916,9.661971830985916,9.661971830985916,9.661971830985916,0.0,0.0,0.8863297431648716,0.8863297431648716,0.8863297431648716,0.8863297431648716,0.8863297431648716,0.0,0.0,686.0,686.0,686,686,686,0.0,0.0,71.0,71.0,71,71,71,0.0,0.0,0.1466894,0.145094,0.179739,0.119054,0.179739,0.0004129419758400002,0.020320973791627218
a,simple_diff_exact_random,instance_0017.txt,5,5,0,0,3.8212560386473426,3.8043478260869565,3.8043478260869565,3.8043478260869565,3.888888888888889,0.0011435506079488413,0.03381642512077292,0.8953080537356893,0.8957712924359739,0.8957712924359739,0.8934550989345511,0.8957712924359739,8.583603737652829e-07,0.0009264774005691034,175.0,175.0,175,175,175,0.0,0.0,45.8,46.0,46,45,46,0.16,0.4,0.0512142,0.053953,0.064462,0.03999,0.064462,8.190389816000005e-05,0.009050077246079176
a,simple_diff_exact_random,instance_0018.txt,5,5,0,0,15.855263157894736,15.855263157894736,15.855263157894736,15.855263157894736,15.855263157894736,0.0,0.0,0.8647161846596012,0.8647161846596012,0.8647161846596012,0.8647161846596012,0.8647161846596012,0.0,0.0,1205.0,1205.0,1205,1205,1205,0.0,0.0,76.0,76.0,76,76,76,0.0,0.0,0.2341004,0.226571,0.181949,0.181949,0.290531,0.0012714798534399995,0.03565781616195809
a,simple_diff_exact_random,instance_0019.txt,5,5,0,0,9.99,9.99,9.99,9.99,9.99,0.0,0.0,0.9505445544554455,0.9505445544554455,0.9505445544554455,0.9505445544554455,0.9505445544554455,0.0,0.0,999.0,999.0,999,999,999,0.0,0.0,100.0,100.0,100,100,100,0.0,0.0,0.3583012,0.330762,0.282459,0.282459,0.442548,0.003327281418159999,0.05768259198545085
a,simple_diff_exact_random,instance_0020.txt,5,5,0,0,4.133333333333334,4.0,4.0,3.6666666666666665,5.0,0.20444444444444448,0.45215533220835125,0.17333333333333334,0.2,0.2,0.0,0.2666666666666667,0.00817777777777778,0.09043106644167026,11.4,12.0,12,10,12,0.6399999999999999,0.7999999999999999,2.8,3.0,3,2,3,0.15999999999999998,0.39999999999999997,0.011519999999999999,0.01154,0.01154,0.008574,0.013503,3.522682000000001e-06,0.001876880923234077
a,simple_diff_exact_smaller,instance_0001.txt,5,5,0,0,2.7916666666666665,2.7916666666666665,2.7916666666666665,2.7916666666666665,2.7916666666666665,0.0,0.0,0.8138888888888889,0.8138888888888889,0.8138888888888889,0.8138888888888889,0.8138888888888889,0.0,0.0,67.0,67.0,67,67,67,0.0,0.0,24.0,24.0,24,24,24,0.0,0.0,0.0352034,0.03188,0.05824,0.019197,0.05824,0.00020344644464000003,0.0142634653797736
a,simple_diff_exact_smaller,instance_0002.txt,5,5,0,0,2.0,2.0,2.0,2.0,2.0,0.0,0.0,0.0,0.0,0.0,0.0,0.0,0.0,0.0,2.0,2.0,2,2,2,0.0,0.0,1.0,1.0,1,1,1,0.0,0.0,0.009304,0.008027,0.008027,0.005074,0.015626,1.2390282000000003e-05,0.0035199832385964572
a,simple_diff_exact_smaller,instance_0003.txt,5,5,0,0,3.0285714285714285,3.0285714285714285,3.0285714285714285,3.0285714285714285,3.0285714285714285,0.0,0.0,0.7476190476190476,0.7476190476190476,0.7476190476190476,0.7476190476190476,0.7476190476190476,0.0,0.0,106.0,106.0,106,106,106,0.0,0.0,35.0,35.0,35,35,35,0.0,0.0,0.033406200000000004,0.031042,0.029617,0.027919,0.04001,2.380727415999999e-05,0.004879269838818099
a,simple_diff_exact_smaller,instance_0004.txt,5,5,0,0,1.6956521739130435,1.6956521739130435,1.6956521739130435,1.6956521739130435,1.6956521739130435,0.0,0.0,0.515527950310559,0.515527950310559,0.515527950310559,0.515527950310559,0.515527950310559,0.0,0.0,39.0,39.0,39,39,39,0.0,0.0,23.0,23.0,23,23,23,0.0,0.0,0.016804000000000003,0.015633,0.015483,0.011676,0.020805,1.17035656e-05,0.0034210474419393835
a,simple_diff_exact_smaller,instance_0005.txt,5,5,0,0,32.55555555555556,32.55555555555556,32.55555555555556,32.55555555555556,32.55555555555556,0.0,0.0,0.8169750917467011,0.8169750917467011,0.8169750917467011,0.8169750917467011,0.8169750917467011,0.0,0.0,4395.0,4395.0,4395,4395,4395,0.0,0.0,135.0,135.0,135,135,135,0.0,0.0,0.6851598000000001,0.680785,0.591416,0.591416,0.826392,0.00654374553656,0.08089342084842252
a,simple_diff_exact_smaller,instance_0006.txt,5,5,0,0,27.602836879432623,27.602836879432623,27.602836879432623,27.602836879432623,27.602836879432623,0.0,0.0,0.9600537816506038,0.960053781650604,0.960053781650604,0.960053781650604,0.960053781650604,1.232595164407831e-32,1.1102230246251565e-16,3892.0,3892.0,3892,3892,3892,0.0,0.0,141.0,141.0,141,141,141,0.0,0.0,0.671393,0.630377,0.673214,0.608228,0.835357,0.007270938326800001,0.08526979727195322
a,simple_diff_exact_smaller,instance_0007.txt,5,5,0,0,26.53103448275862,26.53103448275862,26.53103448275862,26.53103448275862,26.53103448275862,0.0,0.0,0.9323619261115141,0.932361926111514,0.932361926111514,0.932361926111514,0.932361926111514,1.232595164407831e-32,1.1102230246251565e-16,3847.0,3847.0,3847,3847,3847,0.0,0.0,145.0,145.0,145,145,145,0.0,0.0,0.8020372,0.807861,0.70042,0.70042,0.948825,0.008366808798960002,0.0914702618284216
a,simple_diff_exact_smaller,instance_0008.txt,5,5,0,0,22.007751937984494,22.007751937984494,22.007751937984494,22.007751937984494,22.007751937984494,0.0,0.0,0.8649343743878208,0.8649343743878208,0.8649343743878208,0.8649343743878208,0.8649343743878208,0.0,0.0,2839.0,2839.0,2839,2839,2839,0.0,0.0,129.0,129.0,129,129,129,0.0,0.0,0.4467090000000001,0.426216,0.426216,0.360984,0.587655,0.005707727276400001,0.07554950215851856
a,simple_diff_exact_smaller,instance_0009.txt,5,5,0,0,2.4516129032258065,2.4516129032258065,2.4516129032258065,2.4516129032258065,2.4516129032258065,0.0,0.0,0.44491783323189293,0.44491783323189293,0.44491783323189293,0.44491783323189293,0.44491783323189293,0.0,0.0,152.0,152.0,152,152,152,0.0,0.0,62.0,62.0,62,62,62,0.0,0.0,0.0822804,0.083639,0.063231,0.063231,0.103274,0.00019721853624000006,0.014043451720997942
a,simple_diff_exact_smaller,instance_0010.txt,5,5,0,0,5.938775510204081,5.938775510204081,5.938775510204081,5.938775510204081,5.938775510204081,0.0,0.0,0.6529516994633274,0.6529516994633274,0.6529516994633274,0.6529516994633274,0.6529516994633274,0.0,0.0,1746.0,1746.0,1746,1746,1746,0.0,0.0,294.0,294.0,294,294,294,0.0,0.0,0.9328108,0.963351,0.716023,0.716023,1.031799,0.012435025981759999,0.111512447653883
a,simple_diff_exact_smaller,instance_0011.txt,5,5,0,0,6.813333333333334,6.8133333333333335,6.8133333333333335,6.8133333333333335,6.8133333333333335,7.888609052210118e-31,8.881784197001252e-16,0.5956478733926805,0.5956478733926805,0.5956478733926805,0.5956478733926805,0.5956478733926805,0.0,0.0,2044.0,2044.0,2044,2044,2044,0.0,0.0,300.0,300.0,300,300,300,0.0,0.0,0.8987985999999999,0.915278,0.862862,0.80964,0.960786,0.0031057822486399997,0.05572954556283408
a,simple_diff_exact_smaller,instance_0012.txt,5,5,0,0,2.2125,2.2125,2.2125,2.2125,2.2125,0.0,0.0,0.8033333333333333,0.8033333333333333,0.8033333333333333,0.8033333333333333,0.8033333333333333,0.0,0.0,177.0,177.0,177,177,177,0.0,0.0,80.0,80.0,80,80,80,0.0,0.0,0.11188039999999999,0.107454,0.127349,0.10131,0.127349,9.522318743999993e-05,0.009758236902227775
a,simple_diff_exact_smaller,instance_0013.txt,5,5,0,0,12.62534435261708,12.62534435261708,12.62534435261708,12.62534435261708,12.62534435261708,0.0,0.0,0.8924446418191205,0.8924446418191206,0.8924446418191206,0.8924446418191206,0.8924446418191206,1.232595164407831e-32,1.1102230246251565e-16,4583.0,4583.0,4583,4583,4583,0.0,0.0,363.0,363.0,363,363,363,0.0,0.0,2.4383996,2.478554,2.317884,2.296256,2.558218,0.012248426885440006,0.11067261127053976
a,simple_diff_exact_smaller,instance_0014.txt,5,5,0,0,20.58244680851064,20.58244680851064,20.58244680851064,20.58244680851064,20.58244680851064,0.0,0.0,0.8866832257789705,0.8866832257789704,0.8866832257789704,0.8866832257789704,0.8866832257789704,1.232595164407831e-32,1.1102230246251565e-16,7739.0,7739.0,7739,7739,7739,0.0,0.0,376.0,376.0,376,376,376,0.0,0.0,4.150724800000001,4.209087,3.654962,3.654962,4.476345,0.07398938762696008,0.27200990354573507
a,simple_diff_exact_smaller,instance_0015.txt,5,5,0,0,10.725947521865889,10.725947521865889,10.725947521865889,10.725947521865889,10.725947521865889,0.0,0.0,0.9281744585589337,0.9281744585589338,0.9281744585589338,0.9281744585589338,0.9281744585589338,1.232595164407831e-32,1.1102230246251565e-16,3679.0,3679.0,3679,3679,3679,0.0,0.0,343.0,343.0,343,343,343,0.0,0.0,2.0968644,1.927724,1.776339,1.776339,2.635201,0.10220118204103998,0.31968919600299284
a,simple_diff_exact_smaller,instance_0016.txt,5,5,0,0,9.661971830985916,9.661971830985916,9.661971830985916,9.661971830985916,9.661971830985916,0.0,0.0,0.8863297431648716,0.8863297431648716,0.8863297431648716,0.8863297431648716,0.8863297431648716,0.0,0.0,686.0,686.0,686,686,686,0.0,0.0,71.0,71.0,71,71,71,0.0,0.0,0.10112000000000002,0.091863,0.1323,0.083865,0.1323,0.0003080255128,0.017550655623081435
a,simple_diff_exact_smaller,instance_0017.txt,5,5,0,0,3.804347826086956,3.8043478260869565,3.8043478260869565,3.8043478260869565,3.8043478260869565,1.9721522630525295e-31,4.440892098500626e-16,0.8957712924359738,0.8957712924359739,0.8957712924359739,0.8957712924359739,0.8957712924359739,1.232595164407831e-32,1.1102230246251565e-16,175.0,175.0,175,175,175,0.0,0.0,46.0,46.0,46,46,46,0.0,0.0,0.037467799999999996,0.035246,0.038078,0.033325,0.046338,2.217203775999999e-05,0.004708719333321959
a,simple_diff_exact_smaller,instance_0018.txt,5,5,0,0,15.855263157894736,15.855263157894736,15.855263157894736,15.855263157894736,15.855263157894736,0.0,0.0,0.8647161846596012,0.8647161846596012,0.8647161846596012,0.8647161846596012,0.8647161846596012,0.0,0.0,1205.0,1205.0,1205,1205,1205,0.0,0.0,76.0,76.0,76,76,76,0.0,0.0,0.1748818,0.151034,0.14941,0.146848,0.230177,0.00110950948656,0.03330930030126721
a,simple_diff_exact_smaller,instance_0019.txt,5,5,0,0,9.99,9.99,9.99,9.99,9.99,0.0,0.0,0.9505445544554455,0.9505445544554455,0.9505445544554455,0.9505445544554455,0.9505445544554455,0.0,0.0,999.0,999.0,999,999,999,0.0,0.0,100.0,100.0,100,100,100,0.0,0.0,0.2550238,0.283634,0.17267,0.17267,0.301129,0.00220409967296,0.046947839917934456
a,simple_diff_exact_smaller,instance_0020.txt,5,5,0,0,4.0,4.0,4.0,4.0,4.0,0.0,0.0,0.2,0.2,0.2,0.2,0.2,0.0,0.0,12.0,12.0,12,12,12,0.0,0.0,3.0,3.0,3,3,3,0.0,0.0,0.008204199999999998,0.009817,0.00372,0.00372,0.010971,8.95872936e-06,0.0029931136563785877
a,simple_diff_multi_bigger,instance_0001.txt,5,5,0,0,2.72,2.72,2.72,2.72,2.72,0.0,0.0,0.8186666666666668,0.8186666666666667,0.8186666666666667,0.8186666666666667,0.8186666666666667,1.232595164407831e-32,1.1102230246251565e-16,68.0,68.0,68,68,68,0.0,0.0,25.0,25.0,25,25,25,0.0,0.0,0.0067958,0.007349,0.005086,0.004303,0.00899,3.275123759999999e-06,0.0018097303003486455
a,simple_diff_multi_bigger,instance_0002.txt,5,5,0,0,2.0,2.0,2.0,2.0,2.0,0.0,0.0,0.0,0.0,0.0,0.0,0.0,0.0,0.0,2.0,2.0,2,2,2,0.0,0.0,1.0,1.0,1,1,1,0.0,0.0,0.0001396,0.000144,0.000144,0.000127,0.000148,6.183999999999999e-11,7.863841300534999e-06
a,simple_diff_multi_bigger,instance_0003.txt,5,5,0,0,3.0285714285714285,3.0285714285714285,3.0285714285714285,3.0285714285714285,3.0285714285714285,0.0,0.0,0.7476190476190476,0.7476190476190476,0.7476190476190476,0.7476190476190476,0.7476190476190476,0.0,0.0,106.0,106.0,106,106,106,0.0,0.0,35.0,35.0,35,35,35,0.0,0.0,0.011105199999999999,0.011116,0.011116,0.009089,0.012727,1.3674877600000003e-06,0.0011693963228948518
a,simple_diff_multi_bigger,instance_0004.txt,5,5,0,0,2.1052631578947367,2.1052631578947367,2.1052631578947367,2.1052631578947367,2.1052631578947367,0.0,0.0,0.3984962406015038,0.3984962406015038,0.3984962406015038,0.3984962406015038,0.3984962406015038,0.0,0.0,40.0,40.0,40,40,40,0.0,0.0,19.0,19.0,19,19,19,0.0,0.0,0.0018692000000000001,0.002015,0.001671,0.001243,0.002237,1.3690816e-07,0.00037001102686271394
a,simple_diff_multi_bigger,instance_0005.txt,5,5,0,0,32.54814814814815,32.54814814814815,32.54814814814815,32.54814814814815,32.54814814814815,0.0,0.0,0.8170167356393637,0.8170167356393638,0.8170167356393638,0.8170167356393638,0.8170167356393638,1.232595164407831e-32,1.1102230246251565e-16,4394.0,4394.0,4394,4394,4394,0.0,0.0,135.0,135.0,135,135,135,0.0,0.0,0.2924958,0.290236,0.308993,0.268998,0.309309,0.00023382787815999997,0.015291431527492773
a,simple_diff_multi_bigger,instance_0006.txt,5,5,0,0,27.602836879432623,27.602836879432623,27.602836879432623,27.602836879432623,27.602836879432623,0.0,0.0,0.9600537816506038,0.960053781650604,0.960053781650604,0.960053781650604,0.960053781650604,1.232595164407831e-32,1.1102230246251565e-16,3892.0,3892.0,3892,3892,3892,0.0,0.0,141.0,141.0,141,141,141,0.0,0.0,0.39178620000000003,0.40112,0.345569,0.325355,0.449966,0.002411658606159999,0.04910864085026177
a,simple_diff_multi_bigger,instance_0007.txt,5,5,0,0,26.53103448275862,26.53103448275862,26.53103448275862,26.53103448275862,26.53103448275862,0.0,0.0,0.9323619261115141,0.932361926111514,0.932361926111514,0.932361926111514,0.932361926111514,1.232595164407831e-32,1.1102230246251565e-16,3847.0,3847.0,3847,3847,3847,0.0,0.0,145.0,145.0,145,145,145,0.0,0.0,0.37828920000000005,0.390203,0.396542,0.329784,0.43235,0.00140530068696,0.037487340355912155
a,simple_diff_multi_bigger,instance_0008.txt,5,5,0,0,22.007751937984494,22.007751937984494,22.007751937984494,22.007751937984494,22.007751937984494,0.0,0.0,0.8649343743878208,0.8649343743878208,0.8649343743878208,0.8649343743878208,0.8649343743878208,0.0,0.0,2839.0,2839.0,2839,2839,2839,0.0,0.0,129.0,129.0,129,129,129,0.0,0.0,0.2992224,0.308325,0.219912,0.219912,0.390393,0.003167755774239999,0.05628281952994181
a,simple_diff_multi_bigger,instance_0009.txt,5,5,0,0,2.303030303030303,2.303030303030303,2.303030303030303,2.303030303030303,2.303030303030303,0.0,0.0,0.4785591766723842,0.47855917667238423,0.47855917667238423,0.47855917667238423,0.47855917667238423,3.0814879110195774e-33,5.551115123125783e-17,152.0,152.0,152,152,152,0.0,0.0,66.0,66.0,66,66,66,0.0,0.0,0.0249074,0.024253,0.024253,0.017221,0.035085,5.063956903999998e-05,0.007116148469502304
a,simple_diff_multi_bigger,instance_0010.txt,5,5,0,0,5.859060402684563,5.859060402684563,5.859060402684563,5.859060402684563,5.859060402684563,0.0,0.0,0.6576100659134841,0.6576100659134841,0.6576100659134841,0.6576100659134841,0.6576100659134841,0.0,0.0,1746.0,1746.0,1746,1746,1746,0.0,0.0,298.0,298.0,298,298,298,0.0,0.0,0.574365,0.600782,0.458422,0.458422,0.611725,0.003390027744800001,0.05822394477188918
a,simple_diff_multi_bigger,instance_0011.txt,5,5,0,0,6.790697674418604,6.790697674418604,6.790697674418604,6.790697674418604,6.790697674418604,0.0,0.0,0.5969912359395487,0.5969912359395487,0.5969912359395487,0.5969912359395487,0.5969912359395487,0.0,0.0,2044.0,2044.0,2044,2044,2044,0.0,0.0,301.0,301.0,301,301,301,0.0,0.0,0.458446,0.437227,0.39961,0.39961,0.523928,0.002079951221199998,0.04560648222785877
a,simple_diff_multi_bigger,instance_0012.txt,5,5,0,0,2.185185185185185,2.185185185185185,2.185185185185185,2.185185185185185,2.185185185185185,0.0,0.0,0.805761316872428,0.805761316872428,0.805761316872428,0.805761316872428,0.805761316872428,0.0,0.0,177.0,177.0,177,177,177,0.0,0.0,81.0,81.0,81,81,81,0.0,0.0,0.043247,0.044968,0.030697,0.030697,0.052683,5.37294164e-05,0.00733003522501768
a,simple_diff_multi_bigger,instance_0013.txt,5,5,0,0,12.590659340659341,12.590659340659341,12.590659340659341,12.590659340659341,12.590659340659341,0.0,0.0,0.8927401235723649,0.8927401235723648,0.8927401235723648,0.8927401235723648,0.8927401235723648,1.232595164407831e-32,1.1102230246251565e-16,4583.0,4583.0,4583,4583,4583,0.0,0.0,364.0,364.0,364,364,364,0.0,0.0,0.8898444,0.809252,0.925068,0.779083,1.139188,0.018172978693040014,0.1348071908061288
a,simple_diff_multi_bigger,instance_0014.txt,5,5,0,0,20.58244680851064,20.58244680851064,20.58244680851064,20.58244680851064,20.58244680851064,0.0,0.0,0.8866832257789705,0.8866832257789704,0.8866832257789704,0.8866832257789704,0.8866832257789704,1.232595164407831e-32,1.1102230246251565e-16,7739.0,7739.0,7739,7739,7739,0.0,0.0,376.0,376.0,376,376,376,0.0,0.0,1.6063526,1.669336,1.73933,1.452583,1.73933,0.012802004364240005,0.11314594276526227
a,simple_diff_multi_bigger,instance_0015.txt,5,5,0,0,10.725947521865889,10.725947521865889,10.725947521865889,10.725947521865889,10.725947521865889,0.0,0.0,0.9281744585589337,0.9281744585589338,0.9281744585589338,0.9281744585589338,0.9281744585589338,1.232595164407831e-32,1.1102230246251565e-16,3679.0,3679.0,3679,3679,3679,0.0,0.0,343.0,343.0,343,343,343,0.0,0.0,1.0391720000000002,1.053492,1.197388,0.890833,1.197388,0.013292312548399998,0.11529229179958216
a,simple_diff_multi_bigger,instance_0016.txt,5,5,0,0,9.661971830985916,9.661971830985916,9.661971830985916,9.661971830985916,9.661971830985916,0.0,0.0,0.8863297431648716,0.8863297431648716,0.8863297431648716,0.8863297431648716,0.8863297431648716,0.0,0.0,686.0,686.0,686,686,686,0.0,0.0,71.0,71.0,71,71,71,0.0,0.0,0.036885,0.035389,0.029786,0.029786,0.047584,4.770704080000001e-05,0.006907028362472534
a,simple_diff_multi_bigger,instance_0017.txt,5,5,0,0,3.804347826086956,3.8043478260869565,3.8043478260869565,3.8043478260869565,3.8043478260869565,1.9721522630525295e-31,4.440892098500626e-16,0.8957712924359738,0.8957712924359739,0.8957712924359739,0.8957712924359739,0.8957712924359739,1.232595164407831e-32,1.1102230246251565e-16,175.0,175.0,175,175,175,0.0,0.0,46.0,46.0,46,46,46,0.0,0.0,0.0159134,0.014063,0.010732,0.010732,0.022644,1.673787704e-05,0.004091195062570349
a,simple_diff_multi_bigger,instance_0018.txt,5,5,0,0,15.855263157894736,15.855263157894736,15.855263157894736,15.855263157894736,15.855263157894736,0.0,0.0,0.8647161846596012,0.8647161846596012,0.8647161846596012,0.8647161846596012,0.8647161846596012,0.0,0.0,1205.0,1205.0,1205,1205,1205,0.0,0.0,76.0,76.0,76,76,76,0.0,0.0,0.0628892,0.061841,0.061275,0.050436,0.077168,7.267418375999999e-05,0.008524915469375635
a,simple_diff_multi_bigger,instance_0019.txt,5,5,0,0,9.891089108910892,9.891089108910892,9.891089108910892,9.891089108910892,9.891089108910892,0.0,0.0,0.9510342123321243,0.9510342123321243,0.9510342123321243,0.9510342123321243,0.9510342123321243,0.0,0.0,999.0,999.0,999,999,999,0.0,0.0,101.0,101.0,101,101,101,0.0,0.0,0.1653484,0.159079,0.147187,0.133712,0.198639,0.0005994082374399999,0.02448281514532183
a,simple_diff_multi_bigger,instance_0020.txt,5,5,0,0,5.0,5.0,5.0,5.0,5.0,0.0,0.0,0.0,0.0,0.0,0.0,0.0,0.0,0.0,10.0,10.0,10,10,10,0.0,0.0,2.0,2.0,2,2,2,0.0,0.0,0.0001364,0.000135,0.000153,0.000117,0.000153,1.950400000000001e-10,1.3965672200076877e-05
a,simple_diff_multi_most_shared,instance_0001.txt,5,5,0,0,2.68,2.68,2.68,2.68,2.68,0.0,0.0,0.8213333333333332,0.8213333333333334,0.8213333333333334,0.8213333333333334,0.8213333333333334,1.232595164407831e-32,1.1102230246251565e-16,67.0,67.0,67,67,67,0.0,0.0,25.0,25.0,25,25,25,0.0,0.0,0.0076364,0.007679,0.007679,0.006586,0.009325,1.0113662400000001e-06,0.0010056670622029939
a,simple_diff_multi_most_shared,instance_0002.txt,5,5,0,0,2.0,2.0,2.0,2.0,2.0,0.0,0.0,0.0,0.0,0.0,0.0,0.0,0.0,0.0,2.0,2.0,2,2,2,0.0,0.0,1.0,1.0,1,1,1,0.0,0.0,0.000165,0.000164,0.000169,0.000149,0.000182,1.1560000000000007e-10,1.0751744044572493e-05
a,simple_diff_multi_most_shared,instance_0003.txt,5,5,0,0,3.0285714285714285,3.0285714285714285,3.0285714285714285,3.0285714285714285,3.0285714285714285,0.0,0.0,0.7476190476190476,0.7476190476190476,0.7476190476190476,0.7476190476190476,0.7476190476190476,0.0,0.0,106.0,106.0,106,106,106,0.0,0.0,35.0,35.0,35,35,35,0.0,0.0,0.016588600000000002,0.0186,0.012874,0.012874,0.018887,6.79888904e-06,0.0026074679365238607
a,simple_diff_multi_most_shared,instance_0004.txt,5,5,0,0,1.6086956521739133,1.608695652173913,1.608695652173913,1.608695652173913,1.608695652173913,4.930380657631324e-32,2.220446049250313e-16,0.5403726708074534,0.5403726708074534,0.5403726708074534,0.5403726708074534,0.5403726708074534,0.0,0.0,37.0,37.0,37,37,37,0.0,0.0,23.0,23.0,23,23,23,0.0,0.0,0.0024610000000000005,0.002153,0.002132,0.002132,0.00368,3.72022e-07,0.0006099360622229186
a,simple_diff_multi_most_shared,instance_0005.txt,5,5,0,0,32.55555555555556,32.55555555555556,32.55555555555556,32.55555555555556,32.55555555555556,0.0,0.0,0.8169750917467011,0.8169750917467011,0.8169750917467011,0.8169750917467011,0.8169750917467011,0.0,0.0,4395.0,4395.0,4395,4395,4395,0.0,0.0,135.0,135.0,135,135,135,0.0,0.0,0.3621824,0.354158,0.264174,0.264174,0.475837,0.00457900045784,0.06766831206584069
a,simple_diff_multi_most_shared,instance_0006.txt,5,5,0,0,27.602836879432623,27.602836879432623,27.602836879432623,27.602836879432623,27.602836879432623,0.0,0.0,0.9600537816506038,0.960053781650604,0.960053781650604,0.960053781650604,0.960053781650604,1.232595164407831e-32,1.1102230246251565e-16,3892.0,3892.0,3892,3892,3892,0.0,0.0,141.0,141.0,141,141,141,0.0,0.0,0.45444499999999993,0.459034,0.459034,0.405178,0.521959,0.0016687501311999993,0.04085033820178236
a,simple_diff_multi_most_shared,instance_0007.txt,5,5,0,0,26.53103448275862,26.53103448275862,26.53103448275862,26.53103448275862,26.53103448275862,0.0,0.0,0.9323619261115141,0.932361926111514,0.932361926111514,0.932361926111514,0.932361926111514,1.232595164407831e-32,1.1102230246251565e-16,3847.0,3847.0,3847,3847,3847,0.0,0.0,145.0,145.0,145,145,145,0.0,0.0,0.45006520000000005,0.440551,0.429531,0.429531,0.484213,0.00036644422816,0.019142733037891952
a,simple_diff_multi_most_shared,instance_0008.txt,5,5,0,0,22.015503875968992,22.015503875968992,22.015503875968992,22.015503875968992,22.015503875968992,0.0,0.0,0.8648867993171578,0.8648867993171578,0.8648867993171578,0.8648867993171578,0.8648867993171578,0.0,0.0,2840.0,2840.0,2840,2840,2840,0.0,0.0,129.0,129.0,129,129,129,0.0,0.0,0.3527188,0.372324,0.340118,0.254702,0.414194,0.0029604167017600004,0.05440971146550954
a,simple_diff_multi_most_shared,instance_0009.txt,5,5,0,0,2.3384615384615386,2.3384615384615386,2.3384615384615386,2.3384615384615386,2.3384615384615386,0.0,0.0,0.47053701015965166,0.47053701015965166,0.47053701015965166,0.47053701015965166,0.47053701015965166,0.0,0.0,152.0,152.0,152,152,152,0.0,0.0,65.0,65.0,65,65,65,0.0,0.0,0.0314266,0.032096,0.032817,0.029521,0.03314,2.4872578400000032e-06,0.0015771042578092303
a,simple_diff_multi_most_shared,instance_0010.txt,5,5,0,0,5.918644067796611,5.918644067796611,5.918644067796611,5.918644067796611,5.918644067796611,0.0,0.0,0.6541281343804008,0.6541281343804008,0.6541281343804008,0.6541281343804008,0.6541281343804008,0.0,0.0,1746.0,1746.0,1746,1746,1746,0.0,0.0,295.0,295.0,295,295,295,0.0,0.0,0.756302,0.751805,0.612706,0.612706,0.878536,0.007427903137200001,0.08618528376236863
a,simple_diff_multi_most_shared,instance_0011.txt,5,5,0,0,6.8166666666666655,6.816666666666666,6.816666666666666,6.816666666666666,6.816666666666666,7.888609052210118e-31,8.881784197001252e-16,0.5954500494559842,0.5954500494559842,0.5954500494559842,0.5954500494559842,0.5954500494559842,0.0,0.0,2045.0,2045.0,2045,2045,2045,0.0,0.0,300.0,300.0,300,300,300,0.0,0.0,0.6538356,0.683931,0.499344,0.499344,0.708672,0.006048740561039998,0.0777736495288732
a,simple_diff_multi_most_shared,instance_0012.txt,5,5,0,0,2.1325301204819276,2.1325301204819276,2.1325301204819276,2.1325301204819276,2.1325301204819276,0.0,0.0,0.8104417670682731,0.8104417670682731,0.8104417670682731,0.8104417670682731,0.8104417670682731,0.0,0.0,177.0,177.0,177,177,177,0.0,0.0,83.0,83.0,83,83,83,0.0,0.0,0.064745,0.047335,0.046401,0.045427,0.112079,0.000662635952,0.025741716182104097
a,simple_diff_multi_most_shared,instance_0013.txt,5,5,0,0,12.590659340659341,12.590659340659341,12.590659340659341,12.590659340659341,12.590659340659341,0.0,0.0,0.8927401235723649,0.8927401235723648,0.8927401235723648,0.8927401235723648,0.8927401235723648,1.232595164407831e-32,1.1102230246251565e-16,4583.0,4583.0,4583,4583,4583,0.0,0.0,364.0,364.0,364,364,364,0.0,0.0,1.4443191999999998,1.481748,1.481748,1.160579,1.746147,0.05963366286895999,0.2442000468242379
a,simple_diff_multi_most_shared,instance_0014.txt,5,5,0,0,20.58244680851064,20.58244680851064,20.58244680851064,20.58244680851064,20.58244680851064,0.0,0.0,0.8866832257789705,0.8866832257789704,0.8866832257789704,0.8866832257789704,0.8866832257789704,1.232595164407831e-32,1.1102230246251565e-16,7739.0,7739.0,7739,7739,7739,0.0,0.0,376.0,376.0,376,376,376,0.0,0.0,2.0092578,2.088501,1.671892,1.671892,2.300884,0.05354789343416,0.23140417765062066
a,simple_diff_multi_most_shared,instance_0015.txt,5,5,0,0,10.725947521865889,10.725947521865889,10.725947521865889,10.725947521865889,10.725947521865889,0.0,0.0,0.9281744585589337,0.9281744585589338,0.9281744585589338,0.9281744585589338,0.9281744585589338,1.232595164407831e-32,1.1102230246251565e-16,3679.0,3679.0,3679,3679,3679,0.0,0.0,343.0,343.0,343,343,343,0.0,0.0,1.5258638000000002,1.461483,1.391096,1.275499,1.809691,0.038599915346959994,0.19646861160745244
a,simple_diff_multi_most_shared,instance_0016.txt,5,5,0,0,9.661971830985916,9.661971830985916,9.661971830985916,9.661971830985916,9.661971830985916,0.0,0.0,0.8863297431648716,0.8863297431648716,0.8863297431648716,0.8863297431648716,0.8863297431648716,0.0,0.0,686.0,686.0,686,686,686,0.0,0.0,71.0,71.0,71,71,71,0.0,0.0,0.05282579999999999,0.053519,0.044145,0.044145,0.067663,7.438971616000002e-05,0.00862494731346227
a,simple_diff_multi_most_shared,instance_0017.txt,5,5,0,0,3.804347826086956,3.8043478260869565,3.8043478260869565,3.8043478260869565,3.8043478260869565,1.9721522630525295e-31,4.440892098500626e-16,0.8957712924359738,0.8957712924359739,0.8957712924359739,0.8957712924359739,0.8957712924359739,1.232595164407831e-32,1.1102230246251565e-16,175.0,175.0,175,175,175,0.0,0.0,46.0,46.0,46,46,46,0.0,0.0,0.024426800000000002,0.022682,0.0211,0.020946,0.033554,2.197281376e-05,0.0046875168010365575
a,simple_diff_multi_most_shared,instance_0018.txt,5,5,0,0,15.855263157894736,15.855263157894736,15.855263157894736,15.855263157894736,15.855263157894736,0.0,0.0,0.8647161846596012,0.8647161846596012,0.8647161846596012,0.8647161846596012,0.8647161846596012,0.0,0.0,1205.0,1205.0,1205,1205,1205,0.0,0.0,76.0,76.0,76,76,76,0.0,0.0,0.10107459999999999,0.100132,0.102493,0.080385,0.135978,0.0003729983162399998,0.01931316432488472
a,simple_diff_multi_most_shared,instance_0019.txt,5,5,0,0,9.891089108910892,9.891089108910892,9.891089108910892,9.891089108910892,9.891089108910892,0.0,0.0,0.9510342123321243,0.9510342123321243,0.9510342123321243,0.9510342123321243,0.9510342123321243,0.0,0.0,999.0,999.0,999,999,999,0.0,0.0,101.0,101.0,101,101,101,0.0,0.0,0.1865252,0.189347,0.238958,0.136672,0.238958,0.0010918713133600002,0.0330434761089084
a,simple_diff_multi_most_shared,instance_0020.txt,5,5,0,0,5.0,5.0,5.0,5.0,5.0,0.0,0.0,0.0,0.0,0.0,0.0,0.0,0.0,0.0,10.0,10.0,10,10,10,0.0,0.0,2.0,2.0,2,2,2,0.0,0.0,0.0001816,0.00018,0.00018,0.000172,0.000196,6.303999999999994e-11,7.93977329651168e-06
a,simple_diff_multi_random,instance_0001.txt,5,5,0,0,2.7343333333333337,2.72,2.72,2.72,2.7916666666666665,0.0008217777777777697,0.028666666666666524,0.8177111111111112,0.8186666666666667,0.8186666666666667,0.8138888888888889,0.8186666666666667,3.6523456790123328e-06,0.0019111111111111078,67.8,68.0,68,67,68,0.16,0.4,24.8,25.0,25,24,25,0.15999999999999998,0.39999999999999997,0.0076300000000000005,0.007772,0.007772,0.004877,0.009208,2.2683203999999994e-06,0.0015060944193509248
a,simple_diff_multi_random,instance_0002.txt,5,5,0,0,1.8,2.0,2.0,1.0,2.0,0.16000000000000006,0.4000000000000001,0.1,0.0,0.0,0.0,0.5,0.040000000000000015,0.20000000000000004,2.0,2.0,2,2,2,0.0,0.0,1.2,1.0,1,1,2,0.16000000000000006,0.4000000000000001,0.00022600000000000002,0.000218,0.000275,0.000201,0.000275,6.760000000000001e-10,2.6000000000000002e-05
a,simple_diff_multi_random,instance_0003.txt,5,5,0,0,3.0117460317460316,3.0285714285714285,3.0285714285714285,2.9444444444444446,3.0285714285714285,0.0011323759133282864,0.033650793650793535,0.749021164021164,0.7476190476190476,0.7476190476190476,0.7476190476190476,0.7546296296296297,7.863721620335405e-06,0.0028042328042328095,106.0,106.0,106,106,106,0.0,0.0,35.2,35.0,35,35,36,0.16,0.4,0.016168599999999998,0.016008,0.016673,0.014466,0.019176,2.9882790399999988e-06,0.0017286639465205489
a,simple_diff_multi_random,instance_0004.txt,5,5,0,0,1.8225207286992184,1.7727272727272727,1.6818181818181819,1.6818181818181819,2.1052631578947367,0.023902839639064716,0.15460543211370265,0.4792797918002233,0.4935064935064935,0.5194805194805194,0.3984962406015038,0.5194805194805194,0.0019512522154338532,0.04417298060391503,38.8,39.0,39,37,40,0.9599999999999997,0.9797958971132711,21.4,22.0,22,19,23,1.8400000000000003,1.3564659966250538,0.004203999999999999,0.00345,0.00616,0.00287,0.00616,1.5699715999999995e-06,0.0012529850757291563
a,simple_diff_multi_random,instance_0005.txt,5,5,0,0,32.55111111111111,32.54814814814815,32.54814814814815,32.54814814814815,32.55555555555556,1.3168724279831087e-05,0.0036288736930115226,0.8170000780822988,0.8170167356393638,0.8170167356393638,0.8169750917467011,0.8170167356393638,4.162113110646275e-10,2.040125758537026e-05,4394.4,4394.0,4394,4394,4395,0.24000000000000005,0.48989794855663565,135.0,135.0,135,135,135,0.0,0.0,0.4327655999999999,0.437825,0.457678,0.340043,0.497595,0.0026901754870400007,0.051866901652595374
a,simple_diff_multi_random,instance_0006.txt,5,5,0,0,27.602836879432623,27.602836879432623,27.602836879432623,27.602836879432623,27.602836879432623,0.0,0.0,0.9600537816506038,0.960053781650604,0.960053781650604,0.960053781650604,0.960053781650604,1.232595164407831e-32,1.1102230246251565e-16,3892.0,3892.0,3892,3892,3892,0.0,0.0,141.0,141.0,141,141,141,0.0,0.0,0.5313862,0.494351,0.627039,0.446185,0.627039,0.00597491897696,0.07729760007244726
a,simple_diff_multi_random,instance_0007.txt,5,5,0,0,26.53103448275862,26.53103448275862,26.53103448275862,26.53103448275862,26.53103448275862,0.0,0.0,0.9323619261115141,0.932361926111514,0.932361926111514,0.932361926111514,0.932361926111514,1.232595164407831e-32,1.1102230246251565e-16,3847.0,3847.0,3847,3847,3847,0.0,0.0,145.0,145.0,145,145,145,0.0,0.0,0.5958904,0.597903,0.667003,0.495832,0.667003,0.00328232715544,0.05729159759894988
a,simple_diff_multi_random,instance_0008.txt,5,5,0,0,22.01395348837209,22.015503875968992,22.015503875968992,22.007751937984494,22.015503875968992,9.614806802480256e-06,0.003100775193799166,0.8648963143312903,0.8648867993171578,0.8648867993171578,0.8648867993171578,0.8649343743878208,3.6214197577427095e-10,1.903002826519895e-05,2839.8,2840.0,2840,2839,2840,0.15999999999999998,0.39999999999999997,129.0,129.0,129,129,129,0.0,0.0,0.45758280000000007,0.448458,0.339425,0.339425,0.589438,0.006360016680560002,0.07974971273026632
a,simple_diff_multi_random,instance_0009.txt,5,5,0,0,2.317202797202797,2.303030303030303,2.303030303030303,2.303030303030303,2.3384615384615386,0.0003012893866040711,0.017357689552589397,0.4753503100672912,0.47855917667238423,0.47855917667238423,0.47053701015965166,0.47855917667238423,1.5445237333921906e-05,0.003930042917567428,152.0,152.0,152,152,152,0.0,0.0,65.6,66.0,66,65,66,0.24,0.4898979485566356,0.040018200000000004,0.038383,0.040809,0.036065,0.047252,1.543799336000001e-05,0.003929121194363952
a,simple_diff_multi_random,instance_0010.txt,5,5,0,0,5.914644983967018,5.918644067796611,5.918644067796611,5.898648648648648,5.918644067796611,6.397068590443173e-05,0.00799816765918493,0.6543618315869006,0.6541281343804008,0.6541281343804008,0.6541281343804008,0.6552966204128995,2.184575373031057e-07,0.00046739441299945564,1746.0,1746.0,1746,1746,1746,0.0,0.0,295.2,295.0,295,295,296,0.16,0.4,0.846504,0.795526,0.734346,0.648201,1.042549,0.02405821410359999,0.15510710526471697
a,simple_diff_multi_random,instance_0011.txt,5,5,0,0,6.793355481727575,6.794019933554817,6.794019933554817,6.790697674418604,6.794019933554817,1.7659849229038615e-06,0.0013289036544851028,0.5968335025680964,0.5967940692252334,0.5967940692252334,0.5967940692252334,0.5969912359395487,6.219954117426081e-09,7.88666857261422e-05,2044.8,2045.0,2045,2044,2045,0.16000000000000006,0.4000000000000001,301.0,301.0,301,301,301,0.0,0.0,0.7517199999999999,0.777931,0.596116,0.596116,0.893135,0.009532773560800003,0.09763592351588632
a,simple_diff_multi_random,instance_0012.txt,5,5,0,0,2.1827160493827162,2.185185185185185,2.185185185185185,2.1728395061728394,2.185185185185185,2.4386526444139834e-05,0.004938271604938294,0.8059807956104252,0.805761316872428,0.805761316872428,0.805761316872428,0.8068587105624143,1.926836657314769e-07,0.00043895747599451693,176.8,177.0,177,176,177,0.16000000000000003,0.4,81.0,81.0,81,81,81,0.0,0.0,0.0715344,0.070755,0.080719,0.045957,0.090569,0.00022099045263999998,0.014865747631384032
a,simple_diff_multi_random,instance_0013.txt,5,5,0,0,12.590659340659341,12.590659340659341,12.590659340659341,12.590659340659341,12.590659340659341,0.0,0.0,0.8927401235723649,0.8927401235723648,0.8927401235723648,0.8927401235723648,0.8927401235723648,1.232595164407831e-32,1.1102230246251565e-16,4583.0,4583.0,4583,4583,4583,0.0,0.0,364.0,364.0,364,364,364,0.0,0.0,1.4020438,1.476134,1.232938,1.179136,1.590122,0.027201440381760006,0.16492859176552743
a,simple_diff_multi_random,instance_0014.txt,5,5,0,0,20.58244680851064,20.58244680851064,20.58244680851064,20.58244680851064,20.58244680851064,0.0,0.0,0.8866832257789705,0.8866832257789704,0.8866832257789704,0.8866832257789704,0.8866832257789704,1.232595164407831e-32,1.1102230246251565e-16,7739.0,7739.0,7739,7739,7739,0.0,0.0,376.0,376.0,376,376,376,0.0,0.0,2.1972864000000003,2.302701,1.682232,1.682232,2.447975,0.07094219134504,0.2663497537919643
a,simple_diff_multi_random,instance_0015.txt,5,5,0,0,10.725947521865889,10.725947521865889,10.725947521865889,10.725947521865889,10.725947521865889,0.0,0.0,0.9281744585589337,0.9281744585589338,0.9281744585589338,0.9281744585589338,0.9281744585589338,1.232595164407831e-32,1.1102230246251565e-16,3679.0,3679.0,3679,3679,3679,0.0,0.0,343.0,343.0,343,343,343,0.0,0.0,1.1947674000000001,1.126803,1.60793,0.918577,1.60793,0.05169937679864002,0.22737496959568795
a,simple_diff_multi_random,instance_0016.txt,5,5,0,0,9.661971830985916,9.661971830985916,9.661971830985916,9.661971830985916,9.661971830985916,0.0,0.0,0.8863297431648716,0.8863297431648716,0.8863297431648716,0.8863297431648716,0.8863297431648716,0.0,0.0,686.0,686.0,686,686,686,0.0,0.0,71.0,71.0,71,71,71,0.0,0.0,0.0345486,0.032478,0.042467,0.02581,0.042467,3.880280343999999e-05,0.006229189629478299
a,simple_diff_multi_random,instance_0017.txt,5,5,0,0,3.8212560386473426,3.8043478260869565,3.8043478260869565,3.8043478260869565,3.888888888888889,0.0011435506079488413,0.03381642512077292,0.8953080537356893,0.8957712924359739,0.8957712924359739,0.8934550989345511,0.8957712924359739,8.583603737652829e-07,0.0009264774005691034,175.0,175.0,175,175,175,0.0,0.0,45.8,46.0,46,45,46,0.16,0.4,0.013723000000000003,0.012637,0.012637,0.011901,0.018789,6.503135999999999e-06,0.002550124702833177
a,simple_diff_multi_random,instance_0018.txt,5,5,0,0,15.855263157894736,15.855263157894736,15.855263157894736,15.855263157894736,15.855263157894736,0.0,0.0,0.8647161846596012,0.8647161846596012,0.8647161846596012,0.8647161846596012,0.8647161846596012,0.0,0.0,1205.0,1205.0,1205,1205,1205,0.0,0.0,76.0,76.0,76,76,76,0.0,0.0,0.049980800000000006,0.050947,0.050947,0.04455,0.052886,8.191140560000005e-06,0.0028620168692724377
a,simple_diff_multi_random,instance_0019.txt,5,5,0,0,9.891089108910892,9.891089108910892,9.891089108910892,9.891089108910892,9.891089108910892,0.0,0.0,0.9510342123321243,0.9510342123321243,0.9510342123321243,0.9510342123321243,0.9510342123321243,0.0,0.0,999.0,999.0,999,999,999,0.0,0.0,101.0,101.0,101,101,101,0.0,0.0,0.11599459999999999,0.120719,0.120719,0.10067,0.125168,8.223516904000007e-05,0.009068360879453357
a,simple_diff_multi_random,instance_0020.txt,5,5,0,0,3.9333333333333327,4.0,4.0,3.0,5.0,0.4177777777777778,0.6463573143221772,0.21333333333333337,0.2,0.2,0.0,0.4,0.016711111111111114,0.12927146286443544,11.4,12.0,12,10,12,0.6399999999999999,0.7999999999999999,3.0,3.0,3,2,4,0.4,0.6324555320336759,0.0001498,0.000153,0.000155,0.000137,0.000166,1.2056000000000002e-10,1.0979981785048644e-05
a,simple_diff_multi_smaller,instance_0001.txt,5,5,0,0,2.68,2.68,2.68,2.68,2.68,0.0,0.0,0.8213333333333332,0.8213333333333334,0.8213333333333334,0.8213333333333334,0.8213333333333334,1.232595164407831e-32,1.1102230246251565e-16,67.0,67.0,67,67,67,0.0,0.0,25.0,25.0,25,25,25,0.0,0.0,0.0058954,0.005568,0.004166,0.004166,0.009125,3.181772239999999e-06,0.0017837522922199704
a,simple_diff_multi_smaller,instance_0002.txt,5,5,0,0,2.0,2.0,2.0,2.0,2.0,0.0,0.0,0.0,0.0,0.0,0.0,0.0,0.0,0.0,2.0,2.0,2,2,2,0.0,0.0,1.0,1.0,1,1,1,0.0,0.0,0.0001242,0.000122,0.000134,0.000119,0.000134,2.7760000000000006e-11,5.2687759489277965e-06
a,simple_diff_multi_smaller,instance_0003.txt,5,5,0,0,3.0285714285714285,3.0285714285714285,3.0285714285714285,3.0285714285714285,3.0285714285714285,0.0,0.0,0.7476190476190476,0.7476190476190476,0.7476190476190476,0.7476190476190476,0.7476190476190476,0.0,0.0,106.0,106.0,106,106,106,0.0,0.0,35.0,35.0,35,35,35,0.0,0.0,0.009278199999999999,0.008998,0.011966,0.005412,0.011966,6.1767961599999995e-06,0.0024853161086670645
a,simple_diff_multi_smaller,instance_0004.txt,5,5,0,0,1.6956521739130435,1.6956521739130435,1.6956521739130435,1.6956521739130435,1.6956521739130435,0.0,0.0,0.515527950310559,0.515527950310559,0.515527950310559,0.515527950310559,0.515527950310559,0.0,0.0,39.0,39.0,39,39,39,0.0,0.0,23.0,23.0,23,23,23,0.0,0.0,0.0027786,0.001984,0.001484,0.001484,0.005805,2.64812504e-06,0.0016273060683227355
a,simple_diff_multi_smaller,instance_0005.txt,5,5,0,0,32.55555555555556,32.55555555555556,32.55555555555556,32.55555555555556,32.55555555555556,0.0,0.0,0.8169750917467011,0.8169750917467011,0.8169750917467011,0.8169750917467011,0.8169750917467011,0.0,0.0,4395.0,4395.0,4395,4395,4395,0.0,0.0,135.0,135.0,135,135,135,0.0,0.0,0.3379606,0.352215,0.289052,0.259003,0.436711,0.003760408876240002,0.06132217279451212
a,simple_diff_multi_smaller,instance_0006.txt,5,5,0,0,27.602836879432623,27.602836879432623,27.602836879432623,27.602836879432623,27.602836879432623,0.0,0.0,0.9600537816506038,0.960053781650604,0.960053781650604,0.960053781650604,0.960053781650604,1.232595164407831e-32,1.1102230246251565e-16,3892.0,3892.0,3892,3892,3892,0.0,0.0,141.0,141.0,141,141,141,0.0,0.0,0.4090308,0.418515,0.293438,0.293438,0.493195,0.004671966973360002,0.0683517883698737
a,simple_diff_multi_smaller,instance_0007.txt,5,5,0,0,26.53103448275862,26.53103448275862,26.53103448275862,26.53103448275862,26.53103448275862,0.0,0.0,0.9323619261115141,0.932361926111514,0.932361926111514,0.932361926111514,0.932361926111514,1.232595164407831e-32,1.1102230246251565e-16,3847.0,3847.0,3847,3847,3847,0.0,0.0,145.0,145.0,145,145,145,0.0,0.0,0.3709516,0.396312,0.440053,0.295482,0.440053,0.0030546220298399993,0.05526863513639539
a,simple_diff_multi_smaller,instance_0008.txt,5,5,0,0,22.007751937984494,22.007751937984494,22.007751937984494,22.007751937984494,22.007751937984494,0.0,0.0,0.8649343743878208,0.8649343743878208,0.8649343743878208,0.8649343743878208,0.8649343743878208,0.0,0.0,2839.0,2839.0,2839,2839,2839,0.0,0.0,129.0,129.0,129,129,129,0.0,0.0,0.2951524,0.282747,0.282349,0.278896,0.320053,0.00029530347903999985,0.01718439638276538
a,simple_diff_multi_smaller,instance_0009.txt,5,5,0,0,2.375,2.375,2.375,2.375,2.375,0.0,0.0,0.46226415094339623,0.46226415094339623,0.46226415094339623,0.46226415094339623,0.46226415094339623,0.0,0.0,152.0,152.0,152,152,152,0.0,0.0,64.0,64.0,64,64,64,0.0,0.0,0.0245462,0.024412,0.024551,0.022892,0.026855,1.672160560000001e-06,0.0012931204738925145
a,simple_diff_multi_smaller,instance_0010.txt,5,5,0,0,5.918644067796611,5.918644067796611,5.918644067796611,5.918644067796611,5.918644067796611,0.0,0.0,0.6541281343804008,0.6541281343804008,0.6541281343804008,0.6541281343804008,0.6541281343804008,0.0,0.0,1746.0,1746.0,1746,1746,1746,0.0,0.0,295.0,295.0,295,295,295,0.0,0.0,0.5475212,0.569343,0.432358,0.432358,0.632479,0.00435919387256,0.06602419157066597
a,simple_diff_multi_smaller,instance_0011.txt,5,5,0,0,6.790697674418604,6.790697674418604,6.790697674418604,6.790697674418604,6.790697674418604,0.0,0.0,0.5969912359395487,0.5969912359395487,0.5969912359395487,0.5969912359395487,0.5969912359395487,0.0,0.0,2044.0,2044.0,2044,2044,2044,0.0,0.0,301.0,301.0,301,301,301,0.0,0.0,0.4917292000000001,0.516344,0.367672,0.367672,0.529809,0.00388200495656,0.062305737749905506
a,simple_diff_multi_smaller,instance_0012.txt,5,5,0,0,2.2125,2.2125,2.2125,2.2125,2.2125,0.0,0.0,0.8033333333333333,0.8033333333333333,0.8033333333333333,0.8033333333333333,0.8033333333333333,0.0,0.0,177.0,177.0,177,177,177,0.0,0.0,80.0,80.0,80,80,80,0.0,0.0,0.0480204,0.048275,0.048275,0.043823,0.052609,8.253755840000003e-06,0.002872935056697245
a,simple_diff_multi_smaller,instance_0013.txt,5,5,0,0,12.590659340659341,12.590659340659341,12.590659340659341,12.590659340659341,12.590659340659341,0.0,0.0,0.8927401235723649,0.8927401235723648,0.8927401235723648,0.8927401235723648,0.8927401235723648,1.232595164407831e-32,1.1102230246251565e-16,4583.0,4583.0,4583,4583,4583,0.0,0.0,364.0,364.0,364,364,364,0.0,0.0,1.0279253999999998,1.100617,0.837983,0.837983,1.150698,0.015585405795439993,0.12484152272156886
a,simple_diff_multi_smaller,instance_0014.txt,5,5,0,0,20.58244680851064,20.58244680851064,20.58244680851064,20.58244680851064,20.58244680851064,0.0,0.0,0.8866832257789705,0.8866832257789704,0.8866832257789704,0.8866832257789704,0.8866832257789704,1.232595164407831e-32,1.1102230246251565e-16,7739.0,7739.0,7739,7739,7739,0.0,0.0,376.0,376.0,376,376,376,0.0,0.0,1.4920542,1.502633,1.211499,1.211499,1.708161,0.025629292521359988,0.1600915129585575
a,simple_diff_multi_smaller,instance_0015.txt,5,5,0,0,10.725947521865889,10.725947521865889,10.725947521865889,10.725947521865889,10.725947521865889,0.0,0.0,0.9281744585589337,0.9281744585589338,0.9281744585589338,0.9281744585589338,0.9281744585589338,1.232595164407831e-32,1.1102230246251565e-16,3679.0,3679.0,3679,3679,3679,0.0,0.0,343.0,343.0,343,343,343,0.0,0.0,1.0908606,1.108804,1.146362,0.859936,1.237773,0.015684693021439995,0.1252385444718997
a,simple_diff_multi_smaller,instance_0016.txt,5,5,0,0,9.661971830985916,9.661971830985916,9.661971830985916,9.661971830985916,9.661971830985916,0.0,0.0,0.8863297431648716,0.8863297431648716,0.8863297431648716,0.8863297431648716,0.8863297431648716,0.0,0.0,686.0,686.0,686,686,686,0.0,0.0,71.0,71.0,71,71,71,0.0,0.0,0.028570799999999997,0.028602,0.028622,0.028221,0.028922,5.1263760000000104e-08,0.0002264150171697984
a,simple_diff_multi_smaller,instance_0017.txt,5,5,0,0,3.804347826086956,3.8043478260869565,3.8043478260869565,3.8043478260869565,3.8043478260869565,1.9721522630525295e-31,4.440892098500626e-16,0.8957712924359738,0.8957712924359739,0.8957712924359739,0.8957712924359739,0.8957712924359739,1.232595164407831e-32,1.1102230246251565e-16,175.0,175.0,175,175,175,0.0,0.0,46.0,46.0,46,46,46,0.0,0.0,0.017760599999999998,0.01371,0.01371,0.011773,0.035017,7.608124904e-05,0.008722456594331667
a,simple_diff_multi_smaller,instance_0018.txt,5,5,0,0,15.855263157894736,15.855263157894736,15.855263157894736,15.855263157894736,15.855263157894736,0.0,0.0,0.8647161846596012,0.8647161846596012,0.8647161846596012,0.8647161846596012,0.8647161846596012,0.0,0.0,1205.0,1205.0,1205,1205,1205,0.0,0.0,76.0,76.0,76,76,76,0.0,0.0,0.0556612,0.050725,0.050725,0.040406,0.077335,0.00021213127336000003,0.014564727026621543
a,simple_diff_multi_smaller,instance_0019.txt,5,5,0,0,9.891089108910892,9.891089108910892,9.891089108910892,9.891089108910892,9.891089108910892,0.0,0.0,0.9510342123321243,0.9510342123321243,0.9510342123321243,0.9510342123321243,0.9510342123321243,0.0,0.0,999.0,999.0,999,999,999,0.0,0.0,101.0,101.0,101,101,101,0.0,0.0,0.11964860000000002,0.108639,0.092001,0.092001,0.153647,0.00075696594744,0.027513014146763347
a,simple_diff_multi_smaller,instance_0020.txt,5,5,0,0,4.0,4.0,4.0,4.0,4.0,0.0,0.0,0.2,0.2,0.2,0.2,0.2,0.0,0.0,12.0,12.0,12,12,12,0.0,0.0,3.0,3.0,3,3,3,0.0,0.0,0.0008306000000000001,0.000121,0.00012,0.000112,0.003674,2.0212510400000003e-06,0.0014217070865688193
a,simple_diff_simple_bigger,instance_0001.txt,5,5,0,0,2.6153846153846154,2.6153846153846154,2.6153846153846154,2.6153846153846154,2.6153846153846154,0.0,0.0,0.8256410256410257,0.8256410256410257,0.8256410256410257,0.8256410256410257,0.8256410256410257,0.0,0.0,68.0,68.0,68,68,68,0.0,0.0,26.0,26.0,26,26,26,0.0,0.0,0.0046072000000000005,0.004682,0.004682,0.002522,0.006641,3.1980669600000004e-06,0.0017883139992741768
a,simple_diff_simple_bigger,instance_0002.txt,5,5,0,0,2.0,2.0,2.0,2.0,2.0,0.0,0.0,0.0,0.0,0.0,0.0,0.0,0.0,0.0,2.0,2.0,2,2,2,0.0,0.0,1.0,1.0,1,1,1,0.0,0.0,0.0001856,0.000139,0.000137,0.000131,0.000347,6.739839999999999e-09,8.209652855023774e-05
a,simple_diff_simple_bigger,instance_0003.txt,5,5,0,0,2.864864864864865,2.864864864864865,2.864864864864865,2.864864864864865,2.864864864864865,0.0,0.0,0.7612612612612613,0.7612612612612613,0.7612612612612613,0.7612612612612613,0.7612612612612613,0.0,0.0,106.0,106.0,106,106,106,0.0,0.0,37.0,37.0,37,37,37,0.0,0.0,0.00881,0.007666,0.007566,0.007566,0.012146,3.0790036000000013e-06,0.0017547089787198335
a,simple_diff_simple_bigger,instance_0004.txt,5,5,0,0,2.0,2.0,2.0,2.0,2.0,0.0,0.0,0.42857142857142855,0.42857142857142855,0.42857142857142855,0.42857142857142855,0.42857142857142855,0.0,0.0,40.0,40.0,40,40,40,0.0,0.0,20.0,20.0,20,20,20,0.0,0.0,0.002046,0.001339,0.004146,0.001267,0.004146,1.2066476000000005e-06,0.0010984751248890438
a,simple_diff_simple_bigger,instance_0005.txt,5,5,0,0,31.840579710144926,31.840579710144926,31.840579710144926,31.840579710144926,31.840579710144926,0.0,0.0,0.8209946326906821,0.8209946326906821,0.8209946326906821,0.8209946326906821,0.8209946326906821,0.0,0.0,4394.0,4394.0,4394,4394,4394,0.0,0.0,138.0,138.0,138,138,138,0.0,0.0,0.26562080000000005,0.274682,0.208595,0.208595,0.308236,0.0012699245013599997,0.03563600007520484
a,simple_diff_simple_bigger,instance_0006.txt,5,5,0,0,26.65753424657534,26.65753424657534,26.65753424657534,26.65753424657534,26.65753424657534,0.0,0.0,0.9614218028269532,0.9614218028269532,0.9614218028269532,0.9614218028269532,0.9614218028269532,0.0,0.0,3892.0,3892.0,3892,3892,3892,0.0,0.0,146.0,146.0,146,146,146,0.0,0.0,0.31716300000000003,0.298202,0.298202,0.284484,0.383258,0.001238380264799999,0.03519062751358661
a,simple_diff_simple_bigger,instance_0007.txt,5,5,0,0,25.81879194630873,25.818791946308725,25.818791946308725,25.818791946308725,25.818791946308725,1.262177448353619e-29,3.552713678800501e-15,0.9341777133299967,0.9341777133299968,0.9341777133299968,0.9341777133299968,0.9341777133299968,1.232595164407831e-32,1.1102230246251565e-16,3847.0,3847.0,3847,3847,3847,0.0,0.0,149.0,149.0,149,149,149,0.0,0.0,0.32374519999999996,0.316447,0.298003,0.271051,0.398741,0.0018464590281600008,0.04297044365793773
a,simple_diff_simple_bigger,instance_0008.txt,5,5,0,0,21.838461538461537,21.838461538461537,21.838461538461537,21.838461538461537,21.838461538461537,0.0,0.0,0.8659733407386836,0.8659733407386837,0.8659733407386837,0.8659733407386837,0.8659733407386837,1.232595164407831e-32,1.1102230246251565e-16,2839.0,2839.0,2839,2839,2839,0.0,0.0,130.0,130.0,130,130,130,0.0,0.0,0.14639960000000002,0.135155,0.123185,0.123185,0.177593,0.00040361729904,0.020090228944439632
a,simple_diff_simple_bigger,instance_0009.txt,5,5,0,0,2.026666666666667,2.026666666666667,2.026666666666667,2.026666666666667,2.026666666666667,0.0,0.0,0.5411320754716981,0.5411320754716981,0.5411320754716981,0.5411320754716981,0.5411320754716981,0.0,0.0,152.0,152.0,152,152,152,0.0,0.0,75.0,75.0,75,75,75,0.0,0.0,0.030126599999999996,0.028359,0.028359,0.024034,0.038916,2.6882945040000002e-05,0.005184876569408379
a,simple_diff_simple_bigger,instance_0010.txt,5,5,0,0,5.4733542319749215,5.4733542319749215,5.4733542319749215,5.4733542319749215,5.4733542319749215,0.0,0.0,0.6801498421386152,0.6801498421386152,0.6801498421386152,0.6801498421386152,0.6801498421386152,0.0,0.0,1746.0,1746.0,1746,1746,1746,0.0,0.0,319.0,319.0,319,319,319,0.0,0.0,0.3531856,0.357812,0.319924,0.319924,0.375173,0.00036383940744,0.01907457489539413
a,simple_diff_simple_bigger,instance_0011.txt,5,5,0,0,6.328173374613003,6.328173374613003,6.328173374613003,6.328173374613003,6.328173374613003,0.0,0.0,0.6244407492811275,0.6244407492811275,0.6244407492811275,0.6244407492811275,0.6244407492811275,0.0,0.0,2044.0,2044.0,2044,2044,2044,0.0,0.0,323.0,323.0,323,323,323,0.0,0.0,0.3749648,0.38759,0.334401,0.334401,0.404535,0.0006308745321599999,0.02511721585208042
a,simple_diff_simple_bigger,instance_0012.txt,5,5,0,0,1.8829787234042556,1.8829787234042554,1.8829787234042554,1.8829787234042554,1.8829787234042554,4.930380657631324e-32,2.220446049250313e-16,0.8326241134751772,0.8326241134751773,0.8326241134751773,0.8326241134751773,0.8326241134751773,1.232595164407831e-32,1.1102230246251565e-16,177.0,177.0,177,177,177,0.0,0.0,94.0,94.0,94,94,94,0.0,0.0,0.024210199999999998,0.021914,0.021914,0.020285,0.033798,2.4445126960000005e-05,0.004944201347032704
a,simple_diff_simple_bigger,instance_0013.txt,5,5,0,0,12.487738419618529,12.487738419618529,12.487738419618529,12.487738419618529,12.487738419618529,0.0,0.0,0.8936169073033808,0.8936169073033808,0.8936169073033808,0.8936169073033808,0.8936169073033808,0.0,0.0,4583.0,4583.0,4583,4583,4583,0.0,0.0,367.0,367.0,367,367,367,0.0,0.0,0.8940942,0.887866,0.785446,0.785446,0.973958,0.004311625218560001,0.06566296687296426
a,simple_diff_simple_bigger,instance_0014.txt,5,5,0,0,20.473544973544975,20.473544973544975,20.473544973544975,20.473544973544975,20.473544973544975,0.0,0.0,0.8872827854309338,0.8872827854309336,0.8872827854309336,0.8872827854309336,0.8872827854309336,1.232595164407831e-32,1.1102230246251565e-16,7739.0,7739.0,7739,7739,7739,0.0,0.0,378.0,378.0,378,378,378,0.0,0.0,1.5920794,1.544635,1.469571,1.408773,1.771194,0.02265377941703999,0.15051172518126285
a,simple_diff_simple_bigger,instance_0015.txt,5,5,0,0,10.305322128851541,10.305322128851541,10.305322128851541,10.305322128851541,10.305322128851541,0.0,0.0,0.9309911464585834,0.9309911464585834,0.9309911464585834,0.9309911464585834,0.9309911464585834,0.0,0.0,3679.0,3679.0,3679,3679,3679,0.0,0.0,357.0,357.0,357,357,357,0.0,0.0,0.7981066,0.767854,0.764635,0.729259,0.947901,0.005902108012239999,0.07682517824411472
a,simple_diff_simple_bigger,instance_0016.txt,5,5,0,0,9.527777777777779,9.527777777777779,9.527777777777779,9.527777777777779,9.527777777777779,0.0,0.0,0.8879084967320262,0.8879084967320262,0.8879084967320262,0.8879084967320262,0.8879084967320262,0.0,0.0,686.0,686.0,686,686,686,0.0,0.0,72.0,72.0,72,72,72,0.0,0.0,0.0549186,0.04927,0.036081,0.036081,0.080901,0.00034062125063999996,0.018455927249531517
a,simple_diff_simple_bigger,instance_0017.txt,5,5,0,0,3.804347826086956,3.8043478260869565,3.8043478260869565,3.8043478260869565,3.8043478260869565,1.9721522630525295e-31,4.440892098500626e-16,0.8957712924359738,0.8957712924359739,0.8957712924359739,0.8957712924359739,0.8957712924359739,1.232595164407831e-32,1.1102230246251565e-16,175.0,175.0,175,175,175,0.0,0.0,46.0,46.0,46,46,46,0.0,0.0,0.0139376,0.012845,0.018576,0.012333,0.018576,5.581345439999997e-06,0.0023624871301236748
a,simple_diff_simple_bigger,instance_0018.txt,5,5,0,0,15.855263157894736,15.855263157894736,15.855263157894736,15.855263157894736,15.855263157894736,0.0,0.0,0.8647161846596012,0.8647161846596012,0.8647161846596012,0.8647161846596012,0.8647161846596012,0.0,0.0,1205.0,1205.0,1205,1205,1205,0.0,0.0,76.0,76.0,76,76,76,0.0,0.0,0.07930859999999999,0.082909,0.082909,0.054096,0.09549,0.00019932954624000003,0.014118411604709646
a,simple_diff_simple_bigger,instance_0019.txt,5,5,0,0,9.60576923076923,9.60576923076923,9.60576923076923,9.60576923076923,9.60576923076923,0.0,0.0,0.95244668697639,0.95244668697639,0.95244668697639,0.95244668697639,0.95244668697639,0.0,0.0,999.0,999.0,999,999,999,0.0,0.0,104.0,104.0,104,104,104,0.0,0.0,0.10429459999999999,0.097633,0.093487,0.093303,0.136093,0.0002608548438399999,0.01615100132623361
a,simple_diff_simple_bigger,instance_0020.txt,5,5,0,0,3.3333333333333335,3.3333333333333335,3.3333333333333335,3.3333333333333335,3.3333333333333335,0.0,0.0,0.3333333333333333,0.3333333333333333,0.3333333333333333,0.3333333333333333,0.3333333333333333,0.0,0.0,10.0,10.0,10,10,10,0.0,0.0,3.0,3.0,3,3,3,0.0,0.0,0.00016199999999999998,0.000151,0.000151,0.000147,0.000206,4.951999999999999e-10,2.2253089673121795e-05
a,simple_diff_simple_most_shared,instance_0001.txt,5,5,0,0,2.68,2.68,2.68,2.68,2.68,0.0,0.0,0.8213333333333332,0.8213333333333334,0.8213333333333334,0.8213333333333334,0.8213333333333334,1.232595164407831e-32,1.1102230246251565e-16,67.0,67.0,67,67,67,0.0,0.0,25.0,25.0,25,25,25,0.0,0.0,0.006272,0.007138,0.004544,0.004544,0.007297,1.352406e-06,0.001162929920502521
a,simple_diff_simple_most_shared,instance_0002.txt,5,5,0,0,2.0,2.0,2.0,2.0,2.0,0.0,0.0,0.0,0.0,0.0,0.0,0.0,0.0,0.0,2.0,2.0,2,2,2,0.0,0.0,1.0,1.0,1,1,1,0.0,0.0,0.0001762,0.000175,0.000187,0.000171,0.000187,3.255999999999994e-11,5.706137047074837e-06
a,simple_diff_simple_most_shared,instance_0003.txt,5,5,0,0,2.864864864864865,2.864864864864865,2.864864864864865,2.864864864864865,2.864864864864865,0.0,0.0,0.7612612612612613,0.7612612612612613,0.7612612612612613,0.7612612612612613,0.7612612612612613,0.0,0.0,106.0,106.0,106,106,106,0.0,0.0,37.0,37.0,37,37,37,0.0,0.0,0.0135932,0.013137,0.013861,0.009931,0.018842,8.63928176e-06,0.002939265513695556
a,simple_diff_simple_most_shared,instance_0004.txt,5,5,0,0,1.5416666666666667,1.5416666666666667,1.5416666666666667,1.5416666666666667,1.5416666666666667,0.0,0.0,0.5595238095238095,0.5595238095238095,0.5595238095238095,0.5595238095238095,0.5595238095238095,0.0,0.0,37.0,37.0,37,37,37,0.0,0.0,24.0,24.0,24,24,24,0.0,0.0,0.0021586,0.001764,0.001749,0.001749,0.002991,2.637266400000001e-07,0.0005135432211605952
a,simple_diff_simple_most_shared,instance_0005.txt,5,5,0,0,31.847826086956523,31.847826086956523,31.847826086956523,31.847826086956523,31.847826086956523,0.0,0.0,0.8209538941000336,0.8209538941000336,0.8209538941000336,0.8209538941000336,0.8209538941000336,0.0,0.0,4395.0,4395.0,4395,4395,4395,0.0,0.0,138.0,138.0,138,138,138,0.0,0.0,0.36762180000000005,0.386151,0.27887,0.27887,0.401569,0.0020166937157600003,0.044907613115818125
a,simple_diff_simple_most_shared,instance_0006.txt,5,5,0,0,26.65753424657534,26.65753424657534,26.65753424657534,26.65753424657534,26.65753424657534,0.0,0.0,0.9614218028269532,0.9614218028269532,0.9614218028269532,0.9614218028269532,0.9614218028269532,0.0,0.0,3892.0,3892.0,3892,3892,3892,0.0,0.0,146.0,146.0,146,146,146,0.0,0.0,0.3151046,0.309931,0.275092,0.275092,0.366324,0.0008679319282399996,0.029460684449618607
a,simple_diff_simple_most_shared,instance_0007.txt,5,5,0,0,25.81879194630873,25.818791946308725,25.818791946308725,25.818791946308725,25.818791946308725,1.262177448353619e-29,3.552713678800501e-15,0.9341777133299967,0.9341777133299968,0.9341777133299968,0.9341777133299968,0.9341777133299968,1.232595164407831e-32,1.1102230246251565e-16,3847.0,3847.0,3847,3847,3847,0.0,0.0,149.0,149.0,149,149,149,0.0,0.0,0.46813040000000006,0.429105,0.429105,0.358563,0.596753,0.008886353684639997,0.09426745824853876
a,simple_diff_simple_most_shared,instance_0008.txt,5,5,0,0,21.846153846153847,21.846153846153847,21.846153846153847,21.846153846153847,21.846153846153847,0.0,0.0,0.8659261316301027,0.8659261316301028,0.8659261316301028,0.8659261316301028,0.8659261316301028,1.232595164407831e-32,1.1102230246251565e-16,2840.0,2840.0,2840,2840,2840,0.0,0.0,130.0,130.0,130,130,130,0.0,0.0,0.2693652,0.233939,0.229467,0.229012,0.350571,0.0024515899417600013,0.04951353291535559
a,simple_diff_simple_most_shared,instance_0009.txt,5,5,0,0,2.0821917808219177,2.0821917808219177,2.0821917808219177,2.0821917808219177,2.0821917808219177,0.0,0.0,0.5285603515120186,0.5285603515120186,0.5285603515120186,0.5285603515120186,0.5285603515120186,0.0,0.0,152.0,152.0,152,152,152,0.0,0.0,73.0,73.0,73,73,73,0.0,0.0,0.032489599999999993,0.02906,0.048316,0.025193,0.048316,7.243874904e-05,0.008511095642747766
a,simple_diff_simple_most_shared,instance_0010.txt,5,5,0,0,5.507886435331231,5.507886435331231,5.507886435331231,5.507886435331231,5.507886435331231,0.0,0.0,0.6781318600700891,0.6781318600700891,0.6781318600700891,0.6781318600700891,0.6781318600700891,0.0,0.0,1746.0,1746.0,1746,1746,1746,0.0,0.0,317.0,317.0,317,317,317,0.0,0.0,0.48165899999999995,0.474621,0.431166,0.431166,0.541187,0.0015300572188,0.03911594583798275
a,simple_diff_simple_most_shared,instance_0011.txt,5,5,0,0,6.390625,6.390625,6.390625,6.390625,6.390625,0.0,0.0,0.6207344213649852,0.6207344213649852,0.6207344213649852,0.6207344213649852,0.6207344213649852,0.0,0.0,2045.0,2045.0,2045,2045,2045,0.0,0.0,320.0,320.0,320,320,320,0.0,0.0,0.5562516000000001,0.561988,0.421341,0.421341,0.699157,0.00865706627064,0.0930433569398697
a,simple_diff_simple_most_shared,instance_0012.txt,5,5,0,0,1.9032258064516128,1.903225806451613,1.903225806451613,1.903225806451613,1.903225806451613,4.930380657631324e-32,2.220446049250313e-16,0.8308243727598568,0.8308243727598567,0.8308243727598567,0.8308243727598567,0.8308243727598567,1.232595164407831e-32,1.1102230246251565e-16,177.0,177.0,177,177,177,0.0,0.0,93.0,93.0,93,93,93,0.0,0.0,0.035148799999999994,0.038432,0.031687,0.026273,0.040691,2.8918963359999998e-05,0.005377635480394706
a,simple_diff_simple_most_shared,instance_0013.txt,5,5,0,0,12.487738419618529,12.487738419618529,12.487738419618529,12.487738419618529,12.487738419618529,0.0,0.0,0.8936169073033808,0.8936169073033808,0.8936169073033808,0.8936169073033808,0.8936169073033808,0.0,0.0,4583.0,4583.0,4583,4583,4583,0.0,0.0,367.0,367.0,367,367,367,0.0,0.0,1.4503146,1.370605,1.370605,1.260175,1.796948,0.034187443053039994,0.18489846687585051
a,simple_diff_simple_most_shared,instance_0014.txt,5,5,0,0,20.473544973544975,20.473544973544975,20.473544973544975,20.473544973544975,20.473544973544975,0.0,0.0,0.8872827854309338,0.8872827854309336,0.8872827854309336,0.8872827854309336,0.8872827854309336,1.232595164407831e-32,1.1102230246251565e-16,7739.0,7739.0,7739,7739,7739,0.0,0.0,378.0,378.0,378,378,378,0.0,0.0,2.285521,2.247268,2.131924,1.948414,2.694006,0.06401399157519996,0.2530098645808103
a,simple_diff_simple_most_shared,instance_0015.txt,5,5,0,0,10.305322128851541,10.305322128851541,10.305322128851541,10.305322128851541,10.305322128851541,0.0,0.0,0.9309911464585834,0.9309911464585834,0.9309911464585834,0.9309911464585834,0.9309911464585834,0.0,0.0,3679.0,3679.0,3679,3679,3679,0.0,0.0,357.0,357.0,357,357,357,0.0,0.0,1.1318218000000002,1.122162,1.292628,0.962,1.292628,0.013726324379360014,0.11715939731562301
a,simple_diff_simple_most_shared,instance_0016.txt,5,5,0,0,9.527777777777779,9.527777777777779,9.527777777777779,9.527777777777779,9.527777777777779,0.0,0.0,0.8879084967320262,0.8879084967320262,0.8879084967320262,0.8879084967320262,0.8879084967320262,0.0,0.0,686.0,686.0,686,686,686,0.0,0.0,72.0,72.0,72,72,72,0.0,0.0,0.081197,0.070153,0.092933,0.058686,0.124328,0.0006161866515999999,0.024823107210822738
a,simple_diff_simple_most_shared,instance_0017.txt,5,5,0,0,3.804347826086956,3.8043478260869565,3.8043478260869565,3.8043478260869565,3.8043478260869565,1.9721522630525295e-31,4.440892098500626e-16,0.8957712924359738,0.8957712924359739,0.8957712924359739,0.8957712924359739,0.8957712924359739,1.232595164407831e-32,1.1102230246251565e-16,175.0,175.0,175,175,175,0.0,0.0,46.0,46.0,46,46,46,0.0,0.0,0.0162092,0.015074,0.014801,0.01456,0.019975,4.070994959999999e-06,0.002017670676795398
a,simple_diff_simple_most_shared,instance_0018.txt,5,5,0,0,15.855263157894736,15.855263157894736,15.855263157894736,15.855263157894736,15.855263157894736,0.0,0.0,0.8647161846596012,0.8647161846596012,0.8647161846596012,0.8647161846596012,0.8647161846596012,0.0,0.0,1205.0,1205.0,1205,1205,1205,0.0,0.0,76.0,76.0,76,76,76,0.0,0.0,0.0968668,0.094322,0.094322,0.08461,0.115999,0.00011507551575999997,0.010727325657404084
a,simple_diff_simple_most_shared,instance_0019.txt,5,5,0,0,9.60576923076923,9.60576923076923,9.60576923076923,9.60576923076923,9.60576923076923,0.0,0.0,0.95244668697639,0.95244668697639,0.95244668697639,0.95244668697639,0.95244668697639,0.0,0.0,999.0,999.0,999,999,999,0.0,0.0,104.0,104.0,104,104,104,0.0,0.0,0.1338452,0.137759,0.137759,0.122977,0.14298,6.808148455999995e-05,0.008251150499172825
a,simple_diff_simple_most_shared,instance_0020.txt,5,5,0,0,3.3333333333333335,3.3333333333333335,3.3333333333333335,3.3333333333333335,3.3333333333333335,0.0,0.0,0.3333333333333333,0.3333333333333333,0.3333333333333333,0.3333333333333333,0.3333333333333333,0.0,0.0,10.0,10.0,10,10,10,0.0,0.0,3.0,3.0,3,3,3,0.0,0.0,0.0005294,0.00019,0.000178,0.000178,0.001874,4.5220703999999995e-07,0.0006724634116440834
a,simple_diff_simple_random,instance_0001.txt,5,5,0,0,2.6283076923076925,2.6153846153846154,2.6153846153846154,2.6153846153846154,2.68,0.0006680236686390558,0.025846153846153897,0.8247794871794871,0.8256410256410257,0.8256410256410257,0.8213333333333334,0.8256410256410257,2.968994082840289e-06,0.0017230769230769383,67.8,68.0,68,67,68,0.16,0.4,25.8,26.0,26,25,26,0.15999999999999998,0.39999999999999997,0.0041084,0.00367,0.00367,0.003488,0.00518,4.5242943999999986e-07,0.0006726287534740095
a,simple_diff_simple_random,instance_0002.txt,5,5,0,0,1.8,2.0,2.0,1.0,2.0,0.16000000000000006,0.4000000000000001,0.1,0.0,0.0,0.0,0.5,0.040000000000000015,0.20000000000000004,2.0,2.0,2,2,2,0.0,0.0,1.2,1.0,1,1,2,0.16000000000000006,0.4000000000000001,0.00023600000000000002,0.000222,0.000237,0.000143,0.000428,1.06212e-08,0.00010305920628454307
a,simple_diff_simple_random,instance_0003.txt,5,5,0,0,2.8354816354816355,2.864864864864865,2.864864864864865,2.717948717948718,2.864864864864865,0.003453496675949896,0.058766458766458744,0.7637098637098637,0.7612612612612613,0.7612612612612613,0.7612612612612613,0.7735042735042734,2.3982615805207315e-05,0.004897204897204866,106.0,106.0,106,106,106,0.0,0.0,37.4,37.0,37,37,39,0.6399999999999999,0.7999999999999999,0.0064394000000000005,0.006152,0.005947,0.005947,0.007378,3.0772703999999997e-07,0.0005547315026208625
a,simple_diff_simple_random,instance_0004.txt,5,5,0,0,1.727009222661397,1.6956521739130435,1.5416666666666667,1.5416666666666667,2.0,0.024471022738121892,0.15643216657107928,0.5065687935253153,0.515527950310559,0.5595238095238095,0.42857142857142855,0.5595238095238095,0.001997634509234441,0.04469490473459409,38.8,39.0,39,37,40,0.9599999999999997,0.9797958971132711,22.6,23.0,24,20,24,2.2399999999999998,1.4966629547095764,0.0020304,0.00187,0.002325,0.001619,0.002552,1.2271303999999998e-07,0.00035030421065125665
a,simple_diff_simple_random,instance_0005.txt,5,5,0,0,31.843478260869563,31.840579710144926,31.840579710144926,31.840579710144926,31.847826086956523,1.2602394454957363e-05,0.0035499851344699125,0.8209783372544226,0.8209946326906821,0.8209946326906821,0.8209538941000336,0.8209946326906821,3.9831186432545445e-10,1.99577519857687e-05,4394.4,4394.0,4394,4394,4395,0.24,0.4898979485566356,138.0,138.0,138,138,138,0.0,0.0,0.24290000000000003,0.222708,0.1937,0.1937,0.296522,0.0015015174160000002,0.03874941826660112
a,simple_diff_simple_random,instance_0006.txt,5,5,0,0,26.65753424657534,26.65753424657534,26.65753424657534,26.65753424657534,26.65753424657534,0.0,0.0,0.9614218028269532,0.9614218028269532,0.9614218028269532,0.9614218028269532,0.9614218028269532,0.0,0.0,3892.0,3892.0,3892,3892,3892,0.0,0.0,146.0,146.0,146,146,146,0.0,0.0,0.23958179999999998,0.232269,0.206205,0.202388,0.29188,0.0011881141525599992,0.03446903179028966
a,simple_diff_simple_random,instance_0007.txt,5,5,0,0,25.81879194630873,25.818791946308725,25.818791946308725,25.818791946308725,25.818791946308725,1.262177448353619e-29,3.552713678800501e-15,0.9341777133299967,0.9341777133299968,0.9341777133299968,0.9341777133299968,0.9341777133299968,1.232595164407831e-32,1.1102230246251565e-16,3847.0,3847.0,3847,3847,3847,0.0,0.0,149.0,149.0,149,149,149,0.0,0.0,0.26928699999999994,0.287469,0.310444,0.216624,0.314552,0.0019089326095999993,0.04369133334655741
a,simple_diff_simple_random,instance_0008.txt,5,5,0,0,21.844615384615384,21.846153846153847,21.846153846153847,21.838461538461537,21.846153846153847,9.46745562130608e-06,0.0030769230769237764,0.865935573451819,0.8659261316301028,0.8659261316301028,0.8659261316301028,0.8659733407386837,3.565919892807327e-10,1.8883643432365817e-05,2839.8,2840.0,2840,2839,2840,0.15999999999999998,0.39999999999999997,130.0,130.0,130,130,130,0.0,0.0,0.1513168,0.147307,0.16189,0.139117,0.162861,8.89753657600001e-05,0.009432675429590488
a,simple_diff_simple_random,instance_0009.txt,5,5,0,0,2.0321441441441443,2.026666666666667,2.026666666666667,2.026666666666667,2.054054054054054,0.00012001103806508965,0.010954954954954842,0.5398918918918919,0.5411320754716981,0.5411320754716981,0.5349311575726671,0.5411320754716981,6.152221246483663e-06,0.0024803671596123956,152.0,152.0,152,152,152,0.0,0.0,74.8,75.0,75,74,75,0.16,0.4,0.0212694,0.021187,0.021187,0.014664,0.029121,2.1477859440000003e-05,0.004634421154793768
a,simple_diff_simple_random,instance_0010.txt,5,5,0,0,5.507886435331231,5.507886435331231,5.507886435331231,5.507886435331231,5.507886435331231,0.0,0.0,0.6781318600700891,0.6781318600700891,0.6781318600700891,0.6781318600700891,0.6781318600700891,0.0,0.0,1746.0,1746.0,1746,1746,1746,0.0,0.0,317.0,317.0,317,317,317,0.0,0.0,0.30086040000000003,0.308598,0.269864,0.250031,0.349251,0.0013212583970399997,0.03634911824295054
a,simple_diff_simple_random,instance_0011.txt,5,5,0,0,6.370142920028637,6.367601246105919,6.350931677018633,6.350931677018633,6.390625,0.0003167270044429755,0.017796825684457764,0.6219499750724845,0.6221008162548416,0.6230901081888053,0.6207344213649852,0.6230901081888053,1.1155403479575848e-06,0.0010561914352794123,2044.8,2045.0,2045,2044,2045,0.16,0.4,321.0,321.0,322,320,322,0.8,0.8944271909999159,0.3543946,0.35035,0.376632,0.31737,0.384402,0.0005814039686400008,0.024112319851893157
a,simple_diff_simple_random,instance_0012.txt,5,5,0,0,1.901294998755534,1.903225806451613,1.903225806451613,1.8829787234042554,1.934065934065934,0.0003504724246649224,0.0187209087563858,0.8309960001106191,0.8308243727598567,0.8308243727598567,0.828083028083028,0.8326241134751773,2.7691648368586924e-06,0.0016640807783454181,176.8,177.0,177,176,177,0.16000000000000003,0.4,93.0,93.0,93,91,94,1.2,1.0954451150103321,0.0239138,0.023738,0.026012,0.017358,0.029558,1.6058114560000007e-05,0.004007257735659139
a,simple_diff_simple_random,instance_0013.txt,5,5,0,0,12.487738419618529,12.487738419618529,12.487738419618529,12.487738419618529,12.487738419618529,0.0,0.0,0.8936169073033808,0.8936169073033808,0.8936169073033808,0.8936169073033808,0.8936169073033808,0.0,0.0,4583.0,4583.0,4583,4583,4583,0.0,0.0,367.0,367.0,367,367,367,0.0,0.0,0.781966,0.804517,0.68102,0.68102,0.869435,0.0061257876932,0.07826741143796695
a,simple_diff_simple_random,instance_0014.txt,5,5,0,0,20.473544973544975,20.473544973544975,20.473544973544975,20.473544973544975,20.473544973544975,0.0,0.0,0.8872827854309338,0.8872827854309336,0.8872827854309336,0.8872827854309336,0.8872827854309336,1.232595164407831e-32,1.1102230246251565e-16,7739.0,7739.0,7739,7739,7739,0.0,0.0,378.0,378.0,378,378,378,0.0,0.0,1.4986184,1.506305,1.531596,1.436295,1.553985,0.0018464922638399945,0.04297083038341236
a,simple_diff_simple_random,instance_0015.txt,5,5,0,0,10.316901142479464,10.305322128851541,10.305322128851541,10.305322128851541,10.334269662921349,0.00020111033489344046,0.014181337556572034,0.9309136084208965,0.9309911464585834,0.9309911464585834,0.930797301364366,0.9309911464585834,9.018220932514964e-09,9.496431399486316e-05,3679.0,3679.0,3679,3679,3679,0.0,0.0,356.6,357.0,357,356,357,0.24000000000000005,0.48989794855663565,0.6666638,0.650176,0.76698,0.61252,0.76698,0.0029005944577600007,0.05385716719026355
a,simple_diff_simple_random,instance_0016.txt,5,5,0,0,9.527777777777779,9.527777777777779,9.527777777777779,9.527777777777779,9.527777777777779,0.0,0.0,0.8879084967320262,0.8879084967320262,0.8879084967320262,0.8879084967320262,0.8879084967320262,0.0,0.0,686.0,686.0,686,686,686,0.0,0.0,72.0,72.0,72,72,72,0.0,0.0,0.037540000000000004,0.041194,0.044259,0.028714,0.044798,5.33203084e-05,0.007302075622725363
a,simple_diff_simple_random,instance_0017.txt,5,5,0,0,3.8212560386473426,3.8043478260869565,3.8043478260869565,3.8043478260869565,3.888888888888889,0.0011435506079488413,0.03381642512077292,0.8953080537356893,0.8957712924359739,0.8957712924359739,0.8934550989345511,0.8957712924359739,8.583603737652829e-07,0.0009264774005691034,175.0,175.0,175,175,175,0.0,0.0,45.8,46.0,46,45,46,0.16,0.4,0.011958199999999999,0.010544,0.016363,0.00986,0.016363,6.075781359999998e-06,0.0024649100105277673
a,simple_diff_simple_random,instance_0018.txt,5,5,0,0,15.855263157894736,15.855263157894736,15.855263157894736,15.855263157894736,15.855263157894736,0.0,0.0,0.8647161846596012,0.8647161846596012,0.8647161846596012,0.8647161846596012,0.8647161846596012,0.0,0.0,1205.0,1205.0,1205,1205,1205,0.0,0.0,76.0,76.0,76,76,76,0.0,0.0,0.0636942,0.063946,0.057004,0.057004,0.073632,3.5172618560000016e-05,0.00593065077036239
a,simple_diff_simple_random,instance_0019.txt,5,5,0,0,9.60576923076923,9.60576923076923,9.60576923076923,9.60576923076923,9.60576923076923,0.0,0.0,0.95244668697639,0.95244668697639,0.95244668697639,0.95244668697639,0.95244668697639,0.0,0.0,999.0,999.0,999,999,999,0.0,0.0,104.0,104.0,104,104,104,0.0,0.0,0.07138199999999999,0.072336,0.072336,0.066946,0.076682,1.3728825199999998e-05,0.003705242934005812
a,simple_diff_simple_random,instance_0020.txt,5,5,0,0,3.6,3.6666666666666665,4.0,3.0,4.0,0.15111111111111108,0.38873012632302,0.28,0.2666666666666667,0.2,0.2,0.4,0.006044444444444444,0.077746025264604,11.4,12.0,12,10,12,0.6399999999999999,0.7999999999999999,3.2,3.0,3,3,4,0.15999999999999998,0.39999999999999997,0.0007426,0.000145,0.000134,0.000134,0.003132,1.42738664e-06,0.0011947328739094778
a,simple_diff_simple_smaller,instance_0001.txt,5,5,0,0,2.68,2.68,2.68,2.68,2.68,0.0,0.0,0.8213333333333332,0.8213333333333334,0.8213333333333334,0.8213333333333334,0.8213333333333334,1.232595164407831e-32,1.1102230246251565e-16,67.0,67.0,67,67,67,0.0,0.0,25.0,25.0,25,25,25,0.0,0.0,0.0027432,0.002837,0.002837,0.002262,0.003312,1.7644055999999992e-07,0.0004200482829389973
a,simple_diff_simple_smaller,instance_0002.txt,5,5,0,0,2.0,2.0,2.0,2.0,2.0,0.0,0.0,0.0,0.0,0.0,0.0,0.0,0.0,0.0,2.0,2.0,2,2,2,0.0,0.0,1.0,1.0,1,1,1,0.0,0.0,0.0004328,0.000164,0.000164,0.000142,0.00124,1.7717216e-07,0.000420918234340115
a,simple_diff_simple_smaller,instance_0003.txt,5,5,0,0,2.864864864864865,2.864864864864865,2.864864864864865,2.864864864864865,2.864864864864865,0.0,0.0,0.7612612612612613,0.7612612612612613,0.7612612612612613,0.7612612612612613,0.7612612612612613,0.0,0.0,106.0,106.0,106,106,106,0.0,0.0,37.0,37.0,37,37,37,0.0,0.0,0.014663400000000002,0.0121,0.00626,0.00626,0.027861,6.563021624e-05,0.008101247819934902
a,simple_diff_simple_smaller,instance_0004.txt,5,5,0,0,1.625,1.625,1.625,1.625,1.625,0.0,0.0,0.5357142857142857,0.5357142857142857,0.5357142857142857,0.5357142857142857,0.5357142857142857,0.0,0.0,39.0,39.0,39,39,39,0.0,0.0,24.0,24.0,24,24,24,0.0,0.0,0.0013458,0.001341,0.001366,0.001327,0.001366,1.8696000000000015e-10,1.3673331708109774e-05
a,simple_diff_simple_smaller,instance_0005.txt,5,5,0,0,31.847826086956523,31.847826086956523,31.847826086956523,31.847826086956523,31.847826086956523,0.0,0.0,0.8209538941000336,0.8209538941000336,0.8209538941000336,0.8209538941000336,0.8209538941000336,0.0,0.0,4395.0,4395.0,4395,4395,4395,0.0,0.0,138.0,138.0,138,138,138,0.0,0.0,0.2395804,0.249107,0.248209,0.195817,0.253882,0.00048256379824000034,0.02196733480056241
a,simple_diff_simple_smaller,instance_0006.txt,5,5,0,0,26.65753424657534,26.65753424657534,26.65753424657534,26.65753424657534,26.65753424657534,0.0,0.0,0.9614218028269532,0.9614218028269532,0.9614218028269532,0.9614218028269532,0.9614218028269532,0.0,0.0,3892.0,3892.0,3892,3892,3892,0.0,0.0,146.0,146.0,146,146,146,0.0,0.0,0.2680888,0.260857,0.260857,0.255591,0.29219,0.0001845959945599999,0.013586610856280528
a,simple_diff_simple_smaller,instance_0007.txt,5,5,0,0,25.81879194630873,25.818791946308725,25.818791946308725,25.818791946308725,25.818791946308725,1.262177448353619e-29,3.552713678800501e-15,0.9341777133299967,0.9341777133299968,0.9341777133299968,0.9341777133299968,0.9341777133299968,1.232595164407831e-32,1.1102230246251565e-16,3847.0,3847.0,3847,3847,3847,0.0,0.0,149.0,149.0,149,149,149,0.0,0.0,0.2662002,0.272114,0.273593,0.248492,0.280833,0.00014440063176000004,0.01201668139546023
a,simple_diff_simple_smaller,instance_0008.txt,5,5,0,0,21.838461538461537,21.838461538461537,21.838461538461537,21.838461538461537,21.838461538461537,0.0,0.0,0.8659733407386836,0.8659733407386837,0.8659733407386837,0.8659733407386837,0.8659733407386837,1.232595164407831e-32,1.1102230246251565e-16,2839.0,2839.0,2839,2839,2839,0.0,0.0,130.0,130.0,130,130,130,0.0,0.0,0.1532726,0.152361,0.184949,0.135877,0.184949,0.00032097031544000003,0.01791564443272974
a,simple_diff_simple_smaller,instance_0009.txt,5,5,0,0,2.054054054054054,2.054054054054054,2.054054054054054,2.054054054054054,2.054054054054054,0.0,0.0,0.5349311575726671,0.5349311575726671,0.5349311575726671,0.5349311575726671,0.5349311575726671,0.0,0.0,152.0,152.0,152,152,152,0.0,0.0,74.0,74.0,74,74,74,0.0,0.0,0.0228374,0.024248,0.018162,0.014595,0.028603,3.159888584e-05,0.005621288628063853
a,simple_diff_simple_smaller,instance_0010.txt,5,5,0,0,5.507886435331231,5.507886435331231,5.507886435331231,5.507886435331231,5.507886435331231,0.0,0.0,0.6781318600700891,0.6781318600700891,0.6781318600700891,0.6781318600700891,0.6781318600700891,0.0,0.0,1746.0,1746.0,1746,1746,1746,0.0,0.0,317.0,317.0,317,317,317,0.0,0.0,0.308431,0.292791,0.255187,0.255187,0.365999,0.0019187273792000002,0.043803280461627535
a,simple_diff_simple_smaller,instance_0011.txt,5,5,0,0,6.367601246105919,6.367601246105919,6.367601246105919,6.367601246105919,6.367601246105919,0.0,0.0,0.6221008162548416,0.6221008162548416,0.6221008162548416,0.6221008162548416,0.6221008162548416,0.0,0.0,2044.0,2044.0,2044,2044,2044,0.0,0.0,321.0,321.0,321,321,321,0.0,0.0,0.3661642,0.369877,0.340718,0.340718,0.38432,0.0002691296561599996,0.016405171628483487
a,simple_diff_simple_smaller,instance_0012.txt,5,5,0,0,1.8829787234042556,1.8829787234042554,1.8829787234042554,1.8829787234042554,1.8829787234042554,4.930380657631324e-32,2.220446049250313e-16,0.8326241134751772,0.8326241134751773,0.8326241134751773,0.8326241134751773,0.8326241134751773,1.232595164407831e-32,1.1102230246251565e-16,177.0,177.0,177,177,177,0.0,0.0,94.0,94.0,94,94,94,0.0,0.0,0.023487,0.02493,0.025273,0.020733,0.025273,4.1422972e-06,0.00203526342275392
a,simple_diff_simple_smaller,instance_0013.txt,5,5,0,0,12.487738419618529,12.487738419618529,12.487738419618529,12.487738419618529,12.487738419618529,0.0,0.0,0.8936169073033808,0.8936169073033808,0.8936169073033808,0.8936169073033808,0.8936169073033808,0.0,0.0,4583.0,4583.0,4583,4583,4583,0.0,0.0,367.0,367.0,367,367,367,0.0,0.0,0.8730036,0.837042,0.78802,0.717782,1.016475,0.014160261169839991,0.11899689563110456
a,simple_diff_simple_smaller,instance_0014.txt,5,5,0,0,20.473544973544975,20.473544973544975,20.473544973544975,20.473544973544975,20.473544973544975,0.0,0.0,0.8872827854309338,0.8872827854309336,0.8872827854309336,0.8872827854309336,0.8872827854309336,1.232595164407831e-32,1.1102230246251565e-16,7739.0,7739.0,7739,7739,7739,0.0,0.0,378.0,378.0,378,378,378,0.0,0.0,1.5257542000000002,1.576169,1.381841,1.329024,1.705585,0.02129644473175999,0.14593301453667018
a,simple_diff_simple_smaller,instance_0015.txt,5,5,0,0,10.305322128851541,10.305322128851541,10.305322128851541,10.305322128851541,10.305322128851541,0.0,0.0,0.9309911464585834,0.9309911464585834,0.9309911464585834,0.9309911464585834,0.9309911464585834,0.0,0.0,3679.0,3679.0,3679,3679,3679,0.0,0.0,357.0,357.0,357,357,357,0.0,0.0,0.7864479999999999,0.794736,0.668336,0.668336,0.885183,0.004976754297200001,0.07054611468536025
a,simple_diff_simple_smaller,instance_0016.txt,5,5,0,0,9.527777777777779,9.527777777777779,9.527777777777779,9.527777777777779,9.527777777777779,0.0,0.0,0.8879084967320262,0.8879084967320262,0.8879084967320262,0.8879084967320262,0.8879084967320262,0.0,0.0,686.0,686.0,686,686,686,0.0,0.0,72.0,72.0,72,72,72,0.0,0.0,0.0448926,0.047276,0.039683,0.039231,0.050059,2.0519525839999986e-05,0.00452984832417157
a,simple_diff_simple_smaller,instance_0017.txt,5,5,0,0,3.804347826086956,3.8043478260869565,3.8043478260869565,3.8043478260869565,3.8043478260869565,1.9721522630525295e-31,4.440892098500626e-16,0.8957712924359738,0.8957712924359739,0.8957712924359739,0.8957712924359739,0.8957712924359739,1.232595164407831e-32,1.1102230246251565e-16,175.0,175.0,175,175,175,0.0,0.0,46.0,46.0,46,46,46,0.0,0.0,0.013866,0.014719,0.011187,0.011187,0.015646,2.5712759999999996e-06,0.001603519878267806
a,simple_diff_simple_smaller,instance_0018.txt,5,5,0,0,15.855263157894736,15.855263157894736,15.855263157894736,15.855263157894736,15.855263157894736,0.0,0.0,0.8647161846596012,0.8647161846596012,0.8647161846596012,0.8647161846596012,0.8647161846596012,0.0,0.0,1205.0,1205.0,1205,1205,1205,0.0,0.0,76.0,76.0,76,76,76,0.0,0.0,0.0618856,0.062852,0.06872,0.049994,0.077258,0.00011052765663999999,0.010513213430726117
a,simple_diff_simple_smaller,instance_0019.txt,5,5,0,0,9.60576923076923,9.60576923076923,9.60576923076923,9.60576923076923,9.60576923076923,0.0,0.0,0.95244668697639,0.95244668697639,0.95244668697639,0.95244668697639,0.95244668697639,0.0,0.0,999.0,999.0,999,999,999,0.0,0.0,104.0,104.0,104,104,104,0.0,0.0,0.07660779999999999,0.074842,0.081784,0.06085,0.097469,0.00015717876256,0.012537095459475452
a,simple_diff_simple_smaller,instance_0020.txt,5,5,0,0,4.0,4.0,4.0,4.0,4.0,0.0,0.0,0.2,0.2,0.2,0.2,0.2,0.0,0.0,12.0,12.0,12,12,12,0.0,0.0,3.0,3.0,3,3,3,0.0,0.0,0.0001308,0.000129,0.000125,0.000125,0.00014,2.8159999999999967e-11,5.306599664568637e-06
a,simple_diff_weighted_exact_bigger,instance_0001.txt,5,5,0,0,2.4444444444444446,2.4444444444444446,2.4444444444444446,2.4444444444444446,2.4444444444444446,0.0,0.0,0.837037037037037,0.837037037037037,0.837037037037037,0.837037037037037,0.837037037037037,0.0,0.0,66.0,66.0,66,66,66,0.0,0.0,27.0,27.0,27,27,27,0.0,0.0,0.022694199999999998,0.02205,0.017701,0.017701,0.029424,1.5435653759999993e-05,0.0039288234574742596
a,simple_diff_weighted_exact_bigger,instance_0002.txt,5,5,0,0,1.0,1.0,1.0,1.0,1.0,0.0,0.0,0.5,0.5,0.5,0.5,0.5,0.0,0.0,2.0,2.0,2,2,2,0.0,0.0,2.0,2.0,2,2,2,0.0,0.0,0.0075532,0.007508,0.007508,0.006623,0.008985,6.372509599999998e-07,0.0007982800010021545
a,simple_diff_weighted_exact_bigger,instance_0003.txt,5,5,0,0,2.9714285714285715,2.9714285714285715,2.9714285714285715,2.9714285714285715,2.9714285714285715,0.0,0.0,0.7523809523809524,0.7523809523809524,0.7523809523809524,0.7523809523809524,0.7523809523809524,0.0,0.0,104.0,104.0,104,104,104,0.0,0.0,35.0,35.0,35,35,35,0.0,0.0,0.0399634,0.042811,0.028133,0.028133,0.046774,4.1665177840000025e-05,0.006454856918631119
a,simple_diff_weighted_exact_bigger,instance_0004.txt,5,5,0,0,1.7142857142857142,1.7142857142857142,1.7142857142857142,1.7142857142857142,1.7142857142857142,0.0,0.0,0.5102040816326531,0.5102040816326531,0.5102040816326531,0.5102040816326531,0.5102040816326531,0.0,0.0,36.0,36.0,36,36,36,0.0,0.0,21.0,21.0,21,21,21,0.0,0.0,0.017751,0.014269,0.012263,0.012263,0.025237,3.5099382799999995e-05,0.005924473208649019
a,simple_diff_weighted_exact_bigger,instance_0005.txt,5,5,0,0,31.15602836879433,31.156028368794328,31.156028368794328,31.156028368794328,31.156028368794328,1.262177448353619e-29,3.552713678800501e-15,0.8248431293391747,0.8248431293391746,0.8248431293391746,0.8248431293391746,0.8248431293391746,1.232595164407831e-32,1.1102230246251565e-16,4393.0,4393.0,4393,4393,4393,0.0,0.0,141.0,141.0,141,141,141,0.0,0.0,0.9289672,0.896712,0.775049,0.775049,1.086677,0.014795821310959995,0.12163807508736725
a,simple_diff_weighted_exact_bigger,instance_0006.txt,5,5,0,0,26.841379310344827,26.841379310344827,26.841379310344827,26.841379310344827,26.841379310344827,0.0,0.0,0.9611557462947253,0.9611557462947253,0.9611557462947253,0.9611557462947253,0.9611557462947253,0.0,0.0,3892.0,3892.0,3892,3892,3892,0.0,0.0,145.0,145.0,145,145,145,0.0,0.0,1.0261684,0.997861,1.150782,0.981731,1.150782,0.004005372514639999,0.06328801240867024
a,simple_diff_weighted_exact_bigger,instance_0007.txt,5,5,0,0,26.53103448275862,26.53103448275862,26.53103448275862,26.53103448275862,26.53103448275862,0.0,0.0,0.9323619261115141,0.932361926111514,0.932361926111514,0.932361926111514,0.932361926111514,1.232595164407831e-32,1.1102230246251565e-16,3847.0,3847.0,3847,3847,3847,0.0,0.0,145.0,145.0,145,145,145,0.0,0.0,1.1354655999999999,1.177482,0.886426,0.886426,1.333979,0.02296261191544,0.15153419388190903
a,simple_diff_weighted_exact_bigger,instance_0008.txt,5,5,0,0,20.41007194244604,20.41007194244604,20.41007194244604,20.41007194244604,20.41007194244604,0.0,0.0,0.8747396306781289,0.8747396306781289,0.8747396306781289,0.8747396306781289,0.8747396306781289,0.0,0.0,2837.0,2837.0,2837,2837,2837,0.0,0.0,139.0,139.0,139,139,139,0.0,0.0,0.8203701999999999,0.844878,0.739051,0.708472,0.923234,0.0069302564881599995,0.08324816207076285
a,simple_diff_weighted_exact_bigger,instance_0009.txt,5,5,0,0,2.026666666666667,2.026666666666667,2.026666666666667,2.026666666666667,2.026666666666667,0.0,0.0,0.5411320754716981,0.5411320754716981,0.5411320754716981,0.5411320754716981,0.5411320754716981,0.0,0.0,152.0,152.0,152,152,152,0.0,0.0,75.0,75.0,75,75,75,0.0,0.0,0.1136358,0.111746,0.111746,0.093084,0.128041,0.00015157524295999992,0.012311589781989974
a,simple_diff_weighted_exact_bigger,instance_0010.txt,5,5,0,0,5.7781456953642385,5.7781456953642385,5.7781456953642385,5.7781456953642385,5.7781456953642385,0.0,0.0,0.6623385342005395,0.6623385342005395,0.6623385342005395,0.6623385342005395,0.6623385342005395,0.0,0.0,1745.0,1745.0,1745,1745,1745,0.0,0.0,302.0,302.0,302,302,302,0.0,0.0,1.301541,1.302605,1.106196,1.106196,1.61061,0.032307186910800006,0.1797420009647161
a,simple_diff_weighted_exact_bigger,instance_0011.txt,5,5,0,0,6.829431438127091,6.829431438127091,6.829431438127091,6.829431438127091,6.829431438127091,0.0,0.0,0.5946924962535851,0.5946924962535851,0.5946924962535851,0.5946924962535851,0.5946924962535851,0.0,0.0,2042.0,2042.0,2042,2042,2042,0.0,0.0,299.0,299.0,299,299,299,0.0,0.0,1.6112574,1.617278,1.392899,1.21874,2.035459,0.08287385368263998,0.28787819244020546
a,simple_diff_weighted_exact_bigger,instance_0012.txt,5,5,0,0,2.0952380952380953,2.0952380952380953,2.0952380952380953,2.0952380952380953,2.0952380952380953,0.0,0.0,0.8137566137566138,0.8137566137566138,0.8137566137566138,0.8137566137566138,0.8137566137566138,0.0,0.0,176.0,176.0,176,176,176,0.0,0.0,84.0,84.0,84,84,84,0.0,0.0,0.1463036,0.145957,0.117689,0.117689,0.184505,0.00059384101984,0.02436885347815937
a,simple_diff_weighted_exact_bigger,instance_0013.txt,5,5,0,0,12.453804347826088,12.453804347826088,12.453804347826088,12.453804347826088,12.453804347826088,0.0,0.0,0.8939059917944043,0.8939059917944042,0.8939059917944042,0.8939059917944042,0.8939059917944042,1.232595164407831e-32,1.1102230246251565e-16,4583.0,4583.0,4583,4583,4583,0.0,0.0,368.0,368.0,368,368,368,0.0,0.0,3.9219672,3.97717,3.498805,3.498805,4.380998,0.10033457407495998,0.3167563323360087
a,simple_diff_weighted_exact_bigger,instance_0014.txt,5,5,0,0,20.52785145888594,20.52785145888594,20.52785145888594,20.52785145888594,20.52785145888594,0.0,0.0,0.8869838007769042,0.8869838007769042,0.8869838007769042,0.8869838007769042,0.8869838007769042,0.0,0.0,7739.0,7739.0,7739,7739,7739,0.0,0.0,377.0,377.0,377,377,377,0.0,0.0,6.7650206,6.77451,6.129361,6.129361,7.685667,0.3126502077226398,0.5591513281059429
a,simple_diff_weighted_exact_bigger,instance_0015.txt,5,5,0,0,10.725947521865889,10.725947521865889,10.725947521865889,10.725947521865889,10.725947521865889,0.0,0.0,0.9281744585589337,0.9281744585589338,0.9281744585589338,0.9281744585589338,0.9281744585589338,1.232595164407831e-32,1.1102230246251565e-16,3679.0,3679.0,3679,3679,3679,0.0,0.0,343.0,343.0,343,343,343,0.0,0.0,3.1115700000000004,3.087625,3.376615,2.9901,3.376615,0.019516754480400016,0.13970237822027232
a,simple_diff_weighted_exact_bigger,instance_0016.txt,5,5,0,0,9.661971830985916,9.661971830985916,9.661971830985916,9.661971830985916,9.661971830985916,0.0,0.0,0.8863297431648716,0.8863297431648716,0.8863297431648716,0.8863297431648716,0.8863297431648716,0.0,0.0,686.0,686.0,686,686,686,0.0,0.0,71.0,71.0,71,71,71,0.0,0.0,0.1511946,0.129102,0.218058,0.127191,0.218058,0.0012077312694400001,0.03475242825242576
a,simple_diff_weighted_exact_bigger,instance_0017.txt,5,5,0,0,3.804347826086956,3.8043478260869565,3.8043478260869565,3.8043478260869565,3.8043478260869565,1.9721522630525295e-31,4.440892098500626e-16,0.8957712924359738,0.8957712924359739,0.8957712924359739,0.8957712924359739,0.8957712924359739,1.232595164407831e-32,1.1102230246251565e-16,175.0,175.0,175,175,175,0.0,0.0,46.0,46.0,46,46,46,0.0,0.0,0.046616399999999995,0.041375,0.041375,0.037264,0.063514,9.424568264000002e-05,0.009708021561574739
a,simple_diff_weighted_exact_bigger,instance_0018.txt,5,5,0,0,15.253164556962025,15.253164556962025,15.253164556962025,15.253164556962025,15.253164556962025,0.0,0.0,0.8698535447358189,0.869853544735819,0.869853544735819,0.869853544735819,0.869853544735819,1.232595164407831e-32,1.1102230246251565e-16,1205.0,1205.0,1205,1205,1205,0.0,0.0,79.0,79.0,79,79,79,0.0,0.0,0.23012800000000003,0.235185,0.23657,0.213669,0.251444,0.00021197237720000007,0.014559271176813765
a,simple_diff_weighted_exact_bigger,instance_0019.txt,5,5,0,0,9.514285714285714,9.514285714285714,9.514285714285714,9.514285714285714,9.514285714285714,0.0,0.0,0.952899575671853,0.9528995756718529,0.9528995756718529,0.9528995756718529,0.9528995756718529,1.232595164407831e-32,1.1102230246251565e-16,999.0,999.0,999,999,999,0.0,0.0,105.0,105.0,105,105,105,0.0,0.0,0.32404859999999996,0.33419,0.33419,0.273758,0.37423,0.0012055431358400002,0.03472093224324486
a,simple_diff_weighted_exact_bigger,instance_0020.txt,5,5,0,0,5.0,5.0,5.0,5.0,5.0,0.0,0.0,0.0,0.0,0.0,0.0,0.0,0.0,0.0,10.0,10.0,10,10,10,0.0,0.0,2.0,2.0,2,2,2,0.0,0.0,0.0089202,0.00936,0.00936,0.006933,0.010218,1.2225441600000003e-06,0.0011056871890367547
a,simple_diff_weighted_exact_most_shared,instance_0001.txt,5,5,0,0,2.4444444444444446,2.4444444444444446,2.4444444444444446,2.4444444444444446,2.4444444444444446,0.0,0.0,0.837037037037037,0.837037037037037,0.837037037037037,0.837037037037037,0.837037037037037,0.0,0.0,66.0,66.0,66,66,66,0.0,0.0,27.0,27.0,27,27,27,0.0,0.0,0.032072,0.034301,0.03103,0.024924,0.035095,1.4983696399999997e-05,0.003870877988260544
a,simple_diff_weighted_exact_most_shared,instance_0002.txt,5,5,0,0,1.0,1.0,1.0,1.0,1.0,0.0,0.0,0.5,0.5,0.5,0.5,0.5,0.0,0.0,2.0,2.0,2,2,2,0.0,0.0,2.0,2.0,2,2,2,0.0,0.0,0.009004000000000002,0.00796,0.005791,0.005791,0.014674,9.962506e-06,0.0031563437708842807
a,simple_diff_weighted_exact_most_shared,instance_0003.txt,5,5,0,0,2.9714285714285715,2.9714285714285715,2.9714285714285715,2.9714285714285715,2.9714285714285715,0.0,0.0,0.7523809523809524,0.7523809523809524,0.7523809523809524,0.7523809523809524,0.7523809523809524,0.0,0.0,104.0,104.0,104,104,104,0.0,0.0,35.0,35.0,35,35,35,0.0,0.0,0.0640962,0.062418,0.062418,0.043597,0.091686,0.00026603249296000005,0.016310502535483083
a,simple_diff_weighted_exact_most_shared,instance_0004.txt,5,5,0,0,1.7142857142857142,1.7142857142857142,1.7142857142857142,1.7142857142857142,1.7142857142857142,0.0,0.0,0.5102040816326531,0.5102040816326531,0.5102040816326531,0.5102040816326531,0.5102040816326531,0.0,0.0,36.0,36.0,36,36,36,0.0,0.0,21.0,21.0,21,21,21,0.0,0.0,0.026024199999999997,0.02179,0.019613,0.017505,0.038473,6.633665895999999e-05,0.00814473197594617
a,simple_diff_weighted_exact_most_shared,instance_0005.txt,5,5,0,0,31.15602836879433,31.156028368794328,31.156028368794328,31.156028368794328,31.156028368794328,1.262177448353619e-29,3.552713678800501e-15,0.8248431293391747,0.8248431293391746,0.8248431293391746,0.8248431293391746,0.8248431293391746,1.232595164407831e-32,1.1102230246251565e-16,4393.0,4393.0,4393,4393,4393,0.0,0.0,141.0,141.0,141,141,141,0.0,0.0,1.247302,1.225401,1.103112,1.013062,1.458524,0.03130314693320001,0.17692695366506486
a,simple_diff_weighted_exact_most_shared,instance_0006.txt,5,5,0,0,26.841379310344827,26.841379310344827,26.841379310344827,26.841379310344827,26.841379310344827,0.0,0.0,0.9611557462947253,0.9611557462947253,0.9611557462947253,0.9611557462947253,0.9611557462947253,0.0,0.0,3892.0,3892.0,3892,3892,3892,0.0,0.0,145.0,145.0,145,145,145,0.0,0.0,1.4446826000000001,1.509764,1.574544,1.206655,1.609412,0.023937978826240002,0.154719031881149
a,simple_diff_weighted_exact_most_shared,instance_0007.txt,5,5,0,0,26.53103448275862,26.53103448275862,26.53103448275862,26.53103448275862,26.53103448275862,0.0,0.0,0.9323619261115141,0.932361926111514,0.932361926111514,0.932361926111514,0.932361926111514,1.232595164407831e-32,1.1102230246251565e-16,3847.0,3847.0,3847,3847,3847,0.0,0.0,145.0,145.0,145,145,145,0.0,0.0,1.2897308,1.287026,1.195197,1.180079,1.402531,0.00850886467695999,0.09224350750573175
a,simple_diff_weighted_exact_most_shared,instance_0008.txt,5,5,0,0,20.41007194244604,20.41007194244604,20.41007194244604,20.41007194244604,20.41007194244604,0.0,0.0,0.8747396306781289,0.8747396306781289,0.8747396306781289,0.8747396306781289,0.8747396306781289,0.0,0.0,2837.0,2837.0,2837,2837,2837,0.0,0.0,139.0,139.0,139,139,139,0.0,0.0,0.9643418,0.993155,0.993155,0.813148,1.125886,0.011722470974159998,0.10827036055246143
a,simple_diff_weighted_exact_most_shared,instance_0009.txt,5,5,0,0,2.026666666666667,2.026666666666667,2.026666666666667,2.026666666666667,2.026666666666667,0.0,0.0,0.5411320754716981,0.5411320754716981,0.5411320754716981,0.5411320754716981,0.5411320754716981,0.0,0.0,152.0,152.0,152,152,152,0.0,0.0,75.0,75.0,75,75,75,0.0,0.0,0.1433468,0.129733,0.095825,0.095825,0.246666,0.00284276005136,0.0533175398097099
a,simple_diff_weighted_exact_most_shared,instance_0010.txt,5,5,0,0,5.7781456953642385,5.7781456953642385,5.7781456953642385,5.7781456953642385,5.7781456953642385,0.0,0.0,0.6623385342005395,0.6623385342005395,0.6623385342005395,0.6623385342005395,0.6623385342005395,0.0,0.0,1745.0,1745.0,1745,1745,1745,0.0,0.0,302.0,302.0,302,302,302,0.0,0.0,1.4860982,1.449046,1.227059,1.227059,1.750507,0.03807715825416001,0.19513369328273375
a,simple_diff_weighted_exact_most_shared,instance_0011.txt,5,5,0,0,6.829431438127091,6.829431438127091,6.829431438127091,6.829431438127091,6.829431438127091,0.0,0.0,0.5946924962535851,0.5946924962535851,0.5946924962535851,0.5946924962535851,0.5946924962535851,0.0,0.0,2042.0,2042.0,2042,2042,2042,0.0,0.0,299.0,299.0,299,299,299,0.0,0.0,1.4971678000000002,1.508654,1.341018,1.341018,1.633143,0.013068628962159993,0.11431810426244826
a,simple_diff_weighted_exact_most_shared,instance_0012.txt,5,5,0,0,2.0952380952380953,2.0952380952380953,2.0952380952380953,2.0952380952380953,2.0952380952380953,0.0,0.0,0.8137566137566138,0.8137566137566138,0.8137566137566138,0.8137566137566138,0.8137566137566138,0.0,0.0,176.0,176.0,176,176,176,0.0,0.0,84.0,84.0,84,84,84,0.0,0.0,0.13017340000000002,0.133477,0.12487,0.113142,0.144602,0.00011169536704000004,0.010568602889691714
a,simple_diff_weighted_exact_most_shared,instance_0013.txt,5,5,0,0,12.453804347826088,12.453804347826088,12.453804347826088,12.453804347826088,12.453804347826088,0.0,0.0,0.8939059917944043,0.8939059917944042,0.8939059917944042,0.8939059917944042,0.8939059917944042,1.232595164407831e-32,1.1102230246251565e-16,4583.0,4583.0,4583,4583,4583,0.0,0.0,368.0,368.0,368,368,368,0.0,0.0,3.9939964000000003,3.891409,3.493698,3.493698,4.424282,0.11435355827623994,0.33816202961929354
a,simple_diff_weighted_exact_most_shared,instance_0014.txt,5,5,0,0,20.52785145888594,20.52785145888594,20.52785145888594,20.52785145888594,20.52785145888594,0.0,0.0,0.8869838007769042,0.8869838007769042,0.8869838007769042,0.8869838007769042,0.8869838007769042,0.0,0.0,7739.0,7739.0,7739,7739,7739,0.0,0.0,377.0,377.0,377,377,377,0.0,0.0,6.8570746,6.617392,6.531204,6.531204,7.397933,0.12113770083224007,0.348048417367814
a,simple_diff_weighted_exact_most_shared,instance_0015.txt,5,5,0,0,10.725947521865889,10.725947521865889,10.725947521865889,10.725947521865889,10.725947521865889,0.0,0.0,0.9281744585589337,0.9281744585589338,0.9281744585589338,0.9281744585589338,0.9281744585589338,1.232595164407831e-32,1.1102230246251565e-16,3679.0,3679.0,3679,3679,3679,0.0,0.0,343.0,343.0,343,343,343,0.0,0.0,2.9394014,2.990078,2.990078,2.54045,3.190806,0.04844250997984001,0.22009659238579776
a,simple_diff_weighted_exact_most_shared,instance_0016.txt,5,5,0,0,9.661971830985916,9.661971830985916,9.661971830985916,9.661971830985916,9.661971830985916,0.0,0.0,0.8863297431648716,0.8863297431648716,0.8863297431648716,0.8863297431648716,0.8863297431648716,0.0,0.0,686.0,686.0,686,686,686,0.0,0.0,71.0,71.0,71,71,71,0.0,0.0,0.12001540000000002,0.116423,0.103436,0.101788,0.151549,0.00033230486903999986,0.01822923116974492
a,simple_diff_weighted_exact_most_shared,instance_0017.txt,5,5,0,0,3.804347826086956,3.8043478260869565,3.8043478260869565,3.8043478260869565,3.8043478260869565,1.9721522630525295e-31,4.440892098500626e-16,0.8957712924359738,0.8957712924359739,0.8957712924359739,0.8957712924359739,0.8957712924359739,1.232595164407831e-32,1.1102230246251565e-16,175.0,175.0,175,175,175,0.0,0.0,46.0,46.0,46,46,46,0.0,0.0,0.032889999999999996,0.033248,0.033341,0.027644,0.040146,1.768967560000001e-05,0.004205909604354331
a,simple_diff_weighted_exact_most_shared,instance_0018.txt,5,5,0,0,15.253164556962025,15.253164556962025,15.253164556962025,15.253164556962025,15.253164556962025,0.0,0.0,0.8698535447358189,0.869853544735819,0.869853544735819,0.869853544735819,0.869853544735819,1.232595164407831e-32,1.1102230246251565e-16,1205.0,1205.0,1205,1205,1205,0.0,0.0,79.0,79.0,79,79,79,0.0,0.0,0.1839818,0.18393,0.171941,0.171941,0.197963,9.476026536e-05,0.009734488448809213
a,simple_diff_weighted_exact_most_shared,instance_0019.txt,5,5,0,0,9.514285714285714,9.514285714285714,9.514285714285714,9.514285714285714,9.514285714285714,0.0,0.0,0.952899575671853,0.9528995756718529,0.9528995756718529,0.9528995756718529,0.9528995756718529,1.232595164407831e-32,1.1102230246251565e-16,999.0,999.0,999,999,999,0.0,0.0,105.0,105.0,105,105,105,0.0,0.0,0.224898,0.218723,0.21362,0.21362,0.240574,0.0001417374388,0.01190535336728818
a,simple_diff_weighted_exact_most_shared,instance_0020.txt,5,5,0,0,5.0,5.0,5.0,5.0,5.0,0.0,0.0,0.0,0.0,0.0,0.0,0.0,0.0,0.0,10.0,10.0,10,10,10,0.0,0.0,2.0,2.0,2,2,2,0.0,0.0,0.0071492,0.007097,0.009791,0.004368,0.009791,3.3257437599999997e-06,0.0018236621836294133
a,simple_diff_weighted_exact_random,instance_0001.txt,5,5,0,0,2.4444444444444446,2.4444444444444446,2.4444444444444446,2.4444444444444446,2.4444444444444446,0.0,0.0,0.837037037037037,0.837037037037037,0.837037037037037,0.837037037037037,0.837037037037037,0.0,0.0,66.0,66.0,66,66,66,0.0,0.0,27.0,27.0,27,27,27,0.0,0.0,0.028901,0.027514,0.035856,0.024251,0.035856,1.4939689599999993e-05,0.0038651894649551133
a,simple_diff_weighted_exact_random,instance_0002.txt,5,5,0,0,1.0,1.0,1.0,1.0,1.0,0.0,0.0,0.5,0.5,0.5,0.5,0.5,0.0,0.0,2.0,2.0,2,2,2,0.0,0.0,2.0,2.0,2,2,2,0.0,0.0,0.0082884,0.008049,0.008049,0.005061,0.011668,4.438153839999999e-06,0.002106692630641689
a,simple_diff_weighted_exact_random,instance_0003.txt,5,5,0,0,2.9714285714285715,2.9714285714285715,2.9714285714285715,2.9714285714285715,2.9714285714285715,0.0,0.0,0.7523809523809524,0.7523809523809524,0.7523809523809524,0.7523809523809524,0.7523809523809524,0.0,0.0,104.0,104.0,104,104,104,0.0,0.0,35.0,35.0,35,35,35,0.0,0.0,0.06284039999999999,0.060079,0.053094,0.040837,0.088516,0.00026481430343999995,0.01627311597205649
a,simple_diff_weighted_exact_random,instance_0004.txt,5,5,0,0,1.7142857142857142,1.7142857142857142,1.7142857142857142,1.7142857142857142,1.7142857142857142,0.0,0.0,0.5102040816326531,0.5102040816326531,0.5102040816326531,0.5102040816326531,0.5102040816326531,0.0,0.0,36.0,36.0,36,36,36,0.0,0.0,21.0,21.0,21,21,21,0.0,0.0,0.0272922,0.021972,0.021579,0.021317,0.03737,4.924924776000001e-05,0.007017780828723565
a,simple_diff_weighted_exact_random,instance_0005.txt,5,5,0,0,31.15602836879433,31.156028368794328,31.156028368794328,31.156028368794328,31.156028368794328,1.262177448353619e-29,3.552713678800501e-15,0.8248431293391747,0.8248431293391746,0.8248431293391746,0.8248431293391746,0.8248431293391746,1.232595164407831e-32,1.1102230246251565e-16,4393.0,4393.0,4393,4393,4393,0.0,0.0,141.0,141.0,141,141,141,0.0,0.0,1.3266588,1.368229,1.384962,1.170916,1.415395,0.007667500828559994,0.08756426684761309
a,simple_diff_weighted_exact_random,instance_0006.txt,5,5,0,0,26.841379310344827,26.841379310344827,26.841379310344827,26.841379310344827,26.841379310344827,0.0,0.0,0.9611557462947253,0.9611557462947253,0.9611557462947253,0.9611557462947253,0.9611557462947253,0.0,0.0,3892.0,3892.0,3892,3892,3892,0.0,0.0,145.0,145.0,145,145,145,0.0,0.0,1.3938161999999998,1.330768,1.807282,1.210505,1.807282,0.04481324724976001,0.2116913962582325
a,simple_diff_weighted_exact_random,instance_0007.txt,5,5,0,0,26.53103448275862,26.53103448275862,26.53103448275862,26.53103448275862,26.53103448275862,0.0,0.0,0.9323619261115141,0.932361926111514,0.932361926111514,0.932361926111514,0.932361926111514,1.232595164407831e-32,1.1102230246251565e-16,3847.0,3847.0,3847,3847,3847,0.0,0.0,145.0,145.0,145,145,145,0.0,0.0,1.2581482,1.205915,1.082252,1.082252,1.45638,0.025556277786160004,0.15986330969350035
a,simple_diff_weighted_exact_random,instance_0008.txt,5,5,0,0,20.41007194244604,20.41007194244604,20.41007194244604,20.41007194244604,20.41007194244604,0.0,0.0,0.8747396306781289,0.8747396306781289,0.8747396306781289,0.8747396306781289,0.8747396306781289,0.0,0.0,2837.0,2837.0,2837,2837,2837,0.0,0.0,139.0,139.0,139,139,139,0.0,0.0,0.8827914,0.910073,0.707174,0.707174,1.102082,0.020962156953839996,0.14478313767093182
a,simple_diff_weighted_exact_random,instance_0009.txt,5,5,0,0,2.026666666666667,2.026666666666667,2.026666666666667,2.026666666666667,2.026666666666667,0.0,0.0,0.5411320754716981,0.5411320754716981,0.5411320754716981,0.5411320754716981,0.5411320754716981,0.0,0.0,152.0,152.0,152,152,152,0.0,0.0,75.0,75.0,75,75,75,0.0,0.0,0.13114699999999999,0.110342,0.151596,0.084634,0.201503,0.00170321494,0.041270024715282155
a,simple_diff_weighted_exact_random,instance_0010.txt,5,5,0,0,5.7781456953642385,5.7781456953642385,5.7781456953642385,5.7781456953642385,5.7781456953642385,0.0,0.0,0.6623385342005395,0.6623385342005395,0.6623385342005395,0.6623385342005395,0.6623385342005395,0.0,0.0,1745.0,1745.0,1745,1745,1745,0.0,0.0,302.0,302.0,302,302,302,0.0,0.0,0.9986725999999999,1.058191,0.949047,0.834591,1.086178,0.009006356487440009,0.09490182552216796
a,simple_diff_weighted_exact_random,instance_0011.txt,5,5,0,0,6.829431438127091,6.829431438127091,6.829431438127091,6.829431438127091,6.829431438127091,0.0,0.0,0.5946924962535851,0.5946924962535851,0.5946924962535851,0.5946924962535851,0.5946924962535851,0.0,0.0,2042.0,2042.0,2042,2042,2042,0.0,0.0,299.0,299.0,299,299,299,0.0,0.0,1.1256211999999999,1.116536,1.116536,1.01392,1.286897,0.009901447273360005,0.09950601626715846
a,simple_diff_weighted_exact_random,instance_0012.txt,5,5,0,0,2.0952380952380953,2.0952380952380953,2.0952380952380953,2.0952380952380953,2.0952380952380953,0.0,0.0,0.8137566137566138,0.8137566137566138,0.8137566137566138,0.8137566137566138,0.8137566137566138,0.0,0.0,176.0,176.0,176,176,176,0.0,0.0,84.0,84.0,84,84,84,0.0,0.0,0.0883254,0.085333,0.066371,0.066371,0.113364,0.00024386347304000003,0.01561612861883508
a,simple_diff_weighted_exact_random,instance_0013.txt,5,5,0,0,12.453804347826088,12.453804347826088,12.453804347826088,12.453804347826088,12.453804347826088,0.0,0.0,0.8939059917944043,0.8939059917944042,0.8939059917944042,0.8939059917944042,0.8939059917944042,1.232595164407831e-32,1.1102230246251565e-16,4583.0,4583.0,4583,4583,4583,0.0,0.0,368.0,368.0,368,368,368,0.0,0.0,2.8454518,2.971875,2.425224,2.425224,3.146851,0.07805299496215994,0.27937966096722205
a,simple_diff_weighted_exact_random,instance_0014.txt,5,5,0,0,20.52785145888594,20.52785145888594,20.52785145888594,20.52785145888594,20.52785145888594,0.0,0.0,0.8869838007769042,0.8869838007769042,0.8869838007769042,0.8869838007769042,0.8869838007769042,0.0,0.0,7739.0,7739.0,7739,7739,7739,0.0,0.0,377.0,377.0,377,377,377,0.0,0.0,4.805748199999999,4.571871,4.197056,4.197056,5.411357,0.23427619923496001,0.48402086652845866
a,simple_diff_weighted_exact_random,instance_0015.txt,5,5,0,0,10.725947521865889,10.725947521865889,10.725947521865889,10.725947521865889,10.725947521865889,0.0,0.0,0.9281744585589337,0.9281744585589338,0.9281744585589338,0.9281744585589338,0.9281744585589338,1.232595164407831e-32,1.1102230246251565e-16,3679.0,3679.0,3679,3679,3679,0.0,0.0,343.0,343.0,343,343,343,0.0,0.0,2.5199774,2.502024,2.228582,2.228582,2.822836,0.045636431347840026,0.2136268507183496
a,simple_diff_weighted_exact_random,instance_0016.txt,5,5,0,0,9.661971830985916,9.661971830985916,9.661971830985916,9.661971830985916,9.661971830985916,0.0,0.0,0.8863297431648716,0.8863297431648716,0.8863297431648716,0.8863297431648716,0.8863297431648716,0.0,0.0,686.0,686.0,686,686,686,0.0,0.0,71.0,71.0,71,71,71,0.0,0.0,0.0994908,0.098789,0.103959,0.093104,0.107801,3.2536359359999963e-05,0.005704065160918129
a,simple_diff_weighted_exact_random,instance_0017.txt,5,5,0,0,3.804347826086956,3.8043478260869565,3.8043478260869565,3.8043478260869565,3.8043478260869565,1.9721522630525295e-31,4.440892098500626e-16,0.8957712924359738,0.8957712924359739,0.8957712924359739,0.8957712924359739,0.8957712924359739,1.232595164407831e-32,1.1102230246251565e-16,175.0,175.0,175,175,175,0.0,0.0,46.0,46.0,46,46,46,0.0,0.0,0.032714599999999996,0.025517,0.029713,0.022734,0.061007,0.00020534032024,0.014329700633300056
a,simple_diff_weighted_exact_random,instance_0018.txt,5,5,0,0,15.253164556962025,15.253164556962025,15.253164556962025,15.253164556962025,15.253164556962025,0.0,0.0,0.8698535447358189,0.869853544735819,0.869853544735819,0.869853544735819,0.869853544735819,1.232595164407831e-32,1.1102230246251565e-16,1205.0,1205.0,1205,1205,1205,0.0,0.0,79.0,79.0,79,79,79,0.0,0.0,0.16085639999999998,0.157163,0.151736,0.144517,0.185416,0.0001976148010399999,0.014057553166892164
a,simple_diff_weighted_exact_random,instance_0019.txt,5,5,0,0,9.514285714285714,9.514285714285714,9.514285714285714,9.514285714285714,9.514285714285714,0.0,0.0,0.952899575671853,0.9528995756718529,0.9528995756718529,0.9528995756718529,0.9528995756718529,1.232595164407831e-32,1.1102230246251565e-16,999.0,999.0,999,999,999,0.0,0.0,105.0,105.0,105,105,105,0.0,0.0,0.2302348,0.232135,0.235644,0.207137,0.268679,0.0005115240713599999,0.022616897916381017
a,simple_diff_weighted_exact_random,instance_0020.txt,5,5,0,0,5.0,5.0,5.0,5.0,5.0,0.0,0.0,0.0,0.0,0.0,0.0,0.0,0.0,0.0,10.0,10.0,10,10,10,0.0,0.0,2.0,2.0,2,2,2,0.0,0.0,0.0061904,0.005155,0.007637,0.004064,0.009156,3.608913039999999e-06,0.0018997139363598928
a,simple_diff_weighted_exact_smaller,instance_0001.txt,5,5,0,0,2.4444444444444446,2.4444444444444446,2.4444444444444446,2.4444444444444446,2.4444444444444446,0.0,0.0,0.837037037037037,0.837037037037037,0.837037037037037,0.837037037037037,0.837037037037037,0.0,0.0,66.0,66.0,66,66,66,0.0,0.0,27.0,27.0,27,27,27,0.0,0.0,0.026622399999999997,0.023162,0.023162,0.018094,0.035074,4.6412123440000004e-05,0.006812644379387493
a,simple_diff_weighted_exact_smaller,instance_0002.txt,5,5,0,0,1.0,1.0,1.0,1.0,1.0,0.0,0.0,0.5,0.5,0.5,0.5,0.5,0.0,0.0,2.0,2.0,2,2,2,0.0,0.0,2.0,2.0,2,2,2,0.0,0.0,0.0064118000000000005,0.005775,0.007061,0.00543,0.008075,1.0076997600000003e-06,0.0010038424976060738
a,simple_diff_weighted_exact_smaller,instance_0003.txt,5,5,0,0,2.9714285714285715,2.9714285714285715,2.9714285714285715,2.9714285714285715,2.9714285714285715,0.0,0.0,0.7523809523809524,0.7523809523809524,0.7523809523809524,0.7523809523809524,0.7523809523809524,0.0,0.0,104.0,104.0,104,104,104,0.0,0.0,35.0,35.0,35,35,35,0.0,0.0,0.0359728,0.030892,0.025618,0.025618,0.054006,0.00011455806976,0.010703180357258304
a,simple_diff_weighted_exact_smaller,instance_0004.txt,5,5,0,0,1.7142857142857142,1.7142857142857142,1.7142857142857142,1.7142857142857142,1.7142857142857142,0.0,0.0,0.5102040816326531,0.5102040816326531,0.5102040816326531,0.5102040816326531,0.5102040816326531,0.0,0.0,36.0,36.0,36,36,36,0.0,0.0,21.0,21.0,21,21,21,0.0,0.0,0.013394600000000001,0.013494,0.010491,0.010491,0.016791,4.45427944e-06,0.002110516391786617
a,simple_diff_weighted_exact_smaller,instance_0005.txt,5,5,0,0,31.15602836879433,31.156028368794328,31.156028368794328,31.156028368794328,31.156028368794328,1.262177448353619e-29,3.552713678800501e-15,0.8248431293391747,0.8248431293391746,0.8248431293391746,0.8248431293391746,0.8248431293391746,1.232595164407831e-32,1.1102230246251565e-16,4393.0,4393.0,4393,4393,4393,0.0,0.0,141.0,141.0,141,141,141,0.0,0.0,0.8390814000000001,0.800717,0.86385,0.795657,0.938515,0.003131385311439999,0.055958782254798924
a,simple_diff_weighted_exact_smaller,instance_0006.txt,5,5,0,0,26.841379310344827,26.841379310344827,26.841379310344827,26.841379310344827,26.841379310344827,0.0,0.0,0.9611557462947253,0.9611557462947253,0.9611557462947253,0.9611557462947253,0.9611557462947253,0.0,0.0,3892.0,3892.0,3892,3892,3892,0.0,0.0,145.0,145.0,145,145,145,0.0,0.0,0.9523292,0.883132,0.849953,0.80335,1.140491,0.01807922555015999,0.13445901066927418
a,simple_diff_weighted_exact_smaller,instance_0007.txt,5,5,0,0,26.53103448275862,26.53103448275862,26.53103448275862,26.53103448275862,26.53103448275862,0.0,0.0,0.9323619261115141,0.932361926111514,0.932361926111514,0.932361926111514,0.932361926111514,1.232595164407831e-32,1.1102230246251565e-16,3847.0,3847.0,3847,3847,3847,0.0,0.0,145.0,145.0,145,145,145,0.0,0.0,0.8386319999999999,0.809055,0.794435,0.735546,0.989142,0.007360495946799997,0.08579333276426553
a,simple_diff_weighted_exact_smaller,instance_0008.txt,5,5,0,0,20.41007194244604,20.41007194244604,20.41007194244604,20.41007194244604,20.41007194244604,0.0,0.0,0.8747396306781289,0.8747396306781289,0.8747396306781289,0.8747396306781289,0.8747396306781289,0.0,0.0,2837.0,2837.0,2837,2837,2837,0.0,0.0,139.0,139.0,139,139,139,0.0,0.0,0.5966007999999999,0.60693,0.545141,0.480894,0.735976,0.007174648351759999,0.08470329599112421
a,simple_diff_weighted_exact_smaller,instance_0009.txt,5,5,0,0,2.026666666666667,2.026666666666667,2.026666666666667,2.026666666666667,2.026666666666667,0.0,0.0,0.5411320754716981,0.5411320754716981,0.5411320754716981,0.5411320754716981,0.5411320754716981,0.0,0.0,152.0,152.0,152,152,152,0.0,0.0,75.0,75.0,75,75,75,0.0,0.0,0.0829356,0.073454,0.096133,0.045819,0.142268,0.0011668991338400002,0.034159905354669826
a,simple_diff_weighted_exact_smaller,instance_0010.txt,5,5,0,0,5.7781456953642385,5.7781456953642385,5.7781456953642385,5.7781456953642385,5.7781456953642385,0.0,0.0,0.6623385342005395,0.6623385342005395,0.6623385342005395,0.6623385342005395,0.6623385342005395,0.0,0.0,1745.0,1745.0,1745,1745,1745,0.0,0.0,302.0,302.0,302,302,302,0.0,0.0,0.951528,0.976631,0.888261,0.842176,1.069669,0.006282184061599999,0.07926023001228295
a,simple_diff_weighted_exact_smaller,instance_0011.txt,5,5,0,0,6.829431438127091,6.829431438127091,6.829431438127091,6.829431438127091,6.829431438127091,0.0,0.0,0.5946924962535851,0.5946924962535851,0.5946924962535851,0.5946924962535851,0.5946924962535851,0.0,0.0,2042.0,2042.0,2042,2042,2042,0.0,0.0,299.0,299.0,299,299,299,0.0,0.0,1.0492922,1.063677,0.912472,0.912472,1.222493,0.012788900050160007,0.11308801903897692
a,simple_diff_weighted_exact_smaller,instance_0012.txt,5,5,0,0,2.0952380952380953,2.0952380952380953,2.0952380952380953,2.0952380952380953,2.0952380952380953,0.0,0.0,0.8137566137566138,0.8137566137566138,0.8137566137566138,0.8137566137566138,0.8137566137566138,0.0,0.0,176.0,176.0,176,176,176,0.0,0.0,84.0,84.0,84,84,84,0.0,0.0,0.0815752,0.081599,0.081599,0.071875,0.091914,6.564290815999998e-05,0.008102031113245615
a,simple_diff_weighted_exact_smaller,instance_0013.txt,5,5,0,0,12.453804347826088,12.453804347826088,12.453804347826088,12.453804347826088,12.453804347826088,0.0,0.0,0.8939059917944043,0.8939059917944042,0.8939059917944042,0.8939059917944042,0.8939059917944042,1.232595164407831e-32,1.1102230246251565e-16,4583.0,4583.0,4583,4583,4583,0.0,0.0,368.0,368.0,368,368,368,0.0,0.0,2.8728203999999997,2.637959,2.424702,2.424702,3.507107,0.17069493916784,0.413152440592864
a,simple_diff_weighted_exact_smaller,instance_0014.txt,5,5,0,0,20.52785145888594,20.52785145888594,20.52785145888594,20.52785145888594,20.52785145888594,0.0,0.0,0.8869838007769042,0.8869838007769042,0.8869838007769042,0.8869838007769042,0.8869838007769042,0.0,0.0,7739.0,7739.0,7739,7739,7739,0.0,0.0,377.0,377.0,377,377,377,0.0,0.0,5.0925008,5.073794,4.936879,4.936879,5.30304,0.015790361215759996,0.12565970402543528
a,simple_diff_weighted_exact_smaller,instance_0015.txt,5,5,0,0,10.725947521865889,10.725947521865889,10.725947521865889,10.725947521865889,10.725947521865889,0.0,0.0,0.9281744585589337,0.9281744585589338,0.9281744585589338,0.9281744585589338,0.9281744585589338,1.232595164407831e-32,1.1102230246251565e-16,3679.0,3679.0,3679,3679,3679,0.0,0.0,343.0,343.0,343,343,343,0.0,0.0,2.2432222,2.238339,2.238339,1.915017,2.52129,0.04603524417976002,0.214558253581073
a,simple_diff_weighted_exact_smaller,instance_0016.txt,5,5,0,0,9.661971830985916,9.661971830985916,9.661971830985916,9.661971830985916,9.661971830985916,0.0,0.0,0.8863297431648716,0.8863297431648716,0.8863297431648716,0.8863297431648716,0.8863297431648716,0.0,0.0,686.0,686.0,686,686,686,0.0,0.0,71.0,71.0,71,71,71,0.0,0.0,0.1227778,0.113308,0.180595,0.09861,0.180595,0.0008656468281600003,0.029421876693372234
a,simple_diff_weighted_exact_smaller,instance_0017.txt,5,5,0,0,3.804347826086956,3.8043478260869565,3.8043478260869565,3.8043478260869565,3.8043478260869565,1.9721522630525295e-31,4.440892098500626e-16,0.8957712924359738,0.8957712924359739,0.8957712924359739,0.8957712924359739,0.8957712924359739,1.232595164407831e-32,1.1102230246251565e-16,175.0,175.0,175,175,175,0.0,0.0,46.0,46.0,46,46,46,0.0,0.0,0.0324658,0.030047,0.039205,0.027077,0.039205,2.5917152959999995e-05,0.005090889211130016
a,simple_diff_weighted_exact_smaller,instance_0018.txt,5,5,0,0,15.253164556962025,15.253164556962025,15.253164556962025,15.253164556962025,15.253164556962025,0.0,0.0,0.8698535447358189,0.869853544735819,0.869853544735819,0.869853544735819,0.869853544735819,1.232595164407831e-32,1.1102230246251565e-16,1205.0,1205.0,1205,1205,1205,0.0,0.0,79.0,79.0,79,79,79,0.0,0.0,0.1714624,0.171398,0.152655,0.152655,0.201036,0.00028082366503999977,0.016757794157943335
a,simple_diff_weighted_exact_smaller,instance_0019.txt,5,5,0,0,9.514285714285714,9.514285714285714,9.514285714285714,9.514285714285714,9.514285714285714,0.0,0.0,0.952899575671853,0.9528995756718529,0.9528995756718529,0.9528995756718529,0.9528995756718529,1.232595164407831e-32,1.1102230246251565e-16,999.0,999.0,999,999,999,0.0,0.0,105.0,105.0,105,105,105,0.0,0.0,0.21412520000000002,0.217604,0.175925,0.174174,0.264372,0.0012377632653600003,0.03518185989057429
a,simple_diff_weighted_exact_smaller,instance_0020.txt,5,5,0,0,5.0,5.0,5.0,5.0,5.0,0.0,0.0,0.0,0.0,0.0,0.0,0.0,0.0,0.0,10.0,10.0,10,10,10,0.0,0.0,2.0,2.0,2,2,2,0.0,0.0,0.005470600000000001,0.005781,0.00382,0.003519,0.008001,2.7224450399999995e-06,0.0016499833453704918
a,simple_diff_weighted_multi_bigger,instance_0001.txt,5,5,0,0,2.357142857142857,2.357142857142857,2.357142857142857,2.357142857142857,2.357142857142857,0.0,0.0,0.8428571428571429,0.8428571428571429,0.8428571428571429,0.8428571428571429,0.8428571428571429,0.0,0.0,66.0,66.0,66,66,66,0.0,0.0,28.0,28.0,28,28,28,0.0,0.0,0.0069814000000000005,0.007873,0.00377,0.00377,0.008511,2.8517850399999995e-06,0.0016887229020771878
a,simple_diff_weighted_multi_bigger,instance_0002.txt,5,5,0,0,1.0,1.0,1.0,1.0,1.0,0.0,0.0,0.5,0.5,0.5,0.5,0.5,0.0,0.0,2.0,2.0,2,2,2,0.0,0.0,2.0,2.0,2,2,2,0.0,0.0,0.0001484,0.000145,0.000142,0.000142,0.00016,4.9840000000000025e-11,7.059745037889118e-06
a,simple_diff_weighted_multi_bigger,instance_0003.txt,5,5,0,0,2.810810810810811,2.810810810810811,2.810810810810811,2.810810810810811,2.810810810810811,0.0,0.0,0.7657657657657658,0.7657657657657658,0.7657657657657658,0.7657657657657658,0.7657657657657658,0.0,0.0,104.0,104.0,104,104,104,0.0,0.0,37.0,37.0,37,37,37,0.0,0.0,0.012443399999999999,0.012452,0.012452,0.009937,0.016701,5.557501040000001e-06,0.002357435267403964
a,simple_diff_weighted_multi_bigger,instance_0004.txt,5,5,0,0,1.6363636363636362,1.6363636363636365,1.6363636363636365,1.6363636363636365,1.6363636363636365,4.930380657631324e-32,2.220446049250313e-16,0.5324675324675324,0.5324675324675324,0.5324675324675324,0.5324675324675324,0.5324675324675324,0.0,0.0,36.0,36.0,36,36,36,0.0,0.0,22.0,22.0,22,22,22,0.0,0.0,0.001675,0.001477,0.001477,0.00144,0.002018,7.047399999999999e-08,0.0002654693955995681
a,simple_diff_weighted_multi_bigger,instance_0005.txt,5,5,0,0,31.15602836879433,31.156028368794328,31.156028368794328,31.156028368794328,31.156028368794328,1.262177448353619e-29,3.552713678800501e-15,0.8248431293391747,0.8248431293391746,0.8248431293391746,0.8248431293391746,0.8248431293391746,1.232595164407831e-32,1.1102230246251565e-16,4393.0,4393.0,4393,4393,4393,0.0,0.0,141.0,141.0,141,141,141,0.0,0.0,0.29252659999999997,0.296842,0.238197,0.238197,0.341099,0.0011133962178399997,0.033367592329084816
a,simple_diff_weighted_multi_bigger,instance_0006.txt,5,5,0,0,26.65753424657534,26.65753424657534,26.65753424657534,26.65753424657534,26.65753424657534,0.0,0.0,0.9614218028269532,0.9614218028269532,0.9614218028269532,0.9614218028269532,0.9614218028269532,0.0,0.0,3892.0,3892.0,3892,3892,3892,0.0,0.0,146.0,146.0,146,146,146,0.0,0.0,0.410917,0.417285,0.375496,0.344966,0.462536,0.0020383024903999998,0.04514756350457907
a,simple_diff_weighted_multi_bigger,instance_0007.txt,5,5,0,0,26.53103448275862,26.53103448275862,26.53103448275862,26.53103448275862,26.53103448275862,0.0,0.0,0.9323619261115141,0.932361926111514,0.932361926111514,0.932361926111514,0.932361926111514,1.232595164407831e-32,1.1102230246251565e-16,3847.0,3847.0,3847,3847,3847,0.0,0.0,145.0,145.0,145,145,145,0.0,0.0,0.3995904,0.420247,0.335401,0.335401,0.442375,0.0017013245190399995,0.04124711528143513
a,simple_diff_weighted_multi_bigger,instance_0008.txt,5,5,0,0,20.41007194244604,20.41007194244604,20.41007194244604,20.41007194244604,20.41007194244604,0.0,0.0,0.8747396306781289,0.8747396306781289,0.8747396306781289,0.8747396306781289,0.8747396306781289,0.0,0.0,2837.0,2837.0,2837,2837,2837,0.0,0.0,139.0,139.0,139,139,139,0.0,0.0,0.3550222,0.362326,0.367811,0.31864,0.399296,0.00085676963856,0.02927062757372995
a,simple_diff_weighted_multi_bigger,instance_0009.txt,5,5,0,0,1.9240506329113924,1.9240506329113924,1.9240506329113924,1.9240506329113924,1.9240506329113924,0.0,0.0,0.5643658944351565,0.5643658944351565,0.5643658944351565,0.5643658944351565,0.5643658944351565,0.0,0.0,152.0,152.0,152,152,152,0.0,0.0,79.0,79.0,79,79,79,0.0,0.0,0.0315786,0.031207,0.031622,0.027943,0.036442,7.5638994400000044e-06,0.00275025443186626
a,simple_diff_weighted_multi_bigger,instance_0010.txt,5,5,0,0,5.759075907590759,5.759075907590759,5.759075907590759,5.759075907590759,5.759075907590759,0.0,0.0,0.6634529284771052,0.6634529284771052,0.6634529284771052,0.6634529284771052,0.6634529284771052,0.0,0.0,1745.0,1745.0,1745,1745,1745,0.0,0.0,303.0,303.0,303,303,303,0.0,0.0,0.6326738,0.662301,0.561074,0.512546,0.725921,0.0067741588261600065,0.08230527823997685
a,simple_diff_weighted_multi_bigger,instance_0011.txt,5,5,0,0,6.806666666666667,6.806666666666667,6.806666666666667,6.806666666666667,6.806666666666667,0.0,0.0,0.5960435212660732,0.5960435212660732,0.5960435212660732,0.5960435212660732,0.5960435212660732,0.0,0.0,2042.0,2042.0,2042,2042,2042,0.0,0.0,300.0,300.0,300,300,300,0.0,0.0,0.5603170000000001,0.567145,0.536335,0.457623,0.62696,0.003687975403599999,0.06072870329259467
a,simple_diff_weighted_multi_bigger,instance_0012.txt,5,5,0,0,2.046511627906977,2.046511627906977,2.046511627906977,2.046511627906977,2.046511627906977,0.0,0.0,0.8180878552971576,0.8180878552971577,0.8180878552971577,0.8180878552971577,0.8180878552971577,1.232595164407831e-32,1.1102230246251565e-16,176.0,176.0,176,176,176,0.0,0.0,86.0,86.0,86,86,86,0.0,0.0,0.049936999999999995,0.049009,0.061432,0.034143,0.063217,0.00012473117079999998,0.011168311009279782
a,simple_diff_weighted_multi_bigger,instance_0013.txt,5,5,0,0,12.453804347826088,12.453804347826088,12.453804347826088,12.453804347826088,12.453804347826088,0.0,0.0,0.8939059917944043,0.8939059917944042,0.8939059917944042,0.8939059917944042,0.8939059917944042,1.232595164407831e-32,1.1102230246251565e-16,4583.0,4583.0,4583,4583,4583,0.0,0.0,368.0,368.0,368,368,368,0.0,0.0,1.4405424,1.472021,1.310493,1.21282,1.702352,0.02849272829624001,0.16879789185958458
a,simple_diff_weighted_multi_bigger,instance_0014.txt,5,5,0,0,20.473544973544975,20.473544973544975,20.473544973544975,20.473544973544975,20.473544973544975,0.0,0.0,0.8872827854309338,0.8872827854309336,0.8872827854309336,0.8872827854309336,0.8872827854309336,1.232595164407831e-32,1.1102230246251565e-16,7739.0,7739.0,7739,7739,7739,0.0,0.0,378.0,378.0,378,378,378,0.0,0.0,1.9474276,2.044352,2.044352,1.644902,2.196216,0.06033341702343997,0.24562861605163183
a,simple_diff_weighted_multi_bigger,instance_0015.txt,5,5,0,0,10.663768115942029,10.663768115942029,10.663768115942029,10.663768115942029,10.663768115942029,0.0,0.0,0.9285908385093167,0.9285908385093168,0.9285908385093168,0.9285908385093168,0.9285908385093168,1.232595164407831e-32,1.1102230246251565e-16,3679.0,3679.0,3679,3679,3679,0.0,0.0,345.0,345.0,345,345,345,0.0,0.0,1.6370777999999997,1.658672,1.658672,1.339687,1.872081,0.02899781778296,0.17028745632887937
a,simple_diff_weighted_multi_bigger,instance_0016.txt,5,5,0,0,9.661971830985916,9.661971830985916,9.661971830985916,9.661971830985916,9.661971830985916,0.0,0.0,0.8863297431648716,0.8863297431648716,0.8863297431648716,0.8863297431648716,0.8863297431648716,0.0,0.0,686.0,686.0,686,686,686,0.0,0.0,71.0,71.0,71,71,71,0.0,0.0,0.048931,0.044069,0.044069,0.041082,0.06686,8.764494920000003e-05,0.009361888121527624
a,simple_diff_weighted_multi_bigger,instance_0017.txt,5,5,0,0,3.804347826086956,3.8043478260869565,3.8043478260869565,3.8043478260869565,3.8043478260869565,1.9721522630525295e-31,4.440892098500626e-16,0.8957712924359738,0.8957712924359739,0.8957712924359739,0.8957712924359739,0.8957712924359739,1.232595164407831e-32,1.1102230246251565e-16,175.0,175.0,175,175,175,0.0,0.0,46.0,46.0,46,46,46,0.0,0.0,0.024593,0.025539,0.025651,0.018603,0.028684,1.09283372e-05,0.003305803563432044
a,simple_diff_weighted_multi_bigger,instance_0018.txt,5,5,0,0,15.253164556962025,15.253164556962025,15.253164556962025,15.253164556962025,15.253164556962025,0.0,0.0,0.8698535447358189,0.869853544735819,0.869853544735819,0.869853544735819,0.869853544735819,1.232595164407831e-32,1.1102230246251565e-16,1205.0,1205.0,1205,1205,1205,0.0,0.0,79.0,79.0,79,79,79,0.0,0.0,0.11027939999999999,0.112002,0.10468,0.088089,0.132676,0.0002083630958399999,0.01443478769639512
a,simple_diff_weighted_multi_bigger,instance_0019.txt,5,5,0,0,9.336448598130842,9.336448598130842,9.336448598130842,9.336448598130842,9.336448598130842,0.0,0.0,0.9537799574349959,0.9537799574349959,0.9537799574349959,0.9537799574349959,0.9537799574349959,0.0,0.0,999.0,999.0,999,999,999,0.0,0.0,107.0,107.0,107,107,107,0.0,0.0,0.20302539999999997,0.178495,0.256091,0.165871,0.256091,0.0016138284426400005,0.040172483650379405
a,simple_diff_weighted_multi_bigger,instance_0020.txt,5,5,0,0,5.0,5.0,5.0,5.0,5.0,0.0,0.0,0.0,0.0,0.0,0.0,0.0,0.0,0.0,10.0,10.0,10,10,10,0.0,0.0,2.0,2.0,2,2,2,0.0,0.0,0.00014620000000000003,0.000144,0.000144,0.000143,0.000157,2.935999999999995e-11,5.418486873657622e-06
a,simple_diff_weighted_multi_most_shared,instance_0001.txt,5,5,0,0,2.357142857142857,2.357142857142857,2.357142857142857,2.357142857142857,2.357142857142857,0.0,0.0,0.8428571428571429,0.8428571428571429,0.8428571428571429,0.8428571428571429,0.8428571428571429,0.0,0.0,66.0,66.0,66,66,66,0.0,0.0,28.0,28.0,28,28,28,0.0,0.0,0.010679,0.011358,0.007347,0.007347,0.014914,8.5686428e-06,0.0029272244191383755
a,simple_diff_weighted_multi_most_shared,instance_0002.txt,5,5,0,0,1.0,1.0,1.0,1.0,1.0,0.0,0.0,0.5,0.5,0.5,0.5,0.5,0.0,0.0,2.0,2.0,2,2,2,0.0,0.0,2.0,2.0,2,2,2,0.0,0.0,0.00019299999999999997,0.000203,0.000137,0.000137,0.00023,9.652000000000001e-10,3.106766808114185e-05
a,simple_diff_weighted_multi_most_shared,instance_0003.txt,5,5,0,0,2.810810810810811,2.810810810810811,2.810810810810811,2.810810810810811,2.810810810810811,0.0,0.0,0.7657657657657658,0.7657657657657658,0.7657657657657658,0.7657657657657658,0.7657657657657658,0.0,0.0,104.0,104.0,104,104,104,0.0,0.0,37.0,37.0,37,37,37,0.0,0.0,0.016110999999999997,0.01592,0.015562,0.014119,0.017714,1.6300392e-06,0.0012767298852928916
a,simple_diff_weighted_multi_most_shared,instance_0004.txt,5,5,0,0,1.6363636363636362,1.6363636363636365,1.6363636363636365,1.6363636363636365,1.6363636363636365,4.930380657631324e-32,2.220446049250313e-16,0.5324675324675324,0.5324675324675324,0.5324675324675324,0.5324675324675324,0.5324675324675324,0.0,0.0,36.0,36.0,36,36,36,0.0,0.0,22.0,22.0,22,22,22,0.0,0.0,0.0033714,0.003033,0.004884,0.002847,0.004884,5.783738400000001e-07,0.0007605089348587564
a,simple_diff_weighted_multi_most_shared,instance_0005.txt,5,5,0,0,31.15602836879433,31.156028368794328,31.156028368794328,31.156028368794328,31.156028368794328,1.262177448353619e-29,3.552713678800501e-15,0.8248431293391747,0.8248431293391746,0.8248431293391746,0.8248431293391746,0.8248431293391746,1.232595164407831e-32,1.1102230246251565e-16,4393.0,4393.0,4393,4393,4393,0.0,0.0,141.0,141.0,141,141,141,0.0,0.0,0.4169478,0.413352,0.413352,0.37471,0.450646,0.0007856601377600001,0.028029629640079087
a,simple_diff_weighted_multi_most_shared,instance_0006.txt,5,5,0,0,26.65753424657534,26.65753424657534,26.65753424657534,26.65753424657534,26.65753424657534,0.0,0.0,0.9614218028269532,0.9614218028269532,0.9614218028269532,0.9614218028269532,0.9614218028269532,0.0,0.0,3892.0,3892.0,3892,3892,3892,0.0,0.0,146.0,146.0,146,146,146,0.0,0.0,0.5460652,0.543381,0.511727,0.481285,0.60125,0.002120274529759997,0.04604643883906764
a,simple_diff_weighted_multi_most_shared,instance_0007.txt,5,5,0,0,26.53103448275862,26.53103448275862,26.53103448275862,26.53103448275862,26.53103448275862,0.0,0.0,0.9323619261115141,0.932361926111514,0.932361926111514,0.932361926111514,0.932361926111514,1.232595164407831e-32,1.1102230246251565e-16,3847.0,3847.0,3847,3847,3847,0.0,0.0,145.0,145.0,145,145,145,0.0,0.0,0.5428488,0.536229,0.588076,0.495437,0.588076,0.0010828907237600007,0.03290730502122592
a,simple_diff_weighted_multi_most_shared,instance_0008.txt,5,5,0,0,20.41007194244604,20.41007194244604,20.41007194244604,20.41007194244604,20.41007194244604,0.0,0.0,0.8747396306781289,0.8747396306781289,0.8747396306781289,0.8747396306781289,0.8747396306781289,0.0,0.0,2837.0,2837.0,2837,2837,2837,0.0,0.0,139.0,139.0,139,139,139,0.0,0.0,0.43790879999999993,0.421873,0.480398,0.34353,0.540278,0.004527133070960001,0.06728397335889134
a,simple_diff_weighted_multi_most_shared,instance_0009.txt,5,5,0,0,1.9240506329113924,1.9240506329113924,1.9240506329113924,1.9240506329113924,1.9240506329113924,0.0,0.0,0.5643658944351565,0.5643658944351565,0.5643658944351565,0.5643658944351565,0.5643658944351565,0.0,0.0,152.0,152.0,152,152,152,0.0,0.0,79.0,79.0,79,79,79,0.0,0.0,0.05647859999999999,0.059102,0.043308,0.043308,0.063652,4.800227744e-05,0.006928367588400604
a,simple_diff_weighted_multi_most_shared,instance_0010.txt,5,5,0,0,5.759075907590759,5.759075907590759,5.759075907590759,5.759075907590759,5.759075907590759,0.0,0.0,0.6634529284771052,0.6634529284771052,0.6634529284771052,0.6634529284771052,0.6634529284771052,0.0,0.0,1745.0,1745.0,1745,1745,1745,0.0,0.0,303.0,303.0,303,303,303,0.0,0.0,0.7937453999999999,0.74926,0.680259,0.680259,0.939919,0.009093259051439997,0.09535858142527077
a,simple_diff_weighted_multi_most_shared,instance_0011.txt,5,5,0,0,6.806666666666667,6.806666666666667,6.806666666666667,6.806666666666667,6.806666666666667,0.0,0.0,0.5960435212660732,0.5960435212660732,0.5960435212660732,0.5960435212660732,0.5960435212660732,0.0,0.0,2042.0,2042.0,2042,2042,2042,0.0,0.0,300.0,300.0,300,300,300,0.0,0.0,0.7530634,0.744481,0.722622,0.722622,0.78512,0.0005102141326400009,0.022587920060067525
a,simple_diff_weighted_multi_most_shared,instance_0012.txt,5,5,0,0,2.046511627906977,2.046511627906977,2.046511627906977,2.046511627906977,2.046511627906977,0.0,0.0,0.8180878552971576,0.8180878552971577,0.8180878552971577,0.8180878552971577,0.8180878552971577,1.232595164407831e-32,1.1102230246251565e-16,176.0,176.0,176,176,176,0.0,0.0,86.0,86.0,86,86,86,0.0,0.0,0.08251159999999999,0.080992,0.0824,0.075509,0.097073,5.970577144000002e-05,0.007726950979526143
a,simple_diff_weighted_multi_most_shared,instance_0013.txt,5,5,0,0,12.453804347826088,12.453804347826088,12.453804347826088,12.453804347826088,12.453804347826088,0.0,0.0,0.8939059917944043,0.8939059917944042,0.8939059917944042,0.8939059917944042,0.8939059917944042,1.232595164407831e-32,1.1102230246251565e-16,4583.0,4583.0,4583,4583,4583,0.0,0.0,368.0,368.0,368,368,368,0.0,0.0,1.452703,1.497146,1.497146,1.16706,1.7001,0.032377080162400006,0.17993632252105188
a,simple_diff_weighted_multi_most_shared,instance_0014.txt,5,5,0,0,20.473544973544975,20.473544973544975,20.473544973544975,20.473544973544975,20.473544973544975,0.0,0.0,0.8872827854309338,0.8872827854309336,0.8872827854309336,0.8872827854309336,0.8872827854309336,1.232595164407831e-32,1.1102230246251565e-16,7739.0,7739.0,7739,7739,7739,0.0,0.0,378.0,378.0,378,378,378,0.0,0.0,2.214497,2.267791,2.267791,1.889756,2.390069,0.0304529691148,0.17450779098596142
a,simple_diff_weighted_multi_most_shared,instance_0015.txt,5,5,0,0,10.663768115942029,10.663768115942029,10.663768115942029,10.663768115942029,10.663768115942029,0.0,0.0,0.9285908385093167,0.9285908385093168,0.9285908385093168,0.9285908385093168,0.9285908385093168,1.232595164407831e-32,1.1102230246251565e-16,3679.0,3679.0,3679,3679,3679,0.0,0.0,345.0,345.0,345,345,345,0.0,0.0,1.684575,1.623493,1.623493,1.592144,1.896063,0.012503032790800003,0.11181696110519192
a,simple_diff_weighted_multi_most_shared,instance_0016.txt,5,5,0,0,9.661971830985916,9.661971830985916,9.661971830985916,9.661971830985916,9.661971830985916,0.0,0.0,0.8863297431648716,0.8863297431648716,0.8863297431648716,0.8863297431648716,0.8863297431648716,0.0,0.0,686.0,686.0,686,686,686,0.0,0.0,71.0,71.0,71,71,71,0.0,0.0,0.046591,0.045117,0.040656,0.03275,0.066281,0.00012381997640000005,0.011127442491426323
a,simple_diff_weighted_multi_most_shared,instance_0017.txt,5,5,0,0,3.804347826086956,3.8043478260869565,3.8043478260869565,3.8043478260869565,3.8043478260869565,1.9721522630525295e-31,4.440892098500626e-16,0.8957712924359738,0.8957712924359739,0.8957712924359739,0.8957712924359739,0.8957712924359739,1.232595164407831e-32,1.1102230246251565e-16,175.0,175.0,175,175,175,0.0,0.0,46.0,46.0,46,46,46,0.0,0.0,0.020825600000000003,0.01956,0.017138,0.016983,0.025593,1.3784364240000002e-05,0.0037127300251970923
a,simple_diff_weighted_multi_most_shared,instance_0018.txt,5,5,0,0,15.253164556962025,15.253164556962025,15.253164556962025,15.253164556962025,15.253164556962025,0.0,0.0,0.8698535447358189,0.869853544735819,0.869853544735819,0.869853544735819,0.869853544735819,1.232595164407831e-32,1.1102230246251565e-16,1205.0,1205.0,1205,1205,1205,0.0,0.0,79.0,79.0,79,79,79,0.0,0.0,0.0855416,0.089554,0.075104,0.060816,0.102401,0.00024497632504,0.015651719555371545
a,simple_diff_weighted_multi_most_shared,instance_0019.txt,5,5,0,0,9.336448598130842,9.336448598130842,9.336448598130842,9.336448598130842,9.336448598130842,0.0,0.0,0.9537799574349959,0.9537799574349959,0.9537799574349959,0.9537799574349959,0.9537799574349959,0.0,0.0,999.0,999.0,999,999,999,0.0,0.0,107.0,107.0,107,107,107,0.0,0.0,0.207591,0.208598,0.218873,0.138184,0.282338,0.0021687049743999995,0.046569356602813396
a,simple_diff_weighted_multi_most_shared,instance_0020.txt,5,5,0,0,5.0,5.0,5.0,5.0,5.0,0.0,0.0,0.0,0.0,0.0,0.0,0.0,0.0,0.0,10.0,10.0,10,10,10,0.0,0.0,2.0,2.0,2,2,2,0.0,0.0,0.00037679999999999994,0.000161,0.000161,0.000134,0.001104,1.3714535999999998e-07,0.00037033141913696705
a,simple_diff_weighted_multi_random,instance_0001.txt,5,5,0,0,2.357142857142857,2.357142857142857,2.357142857142857,2.357142857142857,2.357142857142857,0.0,0.0,0.8428571428571429,0.8428571428571429,0.8428571428571429,0.8428571428571429,0.8428571428571429,0.0,0.0,66.0,66.0,66,66,66,0.0,0.0,28.0,28.0,28,28,28,0.0,0.0,0.008991599999999999,0.009258,0.009922,0.008185,0.009922,4.300858400000004e-07,0.0006558093015503824
a,simple_diff_weighted_multi_random,instance_0002.txt,5,5,0,0,1.0,1.0,1.0,1.0,1.0,0.0,0.0,0.5,0.5,0.5,0.5,0.5,0.0,0.0,2.0,2.0,2,2,2,0.0,0.0,2.0,2.0,2,2,2,0.0,0.0,0.0001916,0.000192,0.000188,0.00017,0.000209,1.6744000000000004e-10,1.2939860895697452e-05
a,simple_diff_weighted_multi_random,instance_0003.txt,5,5,0,0,2.810810810810811,2.810810810810811,2.810810810810811,2.810810810810811,2.810810810810811,0.0,0.0,0.7657657657657658,0.7657657657657658,0.7657657657657658,0.7657657657657658,0.7657657657657658,0.0,0.0,104.0,104.0,104,104,104,0.0,0.0,37.0,37.0,37,37,37,0.0,0.0,0.0157558,0.015416,0.012563,0.012269,0.020576,1.0107603760000001e-05,0.0031792457847734895
a,simple_diff_weighted_multi_random,instance_0004.txt,5,5,0,0,1.6363636363636362,1.6363636363636365,1.6363636363636365,1.6363636363636365,1.6363636363636365,4.930380657631324e-32,2.220446049250313e-16,0.5324675324675324,0.5324675324675324,0.5324675324675324,0.5324675324675324,0.5324675324675324,0.0,0.0,36.0,36.0,36,36,36,0.0,0.0,22.0,22.0,22,22,22,0.0,0.0,0.0026597999999999995,0.002719,0.00235,0.00235,0.002783,2.5243759999999994e-08,0.00015888284992408714
a,simple_diff_weighted_multi_random,instance_0005.txt,5,5,0,0,31.15602836879433,31.156028368794328,31.156028368794328,31.156028368794328,31.156028368794328,1.262177448353619e-29,3.552713678800501e-15,0.8248431293391747,0.8248431293391746,0.8248431293391746,0.8248431293391746,0.8248431293391746,1.232595164407831e-32,1.1102230246251565e-16,4393.0,4393.0,4393,4393,4393,0.0,0.0,141.0,141.0,141,141,141,0.0,0.0,0.4117496,0.400303,0.400303,0.380308,0.471009,0.0009776805754400004,0.03126788408958944
a,simple_diff_weighted_multi_random,instance_0006.txt,5,5,0,0,26.65753424657534,26.65753424657534,26.65753424657534,26.65753424657534,26.65753424657534,0.0,0.0,0.9614218028269532,0.9614218028269532,0.9614218028269532,0.9614218028269532,0.9614218028269532,0.0,0.0,3892.0,3892.0,3892,3892,3892,0.0,0.0,146.0,146.0,146,146,146,0.0,0.0,0.3670404,0.372006,0.442702,0.310694,0.442702,0.0020133688314399986,0.04487057868403302
a,simple_diff_weighted_multi_random,instance_0007.txt,5,5,0,0,26.53103448275862,26.53103448275862,26.53103448275862,26.53103448275862,26.53103448275862,0.0,0.0,0.9323619261115141,0.932361926111514,0.932361926111514,0.932361926111514,0.932361926111514,1.232595164407831e-32,1.1102230246251565e-16,3847.0,3847.0,3847,3847,3847,0.0,0.0,145.0,145.0,145,145,145,0.0,0.0,0.3444416,0.351848,0.244802,0.244802,0.400999,0.0029947448922400003,0.05472426237273555
a,simple_diff_weighted_multi_random,instance_0008.txt,5,5,0,0,20.41007194244604,20.41007194244604,20.41007194244604,20.41007194244604,20.41007194244604,0.0,0.0,0.8747396306781289,0.8747396306781289,0.8747396306781289,0.8747396306781289,0.8747396306781289,0.0,0.0,2837.0,2837.0,2837,2837,2837,0.0,0.0,139.0,139.0,139,139,139,0.0,0.0,0.3193528,0.312043,0.354997,0.248839,0.369945,0.0017852968129600006,0.042252772843447806
a,simple_diff_weighted_multi_random,instance_0009.txt,5,5,0,0,1.9240506329113924,1.9240506329113924,1.9240506329113924,1.9240506329113924,1.9240506329113924,0.0,0.0,0.5643658944351565,0.5643658944351565,0.5643658944351565,0.5643658944351565,0.5643658944351565,0.0,0.0,152.0,152.0,152,152,152,0.0,0.0,79.0,79.0,79,79,79,0.0,0.0,0.029137200000000002,0.030848,0.033654,0.020327,0.033782,2.535495576e-05,0.005035370468992327
a,simple_diff_weighted_multi_random,instance_0010.txt,5,5,0,0,5.759075907590759,5.759075907590759,5.759075907590759,5.759075907590759,5.759075907590759,0.0,0.0,0.6634529284771052,0.6634529284771052,0.6634529284771052,0.6634529284771052,0.6634529284771052,0.0,0.0,1745.0,1745.0,1745,1745,1745,0.0,0.0,303.0,303.0,303,303,303,0.0,0.0,0.5728808,0.562417,0.488079,0.485428,0.703393,0.00694155005776,0.08331596520331502
a,simple_diff_weighted_multi_random,instance_0011.txt,5,5,0,0,6.806666666666667,6.806666666666667,6.806666666666667,6.806666666666667,6.806666666666667,0.0,0.0,0.5960435212660732,0.5960435212660732,0.5960435212660732,0.5960435212660732,0.5960435212660732,0.0,0.0,2042.0,2042.0,2042,2042,2042,0.0,0.0,300.0,300.0,300,300,300,0.0,0.0,0.4796792,0.491439,0.491439,0.381209,0.585214,0.005109658204159999,0.07148187325581219
a,simple_diff_weighted_multi_random,instance_0012.txt,5,5,0,0,2.046511627906977,2.046511627906977,2.046511627906977,2.046511627906977,2.046511627906977,0.0,0.0,0.8180878552971576,0.8180878552971577,0.8180878552971577,0.8180878552971577,0.8180878552971577,1.232595164407831e-32,1.1102230246251565e-16,176.0,176.0,176,176,176,0.0,0.0,86.0,86.0,86,86,86,0.0,0.0,0.045908599999999994,0.047871,0.047871,0.038071,0.051447,2.257055744e-05,0.0047508480758702435
a,simple_diff_weighted_multi_random,instance_0013.txt,5,5,0,0,12.453804347826088,12.453804347826088,12.453804347826088,12.453804347826088,12.453804347826088,0.0,0.0,0.8939059917944043,0.8939059917944042,0.8939059917944042,0.8939059917944042,0.8939059917944042,1.232595164407831e-32,1.1102230246251565e-16,4583.0,4583.0,4583,4583,4583,0.0,0.0,368.0,368.0,368,368,368,0.0,0.0,0.8933237999999999,0.89875,0.89875,0.779745,1.044014,0.00860714883736,0.09277472089615792
a,simple_diff_weighted_multi_random,instance_0014.txt,5,5,0,0,20.473544973544975,20.473544973544975,20.473544973544975,20.473544973544975,20.473544973544975,0.0,0.0,0.8872827854309338,0.8872827854309336,0.8872827854309336,0.8872827854309336,0.8872827854309336,1.232595164407831e-32,1.1102230246251565e-16,7739.0,7739.0,7739,7739,7739,0.0,0.0,378.0,378.0,378,378,378,0.0,0.0,1.6661183999999998,1.649015,1.567805,1.567805,1.811631,0.006446562051840006,0.08029048543781514
a,simple_diff_weighted_multi_random,instance_0015.txt,5,5,0,0,10.663768115942029,10.663768115942029,10.663768115942029,10.663768115942029,10.663768115942029,0.0,0.0,0.9285908385093167,0.9285908385093168,0.9285908385093168,0.9285908385093168,0.9285908385093168,1.232595164407831e-32,1.1102230246251565e-16,3679.0,3679.0,3679,3679,3679,0.0,0.0,345.0,345.0,345,345,345,0.0,0.0,0.9580066,0.901583,0.830518,0.830518,1.167869,0.014821916957040002,0.12174529542056235
a,simple_diff_weighted_multi_random,instance_0016.txt,5,5,0,0,9.661971830985916,9.661971830985916,9.661971830985916,9.661971830985916,9.661971830985916,0.0,0.0,0.8863297431648716,0.8863297431648716,0.8863297431648716,0.8863297431648716,0.8863297431648716,0.0,0.0,686.0,686.0,686,686,686,0.0,0.0,71.0,71.0,71,71,71,0.0,0.0,0.0327708,0.032377,0.038008,0.022009,0.040002,3.9482675760000006e-05,0.006283524151302357
a,simple_diff_weighted_multi_random,instance_0017.txt,5,5,0,0,3.804347826086956,3.8043478260869565,3.8043478260869565,3.8043478260869565,3.8043478260869565,1.9721522630525295e-31,4.440892098500626e-16,0.8957712924359738,0.8957712924359739,0.8957712924359739,0.8957712924359739,0.8957712924359739,1.232595164407831e-32,1.1102230246251565e-16,175.0,175.0,175,175,175,0.0,0.0,46.0,46.0,46,46,46,0.0,0.0,0.014890599999999999,0.016373,0.018886,0.009311,0.018886,1.2033926640000002e-05,0.0034689950475606047
a,simple_diff_weighted_multi_random,instance_0018.txt,5,5,0,0,15.253164556962025,15.253164556962025,15.253164556962025,15.253164556962025,15.253164556962025,0.0,0.0,0.8698535447358189,0.869853544735819,0.869853544735819,0.869853544735819,0.869853544735819,1.232595164407831e-32,1.1102230246251565e-16,1205.0,1205.0,1205,1205,1205,0.0,0.0,79.0,79.0,79,79,79,0.0,0.0,0.06412219999999999,0.056982,0.057988,0.052519,0.096497,0.00026551615975999997,0.016294666604751384
a,simple_diff_weighted_multi_random,instance_0019.txt,5,5,0,0,9.336448598130842,9.336448598130842,9.336448598130842,9.336448598130842,9.336448598130842,0.0,0.0,0.9537799574349959,0.9537799574349959,0.9537799574349959,0.9537799574349959,0.9537799574349959,0.0,0.0,999.0,999.0,999,999,999,0.0,0.0,107.0,107.0,107,107,107,0.0,0.0,0.1171672,0.116091,0.115739,0.108679,0.127622,3.6967914560000065e-05,0.0060801245513558404
a,simple_diff_weighted_multi_random,instance_0020.txt,5,5,0,0,5.0,5.0,5.0,5.0,5.0,0.0,0.0,0.0,0.0,0.0,0.0,0.0,0.0,0.0,10.0,10.0,10,10,10,0.0,0.0,2.0,2.0,2,2,2,0.0,0.0,0.00011060000000000002,0.000106,0.000106,0.000103,0.000133,1.2664000000000007e-10,1.1253443917308161e-05
a,simple_diff_weighted_multi_smaller,instance_0001.txt,5,5,0,0,2.357142857142857,2.357142857142857,2.357142857142857,2.357142857142857,2.357142857142857,0.0,0.0,0.8428571428571429,0.8428571428571429,0.8428571428571429,0.8428571428571429,0.8428571428571429,0.0,0.0,66.0,66.0,66,66,66,0.0,0.0,28.0,28.0,28,28,28,0.0,0.0,0.0051428,0.005111,0.004207,0.004207,0.006358,5.034449600000002e-07,0.0007095385542731277
a,simple_diff_weighted_multi_smaller,instance_0002.txt,5,5,0,0,1.0,1.0,1.0,1.0,1.0,0.0,0.0,0.5,0.5,0.5,0.5,0.5,0.0,0.0,2.0,2.0,2,2,2,0.0,0.0,2.0,2.0,2,2,2,0.0,0.0,0.0001384,0.000133,0.000145,0.000124,0.00016,1.6344000000000008e-10,1.2784365451597513e-05
a,simple_diff_weighted_multi_smaller,instance_0003.txt,5,5,0,0,2.810810810810811,2.810810810810811,2.810810810810811,2.810810810810811,2.810810810810811,0.0,0.0,0.7657657657657658,0.7657657657657658,0.7657657657657658,0.7657657657657658,0.7657657657657658,0.0,0.0,104.0,104.0,104,104,104,0.0,0.0,37.0,37.0,37,37,37,0.0,0.0,0.010739000000000002,0.010604,0.010604,0.008369,0.01361,4.4454388e-06,0.0021084209257166845
a,simple_diff_weighted_multi_smaller,instance_0004.txt,5,5,0,0,1.6363636363636362,1.6363636363636365,1.6363636363636365,1.6363636363636365,1.6363636363636365,4.930380657631324e-32,2.220446049250313e-16,0.5324675324675324,0.5324675324675324,0.5324675324675324,0.5324675324675324,0.5324675324675324,0.0,0.0,36.0,36.0,36,36,36,0.0,0.0,22.0,22.0,22,22,22,0.0,0.0,0.0020938,0.001849,0.002542,0.001748,0.002542,1.2879975999999997e-07,0.00035888683453144383
a,simple_diff_weighted_multi_smaller,instance_0005.txt,5,5,0,0,31.15602836879433,31.156028368794328,31.156028368794328,31.156028368794328,31.156028368794328,1.262177448353619e-29,3.552713678800501e-15,0.8248431293391747,0.8248431293391746,0.8248431293391746,0.8248431293391746,0.8248431293391746,1.232595164407831e-32,1.1102230246251565e-16,4393.0,4393.0,4393,4393,4393,0.0,0.0,141.0,141.0,141,141,141,0.0,0.0,0.312501,0.323371,0.331892,0.263279,0.360974,0.001227512587600001,0.035035875721894
a,simple_diff_weighted_multi_smaller,instance_0006.txt,5,5,0,0,26.65753424657534,26.65753424657534,26.65753424657534,26.65753424657534,26.65753424657534,0.0,0.0,0.9614218028269532,0.9614218028269532,0.9614218028269532,0.9614218028269532,0.9614218028269532,0.0,0.0,3892.0,3892.0,3892,3892,3892,0.0,0.0,146.0,146.0,146,146,146,0.0,0.0,0.404459,0.401604,0.413117,0.351361,0.45768,0.0011540203819999997,0.033970875496519067
a,simple_diff_weighted_multi_smaller,instance_0007.txt,5,5,0,0,26.53103448275862,26.53103448275862,26.53103448275862,26.53103448275862,26.53103448275862,0.0,0.0,0.9323619261115141,0.932361926111514,0.932361926111514,0.932361926111514,0.932361926111514,1.232595164407831e-32,1.1102230246251565e-16,3847.0,3847.0,3847,3847,3847,0.0,0.0,145.0,145.0,145,145,145,0.0,0.0,0.37003239999999993,0.380028,0.363476,0.333371,0.387649,0.0004081671994400003,0.02020314825565561
a,simple_diff_weighted_multi_smaller,instance_0008.txt,5,5,0,0,20.41007194244604,20.41007194244604,20.41007194244604,20.41007194244604,20.41007194244604,0.0,0.0,0.8747396306781289,0.8747396306781289,0.8747396306781289,0.8747396306781289,0.8747396306781289,0.0,0.0,2837.0,2837.0,2837,2837,2837,0.0,0.0,139.0,139.0,139,139,139,0.0,0.0,0.2563418,0.239612,0.201445,0.201445,0.314498,0.0016900309489600001,0.04110998600048412
a,simple_diff_weighted_multi_smaller,instance_0009.txt,5,5,0,0,1.9240506329113924,1.9240506329113924,1.9240506329113924,1.9240506329113924,1.9240506329113924,0.0,0.0,0.5643658944351565,0.5643658944351565,0.5643658944351565,0.5643658944351565,0.5643658944351565,0.0,0.0,152.0,152.0,152,152,152,0.0,0.0,79.0,79.0,79,79,79,0.0,0.0,0.0345754,0.036858,0.036858,0.027323,0.038416,1.6603327039999997e-05,0.004074718031962457
a,simple_diff_weighted_multi_smaller,instance_0010.txt,5,5,0,0,5.759075907590759,5.759075907590759,5.759075907590759,5.759075907590759,5.759075907590759,0.0,0.0,0.6634529284771052,0.6634529284771052,0.6634529284771052,0.6634529284771052,0.6634529284771052,0.0,0.0,1745.0,1745.0,1745,1745,1745,0.0,0.0,303.0,303.0,303,303,303,0.0,0.0,0.5035839999999999,0.463749,0.450602,0.450602,0.591973,0.0031568195708,0.05618558152052891
a,simple_diff_weighted_multi_smaller,instance_0011.txt,5,5,0,0,6.806666666666667,6.806666666666667,6.806666666666667,6.806666666666667,6.806666666666667,0.0,0.0,0.5960435212660732,0.5960435212660732,0.5960435212660732,0.5960435212660732,0.5960435212660732,0.0,0.0,2042.0,2042.0,2042,2042,2042,0.0,0.0,300.0,300.0,300,300,300,0.0,0.0,0.4483486,0.430772,0.413426,0.391689,0.531938,0.0024759634278400003,0.049759053727336904
a,simple_diff_weighted_multi_smaller,instance_0012.txt,5,5,0,0,2.046511627906977,2.046511627906977,2.046511627906977,2.046511627906977,2.046511627906977,0.0,0.0,0.8180878552971576,0.8180878552971577,0.8180878552971577,0.8180878552971577,0.8180878552971577,1.232595164407831e-32,1.1102230246251565e-16,176.0,176.0,176,176,176,0.0,0.0,86.0,86.0,86,86,86,0.0,0.0,0.047614000000000004,0.047688,0.047688,0.034419,0.060194,7.66457524e-05,0.008754755987461902
a,simple_diff_weighted_multi_smaller,instance_0013.txt,5,5,0,0,12.453804347826088,12.453804347826088,12.453804347826088,12.453804347826088,12.453804347826088,0.0,0.0,0.8939059917944043,0.8939059917944042,0.8939059917944042,0.8939059917944042,0.8939059917944042,1.232595164407831e-32,1.1102230246251565e-16,4583.0,4583.0,4583,4583,4583,0.0,0.0,368.0,368.0,368,368,368,0.0,0.0,0.9507496,0.93969,1.054913,0.884227,1.054913,0.0032969845974399996,0.057419374756609805
a,simple_diff_weighted_multi_smaller,instance_0014.txt,5,5,0,0,20.473544973544975,20.473544973544975,20.473544973544975,20.473544973544975,20.473544973544975,0.0,0.0,0.8872827854309338,0.8872827854309336,0.8872827854309336,0.8872827854309336,0.8872827854309336,1.232595164407831e-32,1.1102230246251565e-16,7739.0,7739.0,7739,7739,7739,0.0,0.0,378.0,378.0,378,378,378,0.0,0.0,1.5420192,1.540223,1.440206,1.440206,1.607836,0.0036371753477599965,0.06030899889535555
a,simple_diff_weighted_multi_smaller,instance_0015.txt,5,5,0,0,10.663768115942029,10.663768115942029,10.663768115942029,10.663768115942029,10.663768115942029,0.0,0.0,0.9285908385093167,0.9285908385093168,0.9285908385093168,0.9285908385093168,0.9285908385093168,1.232595164407831e-32,1.1102230246251565e-16,3679.0,3679.0,3679,3679,3679,0.0,0.0,345.0,345.0,345,345,345,0.0,0.0,1.0635944,1.086825,0.97928,0.8799,1.19908,0.014338686327439992,0.11974425383892119
a,simple_diff_weighted_multi_smaller,instance_0016.txt,5,5,0,0,9.661971830985916,9.661971830985916,9.661971830985916,9.661971830985916,9.661971830985916,0.0,0.0,0.8863297431648716,0.8863297431648716,0.8863297431648716,0.8863297431648716,0.8863297431648716,0.0,0.0,686.0,686.0,686,686,686,0.0,0.0,71.0,71.0,71,71,71,0.0,0.0,0.0307082,0.029904,0.030203,0.0286,0.036208,7.985965759999996e-06,0.002825945109162596
a,simple_diff_weighted_multi_smaller,instance_0017.txt,5,5,0,0,3.804347826086956,3.8043478260869565,3.8043478260869565,3.8043478260869565,3.8043478260869565,1.9721522630525295e-31,4.440892098500626e-16,0.8957712924359738,0.8957712924359739,0.8957712924359739,0.8957712924359739,0.8957712924359739,1.232595164407831e-32,1.1102230246251565e-16,175.0,175.0,175,175,175,0.0,0.0,46.0,46.0,46,46,46,0.0,0.0,0.012906,0.013305,0.014433,0.00783,0.016124,7.723370799999999e-06,0.0027790953204235363
a,simple_diff_weighted_multi_smaller,instance_0018.txt,5,5,0,0,15.253164556962025,15.253164556962025,15.253164556962025,15.253164556962025,15.253164556962025,0.0,0.0,0.8698535447358189,0.869853544735819,0.869853544735819,0.869853544735819,0.869853544735819,1.232595164407831e-32,1.1102230246251565e-16,1205.0,1205.0,1205,1205,1205,0.0,0.0,79.0,79.0,79,79,79,0.0,0.0,0.05741099999999999,0.058155,0.05196,0.05196,0.061465,1.18046356e-05,0.00343578747887584
a,simple_diff_weighted_multi_smaller,instance_0019.txt,5,5,0,0,9.336448598130842,9.336448598130842,9.336448598130842,9.336448598130842,9.336448598130842,0.0,0.0,0.9537799574349959,0.9537799574349959,0.9537799574349959,0.9537799574349959,0.9537799574349959,0.0,0.0,999.0,999.0,999,999,999,0.0,0.0,107.0,107.0,107,107,107,0.0,0.0,0.1285176,0.123866,0.121559,0.121559,0.139328,5.883202983999997e-05,0.007670204028577074
a,simple_diff_weighted_multi_smaller,instance_0020.txt,5,5,0,0,5.0,5.0,5.0,5.0,5.0,0.0,0.0,0.0,0.0,0.0,0.0,0.0,0.0,0.0,10.0,10.0,10,10,10,0.0,0.0,2.0,2.0,2,2,2,0.0,0.0,0.00011640000000000001,0.000114,0.00012,0.000108,0.000131,7.144000000000005e-11,8.452218643646179e-06
a,simple_diff_weighted_simple_bigger,instance_0001.txt,5,5,0,0,2.2758620689655173,2.2758620689655173,2.2758620689655173,2.2758620689655173,2.2758620689655173,0.0,0.0,0.8482758620689654,0.8482758620689654,0.8482758620689654,0.8482758620689654,0.8482758620689654,0.0,0.0,66.0,66.0,66,66,66,0.0,0.0,29.0,29.0,29,29,29,0.0,0.0,0.007683199999999999,0.006898,0.007008,0.004724,0.014777,1.3460528560000001e-05,0.0036688592995643755
a,simple_diff_weighted_simple_bigger,instance_0002.txt,5,5,0,0,1.0,1.0,1.0,1.0,1.0,0.0,0.0,0.5,0.5,0.5,0.5,0.5,0.0,0.0,2.0,2.0,2,2,2,0.0,0.0,2.0,2.0,2,2,2,0.0,0.0,0.00020140000000000002,0.000204,0.000192,0.000192,0.000213,6.783999999999994e-11,8.236504112789597e-06
a,simple_diff_weighted_simple_bigger,instance_0003.txt,5,5,0,0,2.6666666666666665,2.6666666666666665,2.6666666666666665,2.6666666666666665,2.6666666666666665,0.0,0.0,0.7777777777777778,0.7777777777777778,0.7777777777777778,0.7777777777777778,0.7777777777777778,0.0,0.0,104.0,104.0,104,104,104,0.0,0.0,39.0,39.0,39,39,39,0.0,0.0,0.015771200000000003,0.01625,0.020191,0.011185,0.020191,1.294952136e-05,0.0035985443390348826
a,simple_diff_weighted_simple_bigger,instance_0004.txt,5,5,0,0,1.6363636363636362,1.6363636363636365,1.6363636363636365,1.6363636363636365,1.6363636363636365,4.930380657631324e-32,2.220446049250313e-16,0.5324675324675324,0.5324675324675324,0.5324675324675324,0.5324675324675324,0.5324675324675324,0.0,0.0,36.0,36.0,36,36,36,0.0,0.0,22.0,22.0,22,22,22,0.0,0.0,0.0032796000000000006,0.002559,0.006316,0.001972,0.006316,2.5664410400000003e-06,0.0016020115605076015
a,simple_diff_weighted_simple_bigger,instance_0005.txt,5,5,0,0,31.15602836879433,31.156028368794328,31.156028368794328,31.156028368794328,31.156028368794328,1.262177448353619e-29,3.552713678800501e-15,0.8248431293391747,0.8248431293391746,0.8248431293391746,0.8248431293391746,0.8248431293391746,1.232595164407831e-32,1.1102230246251565e-16,4393.0,4393.0,4393,4393,4393,0.0,0.0,141.0,141.0,141,141,141,0.0,0.0,0.5108691999999999,0.487137,0.474407,0.474407,0.594099,0.0019896600769600007,0.04460560589163654
a,simple_diff_weighted_simple_bigger,instance_0006.txt,5,5,0,0,26.120805369127517,26.120805369127517,26.120805369127517,26.120805369127517,26.120805369127517,0.0,0.0,0.9621985450519139,0.9621985450519138,0.9621985450519138,0.9621985450519138,0.9621985450519138,1.232595164407831e-32,1.1102230246251565e-16,3892.0,3892.0,3892,3892,3892,0.0,0.0,149.0,149.0,149,149,149,0.0,0.0,0.521768,0.530275,0.518884,0.427992,0.587812,0.0027450484996000015,0.052393210434177453
a,simple_diff_weighted_simple_bigger,instance_0007.txt,5,5,0,0,25.81879194630873,25.818791946308725,25.818791946308725,25.818791946308725,25.818791946308725,1.262177448353619e-29,3.552713678800501e-15,0.9341777133299967,0.9341777133299968,0.9341777133299968,0.9341777133299968,0.9341777133299968,1.232595164407831e-32,1.1102230246251565e-16,3847.0,3847.0,3847,3847,3847,0.0,0.0,149.0,149.0,149,149,149,0.0,0.0,0.5298466,0.508615,0.620652,0.489224,0.620652,0.0022149783682399995,0.047063556689226106
a,simple_diff_weighted_simple_bigger,instance_0008.txt,5,5,0,0,20.120567375886523,20.120567375886523,20.120567375886523,20.120567375886523,20.120567375886523,0.0,0.0,0.8765163735053895,0.8765163735053895,0.8765163735053895,0.8765163735053895,0.8765163735053895,0.0,0.0,2837.0,2837.0,2837,2837,2837,0.0,0.0,141.0,141.0,141,141,141,0.0,0.0,0.35275639999999997,0.340768,0.280924,0.280924,0.404839,0.0021101888858399997,0.04593679228940566
a,simple_diff_weighted_simple_bigger,instance_0009.txt,5,5,0,0,1.7078651685393258,1.7078651685393258,1.7078651685393258,1.7078651685393258,1.7078651685393258,0.0,0.0,0.6133135467458131,0.6133135467458131,0.6133135467458131,0.6133135467458131,0.6133135467458131,0.0,0.0,152.0,152.0,152,152,152,0.0,0.0,89.0,89.0,89,89,89,0.0,0.0,0.0353064,0.031716,0.026389,0.026389,0.053615,9.891611344000004e-05,0.009945658019457538
a,simple_diff_weighted_simple_bigger,instance_0010.txt,5,5,0,0,5.470219435736677,5.470219435736677,5.470219435736677,5.470219435736677,5.470219435736677,0.0,0.0,0.6803330323779402,0.6803330323779402,0.6803330323779402,0.6803330323779402,0.6803330323779402,0.0,0.0,1745.0,1745.0,1745,1745,1745,0.0,0.0,319.0,319.0,319,319,319,0.0,0.0,0.5487122,0.553287,0.521067,0.467346,0.636224,0.003070081674960001,0.0554083177416532
a,simple_diff_weighted_simple_bigger,instance_0011.txt,5,5,0,0,6.401253918495298,6.401253918495298,6.401253918495298,6.401253918495298,6.401253918495298,0.0,0.0,0.6201036250151158,0.6201036250151158,0.6201036250151158,0.6201036250151158,0.6201036250151158,0.0,0.0,2042.0,2042.0,2042,2042,2042,0.0,0.0,319.0,319.0,319,319,319,0.0,0.0,0.6576886000000001,0.684724,0.693587,0.518451,0.747399,0.00592688200424,0.07698624555230629
a,simple_diff_weighted_simple_bigger,instance_0012.txt,5,5,0,0,1.777777777777778,1.7777777777777777,1.7777777777777777,1.7777777777777777,1.7777777777777777,4.930380657631324e-32,2.220446049250313e-16,0.8419753086419753,0.8419753086419752,0.8419753086419752,0.8419753086419752,0.8419753086419752,1.232595164407831e-32,1.1102230246251565e-16,176.0,176.0,176,176,176,0.0,0.0,99.0,99.0,99,99,99,0.0,0.0,0.0521406,0.050067,0.058645,0.043356,0.063317,5.9047204240000006e-05,0.007684217867811922
a,simple_diff_weighted_simple_bigger,instance_0013.txt,5,5,0,0,12.386486486486486,12.386486486486486,12.386486486486486,12.386486486486486,12.386486486486486,0.0,0.0,0.89447947291984,0.8944794729198399,0.8944794729198399,0.8944794729198399,0.8944794729198399,1.232595164407831e-32,1.1102230246251565e-16,4583.0,4583.0,4583,4583,4583,0.0,0.0,370.0,370.0,370,370,370,0.0,0.0,1.3979404,1.478241,1.241026,1.163845,1.571915,0.026966896774239996,0.1642160064495541
a,simple_diff_weighted_simple_bigger,instance_0014.txt,5,5,0,0,20.153645833333332,20.153645833333332,20.153645833333332,20.153645833333332,20.153645833333332,0.0,0.0,0.8890439919085752,0.8890439919085752,0.8890439919085752,0.8890439919085752,0.8890439919085752,0.0,0.0,7739.0,7739.0,7739,7739,7739,0.0,0.0,384.0,384.0,384,384,384,0.0,0.0,2.7543122,2.785888,2.263846,2.263846,3.145974,0.07946171060335996,0.28188953617216794
a,simple_diff_weighted_simple_bigger,instance_0015.txt,5,5,0,0,10.305322128851541,10.305322128851541,10.305322128851541,10.305322128851541,10.305322128851541,0.0,0.0,0.9309911464585834,0.9309911464585834,0.9309911464585834,0.9309911464585834,0.9309911464585834,0.0,0.0,3679.0,3679.0,3679,3679,3679,0.0,0.0,357.0,357.0,357,357,357,0.0,0.0,1.2551064,1.264193,1.206756,1.206756,1.29306,0.0010192916114400027,0.03192634666603748
a,simple_diff_weighted_simple_bigger,instance_0016.txt,5,5,0,0,9.527777777777779,9.527777777777779,9.527777777777779,9.527777777777779,9.527777777777779,0.0,0.0,0.8879084967320262,0.8879084967320262,0.8879084967320262,0.8879084967320262,0.8879084967320262,0.0,0.0,686.0,686.0,686,686,686,0.0,0.0,72.0,72.0,72,72,72,0.0,0.0,0.051898200000000005,0.05348,0.054334,0.043305,0.056116,2.0039231359999988e-05,0.004476520005540017
a,simple_diff_weighted_simple_bigger,instance_0017.txt,5,5,0,0,3.804347826086956,3.8043478260869565,3.8043478260869565,3.8043478260869565,3.8043478260869565,1.9721522630525295e-31,4.440892098500626e-16,0.8957712924359738,0.8957712924359739,0.8957712924359739,0.8957712924359739,0.8957712924359739,1.232595164407831e-32,1.1102230246251565e-16,175.0,175.0,175,175,175,0.0,0.0,46.0,46.0,46,46,46,0.0,0.0,0.017394200000000002,0.015515,0.020462,0.014752,0.02091,7.307505760000003e-06,0.002703239863571119
a,simple_diff_weighted_simple_bigger,instance_0018.txt,5,5,0,0,15.253164556962025,15.253164556962025,15.253164556962025,15.253164556962025,15.253164556962025,0.0,0.0,0.8698535447358189,0.869853544735819,0.869853544735819,0.869853544735819,0.869853544735819,1.232595164407831e-32,1.1102230246251565e-16,1205.0,1205.0,1205,1205,1205,0.0,0.0,79.0,79.0,79,79,79,0.0,0.0,0.10234320000000001,0.098502,0.096862,0.092073,0.114072,6.993589576000002e-05,0.008362768426783084
a,simple_diff_weighted_simple_bigger,instance_0019.txt,5,5,0,0,9.0,9.0,9.0,9.0,9.0,0.0,0.0,0.9554455445544555,0.9554455445544554,0.9554455445544554,0.9554455445544554,0.9554455445544554,1.232595164407831e-32,1.1102230246251565e-16,999.0,999.0,999,999,999,0.0,0.0,111.0,111.0,111,111,111,0.0,0.0,0.1383966,0.120729,0.120729,0.102623,0.193082,0.00136225530984,0.036908742999999335
a,simple_diff_weighted_simple_bigger,instance_0020.txt,5,5,0,0,3.3333333333333335,3.3333333333333335,3.3333333333333335,3.3333333333333335,3.3333333333333335,0.0,0.0,0.3333333333333333,0.3333333333333333,0.3333333333333333,0.3333333333333333,0.3333333333333333,0.0,0.0,10.0,10.0,10,10,10,0.0,0.0,3.0,3.0,3,3,3,0.0,0.0,0.0001552,0.000151,0.000161,0.000144,0.00017,8.45600000000001e-11,9.195651146058125e-06
a,simple_diff_weighted_simple_most_shared,instance_0001.txt,5,5,0,0,2.2758620689655173,2.2758620689655173,2.2758620689655173,2.2758620689655173,2.2758620689655173,0.0,0.0,0.8482758620689654,0.8482758620689654,0.8482758620689654,0.8482758620689654,0.8482758620689654,0.0,0.0,66.0,66.0,66,66,66,0.0,0.0,29.0,29.0,29,29,29,0.0,0.0,0.0065428,0.006981,0.003859,0.003859,0.007957,1.9482961600000005e-06,0.001395813798470269
a,simple_diff_weighted_simple_most_shared,instance_0002.txt,5,5,0,0,1.0,1.0,1.0,1.0,1.0,0.0,0.0,0.5,0.5,0.5,0.5,0.5,0.0,0.0,2.0,2.0,2,2,2,0.0,0.0,2.0,2.0,2,2,2,0.0,0.0,0.00018759999999999998,0.000186,0.000178,0.000176,0.000201,9.944000000000006e-11,9.971960689854331e-06
a,simple_diff_weighted_simple_most_shared,instance_0003.txt,5,5,0,0,2.6666666666666665,2.6666666666666665,2.6666666666666665,2.6666666666666665,2.6666666666666665,0.0,0.0,0.7777777777777778,0.7777777777777778,0.7777777777777778,0.7777777777777778,0.7777777777777778,0.0,0.0,104.0,104.0,104,104,104,0.0,0.0,39.0,39.0,39,39,39,0.0,0.0,0.012195600000000001,0.013783,0.013993,0.008225,0.013993,5.235747040000001e-06,0.0022881754827809866
a,simple_diff_weighted_simple_most_shared,instance_0004.txt,5,5,0,0,1.6363636363636362,1.6363636363636365,1.6363636363636365,1.6363636363636365,1.6363636363636365,4.930380657631324e-32,2.220446049250313e-16,0.5324675324675324,0.5324675324675324,0.5324675324675324,0.5324675324675324,0.5324675324675324,0.0,0.0,36.0,36.0,36,36,36,0.0,0.0,22.0,22.0,22,22,22,0.0,0.0,0.0023942,0.002517,0.002517,0.001862,0.002552,7.115016e-08,0.0002667398732848166
a,simple_diff_weighted_simple_most_shared,instance_0005.txt,5,5,0,0,31.15602836879433,31.156028368794328,31.156028368794328,31.156028368794328,31.156028368794328,1.262177448353619e-29,3.552713678800501e-15,0.8248431293391747,0.8248431293391746,0.8248431293391746,0.8248431293391746,0.8248431293391746,1.232595164407831e-32,1.1102230246251565e-16,4393.0,4393.0,4393,4393,4393,0.0,0.0,141.0,141.0,141,141,141,0.0,0.0,0.4465968,0.442746,0.46903,0.414977,0.47278,0.00047525217896000015,0.02180027933215536
a,simple_diff_weighted_simple_most_shared,instance_0006.txt,5,5,0,0,26.120805369127517,26.120805369127517,26.120805369127517,26.120805369127517,26.120805369127517,0.0,0.0,0.9621985450519139,0.9621985450519138,0.9621985450519138,0.9621985450519138,0.9621985450519138,1.232595164407831e-32,1.1102230246251565e-16,3892.0,3892.0,3892,3892,3892,0.0,0.0,149.0,149.0,149,149,149,0.0,0.0,0.5066721999999999,0.50548,0.478825,0.418412,0.574289,0.003121432610160002,0.05586978262137774
a,simple_diff_weighted_simple_most_shared,instance_0007.txt,5,5,0,0,25.81879194630873,25.818791946308725,25.818791946308725,25.818791946308725,25.818791946308725,1.262177448353619e-29,3.552713678800501e-15,0.9341777133299967,0.9341777133299968,0.9341777133299968,0.9341777133299968,0.9341777133299968,1.232595164407831e-32,1.1102230246251565e-16,3847.0,3847.0,3847,3847,3847,0.0,0.0,149.0,149.0,149,149,149,0.0,0.0,0.49175599999999997,0.503515,0.466871,0.456313,0.519631,0.0006438001631999992,0.025373217438866502
a,simple_diff_weighted_simple_most_shared,instance_0008.txt,5,5,0,0,20.120567375886523,20.120567375886523,20.120567375886523,20.120567375886523,20.120567375886523,0.0,0.0,0.8765163735053895,0.8765163735053895,0.8765163735053895,0.8765163735053895,0.8765163735053895,0.0,0.0,2837.0,2837.0,2837,2837,2837,0.0,0.0,141.0,141.0,141,141,141,0.0,0.0,0.35375639999999997,0.351274,0.351274,0.27355,0.422415,0.002468055996239999,0.04967953297123474
a,simple_diff_weighted_simple_most_shared,instance_0009.txt,5,5,0,0,1.7078651685393258,1.7078651685393258,1.7078651685393258,1.7078651685393258,1.7078651685393258,0.0,0.0,0.6133135467458131,0.6133135467458131,0.6133135467458131,0.6133135467458131,0.6133135467458131,0.0,0.0,152.0,152.0,152,152,152,0.0,0.0,89.0,89.0,89,89,89,0.0,0.0,0.0431508,0.038156,0.038156,0.036613,0.057459,6.156419776000002e-05,0.007846285602754976
a,simple_diff_weighted_simple_most_shared,instance_0010.txt,5,5,0,0,5.470219435736677,5.470219435736677,5.470219435736677,5.470219435736677,5.470219435736677,0.0,0.0,0.6803330323779402,0.6803330323779402,0.6803330323779402,0.6803330323779402,0.6803330323779402,0.0,0.0,1745.0,1745.0,1745,1745,1745,0.0,0.0,319.0,319.0,319,319,319,0.0,0.0,0.5562258,0.560881,0.559649,0.521706,0.570105,0.0003150893677599995,0.017750756822175202
a,simple_diff_weighted_simple_most_shared,instance_0011.txt,5,5,0,0,6.401253918495298,6.401253918495298,6.401253918495298,6.401253918495298,6.401253918495298,0.0,0.0,0.6201036250151158,0.6201036250151158,0.6201036250151158,0.6201036250151158,0.6201036250151158,0.0,0.0,2042.0,2042.0,2042,2042,2042,0.0,0.0,319.0,319.0,319,319,319,0.0,0.0,0.6041724,0.617746,0.516703,0.516703,0.714873,0.005923695079439998,0.07696554475503956
a,simple_diff_weighted_simple_most_shared,instance_0012.txt,5,5,0,0,1.777777777777778,1.7777777777777777,1.7777777777777777,1.7777777777777777,1.7777777777777777,4.930380657631324e-32,2.220446049250313e-16,0.8419753086419753,0.8419753086419752,0.8419753086419752,0.8419753086419752,0.8419753086419752,1.232595164407831e-32,1.1102230246251565e-16,176.0,176.0,176,176,176,0.0,0.0,99.0,99.0,99,99,99,0.0,0.0,0.0469786,0.048757,0.037129,0.037129,0.050443,2.4767231039999996e-05,0.004976668668898905
a,simple_diff_weighted_simple_most_shared,instance_0013.txt,5,5,0,0,12.386486486486486,12.386486486486486,12.386486486486486,12.386486486486486,12.386486486486486,0.0,0.0,0.89447947291984,0.8944794729198399,0.8944794729198399,0.8944794729198399,0.8944794729198399,1.232595164407831e-32,1.1102230246251565e-16,4583.0,4583.0,4583,4583,4583,0.0,0.0,370.0,370.0,370,370,370,0.0,0.0,1.4872665999999999,1.512202,1.487304,1.189581,1.731731,0.029959861397839994,0.1730891718099084
a,simple_diff_weighted_simple_most_shared,instance_0014.txt,5,5,0,0,20.153645833333332,20.153645833333332,20.153645833333332,20.153645833333332,20.153645833333332,0.0,0.0,0.8890439919085752,0.8890439919085752,0.8890439919085752,0.8890439919085752,0.8890439919085752,0.0,0.0,7739.0,7739.0,7739,7739,7739,0.0,0.0,384.0,384.0,384,384,384,0.0,0.0,2.394911,2.125701,2.043243,1.991389,3.01473,0.18136715782600005,0.42587223180902517
a,simple_diff_weighted_simple_most_shared,instance_0015.txt,5,5,0,0,10.305322128851541,10.305322128851541,10.305322128851541,10.305322128851541,10.305322128851541,0.0,0.0,0.9309911464585834,0.9309911464585834,0.9309911464585834,0.9309911464585834,0.9309911464585834,0.0,0.0,3679.0,3679.0,3679,3679,3679,0.0,0.0,357.0,357.0,357,357,357,0.0,0.0,1.3375106,1.35317,1.35317,1.236786,1.433969,0.0041439942258400045,0.06437386290910313
a,simple_diff_weighted_simple_most_shared,instance_0016.txt,5,5,0,0,9.527777777777779,9.527777777777779,9.527777777777779,9.527777777777779,9.527777777777779,0.0,0.0,0.8879084967320262,0.8879084967320262,0.8879084967320262,0.8879084967320262,0.8879084967320262,0.0,0.0,686.0,686.0,686,686,686,0.0,0.0,72.0,72.0,72,72,72,0.0,0.0,0.0638706,0.067099,0.067099,0.052789,0.073363,7.059234663999998e-05,0.008401925174625157
a,simple_diff_weighted_simple_most_shared,instance_0017.txt,5,5,0,0,3.804347826086956,3.8043478260869565,3.8043478260869565,3.8043478260869565,3.8043478260869565,1.9721522630525295e-31,4.440892098500626e-16,0.8957712924359738,0.8957712924359739,0.8957712924359739,0.8957712924359739,0.8957712924359739,1.232595164407831e-32,1.1102230246251565e-16,175.0,175.0,175,175,175,0.0,0.0,46.0,46.0,46,46,46,0.0,0.0,0.0165508,0.015029,0.013487,0.013487,0.021472,8.15645376e-06,0.0028559505878078496
a,simple_diff_weighted_simple_most_shared,instance_0018.txt,5,5,0,0,15.253164556962025,15.253164556962025,15.253164556962025,15.253164556962025,15.253164556962025,0.0,0.0,0.8698535447358189,0.869853544735819,0.869853544735819,0.869853544735819,0.869853544735819,1.232595164407831e-32,1.1102230246251565e-16,1205.0,1205.0,1205,1205,1205,0.0,0.0,79.0,79.0,79,79,79,0.0,0.0,0.1150828,0.10915,0.105449,0.099237,0.145699,0.0002634166465599999,0.01623011542041522
a,simple_diff_weighted_simple_most_shared,instance_0019.txt,5,5,0,0,9.0,9.0,9.0,9.0,9.0,0.0,0.0,0.9554455445544555,0.9554455445544554,0.9554455445544554,0.9554455445544554,0.9554455445544554,1.232595164407831e-32,1.1102230246251565e-16,999.0,999.0,999,999,999,0.0,0.0,111.0,111.0,111,111,111,0.0,0.0,0.15285379999999998,0.136518,0.119491,0.119491,0.195341,0.0008719003813599998,0.029527959315875516
a,simple_diff_weighted_simple_most_shared,instance_0020.txt,5,5,0,0,3.3333333333333335,3.3333333333333335,3.3333333333333335,3.3333333333333335,3.3333333333333335,0.0,0.0,0.3333333333333333,0.3333333333333333,0.3333333333333333,0.3333333333333333,0.3333333333333333,0.0,0.0,10.0,10.0,10,10,10,0.0,0.0,3.0,3.0,3,3,3,0.0,0.0,0.00016820000000000002,0.000171,0.000171,0.000142,0.000201,3.8536e-10,1.9630588376307013e-05
a,simple_diff_weighted_simple_random,instance_0001.txt,5,5,0,0,2.2758620689655173,2.2758620689655173,2.2758620689655173,2.2758620689655173,2.2758620689655173,0.0,0.0,0.8482758620689654,0.8482758620689654,0.8482758620689654,0.8482758620689654,0.8482758620689654,0.0,0.0,66.0,66.0,66,66,66,0.0,0.0,29.0,29.0,29,29,29,0.0,0.0,0.0045936,0.005625,0.002523,0.002519,0.006568,2.9703246399999998e-06,0.001723462979004771
a,simple_diff_weighted_simple_random,instance_0002.txt,5,5,0,0,1.0,1.0,1.0,1.0,1.0,0.0,0.0,0.5,0.5,0.5,0.5,0.5,0.0,0.0,2.0,2.0,2,2,2,0.0,0.0,2.0,2.0,2,2,2,0.0,0.0,0.0001426,0.000142,0.000142,0.000135,0.000148,1.9839999999999974e-11,4.454211490264015e-06
a,simple_diff_weighted_simple_random,instance_0003.txt,5,5,0,0,2.6666666666666665,2.6666666666666665,2.6666666666666665,2.6666666666666665,2.6666666666666665,0.0,0.0,0.7777777777777778,0.7777777777777778,0.7777777777777778,0.7777777777777778,0.7777777777777778,0.0,0.0,104.0,104.0,104,104,104,0.0,0.0,39.0,39.0,39,39,39,0.0,0.0,0.0092608,0.009493,0.011241,0.007525,0.011241,1.8484129599999997e-06,0.0013595635181925115
a,simple_diff_weighted_simple_random,instance_0004.txt,5,5,0,0,1.6363636363636362,1.6363636363636365,1.6363636363636365,1.6363636363636365,1.6363636363636365,4.930380657631324e-32,2.220446049250313e-16,0.5324675324675324,0.5324675324675324,0.5324675324675324,0.5324675324675324,0.5324675324675324,0.0,0.0,36.0,36.0,36,36,36,0.0,0.0,22.0,22.0,22,22,22,0.0,0.0,0.0016711999999999999,0.00168,0.00168,0.001616,0.001729,1.7549600000000014e-09,4.18922427186705e-05
a,simple_diff_weighted_simple_random,instance_0005.txt,5,5,0,0,31.15602836879433,31.156028368794328,31.156028368794328,31.156028368794328,31.156028368794328,1.262177448353619e-29,3.552713678800501e-15,0.8248431293391747,0.8248431293391746,0.8248431293391746,0.8248431293391746,0.8248431293391746,1.232595164407831e-32,1.1102230246251565e-16,4393.0,4393.0,4393,4393,4393,0.0,0.0,141.0,141.0,141,141,141,0.0,0.0,0.32330760000000003,0.321918,0.296942,0.296942,0.3407,0.00023105060064000012,0.015200348701263406
a,simple_diff_weighted_simple_random,instance_0006.txt,5,5,0,0,26.120805369127517,26.120805369127517,26.120805369127517,26.120805369127517,26.120805369127517,0.0,0.0,0.9621985450519139,0.9621985450519138,0.9621985450519138,0.9621985450519138,0.9621985450519138,1.232595164407831e-32,1.1102230246251565e-16,3892.0,3892.0,3892,3892,3892,0.0,0.0,149.0,149.0,149,149,149,0.0,0.0,0.364044,0.368463,0.34529,0.34529,0.388944,0.0002734563628,0.01653651604177857
a,simple_diff_weighted_simple_random,instance_0007.txt,5,5,0,0,25.81879194630873,25.818791946308725,25.818791946308725,25.818791946308725,25.818791946308725,1.262177448353619e-29,3.552713678800501e-15,0.9341777133299967,0.9341777133299968,0.9341777133299968,0.9341777133299968,0.9341777133299968,1.232595164407831e-32,1.1102230246251565e-16,3847.0,3847.0,3847,3847,3847,0.0,0.0,149.0,149.0,149,149,149,0.0,0.0,0.3075148,0.316482,0.316482,0.239051,0.344816,0.0014994025621599993,0.03872211980457681
a,simple_diff_weighted_simple_random,instance_0008.txt,5,5,0,0,20.120567375886523,20.120567375886523,20.120567375886523,20.120567375886523,20.120567375886523,0.0,0.0,0.8765163735053895,0.8765163735053895,0.8765163735053895,0.8765163735053895,0.8765163735053895,0.0,0.0,2837.0,2837.0,2837,2837,2837,0.0,0.0,141.0,141.0,141,141,141,0.0,0.0,0.24618959999999998,0.246441,0.219965,0.178007,0.320452,0.0022494622414400006,0.04742849609085239
a,simple_diff_weighted_simple_random,instance_0009.txt,5,5,0,0,1.7078651685393258,1.7078651685393258,1.7078651685393258,1.7078651685393258,1.7078651685393258,0.0,0.0,0.6133135467458131,0.6133135467458131,0.6133135467458131,0.6133135467458131,0.6133135467458131,0.0,0.0,152.0,152.0,152,152,152,0.0,0.0,89.0,89.0,89,89,89,0.0,0.0,0.0279756,0.031801,0.037085,0.015536,0.037085,7.515778424000002e-05,0.008669358929009689
a,simple_diff_weighted_simple_random,instance_0010.txt,5,5,0,0,5.470219435736677,5.470219435736677,5.470219435736677,5.470219435736677,5.470219435736677,0.0,0.0,0.6803330323779402,0.6803330323779402,0.6803330323779402,0.6803330323779402,0.6803330323779402,0.0,0.0,1745.0,1745.0,1745,1745,1745,0.0,0.0,319.0,319.0,319,319,319,0.0,0.0,0.3596636,0.3779,0.301565,0.296446,0.426067,0.0026918096810399994,0.0518826529876798
a,simple_diff_weighted_simple_random,instance_0011.txt,5,5,0,0,6.401253918495298,6.401253918495298,6.401253918495298,6.401253918495298,6.401253918495298,0.0,0.0,0.6201036250151158,0.6201036250151158,0.6201036250151158,0.6201036250151158,0.6201036250151158,0.0,0.0,2042.0,2042.0,2042,2042,2042,0.0,0.0,319.0,319.0,319,319,319,0.0,0.0,0.404238,0.427885,0.329903,0.329903,0.443122,0.0016757620532,0.04093607276229609
a,simple_diff_weighted_simple_random,instance_0012.txt,5,5,0,0,1.777777777777778,1.7777777777777777,1.7777777777777777,1.7777777777777777,1.7777777777777777,4.930380657631324e-32,2.220446049250313e-16,0.8419753086419753,0.8419753086419752,0.8419753086419752,0.8419753086419752,0.8419753086419752,1.232595164407831e-32,1.1102230246251565e-16,176.0,176.0,176,176,176,0.0,0.0,99.0,99.0,99,99,99,0.0,0.0,0.027510600000000003,0.027017,0.027017,0.022375,0.032884,1.2552637039999996e-05,0.003542970087370199
a,simple_diff_weighted_simple_random,instance_0013.txt,5,5,0,0,12.386486486486486,12.386486486486486,12.386486486486486,12.386486486486486,12.386486486486486,0.0,0.0,0.89447947291984,0.8944794729198399,0.8944794729198399,0.8944794729198399,0.8944794729198399,1.232595164407831e-32,1.1102230246251565e-16,4583.0,4583.0,4583,4583,4583,0.0,0.0,370.0,370.0,370,370,370,0.0,0.0,0.9062373999999999,0.922214,0.708758,0.708758,1.052294,0.016196040017440003,0.12726366338212963
a,simple_diff_weighted_simple_random,instance_0014.txt,5,5,0,0,20.153645833333332,20.153645833333332,20.153645833333332,20.153645833333332,20.153645833333332,0.0,0.0,0.8890439919085752,0.8890439919085752,0.8890439919085752,0.8890439919085752,0.8890439919085752,0.0,0.0,7739.0,7739.0,7739,7739,7739,0.0,0.0,384.0,384.0,384,384,384,0.0,0.0,1.7527978000000002,1.793393,1.793393,1.569414,1.843954,0.009887182835360001,0.09943431417453434
a,simple_diff_weighted_simple_random,instance_0015.txt,5,5,0,0,10.305322128851541,10.305322128851541,10.305322128851541,10.305322128851541,10.305322128851541,0.0,0.0,0.9309911464585834,0.9309911464585834,0.9309911464585834,0.9309911464585834,0.9309911464585834,0.0,0.0,3679.0,3679.0,3679,3679,3679,0.0,0.0,357.0,357.0,357,357,357,0.0,0.0,0.7707970000000001,0.795263,0.652217,0.652217,0.853791,0.005356744465999997,0.0731897838909229
a,simple_diff_weighted_simple_random,instance_0016.txt,5,5,0,0,9.527777777777779,9.527777777777779,9.527777777777779,9.527777777777779,9.527777777777779,0.0,0.0,0.8879084967320262,0.8879084967320262,0.8879084967320262,0.8879084967320262,0.8879084967320262,0.0,0.0,686.0,686.0,686,686,686,0.0,0.0,72.0,72.0,72,72,72,0.0,0.0,0.042632199999999995,0.042352,0.042352,0.04069,0.045085,2.0823169600000035e-06,0.0014430235479714125
a,simple_diff_weighted_simple_random,instance_0017.txt,5,5,0,0,3.804347826086956,3.8043478260869565,3.8043478260869565,3.8043478260869565,3.8043478260869565,1.9721522630525295e-31,4.440892098500626e-16,0.8957712924359738,0.8957712924359739,0.8957712924359739,0.8957712924359739,0.8957712924359739,1.232595164407831e-32,1.1102230246251565e-16,175.0,175.0,175,175,175,0.0,0.0,46.0,46.0,46,46,46,0.0,0.0,0.013019000000000003,0.010776,0.019412,0.01057,0.019412,1.1538819999999995e-05,0.0033968838661337826
a,simple_diff_weighted_simple_random,instance_0018.txt,5,5,0,0,15.253164556962025,15.253164556962025,15.253164556962025,15.253164556962025,15.253164556962025,0.0,0.0,0.8698535447358189,0.869853544735819,0.869853544735819,0.869853544735819,0.869853544735819,1.232595164407831e-32,1.1102230246251565e-16,1205.0,1205.0,1205,1205,1205,0.0,0.0,79.0,79.0,79,79,79,0.0,0.0,0.0747342,0.068473,0.068473,0.068256,0.096618,0.00012162924575999997,0.011028564990967772
a,simple_diff_weighted_simple_random,instance_0019.txt,5,5,0,0,9.0,9.0,9.0,9.0,9.0,0.0,0.0,0.9554455445544555,0.9554455445544554,0.9554455445544554,0.9554455445544554,0.9554455445544554,1.232595164407831e-32,1.1102230246251565e-16,999.0,999.0,999,999,999,0.0,0.0,111.0,111.0,111,111,111,0.0,0.0,0.0891992,0.088592,0.088592,0.085261,0.096602,1.5969357359999972e-05,0.003996167834313265
a,simple_diff_weighted_simple_random,instance_0020.txt,5,5,0,0,3.3333333333333335,3.3333333333333335,3.3333333333333335,3.3333333333333335,3.3333333333333335,0.0,0.0,0.3333333333333333,0.3333333333333333,0.3333333333333333,0.3333333333333333,0.3333333333333333,0.0,0.0,10.0,10.0,10,10,10,0.0,0.0,3.0,3.0,3,3,3,0.0,0.0,0.0001216,0.000122,0.000123,0.000118,0.000123,3.440000000000015e-12,1.8547236990991447e-06
a,simple_diff_weighted_simple_smaller,instance_0001.txt,5,5,0,0,2.2758620689655173,2.2758620689655173,2.2758620689655173,2.2758620689655173,2.2758620689655173,0.0,0.0,0.8482758620689654,0.8482758620689654,0.8482758620689654,0.8482758620689654,0.8482758620689654,0.0,0.0,66.0,66.0,66,66,66,0.0,0.0,29.0,29.0,29,29,29,0.0,0.0,0.0036446,0.003479,0.005011,0.003006,0.005011,5.131314399999999e-07,0.0007163319342316102
a,simple_diff_weighted_simple_smaller,instance_0002.txt,5,5,0,0,1.0,1.0,1.0,1.0,1.0,0.0,0.0,0.5,0.5,0.5,0.5,0.5,0.0,0.0,2.0,2.0,2,2,2,0.0,0.0,2.0,2.0,2,2,2,0.0,0.0,0.0001428,0.000142,0.000139,0.000131,0.000158,7.73599999999999e-11,8.795453370918403e-06
a,simple_diff_weighted_simple_smaller,instance_0003.txt,5,5,0,0,2.6666666666666665,2.6666666666666665,2.6666666666666665,2.6666666666666665,2.6666666666666665,0.0,0.0,0.7777777777777778,0.7777777777777778,0.7777777777777778,0.7777777777777778,0.7777777777777778,0.0,0.0,104.0,104.0,104,104,104,0.0,0.0,39.0,39.0,39,39,39,0.0,0.0,0.007393800000000001,0.007177,0.00685,0.00685,0.008719,4.608333599999995e-07,0.0006788470814550207
a,simple_diff_weighted_simple_smaller,instance_0004.txt,5,5,0,0,1.6363636363636362,1.6363636363636365,1.6363636363636365,1.6363636363636365,1.6363636363636365,4.930380657631324e-32,2.220446049250313e-16,0.5324675324675324,0.5324675324675324,0.5324675324675324,0.5324675324675324,0.5324675324675324,0.0,0.0,36.0,36.0,36,36,36,0.0,0.0,22.0,22.0,22,22,22,0.0,0.0,0.0021088,0.001942,0.001942,0.001699,0.002635,1.5814456000000004e-07,0.0003976739367874139
a,simple_diff_weighted_simple_smaller,instance_0005.txt,5,5,0,0,31.15602836879433,31.156028368794328,31.156028368794328,31.156028368794328,31.156028368794328,1.262177448353619e-29,3.552713678800501e-15,0.8248431293391747,0.8248431293391746,0.8248431293391746,0.8248431293391746,0.8248431293391746,1.232595164407831e-32,1.1102230246251565e-16,4393.0,4393.0,4393,4393,4393,0.0,0.0,141.0,141.0,141,141,141,0.0,0.0,0.35551279999999996,0.32176,0.316243,0.316243,0.43332,0.0021948712549599994,0.046849453091364894
a,simple_diff_weighted_simple_smaller,instance_0006.txt,5,5,0,0,26.120805369127517,26.120805369127517,26.120805369127517,26.120805369127517,26.120805369127517,0.0,0.0,0.9621985450519139,0.9621985450519138,0.9621985450519138,0.9621985450519138,0.9621985450519138,1.232595164407831e-32,1.1102230246251565e-16,3892.0,3892.0,3892,3892,3892,0.0,0.0,149.0,149.0,149,149,149,0.0,0.0,0.3709082,0.366442,0.401493,0.313709,0.418399,0.0013503592325599999,0.03674723435253325
a,simple_diff_weighted_simple_smaller,instance_0007.txt,5,5,0,0,25.81879194630873,25.818791946308725,25.818791946308725,25.818791946308725,25.818791946308725,1.262177448353619e-29,3.552713678800501e-15,0.9341777133299967,0.9341777133299968,0.9341777133299968,0.9341777133299968,0.9341777133299968,1.232595164407831e-32,1.1102230246251565e-16,3847.0,3847.0,3847,3847,3847,0.0,0.0,149.0,149.0,149,149,149,0.0,0.0,0.353772,0.365692,0.429675,0.257347,0.429675,0.0034176304856000004,0.058460503637926355
a,simple_diff_weighted_simple_smaller,instance_0008.txt,5,5,0,0,20.120567375886523,20.120567375886523,20.120567375886523,20.120567375886523,20.120567375886523,0.0,0.0,0.8765163735053895,0.8765163735053895,0.8765163735053895,0.8765163735053895,0.8765163735053895,0.0,0.0,2837.0,2837.0,2837,2837,2837,0.0,0.0,141.0,141.0,141,141,141,0.0,0.0,0.2555136,0.254572,0.2608,0.241312,0.273516,0.0001241910566399998,0.0111441041201166
a,simple_diff_weighted_simple_smaller,instance_0009.txt,5,5,0,0,1.7078651685393258,1.7078651685393258,1.7078651685393258,1.7078651685393258,1.7078651685393258,0.0,0.0,0.6133135467458131,0.6133135467458131,0.6133135467458131,0.6133135467458131,0.6133135467458131,0.0,0.0,152.0,152.0,152,152,152,0.0,0.0,89.0,89.0,89,89,89,0.0,0.0,0.0312564,0.030941,0.027638,0.027638,0.037011,1.2041345040000004e-05,0.0034700641262086214
a,simple_diff_weighted_simple_smaller,instance_0010.txt,5,5,0,0,5.470219435736677,5.470219435736677,5.470219435736677,5.470219435736677,5.470219435736677,0.0,0.0,0.6803330323779402,0.6803330323779402,0.6803330323779402,0.6803330323779402,0.6803330323779402,0.0,0.0,1745.0,1745.0,1745,1745,1745,0.0,0.0,319.0,319.0,319,319,319,0.0,0.0,0.422912,0.420313,0.380153,0.380153,0.470659,0.0008465167751999996,0.029094961336973788
a,simple_diff_weighted_simple_smaller,instance_0011.txt,5,5,0,0,6.401253918495298,6.401253918495298,6.401253918495298,6.401253918495298,6.401253918495298,0.0,0.0,0.6201036250151158,0.6201036250151158,0.6201036250151158,0.6201036250151158,0.6201036250151158,0.0,0.0,2042.0,2042.0,2042,2042,2042,0.0,0.0,319.0,319.0,319,319,319,0.0,0.0,0.44201100000000004,0.430244,0.363916,0.363916,0.552373,0.004321514115199999,0.06573822415611787
a,simple_diff_weighted_simple_smaller,instance_0012.txt,5,5,0,0,1.777777777777778,1.7777777777777777,1.7777777777777777,1.7777777777777777,1.7777777777777777,4.930380657631324e-32,2.220446049250313e-16,0.8419753086419753,0.8419753086419752,0.8419753086419752,0.8419753086419752,0.8419753086419752,1.232595164407831e-32,1.1102230246251565e-16,176.0,176.0,176,176,176,0.0,0.0,99.0,99.0,99,99,99,0.0,0.0,0.040790599999999996,0.03889,0.04751,0.026984,0.053396,8.227359183999999e-05,0.009070479140596707
a,simple_diff_weighted_simple_smaller,instance_0013.txt,5,5,0,0,12.386486486486486,12.386486486486486,12.386486486486486,12.386486486486486,12.386486486486486,0.0,0.0,0.89447947291984,0.8944794729198399,0.8944794729198399,0.8944794729198399,0.8944794729198399,1.232595164407831e-32,1.1102230246251565e-16,4583.0,4583.0,4583,4583,4583,0.0,0.0,370.0,370.0,370,370,370,0.0,0.0,1.2311979999999998,1.153911,1.040914,1.040914,1.500207,0.02829630105200002,0.16821504407156934
a,simple_diff_weighted_simple_smaller,instance_0014.txt,5,5,0,0,20.153645833333332,20.153645833333332,20.153645833333332,20.153645833333332,20.153645833333332,0.0,0.0,0.8890439919085752,0.8890439919085752,0.8890439919085752,0.8890439919085752,0.8890439919085752,0.0,0.0,7739.0,7739.0,7739,7739,7739,0.0,0.0,384.0,384.0,384,384,384,0.0,0.0,2.3634093999999997,2.459525,2.522268,1.806744,2.67977,0.08892997028864003,0.2982112846433549
a,simple_diff_weighted_simple_smaller,instance_0015.txt,5,5,0,0,10.305322128851541,10.305322128851541,10.305322128851541,10.305322128851541,10.305322128851541,0.0,0.0,0.9309911464585834,0.9309911464585834,0.9309911464585834,0.9309911464585834,0.9309911464585834,0.0,0.0,3679.0,3679.0,3679,3679,3679,0.0,0.0,357.0,357.0,357,357,357,0.0,0.0,1.2096281999999998,1.243682,1.114123,1.060955,1.372026,0.012207103560559995,0.11048576180015231
a,simple_diff_weighted_simple_smaller,instance_0016.txt,5,5,0,0,9.527777777777779,9.527777777777779,9.527777777777779,9.527777777777779,9.527777777777779,0.0,0.0,0.8879084967320262,0.8879084967320262,0.8879084967320262,0.8879084967320262,0.8879084967320262,0.0,0.0,686.0,686.0,686,686,686,0.0,0.0,72.0,72.0,72,72,72,0.0,0.0,0.0701206,0.073156,0.073156,0.043617,0.088725,0.0002934734906399999,0.01713106799472817
a,simple_diff_weighted_simple_smaller,instance_0017.txt,5,5,0,0,3.804347826086956,3.8043478260869565,3.8043478260869565,3.8043478260869565,3.8043478260869565,1.9721522630525295e-31,4.440892098500626e-16,0.8957712924359738,0.8957712924359739,0.8957712924359739,0.8957712924359739,0.8957712924359739,1.232595164407831e-32,1.1102230246251565e-16,175.0,175.0,175,175,175,0.0,0.0,46.0,46.0,46,46,46,0.0,0.0,0.015418800000000002,0.015708,0.01557,0.010788,0.018462,6.425588159999998e-06,0.00253487438742041
a,simple_diff_weighted_simple_smaller,instance_0018.txt,5,5,0,0,15.253164556962025,15.253164556962025,15.253164556962025,15.253164556962025,15.253164556962025,0.0,0.0,0.8698535447358189,0.869853544735819,0.869853544735819,0.869853544735819,0.869853544735819,1.232595164407831e-32,1.1102230246251565e-16,1205.0,1205.0,1205,1205,1205,0.0,0.0,79.0,79.0,79,79,79,0.0,0.0,0.1275762,0.14313,0.096759,0.07525,0.172679,0.0012939140917600004,0.035971017385667596
a,simple_diff_weighted_simple_smaller,instance_0019.txt,5,5,0,0,9.0,9.0,9.0,9.0,9.0,0.0,0.0,0.9554455445544555,0.9554455445544554,0.9554455445544554,0.9554455445544554,0.9554455445544554,1.232595164407831e-32,1.1102230246251565e-16,999.0,999.0,999,999,999,0.0,0.0,111.0,111.0,111,111,111,0.0,0.0,0.1367944,0.134069,0.134069,0.100161,0.194599,0.0011951492662399998,0.03457093094262866
a,simple_diff_weighted_simple_smaller,instance_0020.txt,5,5,0,0,3.3333333333333335,3.3333333333333335,3.3333333333333335,3.3333333333333335,3.3333333333333335,0.0,0.0,0.3333333333333333,0.3333333333333333,0.3333333333333333,0.3333333333333333,0.3333333333333333,0.0,0.0,10.0,10.0,10,10,10,0.0,0.0,3.0,3.0,3,3,3,0.0,0.0,0.00016360000000000002,0.000162,0.000157,0.00015,0.000178,9.864000000000006e-11,9.931767214348113e-06
a,simple_random_exact,instance_0001.txt,5,5,0,0,3.095438546960286,3.090909090909091,2.7916666666666665,2.7916666666666665,3.4,0.04494087218602233,0.2119926229518903,0.7936374302026475,0.7939393939393941,0.8138888888888889,0.7733333333333333,0.8138888888888889,0.0001997372097156548,0.014132841530126021,67.8,68.0,68,67,68,0.16,0.4,22.0,22.0,24,20,24,2.0,1.4142135623730951,0.018491,0.0169,0.015897,0.015822,0.025671,1.3608470799999998e-05,0.003688966088214962
a,simple_random_exact,instance_0002.txt,5,5,0,0,1.4,1.0,1.0,1.0,2.0,0.24,0.4898979485566356,0.3,0.5,0.5,0.0,0.5,0.06000000000000001,0.24494897427831783,2.0,2.0,2,2,2,0.0,0.0,1.6,2.0,2,1,2,0.24,0.4898979485566356,0.0056022,0.005582,0.00601,0.003971,0.008149,2.20240856e-06,0.0014840514007270773
a,simple_random_exact,instance_0003.txt,5,5,0,0,3.2434912481739104,3.212121212121212,3.212121212121212,2.789473684210526,3.7857142857142856,0.10434416356211076,0.323023472153512,0.7297090626521742,0.7323232323232324,0.7323232323232324,0.6845238095238096,0.7675438596491229,0.0007246122469591012,0.02691862267945931,106.0,106.0,106,106,106,0.0,0.0,33.0,33.0,33,28,38,10.4,3.22490309931942,0.023504800000000003,0.019265,0.019149,0.018157,0.038914,6.102797535999999e-05,0.007812040409521701
a,simple_random_exact,instance_0004.txt,5,5,0,0,1.8605194805194807,1.8571428571428572,1.95,1.7727272727272727,1.95,0.006287974363299037,0.0792967487561693,0.46842300556586275,0.4693877551020408,0.4428571428571429,0.4428571428571429,0.4935064935064935,0.0005133040296570635,0.022656213930334068,39.0,39.0,39,39,39,0.0,0.0,21.0,21.0,20,20,22,0.8,0.8944271909999159,0.0115018,0.009786,0.009222,0.007368,0.020961,2.329491856e-05,0.0048264809706451755
a,simple_random_exact,instance_0005.txt,5,5,0,0,32.08080189459797,32.07299270072993,32.55555555555556,31.618705035971225,32.55555555555556,0.11041868355603893,0.3322930687751987,0.8196441214639609,0.8196880241701762,0.8169750917467011,0.8169750917467011,0.8222419955813283,3.489898039677508e-06,0.0018681268799729605,4394.6,4395.0,4395,4394,4395,0.24000000000000005,0.48989794855663565,137.0,137.0,135,135,139,2.0,1.4142135623730951,0.5389902,0.528961,0.413606,0.413606,0.70084,0.008530189079360002,0.09235902272848064
a,simple_random_exact,instance_0006.txt,5,5,0,0,27.01378831362493,26.65753424657534,26.476190476190474,26.476190476190474,28.61764705882353,0.6614055137759685,0.8132684143479129,0.9609062397776775,0.9614218028269532,0.9616842395424161,0.9585851706818762,0.9616842395424161,1.3851975550356607e-06,0.0011769441596930846,3892.0,3892.0,3892,3892,3892,0.0,0.0,144.2,146.0,147,136,147,17.359999999999996,4.166533331199931,0.5607688,0.509184,0.505227,0.496969,0.657214,0.004933084674959999,0.07023592154275474
a,simple_random_exact,instance_0007.txt,5,5,0,0,26.606772084788144,26.53103448275862,26.34931506849315,26.34931506849315,26.902097902097903,0.06254781831591548,0.25009561834609473,0.9321688410840329,0.932361926111514,0.9328252005902024,0.9314159390641226,0.9328252005902024,4.065240667371046e-07,0.0006375923985879259,3847.0,3847.0,3847,3847,3847,0.0,0.0,144.6,145.0,146,143,146,1.8399999999999999,1.3564659966250536,0.49112220000000006,0.464156,0.464156,0.43564,0.606423,0.0038263822561600013,0.06185775825359339
a,simple_random_exact,instance_0008.txt,5,5,0,0,21.516083135196606,21.515151515151516,21.515151515151516,21.19402985074627,21.838461538461537,0.052157422656710264,0.22837999618335722,0.867951836354389,0.8679575538781316,0.8679575538781316,0.8659733407386837,0.8699283366560698,1.9645108300367427e-06,0.0014016100848797937,2839.8,2840.0,2840,2839,2840,0.15999999999999998,0.39999999999999997,132.0,132.0,132,130,134,2.0,1.4142135623730951,0.3493126,0.342426,0.391837,0.268119,0.461965,0.00512813349864,0.07161098727597602
a,simple_random_exact,instance_0009.txt,5,5,0,0,2.334664238888217,2.353846153846154,2.353846153846154,2.0821917808219177,2.5081967213114753,0.019473967333546165,0.13954915740894377,0.471396776100781,0.46705370101596516,0.46705370101596516,0.4321064027219302,0.5285603515120186,0.0009983094681490366,0.03159603563976083,152.6,153.0,153,152,153,0.24,0.4898979485566356,65.6,65.0,65,61,73,15.84,3.97994974842648,0.06292040000000002,0.056589,0.063578,0.049034,0.09158,0.0002275045842399999,0.015083255094309049
a,simple_random_exact,instance_0010.txt,5,5,0,0,5.9635719152790845,5.959044368600683,5.918644067796611,5.898648648648648,6.041522491349481,0.0027314676748882174,0.052263444919831085,0.6515026549210792,0.6517672342737824,0.6541281343804008,0.6469474036062915,0.6552966204128995,9.327861551627231e-06,0.0030541548015166537,1746.0,1746.0,1746,1746,1746,0.0,0.0,292.8,293.0,295,289,296,6.56,2.5612496949731396,0.6793372,0.631743,0.532685,0.532685,0.968167,0.02405964447296,0.1551117161047482
a,simple_random_exact,instance_0011.txt,5,5,0,0,6.9268832170560914,6.882154882154882,6.839464882943144,6.839464882943144,7.097222222222222,0.009744625955488296,0.09871487200765798,0.5889090078898462,0.5915635084774551,0.594097039587944,0.5787998681173756,0.594097039587944,3.432142910649294e-05,0.005858449377309062,2044.4,2044.0,2044,2044,2045,0.24,0.4898979485566356,295.2,297.0,299,288,299,17.759999999999998,4.214261501141095,0.7533565999999999,0.756193,0.934274,0.604254,0.934274,0.014807302416640012,0.12168525965226853
a,simple_random_exact,instance_0012.txt,5,5,0,0,2.5217114968665073,2.410958904109589,2.410958904109589,2.3289473684210527,2.75,0.029678957095689656,0.1722758169206858,0.7758478669451994,0.7856925418569255,0.7856925418569255,0.7555555555555555,0.7929824561403508,0.00023450040174372114,0.015313405948505419,176.2,176.0,176,176,177,0.16,0.4,70.2,73.0,73,64,76,22.96,4.791659420284375,0.056341600000000006,0.056289,0.049546,0.049546,0.06141,1.8077169839999998e-05,0.004251725513247533
a,simple_random_exact,instance_0013.txt,5,5,0,0,12.632817943163072,12.660220994475138,12.556164383561644,12.521857923497267,12.730555555555556,0.006478865488020759,0.08049140008734323,0.8923809742718742,0.8921475275700022,0.893033986247509,0.8915483471676132,0.8933262431156852,4.7019347795722046e-07,0.000685706553824025,4583.0,4583.0,4583,4583,4583,0.0,0.0,362.8,362.0,365,360,366,5.36,2.3151673805580453,1.9239342000000001,1.777223,1.777223,1.636788,2.436986,0.08094380044136004,0.2845062397230684
a,simple_random_exact,instance_0014.txt,5,5,0,0,20.366071554972486,20.36578947368421,20.473544973544975,20.259162303664922,20.473544973544975,0.0057449991006598335,0.07579577231389514,0.88787448092858,0.8878760339286655,0.8872827854309336,0.8872827854309336,0.8884630704002431,1.7413431729520324e-07,0.00041729404176815563,7739.0,7739.0,7739,7739,7739,0.0,0.0,380.0,380.0,378,378,382,2.0,1.4142135623730951,3.2867481999999995,3.059044,3.059044,2.948195,4.055834,0.17148264904295996,0.4141046353797068
a,simple_random_exact,instance_0015.txt,5,5,0,0,10.720806032495052,10.725947521865889,10.602305475504323,10.602305475504323,10.884615384615385,0.011915108471052326,0.10915634874368199,0.9282088881752564,0.9281744585589338,0.9290024186908192,0.9271119505494505,0.9290024186908192,5.342991481957021e-07,0.0007309576924800108,3679.0,3679.0,3679,3679,3679,0.0,0.0,343.2,343.0,347,338,347,12.16,3.4871191548325386,1.5612882,1.593704,1.247871,1.247871,1.774646,0.029617963538960006,0.17209870289737805
a,simple_random_exact,instance_0016.txt,5,5,0,0,9.700174921652678,9.661971830985916,9.661971830985916,9.146666666666667,10.088235294117647,0.10367491629825301,0.3219858945641144,0.8858802950393802,0.8863297431648716,0.8863297431648716,0.8813148788927335,0.8923921568627452,1.434946938384159e-05,0.003788069347813156,686.0,686.0,686,686,686,0.0,0.0,70.8,71.0,71,68,75,5.760000000000001,2.4000000000000004,0.0720886,0.069518,0.086134,0.06402,0.086134,5.925897824000004e-05,0.007697985336437063
a,simple_random_exact,instance_0017.txt,5,5,0,0,3.878925120772947,3.888888888888889,3.888888888888889,3.6458333333333335,4.166666666666667,0.028577460967583863,0.16904869407239992,0.893728078882933,0.8934550989345511,0.8934550989345511,0.8858447488584476,0.9001141552511415,2.1450524276662292e-05,0.004631471070476668,175.0,175.0,175,175,175,0.0,0.0,45.2,45.0,45,42,48,3.7600000000000007,1.9390719429665317,0.0246308,0.022922,0.024489,0.019963,0.033762,2.298679976e-05,0.004794455105640264
a,simple_random_exact,instance_0018.txt,5,5,0,0,14.84388904341825,14.876543209876543,14.876543209876543,14.518072289156626,15.253164556962025,0.059585448047907955,0.2441013069360915,0.8733456566261243,0.8730670374583913,0.8730670374583913,0.869853544735819,0.8761256630618036,4.33795443510606e-06,0.00208277565645128,1205.0,1205.0,1205,1205,1205,0.0,0.0,81.2,81.0,81,79,83,1.7599999999999998,1.3266499161421599,0.1041564,0.096231,0.099073,0.087071,0.14684,0.00047218930303999997,0.02172991723500115
a,simple_random_exact,instance_0019.txt,5,5,0,0,9.753004627233286,9.794117647058824,10.29896907216495,9.081818181818182,10.29896907216495,0.15444787576563532,0.39299856967377794,0.9517177988750827,0.9515142690739663,0.9490150045932428,0.9490150045932428,0.955040504050405,3.785116061308483e-06,0.0019455374736325392,999.0,999.0,999,999,999,0.0,0.0,102.6,102.0,97,97,110,17.840000000000003,4.223742416388576,0.1397022,0.127468,0.127468,0.107615,0.201936,0.0012458762369600002,0.03529697206503697
a,simple_random_exact,instance_0020.txt,5,5,0,0,4.0,3.6666666666666665,3.6666666666666665,3.6666666666666665,5.0,0.2666666666666667,0.5163977794943223,0.2,0.2666666666666667,0.2666666666666667,0.0,0.2666666666666667,0.010666666666666672,0.10327955589886448,11.0,11.0,11,10,12,0.4,0.6324555320336759,2.8,3.0,3,2,3,0.15999999999999998,0.39999999999999997,0.0044822,0.00395,0.003004,0.003004,0.007124,1.97709856e-06,0.0014060933681658554
a,simple_random_multi,instance_0001.txt,5,5,0,0,3.095438546960286,3.090909090909091,2.9565217391304346,2.7916666666666665,3.4,0.04494087218602233,0.2119926229518903,0.7936374302026475,0.7939393939393941,0.8028985507246378,0.7733333333333333,0.8138888888888889,0.0001997372097156548,0.014132841530126021,67.8,68.0,68,67,68,0.16,0.4,22.0,22.0,23,20,24,2.0,1.4142135623730951,0.002844,0.002826,0.003314,0.002055,0.003917,5.073540000000002e-07,0.000712287863156463
a,simple_random_multi,instance_0002.txt,5,5,0,0,1.4,1.0,1.0,1.0,2.0,0.24,0.4898979485566356,0.3,0.5,0.5,0.0,0.5,0.06000000000000001,0.24494897427831783,2.0,2.0,2,2,2,0.0,0.0,1.6,2.0,2,1,2,0.24,0.4898979485566356,0.00011659999999999999,0.000117,9.8e-05,9.8e-05,0.000149,3.354399999999999e-10,1.8315021157508935e-05
a,simple_random_multi,instance_0003.txt,5,5,0,0,3.103029519500107,3.1176470588235294,3.1176470588235294,2.717948717948718,3.533333333333333,0.06788398962787338,0.26054556152019437,0.7414142067083244,0.7401960784313726,0.7401960784313726,0.7055555555555556,0.7735042735042734,0.0004714165946380081,0.021712130126682827,106.0,106.0,106,106,106,0.0,0.0,34.4,34.0,34,30,39,8.24,2.870540018881465,0.006547800000000001,0.005643,0.005171,0.005171,0.009606,2.59533736e-06,0.001611005077583556
a,simple_random_multi,instance_0004.txt,5,5,0,0,1.841948051948052,1.8571428571428572,1.8571428571428572,1.7727272727272727,1.95,0.004344004047900152,0.06590905892136643,0.47372912801484224,0.4693877551020408,0.4693877551020408,0.4428571428571429,0.4935064935064935,0.00035461257533878754,0.01883115969181897,39.0,39.0,39,39,39,0.0,0.0,21.2,21.0,21,20,22,0.5599999999999999,0.7483314773547882,0.0010887999999999998,0.001094,0.001078,0.000988,0.001177,3.6829600000000052e-09,6.068739572596607e-05
a,simple_random_multi,instance_0005.txt,5,5,0,0,31.98574917764745,32.07299270072993,31.840579710144926,31.618705035971225,32.31617647058823,0.05630550884229142,0.23728781857122674,0.8201785007581309,0.8196880241701762,0.8209946326906821,0.8183208631309165,0.8222419955813283,1.7795945269718629e-06,0.0013340144403160945,4394.6,4395.0,4395,4394,4395,0.24000000000000005,0.48989794855663565,137.4,137.0,137,136,139,1.04,1.019803902718557,0.19253879999999998,0.187679,0.192907,0.181541,0.213397,0.00012171867055999997,0.01103261848157544
a,simple_random_multi,instance_0006.txt,5,5,0,0,27.013788313624936,26.65753424657534,26.476190476190474,26.476190476190474,28.61764705882353,0.6614055137759685,0.8132684143479129,0.9609062397776773,0.9614218028269532,0.9616842395424161,0.9585851706818762,0.9616842395424161,1.3851975550356607e-06,0.0011769441596930846,3892.0,3892.0,3892,3892,3892,0.0,0.0,144.2,146.0,147,136,147,17.36,4.166533331199932,0.29204660000000005,0.290307,0.276386,0.276386,0.320955,0.0002664628274399998,0.01632368914920888
a,simple_random_multi,instance_0007.txt,5,5,0,0,26.606772084788144,26.53103448275862,26.34931506849315,26.34931506849315,26.902097902097903,0.06254781831591548,0.25009561834609473,0.9321688410840329,0.932361926111514,0.9328252005902024,0.9314159390641226,0.9328252005902024,4.065240667371046e-07,0.0006375923985879259,3847.0,3847.0,3847,3847,3847,0.0,0.0,144.6,145.0,146,143,146,1.8399999999999999,1.3564659966250536,0.3316346,0.32443,0.402955,0.267101,0.402955,0.003503723853840001,0.05919226177330953
a,simple_random_multi,instance_0008.txt,5,5,0,0,21.516083135196606,21.515151515151516,21.515151515151516,21.19402985074627,21.838461538461537,0.052157422656710264,0.22837999618335722,0.8679518363543892,0.8679575538781316,0.8679575538781316,0.8659733407386837,0.8699283366560698,1.9645108300367427e-06,0.0014016100848797937,2839.8,2840.0,2840,2839,2840,0.15999999999999998,0.39999999999999997,132.0,132.0,132,130,134,2.0,1.4142135623730951,0.237108,0.238198,0.309632,0.178938,0.309632,0.0018530587844000003,0.0430471692960176
a,simple_random_multi,instance_0009.txt,5,5,0,0,2.2454927069199457,2.2686567164179103,2.25,2.0,2.390625,0.017434129113705864,0.13203836228045948,0.4915865569237859,0.48634187552802033,0.4905660377358491,0.45872641509433965,0.5471698113207547,0.0008937396199265368,0.02989547825217949,152.6,153.0,153,152,153,0.24,0.4898979485566356,68.2,67.0,68,64,76,16.96,4.1182520563948,0.0210198,0.019279,0.030012,0.017546,0.030012,2.0759626960000005e-05,0.004556273363177412
a,simple_random_multi,instance_0010.txt,5,5,0,0,5.931379861871068,5.918644067796611,5.97945205479452,5.839464882943144,6.020689655172414,0.003993814206607597,0.06319663129160918,0.6533838840409274,0.6541281343804008,0.6505746563089666,0.6481648263524766,0.6587551827498938,1.3638728484561917e-05,0.003693064917458386,1746.0,1746.0,1746,1746,1746,0.0,0.0,294.4,295.0,292,290,299,9.84,3.1368774282716245,0.4351026,0.406373,0.398964,0.367058,0.503828,0.0031209317678400025,0.05586530021256489
a,simple_random_multi,instance_0011.txt,5,5,0,0,6.844078010204529,6.771523178807947,7.048275862068966,6.7269736842105265,7.048275862068966,0.014038220479240943,0.11848299658280484,0.5938232634893454,0.5981291882013089,0.5817046966131177,0.5817046966131177,0.600773075121037,4.944384639907379e-05,0.007031631844676866,2044.4,2044.0,2044,2044,2045,0.24,0.4898979485566356,298.8,302.0,302,290,304,26.559999999999995,5.15363949069005,0.3789330000000001,0.385423,0.419357,0.324559,0.419357,0.0009383565103999999,0.03063260534789687
a,simple_random_multi,instance_0012.txt,5,5,0,0,2.4541025704542263,2.410958904109589,2.6666666666666665,2.240506329113924,2.6666666666666665,0.0332412669390489,0.18232187729136867,0.7818575492929577,0.7856925418569255,0.7629629629629631,0.7629629629629631,0.8008438818565401,0.0002626470474196447,0.016206389092566074,176.2,176.0,176,176,177,0.16,0.4,72.2,73.0,66,66,79,29.360000000000003,5.418486873657627,0.031477,0.02761,0.022873,0.022873,0.045933,6.872609080000001e-05,0.008290120071506805
a,simple_random_multi,instance_0013.txt,5,5,0,0,12.605333521227092,12.62534435261708,12.487738419618529,12.487738419618529,12.730555555555556,0.010366105933756798,0.10181407532240716,0.8926151141704114,0.8924446418191206,0.8936169073033808,0.8915483471676132,0.8936169073033808,7.523038425289028e-07,0.000867354507989036,4583.0,4583.0,4583,4583,4583,0.0,0.0,363.6,363.0,367,360,367,8.64,2.939387691339814,0.8674894,0.849974,0.820542,0.812861,0.960699,0.00297059928824,0.05450320438506345
a,simple_random_multi,instance_0014.txt,5,5,0,0,20.344633733380924,20.31233595800525,20.31233595800525,20.259162303664922,20.473544973544975,0.005291466214909222,0.07274246500435094,0.8879925069733783,0.8881703225535247,0.8881703225535247,0.8872827854309336,0.8884630704002431,1.6038746754860068e-07,0.00040048404156545447,7739.0,7739.0,7739,7739,7739,0.0,0.0,380.4,381.0,381,378,382,1.8400000000000003,1.3564659966250538,1.1915118,1.158432,1.224229,1.097897,1.322066,0.005862136111760003,0.07656458784425084
a,simple_random_multi,instance_0015.txt,5,5,0,0,10.68395746477405,10.694767441860465,10.541547277936962,10.541547277936962,10.884615384615385,0.01726447297488859,0.1313943414873281,0.9284556419769595,0.9283832537375415,0.9294092816209579,0.9271119505494505,0.9294092816209579,7.741761837034418e-07,0.0008798728224598382,3679.0,3679.0,3679,3679,3679,0.0,0.0,344.4,344.0,349,338,349,17.84,4.223742416388575,0.8090214000000001,0.803797,0.880087,0.731866,0.886447,0.004279202070639998,0.06541561029784862
a,simple_random_multi,instance_0016.txt,5,5,0,0,9.700174921652678,9.661971830985916,9.661971830985916,9.146666666666667,10.088235294117647,0.10367491629825301,0.3219858945641144,0.8858802950393802,0.8863297431648716,0.8863297431648716,0.8813148788927335,0.8923921568627452,1.434946938384159e-05,0.003788069347813156,686.0,686.0,686,686,686,0.0,0.0,70.8,71.0,71,68,75,5.760000000000001,2.4000000000000004,0.0250276,0.023757,0.023097,0.018371,0.030281,1.9690135039999998e-05,0.004437356762758658
a,simple_random_multi,instance_0017.txt,5,5,0,0,3.811567396716806,3.8043478260869565,4.069767441860465,3.5714285714285716,4.069767441860465,0.027627478715180193,0.16621515789837038,0.8955734959803616,0.8957712924359739,0.8884995221408092,0.8884995221408092,0.9021526418786693,2.073745822118985e-05,0.004553839942421105,175.0,175.0,175,175,175,0.0,0.0,46.0,46.0,43,43,49,4.0,2.0,0.007930799999999998,0.007656,0.006856,0.006856,0.009825,1.0153957600000001e-06,0.001007668477228498
a,simple_random_multi,instance_0018.txt,5,5,0,0,14.84388904341825,14.876543209876543,14.876543209876543,14.518072289156626,15.253164556962025,0.059585448047907955,0.2441013069360915,0.8733456566261243,0.8730670374583913,0.8730670374583913,0.869853544735819,0.8761256630618036,4.33795443510606e-06,0.00208277565645128,1205.0,1205.0,1205,1205,1205,0.0,0.0,81.2,81.0,81,79,83,1.7599999999999998,1.3266499161421599,0.0361432,0.034994,0.036405,0.032589,0.042909,1.3039898560000007e-05,0.003611079971421293
a,simple_random_multi,instance_0019.txt,5,5,0,0,9.715334943975368,9.699029126213592,10.29896907216495,9.081818181818182,10.29896907216495,0.15702646704343406,0.39626565211160314,0.9519042824555675,0.9519850043256753,0.9490150045932428,0.9490150045932428,0.955040504050405,3.848310632375037e-06,0.0019617111490673233,999.0,999.0,999,999,999,0.0,0.0,103.0,103.0,97,97,110,18.0,4.242640687119285,0.078224,0.072522,0.070116,0.070116,0.092357,7.938043639999997e-05,0.008909569933504084
a,simple_random_multi,instance_0020.txt,5,5,0,0,3.8,3.6666666666666665,3.6666666666666665,3.0,5.0,0.42666666666666675,0.6531972647421809,0.24000000000000005,0.2666666666666667,0.2666666666666667,0.0,0.4,0.017066666666666667,0.13063945294843618,11.0,11.0,11,10,12,0.4,0.6324555320336759,3.0,3.0,3,2,4,0.4,0.6324555320336759,9.7e-05,9.4e-05,0.000106,8.9e-05,0.000106,4.120000000000002e-11,6.418722614352487e-06
a,simple_random_simple,instance_0001.txt,5,5,0,0,2.9597718802936193,2.9565217391304346,2.8333333333333335,2.68,3.238095238095238,0.037786086816802136,0.19438643681286547,0.8026818746470921,0.8028985507246378,0.8111111111111111,0.7841269841269842,0.8213333333333334,0.00016793816363023088,0.012959095787524333,67.8,68.0,68,67,68,0.16,0.4,23.0,23.0,24,21,25,2.0,1.4142135623730951,0.0023586,0.002203,0.002203,0.001721,0.003327,2.9738984e-07,0.0005453346128754345
a,simple_random_simple,instance_0002.txt,5,5,0,0,1.4,1.0,1.0,1.0,2.0,0.24,0.4898979485566356,0.3,0.5,0.5,0.0,0.5,0.06000000000000001,0.24494897427831783,2.0,2.0,2,2,2,0.0,0.0,1.6,2.0,2,1,2,0.24,0.4898979485566356,0.0001588,0.00016,0.000154,0.000138,0.00018,1.8336000000000016e-10,1.3541048703848612e-05
a,simple_random_simple,instance_0003.txt,5,5,0,0,2.8302327891801573,2.864864864864865,2.9444444444444446,2.5238095238095237,3.0285714285714285,0.029827684187669512,0.17270693149862143,0.7641472675683202,0.7612612612612613,0.7546296296296297,0.7476190476190476,0.7896825396825397,0.0002071366957477045,0.014392244291551769,106.0,106.0,106,106,106,0.0,0.0,37.6,37.0,36,35,42,5.840000000000001,2.4166091947189146,0.0080934,0.005808,0.018578,0.003081,0.018578,2.9382253840000005e-05,0.005420539995240327
a,simple_random_simple,instance_0004.txt,5,5,0,0,1.760064935064935,1.7727272727272727,1.7727272727272727,1.625,1.8571428571428572,0.0056295328048574815,0.07503021261370303,0.4971243042671614,0.4935064935064935,0.4935064935064935,0.4693877551020408,0.5357142857142857,0.0004595536983557128,0.021437203603915152,39.0,39.0,39,39,39,0.0,0.0,22.2,22.0,22,21,24,0.9600000000000002,0.9797958971132713,0.0012337999999999997,0.001155,0.001155,0.001117,0.001429,1.4346560000000003e-08,0.00011977712636392645
a,simple_random_simple,instance_0005.txt,5,5,0,0,31.80114583524996,31.618705035971225,31.611510791366907,31.611510791366907,32.31617647058823,0.07452862924297016,0.2729993209569763,0.8212163269978919,0.8222419955813283,0.8222824410885908,0.8183208631309165,0.8222824410885908,2.3555553165321375e-06,0.0015347818465606562,4394.6,4395.0,4395,4394,4395,0.24000000000000005,0.48989794855663565,138.2,139.0,139,136,139,1.36,1.1661903789690602,0.2075692,0.203223,0.188803,0.181641,0.234514,0.0004515155793600002,0.021248895956260883
a,simple_random_simple,instance_0006.txt,5,5,0,0,26.599759101567322,26.2972972972973,26.2972972972973,25.946666666666665,27.8,0.4106824392520411,0.6408450977046178,0.9615054137459227,0.9619431298157781,0.9619431298157781,0.9597684515195369,0.9624505547515677,8.601021595665844e-07,0.0009274169286607746,3892.0,3892.0,3892,3892,3892,0.0,0.0,146.4,148.0,148,140,150,11.84,3.4409301068170506,0.2517388,0.25152,0.25152,0.218374,0.289382,0.0008175275113599997,0.028592438010075317
a,simple_random_simple,instance_0007.txt,5,5,0,0,26.242745769783358,26.170068027210885,26.170068027210885,25.993243243243242,26.53103448275862,0.033456603347438635,0.18291146313842288,0.9330968877762056,0.9332821720147587,0.9332821720147587,0.932361926111514,0.9337329681497942,2.1744826307632715e-07,0.0004663134815511204,3847.0,3847.0,3847,3847,3847,0.0,0.0,146.6,147.0,147,145,148,1.04,1.019803902718557,0.24186480000000002,0.238301,0.220216,0.220216,0.271428,0.00028795267816,0.01696916845811839
a,simple_random_simple,instance_0008.txt,5,5,0,0,21.131640194748186,21.037037037037038,21.19402985074627,20.88235294117647,21.515151515151516,0.04649468993822415,0.21562627376603286,0.8703112334618343,0.8708918304586174,0.8699283366560698,0.8679575538781316,0.8718411552346571,1.751223838724164e-06,0.001323338142246404,2839.8,2840.0,2840,2839,2840,0.15999999999999998,0.39999999999999997,134.4,135.0,135,132,136,1.8399999999999999,1.3564659966250536,0.14296059999999997,0.139484,0.126296,0.126296,0.178596,0.00035373005504000013,0.01880771264774109
a,simple_random_simple,instance_0009.txt,5,5,0,0,2.057381468296961,2.125,1.9615384615384615,1.8095238095238095,2.25,0.02385192768438069,0.15444069309732034,0.5341777807629522,0.5188679245283019,0.555878084179971,0.4905660377358491,0.5902964959568734,0.001222740329850773,0.0349677040975065,152.6,153.0,153,152,153,0.24,0.4898979485566356,74.6,72.0,78,68,84,32.64,5.71314274283428,0.017869000000000003,0.015575,0.019203,0.014319,0.025223,1.6362828799999998e-05,0.004045099356010925
a,simple_random_simple,instance_0010.txt,5,5,0,0,5.647149115202747,5.632258064516129,5.632258064516129,5.596153846153846,5.724590163934426,0.0018104502635114407,0.042549386170795,0.6699936712642401,0.6708638698136072,0.6708638698136072,0.6654681955482565,0.6729737168019815,6.182620998739332e-06,0.0024864876832068426,1746.0,1746.0,1746,1746,1746,0.0,0.0,309.2,310.0,310,305,312,5.36,2.3151673805580453,0.27506339999999996,0.275586,0.259732,0.259732,0.290316,0.00015654880144000015,0.012511946348989838
a,simple_random_simple,instance_0011.txt,5,5,0,0,6.467192872228968,6.430817610062893,6.636363636363637,6.350931677018633,6.636363636363637,0.010759706184742967,0.10372900358502904,0.616190333992346,0.6183491032603625,0.6061505260318317,0.6061505260318317,0.6230901081888053,3.78966308930888e-05,0.006156023951633781,2044.4,2044.0,2044,2044,2045,0.24,0.4898979485566356,316.2,318.0,308,308,322,25.759999999999998,5.075431016179808,0.3071424,0.290653,0.281065,0.267331,0.362076,0.0012615570302400006,0.03551840410604058
a,simple_random_simple,instance_0012.txt,5,5,0,0,2.158127362986442,2.2278481012658227,2.2278481012658227,1.923913043478261,2.3157894736842106,0.018678142260544556,0.1366680001336983,0.8081664566234273,0.8019690576652603,0.8019690576652603,0.7941520467836257,0.8289855072463768,0.000147580383293191,0.012148266678550936,176.2,176.0,176,176,177,0.16,0.4,82.0,79.0,79,76,92,31.6,5.621387729022079,0.0201636,0.01905,0.018551,0.015674,0.02381,1.000678824e-05,0.0031633507930673766
a,simple_random_simple,instance_0013.txt,5,5,0,0,12.468002772080421,12.487738419618529,12.556164383561644,12.31989247311828,12.556164383561644,0.008034032286581987,0.08963276346616782,0.8937850353623557,0.8936169073033808,0.893033986247509,0.893033986247509,0.8950467875815611,5.83057263626299e-07,0.0007635818643906486,4583.0,4583.0,4583,4583,4583,0.0,0.0,367.6,367.0,365,365,372,7.040000000000001,2.65329983228432,0.7440545999999999,0.761285,0.761285,0.620314,0.841948,0.005558028149839999,0.07455218407156157
a,simple_random_simple,instance_0014.txt,5,5,0,0,20.175023348227445,20.153645833333332,20.153645833333332,20.04922279792746,20.31233595800525,0.007314130147936857,0.08552268791342363,0.8889262978826317,0.8890439919085752,0.8890439919085752,0.8881703225535247,0.8896188935049039,2.2169560649245432e-07,0.00047084562915296807,7739.0,7739.0,7739,7739,7739,0.0,0.0,383.6,384.0,384,381,386,2.6399999999999997,1.624807680927192,1.3201376,1.37882,1.37882,1.192976,1.44957,0.011136483769839996,0.10552953979734772
a,simple_random_simple,instance_0015.txt,5,5,0,0,10.428251310518474,10.451704545454545,10.451704545454545,10.334269662921349,10.481481481481481,0.002560798717102868,0.05060433496354703,0.9301679599742068,0.9300109070616884,0.9300109070616884,0.9298115079365078,0.930797301364366,1.1483173456397892e-07,0.00033886831448806025,3679.0,3679.0,3679,3679,3679,0.0,0.0,352.8,352.0,352,351,356,2.96,1.7204650534085253,0.532991,0.484569,0.656216,0.473454,0.656216,0.004990471547600002,0.07064326965536066
a,simple_random_simple,instance_0016.txt,5,5,0,0,9.426187364675112,9.397260273972602,9.397260273972602,9.146666666666667,9.661971830985916,0.02914406007119843,0.17071631460173461,0.8891036780626458,0.8894439967767929,0.8894439967767929,0.8863297431648716,0.8923921568627452,4.033779940650399e-06,0.002008427230608667,686.0,686.0,686,686,686,0.0,0.0,72.8,73.0,73,71,75,1.7600000000000002,1.32664991614216,0.027900599999999998,0.029395,0.029395,0.024413,0.030925,7.728893840000001e-06,0.002780088818725042
a,simple_random_simple,instance_0017.txt,5,5,0,0,3.573812503724894,3.5714285714285716,3.5714285714285716,3.4313725490196076,3.723404255319149,0.008536776448212326,0.09239467759677679,0.9020873286650716,0.9021526418786693,0.9021526418786693,0.8979889245118042,0.905989793177545,6.4077886644490006e-06,0.0025313610300486573,175.0,175.0,175,175,175,0.0,0.0,49.0,49.0,49,47,51,1.6,1.2649110640673518,0.0076598,0.007342,0.006943,0.005753,0.009522,1.7766293599999994e-06,0.0013329026070947568
a,simple_random_simple,instance_0018.txt,5,5,0,0,14.73406194788186,14.695121951219512,14.518072289156626,14.518072289156626,15.0625,0.04459837055826106,0.21118326296906453,0.8742827478849671,0.8746150004162158,0.8761256630618036,0.8714803754266212,0.8761256630618036,3.246861535826169e-06,0.0018019049741388054,1205.0,1205.0,1205,1205,1205,0.0,0.0,81.8,82.0,83,80,83,1.3599999999999999,1.16619037896906,0.045174000000000006,0.047929,0.032298,0.032298,0.058713,8.296256440000001e-05,0.009108378801960314
a,simple_random_simple,instance_0019.txt,5,5,0,0,9.287101040380886,9.336448598130842,9.424528301886792,9.0,9.424528301886792,0.024802236090208315,0.15748725691372084,0.9540242522753422,0.9537799574349959,0.9533439192975901,0.9533439192975901,0.9554455445544554,6.078383513922141e-07,0.0007796398857114828,999.0,999.0,999,999,999,0.0,0.0,107.6,107.0,106,106,111,3.439999999999999,1.8547236990991405,0.0521128,0.053951,0.053951,0.0436,0.056969,2.1498182159999998e-05,0.004636613220875772
a,simple_random_simple,instance_0020.txt,5,5,0,0,3.4666666666666663,3.6666666666666665,3.6666666666666665,3.0,3.6666666666666665,0.07111111111111107,0.2666666666666666,0.30666666666666664,0.2666666666666667,0.2666666666666667,0.2666666666666667,0.4,0.0028444444444444424,0.053333333333333316,11.0,11.0,11,10,12,0.4,0.6324555320336759,3.2,3.0,3,3,4,0.15999999999999998,0.39999999999999997,0.0002094,0.000129,0.000109,0.000109,0.000442,1.655864e-08,0.0001286803792347536
a,simple_similar_exact_bigger,instance_0001.txt,5,5,0,0,3.4,3.4,3.4,3.4,3.4,0.0,0.0,0.7733333333333333,0.7733333333333333,0.7733333333333333,0.7733333333333333,0.7733333333333333,0.0,0.0,68.0,68.0,68,68,68,0.0,0.0,20.0,20.0,20,20,20,0.0,0.0,0.0222116,0.022249,0.019396,0.014838,0.031616,3.0260065039999995e-05,0.005500914927537054
a,simple_similar_exact_bigger,instance_0002.txt,5,5,0,0,2.0,2.0,2.0,2.0,2.0,0.0,0.0,0.0,0.0,0.0,0.0,0.0,0.0,0.0,2.0,2.0,2,2,2,0.0,0.0,1.0,1.0,1,1,1,0.0,0.0,0.007010999999999999,0.006911,0.007693,0.005324,0.00927,1.9511780000000007e-06,0.0013968457323555814
a,simple_similar_exact_bigger,instance_0003.txt,5,5,0,0,3.0285714285714285,3.0285714285714285,3.0285714285714285,3.0285714285714285,3.0285714285714285,0.0,0.0,0.7476190476190476,0.7476190476190476,0.7476190476190476,0.7476190476190476,0.7476190476190476,0.0,0.0,106.0,106.0,106,106,106,0.0,0.0,35.0,35.0,35,35,35,0.0,0.0,0.030648200000000004,0.028327,0.022389,0.022389,0.046365,6.859927136000002e-05,0.008282467709565791
a,simple_similar_exact_bigger,instance_0004.txt,5,5,0,0,1.8571428571428572,1.8571428571428572,1.8571428571428572,1.8571428571428572,1.8571428571428572,0.0,0.0,0.4693877551020408,0.4693877551020408,0.4693877551020408,0.4693877551020408,0.4693877551020408,0.0,0.0,39.0,39.0,39,39,39,0.0,0.0,21.0,21.0,21,21,21,0.0,0.0,0.0129522,0.013139,0.011263,0.011263,0.014448,1.3487861599999999e-06,0.0011613725328248469
a,simple_similar_exact_bigger,instance_0005.txt,5,5,0,0,32.54814814814815,32.54814814814815,32.54814814814815,32.54814814814815,32.54814814814815,0.0,0.0,0.8170167356393637,0.8170167356393638,0.8170167356393638,0.8170167356393638,0.8170167356393638,1.232595164407831e-32,1.1102230246251565e-16,4394.0,4394.0,4394,4394,4394,0.0,0.0,135.0,135.0,135,135,135,0.0,0.0,0.67583,0.684129,0.586464,0.586464,0.735195,0.002457206117200002,0.0495702140120456
a,simple_similar_exact_bigger,instance_0006.txt,5,5,0,0,27.602836879432623,27.602836879432623,27.602836879432623,27.602836879432623,27.602836879432623,0.0,0.0,0.9600537816506038,0.960053781650604,0.960053781650604,0.960053781650604,0.960053781650604,1.232595164407831e-32,1.1102230246251565e-16,3892.0,3892.0,3892,3892,3892,0.0,0.0,141.0,141.0,141,141,141,0.0,0.0,0.7573328000000001,0.777257,0.813581,0.633426,0.913513,0.01101329504896,0.10494424733619276
a,simple_similar_exact_bigger,instance_0007.txt,5,5,0,0,26.53103448275862,26.53103448275862,26.53103448275862,26.53103448275862,26.53103448275862,0.0,0.0,0.9323619261115141,0.932361926111514,0.932361926111514,0.932361926111514,0.932361926111514,1.232595164407831e-32,1.1102230246251565e-16,3847.0,3847.0,3847,3847,3847,0.0,0.0,145.0,145.0,145,145,145,0.0,0.0,0.7486805999999999,0.761109,0.665329,0.665329,0.820501,0.003583095048240003,0.05985895963212193
a,simple_similar_exact_bigger,instance_0008.txt,5,5,0,0,22.1875,22.1875,22.1875,22.1875,22.1875,0.0,0.0,0.8638312274368231,0.8638312274368231,0.8638312274368231,0.8638312274368231,0.8638312274368231,0.0,0.0,2840.0,2840.0,2840,2840,2840,0.0,0.0,128.0,128.0,128,128,128,0.0,0.0,0.4705196,0.435438,0.481986,0.380517,0.657444,0.009955450782640003,0.09977700527997421
a,simple_similar_exact_bigger,instance_0009.txt,5,5,0,0,2.3181818181818183,2.3181818181818183,2.3181818181818183,2.3181818181818183,2.3181818181818183,0.0,0.0,0.47512864493996576,0.4751286449399657,0.4751286449399657,0.4751286449399657,0.4751286449399657,3.0814879110195774e-33,5.551115123125783e-17,153.0,153.0,153,153,153,0.0,0.0,66.0,66.0,66,66,66,0.0,0.0,0.0761914,0.07383,0.07383,0.05873,0.098766,0.00024014181424000005,0.015496509743810057
a,simple_similar_exact_bigger,instance_0010.txt,5,5,0,0,5.938775510204081,5.938775510204081,5.938775510204081,5.938775510204081,5.938775510204081,0.0,0.0,0.6529516994633274,0.6529516994633274,0.6529516994633274,0.6529516994633274,0.6529516994633274,0.0,0.0,1746.0,1746.0,1746,1746,1746,0.0,0.0,294.0,294.0,294,294,294,0.0,0.0,0.9017021999999999,0.845488,0.822388,0.803148,1.105885,0.012349664559360003,0.11112904462542636
a,simple_similar_exact_bigger,instance_0011.txt,5,5,0,0,6.8166666666666655,6.816666666666666,6.816666666666666,6.816666666666666,6.816666666666666,7.888609052210118e-31,8.881784197001252e-16,0.5954500494559842,0.5954500494559842,0.5954500494559842,0.5954500494559842,0.5954500494559842,0.0,0.0,2045.0,2045.0,2045,2045,2045,0.0,0.0,300.0,300.0,300,300,300,0.0,0.0,0.9320630000000001,0.879837,0.798935,0.798935,1.185825,0.018977002313599993,0.13775704088575652
a,simple_similar_exact_bigger,instance_0012.txt,5,5,0,0,2.4246575342465753,2.4246575342465753,2.4246575342465753,2.4246575342465753,2.4246575342465753,0.0,0.0,0.7844748858447488,0.7844748858447488,0.7844748858447488,0.7844748858447488,0.7844748858447488,0.0,0.0,177.0,177.0,177,177,177,0.0,0.0,73.0,73.0,73,73,73,0.0,0.0,0.0874312,0.08407,0.070074,0.070074,0.1136,0.0002174717725600001,0.014746924172857204
a,simple_similar_exact_bigger,instance_0013.txt,5,5,0,0,12.660220994475138,12.660220994475138,12.660220994475138,12.660220994475138,12.660220994475138,0.0,0.0,0.8921475275700022,0.8921475275700022,0.8921475275700022,0.8921475275700022,0.8921475275700022,0.0,0.0,4583.0,4583.0,4583,4583,4583,0.0,0.0,362.0,362.0,362,362,362,0.0,0.0,2.4757116,2.401737,2.140698,2.140698,2.880748,0.08115462746584003,0.2848765126609072
a,simple_similar_exact_bigger,instance_0014.txt,5,5,0,0,20.58244680851064,20.58244680851064,20.58244680851064,20.58244680851064,20.58244680851064,0.0,0.0,0.8866832257789705,0.8866832257789704,0.8866832257789704,0.8866832257789704,0.8866832257789704,1.232595164407831e-32,1.1102230246251565e-16,7739.0,7739.0,7739,7739,7739,0.0,0.0,376.0,376.0,376,376,376,0.0,0.0,4.678467,4.301253,4.301253,4.262223,5.988551,0.4403616075696003,0.663597474053059
a,simple_similar_exact_bigger,instance_0015.txt,5,5,0,0,10.725947521865889,10.725947521865889,10.725947521865889,10.725947521865889,10.725947521865889,0.0,0.0,0.9281744585589337,0.9281744585589338,0.9281744585589338,0.9281744585589338,0.9281744585589338,1.232595164407831e-32,1.1102230246251565e-16,3679.0,3679.0,3679,3679,3679,0.0,0.0,343.0,343.0,343,343,343,0.0,0.0,2.7409034,2.383561,2.253834,2.253834,3.452759,0.29723101249384004,0.5451889695269339
a,simple_similar_exact_bigger,instance_0016.txt,5,5,0,0,9.661971830985916,9.661971830985916,9.661971830985916,9.661971830985916,9.661971830985916,0.0,0.0,0.8863297431648716,0.8863297431648716,0.8863297431648716,0.8863297431648716,0.8863297431648716,0.0,0.0,686.0,686.0,686,686,686,0.0,0.0,71.0,71.0,71,71,71,0.0,0.0,0.147292,0.140473,0.162884,0.112566,0.193823,0.0008168184691999999,0.02858003620011703
a,simple_similar_exact_bigger,instance_0017.txt,5,5,0,0,3.804347826086956,3.8043478260869565,3.8043478260869565,3.8043478260869565,3.8043478260869565,1.9721522630525295e-31,4.440892098500626e-16,0.8957712924359738,0.8957712924359739,0.8957712924359739,0.8957712924359739,0.8957712924359739,1.232595164407831e-32,1.1102230246251565e-16,175.0,175.0,175,175,175,0.0,0.0,46.0,46.0,46,46,46,0.0,0.0,0.048955200000000004,0.052274,0.052274,0.027492,0.074426,0.00026537445216000006,0.016290317742757507
a,simple_similar_exact_bigger,instance_0018.txt,5,5,0,0,15.855263157894736,15.855263157894736,15.855263157894736,15.855263157894736,15.855263157894736,0.0,0.0,0.8647161846596012,0.8647161846596012,0.8647161846596012,0.8647161846596012,0.8647161846596012,0.0,0.0,1205.0,1205.0,1205,1205,1205,0.0,0.0,76.0,76.0,76,76,76,0.0,0.0,0.19863079999999997,0.188605,0.181279,0.181279,0.244645,0.0005533613545600001,0.02352363395736297
a,simple_similar_exact_bigger,instance_0019.txt,5,5,0,0,10.193877551020408,10.193877551020408,10.193877551020408,10.193877551020408,10.193877551020408,0.0,0.0,0.9495352596484137,0.9495352596484138,0.9495352596484138,0.9495352596484138,0.9495352596484138,1.232595164407831e-32,1.1102230246251565e-16,999.0,999.0,999,999,999,0.0,0.0,98.0,98.0,98,98,98,0.0,0.0,0.3486564,0.375939,0.266218,0.266218,0.405188,0.0026040506866399997,0.051029899927787434
a,simple_similar_exact_bigger,instance_0020.txt,5,5,0,0,4.0,4.0,4.0,4.0,4.0,0.0,0.0,0.2,0.2,0.2,0.2,0.2,0.0,0.0,12.0,12.0,12,12,12,0.0,0.0,3.0,3.0,3,3,3,0.0,0.0,0.010477400000000001,0.010354,0.010705,0.005912,0.015416,9.105517439999998e-06,0.003017534993997584
a,simple_similar_exact_most_shared,instance_0001.txt,5,5,0,0,2.8333333333333335,2.8333333333333335,2.8333333333333335,2.8333333333333335,2.8333333333333335,0.0,0.0,0.8111111111111111,0.8111111111111111,0.8111111111111111,0.8111111111111111,0.8111111111111111,0.0,0.0,68.0,68.0,68,68,68,0.0,0.0,24.0,24.0,24,24,24,0.0,0.0,0.031799600000000004,0.030424,0.029057,0.027601,0.036771,1.2589778239999998e-05,0.003548207750400193
a,simple_similar_exact_most_shared,instance_0002.txt,5,5,0,0,1.0,1.0,1.0,1.0,1.0,0.0,0.0,0.5,0.5,0.5,0.5,0.5,0.0,0.0,2.0,2.0,2,2,2,0.0,0.0,2.0,2.0,2,2,2,0.0,0.0,0.0084618,0.008594,0.007168,0.006667,0.010417,1.9475821599999986e-06,0.0013955580102596949
a,simple_similar_exact_most_shared,instance_0003.txt,5,5,0,0,3.0285714285714285,3.0285714285714285,3.0285714285714285,3.0285714285714285,3.0285714285714285,0.0,0.0,0.7476190476190476,0.7476190476190476,0.7476190476190476,0.7476190476190476,0.7476190476190476,0.0,0.0,106.0,106.0,106,106,106,0.0,0.0,35.0,35.0,35,35,35,0.0,0.0,0.0558232,0.051305,0.051305,0.043916,0.07845,0.00016546712936000007,0.012863402713123773
a,simple_similar_exact_most_shared,instance_0004.txt,5,5,0,0,1.8571428571428572,1.8571428571428572,1.8571428571428572,1.8571428571428572,1.8571428571428572,0.0,0.0,0.4693877551020408,0.4693877551020408,0.4693877551020408,0.4693877551020408,0.4693877551020408,0.0,0.0,39.0,39.0,39,39,39,0.0,0.0,21.0,21.0,21,21,21,0.0,0.0,0.032452400000000006,0.02695,0.03815,0.02397,0.046582,7.369387904e-05,0.008584513908195385
a,simple_similar_exact_most_shared,instance_0005.txt,5,5,0,0,33.037593984962406,33.037593984962406,33.037593984962406,33.037593984962406,33.037593984962406,0.0,0.0,0.8142651076038657,0.8142651076038656,0.8142651076038656,0.8142651076038656,0.8142651076038656,1.232595164407831e-32,1.1102230246251565e-16,4394.0,4394.0,4394,4394,4394,0.0,0.0,133.0,133.0,133,133,133,0.0,0.0,1.1030878,1.119666,0.960295,0.820982,1.321965,0.036808851509360016,0.19185633038646396
a,simple_similar_exact_most_shared,instance_0006.txt,5,5,0,0,27.602836879432623,27.602836879432623,27.602836879432623,27.602836879432623,27.602836879432623,0.0,0.0,0.9600537816506038,0.960053781650604,0.960053781650604,0.960053781650604,0.960053781650604,1.232595164407831e-32,1.1102230246251565e-16,3892.0,3892.0,3892,3892,3892,0.0,0.0,141.0,141.0,141,141,141,0.0,0.0,1.0831202000000002,1.045553,0.931662,0.880677,1.341621,0.029967445905359998,0.17311107967244616
a,simple_similar_exact_most_shared,instance_0007.txt,5,5,0,0,26.53103448275862,26.53103448275862,26.53103448275862,26.53103448275862,26.53103448275862,0.0,0.0,0.9323619261115141,0.932361926111514,0.932361926111514,0.932361926111514,0.932361926111514,1.232595164407831e-32,1.1102230246251565e-16,3847.0,3847.0,3847,3847,3847,0.0,0.0,145.0,145.0,145,145,145,0.0,0.0,1.1003268,1.101852,0.935643,0.935643,1.354388,0.022148317226159998,0.14882310716471417
a,simple_similar_exact_most_shared,instance_0008.txt,5,5,0,0,22.007751937984494,22.007751937984494,22.007751937984494,22.007751937984494,22.007751937984494,0.0,0.0,0.8649343743878208,0.8649343743878208,0.8649343743878208,0.8649343743878208,0.8649343743878208,0.0,0.0,2839.0,2839.0,2839,2839,2839,0.0,0.0,129.0,129.0,129,129,129,0.0,0.0,0.6155918,0.583731,0.5612,0.547958,0.782725,0.00733137872776,0.08562347065939338
a,simple_similar_exact_most_shared,instance_0009.txt,5,5,0,0,2.375,2.375,2.375,2.375,2.375,0.0,0.0,0.46226415094339623,0.46226415094339623,0.46226415094339623,0.46226415094339623,0.46226415094339623,0.0,0.0,152.0,152.0,152,152,152,0.0,0.0,64.0,64.0,64,64,64,0.0,0.0,0.1005324,0.090374,0.111591,0.089202,0.121344,0.00017895196983999995,0.013377293068479883
a,simple_similar_exact_most_shared,instance_0010.txt,5,5,0,0,5.938775510204081,5.938775510204081,5.938775510204081,5.938775510204081,5.938775510204081,0.0,0.0,0.6529516994633274,0.6529516994633274,0.6529516994633274,0.6529516994633274,0.6529516994633274,0.0,0.0,1746.0,1746.0,1746,1746,1746,0.0,0.0,294.0,294.0,294,294,294,0.0,0.0,1.1457318,1.150857,1.063744,1.041299,1.313837,0.009217563276559995,0.0960081417201687
a,simple_similar_exact_most_shared,instance_0011.txt,5,5,0,0,6.8166666666666655,6.816666666666666,6.816666666666666,6.816666666666666,6.816666666666666,7.888609052210118e-31,8.881784197001252e-16,0.5954500494559842,0.5954500494559842,0.5954500494559842,0.5954500494559842,0.5954500494559842,0.0,0.0,2045.0,2045.0,2045,2045,2045,0.0,0.0,300.0,300.0,300,300,300,0.0,0.0,1.4090566,1.456051,1.282091,1.207814,1.616848,0.02147908720104001,0.14655745358404673
a,simple_similar_exact_most_shared,instance_0012.txt,5,5,0,0,2.2125,2.2125,2.2125,2.2125,2.2125,0.0,0.0,0.8033333333333333,0.8033333333333333,0.8033333333333333,0.8033333333333333,0.8033333333333333,0.0,0.0,177.0,177.0,177,177,177,0.0,0.0,80.0,80.0,80,80,80,0.0,0.0,0.1123684,0.113353,0.113353,0.098768,0.131869,0.0001326189510399999,0.0115160301771053
a,simple_similar_exact_most_shared,instance_0013.txt,5,5,0,0,12.62534435261708,12.62534435261708,12.62534435261708,12.62534435261708,12.62534435261708,0.0,0.0,0.8924446418191205,0.8924446418191206,0.8924446418191206,0.8924446418191206,0.8924446418191206,1.232595164407831e-32,1.1102230246251565e-16,4583.0,4583.0,4583,4583,4583,0.0,0.0,363.0,363.0,363,363,363,0.0,0.0,3.4671689999999997,3.422758,2.931902,2.931902,4.236341,0.1940402209868001,0.4404999670678763
a,simple_similar_exact_most_shared,instance_0014.txt,5,5,0,0,20.58244680851064,20.58244680851064,20.58244680851064,20.58244680851064,20.58244680851064,0.0,0.0,0.8866832257789705,0.8866832257789704,0.8866832257789704,0.8866832257789704,0.8866832257789704,1.232595164407831e-32,1.1102230246251565e-16,7739.0,7739.0,7739,7739,7739,0.0,0.0,376.0,376.0,376,376,376,0.0,0.0,6.0894162000000005,5.832599,5.832599,5.64315,7.298604,0.37949148283935996,0.6160288003327117
a,simple_similar_exact_most_shared,instance_0015.txt,5,5,0,0,10.725947521865889,10.725947521865889,10.725947521865889,10.725947521865889,10.725947521865889,0.0,0.0,0.9281744585589337,0.9281744585589338,0.9281744585589338,0.9281744585589338,0.9281744585589338,1.232595164407831e-32,1.1102230246251565e-16,3679.0,3679.0,3679,3679,3679,0.0,0.0,343.0,343.0,343,343,343,0.0,0.0,2.7581974,2.742554,2.433604,2.433604,3.348592,0.10282383441744,0.32066155743624775
a,simple_similar_exact_most_shared,instance_0016.txt,5,5,0,0,9.8,9.8,9.8,9.8,9.8,0.0,0.0,0.8847058823529412,0.8847058823529412,0.8847058823529412,0.8847058823529412,0.8847058823529412,0.0,0.0,686.0,686.0,686,686,686,0.0,0.0,70.0,70.0,70,70,70,0.0,0.0,0.176892,0.159713,0.198809,0.142083,0.229578,0.0010548784464000005,0.03247889232101367
a,simple_similar_exact_most_shared,instance_0017.txt,5,5,0,0,3.804347826086956,3.8043478260869565,3.8043478260869565,3.8043478260869565,3.8043478260869565,1.9721522630525295e-31,4.440892098500626e-16,0.8957712924359738,0.8957712924359739,0.8957712924359739,0.8957712924359739,0.8957712924359739,1.232595164407831e-32,1.1102230246251565e-16,175.0,175.0,175,175,175,0.0,0.0,46.0,46.0,46,46,46,0.0,0.0,0.07271199999999998,0.075028,0.097387,0.053699,0.097387,0.00023949358840000002,0.015475580389762447
a,simple_similar_exact_most_shared,instance_0018.txt,5,5,0,0,15.855263157894736,15.855263157894736,15.855263157894736,15.855263157894736,15.855263157894736,0.0,0.0,0.8647161846596012,0.8647161846596012,0.8647161846596012,0.8647161846596012,0.8647161846596012,0.0,0.0,1205.0,1205.0,1205,1205,1205,0.0,0.0,76.0,76.0,76,76,76,0.0,0.0,0.22919260000000002,0.229087,0.177436,0.177436,0.299399,0.001925304103440001,0.04387828738043454
a,simple_similar_exact_most_shared,instance_0019.txt,5,5,0,0,10.090909090909092,10.090909090909092,10.090909090909092,10.090909090909092,10.090909090909092,0.0,0.0,0.95004500450045,0.95004500450045,0.95004500450045,0.95004500450045,0.95004500450045,0.0,0.0,999.0,999.0,999,999,999,0.0,0.0,99.0,99.0,99,99,99,0.0,0.0,0.2601566,0.215641,0.386697,0.166413,0.386697,0.00797712557504,0.08931475564003968
a,simple_similar_exact_most_shared,instance_0020.txt,5,5,0,0,4.0,4.0,4.0,4.0,4.0,0.0,0.0,0.2,0.2,0.2,0.2,0.2,0.0,0.0,12.0,12.0,12,12,12,0.0,0.0,3.0,3.0,3,3,3,0.0,0.0,0.0054696,0.005361,0.008502,0.003683,0.008502,2.780769039999999e-06,0.001667563803876781
a,simple_similar_exact_random,instance_0001.txt,5,5,0,0,2.8742753623188406,2.8333333333333335,2.9565217391304346,2.7916666666666665,2.9565217391304346,0.004741125813904629,0.06885583355028554,0.8083816425120773,0.8111111111111111,0.8028985507246378,0.8028985507246378,0.8138888888888889,2.1071670284020184e-05,0.004590388903352328,67.8,68.0,68,67,68,0.16,0.4,23.6,24.0,24,23,24,0.24,0.4898979485566356,0.031365599999999993,0.028352,0.024248,0.024248,0.04414,4.744636264e-05,0.006888132013833649
a,simple_similar_exact_random,instance_0002.txt,5,5,0,0,1.4,1.0,1.0,1.0,2.0,0.24,0.4898979485566356,0.3,0.5,0.5,0.0,0.5,0.06000000000000001,0.24494897427831783,2.0,2.0,2,2,2,0.0,0.0,1.6,2.0,2,1,2,0.24,0.4898979485566356,0.009092800000000002,0.008488,0.004241,0.004241,0.015135,1.3041238159999998e-05,0.0036112654513341994
a,simple_similar_exact_random,instance_0003.txt,5,5,0,0,3.0295611577964516,3.0285714285714285,3.0285714285714285,2.9444444444444446,3.1176470588235294,0.003001383908683293,0.0547848875939642,0.7475365701836291,0.7476190476190476,0.7476190476190476,0.7401960784313726,0.7546296296296297,2.0842943810300643e-05,0.004565407299497017,106.0,106.0,106,106,106,0.0,0.0,35.0,35.0,35,34,36,0.4,0.6324555320336759,0.0363976,0.035377,0.044527,0.028023,0.044527,3.550708624e-05,0.005958782278284717
a,simple_similar_exact_random,instance_0004.txt,5,5,0,0,1.8657142857142859,1.8571428571428572,1.8571428571428572,1.8571428571428572,1.9,0.0002938775510204061,0.017142857142857085,0.4669387755102041,0.4693877551020408,0.4693877551020408,0.4571428571428572,0.4693877551020408,2.3990004164930983e-05,0.004897959183673439,38.8,39.0,39,38,39,0.16,0.4,20.8,21.0,21,20,21,0.15999999999999998,0.39999999999999997,0.0211536,0.021503,0.023626,0.017351,0.023626,5.6085622400000044e-06,0.0023682403256426498
a,simple_similar_exact_random,instance_0005.txt,5,5,0,0,32.552592592592596,32.55555555555556,32.55555555555556,32.54814814814815,32.55555555555556,1.3168724279831087e-05,0.0036288736930115226,0.8169917493037662,0.8169750917467011,0.8169750917467011,0.8169750917467011,0.8170167356393638,4.162113110646275e-10,2.040125758537026e-05,4394.6,4395.0,4395,4394,4395,0.24,0.4898979485566356,135.0,135.0,135,135,135,0.0,0.0,1.0817648,0.970049,0.825728,0.825728,1.419065,0.05095453979536,0.22573112278850696
a,simple_similar_exact_random,instance_0006.txt,5,5,0,0,27.602836879432623,27.602836879432623,27.602836879432623,27.602836879432623,27.602836879432623,0.0,0.0,0.9600537816506038,0.960053781650604,0.960053781650604,0.960053781650604,0.960053781650604,1.232595164407831e-32,1.1102230246251565e-16,3892.0,3892.0,3892,3892,3892,0.0,0.0,141.0,141.0,141,141,141,0.0,0.0,1.0010522,0.997707,0.997707,0.890181,1.146304,0.007927537740559999,0.08903672130396537
a,simple_similar_exact_random,instance_0007.txt,5,5,0,0,26.53103448275862,26.53103448275862,26.53103448275862,26.53103448275862,26.53103448275862,0.0,0.0,0.9323619261115141,0.932361926111514,0.932361926111514,0.932361926111514,0.932361926111514,1.232595164407831e-32,1.1102230246251565e-16,3847.0,3847.0,3847,3847,3847,0.0,0.0,145.0,145.0,145,145,145,0.0,0.0,0.9973474,0.996343,0.959299,0.959299,1.037497,0.0006715680170399985,0.025914629401942033
a,simple_similar_exact_random,instance_0008.txt,5,5,0,0,21.978533094812164,22.007751937984494,22.015503875968992,21.846153846153847,22.015503875968992,0.004393084877338251,0.06628035061266839,0.8651136958080121,0.8649343743878208,0.8648867993171578,0.8648867993171578,0.8659261316301028,1.6546566872379108e-07,0.000406774714951398,2839.6,2840.0,2840,2839,2840,0.24,0.4898979485566356,129.2,129.0,129,129,130,0.16000000000000003,0.4,0.6263460000000001,0.625814,0.718927,0.530648,0.718927,0.0037275005803999992,0.061053260194685745
a,simple_similar_exact_random,instance_0009.txt,5,5,0,0,2.3522727272727275,2.375,2.375,2.3181818181818183,2.375,0.0007747933884297475,0.027835110713445126,0.467409948542024,0.46226415094339623,0.46226415094339623,0.46226415094339623,0.4751286449399657,3.971884938906527e-05,0.0063022892181385385,152.4,152.0,152,152,153,0.24,0.4898979485566356,64.8,64.0,64,64,66,0.96,0.9797958971132712,0.10444740000000001,0.09318,0.086478,0.086478,0.152208,0.0005975003790400003,0.02444382087645056
a,simple_similar_exact_random,instance_0010.txt,5,5,0,0,5.922697560930006,5.918644067796611,5.918644067796611,5.898648648648648,5.938775510204081,0.00022564254016017757,0.015021402736102163,0.6538912576200713,0.6541281343804008,0.6541281343804008,0.6529516994633274,0.6552966204128995,7.705609676884351e-07,0.0008778160215491826,1746.0,1746.0,1746,1746,1746,0.0,0.0,294.8,295.0,295,294,296,0.5599999999999999,0.7483314773547882,1.0541996,1.046527,0.963015,0.963015,1.123883,0.003285767843839999,0.057321617596156504
a,simple_similar_exact_random,instance_0011.txt,5,5,0,0,6.8166666666666655,6.816666666666666,6.816666666666666,6.816666666666666,6.816666666666666,7.888609052210118e-31,8.881784197001252e-16,0.5954500494559842,0.5954500494559842,0.5954500494559842,0.5954500494559842,0.5954500494559842,0.0,0.0,2045.0,2045.0,2045,2045,2045,0.0,0.0,300.0,300.0,300,300,300,0.0,0.0,1.2747848000000002,1.286522,1.078232,1.078232,1.447283,0.014145698097360002,0.11893568891363097
a,simple_similar_exact_random,instance_0012.txt,5,5,0,0,2.2181012658227846,2.2125,2.2125,2.2125,2.240506329113924,0.00012549671526998913,0.011202531645569636,0.8028354430379748,0.8033333333333333,0.8033333333333333,0.8008438818565401,0.8033333333333333,9.915789848492928e-07,0.000995780590717299,177.0,177.0,177,177,177,0.0,0.0,79.8,80.0,80,79,80,0.16,0.4,0.15868639999999998,0.156448,0.156448,0.131206,0.17595,0.0002641046698400002,0.016251297481739733
a,simple_similar_exact_random,instance_0013.txt,5,5,0,0,12.62534435261708,12.62534435261708,12.62534435261708,12.62534435261708,12.62534435261708,0.0,0.0,0.8924446418191205,0.8924446418191206,0.8924446418191206,0.8924446418191206,0.8924446418191206,1.232595164407831e-32,1.1102230246251565e-16,4583.0,4583.0,4583,4583,4583,0.0,0.0,363.0,363.0,363,363,363,0.0,0.0,3.3985854000000004,3.371978,2.972458,2.972458,3.886428,0.14669495341264,0.3830077720003081
a,simple_similar_exact_random,instance_0014.txt,5,5,0,0,20.58244680851064,20.58244680851064,20.58244680851064,20.58244680851064,20.58244680851064,0.0,0.0,0.8866832257789705,0.8866832257789704,0.8866832257789704,0.8866832257789704,0.8866832257789704,1.232595164407831e-32,1.1102230246251565e-16,7739.0,7739.0,7739,7739,7739,0.0,0.0,376.0,376.0,376,376,376,0.0,0.0,5.9128278,5.811844,5.267308,5.267308,6.739412,0.2428453619705599,0.49279342728019404
a,simple_similar_exact_random,instance_0015.txt,5,5,0,0,10.725947521865889,10.725947521865889,10.725947521865889,10.725947521865889,10.725947521865889,0.0,0.0,0.9281744585589337,0.9281744585589338,0.9281744585589338,0.9281744585589338,0.9281744585589338,1.232595164407831e-32,1.1102230246251565e-16,3679.0,3679.0,3679,3679,3679,0.0,0.0,343.0,343.0,343,343,343,0.0,0.0,2.7501808,2.668839,2.399137,2.399137,3.210448,0.07553116101256,0.27482933069918136
a,simple_similar_exact_random,instance_0016.txt,5,5,0,0,9.661971830985916,9.661971830985916,9.661971830985916,9.661971830985916,9.661971830985916,0.0,0.0,0.8863297431648716,0.8863297431648716,0.8863297431648716,0.8863297431648716,0.8863297431648716,0.0,0.0,686.0,686.0,686,686,686,0.0,0.0,71.0,71.0,71,71,71,0.0,0.0,0.1300402,0.130308,0.121591,0.121591,0.138299,2.833790216000001e-05,0.005323335623460164
a,simple_similar_exact_random,instance_0017.txt,5,5,0,0,3.804347826086956,3.8043478260869565,3.8043478260869565,3.8043478260869565,3.8043478260869565,1.9721522630525295e-31,4.440892098500626e-16,0.8957712924359738,0.8957712924359739,0.8957712924359739,0.8957712924359739,0.8957712924359739,1.232595164407831e-32,1.1102230246251565e-16,175.0,175.0,175,175,175,0.0,0.0,46.0,46.0,46,46,46,0.0,0.0,0.0604958,0.046646,0.046646,0.034354,0.10311,0.0006672096937599998,0.02583040250867183
a,simple_similar_exact_random,instance_0018.txt,5,5,0,0,15.855263157894736,15.855263157894736,15.855263157894736,15.855263157894736,15.855263157894736,0.0,0.0,0.8647161846596012,0.8647161846596012,0.8647161846596012,0.8647161846596012,0.8647161846596012,0.0,0.0,1205.0,1205.0,1205,1205,1205,0.0,0.0,76.0,76.0,76,76,76,0.0,0.0,0.23106659999999998,0.210702,0.210702,0.200091,0.316056,0.0018453456906400005,0.042957487014954686
a,simple_similar_exact_random,instance_0019.txt,5,5,0,0,9.99,9.99,9.99,9.99,9.99,0.0,0.0,0.9505445544554455,0.9505445544554455,0.9505445544554455,0.9505445544554455,0.9505445544554455,0.0,0.0,999.0,999.0,999,999,999,0.0,0.0,100.0,100.0,100,100,100,0.0,0.0,0.35114399999999996,0.342442,0.342442,0.308271,0.389609,0.0009198183391999996,0.0303285070387581
a,simple_similar_exact_random,instance_0020.txt,5,5,0,0,4.0,4.0,4.0,4.0,4.0,0.0,0.0,0.2,0.2,0.2,0.2,0.2,0.0,0.0,12.0,12.0,12,12,12,0.0,0.0,3.0,3.0,3,3,3,0.0,0.0,0.012421999999999999,0.00911,0.007721,0.007721,0.021173,2.5577017200000002e-05,0.0050573725589479765
a,simple_similar_exact_smaller,instance_0001.txt,5,5,0,0,2.8333333333333335,2.8333333333333335,2.8333333333333335,2.8333333333333335,2.8333333333333335,0.0,0.0,0.8111111111111111,0.8111111111111111,0.8111111111111111,0.8111111111111111,0.8111111111111111,0.0,0.0,68.0,68.0,68,68,68,0.0,0.0,24.0,24.0,24,24,24,0.0,0.0,0.0371258,0.036835,0.036835,0.027695,0.048737,4.803764416000001e-05,0.006930919431071177
a,simple_similar_exact_smaller,instance_0002.txt,5,5,0,0,1.0,1.0,1.0,1.0,1.0,0.0,0.0,0.5,0.5,0.5,0.5,0.5,0.0,0.0,2.0,2.0,2,2,2,0.0,0.0,2.0,2.0,2,2,2,0.0,0.0,0.011117200000000002,0.010706,0.013103,0.008052,0.015017,6.904124560000001e-06,0.0026275700866009266
a,simple_similar_exact_smaller,instance_0003.txt,5,5,0,0,3.0285714285714285,3.0285714285714285,3.0285714285714285,3.0285714285714285,3.0285714285714285,0.0,0.0,0.7476190476190476,0.7476190476190476,0.7476190476190476,0.7476190476190476,0.7476190476190476,0.0,0.0,106.0,106.0,106,106,106,0.0,0.0,35.0,35.0,35,35,35,0.0,0.0,0.050824400000000006,0.045739,0.033156,0.033156,0.07949,0.00026438240504000004,0.016259840252597812
a,simple_similar_exact_smaller,instance_0004.txt,5,5,0,0,1.8571428571428572,1.8571428571428572,1.8571428571428572,1.8571428571428572,1.8571428571428572,0.0,0.0,0.4693877551020408,0.4693877551020408,0.4693877551020408,0.4693877551020408,0.4693877551020408,0.0,0.0,39.0,39.0,39,39,39,0.0,0.0,21.0,21.0,21,21,21,0.0,0.0,0.02703,0.02607,0.02607,0.023148,0.031402,1.31992432e-05,0.0036330762722519326
a,simple_similar_exact_smaller,instance_0005.txt,5,5,0,0,32.54814814814815,32.54814814814815,32.54814814814815,32.54814814814815,32.54814814814815,0.0,0.0,0.8170167356393637,0.8170167356393638,0.8170167356393638,0.8170167356393638,0.8170167356393638,1.232595164407831e-32,1.1102230246251565e-16,4394.0,4394.0,4394,4394,4394,0.0,0.0,135.0,135.0,135,135,135,0.0,0.0,0.8841764,0.882616,0.84648,0.803114,0.961362,0.003162538082240001,0.05623644798740405
a,simple_similar_exact_smaller,instance_0006.txt,5,5,0,0,27.602836879432623,27.602836879432623,27.602836879432623,27.602836879432623,27.602836879432623,0.0,0.0,0.9600537816506038,0.960053781650604,0.960053781650604,0.960053781650604,0.960053781650604,1.232595164407831e-32,1.1102230246251565e-16,3892.0,3892.0,3892,3892,3892,0.0,0.0,141.0,141.0,141,141,141,0.0,0.0,0.708601,0.726104,0.736141,0.603966,0.84247,0.0070902543448000035,0.08420364804923837
a,simple_similar_exact_smaller,instance_0007.txt,5,5,0,0,26.53103448275862,26.53103448275862,26.53103448275862,26.53103448275862,26.53103448275862,0.0,0.0,0.9323619261115141,0.932361926111514,0.932361926111514,0.932361926111514,0.932361926111514,1.232595164407831e-32,1.1102230246251565e-16,3847.0,3847.0,3847,3847,3847,0.0,0.0,145.0,145.0,145,145,145,0.0,0.0,0.6703564,0.642168,0.642168,0.613584,0.781474,0.0035181668954400004,0.05931413739944298
a,simple_similar_exact_smaller,instance_0008.txt,5,5,0,0,22.007751937984494,22.007751937984494,22.007751937984494,22.007751937984494,22.007751937984494,0.0,0.0,0.8649343743878208,0.8649343743878208,0.8649343743878208,0.8649343743878208,0.8649343743878208,0.0,0.0,2839.0,2839.0,2839,2839,2839,0.0,0.0,129.0,129.0,129,129,129,0.0,0.0,0.41370900000000005,0.441321,0.512205,0.31099,0.512205,0.0062968183572,0.07935249433508691
a,simple_similar_exact_smaller,instance_0009.txt,5,5,0,0,2.375,2.375,2.375,2.375,2.375,0.0,0.0,0.46226415094339623,0.46226415094339623,0.46226415094339623,0.46226415094339623,0.46226415094339623,0.0,0.0,152.0,152.0,152,152,152,0.0,0.0,64.0,64.0,64,64,64,0.0,0.0,0.0824264,0.064939,0.059699,0.059699,0.112767,0.00061201262704,0.02473888896130948
a,simple_similar_exact_smaller,instance_0010.txt,5,5,0,0,5.938775510204081,5.938775510204081,5.938775510204081,5.938775510204081,5.938775510204081,0.0,0.0,0.6529516994633274,0.6529516994633274,0.6529516994633274,0.6529516994633274,0.6529516994633274,0.0,0.0,1746.0,1746.0,1746,1746,1746,0.0,0.0,294.0,294.0,294,294,294,0.0,0.0,0.8656294000000001,0.867552,0.789029,0.789029,0.963094,0.00401364710464,0.06335335117134688
a,simple_similar_exact_smaller,instance_0011.txt,5,5,0,0,6.8166666666666655,6.816666666666666,6.816666666666666,6.816666666666666,6.816666666666666,7.888609052210118e-31,8.881784197001252e-16,0.5954500494559842,0.5954500494559842,0.5954500494559842,0.5954500494559842,0.5954500494559842,0.0,0.0,2045.0,2045.0,2045,2045,2045,0.0,0.0,300.0,300.0,300,300,300,0.0,0.0,0.8319751999999999,0.822156,0.74413,0.74413,0.978494,0.00729402256456,0.08540504999448217
a,simple_similar_exact_smaller,instance_0012.txt,5,5,0,0,2.2125,2.2125,2.2125,2.2125,2.2125,0.0,0.0,0.8033333333333333,0.8033333333333333,0.8033333333333333,0.8033333333333333,0.8033333333333333,0.0,0.0,177.0,177.0,177,177,177,0.0,0.0,80.0,80.0,80,80,80,0.0,0.0,0.08926719999999999,0.088766,0.067222,0.067222,0.122674,0.0003468822553600001,0.01862477531032254
a,simple_similar_exact_smaller,instance_0013.txt,5,5,0,0,12.62534435261708,12.62534435261708,12.62534435261708,12.62534435261708,12.62534435261708,0.0,0.0,0.8924446418191205,0.8924446418191206,0.8924446418191206,0.8924446418191206,0.8924446418191206,1.232595164407831e-32,1.1102230246251565e-16,4583.0,4583.0,4583,4583,4583,0.0,0.0,363.0,363.0,363,363,363,0.0,0.0,2.4281052,2.234681,2.176501,2.176501,2.850405,0.07680411697855997,0.2771355570448512
a,simple_similar_exact_smaller,instance_0014.txt,5,5,0,0,20.58244680851064,20.58244680851064,20.58244680851064,20.58244680851064,20.58244680851064,0.0,0.0,0.8866832257789705,0.8866832257789704,0.8866832257789704,0.8866832257789704,0.8866832257789704,1.232595164407831e-32,1.1102230246251565e-16,7739.0,7739.0,7739,7739,7739,0.0,0.0,376.0,376.0,376,376,376,0.0,0.0,3.967282,3.916352,4.055615,3.59404,4.652356,0.14819952901080008,0.38496691937204175
a,simple_similar_exact_smaller,instance_0015.txt,5,5,0,0,10.725947521865889,10.725947521865889,10.725947521865889,10.725947521865889,10.725947521865889,0.0,0.0,0.9281744585589337,0.9281744585589338,0.9281744585589338,0.9281744585589338,0.9281744585589338,1.232595164407831e-32,1.1102230246251565e-16,3679.0,3679.0,3679,3679,3679,0.0,0.0,343.0,343.0,343,343,343,0.0,0.0,1.8435434000000002,1.877029,1.538876,1.538876,2.159139,0.04038748255384003,0.20096637169894876
a,simple_similar_exact_smaller,instance_0016.txt,5,5,0,0,9.661971830985916,9.661971830985916,9.661971830985916,9.661971830985916,9.661971830985916,0.0,0.0,0.8863297431648716,0.8863297431648716,0.8863297431648716,0.8863297431648716,0.8863297431648716,0.0,0.0,686.0,686.0,686,686,686,0.0,0.0,71.0,71.0,71,71,71,0.0,0.0,0.167757,0.178849,0.180698,0.127875,0.196654,0.0005772725564000002,0.0240264969648095
a,simple_similar_exact_smaller,instance_0017.txt,5,5,0,0,3.804347826086956,3.8043478260869565,3.8043478260869565,3.8043478260869565,3.8043478260869565,1.9721522630525295e-31,4.440892098500626e-16,0.8957712924359738,0.8957712924359739,0.8957712924359739,0.8957712924359739,0.8957712924359739,1.232595164407831e-32,1.1102230246251565e-16,175.0,175.0,175,175,175,0.0,0.0,46.0,46.0,46,46,46,0.0,0.0,0.033171799999999994,0.033816,0.025747,0.025747,0.038723,1.9060657360000005e-05,0.004365851275524626
a,simple_similar_exact_smaller,instance_0018.txt,5,5,0,0,15.855263157894736,15.855263157894736,15.855263157894736,15.855263157894736,15.855263157894736,0.0,0.0,0.8647161846596012,0.8647161846596012,0.8647161846596012,0.8647161846596012,0.8647161846596012,0.0,0.0,1205.0,1205.0,1205,1205,1205,0.0,0.0,76.0,76.0,76,76,76,0.0,0.0,0.1733174,0.168001,0.144708,0.144708,0.214493,0.0005881305514399999,0.024251403081883734
a,simple_similar_exact_smaller,instance_0019.txt,5,5,0,0,9.99,9.99,9.99,9.99,9.99,0.0,0.0,0.9505445544554455,0.9505445544554455,0.9505445544554455,0.9505445544554455,0.9505445544554455,0.0,0.0,999.0,999.0,999,999,999,0.0,0.0,100.0,100.0,100,100,100,0.0,0.0,0.180629,0.175191,0.175191,0.17268,0.192732,7.718571639999995e-05,0.008785540188286657
a,simple_similar_exact_smaller,instance_0020.txt,5,5,0,0,5.0,5.0,5.0,5.0,5.0,0.0,0.0,0.0,0.0,0.0,0.0,0.0,0.0,0.0,10.0,10.0,10,10,10,0.0,0.0,2.0,2.0,2,2,2,0.0,0.0,0.0069328,0.007743,0.007743,0.003554,0.009134,3.5834197600000004e-06,0.0018929922767935428
a,simple_similar_multi_bigger,instance_0001.txt,5,5,0,0,3.4,3.4,3.4,3.4,3.4,0.0,0.0,0.7733333333333333,0.7733333333333333,0.7733333333333333,0.7733333333333333,0.7733333333333333,0.0,0.0,68.0,68.0,68,68,68,0.0,0.0,20.0,20.0,20,20,20,0.0,0.0,0.0045734,0.004307,0.004307,0.003697,0.006551,1.0348886400000003e-06,0.0010172947655424165
a,simple_similar_multi_bigger,instance_0002.txt,5,5,0,0,2.0,2.0,2.0,2.0,2.0,0.0,0.0,0.0,0.0,0.0,0.0,0.0,0.0,0.0,2.0,2.0,2,2,2,0.0,0.0,1.0,1.0,1,1,1,0.0,0.0,0.0001362,0.000137,0.000139,0.000123,0.000147,6.015999999999992e-11,7.756287771866122e-06
a,simple_similar_multi_bigger,instance_0003.txt,5,5,0,0,3.0285714285714285,3.0285714285714285,3.0285714285714285,3.0285714285714285,3.0285714285714285,0.0,0.0,0.7476190476190476,0.7476190476190476,0.7476190476190476,0.7476190476190476,0.7476190476190476,0.0,0.0,106.0,106.0,106,106,106,0.0,0.0,35.0,35.0,35,35,35,0.0,0.0,0.008347,0.008835,0.009124,0.005848,0.009719,1.7976604000000005e-06,0.0013407685855508402
a,simple_similar_multi_bigger,instance_0004.txt,5,5,0,0,1.8571428571428572,1.8571428571428572,1.8571428571428572,1.8571428571428572,1.8571428571428572,0.0,0.0,0.4693877551020408,0.4693877551020408,0.4693877551020408,0.4693877551020408,0.4693877551020408,0.0,0.0,39.0,39.0,39,39,39,0.0,0.0,21.0,21.0,21,21,21,0.0,0.0,0.0018904,0.001979,0.001979,0.001424,0.002302,9.016183999999999e-08,0.0003002696121821187
a,simple_similar_multi_bigger,instance_0005.txt,5,5,0,0,32.54814814814815,32.54814814814815,32.54814814814815,32.54814814814815,32.54814814814815,0.0,0.0,0.8170167356393637,0.8170167356393638,0.8170167356393638,0.8170167356393638,0.8170167356393638,1.232595164407831e-32,1.1102230246251565e-16,4394.0,4394.0,4394,4394,4394,0.0,0.0,135.0,135.0,135,135,135,0.0,0.0,0.28322919999999996,0.292478,0.221846,0.221846,0.326668,0.0014829102501600004,0.038508573722743876
a,simple_similar_multi_bigger,instance_0006.txt,5,5,0,0,27.602836879432623,27.602836879432623,27.602836879432623,27.602836879432623,27.602836879432623,0.0,0.0,0.9600537816506038,0.960053781650604,0.960053781650604,0.960053781650604,0.960053781650604,1.232595164407831e-32,1.1102230246251565e-16,3892.0,3892.0,3892,3892,3892,0.0,0.0,141.0,141.0,141,141,141,0.0,0.0,0.3633596,0.366579,0.318065,0.307387,0.43932,0.0022905465766399993,0.047859654999174404
a,simple_similar_multi_bigger,instance_0007.txt,5,5,0,0,26.53103448275862,26.53103448275862,26.53103448275862,26.53103448275862,26.53103448275862,0.0,0.0,0.9323619261115141,0.932361926111514,0.932361926111514,0.932361926111514,0.932361926111514,1.232595164407831e-32,1.1102230246251565e-16,3847.0,3847.0,3847,3847,3847,0.0,0.0,145.0,145.0,145,145,145,0.0,0.0,0.31540300000000004,0.307925,0.287462,0.27964,0.384458,0.0013777458576000007,0.03711799910555526
a,simple_similar_multi_bigger,instance_0008.txt,5,5,0,0,22.1875,22.1875,22.1875,22.1875,22.1875,0.0,0.0,0.8638312274368231,0.8638312274368231,0.8638312274368231,0.8638312274368231,0.8638312274368231,0.0,0.0,2840.0,2840.0,2840,2840,2840,0.0,0.0,128.0,128.0,128,128,128,0.0,0.0,0.2870268,0.296914,0.300509,0.213588,0.331169,0.00153128986136,0.03913169893270672
a,simple_similar_multi_bigger,instance_0009.txt,5,5,0,0,2.25,2.25,2.25,2.25,2.25,0.0,0.0,0.4905660377358491,0.4905660377358491,0.4905660377358491,0.4905660377358491,0.4905660377358491,0.0,0.0,153.0,153.0,153,153,153,0.0,0.0,68.0,68.0,68,68,68,0.0,0.0,0.0284016,0.025554,0.025502,0.024294,0.035436,1.8165264640000008e-05,0.004262072810264978
a,simple_similar_multi_bigger,instance_0010.txt,5,5,0,0,5.918644067796611,5.918644067796611,5.918644067796611,5.918644067796611,5.918644067796611,0.0,0.0,0.6541281343804008,0.6541281343804008,0.6541281343804008,0.6541281343804008,0.6541281343804008,0.0,0.0,1746.0,1746.0,1746,1746,1746,0.0,0.0,295.0,295.0,295,295,295,0.0,0.0,0.5953666,0.606044,0.479243,0.479243,0.655884,0.0038791826086400014,0.062283084450274306
a,simple_similar_multi_bigger,instance_0011.txt,5,5,0,0,6.771523178807948,6.771523178807947,6.771523178807947,6.771523178807947,6.771523178807947,7.888609052210118e-31,8.881784197001252e-16,0.5981291882013089,0.5981291882013089,0.5981291882013089,0.5981291882013089,0.5981291882013089,0.0,0.0,2045.0,2045.0,2045,2045,2045,0.0,0.0,302.0,302.0,302,302,302,0.0,0.0,0.5088614,0.490124,0.45995,0.45995,0.581805,0.0020647815210399997,0.045439867088714066
a,simple_similar_multi_bigger,instance_0012.txt,5,5,0,0,2.36,2.36,2.36,2.36,2.36,0.0,0.0,0.7902222222222223,0.7902222222222223,0.7902222222222223,0.7902222222222223,0.7902222222222223,0.0,0.0,177.0,177.0,177,177,177,0.0,0.0,75.0,75.0,75,75,75,0.0,0.0,0.0420372,0.045306,0.03008,0.03008,0.047918,4.046556216e-05,0.006361254763016491
a,simple_similar_multi_bigger,instance_0013.txt,5,5,0,0,12.62534435261708,12.62534435261708,12.62534435261708,12.62534435261708,12.62534435261708,0.0,0.0,0.8924446418191205,0.8924446418191206,0.8924446418191206,0.8924446418191206,0.8924446418191206,1.232595164407831e-32,1.1102230246251565e-16,4583.0,4583.0,4583,4583,4583,0.0,0.0,363.0,363.0,363,363,363,0.0,0.0,1.0065572,1.044927,0.848614,0.848614,1.192081,0.01807334179496,0.13443712952514272
a,simple_similar_multi_bigger,instance_0014.txt,5,5,0,0,20.58244680851064,20.58244680851064,20.58244680851064,20.58244680851064,20.58244680851064,0.0,0.0,0.8866832257789705,0.8866832257789704,0.8866832257789704,0.8866832257789704,0.8866832257789704,1.232595164407831e-32,1.1102230246251565e-16,7739.0,7739.0,7739,7739,7739,0.0,0.0,376.0,376.0,376,376,376,0.0,0.0,1.5279074000000001,1.58924,1.471004,1.285295,1.649952,0.018848704037439993,0.1372905824790615
a,simple_similar_multi_bigger,instance_0015.txt,5,5,0,0,10.725947521865889,10.725947521865889,10.725947521865889,10.725947521865889,10.725947521865889,0.0,0.0,0.9281744585589337,0.9281744585589338,0.9281744585589338,0.9281744585589338,0.9281744585589338,1.232595164407831e-32,1.1102230246251565e-16,3679.0,3679.0,3679,3679,3679,0.0,0.0,343.0,343.0,343,343,343,0.0,0.0,0.9109771999999999,0.911668,0.832435,0.832435,0.99611,0.004620874883760001,0.06797701732026788
a,simple_similar_multi_bigger,instance_0016.txt,5,5,0,0,9.661971830985916,9.661971830985916,9.661971830985916,9.661971830985916,9.661971830985916,0.0,0.0,0.8863297431648716,0.8863297431648716,0.8863297431648716,0.8863297431648716,0.8863297431648716,0.0,0.0,686.0,686.0,686,686,686,0.0,0.0,71.0,71.0,71,71,71,0.0,0.0,0.028232599999999997,0.025095,0.024446,0.021883,0.037992,3.441943783999999e-05,0.005866808147536443
a,simple_similar_multi_bigger,instance_0017.txt,5,5,0,0,3.804347826086956,3.8043478260869565,3.8043478260869565,3.8043478260869565,3.8043478260869565,1.9721522630525295e-31,4.440892098500626e-16,0.8957712924359738,0.8957712924359739,0.8957712924359739,0.8957712924359739,0.8957712924359739,1.232595164407831e-32,1.1102230246251565e-16,175.0,175.0,175,175,175,0.0,0.0,46.0,46.0,46,46,46,0.0,0.0,0.013588,0.012964,0.013014,0.011669,0.017474,4.0187539999999995e-06,0.002004683017337155
a,simple_similar_multi_bigger,instance_0018.txt,5,5,0,0,15.855263157894736,15.855263157894736,15.855263157894736,15.855263157894736,15.855263157894736,0.0,0.0,0.8647161846596012,0.8647161846596012,0.8647161846596012,0.8647161846596012,0.8647161846596012,0.0,0.0,1205.0,1205.0,1205,1205,1205,0.0,0.0,76.0,76.0,76,76,76,0.0,0.0,0.05892499999999999,0.056509,0.037624,0.037624,0.076828,0.00019012776279999993,0.013788682417112954
a,simple_similar_multi_bigger,instance_0019.txt,5,5,0,0,10.090909090909092,10.090909090909092,10.090909090909092,10.090909090909092,10.090909090909092,0.0,0.0,0.95004500450045,0.95004500450045,0.95004500450045,0.95004500450045,0.95004500450045,0.0,0.0,999.0,999.0,999,999,999,0.0,0.0,99.0,99.0,99,99,99,0.0,0.0,0.1351176,0.146112,0.146112,0.111067,0.15313,0.00034469256504,0.018565897905568694
a,simple_similar_multi_bigger,instance_0020.txt,5,5,0,0,4.0,4.0,4.0,4.0,4.0,0.0,0.0,0.2,0.2,0.2,0.2,0.2,0.0,0.0,12.0,12.0,12,12,12,0.0,0.0,3.0,3.0,3,3,3,0.0,0.0,0.0001382,0.00013,0.000127,0.000127,0.000165,1.9976000000000007e-10,1.4133647795243804e-05
a,simple_similar_multi_most_shared,instance_0001.txt,5,5,0,0,2.72,2.72,2.72,2.72,2.72,0.0,0.0,0.8186666666666668,0.8186666666666667,0.8186666666666667,0.8186666666666667,0.8186666666666667,1.232595164407831e-32,1.1102230246251565e-16,68.0,68.0,68,68,68,0.0,0.0,25.0,25.0,25,25,25,0.0,0.0,0.0087076,0.008264,0.010372,0.006638,0.011564,3.887946239999999e-06,0.001971787574765598
a,simple_similar_multi_most_shared,instance_0002.txt,5,5,0,0,1.0,1.0,1.0,1.0,1.0,0.0,0.0,0.5,0.5,0.5,0.5,0.5,0.0,0.0,2.0,2.0,2,2,2,0.0,0.0,2.0,2.0,2,2,2,0.0,0.0,0.0002026,0.00019,0.000185,0.000178,0.000255,7.650400000000004e-10,2.7659356463952672e-05
a,simple_similar_multi_most_shared,instance_0003.txt,5,5,0,0,3.0285714285714285,3.0285714285714285,3.0285714285714285,3.0285714285714285,3.0285714285714285,0.0,0.0,0.7476190476190476,0.7476190476190476,0.7476190476190476,0.7476190476190476,0.7476190476190476,0.0,0.0,106.0,106.0,106,106,106,0.0,0.0,35.0,35.0,35,35,35,0.0,0.0,0.0134946,0.011772,0.011772,0.009083,0.020372,1.8500600240000003e-05,0.004301232409438021
a,simple_similar_multi_most_shared,instance_0004.txt,5,5,0,0,1.8571428571428572,1.8571428571428572,1.8571428571428572,1.8571428571428572,1.8571428571428572,0.0,0.0,0.4693877551020408,0.4693877551020408,0.4693877551020408,0.4693877551020408,0.4693877551020408,0.0,0.0,39.0,39.0,39,39,39,0.0,0.0,21.0,21.0,21,21,21,0.0,0.0,0.0026828,0.002634,0.002209,0.001796,0.003725,4.4685976000000005e-07,0.0006684756988851577
a,simple_similar_multi_most_shared,instance_0005.txt,5,5,0,0,33.037593984962406,33.037593984962406,33.037593984962406,33.037593984962406,33.037593984962406,0.0,0.0,0.8142651076038657,0.8142651076038656,0.8142651076038656,0.8142651076038656,0.8142651076038656,1.232595164407831e-32,1.1102230246251565e-16,4394.0,4394.0,4394,4394,4394,0.0,0.0,133.0,133.0,133,133,133,0.0,0.0,0.290809,0.278699,0.259791,0.246228,0.354355,0.001543635733999999,0.03928912997255092
a,simple_similar_multi_most_shared,instance_0006.txt,5,5,0,0,27.602836879432623,27.602836879432623,27.602836879432623,27.602836879432623,27.602836879432623,0.0,0.0,0.9600537816506038,0.960053781650604,0.960053781650604,0.960053781650604,0.960053781650604,1.232595164407831e-32,1.1102230246251565e-16,3892.0,3892.0,3892,3892,3892,0.0,0.0,141.0,141.0,141,141,141,0.0,0.0,0.4014894,0.356529,0.321961,0.321961,0.515526,0.005533307773840003,0.07438620687896381
a,simple_similar_multi_most_shared,instance_0007.txt,5,5,0,0,26.53103448275862,26.53103448275862,26.53103448275862,26.53103448275862,26.53103448275862,0.0,0.0,0.9323619261115141,0.932361926111514,0.932361926111514,0.932361926111514,0.932361926111514,1.232595164407831e-32,1.1102230246251565e-16,3847.0,3847.0,3847,3847,3847,0.0,0.0,145.0,145.0,145,145,145,0.0,0.0,0.387838,0.403104,0.311955,0.311955,0.419829,0.001607778006400001,0.040097107207378455
a,simple_similar_multi_most_shared,instance_0008.txt,5,5,0,0,22.007751937984494,22.007751937984494,22.007751937984494,22.007751937984494,22.007751937984494,0.0,0.0,0.8649343743878208,0.8649343743878208,0.8649343743878208,0.8649343743878208,0.8649343743878208,0.0,0.0,2839.0,2839.0,2839,2839,2839,0.0,0.0,129.0,129.0,129,129,129,0.0,0.0,0.3527056,0.326474,0.322415,0.270138,0.477251,0.0048292244178400005,0.06949262131938902
a,simple_similar_multi_most_shared,instance_0009.txt,5,5,0,0,2.303030303030303,2.303030303030303,2.303030303030303,2.303030303030303,2.303030303030303,0.0,0.0,0.4785591766723842,0.47855917667238423,0.47855917667238423,0.47855917667238423,0.47855917667238423,3.0814879110195774e-33,5.551115123125783e-17,152.0,152.0,152,152,152,0.0,0.0,66.0,66.0,66,66,66,0.0,0.0,0.0270976,0.027909,0.028544,0.020552,0.033811,1.930971944e-05,0.0043942825853602084
a,simple_similar_multi_most_shared,instance_0010.txt,5,5,0,0,5.898648648648648,5.898648648648648,5.898648648648648,5.898648648648648,5.898648648648648,0.0,0.0,0.6552966204128995,0.6552966204128995,0.6552966204128995,0.6552966204128995,0.6552966204128995,0.0,0.0,1746.0,1746.0,1746,1746,1746,0.0,0.0,296.0,296.0,296,296,296,0.0,0.0,0.6540782,0.677104,0.516123,0.516123,0.745335,0.006202616570959998,0.07875669222967657
a,simple_similar_multi_most_shared,instance_0011.txt,5,5,0,0,6.794019933554817,6.794019933554817,6.794019933554817,6.794019933554817,6.794019933554817,0.0,0.0,0.5967940692252334,0.5967940692252334,0.5967940692252334,0.5967940692252334,0.5967940692252334,0.0,0.0,2045.0,2045.0,2045,2045,2045,0.0,0.0,301.0,301.0,301,301,301,0.0,0.0,0.4959668,0.513187,0.410101,0.410101,0.557875,0.00248305092096,0.04983022096037705
a,simple_similar_multi_most_shared,instance_0012.txt,5,5,0,0,2.185185185185185,2.185185185185185,2.185185185185185,2.185185185185185,2.185185185185185,0.0,0.0,0.805761316872428,0.805761316872428,0.805761316872428,0.805761316872428,0.805761316872428,0.0,0.0,177.0,177.0,177,177,177,0.0,0.0,81.0,81.0,81,81,81,0.0,0.0,0.050775,0.051969,0.051969,0.037313,0.059375,5.9872252799999994e-05,0.007737716252228431
a,simple_similar_multi_most_shared,instance_0013.txt,5,5,0,0,12.590659340659341,12.590659340659341,12.590659340659341,12.590659340659341,12.590659340659341,0.0,0.0,0.8927401235723649,0.8927401235723648,0.8927401235723648,0.8927401235723648,0.8927401235723648,1.232595164407831e-32,1.1102230246251565e-16,4583.0,4583.0,4583,4583,4583,0.0,0.0,364.0,364.0,364,364,364,0.0,0.0,1.1113614,1.131385,0.981824,0.981824,1.25018,0.011760926623040006,0.10844780598536793
a,simple_similar_multi_most_shared,instance_0014.txt,5,5,0,0,20.58244680851064,20.58244680851064,20.58244680851064,20.58244680851064,20.58244680851064,0.0,0.0,0.8866832257789705,0.8866832257789704,0.8866832257789704,0.8866832257789704,0.8866832257789704,1.232595164407831e-32,1.1102230246251565e-16,7739.0,7739.0,7739,7739,7739,0.0,0.0,376.0,376.0,376,376,376,0.0,0.0,1.638697,1.658563,1.364012,1.364012,1.881926,0.029390840808,0.1714375711680494
a,simple_similar_multi_most_shared,instance_0015.txt,5,5,0,0,10.725947521865889,10.725947521865889,10.725947521865889,10.725947521865889,10.725947521865889,0.0,0.0,0.9281744585589337,0.9281744585589338,0.9281744585589338,0.9281744585589338,0.9281744585589338,1.232595164407831e-32,1.1102230246251565e-16,3679.0,3679.0,3679,3679,3679,0.0,0.0,343.0,343.0,343,343,343,0.0,0.0,1.3900476,1.41644,1.233317,1.233317,1.453964,0.0065981046090399995,0.08122871788376325
a,simple_similar_multi_most_shared,instance_0016.txt,5,5,0,0,9.8,9.8,9.8,9.8,9.8,0.0,0.0,0.8847058823529412,0.8847058823529412,0.8847058823529412,0.8847058823529412,0.8847058823529412,0.0,0.0,686.0,686.0,686,686,686,0.0,0.0,70.0,70.0,70,70,70,0.0,0.0,0.0446248,0.043711,0.050682,0.042345,0.050682,9.63670855999999e-06,0.0031043048432781196
a,simple_similar_multi_most_shared,instance_0017.txt,5,5,0,0,3.804347826086956,3.8043478260869565,3.8043478260869565,3.8043478260869565,3.8043478260869565,1.9721522630525295e-31,4.440892098500626e-16,0.8957712924359738,0.8957712924359739,0.8957712924359739,0.8957712924359739,0.8957712924359739,1.232595164407831e-32,1.1102230246251565e-16,175.0,175.0,175,175,175,0.0,0.0,46.0,46.0,46,46,46,0.0,0.0,0.019209999999999998,0.018429,0.018429,0.017902,0.021598,2.1412347999999983e-06,0.0014632958689205673
a,simple_similar_multi_most_shared,instance_0018.txt,5,5,0,0,15.855263157894736,15.855263157894736,15.855263157894736,15.855263157894736,15.855263157894736,0.0,0.0,0.8647161846596012,0.8647161846596012,0.8647161846596012,0.8647161846596012,0.8647161846596012,0.0,0.0,1205.0,1205.0,1205,1205,1205,0.0,0.0,76.0,76.0,76,76,76,0.0,0.0,0.08557200000000001,0.074895,0.074895,0.054713,0.11326,0.0005168299827999999,0.022733895020431494
a,simple_similar_multi_most_shared,instance_0019.txt,5,5,0,0,9.99,9.99,9.99,9.99,9.99,0.0,0.0,0.9505445544554455,0.9505445544554455,0.9505445544554455,0.9505445544554455,0.9505445544554455,0.0,0.0,999.0,999.0,999,999,999,0.0,0.0,100.0,100.0,100,100,100,0.0,0.0,0.16036699999999998,0.156102,0.154151,0.151621,0.171341,6.437241639999992e-05,0.008023242262327613
a,simple_similar_multi_most_shared,instance_0020.txt,5,5,0,0,4.0,4.0,4.0,4.0,4.0,0.0,0.0,0.2,0.2,0.2,0.2,0.2,0.0,0.0,12.0,12.0,12,12,12,0.0,0.0,3.0,3.0,3,3,3,0.0,0.0,0.00018700000000000002,0.000188,0.000179,0.000179,0.000194,3.280000000000003e-11,5.727128425310544e-06
a,simple_similar_multi_random,instance_0001.txt,5,5,0,0,2.806608695652174,2.72,2.9565217391304346,2.68,2.9565217391304346,0.015195947069943243,0.1232718421617169,0.8128927536231885,0.8186666666666667,0.8028985507246378,0.8028985507246378,0.8213333333333334,6.75375425330805e-05,0.008218122810781091,67.8,68.0,68,67,68,0.16,0.4,24.2,25.0,25,23,25,0.96,0.9797958971132712,0.008289,0.007323,0.007003,0.006906,0.011204,2.703053200000001e-06,0.0016440964691890804
a,simple_similar_multi_random,instance_0002.txt,5,5,0,0,1.4,1.0,1.0,1.0,2.0,0.24,0.4898979485566356,0.3,0.5,0.5,0.0,0.5,0.06000000000000001,0.24494897427831783,2.0,2.0,2,2,2,0.0,0.0,1.6,2.0,2,1,2,0.24,0.4898979485566356,0.00023499999999999997,0.000242,0.000224,0.000199,0.000264,4.856000000000002e-10,2.2036333633342914e-05
a,simple_similar_multi_random,instance_0003.txt,5,5,0,0,3.0295611577964516,3.0285714285714285,3.0285714285714285,2.9444444444444446,3.1176470588235294,0.003001383908683293,0.0547848875939642,0.7475365701836291,0.7476190476190476,0.7476190476190476,0.7401960784313726,0.7546296296296297,2.0842943810300643e-05,0.004565407299497017,106.0,106.0,106,106,106,0.0,0.0,35.0,35.0,35,34,36,0.4,0.6324555320336759,0.0120948,0.012544,0.012716,0.009357,0.013347,1.964722959999999e-06,0.0014016857565089256
a,simple_similar_multi_random,instance_0004.txt,5,5,0,0,1.8476190476190475,1.8571428571428572,1.8571428571428572,1.8095238095238095,1.8571428571428572,0.0003628117913832208,0.01904761904761907,0.4721088435374149,0.4693877551020408,0.4693877551020408,0.4693877551020408,0.48299319727891155,2.961728909250782e-05,0.005442176870748306,38.8,39.0,39,38,39,0.16,0.4,21.0,21.0,21,21,21,0.0,0.0,0.0025841999999999996,0.002768,0.002768,0.002112,0.00311,1.5084415999999997e-07,0.00038838661150971716
a,simple_similar_multi_random,instance_0005.txt,5,5,0,0,32.552592592592596,32.55555555555556,32.55555555555556,32.54814814814815,32.55555555555556,1.3168724279831087e-05,0.0036288736930115226,0.8169917493037662,0.8169750917467011,0.8169750917467011,0.8169750917467011,0.8170167356393638,4.162113110646275e-10,2.040125758537026e-05,4394.6,4395.0,4395,4394,4395,0.24,0.4898979485566356,135.0,135.0,135,135,135,0.0,0.0,0.4336594,0.409016,0.338706,0.338706,0.510701,0.00422660088784,0.06501231335554827
a,simple_similar_multi_random,instance_0006.txt,5,5,0,0,27.602836879432623,27.602836879432623,27.602836879432623,27.602836879432623,27.602836879432623,0.0,0.0,0.9600537816506038,0.960053781650604,0.960053781650604,0.960053781650604,0.960053781650604,1.232595164407831e-32,1.1102230246251565e-16,3892.0,3892.0,3892,3892,3892,0.0,0.0,141.0,141.0,141,141,141,0.0,0.0,0.5757372000000001,0.596095,0.476227,0.476227,0.671328,0.004852240517760001,0.06965802550862321
a,simple_similar_multi_random,instance_0007.txt,5,5,0,0,26.53103448275862,26.53103448275862,26.53103448275862,26.53103448275862,26.53103448275862,0.0,0.0,0.9323619261115141,0.932361926111514,0.932361926111514,0.932361926111514,0.932361926111514,1.232595164407831e-32,1.1102230246251565e-16,3847.0,3847.0,3847,3847,3847,0.0,0.0,145.0,145.0,145,145,145,0.0,0.0,0.605955,0.604859,0.627129,0.558942,0.668046,0.0015501996556000009,0.03937257491706633
a,simple_similar_multi_random,instance_0008.txt,5,5,0,0,21.97853309481216,22.007751937984494,22.015503875968992,21.846153846153847,22.015503875968992,0.004393084877338251,0.06628035061266839,0.8651136958080119,0.8649343743878208,0.8648867993171578,0.8648867993171578,0.8659261316301028,1.6546566872379108e-07,0.000406774714951398,2839.6,2840.0,2840,2839,2840,0.24,0.4898979485566356,129.2,129.0,129,129,130,0.16,0.4,0.45556,0.447647,0.42756,0.414919,0.502368,0.0011148239660000012,0.03338897970888001
a,simple_similar_multi_random,instance_0009.txt,5,5,0,0,2.275296442687747,2.303030303030303,2.303030303030303,2.217391304347826,2.303030303030303,0.001260083217464215,0.035497650872476263,0.48483854127824594,0.47855917667238423,0.47855917667238423,0.47855917667238423,0.4979491386382281,6.459664767349484e-05,0.008037203971126703,152.4,152.0,152,152,153,0.24,0.4898979485566356,67.0,66.0,66,66,69,1.6,1.2649110640673518,0.0362798,0.036732,0.036732,0.029841,0.040778,1.6160135760000004e-05,0.00401996713419401
a,simple_similar_multi_random,instance_0010.txt,5,5,0,0,5.898702508363526,5.898648648648648,5.918644067796611,5.878787878787879,5.918644067796611,0.00031770388567717024,0.017824249933087514,0.6552934729757749,0.6552966204128995,0.6541281343804008,0.6541281343804008,0.6564572378525867,1.0849470734197452e-06,0.0010416079269186392,1746.0,1746.0,1746,1746,1746,0.0,0.0,296.0,296.0,295,295,297,0.8,0.8944271909999159,0.8847614,0.923959,0.79006,0.79006,0.96644,0.0053363099950399975,0.07305005130073487
a,simple_similar_multi_random,instance_0011.txt,5,5,0,0,6.794019933554817,6.794019933554817,6.794019933554817,6.794019933554817,6.794019933554817,0.0,0.0,0.5967940692252334,0.5967940692252334,0.5967940692252334,0.5967940692252334,0.5967940692252334,0.0,0.0,2045.0,2045.0,2045,2045,2045,0.0,0.0,301.0,301.0,301,301,301,0.0,0.0,0.7888702,0.787335,0.853325,0.665451,0.895288,0.006564461251759998,0.08102136293447548
a,simple_similar_multi_random,instance_0012.txt,5,5,0,0,2.1746541722445336,2.185185185185185,2.185185185185185,2.1325301204819276,2.185185185185185,0.00044360893422467804,0.021062025881303015,0.806697406911597,0.805761316872428,0.805761316872428,0.805761316872428,0.8104417670682731,3.505058245725777e-06,0.001872180078338026,177.0,177.0,177,177,177,0.0,0.0,81.4,81.0,81,81,83,0.64,0.8,0.0855196,0.078485,0.06908,0.056346,0.138463,0.00079478719304,0.028191970364626878
a,simple_similar_multi_random,instance_0013.txt,5,5,0,0,12.590659340659341,12.590659340659341,12.590659340659341,12.590659340659341,12.590659340659341,0.0,0.0,0.8927401235723649,0.8927401235723648,0.8927401235723648,0.8927401235723648,0.8927401235723648,1.232595164407831e-32,1.1102230246251565e-16,4583.0,4583.0,4583,4583,4583,0.0,0.0,364.0,364.0,364,364,364,0.0,0.0,1.577755,1.525981,1.311783,1.311783,1.909935,0.03901003623200001,0.19750958516487246
a,simple_similar_multi_random,instance_0014.txt,5,5,0,0,20.58244680851064,20.58244680851064,20.58244680851064,20.58244680851064,20.58244680851064,0.0,0.0,0.8866832257789705,0.8866832257789704,0.8866832257789704,0.8866832257789704,0.8866832257789704,1.232595164407831e-32,1.1102230246251565e-16,7739.0,7739.0,7739,7739,7739,0.0,0.0,376.0,376.0,376,376,376,0.0,0.0,2.0478522000000003,2.066783,1.824177,1.652928,2.506159,0.08727647509096,0.29542592149464475
a,simple_similar_multi_random,instance_0015.txt,5,5,0,0,10.725947521865889,10.725947521865889,10.725947521865889,10.725947521865889,10.725947521865889,0.0,0.0,0.9281744585589337,0.9281744585589338,0.9281744585589338,0.9281744585589338,0.9281744585589338,1.232595164407831e-32,1.1102230246251565e-16,3679.0,3679.0,3679,3679,3679,0.0,0.0,343.0,343.0,343,343,343,0.0,0.0,1.5084138,1.490465,1.588203,1.396619,1.591145,0.005421064647359999,0.07362787955224569
a,simple_similar_multi_random,instance_0016.txt,5,5,0,0,9.661971830985916,9.661971830985916,9.661971830985916,9.661971830985916,9.661971830985916,0.0,0.0,0.8863297431648716,0.8863297431648716,0.8863297431648716,0.8863297431648716,0.8863297431648716,0.0,0.0,686.0,686.0,686,686,686,0.0,0.0,71.0,71.0,71,71,71,0.0,0.0,0.0377594,0.034524,0.034524,0.033252,0.043593,2.1943128240000006e-05,0.004684349286720623
a,simple_similar_multi_random,instance_0017.txt,5,5,0,0,3.804347826086956,3.8043478260869565,3.8043478260869565,3.8043478260869565,3.8043478260869565,1.9721522630525295e-31,4.440892098500626e-16,0.8957712924359738,0.8957712924359739,0.8957712924359739,0.8957712924359739,0.8957712924359739,1.232595164407831e-32,1.1102230246251565e-16,175.0,175.0,175,175,175,0.0,0.0,46.0,46.0,46,46,46,0.0,0.0,0.021466199999999998,0.018234,0.03018,0.016826,0.03018,2.527300095999999e-05,0.005027225970652203
a,simple_similar_multi_random,instance_0018.txt,5,5,0,0,15.855263157894736,15.855263157894736,15.855263157894736,15.855263157894736,15.855263157894736,0.0,0.0,0.8647161846596012,0.8647161846596012,0.8647161846596012,0.8647161846596012,0.8647161846596012,0.0,0.0,1205.0,1205.0,1205,1205,1205,0.0,0.0,76.0,76.0,76,76,76,0.0,0.0,0.068062,0.060491,0.081763,0.050244,0.088832,0.000215278838,0.01467238351461684
a,simple_similar_multi_random,instance_0019.txt,5,5,0,0,9.871694816540478,9.891089108910892,9.891089108910892,9.794117647058824,9.891089108910892,0.0015045543061963209,0.038788584740827046,0.9511302236804926,0.9510342123321243,0.9510342123321243,0.9510342123321243,0.9515142690739663,3.687271606207901e-08,0.00019202269673681548,999.0,999.0,999,999,999,0.0,0.0,101.2,101.0,101,101,102,0.16,0.4,0.1863848,0.18529,0.206521,0.166055,0.206521,0.00024844488096,0.015762134403690384
a,simple_similar_multi_random,instance_0020.txt,5,5,0,0,3.6,4.0,4.0,3.0,4.0,0.24,0.4898979485566356,0.27999999999999997,0.2,0.2,0.2,0.4,0.009600000000000001,0.09797958971132713,12.0,12.0,12,12,12,0.0,0.0,3.4,3.0,3,3,4,0.24,0.4898979485566356,0.0002144,0.000217,0.000228,0.000194,0.000228,1.6744000000000004e-10,1.2939860895697452e-05
a,simple_similar_multi_smaller,instance_0001.txt,5,5,0,0,2.72,2.72,2.72,2.72,2.72,0.0,0.0,0.8186666666666668,0.8186666666666667,0.8186666666666667,0.8186666666666667,0.8186666666666667,1.232595164407831e-32,1.1102230246251565e-16,68.0,68.0,68,68,68,0.0,0.0,25.0,25.0,25,25,25,0.0,0.0,0.006755,0.007942,0.004842,0.004842,0.007981,2.2025072000000004e-06,0.0014840846337052347
a,simple_similar_multi_smaller,instance_0002.txt,5,5,0,0,1.0,1.0,1.0,1.0,1.0,0.0,0.0,0.5,0.5,0.5,0.5,0.5,0.0,0.0,2.0,2.0,2,2,2,0.0,0.0,2.0,2.0,2,2,2,0.0,0.0,0.00022140000000000001,0.000221,0.000234,0.000211,0.000234,8.263999999999997e-11,9.090654541890807e-06
a,simple_similar_multi_smaller,instance_0003.txt,5,5,0,0,3.0285714285714285,3.0285714285714285,3.0285714285714285,3.0285714285714285,3.0285714285714285,0.0,0.0,0.7476190476190476,0.7476190476190476,0.7476190476190476,0.7476190476190476,0.7476190476190476,0.0,0.0,106.0,106.0,106,106,106,0.0,0.0,35.0,35.0,35,35,35,0.0,0.0,0.0213684,0.020003,0.0241,0.019495,0.0241,4.328397440000001e-06,0.0020804800984388196
a,simple_similar_multi_smaller,instance_0004.txt,5,5,0,0,1.8571428571428572,1.8571428571428572,1.8571428571428572,1.8571428571428572,1.8571428571428572,0.0,0.0,0.4693877551020408,0.4693877551020408,0.4693877551020408,0.4693877551020408,0.4693877551020408,0.0,0.0,39.0,39.0,39,39,39,0.0,0.0,21.0,21.0,21,21,21,0.0,0.0,0.0041428,0.002273,0.006307,0.002214,0.0077,5.6502029599999994e-06,0.0023770155573744145
a,simple_similar_multi_smaller,instance_0005.txt,5,5,0,0,32.54814814814815,32.54814814814815,32.54814814814815,32.54814814814815,32.54814814814815,0.0,0.0,0.8170167356393637,0.8170167356393638,0.8170167356393638,0.8170167356393638,0.8170167356393638,1.232595164407831e-32,1.1102230246251565e-16,4394.0,4394.0,4394,4394,4394,0.0,0.0,135.0,135.0,135,135,135,0.0,0.0,0.3908366,0.396632,0.325312,0.325312,0.43756,0.0018237098990399997,0.04270491656753353
a,simple_similar_multi_smaller,instance_0006.txt,5,5,0,0,27.602836879432623,27.602836879432623,27.602836879432623,27.602836879432623,27.602836879432623,0.0,0.0,0.9600537816506038,0.960053781650604,0.960053781650604,0.960053781650604,0.960053781650604,1.232595164407831e-32,1.1102230246251565e-16,3892.0,3892.0,3892,3892,3892,0.0,0.0,141.0,141.0,141,141,141,0.0,0.0,0.5045808,0.485114,0.460279,0.45379,0.570991,0.0023299942549600016,0.04827001403521654
a,simple_similar_multi_smaller,instance_0007.txt,5,5,0,0,26.53103448275862,26.53103448275862,26.53103448275862,26.53103448275862,26.53103448275862,0.0,0.0,0.9323619261115141,0.932361926111514,0.932361926111514,0.932361926111514,0.932361926111514,1.232595164407831e-32,1.1102230246251565e-16,3847.0,3847.0,3847,3847,3847,0.0,0.0,145.0,145.0,145,145,145,0.0,0.0,0.39879980000000004,0.39713,0.437141,0.360368,0.437141,0.0005995938313599997,0.024486605141587098
a,simple_similar_multi_smaller,instance_0008.txt,5,5,0,0,22.007751937984494,22.007751937984494,22.007751937984494,22.007751937984494,22.007751937984494,0.0,0.0,0.8649343743878208,0.8649343743878208,0.8649343743878208,0.8649343743878208,0.8649343743878208,0.0,0.0,2839.0,2839.0,2839,2839,2839,0.0,0.0,129.0,129.0,129,129,129,0.0,0.0,0.265576,0.281609,0.202116,0.202116,0.325192,0.0022588088179999995,0.047526927293903606
a,simple_similar_multi_smaller,instance_0009.txt,5,5,0,0,2.303030303030303,2.303030303030303,2.303030303030303,2.303030303030303,2.303030303030303,0.0,0.0,0.4785591766723842,0.47855917667238423,0.47855917667238423,0.47855917667238423,0.47855917667238423,3.0814879110195774e-33,5.551115123125783e-17,152.0,152.0,152,152,152,0.0,0.0,66.0,66.0,66,66,66,0.0,0.0,0.0248552,0.023403,0.018683,0.018683,0.032306,2.156359096e-05,0.004643661374389825
a,simple_similar_multi_smaller,instance_0010.txt,5,5,0,0,5.918644067796611,5.918644067796611,5.918644067796611,5.918644067796611,5.918644067796611,0.0,0.0,0.6541281343804008,0.6541281343804008,0.6541281343804008,0.6541281343804008,0.6541281343804008,0.0,0.0,1746.0,1746.0,1746,1746,1746,0.0,0.0,295.0,295.0,295,295,295,0.0,0.0,0.5072006,0.491606,0.408987,0.408987,0.646497,0.007581319304239999,0.08707077181373782
a,simple_similar_multi_smaller,instance_0011.txt,5,5,0,0,6.794019933554817,6.794019933554817,6.794019933554817,6.794019933554817,6.794019933554817,0.0,0.0,0.5967940692252334,0.5967940692252334,0.5967940692252334,0.5967940692252334,0.5967940692252334,0.0,0.0,2045.0,2045.0,2045,2045,2045,0.0,0.0,301.0,301.0,301,301,301,0.0,0.0,0.45643140000000004,0.493885,0.348309,0.348309,0.51766,0.0038952124730400016,0.06241163732061515
a,simple_similar_multi_smaller,instance_0012.txt,5,5,0,0,2.185185185185185,2.185185185185185,2.185185185185185,2.185185185185185,2.185185185185185,0.0,0.0,0.805761316872428,0.805761316872428,0.805761316872428,0.805761316872428,0.805761316872428,0.0,0.0,177.0,177.0,177,177,177,0.0,0.0,81.0,81.0,81,81,81,0.0,0.0,0.046081,0.045651,0.045651,0.04465,0.047376,1.1856912000000002e-06,0.0010888944852463897
a,simple_similar_multi_smaller,instance_0013.txt,5,5,0,0,12.590659340659341,12.590659340659341,12.590659340659341,12.590659340659341,12.590659340659341,0.0,0.0,0.8927401235723649,0.8927401235723648,0.8927401235723648,0.8927401235723648,0.8927401235723648,1.232595164407831e-32,1.1102230246251565e-16,4583.0,4583.0,4583,4583,4583,0.0,0.0,364.0,364.0,364,364,364,0.0,0.0,0.8936082000000001,0.94561,0.801409,0.763107,0.991455,0.008623364783759998,0.0928620739794239
a,simple_similar_multi_smaller,instance_0014.txt,5,5,0,0,20.58244680851064,20.58244680851064,20.58244680851064,20.58244680851064,20.58244680851064,0.0,0.0,0.8866832257789705,0.8866832257789704,0.8866832257789704,0.8866832257789704,0.8866832257789704,1.232595164407831e-32,1.1102230246251565e-16,7739.0,7739.0,7739,7739,7739,0.0,0.0,376.0,376.0,376,376,376,0.0,0.0,1.456523,1.544468,1.134234,1.134234,1.565893,0.0269788000564,0.16425224520961654
a,simple_similar_multi_smaller,instance_0015.txt,5,5,0,0,10.725947521865889,10.725947521865889,10.725947521865889,10.725947521865889,10.725947521865889,0.0,0.0,0.9281744585589337,0.9281744585589338,0.9281744585589338,0.9281744585589338,0.9281744585589338,1.232595164407831e-32,1.1102230246251565e-16,3679.0,3679.0,3679,3679,3679,0.0,0.0,343.0,343.0,343,343,343,0.0,0.0,0.8977152,0.972287,0.974154,0.76532,0.976243,0.00890714983256,0.09437769774983919
a,simple_similar_multi_smaller,instance_0016.txt,5,5,0,0,9.661971830985916,9.661971830985916,9.661971830985916,9.661971830985916,9.661971830985916,0.0,0.0,0.8863297431648716,0.8863297431648716,0.8863297431648716,0.8863297431648716,0.8863297431648716,0.0,0.0,686.0,686.0,686,686,686,0.0,0.0,71.0,71.0,71,71,71,0.0,0.0,0.032625400000000006,0.031322,0.038803,0.028851,0.038803,1.2158410639999988e-05,0.0034868912572662758
a,simple_similar_multi_smaller,instance_0017.txt,5,5,0,0,3.804347826086956,3.8043478260869565,3.8043478260869565,3.8043478260869565,3.8043478260869565,1.9721522630525295e-31,4.440892098500626e-16,0.8957712924359738,0.8957712924359739,0.8957712924359739,0.8957712924359739,0.8957712924359739,1.232595164407831e-32,1.1102230246251565e-16,175.0,175.0,175,175,175,0.0,0.0,46.0,46.0,46,46,46,0.0,0.0,0.014184999999999998,0.014444,0.018221,0.0096,0.018221,9.353828000000003e-06,0.003058402851162679
a,simple_similar_multi_smaller,instance_0018.txt,5,5,0,0,15.855263157894736,15.855263157894736,15.855263157894736,15.855263157894736,15.855263157894736,0.0,0.0,0.8647161846596012,0.8647161846596012,0.8647161846596012,0.8647161846596012,0.8647161846596012,0.0,0.0,1205.0,1205.0,1205,1205,1205,0.0,0.0,76.0,76.0,76,76,76,0.0,0.0,0.058481000000000005,0.056698,0.073489,0.042296,0.073489,0.00015799983559999995,0.012569798550493956
a,simple_similar_multi_smaller,instance_0019.txt,5,5,0,0,9.891089108910892,9.891089108910892,9.891089108910892,9.891089108910892,9.891089108910892,0.0,0.0,0.9510342123321243,0.9510342123321243,0.9510342123321243,0.9510342123321243,0.9510342123321243,0.0,0.0,999.0,999.0,999,999,999,0.0,0.0,101.0,101.0,101,101,101,0.0,0.0,0.12129379999999998,0.118521,0.109319,0.109319,0.145847,0.00017332235176000004,0.013165194710295782
a,simple_similar_multi_smaller,instance_0020.txt,5,5,0,0,5.0,5.0,5.0,5.0,5.0,0.0,0.0,0.0,0.0,0.0,0.0,0.0,0.0,0.0,10.0,10.0,10,10,10,0.0,0.0,2.0,2.0,2,2,2,0.0,0.0,0.000129,0.000127,0.00012,0.00012,0.000141,5.400000000000005e-11,7.348469228349538e-06
a,simple_similar_simple_bigger,instance_0001.txt,5,5,0,0,2.9565217391304346,2.9565217391304346,2.9565217391304346,2.9565217391304346,2.9565217391304346,0.0,0.0,0.8028985507246379,0.8028985507246378,0.8028985507246378,0.8028985507246378,0.8028985507246378,1.232595164407831e-32,1.1102230246251565e-16,68.0,68.0,68,68,68,0.0,0.0,23.0,23.0,23,23,23,0.0,0.0,0.0041816,0.004123,0.004611,0.003749,0.004611,9.081903999999991e-08,0.00030136197503998396
a,simple_similar_simple_bigger,instance_0002.txt,5,5,0,0,2.0,2.0,2.0,2.0,2.0,0.0,0.0,0.0,0.0,0.0,0.0,0.0,0.0,0.0,2.0,2.0,2,2,2,0.0,0.0,1.0,1.0,1,1,1,0.0,0.0,0.000142,0.000143,0.000146,0.000137,0.000146,1.200000000000002e-11,3.4641016151377577e-06
a,simple_similar_simple_bigger,instance_0003.txt,5,5,0,0,2.864864864864865,2.864864864864865,2.864864864864865,2.864864864864865,2.864864864864865,0.0,0.0,0.7612612612612613,0.7612612612612613,0.7612612612612613,0.7612612612612613,0.7612612612612613,0.0,0.0,106.0,106.0,106,106,106,0.0,0.0,37.0,37.0,37,37,37,0.0,0.0,0.0060111999999999995,0.005345,0.007683,0.003202,0.008524,3.58949416e-06,0.0018945960413766308
a,simple_similar_simple_bigger,instance_0004.txt,5,5,0,0,1.7727272727272727,1.7727272727272727,1.7727272727272727,1.7727272727272727,1.7727272727272727,0.0,0.0,0.49350649350649356,0.4935064935064935,0.4935064935064935,0.4935064935064935,0.4935064935064935,3.0814879110195774e-33,5.551115123125783e-17,39.0,39.0,39,39,39,0.0,0.0,22.0,22.0,22,22,22,0.0,0.0,0.0019654,0.001923,0.002152,0.00188,0.002152,9.487839999999992e-09,9.740554399006246e-05
a,simple_similar_simple_bigger,instance_0005.txt,5,5,0,0,31.840579710144926,31.840579710144926,31.840579710144926,31.840579710144926,31.840579710144926,0.0,0.0,0.8209946326906821,0.8209946326906821,0.8209946326906821,0.8209946326906821,0.8209946326906821,0.0,0.0,4394.0,4394.0,4394,4394,4394,0.0,0.0,138.0,138.0,138,138,138,0.0,0.0,0.25377079999999996,0.268821,0.19467,0.19467,0.285318,0.0011158766397599996,0.033404739779857584
a,simple_similar_simple_bigger,instance_0006.txt,5,5,0,0,26.65753424657534,26.65753424657534,26.65753424657534,26.65753424657534,26.65753424657534,0.0,0.0,0.9614218028269532,0.9614218028269532,0.9614218028269532,0.9614218028269532,0.9614218028269532,0.0,0.0,3892.0,3892.0,3892,3892,3892,0.0,0.0,146.0,146.0,146,146,146,0.0,0.0,0.2453758,0.246787,0.214167,0.212504,0.286238,0.0008403618557599999,0.028988995425160907
a,simple_similar_simple_bigger,instance_0007.txt,5,5,0,0,25.81879194630873,25.818791946308725,25.818791946308725,25.818791946308725,25.818791946308725,1.262177448353619e-29,3.552713678800501e-15,0.9341777133299967,0.9341777133299968,0.9341777133299968,0.9341777133299968,0.9341777133299968,1.232595164407831e-32,1.1102230246251565e-16,3847.0,3847.0,3847,3847,3847,0.0,0.0,149.0,149.0,149,149,149,0.0,0.0,0.29375340000000005,0.295837,0.266268,0.266268,0.321943,0.0005011778218400001,0.022387001180149167
a,simple_similar_simple_bigger,instance_0008.txt,5,5,0,0,21.846153846153847,21.846153846153847,21.846153846153847,21.846153846153847,21.846153846153847,0.0,0.0,0.8659261316301027,0.8659261316301028,0.8659261316301028,0.8659261316301028,0.8659261316301028,1.232595164407831e-32,1.1102230246251565e-16,2840.0,2840.0,2840,2840,2840,0.0,0.0,130.0,130.0,130,130,130,0.0,0.0,0.15234240000000002,0.153541,0.157404,0.123449,0.178334,0.0003097454242399999,0.01759958591103779
a,simple_similar_simple_bigger,instance_0009.txt,5,5,0,0,2.095890410958904,2.095890410958904,2.095890410958904,2.095890410958904,2.095890410958904,0.0,0.0,0.5254587748772293,0.5254587748772293,0.5254587748772293,0.5254587748772293,0.5254587748772293,0.0,0.0,153.0,153.0,153,153,153,0.0,0.0,73.0,73.0,73,73,73,0.0,0.0,0.019958999999999998,0.020119,0.020328,0.016091,0.025244,9.368265199999995e-06,0.0030607621926572464
a,simple_similar_simple_bigger,instance_0010.txt,5,5,0,0,5.507886435331231,5.507886435331231,5.507886435331231,5.507886435331231,5.507886435331231,0.0,0.0,0.6781318600700891,0.6781318600700891,0.6781318600700891,0.6781318600700891,0.6781318600700891,0.0,0.0,1746.0,1746.0,1746,1746,1746,0.0,0.0,317.0,317.0,317,317,317,0.0,0.0,0.33003540000000003,0.361142,0.256099,0.256099,0.3918,0.0028389880330399993,0.05328215492113658
a,simple_similar_simple_bigger,instance_0011.txt,5,5,0,0,6.370716510903427,6.370716510903427,6.370716510903427,6.370716510903427,6.370716510903427,0.0,0.0,0.6219159340710132,0.6219159340710132,0.6219159340710132,0.6219159340710132,0.6219159340710132,0.0,0.0,2045.0,2045.0,2045,2045,2045,0.0,0.0,321.0,321.0,321,321,321,0.0,0.0,0.33174279999999995,0.315852,0.34354,0.283086,0.41106,0.001951237743359999,0.04417281679223093
a,simple_similar_simple_bigger,instance_0012.txt,5,5,0,0,2.107142857142857,2.107142857142857,2.107142857142857,2.107142857142857,2.107142857142857,0.0,0.0,0.8126984126984127,0.8126984126984127,0.8126984126984127,0.8126984126984127,0.8126984126984127,0.0,0.0,177.0,177.0,177,177,177,0.0,0.0,84.0,84.0,84,84,84,0.0,0.0,0.026763799999999997,0.027022,0.035202,0.016402,0.035202,4.3052315359999996e-05,0.006561426320549519
a,simple_similar_simple_bigger,instance_0013.txt,5,5,0,0,12.521857923497267,12.521857923497267,12.521857923497267,12.521857923497267,12.521857923497267,0.0,0.0,0.8933262431156852,0.8933262431156852,0.8933262431156852,0.8933262431156852,0.8933262431156852,0.0,0.0,4583.0,4583.0,4583,4583,4583,0.0,0.0,366.0,366.0,366,366,366,0.0,0.0,0.9572951999999999,0.988479,0.827329,0.817836,1.095964,0.013291257916559995,0.11528771797793551
a,simple_similar_simple_bigger,instance_0014.txt,5,5,0,0,20.473544973544975,20.473544973544975,20.473544973544975,20.473544973544975,20.473544973544975,0.0,0.0,0.8872827854309338,0.8872827854309336,0.8872827854309336,0.8872827854309336,0.8872827854309336,1.232595164407831e-32,1.1102230246251565e-16,7739.0,7739.0,7739,7739,7739,0.0,0.0,378.0,378.0,378,378,378,0.0,0.0,1.650286,1.561948,1.22353,1.22353,2.10348,0.13642392491679994,0.3693560950042654
a,simple_similar_simple_bigger,instance_0015.txt,5,5,0,0,10.305322128851541,10.305322128851541,10.305322128851541,10.305322128851541,10.305322128851541,0.0,0.0,0.9309911464585834,0.9309911464585834,0.9309911464585834,0.9309911464585834,0.9309911464585834,0.0,0.0,3679.0,3679.0,3679,3679,3679,0.0,0.0,357.0,357.0,357,357,357,0.0,0.0,0.8751086000000001,0.863226,1.08987,0.643742,1.08987,0.020880894556639988,0.14450223028258072
a,simple_similar_simple_bigger,instance_0016.txt,5,5,0,0,9.527777777777779,9.527777777777779,9.527777777777779,9.527777777777779,9.527777777777779,0.0,0.0,0.8879084967320262,0.8879084967320262,0.8879084967320262,0.8879084967320262,0.8879084967320262,0.0,0.0,686.0,686.0,686,686,686,0.0,0.0,72.0,72.0,72,72,72,0.0,0.0,0.0477764,0.040771,0.032418,0.032418,0.076778,0.00027016569223999997,0.01643671780618016
a,simple_similar_simple_bigger,instance_0017.txt,5,5,0,0,3.804347826086956,3.8043478260869565,3.8043478260869565,3.8043478260869565,3.8043478260869565,1.9721522630525295e-31,4.440892098500626e-16,0.8957712924359738,0.8957712924359739,0.8957712924359739,0.8957712924359739,0.8957712924359739,1.232595164407831e-32,1.1102230246251565e-16,175.0,175.0,175,175,175,0.0,0.0,46.0,46.0,46,46,46,0.0,0.0,0.013283,0.011037,0.018189,0.008629,0.019876,2.3078303600000004e-05,0.004803988301401244
a,simple_similar_simple_bigger,instance_0018.txt,5,5,0,0,15.855263157894736,15.855263157894736,15.855263157894736,15.855263157894736,15.855263157894736,0.0,0.0,0.8647161846596012,0.8647161846596012,0.8647161846596012,0.8647161846596012,0.8647161846596012,0.0,0.0,1205.0,1205.0,1205,1205,1205,0.0,0.0,76.0,76.0,76,76,76,0.0,0.0,0.07582920000000001,0.071093,0.050324,0.050324,0.102175,0.0003120681673600001,0.01766545123567468
a,simple_similar_simple_bigger,instance_0019.txt,5,5,0,0,9.699029126213592,9.699029126213592,9.699029126213592,9.699029126213592,9.699029126213592,0.0,0.0,0.9519850043256752,0.9519850043256753,0.9519850043256753,0.9519850043256753,0.9519850043256753,1.232595164407831e-32,1.1102230246251565e-16,999.0,999.0,999,999,999,0.0,0.0,103.0,103.0,103,103,103,0.0,0.0,0.0850468,0.077696,0.077151,0.075382,0.102584,0.00011434369735999995,0.010693161242588645
a,simple_similar_simple_bigger,instance_0020.txt,5,5,0,0,4.0,4.0,4.0,4.0,4.0,0.0,0.0,0.2,0.2,0.2,0.2,0.2,0.0,0.0,12.0,12.0,12,12,12,0.0,0.0,3.0,3.0,3,3,3,0.0,0.0,0.00013340000000000002,0.000131,0.000147,0.000127,0.000147,5.2239999999999986e-11,7.2277243998370595e-06
a,simple_similar_simple_most_shared,instance_0001.txt,5,5,0,0,2.6153846153846154,2.6153846153846154,2.6153846153846154,2.6153846153846154,2.6153846153846154,0.0,0.0,0.8256410256410257,0.8256410256410257,0.8256410256410257,0.8256410256410257,0.8256410256410257,0.0,0.0,68.0,68.0,68,68,68,0.0,0.0,26.0,26.0,26,26,26,0.0,0.0,0.0055471999999999995,0.004886,0.004886,0.004307,0.007022,1.3049389599999999e-06,0.0011423392490849643
a,simple_similar_simple_most_shared,instance_0002.txt,5,5,0,0,1.0,1.0,1.0,1.0,1.0,0.0,0.0,0.5,0.5,0.5,0.5,0.5,0.0,0.0,2.0,2.0,2,2,2,0.0,0.0,2.0,2.0,2,2,2,0.0,0.0,0.0001968,0.000197,0.00018,0.00018,0.000214,1.181599999999999e-10,1.087014259336095e-05
a,simple_similar_simple_most_shared,instance_0003.txt,5,5,0,0,2.864864864864865,2.864864864864865,2.864864864864865,2.864864864864865,2.864864864864865,0.0,0.0,0.7612612612612613,0.7612612612612613,0.7612612612612613,0.7612612612612613,0.7612612612612613,0.0,0.0,106.0,106.0,106,106,106,0.0,0.0,37.0,37.0,37,37,37,0.0,0.0,0.009384,0.008744,0.007576,0.007576,0.012913,3.5018252000000004e-06,0.001871316435026423
a,simple_similar_simple_most_shared,instance_0004.txt,5,5,0,0,1.7727272727272727,1.7727272727272727,1.7727272727272727,1.7727272727272727,1.7727272727272727,0.0,0.0,0.49350649350649356,0.4935064935064935,0.4935064935064935,0.4935064935064935,0.4935064935064935,3.0814879110195774e-33,5.551115123125783e-17,39.0,39.0,39,39,39,0.0,0.0,22.0,22.0,22,22,22,0.0,0.0,0.0015845999999999998,0.001571,0.001571,0.001554,0.001654,1.251440000000003e-09,3.537569787297493e-05
a,simple_similar_simple_most_shared,instance_0005.txt,5,5,0,0,32.07299270072993,32.07299270072993,32.07299270072993,32.07299270072993,32.07299270072993,0.0,0.0,0.819688024170176,0.8196880241701762,0.8196880241701762,0.8196880241701762,0.8196880241701762,1.232595164407831e-32,1.1102230246251565e-16,4394.0,4394.0,4394,4394,4394,0.0,0.0,137.0,137.0,137,137,137,0.0,0.0,0.2821954,0.285858,0.214386,0.214386,0.326283,0.0015527077586399997,0.039404412933578895
a,simple_similar_simple_most_shared,instance_0006.txt,5,5,0,0,26.65753424657534,26.65753424657534,26.65753424657534,26.65753424657534,26.65753424657534,0.0,0.0,0.9614218028269532,0.9614218028269532,0.9614218028269532,0.9614218028269532,0.9614218028269532,0.0,0.0,3892.0,3892.0,3892,3892,3892,0.0,0.0,146.0,146.0,146,146,146,0.0,0.0,0.2690726,0.247282,0.338333,0.238951,0.338333,0.00142503804504,0.03774967609185541
a,simple_similar_simple_most_shared,instance_0007.txt,5,5,0,0,25.81879194630873,25.818791946308725,25.818791946308725,25.818791946308725,25.818791946308725,1.262177448353619e-29,3.552713678800501e-15,0.9341777133299967,0.9341777133299968,0.9341777133299968,0.9341777133299968,0.9341777133299968,1.232595164407831e-32,1.1102230246251565e-16,3847.0,3847.0,3847,3847,3847,0.0,0.0,149.0,149.0,149,149,149,0.0,0.0,0.3146952,0.326589,0.326589,0.281236,0.34846,0.0006577499445600002,0.025646636125620844
a,simple_similar_simple_most_shared,instance_0008.txt,5,5,0,0,21.671755725190838,21.671755725190838,21.671755725190838,21.671755725190838,21.671755725190838,0.0,0.0,0.866996445007854,0.866996445007854,0.866996445007854,0.866996445007854,0.866996445007854,0.0,0.0,2839.0,2839.0,2839,2839,2839,0.0,0.0,131.0,131.0,131,131,131,0.0,0.0,0.172701,0.169705,0.13638,0.13638,0.208628,0.0005398310488,0.023234264541835623
a,simple_similar_simple_most_shared,instance_0009.txt,5,5,0,0,2.026666666666667,2.026666666666667,2.026666666666667,2.026666666666667,2.026666666666667,0.0,0.0,0.5411320754716981,0.5411320754716981,0.5411320754716981,0.5411320754716981,0.5411320754716981,0.0,0.0,152.0,152.0,152,152,152,0.0,0.0,75.0,75.0,75,75,75,0.0,0.0,0.026990000000000004,0.026528,0.026528,0.025769,0.028712,1.0697884000000006e-06,0.0010343057575011368
a,simple_similar_simple_most_shared,instance_0010.txt,5,5,0,0,5.4733542319749215,5.4733542319749215,5.4733542319749215,5.4733542319749215,5.4733542319749215,0.0,0.0,0.6801498421386152,0.6801498421386152,0.6801498421386152,0.6801498421386152,0.6801498421386152,0.0,0.0,1746.0,1746.0,1746,1746,1746,0.0,0.0,319.0,319.0,319,319,319,0.0,0.0,0.44695340000000006,0.4532,0.3864,0.3864,0.495486,0.0012219748486399992,0.034956756838127864
a,simple_similar_simple_most_shared,instance_0011.txt,5,5,0,0,6.350931677018633,6.350931677018633,6.350931677018633,6.350931677018633,6.350931677018633,0.0,0.0,0.6230901081888053,0.6230901081888053,0.6230901081888053,0.6230901081888053,0.6230901081888053,0.0,0.0,2045.0,2045.0,2045,2045,2045,0.0,0.0,322.0,322.0,322,322,322,0.0,0.0,0.48148840000000004,0.47661,0.375108,0.375108,0.577484,0.004354237421840001,0.06598664578412818
a,simple_similar_simple_most_shared,instance_0012.txt,5,5,0,0,1.8829787234042556,1.8829787234042554,1.8829787234042554,1.8829787234042554,1.8829787234042554,4.930380657631324e-32,2.220446049250313e-16,0.8326241134751772,0.8326241134751773,0.8326241134751773,0.8326241134751773,0.8326241134751773,1.232595164407831e-32,1.1102230246251565e-16,177.0,177.0,177,177,177,0.0,0.0,94.0,94.0,94,94,94,0.0,0.0,0.0306,0.032863,0.032863,0.025754,0.034234,1.381477640000001e-05,0.0037168234286820796
a,simple_similar_simple_most_shared,instance_0013.txt,5,5,0,0,12.487738419618529,12.487738419618529,12.487738419618529,12.487738419618529,12.487738419618529,0.0,0.0,0.8936169073033808,0.8936169073033808,0.8936169073033808,0.8936169073033808,0.8936169073033808,0.0,0.0,4583.0,4583.0,4583,4583,4583,0.0,0.0,367.0,367.0,367,367,367,0.0,0.0,1.272508,1.270105,1.215273,1.215273,1.326161,0.0018216710119999956,0.04268103808484507
a,simple_similar_simple_most_shared,instance_0014.txt,5,5,0,0,20.473544973544975,20.473544973544975,20.473544973544975,20.473544973544975,20.473544973544975,0.0,0.0,0.8872827854309338,0.8872827854309336,0.8872827854309336,0.8872827854309336,0.8872827854309336,1.232595164407831e-32,1.1102230246251565e-16,7739.0,7739.0,7739,7739,7739,0.0,0.0,378.0,378.0,378,378,378,0.0,0.0,1.786815,1.574469,1.503985,1.503985,2.223192,0.100093872166,0.31637615612748066
a,simple_similar_simple_most_shared,instance_0015.txt,5,5,0,0,10.305322128851541,10.305322128851541,10.305322128851541,10.305322128851541,10.305322128851541,0.0,0.0,0.9309911464585834,0.9309911464585834,0.9309911464585834,0.9309911464585834,0.9309911464585834,0.0,0.0,3679.0,3679.0,3679,3679,3679,0.0,0.0,357.0,357.0,357,357,357,0.0,0.0,1.0579652,1.106568,0.846312,0.846312,1.17137,0.013134887533760003,0.11460753698496448
a,simple_similar_simple_most_shared,instance_0016.txt,5,5,0,0,9.527777777777779,9.527777777777779,9.527777777777779,9.527777777777779,9.527777777777779,0.0,0.0,0.8879084967320262,0.8879084967320262,0.8879084967320262,0.8879084967320262,0.8879084967320262,0.0,0.0,686.0,686.0,686,686,686,0.0,0.0,72.0,72.0,72,72,72,0.0,0.0,0.07192679999999999,0.061484,0.061484,0.053459,0.120404,0.00059849567416,0.024464171233867703
a,simple_similar_simple_most_shared,instance_0017.txt,5,5,0,0,3.804347826086956,3.8043478260869565,3.8043478260869565,3.8043478260869565,3.8043478260869565,1.9721522630525295e-31,4.440892098500626e-16,0.8957712924359738,0.8957712924359739,0.8957712924359739,0.8957712924359739,0.8957712924359739,1.232595164407831e-32,1.1102230246251565e-16,175.0,175.0,175,175,175,0.0,0.0,46.0,46.0,46,46,46,0.0,0.0,0.019552,0.019049,0.022386,0.01704,0.022386,3.4217404000000006e-06,0.0018497946913103628
a,simple_similar_simple_most_shared,instance_0018.txt,5,5,0,0,15.855263157894736,15.855263157894736,15.855263157894736,15.855263157894736,15.855263157894736,0.0,0.0,0.8647161846596012,0.8647161846596012,0.8647161846596012,0.8647161846596012,0.8647161846596012,0.0,0.0,1205.0,1205.0,1205,1205,1205,0.0,0.0,76.0,76.0,76,76,76,0.0,0.0,0.0928204,0.093136,0.096327,0.079611,0.109932,0.00010787146103999998,0.010386118670610305
a,simple_similar_simple_most_shared,instance_0019.txt,5,5,0,0,9.60576923076923,9.60576923076923,9.60576923076923,9.60576923076923,9.60576923076923,0.0,0.0,0.95244668697639,0.95244668697639,0.95244668697639,0.95244668697639,0.95244668697639,0.0,0.0,999.0,999.0,999,999,999,0.0,0.0,104.0,104.0,104,104,104,0.0,0.0,0.1176194,0.115994,0.113564,0.111742,0.129724,4.0090383840000045e-05,0.006331696758373702
a,simple_similar_simple_most_shared,instance_0020.txt,5,5,0,0,4.0,4.0,4.0,4.0,4.0,0.0,0.0,0.2,0.2,0.2,0.2,0.2,0.0,0.0,12.0,12.0,12,12,12,0.0,0.0,3.0,3.0,3,3,3,0.0,0.0,0.000639,0.000194,0.000191,0.000191,0.002421,7.938835999999999e-07,0.0008910014590335977
a,simple_similar_simple_random,instance_0001.txt,5,5,0,0,2.76476254180602,2.68,2.6153846153846154,2.6153846153846154,2.9565217391304346,0.025071079562868387,0.15833849678100517,0.8156824972129322,0.8213333333333334,0.8256410256410257,0.8028985507246378,0.8256410256410257,0.00011142702027941475,0.01055589978540033,67.8,68.0,68,67,68,0.16,0.4,24.6,25.0,26,23,26,1.8400000000000003,1.3564659966250538,0.0082664,0.007938,0.004701,0.004701,0.011067,6.219975039999998e-06,0.0024939877786388604
a,simple_similar_simple_random,instance_0002.txt,5,5,0,0,1.4,1.0,1.0,1.0,2.0,0.24,0.4898979485566356,0.3,0.5,0.5,0.0,0.5,0.06000000000000001,0.24494897427831783,2.0,2.0,2,2,2,0.0,0.0,1.6,2.0,2,1,2,0.24,0.4898979485566356,0.0002274,0.000229,0.00021,0.00021,0.000241,1.0343999999999998e-10,1.0170545708072894e-05
a,simple_similar_simple_random,instance_0003.txt,5,5,0,0,2.806813655761024,2.864864864864865,2.864864864864865,2.65,2.864864864864865,0.007000205176352527,0.08366722880765519,0.7660988620199147,0.7612612612612613,0.7612612612612613,0.7612612612612613,0.7791666666666667,4.861253594689255e-05,0.0069722690673046,106.0,106.0,106,106,106,0.0,0.0,37.8,37.0,37,37,40,1.3599999999999999,1.16619037896906,0.0120112,0.011952,0.013163,0.010037,0.01482,3.3662141599999985e-06,0.001834724546083144
a,simple_similar_simple_random,instance_0004.txt,5,5,0,0,1.78008658008658,1.7727272727272727,1.7727272727272727,1.7727272727272727,1.8095238095238095,0.0002166376192350222,0.014718614718614732,0.4914038342609771,0.4935064935064935,0.4935064935064935,0.48299319727891155,0.4935064935064935,1.768470361102225e-05,0.004205318491032784,38.8,39.0,39,38,39,0.16,0.4,21.8,22.0,22,21,22,0.15999999999999998,0.39999999999999997,0.0034998,0.004012,0.002106,0.002002,0.0052,1.5600849600000002e-06,0.0012490336104364847
a,simple_similar_simple_random,instance_0005.txt,5,5,0,0,31.844927536231882,31.847826086956523,31.847826086956523,31.840579710144926,31.847826086956523,1.2602394454957366e-05,0.003549985134469913,0.820970189536293,0.8209538941000336,0.8209538941000336,0.8209538941000336,0.8209946326906821,3.9831186432545445e-10,1.99577519857687e-05,4394.6,4395.0,4395,4394,4395,0.24000000000000005,0.48989794855663565,138.0,138.0,138,138,138,0.0,0.0,0.43036360000000007,0.400838,0.391859,0.327662,0.613926,0.009352352581839998,0.09670756217504398
a,simple_similar_simple_random,instance_0006.txt,5,5,0,0,26.65753424657534,26.65753424657534,26.65753424657534,26.65753424657534,26.65753424657534,0.0,0.0,0.9614218028269532,0.9614218028269532,0.9614218028269532,0.9614218028269532,0.9614218028269532,0.0,0.0,3892.0,3892.0,3892,3892,3892,0.0,0.0,146.0,146.0,146,146,146,0.0,0.0,0.43044840000000006,0.421506,0.41567,0.409733,0.476259,0.0005655990938399998,0.02378232734279805
a,simple_similar_simple_random,instance_0007.txt,5,5,0,0,25.81879194630873,25.818791946308725,25.818791946308725,25.818791946308725,25.818791946308725,1.262177448353619e-29,3.552713678800501e-15,0.9341777133299967,0.9341777133299968,0.9341777133299968,0.9341777133299968,0.9341777133299968,1.232595164407831e-32,1.1102230246251565e-16,3847.0,3847.0,3847,3847,3847,0.0,0.0,149.0,149.0,149,149,149,0.0,0.0,0.421842,0.42958,0.491035,0.347517,0.491035,0.003105214227599999,0.0557244491009108
a,simple_similar_simple_random,instance_0008.txt,5,5,0,0,21.80972401644157,21.838461538461537,21.846153846153847,21.6793893129771,21.846153846153847,0.004258618051319661,0.06525808801458759,0.8661497082023442,0.8659733407386837,0.8659261316301028,0.8659261316301028,0.8669495962741478,1.6040097184003916e-07,0.0004005009011725681,2839.6,2840.0,2840,2839,2840,0.24,0.4898979485566356,130.2,130.0,130,130,131,0.16000000000000003,0.4,0.26607,0.261335,0.264632,0.21401,0.345178,0.0018857145915999994,0.04342481538936003
a,simple_similar_simple_random,instance_0009.txt,5,5,0,0,2.010700843016633,2.013157894736842,2.026666666666667,1.9870129870129871,2.026666666666667,0.00023829494322396546,0.015436804825609652,0.5447469789396304,0.5441906653426019,0.5411320754716981,0.5411320754716981,0.5501102670913992,1.2215903105821104e-05,0.0034951256208927747,152.4,152.0,152,152,153,0.24,0.4898979485566356,75.8,76.0,76,75,77,0.5599999999999999,0.7483314773547882,0.0391696,0.038761,0.03261,0.03261,0.043791,1.690461824e-05,0.004111522618203626
a,simple_similar_simple_random,instance_0010.txt,5,5,0,0,5.497494196774001,5.490566037735849,5.490566037735849,5.490566037735849,5.507886435331231,7.199908148690156e-05,0.008485227250162576,0.6787391584473152,0.6791440240321328,0.6791440240321328,0.6781318600700891,0.6791440240321328,2.4587421265441606e-07,0.0004958570486081811,1746.0,1746.0,1746,1746,1746,0.0,0.0,317.6,318.0,318,317,318,0.24000000000000005,0.48989794855663565,0.5358314,0.509886,0.46343,0.455647,0.693717,0.00753975359864,0.08683175455235256
a,simple_similar_simple_random,instance_0011.txt,5,5,0,0,6.35884561057255,6.350931677018633,6.350931677018633,6.350931677018633,6.370716510903427,9.394551644373128e-05,0.009692549532694238,0.6226204385416885,0.6230901081888053,0.6230901081888053,0.6219159340710132,0.6230901081888053,3.3088436613427523e-07,0.0005752254915546383,2045.0,2045.0,2045,2045,2045,0.0,0.0,321.6,322.0,322,321,322,0.24000000000000005,0.48989794855663565,0.49874720000000006,0.517255,0.517255,0.417353,0.535358,0.0017921654281600012,0.042333974868419826
a,simple_similar_simple_random,instance_0012.txt,5,5,0,0,1.8790145576707729,1.8829787234042554,1.8829787234042554,1.8631578947368421,1.8829787234042554,6.285843985007249e-05,0.00792833146696532,0.832976483762598,0.8326241134751773,0.8326241134751773,0.8326241134751773,0.8343859649122807,4.966592778277249e-07,0.000704740574841356,177.0,177.0,177,177,177,0.0,0.0,94.2,94.0,94,94,95,0.16,0.4,0.0393104,0.039466,0.033331,0.028235,0.050045,6.233517024000001e-05,0.007895262518751356
a,simple_similar_simple_random,instance_0013.txt,5,5,0,0,12.487738419618529,12.487738419618529,12.487738419618529,12.487738419618529,12.487738419618529,0.0,0.0,0.8936169073033808,0.8936169073033808,0.8936169073033808,0.8936169073033808,0.8936169073033808,0.0,0.0,4583.0,4583.0,4583,4583,4583,0.0,0.0,367.0,367.0,367,367,367,0.0,0.0,1.0325022,1.008966,1.105745,0.852549,1.200721,0.013608213459759993,0.116654247499866
a,simple_similar_simple_random,instance_0014.txt,5,5,0,0,20.473544973544975,20.473544973544975,20.473544973544975,20.473544973544975,20.473544973544975,0.0,0.0,0.8872827854309338,0.8872827854309336,0.8872827854309336,0.8872827854309336,0.8872827854309336,1.232595164407831e-32,1.1102230246251565e-16,7739.0,7739.0,7739,7739,7739,0.0,0.0,378.0,378.0,378,378,378,0.0,0.0,1.5174472,1.505778,1.386121,1.386121,1.668213,0.00837609092216,0.09152098623900422
a,simple_similar_simple_random,instance_0015.txt,5,5,0,0,10.305322128851541,10.305322128851541,10.305322128851541,10.305322128851541,10.305322128851541,0.0,0.0,0.9309911464585834,0.9309911464585834,0.9309911464585834,0.9309911464585834,0.9309911464585834,0.0,0.0,3679.0,3679.0,3679,3679,3679,0.0,0.0,357.0,357.0,357,357,357,0.0,0.0,0.6841586,0.697919,0.548677,0.548677,0.852077,0.01245778168984,0.11161443316094921
a,simple_similar_simple_random,instance_0016.txt,5,5,0,0,9.527777777777779,9.527777777777779,9.527777777777779,9.527777777777779,9.527777777777779,0.0,0.0,0.8879084967320262,0.8879084967320262,0.8879084967320262,0.8879084967320262,0.8879084967320262,0.0,0.0,686.0,686.0,686,686,686,0.0,0.0,72.0,72.0,72,72,72,0.0,0.0,0.045345199999999995,0.045601,0.056171,0.038763,0.056171,3.7245811360000006e-05,0.006102934651460722
a,simple_similar_simple_random,instance_0017.txt,5,5,0,0,3.788159111933395,3.8043478260869565,3.8043478260869565,3.723404255319149,3.8043478260869565,0.001048297863782894,0.03237742830712307,0.89621481885114,0.8957712924359739,0.8957712924359739,0.8957712924359739,0.8979889245118042,7.868627238002724e-07,0.0008870528303321468,175.0,175.0,175,175,175,0.0,0.0,46.2,46.0,46,46,47,0.16,0.4,0.0125958,0.009998,0.009998,0.009672,0.01828,1.2351152960000003e-05,0.003514420714712455
a,simple_similar_simple_random,instance_0018.txt,5,5,0,0,15.855263157894736,15.855263157894736,15.855263157894736,15.855263157894736,15.855263157894736,0.0,0.0,0.8647161846596012,0.8647161846596012,0.8647161846596012,0.8647161846596012,0.8647161846596012,0.0,0.0,1205.0,1205.0,1205,1205,1205,0.0,0.0,76.0,76.0,76,76,76,0.0,0.0,0.0604668,0.058951,0.063837,0.046848,0.078441,0.00011215221855999998,0.010590194453361089
a,simple_similar_simple_random,instance_0019.txt,5,5,0,0,9.60576923076923,9.60576923076923,9.60576923076923,9.60576923076923,9.60576923076923,0.0,0.0,0.95244668697639,0.95244668697639,0.95244668697639,0.95244668697639,0.95244668697639,0.0,0.0,999.0,999.0,999,999,999,0.0,0.0,104.0,104.0,104,104,104,0.0,0.0,0.08368680000000002,0.080651,0.08612,0.07284,0.102724,0.00011055586135999996,0.010514554739027229
a,simple_similar_simple_random,instance_0020.txt,5,5,0,0,3.6,4.0,4.0,3.0,4.0,0.24,0.4898979485566356,0.27999999999999997,0.2,0.2,0.2,0.4,0.009600000000000001,0.09797958971132713,12.0,12.0,12,12,12,0.0,0.0,3.4,3.0,3,3,4,0.24,0.4898979485566356,0.0001474,0.000143,0.000143,0.000135,0.000162,8.984000000000001e-11,9.47839648885823e-06
a,simple_similar_simple_smaller,instance_0001.txt,5,5,0,0,2.6153846153846154,2.6153846153846154,2.6153846153846154,2.6153846153846154,2.6153846153846154,0.0,0.0,0.8256410256410257,0.8256410256410257,0.8256410256410257,0.8256410256410257,0.8256410256410257,0.0,0.0,68.0,68.0,68,68,68,0.0,0.0,26.0,26.0,26,26,26,0.0,0.0,0.0033098000000000003,0.003224,0.002981,0.002981,0.00372,6.599056000000002e-08,0.00025688627834121467
a,simple_similar_simple_smaller,instance_0002.txt,5,5,0,0,1.0,1.0,1.0,1.0,1.0,0.0,0.0,0.5,0.5,0.5,0.5,0.5,0.0,0.0,2.0,2.0,2,2,2,0.0,0.0,2.0,2.0,2,2,2,0.0,0.0,0.0002182,0.000158,0.000158,0.000143,0.000487,1.8102960000000004e-08,0.0001345472407743838
a,simple_similar_simple_smaller,instance_0003.txt,5,5,0,0,2.864864864864865,2.864864864864865,2.864864864864865,2.864864864864865,2.864864864864865,0.0,0.0,0.7612612612612613,0.7612612612612613,0.7612612612612613,0.7612612612612613,0.7612612612612613,0.0,0.0,106.0,106.0,106,106,106,0.0,0.0,37.0,37.0,37,37,37,0.0,0.0,0.009172,0.008243,0.006157,0.006157,0.012406,5.3494288e-06,0.002312883222300685
a,simple_similar_simple_smaller,instance_0004.txt,5,5,0,0,1.7727272727272727,1.7727272727272727,1.7727272727272727,1.7727272727272727,1.7727272727272727,0.0,0.0,0.49350649350649356,0.4935064935064935,0.4935064935064935,0.4935064935064935,0.4935064935064935,3.0814879110195774e-33,5.551115123125783e-17,39.0,39.0,39,39,39,0.0,0.0,22.0,22.0,22,22,22,0.0,0.0,0.002029,0.001994,0.001994,0.001341,0.003388,5.562920000000001e-07,0.0007458498508413072
a,simple_similar_simple_smaller,instance_0005.txt,5,5,0,0,31.840579710144926,31.840579710144926,31.840579710144926,31.840579710144926,31.840579710144926,0.0,0.0,0.8209946326906821,0.8209946326906821,0.8209946326906821,0.8209946326906821,0.8209946326906821,0.0,0.0,4394.0,4394.0,4394,4394,4394,0.0,0.0,138.0,138.0,138,138,138,0.0,0.0,0.25741240000000004,0.265295,0.263647,0.209518,0.277074,0.0005961415698399997,0.024416010522605853
a,simple_similar_simple_smaller,instance_0006.txt,5,5,0,0,26.65753424657534,26.65753424657534,26.65753424657534,26.65753424657534,26.65753424657534,0.0,0.0,0.9614218028269532,0.9614218028269532,0.9614218028269532,0.9614218028269532,0.9614218028269532,0.0,0.0,3892.0,3892.0,3892,3892,3892,0.0,0.0,146.0,146.0,146,146,146,0.0,0.0,0.27526799999999996,0.265055,0.247626,0.247626,0.312742,0.0007460761628000001,0.027314394791025483
a,simple_similar_simple_smaller,instance_0007.txt,5,5,0,0,25.81879194630873,25.818791946308725,25.818791946308725,25.818791946308725,25.818791946308725,1.262177448353619e-29,3.552713678800501e-15,0.9341777133299967,0.9341777133299968,0.9341777133299968,0.9341777133299968,0.9341777133299968,1.232595164407831e-32,1.1102230246251565e-16,3847.0,3847.0,3847,3847,3847,0.0,0.0,149.0,149.0,149,149,149,0.0,0.0,0.24984719999999996,0.25596,0.273858,0.213947,0.273858,0.0005268005533599999,0.022952136139366197
a,simple_similar_simple_smaller,instance_0008.txt,5,5,0,0,21.838461538461537,21.838461538461537,21.838461538461537,21.838461538461537,21.838461538461537,0.0,0.0,0.8659733407386836,0.8659733407386837,0.8659733407386837,0.8659733407386837,0.8659733407386837,1.232595164407831e-32,1.1102230246251565e-16,2839.0,2839.0,2839,2839,2839,0.0,0.0,130.0,130.0,130,130,130,0.0,0.0,0.1481878,0.150396,0.150396,0.135864,0.162138,8.431112255999995e-05,0.009182108829675236
a,simple_similar_simple_smaller,instance_0009.txt,5,5,0,0,2.026666666666667,2.026666666666667,2.026666666666667,2.026666666666667,2.026666666666667,0.0,0.0,0.5411320754716981,0.5411320754716981,0.5411320754716981,0.5411320754716981,0.5411320754716981,0.0,0.0,152.0,152.0,152,152,152,0.0,0.0,75.0,75.0,75,75,75,0.0,0.0,0.023053999999999998,0.022771,0.022771,0.021452,0.024587,1.2391132000000012e-06,0.001113154616394327
a,simple_similar_simple_smaller,instance_0010.txt,5,5,0,0,5.507886435331231,5.507886435331231,5.507886435331231,5.507886435331231,5.507886435331231,0.0,0.0,0.6781318600700891,0.6781318600700891,0.6781318600700891,0.6781318600700891,0.6781318600700891,0.0,0.0,1746.0,1746.0,1746,1746,1746,0.0,0.0,317.0,317.0,317,317,317,0.0,0.0,0.2962388,0.294292,0.294292,0.259737,0.338663,0.00063092847976,0.025118289745920203
a,simple_similar_simple_smaller,instance_0011.txt,5,5,0,0,6.350931677018633,6.350931677018633,6.350931677018633,6.350931677018633,6.350931677018633,0.0,0.0,0.6230901081888053,0.6230901081888053,0.6230901081888053,0.6230901081888053,0.6230901081888053,0.0,0.0,2045.0,2045.0,2045,2045,2045,0.0,0.0,322.0,322.0,322,322,322,0.0,0.0,0.3376562,0.324438,0.32043,0.299061,0.372546,0.0008689118449599999,0.029477310680589567
a,simple_similar_simple_smaller,instance_0012.txt,5,5,0,0,1.8829787234042556,1.8829787234042554,1.8829787234042554,1.8829787234042554,1.8829787234042554,4.930380657631324e-32,2.220446049250313e-16,0.8326241134751772,0.8326241134751773,0.8326241134751773,0.8326241134751773,0.8326241134751773,1.232595164407831e-32,1.1102230246251565e-16,177.0,177.0,177,177,177,0.0,0.0,94.0,94.0,94,94,94,0.0,0.0,0.0244372,0.022964,0.022342,0.021902,0.02782,6.366701760000002e-06,0.002523232403089339
a,simple_similar_simple_smaller,instance_0013.txt,5,5,0,0,12.487738419618529,12.487738419618529,12.487738419618529,12.487738419618529,12.487738419618529,0.0,0.0,0.8936169073033808,0.8936169073033808,0.8936169073033808,0.8936169073033808,0.8936169073033808,0.0,0.0,4583.0,4583.0,4583,4583,4583,0.0,0.0,367.0,367.0,367,367,367,0.0,0.0,0.8016479999999999,0.739616,0.678474,0.678474,0.977481,0.012524708167599999,0.11191384260939305
a,simple_similar_simple_smaller,instance_0014.txt,5,5,0,0,20.473544973544975,20.473544973544975,20.473544973544975,20.473544973544975,20.473544973544975,0.0,0.0,0.8872827854309338,0.8872827854309336,0.8872827854309336,0.8872827854309336,0.8872827854309336,1.232595164407831e-32,1.1102230246251565e-16,7739.0,7739.0,7739,7739,7739,0.0,0.0,378.0,378.0,378,378,378,0.0,0.0,1.4172791999999999,1.487382,1.251031,1.190089,1.64346,0.028953012599760002,0.17015584797402644
a,simple_similar_simple_smaller,instance_0015.txt,5,5,0,0,10.305322128851541,10.305322128851541,10.305322128851541,10.305322128851541,10.305322128851541,0.0,0.0,0.9309911464585834,0.9309911464585834,0.9309911464585834,0.9309911464585834,0.9309911464585834,0.0,0.0,3679.0,3679.0,3679,3679,3679,0.0,0.0,357.0,357.0,357,357,357,0.0,0.0,0.6917546,0.749378,0.749378,0.564202,0.755196,0.005919637960639998,0.07693918351945254
a,simple_similar_simple_smaller,instance_0016.txt,5,5,0,0,9.527777777777779,9.527777777777779,9.527777777777779,9.527777777777779,9.527777777777779,0.0,0.0,0.8879084967320262,0.8879084967320262,0.8879084967320262,0.8879084967320262,0.8879084967320262,0.0,0.0,686.0,686.0,686,686,686,0.0,0.0,72.0,72.0,72,72,72,0.0,0.0,0.043590399999999994,0.043583,0.043583,0.04182,0.045896,1.9911306399999954e-06,0.0014110742857837057
a,simple_similar_simple_smaller,instance_0017.txt,5,5,0,0,3.804347826086956,3.8043478260869565,3.8043478260869565,3.8043478260869565,3.8043478260869565,1.9721522630525295e-31,4.440892098500626e-16,0.8957712924359738,0.8957712924359739,0.8957712924359739,0.8957712924359739,0.8957712924359739,1.232595164407831e-32,1.1102230246251565e-16,175.0,175.0,175,175,175,0.0,0.0,46.0,46.0,46,46,46,0.0,0.0,0.0104522,0.010431,0.010911,0.010037,0.010911,7.676615999999999e-08,0.0002770670676930046
a,simple_similar_simple_smaller,instance_0018.txt,5,5,0,0,15.855263157894736,15.855263157894736,15.855263157894736,15.855263157894736,15.855263157894736,0.0,0.0,0.8647161846596012,0.8647161846596012,0.8647161846596012,0.8647161846596012,0.8647161846596012,0.0,0.0,1205.0,1205.0,1205,1205,1205,0.0,0.0,76.0,76.0,76,76,76,0.0,0.0,0.06441899999999999,0.062553,0.062553,0.047614,0.085238,0.00015713072439999995,0.012535179472189456
a,simple_similar_simple_smaller,instance_0019.txt,5,5,0,0,9.60576923076923,9.60576923076923,9.60576923076923,9.60576923076923,9.60576923076923,0.0,0.0,0.95244668697639,0.95244668697639,0.95244668697639,0.95244668697639,0.95244668697639,0.0,0.0,999.0,999.0,999,999,999,0.0,0.0,104.0,104.0,104,104,104,0.0,0.0,0.0747252,0.071742,0.071742,0.070977,0.081647,1.8049402960000003e-05,0.004248458892351438
a,simple_similar_simple_smaller,instance_0020.txt,5,5,0,0,3.3333333333333335,3.3333333333333335,3.3333333333333335,3.3333333333333335,3.3333333333333335,0.0,0.0,0.3333333333333333,0.3333333333333333,0.3333333333333333,0.3333333333333333,0.3333333333333333,0.0,0.0,10.0,10.0,10,10,10,0.0,0.0,3.0,3.0,3,3,3,0.0,0.0,0.00013340000000000002,0.000131,0.000129,0.00012,0.000153,1.1784000000000003e-10,1.085541339608953e-05
a,simple_similar_weighted_exact_bigger,instance_0001.txt,5,5,0,0,2.4444444444444446,2.4444444444444446,2.4444444444444446,2.4444444444444446,2.4444444444444446,0.0,0.0,0.837037037037037,0.837037037037037,0.837037037037037,0.837037037037037,0.837037037037037,0.0,0.0,66.0,66.0,66,66,66,0.0,0.0,27.0,27.0,27,27,27,0.0,0.0,0.0243654,0.023308,0.028639,0.021426,0.028639,8.076156240000001e-06,0.00284185788525746
a,simple_similar_weighted_exact_bigger,instance_0002.txt,5,5,0,0,1.0,1.0,1.0,1.0,1.0,0.0,0.0,0.5,0.5,0.5,0.5,0.5,0.0,0.0,2.0,2.0,2,2,2,0.0,0.0,2.0,2.0,2,2,2,0.0,0.0,0.005778400000000001,0.005878,0.005878,0.004549,0.00693,8.039490399999998e-07,0.0008966320538548686
a,simple_similar_weighted_exact_bigger,instance_0003.txt,5,5,0,0,2.9714285714285715,2.9714285714285715,2.9714285714285715,2.9714285714285715,2.9714285714285715,0.0,0.0,0.7523809523809524,0.7523809523809524,0.7523809523809524,0.7523809523809524,0.7523809523809524,0.0,0.0,104.0,104.0,104,104,104,0.0,0.0,35.0,35.0,35,35,35,0.0,0.0,0.041207799999999996,0.03377,0.03377,0.028108,0.05948,0.00016340154095999994,0.01278286121961746
a,simple_similar_weighted_exact_bigger,instance_0004.txt,5,5,0,0,1.7142857142857142,1.7142857142857142,1.7142857142857142,1.7142857142857142,1.7142857142857142,0.0,0.0,0.5102040816326531,0.5102040816326531,0.5102040816326531,0.5102040816326531,0.5102040816326531,0.0,0.0,36.0,36.0,36,36,36,0.0,0.0,21.0,21.0,21,21,21,0.0,0.0,0.015181400000000001,0.01609,0.01287,0.01287,0.017067,2.5702434400000004e-06,0.0016031978792401143
a,simple_similar_weighted_exact_bigger,instance_0005.txt,5,5,0,0,31.15602836879433,31.156028368794328,31.156028368794328,31.156028368794328,31.156028368794328,1.262177448353619e-29,3.552713678800501e-15,0.8248431293391747,0.8248431293391746,0.8248431293391746,0.8248431293391746,0.8248431293391746,1.232595164407831e-32,1.1102230246251565e-16,4393.0,4393.0,4393,4393,4393,0.0,0.0,141.0,141.0,141,141,141,0.0,0.0,0.8886362,0.838143,0.838143,0.748279,1.094202,0.013988719229359991,0.11827391609885922
a,simple_similar_weighted_exact_bigger,instance_0006.txt,5,5,0,0,26.841379310344827,26.841379310344827,26.841379310344827,26.841379310344827,26.841379310344827,0.0,0.0,0.9611557462947253,0.9611557462947253,0.9611557462947253,0.9611557462947253,0.9611557462947253,0.0,0.0,3892.0,3892.0,3892,3892,3892,0.0,0.0,145.0,145.0,145,145,145,0.0,0.0,0.8507895999999999,0.836718,0.804507,0.804507,0.914258,0.0014384253658400014,0.037926578620276326
a,simple_similar_weighted_exact_bigger,instance_0007.txt,5,5,0,0,26.53103448275862,26.53103448275862,26.53103448275862,26.53103448275862,26.53103448275862,0.0,0.0,0.9323619261115141,0.932361926111514,0.932361926111514,0.932361926111514,0.932361926111514,1.232595164407831e-32,1.1102230246251565e-16,3847.0,3847.0,3847,3847,3847,0.0,0.0,145.0,145.0,145,145,145,0.0,0.0,0.8261800000000001,0.791859,0.722223,0.715477,0.985804,0.011540927584800003,0.10742870931366533
a,simple_similar_weighted_exact_bigger,instance_0008.txt,5,5,0,0,20.41007194244604,20.41007194244604,20.41007194244604,20.41007194244604,20.41007194244604,0.0,0.0,0.8747396306781289,0.8747396306781289,0.8747396306781289,0.8747396306781289,0.8747396306781289,0.0,0.0,2837.0,2837.0,2837,2837,2837,0.0,0.0,139.0,139.0,139,139,139,0.0,0.0,0.6424036,0.626896,0.590898,0.517131,0.745793,0.007435694953039999,0.08623047577881035
a,simple_similar_weighted_exact_bigger,instance_0009.txt,5,5,0,0,2.026666666666667,2.026666666666667,2.026666666666667,2.026666666666667,2.026666666666667,0.0,0.0,0.5411320754716981,0.5411320754716981,0.5411320754716981,0.5411320754716981,0.5411320754716981,0.0,0.0,152.0,152.0,152,152,152,0.0,0.0,75.0,75.0,75,75,75,0.0,0.0,0.0909196,0.092551,0.067141,0.067141,0.111099,0.0002019080694399999,0.014209435929691224
a,simple_similar_weighted_exact_bigger,instance_0010.txt,5,5,0,0,5.7781456953642385,5.7781456953642385,5.7781456953642385,5.7781456953642385,5.7781456953642385,0.0,0.0,0.6623385342005395,0.6623385342005395,0.6623385342005395,0.6623385342005395,0.6623385342005395,0.0,0.0,1745.0,1745.0,1745,1745,1745,0.0,0.0,302.0,302.0,302,302,302,0.0,0.0,0.9394396,0.913252,0.81974,0.811916,1.192063,0.019105350283440008,0.13822210490164014
a,simple_similar_weighted_exact_bigger,instance_0011.txt,5,5,0,0,6.829431438127091,6.829431438127091,6.829431438127091,6.829431438127091,6.829431438127091,0.0,0.0,0.5946924962535851,0.5946924962535851,0.5946924962535851,0.5946924962535851,0.5946924962535851,0.0,0.0,2042.0,2042.0,2042,2042,2042,0.0,0.0,299.0,299.0,299,299,299,0.0,0.0,1.1219384000000001,1.074043,1.041371,0.919429,1.401147,0.026086408994239984,0.16151287562990135
a,simple_similar_weighted_exact_bigger,instance_0012.txt,5,5,0,0,2.0952380952380953,2.0952380952380953,2.0952380952380953,2.0952380952380953,2.0952380952380953,0.0,0.0,0.8137566137566138,0.8137566137566138,0.8137566137566138,0.8137566137566138,0.8137566137566138,0.0,0.0,176.0,176.0,176,176,176,0.0,0.0,84.0,84.0,84,84,84,0.0,0.0,0.0901818,0.090954,0.078345,0.078345,0.101653,7.097484615999997e-05,0.008424657035155792
a,simple_similar_weighted_exact_bigger,instance_0013.txt,5,5,0,0,12.453804347826088,12.453804347826088,12.453804347826088,12.453804347826088,12.453804347826088,0.0,0.0,0.8939059917944043,0.8939059917944042,0.8939059917944042,0.8939059917944042,0.8939059917944042,1.232595164407831e-32,1.1102230246251565e-16,4583.0,4583.0,4583,4583,4583,0.0,0.0,368.0,368.0,368,368,368,0.0,0.0,2.7549446000000004,2.768541,2.398873,2.398873,3.060862,0.07040597983543999,0.26534125166554856
a,simple_similar_weighted_exact_bigger,instance_0014.txt,5,5,0,0,20.52785145888594,20.52785145888594,20.52785145888594,20.52785145888594,20.52785145888594,0.0,0.0,0.8869838007769042,0.8869838007769042,0.8869838007769042,0.8869838007769042,0.8869838007769042,0.0,0.0,7739.0,7739.0,7739,7739,7739,0.0,0.0,377.0,377.0,377,377,377,0.0,0.0,4.772061,4.705628,4.390636,4.390636,5.143126,0.09590993774479999,0.3096932962542134
a,simple_similar_weighted_exact_bigger,instance_0015.txt,5,5,0,0,10.725947521865889,10.725947521865889,10.725947521865889,10.725947521865889,10.725947521865889,0.0,0.0,0.9281744585589337,0.9281744585589338,0.9281744585589338,0.9281744585589338,0.9281744585589338,1.232595164407831e-32,1.1102230246251565e-16,3679.0,3679.0,3679,3679,3679,0.0,0.0,343.0,343.0,343,343,343,0.0,0.0,2.5333552,2.422065,2.04315,2.04315,3.019316,0.15332913671576007,0.39157264551518417
a,simple_similar_weighted_exact_bigger,instance_0016.txt,5,5,0,0,9.661971830985916,9.661971830985916,9.661971830985916,9.661971830985916,9.661971830985916,0.0,0.0,0.8863297431648716,0.8863297431648716,0.8863297431648716,0.8863297431648716,0.8863297431648716,0.0,0.0,686.0,686.0,686,686,686,0.0,0.0,71.0,71.0,71,71,71,0.0,0.0,0.092286,0.089513,0.087929,0.087929,0.105005,4.156858000000002e-05,0.00644737000644449
a,simple_similar_weighted_exact_bigger,instance_0017.txt,5,5,0,0,3.804347826086956,3.8043478260869565,3.8043478260869565,3.8043478260869565,3.8043478260869565,1.9721522630525295e-31,4.440892098500626e-16,0.8957712924359738,0.8957712924359739,0.8957712924359739,0.8957712924359739,0.8957712924359739,1.232595164407831e-32,1.1102230246251565e-16,175.0,175.0,175,175,175,0.0,0.0,46.0,46.0,46,46,46,0.0,0.0,0.030515399999999998,0.030051,0.029227,0.027935,0.033774,4.061469039999997e-06,0.002015308671146928
a,simple_similar_weighted_exact_bigger,instance_0018.txt,5,5,0,0,15.253164556962025,15.253164556962025,15.253164556962025,15.253164556962025,15.253164556962025,0.0,0.0,0.8698535447358189,0.869853544735819,0.869853544735819,0.869853544735819,0.869853544735819,1.232595164407831e-32,1.1102230246251565e-16,1205.0,1205.0,1205,1205,1205,0.0,0.0,79.0,79.0,79,79,79,0.0,0.0,0.1690404,0.165814,0.160106,0.141459,0.210509,0.00051471840584,0.02268740632685896
a,simple_similar_weighted_exact_bigger,instance_0019.txt,5,5,0,0,9.514285714285714,9.514285714285714,9.514285714285714,9.514285714285714,9.514285714285714,0.0,0.0,0.952899575671853,0.9528995756718529,0.9528995756718529,0.9528995756718529,0.9528995756718529,1.232595164407831e-32,1.1102230246251565e-16,999.0,999.0,999,999,999,0.0,0.0,105.0,105.0,105,105,105,0.0,0.0,0.24635019999999996,0.25195,0.316378,0.178175,0.316378,0.0030846476245599995,0.05553960410877989
a,simple_similar_weighted_exact_bigger,instance_0020.txt,5,5,0,0,5.0,5.0,5.0,5.0,5.0,0.0,0.0,0.0,0.0,0.0,0.0,0.0,0.0,0.0,10.0,10.0,10,10,10,0.0,0.0,2.0,2.0,2,2,2,0.0,0.0,0.0069692,0.006906,0.00803,0.005563,0.008255,1.1058901600000002e-06,0.0010516131227785246
a,simple_similar_weighted_exact_most_shared,instance_0001.txt,5,5,0,0,2.4444444444444446,2.4444444444444446,2.4444444444444446,2.4444444444444446,2.4444444444444446,0.0,0.0,0.837037037037037,0.837037037037037,0.837037037037037,0.837037037037037,0.837037037037037,0.0,0.0,66.0,66.0,66,66,66,0.0,0.0,27.0,27.0,27,27,27,0.0,0.0,0.021244,0.021155,0.026886,0.015704,0.026886,1.5641234e-05,0.003954899998735746
a,simple_similar_weighted_exact_most_shared,instance_0002.txt,5,5,0,0,1.0,1.0,1.0,1.0,1.0,0.0,0.0,0.5,0.5,0.5,0.5,0.5,0.0,0.0,2.0,2.0,2,2,2,0.0,0.0,2.0,2.0,2,2,2,0.0,0.0,0.007117,0.006089,0.006559,0.005734,0.011421,4.717495600000001e-06,0.0021719796499967492
a,simple_similar_weighted_exact_most_shared,instance_0003.txt,5,5,0,0,2.9714285714285715,2.9714285714285715,2.9714285714285715,2.9714285714285715,2.9714285714285715,0.0,0.0,0.7523809523809524,0.7523809523809524,0.7523809523809524,0.7523809523809524,0.7523809523809524,0.0,0.0,104.0,104.0,104,104,104,0.0,0.0,35.0,35.0,35,35,35,0.0,0.0,0.0320144,0.028229,0.025086,0.025063,0.053273,0.00011509890784000001,0.010728415905435435
a,simple_similar_weighted_exact_most_shared,instance_0004.txt,5,5,0,0,1.7142857142857142,1.7142857142857142,1.7142857142857142,1.7142857142857142,1.7142857142857142,0.0,0.0,0.5102040816326531,0.5102040816326531,0.5102040816326531,0.5102040816326531,0.5102040816326531,0.0,0.0,36.0,36.0,36,36,36,0.0,0.0,21.0,21.0,21,21,21,0.0,0.0,0.0150094,0.016203,0.013474,0.011313,0.017503,5.2098674399999995e-06,0.0022825134041227447
a,simple_similar_weighted_exact_most_shared,instance_0005.txt,5,5,0,0,31.15602836879433,31.156028368794328,31.156028368794328,31.156028368794328,31.156028368794328,1.262177448353619e-29,3.552713678800501e-15,0.8248431293391747,0.8248431293391746,0.8248431293391746,0.8248431293391746,0.8248431293391746,1.232595164407831e-32,1.1102230246251565e-16,4393.0,4393.0,4393,4393,4393,0.0,0.0,141.0,141.0,141,141,141,0.0,0.0,0.8759264,0.851644,0.851644,0.780808,1.061337,0.00981546230264,0.0990730150073167
a,simple_similar_weighted_exact_most_shared,instance_0006.txt,5,5,0,0,26.841379310344827,26.841379310344827,26.841379310344827,26.841379310344827,26.841379310344827,0.0,0.0,0.9611557462947253,0.9611557462947253,0.9611557462947253,0.9611557462947253,0.9611557462947253,0.0,0.0,3892.0,3892.0,3892,3892,3892,0.0,0.0,145.0,145.0,145,145,145,0.0,0.0,0.9860548000000001,1.018546,0.797027,0.797027,1.09747,0.013120462446959996,0.11454458715696694
a,simple_similar_weighted_exact_most_shared,instance_0007.txt,5,5,0,0,26.53103448275862,26.53103448275862,26.53103448275862,26.53103448275862,26.53103448275862,0.0,0.0,0.9323619261115141,0.932361926111514,0.932361926111514,0.932361926111514,0.932361926111514,1.232595164407831e-32,1.1102230246251565e-16,3847.0,3847.0,3847,3847,3847,0.0,0.0,145.0,145.0,145,145,145,0.0,0.0,0.9120737999999999,0.837922,0.770144,0.737647,1.198033,0.02975409308295999,0.1724937479532519
a,simple_similar_weighted_exact_most_shared,instance_0008.txt,5,5,0,0,20.41007194244604,20.41007194244604,20.41007194244604,20.41007194244604,20.41007194244604,0.0,0.0,0.8747396306781289,0.8747396306781289,0.8747396306781289,0.8747396306781289,0.8747396306781289,0.0,0.0,2837.0,2837.0,2837,2837,2837,0.0,0.0,139.0,139.0,139,139,139,0.0,0.0,0.572137,0.533623,0.487937,0.487937,0.664121,0.004929549994799998,0.0702107541249914
a,simple_similar_weighted_exact_most_shared,instance_0009.txt,5,5,0,0,2.026666666666667,2.026666666666667,2.026666666666667,2.026666666666667,2.026666666666667,0.0,0.0,0.5411320754716981,0.5411320754716981,0.5411320754716981,0.5411320754716981,0.5411320754716981,0.0,0.0,152.0,152.0,152,152,152,0.0,0.0,75.0,75.0,75,75,75,0.0,0.0,0.0895388,0.085423,0.090102,0.070284,0.12167,0.00030147031736000007,0.01736290060329783
a,simple_similar_weighted_exact_most_shared,instance_0010.txt,5,5,0,0,5.7781456953642385,5.7781456953642385,5.7781456953642385,5.7781456953642385,5.7781456953642385,0.0,0.0,0.6623385342005395,0.6623385342005395,0.6623385342005395,0.6623385342005395,0.6623385342005395,0.0,0.0,1745.0,1745.0,1745,1745,1745,0.0,0.0,302.0,302.0,302,302,302,0.0,0.0,1.0365948,1.115264,0.849398,0.849398,1.149144,0.014826062902159997,0.12176232135664956
a,simple_similar_weighted_exact_most_shared,instance_0011.txt,5,5,0,0,6.829431438127091,6.829431438127091,6.829431438127091,6.829431438127091,6.829431438127091,0.0,0.0,0.5946924962535851,0.5946924962535851,0.5946924962535851,0.5946924962535851,0.5946924962535851,0.0,0.0,2042.0,2042.0,2042,2042,2042,0.0,0.0,299.0,299.0,299,299,299,0.0,0.0,0.9820447999999999,0.987752,0.895932,0.895932,1.058493,0.0029484730341599995,0.05429984377657084
a,simple_similar_weighted_exact_most_shared,instance_0012.txt,5,5,0,0,2.0952380952380953,2.0952380952380953,2.0952380952380953,2.0952380952380953,2.0952380952380953,0.0,0.0,0.8137566137566138,0.8137566137566138,0.8137566137566138,0.8137566137566138,0.8137566137566138,0.0,0.0,176.0,176.0,176,176,176,0.0,0.0,84.0,84.0,84,84,84,0.0,0.0,0.0805226,0.079209,0.079846,0.057242,0.107844,0.00025896670543999994,0.016092442494537614
a,simple_similar_weighted_exact_most_shared,instance_0013.txt,5,5,0,0,12.453804347826088,12.453804347826088,12.453804347826088,12.453804347826088,12.453804347826088,0.0,0.0,0.8939059917944043,0.8939059917944042,0.8939059917944042,0.8939059917944042,0.8939059917944042,1.232595164407831e-32,1.1102230246251565e-16,4583.0,4583.0,4583,4583,4583,0.0,0.0,368.0,368.0,368,368,368,0.0,0.0,2.6647678,2.615615,2.307288,2.307288,2.948861,0.053912464546160034,0.23219057807361615
a,simple_similar_weighted_exact_most_shared,instance_0014.txt,5,5,0,0,20.52785145888594,20.52785145888594,20.52785145888594,20.52785145888594,20.52785145888594,0.0,0.0,0.8869838007769042,0.8869838007769042,0.8869838007769042,0.8869838007769042,0.8869838007769042,0.0,0.0,7739.0,7739.0,7739,7739,7739,0.0,0.0,377.0,377.0,377,377,377,0.0,0.0,4.908573200000001,5.003558,4.510741,4.426088,5.448945,0.1504184031157599,0.38783811457328415
a,simple_similar_weighted_exact_most_shared,instance_0015.txt,5,5,0,0,10.725947521865889,10.725947521865889,10.725947521865889,10.725947521865889,10.725947521865889,0.0,0.0,0.9281744585589337,0.9281744585589338,0.9281744585589338,0.9281744585589338,0.9281744585589338,1.232595164407831e-32,1.1102230246251565e-16,3679.0,3679.0,3679,3679,3679,0.0,0.0,343.0,343.0,343,343,343,0.0,0.0,2.2100606,2.164038,2.145596,2.104003,2.45437,0.015595986964639994,0.12488389393608766
a,simple_similar_weighted_exact_most_shared,instance_0016.txt,5,5,0,0,9.661971830985916,9.661971830985916,9.661971830985916,9.661971830985916,9.661971830985916,0.0,0.0,0.8863297431648716,0.8863297431648716,0.8863297431648716,0.8863297431648716,0.8863297431648716,0.0,0.0,686.0,686.0,686,686,686,0.0,0.0,71.0,71.0,71,71,71,0.0,0.0,0.08855020000000001,0.090224,0.090224,0.08091,0.097361,3.291276296000002e-05,0.0057369646120574965
a,simple_similar_weighted_exact_most_shared,instance_0017.txt,5,5,0,0,3.804347826086956,3.8043478260869565,3.8043478260869565,3.8043478260869565,3.8043478260869565,1.9721522630525295e-31,4.440892098500626e-16,0.8957712924359738,0.8957712924359739,0.8957712924359739,0.8957712924359739,0.8957712924359739,1.232595164407831e-32,1.1102230246251565e-16,175.0,175.0,175,175,175,0.0,0.0,46.0,46.0,46,46,46,0.0,0.0,0.026469399999999997,0.024415,0.03185,0.022691,0.03185,1.2898397040000006e-05,0.003591433841796338
a,simple_similar_weighted_exact_most_shared,instance_0018.txt,5,5,0,0,15.253164556962025,15.253164556962025,15.253164556962025,15.253164556962025,15.253164556962025,0.0,0.0,0.8698535447358189,0.869853544735819,0.869853544735819,0.869853544735819,0.869853544735819,1.232595164407831e-32,1.1102230246251565e-16,1205.0,1205.0,1205,1205,1205,0.0,0.0,79.0,79.0,79,79,79,0.0,0.0,0.1676744,0.157873,0.147146,0.136206,0.234499,0.0011997069418400006,0.03463678596290367
a,simple_similar_weighted_exact_most_shared,instance_0019.txt,5,5,0,0,9.514285714285714,9.514285714285714,9.514285714285714,9.514285714285714,9.514285714285714,0.0,0.0,0.952899575671853,0.9528995756718529,0.9528995756718529,0.9528995756718529,0.9528995756718529,1.232595164407831e-32,1.1102230246251565e-16,999.0,999.0,999,999,999,0.0,0.0,105.0,105.0,105,105,105,0.0,0.0,0.25723719999999994,0.25082,0.25082,0.224963,0.314332,0.0009093698997600002,0.030155760639718577
a,simple_similar_weighted_exact_most_shared,instance_0020.txt,5,5,0,0,5.0,5.0,5.0,5.0,5.0,0.0,0.0,0.0,0.0,0.0,0.0,0.0,0.0,0.0,10.0,10.0,10,10,10,0.0,0.0,2.0,2.0,2,2,2,0.0,0.0,0.007973999999999998,0.007463,0.009783,0.005915,0.009896,2.5630176e-06,0.0016009427222733485
a,simple_similar_weighted_exact_random,instance_0001.txt,5,5,0,0,2.4444444444444446,2.4444444444444446,2.4444444444444446,2.4444444444444446,2.4444444444444446,0.0,0.0,0.837037037037037,0.837037037037037,0.837037037037037,0.837037037037037,0.837037037037037,0.0,0.0,66.0,66.0,66,66,66,0.0,0.0,27.0,27.0,27,27,27,0.0,0.0,0.039441800000000006,0.044996,0.048856,0.025635,0.048856,7.845791895999997e-05,0.008857647484518673
a,simple_similar_weighted_exact_random,instance_0002.txt,5,5,0,0,1.0,1.0,1.0,1.0,1.0,0.0,0.0,0.5,0.5,0.5,0.5,0.5,0.0,0.0,2.0,2.0,2,2,2,0.0,0.0,2.0,2.0,2,2,2,0.0,0.0,0.0113188,0.01263,0.01298,0.007628,0.014287,6.3945293599999984e-06,0.0025287406668142148
a,simple_similar_weighted_exact_random,instance_0003.txt,5,5,0,0,2.9714285714285715,2.9714285714285715,2.9714285714285715,2.9714285714285715,2.9714285714285715,0.0,0.0,0.7523809523809524,0.7523809523809524,0.7523809523809524,0.7523809523809524,0.7523809523809524,0.0,0.0,104.0,104.0,104,104,104,0.0,0.0,35.0,35.0,35,35,35,0.0,0.0,0.0467444,0.040852,0.040852,0.035559,0.066282,0.00013042155703999993,0.011420225787610329
a,simple_similar_weighted_exact_random,instance_0004.txt,5,5,0,0,1.7142857142857142,1.7142857142857142,1.7142857142857142,1.7142857142857142,1.7142857142857142,0.0,0.0,0.5102040816326531,0.5102040816326531,0.5102040816326531,0.5102040816326531,0.5102040816326531,0.0,0.0,36.0,36.0,36,36,36,0.0,0.0,21.0,21.0,21,21,21,0.0,0.0,0.0190538,0.016949,0.0243,0.014587,0.0243,1.4372221359999996e-05,0.0037910712681246176
a,simple_similar_weighted_exact_random,instance_0005.txt,5,5,0,0,31.15602836879433,31.156028368794328,31.156028368794328,31.156028368794328,31.156028368794328,1.262177448353619e-29,3.552713678800501e-15,0.8248431293391747,0.8248431293391746,0.8248431293391746,0.8248431293391746,0.8248431293391746,1.232595164407831e-32,1.1102230246251565e-16,4393.0,4393.0,4393,4393,4393,0.0,0.0,141.0,141.0,141,141,141,0.0,0.0,1.0535572,0.973069,0.967392,0.931195,1.221805,0.014353496748160005,0.11980607976292357
a,simple_similar_weighted_exact_random,instance_0006.txt,5,5,0,0,26.841379310344827,26.841379310344827,26.841379310344827,26.841379310344827,26.841379310344827,0.0,0.0,0.9611557462947253,0.9611557462947253,0.9611557462947253,0.9611557462947253,0.9611557462947253,0.0,0.0,3892.0,3892.0,3892,3892,3892,0.0,0.0,145.0,145.0,145,145,145,0.0,0.0,1.175707,1.226339,1.27088,0.933198,1.27088,0.015108390192800006,0.12291619174380569
a,simple_similar_weighted_exact_random,instance_0007.txt,5,5,0,0,26.53103448275862,26.53103448275862,26.53103448275862,26.53103448275862,26.53103448275862,0.0,0.0,0.9323619261115141,0.932361926111514,0.932361926111514,0.932361926111514,0.932361926111514,1.232595164407831e-32,1.1102230246251565e-16,3847.0,3847.0,3847,3847,3847,0.0,0.0,145.0,145.0,145,145,145,0.0,0.0,1.0631426000000002,1.037075,0.933349,0.933349,1.248914,0.015548055592240012,0.12469184252484207
a,simple_similar_weighted_exact_random,instance_0008.txt,5,5,0,0,20.41007194244604,20.41007194244604,20.41007194244604,20.41007194244604,20.41007194244604,0.0,0.0,0.8747396306781289,0.8747396306781289,0.8747396306781289,0.8747396306781289,0.8747396306781289,0.0,0.0,2837.0,2837.0,2837,2837,2837,0.0,0.0,139.0,139.0,139,139,139,0.0,0.0,0.7858984,0.758407,0.723997,0.715428,0.885671,0.00462381791824,0.06799866115034914
a,simple_similar_weighted_exact_random,instance_0009.txt,5,5,0,0,2.026666666666667,2.026666666666667,2.026666666666667,2.026666666666667,2.026666666666667,0.0,0.0,0.5411320754716981,0.5411320754716981,0.5411320754716981,0.5411320754716981,0.5411320754716981,0.0,0.0,152.0,152.0,152,152,152,0.0,0.0,75.0,75.0,75,75,75,0.0,0.0,0.09761399999999999,0.083626,0.128154,0.081095,0.128154,0.00036025085239999987,0.01898027535100584
a,simple_similar_weighted_exact_random,instance_0010.txt,5,5,0,0,5.7781456953642385,5.7781456953642385,5.7781456953642385,5.7781456953642385,5.7781456953642385,0.0,0.0,0.6623385342005395,0.6623385342005395,0.6623385342005395,0.6623385342005395,0.6623385342005395,0.0,0.0,1745.0,1745.0,1745,1745,1745,0.0,0.0,302.0,302.0,302,302,302,0.0,0.0,1.0459282,1.006965,0.920322,0.920322,1.232732,0.01319696032016,0.11487802366057662
a,simple_similar_weighted_exact_random,instance_0011.txt,5,5,0,0,6.829431438127091,6.829431438127091,6.829431438127091,6.829431438127091,6.829431438127091,0.0,0.0,0.5946924962535851,0.5946924962535851,0.5946924962535851,0.5946924962535851,0.5946924962535851,0.0,0.0,2042.0,2042.0,2042,2042,2042,0.0,0.0,299.0,299.0,299,299,299,0.0,0.0,1.2730614,1.214119,1.046346,1.046346,1.542115,0.030584564265839987,0.1748844311705304
a,simple_similar_weighted_exact_random,instance_0012.txt,5,5,0,0,2.0952380952380953,2.0952380952380953,2.0952380952380953,2.0952380952380953,2.0952380952380953,0.0,0.0,0.8137566137566138,0.8137566137566138,0.8137566137566138,0.8137566137566138,0.8137566137566138,0.0,0.0,176.0,176.0,176,176,176,0.0,0.0,84.0,84.0,84,84,84,0.0,0.0,0.0961164,0.098003,0.090774,0.090774,0.101748,1.833588184000004e-05,0.004282041784009124
a,simple_similar_weighted_exact_random,instance_0013.txt,5,5,0,0,12.453804347826088,12.453804347826088,12.453804347826088,12.453804347826088,12.453804347826088,0.0,0.0,0.8939059917944043,0.8939059917944042,0.8939059917944042,0.8939059917944042,0.8939059917944042,1.232595164407831e-32,1.1102230246251565e-16,4583.0,4583.0,4583,4583,4583,0.0,0.0,368.0,368.0,368,368,368,0.0,0.0,3.3349444,3.33713,2.643987,2.643987,3.955802,0.29397323590423985,0.5421929876937176
a,simple_similar_weighted_exact_random,instance_0014.txt,5,5,0,0,20.52785145888594,20.52785145888594,20.52785145888594,20.52785145888594,20.52785145888594,0.0,0.0,0.8869838007769042,0.8869838007769042,0.8869838007769042,0.8869838007769042,0.8869838007769042,0.0,0.0,7739.0,7739.0,7739,7739,7739,0.0,0.0,377.0,377.0,377,377,377,0.0,0.0,6.074180800000001,6.169415,5.092956,5.092956,6.670424,0.30879176865895985,0.555690353217473
a,simple_similar_weighted_exact_random,instance_0015.txt,5,5,0,0,10.725947521865889,10.725947521865889,10.725947521865889,10.725947521865889,10.725947521865889,0.0,0.0,0.9281744585589337,0.9281744585589338,0.9281744585589338,0.9281744585589338,0.9281744585589338,1.232595164407831e-32,1.1102230246251565e-16,3679.0,3679.0,3679,3679,3679,0.0,0.0,343.0,343.0,343,343,343,0.0,0.0,2.5883882,2.55696,2.55696,2.100002,3.225385,0.13583465960776006,0.36855753907329053
a,simple_similar_weighted_exact_random,instance_0016.txt,5,5,0,0,9.661971830985916,9.661971830985916,9.661971830985916,9.661971830985916,9.661971830985916,0.0,0.0,0.8863297431648716,0.8863297431648716,0.8863297431648716,0.8863297431648716,0.8863297431648716,0.0,0.0,686.0,686.0,686,686,686,0.0,0.0,71.0,71.0,71,71,71,0.0,0.0,0.1202886,0.114615,0.114615,0.093834,0.155504,0.00040503224784000004,0.020125412985576224
a,simple_similar_weighted_exact_random,instance_0017.txt,5,5,0,0,3.804347826086956,3.8043478260869565,3.8043478260869565,3.8043478260869565,3.8043478260869565,1.9721522630525295e-31,4.440892098500626e-16,0.8957712924359738,0.8957712924359739,0.8957712924359739,0.8957712924359739,0.8957712924359739,1.232595164407831e-32,1.1102230246251565e-16,175.0,175.0,175,175,175,0.0,0.0,46.0,46.0,46,46,46,0.0,0.0,0.0351236,0.033349,0.035844,0.027753,0.050531,6.882772064e-05,0.008296247383003956
a,simple_similar_weighted_exact_random,instance_0018.txt,5,5,0,0,15.253164556962025,15.253164556962025,15.253164556962025,15.253164556962025,15.253164556962025,0.0,0.0,0.8698535447358189,0.869853544735819,0.869853544735819,0.869853544735819,0.869853544735819,1.232595164407831e-32,1.1102230246251565e-16,1205.0,1205.0,1205,1205,1205,0.0,0.0,79.0,79.0,79,79,79,0.0,0.0,0.20772779999999996,0.196811,0.169855,0.151444,0.275788,0.0021447118885599996,0.04631103419877383
a,simple_similar_weighted_exact_random,instance_0019.txt,5,5,0,0,9.514285714285714,9.514285714285714,9.514285714285714,9.514285714285714,9.514285714285714,0.0,0.0,0.952899575671853,0.9528995756718529,0.9528995756718529,0.9528995756718529,0.9528995756718529,1.232595164407831e-32,1.1102230246251565e-16,999.0,999.0,999,999,999,0.0,0.0,105.0,105.0,105,105,105,0.0,0.0,0.2287964,0.220463,0.250122,0.209299,0.250122,0.0002843822446400001,0.016863636756049988
a,simple_similar_weighted_exact_random,instance_0020.txt,5,5,0,0,5.0,5.0,5.0,5.0,5.0,0.0,0.0,0.0,0.0,0.0,0.0,0.0,0.0,0.0,10.0,10.0,10,10,10,0.0,0.0,2.0,2.0,2,2,2,0.0,0.0,0.0050984,0.004784,0.005714,0.004021,0.006641,9.211170400000001e-07,0.0009597484253698988
a,simple_similar_weighted_exact_smaller,instance_0001.txt,5,5,0,0,2.4444444444444446,2.4444444444444446,2.4444444444444446,2.4444444444444446,2.4444444444444446,0.0,0.0,0.837037037037037,0.837037037037037,0.837037037037037,0.837037037037037,0.837037037037037,0.0,0.0,66.0,66.0,66,66,66,0.0,0.0,27.0,27.0,27,27,27,0.0,0.0,0.0270602,0.022489,0.038552,0.020308,0.038552,5.552832176000001e-05,0.0074517328025097635
a,simple_similar_weighted_exact_smaller,instance_0002.txt,5,5,0,0,1.0,1.0,1.0,1.0,1.0,0.0,0.0,0.5,0.5,0.5,0.5,0.5,0.0,0.0,2.0,2.0,2,2,2,0.0,0.0,2.0,2.0,2,2,2,0.0,0.0,0.0077,0.00788,0.005637,0.005127,0.011912,5.741835600000002e-06,0.002396212761838982
a,simple_similar_weighted_exact_smaller,instance_0003.txt,5,5,0,0,2.9714285714285715,2.9714285714285715,2.9714285714285715,2.9714285714285715,2.9714285714285715,0.0,0.0,0.7523809523809524,0.7523809523809524,0.7523809523809524,0.7523809523809524,0.7523809523809524,0.0,0.0,104.0,104.0,104,104,104,0.0,0.0,35.0,35.0,35,35,35,0.0,0.0,0.0384966,0.038345,0.027284,0.027284,0.049901,5.9663989840000005e-05,0.0077242468784989
a,simple_similar_weighted_exact_smaller,instance_0004.txt,5,5,0,0,1.7142857142857142,1.7142857142857142,1.7142857142857142,1.7142857142857142,1.7142857142857142,0.0,0.0,0.5102040816326531,0.5102040816326531,0.5102040816326531,0.5102040816326531,0.5102040816326531,0.0,0.0,36.0,36.0,36,36,36,0.0,0.0,21.0,21.0,21,21,21,0.0,0.0,0.0134972,0.012811,0.010595,0.010535,0.018374,8.850609760000005e-06,0.0029749974386543603
a,simple_similar_weighted_exact_smaller,instance_0005.txt,5,5,0,0,31.15602836879433,31.156028368794328,31.156028368794328,31.156028368794328,31.156028368794328,1.262177448353619e-29,3.552713678800501e-15,0.8248431293391747,0.8248431293391746,0.8248431293391746,0.8248431293391746,0.8248431293391746,1.232595164407831e-32,1.1102230246251565e-16,4393.0,4393.0,4393,4393,4393,0.0,0.0,141.0,141.0,141,141,141,0.0,0.0,1.007698,0.961172,0.883258,0.883258,1.188104,0.011148909488000004,0.10558839655947051
a,simple_similar_weighted_exact_smaller,instance_0006.txt,5,5,0,0,26.841379310344827,26.841379310344827,26.841379310344827,26.841379310344827,26.841379310344827,0.0,0.0,0.9611557462947253,0.9611557462947253,0.9611557462947253,0.9611557462947253,0.9611557462947253,0.0,0.0,3892.0,3892.0,3892,3892,3892,0.0,0.0,145.0,145.0,145,145,145,0.0,0.0,0.9881068,0.94032,0.897293,0.895255,1.115483,0.009241746604159993,0.09613400337112771
a,simple_similar_weighted_exact_smaller,instance_0007.txt,5,5,0,0,26.53103448275862,26.53103448275862,26.53103448275862,26.53103448275862,26.53103448275862,0.0,0.0,0.9323619261115141,0.932361926111514,0.932361926111514,0.932361926111514,0.932361926111514,1.232595164407831e-32,1.1102230246251565e-16,3847.0,3847.0,3847,3847,3847,0.0,0.0,145.0,145.0,145,145,145,0.0,0.0,0.9493292,1.018343,0.812011,0.812011,1.051888,0.010603946306159994,0.10297546458336565
a,simple_similar_weighted_exact_smaller,instance_0008.txt,5,5,0,0,20.41007194244604,20.41007194244604,20.41007194244604,20.41007194244604,20.41007194244604,0.0,0.0,0.8747396306781289,0.8747396306781289,0.8747396306781289,0.8747396306781289,0.8747396306781289,0.0,0.0,2837.0,2837.0,2837,2837,2837,0.0,0.0,139.0,139.0,139,139,139,0.0,0.0,0.5922468000000001,0.569046,0.564596,0.504419,0.663548,0.0037280498541600025,0.06105775834535692
a,simple_similar_weighted_exact_smaller,instance_0009.txt,5,5,0,0,2.026666666666667,2.026666666666667,2.026666666666667,2.026666666666667,2.026666666666667,0.0,0.0,0.5411320754716981,0.5411320754716981,0.5411320754716981,0.5411320754716981,0.5411320754716981,0.0,0.0,152.0,152.0,152,152,152,0.0,0.0,75.0,75.0,75,75,75,0.0,0.0,0.09091419999999999,0.098499,0.098499,0.067119,0.105532,0.00019485400856000004,0.01395901173292723
a,simple_similar_weighted_exact_smaller,instance_0010.txt,5,5,0,0,5.7781456953642385,5.7781456953642385,5.7781456953642385,5.7781456953642385,5.7781456953642385,0.0,0.0,0.6623385342005395,0.6623385342005395,0.6623385342005395,0.6623385342005395,0.6623385342005395,0.0,0.0,1745.0,1745.0,1745,1745,1745,0.0,0.0,302.0,302.0,302,302,302,0.0,0.0,1.0325688,1.035114,0.904591,0.884772,1.238448,0.017030196771759997,0.13049979606022377
a,simple_similar_weighted_exact_smaller,instance_0011.txt,5,5,0,0,6.829431438127091,6.829431438127091,6.829431438127091,6.829431438127091,6.829431438127091,0.0,0.0,0.5946924962535851,0.5946924962535851,0.5946924962535851,0.5946924962535851,0.5946924962535851,0.0,0.0,2042.0,2042.0,2042,2042,2042,0.0,0.0,299.0,299.0,299,299,299,0.0,0.0,1.0568988,1.09063,1.011037,0.95374,1.115314,0.004105969357359995,0.06407783827002901
a,simple_similar_weighted_exact_smaller,instance_0012.txt,5,5,0,0,2.0952380952380953,2.0952380952380953,2.0952380952380953,2.0952380952380953,2.0952380952380953,0.0,0.0,0.8137566137566138,0.8137566137566138,0.8137566137566138,0.8137566137566138,0.8137566137566138,0.0,0.0,176.0,176.0,176,176,176,0.0,0.0,84.0,84.0,84,84,84,0.0,0.0,0.1243576,0.117692,0.178303,0.084579,0.178303,0.0011348424846399996,0.03368742324132257
a,simple_similar_weighted_exact_smaller,instance_0013.txt,5,5,0,0,12.453804347826088,12.453804347826088,12.453804347826088,12.453804347826088,12.453804347826088,0.0,0.0,0.8939059917944043,0.8939059917944042,0.8939059917944042,0.8939059917944042,0.8939059917944042,1.232595164407831e-32,1.1102230246251565e-16,4583.0,4583.0,4583,4583,4583,0.0,0.0,368.0,368.0,368,368,368,0.0,0.0,2.9006232,3.01153,2.484939,2.484939,3.257726,0.10316232154216001,0.32118891877236366
a,simple_similar_weighted_exact_smaller,instance_0014.txt,5,5,0,0,20.52785145888594,20.52785145888594,20.52785145888594,20.52785145888594,20.52785145888594,0.0,0.0,0.8869838007769042,0.8869838007769042,0.8869838007769042,0.8869838007769042,0.8869838007769042,0.0,0.0,7739.0,7739.0,7739,7739,7739,0.0,0.0,377.0,377.0,377,377,377,0.0,0.0,4.6304678,4.465194,4.078438,4.057908,5.3685,0.30181725103216,0.549378968501853
a,simple_similar_weighted_exact_smaller,instance_0015.txt,5,5,0,0,10.725947521865889,10.725947521865889,10.725947521865889,10.725947521865889,10.725947521865889,0.0,0.0,0.9281744585589337,0.9281744585589338,0.9281744585589338,0.9281744585589338,0.9281744585589338,1.232595164407831e-32,1.1102230246251565e-16,3679.0,3679.0,3679,3679,3679,0.0,0.0,343.0,343.0,343,343,343,0.0,0.0,2.568719,2.574376,2.574376,2.46842,2.714327,0.007016933698799998,0.08376713973152002
a,simple_similar_weighted_exact_smaller,instance_0016.txt,5,5,0,0,9.661971830985916,9.661971830985916,9.661971830985916,9.661971830985916,9.661971830985916,0.0,0.0,0.8863297431648716,0.8863297431648716,0.8863297431648716,0.8863297431648716,0.8863297431648716,0.0,0.0,686.0,686.0,686,686,686,0.0,0.0,71.0,71.0,71,71,71,0.0,0.0,0.10516899999999998,0.090514,0.08863,0.087364,0.16516,0.0009050139432000002,0.030083449655915463
a,simple_similar_weighted_exact_smaller,instance_0017.txt,5,5,0,0,3.804347826086956,3.8043478260869565,3.8043478260869565,3.8043478260869565,3.8043478260869565,1.9721522630525295e-31,4.440892098500626e-16,0.8957712924359738,0.8957712924359739,0.8957712924359739,0.8957712924359739,0.8957712924359739,1.232595164407831e-32,1.1102230246251565e-16,175.0,175.0,175,175,175,0.0,0.0,46.0,46.0,46,46,46,0.0,0.0,0.0416892,0.036956,0.062452,0.030188,0.062452,0.00012924961856000002,0.011368800225177679
a,simple_similar_weighted_exact_smaller,instance_0018.txt,5,5,0,0,15.253164556962025,15.253164556962025,15.253164556962025,15.253164556962025,15.253164556962025,0.0,0.0,0.8698535447358189,0.869853544735819,0.869853544735819,0.869853544735819,0.869853544735819,1.232595164407831e-32,1.1102230246251565e-16,1205.0,1205.0,1205,1205,1205,0.0,0.0,79.0,79.0,79,79,79,0.0,0.0,0.2394246,0.236666,0.162581,0.162581,0.317419,0.0025007529922400004,0.050007529355488065
a,simple_similar_weighted_exact_smaller,instance_0019.txt,5,5,0,0,9.514285714285714,9.514285714285714,9.514285714285714,9.514285714285714,9.514285714285714,0.0,0.0,0.952899575671853,0.9528995756718529,0.9528995756718529,0.9528995756718529,0.9528995756718529,1.232595164407831e-32,1.1102230246251565e-16,999.0,999.0,999,999,999,0.0,0.0,105.0,105.0,105,105,105,0.0,0.0,0.27168359999999997,0.262981,0.203825,0.203825,0.355444,0.0025036976214399993,0.05003696255209742
a,simple_similar_weighted_exact_smaller,instance_0020.txt,5,5,0,0,5.0,5.0,5.0,5.0,5.0,0.0,0.0,0.0,0.0,0.0,0.0,0.0,0.0,0.0,10.0,10.0,10,10,10,0.0,0.0,2.0,2.0,2,2,2,0.0,0.0,0.0065026,0.006347,0.006347,0.004607,0.008431,2.4850898399999997e-06,0.001576416772303568
a,simple_similar_weighted_multi_bigger,instance_0001.txt,5,5,0,0,2.357142857142857,2.357142857142857,2.357142857142857,2.357142857142857,2.357142857142857,0.0,0.0,0.8428571428571429,0.8428571428571429,0.8428571428571429,0.8428571428571429,0.8428571428571429,0.0,0.0,66.0,66.0,66,66,66,0.0,0.0,28.0,28.0,28,28,28,0.0,0.0,0.007336,0.007353,0.00412,0.00412,0.00934,3.193351599999999e-06,0.0017869951314986841
a,simple_similar_weighted_multi_bigger,instance_0002.txt,5,5,0,0,1.0,1.0,1.0,1.0,1.0,0.0,0.0,0.5,0.5,0.5,0.5,0.5,0.0,0.0,2.0,2.0,2,2,2,0.0,0.0,2.0,2.0,2,2,2,0.0,0.0,0.0001584,0.000153,0.000167,0.000152,0.000167,4.94399999999999e-11,7.031358332498771e-06
a,simple_similar_weighted_multi_bigger,instance_0003.txt,5,5,0,0,2.810810810810811,2.810810810810811,2.810810810810811,2.810810810810811,2.810810810810811,0.0,0.0,0.7657657657657658,0.7657657657657658,0.7657657657657658,0.7657657657657658,0.7657657657657658,0.0,0.0,104.0,104.0,104,104,104,0.0,0.0,37.0,37.0,37,37,37,0.0,0.0,0.0090896,0.009724,0.008362,0.00722,0.010369,1.3062338400000002e-06,0.0011429058753895703
a,simple_similar_weighted_multi_bigger,instance_0004.txt,5,5,0,0,1.6363636363636362,1.6363636363636365,1.6363636363636365,1.6363636363636365,1.6363636363636365,4.930380657631324e-32,2.220446049250313e-16,0.5324675324675324,0.5324675324675324,0.5324675324675324,0.5324675324675324,0.5324675324675324,0.0,0.0,36.0,36.0,36,36,36,0.0,0.0,22.0,22.0,22,22,22,0.0,0.0,0.0027784000000000003,0.002197,0.004248,0.00202,0.004248,7.6195384e-07,0.0008728996735020583
a,simple_similar_weighted_multi_bigger,instance_0005.txt,5,5,0,0,31.15602836879433,31.156028368794328,31.156028368794328,31.156028368794328,31.156028368794328,1.262177448353619e-29,3.552713678800501e-15,0.8248431293391747,0.8248431293391746,0.8248431293391746,0.8248431293391746,0.8248431293391746,1.232595164407831e-32,1.1102230246251565e-16,4393.0,4393.0,4393,4393,4393,0.0,0.0,141.0,141.0,141,141,141,0.0,0.0,0.3525622,0.338914,0.373326,0.314679,0.40527,0.0010624060305600004,0.03259457056873123
a,simple_similar_weighted_multi_bigger,instance_0006.txt,5,5,0,0,26.65753424657534,26.65753424657534,26.65753424657534,26.65753424657534,26.65753424657534,0.0,0.0,0.9614218028269532,0.9614218028269532,0.9614218028269532,0.9614218028269532,0.9614218028269532,0.0,0.0,3892.0,3892.0,3892,3892,3892,0.0,0.0,146.0,146.0,146,146,146,0.0,0.0,0.4043794,0.409327,0.374271,0.341215,0.462367,0.0018407335302399997,0.04290377058301519
a,simple_similar_weighted_multi_bigger,instance_0007.txt,5,5,0,0,26.53103448275862,26.53103448275862,26.53103448275862,26.53103448275862,26.53103448275862,0.0,0.0,0.9323619261115141,0.932361926111514,0.932361926111514,0.932361926111514,0.932361926111514,1.232595164407831e-32,1.1102230246251565e-16,3847.0,3847.0,3847,3847,3847,0.0,0.0,145.0,145.0,145,145,145,0.0,0.0,0.41499260000000004,0.429708,0.331759,0.331759,0.463976,0.002127722617839999,0.04612724377024926
a,simple_similar_weighted_multi_bigger,instance_0008.txt,5,5,0,0,20.41007194244604,20.41007194244604,20.41007194244604,20.41007194244604,20.41007194244604,0.0,0.0,0.8747396306781289,0.8747396306781289,0.8747396306781289,0.8747396306781289,0.8747396306781289,0.0,0.0,2837.0,2837.0,2837,2837,2837,0.0,0.0,139.0,139.0,139,139,139,0.0,0.0,0.3577224,0.376353,0.365823,0.282768,0.386824,0.0014486839530399994,0.038061581063324204
a,simple_similar_weighted_multi_bigger,instance_0009.txt,5,5,0,0,1.9240506329113924,1.9240506329113924,1.9240506329113924,1.9240506329113924,1.9240506329113924,0.0,0.0,0.5643658944351565,0.5643658944351565,0.5643658944351565,0.5643658944351565,0.5643658944351565,0.0,0.0,152.0,152.0,152,152,152,0.0,0.0,79.0,79.0,79,79,79,0.0,0.0,0.032805799999999996,0.032554,0.029822,0.029822,0.036434,4.44559456e-06,0.0021084578629889665
a,simple_similar_weighted_multi_bigger,instance_0010.txt,5,5,0,0,5.759075907590759,5.759075907590759,5.759075907590759,5.759075907590759,5.759075907590759,0.0,0.0,0.6634529284771052,0.6634529284771052,0.6634529284771052,0.6634529284771052,0.6634529284771052,0.0,0.0,1745.0,1745.0,1745,1745,1745,0.0,0.0,303.0,303.0,303,303,303,0.0,0.0,0.60509,0.609744,0.634,0.53088,0.678402,0.002561257763199997,0.05060887040035568
a,simple_similar_weighted_multi_bigger,instance_0011.txt,5,5,0,0,6.806666666666667,6.806666666666667,6.806666666666667,6.806666666666667,6.806666666666667,0.0,0.0,0.5960435212660732,0.5960435212660732,0.5960435212660732,0.5960435212660732,0.5960435212660732,0.0,0.0,2042.0,2042.0,2042,2042,2042,0.0,0.0,300.0,300.0,300,300,300,0.0,0.0,0.557562,0.586939,0.524556,0.492014,0.59405,0.0017297778667999986,0.04159059829817309
a,simple_similar_weighted_multi_bigger,instance_0012.txt,5,5,0,0,2.046511627906977,2.046511627906977,2.046511627906977,2.046511627906977,2.046511627906977,0.0,0.0,0.8180878552971576,0.8180878552971577,0.8180878552971577,0.8180878552971577,0.8180878552971577,1.232595164407831e-32,1.1102230246251565e-16,176.0,176.0,176,176,176,0.0,0.0,86.0,86.0,86,86,86,0.0,0.0,0.0648092,0.064931,0.056708,0.056708,0.075324,4.822487256000002e-05,0.0069444130464712435
a,simple_similar_weighted_multi_bigger,instance_0013.txt,5,5,0,0,12.453804347826088,12.453804347826088,12.453804347826088,12.453804347826088,12.453804347826088,0.0,0.0,0.8939059917944043,0.8939059917944042,0.8939059917944042,0.8939059917944042,0.8939059917944042,1.232595164407831e-32,1.1102230246251565e-16,4583.0,4583.0,4583,4583,4583,0.0,0.0,368.0,368.0,368,368,368,0.0,0.0,1.2826742,1.234227,1.234227,1.083126,1.4686,0.01925434516615999,0.1387600272634738
a,simple_similar_weighted_multi_bigger,instance_0014.txt,5,5,0,0,20.473544973544975,20.473544973544975,20.473544973544975,20.473544973544975,20.473544973544975,0.0,0.0,0.8872827854309338,0.8872827854309336,0.8872827854309336,0.8872827854309336,0.8872827854309336,1.232595164407831e-32,1.1102230246251565e-16,7739.0,7739.0,7739,7739,7739,0.0,0.0,378.0,378.0,378,378,378,0.0,0.0,1.7865504,1.773089,1.773089,1.461726,2.266608,0.08006672865624002,0.28296064860018966
a,simple_similar_weighted_multi_bigger,instance_0015.txt,5,5,0,0,10.663768115942029,10.663768115942029,10.663768115942029,10.663768115942029,10.663768115942029,0.0,0.0,0.9285908385093167,0.9285908385093168,0.9285908385093168,0.9285908385093168,0.9285908385093168,1.232595164407831e-32,1.1102230246251565e-16,3679.0,3679.0,3679,3679,3679,0.0,0.0,345.0,345.0,345,345,345,0.0,0.0,1.417718,1.396427,1.348077,1.237304,1.609373,0.0161869362928,0.12722789117485206
a,simple_similar_weighted_multi_bigger,instance_0016.txt,5,5,0,0,9.661971830985916,9.661971830985916,9.661971830985916,9.661971830985916,9.661971830985916,0.0,0.0,0.8863297431648716,0.8863297431648716,0.8863297431648716,0.8863297431648716,0.8863297431648716,0.0,0.0,686.0,686.0,686,686,686,0.0,0.0,71.0,71.0,71,71,71,0.0,0.0,0.055185,0.05426,0.033966,0.033966,0.072322,0.00018254789199999996,0.01351102853227688
a,simple_similar_weighted_multi_bigger,instance_0017.txt,5,5,0,0,3.804347826086956,3.8043478260869565,3.8043478260869565,3.8043478260869565,3.8043478260869565,1.9721522630525295e-31,4.440892098500626e-16,0.8957712924359738,0.8957712924359739,0.8957712924359739,0.8957712924359739,0.8957712924359739,1.232595164407831e-32,1.1102230246251565e-16,175.0,175.0,175,175,175,0.0,0.0,46.0,46.0,46,46,46,0.0,0.0,0.025203399999999997,0.026791,0.01388,0.01388,0.031473,3.532916024e-05,0.005943833799829871
a,simple_similar_weighted_multi_bigger,instance_0018.txt,5,5,0,0,15.253164556962025,15.253164556962025,15.253164556962025,15.253164556962025,15.253164556962025,0.0,0.0,0.8698535447358189,0.869853544735819,0.869853544735819,0.869853544735819,0.869853544735819,1.232595164407831e-32,1.1102230246251565e-16,1205.0,1205.0,1205,1205,1205,0.0,0.0,79.0,79.0,79,79,79,0.0,0.0,0.09843919999999999,0.096343,0.083574,0.08257,0.114923,0.00020322665335999998,0.014255758603455657
a,simple_similar_weighted_multi_bigger,instance_0019.txt,5,5,0,0,9.336448598130842,9.336448598130842,9.336448598130842,9.336448598130842,9.336448598130842,0.0,0.0,0.9537799574349959,0.9537799574349959,0.9537799574349959,0.9537799574349959,0.9537799574349959,0.0,0.0,999.0,999.0,999,999,999,0.0,0.0,107.0,107.0,107,107,107,0.0,0.0,0.1760722,0.148629,0.245919,0.134653,0.245919,0.0019703588517600004,0.04438872437635486
a,simple_similar_weighted_multi_bigger,instance_0020.txt,5,5,0,0,5.0,5.0,5.0,5.0,5.0,0.0,0.0,0.0,0.0,0.0,0.0,0.0,0.0,0.0,10.0,10.0,10,10,10,0.0,0.0,2.0,2.0,2,2,2,0.0,0.0,0.0001268,0.000125,0.000119,0.000119,0.000138,4.815999999999998e-11,6.939740629158988e-06
a,simple_similar_weighted_multi_most_shared,instance_0001.txt,5,5,0,0,2.357142857142857,2.357142857142857,2.357142857142857,2.357142857142857,2.357142857142857,0.0,0.0,0.8428571428571429,0.8428571428571429,0.8428571428571429,0.8428571428571429,0.8428571428571429,0.0,0.0,66.0,66.0,66,66,66,0.0,0.0,28.0,28.0,28,28,28,0.0,0.0,0.007051,0.006865,0.006865,0.006834,0.007835,1.538284e-07,0.0003922096378214079
a,simple_similar_weighted_multi_most_shared,instance_0002.txt,5,5,0,0,1.0,1.0,1.0,1.0,1.0,0.0,0.0,0.5,0.5,0.5,0.5,0.5,0.0,0.0,2.0,2.0,2,2,2,0.0,0.0,2.0,2.0,2,2,2,0.0,0.0,0.00015140000000000002,0.000149,0.000165,0.00014,0.000165,8.104000000000004e-11,9.002221947941521e-06
a,simple_similar_weighted_multi_most_shared,instance_0003.txt,5,5,0,0,2.810810810810811,2.810810810810811,2.810810810810811,2.810810810810811,2.810810810810811,0.0,0.0,0.7657657657657658,0.7657657657657658,0.7657657657657658,0.7657657657657658,0.7657657657657658,0.0,0.0,104.0,104.0,104,104,104,0.0,0.0,37.0,37.0,37,37,37,0.0,0.0,0.014856599999999998,0.013034,0.013034,0.012795,0.022291,1.3831858639999996e-05,0.003719120681021254
a,simple_similar_weighted_multi_most_shared,instance_0004.txt,5,5,0,0,1.6363636363636362,1.6363636363636365,1.6363636363636365,1.6363636363636365,1.6363636363636365,4.930380657631324e-32,2.220446049250313e-16,0.5324675324675324,0.5324675324675324,0.5324675324675324,0.5324675324675324,0.5324675324675324,0.0,0.0,36.0,36.0,36,36,36,0.0,0.0,22.0,22.0,22,22,22,0.0,0.0,0.0029392000000000003,0.002071,0.005859,0.001964,0.005859,2.23479896e-06,0.001494924399426272
a,simple_similar_weighted_multi_most_shared,instance_0005.txt,5,5,0,0,31.15602836879433,31.156028368794328,31.156028368794328,31.156028368794328,31.156028368794328,1.262177448353619e-29,3.552713678800501e-15,0.8248431293391747,0.8248431293391746,0.8248431293391746,0.8248431293391746,0.8248431293391746,1.232595164407831e-32,1.1102230246251565e-16,4393.0,4393.0,4393,4393,4393,0.0,0.0,141.0,141.0,141,141,141,0.0,0.0,0.3800056,0.358139,0.358139,0.303528,0.503638,0.005074490873840001,0.07123546078913227
a,simple_similar_weighted_multi_most_shared,instance_0006.txt,5,5,0,0,26.65753424657534,26.65753424657534,26.65753424657534,26.65753424657534,26.65753424657534,0.0,0.0,0.9614218028269532,0.9614218028269532,0.9614218028269532,0.9614218028269532,0.9614218028269532,0.0,0.0,3892.0,3892.0,3892,3892,3892,0.0,0.0,146.0,146.0,146,146,146,0.0,0.0,0.47449320000000006,0.453017,0.453017,0.425006,0.529189,0.0018011492609600003,0.04243994888027082
a,simple_similar_weighted_multi_most_shared,instance_0007.txt,5,5,0,0,26.53103448275862,26.53103448275862,26.53103448275862,26.53103448275862,26.53103448275862,0.0,0.0,0.9323619261115141,0.932361926111514,0.932361926111514,0.932361926111514,0.932361926111514,1.232595164407831e-32,1.1102230246251565e-16,3847.0,3847.0,3847,3847,3847,0.0,0.0,145.0,145.0,145,145,145,0.0,0.0,0.4742102,0.477153,0.459265,0.409321,0.515893,0.0014839485529600006,0.03852205281342105
a,simple_similar_weighted_multi_most_shared,instance_0008.txt,5,5,0,0,20.41007194244604,20.41007194244604,20.41007194244604,20.41007194244604,20.41007194244604,0.0,0.0,0.8747396306781289,0.8747396306781289,0.8747396306781289,0.8747396306781289,0.8747396306781289,0.0,0.0,2837.0,2837.0,2837,2837,2837,0.0,0.0,139.0,139.0,139,139,139,0.0,0.0,0.3772798,0.385408,0.281394,0.281394,0.427799,0.0028304539121600013,0.05320201041464506
a,simple_similar_weighted_multi_most_shared,instance_0009.txt,5,5,0,0,1.9240506329113924,1.9240506329113924,1.9240506329113924,1.9240506329113924,1.9240506329113924,0.0,0.0,0.5643658944351565,0.5643658944351565,0.5643658944351565,0.5643658944351565,0.5643658944351565,0.0,0.0,152.0,152.0,152,152,152,0.0,0.0,79.0,79.0,79,79,79,0.0,0.0,0.035452599999999994,0.033487,0.053654,0.021875,0.053654,0.00010592181864,0.01029183261814921
a,simple_similar_weighted_multi_most_shared,instance_0010.txt,5,5,0,0,5.759075907590759,5.759075907590759,5.759075907590759,5.759075907590759,5.759075907590759,0.0,0.0,0.6634529284771052,0.6634529284771052,0.6634529284771052,0.6634529284771052,0.6634529284771052,0.0,0.0,1745.0,1745.0,1745,1745,1745,0.0,0.0,303.0,303.0,303,303,303,0.0,0.0,0.6336008,0.670899,0.510253,0.510253,0.71086,0.005719176953360002,0.07562524018712273
a,simple_similar_weighted_multi_most_shared,instance_0011.txt,5,5,0,0,6.806666666666667,6.806666666666667,6.806666666666667,6.806666666666667,6.806666666666667,0.0,0.0,0.5960435212660732,0.5960435212660732,0.5960435212660732,0.5960435212660732,0.5960435212660732,0.0,0.0,2042.0,2042.0,2042,2042,2042,0.0,0.0,300.0,300.0,300,300,300,0.0,0.0,0.5624266,0.579203,0.608628,0.466938,0.613825,0.0029065253290399976,0.053912200187341615
a,simple_similar_weighted_multi_most_shared,instance_0012.txt,5,5,0,0,2.046511627906977,2.046511627906977,2.046511627906977,2.046511627906977,2.046511627906977,0.0,0.0,0.8180878552971576,0.8180878552971577,0.8180878552971577,0.8180878552971577,0.8180878552971577,1.232595164407831e-32,1.1102230246251565e-16,176.0,176.0,176,176,176,0.0,0.0,86.0,86.0,86,86,86,0.0,0.0,0.0679508,0.071149,0.072571,0.053375,0.072571,5.395038336e-05,0.007345092467763765
a,simple_similar_weighted_multi_most_shared,instance_0013.txt,5,5,0,0,12.453804347826088,12.453804347826088,12.453804347826088,12.453804347826088,12.453804347826088,0.0,0.0,0.8939059917944043,0.8939059917944042,0.8939059917944042,0.8939059917944042,0.8939059917944042,1.232595164407831e-32,1.1102230246251565e-16,4583.0,4583.0,4583,4583,4583,0.0,0.0,368.0,368.0,368,368,368,0.0,0.0,1.2168766000000002,1.199813,0.953671,0.953671,1.523087,0.034886309672640003,0.18677877200752768
a,simple_similar_weighted_multi_most_shared,instance_0014.txt,5,5,0,0,20.473544973544975,20.473544973544975,20.473544973544975,20.473544973544975,20.473544973544975,0.0,0.0,0.8872827854309338,0.8872827854309336,0.8872827854309336,0.8872827854309336,0.8872827854309336,1.232595164407831e-32,1.1102230246251565e-16,7739.0,7739.0,7739,7739,7739,0.0,0.0,378.0,378.0,378,378,378,0.0,0.0,1.6745418,1.752499,1.716875,1.347938,1.789485,0.027219983940559987,0.16498479911967645
a,simple_similar_weighted_multi_most_shared,instance_0015.txt,5,5,0,0,10.663768115942029,10.663768115942029,10.663768115942029,10.663768115942029,10.663768115942029,0.0,0.0,0.9285908385093167,0.9285908385093168,0.9285908385093168,0.9285908385093168,0.9285908385093168,1.232595164407831e-32,1.1102230246251565e-16,3679.0,3679.0,3679,3679,3679,0.0,0.0,345.0,345.0,345,345,345,0.0,0.0,1.1302012,1.068411,1.058635,1.028732,1.287367,0.009993576314559998,0.09996787641317584
a,simple_similar_weighted_multi_most_shared,instance_0016.txt,5,5,0,0,9.661971830985916,9.661971830985916,9.661971830985916,9.661971830985916,9.661971830985916,0.0,0.0,0.8863297431648716,0.8863297431648716,0.8863297431648716,0.8863297431648716,0.8863297431648716,0.0,0.0,686.0,686.0,686,686,686,0.0,0.0,71.0,71.0,71,71,71,0.0,0.0,0.0430134,0.041964,0.062514,0.032713,0.062514,0.00010887157024,0.010434154026081846
a,simple_similar_weighted_multi_most_shared,instance_0017.txt,5,5,0,0,3.804347826086956,3.8043478260869565,3.8043478260869565,3.8043478260869565,3.8043478260869565,1.9721522630525295e-31,4.440892098500626e-16,0.8957712924359738,0.8957712924359739,0.8957712924359739,0.8957712924359739,0.8957712924359739,1.232595164407831e-32,1.1102230246251565e-16,175.0,175.0,175,175,175,0.0,0.0,46.0,46.0,46,46,46,0.0,0.0,0.012587399999999999,0.011995,0.014942,0.011735,0.014942,1.4383546399999999e-06,0.0011993142373873495
a,simple_similar_weighted_multi_most_shared,instance_0018.txt,5,5,0,0,15.253164556962025,15.253164556962025,15.253164556962025,15.253164556962025,15.253164556962025,0.0,0.0,0.8698535447358189,0.869853544735819,0.869853544735819,0.869853544735819,0.869853544735819,1.232595164407831e-32,1.1102230246251565e-16,1205.0,1205.0,1205,1205,1205,0.0,0.0,79.0,79.0,79,79,79,0.0,0.0,0.0514922,0.054501,0.056545,0.040628,0.056545,3.384146696000001e-05,0.005817341915342437
a,simple_similar_weighted_multi_most_shared,instance_0019.txt,5,5,0,0,9.336448598130842,9.336448598130842,9.336448598130842,9.336448598130842,9.336448598130842,0.0,0.0,0.9537799574349959,0.9537799574349959,0.9537799574349959,0.9537799574349959,0.9537799574349959,0.0,0.0,999.0,999.0,999,999,999,0.0,0.0,107.0,107.0,107,107,107,0.0,0.0,0.12614220000000004,0.129521,0.129521,0.112627,0.135383,6.438296096e-05,0.008023899361283142
a,simple_similar_weighted_multi_most_shared,instance_0020.txt,5,5,0,0,5.0,5.0,5.0,5.0,5.0,0.0,0.0,0.0,0.0,0.0,0.0,0.0,0.0,0.0,10.0,10.0,10,10,10,0.0,0.0,2.0,2.0,2,2,2,0.0,0.0,0.00011819999999999999,0.000115,0.000115,0.00011,0.00013,4.695999999999993e-11,6.85273667960472e-06
a,simple_similar_weighted_multi_random,instance_0001.txt,5,5,0,0,2.357142857142857,2.357142857142857,2.357142857142857,2.357142857142857,2.357142857142857,0.0,0.0,0.8428571428571429,0.8428571428571429,0.8428571428571429,0.8428571428571429,0.8428571428571429,0.0,0.0,66.0,66.0,66,66,66,0.0,0.0,28.0,28.0,28,28,28,0.0,0.0,0.0060188,0.005737,0.005341,0.005341,0.007413,5.955137600000001e-07,0.0007716953803153159
a,simple_similar_weighted_multi_random,instance_0002.txt,5,5,0,0,1.0,1.0,1.0,1.0,1.0,0.0,0.0,0.5,0.5,0.5,0.5,0.5,0.0,0.0,2.0,2.0,2,2,2,0.0,0.0,2.0,2.0,2,2,2,0.0,0.0,0.00016179999999999998,0.000159,0.000159,0.000148,0.000175,8.376000000000004e-11,9.152048950918043e-06
a,simple_similar_weighted_multi_random,instance_0003.txt,5,5,0,0,2.810810810810811,2.810810810810811,2.810810810810811,2.810810810810811,2.810810810810811,0.0,0.0,0.7657657657657658,0.7657657657657658,0.7657657657657658,0.7657657657657658,0.7657657657657658,0.0,0.0,104.0,104.0,104,104,104,0.0,0.0,37.0,37.0,37,37,37,0.0,0.0,0.011129799999999999,0.011222,0.009353,0.008707,0.014287,3.98125416e-06,0.001995308036369322
a,simple_similar_weighted_multi_random,instance_0004.txt,5,5,0,0,1.6363636363636362,1.6363636363636365,1.6363636363636365,1.6363636363636365,1.6363636363636365,4.930380657631324e-32,2.220446049250313e-16,0.5324675324675324,0.5324675324675324,0.5324675324675324,0.5324675324675324,0.5324675324675324,0.0,0.0,36.0,36.0,36,36,36,0.0,0.0,22.0,22.0,22,22,22,0.0,0.0,0.0032936,0.002019,0.00549,0.001827,0.00549,2.84655384e-06,0.0016871733283809344
a,simple_similar_weighted_multi_random,instance_0005.txt,5,5,0,0,31.15602836879433,31.156028368794328,31.156028368794328,31.156028368794328,31.156028368794328,1.262177448353619e-29,3.552713678800501e-15,0.8248431293391747,0.8248431293391746,0.8248431293391746,0.8248431293391746,0.8248431293391746,1.232595164407831e-32,1.1102230246251565e-16,4393.0,4393.0,4393,4393,4393,0.0,0.0,141.0,141.0,141,141,141,0.0,0.0,0.2899634,0.292937,0.312015,0.258115,0.312015,0.00041737852064000007,0.020429843872139603
a,simple_similar_weighted_multi_random,instance_0006.txt,5,5,0,0,26.65753424657534,26.65753424657534,26.65753424657534,26.65753424657534,26.65753424657534,0.0,0.0,0.9614218028269532,0.9614218028269532,0.9614218028269532,0.9614218028269532,0.9614218028269532,0.0,0.0,3892.0,3892.0,3892,3892,3892,0.0,0.0,146.0,146.0,146,146,146,0.0,0.0,0.4421118,0.427104,0.376322,0.376322,0.536524,0.0028510068409600005,0.05339482035703464
a,simple_similar_weighted_multi_random,instance_0007.txt,5,5,0,0,26.53103448275862,26.53103448275862,26.53103448275862,26.53103448275862,26.53103448275862,0.0,0.0,0.9323619261115141,0.932361926111514,0.932361926111514,0.932361926111514,0.932361926111514,1.232595164407831e-32,1.1102230246251565e-16,3847.0,3847.0,3847,3847,3847,0.0,0.0,145.0,145.0,145,145,145,0.0,0.0,0.43192620000000004,0.428134,0.42586,0.378423,0.471086,0.0010065978065599995,0.031726925576866086
a,simple_similar_weighted_multi_random,instance_0008.txt,5,5,0,0,20.41007194244604,20.41007194244604,20.41007194244604,20.41007194244604,20.41007194244604,0.0,0.0,0.8747396306781289,0.8747396306781289,0.8747396306781289,0.8747396306781289,0.8747396306781289,0.0,0.0,2837.0,2837.0,2837,2837,2837,0.0,0.0,139.0,139.0,139,139,139,0.0,0.0,0.39224380000000003,0.387641,0.387641,0.339407,0.445479,0.00115620653216,0.034003037102000165
a,simple_similar_weighted_multi_random,instance_0009.txt,5,5,0,0,1.9240506329113924,1.9240506329113924,1.9240506329113924,1.9240506329113924,1.9240506329113924,0.0,0.0,0.5643658944351565,0.5643658944351565,0.5643658944351565,0.5643658944351565,0.5643658944351565,0.0,0.0,152.0,152.0,152,152,152,0.0,0.0,79.0,79.0,79,79,79,0.0,0.0,0.0410478,0.044885,0.044885,0.031781,0.045895,3.0717022160000015e-05,0.005542293943846719
a,simple_similar_weighted_multi_random,instance_0010.txt,5,5,0,0,5.759075907590759,5.759075907590759,5.759075907590759,5.759075907590759,5.759075907590759,0.0,0.0,0.6634529284771052,0.6634529284771052,0.6634529284771052,0.6634529284771052,0.6634529284771052,0.0,0.0,1745.0,1745.0,1745,1745,1745,0.0,0.0,303.0,303.0,303,303,303,0.0,0.0,0.6637036,0.675137,0.675137,0.612281,0.703295,0.0011431203414400018,0.03381006272457952
a,simple_similar_weighted_multi_random,instance_0011.txt,5,5,0,0,6.806666666666667,6.806666666666667,6.806666666666667,6.806666666666667,6.806666666666667,0.0,0.0,0.5960435212660732,0.5960435212660732,0.5960435212660732,0.5960435212660732,0.5960435212660732,0.0,0.0,2042.0,2042.0,2042,2042,2042,0.0,0.0,300.0,300.0,300,300,300,0.0,0.0,0.5189682,0.526475,0.544511,0.463071,0.574615,0.001601127503359999,0.04001409130993729
a,simple_similar_weighted_multi_random,instance_0012.txt,5,5,0,0,2.046511627906977,2.046511627906977,2.046511627906977,2.046511627906977,2.046511627906977,0.0,0.0,0.8180878552971576,0.8180878552971577,0.8180878552971577,0.8180878552971577,0.8180878552971577,1.232595164407831e-32,1.1102230246251565e-16,176.0,176.0,176,176,176,0.0,0.0,86.0,86.0,86,86,86,0.0,0.0,0.056062,0.058401,0.058401,0.047236,0.061473,2.66674976e-05,0.005164058249090535
a,simple_similar_weighted_multi_random,instance_0013.txt,5,5,0,0,12.453804347826088,12.453804347826088,12.453804347826088,12.453804347826088,12.453804347826088,0.0,0.0,0.8939059917944043,0.8939059917944042,0.8939059917944042,0.8939059917944042,0.8939059917944042,1.232595164407831e-32,1.1102230246251565e-16,4583.0,4583.0,4583,4583,4583,0.0,0.0,368.0,368.0,368,368,368,0.0,0.0,1.2335657999999998,1.233595,1.158815,1.158815,1.294053,0.002557409862159999,0.050570840038108904
a,simple_similar_weighted_multi_random,instance_0014.txt,5,5,0,0,20.473544973544975,20.473544973544975,20.473544973544975,20.473544973544975,20.473544973544975,0.0,0.0,0.8872827854309338,0.8872827854309336,0.8872827854309336,0.8872827854309336,0.8872827854309336,1.232595164407831e-32,1.1102230246251565e-16,7739.0,7739.0,7739,7739,7739,0.0,0.0,378.0,378.0,378,378,378,0.0,0.0,1.3691014,1.288188,1.428785,1.240197,1.645027,0.02373677355944,0.15406743185839114
a,simple_similar_weighted_multi_random,instance_0015.txt,5,5,0,0,10.663768115942029,10.663768115942029,10.663768115942029,10.663768115942029,10.663768115942029,0.0,0.0,0.9285908385093167,0.9285908385093168,0.9285908385093168,0.9285908385093168,0.9285908385093168,1.232595164407831e-32,1.1102230246251565e-16,3679.0,3679.0,3679,3679,3679,0.0,0.0,345.0,345.0,345,345,345,0.0,0.0,1.1971466,1.161239,1.140255,1.140255,1.348024,0.005909842540239992,0.07687550026009582
a,simple_similar_weighted_multi_random,instance_0016.txt,5,5,0,0,9.661971830985916,9.661971830985916,9.661971830985916,9.661971830985916,9.661971830985916,0.0,0.0,0.8863297431648716,0.8863297431648716,0.8863297431648716,0.8863297431648716,0.8863297431648716,0.0,0.0,686.0,686.0,686,686,686,0.0,0.0,71.0,71.0,71,71,71,0.0,0.0,0.0370598,0.034215,0.034215,0.026567,0.053774,8.198582776000002e-05,0.009054602573277306
a,simple_similar_weighted_multi_random,instance_0017.txt,5,5,0,0,3.804347826086956,3.8043478260869565,3.8043478260869565,3.8043478260869565,3.8043478260869565,1.9721522630525295e-31,4.440892098500626e-16,0.8957712924359738,0.8957712924359739,0.8957712924359739,0.8957712924359739,0.8957712924359739,1.232595164407831e-32,1.1102230246251565e-16,175.0,175.0,175,175,175,0.0,0.0,46.0,46.0,46,46,46,0.0,0.0,0.012836799999999999,0.013326,0.013406,0.010734,0.013461,1.1102533599999994e-06,0.0010536856077597338
a,simple_similar_weighted_multi_random,instance_0018.txt,5,5,0,0,15.253164556962025,15.253164556962025,15.253164556962025,15.253164556962025,15.253164556962025,0.0,0.0,0.8698535447358189,0.869853544735819,0.869853544735819,0.869853544735819,0.869853544735819,1.232595164407831e-32,1.1102230246251565e-16,1205.0,1205.0,1205,1205,1205,0.0,0.0,79.0,79.0,79,79,79,0.0,0.0,0.0691702,0.059166,0.057027,0.057027,0.103755,0.00031199042776,0.017663250769889442
a,simple_similar_weighted_multi_random,instance_0019.txt,5,5,0,0,9.336448598130842,9.336448598130842,9.336448598130842,9.336448598130842,9.336448598130842,0.0,0.0,0.9537799574349959,0.9537799574349959,0.9537799574349959,0.9537799574349959,0.9537799574349959,0.0,0.0,999.0,999.0,999,999,999,0.0,0.0,107.0,107.0,107,107,107,0.0,0.0,0.1656722,0.163308,0.163308,0.10778,0.220701,0.0014470504389600004,0.038040116179633314
a,simple_similar_weighted_multi_random,instance_0020.txt,5,5,0,0,5.0,5.0,5.0,5.0,5.0,0.0,0.0,0.0,0.0,0.0,0.0,0.0,0.0,0.0,10.0,10.0,10,10,10,0.0,0.0,2.0,2.0,2,2,2,0.0,0.0,0.00012179999999999999,0.000121,0.00013,0.000115,0.00013,3.495999999999994e-11,5.912698199637788e-06
a,simple_similar_weighted_multi_smaller,instance_0001.txt,5,5,0,0,2.357142857142857,2.357142857142857,2.357142857142857,2.357142857142857,2.357142857142857,0.0,0.0,0.8428571428571429,0.8428571428571429,0.8428571428571429,0.8428571428571429,0.8428571428571429,0.0,0.0,66.0,66.0,66,66,66,0.0,0.0,28.0,28.0,28,28,28,0.0,0.0,0.0065363999999999995,0.006944,0.006944,0.004752,0.007152,8.0438784e-07,0.0008968767139356446
a,simple_similar_weighted_multi_smaller,instance_0002.txt,5,5,0,0,1.0,1.0,1.0,1.0,1.0,0.0,0.0,0.5,0.5,0.5,0.5,0.5,0.0,0.0,2.0,2.0,2,2,2,0.0,0.0,2.0,2.0,2,2,2,0.0,0.0,0.0001678,0.000166,0.000155,0.000155,0.000189,1.3576000000000008e-10,1.165160933090361e-05
a,simple_similar_weighted_multi_smaller,instance_0003.txt,5,5,0,0,2.810810810810811,2.810810810810811,2.810810810810811,2.810810810810811,2.810810810810811,0.0,0.0,0.7657657657657658,0.7657657657657658,0.7657657657657658,0.7657657657657658,0.7657657657657658,0.0,0.0,104.0,104.0,104,104,104,0.0,0.0,37.0,37.0,37,37,37,0.0,0.0,0.011000199999999998,0.010024,0.007004,0.007004,0.01765,1.3663812159999996e-05,0.0036964594086774435
a,simple_similar_weighted_multi_smaller,instance_0004.txt,5,5,0,0,1.6363636363636362,1.6363636363636365,1.6363636363636365,1.6363636363636365,1.6363636363636365,4.930380657631324e-32,2.220446049250313e-16,0.5324675324675324,0.5324675324675324,0.5324675324675324,0.5324675324675324,0.5324675324675324,0.0,0.0,36.0,36.0,36,36,36,0.0,0.0,22.0,22.0,22,22,22,0.0,0.0,0.0021584,0.002154,0.002231,0.002005,0.002317,1.1872640000000009e-08,0.00010896164462782309
a,simple_similar_weighted_multi_smaller,instance_0005.txt,5,5,0,0,31.15602836879433,31.156028368794328,31.156028368794328,31.156028368794328,31.156028368794328,1.262177448353619e-29,3.552713678800501e-15,0.8248431293391747,0.8248431293391746,0.8248431293391746,0.8248431293391746,0.8248431293391746,1.232595164407831e-32,1.1102230246251565e-16,4393.0,4393.0,4393,4393,4393,0.0,0.0,141.0,141.0,141,141,141,0.0,0.0,0.3160904,0.32447,0.32447,0.260834,0.372457,0.0015236721770399996,0.0390342436463165
a,simple_similar_weighted_multi_smaller,instance_0006.txt,5,5,0,0,26.65753424657534,26.65753424657534,26.65753424657534,26.65753424657534,26.65753424657534,0.0,0.0,0.9614218028269532,0.9614218028269532,0.9614218028269532,0.9614218028269532,0.9614218028269532,0.0,0.0,3892.0,3892.0,3892,3892,3892,0.0,0.0,146.0,146.0,146,146,146,0.0,0.0,0.43275679999999994,0.412492,0.381012,0.381012,0.520323,0.0022803236341599987,0.04775273431082244
a,simple_similar_weighted_multi_smaller,instance_0007.txt,5,5,0,0,26.53103448275862,26.53103448275862,26.53103448275862,26.53103448275862,26.53103448275862,0.0,0.0,0.9323619261115141,0.932361926111514,0.932361926111514,0.932361926111514,0.932361926111514,1.232595164407831e-32,1.1102230246251565e-16,3847.0,3847.0,3847,3847,3847,0.0,0.0,145.0,145.0,145,145,145,0.0,0.0,0.43492220000000004,0.412669,0.519673,0.355154,0.519673,0.00393708076776,0.06274616137868515
a,simple_similar_weighted_multi_smaller,instance_0008.txt,5,5,0,0,20.41007194244604,20.41007194244604,20.41007194244604,20.41007194244604,20.41007194244604,0.0,0.0,0.8747396306781289,0.8747396306781289,0.8747396306781289,0.8747396306781289,0.8747396306781289,0.0,0.0,2837.0,2837.0,2837,2837,2837,0.0,0.0,139.0,139.0,139,139,139,0.0,0.0,0.3361864,0.315906,0.315906,0.291315,0.390803,0.0016392647110400002,0.040487834111495764
a,simple_similar_weighted_multi_smaller,instance_0009.txt,5,5,0,0,1.9240506329113924,1.9240506329113924,1.9240506329113924,1.9240506329113924,1.9240506329113924,0.0,0.0,0.5643658944351565,0.5643658944351565,0.5643658944351565,0.5643658944351565,0.5643658944351565,0.0,0.0,152.0,152.0,152,152,152,0.0,0.0,79.0,79.0,79,79,79,0.0,0.0,0.039409000000000007,0.039361,0.040127,0.036051,0.043442,5.973621200000003e-06,0.002444099261486735
a,simple_similar_weighted_multi_smaller,instance_0010.txt,5,5,0,0,5.759075907590759,5.759075907590759,5.759075907590759,5.759075907590759,5.759075907590759,0.0,0.0,0.6634529284771052,0.6634529284771052,0.6634529284771052,0.6634529284771052,0.6634529284771052,0.0,0.0,1745.0,1745.0,1745,1745,1745,0.0,0.0,303.0,303.0,303,303,303,0.0,0.0,0.6695782000000001,0.672694,0.600449,0.600449,0.715889,0.0018260432525599997,0.04273222732973323
a,simple_similar_weighted_multi_smaller,instance_0011.txt,5,5,0,0,6.806666666666667,6.806666666666667,6.806666666666667,6.806666666666667,6.806666666666667,0.0,0.0,0.5960435212660732,0.5960435212660732,0.5960435212660732,0.5960435212660732,0.5960435212660732,0.0,0.0,2042.0,2042.0,2042,2042,2042,0.0,0.0,300.0,300.0,300,300,300,0.0,0.0,0.5641018,0.570842,0.539661,0.539661,0.588118,0.00040283755735999997,0.020070813569957744
a,simple_similar_weighted_multi_smaller,instance_0012.txt,5,5,0,0,2.046511627906977,2.046511627906977,2.046511627906977,2.046511627906977,2.046511627906977,0.0,0.0,0.8180878552971576,0.8180878552971577,0.8180878552971577,0.8180878552971577,0.8180878552971577,1.232595164407831e-32,1.1102230246251565e-16,176.0,176.0,176,176,176,0.0,0.0,86.0,86.0,86,86,86,0.0,0.0,0.0558508,0.063834,0.037999,0.036198,0.073063,0.00024328540536000003,0.015597608962914797
a,simple_similar_weighted_multi_smaller,instance_0013.txt,5,5,0,0,12.453804347826088,12.453804347826088,12.453804347826088,12.453804347826088,12.453804347826088,0.0,0.0,0.8939059917944043,0.8939059917944042,0.8939059917944042,0.8939059917944042,0.8939059917944042,1.232595164407831e-32,1.1102230246251565e-16,4583.0,4583.0,4583,4583,4583,0.0,0.0,368.0,368.0,368,368,368,0.0,0.0,1.1023588,1.061669,1.212378,0.911593,1.329759,0.02261813050255999,0.15039325284918864
a,simple_similar_weighted_multi_smaller,instance_0014.txt,5,5,0,0,20.473544973544975,20.473544973544975,20.473544973544975,20.473544973544975,20.473544973544975,0.0,0.0,0.8872827854309338,0.8872827854309336,0.8872827854309336,0.8872827854309336,0.8872827854309336,1.232595164407831e-32,1.1102230246251565e-16,7739.0,7739.0,7739,7739,7739,0.0,0.0,378.0,378.0,378,378,378,0.0,0.0,1.6332093999999997,1.680837,1.763306,1.358894,1.763306,0.021009053307439993,0.14494500097430058
a,simple_similar_weighted_multi_smaller,instance_0015.txt,5,5,0,0,10.663768115942029,10.663768115942029,10.663768115942029,10.663768115942029,10.663768115942029,0.0,0.0,0.9285908385093167,0.9285908385093168,0.9285908385093168,0.9285908385093168,0.9285908385093168,1.232595164407831e-32,1.1102230246251565e-16,3679.0,3679.0,3679,3679,3679,0.0,0.0,345.0,345.0,345,345,345,0.0,0.0,1.270396,1.267544,1.267544,1.2305,1.322915,0.0008836702684000023,0.029726591940550506
a,simple_similar_weighted_multi_smaller,instance_0016.txt,5,5,0,0,9.661971830985916,9.661971830985916,9.661971830985916,9.661971830985916,9.661971830985916,0.0,0.0,0.8863297431648716,0.8863297431648716,0.8863297431648716,0.8863297431648716,0.8863297431648716,0.0,0.0,686.0,686.0,686,686,686,0.0,0.0,71.0,71.0,71,71,71,0.0,0.0,0.0424602,0.041507,0.03127,0.03127,0.055003,8.731365416000001e-05,0.009344177553963752
a,simple_similar_weighted_multi_smaller,instance_0017.txt,5,5,0,0,3.804347826086956,3.8043478260869565,3.8043478260869565,3.8043478260869565,3.8043478260869565,1.9721522630525295e-31,4.440892098500626e-16,0.8957712924359738,0.8957712924359739,0.8957712924359739,0.8957712924359739,0.8957712924359739,1.232595164407831e-32,1.1102230246251565e-16,175.0,175.0,175,175,175,0.0,0.0,46.0,46.0,46,46,46,0.0,0.0,0.0209864,0.018744,0.031689,0.011276,0.031689,6.062113464000001e-05,0.007785957528782186
a,simple_similar_weighted_multi_smaller,instance_0018.txt,5,5,0,0,15.253164556962025,15.253164556962025,15.253164556962025,15.253164556962025,15.253164556962025,0.0,0.0,0.8698535447358189,0.869853544735819,0.869853544735819,0.869853544735819,0.869853544735819,1.232595164407831e-32,1.1102230246251565e-16,1205.0,1205.0,1205,1205,1205,0.0,0.0,79.0,79.0,79,79,79,0.0,0.0,0.0686216,0.0541,0.102065,0.043212,0.102065,0.00063786784424,0.02525604569682277
a,simple_similar_weighted_multi_smaller,instance_0019.txt,5,5,0,0,9.336448598130842,9.336448598130842,9.336448598130842,9.336448598130842,9.336448598130842,0.0,0.0,0.9537799574349959,0.9537799574349959,0.9537799574349959,0.9537799574349959,0.9537799574349959,0.0,0.0,999.0,999.0,999,999,999,0.0,0.0,107.0,107.0,107,107,107,0.0,0.0,0.125945,0.121788,0.102578,0.102578,0.161689,0.00038382419239999996,0.019591431606699905
a,simple_similar_weighted_multi_smaller,instance_0020.txt,5,5,0,0,5.0,5.0,5.0,5.0,5.0,0.0,0.0,0.0,0.0,0.0,0.0,0.0,0.0,0.0,10.0,10.0,10,10,10,0.0,0.0,2.0,2.0,2,2,2,0.0,0.0,0.00016340000000000001,0.000133,0.000119,0.000119,0.000301,4.8002399999999995e-09,6.928376433191256e-05
a,simple_similar_weighted_simple_bigger,instance_0001.txt,5,5,0,0,2.2758620689655173,2.2758620689655173,2.2758620689655173,2.2758620689655173,2.2758620689655173,0.0,0.0,0.8482758620689654,0.8482758620689654,0.8482758620689654,0.8482758620689654,0.8482758620689654,0.0,0.0,66.0,66.0,66,66,66,0.0,0.0,29.0,29.0,29,29,29,0.0,0.0,0.0053722,0.006377,0.003386,0.003158,0.007284,3.032083359999999e-06,0.0017412878452455812
a,simple_similar_weighted_simple_bigger,instance_0002.txt,5,5,0,0,1.0,1.0,1.0,1.0,1.0,0.0,0.0,0.5,0.5,0.5,0.5,0.5,0.0,0.0,2.0,2.0,2,2,2,0.0,0.0,2.0,2.0,2,2,2,0.0,0.0,0.000167,0.000166,0.000177,0.000155,0.000177,7.87999999999999e-11,8.876936408468854e-06
a,simple_similar_weighted_simple_bigger,instance_0003.txt,5,5,0,0,2.6666666666666665,2.6666666666666665,2.6666666666666665,2.6666666666666665,2.6666666666666665,0.0,0.0,0.7777777777777778,0.7777777777777778,0.7777777777777778,0.7777777777777778,0.7777777777777778,0.0,0.0,104.0,104.0,104,104,104,0.0,0.0,39.0,39.0,39,39,39,0.0,0.0,0.013966800000000001,0.013855,0.020811,0.008338,0.020811,1.6699835759999998e-05,0.004086543253166422
a,simple_similar_weighted_simple_bigger,instance_0004.txt,5,5,0,0,1.6363636363636362,1.6363636363636365,1.6363636363636365,1.6363636363636365,1.6363636363636365,4.930380657631324e-32,2.220446049250313e-16,0.5324675324675324,0.5324675324675324,0.5324675324675324,0.5324675324675324,0.5324675324675324,0.0,0.0,36.0,36.0,36,36,36,0.0,0.0,22.0,22.0,22,22,22,0.0,0.0,0.0016853999999999997,0.001846,0.001856,0.001422,0.001862,4.3039039999999985e-08,0.0002074585259756754
a,simple_similar_weighted_simple_bigger,instance_0005.txt,5,5,0,0,31.15602836879433,31.156028368794328,31.156028368794328,31.156028368794328,31.156028368794328,1.262177448353619e-29,3.552713678800501e-15,0.8248431293391747,0.8248431293391746,0.8248431293391746,0.8248431293391746,0.8248431293391746,1.232595164407831e-32,1.1102230246251565e-16,4393.0,4393.0,4393,4393,4393,0.0,0.0,141.0,141.0,141,141,141,0.0,0.0,0.488358,0.385713,0.356397,0.356397,0.753133,0.022955198467200004,0.151509730602361
a,simple_similar_weighted_simple_bigger,instance_0006.txt,5,5,0,0,26.120805369127517,26.120805369127517,26.120805369127517,26.120805369127517,26.120805369127517,0.0,0.0,0.9621985450519139,0.9621985450519138,0.9621985450519138,0.9621985450519138,0.9621985450519138,1.232595164407831e-32,1.1102230246251565e-16,3892.0,3892.0,3892,3892,3892,0.0,0.0,149.0,149.0,149,149,149,0.0,0.0,0.48207819999999996,0.458052,0.422993,0.422993,0.625397,0.005319065773359999,0.07293192561121638
a,simple_similar_weighted_simple_bigger,instance_0007.txt,5,5,0,0,25.81879194630873,25.818791946308725,25.818791946308725,25.818791946308725,25.818791946308725,1.262177448353619e-29,3.552713678800501e-15,0.9341777133299967,0.9341777133299968,0.9341777133299968,0.9341777133299968,0.9341777133299968,1.232595164407831e-32,1.1102230246251565e-16,3847.0,3847.0,3847,3847,3847,0.0,0.0,149.0,149.0,149,149,149,0.0,0.0,0.5236894,0.519442,0.587461,0.405243,0.60012,0.004852517546639999,0.06966001397243614
a,simple_similar_weighted_simple_bigger,instance_0008.txt,5,5,0,0,20.120567375886523,20.120567375886523,20.120567375886523,20.120567375886523,20.120567375886523,0.0,0.0,0.8765163735053895,0.8765163735053895,0.8765163735053895,0.8765163735053895,0.8765163735053895,0.0,0.0,2837.0,2837.0,2837,2837,2837,0.0,0.0,141.0,141.0,141,141,141,0.0,0.0,0.2862536,0.2623,0.289787,0.232114,0.386063,0.00282336295704,0.053135326827262484
a,simple_similar_weighted_simple_bigger,instance_0009.txt,5,5,0,0,1.7078651685393258,1.7078651685393258,1.7078651685393258,1.7078651685393258,1.7078651685393258,0.0,0.0,0.6133135467458131,0.6133135467458131,0.6133135467458131,0.6133135467458131,0.6133135467458131,0.0,0.0,152.0,152.0,152,152,152,0.0,0.0,89.0,89.0,89,89,89,0.0,0.0,0.0346312,0.034096,0.034096,0.032525,0.03902,5.258157359999998e-06,0.0022930672384385065
a,simple_similar_weighted_simple_bigger,instance_0010.txt,5,5,0,0,5.470219435736677,5.470219435736677,5.470219435736677,5.470219435736677,5.470219435736677,0.0,0.0,0.6803330323779402,0.6803330323779402,0.6803330323779402,0.6803330323779402,0.6803330323779402,0.0,0.0,1745.0,1745.0,1745,1745,1745,0.0,0.0,319.0,319.0,319,319,319,0.0,0.0,0.4708038,0.481829,0.481829,0.359338,0.57653,0.005271550943359999,0.07260544706397723
a,simple_similar_weighted_simple_bigger,instance_0011.txt,5,5,0,0,6.401253918495298,6.401253918495298,6.401253918495298,6.401253918495298,6.401253918495298,0.0,0.0,0.6201036250151158,0.6201036250151158,0.6201036250151158,0.6201036250151158,0.6201036250151158,0.0,0.0,2042.0,2042.0,2042,2042,2042,0.0,0.0,319.0,319.0,319,319,319,0.0,0.0,0.5022362,0.53687,0.372763,0.372763,0.578237,0.0060408359173599975,0.07772281465155516
a,simple_similar_weighted_simple_bigger,instance_0012.txt,5,5,0,0,1.777777777777778,1.7777777777777777,1.7777777777777777,1.7777777777777777,1.7777777777777777,4.930380657631324e-32,2.220446049250313e-16,0.8419753086419753,0.8419753086419752,0.8419753086419752,0.8419753086419752,0.8419753086419752,1.232595164407831e-32,1.1102230246251565e-16,176.0,176.0,176,176,176,0.0,0.0,99.0,99.0,99,99,99,0.0,0.0,0.0455318,0.044813,0.036374,0.034587,0.066313,0.00012720610215999998,0.011278568267293504
a,simple_similar_weighted_simple_bigger,instance_0013.txt,5,5,0,0,12.386486486486486,12.386486486486486,12.386486486486486,12.386486486486486,12.386486486486486,0.0,0.0,0.89447947291984,0.8944794729198399,0.8944794729198399,0.8944794729198399,0.8944794729198399,1.232595164407831e-32,1.1102230246251565e-16,4583.0,4583.0,4583,4583,4583,0.0,0.0,370.0,370.0,370,370,370,0.0,0.0,1.249574,1.264887,0.934352,0.934352,1.613746,0.05873746318840001,0.24235813002331902
a,simple_similar_weighted_simple_bigger,instance_0014.txt,5,5,0,0,20.153645833333332,20.153645833333332,20.153645833333332,20.153645833333332,20.153645833333332,0.0,0.0,0.8890439919085752,0.8890439919085752,0.8890439919085752,0.8890439919085752,0.8890439919085752,0.0,0.0,7739.0,7739.0,7739,7739,7739,0.0,0.0,384.0,384.0,384,384,384,0.0,0.0,2.0703988000000004,2.117101,1.937564,1.937564,2.170247,0.009593606482559995,0.09794695749516671
a,simple_similar_weighted_simple_bigger,instance_0015.txt,5,5,0,0,10.305322128851541,10.305322128851541,10.305322128851541,10.305322128851541,10.305322128851541,0.0,0.0,0.9309911464585834,0.9309911464585834,0.9309911464585834,0.9309911464585834,0.9309911464585834,0.0,0.0,3679.0,3679.0,3679,3679,3679,0.0,0.0,357.0,357.0,357,357,357,0.0,0.0,1.0694046,1.058045,1.155554,0.988024,1.155554,0.0029288163622399987,0.054118539912307306
a,simple_similar_weighted_simple_bigger,instance_0016.txt,5,5,0,0,9.527777777777779,9.527777777777779,9.527777777777779,9.527777777777779,9.527777777777779,0.0,0.0,0.8879084967320262,0.8879084967320262,0.8879084967320262,0.8879084967320262,0.8879084967320262,0.0,0.0,686.0,686.0,686,686,686,0.0,0.0,72.0,72.0,72,72,72,0.0,0.0,0.052002400000000004,0.045375,0.035312,0.035312,0.069076,0.00020164895623999996,0.014200315357061616
a,simple_similar_weighted_simple_bigger,instance_0017.txt,5,5,0,0,3.804347826086956,3.8043478260869565,3.8043478260869565,3.8043478260869565,3.8043478260869565,1.9721522630525295e-31,4.440892098500626e-16,0.8957712924359738,0.8957712924359739,0.8957712924359739,0.8957712924359739,0.8957712924359739,1.232595164407831e-32,1.1102230246251565e-16,175.0,175.0,175,175,175,0.0,0.0,46.0,46.0,46,46,46,0.0,0.0,0.0181736,0.015648,0.013193,0.013193,0.026578,2.775301064000001e-05,0.005268112625979062
a,simple_similar_weighted_simple_bigger,instance_0018.txt,5,5,0,0,15.253164556962025,15.253164556962025,15.253164556962025,15.253164556962025,15.253164556962025,0.0,0.0,0.8698535447358189,0.869853544735819,0.869853544735819,0.869853544735819,0.869853544735819,1.232595164407831e-32,1.1102230246251565e-16,1205.0,1205.0,1205,1205,1205,0.0,0.0,79.0,79.0,79,79,79,0.0,0.0,0.084055,0.085728,0.078725,0.073216,0.096577,6.187778199999996e-05,0.007866243194816694
a,simple_similar_weighted_simple_bigger,instance_0019.txt,5,5,0,0,9.0,9.0,9.0,9.0,9.0,0.0,0.0,0.9554455445544555,0.9554455445544554,0.9554455445544554,0.9554455445544554,0.9554455445544554,1.232595164407831e-32,1.1102230246251565e-16,999.0,999.0,999,999,999,0.0,0.0,111.0,111.0,111,111,111,0.0,0.0,0.1294478,0.110856,0.110856,0.086105,0.184498,0.0016971358781599998,0.04119630903564056
a,simple_similar_weighted_simple_bigger,instance_0020.txt,5,5,0,0,3.3333333333333335,3.3333333333333335,3.3333333333333335,3.3333333333333335,3.3333333333333335,0.0,0.0,0.3333333333333333,0.3333333333333333,0.3333333333333333,0.3333333333333333,0.3333333333333333,0.0,0.0,10.0,10.0,10,10,10,0.0,0.0,3.0,3.0,3,3,3,0.0,0.0,0.00012900000000000002,0.000124,0.000124,0.000109,0.000166,3.747999999999999e-10,1.9359752064528097e-05
a,simple_similar_weighted_simple_most_shared,instance_0001.txt,5,5,0,0,2.2758620689655173,2.2758620689655173,2.2758620689655173,2.2758620689655173,2.2758620689655173,0.0,0.0,0.8482758620689654,0.8482758620689654,0.8482758620689654,0.8482758620689654,0.8482758620689654,0.0,0.0,66.0,66.0,66,66,66,0.0,0.0,29.0,29.0,29,29,29,0.0,0.0,0.0064056,0.00721,0.007792,0.003948,0.007792,2.0145206400000003e-06,0.0014193380992561287
a,simple_similar_weighted_simple_most_shared,instance_0002.txt,5,5,0,0,1.0,1.0,1.0,1.0,1.0,0.0,0.0,0.5,0.5,0.5,0.5,0.5,0.0,0.0,2.0,2.0,2,2,2,0.0,0.0,2.0,2.0,2,2,2,0.0,0.0,0.000259,0.000155,0.000162,0.000137,0.000687,4.5863600000000004e-08,0.00021415788568250295
a,simple_similar_weighted_simple_most_shared,instance_0003.txt,5,5,0,0,2.6666666666666665,2.6666666666666665,2.6666666666666665,2.6666666666666665,2.6666666666666665,0.0,0.0,0.7777777777777778,0.7777777777777778,0.7777777777777778,0.7777777777777778,0.7777777777777778,0.0,0.0,104.0,104.0,104,104,104,0.0,0.0,39.0,39.0,39,39,39,0.0,0.0,0.0125468,0.012583,0.01322,0.009823,0.014985,2.79960416e-06,0.001673201769064329
a,simple_similar_weighted_simple_most_shared,instance_0004.txt,5,5,0,0,1.6363636363636362,1.6363636363636365,1.6363636363636365,1.6363636363636365,1.6363636363636365,4.930380657631324e-32,2.220446049250313e-16,0.5324675324675324,0.5324675324675324,0.5324675324675324,0.5324675324675324,0.5324675324675324,0.0,0.0,36.0,36.0,36,36,36,0.0,0.0,22.0,22.0,22,22,22,0.0,0.0,0.0047886,0.003922,0.001909,0.001902,0.008559,7.95696024e-06,0.002820808437310127
a,simple_similar_weighted_simple_most_shared,instance_0005.txt,5,5,0,0,31.15602836879433,31.156028368794328,31.156028368794328,31.156028368794328,31.156028368794328,1.262177448353619e-29,3.552713678800501e-15,0.8248431293391747,0.8248431293391746,0.8248431293391746,0.8248431293391746,0.8248431293391746,1.232595164407831e-32,1.1102230246251565e-16,4393.0,4393.0,4393,4393,4393,0.0,0.0,141.0,141.0,141,141,141,0.0,0.0,0.38475739999999997,0.377921,0.361905,0.347674,0.430947,0.0009002539354400006,0.03000423195884208
a,simple_similar_weighted_simple_most_shared,instance_0006.txt,5,5,0,0,26.120805369127517,26.120805369127517,26.120805369127517,26.120805369127517,26.120805369127517,0.0,0.0,0.9621985450519139,0.9621985450519138,0.9621985450519138,0.9621985450519138,0.9621985450519138,1.232595164407831e-32,1.1102230246251565e-16,3892.0,3892.0,3892,3892,3892,0.0,0.0,149.0,149.0,149,149,149,0.0,0.0,0.4394996,0.447434,0.465439,0.334174,0.54022,0.00456610782264,0.06757298145442452
a,simple_similar_weighted_simple_most_shared,instance_0007.txt,5,5,0,0,25.81879194630873,25.818791946308725,25.818791946308725,25.818791946308725,25.818791946308725,1.262177448353619e-29,3.552713678800501e-15,0.9341777133299967,0.9341777133299968,0.9341777133299968,0.9341777133299968,0.9341777133299968,1.232595164407831e-32,1.1102230246251565e-16,3847.0,3847.0,3847,3847,3847,0.0,0.0,149.0,149.0,149,149,149,0.0,0.0,0.4115362,0.420542,0.377174,0.355948,0.457834,0.0015391600473600006,0.03923213029342149
a,simple_similar_weighted_simple_most_shared,instance_0008.txt,5,5,0,0,20.120567375886523,20.120567375886523,20.120567375886523,20.120567375886523,20.120567375886523,0.0,0.0,0.8765163735053895,0.8765163735053895,0.8765163735053895,0.8765163735053895,0.8765163735053895,0.0,0.0,2837.0,2837.0,2837,2837,2837,0.0,0.0,141.0,141.0,141,141,141,0.0,0.0,0.25933320000000004,0.256655,0.274835,0.244346,0.274835,0.00010945072335999985,0.010461869974340144
a,simple_similar_weighted_simple_most_shared,instance_0009.txt,5,5,0,0,1.7078651685393258,1.7078651685393258,1.7078651685393258,1.7078651685393258,1.7078651685393258,0.0,0.0,0.6133135467458131,0.6133135467458131,0.6133135467458131,0.6133135467458131,0.6133135467458131,0.0,0.0,152.0,152.0,152,152,152,0.0,0.0,89.0,89.0,89,89,89,0.0,0.0,0.0305338,0.02748,0.025831,0.025831,0.037241,2.332929976000001e-05,0.004830041382845494
a,simple_similar_weighted_simple_most_shared,instance_0010.txt,5,5,0,0,5.470219435736677,5.470219435736677,5.470219435736677,5.470219435736677,5.470219435736677,0.0,0.0,0.6803330323779402,0.6803330323779402,0.6803330323779402,0.6803330323779402,0.6803330323779402,0.0,0.0,1745.0,1745.0,1745,1745,1745,0.0,0.0,319.0,319.0,319,319,319,0.0,0.0,0.4614812,0.461941,0.40155,0.40155,0.503066,0.0011287414669599997,0.033596747862851245
a,simple_similar_weighted_simple_most_shared,instance_0011.txt,5,5,0,0,6.401253918495298,6.401253918495298,6.401253918495298,6.401253918495298,6.401253918495298,0.0,0.0,0.6201036250151158,0.6201036250151158,0.6201036250151158,0.6201036250151158,0.6201036250151158,0.0,0.0,2042.0,2042.0,2042,2042,2042,0.0,0.0,319.0,319.0,319,319,319,0.0,0.0,0.47869719999999993,0.460613,0.397173,0.397173,0.591405,0.0041508770993599975,0.06442730088526134
a,simple_similar_weighted_simple_most_shared,instance_0012.txt,5,5,0,0,1.777777777777778,1.7777777777777777,1.7777777777777777,1.7777777777777777,1.7777777777777777,4.930380657631324e-32,2.220446049250313e-16,0.8419753086419753,0.8419753086419752,0.8419753086419752,0.8419753086419752,0.8419753086419752,1.232595164407831e-32,1.1102230246251565e-16,176.0,176.0,176,176,176,0.0,0.0,99.0,99.0,99,99,99,0.0,0.0,0.0301976,0.03121,0.025665,0.024599,0.036203,1.973436544e-05,0.004442337834969331
a,simple_similar_weighted_simple_most_shared,instance_0013.txt,5,5,0,0,12.386486486486486,12.386486486486486,12.386486486486486,12.386486486486486,12.386486486486486,0.0,0.0,0.89447947291984,0.8944794729198399,0.8944794729198399,0.8944794729198399,0.8944794729198399,1.232595164407831e-32,1.1102230246251565e-16,4583.0,4583.0,4583,4583,4583,0.0,0.0,370.0,370.0,370,370,370,0.0,0.0,1.1928636,1.228045,0.930904,0.930904,1.332566,0.018672876316239997,0.13664873331370472
a,simple_similar_weighted_simple_most_shared,instance_0014.txt,5,5,0,0,20.153645833333332,20.153645833333332,20.153645833333332,20.153645833333332,20.153645833333332,0.0,0.0,0.8890439919085752,0.8890439919085752,0.8890439919085752,0.8890439919085752,0.8890439919085752,0.0,0.0,7739.0,7739.0,7739,7739,7739,0.0,0.0,384.0,384.0,384,384,384,0.0,0.0,1.8404488,1.755302,1.721993,1.537379,2.118204,0.04853681867176,0.2203107320848442
a,simple_similar_weighted_simple_most_shared,instance_0015.txt,5,5,0,0,10.305322128851541,10.305322128851541,10.305322128851541,10.305322128851541,10.305322128851541,0.0,0.0,0.9309911464585834,0.9309911464585834,0.9309911464585834,0.9309911464585834,0.9309911464585834,0.0,0.0,3679.0,3679.0,3679,3679,3679,0.0,0.0,357.0,357.0,357,357,357,0.0,0.0,0.986683,0.998543,0.941134,0.941134,1.034872,0.001286210908,0.03586378267835115
a,simple_similar_weighted_simple_most_shared,instance_0016.txt,5,5,0,0,9.527777777777779,9.527777777777779,9.527777777777779,9.527777777777779,9.527777777777779,0.0,0.0,0.8879084967320262,0.8879084967320262,0.8879084967320262,0.8879084967320262,0.8879084967320262,0.0,0.0,686.0,686.0,686,686,686,0.0,0.0,72.0,72.0,72,72,72,0.0,0.0,0.0640166,0.053862,0.053862,0.043391,0.08761,0.0003680944110399999,0.01918578669327896
a,simple_similar_weighted_simple_most_shared,instance_0017.txt,5,5,0,0,3.804347826086956,3.8043478260869565,3.8043478260869565,3.8043478260869565,3.8043478260869565,1.9721522630525295e-31,4.440892098500626e-16,0.8957712924359738,0.8957712924359739,0.8957712924359739,0.8957712924359739,0.8957712924359739,1.232595164407831e-32,1.1102230246251565e-16,175.0,175.0,175,175,175,0.0,0.0,46.0,46.0,46,46,46,0.0,0.0,0.019065199999999997,0.018427,0.016815,0.011187,0.029086,3.3701876959999994e-05,0.005805331770019694
a,simple_similar_weighted_simple_most_shared,instance_0018.txt,5,5,0,0,15.253164556962025,15.253164556962025,15.253164556962025,15.253164556962025,15.253164556962025,0.0,0.0,0.8698535447358189,0.869853544735819,0.869853544735819,0.869853544735819,0.869853544735819,1.232595164407831e-32,1.1102230246251565e-16,1205.0,1205.0,1205,1205,1205,0.0,0.0,79.0,79.0,79,79,79,0.0,0.0,0.08806560000000001,0.081786,0.081786,0.078185,0.102818,9.440217864e-05,0.009716078357032738
a,simple_similar_weighted_simple_most_shared,instance_0019.txt,5,5,0,0,9.0,9.0,9.0,9.0,9.0,0.0,0.0,0.9554455445544555,0.9554455445544554,0.9554455445544554,0.9554455445544554,0.9554455445544554,1.232595164407831e-32,1.1102230246251565e-16,999.0,999.0,999,999,999,0.0,0.0,111.0,111.0,111,111,111,0.0,0.0,0.09766040000000001,0.097556,0.088375,0.088375,0.105394,3.2814677040000026e-05,0.005728409643173228
a,simple_similar_weighted_simple_most_shared,instance_0020.txt,5,5,0,0,3.3333333333333335,3.3333333333333335,3.3333333333333335,3.3333333333333335,3.3333333333333335,0.0,0.0,0.3333333333333333,0.3333333333333333,0.3333333333333333,0.3333333333333333,0.3333333333333333,0.0,0.0,10.0,10.0,10,10,10,0.0,0.0,3.0,3.0,3,3,3,0.0,0.0,0.0005062,0.000132,0.002017,0.00012,0.002017,5.706885600000001e-07,0.0007554393158950625
a,simple_similar_weighted_simple_random,instance_0001.txt,5,5,0,0,2.2758620689655173,2.2758620689655173,2.2758620689655173,2.2758620689655173,2.2758620689655173,0.0,0.0,0.8482758620689654,0.8482758620689654,0.8482758620689654,0.8482758620689654,0.8482758620689654,0.0,0.0,66.0,66.0,66,66,66,0.0,0.0,29.0,29.0,29,29,29,0.0,0.0,0.005469,0.005624,0.003567,0.003567,0.007711,2.03603e-06,0.0014268952309122067
a,simple_similar_weighted_simple_random,instance_0002.txt,5,5,0,0,1.0,1.0,1.0,1.0,1.0,0.0,0.0,0.5,0.5,0.5,0.5,0.5,0.0,0.0,2.0,2.0,2,2,2,0.0,0.0,2.0,2.0,2,2,2,0.0,0.0,0.0001336,0.000117,0.000183,0.000115,0.000183,6.766400000000001e-10,2.6012304780622575e-05
a,simple_similar_weighted_simple_random,instance_0003.txt,5,5,0,0,2.6666666666666665,2.6666666666666665,2.6666666666666665,2.6666666666666665,2.6666666666666665,0.0,0.0,0.7777777777777778,0.7777777777777778,0.7777777777777778,0.7777777777777778,0.7777777777777778,0.0,0.0,104.0,104.0,104,104,104,0.0,0.0,39.0,39.0,39,39,39,0.0,0.0,0.012634799999999998,0.011785,0.013186,0.007691,0.021175,2.1855528159999998e-05,0.004674989642769275
a,simple_similar_weighted_simple_random,instance_0004.txt,5,5,0,0,1.6363636363636362,1.6363636363636365,1.6363636363636365,1.6363636363636365,1.6363636363636365,4.930380657631324e-32,2.220446049250313e-16,0.5324675324675324,0.5324675324675324,0.5324675324675324,0.5324675324675324,0.5324675324675324,0.0,0.0,36.0,36.0,36,36,36,0.0,0.0,22.0,22.0,22,22,22,0.0,0.0,0.0018817999999999999,0.00158,0.001627,0.001411,0.003225,4.563149600000001e-07,0.000675510888143189
a,simple_similar_weighted_simple_random,instance_0005.txt,5,5,0,0,31.15602836879433,31.156028368794328,31.156028368794328,31.156028368794328,31.156028368794328,1.262177448353619e-29,3.552713678800501e-15,0.8248431293391747,0.8248431293391746,0.8248431293391746,0.8248431293391746,0.8248431293391746,1.232595164407831e-32,1.1102230246251565e-16,4393.0,4393.0,4393,4393,4393,0.0,0.0,141.0,141.0,141,141,141,0.0,0.0,0.4504796,0.340983,0.336776,0.289699,0.645285,0.024900978247039997,0.1578004380445124
a,simple_similar_weighted_simple_random,instance_0006.txt,5,5,0,0,26.120805369127517,26.120805369127517,26.120805369127517,26.120805369127517,26.120805369127517,0.0,0.0,0.9621985450519139,0.9621985450519138,0.9621985450519138,0.9621985450519138,0.9621985450519138,1.232595164407831e-32,1.1102230246251565e-16,3892.0,3892.0,3892,3892,3892,0.0,0.0,149.0,149.0,149,149,149,0.0,0.0,0.418405,0.400775,0.374139,0.343305,0.559449,0.005564020379199998,0.07459236139981089
a,simple_similar_weighted_simple_random,instance_0007.txt,5,5,0,0,25.81879194630873,25.818791946308725,25.818791946308725,25.818791946308725,25.818791946308725,1.262177448353619e-29,3.552713678800501e-15,0.9341777133299967,0.9341777133299968,0.9341777133299968,0.9341777133299968,0.9341777133299968,1.232595164407831e-32,1.1102230246251565e-16,3847.0,3847.0,3847,3847,3847,0.0,0.0,149.0,149.0,149,149,149,0.0,0.0,0.498873,0.459021,0.482772,0.418843,0.676883,0.0083412107668,0.09133022920588779
a,simple_similar_weighted_simple_random,instance_0008.txt,5,5,0,0,20.120567375886523,20.120567375886523,20.120567375886523,20.120567375886523,20.120567375886523,0.0,0.0,0.8765163735053895,0.8765163735053895,0.8765163735053895,0.8765163735053895,0.8765163735053895,0.0,0.0,2837.0,2837.0,2837,2837,2837,0.0,0.0,141.0,141.0,141,141,141,0.0,0.0,0.2637152,0.244845,0.210283,0.179113,0.395643,0.0056794803281600015,0.0753623269821202
a,simple_similar_weighted_simple_random,instance_0009.txt,5,5,0,0,1.7078651685393258,1.7078651685393258,1.7078651685393258,1.7078651685393258,1.7078651685393258,0.0,0.0,0.6133135467458131,0.6133135467458131,0.6133135467458131,0.6133135467458131,0.6133135467458131,0.0,0.0,152.0,152.0,152,152,152,0.0,0.0,89.0,89.0,89,89,89,0.0,0.0,0.0322974,0.034339,0.017164,0.017164,0.043281,7.213835064e-05,0.00849342985136158
a,simple_similar_weighted_simple_random,instance_0010.txt,5,5,0,0,5.470219435736677,5.470219435736677,5.470219435736677,5.470219435736677,5.470219435736677,0.0,0.0,0.6803330323779402,0.6803330323779402,0.6803330323779402,0.6803330323779402,0.6803330323779402,0.0,0.0,1745.0,1745.0,1745,1745,1745,0.0,0.0,319.0,319.0,319,319,319,0.0,0.0,0.4777022000000001,0.428467,0.289437,0.289437,0.751638,0.03138027824456,0.1771447945737046
a,simple_similar_weighted_simple_random,instance_0011.txt,5,5,0,0,6.401253918495298,6.401253918495298,6.401253918495298,6.401253918495298,6.401253918495298,0.0,0.0,0.6201036250151158,0.6201036250151158,0.6201036250151158,0.6201036250151158,0.6201036250151158,0.0,0.0,2042.0,2042.0,2042,2042,2042,0.0,0.0,319.0,319.0,319,319,319,0.0,0.0,0.578572,0.564163,0.564163,0.528993,0.641416,0.001415098342799999,0.037617792901763904
a,simple_similar_weighted_simple_random,instance_0012.txt,5,5,0,0,1.777777777777778,1.7777777777777777,1.7777777777777777,1.7777777777777777,1.7777777777777777,4.930380657631324e-32,2.220446049250313e-16,0.8419753086419753,0.8419753086419752,0.8419753086419752,0.8419753086419752,0.8419753086419752,1.232595164407831e-32,1.1102230246251565e-16,176.0,176.0,176,176,176,0.0,0.0,99.0,99.0,99,99,99,0.0,0.0,0.0334204,0.029189,0.019665,0.019665,0.052583,0.00012708705824000002,0.011273289592661053
a,simple_similar_weighted_simple_random,instance_0013.txt,5,5,0,0,12.386486486486486,12.386486486486486,12.386486486486486,12.386486486486486,12.386486486486486,0.0,0.0,0.89447947291984,0.8944794729198399,0.8944794729198399,0.8944794729198399,0.8944794729198399,1.232595164407831e-32,1.1102230246251565e-16,4583.0,4583.0,4583,4583,4583,0.0,0.0,370.0,370.0,370,370,370,0.0,0.0,1.2767305999999998,1.274572,1.090445,1.090445,1.531186,0.02199938319023999,0.14832189046206223
a,simple_similar_weighted_simple_random,instance_0014.txt,5,5,0,0,20.153645833333332,20.153645833333332,20.153645833333332,20.153645833333332,20.153645833333332,0.0,0.0,0.8890439919085752,0.8890439919085752,0.8890439919085752,0.8890439919085752,0.8890439919085752,0.0,0.0,7739.0,7739.0,7739,7739,7739,0.0,0.0,384.0,384.0,384,384,384,0.0,0.0,2.3579704,2.26401,2.202782,2.200289,2.725618,0.038895090819439974,0.19721838357374288
a,simple_similar_weighted_simple_random,instance_0015.txt,5,5,0,0,10.305322128851541,10.305322128851541,10.305322128851541,10.305322128851541,10.305322128851541,0.0,0.0,0.9309911464585834,0.9309911464585834,0.9309911464585834,0.9309911464585834,0.9309911464585834,0.0,0.0,3679.0,3679.0,3679,3679,3679,0.0,0.0,357.0,357.0,357,357,357,0.0,0.0,1.0661286,0.947836,0.906916,0.906916,1.353436,0.03033194297824001,0.17416068149338418
a,simple_similar_weighted_simple_random,instance_0016.txt,5,5,0,0,9.527777777777779,9.527777777777779,9.527777777777779,9.527777777777779,9.527777777777779,0.0,0.0,0.8879084967320262,0.8879084967320262,0.8879084967320262,0.8879084967320262,0.8879084967320262,0.0,0.0,686.0,686.0,686,686,686,0.0,0.0,72.0,72.0,72,72,72,0.0,0.0,0.0560438,0.05732,0.055842,0.043745,0.062867,4.377130216000002e-05,0.006615988373629447
a,simple_similar_weighted_simple_random,instance_0017.txt,5,5,0,0,3.804347826086956,3.8043478260869565,3.8043478260869565,3.8043478260869565,3.8043478260869565,1.9721522630525295e-31,4.440892098500626e-16,0.8957712924359738,0.8957712924359739,0.8957712924359739,0.8957712924359739,0.8957712924359739,1.232595164407831e-32,1.1102230246251565e-16,175.0,175.0,175,175,175,0.0,0.0,46.0,46.0,46,46,46,0.0,0.0,0.0166636,0.016412,0.016282,0.013553,0.019141,3.5252066399999976e-06,0.001877553365420008
a,simple_similar_weighted_simple_random,instance_0018.txt,5,5,0,0,15.253164556962025,15.253164556962025,15.253164556962025,15.253164556962025,15.253164556962025,0.0,0.0,0.8698535447358189,0.869853544735819,0.869853544735819,0.869853544735819,0.869853544735819,1.232595164407831e-32,1.1102230246251565e-16,1205.0,1205.0,1205,1205,1205,0.0,0.0,79.0,79.0,79,79,79,0.0,0.0,0.09866699999999999,0.086639,0.062335,0.062335,0.137298,0.0009596386388000001,0.030978034779501427
a,simple_similar_weighted_simple_random,instance_0019.txt,5,5,0,0,9.0,9.0,9.0,9.0,9.0,0.0,0.0,0.9554455445544555,0.9554455445544554,0.9554455445544554,0.9554455445544554,0.9554455445544554,1.232595164407831e-32,1.1102230246251565e-16,999.0,999.0,999,999,999,0.0,0.0,111.0,111.0,111,111,111,0.0,0.0,0.144261,0.108996,0.108996,0.081095,0.225842,0.0035003965999999996,0.059164149617821765
a,simple_similar_weighted_simple_random,instance_0020.txt,5,5,0,0,3.3333333333333335,3.3333333333333335,3.3333333333333335,3.3333333333333335,3.3333333333333335,0.0,0.0,0.3333333333333333,0.3333333333333333,0.3333333333333333,0.3333333333333333,0.3333333333333333,0.0,0.0,10.0,10.0,10,10,10,0.0,0.0,3.0,3.0,3,3,3,0.0,0.0,0.00022360000000000001,0.000115,0.000641,0.000104,0.000641,4.374623999999999e-08,0.0002091560183212522
a,simple_similar_weighted_simple_smaller,instance_0001.txt,5,5,0,0,2.2758620689655173,2.2758620689655173,2.2758620689655173,2.2758620689655173,2.2758620689655173,0.0,0.0,0.8482758620689654,0.8482758620689654,0.8482758620689654,0.8482758620689654,0.8482758620689654,0.0,0.0,66.0,66.0,66,66,66,0.0,0.0,29.0,29.0,29,29,29,0.0,0.0,0.0048444,0.004436,0.007416,0.002967,0.007416,2.1637506399999996e-06,0.0014709692858792122
a,simple_similar_weighted_simple_smaller,instance_0002.txt,5,5,0,0,1.0,1.0,1.0,1.0,1.0,0.0,0.0,0.5,0.5,0.5,0.5,0.5,0.0,0.0,2.0,2.0,2,2,2,0.0,0.0,2.0,2.0,2,2,2,0.0,0.0,0.00012859999999999998,0.000127,0.000142,0.000121,0.000142,5.224000000000005e-11,7.227724399837065e-06
a,simple_similar_weighted_simple_smaller,instance_0003.txt,5,5,0,0,2.6666666666666665,2.6666666666666665,2.6666666666666665,2.6666666666666665,2.6666666666666665,0.0,0.0,0.7777777777777778,0.7777777777777778,0.7777777777777778,0.7777777777777778,0.7777777777777778,0.0,0.0,104.0,104.0,104,104,104,0.0,0.0,39.0,39.0,39,39,39,0.0,0.0,0.009995200000000001,0.0103,0.0103,0.008233,0.012485,2.5678305599999984e-06,0.001602445181589685
a,simple_similar_weighted_simple_smaller,instance_0004.txt,5,5,0,0,1.6363636363636362,1.6363636363636365,1.6363636363636365,1.6363636363636365,1.6363636363636365,4.930380657631324e-32,2.220446049250313e-16,0.5324675324675324,0.5324675324675324,0.5324675324675324,0.5324675324675324,0.5324675324675324,0.0,0.0,36.0,36.0,36,36,36,0.0,0.0,22.0,22.0,22,22,22,0.0,0.0,0.0019808,0.001618,0.003627,0.001483,0.003627,6.8150176e-07,0.0008255311986836112
a,simple_similar_weighted_simple_smaller,instance_0005.txt,5,5,0,0,31.15602836879433,31.156028368794328,31.156028368794328,31.156028368794328,31.156028368794328,1.262177448353619e-29,3.552713678800501e-15,0.8248431293391747,0.8248431293391746,0.8248431293391746,0.8248431293391746,0.8248431293391746,1.232595164407831e-32,1.1102230246251565e-16,4393.0,4393.0,4393,4393,4393,0.0,0.0,141.0,141.0,141,141,141,0.0,0.0,0.36050400000000005,0.332299,0.339783,0.285894,0.557855,0.0102375210784,0.10118063588651734
a,simple_similar_weighted_simple_smaller,instance_0006.txt,5,5,0,0,26.120805369127517,26.120805369127517,26.120805369127517,26.120805369127517,26.120805369127517,0.0,0.0,0.9621985450519139,0.9621985450519138,0.9621985450519138,0.9621985450519138,0.9621985450519138,1.232595164407831e-32,1.1102230246251565e-16,3892.0,3892.0,3892,3892,3892,0.0,0.0,149.0,149.0,149,149,149,0.0,0.0,0.5700228,0.613885,0.757336,0.362322,0.757336,0.02053129177736,0.14328744459079448
a,simple_similar_weighted_simple_smaller,instance_0007.txt,5,5,0,0,25.81879194630873,25.818791946308725,25.818791946308725,25.818791946308725,25.818791946308725,1.262177448353619e-29,3.552713678800501e-15,0.9341777133299967,0.9341777133299968,0.9341777133299968,0.9341777133299968,0.9341777133299968,1.232595164407831e-32,1.1102230246251565e-16,3847.0,3847.0,3847,3847,3847,0.0,0.0,149.0,149.0,149,149,149,0.0,0.0,0.5026382,0.472522,0.575129,0.38954,0.678306,0.01216511310016,0.11029557153467223
a,simple_similar_weighted_simple_smaller,instance_0008.txt,5,5,0,0,20.120567375886523,20.120567375886523,20.120567375886523,20.120567375886523,20.120567375886523,0.0,0.0,0.8765163735053895,0.8765163735053895,0.8765163735053895,0.8765163735053895,0.8765163735053895,0.0,0.0,2837.0,2837.0,2837,2837,2837,0.0,0.0,141.0,141.0,141,141,141,0.0,0.0,0.3199088,0.342759,0.234544,0.234544,0.408355,0.004081877842160001,0.06388957537939974
a,simple_similar_weighted_simple_smaller,instance_0009.txt,5,5,0,0,1.7078651685393258,1.7078651685393258,1.7078651685393258,1.7078651685393258,1.7078651685393258,0.0,0.0,0.6133135467458131,0.6133135467458131,0.6133135467458131,0.6133135467458131,0.6133135467458131,0.0,0.0,152.0,152.0,152,152,152,0.0,0.0,89.0,89.0,89,89,89,0.0,0.0,0.0320462,0.025914,0.036208,0.021419,0.052555,0.00013021195976,0.01141104551563966
a,simple_similar_weighted_simple_smaller,instance_0010.txt,5,5,0,0,5.470219435736677,5.470219435736677,5.470219435736677,5.470219435736677,5.470219435736677,0.0,0.0,0.6803330323779402,0.6803330323779402,0.6803330323779402,0.6803330323779402,0.6803330323779402,0.0,0.0,1745.0,1745.0,1745,1745,1745,0.0,0.0,319.0,319.0,319,319,319,0.0,0.0,0.4945805999999999,0.460409,0.460409,0.413773,0.6634,0.00796086616664,0.08922368613008543
a,simple_similar_weighted_simple_smaller,instance_0011.txt,5,5,0,0,6.401253918495298,6.401253918495298,6.401253918495298,6.401253918495298,6.401253918495298,0.0,0.0,0.6201036250151158,0.6201036250151158,0.6201036250151158,0.6201036250151158,0.6201036250151158,0.0,0.0,2042.0,2042.0,2042,2042,2042,0.0,0.0,319.0,319.0,319,319,319,0.0,0.0,0.5759008,0.561997,0.499537,0.499537,0.714629,0.005636558328159998,0.07507701597799421
a,simple_similar_weighted_simple_smaller,instance_0012.txt,5,5,0,0,1.777777777777778,1.7777777777777777,1.7777777777777777,1.7777777777777777,1.7777777777777777,4.930380657631324e-32,2.220446049250313e-16,0.8419753086419753,0.8419753086419752,0.8419753086419752,0.8419753086419752,0.8419753086419752,1.232595164407831e-32,1.1102230246251565e-16,176.0,176.0,176,176,176,0.0,0.0,99.0,99.0,99,99,99,0.0,0.0,0.0376856,0.032916,0.032022,0.029022,0.049124,6.387429984000002e-05,0.007992139878655779
a,simple_similar_weighted_simple_smaller,instance_0013.txt,5,5,0,0,12.386486486486486,12.386486486486486,12.386486486486486,12.386486486486486,12.386486486486486,0.0,0.0,0.89447947291984,0.8944794729198399,0.8944794729198399,0.8944794729198399,0.8944794729198399,1.232595164407831e-32,1.1102230246251565e-16,4583.0,4583.0,4583,4583,4583,0.0,0.0,370.0,370.0,370,370,370,0.0,0.0,1.6266524,1.391875,1.391875,1.270284,2.221323,0.15718321262623997,0.3964633811920591
a,simple_similar_weighted_simple_smaller,instance_0014.txt,5,5,0,0,20.153645833333332,20.153645833333332,20.153645833333332,20.153645833333332,20.153645833333332,0.0,0.0,0.8890439919085752,0.8890439919085752,0.8890439919085752,0.8890439919085752,0.8890439919085752,0.0,0.0,7739.0,7739.0,7739,7739,7739,0.0,0.0,384.0,384.0,384,384,384,0.0,0.0,2.1034178,2.140785,2.168846,1.817607,2.347503,0.030134415143760012,0.1735926701901898
a,simple_similar_weighted_simple_smaller,instance_0015.txt,5,5,0,0,10.305322128851541,10.305322128851541,10.305322128851541,10.305322128851541,10.305322128851541,0.0,0.0,0.9309911464585834,0.9309911464585834,0.9309911464585834,0.9309911464585834,0.9309911464585834,0.0,0.0,3679.0,3679.0,3679,3679,3679,0.0,0.0,357.0,357.0,357,357,357,0.0,0.0,1.3688242,1.386799,1.488464,1.197997,1.488464,0.01010173532776,0.10050738941868902
a,simple_similar_weighted_simple_smaller,instance_0016.txt,5,5,0,0,9.527777777777779,9.527777777777779,9.527777777777779,9.527777777777779,9.527777777777779,0.0,0.0,0.8879084967320262,0.8879084967320262,0.8879084967320262,0.8879084967320262,0.8879084967320262,0.0,0.0,686.0,686.0,686,686,686,0.0,0.0,72.0,72.0,72,72,72,0.0,0.0,0.07990459999999999,0.086791,0.08793,0.050023,0.091695,0.00023077233704,0.015191192745798467
a,simple_similar_weighted_simple_smaller,instance_0017.txt,5,5,0,0,3.804347826086956,3.8043478260869565,3.8043478260869565,3.8043478260869565,3.8043478260869565,1.9721522630525295e-31,4.440892098500626e-16,0.8957712924359738,0.8957712924359739,0.8957712924359739,0.8957712924359739,0.8957712924359739,1.232595164407831e-32,1.1102230246251565e-16,175.0,175.0,175,175,175,0.0,0.0,46.0,46.0,46,46,46,0.0,0.0,0.0290812,0.018209,0.01564,0.010122,0.071378,0.0004896586661599999,0.02212823233247518
a,simple_similar_weighted_simple_smaller,instance_0018.txt,5,5,0,0,15.253164556962025,15.253164556962025,15.253164556962025,15.253164556962025,15.253164556962025,0.0,0.0,0.8698535447358189,0.869853544735819,0.869853544735819,0.869853544735819,0.869853544735819,1.232595164407831e-32,1.1102230246251565e-16,1205.0,1205.0,1205,1205,1205,0.0,0.0,79.0,79.0,79,79,79,0.0,0.0,0.1312204,0.120371,0.153716,0.074558,0.194203,0.0016247977010399998,0.04030877945361283
a,simple_similar_weighted_simple_smaller,instance_0019.txt,5,5,0,0,9.0,9.0,9.0,9.0,9.0,0.0,0.0,0.9554455445544555,0.9554455445544554,0.9554455445544554,0.9554455445544554,0.9554455445544554,1.232595164407831e-32,1.1102230246251565e-16,999.0,999.0,999,999,999,0.0,0.0,111.0,111.0,111,111,111,0.0,0.0,0.11537680000000002,0.105274,0.105274,0.079418,0.172841,0.00097710129816,0.03125861958180495
a,simple_similar_weighted_simple_smaller,instance_0020.txt,5,5,0,0,3.3333333333333335,3.3333333333333335,3.3333333333333335,3.3333333333333335,3.3333333333333335,0.0,0.0,0.3333333333333333,0.3333333333333333,0.3333333333333333,0.3333333333333333,0.3333333333333333,0.0,0.0,10.0,10.0,10,10,10,0.0,0.0,3.0,3.0,3,3,3,0.0,0.0,0.0001714,0.00013,0.000116,0.000116,0.00028,4.3094399999999995e-09,6.564632510658917e-05
