instance,algorithm,num_orders,num_aisles,num_items,selected_orders,visited_aisles,selected_items,objective,feasible
instance_0001.txt,af_useful_order-desc_prune-multi,9,2,18,60|41|23|24|42|55|57|11|26,97|71,5|7|11|16|17|28|52|62|69|75|77|87|90|92|109|113|119|139,15.0,True
instance_0001.txt,af_useful_order-null_prune-multi,9,2,18,23|55|11|41|42|24|60|26|57,97|71,5|7|11|16|17|28|52|62|69|75|77|87|90|92|109|113|119|139,15.0,True
instance_0001.txt,afe_useful_order-desc_prune-multi,9,2,18,11|23|24|26|41|42|55|57|60,97|71,5|7|11|16|17|28|52|62|69|75|77|87|90|92|109|113|119|139,15.0,True
instance_0001.txt,afe_useful_order-null_prune-multi,9,2,18,11|23|24|26|41|42|55|57|60,97|71,5|7|11|16|17|28|52|62|69|75|77|87|90|92|109|113|119|139,15.0,True
instance_0002.txt,af_useful_order-desc_prune-multi,1,1,1,1,0,0,2.0,True
instance_0002.txt,af_useful_order-null_prune-multi,1,1,1,1,0,0,2.0,True
instance_0002.txt,afe_useful_order-desc_prune-multi,1,1,1,1,0,0,2.0,True
instance_0002.txt,afe_useful_order-null_prune-multi,1,1,1,1,0,0,2.0,True
instance_0003.txt,af_useful_order-desc_prune-multi,16,9,41,72|47|3|11|63|5|19|74|4|9|41|28|29|44|62|66,16|63|91|102|51|61|70|80|23,8|17|26|32|53|59|61|62|69|71|73|75|80|88|90|99|105|115|118|128|131|135|137|145|146|150|153|162|165|168|181|183|190|204|208|210|215|219|228|230|239,6.888888888888889,True
instance_0003.txt,af_useful_order-null_prune-multi,16,9,41,72|28|19|66|62|74|41|5|29|44|3|11|9|63|47|4,16|63|91|102|51|61|70|80|23,8|17|26|32|53|59|61|62|69|71|73|75|80|88|90|99|105|115|118|128|131|135|137|145|146|150|153|162|165|168|181|183|190|204|208|210|215|219|228|230|239,6.888888888888889,True
instance_0003.txt,afe_useful_order-desc_prune-multi,16,9,41,3|4|5|9|11|19|28|29|41|44|47|62|63|66|72|74,16|63|91|102|51|61|70|80|23,8|17|26|32|53|59|61|62|69|71|73|75|80|88|90|99|105|115|118|128|131|135|137|145|146|150|153|162|165|168|181|183|190|204|208|210|215|219|228|230|239,6.888888888888889,True
instance_0003.txt,afe_useful_order-null_prune-multi,16,9,41,3|4|5|9|11|19|28|29|41|44|47|62|63|66|72|74,16|63|91|102|51|61|70|80|23,8|17|26|32|53|59|61|62|69|71|73|75|80|88|90|99|105|115|118|128|131|135|137|145|146|150|153|162|165|168|181|183|190|204|208|210|215|219|228|230|239,6.888888888888889,True
instance_0004.txt,af_useful_order-desc_prune-multi,1,2,3,10,2|23,13|19|34,3.5,True
instance_0004.txt,af_useful_order-null_prune-multi,1,2,3,10,2|23,13|19|34,3.5,True
instance_0004.txt,afe_useful_order-desc_prune-multi,1,2,3,10,2|23,13|19|34,3.5,True
instance_0004.txt,afe_useful_order-null_prune-multi,1,2,3,10,2|23,13|19|34,3.5,True
instance_0005.txt,af_useful_order-desc_prune-multi,795,25,1629,14|1695|509|602|554|2346|1520|1900|1249|1530|1659|1997|557|1442|474|2475|295|459|1099|1779|1793|2041|244|245|326|109|1952|191|1867|252|807|1362|1745|832|979|1466|2399|646|869|2337|796|1037|2488|2533|2589|494|761|1181|1704|2461|2513|2561|228|233|423|434|487|493|603|688|826|872|2232|2237|2474|422|456|478|590|1150|1691|2448|731|993|1309|1475|1686|1706|1791|1987|163|181|268|367|541|735|892|895|955|1096|1228|1421|1470|1669|1765|1901|2028|2082|2264|2296|2563|143|398|465|501|539|542|596|746|781|817|998|1221|1264|1320|1426|1453|1661|1718|1816|1818|2200|2235|2327|2349|2565|16|108|217|246|280|349|365|371|402|468|707|740|753|861|899|926|989|1215|1357|1434|1477|1604|1721|1846|1926|1928|1963|2050|2312|2409|2523|31|68|86|98|175|223|412|591|633|674|714|783|843|855|970|986|1002|1018|1186|1202|1246|1280|1288|1335|1423|1474|1550|1552|1564|1575|1581|1607|1728|1794|1795|1811|1842|1970|1974|1976|2001|2006|2022|2075|2104|2255|2298|2328|2339|2354|2397|2485|2497|2543|2576|2624|102|144|183|198|201|225|239|241|249|257|270|285|297|316|332|341|359|406|428|440|455|473|482|488|491|503|508|515|559|564|612|617|684|712|730|736|823|846|860|884|897|904|911|940|968|994|1007|1027|1047|1056|1062|1100|1159|1164|1178|1207|1225|1253|1266|1321|1396|1402|1441|1461|1464|1485|1494|1519|1521|1537|1562|1594|1622|1637|1658|1732|1741|1760|1783|1784|1786|1803|1834|1854|1863|1887|1910|1911|1918|1988|2039|2066|2079|2115|2117|2125|2132|2164|2197|2203|2206|2214|2216|2271|2276|2307|2315|2332|2386|2388|2473|2482|2489|2500|2506|2516|2518|2567|2587|2603|5|57|77|104|119|125|138|140|151|171|195|202|230|234|238|248|263|291|317|363|385|388|397|401|420|432|446|460|472|483|497|521|532|548|551|613|618|625|626|629|661|662|713|715|720|725|745|749|766|768|777|786|787|802|804|808|819|824|825|851|853|864|876|923|957|961|967|975|990|997|1001|1012|1028|1034|1066|1089|1092|1101|1112|1113|1130|1134|1139|1141|1183|1192|1226|1248|1263|1278|1291|1307|1334|1381|1385|1400|1482|1499|1502|1503|1513|1518|1528|1534|1544|1570|1585|1589|1592|1608|1627|1630|1643|1649|1656|1677|1685|1688|1714|1723|1729|1731|1733|1748|1788|1808|1825|1856|1860|1871|1877|1892|1897|1929|1959|1965|1992|1994|2037|2046|2049|2055|2059|2070|2071|2120|2124|2129|2144|2145|2181|2185|2201|2218|2227|2259|2282|2290|2295|2306|2309|2313|2317|2326|2343|2351|2365|2366|2369|2372|2379|2395|2423|2430|2436|2439|2453|2507|2514|2521|2522|2526|2529|2544|2559|2588|2591|9|30|44|83|93|105|115|120|122|124|126|131|133|135|142|146|149|155|160|162|165|169|170|178|190|197|204|219|240|255|267|275|279|311|315|321|328|330|336|337|350|352|354|357|376|378|379|390|395|429|441|450|453|461|477|484|489|490|499|506|514|519|535|552|572|577|579|583|594|638|647|652|653|655|656|668|670|673|675|690|691|692|694|698|708|738|744|764|776|799|812|813|867|877|888|893|901|910|920|928|932|934|953|956|962|984|996|1036|1061|1063|1088|1093|1102|1103|1107|1109|1121|1137|1143|1146|1147|1149|1153|1163|1177|1189|1190|1206|1208|1220|1230|1239|1245|1254|1294|1306|1308|1314|1322|1331|1342|1343|1344|1346|1353|1356|1360|1374|1377|1399|1409|1411|1414|1418|1435|1445|1448|1449|1458|1460|1465|1484|1500|1505|1510|1516|1517|1539|1565|1582|1584|1596|1602|1613|1619|1628|1642|1650|1663|1681|1694|1696|1698|1712|1717|1736|1739|1740|1743|1764|1767|1771|1773|1797|1810|1828|1832|1843|1844|1849|1855|1858|1868|1869|1876|1891|1908|1924|1939|1964|1984|1993|2007|2012|2045|2051|2094|2095|2108|2128|2137|2151|2155|2176|2186|2205|2207|2215|2226|2230|2231|2267|2275|2285|2287|2292|2294|2303|2305|2319|2333|2335|2338|2340|2361|2373|2381|2394|2403|2412|2413|2416|2417|2444|2447|2455|2465|2469|2470|2484|2490|2494|2495|2499|2502|2510|2511|2512|2520|2532|2541|2550|2569|2586|2612,23|32|5|99|146|131|134|96|7|157|78|122|56|46|57|81|28|110|112|123|107|43|84|73|72,8|9|12|13|18|19|20|24|25|35|40|43|44|45|46|48|49|54|60|64|65|66|70|72|75|82|83|86|89|91|93|99|101|103|104|108|113|116|117|121|126|127|137|146|147|152|159|160|161|164|170|171|189|190|192|195|196|202|203|205|206|210|214|215|216|218|221|231|241|248|259|260|261|262|264|265|271|274|275|276|278|284|285|287|290|298|299|303|307|315|317|326|330|335|338|340|345|347|349|351|354|357|360|366|372|375|384|388|389|396|398|403|406|412|417|418|419|420|426|434|440|441|442|445|446|451|452|462|464|468|474|475|476|479|484|488|494|501|505|507|513|514|519|522|525|527|528|536|542|544|546|551|552|557|563|581|588|592|594|597|603|604|607|608|610|619|621|622|628|631|634|636|645|650|652|657|662|664|666|670|671|673|676|679|688|695|699|700|704|705|706|711|719|722|724|738|744|747|748|749|758|759|761|768|769|770|772|775|776|780|785|787|790|791|803|806|810|812|813|814|816|817|826|836|838|851|853|855|859|863|870|886|888|893|894|896|905|910|912|920|923|926|928|931|932|933|935|936|944|946|947|949|952|957|976|988|996|997|1007|1015|1018|1021|1022|1031|1033|1036|1042|1043|1050|1054|1057|1058|1061|1067|1074|1075|1076|1077|1078|1080|1082|1083|1084|1088|1090|1103|1104|1107|1111|1112|1114|1115|1124|1128|1129|1135|1142|1147|1149|1155|1161|1163|1164|1166|1174|1175|1178|1190|1194|1202|1209|1210|1214|1215|1216|1220|1223|1224|1226|1230|1239|1240|1246|1247|1248|1251|1257|1260|1262|1264|1266|1270|1273|1278|1287|1292|1294|1296|1303|1306|1309|1311|1314|1318|1319|1323|1324|1327|1328|1329|1331|1334|1336|1337|1338|1346|1356|1357|1359|1360|1365|1368|1369|1371|1383|1387|1390|1394|1396|1403|1408|1413|1419|1423|1424|1435|1438|1440|1443|1447|1458|1460|1465|1468|1470|1472|1475|1486|1490|1494|1495|1496|1502|1505|1510|1514|1517|1518|1520|1521|1524|1525|1526|1528|1529|1537|1546|1551|1554|1557|1562|1567|1570|1579|1584|1586|1591|1598|1600|1603|1604|1618|1621|1625|1629|1631|1632|1634|1636|1637|1639|1642|1651|1655|1656|1659|1660|1661|1672|1679|1686|1689|1694|1695|1699|1700|1708|1709|1712|1719|1722|1726|1733|1734|1738|1740|1741|1748|1749|1750|1752|1759|1763|1766|1767|1771|1773|1774|1784|1788|1795|1796|1799|1800|1802|1803|1804|1805|1806|1815|1823|1826|1831|1836|1837|1842|1844|1845|1847|1848|1850|1861|1864|1868|1873|1875|1890|1893|1896|1903|1907|1910|1914|1922|1923|1924|1925|1926|1927|1929|1931|1934|1937|1939|1940|1942|1946|1958|1962|1963|1966|1969|1970|1971|1975|1988|1996|2005|2007|2015|2018|2020|2022|2024|2026|2027|2035|2036|2041|2043|2048|2052|2059|2062|2066|2070|2075|2080|2082|2085|2087|2088|2089|2094|2095|2100|2104|2105|2109|2115|2118|2123|2124|2125|2126|2131|2144|2153|2154|2157|2158|2161|2167|2169|2173|2175|2176|2183|2191|2192|2195|2197|2198|2199|2201|2202|2205|2209|2216|2222|2226|2229|2232|2235|2236|2245|2248|2249|2250|2251|2253|2254|2264|2267|2268|2272|2274|2276|2278|2279|2287|2288|2297|2304|2305|2309|2315|2319|2320|2323|2333|2338|2340|2345|2353|2370|2371|2386|2389|2391|2394|2397|2402|2403|2408|2410|2414|2416|2426|2432|2434|2442|2445|2464|2465|2467|2482|2485|2487|2492|2498|2500|2505|2507|2508|2510|2511|2512|2513|2518|2521|2527|2532|2535|2539|2543|2548|2552|2553|2558|2562|2563|2568|2570|2573|2575|2578|2582|2591|2601|2609|2612|2614|2615|2619|2622|2625|2629|2631|2632|2633|2634|2636|2640|2643|2651|2660|2663|2666|2677|2679|2681|2686|2701|2703|2705|2706|2710|2713|2714|2719|2720|2727|2733|2739|2742|2744|2746|2765|2770|2772|2774|2776|2780|2782|2794|2803|2804|2807|2808|2809|2816|2818|2823|2826|2835|2840|2842|2843|2849|2856|2858|2864|2871|2877|2884|2888|2889|2891|2898|2901|2905|2907|2908|2911|2913|2914|2917|2920|2924|2925|2926|2929|2934|2938|2939|2940|2945|2947|2948|2952|2954|2959|2960|2971|2975|2976|2978|2980|2987|2989|2991|2992|2999|3007|3008|3011|3012|3024|3029|3032|3037|3044|3048|3052|3055|3059|3062|3063|3066|3070|3073|3074|3076|3084|3092|3105|3109|3113|3120|3121|3124|3126|3128|3130|3131|3132|3135|3138|3139|3141|3143|3146|3160|3164|3173|3176|3178|3185|3188|3189|3191|3192|3193|3196|3200|3202|3205|3206|3207|3208|3214|3224|3228|3229|3231|3232|3238|3249|3255|3258|3260|3262|3264|3265|3266|3268|3274|3275|3276|3287|3294|3296|3297|3300|3303|3312|3314|3315|3316|3318|3319|3322|3324|3325|3331|3332|3340|3355|3356|3361|3366|3374|3375|3379|3382|3383|3387|3388|3390|3391|3396|3397|3406|3407|3421|3423|3425|3428|3429|3430|3435|3438|3441|3446|3448|3453|3455|3469|3470|3473|3474|3493|3498|3506|3513|3514|3516|3519|3520|3527|3531|3535|3536|3542|3550|3553|3558|3563|3564|3568|3571|3575|3580|3582|3586|3591|3596|3597|3601|3606|3608|3613|3618|3634|3640|3641|3642|3651|3665|3667|3668|3673|3675|3677|3683|3684|3692|3695|3705|3721|3722|3724|3726|3729|3734|3739|3745|3746|3747|3767|3775|3777|3788|3791|3803|3807|3808|3811|3816|3817|3826|3832|3835|3837|3838|3841|3848|3857|3859|3861|3866|3869|3871|3883|3894|3897|3898|3902|3912|3915|3917|3918|3919|3920|3921|3922|3923|3925|3927|3932|3940|3942|3953|3960|3964|3976|3980|3984|3987|3991|3994|3996|3997|3998|4006|4009|4013|4016|4021|4022|4025|4029|4030|4031|4032|4043|4045|4049|4054|4055|4061|4063|4064|4074|4075|4085|4089|4092|4097|4099|4109|4112|4117|4120|4123|4127|4129|4133|4134|4136|4142|4150|4151|4152|4156|4164|4166|4168|4169|4171|4175|4176|4187|4189|4192|4198|4204|4206|4207|4210|4215|4216|4219|4225|4229|4235|4237|4238|4243|4247|4248|4249|4260|4263|4265|4266|4270|4274|4280|4285|4291|4294|4300|4305|4307|4308|4310|4316|4317|4333|4339|4340|4341|4350|4352|4355|4356|4357|4360|4362|4373|4391|4396|4397|4398|4401|4407|4410|4415|4416|4426|4427|4433|4435|4437|4439|4447|4448|4450|4454|4461|4464|4470|4473|4474|4475|4476|4478|4479|4484|4485|4486|4488|4493|4496|4497|4501|4504|4505|4516|4529|4530|4535|4536|4539|4542|4543|4547|4550|4551|4558|4560|4565|4566|4569|4574|4579|4589|4591|4592|4596|4599|4600|4602|4606|4612|4616|4621|4626|4627|4633|4635|4637|4642|4646|4651|4657|4664|4673|4675|4676|4682|4684|4685|4690|4693|4694|4696|4701|4703|4707|4708|4710|4714|4715|4719|4720|4721|4724|4730|4731|4733|4739|4747|4754|4755|4763|4766|4768|4775|4785|4787|4795|4797|4802|4804|4805|4810|4814|4815|4824|4825|4829|4831|4844|4860|4867|4868|4871|4884|4896|4897|4900|4904|4912|4915|4929|4931|4936|4938|4939|4945|4947|4949|4950|4952|4955|4957|4958|4976|4979|4985|4988|4991|4993|4994|4996|5001|5002|5003|5004|5008|5010|5012|5018|5021|5026|5030|5040|5041|5042|5044|5045|5046|5048|5050|5063|5071|5072|5077|5078|5087|5094|5096|5097|5098|5102|5103|5114|5119|5121|5127|5128|5129|5140|5141|5142|5144|5145|5147|5148|5150|5152|5156|5158|5160|5162|5169|5173|5178|5179|5180|5181|5184|5195|5202|5203|5204|5206|5212|5216|5217|5219|5228|5235|5236|5240|5242|5243|5251|5259|5263|5266|5270|5271|5273|5277|5278|5283|5291|5295|5296|5298|5302|5304|5306|5308|5310|5314|5320|5324|5331|5332|5335|5336|5338|5340|5341|5343|5354|5362|5363|5365|5375|5384|5385|5386|5387|5394|5406|5410|5414|5417|5419|5422|5423|5424|5426|5427|5431|5434|5446|5451|5455|5467|5470|5475|5476|5479|5480|5484|5487|5491|5493|5494|5495|5498|5501|5502|5507|5515|5523|5525|5526|5532|5537|5538|5553|5556|5559|5562|5565|5573|5579|5583|5586|5597|5600|5601|5610|5624|5625|5631|5635|5638|5640|5641|5642|5644|5653|5655|5657|5660|5664|5667|5668|5672|5680|5681|5685|5687|5697|5705|5722|5737|5738|5739|5744|5749|5750|5755|5757|5764|5765|5771|5772|5774|5775|5781|5791|5804|5806|5808|5811|5816|5817|5824|5832|5836|5842|5846|5848|5859|5871|5872|5885|5896|5897|5902|5905|5911|5913|5914|5923|5929|5934|5939|5940|5941|5949|5954|5958|5966|5967|5972|5973|5977|5984|5997|5998|6009|6013|6014|6016|6019|6024|6025|6040|6041|6053|6054|6055|6057|6058|6065|6072|6073|6075|6097|6102|6104|6106|6107|6108|6110|6111|6115|6117|6124|6127|6128|6129|6133|6142|6143|6146|6151|6152|6153|6161|6167|6173|6174|6175|6176|6180|6186|6187|6191|6196|6197|6199|6200|6217|6218|6224|6227|6235|6236|6242|6244|6253|6255|6256|6272|6274|6279|6283|6288|6290|6291|6294|6300|6302|6307|6308|6309|6310|6312|6316|6317|6318|6320|6322|6324|6325|6326|6327|6329|6337|6345|6351|6353|6354|6355|6359|6363|6369|6376|6379|6381|6385|6388|6397|6401|6404|6405|6406,149.68,True
instance_0005.txt,af_useful_order-null_prune-multi,803,25,1627,328|633|2271|2045|1926|122|2444|125|2200|673|499|1783|714|2485|796|160|175|1263|1475|1139|279|2489|135|897|1150|1207|2128|2529|817|2332|2612|740|2522|2474|2317|2412|2094|2413|2231|474|1465|1264|487|506|83|892|202|1619|646|2366|542|2173|1442|268|1685|2108|1988|2326|1622|204|115|2361|171|1343|14|1344|2343|2381|1353|453|1928|888|493|1153|2012|2520|2563|1102|1516|1474|509|1066|2587|423|799|257|1732|165|245|753|119|379|2275|2292|688|1208|1997|2512|1731|899|2502|169|385|392|1793|2338|1959|932|768|826|2216|2129|1027|1575|738|2346|1226|911|1528|478|807|744|241|190|548|777|2049|2151|2430|961|1856|2037|1854|1100|197|1435|1346|1718|2490|2506|2550|1411|490|910|672|1723|2518|867|503|441|2306|395|332|1669|783|341|1627|2541|2448|1964|2327|920|321|876|1739|456|252|1929|429|1696|1594|979|133|1784|1714|1177|2567|986|1146|1970|1728|1464|2071|1961|1492|2340|1385|1550|1663|692|2041|1291|823|1698|1062|1589|2470|968|1505|1178|2059|2416|1842|1658|735|1867|1503|1972|1832|2507|1396|2046|1088|2164|2218|1239|1900|2082|2051|68|2403|98|1002|2230|240|647|465|1604|864|825|1656|1691|617|1643|406|851|1897|1876|1858|675|1400|1230|967|2120|997|1028|239|1225|625|1891|105|1608|736|2287|843|2132|388|787|1717|201|316|1786|155|691|1192|2333|1162|1357|572|1342|2495|477|541|1570|326|653|1414|2137|2313|1092|170|2259|1681|626|998|219|2006|2569|1688|662|1399|1482|953|846|1694|2544|163|1189|195|1794|146|248|2305|2176|2075|143|1748|1320|1500|1963|225|1056|191|246|367|928|2455|531|1377|178|1107|989|1729|1855|397|1001|2499|1061|539|1695|280|2497|2565|1278|1771|2227|5|786|855|2469|1686|1924|853|1101|2372|1137|1816|151|1181|428|1994|1007|554|2461|1892|1409|2591|2319|1965|2206|501|2388|138|1246|1596|1537|1736|802|2295|2417|730|869|996|955|1248|1562|1721|1463|698|1190|2070|255|2588|2439|1466|2561|895|808|957|1502|1421|2232|761|1063|1321|1712|291|1863|577|267|2276|2125|181|2511|1499|234|564|1314|1099|2215|990|2335|652|1797|618|144|1202|1093|30|1460|317|812|1147|2482|1434|2526|1402|336|725|77|1760|1130|2141|2117|285|263|2494|877|1704|162|183|1143|1834|713|2586|819|1037|363|483|2201|2409|472|766|1659|1530|1877|1449|519|434|2039|238|1887|2255|923|1871|583|149|2294|365|1309|86|1868|1565|1984|1445|1803|1764|2298|16|2285|674|884|612|412|1141|781|2303|1911|1869|1034|473|1539|1121|2559|707|2500|1374|1307|1494|2205|745|1846|2095|1458|2181|230|1585|1808|749|494|2226|1765|559|1426|1628|390|2339|1745|893|31|2447|2282|1661|2104|993|1642|2328|244|1510|460|330|354|970|2365|2399|1607|2349|2079|2533|398|2022|1441|684|2312|2603|2309|311|1381|984|508|975|1518|1335|994|1544|708|350|1810|1795|2007|1280|2214|2296|2473|2185|1520|2394|860|1253|940|656|1952|776|1134|731|552|661|1581|832|44|102|2235|2186|450|1818|295|468|376|2521|1849|1706|2397|962|484|1918|1089|2624|2315|1649|1534|461|249|579|602|349|2510|104|514|1109|489|2589|1096|1423|1602|2145|2264|1186|1322|861|1552|1331|432|1901|1112|956|1418|2395|1215|532|2543|2513|720|1308|1844|1448|401|1811|1564|1163|459|1637|357|824|2055|1266|515|813|1221|2379|1592|1288|378|1477|108|2237|1521|140|1484|228|1613|1356|2475|1825|1245|1767|830|1993|1306|491|638|1485|1164|629|1103|2523|1159|1788|1860|2207|904|2267|2453|2144|590|1773|2124|804|603|764|1741|2066|1677|694|1779|1149|2001|297|9|2532|1113|315|594|591|2337|455|446|420|2514|1584|1910|1461|352|690|1334|712|2516|198|1517|1992|2290|2028|1650|1513|109|715|120|275|1908|1630|631|521|1733|668|131|535|2354|1740|2465|337|2115|1976|1743|1939|1828|1987|2050|1412|488|1012|655|126|670|440|52|2155|746|1791|613|2373|402|223|422|551|1183|124|1018|1360|1047|142|901|497|482|2488|371|1220|270|1470|1362|1206|57|2423|2576|872|1974|596|2203|1453|1843|1582|2436|1254|926|2197|2484|2369|1036|359|2307|1249|1294|2386|557|93,23|32|5|99|146|131|134|96|7|78|157|122|56|57|46|81|28|110|112|123|107|43|84|73|72,8|9|12|13|18|19|20|24|25|35|40|43|44|45|46|48|49|54|60|64|65|66|70|72|75|82|83|86|89|91|93|99|101|103|104|108|113|117|121|126|127|137|146|147|152|159|160|161|164|170|171|189|190|192|195|196|202|203|205|206|210|214|215|216|218|221|231|241|248|259|260|261|262|264|265|271|274|275|276|278|284|285|287|290|298|299|303|307|315|317|326|330|335|338|340|345|347|349|351|354|357|360|366|372|375|384|388|389|396|398|403|406|412|417|418|419|420|426|434|440|441|442|445|446|451|452|462|464|468|474|475|476|479|484|488|494|501|505|507|513|514|519|522|525|527|528|536|542|544|546|551|552|557|563|581|588|592|594|597|603|604|607|608|610|619|621|622|628|631|634|636|645|650|652|657|662|664|666|670|671|676|679|688|695|699|700|704|705|706|711|719|722|724|738|744|747|748|749|758|759|761|768|769|770|772|775|776|780|785|787|790|791|803|806|810|812|813|814|816|817|826|836|838|851|853|855|859|863|867|870|886|892|893|894|896|905|910|912|920|923|926|928|931|932|933|935|936|944|946|947|949|952|957|976|988|996|997|1007|1015|1018|1021|1022|1031|1033|1036|1042|1043|1050|1054|1057|1058|1061|1067|1074|1075|1076|1077|1078|1080|1082|1083|1084|1088|1090|1103|1104|1107|1111|1112|1114|1115|1124|1128|1129|1135|1142|1147|1149|1155|1161|1163|1164|1166|1174|1175|1178|1190|1194|1202|1209|1210|1214|1215|1216|1220|1223|1224|1226|1230|1239|1240|1246|1247|1248|1251|1257|1260|1262|1264|1266|1270|1273|1278|1287|1292|1294|1296|1303|1306|1309|1311|1314|1318|1319|1323|1324|1327|1328|1329|1331|1334|1336|1337|1338|1346|1356|1357|1359|1360|1365|1368|1369|1371|1383|1387|1390|1394|1396|1403|1408|1413|1419|1423|1424|1435|1438|1440|1443|1447|1458|1460|1465|1468|1470|1472|1475|1486|1490|1494|1495|1496|1502|1505|1510|1514|1517|1518|1520|1521|1524|1525|1526|1528|1529|1537|1546|1551|1554|1557|1562|1567|1570|1579|1584|1586|1591|1598|1600|1603|1604|1618|1621|1625|1629|1631|1632|1634|1636|1637|1639|1642|1651|1655|1656|1660|1661|1679|1686|1689|1694|1695|1699|1700|1708|1709|1712|1719|1722|1726|1733|1734|1738|1740|1741|1748|1749|1750|1752|1759|1763|1766|1767|1771|1773|1774|1784|1788|1795|1796|1799|1800|1802|1803|1804|1805|1806|1815|1823|1826|1831|1836|1837|1842|1844|1845|1847|1848|1850|1861|1864|1868|1873|1875|1890|1893|1896|1903|1907|1910|1914|1922|1923|1924|1925|1926|1927|1929|1931|1934|1937|1939|1940|1942|1946|1958|1962|1963|1966|1969|1970|1971|1975|1988|1996|2005|2007|2015|2018|2020|2022|2024|2026|2027|2035|2036|2041|2043|2048|2052|2059|2062|2066|2070|2075|2080|2082|2085|2087|2088|2089|2094|2095|2100|2104|2105|2109|2115|2118|2123|2124|2125|2126|2131|2144|2153|2154|2157|2158|2161|2167|2169|2173|2175|2176|2183|2191|2192|2195|2197|2198|2199|2201|2202|2205|2216|2222|2226|2229|2232|2235|2236|2245|2248|2249|2250|2251|2253|2254|2264|2267|2268|2272|2274|2276|2278|2279|2287|2288|2297|2304|2305|2309|2315|2319|2320|2323|2333|2338|2340|2345|2353|2370|2371|2386|2389|2391|2394|2397|2402|2403|2408|2410|2414|2416|2426|2432|2434|2442|2445|2464|2465|2467|2482|2485|2487|2492|2498|2500|2505|2507|2508|2510|2511|2512|2513|2518|2521|2527|2532|2535|2539|2543|2548|2552|2553|2558|2562|2563|2568|2570|2573|2575|2578|2582|2591|2601|2609|2612|2614|2615|2619|2622|2625|2629|2631|2633|2634|2636|2640|2643|2651|2660|2663|2666|2677|2679|2681|2686|2701|2703|2705|2706|2710|2713|2714|2719|2720|2727|2733|2739|2742|2744|2746|2765|2770|2772|2774|2776|2780|2782|2794|2803|2804|2807|2808|2809|2816|2818|2823|2826|2835|2840|2842|2843|2849|2856|2858|2864|2871|2877|2884|2888|2889|2891|2898|2901|2905|2907|2908|2911|2913|2914|2917|2920|2924|2925|2926|2929|2934|2938|2939|2940|2945|2947|2948|2952|2954|2959|2960|2971|2975|2976|2978|2980|2987|2989|2991|2992|2999|3007|3008|3011|3012|3024|3029|3032|3037|3048|3052|3055|3059|3062|3063|3066|3070|3073|3074|3076|3084|3092|3105|3109|3113|3120|3121|3124|3126|3128|3130|3131|3132|3135|3138|3139|3141|3143|3146|3160|3164|3173|3176|3178|3185|3186|3188|3189|3191|3192|3193|3196|3200|3202|3205|3206|3207|3208|3214|3224|3228|3229|3231|3232|3238|3249|3255|3258|3260|3262|3264|3265|3266|3268|3274|3275|3276|3287|3294|3296|3297|3300|3303|3312|3314|3315|3316|3318|3319|3322|3324|3325|3331|3332|3340|3355|3356|3361|3366|3374|3375|3379|3382|3383|3387|3388|3390|3391|3396|3397|3406|3407|3421|3423|3425|3428|3429|3430|3435|3438|3441|3446|3448|3453|3455|3469|3470|3473|3474|3493|3498|3506|3513|3514|3516|3519|3520|3524|3527|3531|3535|3536|3542|3550|3553|3558|3563|3564|3568|3571|3575|3580|3582|3586|3591|3596|3597|3601|3606|3608|3613|3618|3634|3640|3641|3642|3651|3665|3667|3668|3673|3675|3677|3683|3684|3692|3695|3705|3721|3722|3724|3726|3729|3734|3739|3745|3746|3747|3767|3775|3777|3788|3791|3803|3807|3808|3811|3816|3817|3826|3832|3835|3837|3838|3841|3848|3857|3859|3861|3866|3869|3871|3883|3894|3897|3898|3902|3912|3915|3917|3918|3919|3920|3921|3922|3923|3925|3927|3932|3940|3942|3953|3960|3964|3976|3980|3984|3987|3991|3994|3996|3997|3998|4006|4009|4013|4016|4021|4022|4025|4029|4030|4031|4032|4043|4045|4049|4054|4055|4061|4063|4064|4074|4075|4085|4089|4092|4097|4099|4109|4112|4117|4120|4123|4127|4129|4133|4134|4136|4142|4150|4151|4152|4156|4164|4166|4168|4169|4171|4175|4176|4187|4189|4192|4198|4204|4206|4207|4210|4215|4216|4219|4225|4229|4235|4237|4238|4243|4247|4248|4249|4260|4263|4265|4266|4270|4274|4280|4285|4291|4294|4300|4305|4307|4308|4310|4316|4317|4333|4339|4340|4341|4350|4352|4355|4356|4357|4360|4362|4373|4391|4396|4397|4398|4401|4407|4410|4415|4416|4426|4427|4433|4435|4437|4439|4447|4448|4450|4454|4461|4464|4470|4473|4474|4475|4476|4478|4479|4484|4485|4486|4488|4493|4496|4497|4501|4504|4505|4516|4529|4530|4535|4536|4539|4542|4543|4547|4550|4551|4558|4560|4565|4566|4569|4574|4579|4589|4591|4592|4596|4599|4600|4602|4606|4612|4616|4621|4626|4627|4633|4635|4637|4642|4646|4651|4657|4664|4673|4675|4676|4682|4684|4685|4690|4693|4694|4696|4701|4703|4707|4708|4710|4714|4715|4719|4720|4721|4724|4730|4731|4733|4739|4747|4754|4755|4763|4766|4768|4775|4785|4787|4795|4797|4802|4804|4805|4810|4814|4815|4824|4825|4829|4831|4844|4860|4867|4868|4871|4874|4884|4896|4897|4900|4904|4912|4915|4929|4931|4936|4938|4939|4945|4947|4949|4950|4952|4955|4957|4958|4976|4979|4985|4988|4991|4993|4994|4996|5001|5002|5003|5004|5008|5010|5012|5018|5021|5026|5030|5040|5041|5042|5044|5045|5046|5048|5050|5063|5071|5072|5077|5078|5087|5094|5096|5097|5098|5102|5103|5114|5119|5121|5127|5128|5129|5140|5141|5142|5144|5145|5147|5148|5150|5152|5156|5158|5160|5162|5169|5173|5174|5178|5179|5180|5181|5184|5195|5202|5203|5204|5206|5212|5216|5217|5219|5228|5235|5236|5240|5242|5243|5251|5259|5263|5266|5270|5271|5273|5277|5278|5283|5291|5295|5296|5298|5302|5304|5306|5308|5310|5314|5320|5324|5331|5332|5335|5336|5338|5340|5341|5343|5354|5362|5363|5365|5375|5384|5385|5386|5387|5394|5406|5410|5414|5417|5419|5422|5423|5424|5426|5427|5431|5434|5446|5451|5455|5467|5470|5475|5476|5479|5480|5484|5487|5491|5493|5494|5495|5498|5502|5507|5515|5523|5525|5526|5532|5537|5538|5553|5556|5559|5562|5565|5573|5579|5583|5586|5597|5600|5601|5610|5624|5625|5631|5635|5638|5640|5641|5642|5644|5653|5655|5657|5660|5664|5667|5668|5672|5680|5681|5685|5687|5697|5705|5722|5737|5738|5739|5744|5749|5750|5755|5757|5764|5765|5771|5772|5774|5775|5781|5791|5804|5806|5808|5811|5816|5817|5824|5832|5836|5842|5846|5848|5859|5871|5872|5885|5896|5897|5902|5905|5911|5913|5914|5923|5929|5934|5939|5940|5941|5949|5954|5958|5966|5967|5972|5973|5977|5984|5997|5998|6009|6013|6014|6015|6016|6019|6024|6025|6040|6041|6053|6054|6055|6057|6058|6065|6072|6073|6075|6097|6102|6104|6106|6107|6108|6110|6111|6115|6117|6124|6127|6128|6129|6133|6142|6143|6146|6151|6152|6153|6161|6167|6173|6174|6175|6176|6180|6186|6187|6191|6196|6197|6199|6200|6217|6218|6224|6227|6235|6236|6242|6244|6253|6255|6256|6272|6274|6279|6283|6288|6290|6291|6294|6300|6302|6307|6308|6309|6310|6312|6316|6317|6318|6320|6322|6324|6325|6326|6327|6329|6337|6345|6351|6353|6354|6355|6359|6363|6369|6376|6379|6381|6385|6388|6397|6401|6404|6405|6406,149.88,True
instance_0005.txt,afe_useful_order-desc_prune-multi,803,25,1635,5|9|14|16|30|31|44|52|57|68|77|83|86|93|98|102|104|105|108|109|115|119|120|122|124|125|126|131|133|135|138|140|142|143|144|146|149|151|155|160|162|163|165|169|170|171|175|178|181|183|190|191|195|197|198|201|202|204|217|219|223|225|228|230|234|238|239|240|241|244|245|246|248|249|252|255|257|263|267|268|270|275|279|280|285|291|295|297|311|315|316|317|321|326|328|330|332|336|337|341|349|350|352|354|357|359|363|365|367|371|376|378|379|385|388|390|392|395|397|398|401|402|406|412|420|422|423|428|429|432|434|440|441|446|450|453|455|456|459|460|461|465|468|472|473|474|477|478|482|483|484|487|488|489|490|491|493|494|497|499|501|503|506|508|509|514|515|519|521|531|532|535|539|541|542|548|551|552|554|557|559|564|572|577|579|583|590|591|594|596|602|603|613|617|618|625|626|629|631|633|638|646|647|652|653|655|656|661|662|668|670|672|673|674|675|684|688|690|691|692|694|698|707|708|712|713|714|715|720|725|730|731|735|736|738|740|744|745|746|749|753|761|764|766|768|776|777|781|783|786|787|796|799|802|804|807|808|812|813|817|819|823|824|825|826|832|843|846|851|853|855|860|861|864|867|869|872|876|877|884|888|892|893|895|899|901|904|910|911|920|923|926|928|932|940|953|955|956|957|961|962|967|968|970|975|979|984|986|989|990|993|994|996|997|998|1001|1002|1007|1012|1018|1027|1028|1034|1036|1037|1043|1047|1056|1062|1063|1066|1088|1089|1092|1093|1096|1099|1100|1101|1102|1103|1107|1109|1112|1113|1121|1130|1134|1137|1139|1141|1143|1146|1147|1149|1150|1153|1159|1163|1164|1177|1178|1181|1183|1186|1189|1190|1192|1202|1206|1207|1208|1215|1220|1221|1225|1226|1228|1230|1239|1245|1246|1248|1249|1253|1254|1263|1264|1266|1278|1280|1288|1291|1294|1306|1307|1308|1309|1314|1320|1321|1322|1331|1334|1335|1342|1343|1344|1346|1353|1356|1357|1360|1362|1374|1377|1381|1385|1396|1399|1400|1402|1409|1411|1412|1414|1418|1421|1423|1426|1434|1435|1441|1442|1445|1448|1449|1453|1458|1460|1461|1463|1464|1465|1466|1470|1474|1475|1477|1482|1484|1485|1492|1494|1499|1500|1502|1503|1505|1510|1513|1516|1517|1518|1519|1520|1521|1528|1530|1534|1537|1539|1544|1550|1552|1562|1564|1565|1570|1575|1581|1582|1584|1585|1589|1592|1594|1596|1602|1604|1607|1608|1613|1619|1622|1627|1628|1630|1637|1642|1643|1649|1650|1656|1658|1659|1661|1663|1669|1677|1681|1685|1686|1688|1691|1694|1695|1696|1698|1704|1706|1712|1714|1717|1718|1721|1723|1728|1729|1731|1732|1733|1736|1739|1740|1741|1743|1745|1748|1760|1764|1765|1767|1771|1773|1779|1783|1784|1786|1788|1791|1793|1794|1795|1797|1803|1808|1810|1811|1816|1818|1825|1828|1832|1834|1842|1843|1844|1846|1849|1854|1855|1856|1858|1860|1863|1867|1868|1869|1871|1876|1877|1887|1891|1892|1897|1900|1901|1908|1910|1911|1918|1924|1926|1928|1929|1939|1952|1959|1961|1963|1964|1965|1970|1972|1974|1976|1984|1987|1988|1992|1993|1994|1997|2001|2006|2007|2012|2022|2028|2037|2039|2041|2045|2046|2049|2050|2051|2055|2059|2066|2070|2071|2075|2079|2082|2094|2095|2104|2108|2115|2117|2120|2124|2125|2128|2129|2132|2137|2144|2145|2151|2155|2164|2173|2176|2181|2185|2186|2197|2200|2201|2203|2205|2206|2207|2214|2215|2216|2218|2226|2227|2230|2231|2232|2235|2237|2255|2259|2264|2267|2271|2275|2276|2282|2285|2287|2290|2292|2294|2295|2296|2298|2303|2305|2306|2307|2309|2312|2313|2315|2317|2319|2326|2327|2328|2332|2333|2335|2337|2338|2339|2340|2343|2346|2349|2351|2354|2361|2365|2366|2369|2372|2373|2379|2381|2386|2388|2394|2395|2397|2399|2403|2409|2412|2413|2416|2417|2423|2430|2436|2439|2444|2447|2448|2453|2455|2461|2465|2469|2470|2473|2474|2475|2482|2484|2485|2488|2489|2490|2494|2495|2497|2499|2500|2502|2506|2507|2510|2511|2512|2513|2514|2516|2518|2520|2521|2522|2523|2526|2529|2532|2533|2541|2543|2544|2546|2550|2559|2561|2563|2565|2567|2569|2576|2586|2587|2588|2589|2591|2603|2612|2624,23|32|5|99|146|131|134|96|7|78|157|122|56|46|57|81|28|110|112|123|107|43|84|73|72,8|9|12|13|18|19|20|24|25|35|40|43|44|45|46|48|49|54|60|64|65|66|70|72|75|82|83|86|89|91|93|99|101|103|104|108|113|116|117|121|126|127|137|146|147|152|159|160|161|164|170|171|189|190|192|195|196|202|203|205|206|210|214|215|216|218|221|231|241|248|259|260|261|262|264|265|271|274|275|276|278|284|285|287|290|298|299|303|307|315|317|326|330|335|338|340|345|347|349|351|354|357|360|366|372|375|384|388|389|396|398|403|406|412|417|418|419|420|426|434|440|441|442|445|446|451|452|462|464|468|474|475|476|479|484|488|494|501|505|507|513|514|519|522|525|527|528|536|542|544|546|551|552|557|563|581|588|592|594|597|603|604|607|608|610|619|621|622|628|631|634|636|645|650|652|657|662|664|666|670|671|673|676|679|688|695|699|700|704|705|706|711|719|722|724|738|744|747|748|749|758|759|761|768|769|770|772|775|776|780|785|787|790|791|803|806|810|812|813|814|816|817|826|836|838|851|853|855|859|863|867|870|886|888|892|893|894|896|905|910|912|920|923|926|928|931|932|933|935|936|944|946|947|949|952|957|976|988|996|997|1007|1015|1018|1021|1022|1031|1033|1036|1042|1043|1050|1054|1057|1058|1061|1067|1074|1075|1076|1077|1078|1080|1082|1083|1084|1088|1090|1103|1104|1107|1111|1112|1114|1115|1124|1128|1129|1135|1142|1147|1149|1155|1161|1163|1164|1166|1174|1175|1178|1190|1194|1202|1209|1210|1214|1215|1216|1220|1223|1224|1226|1230|1239|1240|1246|1247|1248|1251|1257|1260|1262|1264|1266|1270|1273|1278|1287|1292|1294|1296|1303|1306|1309|1311|1314|1318|1319|1323|1324|1327|1328|1329|1331|1334|1336|1337|1338|1346|1356|1357|1359|1360|1365|1368|1369|1371|1383|1387|1390|1394|1396|1403|1408|1413|1419|1423|1424|1435|1438|1440|1443|1447|1458|1460|1465|1468|1470|1472|1475|1486|1490|1494|1495|1496|1502|1505|1510|1514|1517|1518|1520|1521|1524|1525|1526|1528|1529|1537|1546|1551|1554|1557|1562|1567|1570|1579|1584|1586|1591|1598|1600|1603|1604|1618|1621|1625|1629|1631|1632|1634|1636|1637|1639|1642|1651|1655|1656|1660|1661|1672|1679|1686|1689|1694|1695|1699|1700|1708|1709|1712|1719|1722|1726|1733|1734|1738|1740|1741|1748|1749|1750|1752|1759|1763|1766|1767|1771|1773|1774|1784|1788|1795|1796|1799|1800|1802|1803|1804|1805|1806|1815|1823|1826|1831|1836|1837|1842|1844|1845|1847|1848|1850|1861|1864|1868|1873|1875|1890|1893|1896|1903|1907|1910|1914|1922|1923|1924|1925|1926|1927|1929|1931|1934|1937|1939|1940|1942|1946|1958|1962|1963|1966|1969|1970|1971|1975|1988|1996|2005|2007|2015|2018|2020|2022|2024|2026|2027|2035|2036|2041|2043|2048|2052|2059|2062|2066|2070|2075|2080|2082|2085|2087|2088|2089|2094|2095|2100|2104|2105|2109|2115|2118|2123|2124|2125|2126|2131|2144|2153|2154|2157|2158|2161|2167|2169|2173|2175|2176|2183|2191|2192|2195|2197|2198|2199|2201|2202|2205|2209|2216|2222|2226|2229|2232|2235|2236|2245|2248|2249|2250|2251|2253|2254|2264|2267|2268|2272|2274|2276|2278|2279|2287|2288|2297|2304|2305|2309|2315|2319|2320|2323|2333|2338|2340|2345|2353|2370|2371|2386|2389|2391|2394|2397|2402|2403|2408|2410|2414|2416|2426|2432|2434|2442|2445|2464|2465|2467|2482|2485|2487|2492|2498|2500|2505|2507|2508|2510|2511|2512|2513|2518|2521|2527|2532|2535|2539|2543|2548|2552|2553|2558|2562|2563|2568|2570|2573|2575|2578|2582|2591|2601|2609|2612|2614|2615|2619|2622|2625|2629|2631|2632|2633|2634|2636|2640|2643|2651|2660|2663|2666|2677|2679|2681|2686|2701|2703|2705|2706|2710|2713|2714|2719|2720|2727|2733|2739|2742|2744|2746|2765|2770|2772|2774|2776|2780|2782|2794|2803|2804|2807|2808|2809|2816|2818|2823|2826|2835|2840|2842|2843|2849|2856|2858|2864|2871|2877|2884|2888|2889|2891|2898|2901|2905|2907|2908|2911|2913|2914|2917|2920|2924|2925|2926|2929|2934|2938|2939|2940|2944|2945|2947|2948|2952|2954|2959|2960|2971|2975|2976|2978|2980|2987|2989|2991|2992|2999|3007|3008|3011|3012|3024|3029|3032|3037|3044|3048|3052|3055|3059|3062|3063|3066|3070|3073|3074|3076|3084|3092|3105|3109|3113|3120|3121|3124|3126|3128|3130|3131|3132|3135|3138|3139|3141|3143|3146|3160|3164|3173|3176|3178|3185|3188|3189|3191|3192|3193|3196|3200|3202|3205|3206|3207|3208|3214|3224|3228|3229|3231|3232|3238|3249|3255|3258|3260|3262|3264|3265|3266|3268|3274|3275|3276|3287|3294|3296|3297|3300|3303|3312|3314|3315|3316|3318|3319|3322|3324|3325|3331|3332|3340|3355|3356|3361|3366|3374|3375|3379|3382|3383|3387|3388|3390|3391|3396|3397|3406|3407|3421|3423|3425|3428|3429|3430|3435|3438|3441|3446|3448|3453|3455|3469|3470|3473|3474|3493|3498|3506|3513|3514|3516|3519|3520|3524|3527|3531|3535|3536|3542|3550|3553|3558|3563|3564|3568|3571|3575|3580|3582|3586|3591|3596|3597|3601|3606|3608|3613|3618|3634|3640|3641|3642|3651|3665|3667|3668|3673|3675|3677|3683|3684|3692|3695|3705|3721|3722|3724|3726|3729|3734|3739|3745|3746|3747|3767|3775|3777|3788|3791|3798|3803|3807|3808|3811|3816|3817|3826|3832|3835|3837|3838|3841|3848|3857|3859|3861|3866|3869|3871|3883|3894|3897|3898|3902|3912|3915|3917|3918|3919|3920|3921|3922|3923|3925|3927|3932|3940|3942|3953|3960|3964|3976|3980|3984|3987|3991|3994|3996|3997|3998|4006|4009|4013|4016|4021|4022|4025|4029|4030|4031|4032|4043|4045|4049|4054|4055|4061|4063|4064|4074|4075|4085|4089|4092|4097|4099|4109|4112|4117|4120|4123|4127|4129|4133|4134|4136|4142|4150|4151|4152|4156|4164|4166|4168|4169|4171|4175|4176|4187|4189|4192|4198|4204|4206|4207|4210|4215|4216|4219|4225|4229|4235|4237|4238|4243|4247|4248|4249|4260|4263|4265|4266|4270|4274|4280|4285|4291|4294|4300|4305|4307|4308|4310|4316|4317|4333|4339|4340|4341|4350|4352|4355|4356|4357|4360|4362|4373|4391|4396|4397|4398|4401|4407|4410|4415|4416|4426|4427|4433|4435|4437|4439|4447|4448|4450|4454|4461|4464|4470|4473|4474|4475|4476|4478|4479|4484|4485|4486|4488|4493|4496|4497|4501|4504|4505|4529|4530|4535|4536|4539|4542|4543|4547|4550|4551|4558|4560|4565|4566|4569|4574|4579|4589|4591|4592|4596|4599|4600|4602|4606|4612|4616|4618|4621|4626|4627|4633|4635|4637|4642|4646|4651|4657|4664|4673|4675|4676|4682|4684|4685|4690|4693|4694|4696|4701|4703|4707|4708|4710|4714|4715|4719|4720|4721|4724|4730|4731|4733|4739|4747|4754|4755|4763|4766|4768|4775|4785|4787|4795|4797|4802|4804|4805|4810|4814|4815|4824|4825|4829|4831|4844|4860|4867|4868|4871|4874|4884|4896|4897|4900|4904|4912|4915|4929|4931|4936|4938|4939|4945|4947|4949|4950|4952|4955|4957|4958|4976|4979|4985|4988|4991|4993|4994|4996|5001|5002|5003|5004|5008|5010|5012|5018|5021|5026|5030|5040|5041|5042|5044|5045|5046|5048|5050|5063|5071|5072|5077|5078|5087|5094|5096|5097|5098|5102|5103|5114|5119|5121|5127|5128|5129|5140|5141|5142|5144|5145|5147|5148|5150|5152|5156|5158|5160|5162|5169|5173|5178|5179|5180|5181|5184|5195|5202|5203|5204|5206|5212|5216|5217|5219|5228|5235|5236|5240|5242|5243|5251|5259|5263|5266|5270|5271|5273|5277|5278|5283|5291|5295|5296|5298|5302|5304|5306|5308|5310|5314|5320|5324|5331|5332|5335|5336|5338|5340|5341|5343|5354|5362|5363|5365|5375|5384|5385|5386|5387|5394|5406|5410|5414|5417|5419|5422|5423|5424|5426|5427|5431|5434|5446|5451|5455|5467|5470|5475|5476|5479|5480|5484|5487|5491|5493|5494|5495|5498|5501|5502|5507|5515|5523|5525|5526|5532|5537|5538|5553|5556|5559|5562|5565|5573|5579|5583|5586|5597|5600|5601|5610|5624|5625|5631|5635|5638|5640|5641|5642|5644|5653|5655|5657|5660|5664|5667|5668|5672|5680|5681|5685|5687|5697|5705|5722|5737|5738|5739|5744|5749|5750|5755|5757|5764|5765|5771|5772|5774|5775|5781|5791|5804|5806|5808|5811|5816|5817|5824|5832|5836|5842|5846|5848|5859|5871|5872|5885|5896|5897|5902|5905|5911|5913|5914|5923|5929|5934|5939|5940|5941|5949|5954|5958|5966|5967|5972|5973|5977|5984|5997|5998|6009|6013|6014|6016|6019|6021|6024|6025|6040|6041|6053|6054|6055|6057|6058|6065|6072|6073|6075|6097|6102|6104|6106|6107|6108|6110|6111|6115|6117|6124|6127|6128|6129|6133|6142|6143|6146|6151|6152|6153|6161|6167|6173|6174|6175|6176|6180|6186|6187|6191|6196|6197|6199|6200|6217|6218|6224|6227|6235|6236|6242|6244|6253|6255|6256|6272|6274|6279|6283|6288|6290|6291|6294|6300|6302|6307|6308|6309|6310|6312|6316|6317|6318|6320|6322|6324|6325|6326|6327|6329|6337|6345|6351|6353|6354|6355|6359|6363|6369|6376|6379|6381|6385|6388|6397|6401|6404|6405|6406,150.12,True
instance_0005.txt,afe_useful_order-null_prune-multi,803,25,1635,5|9|14|16|30|31|44|52|57|68|77|83|86|93|98|102|104|105|108|109|115|119|120|122|124|125|126|131|133|135|138|140|142|143|144|146|149|151|155|160|162|163|165|169|170|171|175|178|181|183|190|191|195|197|198|201|202|204|217|219|223|225|228|230|234|238|239|240|241|244|245|246|248|249|252|255|257|263|267|268|270|275|279|280|285|291|295|297|311|315|316|317|321|326|328|330|332|336|337|341|349|350|352|354|357|359|363|365|367|371|376|378|379|385|388|390|392|395|397|398|401|402|406|412|420|422|423|428|429|432|434|440|441|446|450|453|455|456|459|460|461|465|468|472|473|474|477|478|482|483|484|487|488|489|490|491|493|494|497|499|501|503|506|508|509|514|515|519|521|531|532|535|539|541|542|548|551|552|554|557|559|564|572|577|579|583|590|591|594|596|602|603|613|617|618|625|626|629|631|633|638|646|647|652|653|655|656|661|662|668|670|672|673|674|675|684|688|690|691|692|694|698|707|708|712|713|714|715|720|725|730|731|735|736|738|740|744|745|746|749|753|761|764|766|768|776|777|781|783|786|787|796|799|802|804|807|808|812|813|817|819|823|824|825|826|832|843|846|851|853|855|860|861|864|867|869|872|876|877|884|888|892|893|895|899|901|904|910|911|920|923|926|928|932|940|953|955|956|957|961|962|967|968|970|975|979|984|986|989|990|993|994|996|997|998|1001|1002|1007|1012|1018|1027|1028|1034|1036|1037|1043|1047|1056|1062|1063|1066|1088|1089|1092|1093|1096|1099|1100|1101|1102|1103|1107|1109|1112|1113|1121|1130|1134|1137|1139|1141|1143|1146|1147|1149|1150|1153|1159|1163|1164|1177|1178|1181|1183|1186|1189|1190|1192|1202|1206|1207|1208|1215|1220|1221|1225|1226|1228|1230|1239|1245|1246|1248|1249|1253|1254|1263|1264|1266|1278|1280|1288|1291|1294|1306|1307|1308|1309|1314|1320|1321|1322|1331|1334|1335|1342|1343|1344|1346|1353|1356|1357|1360|1362|1374|1377|1381|1385|1396|1399|1400|1402|1409|1411|1412|1414|1418|1421|1423|1426|1434|1435|1441|1442|1445|1448|1449|1453|1458|1460|1461|1463|1464|1465|1466|1470|1474|1475|1477|1482|1484|1485|1492|1494|1499|1500|1502|1503|1505|1510|1513|1516|1517|1518|1519|1520|1521|1528|1530|1534|1537|1539|1544|1550|1552|1562|1564|1565|1570|1575|1581|1582|1584|1585|1589|1592|1594|1596|1602|1604|1607|1608|1613|1619|1622|1627|1628|1630|1637|1642|1643|1649|1650|1656|1658|1659|1661|1663|1669|1677|1681|1685|1686|1688|1691|1694|1695|1696|1698|1704|1706|1712|1714|1717|1718|1721|1723|1728|1729|1731|1732|1733|1736|1739|1740|1741|1743|1745|1748|1760|1764|1765|1767|1771|1773|1779|1783|1784|1786|1788|1791|1793|1794|1795|1797|1803|1808|1810|1811|1816|1818|1825|1828|1832|1834|1842|1843|1844|1846|1849|1854|1855|1856|1858|1860|1863|1867|1868|1869|1871|1876|1877|1887|1891|1892|1897|1900|1901|1908|1910|1911|1918|1924|1926|1928|1929|1939|1952|1959|1961|1963|1964|1965|1970|1972|1974|1976|1984|1987|1988|1992|1993|1994|1997|2001|2006|2007|2012|2022|2028|2037|2039|2041|2045|2046|2049|2050|2051|2055|2059|2066|2070|2071|2075|2079|2082|2094|2095|2104|2108|2115|2117|2120|2124|2125|2128|2129|2132|2137|2144|2145|2151|2155|2164|2173|2176|2181|2185|2186|2197|2200|2201|2203|2205|2206|2207|2214|2215|2216|2218|2226|2227|2230|2231|2232|2235|2237|2255|2259|2264|2267|2271|2275|2276|2282|2285|2287|2290|2292|2294|2295|2296|2298|2303|2305|2306|2307|2309|2312|2313|2315|2317|2319|2326|2327|2328|2332|2333|2335|2337|2338|2339|2340|2343|2346|2349|2351|2354|2361|2365|2366|2369|2372|2373|2379|2381|2386|2388|2394|2395|2397|2399|2403|2409|2412|2413|2416|2417|2423|2430|2436|2439|2444|2447|2448|2453|2455|2461|2465|2469|2470|2473|2474|2475|2482|2484|2485|2488|2489|2490|2494|2495|2497|2499|2500|2502|2506|2507|2510|2511|2512|2513|2514|2516|2518|2520|2521|2522|2523|2526|2529|2532|2533|2541|2543|2544|2546|2550|2559|2561|2563|2565|2567|2569|2576|2586|2587|2588|2589|2591|2603|2612|2624,23|32|5|99|146|131|134|96|7|78|157|122|56|46|57|81|28|110|112|123|107|43|84|73|72,8|9|12|13|18|19|20|24|25|35|40|43|44|45|46|48|49|54|60|64|65|66|70|72|75|82|83|86|89|91|93|99|101|103|104|108|113|116|117|121|126|127|137|146|147|152|159|160|161|164|170|171|189|190|192|195|196|202|203|205|206|210|214|215|216|218|221|231|241|248|259|260|261|262|264|265|271|274|275|276|278|284|285|287|290|298|299|303|307|315|317|326|330|335|338|340|345|347|349|351|354|357|360|366|372|375|384|388|389|396|398|403|406|412|417|418|419|420|426|434|440|441|442|445|446|451|452|462|464|468|474|475|476|479|484|488|494|501|505|507|513|514|519|522|525|527|528|536|542|544|546|551|552|557|563|581|588|592|594|597|603|604|607|608|610|619|621|622|628|631|634|636|645|650|652|657|662|664|666|670|671|673|676|679|688|695|699|700|704|705|706|711|719|722|724|738|744|747|748|749|758|759|761|768|769|770|772|775|776|780|785|787|790|791|803|806|810|812|813|814|816|817|826|836|838|851|853|855|859|863|867|870|886|888|892|893|894|896|905|910|912|920|923|926|928|931|932|933|935|936|944|946|947|949|952|957|976|988|996|997|1007|1015|1018|1021|1022|1031|1033|1036|1042|1043|1050|1054|1057|1058|1061|1067|1074|1075|1076|1077|1078|1080|1082|1083|1084|1088|1090|1103|1104|1107|1111|1112|1114|1115|1124|1128|1129|1135|1142|1147|1149|1155|1161|1163|1164|1166|1174|1175|1178|1190|1194|1202|1209|1210|1214|1215|1216|1220|1223|1224|1226|1230|1239|1240|1246|1247|1248|1251|1257|1260|1262|1264|1266|1270|1273|1278|1287|1292|1294|1296|1303|1306|1309|1311|1314|1318|1319|1323|1324|1327|1328|1329|1331|1334|1336|1337|1338|1346|1356|1357|1359|1360|1365|1368|1369|1371|1383|1387|1390|1394|1396|1403|1408|1413|1419|1423|1424|1435|1438|1440|1443|1447|1458|1460|1465|1468|1470|1472|1475|1486|1490|1494|1495|1496|1502|1505|1510|1514|1517|1518|1520|1521|1524|1525|1526|1528|1529|1537|1546|1551|1554|1557|1562|1567|1570|1579|1584|1586|1591|1598|1600|1603|1604|1618|1621|1625|1629|1631|1632|1634|1636|1637|1639|1642|1651|1655|1656|1660|1661|1672|1679|1686|1689|1694|1695|1699|1700|1708|1709|1712|1719|1722|1726|1733|1734|1738|1740|1741|1748|1749|1750|1752|1759|1763|1766|1767|1771|1773|1774|1784|1788|1795|1796|1799|1800|1802|1803|1804|1805|1806|1815|1823|1826|1831|1836|1837|1842|1844|1845|1847|1848|1850|1861|1864|1868|1873|1875|1890|1893|1896|1903|1907|1910|1914|1922|1923|1924|1925|1926|1927|1929|1931|1934|1937|1939|1940|1942|1946|1958|1962|1963|1966|1969|1970|1971|1975|1988|1996|2005|2007|2015|2018|2020|2022|2024|2026|2027|2035|2036|2041|2043|2048|2052|2059|2062|2066|2070|2075|2080|2082|2085|2087|2088|2089|2094|2095|2100|2104|2105|2109|2115|2118|2123|2124|2125|2126|2131|2144|2153|2154|2157|2158|2161|2167|2169|2173|2175|2176|2183|2191|2192|2195|2197|2198|2199|2201|2202|2205|2209|2216|2222|2226|2229|2232|2235|2236|2245|2248|2249|2250|2251|2253|2254|2264|2267|2268|2272|2274|2276|2278|2279|2287|2288|2297|2304|2305|2309|2315|2319|2320|2323|2333|2338|2340|2345|2353|2370|2371|2386|2389|2391|2394|2397|2402|2403|2408|2410|2414|2416|2426|2432|2434|2442|2445|2464|2465|2467|2482|2485|2487|2492|2498|2500|2505|2507|2508|2510|2511|2512|2513|2518|2521|2527|2532|2535|2539|2543|2548|2552|2553|2558|2562|2563|2568|2570|2573|2575|2578|2582|2591|2601|2609|2612|2614|2615|2619|2622|2625|2629|2631|2632|2633|2634|2636|2640|2643|2651|2660|2663|2666|2677|2679|2681|2686|2701|2703|2705|2706|2710|2713|2714|2719|2720|2727|2733|2739|2742|2744|2746|2765|2770|2772|2774|2776|2780|2782|2794|2803|2804|2807|2808|2809|2816|2818|2823|2826|2835|2840|2842|2843|2849|2856|2858|2864|2871|2877|2884|2888|2889|2891|2898|2901|2905|2907|2908|2911|2913|2914|2917|2920|2924|2925|2926|2929|2934|2938|2939|2940|2944|2945|2947|2948|2952|2954|2959|2960|2971|2975|2976|2978|2980|2987|2989|2991|2992|2999|3007|3008|3011|3012|3024|3029|3032|3037|3044|3048|3052|3055|3059|3062|3063|3066|3070|3073|3074|3076|3084|3092|3105|3109|3113|3120|3121|3124|3126|3128|3130|3131|3132|3135|3138|3139|3141|3143|3146|3160|3164|3173|3176|3178|3185|3188|3189|3191|3192|3193|3196|3200|3202|3205|3206|3207|3208|3214|3224|3228|3229|3231|3232|3238|3249|3255|3258|3260|3262|3264|3265|3266|3268|3274|3275|3276|3287|3294|3296|3297|3300|3303|3312|3314|3315|3316|3318|3319|3322|3324|3325|3331|3332|3340|3355|3356|3361|3366|3374|3375|3379|3382|3383|3387|3388|3390|3391|3396|3397|3406|3407|3421|3423|3425|3428|3429|3430|3435|3438|3441|3446|3448|3453|3455|3469|3470|3473|3474|3493|3498|3506|3513|3514|3516|3519|3520|3524|3527|3531|3535|3536|3542|3550|3553|3558|3563|3564|3568|3571|3575|3580|3582|3586|3591|3596|3597|3601|3606|3608|3613|3618|3634|3640|3641|3642|3651|3665|3667|3668|3673|3675|3677|3683|3684|3692|3695|3705|3721|3722|3724|3726|3729|3734|3739|3745|3746|3747|3767|3775|3777|3788|3791|3798|3803|3807|3808|3811|3816|3817|3826|3832|3835|3837|3838|3841|3848|3857|3859|3861|3866|3869|3871|3883|3894|3897|3898|3902|3912|3915|3917|3918|3919|3920|3921|3922|3923|3925|3927|3932|3940|3942|3953|3960|3964|3976|3980|3984|3987|3991|3994|3996|3997|3998|4006|4009|4013|4016|4021|4022|4025|4029|4030|4031|4032|4043|4045|4049|4054|4055|4061|4063|4064|4074|4075|4085|4089|4092|4097|4099|4109|4112|4117|4120|4123|4127|4129|4133|4134|4136|4142|4150|4151|4152|4156|4164|4166|4168|4169|4171|4175|4176|4187|4189|4192|4198|4204|4206|4207|4210|4215|4216|4219|4225|4229|4235|4237|4238|4243|4247|4248|4249|4260|4263|4265|4266|4270|4274|4280|4285|4291|4294|4300|4305|4307|4308|4310|4316|4317|4333|4339|4340|4341|4350|4352|4355|4356|4357|4360|4362|4373|4391|4396|4397|4398|4401|4407|4410|4415|4416|4426|4427|4433|4435|4437|4439|4447|4448|4450|4454|4461|4464|4470|4473|4474|4475|4476|4478|4479|4484|4485|4486|4488|4493|4496|4497|4501|4504|4505|4529|4530|4535|4536|4539|4542|4543|4547|4550|4551|4558|4560|4565|4566|4569|4574|4579|4589|4591|4592|4596|4599|4600|4602|4606|4612|4616|4618|4621|4626|4627|4633|4635|4637|4642|4646|4651|4657|4664|4673|4675|4676|4682|4684|4685|4690|4693|4694|4696|4701|4703|4707|4708|4710|4714|4715|4719|4720|4721|4724|4730|4731|4733|4739|4747|4754|4755|4763|4766|4768|4775|4785|4787|4795|4797|4802|4804|4805|4810|4814|4815|4824|4825|4829|4831|4844|4860|4867|4868|4871|4874|4884|4896|4897|4900|4904|4912|4915|4929|4931|4936|4938|4939|4945|4947|4949|4950|4952|4955|4957|4958|4976|4979|4985|4988|4991|4993|4994|4996|5001|5002|5003|5004|5008|5010|5012|5018|5021|5026|5030|5040|5041|5042|5044|5045|5046|5048|5050|5063|5071|5072|5077|5078|5087|5094|5096|5097|5098|5102|5103|5114|5119|5121|5127|5128|5129|5140|5141|5142|5144|5145|5147|5148|5150|5152|5156|5158|5160|5162|5169|5173|5178|5179|5180|5181|5184|5195|5202|5203|5204|5206|5212|5216|5217|5219|5228|5235|5236|5240|5242|5243|5251|5259|5263|5266|5270|5271|5273|5277|5278|5283|5291|5295|5296|5298|5302|5304|5306|5308|5310|5314|5320|5324|5331|5332|5335|5336|5338|5340|5341|5343|5354|5362|5363|5365|5375|5384|5385|5386|5387|5394|5406|5410|5414|5417|5419|5422|5423|5424|5426|5427|5431|5434|5446|5451|5455|5467|5470|5475|5476|5479|5480|5484|5487|5491|5493|5494|5495|5498|5501|5502|5507|5515|5523|5525|5526|5532|5537|5538|5553|5556|5559|5562|5565|5573|5579|5583|5586|5597|5600|5601|5610|5624|5625|5631|5635|5638|5640|5641|5642|5644|5653|5655|5657|5660|5664|5667|5668|5672|5680|5681|5685|5687|5697|5705|5722|5737|5738|5739|5744|5749|5750|5755|5757|5764|5765|5771|5772|5774|5775|5781|5791|5804|5806|5808|5811|5816|5817|5824|5832|5836|5842|5846|5848|5859|5871|5872|5885|5896|5897|5902|5905|5911|5913|5914|5923|5929|5934|5939|5940|5941|5949|5954|5958|5966|5967|5972|5973|5977|5984|5997|5998|6009|6013|6014|6016|6019|6021|6024|6025|6040|6041|6053|6054|6055|6057|6058|6065|6072|6073|6075|6097|6102|6104|6106|6107|6108|6110|6111|6115|6117|6124|6127|6128|6129|6133|6142|6143|6146|6151|6152|6153|6161|6167|6173|6174|6175|6176|6180|6186|6187|6191|6196|6197|6199|6200|6217|6218|6224|6227|6235|6236|6242|6244|6253|6255|6256|6272|6274|6279|6283|6288|6290|6291|6294|6300|6302|6307|6308|6309|6310|6312|6316|6317|6318|6320|6322|6324|6325|6326|6327|6329|6337|6345|6351|6353|6354|6355|6359|6363|6369|6376|6379|6381|6385|6388|6397|6401|6404|6405|6406,150.12,True
instance_0006.txt,af_useful_order-desc_prune-multi,497,1,326,1046|9216|167|5230|1099|5832|2625|3637|4985|5502|6151|6566|8792|3083|4178|6352|33|168|435|1991|3363|4328|4622|5408|5616|8082|9037|9486|1969|3101|3216|3421|4056|5562|7251|7819|9208|10114|36|335|338|594|698|1268|1745|2652|2933|3041|3093|3378|4379|4709|4854|4860|4907|5547|5819|5947|6696|7330|7706|7724|7787|8069|8534|8884|9422|9860|10019|10276|2|30|57|88|100|120|125|184|210|252|253|259|260|297|374|387|389|449|478|492|499|502|527|537|554|561|562|570|588|625|643|738|761|768|782|830|918|936|937|943|974|985|998|1013|1034|1040|1042|1062|1081|1116|1129|1151|1156|1181|1220|1235|1256|1272|1298|1310|1337|1405|1471|1480|1524|1573|1589|1612|1619|1628|1630|1647|1654|1717|1725|1749|1766|1801|1826|1841|1880|1902|1906|1946|2003|2029|2042|2048|2051|2070|2075|2098|2127|2140|2175|2183|2188|2222|2237|2240|2270|2272|2283|2306|2307|2326|2329|2332|2346|2517|2530|2542|2561|2567|2570|2592|2594|2599|2619|2644|2647|2653|2669|2692|2715|2743|2752|2763|2764|2779|2801|2854|2910|2948|2982|3017|3047|3063|3081|3090|3111|3119|3132|3134|3148|3151|3195|3212|3214|3224|3265|3267|3301|3302|3311|3319|3330|3335|3383|3415|3463|3531|3587|3600|3612|3618|3633|3695|3703|3709|3718|3719|3724|3730|3753|3773|3799|3879|3907|3965|3997|4064|4073|4078|4139|4140|4175|4191|4199|4234|4235|4251|4254|4298|4306|4366|4402|4441|4459|4468|4477|4478|4532|4567|4579|4645|4652|4734|4760|4772|4780|4791|4806|4864|4884|4909|4915|4916|4935|4953|4996|5003|5016|5021|5061|5072|5084|5107|5134|5188|5207|5217|5261|5306|5321|5349|5351|5365|5385|5389|5390|5404|5421|5426|5480|5494|5615|5625|5628|5631|5639|5648|5682|5684|5694|5712|5895|5897|5963|6009|6029|6063|6064|6076|6081|6097|6103|6134|6197|6233|6268|6281|6296|6301|6322|6342|6348|6372|6398|6422|6425|6457|6471|6482|6506|6558|6567|6594|6631|6760|6771|6816|6847|6896|6899|6918|6974|7000|7009|7042|7087|7204|7229|7239|7256|7323|7345|7354|7382|7391|7410|7568|7576|7579|7648|7665|7666|7756|7766|7798|7855|7858|7862|7864|7868|7917|7937|7942|7974|7981|8027|8184|8214|8237|8248|8252|8279|8291|8294|8334|8407|8488|8490|8499|8525|8597|8631|8674|8686|8721|8731|8741|8765|8772|8783|8823|8844|8893|8895|8934|8953|8954|8970|9009|9066|9070|9076|9087|9131|9139|9142|9207|9267|9277|9304|9325|9326|9337|9357|9361|9387|9414|9423|9427|9431|9445|9452|9468|9472|9475|9488|9517|9550|9558|9590|9592|9599|9613|9661|9683|9701|9728|9779|9801|9849|9852|9882|9909|9916|9926|10036|10070|10071|10082|10088|10109|10112|10128|10151|10168|10226|10242|10252|10272|10307|10321|10324,0,1|30|67|69|82|91|104|105|111|143|167|175|203|238|267|271|272|284|291|338|342|362|385|404|425|457|473|474|482|533|536|541|569|607|661|675|733|741|764|806|810|811|818|857|867|915|939|942|943|971|978|988|992|1020|1054|1077|1122|1135|1178|1220|1245|1263|1270|1272|1289|1292|1297|1358|1361|1370|1374|1380|1417|1425|1443|1469|1471|1475|1527|1586|1605|1660|1795|1817|1840|1843|1866|1939|1951|1983|1989|2011|2043|2044|2114|2141|2144|2151|2178|2181|2187|2188|2231|2262|2266|2291|2314|2315|2369|2371|2396|2401|2431|2439|2488|2533|2541|2542|2544|2552|2589|2599|2659|2711|2715|2717|2734|2748|2760|2802|2810|2829|2866|2873|2899|2914|2944|2966|2967|2968|2972|2985|3003|3016|3061|3087|3090|3106|3109|3135|3163|3167|3175|3208|3227|3305|3334|3336|3361|3410|3440|3445|3458|3459|3506|3547|3553|3622|3638|3669|3670|3690|3692|3710|3766|3847|3862|3880|3913|3948|3965|4052|4094|4098|4118|4148|4151|4220|4225|4273|4279|4283|4308|4313|4335|4349|4381|4384|4401|4421|4456|4539|4563|4584|4597|4601|4610|4619|4620|4642|4645|4660|4679|4736|4760|4787|4817|4823|4845|4871|4921|4930|4958|4959|4973|5052|5071|5118|5127|5131|5136|5162|5225|5228|5253|5254|5272|5297|5308|5328|5335|5339|5347|5362|5375|5401|5409|5435|5461|5471|5475|5478|5483|5485|5491|5497|5503|5552|5572|5597|5600|5605|5622|5649|5652|5733|5766|5769|5772|5773|5805|5810|5852|5867|5886|5894|5900|5910|5911|5938|5943|5953|6007|6019|6080|6136|6140|6145|6165|6168|6208|6211|6215|6268|6337|6339|6367|6373|6374|6414|6420|6458|6493|6504|6532|6552|6555|6597|6602|6612|6669|6671|6704|6747|6754|6783|6805|6806|6827|6836|6843|6861|6910|6946|6995|7087,691.0,True
instance_0006.txt,af_useful_order-null_prune-multi,501,1,326,4579|10091|3758|5494|2212|259|9216|8823|5516|9517|761|2306|9361|4073|3041|8234|2779|4622|9423|1524|6506|4379|3063|1220|4953|2048|9387|3415|6696|2237|3093|8279|4111|4645|6372|2051|3719|3718|7724|5321|8499|3637|8934|4234|3101|2743|9592|1062|3319|5832|5390|6863|10128|387|9422|9882|9176|4683|4402|4478|10114|6097|5103|8334|6103|6009|3600|6342|1841|3265|10088|1298|2532|7855|1969|643|4935|570|3151|5061|492|1156|8266|5021|6029|9550|9427|7375|6063|5134|8248|9066|7410|7858|8686|9486|3695|7648|3302|7087|5385|5261|4860|537|786|1013|1151|7706|210|9304|1480|3111|7773|8844|6816|4985|2326|6797|3799|1573|9728|167|2801|4973|2530|1471|2542|9558|4251|3709|4854|2752|3965|830|7818|4140|5682|2647|7009|9076|7441|7665|9294|7631|57|6081|4441|6163|8294|2346|6064|3944|8358|1628|2644|8597|8184|5619|9452|562|1268|6398|7000|9070|2127|4997|9779|2948|7819|2332|5408|7345|5351|10036|9849|1042|5963|4298|768|10252|3618|5648|6246|8884|10118|8069|9472|1801|3214|3363|4191|9131|9009|125|2140|9683|30|8536|7937|985|1619|335|5072|8783|9445|4884|4459|9475|5631|5365|2042|8953|6566|3098|6301|1991|8534|8214|7868|7942|2070|6631|1725|5207|3148|561|4468|9208|2910|8237|10226|8731|698|5108|4734|5947|918|2592|2570|3083|7042|3132|1099|3724|9468|7787|3195|7382|10109|7204|4199|4306|4709|1046|8577|5615|5628|10272|7354|5107|527|10321|2692|8895|7864|1272|3738|1654|5230|2029|7030|3730|1040|3081|9613|9325|4064|6422|6453|6558|499|6847|9701|2075|6896|1405|9661|8772|3047|5656|7666|9926|5712|9909|7330|6268|5694|8252|8674|7862|8970|7974|10082|1745|9414|3907|872|6482|184|5480|9357|8590|9431|5819|6457|2272|10071|2619|9801|937|4652|782|4864|4567|4760|2982|8765|4178|3119|7391|3311|5616|4011|3879|5188|625|5639|3017|478|9087|9916|1946|5426|2576|3301|9860|88|8631|1589|338|3463|9326|10019|4477|943|9207|4139|10168|3224|1749|6134|7239|8488|2933|8407|6348|4056|10324|6974|36|7756|1717|3134|8741|1235|9590|3335|3997|7568|6322|2098|8490|7981|7256|6760|5016|1906|1630|1081|2599|4235|8954|6352|594|4254|10077|5897|9852|3612|1337|8740|2652|10276|4916|3330|7251|374|2715|5895|1310|260|2188|9337|4907|6197|6471|7798|8525|9645|8792|974|2329|10112|3587|1826|4806|435|2175|2270|33|120|9267|4532|10307|10151|3383|6281|2222|8721|5389|5003|5084|3773|4366|4078|2763|5625|7917|2|7579|2240|253|3531|5306|2283|7576|10242|7323|3703|6151|2854|8893|1129|8291|3267|449|2567|6594|1256|9277|7229|6425|5349|5547|4915|4780|8027|5421|2183|6771|3378|9139|9142|10070|4791|2517|1116|4909|9599|4175|1880|6918|6076|2594|6296|5502|5562|6899|6567|9488|6233,0,1|30|67|69|82|91|104|105|111|143|167|175|203|238|267|271|272|284|291|338|342|362|385|404|425|457|473|474|482|533|536|541|569|607|661|675|733|741|764|806|810|811|818|857|867|915|939|942|943|971|978|988|992|1020|1054|1077|1122|1135|1178|1220|1245|1263|1270|1272|1289|1292|1297|1358|1361|1370|1374|1380|1417|1425|1443|1469|1471|1475|1527|1586|1605|1660|1795|1817|1840|1843|1866|1939|1951|1983|1989|2011|2043|2044|2114|2141|2144|2151|2178|2181|2187|2188|2231|2262|2266|2291|2314|2315|2369|2371|2396|2401|2431|2439|2488|2533|2541|2542|2544|2552|2589|2599|2659|2711|2715|2717|2734|2748|2760|2802|2810|2829|2866|2873|2899|2914|2944|2966|2967|2968|2972|2985|3003|3016|3061|3087|3090|3106|3109|3135|3163|3167|3175|3208|3227|3305|3334|3336|3361|3410|3440|3445|3458|3459|3506|3547|3553|3622|3638|3669|3670|3690|3692|3710|3766|3847|3862|3880|3913|3948|3965|4052|4094|4098|4118|4148|4151|4220|4225|4273|4279|4283|4308|4313|4335|4349|4381|4384|4401|4421|4456|4539|4563|4584|4597|4601|4610|4619|4620|4642|4645|4660|4679|4736|4760|4787|4817|4823|4845|4871|4921|4930|4958|4959|4973|5052|5071|5118|5127|5131|5136|5162|5225|5228|5253|5254|5272|5297|5308|5328|5335|5339|5347|5362|5375|5401|5409|5435|5461|5471|5475|5478|5483|5485|5491|5497|5503|5552|5572|5597|5600|5605|5622|5649|5652|5733|5766|5769|5772|5773|5805|5810|5852|5867|5886|5894|5900|5910|5911|5938|5943|5953|6007|6019|6080|6136|6140|6145|6165|6168|6208|6211|6215|6268|6337|6339|6367|6373|6374|6414|6420|6458|6493|6504|6532|6552|6555|6597|6602|6612|6669|6671|6704|6747|6754|6783|6805|6806|6827|6836|6843|6861|6910|6946|6995|7087,688.0,True
instance_0006.txt,afe_useful_order-desc_prune-multi,500,1,326,2|30|33|36|57|88|120|167|184|210|253|260|335|338|374|387|435|449|478|492|499|527|537|570|594|625|643|698|761|768|782|786|830|918|943|974|985|1013|1040|1046|1062|1081|1099|1116|1129|1151|1156|1220|1235|1256|1268|1272|1298|1310|1337|1405|1480|1524|1573|1589|1619|1628|1630|1717|1725|1745|1749|1801|1826|1841|1880|1906|1946|1969|1991|2029|2042|2048|2051|2075|2098|2127|2175|2183|2188|2222|2237|2240|2270|2272|2283|2306|2326|2329|2332|2517|2530|2542|2567|2570|2592|2594|2599|2619|2644|2652|2692|2715|2743|2752|2763|2779|2801|2854|2910|2933|2948|2982|3017|3041|3047|3081|3083|3090|3093|3098|3101|3111|3119|3132|3134|3148|3195|3216|3224|3265|3267|3301|3302|3311|3319|3330|3335|3363|3378|3383|3415|3421|3463|3531|3587|3600|3612|3618|3637|3695|3703|3719|3724|3730|3773|3799|3879|3907|3965|3997|4056|4064|4073|4078|4108|4139|4140|4175|4178|4191|4199|4234|4235|4251|4254|4298|4306|4366|4402|4441|4459|4468|4477|4532|4567|4579|4622|4645|4652|4683|4734|4742|4760|4780|4791|4806|4854|4860|4864|4884|4907|4909|4915|4916|4953|4985|4996|5003|5016|5021|5055|5061|5072|5084|5107|5108|5125|5134|5188|5207|5230|5261|5306|5321|5349|5351|5365|5385|5389|5390|5408|5421|5426|5480|5502|5516|5547|5562|5615|5616|5625|5628|5631|5639|5648|5656|5682|5684|5694|5712|5819|5832|5895|5897|5910|5947|5963|6009|6029|6063|6064|6076|6081|6097|6103|6134|6151|6163|6197|6233|6246|6268|6281|6296|6301|6322|6342|6352|6372|6398|6422|6425|6453|6457|6471|6482|6506|6558|6565|6566|6567|6594|6631|6696|6760|6771|6816|6847|6863|6896|6899|6918|6974|7000|7009|7030|7034|7042|7087|7204|7229|7239|7251|7256|7323|7330|7345|7354|7375|7382|7391|7410|7437|7441|7568|7576|7579|7583|7631|7648|7665|7666|7681|7706|7724|7756|7773|7774|7787|7798|7818|7819|7855|7858|7862|7864|7868|7917|7937|7942|7974|7981|8027|8082|8184|8214|8234|8237|8239|8248|8252|8266|8279|8291|8294|8334|8358|8395|8407|8421|8488|8490|8499|8525|8534|8536|8569|8577|8590|8597|8631|8660|8661|8665|8674|8686|8721|8731|8741|8765|8772|8783|8792|8823|8844|8872|8884|8893|8895|8934|8953|8954|8970|8980|9009|9041|9066|9070|9076|9087|9123|9131|9139|9142|9176|9207|9208|9216|9267|9277|9294|9304|9325|9326|9337|9357|9361|9387|9414|9422|9423|9427|9431|9445|9452|9468|9472|9475|9486|9488|9517|9522|9550|9558|9580|9590|9592|9599|9613|9645|9649|9661|9679|9683|9701|9703|9704|9728|9779|9801|9840|9849|9852|9860|9882|9909|9916|9919|9926|10019|10036|10046|10052|10070|10071|10077|10082|10088|10091|10109|10112|10114|10118|10128|10151|10168|10226|10242|10252|10272|10276|10307|10321|10324,0,1|30|67|69|82|91|104|105|111|143|167|175|203|238|267|271|272|284|291|338|342|362|385|404|425|457|473|474|482|533|536|541|569|607|661|675|733|741|764|806|810|811|818|857|867|915|939|942|943|971|978|988|992|1020|1054|1077|1122|1135|1178|1220|1245|1263|1270|1272|1289|1292|1297|1358|1361|1370|1374|1380|1417|1425|1443|1469|1471|1475|1527|1586|1605|1660|1795|1817|1840|1843|1866|1939|1951|1983|1989|2011|2043|2044|2114|2141|2144|2151|2178|2181|2187|2188|2231|2262|2266|2291|2314|2315|2369|2371|2396|2401|2431|2439|2488|2533|2541|2542|2544|2552|2589|2599|2659|2711|2715|2717|2734|2748|2760|2802|2810|2829|2866|2873|2899|2914|2944|2966|2967|2968|2972|2985|3003|3016|3061|3087|3090|3106|3109|3135|3163|3167|3175|3208|3227|3305|3334|3336|3361|3410|3440|3445|3458|3459|3506|3547|3553|3622|3638|3669|3670|3690|3692|3710|3766|3847|3862|3880|3913|3948|3965|4052|4094|4098|4118|4148|4151|4220|4225|4273|4279|4283|4308|4313|4335|4349|4381|4384|4401|4421|4456|4539|4563|4584|4597|4601|4610|4619|4620|4642|4645|4660|4679|4736|4760|4787|4817|4823|4845|4871|4921|4930|4958|4959|4973|5052|5071|5118|5127|5131|5136|5162|5225|5228|5253|5254|5272|5297|5308|5328|5335|5339|5347|5362|5375|5401|5409|5435|5461|5471|5475|5478|5483|5485|5491|5497|5503|5552|5572|5597|5600|5605|5622|5649|5652|5733|5766|5769|5772|5773|5805|5810|5852|5867|5886|5894|5900|5910|5911|5938|5943|5953|6007|6019|6080|6136|6140|6145|6165|6168|6208|6211|6215|6268|6337|6339|6367|6373|6374|6414|6420|6458|6493|6504|6532|6552|6555|6597|6602|6612|6669|6671|6704|6747|6754|6783|6805|6806|6827|6836|6843|6861|6910|6946|6995|7087,691.0,True
instance_0006.txt,afe_useful_order-null_prune-multi,500,1,326,2|30|33|36|57|88|120|167|184|210|253|260|335|338|374|387|435|449|478|492|499|527|537|570|594|625|643|761|768|782|786|830|918|943|974|985|1013|1040|1046|1062|1081|1099|1116|1129|1151|1156|1220|1235|1256|1268|1272|1298|1310|1337|1405|1480|1524|1573|1589|1619|1628|1630|1717|1725|1745|1749|1801|1826|1841|1880|1946|1969|1991|2029|2042|2048|2051|2075|2098|2127|2175|2183|2188|2222|2237|2240|2270|2272|2283|2306|2326|2329|2332|2517|2530|2542|2567|2570|2592|2594|2599|2619|2644|2652|2692|2715|2743|2752|2763|2779|2801|2854|2910|2933|2948|2982|3017|3041|3047|3081|3083|3090|3093|3098|3101|3111|3119|3132|3134|3148|3195|3216|3224|3265|3267|3301|3302|3311|3319|3330|3335|3363|3378|3383|3415|3421|3463|3531|3587|3612|3618|3637|3695|3703|3719|3724|3730|3773|3799|3879|3907|3965|3997|4056|4064|4073|4078|4108|4139|4140|4175|4178|4191|4199|4234|4235|4251|4254|4298|4306|4366|4402|4441|4459|4468|4477|4532|4567|4579|4622|4645|4652|4683|4709|4734|4742|4760|4780|4791|4806|4854|4860|4864|4884|4907|4909|4915|4916|4953|4985|4996|5003|5016|5021|5055|5061|5072|5084|5107|5108|5125|5134|5188|5207|5230|5261|5306|5321|5349|5351|5365|5385|5389|5390|5408|5421|5426|5480|5502|5516|5547|5562|5615|5616|5625|5628|5631|5639|5648|5656|5682|5684|5694|5712|5819|5832|5895|5897|5910|5947|5963|6009|6029|6063|6064|6076|6081|6097|6103|6134|6151|6163|6197|6201|6233|6246|6251|6268|6281|6296|6301|6322|6342|6352|6372|6398|6422|6425|6453|6457|6471|6482|6506|6558|6565|6566|6567|6594|6631|6696|6760|6771|6816|6847|6863|6896|6899|6918|6974|7000|7009|7030|7034|7042|7087|7204|7229|7239|7251|7256|7323|7330|7345|7354|7375|7382|7391|7410|7437|7441|7568|7576|7579|7583|7631|7648|7665|7666|7681|7706|7724|7756|7773|7774|7787|7798|7818|7819|7855|7858|7862|7864|7868|7917|7937|7942|7974|7981|8027|8082|8184|8214|8234|8237|8239|8248|8252|8266|8279|8291|8294|8334|8358|8395|8407|8421|8488|8490|8499|8525|8534|8536|8569|8577|8590|8597|8631|8660|8661|8665|8674|8686|8721|8731|8741|8765|8772|8783|8792|8823|8844|8872|8884|8893|8895|8934|8953|8954|8970|8980|9009|9041|9066|9070|9076|9087|9123|9131|9139|9142|9176|9207|9208|9216|9267|9277|9294|9304|9325|9326|9337|9357|9361|9387|9414|9422|9423|9427|9431|9445|9452|9468|9472|9475|9486|9488|9517|9522|9550|9558|9580|9590|9592|9599|9613|9645|9649|9661|9679|9683|9701|9703|9704|9728|9779|9801|9840|9849|9852|9860|9882|9909|9916|9919|9926|10019|10036|10046|10052|10070|10071|10077|10082|10088|10091|10109|10112|10114|10118|10128|10151|10168|10226|10242|10252|10272|10276|10307|10321|10324,0,1|30|67|69|82|91|104|105|111|143|167|175|203|238|267|271|272|284|291|338|342|362|385|404|425|457|473|474|482|533|536|541|569|607|661|675|733|741|764|806|810|811|818|857|867|915|939|942|943|971|978|988|992|1020|1054|1077|1122|1135|1178|1220|1245|1263|1270|1272|1289|1292|1297|1358|1361|1370|1374|1380|1417|1425|1443|1469|1471|1475|1527|1586|1605|1660|1795|1817|1840|1843|1866|1939|1951|1983|1989|2011|2043|2044|2114|2141|2144|2151|2178|2181|2187|2188|2231|2262|2266|2291|2314|2315|2369|2371|2396|2401|2431|2439|2488|2533|2541|2542|2544|2552|2589|2599|2659|2711|2715|2717|2734|2748|2760|2802|2810|2829|2866|2873|2899|2914|2944|2966|2967|2968|2972|2985|3003|3016|3061|3087|3090|3106|3109|3135|3163|3167|3175|3208|3227|3305|3334|3336|3361|3410|3440|3445|3458|3459|3506|3547|3553|3622|3638|3669|3670|3690|3692|3710|3766|3847|3862|3880|3913|3948|3965|4052|4094|4098|4118|4148|4151|4220|4225|4273|4279|4283|4308|4313|4335|4349|4381|4384|4401|4421|4456|4539|4563|4584|4597|4601|4610|4619|4620|4642|4645|4660|4679|4736|4760|4787|4817|4823|4845|4871|4921|4930|4958|4959|4973|5052|5071|5118|5127|5131|5136|5162|5225|5228|5253|5254|5272|5297|5308|5328|5335|5339|5347|5362|5375|5401|5409|5435|5461|5471|5475|5478|5483|5485|5491|5497|5503|5552|5572|5597|5600|5605|5622|5649|5652|5733|5766|5769|5772|5773|5805|5810|5852|5867|5886|5894|5900|5910|5911|5938|5943|5953|6007|6019|6080|6136|6140|6145|6165|6168|6208|6211|6215|6268|6337|6339|6367|6373|6374|6414|6420|6458|6493|6504|6532|6552|6555|6597|6602|6612|6669|6671|6704|6747|6754|6783|6805|6806|6827|6836|6843|6861|6910|6946|6995|7087,691.0,True
instance_0007.txt,af_useful_order-desc_prune-multi,1196,4,721,7109|2903|5488|2861|150|32|1747|4341|4165|8228|1667|4022|5017|3464|3788|5473|1813|2014|2057|3077|3560|3813|3901|4838|5941|6160|7171|7360|7538|383|413|762|1029|1081|1277|1619|2003|2363|3286|3666|3811|4065|4535|4686|4824|6204|6572|6635|6941|6976|7397|7409|7567|7704|7723|8229|8261|58|245|261|326|364|479|522|718|912|1117|1261|1303|1311|1387|1411|1417|1496|1728|1736|1777|1877|1970|2063|2070|2108|2121|2357|2399|2537|2615|2793|2857|2866|2885|2979|3325|3337|3519|3588|3722|3826|3863|3978|4175|4194|4255|4274|4476|4546|4872|5011|5049|5066|5103|5140|5333|5426|5506|5516|5752|5922|6177|6193|6316|6490|6578|6580|6659|6771|6783|6870|6962|7134|7175|7262|7323|7336|7383|7659|7741|7814|7846|7876|8043|8152|8171|0|24|29|31|33|34|40|55|71|91|110|118|120|143|149|158|162|170|179|182|185|192|194|206|225|242|249|254|258|263|265|269|288|290|296|297|303|308|309|334|363|396|408|415|425|427|429|436|440|445|467|480|486|493|496|497|514|516|519|523|524|531|549|554|555|586|587|588|595|600|603|605|606|607|619|631|632|633|634|635|639|645|660|661|682|683|688|699|701|704|719|726|739|744|747|748|752|757|761|764|771|776|777|778|781|784|788|798|812|823|827|833|839|846|852|854|881|893|897|899|904|909|916|917|924|954|964|971|972|988|989|992|993|1017|1018|1026|1033|1034|1041|1045|1056|1069|1074|1079|1094|1097|1102|1129|1132|1133|1144|1151|1153|1161|1170|1172|1175|1176|1195|1204|1208|1214|1242|1244|1245|1250|1253|1268|1269|1272|1278|1288|1291|1299|1307|1312|1327|1342|1355|1360|1389|1406|1409|1414|1443|1455|1462|1468|1470|1473|1478|1483|1488|1501|1502|1503|1510|1511|1533|1536|1544|1545|1547|1550|1576|1579|1586|1600|1609|1613|1615|1651|1655|1671|1672|1679|1680|1681|1684|1688|1693|1694|1695|1697|1701|1709|1724|1738|1743|1746|1755|1765|1769|1778|1791|1800|1803|1809|1818|1820|1827|1831|1835|1836|1842|1858|1861|1862|1864|1870|1871|1878|1881|1887|1888|1892|1919|1934|1944|1959|1988|1993|1994|1997|1998|2009|2010|2024|2031|2032|2039|2046|2054|2059|2064|2074|2075|2078|2079|2085|2087|2104|2115|2125|2130|2132|2145|2159|2167|2168|2196|2200|2203|2208|2215|2219|2224|2225|2255|2258|2260|2263|2264|2277|2282|2285|2288|2295|2296|2298|2299|2301|2307|2311|2316|2323|2332|2351|2370|2372|2375|2381|2383|2390|2392|2395|2406|2413|2417|2419|2422|2423|2438|2443|2444|2456|2468|2480|2483|2485|2491|2502|2505|2521|2524|2525|2540|2544|2550|2566|2576|2587|2588|2607|2611|2613|2617|2618|2620|2625|2630|2641|2670|2674|2680|2690|2700|2709|2719|2721|2737|2742|2779|2781|2783|2791|2799|2803|2806|2816|2819|2832|2839|2850|2865|2876|2881|2887|2896|2900|2910|2912|2919|2921|2922|2952|2960|2968|2993|2995|2996|3002|3009|3021|3025|3058|3081|3095|3113|3121|3133|3160|3171|3182|3196|3199|3204|3213|3228|3243|3247|3259|3263|3265|3280|3285|3300|3309|3319|3324|3331|3332|3345|3348|3355|3363|3379|3385|3390|3394|3420|3427|3447|3448|3452|3462|3472|3474|3497|3501|3504|3506|3518|3526|3531|3554|3563|3573|3591|3606|3644|3647|3659|3663|3665|3699|3704|3717|3728|3731|3733|3738|3740|3743|3754|3763|3767|3771|3781|3782|3786|3799|3824|3825|3835|3837|3841|3843|3849|3858|3860|3864|3870|3877|3879|3883|3887|3889|3890|3899|3910|3915|3917|3923|3925|3931|3933|3936|3944|3945|3950|3956|3957|3958|3973|3976|3977|3984|3989|3991|3999|4010|4020|4029|4049|4053|4062|4063|4068|4072|4079|4081|4090|4095|4100|4110|4134|4157|4172|4174|4178|4179|4188|4189|4213|4215|4230|4232|4243|4245|4254|4258|4288|4301|4317|4326|4333|4338|4348|4373|4379|4389|4415|4419|4428|4436|4440|4452|4464|4473|4481|4482|4486|4495|4504|4509|4511|4515|4516|4523|4528|4550|4551|4553|4569|4572|4575|4576|4581|4585|4591|4601|4604|4608|4611|4614|4625|4637|4646|4647|4651|4665|4668|4679|4682|4684|4688|4718|4722|4731|4741|4744|4755|4761|4767|4778|4791|4795|4805|4808|4816|4836|4844|4869|4882|4885|4892|4894|4946|4950|4957|4962|4969|4976|4977|4978|4983|4985|4986|4993|4994|5001|5003|5004|5007|5013|5046|5063|5076|5092|5096|5097|5105|5139|5141|5150|5156|5160|5167|5177|5180|5188|5191|5201|5211|5217|5219|5222|5231|5238|5243|5245|5261|5264|5265|5275|5303|5320|5323|5325|5327|5328|5339|5341|5348|5356|5365|5378|5392|5399|5400|5401|5404|5405|5409|5413|5414|5419|5423|5430|5439|5441|5457|5459|5462|5466|5491|5495|5508|5513|5519|5553|5561|5568|5575|5576|5585|5609|5612|5615|5630|5631|5646|5659|5669|5678|5689|5692|5695|5697|5745|5747|5749|5753|5760|5761|5768|5772|5774|5775|5786|5787|5789|5794|5805|5812|5813|5819|5826|5833|5834|5835|5846|5856|5860|5867|5906|5915|5928|5934|5935|5938|5956|5961|5972|5977|5978|6009|6014|6028|6038|6046|6057|6062|6070|6076|6078|6081|6087|6089|6095|6100|6104|6111|6112|6113|6119|6121|6140|6142|6154|6180|6200|6209|6217|6218|6222|6227|6232|6237|6245|6256|6262|6277|6293|6313|6317|6330|6348|6351|6358|6363|6390|6393|6400|6406|6412|6413|6436|6439|6440|6449|6455|6458|6464|6475|6481|6482|6495|6509|6520|6522|6535|6538|6540|6546|6557|6584|6627|6629|6633|6660|6669|6672|6679|6686|6700|6701|6726|6737|6740|6742|6750|6752|6755|6784|6788|6790|6799|6810|6818|6821|6830|6842|6846|6848|6851|6865|6882|6883|6891|6895|6901|6907|6909|6913|6928|6929|6939|6942|6945|6953|6959|6967|6984|7005|7009|7014|7025|7026|7051|7058|7060|7061|7067|7093|7102|7104|7119|7125|7156|7173|7181|7184|7186|7190|7204|7208|7210|7212|7213|7218|7259|7268|7270|7284|7291|7298|7306|7318|7319|7328|7332|7338|7344|7378|7382|7384|7386|7389|7404|7406|7407|7422|7429|7430|7453|7463|7473|7475|7487|7489|7498|7508|7510|7522|7543|7552|7564|7572|7576|7577|7581|7593|7599|7602|7612|7618|7630|7644|7654|7658|7663|7665|7668|7670|7672|7673|7677|7679|7689|7699|7700|7716|7719|7729|7739|7746|7753|7775|7793|7798|7806|7838|7844|7847|7900|7901|7911|7916|7922|7925|7931|7935|7941|7944|7946|7952|7953|7959|7960|7973|7988|7996|8002|8012|8020|8022|8031|8035|8041|8042|8048|8054|8056|8057|8059|8076|8080|8082|8092|8104|8109|8110|8118|8139|8141|8157|8162|8164|8173|8177|8179|8180|8183|8184|8185|8191|8206|8207|8208|8218|8254|8258|8264|8266|8272|8273|8275|8288|8294|8297|8305,22|115|41|84,1|2|8|11|23|31|44|45|61|63|79|82|84|85|86|95|147|148|155|156|160|174|181|185|207|210|213|215|222|225|229|232|235|239|250|251|252|253|261|263|277|282|283|285|291|296|297|305|309|317|320|327|332|337|338|345|349|361|372|378|380|383|386|395|402|406|421|423|427|430|440|446|462|463|469|476|491|501|517|520|525|529|535|549|558|564|583|586|587|590|595|609|610|634|639|649|650|655|664|667|681|687|698|699|703|717|726|742|744|758|762|783|784|802|820|824|832|834|853|861|867|870|886|908|917|925|931|945|966|973|990|1009|1011|1014|1019|1028|1053|1063|1065|1082|1103|1107|1109|1113|1114|1119|1128|1135|1146|1148|1159|1160|1163|1170|1179|1181|1190|1199|1227|1238|1248|1249|1277|1279|1292|1293|1302|1308|1316|1320|1323|1327|1342|1345|1361|1366|1382|1386|1395|1410|1414|1417|1427|1429|1470|1478|1479|1485|1529|1546|1547|1548|1556|1560|1562|1566|1573|1577|1583|1601|1603|1608|1610|1614|1616|1639|1641|1645|1648|1649|1652|1656|1661|1665|1667|1670|1683|1704|1723|1724|1728|1743|1754|1756|1766|1781|1788|1796|1810|1821|1860|1863|1879|1893|1917|1923|1941|1956|1990|1991|2000|2001|2007|2016|2017|2023|2024|2033|2040|2042|2061|2079|2110|2124|2129|2130|2144|2151|2161|2163|2169|2178|2192|2194|2196|2206|2213|2214|2226|2232|2236|2241|2244|2255|2267|2271|2278|2288|2302|2308|2325|2327|2332|2338|2347|2363|2372|2373|2380|2383|2386|2394|2402|2405|2407|2413|2419|2422|2423|2426|2458|2459|2465|2479|2487|2489|2490|2496|2501|2507|2511|2535|2536|2552|2557|2563|2578|2583|2592|2595|2596|2603|2610|2614|2616|2623|2632|2640|2643|2649|2660|2675|2682|2686|2688|2706|2708|2710|2713|2755|2758|2765|2773|2775|2790|2792|2802|2813|2817|2822|2838|2841|2851|2868|2878|2879|2882|2895|2901|2913|2915|2916|2932|2938|2941|2944|2951|2968|2971|2978|2986|2993|2999|3003|3010|3023|3049|3055|3058|3062|3063|3065|3066|3072|3082|3113|3118|3129|3131|3147|3150|3159|3166|3171|3199|3211|3216|3220|3235|3240|3244|3251|3268|3270|3338|3341|3347|3349|3371|3375|3376|3392|3398|3400|3401|3402|3415|3427|3428|3432|3434|3443|3458|3459|3462|3471|3487|3492|3506|3513|3523|3526|3527|3532|3540|3543|3559|3566|3567|3586|3588|3595|3598|3604|3607|3609|3616|3633|3634|3643|3644|3648|3673|3680|3690|3691|3698|3709|3724|3726|3730|3739|3764|3782|3787|3798|3800|3803|3804|3831|3834|3838|3846|3847|3850|3855|3860|3864|3872|3875|3904|3906|3909|3918|3931|3937|3949|3956|3957|3958|3963|3977|3984|3990|4008|4014|4016|4026|4027|4028|4032|4036|4044|4056|4060|4061|4070|4071|4073|4075|4079|4090|4091|4094|4096|4103|4115|4118|4119|4133|4135|4136|4140|4148|4168|4175|4186|4193|4198|4202|4204|4205|4216|4221|4230|4232|4236|4237|4242|4251|4259|4263|4265|4267|4286|4301|4308|4312|4316|4321|4331|4338|4354|4356|4361|4368|4369|4375|4377|4387|4390|4398|4404|4409|4417|4439|4442|4446|4458|4478|4480|4483|4490|4502|4503|4517|4524|4525|4529|4539|4542|4544|4555|4560|4568|4571|4576|4579|4594|4596|4632|4636|4646|4651|4654|4664|4668|4670|4675|4676|4678|4706|4725|4727|4734|4741|4744|4753|4775|4788|4800|4806|4845|4846|4866|4871|4879|4888|4891|4893|4896|4926|4929|4933|4941|4963|4966|4968|5009|5014|5019|5033|5042|5047|5060|5061|5071|5076|5079|5086|5090|5095|5109|5116|5120|5126|5139|5143|5144|5156|5177|5180|5192|5205|5225|5227|5229|5231|5249|5250|5268|5273|5275|5286|5301|5306|5313|5314|5317|5318|5323|5326|5327|5349|5353|5358|5359|5371|5378|5383|5384|5389|5400|5414|5431|5447|5452|5457|5468|5471|5478|5480|5489|5491|5518|5536|5537|5542|5559|5562|5565|5568|5574|5576|5603|5608|5609|5613|5636|5646|5648|5653|5657|5697|5698|5700|5706|5723|5725|5727|5743,372.5,True
instance_0007.txt,af_useful_order-null_prune-multi,1198,4,721,6057|4795|3182|2823|1097|2620|2085|6087|6660|6300|8258|4985|1478|1387|1818|1496|2721|7572|6070|263|4134|6436|7475|4481|5330|7670|3763|7463|3647|1455|4476|6987|3665|425|3978|7204|6737|631|2921|4479|4464|924|2865|440|634|2063|6121|1443|3984|4576|3813|5747|4215|1736|1511|3113|7173|1959|7360|7911|964|2064|5761|8156|1462|6540|8022|4909|635|2952|5789|5758|2172|3504|1288|7284|7654|1144|4986|4230|4452|1473|8297|661|2876|7960|8104|493|7973|8141|4317|993|7407|7612|4581|3390|6317|7846|3839|7952|2123|2540|6909|4516|8056|798|3081|4341|2885|7916|7633|3259|2159|3021|7213|5615|2709|1417|149|4546|5325|3363|6495|6140|408|2737|1544|2381|1545|3917|6193|1468|2857|1769|480|2544|6557|1881|3786|4637|6976|5017|1747|29|2912|7061|7901|6379|7876|1679|2566|7659|1342|1864|261|4824|4338|912|5097|5867|7093|7291|5441|4511|7665|639|5063|7384|5245|4977|5265|5915|531|3931|2363|7847|5139|8275|2263|2839|5833|2887|7134|8184|5935|4976|7953|6378|4440|2395|4178|5752|7336|6669|2003|2587|2108|2438|6111|2079|8269|7668|4255|5339|3591|1791|3889|6788|6104|1102|2413|3826|3506|8082|7775|6293|1594|2215|6520|3944|5805|6180|6842|5457|1069|8035|396|2902|1268|2010|516|1871|6038|7298|2485|3348|7746|2225|5846|2285|522|4482|5860|5473|6679|2258|33|2009|2444|5378|8207|4753|3385|8185|2087|4978|2525|7679|4053|2532|5678|4020|6818|6262|32|1944|5695|5426|8059|296|3722|823|1277|7996|8080|607|4983|2903|5238|4665|7382|2219|6962|7009|8183|7120|6440|764|4504|4029|2910|1170|1728|3824|4194|3332|7058|5813|2370|6907|427|519|1820|6464|4611|8139|660|1017|1057|5004|1994|6882|4081|6901|7798|6358|7386|3923|1503|2615|6351|2390|7741|5400|3058|5819|7508|3977|1877|4718|1502|3452|290|2996|6883|6076|2414|7729|5219|8254|2332|245|3171|5928|6227|5692|600|4288|992|5961|2968|2861|8076|1132|5612|6095|1681|4946|6014|2866|3788|5856|7025|1600|8042|2850|2255|4110|1204|2670|7406|7288|6177|5401|7332|3799|6538|3728|6830|7109|1615|3355|6810|4608|6245|2316|4962|6113|781|7051|2307|6942|5096|7208|6237|4436|2422|7383|1129|1406|3870|2277|7175|4189|1809|3588|6256|143|7700|4761|554|2298|587|8261|7723|1253|1278|954|6222|4528|4535|719|3915|5811|8152|4551|827|7268|7935|5835|3899|8110|5516|6482|5156|429|5007|2625|1765|4063|7063|4274|3077|4957|4647|7409|7839|2145|4174|6755|1919|1878|2993|4515|2617|3306|2417|5568|3002|7618|1709|5160|757|5646|1970|588|4993|4869|846|3843|663|242|1245|3767|5553|726|2423|170|5188|1176|6316|1836|4373|7988|7453|4892|4722|7719|1029|8273|6028|2900|1813|1034|4172|8157|1579|5211|3887|5630|6449|3782|2641|7378|479|3976|8173|8264|7186|2351|5609|1312|4755|5745|415|3345|4245|3957|4165|4415|5303|1195|4808|1724|6672|2690|5826|7931|1803|2070|2288|5439|1341|4686|4010|5519|2075|1175|7338|3754|3958|5972|4731|2115|6413|4271|3704|6204|6931|3733|3280|2806|6771|3573|8171|6783|3519|7522|3717|5049|6752|1269|3863|5404|6967|5150|7389|1862|4872|4651|3518|58|6277|436|5323|6455|1261|7944|6393|8162|2719|5697|7429|6400|1214|1993|2680|1680|5934|1870|1026|762|4604|1738|3464|4572|645|6635|7677|771|5409|893|8288|6895|2046|1208|2299|3331|1619|2260|7184|303|6098|309|413|555|2881|6490|4614|2375|605|497|6941|6509|5333|8129|496|2383|91|6700|6945|5275|6659|6481|1151|718|3121|7576|7190|486|7014|5906|4885|688|3009|3743|7404|2791|7060|7922|5261|3925|1414|4805|854|7925|2550|6984|704|6799|4495|2491|4090|2995|8106|3213|7673|3606|4646|4022|3849|3883|7581|1672|6846|7543|6865|1307|6078|4836|5834|4720|6633|40|120|5399|3860|3325|4254|7422|4684|7119|3644|2521|2832|683|5218|3300|2960|4550|4767|7577|225|1651|6891|6412|1079|3199|5413|1153|909|8012|71|2607|6217|4213|4175|2783|2803|5356|5140|4591|4486|5749|1018|7318|6009|1609|5320|7473|6578|6756|7644|5689|8208|549|7319|162|8048|8020|5956|7306|1074|1272|383|192|1695|1470|8266|6726|6870|2630|4258|8179|1892|3890|7699|1888|4791|2505|2793|1547|6313|1533|514|5575|6142|6330|3474|3247|3950|5794|326|2264|8235|8118|3427|2372|1858|6112|8043|6928|8294|3447|6546|788|3285|2014|1831|7689|1389|5787|4326|603|1327|523|5753|989|4523|2296|6458|2203|6790|5328|5076|5264|7498|2224|5423|1510|2618|6363|1483|1242|7567|5001|5659|1800|7658|1934|7946|3160|6475|1117|1250|4095|6580|5772|3560|2779|5495|4741|2200|6439|6929|7602|2816|7171|4157|2419|3999|8054|158|7571|2059|881|1693|2104|8180|2456|5922|2588|7430|3901|5941|5760|739|2357|524|3025|4668|2295|7739|6851|2502|1360|6784|6701|5092|6740|6089|6232|2674|8272|5243|24|5066|3740|1244|7510|7104|5508|5506|7218|8109|1501|633|3337|3738|1998|2799|1671|3531|5944|3989|5191|4428|2078|3309|6953|6742|2057|595|4679|4379|5774|269|3731|6959|606|3710|3319|1355|6629|5459|5775|8177|334|1688|3781|2074|7806|3811|4553|7663|5013|4625|8206|5414|2323|3945|7552|5768|682|7259|3204|6100|4682|7344|2311|5977|467|1411|2483|4333|7005|4049|972|297|5365|7844|2399|3228|8229|6522|7672|3835|2919|4601|6406|5222|5141|3663|7704|1777|5419|4100|2167|5576|3910|7102|2039|7323|2896|6062|4419|8228|8191|1056|5103|8305|5147|3858|1613|7959|8218|4894|2024|6939|917|3324|8002|7814|6046|5341|5488|6584|1746|3379|1409|897|445|5011|7125|249|1778|3243|833|4079|7838|8031|4179|6348|7212|3879|6154|2125|1041|6390|748|3841|1161|1667|5327|7793|5430|3286|2031|7900|4243|3973|3497|1586|4969|5177|4585|3877|7210|2742|3554|2392|3133|5631|5585|6913|4838|3659|2480|182|4882|3771|904|1861|7156|5217|1172|5938|3699|3501|4688|3563|31|5046|3394|3263|2032|852|265|7067|1133|701|6848|5978|1299|2819|3462|5462|586|1697|761|5392|5812|6160|206|2208|6750|3526|254|5105|7630|7489|1488|744|5003|5513|7181|2406|1988|8041|3472|6686|7941|839|7753|3196|0|4473|3420|1311|7487|7328|4509|185|7397|7564|2468|1655|5786|4994|7599|1536|1743|1303|2132|3448|2613|6209|1576|4188|699|1701|1094|1755|7593|3956|4575|5231|364|3991|8164|916|8057|6821|2781|4569|150|6535|4348|2121|2537|5491|5466|4844|4072|1887|8092|2979|2282|3936|4065|3933|3095|7270|7716|1291|7262|7026|1684|5348|2611|5561|7538|2301|2524|988|632|6081|5180|3837|2168|4950|6572|5405|4301|110|3666|1827|6627|2576|619|4062|4232|2130|5167|1550|1835|6200|6218,22|115|41|84,1|2|8|11|23|31|44|45|61|63|79|82|84|85|86|95|147|148|155|156|160|174|181|185|207|210|213|215|222|225|229|232|235|239|250|251|252|253|261|263|277|282|283|285|291|296|297|305|309|317|320|327|332|337|338|345|349|361|372|378|380|383|386|395|402|406|421|423|427|430|440|446|462|463|469|476|491|501|517|520|525|529|535|549|558|564|583|586|587|590|595|609|610|634|639|649|650|655|664|667|681|687|698|699|703|717|726|742|744|758|762|783|784|802|820|824|832|834|853|861|867|870|886|908|917|925|931|945|966|973|990|1009|1011|1014|1019|1028|1053|1063|1065|1082|1103|1107|1109|1113|1114|1119|1128|1135|1146|1148|1159|1160|1163|1170|1179|1181|1190|1199|1227|1238|1248|1249|1277|1279|1292|1293|1302|1308|1316|1320|1323|1327|1342|1345|1361|1366|1382|1386|1395|1410|1414|1417|1427|1429|1470|1478|1479|1485|1529|1546|1547|1548|1556|1560|1562|1566|1573|1577|1583|1601|1603|1608|1610|1614|1616|1639|1641|1645|1648|1649|1652|1656|1661|1665|1667|1670|1683|1704|1723|1724|1728|1743|1754|1756|1766|1781|1788|1796|1810|1821|1860|1863|1879|1893|1917|1923|1941|1956|1990|1991|2000|2001|2007|2016|2017|2023|2024|2033|2040|2042|2061|2079|2110|2124|2129|2130|2144|2151|2161|2163|2169|2178|2192|2194|2196|2206|2213|2214|2226|2232|2236|2241|2244|2255|2267|2271|2278|2288|2302|2308|2325|2327|2332|2338|2347|2363|2372|2373|2380|2383|2386|2394|2402|2405|2407|2413|2419|2422|2423|2426|2458|2459|2465|2479|2487|2489|2490|2496|2501|2507|2511|2535|2536|2552|2557|2563|2578|2583|2592|2595|2596|2603|2610|2614|2616|2623|2632|2640|2643|2649|2660|2675|2682|2686|2688|2706|2708|2710|2713|2755|2758|2765|2773|2775|2790|2792|2802|2813|2817|2822|2838|2841|2851|2868|2878|2879|2882|2895|2901|2913|2915|2916|2932|2938|2941|2944|2951|2968|2971|2978|2986|2993|2999|3003|3010|3023|3049|3055|3058|3062|3063|3065|3066|3072|3082|3113|3118|3129|3131|3147|3150|3159|3166|3171|3199|3211|3216|3220|3235|3240|3244|3251|3268|3270|3338|3341|3347|3349|3371|3375|3376|3392|3398|3400|3401|3402|3415|3427|3428|3432|3434|3443|3458|3459|3462|3471|3487|3492|3506|3513|3523|3526|3527|3532|3540|3543|3559|3566|3567|3586|3588|3595|3598|3604|3607|3609|3616|3633|3634|3643|3644|3648|3673|3680|3690|3691|3698|3709|3724|3726|3730|3739|3764|3782|3787|3798|3800|3803|3804|3831|3834|3838|3846|3847|3850|3855|3860|3864|3872|3875|3904|3906|3909|3918|3931|3937|3949|3956|3957|3958|3963|3977|3984|3990|4008|4014|4016|4026|4027|4028|4032|4036|4044|4056|4060|4061|4070|4071|4073|4075|4079|4090|4091|4094|4096|4103|4115|4118|4119|4133|4135|4136|4140|4148|4168|4175|4186|4193|4198|4202|4204|4205|4216|4221|4230|4232|4236|4237|4242|4251|4259|4263|4265|4267|4286|4301|4308|4312|4316|4321|4331|4338|4354|4356|4361|4368|4369|4375|4377|4387|4390|4398|4404|4409|4417|4439|4442|4446|4458|4478|4480|4483|4490|4502|4503|4517|4524|4525|4529|4539|4542|4544|4555|4560|4568|4571|4576|4579|4594|4596|4632|4636|4646|4651|4654|4664|4668|4670|4675|4676|4678|4706|4725|4727|4734|4741|4744|4753|4775|4788|4800|4806|4845|4846|4866|4871|4879|4888|4891|4893|4896|4926|4929|4933|4941|4963|4966|4968|5009|5014|5019|5033|5042|5047|5060|5061|5071|5076|5079|5086|5090|5095|5109|5116|5120|5126|5139|5143|5144|5156|5177|5180|5192|5205|5225|5227|5229|5231|5249|5250|5268|5273|5275|5286|5301|5306|5313|5314|5317|5318|5323|5326|5327|5349|5353|5358|5359|5371|5378|5383|5384|5389|5400|5414|5431|5447|5452|5457|5468|5471|5478|5480|5489|5491|5518|5536|5537|5542|5559|5562|5565|5568|5574|5576|5603|5608|5609|5613|5636|5646|5648|5653|5657|5697|5698|5700|5706|5723|5725|5727|5743,372.5,True
instance_0007.txt,afe_useful_order-desc_prune-multi,1198,4,721,0|24|29|31|32|40|58|71|91|110|120|149|150|162|170|182|185|192|206|225|242|245|249|254|261|263|265|269|290|296|297|303|309|326|334|364|383|396|408|413|425|427|429|436|440|445|467|479|480|486|493|496|497|514|516|519|522|523|524|531|549|554|586|587|588|595|600|603|605|606|607|619|631|632|633|634|635|639|645|661|663|682|683|688|699|701|704|718|719|726|744|748|757|762|764|771|781|788|823|827|833|839|846|852|854|881|893|897|904|909|912|916|917|954|964|972|988|989|992|993|1017|1018|1026|1029|1033|1034|1041|1056|1057|1069|1074|1079|1081|1094|1097|1102|1117|1129|1132|1133|1144|1151|1153|1161|1170|1172|1175|1176|1195|1204|1208|1214|1242|1244|1245|1250|1253|1261|1268|1269|1272|1277|1278|1288|1291|1299|1303|1307|1311|1312|1327|1341|1355|1360|1387|1389|1406|1409|1411|1414|1417|1443|1455|1462|1468|1470|1478|1483|1488|1496|1501|1502|1503|1510|1511|1533|1536|1544|1545|1547|1550|1576|1579|1586|1600|1609|1613|1615|1619|1651|1655|1667|1671|1672|1674|1679|1680|1681|1684|1688|1693|1695|1697|1701|1709|1724|1728|1736|1738|1743|1746|1747|1755|1765|1769|1777|1778|1791|1800|1803|1809|1813|1820|1827|1831|1835|1836|1842|1858|1861|1862|1864|1871|1877|1878|1887|1888|1892|1919|1934|1944|1959|1970|1988|1993|1994|1998|2003|2009|2010|2014|2024|2031|2032|2039|2046|2057|2059|2063|2064|2070|2074|2075|2078|2085|2087|2104|2108|2115|2121|2125|2130|2132|2145|2159|2167|2168|2172|2200|2203|2208|2215|2219|2224|2225|2255|2258|2260|2263|2264|2277|2282|2285|2288|2295|2296|2298|2299|2301|2307|2311|2316|2323|2332|2351|2357|2363|2372|2375|2381|2383|2390|2392|2395|2399|2406|2413|2417|2419|2422|2423|2438|2444|2456|2468|2480|2483|2485|2491|2502|2505|2521|2524|2525|2532|2537|2540|2544|2550|2566|2576|2587|2588|2607|2611|2613|2615|2617|2618|2620|2625|2630|2641|2670|2674|2680|2690|2709|2719|2721|2737|2742|2779|2781|2783|2791|2793|2799|2803|2806|2816|2819|2832|2839|2850|2857|2860|2861|2865|2876|2881|2885|2887|2896|2900|2903|2910|2919|2921|2952|2960|2968|2979|2993|2995|2996|3000|3002|3009|3021|3025|3058|3077|3081|3095|3121|3133|3160|3171|3182|3196|3199|3204|3213|3228|3243|3247|3259|3263|3280|3285|3286|3300|3306|3314|3319|3324|3325|3331|3332|3337|3345|3348|3355|3363|3379|3385|3390|3394|3420|3427|3447|3448|3452|3462|3464|3472|3474|3497|3501|3504|3518|3519|3526|3531|3554|3560|3563|3573|3588|3591|3606|3644|3647|3659|3663|3665|3666|3699|3704|3710|3717|3722|3731|3733|3738|3740|3743|3754|3763|3767|3771|3781|3782|3786|3788|3799|3811|3813|3824|3826|3835|3837|3841|3843|3849|3858|3860|3863|3870|3877|3879|3883|3887|3889|3890|3901|3910|3915|3917|3923|3925|3931|3933|3936|3944|3945|3950|3956|3957|3958|3973|3976|3977|3978|3984|3989|3991|3999|4010|4020|4022|4029|4049|4053|4062|4063|4065|4072|4079|4090|4095|4100|4110|4134|4157|4165|4172|4174|4175|4178|4179|4188|4189|4194|4213|4215|4230|4232|4243|4245|4254|4255|4258|4271|4274|4288|4301|4312|4317|4326|4333|4338|4341|4348|4373|4379|4415|4419|4436|4440|4452|4464|4473|4476|4481|4482|4486|4495|4504|4509|4511|4515|4516|4523|4528|4535|4546|4550|4551|4553|4569|4572|4575|4576|4581|4585|4591|4601|4604|4608|4611|4614|4625|4628|4637|4646|4647|4651|4665|4668|4679|4682|4684|4686|4688|4718|4720|4722|4731|4741|4744|4753|4755|4761|4767|4778|4791|4795|4805|4808|4816|4824|4836|4838|4844|4846|4869|4872|4882|4885|4892|4894|4946|4950|4957|4962|4969|4976|4977|4978|4983|4985|4986|4993|4994|5001|5003|5004|5007|5011|5013|5017|5046|5049|5063|5066|5076|5092|5096|5097|5103|5105|5139|5140|5141|5147|5150|5156|5160|5167|5177|5180|5188|5191|5211|5217|5218|5219|5222|5231|5238|5243|5245|5261|5264|5265|5275|5276|5295|5303|5320|5323|5325|5327|5328|5333|5339|5341|5348|5356|5365|5378|5392|5399|5400|5401|5404|5405|5409|5413|5414|5419|5423|5426|5430|5439|5441|5457|5459|5462|5466|5473|5488|5491|5495|5506|5508|5513|5516|5519|5553|5561|5568|5575|5576|5585|5612|5615|5630|5631|5646|5659|5664|5669|5678|5686|5689|5692|5695|5697|5745|5747|5749|5752|5753|5758|5760|5761|5768|5772|5774|5775|5786|5787|5789|5794|5805|5811|5812|5813|5819|5826|5833|5834|5835|5846|5856|5860|5867|5887|5906|5915|5919|5922|5928|5934|5935|5938|5941|5944|5956|5961|5972|5977|5978|6009|6014|6028|6038|6046|6057|6062|6070|6076|6078|6081|6087|6089|6095|6098|6100|6104|6111|6112|6113|6121|6140|6142|6154|6160|6177|6180|6193|6200|6204|6209|6217|6218|6222|6227|6232|6237|6245|6256|6262|6277|6293|6313|6316|6317|6330|6348|6351|6358|6363|6378|6379|6390|6393|6400|6406|6412|6413|6436|6439|6440|6449|6451|6455|6458|6464|6475|6481|6482|6490|6495|6509|6520|6522|6535|6538|6540|6546|6557|6572|6580|6584|6627|6629|6633|6635|6659|6660|6669|6672|6679|6686|6700|6701|6726|6737|6740|6742|6750|6752|6755|6756|6771|6783|6784|6788|6790|6799|6810|6818|6821|6830|6842|6846|6848|6851|6864|6865|6870|6882|6883|6891|6895|6901|6904|6907|6909|6913|6928|6929|6931|6939|6941|6942|6945|6953|6959|6962|6967|6976|6984|6987|7005|7009|7014|7025|7026|7051|7058|7060|7061|7063|7067|7093|7102|7104|7109|7119|7125|7134|7156|7171|7173|7175|7181|7184|7186|7190|7204|7208|7210|7212|7213|7218|7259|7260|7262|7265|7268|7270|7276|7284|7291|7298|7306|7318|7319|7323|7328|7332|7336|7338|7344|7360|7378|7382|7383|7384|7386|7389|7397|7404|7406|7407|7409|7422|7426|7429|7430|7440|7453|7463|7473|7475|7482|7487|7489|7498|7508|7510|7522|7538|7543|7552|7554|7564|7567|7571|7572|7576|7577|7581|7588|7593|7599|7602|7612|7618|7630|7633|7644|7654|7658|7659|7663|7665|7668|7670|7672|7673|7677|7679|7689|7699|7700|7704|7714|7716|7719|7723|7729|7739|7741|7746|7753|7775|7793|7798|7806|7814|7838|7839|7844|7846|7847|7876|7900|7901|7911|7916|7922|7925|7931|7933|7935|7941|7942|7943|7944|7946|7952|7953|7959|7960|7973|7988|7996|8002|8012|8020|8022|8031|8033|8035|8041|8042|8043|8048|8054|8056|8057|8059|8076|8080|8082|8092|8104|8106|8109|8110|8118|8129|8139|8141|8144|8152|8156|8157|8162|8164|8171|8173|8177|8179|8180|8183|8184|8185|8191|8206|8207|8208|8218|8223|8228|8229|8235|8243|8244|8254|8258|8261|8264|8266|8269|8272|8273|8275|8288|8294|8297|8305,22|115|41|84,1|2|8|11|23|31|44|45|61|63|79|82|84|85|86|95|147|148|155|156|160|174|181|185|207|210|213|215|222|225|229|232|235|239|250|251|252|253|261|263|277|282|283|285|291|296|297|305|309|317|320|327|332|337|338|345|349|361|372|378|380|383|386|395|402|406|421|423|427|430|440|446|462|463|469|476|491|501|517|520|525|529|535|549|558|564|583|586|587|590|595|609|610|634|639|649|650|655|664|667|681|687|698|699|703|717|726|742|744|758|762|783|784|802|820|824|832|834|853|861|867|870|886|908|917|925|931|945|966|973|990|1009|1011|1014|1019|1028|1053|1063|1065|1082|1103|1107|1109|1113|1114|1119|1128|1135|1146|1148|1159|1160|1163|1170|1179|1181|1190|1199|1227|1238|1248|1249|1277|1279|1292|1293|1302|1308|1316|1320|1323|1327|1342|1345|1361|1366|1382|1386|1395|1410|1414|1417|1427|1429|1470|1478|1479|1485|1529|1546|1547|1548|1556|1560|1562|1566|1573|1577|1583|1601|1603|1608|1610|1614|1616|1639|1641|1645|1648|1649|1652|1656|1661|1665|1667|1670|1683|1704|1723|1724|1728|1743|1754|1756|1766|1781|1788|1796|1810|1821|1860|1863|1879|1893|1917|1923|1941|1956|1990|1991|2000|2001|2007|2016|2017|2023|2024|2033|2040|2042|2061|2079|2110|2124|2129|2130|2144|2151|2161|2163|2169|2178|2192|2194|2196|2206|2213|2214|2226|2232|2236|2241|2244|2255|2267|2271|2278|2288|2302|2308|2325|2327|2332|2338|2347|2363|2372|2373|2380|2383|2386|2394|2402|2405|2407|2413|2419|2422|2423|2426|2458|2459|2465|2479|2487|2489|2490|2496|2501|2507|2511|2535|2536|2552|2557|2563|2578|2583|2592|2595|2596|2603|2610|2614|2616|2623|2632|2640|2643|2649|2660|2675|2682|2686|2688|2706|2708|2710|2713|2755|2758|2765|2773|2775|2790|2792|2802|2813|2817|2822|2838|2841|2851|2868|2878|2879|2882|2895|2901|2913|2915|2916|2932|2938|2941|2944|2951|2968|2971|2978|2986|2993|2999|3003|3010|3023|3049|3055|3058|3062|3063|3065|3066|3072|3082|3113|3118|3129|3131|3147|3150|3159|3166|3171|3199|3211|3216|3220|3235|3240|3244|3251|3268|3270|3338|3341|3347|3349|3371|3375|3376|3392|3398|3400|3401|3402|3415|3427|3428|3432|3434|3443|3458|3459|3462|3471|3487|3492|3506|3513|3523|3526|3527|3532|3540|3543|3559|3566|3567|3586|3588|3595|3598|3604|3607|3609|3616|3633|3634|3643|3644|3648|3673|3680|3690|3691|3698|3709|3724|3726|3730|3739|3764|3782|3787|3798|3800|3803|3804|3831|3834|3838|3846|3847|3850|3855|3860|3864|3872|3875|3904|3906|3909|3918|3931|3937|3949|3956|3957|3958|3963|3977|3984|3990|4008|4014|4016|4026|4027|4028|4032|4036|4044|4056|4060|4061|4070|4071|4073|4075|4079|4090|4091|4094|4096|4103|4115|4118|4119|4133|4135|4136|4140|4148|4168|4175|4186|4193|4198|4202|4204|4205|4216|4221|4230|4232|4236|4237|4242|4251|4259|4263|4265|4267|4286|4301|4308|4312|4316|4321|4331|4338|4354|4356|4361|4368|4369|4375|4377|4387|4390|4398|4404|4409|4417|4439|4442|4446|4458|4478|4480|4483|4490|4502|4503|4517|4524|4525|4529|4539|4542|4544|4555|4560|4568|4571|4576|4579|4594|4596|4632|4636|4646|4651|4654|4664|4668|4670|4675|4676|4678|4706|4725|4727|4734|4741|4744|4753|4775|4788|4800|4806|4845|4846|4866|4871|4879|4888|4891|4893|4896|4926|4929|4933|4941|4963|4966|4968|5009|5014|5019|5033|5042|5047|5060|5061|5071|5076|5079|5086|5090|5095|5109|5116|5120|5126|5139|5143|5144|5156|5177|5180|5192|5205|5225|5227|5229|5231|5249|5250|5268|5273|5275|5286|5301|5306|5313|5314|5317|5318|5323|5326|5327|5349|5353|5358|5359|5371|5378|5383|5384|5389|5400|5414|5431|5447|5452|5457|5468|5471|5478|5480|5489|5491|5518|5536|5537|5542|5559|5562|5565|5568|5574|5576|5603|5608|5609|5613|5636|5646|5648|5653|5657|5697|5698|5700|5706|5723|5725|5727|5743,372.5,True
instance_0007.txt,afe_useful_order-null_prune-multi,1198,4,721,0|24|29|31|32|40|58|71|91|110|120|149|150|162|170|182|185|192|206|225|242|245|249|254|261|263|265|269|290|296|297|303|309|326|334|364|383|396|408|413|425|427|429|436|440|445|467|479|480|486|493|496|497|514|516|519|522|523|524|531|549|554|586|587|588|595|600|603|605|606|607|619|631|632|633|634|635|639|645|661|663|682|683|688|699|701|704|718|719|726|744|748|757|762|764|771|781|788|823|827|833|839|846|852|854|881|893|897|904|909|912|916|917|954|964|972|988|989|992|993|1017|1018|1026|1029|1033|1034|1041|1056|1057|1069|1074|1079|1081|1094|1097|1102|1117|1129|1132|1133|1144|1151|1153|1161|1170|1172|1175|1176|1195|1204|1208|1214|1242|1244|1245|1250|1253|1261|1268|1269|1272|1277|1278|1288|1291|1299|1303|1307|1311|1312|1327|1341|1355|1360|1387|1389|1406|1409|1411|1414|1417|1443|1455|1462|1468|1470|1478|1483|1488|1496|1501|1502|1503|1510|1511|1533|1536|1544|1545|1547|1550|1576|1579|1586|1600|1609|1613|1615|1619|1651|1655|1667|1671|1672|1674|1679|1680|1681|1684|1688|1693|1695|1697|1701|1709|1724|1728|1736|1738|1743|1746|1747|1755|1765|1769|1777|1778|1791|1800|1803|1809|1813|1820|1827|1831|1835|1836|1842|1858|1861|1862|1864|1871|1877|1878|1887|1888|1892|1919|1934|1944|1959|1970|1988|1993|1994|1998|2003|2009|2010|2014|2024|2031|2032|2039|2046|2057|2059|2063|2064|2070|2074|2075|2078|2085|2087|2104|2108|2115|2121|2125|2130|2132|2145|2159|2167|2168|2172|2200|2203|2208|2215|2219|2224|2225|2255|2258|2260|2263|2264|2277|2282|2285|2288|2295|2296|2298|2299|2301|2307|2311|2316|2323|2332|2351|2357|2363|2372|2375|2381|2383|2390|2392|2395|2399|2406|2413|2417|2419|2422|2423|2438|2444|2456|2468|2480|2483|2485|2491|2502|2505|2521|2524|2525|2532|2537|2540|2544|2550|2566|2576|2587|2588|2607|2611|2613|2615|2617|2618|2620|2625|2630|2641|2670|2674|2680|2690|2709|2719|2721|2737|2742|2779|2781|2783|2791|2793|2799|2803|2806|2816|2819|2832|2839|2850|2857|2860|2861|2865|2876|2881|2885|2887|2896|2900|2903|2910|2919|2921|2952|2960|2968|2979|2993|2995|2996|3000|3002|3009|3021|3025|3058|3077|3081|3095|3121|3133|3160|3171|3182|3196|3199|3204|3213|3228|3243|3247|3259|3263|3280|3285|3286|3300|3306|3314|3319|3324|3325|3331|3332|3337|3345|3348|3355|3363|3379|3385|3390|3394|3420|3427|3447|3448|3452|3462|3464|3472|3474|3497|3501|3504|3518|3519|3526|3531|3554|3560|3563|3573|3588|3591|3606|3644|3647|3659|3663|3665|3666|3699|3704|3710|3717|3722|3731|3733|3738|3740|3743|3754|3763|3767|3771|3781|3782|3786|3788|3799|3811|3813|3824|3826|3835|3837|3841|3843|3849|3858|3860|3863|3870|3877|3879|3883|3887|3889|3890|3901|3910|3915|3917|3923|3925|3931|3933|3936|3944|3945|3950|3956|3957|3958|3973|3976|3977|3978|3984|3989|3991|3999|4010|4020|4022|4029|4049|4053|4062|4063|4065|4072|4079|4090|4095|4100|4110|4134|4157|4165|4172|4174|4175|4178|4179|4188|4189|4194|4213|4215|4230|4232|4243|4245|4254|4255|4258|4271|4274|4288|4301|4312|4317|4326|4333|4338|4341|4348|4373|4379|4415|4419|4436|4440|4452|4464|4473|4476|4481|4482|4486|4495|4504|4509|4511|4515|4516|4523|4528|4535|4546|4550|4551|4553|4569|4572|4575|4576|4581|4585|4591|4601|4604|4608|4611|4614|4625|4628|4637|4646|4647|4651|4665|4668|4679|4682|4684|4686|4688|4718|4720|4722|4731|4741|4744|4753|4755|4761|4767|4778|4791|4795|4805|4808|4816|4824|4836|4838|4844|4846|4869|4872|4882|4885|4892|4894|4946|4950|4957|4962|4969|4976|4977|4978|4983|4985|4986|4993|4994|5001|5003|5004|5007|5011|5013|5017|5046|5049|5063|5066|5076|5092|5096|5097|5103|5105|5139|5140|5141|5147|5150|5156|5160|5167|5177|5180|5188|5191|5211|5217|5218|5219|5222|5231|5238|5243|5245|5261|5264|5265|5275|5276|5295|5303|5320|5323|5325|5327|5328|5333|5339|5341|5348|5356|5365|5378|5392|5399|5400|5401|5404|5405|5409|5413|5414|5419|5423|5426|5430|5439|5441|5457|5459|5462|5466|5473|5488|5491|5495|5506|5508|5513|5516|5519|5553|5561|5568|5575|5576|5585|5612|5615|5630|5631|5646|5659|5664|5669|5678|5686|5689|5692|5695|5697|5745|5747|5749|5752|5753|5758|5760|5761|5768|5772|5774|5775|5786|5787|5789|5794|5805|5811|5812|5813|5819|5826|5833|5834|5835|5846|5856|5860|5867|5887|5906|5915|5919|5922|5928|5934|5935|5938|5941|5944|5956|5961|5972|5977|5978|6009|6014|6028|6038|6046|6057|6062|6070|6076|6078|6081|6087|6089|6095|6098|6100|6104|6111|6112|6113|6121|6140|6142|6154|6160|6177|6180|6193|6200|6204|6209|6217|6218|6222|6227|6232|6237|6245|6256|6262|6277|6293|6313|6316|6317|6330|6348|6351|6358|6363|6378|6379|6390|6393|6400|6406|6412|6413|6436|6439|6440|6449|6451|6455|6458|6464|6475|6481|6482|6490|6495|6509|6520|6522|6535|6538|6540|6546|6557|6572|6580|6584|6627|6629|6633|6635|6659|6660|6669|6672|6679|6686|6700|6701|6726|6737|6740|6742|6750|6752|6755|6756|6771|6783|6784|6788|6790|6799|6810|6818|6821|6830|6842|6846|6848|6851|6864|6865|6870|6882|6883|6891|6895|6901|6904|6907|6909|6913|6928|6929|6931|6939|6941|6942|6945|6953|6959|6962|6967|6976|6984|6987|7005|7009|7014|7025|7026|7051|7058|7060|7061|7063|7067|7093|7102|7104|7109|7119|7125|7134|7156|7171|7173|7175|7181|7184|7186|7190|7204|7208|7210|7212|7213|7218|7259|7260|7262|7265|7268|7270|7276|7284|7291|7298|7306|7318|7319|7323|7328|7332|7336|7338|7344|7360|7378|7382|7383|7384|7386|7389|7397|7404|7406|7407|7409|7422|7426|7429|7430|7440|7453|7463|7473|7475|7482|7487|7489|7498|7508|7510|7522|7538|7543|7552|7554|7564|7567|7571|7572|7576|7577|7581|7588|7593|7599|7602|7612|7618|7630|7633|7644|7654|7658|7659|7663|7665|7668|7670|7672|7673|7677|7679|7689|7699|7700|7704|7714|7716|7719|7723|7729|7739|7741|7746|7753|7775|7793|7798|7806|7814|7838|7839|7844|7846|7847|7876|7900|7901|7911|7916|7922|7925|7931|7933|7935|7941|7942|7943|7944|7946|7952|7953|7959|7960|7973|7988|7996|8002|8012|8020|8022|8031|8033|8035|8041|8042|8043|8048|8054|8056|8057|8059|8076|8080|8082|8092|8104|8106|8109|8110|8118|8129|8139|8141|8144|8152|8156|8157|8162|8164|8171|8173|8177|8179|8180|8183|8184|8185|8191|8206|8207|8208|8218|8223|8228|8229|8235|8243|8244|8254|8258|8261|8264|8266|8269|8272|8273|8275|8288|8294|8297|8305,22|115|41|84,1|2|8|11|23|31|44|45|61|63|79|82|84|85|86|95|147|148|155|156|160|174|181|185|207|210|213|215|222|225|229|232|235|239|250|251|252|253|261|263|277|282|283|285|291|296|297|305|309|317|320|327|332|337|338|345|349|361|372|378|380|383|386|395|402|406|421|423|427|430|440|446|462|463|469|476|491|501|517|520|525|529|535|549|558|564|583|586|587|590|595|609|610|634|639|649|650|655|664|667|681|687|698|699|703|717|726|742|744|758|762|783|784|802|820|824|832|834|853|861|867|870|886|908|917|925|931|945|966|973|990|1009|1011|1014|1019|1028|1053|1063|1065|1082|1103|1107|1109|1113|1114|1119|1128|1135|1146|1148|1159|1160|1163|1170|1179|1181|1190|1199|1227|1238|1248|1249|1277|1279|1292|1293|1302|1308|1316|1320|1323|1327|1342|1345|1361|1366|1382|1386|1395|1410|1414|1417|1427|1429|1470|1478|1479|1485|1529|1546|1547|1548|1556|1560|1562|1566|1573|1577|1583|1601|1603|1608|1610|1614|1616|1639|1641|1645|1648|1649|1652|1656|1661|1665|1667|1670|1683|1704|1723|1724|1728|1743|1754|1756|1766|1781|1788|1796|1810|1821|1860|1863|1879|1893|1917|1923|1941|1956|1990|1991|2000|2001|2007|2016|2017|2023|2024|2033|2040|2042|2061|2079|2110|2124|2129|2130|2144|2151|2161|2163|2169|2178|2192|2194|2196|2206|2213|2214|2226|2232|2236|2241|2244|2255|2267|2271|2278|2288|2302|2308|2325|2327|2332|2338|2347|2363|2372|2373|2380|2383|2386|2394|2402|2405|2407|2413|2419|2422|2423|2426|2458|2459|2465|2479|2487|2489|2490|2496|2501|2507|2511|2535|2536|2552|2557|2563|2578|2583|2592|2595|2596|2603|2610|2614|2616|2623|2632|2640|2643|2649|2660|2675|2682|2686|2688|2706|2708|2710|2713|2755|2758|2765|2773|2775|2790|2792|2802|2813|2817|2822|2838|2841|2851|2868|2878|2879|2882|2895|2901|2913|2915|2916|2932|2938|2941|2944|2951|2968|2971|2978|2986|2993|2999|3003|3010|3023|3049|3055|3058|3062|3063|3065|3066|3072|3082|3113|3118|3129|3131|3147|3150|3159|3166|3171|3199|3211|3216|3220|3235|3240|3244|3251|3268|3270|3338|3341|3347|3349|3371|3375|3376|3392|3398|3400|3401|3402|3415|3427|3428|3432|3434|3443|3458|3459|3462|3471|3487|3492|3506|3513|3523|3526|3527|3532|3540|3543|3559|3566|3567|3586|3588|3595|3598|3604|3607|3609|3616|3633|3634|3643|3644|3648|3673|3680|3690|3691|3698|3709|3724|3726|3730|3739|3764|3782|3787|3798|3800|3803|3804|3831|3834|3838|3846|3847|3850|3855|3860|3864|3872|3875|3904|3906|3909|3918|3931|3937|3949|3956|3957|3958|3963|3977|3984|3990|4008|4014|4016|4026|4027|4028|4032|4036|4044|4056|4060|4061|4070|4071|4073|4075|4079|4090|4091|4094|4096|4103|4115|4118|4119|4133|4135|4136|4140|4148|4168|4175|4186|4193|4198|4202|4204|4205|4216|4221|4230|4232|4236|4237|4242|4251|4259|4263|4265|4267|4286|4301|4308|4312|4316|4321|4331|4338|4354|4356|4361|4368|4369|4375|4377|4387|4390|4398|4404|4409|4417|4439|4442|4446|4458|4478|4480|4483|4490|4502|4503|4517|4524|4525|4529|4539|4542|4544|4555|4560|4568|4571|4576|4579|4594|4596|4632|4636|4646|4651|4654|4664|4668|4670|4675|4676|4678|4706|4725|4727|4734|4741|4744|4753|4775|4788|4800|4806|4845|4846|4866|4871|4879|4888|4891|4893|4896|4926|4929|4933|4941|4963|4966|4968|5009|5014|5019|5033|5042|5047|5060|5061|5071|5076|5079|5086|5090|5095|5109|5116|5120|5126|5139|5143|5144|5156|5177|5180|5192|5205|5225|5227|5229|5231|5249|5250|5268|5273|5275|5286|5301|5306|5313|5314|5317|5318|5323|5326|5327|5349|5353|5358|5359|5371|5378|5383|5384|5389|5400|5414|5431|5447|5452|5457|5468|5471|5478|5480|5489|5491|5518|5536|5537|5542|5559|5562|5565|5568|5574|5576|5603|5608|5609|5613|5636|5646|5648|5653|5657|5697|5698|5700|5706|5723|5725|5727|5743,372.5,True
instance_0008.txt,af_useful_order-desc_prune-multi,450,19,1116,451|514|535|185|110|252|1425|63|224|1832|944|2063|787|448|850|1394|1423|2034|29|745|1427|8|644|1196|1641|737|973|1849|19|247|782|1084|1869|1945|2004|429|977|313|818|1203|1972|125|1681|77|630|963|1127|1708|2002|2012|106|386|419|430|679|1107|1698|2172|189|345|469|552|661|713|772|1022|1105|1341|1463|1682|1719|1839|1859|2023|18|21|201|599|657|797|990|1020|1167|1197|1237|1388|1495|1705|1735|1739|1866|1978|297|306|329|628|747|895|1297|1500|1534|1699|1911|1933|2104|76|129|200|421|426|517|528|642|710|937|1024|1050|1078|1092|1154|1205|1327|1377|1657|1797|1964|2010|2183|91|117|178|323|531|559|574|714|733|756|872|1036|1037|1065|1080|1145|1231|1270|1308|1502|1668|1690|1773|1817|1867|1872|1894|1915|7|24|60|97|100|138|257|388|412|508|650|743|777|881|946|1011|1049|1063|1081|1113|1130|1221|1233|1284|1290|1381|1462|1512|1550|1554|1728|1942|12|15|40|57|81|158|236|273|304|320|382|401|405|415|423|485|551|572|580|594|597|643|705|715|754|869|879|979|986|1074|1085|1087|1132|1134|1147|1212|1219|1226|1257|1317|1379|1413|1445|1467|1506|1521|1571|1606|1611|1636|1729|1738|1740|1788|1823|1892|1914|1990|2001|2036|2041|2139|2143|2153|2169|2181|1|2|6|14|27|31|56|66|67|72|120|133|139|174|194|204|231|234|251|263|268|277|282|321|380|387|389|431|475|482|509|525|575|576|592|604|660|682|789|793|810|814|828|852|950|988|1000|1016|1041|1067|1083|1142|1171|1175|1215|1277|1285|1294|1312|1339|1343|1361|1362|1369|1415|1431|1447|1454|1466|1519|1544|1557|1589|1599|1632|1634|1700|1768|1812|1880|1921|1922|1947|1965|1970|1973|1997|2005|2146|2156|33|37|54|79|95|105|113|196|206|225|267|279|284|287|294|308|311|314|341|344|353|360|468|471|498|502|506|519|555|558|562|578|606|627|665|684|716|753|776|804|821|833|841|847|871|877|893|901|917|928|940|1007|1018|1038|1060|1070|1100|1109|1211|1234|1251|1273|1287|1325|1326|1345|1390|1396|1432|1438|1440|1465|1475|1478|1517|1560|1584|1592|1628|1642|1655|1672|1743|1755|1757|1771|1793|1803|1837|1850|1868|1901|1918|1920|1951|1980|1984|1995|2038|2046|2065|2094|2109|2111|2164|2166,84|136|99|20|32|44|47|4|19|163|111|81|7|151|138|96|114|60|72,1|3|7|8|9|19|24|28|34|38|42|50|56|58|59|62|65|73|81|84|87|90|91|93|102|103|106|108|113|115|117|122|125|126|129|132|134|135|147|158|162|175|177|183|187|192|193|201|202|205|207|209|213|214|215|226|230|231|238|242|255|302|305|306|313|315|320|326|328|333|334|343|350|352|355|359|360|368|386|390|392|400|403|406|407|411|413|422|424|436|445|448|449|464|465|474|475|482|487|497|505|520|523|524|525|535|540|562|576|581|584|592|600|603|608|609|612|615|617|644|650|651|652|654|656|659|662|668|676|677|680|696|702|704|708|728|729|733|734|745|752|754|757|758|760|763|764|773|775|776|778|782|784|792|796|799|807|808|811|828|832|834|838|839|861|869|876|883|891|893|895|898|899|901|909|912|915|916|927|929|930|939|941|944|947|948|949|953|957|960|962|974|981|993|1033|1037|1040|1044|1048|1051|1052|1056|1060|1062|1072|1078|1086|1091|1097|1103|1105|1106|1112|1116|1118|1123|1135|1143|1149|1155|1157|1159|1168|1180|1181|1190|1197|1210|1215|1225|1235|1238|1242|1245|1251|1257|1259|1261|1264|1267|1271|1273|1274|1275|1276|1277|1287|1292|1293|1298|1302|1310|1311|1321|1338|1344|1345|1349|1353|1354|1356|1360|1373|1374|1376|1377|1383|1397|1398|1407|1415|1423|1426|1431|1434|1438|1447|1450|1452|1457|1463|1464|1465|1471|1473|1477|1478|1479|1480|1482|1484|1491|1498|1502|1505|1513|1519|1520|1524|1525|1527|1529|1531|1537|1542|1546|1549|1559|1568|1572|1575|1578|1588|1594|1603|1606|1615|1620|1625|1626|1635|1642|1643|1656|1666|1669|1670|1671|1678|1679|1682|1689|1697|1699|1709|1711|1718|1720|1734|1741|1744|1745|1746|1747|1749|1754|1760|1761|1768|1769|1772|1780|1798|1801|1804|1805|1809|1811|1819|1825|1827|1830|1838|1840|1842|1843|1854|1855|1866|1876|1880|1883|1891|1897|1907|1912|1914|1915|1921|1922|1926|1927|1932|1934|1935|1937|1940|1942|1952|1954|1960|1963|1971|1979|1989|1998|2005|2007|2008|2018|2021|2023|2025|2028|2034|2040|2042|2047|2056|2057|2072|2073|2075|2081|2085|2091|2092|2096|2098|2102|2108|2114|2120|2130|2137|2138|2144|2147|2152|2153|2157|2164|2165|2171|2172|2175|2178|2181|2184|2185|2197|2204|2205|2207|2208|2221|2227|2228|2247|2252|2255|2257|2275|2277|2281|2282|2284|2293|2296|2303|2305|2317|2324|2325|2329|2341|2342|2344|2354|2358|2362|2374|2385|2392|2397|2402|2408|2422|2432|2436|2438|2445|2446|2461|2465|2468|2473|2488|2489|2499|2502|2510|2526|2538|2540|2541|2542|2543|2546|2547|2548|2561|2576|2581|2591|2595|2597|2598|2600|2602|2605|2617|2621|2623|2625|2629|2637|2639|2643|2645|2658|2663|2665|2667|2668|2672|2678|2680|2682|2685|2689|2690|2694|2695|2696|2699|2705|2710|2711|2714|2726|2736|2738|2742|2754|2770|2771|2794|2797|2803|2820|2821|2835|2843|2845|2848|2855|2857|2860|2870|2872|2876|2877|2885|2886|2891|2902|2912|2924|2926|2933|2934|2939|2941|2943|2948|2950|2953|2963|2979|2981|2991|2993|3003|3015|3016|3017|3023|3026|3028|3033|3049|3051|3052|3060|3061|3064|3068|3072|3075|3077|3080|3091|3101|3104|3105|3115|3117|3120|3128|3134|3136|3138|3146|3151|3153|3155|3161|3162|3171|3173|3184|3190|3195|3196|3198|3208|3220|3225|3226|3230|3240|3243|3245|3259|3276|3280|3282|3292|3299|3303|3305|3307|3314|3319|3336|3342|3344|3354|3359|3360|3363|3364|3366|3368|3372|3374|3375|3380|3382|3383|3386|3389|3400|3411|3419|3421|3442|3444|3453|3461|3462|3464|3466|3469|3477|3478|3487|3491|3496|3499|3504|3511|3516|3517|3532|3535|3556|3561|3563|3577|3580|3581|3589|3590|3596|3600|3611|3612|3617|3621|3640|3647|3659|3667|3668|3675|3682|3693|3703|3708|3730|3737|3744|3745|3763|3768|3769|3773|3774|3775|3776|3783|3798|3807|3811|3824|3827|3833|3839|3845|3846|3847|3853|3861|3874|3876|3881|3885|3886|3889|3901|3902|3914|3915|3928|3930|3938|3963|3980|3981|3982|3996|3998|4000|4007|4015|4016|4021|4024|4027|4029|4030|4039|4043|4044|4051|4053|4056|4065|4067|4068|4073|4081|4085|4087|4091|4099|4101|4111|4114|4115|4120|4126|4133|4135|4143|4148|4153|4161|4166|4169|4171|4177|4181|4187|4190|4198|4210|4217|4222|4231|4237|4244|4251|4256|4267|4272|4291|4298|4306|4307|4319|4324|4328|4332|4337|4349|4354|4355|4372|4386|4388|4391|4392|4401|4416|4417|4422|4428|4438|4446|4449|4462|4463|4476|4483|4484|4487|4490|4498|4505|4512|4515|4517|4523|4530|4531|4541|4543|4545|4549|4551|4567|4575|4583|4584|4585|4588|4589|4593|4598|4599|4605|4614|4615|4616|4619|4624|4626|4631|4633|4637|4639|4647|4657|4661|4664|4667|4674|4675|4680|4682|4684|4687|4698|4701|4721|4729|4731|4733|4737|4742|4745|4747|4753|4755|4757|4779|4792|4793|4801|4804|4813|4822|4823|4833|4836|4846|4847|4854|4858|4860|4861|4863|4865|4867|4868|4873|4876|4891|4892|4900|4912|4913|4924|4930|4931|4932|4933|4938|4946|4966|4968|4972|4977|4981|4982|4984|4985|4987|4989|4994|4997|5000|5001|5011|5014|5020|5025|5029|5040|5043|5045|5047|5052|5058|5059|5064|5066|5074|5077|5079|5080|5089|5091|5094|5102|5106|5107|5108|5111|5112|5126|5132|5136|5145|5147|5158|5164|5174|5183|5190|5196|5199|5210|5214|5217|5225|5227|5228|5233|5235|5239|5240|5243|5244|5245|5246|5252|5266|5268|5278|5280|5282|5294|5295|5309|5310|5312|5313|5314|5315|5317|5320|5325|5330|5331|5332|5342|5343|5348|5351|5352|5363|5366|5369|5371|5375|5376|5380|5382|5384|5385|5386|5387|5392|5396|5405|5406|5411|5414|5415|5419|5423|5436|5440|5447|5451|5455|5462|5467|5471|5475|5481|5496|5500|5513|5519|5521|5523|5533|5535|5538|5540|5543|5546|5552|5556|5557|5560|5566|5583|5585|5591|5593|5601|5612|5616|5640|5649|5651|5658|5666|5684|5686|5690|5692|5702|5706|5714|5716|5718|5727|5728|5735|5737|5744|5751|5755|5764|5766|5772|5774|5776|5778|5779|5784|5788|5793|5805|5810|5818|5819|5827|5828,146.6315789473684,True
instance_0008.txt,af_useful_order-null_prune-multi,450,19,1116,715|973|224|937|133|1308|979|1145|1554|1980|1915|1682|502|1708|72|201|1668|2172|901|1285|189|2|1964|814|2166|789|252|1036|1317|1705|451|360|1390|1362|551|129|1557|772|753|2063|1427|363|1584|1462|247|1327|852|1719|236|231|14|1628|389|1233|871|1738|1020|471|1495|1440|818|841|1203|1215|946|63|29|1978|1431|594|415|1657|313|320|24|879|57|430|429|485|1290|1592|928|562|1050|498|944|810|6|1611|66|304|990|1599|469|1699|345|79|1832|1690|1634|1773|21|745|1506|60|382|519|1475|387|277|850|597|1087|1423|787|642|821|528|234|76|743|311|574|1817|1454|576|200|535|716|174|1463|1294|1478|1080|1113|1231|106|1287|627|1641|660|2010|1065|1221|178|1038|2001|578|113|308|1990|940|1022|575|777|323|1728|1211|650|1132|847|2183|2111|27|81|1413|606|1277|206|1921|117|1197|431|1901|572|2164|110|1175|1024|8|388|1589|628|1257|56|1743|559|1973|1894|657|7|1500|344|1085|225|2153|2181|401|1729|747|2169|77|2036|509|2104|1425|2034|1655|1326|386|665|1672|2041|1519|604|506|917|893|105|341|1512|1037|1466|1369|630|2143|1788|1284|756|869|125|1911|15|1859|263|1196|895|737|54|1560|37|158|1823|1007|986|1771|139|279|1|644|353|1078|196|1698|1063|405|284|1237|705|1681|1837|1415|988|475|423|251|1343|1107|321|1167|714|1636|482|1100|1127|1074|1517|1438|1502|1984|419|592|1092|2046|682|294|1341|525|1872|1918|558|40|194|776|1942|33|1060|1606|306|1379|1700|1945|314|1377|1445|1109|267|754|1812|1803|1361|1868|1880|684|1867|977|138|1892|1793|1251|1740|782|1965|797|1339|1642|282|679|872|1922|1839|1205|1297|1381|287|412|97|1083|1447|828|1067|2109|95|2156|1550|881|963|1396|1768|1270|1465|950|517|2012|1084|1995|661|710|1521|833|329|552|733|1041|2038|1154|1571|204|1147|1345|1134|1234|1105|1849|1933|1739|2002|1000|19|18|1081|31|1394|1049|1534|580|448|1544|514|804|1970|1850|1016|67|2139|297|1273|120|793|100|1142|1914|1011|1226|2004|1797|12|380|508|599|643|1920|1388|468|1432|1951|1312|1757|877|1735|531|1866|1755|713|1869|2023|421|426|1070|1972|1219|1947|2146|257|91|2005|1997|555|268|1632|1467|1018|1171|2065|185|1130|2094|1325|273,84|136|99|20|32|44|47|4|19|163|111|81|7|151|138|96|114|60|72,1|3|7|8|9|19|24|28|34|38|42|50|56|58|59|62|65|73|81|84|87|90|91|93|102|103|106|108|113|115|117|122|125|126|129|132|134|135|147|158|162|175|177|183|187|192|193|201|202|205|207|209|213|214|215|226|230|231|238|242|255|302|305|306|313|315|320|326|328|333|334|343|350|352|355|359|360|368|386|390|392|400|403|406|407|411|413|422|424|436|445|448|449|464|465|474|475|482|487|497|505|520|523|524|525|535|540|562|576|581|584|592|600|603|608|609|612|615|617|644|650|651|652|654|656|659|662|668|676|677|680|696|702|704|708|728|729|733|734|745|752|754|757|758|760|763|764|773|775|776|778|782|784|792|796|799|807|808|811|828|832|834|838|839|861|869|876|883|891|893|895|898|899|901|909|912|915|916|927|929|930|939|941|944|947|948|949|953|957|960|962|974|981|993|1033|1037|1040|1044|1048|1051|1052|1056|1060|1062|1072|1078|1086|1091|1097|1103|1105|1106|1112|1116|1118|1123|1135|1143|1149|1155|1157|1159|1168|1180|1181|1190|1197|1210|1215|1225|1235|1238|1242|1245|1251|1257|1259|1261|1264|1267|1271|1273|1274|1275|1276|1277|1287|1292|1293|1298|1302|1310|1311|1321|1338|1344|1345|1349|1353|1354|1356|1360|1373|1374|1376|1377|1383|1397|1398|1407|1415|1423|1426|1431|1434|1438|1447|1450|1452|1457|1463|1464|1465|1471|1473|1477|1478|1479|1480|1482|1484|1491|1498|1502|1505|1513|1519|1520|1524|1525|1527|1529|1531|1537|1542|1546|1549|1559|1568|1572|1575|1578|1588|1594|1603|1606|1615|1620|1625|1626|1635|1642|1643|1656|1666|1669|1670|1671|1678|1679|1682|1689|1697|1699|1709|1711|1718|1720|1734|1741|1744|1745|1746|1747|1749|1754|1760|1761|1768|1769|1772|1780|1798|1801|1804|1805|1809|1811|1819|1825|1827|1830|1838|1840|1842|1843|1854|1855|1866|1876|1880|1883|1891|1897|1907|1912|1914|1915|1921|1922|1926|1927|1932|1934|1935|1937|1940|1942|1952|1954|1960|1963|1971|1979|1989|1998|2005|2007|2008|2018|2021|2023|2025|2028|2034|2040|2042|2047|2056|2057|2072|2073|2075|2081|2085|2091|2092|2096|2098|2102|2108|2114|2120|2130|2137|2138|2144|2147|2152|2153|2157|2164|2165|2171|2172|2175|2178|2181|2184|2185|2197|2204|2205|2207|2208|2221|2227|2228|2247|2252|2255|2257|2275|2277|2281|2282|2284|2293|2296|2303|2305|2317|2324|2325|2329|2341|2342|2344|2354|2358|2362|2374|2385|2392|2397|2402|2408|2422|2432|2436|2438|2445|2446|2461|2465|2468|2473|2488|2489|2499|2502|2510|2526|2538|2540|2541|2542|2543|2546|2547|2548|2561|2576|2581|2591|2595|2597|2598|2600|2602|2605|2617|2621|2623|2625|2629|2637|2639|2643|2645|2658|2663|2665|2667|2668|2672|2678|2680|2682|2685|2689|2690|2694|2695|2696|2699|2705|2710|2711|2714|2726|2736|2738|2742|2754|2770|2771|2794|2797|2803|2820|2821|2835|2843|2845|2848|2855|2857|2860|2870|2872|2876|2877|2885|2886|2891|2902|2912|2924|2926|2933|2934|2939|2941|2943|2948|2950|2953|2963|2979|2981|2991|2993|3003|3015|3016|3017|3023|3026|3028|3033|3049|3051|3052|3060|3061|3064|3068|3072|3075|3077|3080|3091|3101|3104|3105|3115|3117|3120|3128|3134|3136|3138|3146|3151|3153|3155|3161|3162|3171|3173|3184|3190|3195|3196|3198|3208|3220|3225|3226|3230|3240|3243|3245|3259|3276|3280|3282|3292|3299|3303|3305|3307|3314|3319|3336|3342|3344|3354|3359|3360|3363|3364|3366|3368|3372|3374|3375|3380|3382|3383|3386|3389|3400|3411|3419|3421|3442|3444|3453|3461|3462|3464|3466|3469|3477|3478|3487|3491|3496|3499|3504|3511|3516|3517|3532|3535|3556|3561|3563|3577|3580|3581|3589|3590|3596|3600|3611|3612|3617|3621|3640|3647|3659|3667|3668|3675|3682|3693|3703|3708|3730|3737|3744|3745|3763|3768|3769|3773|3774|3775|3776|3783|3798|3807|3811|3824|3827|3833|3839|3845|3846|3847|3853|3861|3874|3876|3881|3885|3886|3889|3901|3902|3914|3915|3928|3930|3938|3963|3980|3981|3982|3996|3998|4000|4007|4015|4016|4021|4024|4027|4029|4030|4039|4043|4044|4051|4053|4056|4065|4067|4068|4073|4081|4085|4087|4091|4099|4101|4111|4114|4115|4120|4126|4133|4135|4143|4148|4153|4161|4166|4169|4171|4177|4181|4187|4190|4198|4210|4217|4222|4231|4237|4244|4251|4256|4267|4272|4291|4298|4306|4307|4319|4324|4328|4332|4337|4349|4354|4355|4372|4386|4388|4391|4392|4401|4416|4417|4422|4428|4438|4446|4449|4462|4463|4476|4483|4484|4487|4490|4498|4505|4512|4515|4517|4523|4530|4531|4541|4543|4545|4549|4551|4567|4575|4583|4584|4585|4588|4589|4593|4598|4599|4605|4614|4615|4616|4619|4624|4626|4631|4633|4637|4639|4647|4657|4661|4664|4667|4674|4675|4680|4682|4684|4687|4698|4701|4721|4729|4731|4733|4737|4742|4745|4747|4753|4755|4757|4779|4792|4793|4801|4804|4813|4822|4823|4833|4836|4846|4847|4854|4858|4860|4861|4863|4865|4867|4868|4873|4876|4891|4892|4900|4912|4913|4924|4930|4931|4932|4933|4938|4946|4966|4968|4972|4977|4981|4982|4984|4985|4987|4989|4994|4997|5000|5001|5011|5014|5020|5025|5029|5040|5043|5045|5047|5052|5058|5059|5064|5066|5074|5077|5079|5080|5089|5091|5094|5102|5106|5107|5108|5111|5112|5126|5132|5136|5145|5147|5158|5164|5174|5183|5190|5196|5199|5210|5214|5217|5225|5227|5228|5233|5235|5239|5240|5243|5244|5245|5246|5252|5266|5268|5278|5280|5282|5294|5295|5309|5310|5312|5313|5314|5315|5317|5320|5325|5330|5331|5332|5342|5343|5348|5351|5352|5363|5366|5369|5371|5375|5376|5380|5382|5384|5385|5386|5387|5392|5396|5405|5406|5411|5414|5415|5419|5423|5436|5440|5447|5451|5455|5462|5467|5471|5475|5481|5496|5500|5513|5519|5521|5523|5533|5535|5538|5540|5543|5546|5552|5556|5557|5560|5566|5583|5585|5591|5593|5601|5612|5616|5640|5649|5651|5658|5666|5684|5686|5690|5692|5702|5706|5714|5716|5718|5727|5728|5735|5737|5744|5751|5755|5764|5766|5772|5774|5776|5778|5779|5784|5788|5793|5805|5810|5818|5819|5827|5828,146.57894736842104,True
instance_0008.txt,afe_useful_order-desc_prune-multi,450,19,1115,1|2|6|7|8|12|14|15|18|19|21|24|27|29|31|33|37|40|54|56|57|60|63|66|67|72|76|77|79|81|91|95|97|100|105|106|110|113|117|120|125|129|133|138|139|158|174|178|185|189|194|196|200|201|204|206|224|225|231|234|236|247|251|252|257|263|267|268|273|277|279|282|284|287|294|297|306|308|311|313|314|320|321|323|329|341|344|345|353|360|380|382|386|387|388|389|401|405|412|415|419|421|423|426|429|430|431|448|451|468|469|471|475|482|485|498|502|506|508|509|514|517|519|525|528|531|535|551|552|555|558|559|562|572|574|575|576|578|580|592|594|597|599|604|606|627|628|630|642|643|644|650|657|660|661|665|679|682|684|705|710|713|714|715|716|733|737|743|745|747|753|754|756|772|776|777|782|787|789|793|797|804|810|814|818|821|828|833|841|847|850|852|869|871|872|877|879|881|893|895|901|917|928|937|940|944|946|950|963|973|977|979|986|988|990|1000|1007|1011|1016|1018|1020|1022|1024|1036|1037|1038|1041|1049|1050|1060|1063|1065|1067|1070|1074|1078|1080|1081|1083|1084|1085|1087|1092|1100|1105|1107|1109|1113|1127|1130|1132|1134|1142|1145|1147|1154|1167|1171|1175|1196|1197|1203|1205|1211|1212|1215|1219|1221|1226|1231|1233|1234|1237|1251|1257|1270|1273|1277|1284|1285|1287|1290|1294|1297|1308|1312|1317|1325|1326|1327|1341|1343|1345|1361|1362|1369|1377|1379|1381|1388|1390|1394|1396|1413|1415|1423|1425|1427|1431|1432|1438|1440|1445|1447|1454|1462|1463|1465|1466|1467|1475|1478|1495|1500|1502|1506|1512|1517|1519|1521|1534|1544|1550|1554|1557|1560|1568|1571|1584|1589|1592|1599|1606|1611|1628|1632|1634|1636|1641|1642|1655|1657|1668|1672|1681|1682|1690|1698|1699|1700|1705|1708|1719|1728|1729|1735|1738|1739|1740|1743|1755|1757|1768|1771|1773|1788|1793|1797|1803|1812|1817|1823|1832|1837|1839|1849|1850|1859|1866|1867|1868|1869|1872|1880|1892|1894|1901|1911|1914|1915|1918|1920|1921|1922|1933|1942|1945|1947|1951|1964|1965|1970|1972|1973|1978|1980|1984|1990|1995|1997|2001|2002|2004|2005|2010|2012|2023|2034|2036|2038|2041|2046|2063|2065|2094|2104|2109|2111|2139|2143|2146|2152|2153|2156|2164|2166|2169|2172|2181|2183,84|136|99|20|32|44|47|4|19|163|111|81|7|151|138|96|114|60|72,1|3|7|8|9|19|24|28|34|38|42|50|56|58|59|62|65|73|81|84|87|90|91|93|102|103|106|108|113|115|117|122|125|126|129|132|134|135|147|158|162|175|177|183|187|192|193|201|202|205|207|209|213|214|215|226|230|231|238|242|255|302|305|306|313|315|320|326|328|333|334|343|350|352|355|359|360|368|386|390|392|400|403|406|407|411|413|422|424|436|445|448|449|464|465|474|475|482|487|497|505|520|523|524|525|535|540|562|576|581|584|592|600|603|608|609|612|615|617|644|650|651|652|654|656|659|662|668|676|677|680|696|702|704|708|728|729|733|734|745|752|754|757|758|760|763|764|773|775|776|778|782|784|792|796|799|807|808|811|828|832|834|838|839|861|869|876|883|891|893|895|898|899|901|909|912|915|916|927|929|930|939|941|944|947|948|949|953|957|960|962|974|981|993|1033|1037|1040|1044|1048|1051|1052|1056|1060|1062|1072|1078|1086|1091|1097|1103|1105|1106|1112|1116|1118|1123|1135|1143|1149|1155|1157|1159|1168|1180|1181|1190|1197|1210|1215|1225|1235|1238|1242|1245|1251|1257|1259|1261|1264|1267|1271|1273|1274|1275|1276|1277|1287|1292|1293|1298|1302|1310|1311|1321|1338|1344|1345|1349|1353|1354|1356|1360|1373|1374|1376|1377|1383|1397|1398|1407|1415|1423|1426|1434|1438|1447|1450|1452|1457|1463|1464|1465|1471|1473|1477|1478|1479|1480|1482|1484|1491|1498|1502|1505|1513|1519|1520|1524|1525|1527|1529|1531|1537|1542|1546|1549|1559|1568|1572|1575|1578|1588|1594|1603|1606|1615|1620|1625|1626|1635|1642|1643|1656|1666|1669|1670|1671|1678|1679|1682|1689|1697|1699|1709|1711|1718|1720|1734|1741|1744|1745|1746|1747|1749|1754|1760|1761|1768|1769|1772|1780|1798|1801|1804|1805|1809|1811|1819|1825|1827|1830|1838|1840|1842|1843|1854|1855|1866|1876|1880|1883|1891|1897|1907|1912|1914|1915|1921|1922|1926|1927|1932|1934|1935|1937|1940|1942|1952|1954|1960|1963|1971|1979|1989|1998|2005|2007|2008|2018|2021|2023|2025|2028|2034|2040|2042|2047|2056|2057|2072|2073|2075|2081|2085|2091|2092|2096|2098|2102|2108|2114|2120|2130|2137|2138|2144|2147|2152|2153|2157|2164|2165|2171|2172|2175|2178|2181|2184|2185|2197|2204|2205|2207|2208|2221|2227|2228|2247|2252|2255|2257|2275|2277|2281|2282|2284|2293|2296|2303|2305|2317|2324|2325|2329|2341|2342|2344|2354|2358|2362|2374|2385|2392|2397|2402|2408|2422|2432|2436|2438|2445|2446|2461|2465|2468|2473|2488|2489|2499|2502|2510|2526|2538|2540|2541|2542|2543|2546|2547|2548|2561|2576|2581|2591|2595|2597|2598|2600|2602|2605|2617|2621|2623|2625|2629|2637|2639|2643|2645|2658|2663|2665|2667|2668|2672|2678|2680|2682|2685|2689|2690|2694|2695|2696|2699|2705|2710|2711|2714|2726|2736|2738|2742|2754|2770|2771|2794|2797|2803|2820|2821|2835|2843|2845|2848|2855|2857|2860|2870|2872|2876|2877|2885|2886|2891|2902|2912|2924|2926|2933|2934|2939|2941|2943|2948|2950|2953|2963|2979|2981|2991|2993|3003|3015|3016|3017|3023|3026|3028|3033|3049|3051|3052|3060|3061|3064|3068|3072|3075|3077|3080|3091|3101|3104|3105|3115|3117|3120|3128|3134|3136|3138|3146|3151|3153|3155|3161|3162|3171|3173|3184|3190|3195|3196|3198|3208|3220|3225|3226|3230|3240|3243|3245|3259|3276|3280|3282|3292|3299|3303|3305|3307|3314|3319|3336|3342|3344|3354|3359|3360|3363|3364|3366|3368|3372|3374|3375|3380|3382|3383|3386|3389|3400|3411|3419|3421|3442|3444|3453|3461|3462|3464|3466|3469|3477|3478|3487|3491|3496|3499|3504|3511|3516|3517|3532|3535|3556|3561|3563|3577|3580|3581|3589|3590|3596|3600|3611|3612|3617|3621|3640|3647|3659|3667|3668|3675|3682|3693|3703|3708|3730|3737|3744|3745|3763|3768|3769|3773|3774|3775|3776|3783|3798|3807|3811|3824|3827|3833|3839|3845|3846|3847|3853|3861|3874|3876|3881|3885|3886|3889|3901|3902|3914|3915|3928|3930|3938|3963|3980|3981|3982|3996|3998|4000|4007|4015|4016|4021|4024|4027|4029|4030|4039|4043|4044|4051|4053|4056|4065|4067|4068|4073|4081|4085|4087|4091|4099|4101|4111|4114|4115|4120|4126|4133|4135|4143|4148|4153|4161|4166|4169|4171|4177|4181|4187|4190|4198|4210|4217|4222|4231|4237|4244|4251|4256|4267|4272|4291|4298|4306|4307|4319|4324|4328|4332|4337|4349|4354|4355|4372|4386|4388|4391|4392|4401|4416|4417|4422|4428|4438|4446|4449|4462|4463|4476|4483|4484|4487|4490|4498|4505|4512|4515|4517|4523|4530|4531|4541|4543|4545|4549|4551|4567|4575|4583|4584|4585|4588|4589|4593|4598|4599|4605|4614|4615|4616|4619|4624|4626|4631|4633|4637|4639|4647|4657|4661|4664|4667|4674|4675|4680|4682|4684|4687|4698|4701|4721|4729|4731|4733|4737|4742|4745|4747|4753|4755|4757|4779|4792|4793|4801|4804|4813|4822|4823|4833|4836|4846|4847|4854|4858|4860|4861|4863|4865|4867|4868|4873|4876|4891|4892|4900|4912|4913|4924|4930|4931|4932|4933|4938|4946|4966|4968|4972|4977|4981|4982|4984|4985|4987|4989|4994|4997|5000|5001|5011|5014|5020|5025|5029|5040|5043|5045|5047|5052|5058|5059|5064|5066|5074|5077|5079|5080|5089|5091|5094|5102|5106|5107|5108|5111|5112|5126|5132|5136|5145|5147|5158|5164|5174|5183|5190|5196|5199|5210|5214|5217|5225|5227|5228|5233|5235|5239|5240|5243|5244|5245|5246|5252|5266|5268|5278|5280|5282|5294|5295|5309|5310|5312|5313|5314|5315|5317|5320|5325|5330|5331|5332|5342|5343|5348|5351|5352|5363|5366|5369|5371|5375|5376|5380|5382|5384|5385|5386|5387|5392|5396|5405|5406|5411|5414|5415|5419|5423|5436|5440|5447|5451|5455|5462|5467|5471|5475|5481|5496|5500|5513|5519|5521|5523|5533|5535|5538|5540|5543|5546|5552|5556|5557|5560|5566|5583|5585|5591|5593|5601|5612|5616|5640|5649|5651|5658|5666|5684|5686|5690|5692|5702|5706|5714|5716|5718|5727|5728|5735|5737|5744|5751|5755|5764|5766|5772|5774|5776|5778|5779|5784|5788|5793|5805|5810|5818|5819|5827|5828,146.6315789473684,True
instance_0008.txt,afe_useful_order-null_prune-multi,450,19,1115,1|2|6|7|8|12|14|15|18|19|21|24|27|29|31|33|37|40|54|56|57|60|63|66|67|72|76|77|79|81|91|95|97|100|105|106|110|113|117|120|125|129|133|138|139|158|174|178|185|189|194|196|200|201|204|206|224|225|231|234|236|247|251|252|257|263|267|268|273|277|279|282|284|287|294|297|306|308|311|313|314|320|321|323|329|341|344|345|353|360|380|382|386|387|388|389|401|405|412|415|419|421|423|426|429|430|431|448|451|468|469|471|475|482|485|498|502|506|508|509|514|517|519|525|528|531|535|551|552|555|558|559|562|572|574|575|576|578|580|592|594|597|599|604|606|627|628|630|642|643|644|650|657|660|661|665|679|682|684|705|710|713|714|715|716|733|737|743|745|747|753|754|756|772|776|777|782|787|789|793|797|804|810|814|818|821|828|833|841|847|850|852|869|871|872|877|879|881|893|895|901|917|928|937|940|944|946|950|963|973|977|979|986|988|990|1000|1007|1011|1016|1018|1020|1022|1024|1036|1037|1038|1041|1049|1050|1060|1063|1065|1067|1070|1074|1078|1080|1081|1083|1084|1085|1087|1092|1100|1105|1107|1109|1113|1127|1130|1132|1134|1142|1145|1147|1154|1167|1171|1175|1196|1197|1203|1205|1211|1212|1215|1219|1221|1226|1231|1233|1234|1237|1251|1257|1270|1273|1277|1284|1285|1287|1290|1294|1297|1308|1312|1317|1325|1326|1327|1341|1343|1345|1361|1362|1369|1377|1379|1381|1388|1390|1394|1396|1413|1415|1423|1425|1427|1431|1432|1438|1440|1445|1447|1454|1462|1463|1465|1466|1467|1475|1478|1495|1500|1502|1506|1512|1517|1519|1521|1534|1544|1550|1554|1557|1560|1568|1571|1584|1589|1592|1599|1606|1611|1628|1632|1634|1636|1641|1642|1655|1657|1668|1672|1681|1682|1690|1698|1699|1700|1705|1708|1719|1728|1729|1735|1738|1739|1740|1743|1755|1757|1768|1771|1773|1788|1793|1797|1803|1812|1817|1823|1832|1837|1839|1849|1850|1859|1866|1867|1868|1869|1872|1880|1892|1894|1901|1911|1914|1915|1918|1920|1921|1922|1933|1942|1945|1947|1951|1964|1965|1970|1972|1973|1978|1980|1984|1990|1995|1997|2001|2002|2004|2005|2010|2012|2023|2034|2036|2038|2041|2046|2063|2065|2094|2104|2109|2111|2139|2143|2146|2152|2153|2156|2164|2166|2169|2172|2181|2183,84|136|99|20|32|44|47|4|19|163|111|81|7|151|138|96|114|60|72,1|3|7|8|9|19|24|28|34|38|42|50|56|58|59|62|65|73|81|84|87|90|91|93|102|103|106|108|113|115|117|122|125|126|129|132|134|135|147|158|162|175|177|183|187|192|193|201|202|205|207|209|213|214|215|226|230|231|238|242|255|302|305|306|313|315|320|326|328|333|334|343|350|352|355|359|360|368|386|390|392|400|403|406|407|411|413|422|424|436|445|448|449|464|465|474|475|482|487|497|505|520|523|524|525|535|540|562|576|581|584|592|600|603|608|609|612|615|617|644|650|651|652|654|656|659|662|668|676|677|680|696|702|704|708|728|729|733|734|745|752|754|757|758|760|763|764|773|775|776|778|782|784|792|796|799|807|808|811|828|832|834|838|839|861|869|876|883|891|893|895|898|899|901|909|912|915|916|927|929|930|939|941|944|947|948|949|953|957|960|962|974|981|993|1033|1037|1040|1044|1048|1051|1052|1056|1060|1062|1072|1078|1086|1091|1097|1103|1105|1106|1112|1116|1118|1123|1135|1143|1149|1155|1157|1159|1168|1180|1181|1190|1197|1210|1215|1225|1235|1238|1242|1245|1251|1257|1259|1261|1264|1267|1271|1273|1274|1275|1276|1277|1287|1292|1293|1298|1302|1310|1311|1321|1338|1344|1345|1349|1353|1354|1356|1360|1373|1374|1376|1377|1383|1397|1398|1407|1415|1423|1426|1434|1438|1447|1450|1452|1457|1463|1464|1465|1471|1473|1477|1478|1479|1480|1482|1484|1491|1498|1502|1505|1513|1519|1520|1524|1525|1527|1529|1531|1537|1542|1546|1549|1559|1568|1572|1575|1578|1588|1594|1603|1606|1615|1620|1625|1626|1635|1642|1643|1656|1666|1669|1670|1671|1678|1679|1682|1689|1697|1699|1709|1711|1718|1720|1734|1741|1744|1745|1746|1747|1749|1754|1760|1761|1768|1769|1772|1780|1798|1801|1804|1805|1809|1811|1819|1825|1827|1830|1838|1840|1842|1843|1854|1855|1866|1876|1880|1883|1891|1897|1907|1912|1914|1915|1921|1922|1926|1927|1932|1934|1935|1937|1940|1942|1952|1954|1960|1963|1971|1979|1989|1998|2005|2007|2008|2018|2021|2023|2025|2028|2034|2040|2042|2047|2056|2057|2072|2073|2075|2081|2085|2091|2092|2096|2098|2102|2108|2114|2120|2130|2137|2138|2144|2147|2152|2153|2157|2164|2165|2171|2172|2175|2178|2181|2184|2185|2197|2204|2205|2207|2208|2221|2227|2228|2247|2252|2255|2257|2275|2277|2281|2282|2284|2293|2296|2303|2305|2317|2324|2325|2329|2341|2342|2344|2354|2358|2362|2374|2385|2392|2397|2402|2408|2422|2432|2436|2438|2445|2446|2461|2465|2468|2473|2488|2489|2499|2502|2510|2526|2538|2540|2541|2542|2543|2546|2547|2548|2561|2576|2581|2591|2595|2597|2598|2600|2602|2605|2617|2621|2623|2625|2629|2637|2639|2643|2645|2658|2663|2665|2667|2668|2672|2678|2680|2682|2685|2689|2690|2694|2695|2696|2699|2705|2710|2711|2714|2726|2736|2738|2742|2754|2770|2771|2794|2797|2803|2820|2821|2835|2843|2845|2848|2855|2857|2860|2870|2872|2876|2877|2885|2886|2891|2902|2912|2924|2926|2933|2934|2939|2941|2943|2948|2950|2953|2963|2979|2981|2991|2993|3003|3015|3016|3017|3023|3026|3028|3033|3049|3051|3052|3060|3061|3064|3068|3072|3075|3077|3080|3091|3101|3104|3105|3115|3117|3120|3128|3134|3136|3138|3146|3151|3153|3155|3161|3162|3171|3173|3184|3190|3195|3196|3198|3208|3220|3225|3226|3230|3240|3243|3245|3259|3276|3280|3282|3292|3299|3303|3305|3307|3314|3319|3336|3342|3344|3354|3359|3360|3363|3364|3366|3368|3372|3374|3375|3380|3382|3383|3386|3389|3400|3411|3419|3421|3442|3444|3453|3461|3462|3464|3466|3469|3477|3478|3487|3491|3496|3499|3504|3511|3516|3517|3532|3535|3556|3561|3563|3577|3580|3581|3589|3590|3596|3600|3611|3612|3617|3621|3640|3647|3659|3667|3668|3675|3682|3693|3703|3708|3730|3737|3744|3745|3763|3768|3769|3773|3774|3775|3776|3783|3798|3807|3811|3824|3827|3833|3839|3845|3846|3847|3853|3861|3874|3876|3881|3885|3886|3889|3901|3902|3914|3915|3928|3930|3938|3963|3980|3981|3982|3996|3998|4000|4007|4015|4016|4021|4024|4027|4029|4030|4039|4043|4044|4051|4053|4056|4065|4067|4068|4073|4081|4085|4087|4091|4099|4101|4111|4114|4115|4120|4126|4133|4135|4143|4148|4153|4161|4166|4169|4171|4177|4181|4187|4190|4198|4210|4217|4222|4231|4237|4244|4251|4256|4267|4272|4291|4298|4306|4307|4319|4324|4328|4332|4337|4349|4354|4355|4372|4386|4388|4391|4392|4401|4416|4417|4422|4428|4438|4446|4449|4462|4463|4476|4483|4484|4487|4490|4498|4505|4512|4515|4517|4523|4530|4531|4541|4543|4545|4549|4551|4567|4575|4583|4584|4585|4588|4589|4593|4598|4599|4605|4614|4615|4616|4619|4624|4626|4631|4633|4637|4639|4647|4657|4661|4664|4667|4674|4675|4680|4682|4684|4687|4698|4701|4721|4729|4731|4733|4737|4742|4745|4747|4753|4755|4757|4779|4792|4793|4801|4804|4813|4822|4823|4833|4836|4846|4847|4854|4858|4860|4861|4863|4865|4867|4868|4873|4876|4891|4892|4900|4912|4913|4924|4930|4931|4932|4933|4938|4946|4966|4968|4972|4977|4981|4982|4984|4985|4987|4989|4994|4997|5000|5001|5011|5014|5020|5025|5029|5040|5043|5045|5047|5052|5058|5059|5064|5066|5074|5077|5079|5080|5089|5091|5094|5102|5106|5107|5108|5111|5112|5126|5132|5136|5145|5147|5158|5164|5174|5183|5190|5196|5199|5210|5214|5217|5225|5227|5228|5233|5235|5239|5240|5243|5244|5245|5246|5252|5266|5268|5278|5280|5282|5294|5295|5309|5310|5312|5313|5314|5315|5317|5320|5325|5330|5331|5332|5342|5343|5348|5351|5352|5363|5366|5369|5371|5375|5376|5380|5382|5384|5385|5386|5387|5392|5396|5405|5406|5411|5414|5415|5419|5423|5436|5440|5447|5451|5455|5462|5467|5471|5475|5481|5496|5500|5513|5519|5521|5523|5533|5535|5538|5540|5543|5546|5552|5556|5557|5560|5566|5583|5585|5591|5593|5601|5612|5616|5640|5649|5651|5658|5666|5684|5686|5690|5692|5702|5706|5714|5716|5718|5727|5728|5735|5737|5744|5751|5755|5764|5766|5772|5774|5776|5778|5779|5784|5788|5793|5805|5810|5818|5819|5827|5828,146.6315789473684,True
instance_0009.txt,af_useful_order-desc_prune-multi,21,29,70,9|67|59|5|68|33|69|1|3|6|47|13|15|19|24|28|36|37|42|46|64,87|269|287|124|274|296|2|8|24|52|78|125|235|0|41|49|50|79|89|180|3|5|31|40|47|80|114|159|286,10|12|20|23|26|28|30|32|33|35|36|41|46|48|50|53|57|58|59|60|65|66|71|75|76|82|85|86|88|91|92|95|103|105|106|109|111|114|125|132|135|138|145|148|149|151|152|153|156|159|169|170|171|174|177|180|182|189|190|193|198|199|203|207|210|215|216|218|219|221,3.310344827586207,True
instance_0009.txt,af_useful_order-null_prune-multi,21,29,70,15|6|42|33|19|46|68|36|24|9|64|59|67|69|1|37|5|47|13|28|3,87|269|287|124|274|296|2|8|24|52|78|125|235|0|41|49|50|79|89|180|3|5|31|40|47|80|114|159|286,10|12|20|23|26|28|30|32|33|35|36|41|46|48|50|53|57|58|59|60|65|66|71|75|76|82|85|86|88|91|92|95|103|105|106|109|111|114|125|132|135|138|145|148|149|151|152|153|156|159|169|170|171|174|177|180|182|189|190|193|198|199|203|207|210|215|216|218|219|221,3.310344827586207,True
instance_0009.txt,afe_useful_order-desc_prune-multi,21,29,70,1|3|5|6|9|13|15|19|24|28|33|36|37|42|46|47|59|64|67|68|69,87|269|287|124|274|296|2|8|24|52|78|125|235|0|41|49|50|79|89|180|3|5|31|40|47|80|114|159|286,10|12|20|23|26|28|30|32|33|35|36|41|46|48|50|53|57|58|59|60|65|66|71|75|76|82|85|86|88|91|92|95|103|105|106|109|111|114|125|132|135|138|145|148|149|151|152|153|156|159|169|170|171|174|177|180|182|189|190|193|198|199|203|207|210|215|216|218|219|221,3.310344827586207,True
instance_0009.txt,afe_useful_order-null_prune-multi,21,29,70,1|3|5|6|9|13|15|19|24|28|33|36|37|42|46|47|59|64|67|68|69,87|269|287|124|274|296|2|8|24|52|78|125|235|0|41|49|50|79|89|180|3|5|31|40|47|80|114|159|286,10|12|20|23|26|28|30|32|33|35|36|41|46|48|50|53|57|58|59|60|65|66|71|75|76|82|85|86|88|91|92|95|103|105|106|109|111|114|125|132|135|138|145|148|149|151|152|153|156|159|169|170|171|174|177|180|182|189|190|193|198|199|203|207|210|215|216|218|219|221,3.310344827586207,True
instance_0010.txt,af_useful_order-desc_prune-multi,606,133,1313,550|260|463|843|977|1398|548|125|517|621|716|953|1361|5|86|326|745|924|997|1238|1447|216|227|295|371|382|401|456|601|781|801|893|902|951|1079|1146|1227|1251|1310|1379|1474|1480|1584|62|93|215|228|284|302|328|347|366|377|396|431|437|460|483|486|553|570|600|630|632|718|766|830|832|864|914|932|1010|1027|1053|1181|1191|1196|1241|1273|1332|1445|1450|1471|2|4|17|24|28|53|90|106|113|116|130|134|150|167|168|170|194|207|214|221|231|250|251|267|270|277|286|296|299|315|333|352|387|390|400|402|408|418|427|433|438|440|451|454|455|471|475|487|498|507|511|512|528|537|568|578|582|606|612|622|635|642|645|647|665|673|687|703|739|760|773|780|802|816|848|851|852|860|869|870|906|910|962|973|981|982|983|1020|1021|1060|1062|1063|1066|1073|1130|1143|1144|1165|1168|1180|1182|1184|1204|1211|1212|1216|1222|1230|1243|1248|1257|1267|1277|1304|1305|1311|1316|1318|1322|1334|1345|1346|1347|1357|1380|1389|1392|1396|1409|1426|1438|1446|1453|1454|1468|1470|1472|1484|1491|1498|1541|1543|1548|1554|1562|1564|1572|1578|1583|1592|1595|7|12|20|22|23|33|38|39|43|44|57|59|60|61|63|68|69|72|73|79|83|88|91|115|117|119|122|127|132|140|149|154|157|158|159|164|166|172|176|177|178|179|185|187|188|189|192|201|203|206|208|212|218|223|225|233|234|236|238|241|243|246|249|254|256|264|266|273|275|276|282|283|290|298|305|317|320|321|329|337|355|356|361|362|372|373|375|376|380|394|397|398|423|430|432|445|447|459|468|472|480|488|490|491|504|513|514|515|518|521|523|531|535|539|541|542|546|547|551|552|564|565|581|586|588|590|593|594|598|602|604|615|623|624|626|634|638|640|652|654|662|663|668|676|677|686|689|696|698|705|709|714|724|729|730|738|746|747|754|757|763|764|769|772|776|782|783|787|788|791|792|795|798|807|808|809|812|818|820|826|833|838|847|849|853|855|858|865|866|873|876|877|879|880|882|883|903|904|905|907|908|909|915|919|927|931|937|948|952|957|960|961|963|965|966|968|970|975|976|978|984|985|987|989|993|994|1001|1002|1007|1009|1011|1019|1026|1033|1035|1040|1049|1050|1058|1065|1067|1071|1076|1077|1083|1089|1091|1092|1093|1094|1096|1102|1108|1109|1110|1111|1113|1131|1137|1139|1141|1149|1159|1162|1163|1166|1167|1174|1178|1185|1186|1188|1190|1192|1200|1205|1219|1220|1221|1223|1225|1228|1229|1232|1242|1249|1250|1254|1255|1260|1264|1269|1275|1280|1294|1296|1297|1300|1303|1306|1312|1313|1315|1317|1320|1326|1327|1336|1337|1342|1344|1359|1360|1362|1364|1366|1371|1381|1383|1384|1386|1393|1399|1402|1406|1410|1411|1412|1413|1415|1422|1423|1427|1432|1435|1437|1440|1451|1455|1456|1458|1463|1465|1476|1478|1485|1487|1489|1494|1495|1505|1514|1515|1518|1520|1521|1531|1532|1535|1538|1542|1544|1547|1551|1552|1563|1576|1579|1582|1590|1597|1586,241|240|4|354|42|308|2|3|9|212|16|21|205|131|343|36|211|68|199|138|300|295|0|309|256|296|379|363|23|78|88|311|19|257|324|53|182|266|323|132|190|341|77|158|188|206|273|27|98|191|243|283|289|20|109|167|338|62|79|172|237|239|334|30|46|157|163|184|267|288|327|1|39|81|114|147|170|65|92|113|129|173|200|202|215|224|279|285|45|80|96|110|125|127|144|246|281|49|67|111|153|197|218|280|294|373|18|33|124|140|169|203|255|293|298|337|342|374|35|83|115|186|333|368|168|185|231|251|253|322|339|177|225,0|7|10|11|12|13|17|19|23|24|25|28|30|36|37|39|40|47|48|50|51|56|58|60|63|67|70|73|74|75|79|81|82|83|84|85|87|88|89|91|92|99|100|109|113|115|122|123|133|135|137|140|142|143|144|146|154|161|163|164|166|168|172|174|178|179|182|185|196|199|200|202|203|205|206|207|208|217|222|223|224|231|234|237|239|241|244|247|249|250|252|254|255|257|259|261|267|269|272|273|276|280|282|283|286|288|290|291|297|301|302|304|307|309|310|312|314|316|321|322|323|326|328|332|334|335|336|337|343|344|345|347|348|352|356|357|360|361|365|366|372|375|378|380|382|386|387|388|391|392|395|397|399|402|407|409|413|416|419|423|424|425|426|428|430|432|435|436|437|443|444|445|446|454|455|463|465|468|471|472|473|475|477|478|479|480|481|483|484|491|492|494|495|499|505|506|507|508|509|510|514|517|520|526|531|534|536|540|549|550|553|555|556|558|563|565|566|574|575|576|577|578|584|586|587|588|589|590|591|594|597|599|600|601|602|603|604|605|607|609|613|614|615|618|620|622|629|630|632|633|634|636|638|639|640|642|643|648|649|651|652|653|655|657|662|663|666|669|671|672|675|677|680|681|683|686|692|693|703|704|705|709|710|711|712|716|717|719|721|727|728|733|736|737|740|742|744|745|748|749|751|755|759|764|765|766|767|774|778|780|783|784|786|789|793|794|797|798|800|803|804|806|810|812|813|816|817|818|820|824|829|830|832|836|837|839|840|844|848|849|850|855|858|860|862|865|866|874|875|876|877|884|886|892|902|904|909|910|912|916|917|920|926|933|934|935|936|937|938|939|941|942|947|954|955|956|958|959|964|966|969|971|972|979|980|981|995|996|998|999|1004|1007|1010|1013|1014|1015|1018|1019|1021|1025|1029|1035|1036|1039|1041|1043|1044|1046|1048|1050|1053|1054|1059|1060|1067|1070|1072|1073|1074|1080|1083|1085|1088|1090|1091|1094|1095|1099|1101|1103|1107|1108|1110|1111|1114|1123|1127|1128|1130|1134|1135|1137|1140|1141|1142|1149|1151|1154|1156|1158|1163|1165|1169|1171|1172|1173|1177|1179|1180|1181|1183|1184|1185|1196|1199|1200|1208|1215|1218|1221|1222|1225|1226|1227|1238|1242|1244|1245|1248|1255|1258|1261|1263|1264|1265|1267|1271|1275|1280|1284|1285|1286|1288|1291|1293|1301|1302|1310|1311|1313|1314|1319|1325|1326|1327|1332|1356|1357|1359|1360|1361|1365|1366|1371|1375|1376|1379|1382|1383|1385|1390|1391|1393|1394|1396|1398|1406|1407|1408|1411|1415|1419|1420|1423|1428|1431|1433|1434|1437|1439|1441|1444|1453|1454|1456|1462|1471|1474|1476|1482|1497|1502|1505|1509|1510|1517|1518|1520|1521|1523|1524|1526|1529|1531|1533|1539|1542|1545|1548|1554|1558|1561|1566|1573|1575|1577|1587|1590|1591|1592|1598|1601|1609|1613|1616|1618|1620|1622|1627|1628|1638|1639|1641|1642|1643|1652|1654|1655|1656|1660|1663|1664|1670|1672|1675|1677|1681|1683|1685|1687|1690|1692|1694|1696|1700|1704|1705|1706|1707|1715|1718|1720|1721|1723|1725|1730|1733|1735|1736|1739|1740|1742|1743|1744|1748|1749|1751|1754|1756|1760|1761|1767|1768|1772|1781|1784|1787|1789|1791|1795|1797|1799|1802|1803|1811|1812|1815|1818|1819|1824|1828|1829|1831|1832|1833|1834|1839|1841|1842|1843|1848|1849|1852|1854|1855|1856|1857|1859|1861|1862|1864|1865|1866|1869|1872|1873|1876|1878|1883|1885|1886|1890|1891|1893|1894|1896|1902|1914|1917|1922|1923|1927|1929|1930|1934|1937|1944|1946|1947|1948|1953|1954|1956|1960|1962|1963|1966|1975|1980|1985|1991|1993|1999|2001|2002|2004|2011|2019|2020|2023|2026|2033|2034|2035|2036|2037|2039|2040|2042|2046|2049|2053|2054|2055|2057|2059|2062|2063|2064|2065|2067|2076|2077|2078|2079|2086|2093|2094|2096|2097|2098|2100|2102|2105|2110|2111|2113|2114|2117|2121|2123|2125|2133|2134|2139|2142|2143|2145|2150|2153|2155|2157|2158|2167|2168|2170|2171|2174|2175|2176|2183|2186|2188|2191|2192|2193|2199|2206|2208|2212|2213|2214|2215|2217|2218|2219|2228|2229|2232|2234|2235|2244|2247|2248|2257|2260|2263|2265|2266|2268|2274|2275|2277|2279|2281|2282|2284|2291|2295|2297|2300|2301|2304|2306|2307|2309|2315|2318|2319|2320|2323|2329|2331|2332|2334|2337|2338|2339|2346|2349|2355|2356|2357|2360|2362|2364|2368|2375|2379|2381|2382|2383|2386|2390|2391|2393|2398|2401|2410|2413|2414|2416|2419|2420|2422|2425|2427|2436|2438|2439|2441|2448|2452|2457|2458|2469|2471|2475|2484|2485|2488|2494|2497|2499|2501|2506|2508|2515|2517|2520|2522|2523|2529|2530|2532|2537|2539|2545|2546|2548|2549|2551|2558|2561|2565|2567|2571|2572|2574|2575|2576|2581|2583|2585|2586|2587|2590|2593|2595|2596|2601|2604|2605|2606|2608|2618|2619|2621|2623|2624|2626|2628|2630|2631|2638|2639|2642|2651|2654|2672|2673|2676|2677|2684|2687|2690|2692|2694|2696|2699|2705|2706|2711|2712|2713|2714|2718|2719|2723|2726|2727|2730|2736|2740|2742|2745|2746|2748|2757|2759|2761|2762|2766|2775|2778|2780|2781|2789|2790|2797|2805|2807|2808|2810|2814|2824|2825|2826|2827|2829|2833|2837|2842|2843|2851|2860|2863|2864|2867|2868|2871|2872|2873|2874|2878|2881|2882|2884|2885|2889|2891|2894|2901|2906|2907|2913|2915|2917|2924|2928|2931|2935|2937|2938|2940|2942|2943|2944|2945|2948|2951|2954|2955|2956|2957|2958|2961|2964|2965|2966|2972|2976|2978|2981|2983|2988|2989|2990|2996|2997|2998|3000|3001|3002|3003|3004|3006|3007|3009|3011|3012|3013|3015|3022|3026|3031|3032|3033|3036|3037|3039|3041|3047|3048|3049|3051|3052|3056|3059|3063|3067|3068|3069|3073|3076|3082|3084|3089|3094|3095|3096|3097|3100|3102|3103|3108|3109|3110|3115|3117|3118|3125|3128|3129|3136|3137|3140|3145|3146|3148|3149|3152|3162|3164|3165|3167|3168|3169|3170|3176|3177|3179|3181|3183|3189|3191|3193|3198|3200|3203|3204|3209|3210|3216|3217|3220|3223|3224|3225|3227|3228|3229|3230|3232|3236|3238|3240|3243|3244|3246|3253|3258|3259|3260|3263|3264|3265|3270|3271|3276|3277|3279|3281|3284|3286|3289|3292|3295|3296|3298|3300|3301|3303|3304|3305|3306|3308|3310|3311|3312|3313|3314|3322|3323|3326|3328|3329|3330|3331|3333|3335|3336|3339|3344|3345|3360|3362|3363|3371|3373|3378|3379|3380|3381|3382|3384|3386|3388|3393|3402|3404|3406|3413|3419|3420|3421|3429|3430|3436|3442|3448|3453|3454|3455|3458|3461|3462|3463|3466|3472|3474|3475|3477|3479|3480|3481|3482|3485|3486|3487|3489|3497|3499|3501|3509|3512|3516|3525|3526|3528|3529|3534|3536|3537|3538|3540|3545|3551|3552|3553|3556|3558|3560|3565|3566|3569|3573|3574|3577|3580|3584|3585|3591|3601|3604|3605|3607|3609|3610|3612|3613|3614|3620|3622|3624|3625|3636|3637|3638|3640|3641|3642|3645|3646|3648|3657|3662|3668|3674|3677|3678|3686|3687,12.488721804511279,True
instance_0010.txt,af_useful_order-null_prune-multi,606,133,1313,757|1563|853|1317|1109|1409|791|953|1474|455|134|801|903|431|1242|593|249|714|521|927|1033|1535|418|1432|754|1362|647|546|1092|968|907|1049|273|1454|531|588|1359|1515|24|630|1066|915|1320|282|1212|328|260|362|832|376|570|1531|747|507|523|1489|1159|119|976|1415|206|1010|1495|1251|158|498|515|564|487|1304|122|1144|1562|883|1029|909|79|937|1520|59|1186|689|256|662|1205|1254|1297|185|468|1280|1547|766|1393|1471|17|321|626|866|865|820|1222|1451|1440|454|769|1487|1438|267|746|581|981|1083|908|1398|904|638|243|634|192|535|1379|1446|1423|1167|12|1543|504|352|347|1345|965|28|375|511|337|763|1063|432|298|1484|38|398|1357|807|1143|1065|1315|987|1389|977|537|1040|1305|72|1303|910|551|1275|960|33|905|716|1332|1582|696|189|1077|1241|645|1564|783|1249|1216|547|1248|1050|382|284|718|20|1166|724|1185|677|870|254|1592|843|159|1548|1089|1586|1584|517|738|433|228|1168|1595|1229|668|460|1255|594|491|970|371|286|172|601|612|773|1463|838|877|1002|276|1174|951|1178|236|985|106|380|902|781|2|568|113|852|1480|826|188|602|772|541|665|480|1001|882|1026|372|1053|149|764|438|1402|1191|208|1221|355|1204|1294|1381|63|1383|590|266|948|132|440|396|1392|552|1035|1067|1386|1232|326|1091|1456|642|1225|705|730|212|86|356|93|1380|1108|1277|982|1141|7|869|61|816|1079|795|513|125|1146|178|1326|729|847|623|475|69|1538|302|53|919|43|23|818|1406|663|851|1498|952|1399|1318|44|60|117|893|989|401|1312|652|1182|860|1366|676|1470|88|1113|1190|1505|1162|924|1130|402|373|780|1058|1131|1384|1243|1371|1181|514|1453|528|459|166|234|290|400|833|873|447|961|1300|1455|1413|201|116|615|437|1060|931|250|906|1220|1062|787|90|1011|275|963|154|1020|1311|1096|1476|168|1219|445|1445|698|586|978|1344|855|1310|798|167|993|582|745|518|1137|548|1200|423|1269|1322|553|225|1542|1411|1250|233|1578|1579|621|1019|994|1184|1437|914|632|1478|1544|73|1196|231|1227|812|1257|62|207|1264|1149|1073|654|1273|957|673|565|788|1076|1093|624|606|223|739|1485|408|1572|1360|1514|1532|320|880|578|1494|760|241|203|1223|264|1110|490|179|1458|516|1188|1163|390|39|1521|984|973|295|214|1007|1071|427|68|1211|471|221|1472|809|361|170|140|1551|782|329|709|1412|1313|703|1590|1426|640|604|315|4|366|550|1447|164|512|1228|463|997|1361|1260|686|1111|849|483|1410|858|157|622|218|792|305|215|1267|296|83|299|1094|1468|377|246|635|1491|1583|848|1347|387|983|598|932|1027|776|187|251|22|177|91|1435|1306|397|539|486|277|216|430|1334|472|1597|1518|1364|1102|808|1450|176|1230|1554|687|1316|1396|5|600|1342|879|1180|802|1165|1422|1337|1541|1552|1296|456|1465|1238|876|962|830|1192|864|227|1576|238|1427|1336|283|1327|542|488|194|115|333|1021|130|150|57|966|317|1139|451|1009|1346|394|270,241|240|4|354|42|308|2|3|9|212|16|21|205|131|343|36|211|68|199|138|300|295|0|309|256|296|379|363|23|78|88|311|190|257|53|77|182|266|323|19|132|341|158|172|188|206|273|27|98|191|243|283|289|20|80|109|169|338|62|147|239|327|334|46|153|157|167|224|324|1|39|79|81|114|184|237|267|288|67|92|129|170|202|215|246|279|285|45|65|110|113|125|127|144|163|173|197|200|281|298|111|124|218|280|294|373|18|30|33|96|140|203|255|293|337|342|374|35|49|83|115|186|333|368|168|185|231|251|253|322|339|177|225,0|7|10|11|12|13|17|18|19|23|24|25|28|30|36|37|39|40|47|48|50|51|56|58|60|63|67|70|73|74|75|79|81|82|83|84|85|87|88|89|91|92|99|100|109|113|115|122|123|133|135|137|140|142|143|144|146|154|161|163|164|166|168|172|174|178|179|182|185|196|199|200|202|203|205|206|207|208|217|222|223|224|231|234|237|239|241|244|247|249|250|252|254|255|257|259|261|267|269|272|273|276|280|282|283|286|288|290|291|297|301|302|304|307|309|310|312|314|316|321|322|323|326|328|332|334|335|336|337|343|344|345|347|348|352|356|357|360|361|365|366|372|375|378|380|382|386|387|388|391|392|395|397|399|402|407|409|413|416|419|423|424|425|426|428|430|432|435|436|437|443|444|445|446|454|455|463|465|468|471|472|473|475|477|478|479|480|481|483|484|491|492|494|495|499|505|506|507|508|509|510|514|517|520|526|531|534|536|540|549|550|553|555|556|558|563|565|566|574|575|576|577|578|584|586|587|588|589|590|591|594|597|599|600|601|602|603|604|605|607|609|613|614|615|618|620|622|629|630|632|633|634|636|638|639|640|642|643|648|649|651|652|653|655|657|662|663|666|669|671|672|675|677|680|681|683|686|692|693|703|704|705|709|710|711|712|716|717|719|721|727|728|733|736|737|740|742|744|745|748|749|751|755|759|764|765|766|767|774|778|780|783|784|786|789|793|794|797|798|800|803|804|806|810|812|813|816|817|818|820|824|829|830|832|836|837|839|840|844|848|849|850|855|858|860|862|865|866|874|875|876|877|884|886|892|902|904|909|910|912|916|917|920|926|933|934|935|936|937|938|939|941|942|947|954|955|956|958|959|964|966|969|971|972|979|980|981|995|996|998|999|1004|1007|1010|1013|1014|1015|1018|1019|1021|1025|1029|1035|1036|1039|1041|1043|1044|1046|1048|1050|1053|1054|1059|1060|1067|1070|1072|1073|1074|1080|1083|1085|1088|1090|1091|1094|1095|1099|1101|1103|1107|1108|1110|1111|1114|1123|1127|1128|1130|1134|1135|1137|1140|1141|1142|1149|1151|1154|1156|1158|1163|1165|1169|1171|1173|1177|1179|1180|1181|1183|1184|1185|1196|1199|1200|1208|1215|1218|1221|1222|1225|1226|1227|1238|1242|1244|1245|1248|1255|1258|1261|1263|1264|1265|1267|1271|1275|1280|1284|1285|1286|1288|1291|1293|1301|1302|1310|1311|1313|1314|1319|1325|1326|1327|1332|1356|1357|1359|1360|1361|1365|1366|1371|1375|1376|1379|1382|1383|1385|1390|1391|1393|1394|1396|1398|1406|1407|1408|1411|1415|1419|1420|1423|1428|1431|1433|1434|1437|1439|1441|1444|1453|1454|1456|1462|1471|1474|1476|1482|1497|1502|1505|1509|1510|1517|1518|1520|1521|1523|1524|1526|1529|1531|1533|1539|1542|1545|1548|1554|1558|1561|1566|1573|1575|1577|1587|1590|1591|1592|1598|1601|1609|1613|1616|1618|1620|1622|1627|1628|1638|1639|1641|1642|1643|1652|1654|1655|1656|1660|1663|1664|1670|1672|1675|1677|1681|1683|1685|1687|1690|1692|1694|1696|1700|1704|1705|1706|1707|1715|1718|1720|1721|1723|1725|1730|1733|1735|1736|1739|1740|1742|1743|1744|1748|1749|1751|1754|1756|1760|1761|1767|1768|1772|1781|1784|1787|1789|1791|1795|1797|1799|1802|1803|1811|1812|1815|1818|1819|1824|1828|1829|1831|1832|1833|1834|1839|1841|1842|1843|1848|1849|1852|1854|1855|1856|1857|1859|1861|1862|1864|1865|1866|1869|1872|1873|1876|1878|1883|1885|1886|1890|1891|1893|1894|1896|1902|1914|1917|1922|1923|1927|1929|1930|1934|1937|1944|1946|1947|1948|1953|1954|1956|1960|1962|1963|1966|1975|1980|1985|1991|1993|1999|2001|2002|2004|2011|2019|2020|2023|2026|2033|2034|2035|2036|2037|2039|2040|2042|2046|2049|2053|2054|2055|2057|2059|2062|2063|2064|2065|2067|2076|2077|2078|2079|2086|2093|2094|2096|2097|2098|2100|2102|2105|2110|2111|2113|2114|2117|2121|2123|2125|2133|2134|2139|2142|2143|2145|2150|2153|2155|2157|2158|2167|2168|2170|2171|2174|2175|2176|2183|2186|2188|2191|2192|2193|2199|2206|2208|2212|2213|2214|2215|2217|2218|2219|2228|2229|2232|2234|2235|2244|2247|2248|2257|2260|2263|2265|2266|2268|2274|2275|2277|2279|2281|2282|2284|2291|2295|2297|2298|2300|2301|2304|2306|2307|2309|2315|2318|2319|2320|2323|2329|2331|2332|2334|2337|2338|2339|2346|2349|2355|2356|2357|2360|2362|2364|2368|2375|2379|2381|2382|2383|2386|2390|2391|2393|2398|2401|2410|2413|2414|2416|2419|2420|2422|2425|2427|2436|2438|2439|2441|2448|2452|2457|2458|2469|2471|2475|2484|2485|2488|2494|2497|2499|2501|2506|2508|2515|2517|2520|2522|2523|2529|2530|2532|2537|2539|2545|2546|2548|2549|2551|2558|2561|2565|2567|2571|2572|2574|2575|2576|2581|2583|2585|2586|2587|2590|2593|2595|2596|2601|2604|2605|2606|2608|2618|2619|2621|2623|2624|2626|2628|2630|2631|2638|2639|2642|2651|2654|2672|2673|2676|2677|2684|2687|2690|2692|2694|2696|2699|2705|2706|2711|2712|2713|2714|2718|2719|2723|2726|2727|2730|2736|2740|2742|2745|2746|2748|2757|2759|2761|2762|2766|2775|2778|2780|2781|2789|2790|2797|2805|2807|2808|2810|2814|2824|2825|2826|2827|2829|2833|2837|2842|2843|2851|2860|2863|2864|2867|2868|2871|2872|2873|2874|2878|2881|2882|2884|2885|2889|2891|2894|2901|2906|2907|2913|2915|2917|2924|2928|2931|2935|2937|2938|2940|2942|2943|2944|2945|2948|2951|2954|2955|2956|2957|2958|2961|2964|2965|2966|2972|2976|2978|2981|2983|2988|2989|2990|2996|2997|2998|3000|3001|3002|3003|3006|3007|3009|3011|3012|3013|3015|3022|3026|3031|3032|3033|3036|3037|3039|3041|3047|3048|3049|3051|3052|3056|3059|3063|3067|3068|3069|3073|3076|3082|3084|3089|3094|3095|3096|3097|3100|3102|3103|3108|3109|3110|3115|3117|3118|3125|3128|3129|3136|3137|3140|3145|3146|3148|3149|3152|3162|3164|3165|3167|3168|3169|3170|3176|3177|3179|3181|3183|3189|3191|3193|3198|3200|3203|3204|3209|3210|3216|3217|3220|3223|3224|3225|3227|3228|3229|3230|3232|3236|3238|3240|3243|3244|3246|3253|3258|3259|3260|3263|3264|3265|3270|3271|3276|3277|3279|3281|3284|3286|3289|3292|3295|3296|3298|3300|3301|3303|3304|3305|3306|3308|3310|3311|3312|3313|3314|3322|3323|3326|3328|3329|3330|3331|3333|3335|3336|3339|3344|3345|3360|3362|3363|3371|3373|3378|3379|3380|3381|3382|3384|3386|3388|3393|3402|3404|3406|3413|3419|3420|3421|3429|3430|3436|3442|3448|3453|3454|3455|3458|3461|3462|3463|3466|3472|3474|3475|3477|3479|3480|3481|3482|3485|3486|3487|3489|3497|3499|3501|3509|3512|3516|3525|3526|3528|3529|3534|3536|3537|3538|3540|3545|3551|3552|3553|3556|3558|3560|3565|3566|3569|3573|3574|3577|3580|3584|3585|3591|3601|3604|3605|3607|3609|3610|3612|3613|3614|3620|3622|3624|3625|3636|3637|3638|3640|3641|3642|3645|3646|3648|3657|3662|3668|3674|3677|3678|3686|3687,12.488721804511279,True
instance_0010.txt,afe_useful_order-desc_prune-multi,606,133,1314,2|4|5|7|12|17|20|22|23|24|28|33|38|39|43|44|53|57|59|60|61|62|63|68|69|72|73|79|83|86|88|90|91|93|106|113|115|116|117|119|122|125|130|132|134|140|149|150|154|157|158|159|164|166|167|168|170|172|176|177|178|179|185|187|188|189|192|194|201|203|206|207|208|214|215|216|218|221|223|225|227|228|231|233|234|236|238|241|243|246|249|250|251|254|256|260|264|266|267|270|273|275|276|277|282|283|284|286|290|295|296|298|299|302|305|315|317|320|321|326|328|329|333|337|347|352|355|356|361|362|366|371|372|373|375|376|377|380|382|387|390|394|396|397|398|400|401|402|408|418|423|427|430|431|432|433|437|438|440|445|447|451|454|455|456|459|460|463|468|471|472|475|480|483|486|487|488|490|491|497|498|504|507|511|512|513|514|515|516|517|518|521|523|528|531|535|537|539|541|542|546|547|548|550|551|552|553|564|565|568|570|578|581|582|586|588|590|593|594|598|600|601|602|604|606|612|615|621|622|623|624|626|630|632|634|635|638|640|642|645|647|652|654|662|663|665|668|673|676|677|686|687|689|696|698|703|705|709|714|716|718|724|729|730|738|739|745|746|747|754|757|760|763|764|766|769|772|773|776|780|781|782|783|787|788|791|792|795|798|801|802|807|808|809|812|816|818|820|826|830|832|833|838|843|847|848|849|851|852|853|855|858|860|864|865|866|869|870|873|876|877|879|880|882|883|893|902|903|904|905|906|907|908|909|910|914|915|919|924|927|931|932|937|948|951|952|953|957|960|961|962|963|965|966|968|970|973|976|977|978|981|982|983|984|985|987|989|993|994|997|1001|1002|1007|1009|1010|1011|1019|1020|1021|1026|1027|1029|1033|1035|1040|1049|1050|1053|1058|1060|1062|1063|1065|1066|1067|1071|1073|1076|1077|1079|1083|1089|1091|1092|1093|1094|1096|1102|1108|1109|1110|1111|1113|1130|1131|1137|1139|1141|1143|1144|1146|1149|1159|1162|1163|1165|1166|1167|1168|1174|1178|1180|1181|1182|1184|1185|1186|1188|1190|1191|1192|1196|1200|1204|1205|1211|1212|1216|1219|1220|1221|1222|1223|1225|1227|1228|1229|1230|1232|1238|1241|1242|1243|1248|1249|1250|1251|1254|1255|1257|1260|1264|1267|1269|1273|1275|1277|1280|1294|1296|1297|1300|1303|1304|1305|1306|1310|1311|1312|1313|1315|1316|1317|1318|1320|1322|1326|1327|1332|1334|1336|1337|1342|1344|1345|1346|1347|1357|1359|1360|1361|1362|1364|1366|1371|1379|1380|1381|1383|1384|1386|1389|1392|1393|1396|1398|1399|1402|1406|1409|1410|1411|1412|1413|1415|1422|1423|1426|1427|1432|1435|1437|1438|1440|1445|1446|1447|1450|1451|1453|1454|1455|1456|1458|1463|1465|1468|1470|1471|1472|1474|1476|1478|1480|1484|1485|1487|1489|1491|1494|1495|1498|1505|1514|1515|1518|1520|1521|1531|1532|1535|1538|1541|1542|1543|1544|1547|1548|1551|1552|1554|1562|1563|1564|1572|1576|1578|1579|1582|1583|1584|1586|1590|1592|1595|1597,241|240|4|354|42|308|2|3|212|9|16|21|205|131|343|36|211|68|199|138|300|295|0|309|256|296|379|363|23|78|88|311|190|257|53|77|182|266|323|19|132|327|158|188|206|273|341|27|96|191|243|283|289|79|80|109|167|224|172|239|338|20|30|46|98|157|169|324|334|1|39|62|81|114|147|184|237|267|288|65|67|92|129|170|202|215|279|285|45|110|113|125|127|144|163|173|200|246|281|49|111|153|197|218|280|294|373|18|33|124|140|203|255|293|298|337|342|374|35|83|115|186|333|368|168|185|231|251|253|322|339|177|225,0|7|10|11|12|13|17|18|19|23|24|25|28|30|36|37|39|40|47|48|50|51|56|58|60|63|67|70|73|74|75|79|81|82|83|84|85|87|88|89|91|92|99|100|109|113|115|122|123|133|135|137|140|142|143|144|146|154|161|163|164|166|168|172|174|178|179|182|185|196|199|200|202|203|205|206|207|208|217|222|223|224|231|234|237|239|241|244|247|249|250|252|254|255|257|259|261|267|269|272|273|276|280|282|283|286|288|290|291|297|301|302|304|307|309|310|312|314|316|321|322|323|326|328|332|334|335|336|337|343|344|345|347|348|352|356|357|360|361|365|366|372|375|378|380|382|386|387|388|391|392|395|397|399|402|407|409|413|416|419|423|424|425|426|428|430|432|435|436|437|443|444|445|446|454|455|463|465|468|471|472|473|475|477|478|479|480|481|483|484|491|492|494|495|499|505|506|507|508|509|510|514|517|520|526|531|534|536|540|549|550|553|555|556|558|563|565|566|574|575|576|577|578|584|586|587|588|589|590|591|594|597|599|600|601|602|603|604|605|607|609|613|614|615|618|620|622|629|630|632|633|634|636|638|639|640|642|643|648|649|651|652|653|655|657|662|663|666|669|671|672|675|677|680|681|683|686|692|693|703|704|705|709|710|711|712|716|717|719|721|727|728|733|736|737|740|742|744|745|748|749|751|755|759|764|765|766|767|774|778|780|783|784|786|789|793|794|797|798|800|803|804|806|810|812|813|816|817|818|820|824|829|830|832|836|837|839|840|844|848|849|850|855|858|860|862|865|866|874|875|876|877|884|886|892|902|904|909|910|912|916|917|920|926|933|934|935|936|937|938|939|941|942|947|954|955|956|958|959|964|966|969|971|972|979|980|981|995|996|998|999|1004|1007|1010|1013|1014|1015|1018|1019|1021|1025|1029|1035|1036|1039|1041|1043|1044|1046|1048|1050|1053|1054|1059|1060|1067|1070|1072|1073|1074|1080|1083|1085|1088|1090|1091|1094|1095|1099|1101|1103|1107|1108|1110|1111|1114|1123|1127|1128|1130|1134|1135|1137|1140|1141|1142|1149|1151|1154|1156|1158|1163|1165|1169|1171|1173|1177|1179|1180|1181|1183|1184|1185|1196|1199|1200|1208|1215|1218|1221|1222|1225|1226|1227|1238|1242|1244|1245|1248|1255|1258|1261|1263|1264|1265|1267|1271|1275|1280|1284|1285|1286|1288|1291|1293|1301|1302|1310|1311|1313|1314|1319|1325|1326|1327|1332|1356|1357|1359|1360|1361|1365|1366|1371|1375|1376|1379|1382|1383|1385|1390|1391|1393|1394|1396|1398|1406|1407|1408|1411|1415|1419|1420|1423|1428|1431|1433|1434|1437|1439|1441|1444|1453|1454|1456|1462|1471|1474|1476|1482|1497|1502|1505|1509|1510|1517|1518|1520|1521|1523|1524|1526|1529|1531|1533|1539|1542|1545|1548|1554|1558|1561|1566|1573|1575|1577|1587|1590|1591|1592|1598|1601|1609|1613|1616|1618|1620|1622|1627|1628|1638|1639|1641|1642|1643|1652|1654|1655|1656|1660|1663|1664|1670|1672|1675|1677|1681|1683|1685|1687|1690|1692|1694|1696|1700|1704|1705|1706|1707|1715|1718|1720|1721|1723|1725|1730|1733|1735|1736|1739|1740|1742|1743|1744|1748|1749|1751|1754|1756|1760|1761|1767|1768|1772|1781|1784|1787|1789|1791|1795|1797|1799|1802|1803|1811|1812|1815|1818|1819|1824|1828|1829|1831|1832|1833|1834|1839|1841|1842|1843|1848|1849|1852|1854|1855|1856|1857|1859|1861|1862|1864|1865|1866|1869|1872|1873|1876|1878|1883|1885|1886|1890|1891|1893|1894|1896|1902|1914|1917|1922|1923|1927|1929|1930|1934|1937|1944|1946|1947|1948|1953|1954|1956|1960|1962|1963|1966|1975|1980|1985|1991|1993|1999|2001|2002|2004|2011|2019|2020|2023|2026|2033|2034|2035|2036|2037|2039|2040|2042|2046|2049|2053|2054|2055|2057|2059|2062|2063|2064|2065|2067|2076|2077|2078|2079|2086|2093|2094|2096|2097|2098|2100|2102|2105|2110|2111|2113|2114|2117|2121|2123|2125|2133|2134|2139|2142|2143|2145|2150|2153|2155|2157|2158|2167|2168|2170|2171|2174|2175|2176|2183|2186|2188|2191|2192|2193|2199|2206|2208|2212|2213|2214|2215|2217|2218|2219|2228|2229|2232|2234|2235|2244|2247|2248|2257|2260|2263|2265|2266|2268|2274|2275|2277|2279|2281|2282|2284|2291|2295|2297|2298|2300|2301|2304|2306|2307|2309|2315|2318|2319|2320|2323|2329|2331|2332|2334|2337|2338|2339|2346|2349|2355|2356|2357|2360|2362|2364|2368|2375|2379|2381|2382|2383|2386|2390|2391|2393|2398|2401|2410|2413|2414|2416|2419|2420|2422|2425|2427|2436|2438|2439|2441|2448|2452|2457|2458|2469|2471|2475|2484|2485|2488|2494|2497|2499|2501|2506|2508|2515|2517|2520|2522|2523|2529|2530|2532|2537|2539|2545|2546|2548|2549|2551|2558|2561|2565|2567|2571|2572|2574|2575|2576|2581|2583|2585|2586|2587|2590|2593|2595|2596|2601|2604|2605|2606|2608|2618|2619|2621|2623|2624|2626|2628|2630|2631|2638|2639|2642|2651|2654|2672|2673|2676|2677|2684|2687|2690|2692|2694|2696|2699|2705|2706|2711|2712|2713|2714|2718|2719|2723|2726|2727|2730|2736|2740|2742|2745|2746|2748|2757|2759|2761|2762|2766|2775|2778|2780|2781|2789|2790|2797|2805|2807|2808|2810|2814|2824|2825|2826|2827|2829|2833|2837|2842|2843|2851|2860|2863|2864|2867|2868|2871|2872|2873|2874|2878|2881|2882|2884|2885|2889|2891|2894|2901|2906|2907|2913|2915|2917|2924|2928|2931|2935|2937|2938|2940|2942|2943|2944|2945|2948|2951|2954|2955|2956|2957|2958|2961|2964|2965|2966|2972|2976|2978|2981|2983|2988|2989|2990|2996|2997|2998|3000|3001|3002|3003|3006|3007|3009|3011|3012|3013|3015|3022|3026|3031|3032|3033|3036|3037|3039|3041|3047|3048|3049|3051|3052|3056|3059|3063|3067|3068|3069|3073|3076|3082|3084|3089|3094|3095|3096|3097|3100|3102|3103|3108|3109|3110|3115|3117|3118|3125|3128|3129|3136|3137|3140|3142|3145|3146|3148|3149|3152|3162|3164|3165|3167|3168|3169|3170|3176|3177|3179|3181|3183|3189|3191|3193|3198|3200|3203|3204|3209|3210|3216|3217|3220|3223|3224|3225|3227|3228|3229|3230|3232|3236|3238|3240|3243|3244|3246|3253|3258|3259|3260|3263|3264|3265|3270|3271|3276|3277|3279|3281|3284|3286|3289|3292|3295|3296|3298|3300|3301|3303|3304|3305|3306|3308|3310|3311|3312|3313|3314|3322|3323|3326|3328|3329|3330|3331|3333|3335|3336|3339|3344|3345|3360|3362|3363|3371|3373|3378|3379|3380|3381|3382|3384|3386|3388|3393|3402|3404|3406|3413|3419|3420|3421|3429|3430|3436|3442|3448|3453|3454|3455|3458|3461|3462|3463|3466|3472|3474|3475|3477|3479|3480|3481|3482|3485|3486|3487|3489|3497|3499|3501|3509|3512|3516|3525|3526|3528|3529|3534|3536|3537|3538|3540|3545|3551|3552|3553|3556|3558|3560|3565|3566|3569|3573|3574|3577|3580|3584|3585|3591|3601|3604|3605|3607|3609|3610|3612|3613|3614|3620|3622|3624|3625|3636|3637|3638|3640|3641|3642|3645|3646|3648|3657|3662|3668|3674|3677|3678|3686|3687,12.488721804511279,True
instance_0010.txt,afe_useful_order-null_prune-multi,606,133,1314,2|4|5|7|12|17|20|22|23|24|28|33|38|39|43|44|53|57|59|60|61|62|63|68|69|72|73|79|83|86|88|90|91|93|106|113|115|116|117|119|122|125|130|132|134|140|149|150|154|157|158|159|164|166|167|168|170|172|176|177|178|179|185|187|188|189|192|194|201|203|206|207|208|214|215|216|218|221|223|225|227|228|231|233|234|236|238|241|243|246|249|250|251|254|256|260|264|266|267|270|273|275|276|277|282|283|284|286|290|295|296|298|299|302|305|315|317|320|321|326|328|329|333|337|347|352|355|356|361|362|366|371|372|373|375|376|377|380|382|387|390|394|396|397|398|400|401|402|408|418|423|427|430|431|432|433|437|438|440|445|447|451|454|455|456|459|460|463|468|471|472|475|480|483|486|487|488|490|491|497|498|504|507|511|512|513|514|515|516|517|518|521|523|528|531|535|537|539|541|542|546|547|548|550|551|552|553|564|565|568|570|578|581|582|586|588|590|593|594|598|600|601|602|604|606|612|615|621|622|623|624|626|630|632|634|635|638|640|642|645|647|652|654|662|663|665|668|673|676|677|686|687|689|696|698|703|705|709|714|716|718|724|729|730|738|739|745|746|747|754|757|760|763|764|766|769|772|773|776|780|781|782|783|787|788|791|792|795|798|801|802|807|808|809|812|816|818|820|826|830|832|833|838|843|847|848|849|851|852|853|855|858|860|864|865|866|869|870|873|876|877|879|880|882|883|893|902|903|904|905|906|907|908|909|910|914|915|919|924|927|931|932|937|948|951|952|953|957|960|961|962|963|965|966|968|970|973|976|977|978|981|982|983|984|985|987|989|993|994|997|1001|1002|1007|1009|1010|1011|1019|1020|1021|1026|1027|1029|1033|1035|1040|1049|1050|1053|1058|1060|1062|1063|1065|1066|1067|1071|1073|1076|1077|1079|1083|1089|1091|1092|1093|1094|1096|1102|1108|1109|1110|1111|1113|1130|1131|1137|1139|1141|1143|1144|1146|1149|1159|1162|1163|1165|1166|1167|1168|1174|1178|1180|1181|1182|1184|1185|1186|1188|1190|1191|1192|1196|1200|1204|1205|1211|1212|1216|1219|1220|1221|1222|1223|1225|1227|1228|1229|1230|1232|1238|1241|1242|1243|1248|1249|1250|1251|1254|1255|1257|1260|1264|1267|1269|1273|1275|1277|1280|1294|1296|1297|1300|1303|1304|1305|1306|1310|1311|1312|1313|1315|1316|1317|1318|1320|1322|1326|1327|1332|1334|1336|1337|1342|1344|1345|1346|1347|1357|1359|1360|1361|1362|1364|1366|1371|1379|1380|1381|1383|1384|1386|1389|1392|1393|1396|1398|1399|1402|1406|1409|1410|1411|1412|1413|1415|1422|1423|1426|1427|1432|1435|1437|1438|1440|1445|1446|1447|1450|1451|1453|1454|1455|1456|1458|1463|1465|1468|1470|1471|1472|1474|1476|1478|1480|1484|1485|1487|1489|1491|1494|1495|1498|1505|1514|1515|1518|1520|1521|1531|1532|1535|1538|1541|1542|1543|1544|1547|1548|1551|1552|1554|1562|1563|1564|1572|1576|1578|1579|1582|1583|1584|1586|1590|1592|1595|1597,241|240|4|354|42|308|2|3|212|9|16|21|205|131|343|36|211|68|199|138|300|295|0|309|256|296|379|363|23|78|88|311|190|257|53|77|182|266|323|19|132|327|158|188|206|273|341|27|96|191|243|283|289|79|80|109|167|224|172|239|338|20|30|46|98|157|169|324|334|1|39|62|81|114|147|184|237|267|288|65|67|92|129|170|202|215|279|285|45|110|113|125|127|144|163|173|200|246|281|49|111|153|197|218|280|294|373|18|33|124|140|203|255|293|298|337|342|374|35|83|115|186|333|368|168|185|231|251|253|322|339|177|225,0|7|10|11|12|13|17|18|19|23|24|25|28|30|36|37|39|40|47|48|50|51|56|58|60|63|67|70|73|74|75|79|81|82|83|84|85|87|88|89|91|92|99|100|109|113|115|122|123|133|135|137|140|142|143|144|146|154|161|163|164|166|168|172|174|178|179|182|185|196|199|200|202|203|205|206|207|208|217|222|223|224|231|234|237|239|241|244|247|249|250|252|254|255|257|259|261|267|269|272|273|276|280|282|283|286|288|290|291|297|301|302|304|307|309|310|312|314|316|321|322|323|326|328|332|334|335|336|337|343|344|345|347|348|352|356|357|360|361|365|366|372|375|378|380|382|386|387|388|391|392|395|397|399|402|407|409|413|416|419|423|424|425|426|428|430|432|435|436|437|443|444|445|446|454|455|463|465|468|471|472|473|475|477|478|479|480|481|483|484|491|492|494|495|499|505|506|507|508|509|510|514|517|520|526|531|534|536|540|549|550|553|555|556|558|563|565|566|574|575|576|577|578|584|586|587|588|589|590|591|594|597|599|600|601|602|603|604|605|607|609|613|614|615|618|620|622|629|630|632|633|634|636|638|639|640|642|643|648|649|651|652|653|655|657|662|663|666|669|671|672|675|677|680|681|683|686|692|693|703|704|705|709|710|711|712|716|717|719|721|727|728|733|736|737|740|742|744|745|748|749|751|755|759|764|765|766|767|774|778|780|783|784|786|789|793|794|797|798|800|803|804|806|810|812|813|816|817|818|820|824|829|830|832|836|837|839|840|844|848|849|850|855|858|860|862|865|866|874|875|876|877|884|886|892|902|904|909|910|912|916|917|920|926|933|934|935|936|937|938|939|941|942|947|954|955|956|958|959|964|966|969|971|972|979|980|981|995|996|998|999|1004|1007|1010|1013|1014|1015|1018|1019|1021|1025|1029|1035|1036|1039|1041|1043|1044|1046|1048|1050|1053|1054|1059|1060|1067|1070|1072|1073|1074|1080|1083|1085|1088|1090|1091|1094|1095|1099|1101|1103|1107|1108|1110|1111|1114|1123|1127|1128|1130|1134|1135|1137|1140|1141|1142|1149|1151|1154|1156|1158|1163|1165|1169|1171|1173|1177|1179|1180|1181|1183|1184|1185|1196|1199|1200|1208|1215|1218|1221|1222|1225|1226|1227|1238|1242|1244|1245|1248|1255|1258|1261|1263|1264|1265|1267|1271|1275|1280|1284|1285|1286|1288|1291|1293|1301|1302|1310|1311|1313|1314|1319|1325|1326|1327|1332|1356|1357|1359|1360|1361|1365|1366|1371|1375|1376|1379|1382|1383|1385|1390|1391|1393|1394|1396|1398|1406|1407|1408|1411|1415|1419|1420|1423|1428|1431|1433|1434|1437|1439|1441|1444|1453|1454|1456|1462|1471|1474|1476|1482|1497|1502|1505|1509|1510|1517|1518|1520|1521|1523|1524|1526|1529|1531|1533|1539|1542|1545|1548|1554|1558|1561|1566|1573|1575|1577|1587|1590|1591|1592|1598|1601|1609|1613|1616|1618|1620|1622|1627|1628|1638|1639|1641|1642|1643|1652|1654|1655|1656|1660|1663|1664|1670|1672|1675|1677|1681|1683|1685|1687|1690|1692|1694|1696|1700|1704|1705|1706|1707|1715|1718|1720|1721|1723|1725|1730|1733|1735|1736|1739|1740|1742|1743|1744|1748|1749|1751|1754|1756|1760|1761|1767|1768|1772|1781|1784|1787|1789|1791|1795|1797|1799|1802|1803|1811|1812|1815|1818|1819|1824|1828|1829|1831|1832|1833|1834|1839|1841|1842|1843|1848|1849|1852|1854|1855|1856|1857|1859|1861|1862|1864|1865|1866|1869|1872|1873|1876|1878|1883|1885|1886|1890|1891|1893|1894|1896|1902|1914|1917|1922|1923|1927|1929|1930|1934|1937|1944|1946|1947|1948|1953|1954|1956|1960|1962|1963|1966|1975|1980|1985|1991|1993|1999|2001|2002|2004|2011|2019|2020|2023|2026|2033|2034|2035|2036|2037|2039|2040|2042|2046|2049|2053|2054|2055|2057|2059|2062|2063|2064|2065|2067|2076|2077|2078|2079|2086|2093|2094|2096|2097|2098|2100|2102|2105|2110|2111|2113|2114|2117|2121|2123|2125|2133|2134|2139|2142|2143|2145|2150|2153|2155|2157|2158|2167|2168|2170|2171|2174|2175|2176|2183|2186|2188|2191|2192|2193|2199|2206|2208|2212|2213|2214|2215|2217|2218|2219|2228|2229|2232|2234|2235|2244|2247|2248|2257|2260|2263|2265|2266|2268|2274|2275|2277|2279|2281|2282|2284|2291|2295|2297|2298|2300|2301|2304|2306|2307|2309|2315|2318|2319|2320|2323|2329|2331|2332|2334|2337|2338|2339|2346|2349|2355|2356|2357|2360|2362|2364|2368|2375|2379|2381|2382|2383|2386|2390|2391|2393|2398|2401|2410|2413|2414|2416|2419|2420|2422|2425|2427|2436|2438|2439|2441|2448|2452|2457|2458|2469|2471|2475|2484|2485|2488|2494|2497|2499|2501|2506|2508|2515|2517|2520|2522|2523|2529|2530|2532|2537|2539|2545|2546|2548|2549|2551|2558|2561|2565|2567|2571|2572|2574|2575|2576|2581|2583|2585|2586|2587|2590|2593|2595|2596|2601|2604|2605|2606|2608|2618|2619|2621|2623|2624|2626|2628|2630|2631|2638|2639|2642|2651|2654|2672|2673|2676|2677|2684|2687|2690|2692|2694|2696|2699|2705|2706|2711|2712|2713|2714|2718|2719|2723|2726|2727|2730|2736|2740|2742|2745|2746|2748|2757|2759|2761|2762|2766|2775|2778|2780|2781|2789|2790|2797|2805|2807|2808|2810|2814|2824|2825|2826|2827|2829|2833|2837|2842|2843|2851|2860|2863|2864|2867|2868|2871|2872|2873|2874|2878|2881|2882|2884|2885|2889|2891|2894|2901|2906|2907|2913|2915|2917|2924|2928|2931|2935|2937|2938|2940|2942|2943|2944|2945|2948|2951|2954|2955|2956|2957|2958|2961|2964|2965|2966|2972|2976|2978|2981|2983|2988|2989|2990|2996|2997|2998|3000|3001|3002|3003|3006|3007|3009|3011|3012|3013|3015|3022|3026|3031|3032|3033|3036|3037|3039|3041|3047|3048|3049|3051|3052|3056|3059|3063|3067|3068|3069|3073|3076|3082|3084|3089|3094|3095|3096|3097|3100|3102|3103|3108|3109|3110|3115|3117|3118|3125|3128|3129|3136|3137|3140|3142|3145|3146|3148|3149|3152|3162|3164|3165|3167|3168|3169|3170|3176|3177|3179|3181|3183|3189|3191|3193|3198|3200|3203|3204|3209|3210|3216|3217|3220|3223|3224|3225|3227|3228|3229|3230|3232|3236|3238|3240|3243|3244|3246|3253|3258|3259|3260|3263|3264|3265|3270|3271|3276|3277|3279|3281|3284|3286|3289|3292|3295|3296|3298|3300|3301|3303|3304|3305|3306|3308|3310|3311|3312|3313|3314|3322|3323|3326|3328|3329|3330|3331|3333|3335|3336|3339|3344|3345|3360|3362|3363|3371|3373|3378|3379|3380|3381|3382|3384|3386|3388|3393|3402|3404|3406|3413|3419|3420|3421|3429|3430|3436|3442|3448|3453|3454|3455|3458|3461|3462|3463|3466|3472|3474|3475|3477|3479|3480|3481|3482|3485|3486|3487|3489|3497|3499|3501|3509|3512|3516|3525|3526|3528|3529|3534|3536|3537|3538|3540|3545|3551|3552|3553|3556|3558|3560|3565|3566|3569|3573|3574|3577|3580|3584|3585|3591|3601|3604|3605|3607|3609|3610|3612|3613|3614|3620|3622|3624|3625|3636|3637|3638|3640|3641|3642|3645|3646|3648|3657|3662|3668|3674|3677|3678|3686|3687,12.488721804511279,True
instance_0011.txt,af_useful_order-desc_prune-multi,190,62,457,107|850|109|244|375|474|79|384|631|636|160|468|341|747|54|57|217|385|764|825|885|990|996|184|273|352|406|472|499|603|813|833|968|46|56|221|342|452|601|627|744|205|238|301|464|476|580|611|651|759|766|804|862|897|929|976|1008|9|41|50|70|99|134|157|164|180|292|315|323|359|484|498|507|571|588|670|682|708|730|732|742|762|802|826|834|879|914|922|956|0|1|10|11|12|17|20|25|30|66|111|112|126|140|170|179|198|201|231|259|264|265|269|283|291|302|307|309|313|326|330|344|355|368|380|394|397|399|404|445|451|457|460|488|491|504|510|513|518|524|531|538|539|540|553|560|562|573|598|620|625|630|643|644|653|659|671|685|709|716|746|749|754|768|769|774|778|801|809|812|820|824|828|848|867|869|877|915|937|939|943|947|952|971|973|992|995|1005|1007|1009|1020,365|34|146|160|278|53|138|20|62|169|113|239|290|223|188|55|115|227|238|75|277|303|351|21|47|96|182|200|8|99|202|216|323|41|69|90|139|148|308|320|79|80|66|157|196|210|236|338|25|35|280|336|352|0|23|68|291|4|22|37|78|100,1|2|8|9|10|17|27|32|33|37|40|50|53|55|58|64|65|68|70|76|82|83|86|87|88|92|100|112|113|115|117|123|129|130|139|149|150|157|169|173|176|177|183|186|187|199|203|218|226|232|233|241|250|252|253|255|284|289|294|298|301|310|311|312|319|321|328|338|345|349|364|370|386|389|403|415|423|426|429|436|439|441|446|450|452|453|467|473|477|481|483|487|499|500|508|509|518|528|545|553|555|562|574|576|593|596|600|602|611|619|621|623|625|628|634|635|644|653|657|666|670|671|677|682|686|691|698|709|712|713|724|728|729|730|760|771|777|785|786|800|801|811|815|816|818|829|837|842|847|858|860|867|869|883|892|894|897|903|909|916|924|929|930|935|936|951|952|968|969|970|978|979|980|987|991|996|999|1004|1008|1014|1019|1033|1042|1046|1047|1049|1054|1060|1082|1085|1091|1093|1104|1109|1114|1115|1117|1121|1123|1125|1127|1135|1136|1138|1141|1144|1168|1173|1181|1195|1210|1214|1236|1238|1240|1242|1247|1253|1293|1304|1317|1329|1335|1346|1349|1355|1361|1365|1368|1371|1375|1380|1381|1386|1412|1421|1436|1442|1445|1451|1455|1457|1469|1472|1481|1488|1496|1500|1503|1513|1515|1517|1522|1524|1534|1543|1551|1555|1587|1601|1602|1605|1606|1607|1611|1618|1620|1623|1630|1631|1635|1646|1647|1648|1653|1654|1656|1664|1665|1670|1672|1674|1687|1688|1692|1697|1699|1710|1712|1718|1723|1729|1742|1743|1765|1779|1789|1810|1816|1824|1826|1829|1859|1862|1867|1868|1869|1870|1883|1884|1886|1900|1921|1925|1928|1938|1948|1953|1956|1958|1959|1966|1973|1982|1990|1996|1997|2010|2016|2021|2024|2030|2049|2056|2082|2083|2090|2095|2103|2113|2122|2123|2125|2131|2142|2145|2148|2162|2169|2170|2171|2184|2185|2192|2196|2198|2210|2219|2232|2238|2245|2247|2250|2256|2261|2264|2265|2276|2278|2282|2285|2296|2303|2307|2310|2313|2320|2324|2341|2351|2354|2367|2381|2383|2384|2405|2408|2416|2420|2425|2432|2433|2439|2440|2448|2451|2454|2455|2457|2462|2475|2476|2477|2491|2495|2505|2507|2510|2518|2519|2530|2544|2552|2554|2560|2562|2564|2574|2577|2584|2587|2588|2589|2591|2600|2610|2612|2613|2619|2621|2631|2638|2643|2650|2651|2655|2665|2667|2669|2670|2692|2710|2711|2720|2723|2734|2736|2740|2743|2747|2750|2751|2754|2756|2763|2766|2774,11.016129032258064,True
instance_0011.txt,af_useful_order-null_prune-multi,190,62,459,820|301|524|292|730|995|766|824|330|457|538|862|140|30|79|397|352|464|476|897|208|943|620|201|539|472|937|601|1|742|359|518|368|809|56|499|812|184|947|205|217|323|762|507|1008|399|17|170|659|313|636|744|1005|315|291|265|259|355|952|1009|531|452|484|385|344|802|307|746|992|342|768|625|451|708|769|996|573|460|754|749|929|488|956|273|571|126|384|922|560|46|474|111|968|112|580|804|828|160|50|611|885|685|833|627|879|180|70|25|238|164|380|813|869|643|9|553|302|157|341|877|914|850|939|498|716|764|774|588|670|109|747|66|54|107|41|630|468|491|309|513|778|631|644|11|915|653|825|198|269|134|709|682|406|20|404|221|598|1020|759|651|12|671|562|540|445|971|976|848|732|1007|264|0|10|326|231|603|99|375|283|801|867|834|179|990|244|973|510|504|826|394,365|34|146|160|278|53|138|20|62|169|113|239|290|223|188|55|69|115|227|75|277|303|351|238|21|47|96|182|202|308|8|99|216|323|41|90|139|148|320|79|80|66|157|196|200|210|236|338|25|35|280|336|352|0|23|68|291|4|22|37|78|100,1|2|8|9|10|17|27|32|33|37|40|50|53|55|58|64|65|68|70|76|82|83|86|87|88|92|100|112|113|115|117|123|129|130|139|149|150|157|169|173|176|177|183|186|187|199|203|218|226|232|233|241|250|252|253|255|284|289|294|298|301|310|311|312|319|321|328|338|345|349|364|370|386|389|403|415|423|426|429|436|439|441|446|450|452|453|467|473|477|481|483|487|499|500|508|509|518|528|545|553|555|562|574|576|593|596|600|602|611|619|621|623|625|628|634|635|644|653|657|666|670|671|677|682|686|691|698|709|712|713|724|728|729|730|760|771|777|778|785|786|800|801|811|815|816|818|829|837|842|847|858|860|867|869|883|892|894|897|903|909|916|924|929|930|935|936|951|952|968|969|970|978|979|980|987|991|996|999|1004|1008|1014|1019|1033|1042|1046|1047|1049|1054|1060|1082|1085|1091|1093|1104|1109|1114|1115|1117|1121|1123|1125|1127|1135|1136|1138|1141|1144|1168|1173|1181|1193|1195|1210|1214|1236|1238|1240|1242|1247|1253|1293|1304|1317|1329|1335|1346|1349|1355|1361|1365|1368|1371|1375|1380|1381|1386|1412|1421|1436|1442|1445|1451|1455|1457|1469|1472|1481|1488|1496|1500|1503|1513|1515|1517|1522|1524|1534|1543|1551|1555|1587|1601|1602|1605|1606|1607|1611|1618|1620|1623|1630|1631|1635|1646|1647|1648|1653|1654|1656|1664|1665|1670|1672|1674|1687|1688|1692|1697|1699|1710|1712|1718|1723|1729|1742|1743|1765|1779|1789|1810|1816|1824|1826|1829|1859|1862|1867|1868|1869|1870|1883|1884|1886|1900|1921|1925|1928|1938|1948|1953|1956|1958|1959|1966|1973|1982|1990|1996|1997|2010|2016|2021|2024|2030|2049|2056|2082|2083|2090|2095|2103|2113|2122|2123|2125|2131|2142|2145|2148|2162|2169|2170|2171|2184|2185|2192|2196|2198|2210|2219|2232|2238|2245|2247|2250|2256|2261|2264|2265|2276|2278|2282|2285|2296|2303|2307|2310|2313|2320|2324|2341|2351|2354|2367|2381|2383|2384|2405|2408|2416|2420|2425|2432|2433|2439|2440|2448|2451|2454|2455|2457|2462|2475|2476|2477|2491|2495|2505|2507|2510|2518|2519|2530|2544|2552|2554|2560|2562|2564|2574|2577|2584|2587|2588|2589|2591|2600|2610|2612|2613|2619|2621|2631|2638|2643|2650|2651|2655|2665|2667|2669|2670|2692|2710|2711|2720|2723|2734|2736|2740|2743|2747|2750|2751|2754|2756|2763|2766|2774,11.016129032258064,True
instance_0011.txt,afe_useful_order-desc_prune-multi,190,62,459,0|1|9|10|11|12|17|20|25|30|41|46|50|56|57|66|70|79|99|107|109|111|112|126|134|140|157|160|164|170|179|180|184|198|201|205|208|217|221|231|238|244|259|264|265|269|273|283|291|292|301|302|307|309|313|315|323|326|330|341|342|344|352|355|359|368|375|380|384|385|394|397|399|404|406|445|451|452|457|460|464|468|472|474|476|484|488|491|498|499|504|507|510|513|518|524|531|538|539|540|553|560|562|571|573|580|588|598|601|603|611|620|625|627|630|631|636|643|644|651|653|659|670|671|682|685|708|709|716|730|732|742|744|746|747|749|754|759|762|764|766|768|769|774|778|801|802|804|809|812|813|820|824|825|826|828|833|834|848|850|862|867|869|877|879|885|897|914|915|922|929|937|939|943|947|952|956|968|971|973|976|990|992|995|996|1005|1007|1008|1009|1020,365|34|146|160|278|53|138|20|62|169|113|239|290|223|188|55|69|115|227|75|277|303|351|238|21|47|96|182|202|308|8|99|216|323|41|90|139|148|320|79|80|66|157|196|200|210|236|338|25|35|280|336|352|0|23|68|291|4|22|37|78|100,1|2|8|9|10|17|27|32|33|37|40|50|53|55|58|64|65|68|70|76|82|83|86|87|88|92|100|112|113|115|117|123|129|130|139|149|150|157|169|173|176|177|183|186|187|199|203|218|226|232|233|241|250|252|253|255|284|289|294|298|301|310|311|312|319|321|328|338|345|349|364|370|386|389|403|415|423|426|429|436|439|441|446|450|452|453|467|473|477|481|483|487|499|500|508|509|518|528|545|553|555|562|574|576|593|596|600|602|611|619|621|623|625|628|634|635|644|653|657|666|670|671|677|682|686|691|698|709|712|713|724|728|729|730|760|771|777|778|785|786|800|801|811|815|816|818|829|837|842|847|858|860|867|869|883|892|894|897|903|909|916|924|929|930|935|936|951|952|968|969|970|978|979|980|987|991|996|999|1004|1008|1014|1019|1033|1042|1046|1047|1049|1054|1060|1082|1085|1091|1093|1104|1109|1114|1115|1117|1121|1123|1125|1127|1135|1136|1138|1141|1144|1168|1173|1181|1193|1195|1210|1214|1236|1238|1240|1242|1247|1253|1293|1304|1317|1329|1335|1346|1349|1355|1361|1365|1368|1371|1375|1380|1381|1386|1412|1421|1436|1442|1445|1451|1455|1457|1469|1472|1481|1488|1496|1500|1503|1513|1515|1517|1522|1524|1534|1543|1551|1555|1587|1601|1602|1605|1606|1607|1611|1618|1620|1623|1630|1631|1635|1646|1647|1648|1653|1654|1656|1664|1665|1670|1672|1674|1687|1688|1692|1697|1699|1710|1712|1718|1723|1729|1742|1743|1765|1779|1789|1810|1816|1824|1826|1829|1859|1862|1867|1868|1869|1870|1883|1884|1886|1900|1921|1925|1928|1938|1948|1953|1956|1958|1959|1966|1973|1982|1990|1996|1997|2010|2016|2021|2024|2030|2049|2056|2082|2083|2090|2095|2103|2113|2122|2123|2125|2131|2142|2145|2148|2162|2169|2170|2171|2184|2185|2192|2196|2198|2210|2219|2232|2238|2245|2247|2250|2256|2261|2264|2265|2276|2278|2282|2285|2296|2303|2307|2310|2313|2320|2324|2341|2351|2354|2367|2381|2383|2384|2405|2408|2416|2420|2425|2432|2433|2439|2440|2448|2451|2454|2455|2457|2462|2475|2476|2477|2491|2495|2505|2507|2510|2518|2519|2530|2544|2552|2554|2560|2562|2564|2574|2577|2584|2587|2588|2589|2591|2600|2610|2612|2613|2619|2621|2631|2638|2643|2650|2651|2655|2665|2667|2669|2670|2692|2710|2711|2720|2723|2734|2736|2740|2743|2747|2750|2751|2754|2756|2763|2766|2774,11.016129032258064,True
instance_0011.txt,afe_useful_order-null_prune-multi,190,62,459,0|1|9|10|11|12|17|20|25|30|41|46|50|56|57|66|70|79|99|107|109|111|112|126|134|140|157|160|164|170|179|180|184|198|201|205|208|217|221|231|238|244|259|264|265|269|273|283|291|292|301|302|307|309|313|315|323|326|330|341|342|344|352|355|359|368|375|380|384|385|394|397|399|404|406|445|451|452|457|460|464|468|472|474|476|484|488|491|498|499|504|507|510|513|518|524|531|538|539|540|553|560|562|571|573|580|588|598|601|603|611|620|625|627|630|631|636|643|644|651|653|659|670|671|682|685|708|709|716|730|732|742|744|746|747|749|754|759|762|764|766|768|769|774|778|801|802|804|809|812|813|820|824|825|826|828|833|834|848|850|862|867|869|877|879|885|897|914|915|922|929|937|939|943|947|952|956|968|971|973|976|990|992|995|996|1005|1007|1008|1009|1020,365|34|146|160|278|53|138|20|62|169|113|239|290|223|188|55|69|115|227|75|277|303|351|238|21|47|96|182|202|308|8|99|216|323|41|90|139|148|320|79|80|66|157|196|200|210|236|338|25|35|280|336|352|0|23|68|291|4|22|37|78|100,1|2|8|9|10|17|27|32|33|37|40|50|53|55|58|64|65|68|70|76|82|83|86|87|88|92|100|112|113|115|117|123|129|130|139|149|150|157|169|173|176|177|183|186|187|199|203|218|226|232|233|241|250|252|253|255|284|289|294|298|301|310|311|312|319|321|328|338|345|349|364|370|386|389|403|415|423|426|429|436|439|441|446|450|452|453|467|473|477|481|483|487|499|500|508|509|518|528|545|553|555|562|574|576|593|596|600|602|611|619|621|623|625|628|634|635|644|653|657|666|670|671|677|682|686|691|698|709|712|713|724|728|729|730|760|771|777|778|785|786|800|801|811|815|816|818|829|837|842|847|858|860|867|869|883|892|894|897|903|909|916|924|929|930|935|936|951|952|968|969|970|978|979|980|987|991|996|999|1004|1008|1014|1019|1033|1042|1046|1047|1049|1054|1060|1082|1085|1091|1093|1104|1109|1114|1115|1117|1121|1123|1125|1127|1135|1136|1138|1141|1144|1168|1173|1181|1193|1195|1210|1214|1236|1238|1240|1242|1247|1253|1293|1304|1317|1329|1335|1346|1349|1355|1361|1365|1368|1371|1375|1380|1381|1386|1412|1421|1436|1442|1445|1451|1455|1457|1469|1472|1481|1488|1496|1500|1503|1513|1515|1517|1522|1524|1534|1543|1551|1555|1587|1601|1602|1605|1606|1607|1611|1618|1620|1623|1630|1631|1635|1646|1647|1648|1653|1654|1656|1664|1665|1670|1672|1674|1687|1688|1692|1697|1699|1710|1712|1718|1723|1729|1742|1743|1765|1779|1789|1810|1816|1824|1826|1829|1859|1862|1867|1868|1869|1870|1883|1884|1886|1900|1921|1925|1928|1938|1948|1953|1956|1958|1959|1966|1973|1982|1990|1996|1997|2010|2016|2021|2024|2030|2049|2056|2082|2083|2090|2095|2103|2113|2122|2123|2125|2131|2142|2145|2148|2162|2169|2170|2171|2184|2185|2192|2196|2198|2210|2219|2232|2238|2245|2247|2250|2256|2261|2264|2265|2276|2278|2282|2285|2296|2303|2307|2310|2313|2320|2324|2341|2351|2354|2367|2381|2383|2384|2405|2408|2416|2420|2425|2432|2433|2439|2440|2448|2451|2454|2455|2457|2462|2475|2476|2477|2491|2495|2505|2507|2510|2518|2519|2530|2544|2552|2554|2560|2562|2564|2574|2577|2584|2587|2588|2589|2591|2600|2610|2612|2613|2619|2621|2631|2638|2643|2650|2651|2655|2665|2667|2669|2670|2692|2710|2711|2720|2723|2734|2736|2740|2743|2747|2750|2751|2754|2756|2763|2766|2774,11.016129032258064,True
instance_0012.txt,af_useful_order-desc_prune-multi,8,4,14,89|97|112|81|25|105|103|125,101|31|181|144,16|30|52|75|85|99|103|114|119|191|226|228|248|303,11.25,True
instance_0012.txt,af_useful_order-null_prune-multi,8,4,14,112|81|103|125|105|97|89|25,101|31|181|144,16|30|52|75|85|99|103|114|119|191|226|228|248|303,11.25,True
instance_0012.txt,afe_useful_order-desc_prune-multi,8,4,14,25|81|89|97|103|105|112|125,101|31|181|144,16|30|52|75|85|99|103|114|119|191|226|228|248|303,11.25,True
instance_0012.txt,afe_useful_order-null_prune-multi,8,4,14,25|81|89|97|103|105|112|125,101|31|181|144,16|30|52|75|85|99|103|114|119|191|226|228|248|303,11.25,True
instance_0013.txt,af_useful_order-desc_prune-multi,1358,14,1107,4942|7346|7356|4385|6428|3140|2596|2683|6301|1254|2954|7509|96|854|938|1338|2603|2783|3007|3599|3645|4739|5744|7993|39|93|215|617|639|672|866|1060|1297|1334|1472|1661|1666|1830|2329|2449|2512|2747|3439|3668|3876|4006|4035|4216|4278|4431|4559|4630|4645|4866|5211|5226|5241|5364|5385|5419|5577|5599|5612|5633|5774|6171|6265|6269|6381|6518|6577|6623|6756|6848|6903|6919|7198|7373|7436|7510|7546|7951|8206|8240|6|10|27|46|56|63|64|65|71|72|89|94|102|108|110|125|135|137|140|150|153|157|158|175|176|181|190|194|198|200|201|204|206|210|213|219|222|228|232|233|241|243|244|248|252|261|263|269|274|280|281|298|299|315|329|333|338|356|357|360|365|383|391|394|406|414|420|427|431|439|443|448|454|468|470|475|479|489|499|504|508|517|522|531|533|537|541|543|550|552|554|556|573|579|580|584|595|602|618|619|624|629|635|644|645|647|648|660|661|665|669|674|676|682|691|698|706|708|710|712|714|715|719|723|724|731|733|744|755|767|774|776|779|784|786|812|819|825|829|835|847|855|859|864|876|882|883|894|895|910|915|928|934|935|936|937|939|961|963|965|966|970|979|988|990|996|999|1007|1009|1019|1022|1036|1051|1058|1063|1064|1076|1102|1110|1114|1120|1125|1149|1152|1164|1168|1173|1183|1184|1186|1192|1195|1197|1198|1206|1214|1216|1222|1224|1226|1229|1234|1252|1256|1269|1273|1275|1276|1286|1293|1306|1308|1316|1318|1324|1325|1333|1336|1345|1352|1357|1373|1377|1391|1397|1399|1407|1426|1429|1431|1440|1452|1454|1458|1462|1474|1476|1480|1481|1488|1493|1502|1525|1527|1541|1551|1552|1553|1556|1569|1574|1578|1580|1586|1594|1598|1603|1618|1625|1626|1629|1633|1643|1644|1647|1652|1657|1672|1684|1690|1698|1699|1701|1712|1713|1715|1716|1719|1722|1723|1734|1736|1742|1753|1757|1761|1766|1775|1780|1784|1785|1786|1789|1799|1803|1807|1811|1818|1833|1835|1839|1840|1848|1854|1857|1866|1886|1895|1896|1901|1904|1914|1915|1917|1925|1926|1930|1938|1951|1957|1962|1971|1987|1993|1995|1996|1997|2001|2006|2012|2016|2030|2034|2036|2042|2046|2047|2052|2061|2062|2070|2079|2085|2089|2092|2094|2106|2121|2136|2137|2142|2146|2149|2161|2168|2202|2203|2213|2214|2231|2233|2235|2238|2239|2246|2249|2251|2254|2257|2260|2267|2270|2278|2298|2300|2302|2316|2320|2335|2342|2344|2345|2351|2353|2354|2372|2375|2387|2405|2427|2455|2456|2461|2462|2464|2470|2471|2478|2487|2510|2521|2524|2529|2535|2541|2546|2547|2549|2553|2567|2569|2573|2576|2582|2587|2593|2597|2599|2602|2608|2618|2619|2630|2638|2642|2647|2648|2649|2660|2662|2672|2678|2680|2682|2693|2703|2714|2720|2721|2740|2753|2760|2762|2763|2770|2773|2793|2803|2805|2808|2811|2820|2822|2827|2829|2841|2853|2866|2867|2870|2879|2898|2901|2905|2906|2907|2911|2913|2924|2927|2944|2946|2953|2955|2958|2959|2961|2966|2967|2971|2974|2979|2985|2987|2993|3008|3010|3013|3016|3019|3027|3038|3043|3067|3068|3094|3095|3099|3111|3126|3127|3143|3150|3152|3153|3174|3175|3177|3184|3189|3191|3200|3210|3216|3224|3230|3252|3254|3256|3268|3269|3281|3285|3290|3303|3311|3322|3329|3331|3333|3335|3340|3357|3362|3366|3367|3369|3373|3379|3382|3383|3397|3406|3445|3450|3453|3456|3460|3462|3470|3485|3495|3497|3498|3509|3512|3519|3521|3528|3547|3548|3553|3555|3559|3568|3578|3582|3600|3615|3629|3637|3638|3644|3649|3651|3663|3667|3669|3674|3678|3679|3684|3690|3692|3709|3716|3717|3724|3733|3741|3743|3745|3755|3768|3770|3779|3791|3794|3797|3800|3801|3817|3832|3836|3848|3849|3850|3854|3858|3864|3867|3868|3871|3874|3879|3881|3891|3892|3894|3895|3898|3903|3910|3915|3924|3929|3941|3947|3950|3952|3972|3974|3982|3997|4002|4013|4025|4033|4051|4052|4054|4064|4065|4067|4074|4076|4085|4090|4100|4102|4106|4109|4117|4122|4125|4133|4136|4140|4144|4145|4154|4164|4165|4176|4178|4180|4191|4198|4206|4211|4218|4220|4221|4222|4225|4226|4240|4251|4258|4273|4286|4294|4296|4321|4332|4335|4345|4352|4353|4367|4384|4396|4407|4410|4413|4428|4430|4432|4456|4477|4481|4485|4492|4495|4497|4499|4507|4510|4529|4530|4532|4534|4536|4544|4548|4557|4560|4564|4588|4589|4613|4622|4628|4632|4637|4640|4664|4666|4675|4690|4693|4713|4716|4724|4747|4751|4752|4755|4759|4770|4776|4783|4789|4790|4805|4814|4821|4828|4833|4840|4851|4852|4857|4859|4877|4891|4893|4899|4902|4907|4917|4920|4922|4923|4924|4925|4931|4937|4944|4964|4966|4967|4972|4986|4987|4989|4990|4992|4999|5001|5002|5004|5010|5022|5038|5041|5066|5074|5075|5087|5089|5102|5104|5114|5123|5138|5140|5143|5144|5165|5175|5177|5184|5186|5188|5189|5204|5212|5221|5227|5229|5235|5246|5264|5268|5276|5280|5284|5293|5309|5310|5315|5320|5323|5334|5345|5348|5355|5371|5374|5376|5405|5417|5426|5445|5454|5464|5467|5469|5495|5496|5514|5516|5519|5520|5525|5531|5536|5550|5564|5570|5576|5587|5605|5606|5614|5616|5618|5625|5628|5635|5642|5648|5668|5670|5671|5677|5687|5691|5705|5709|5725|5726|5731|5732|5734|5736|5739|5745|5748|5766|5767|5768|5777|5779|5790|5793|5804|5808|5810|5812|5822|5823|5831|5835|5842|5845|5848|5853|5856|5859|5861|5879|5884|5885|5886|5898|5922|5926|5930|5940|5945|5956|5961|5967|5971|5972|5976|5978|5980|5985|5986|6000|6001|6009|6012|6018|6021|6024|6029|6036|6040|6044|6047|6055|6058|6075|6077|6084|6090|6099|6103|6108|6111|6139|6153|6181|6189|6197|6198|6204|6206|6222|6227|6247|6251|6270|6271|6276|6279|6280|6285|6299|6314|6318|6319|6321|6329|6338|6339|6340|6348|6365|6376|6383|6390|6394|6399|6401|6411|6419|6422|6438|6449|6457|6458|6466|6473|6475|6479|6489|6499|6500|6501|6521|6526|6534|6536|6541|6549|6556|6561|6571|6579|6580|6583|6598|6603|6607|6614|6616|6627|6636|6643|6647|6648|6651|6657|6663|6665|6673|6674|6675|6678|6679|6684|6689|6692|6695|6697|6700|6709|6711|6713|6725|6726|6730|6734|6750|6765|6775|6776|6780|6788|6790|6792|6798|6799|6809|6812|6825|6836|6843|6847|6852|6858|6862|6865|6867|6870|6876|6883|6890|6891|6899|6902|6905|6906|6907|6909|6911|6926|6947|6957|6967|6984|7004|7008|7019|7029|7030|7033|7039|7043|7053|7060|7063|7070|7071|7074|7083|7103|7108|7114|7119|7132|7134|7135|7145|7149|7155|7161|7172|7181|7184|7194|7201|7207|7209|7212|7214|7223|7235|7253|7255|7260|7261|7278|7284|7286|7289|7300|7306|7308|7309|7313|7323|7332|7335|7353|7354|7366|7383|7387|7394|7408|7412|7416|7419|7430|7431|7432|7441|7442|7452|7453|7455|7477|7489|7492|7499|7502|7517|7532|7533|7535|7540|7550|7552|7553|7554|7555|7560|7574|7576|7606|7607|7610|7616|7617|7622|7624|7629|7630|7638|7639|7647|7687|7691|7701|7706|7719|7740|7749|7759|7783|7789|7790|7797|7803|7809|7810|7812|7815|7822|7828|7841|7872|7886|7896|7898|7912|7921|7925|7936|7938|7943|7948|7953|7958|7966|7969|7971|7974|7981|7991|7995|8003|8014|8027|8029|8030|8031|8037|8048|8052|8054|8064|8066|8076|8081|8082|8084|8095|8107|8116|8124|8126|8131|8142|8145|8152|8154|8161|8176|8180|8189|8202|8210|8211|8218|8223|8227|8234|8245|8250|8256|8267|8275|8277|8284|8287|8290|8292|8298|8314|8316|8319|8326|8347|8349|8363|8365|8374,101|9|314|311|253|389|26|343|69|2|79|375|397|56,1|3|13|24|30|32|34|38|40|52|54|56|58|63|66|77|82|84|85|103|110|118|146|159|162|167|182|192|203|210|232|233|238|241|244|250|273|274|276|287|294|296|311|328|332|344|349|350|352|355|362|364|371|400|402|420|429|434|436|447|459|469|472|475|479|495|497|511|514|515|522|523|542|545|552|554|559|562|563|574|576|580|590|597|604|617|621|624|628|632|638|668|673|676|677|685|686|692|713|720|724|745|747|749|751|755|763|772|781|794|803|805|834|836|838|839|841|850|851|858|863|889|902|906|907|908|924|956|958|965|969|973|977|982|984|985|988|992|997|999|1000|1001|1005|1007|1013|1020|1025|1036|1037|1049|1058|1067|1076|1081|1088|1089|1120|1126|1140|1161|1166|1168|1169|1171|1179|1185|1211|1224|1240|1246|1260|1264|1267|1271|1276|1278|1286|1293|1299|1305|1313|1314|1317|1323|1326|1329|1334|1340|1342|1345|1350|1352|1359|1361|1365|1367|1382|1386|1392|1395|1399|1410|1413|1416|1417|1424|1425|1437|1438|1441|1443|1444|1451|1488|1489|1495|1498|1516|1532|1533|1551|1557|1558|1571|1585|1588|1597|1600|1607|1621|1625|1627|1632|1640|1666|1671|1674|1681|1705|1706|1716|1726|1729|1740|1743|1745|1748|1758|1761|1781|1785|1790|1793|1795|1798|1799|1819|1832|1833|1835|1844|1847|1861|1867|1872|1874|1877|1881|1888|1901|1922|1923|1925|1933|1941|1950|1963|1972|1974|1980|1991|2005|2007|2011|2014|2017|2022|2023|2028|2029|2038|2039|2041|2054|2074|2075|2089|2096|2105|2114|2115|2122|2124|2125|2128|2130|2131|2139|2147|2157|2159|2161|2164|2165|2166|2177|2180|2185|2193|2197|2215|2216|2221|2224|2257|2271|2276|2277|2284|2308|2312|2323|2324|2331|2332|2340|2341|2342|2344|2347|2353|2356|2357|2361|2373|2377|2388|2389|2395|2404|2413|2417|2423|2427|2429|2433|2434|2449|2464|2473|2485|2496|2498|2499|2508|2510|2524|2528|2546|2553|2565|2578|2579|2580|2586|2591|2598|2609|2613|2615|2617|2618|2626|2631|2633|2634|2642|2646|2651|2659|2672|2673|2679|2682|2685|2694|2706|2721|2749|2750|2770|2779|2790|2791|2806|2811|2816|2817|2821|2824|2830|2839|2847|2856|2860|2869|2873|2891|2899|2900|2910|2929|2934|2936|2945|2950|2956|2958|2974|2986|2988|2992|2999|3010|3011|3015|3016|3017|3027|3040|3045|3063|3096|3099|3113|3115|3118|3128|3131|3137|3138|3139|3148|3155|3157|3158|3160|3164|3166|3167|3173|3178|3200|3201|3220|3228|3237|3238|3244|3246|3248|3253|3254|3266|3272|3278|3285|3292|3294|3298|3301|3302|3304|3323|3324|3328|3330|3340|3344|3352|3355|3367|3372|3382|3393|3399|3400|3403|3414|3427|3435|3441|3452|3455|3471|3474|3485|3493|3496|3500|3501|3508|3511|3512|3537|3542|3560|3564|3566|3569|3572|3576|3577|3579|3582|3584|3586|3587|3589|3593|3594|3596|3613|3626|3630|3631|3650|3657|3661|3668|3681|3686|3688|3693|3701|3705|3706|3710|3712|3713|3721|3723|3737|3745|3752|3762|3774|3777|3795|3799|3801|3816|3821|3822|3826|3833|3835|3836|3841|3843|3846|3848|3850|3872|3881|3892|3893|3904|3913|3918|3925|3927|3928|3929|3942|3944|3953|3955|3978|3985|3991|3997|4001|4002|4009|4017|4025|4038|4041|4048|4058|4070|4074|4079|4080|4088|4110|4119|4127|4130|4138|4139|4144|4145|4154|4169|4172|4173|4176|4185|4195|4197|4201|4210|4214|4219|4223|4227|4236|4251|4256|4258|4262|4266|4269|4297|4298|4305|4307|4323|4327|4335|4344|4346|4348|4349|4357|4363|4374|4380|4381|4392|4405|4410|4416|4424|4436|4442|4457|4468|4480|4487|4499|4500|4516|4520|4533|4535|4536|4541|4551|4566|4568|4576|4583|4593|4597|4604|4621|4622|4624|4639|4646|4649|4653|4657|4665|4674|4681|4684|4686|4694|4703|4706|4710|4715|4720|4724|4729|4740|4742|4755|4756|4757|4759|4770|4787|4790|4793|4799|4801|4808|4813|4814|4822|4826|4828|4829|4831|4849|4858|4863|4880|4882|4883|4888|4893|4895|4896|4898|4909|4933|4938|4941|4952|4958|4964|4975|4980|4987|4994|5020|5023|5026|5044|5052|5061|5065|5074|5086|5103|5116|5121|5139|5142|5150|5151|5153|5155|5158|5162|5178|5180|5184|5188|5195|5198|5204|5207|5208|5233|5244|5250|5260|5268|5271|5274|5275|5276|5277|5285|5300|5305|5306|5315|5316|5321|5345|5347|5352|5355|5358|5362|5374|5377|5390|5412|5414|5415|5418|5429|5431|5439|5442|5443|5457|5461|5464|5468|5481|5487|5492|5495|5497|5502|5504|5510|5516|5519|5523|5532|5533|5536|5537|5550|5551|5556|5560|5589|5600|5607|5610|5613|5617|5623|5624|5630|5631|5640|5649|5676|5678|5685|5697|5698|5705|5714|5719|5720|5721|5726|5737|5739|5744|5765|5770|5782|5784|5795|5800|5806|5822|5836|5843|5858|5861|5865|5868|5877|5883|5886|5896|5903|5911|5917|5918|5921|5924|5934|5938|5944|5945|5947|5948|5954|5959|5964|5965|5975|5982|5983|5995|5997|5998|6006|6018|6023|6024|6040|6044|6063|6075|6085|6087|6090|6092|6093|6095|6098|6100|6112|6117|6122|6130|6137|6149|6160|6166|6171|6177|6178|6182|6184|6188|6190|6197|6199|6209|6230|6234|6237|6248|6249|6252|6255|6259|6276|6286|6296|6304|6309|6312|6327|6333|6340|6351|6362|6373|6380|6386|6404|6414|6424|6441|6448|6450|6451|6467|6472|6477|6482|6483|6506|6527|6529|6530|6542|6545|6551|6556|6572|6573|6581|6584|6587|6588|6589|6597|6603|6604|6607|6611|6614|6628|6646|6677|6686|6689|6696|6708|6709|6712|6713|6728|6734|6736|6740|6745|6746|6747|6754|6763|6794|6802|6816|6819|6838|6852|6857|6865|6867|6874|6880|6886|6896|6899|6920|6936|6944|6950|6951|6952|6967|6968|6975|6983|6988|6989|6990|6991|6994|6999|7002|7004|7011|7018|7020|7026|7030|7039|7041|7045|7046|7055|7066|7072|7074|7077|7086|7087|7089|7093|7097|7101|7123|7133|7137|7138|7142|7147|7154|7157|7175|7192|7197|7216|7226|7230|7240|7263|7275|7293|7294|7297|7307|7333|7341|7344|7347|7348|7350|7353|7365|7372|7376|7379|7380|7383|7391|7394|7398|7408|7415|7428|7431|7434|7441|7450|7453|7458|7467|7470|7488|7500|7503|7511|7524,107.85714285714286,True
instance_0013.txt,af_useful_order-null_prune-multi,1413,15,1153,181|2137|966|3910|6489|470|4164|4497|204|2085|5848|2762|2161|7000|6|5496|5525|2911|2342|5876|6501|5229|1452|5467|1007|4384|3140|1009|6867|928|2582|56|96|7053|4920|7812|825|7427|5189|2720|5364|3779|194|1753|6812|6899|4430|2233|6269|6044|5268|2079|7759|2683|1334|2553|1699|7265|8290|1666|6365|4025|2427|8037|443|3941|5926|6103|7223|963|1957|6583|6473|915|6499|7332|6338|5940|6775|3335|5808|1325|2760|3881|1713|4258|228|5945|8275|767|7974|4588|102|3126|5714|5177|7912|7323|5625|1833|1373|4122|7309|3794|7572|7752|2747|2649|6024|8048|243|4925|5731|6301|3460|2300|2012|5810|7624|2094|7555|7909|4640|6776|4482|5464|4776|1914|157|1799|5726|7408|3153|1338|4859|5768|7740|1551|5842|1333|5074|7286|1701|7687|2596|8277|6047|71|4013|5745|3340|7951|6947|3397|244|1397|7809|333|130|6401|3094|7383|338|7289|3189|2464|784|7135|7705|1527|8297|3357|1553|4917|6809|7442|4536|1775|2913|3637|8154|8176|7430|2213|8169|635|1866|7535|3898|4783|383|6627|2820|1324|3174|5002|3903|3445|4033|682|7108|7492|7510|7872|1811|6428|6663|4990|4787|1316|6040|1183|3007|2529|3175|3224|859|4286|786|4944|233|7194|6340|4989|3450|5376|7103|6616|3679|6075|8210|3254|829|6909|2062|552|7509|3367|475|1803|1780|5235|8064|4178|3350|674|854|4942|1603|5790|2512|6270|6181|3068|5978|1480|108|6836|6730|5853|5648|5454|4564|4407|1275|46|921|1552|1672|3891|1216|8327|3801|7574|4500|7132|7886|6314|110|6709|1336|4931|2034|1647|6780|1925|4067|1886|3269|1661|1807|1168|2714|4695|1060|2793|2375|6997|6907|4840|645|6381|691|8116|2959|7235|2907|1345|7074|755|8095|6630|7797|2257|2763|1712|2047|4739|1399|489|6197|1502|776|1306|7161|1226|4240|999|6697|8082|7925|1197|7948|3331|4211|4145|6614|1917|7540|2678|7366|4125|4833|1276|7313|1114|1186|280|4353|7841|7981|2270|6479|7181|8328|7070|2549|6111|1938|8124|7353|94|4759|6419|1830|2665|714|4191|4559|882|4198|723|3008|7606|936|3451|5221|1716|1736|2042|7039|6318|2246|3709|8030|2405|2214|7550|1125|1458|1022|7477|5668|5315|1391|996|2449|7207|4273|5426|4752|6905|3379|1574|4220|4456|6713|5236|6862|6084|4278|6651|7453|8054|6957|8066|4507|5997|939|2974|533|5227|3894|1578|281|1857|5612|7553|4907|8189|3322|1930|6858|176|1962|866|315|27|5135|7971|3095|6222|8284|2121|175|257|733|5985|5856|2703|150|2587|1472|1786|624|2953|3366|8202|6692|5143|579|5445|4922|1618|7356|3268|1595|4109|6700|3797|5967|2203|4713|1214|6726|2106|1580|5723|5165|1431|4675|2898|298|6657|2979|6674|7419|5739|2838|2092|2298|7283|835|6036|5212|595|8227|6475|5217|2608|543|6675|6457|3152|2867|1690|1854|1629|4814|4805|1586|3184|198|3015|2593|190|883|4051|3547|2955|5246|1454|3177|6679|8081|4385|8052|5276|72|6556|7198|6765|1835|6000|206|5309|2070|2770|3668|6579|3871|1684|6612|8126|5211|2546|698|4176|39|6890|7552|4923|3768|1870|3974|610|2740|5320|7638|7441|6643|2944|1715|2870|7789|1723|5169|4828|3669|7284|8319|504|89|537|6009|6319|2146|2442|7958|5805|7706|5980|3004|5599|7993|3127|3216|648|4100|724|3498|4664|3640|4789|1722|5355|2680|7043|6206|7496|2693|3982|3462|7172|2811|4964|5564|3972|261|1157|5971|1626|3667|2905|7639|6865|2462|5691|4924|1102|5671|3663|669|5284|6001|990|5184|5570|2602|1625|3373|6204|135|7306|1652|3362|4770|365|2985|2805|6518|4321|7346|1357|3600|4136|6748|5986|5709|6534|3553|5687|3848|6526|3756|274|7810|2798|1734|7119|708|4106|6029|3497|2345|7701|2267|7004|4485|619|1904|4589|5793|4972|4335|6279|6798|5734|1206|7455|5642|3791|3644|2487|4481|7394|4006|1318|5822|5188|4852|394|10|7502|7028|2841|1152|7008|4902|3099|3578|2642|3915|6500|6843|6536|5495|8326|1906|213|3929|5280|7828|7387|6926|7029|4352|4431|3548|5722|5670|4529|4790|4206|6422|8003|8161|3708|3230|4622|3383|4632|1951|6012|3016|1643|65|8180|8142|7260|4225|431|1229|3864|7308|360|2089|454|5972|631|4637|6603|541|3200|8076|3858|2993|2471|219|5417|6276|5628|5823|731|580|6903|3645|4645|779|8152|5345|1657|6756|6906|4052|3519|1784|3755|6561|618|1164|1198|8336|6673|1110|4413|2302|5616|1695|1719|712|6171|3615|7212|2251|252|1598|7942|1149|7030|6265|3143|7554|7261|965|6792|7145|2567|4857|6348|7803|5922|8287|7499|2853|3954|201|1234|3651|4755|4183|4613|3678|6058|7576|4851|6449|2387|5725|8223|2061|2958|2202|6580|7898|4544|5677|8363|715|837|6678|3191|4986|672|4530|6280|242|1901|4102|6684|269|3895|8240|5859|4628|140|6315|137|3369|6883|6383|1895|5861|2885|5774|4510|4090|3111|7622|6665|1195|7431|3817|2946|5405|6438|7334|1987|6623|1556|6984|1541|5520|7822|2456|4296|5469|2254|2461|6636|1971|263|8374|4332|3067|1474|3867|522|2524|3649|4180|744|8131|639|1789|7097|7630|1254|3010|961|2513|508|2142|93|4693|8206|710|5004|1525|8250|8027|7134|2353|5348|3333|1293|6198|8234|5226|6725|894|3924|647|6077|7278|5536|4367|7966|1698|7629|3382|1240|6090|4690|5576|4294|7300|8256|5519|2455|5022|6750|7162|5961|8267|1594|3281|7071|3303|6790|4396|7652|4054|7991|4085|4216|2682|1308|5041|6695|2030|6577|2829|7783|2006|2372|248|5334|2168|4724|232|4117|7921|2052|5241|1051|2822|2597|7607|706|1063|7969|2961|1426|5736|531|6394|2618|1757|5767|7936|629|3038|1256|6285|2966|550|8314|6055|2879|5879|2510|7815|6919|5956|676|4064|6321|1019|5371|2924|299|1493|5175|6852|7546|356|6648|554|2954|1534|5886|4221|7335|8211|5102|6891|391|910|4495|1224|1766|3674|5779|1839|1818|2335|1021|4226|427|3013|2535|6339|8031|5001|3638|1481|1329|6459|6876|1476|4165|5614|7201|3210|7719|4937|774|3599|4133|847|3684|4866|2351|7155|2647|5204|6466|5144|1252|6599|1377|2541|6870|644|1407|2660|5812|7452|153|3252|2901|1058|8347|4074|63|8084|7436|448|2320|3629|3439|4345|1173|2783|2238|215|4560|5264|6247|3950|1742|6099|5976|1761|6299|7255|4893|4492|5186|5114|2638|661|602|5835|3290|8245|8365|6108|6458|1079|1429|6541|6847|1064|1995|4891|2260|2971|5705|5492|3716|4035|517|5075|1915|3043|3019|6902|6967|3836|6825|3947|1644|7063|2417|1076|4747|5140|1120|5577|6189|2344|4967|5618|6799|4477|5550|4076|7895|4992|1192|3528|5766|3555|2354|5606|4432|3997|5323|3256|2773|125|3743|7647|6647|5777|3874|357|2827|6329|3741|1996|3868|3952|2239|1297|4987|8029|4499|5123|3311|2648|2576|2630|2850|3850|5200|2278|4251|3854|6251|7533|7432|4899|5732|584|7995|2316|3849|1286|665|5087|3512|4821|3690|1848|5066|970|1222|439|6734|934|420|2329|7149|7114|1036|979|988|3717|3485|4534|1993|5831|7489|4548|5898|7209|2906|2662|4999|3692|3568|6788|2967|864|5419|3509|6411|6598|5605|5138|5657|7790|7616|210|7896|6711|938|1785|937|3879|5089|329|6399|2866|158|3453|7560|3724|1488|222|7532|1352|2753|8145|2235|7354|6018|8316|4716|6271|7214|7412|3406|2619|8292|5845|2249|3495|2599|4877|1440|6376|7253|5633|5374|5884|3892|200|6607|1840|6153|4222|7943|6502|3876|4751|3521|2672|4154|7373|8014|5104|573|4410|4966|8107|3559|7184|6911|1826|8218|6689|7033|5744|7918|6021|6571|2721|7617|6139|6390|5587|1720|2987|4002|4140|2808|2231|1273|4532|876|7691|64|2478|3027|2001|4144|819|7610|3745|2573|2136|4630|5385|2016|4666|7060|5531|556|468|2569|499|479|5885|8349|3285|7083|3329|7938|6848|4428|414|2046|8298|1569|2036|895|5293|5516|5804|7749|7953|3770|3470|5038|5310|2927|5930|7019|7517|3456|2803|6227|3733|3150|5635|5514|2547|4557|3582,101|9|314|311|253|389|26|343|69|2|79|375|397|56|93,1|3|13|24|25|30|32|34|38|40|52|54|56|58|63|66|67|77|82|84|85|103|110|118|146|159|162|167|182|192|203|210|232|233|238|241|244|250|273|274|276|287|294|296|311|328|332|344|349|350|352|355|362|364|371|400|402|420|429|434|436|447|459|469|472|475|479|495|497|511|514|515|522|523|542|545|552|554|559|562|563|570|574|576|577|580|590|597|604|606|617|621|624|628|632|638|668|673|676|677|685|686|692|713|720|724|745|747|749|751|755|763|772|781|794|803|805|834|836|838|839|841|850|851|858|863|889|902|906|907|908|924|956|958|965|969|973|977|982|984|985|988|992|997|999|1000|1001|1005|1007|1013|1020|1025|1036|1037|1049|1058|1067|1076|1081|1088|1089|1120|1126|1140|1161|1166|1168|1169|1171|1179|1185|1200|1211|1224|1240|1246|1260|1264|1267|1271|1276|1278|1286|1293|1299|1305|1313|1314|1317|1323|1326|1329|1334|1340|1342|1345|1350|1352|1359|1361|1365|1367|1382|1386|1392|1395|1399|1410|1413|1416|1417|1424|1425|1437|1438|1441|1443|1444|1451|1486|1488|1489|1495|1498|1516|1521|1523|1532|1533|1551|1557|1558|1571|1585|1588|1597|1600|1601|1607|1621|1625|1627|1632|1640|1666|1671|1674|1681|1705|1706|1716|1726|1729|1740|1743|1745|1748|1758|1761|1764|1781|1785|1790|1793|1795|1798|1799|1819|1832|1833|1835|1844|1847|1855|1861|1867|1872|1874|1877|1879|1881|1888|1901|1922|1923|1925|1933|1941|1950|1963|1972|1974|1980|1991|2005|2007|2011|2014|2015|2017|2022|2023|2028|2029|2038|2039|2041|2054|2074|2075|2089|2096|2105|2114|2115|2122|2124|2125|2128|2130|2131|2139|2147|2157|2159|2161|2164|2165|2166|2177|2180|2185|2193|2197|2215|2216|2221|2224|2257|2259|2271|2276|2277|2284|2308|2312|2323|2324|2331|2332|2340|2341|2342|2344|2347|2353|2356|2357|2361|2373|2377|2388|2389|2395|2404|2413|2417|2423|2427|2429|2433|2434|2449|2452|2464|2473|2485|2496|2498|2499|2508|2510|2524|2528|2546|2553|2565|2578|2579|2580|2586|2591|2598|2609|2613|2615|2617|2618|2626|2631|2633|2634|2642|2646|2651|2658|2659|2672|2673|2679|2682|2685|2694|2706|2721|2749|2750|2770|2776|2779|2790|2791|2792|2806|2811|2816|2817|2821|2824|2830|2839|2847|2856|2860|2863|2869|2871|2873|2887|2891|2899|2900|2910|2929|2934|2936|2945|2950|2956|2958|2974|2986|2988|2992|2999|3010|3011|3015|3016|3017|3027|3040|3045|3063|3087|3093|3096|3099|3113|3115|3118|3128|3131|3137|3138|3139|3148|3155|3157|3158|3160|3164|3166|3167|3173|3178|3200|3201|3220|3228|3237|3238|3244|3246|3248|3253|3254|3266|3272|3278|3285|3286|3292|3294|3298|3301|3302|3304|3323|3324|3328|3330|3340|3344|3352|3355|3367|3372|3382|3388|3393|3396|3399|3400|3403|3414|3427|3435|3441|3452|3455|3471|3474|3485|3493|3496|3500|3501|3508|3511|3512|3537|3542|3560|3564|3566|3569|3572|3576|3577|3579|3582|3584|3586|3587|3588|3589|3593|3594|3596|3613|3626|3630|3631|3650|3657|3661|3668|3681|3686|3688|3689|3693|3701|3705|3706|3710|3711|3712|3713|3721|3723|3737|3745|3752|3762|3774|3777|3795|3799|3801|3816|3821|3822|3826|3833|3835|3836|3841|3843|3846|3848|3850|3872|3881|3892|3893|3904|3913|3918|3925|3927|3928|3929|3942|3944|3953|3955|3978|3985|3991|3997|4001|4002|4009|4017|4025|4038|4041|4048|4058|4070|4074|4079|4080|4088|4110|4119|4127|4130|4138|4139|4144|4145|4154|4169|4172|4173|4176|4185|4195|4197|4201|4210|4214|4219|4223|4227|4234|4236|4243|4251|4256|4258|4262|4266|4269|4297|4298|4305|4307|4323|4327|4335|4344|4346|4348|4349|4357|4363|4374|4380|4381|4392|4405|4410|4416|4424|4436|4442|4457|4462|4468|4480|4487|4499|4500|4516|4520|4533|4535|4536|4541|4551|4566|4568|4576|4583|4593|4597|4604|4621|4622|4624|4639|4646|4649|4653|4657|4665|4674|4681|4684|4686|4694|4703|4706|4710|4715|4720|4724|4729|4740|4742|4755|4756|4757|4759|4770|4787|4790|4793|4799|4801|4808|4813|4814|4822|4826|4828|4829|4831|4849|4858|4863|4880|4882|4883|4888|4893|4895|4896|4898|4909|4933|4938|4941|4952|4958|4964|4975|4980|4987|4994|5020|5023|5026|5044|5052|5061|5065|5074|5086|5103|5116|5121|5134|5139|5142|5150|5151|5153|5155|5158|5162|5178|5180|5184|5188|5195|5198|5204|5207|5208|5233|5244|5250|5260|5268|5271|5274|5275|5276|5277|5283|5285|5300|5305|5306|5315|5316|5321|5345|5347|5352|5355|5358|5362|5374|5377|5389|5390|5412|5414|5415|5418|5429|5431|5439|5442|5443|5457|5461|5464|5468|5481|5487|5492|5495|5497|5502|5504|5510|5516|5519|5523|5531|5532|5533|5536|5537|5550|5551|5556|5560|5589|5600|5607|5610|5613|5617|5623|5624|5630|5631|5640|5649|5676|5678|5685|5697|5698|5705|5714|5719|5720|5721|5726|5737|5739|5744|5765|5770|5782|5784|5795|5800|5806|5822|5828|5836|5838|5843|5858|5861|5865|5868|5877|5883|5886|5896|5903|5911|5917|5918|5921|5924|5934|5938|5944|5945|5947|5948|5954|5959|5964|5965|5975|5982|5983|5995|5996|5997|5998|6006|6018|6023|6024|6040|6044|6061|6063|6075|6085|6087|6090|6092|6093|6095|6098|6100|6112|6117|6122|6130|6137|6149|6160|6166|6171|6177|6178|6182|6184|6188|6190|6197|6199|6209|6230|6234|6237|6248|6249|6252|6255|6259|6276|6286|6296|6304|6309|6312|6327|6333|6340|6351|6361|6362|6373|6380|6386|6404|6409|6414|6424|6441|6448|6450|6451|6467|6472|6477|6482|6483|6506|6527|6529|6530|6542|6545|6551|6556|6572|6573|6581|6584|6587|6588|6589|6597|6599|6603|6604|6607|6611|6614|6628|6646|6677|6686|6689|6696|6708|6709|6712|6713|6728|6734|6736|6740|6745|6746|6747|6754|6763|6794|6802|6816|6819|6838|6852|6857|6865|6867|6874|6880|6886|6896|6899|6920|6936|6944|6950|6951|6952|6967|6968|6975|6983|6988|6989|6990|6991|6994|6999|7002|7004|7011|7018|7020|7026|7030|7039|7041|7045|7046|7055|7066|7072|7074|7077|7086|7087|7089|7093|7097|7101|7123|7133|7137|7138|7142|7147|7154|7157|7175|7192|7197|7216|7226|7230|7240|7263|7275|7293|7294|7297|7301|7307|7330|7333|7341|7344|7347|7348|7350|7353|7365|7372|7376|7379|7380|7383|7391|7394|7398|7408|7415|7428|7431|7434|7441|7450|7453|7458|7467|7470|7488|7500|7503|7511|7524,104.4,True
instance_0013.txt,afe_useful_order-desc_prune-multi,1362,14,1107,6|10|27|39|46|56|63|64|65|71|72|89|93|96|102|108|110|125|135|137|140|150|153|157|158|175|176|181|190|194|198|200|201|206|210|213|215|219|222|228|232|233|243|244|248|252|261|263|269|274|281|298|299|315|329|333|338|356|357|360|365|383|391|394|414|420|427|431|439|443|448|454|468|470|475|479|489|499|504|508|517|522|531|533|537|541|543|550|552|554|556|573|579|580|584|595|602|617|618|619|624|629|635|639|644|645|647|648|661|665|669|672|674|676|682|691|698|706|708|710|712|714|715|723|724|731|733|744|755|767|774|776|779|784|786|812|819|825|835|847|854|859|864|876|882|883|894|895|910|915|928|934|936|937|938|939|961|963|965|966|970|979|988|990|996|999|1007|1009|1019|1022|1036|1051|1058|1060|1063|1064|1076|1102|1110|1114|1120|1122|1125|1149|1152|1164|1168|1173|1183|1186|1192|1195|1197|1198|1214|1216|1222|1224|1226|1229|1234|1252|1254|1256|1273|1275|1276|1286|1293|1297|1306|1316|1318|1324|1325|1333|1334|1336|1338|1345|1352|1357|1373|1377|1391|1397|1399|1407|1426|1429|1440|1452|1454|1458|1472|1474|1476|1480|1481|1488|1493|1502|1525|1527|1541|1551|1552|1553|1556|1569|1574|1578|1580|1586|1594|1598|1603|1618|1625|1626|1629|1644|1652|1657|1661|1666|1672|1684|1690|1698|1699|1701|1712|1713|1715|1716|1719|1722|1723|1734|1736|1742|1753|1757|1761|1766|1775|1780|1784|1786|1789|1799|1803|1811|1818|1830|1833|1835|1839|1840|1848|1854|1857|1866|1886|1895|1901|1904|1914|1915|1917|1925|1930|1938|1951|1957|1962|1971|1987|1993|1995|1996|2001|2006|2012|2016|2030|2034|2036|2042|2046|2047|2052|2061|2062|2070|2079|2085|2089|2094|2106|2121|2136|2137|2142|2161|2168|2202|2203|2213|2214|2231|2233|2235|2238|2239|2246|2249|2251|2254|2257|2260|2278|2280|2298|2300|2302|2316|2320|2329|2335|2342|2344|2345|2351|2353|2354|2372|2375|2387|2405|2417|2427|2449|2455|2456|2461|2462|2464|2471|2478|2487|2510|2512|2524|2529|2535|2541|2546|2547|2549|2553|2567|2569|2573|2576|2582|2587|2593|2596|2597|2599|2602|2608|2618|2619|2630|2638|2642|2647|2648|2649|2660|2662|2672|2678|2680|2682|2683|2693|2703|2714|2720|2721|2740|2747|2753|2760|2762|2763|2770|2773|2783|2793|2803|2805|2808|2811|2820|2822|2827|2829|2838|2841|2850|2853|2866|2867|2870|2879|2898|2901|2905|2906|2907|2911|2913|2924|2927|2944|2946|2953|2954|2955|2958|2959|2961|2966|2967|2971|2974|2979|2985|2987|2993|3004|3007|3008|3010|3013|3016|3019|3027|3038|3043|3067|3068|3094|3095|3099|3111|3126|3127|3140|3143|3150|3152|3153|3174|3177|3184|3189|3191|3200|3210|3216|3224|3230|3252|3254|3256|3268|3269|3281|3285|3290|3303|3311|3322|3329|3331|3333|3335|3340|3357|3362|3366|3367|3369|3373|3379|3383|3397|3406|3439|3445|3450|3451|3453|3456|3460|3462|3470|3485|3495|3497|3498|3509|3512|3519|3521|3528|3547|3548|3553|3555|3559|3568|3578|3582|3599|3600|3615|3629|3637|3638|3640|3644|3645|3646|3649|3651|3663|3667|3668|3669|3674|3678|3679|3684|3690|3692|3708|3709|3716|3717|3724|3741|3743|3745|3755|3768|3770|3777|3779|3791|3794|3797|3801|3817|3836|3848|3849|3850|3854|3858|3864|3867|3868|3871|3874|3876|3879|3881|3892|3894|3895|3898|3903|3910|3915|3924|3929|3941|3947|3950|3952|3972|3974|3982|3997|4002|4006|4013|4025|4033|4035|4051|4052|4054|4064|4067|4074|4076|4085|4090|4100|4102|4106|4109|4117|4122|4125|4133|4136|4140|4144|4145|4154|4164|4165|4176|4178|4180|4191|4198|4206|4211|4216|4221|4222|4225|4226|4240|4251|4258|4273|4278|4286|4294|4296|4321|4332|4335|4352|4353|4367|4384|4385|4396|4407|4410|4413|4428|4430|4431|4432|4456|4477|4481|4485|4492|4495|4497|4499|4507|4510|4529|4530|4532|4534|4536|4544|4548|4557|4559|4560|4564|4588|4589|4613|4622|4628|4630|4632|4637|4640|4645|4664|4666|4675|4690|4693|4713|4716|4724|4734|4739|4747|4751|4752|4755|4759|4770|4776|4783|4787|4789|4790|4805|4814|4821|4828|4833|4840|4851|4852|4857|4859|4866|4877|4891|4893|4899|4902|4907|4917|4920|4922|4923|4924|4925|4931|4937|4942|4944|4964|4966|4967|4972|4986|4987|4989|4990|4992|4999|5001|5002|5004|5010|5022|5038|5041|5066|5074|5075|5087|5089|5102|5104|5114|5123|5135|5138|5140|5143|5144|5165|5168|5169|5175|5177|5184|5186|5188|5189|5204|5211|5212|5221|5226|5227|5229|5235|5236|5241|5246|5264|5268|5276|5280|5284|5293|5309|5310|5315|5320|5323|5334|5345|5348|5355|5364|5371|5374|5376|5382|5385|5405|5417|5419|5426|5445|5454|5464|5467|5469|5495|5496|5514|5516|5519|5520|5525|5531|5534|5536|5550|5564|5570|5576|5577|5587|5599|5605|5606|5612|5614|5616|5618|5625|5628|5633|5635|5642|5648|5668|5670|5671|5677|5687|5691|5705|5709|5714|5722|5725|5726|5731|5732|5734|5736|5739|5744|5745|5748|5766|5767|5768|5774|5777|5779|5790|5793|5800|5804|5805|5808|5810|5812|5822|5823|5831|5835|5842|5845|5848|5853|5856|5859|5861|5879|5884|5885|5886|5894|5898|5922|5926|5930|5940|5945|5956|5961|5967|5971|5972|5976|5978|5980|5985|5986|5997|6000|6001|6009|6012|6018|6021|6024|6029|6036|6040|6044|6047|6055|6058|6075|6084|6090|6099|6103|6108|6111|6139|6153|6181|6189|6197|6198|6204|6206|6222|6227|6247|6251|6265|6269|6270|6271|6276|6279|6280|6285|6299|6301|6314|6318|6319|6321|6329|6338|6339|6340|6348|6365|6376|6381|6383|6390|6394|6399|6401|6411|6419|6422|6428|6438|6449|6457|6458|6466|6473|6475|6479|6489|6499|6500|6501|6518|6526|6534|6536|6541|6549|6556|6561|6571|6577|6579|6580|6583|6598|6603|6607|6611|6612|6614|6616|6623|6627|6636|6643|6647|6648|6651|6657|6663|6665|6673|6674|6675|6678|6679|6684|6689|6691|6692|6695|6697|6700|6709|6711|6713|6718|6725|6726|6730|6734|6748|6750|6756|6765|6775|6776|6780|6788|6790|6792|6798|6799|6809|6812|6825|6836|6843|6847|6848|6852|6858|6862|6865|6867|6870|6876|6883|6890|6891|6899|6902|6903|6905|6906|6907|6909|6911|6919|6926|6931|6947|6957|6966|6967|6984|6997|7000|7004|7008|7019|7029|7030|7033|7039|7043|7053|7060|7063|7070|7071|7074|7083|7103|7108|7114|7119|7132|7134|7135|7145|7149|7155|7161|7172|7181|7184|7194|7198|7201|7207|7209|7212|7214|7223|7235|7253|7255|7260|7261|7264|7278|7283|7284|7286|7289|7300|7306|7308|7309|7313|7323|7332|7334|7335|7346|7353|7354|7356|7366|7370|7373|7383|7387|7394|7408|7412|7419|7427|7430|7431|7432|7436|7441|7442|7452|7453|7455|7477|7489|7492|7496|7499|7502|7509|7510|7517|7532|7533|7535|7540|7546|7550|7552|7553|7554|7555|7560|7574|7576|7606|7607|7610|7616|7617|7622|7624|7629|7630|7638|7639|7647|7652|7687|7691|7701|7705|7706|7719|7740|7749|7752|7759|7783|7789|7790|7797|7803|7809|7810|7812|7815|7822|7828|7841|7872|7886|7896|7898|7909|7912|7921|7925|7936|7938|7942|7943|7948|7951|7953|7958|7966|7969|7971|7974|7981|7991|7993|7995|8003|8010|8014|8027|8029|8030|8031|8037|8038|8048|8052|8054|8064|8066|8076|8081|8082|8084|8089|8095|8107|8116|8124|8126|8131|8142|8145|8152|8154|8161|8169|8176|8180|8189|8202|8206|8210|8211|8218|8223|8227|8234|8240|8245|8250|8256|8267|8275|8277|8284|8287|8290|8292|8297|8298|8314|8316|8319|8326|8336|8347|8349|8363|8365|8374,101|9|314|311|253|389|26|343|69|2|79|375|397|56,1|3|13|24|30|32|34|38|40|52|54|56|58|63|66|77|82|84|85|103|110|118|146|159|162|167|182|192|203|210|232|233|238|241|244|250|273|274|276|287|294|296|311|328|332|344|349|350|352|355|362|364|371|400|402|420|429|434|436|447|459|469|472|475|479|495|497|511|514|515|522|523|542|545|552|554|559|562|563|574|576|580|590|597|604|617|621|624|628|632|638|668|673|676|677|685|686|692|713|720|724|745|747|749|751|755|763|772|781|794|803|805|834|836|838|839|841|850|851|858|863|889|902|906|907|908|924|956|958|965|969|973|977|982|984|985|988|992|997|999|1000|1001|1005|1007|1013|1020|1025|1036|1037|1049|1058|1067|1076|1081|1088|1089|1120|1126|1140|1161|1166|1168|1169|1171|1179|1185|1211|1224|1240|1246|1260|1264|1267|1271|1276|1278|1286|1293|1299|1305|1313|1314|1317|1323|1326|1329|1334|1340|1342|1345|1350|1352|1359|1361|1365|1367|1382|1386|1392|1395|1399|1410|1413|1416|1417|1424|1425|1437|1438|1441|1443|1444|1451|1488|1489|1495|1498|1516|1532|1533|1551|1557|1558|1571|1585|1588|1597|1600|1607|1621|1625|1627|1632|1640|1666|1671|1674|1681|1705|1706|1716|1726|1729|1740|1743|1745|1748|1758|1761|1781|1785|1790|1793|1795|1798|1799|1819|1832|1833|1835|1844|1847|1861|1867|1872|1874|1877|1881|1888|1901|1922|1923|1925|1933|1941|1950|1963|1972|1974|1980|1991|2005|2007|2011|2014|2017|2022|2023|2028|2029|2038|2039|2041|2054|2074|2075|2089|2096|2105|2114|2115|2122|2124|2125|2128|2130|2131|2139|2147|2157|2159|2161|2164|2165|2166|2177|2180|2185|2193|2197|2215|2216|2221|2224|2257|2271|2276|2277|2284|2308|2312|2323|2324|2331|2332|2340|2341|2342|2344|2347|2353|2356|2357|2361|2373|2377|2388|2389|2395|2404|2413|2417|2423|2427|2429|2433|2434|2449|2464|2473|2485|2496|2498|2499|2508|2510|2524|2528|2546|2553|2565|2578|2579|2580|2586|2591|2598|2609|2613|2615|2617|2618|2626|2631|2633|2634|2642|2646|2651|2659|2672|2673|2679|2682|2685|2694|2706|2721|2749|2750|2770|2779|2790|2791|2806|2811|2816|2817|2821|2824|2830|2839|2847|2856|2860|2869|2873|2891|2899|2900|2910|2929|2934|2936|2945|2950|2956|2958|2974|2986|2988|2992|2999|3010|3011|3015|3016|3017|3027|3040|3045|3063|3096|3099|3113|3115|3118|3128|3131|3137|3138|3139|3148|3155|3157|3158|3160|3164|3166|3167|3173|3178|3200|3201|3220|3228|3237|3238|3244|3246|3248|3253|3254|3266|3272|3278|3285|3292|3294|3298|3301|3302|3304|3323|3324|3328|3330|3340|3344|3352|3355|3367|3372|3382|3393|3399|3400|3403|3414|3427|3435|3441|3452|3455|3471|3474|3485|3493|3496|3500|3501|3508|3511|3512|3537|3542|3560|3564|3566|3569|3572|3576|3577|3579|3582|3584|3586|3587|3589|3593|3594|3596|3613|3626|3630|3631|3650|3657|3661|3668|3681|3686|3688|3693|3701|3705|3706|3710|3712|3713|3721|3723|3737|3745|3752|3762|3774|3777|3795|3799|3801|3816|3821|3822|3826|3833|3835|3836|3841|3843|3846|3848|3850|3872|3881|3892|3893|3904|3913|3918|3925|3927|3928|3929|3942|3944|3953|3955|3978|3985|3991|3997|4001|4002|4009|4017|4025|4038|4041|4048|4058|4070|4074|4079|4080|4088|4110|4119|4127|4130|4138|4139|4144|4145|4154|4169|4172|4173|4176|4185|4195|4197|4201|4210|4214|4219|4223|4227|4236|4251|4256|4258|4262|4266|4269|4297|4298|4305|4307|4323|4327|4335|4344|4346|4348|4349|4357|4363|4374|4380|4381|4392|4405|4410|4416|4424|4436|4442|4457|4468|4480|4487|4499|4500|4516|4520|4533|4535|4536|4541|4551|4566|4568|4576|4583|4593|4597|4604|4621|4622|4624|4639|4646|4649|4653|4657|4665|4674|4681|4684|4686|4694|4703|4706|4710|4715|4720|4724|4729|4740|4742|4755|4756|4757|4759|4770|4787|4790|4793|4799|4801|4808|4813|4814|4822|4826|4828|4829|4831|4849|4858|4863|4880|4882|4883|4888|4893|4895|4896|4898|4909|4933|4938|4941|4952|4958|4964|4975|4980|4987|4994|5020|5023|5026|5044|5052|5061|5065|5074|5086|5103|5116|5121|5139|5142|5150|5151|5153|5155|5158|5162|5178|5180|5184|5188|5195|5198|5204|5207|5208|5233|5244|5250|5260|5268|5271|5274|5275|5276|5277|5285|5300|5305|5306|5315|5316|5321|5345|5347|5352|5355|5358|5362|5374|5377|5390|5412|5414|5415|5418|5429|5431|5439|5442|5443|5457|5461|5464|5468|5481|5487|5492|5495|5497|5502|5504|5510|5516|5519|5523|5532|5533|5536|5537|5550|5551|5556|5560|5589|5600|5607|5610|5613|5617|5623|5624|5630|5631|5640|5649|5676|5678|5685|5697|5698|5705|5714|5719|5720|5721|5726|5737|5739|5744|5765|5770|5782|5784|5795|5800|5806|5822|5836|5843|5858|5861|5865|5868|5877|5883|5886|5896|5903|5911|5917|5918|5921|5924|5934|5938|5944|5945|5947|5948|5954|5959|5964|5965|5975|5982|5983|5995|5997|5998|6006|6018|6023|6024|6040|6044|6063|6075|6085|6087|6090|6092|6093|6095|6098|6100|6112|6117|6122|6130|6137|6149|6160|6166|6171|6177|6178|6182|6184|6188|6190|6197|6199|6209|6230|6234|6237|6248|6249|6252|6255|6259|6276|6286|6296|6304|6309|6312|6327|6333|6340|6351|6362|6373|6380|6386|6404|6414|6424|6441|6448|6450|6451|6467|6472|6477|6482|6483|6506|6527|6529|6530|6542|6545|6551|6556|6572|6573|6581|6584|6587|6588|6589|6597|6603|6604|6607|6611|6614|6628|6646|6677|6686|6689|6696|6708|6709|6712|6713|6728|6734|6736|6740|6745|6746|6747|6754|6763|6794|6802|6816|6819|6838|6852|6857|6865|6867|6874|6880|6886|6896|6899|6920|6936|6944|6950|6951|6952|6967|6968|6975|6983|6988|6989|6990|6991|6994|6999|7002|7004|7011|7018|7020|7026|7030|7039|7041|7045|7046|7055|7066|7072|7074|7077|7086|7087|7089|7093|7097|7101|7123|7133|7137|7138|7142|7147|7154|7157|7175|7192|7197|7216|7226|7230|7240|7263|7275|7293|7294|7297|7307|7333|7341|7344|7347|7348|7350|7353|7365|7372|7376|7379|7380|7383|7391|7394|7398|7408|7415|7428|7431|7434|7441|7450|7453|7458|7467|7470|7488|7500|7503|7511|7524,107.85714285714286,True
instance_0013.txt,afe_useful_order-null_prune-multi,1362,14,1107,6|10|27|39|46|56|63|64|65|71|72|89|93|96|102|108|110|125|135|137|140|150|153|157|158|175|176|181|190|194|198|200|201|206|210|213|215|219|222|228|232|233|243|244|248|252|261|263|269|274|281|298|299|315|329|333|338|356|357|360|365|383|391|394|414|420|427|431|439|443|448|454|468|470|475|479|489|499|504|508|517|522|531|533|537|541|543|550|552|554|556|573|579|580|584|595|602|617|618|619|624|629|635|639|644|645|647|648|661|665|669|672|674|676|682|691|698|706|708|710|712|714|715|723|724|731|733|744|755|767|774|776|779|784|786|812|819|825|835|847|854|859|864|876|882|883|894|895|910|915|928|934|936|937|938|939|961|963|965|966|970|979|988|990|996|999|1007|1009|1019|1022|1036|1051|1058|1060|1063|1064|1076|1102|1110|1114|1120|1122|1125|1149|1152|1164|1168|1173|1183|1186|1192|1195|1197|1198|1214|1216|1222|1224|1226|1229|1234|1252|1254|1256|1273|1275|1276|1286|1293|1297|1306|1316|1318|1324|1325|1333|1334|1336|1338|1345|1352|1357|1373|1377|1391|1397|1399|1407|1426|1429|1440|1452|1454|1458|1472|1474|1476|1480|1481|1488|1493|1502|1525|1527|1541|1551|1552|1553|1556|1569|1574|1578|1580|1586|1594|1598|1603|1618|1625|1626|1629|1644|1652|1657|1661|1666|1672|1684|1690|1698|1699|1701|1712|1713|1715|1716|1719|1722|1723|1734|1736|1742|1753|1757|1761|1766|1775|1780|1784|1786|1789|1799|1803|1811|1818|1830|1833|1835|1839|1840|1848|1854|1857|1866|1886|1895|1901|1904|1914|1915|1917|1925|1930|1938|1951|1957|1962|1971|1987|1993|1995|1996|2001|2006|2012|2016|2030|2034|2036|2042|2046|2047|2052|2061|2062|2070|2079|2085|2089|2094|2106|2121|2136|2137|2142|2161|2168|2202|2203|2213|2214|2231|2233|2235|2238|2239|2246|2249|2251|2254|2257|2260|2278|2280|2298|2300|2302|2316|2320|2329|2335|2342|2344|2345|2351|2353|2354|2372|2375|2387|2405|2417|2427|2449|2455|2456|2461|2462|2464|2471|2478|2487|2510|2512|2524|2529|2535|2541|2546|2547|2549|2553|2567|2569|2573|2576|2582|2587|2593|2596|2597|2599|2602|2608|2618|2619|2630|2638|2642|2647|2648|2649|2660|2662|2672|2678|2680|2682|2683|2693|2703|2714|2720|2721|2740|2747|2753|2760|2762|2763|2770|2773|2783|2793|2803|2805|2808|2811|2820|2822|2827|2829|2838|2841|2850|2853|2866|2867|2870|2879|2898|2901|2905|2906|2907|2911|2913|2924|2927|2944|2946|2953|2954|2955|2958|2959|2961|2966|2967|2971|2974|2979|2985|2987|2993|3004|3007|3008|3010|3013|3016|3019|3027|3038|3043|3067|3068|3094|3095|3099|3111|3126|3127|3140|3143|3150|3152|3153|3174|3177|3184|3189|3191|3200|3210|3216|3224|3230|3252|3254|3256|3268|3269|3281|3285|3290|3303|3311|3322|3329|3331|3333|3335|3340|3357|3362|3366|3367|3369|3373|3379|3383|3397|3406|3439|3445|3450|3451|3453|3456|3460|3462|3470|3485|3495|3497|3498|3509|3512|3519|3521|3528|3547|3548|3553|3555|3559|3568|3578|3582|3599|3600|3615|3629|3637|3638|3640|3644|3645|3646|3649|3651|3663|3667|3668|3669|3674|3678|3679|3684|3690|3692|3708|3709|3716|3717|3724|3741|3743|3745|3755|3768|3770|3777|3779|3791|3794|3797|3801|3817|3836|3848|3849|3850|3854|3858|3864|3867|3868|3871|3874|3876|3879|3881|3892|3894|3895|3898|3903|3910|3915|3924|3929|3941|3947|3950|3952|3972|3974|3982|3997|4002|4006|4013|4025|4033|4035|4051|4052|4054|4064|4067|4074|4076|4085|4090|4100|4102|4106|4109|4117|4122|4125|4133|4136|4140|4144|4145|4154|4164|4165|4176|4178|4180|4191|4198|4206|4211|4216|4221|4222|4225|4226|4240|4251|4258|4273|4278|4286|4294|4296|4321|4332|4335|4352|4353|4367|4384|4385|4396|4407|4410|4413|4428|4430|4431|4432|4456|4477|4481|4485|4492|4495|4497|4499|4507|4510|4529|4530|4532|4534|4536|4544|4548|4557|4559|4560|4564|4588|4589|4613|4622|4628|4630|4632|4637|4640|4645|4664|4666|4675|4690|4693|4713|4716|4724|4734|4739|4747|4751|4752|4755|4759|4770|4776|4783|4787|4789|4790|4805|4814|4821|4828|4833|4840|4851|4852|4857|4859|4866|4877|4891|4893|4899|4902|4907|4917|4920|4922|4923|4924|4925|4931|4937|4942|4944|4964|4966|4967|4972|4986|4987|4989|4990|4992|4999|5001|5002|5004|5010|5022|5038|5041|5066|5074|5075|5087|5089|5102|5104|5114|5123|5135|5138|5140|5143|5144|5165|5168|5169|5175|5177|5184|5186|5188|5189|5204|5211|5212|5221|5226|5227|5229|5235|5236|5241|5246|5264|5268|5276|5280|5284|5293|5309|5310|5315|5320|5323|5334|5345|5348|5355|5364|5371|5374|5376|5382|5385|5405|5417|5419|5426|5445|5454|5464|5467|5469|5495|5496|5514|5516|5519|5520|5525|5531|5534|5536|5550|5564|5570|5576|5577|5587|5599|5605|5606|5612|5614|5616|5618|5625|5628|5633|5635|5642|5648|5668|5670|5671|5677|5687|5691|5705|5709|5714|5722|5725|5726|5731|5732|5734|5736|5739|5744|5745|5748|5766|5767|5768|5774|5777|5779|5790|5793|5800|5804|5805|5808|5810|5812|5822|5823|5831|5835|5842|5845|5848|5853|5856|5859|5861|5879|5884|5885|5886|5894|5898|5922|5926|5930|5940|5945|5956|5961|5967|5971|5972|5976|5978|5980|5985|5986|5997|6000|6001|6009|6012|6018|6021|6024|6029|6036|6040|6044|6047|6055|6058|6075|6084|6090|6099|6103|6108|6111|6139|6153|6181|6189|6197|6198|6204|6206|6222|6227|6247|6251|6265|6269|6270|6271|6276|6279|6280|6285|6299|6301|6314|6318|6319|6321|6329|6338|6339|6340|6348|6365|6376|6381|6383|6390|6394|6399|6401|6411|6419|6422|6428|6438|6449|6457|6458|6466|6473|6475|6479|6489|6499|6500|6501|6518|6526|6534|6536|6541|6549|6556|6561|6571|6577|6579|6580|6583|6598|6603|6607|6611|6612|6614|6616|6623|6627|6636|6643|6647|6648|6651|6657|6663|6665|6673|6674|6675|6678|6679|6684|6689|6691|6692|6695|6697|6700|6709|6711|6713|6718|6725|6726|6730|6734|6748|6750|6756|6765|6775|6776|6780|6788|6790|6792|6798|6799|6809|6812|6825|6836|6843|6847|6848|6852|6858|6862|6865|6867|6870|6876|6883|6890|6891|6899|6902|6903|6905|6906|6907|6909|6911|6919|6926|6931|6947|6957|6966|6967|6984|6997|7000|7004|7008|7019|7029|7030|7033|7039|7043|7053|7060|7063|7070|7071|7074|7083|7103|7108|7114|7119|7132|7134|7135|7145|7149|7155|7161|7172|7181|7184|7194|7198|7201|7207|7209|7212|7214|7223|7235|7253|7255|7260|7261|7264|7278|7283|7284|7286|7289|7300|7306|7308|7309|7313|7323|7332|7334|7335|7346|7353|7354|7356|7366|7370|7373|7383|7387|7394|7408|7412|7419|7427|7430|7431|7432|7436|7441|7442|7452|7453|7455|7477|7489|7492|7496|7499|7502|7509|7510|7517|7532|7533|7535|7540|7546|7550|7552|7553|7554|7555|7560|7574|7576|7606|7607|7610|7616|7617|7622|7624|7629|7630|7638|7639|7647|7652|7687|7691|7701|7705|7706|7719|7740|7749|7752|7759|7783|7789|7790|7797|7803|7809|7810|7812|7815|7822|7828|7841|7872|7886|7896|7898|7909|7912|7921|7925|7936|7938|7942|7943|7948|7951|7953|7958|7966|7969|7971|7974|7981|7991|7993|7995|8003|8010|8014|8027|8029|8030|8031|8037|8038|8048|8052|8054|8064|8066|8076|8081|8082|8084|8089|8095|8107|8116|8124|8126|8131|8142|8145|8152|8154|8161|8169|8176|8180|8189|8202|8206|8210|8211|8218|8223|8227|8234|8240|8245|8250|8256|8267|8275|8277|8284|8287|8290|8292|8297|8298|8314|8316|8319|8326|8336|8347|8349|8363|8365|8374,101|9|314|311|253|389|26|343|69|2|79|375|397|56,1|3|13|24|30|32|34|38|40|52|54|56|58|63|66|77|82|84|85|103|110|118|146|159|162|167|182|192|203|210|232|233|238|241|244|250|273|274|276|287|294|296|311|328|332|344|349|350|352|355|362|364|371|400|402|420|429|434|436|447|459|469|472|475|479|495|497|511|514|515|522|523|542|545|552|554|559|562|563|574|576|580|590|597|604|617|621|624|628|632|638|668|673|676|677|685|686|692|713|720|724|745|747|749|751|755|763|772|781|794|803|805|834|836|838|839|841|850|851|858|863|889|902|906|907|908|924|956|958|965|969|973|977|982|984|985|988|992|997|999|1000|1001|1005|1007|1013|1020|1025|1036|1037|1049|1058|1067|1076|1081|1088|1089|1120|1126|1140|1161|1166|1168|1169|1171|1179|1185|1211|1224|1240|1246|1260|1264|1267|1271|1276|1278|1286|1293|1299|1305|1313|1314|1317|1323|1326|1329|1334|1340|1342|1345|1350|1352|1359|1361|1365|1367|1382|1386|1392|1395|1399|1410|1413|1416|1417|1424|1425|1437|1438|1441|1443|1444|1451|1488|1489|1495|1498|1516|1532|1533|1551|1557|1558|1571|1585|1588|1597|1600|1607|1621|1625|1627|1632|1640|1666|1671|1674|1681|1705|1706|1716|1726|1729|1740|1743|1745|1748|1758|1761|1781|1785|1790|1793|1795|1798|1799|1819|1832|1833|1835|1844|1847|1861|1867|1872|1874|1877|1881|1888|1901|1922|1923|1925|1933|1941|1950|1963|1972|1974|1980|1991|2005|2007|2011|2014|2017|2022|2023|2028|2029|2038|2039|2041|2054|2074|2075|2089|2096|2105|2114|2115|2122|2124|2125|2128|2130|2131|2139|2147|2157|2159|2161|2164|2165|2166|2177|2180|2185|2193|2197|2215|2216|2221|2224|2257|2271|2276|2277|2284|2308|2312|2323|2324|2331|2332|2340|2341|2342|2344|2347|2353|2356|2357|2361|2373|2377|2388|2389|2395|2404|2413|2417|2423|2427|2429|2433|2434|2449|2464|2473|2485|2496|2498|2499|2508|2510|2524|2528|2546|2553|2565|2578|2579|2580|2586|2591|2598|2609|2613|2615|2617|2618|2626|2631|2633|2634|2642|2646|2651|2659|2672|2673|2679|2682|2685|2694|2706|2721|2749|2750|2770|2779|2790|2791|2806|2811|2816|2817|2821|2824|2830|2839|2847|2856|2860|2869|2873|2891|2899|2900|2910|2929|2934|2936|2945|2950|2956|2958|2974|2986|2988|2992|2999|3010|3011|3015|3016|3017|3027|3040|3045|3063|3096|3099|3113|3115|3118|3128|3131|3137|3138|3139|3148|3155|3157|3158|3160|3164|3166|3167|3173|3178|3200|3201|3220|3228|3237|3238|3244|3246|3248|3253|3254|3266|3272|3278|3285|3292|3294|3298|3301|3302|3304|3323|3324|3328|3330|3340|3344|3352|3355|3367|3372|3382|3393|3399|3400|3403|3414|3427|3435|3441|3452|3455|3471|3474|3485|3493|3496|3500|3501|3508|3511|3512|3537|3542|3560|3564|3566|3569|3572|3576|3577|3579|3582|3584|3586|3587|3589|3593|3594|3596|3613|3626|3630|3631|3650|3657|3661|3668|3681|3686|3688|3693|3701|3705|3706|3710|3712|3713|3721|3723|3737|3745|3752|3762|3774|3777|3795|3799|3801|3816|3821|3822|3826|3833|3835|3836|3841|3843|3846|3848|3850|3872|3881|3892|3893|3904|3913|3918|3925|3927|3928|3929|3942|3944|3953|3955|3978|3985|3991|3997|4001|4002|4009|4017|4025|4038|4041|4048|4058|4070|4074|4079|4080|4088|4110|4119|4127|4130|4138|4139|4144|4145|4154|4169|4172|4173|4176|4185|4195|4197|4201|4210|4214|4219|4223|4227|4236|4251|4256|4258|4262|4266|4269|4297|4298|4305|4307|4323|4327|4335|4344|4346|4348|4349|4357|4363|4374|4380|4381|4392|4405|4410|4416|4424|4436|4442|4457|4468|4480|4487|4499|4500|4516|4520|4533|4535|4536|4541|4551|4566|4568|4576|4583|4593|4597|4604|4621|4622|4624|4639|4646|4649|4653|4657|4665|4674|4681|4684|4686|4694|4703|4706|4710|4715|4720|4724|4729|4740|4742|4755|4756|4757|4759|4770|4787|4790|4793|4799|4801|4808|4813|4814|4822|4826|4828|4829|4831|4849|4858|4863|4880|4882|4883|4888|4893|4895|4896|4898|4909|4933|4938|4941|4952|4958|4964|4975|4980|4987|4994|5020|5023|5026|5044|5052|5061|5065|5074|5086|5103|5116|5121|5139|5142|5150|5151|5153|5155|5158|5162|5178|5180|5184|5188|5195|5198|5204|5207|5208|5233|5244|5250|5260|5268|5271|5274|5275|5276|5277|5285|5300|5305|5306|5315|5316|5321|5345|5347|5352|5355|5358|5362|5374|5377|5390|5412|5414|5415|5418|5429|5431|5439|5442|5443|5457|5461|5464|5468|5481|5487|5492|5495|5497|5502|5504|5510|5516|5519|5523|5532|5533|5536|5537|5550|5551|5556|5560|5589|5600|5607|5610|5613|5617|5623|5624|5630|5631|5640|5649|5676|5678|5685|5697|5698|5705|5714|5719|5720|5721|5726|5737|5739|5744|5765|5770|5782|5784|5795|5800|5806|5822|5836|5843|5858|5861|5865|5868|5877|5883|5886|5896|5903|5911|5917|5918|5921|5924|5934|5938|5944|5945|5947|5948|5954|5959|5964|5965|5975|5982|5983|5995|5997|5998|6006|6018|6023|6024|6040|6044|6063|6075|6085|6087|6090|6092|6093|6095|6098|6100|6112|6117|6122|6130|6137|6149|6160|6166|6171|6177|6178|6182|6184|6188|6190|6197|6199|6209|6230|6234|6237|6248|6249|6252|6255|6259|6276|6286|6296|6304|6309|6312|6327|6333|6340|6351|6362|6373|6380|6386|6404|6414|6424|6441|6448|6450|6451|6467|6472|6477|6482|6483|6506|6527|6529|6530|6542|6545|6551|6556|6572|6573|6581|6584|6587|6588|6589|6597|6603|6604|6607|6611|6614|6628|6646|6677|6686|6689|6696|6708|6709|6712|6713|6728|6734|6736|6740|6745|6746|6747|6754|6763|6794|6802|6816|6819|6838|6852|6857|6865|6867|6874|6880|6886|6896|6899|6920|6936|6944|6950|6951|6952|6967|6968|6975|6983|6988|6989|6990|6991|6994|6999|7002|7004|7011|7018|7020|7026|7030|7039|7041|7045|7046|7055|7066|7072|7074|7077|7086|7087|7089|7093|7097|7101|7123|7133|7137|7138|7142|7147|7154|7157|7175|7192|7197|7216|7226|7230|7240|7263|7275|7293|7294|7297|7307|7333|7341|7344|7347|7348|7350|7353|7365|7372|7376|7379|7380|7383|7391|7394|7398|7408|7415|7428|7431|7434|7441|7450|7453|7458|7467|7470|7488|7500|7503|7511|7524,107.85714285714286,True
instance_0014.txt,af_useful_order-desc_prune-multi,1782,11,1549,157|7211|10736|7993|10844|2560|3154|7653|154|866|2715|3288|4203|5860|6534|778|3240|3461|3526|4586|5754|5924|7012|7498|7553|9555|10105|10608|173|540|692|931|1170|1299|1715|1801|1906|2133|2413|2428|2640|2738|2967|3153|3212|3241|3538|3608|3787|3958|4108|4445|4866|5502|5551|5554|5863|5923|5961|5988|6080|6203|6218|6243|6921|7022|7033|7045|7107|7350|7373|7405|7502|7616|7632|8068|8220|8238|8715|8887|8977|9290|9300|9337|9470|9686|9818|9868|10016|10106|10178|10272|10593|10658|10725|10782|10836|10957|11021|11090|11569|11571|11749|12153|12294|12368|1|11|15|34|47|48|53|56|75|77|81|102|117|119|123|125|127|135|136|143|149|196|228|241|249|251|257|266|274|281|284|294|298|310|321|330|334|335|337|373|378|379|383|385|387|388|397|405|410|415|417|423|428|429|434|459|464|476|480|481|489|492|501|512|533|537|542|562|571|573|576|579|584|586|609|610|621|624|633|651|672|674|686|687|694|697|698|708|721|733|762|770|772|774|782|784|787|803|804|805|806|813|832|846|854|857|859|862|879|888|897|900|904|907|908|912|915|928|935|938|952|956|962|963|965|968|972|975|977|984|985|1018|1020|1022|1028|1037|1039|1044|1045|1049|1062|1063|1065|1073|1077|1081|1083|1091|1096|1100|1103|1109|1110|1113|1118|1121|1137|1153|1155|1158|1160|1167|1169|1185|1217|1227|1239|1248|1249|1253|1257|1277|1286|1311|1324|1334|1335|1338|1353|1359|1375|1384|1386|1387|1390|1394|1397|1405|1407|1410|1411|1425|1432|1437|1443|1445|1448|1450|1457|1470|1473|1497|1508|1520|1536|1539|1559|1573|1579|1596|1598|1606|1612|1617|1618|1620|1626|1641|1646|1654|1658|1659|1678|1681|1689|1698|1701|1702|1703|1705|1706|1720|1722|1730|1735|1743|1749|1760|1764|1774|1775|1786|1796|1818|1844|1845|1862|1873|1879|1888|1889|1900|1901|1916|1924|1931|1950|1957|1963|1965|1966|1981|1990|1993|2012|2016|2018|2029|2034|2035|2047|2054|2060|2072|2084|2095|2100|2103|2111|2113|2117|2131|2140|2142|2143|2158|2160|2169|2171|2173|2177|2191|2194|2196|2202|2203|2206|2220|2223|2241|2252|2259|2275|2276|2279|2296|2299|2304|2319|2320|2321|2324|2331|2333|2335|2336|2342|2359|2363|2365|2369|2375|2381|2401|2407|2408|2410|2427|2441|2442|2447|2452|2459|2460|2461|2463|2468|2469|2482|2484|2501|2502|2509|2522|2532|2535|2543|2551|2552|2556|2562|2577|2579|2599|2609|2637|2662|2665|2670|2678|2687|2700|2712|2722|2729|2733|2737|2739|2742|2756|2758|2767|2768|2772|2773|2787|2789|2792|2798|2801|2826|2828|2831|2834|2841|2845|2851|2858|2863|2865|2882|2886|2889|2894|2895|2899|2900|2902|2908|2925|2930|2935|2936|2938|2942|2947|2948|2955|2981|2984|2987|2988|2993|2997|2999|3007|3023|3030|3037|3039|3046|3054|3056|3067|3076|3077|3097|3103|3106|3119|3120|3122|3125|3132|3136|3139|3144|3155|3162|3166|3171|3172|3186|3208|3225|3231|3237|3249|3261|3262|3263|3274|3275|3295|3297|3304|3307|3310|3315|3320|3323|3326|3329|3332|3351|3362|3365|3392|3400|3403|3406|3411|3422|3426|3430|3432|3433|3434|3435|3442|3448|3451|3456|3459|3465|3467|3468|3471|3478|3482|3483|3491|3496|3510|3537|3542|3548|3555|3566|3570|3578|3589|3592|3617|3620|3636|3640|3649|3655|3660|3662|3701|3707|3709|3713|3715|3720|3722|3730|3731|3752|3753|3754|3756|3763|3766|3768|3773|3776|3781|3790|3791|3793|3794|3810|3823|3836|3855|3878|3882|3884|3885|3891|3901|3919|3926|3929|3931|3932|3934|3939|3942|3944|3950|3954|3960|3963|3992|4010|4029|4043|4078|4080|4084|4117|4118|4129|4131|4132|4133|4134|4139|4143|4147|4150|4162|4164|4173|4178|4184|4212|4231|4235|4238|4241|4242|4243|4245|4263|4269|4283|4289|4296|4297|4302|4311|4328|4329|4331|4358|4364|4365|4366|4384|4386|4396|4401|4404|4405|4406|4410|4416|4419|4425|4427|4429|4432|4463|4465|4483|4492|4494|4515|4522|4528|4543|4545|4546|4566|4571|4572|4575|4581|4594|4600|4602|4605|4626|4640|4645|4651|4652|4653|4661|4669|4672|4673|4675|4698|4699|4702|4719|4722|4727|4729|4731|4732|4750|4756|4771|4775|4784|4788|4791|4795|4807|4818|4820|4821|4857|4858|4861|4867|4883|4886|4889|4893|4917|4937|4939|4957|4962|4978|4988|5002|5005|5010|5027|5028|5033|5043|5044|5046|5049|5053|5054|5064|5072|5080|5089|5099|5108|5112|5123|5128|5131|5141|5144|5152|5159|5162|5172|5173|5178|5179|5185|5188|5189|5200|5201|5203|5213|5218|5229|5231|5239|5259|5265|5267|5270|5274|5296|5297|5301|5305|5307|5309|5310|5313|5314|5335|5336|5337|5346|5350|5355|5365|5376|5380|5381|5389|5390|5410|5413|5414|5423|5428|5433|5434|5441|5444|5447|5457|5461|5468|5471|5474|5504|5509|5514|5526|5529|5560|5568|5570|5576|5583|5584|5595|5634|5636|5660|5668|5671|5679|5685|5691|5698|5699|5724|5733|5735|5738|5748|5759|5763|5770|5786|5788|5792|5800|5815|5821|5822|5837|5843|5845|5847|5852|5859|5862|5869|5879|5883|5885|5897|5901|5912|5915|5931|5938|5952|5957|5963|5964|5969|5970|5971|5977|5985|5987|6009|6025|6026|6043|6047|6049|6064|6067|6073|6097|6102|6106|6107|6119|6121|6124|6137|6149|6164|6177|6185|6192|6194|6212|6237|6241|6242|6245|6249|6254|6257|6262|6264|6293|6311|6343|6344|6349|6350|6351|6360|6363|6370|6372|6376|6377|6379|6392|6393|6405|6420|6421|6424|6425|6427|6431|6432|6445|6466|6469|6482|6483|6488|6489|6493|6506|6510|6538|6547|6550|6558|6577|6580|6586|6587|6589|6592|6597|6601|6602|6612|6619|6624|6627|6630|6631|6646|6655|6663|6676|6679|6688|6703|6704|6722|6731|6733|6736|6740|6757|6760|6763|6766|6770|6772|6773|6793|6795|6798|6799|6805|6808|6814|6815|6816|6821|6831|6833|6837|6857|6864|6867|6884|6887|6894|6915|6917|6918|6923|6925|6932|6939|6940|6941|6948|6962|6968|6981|6984|6989|6991|6993|6994|6997|7007|7019|7021|7043|7048|7050|7053|7060|7067|7069|7073|7093|7123|7126|7133|7140|7146|7155|7174|7182|7183|7188|7190|7194|7199|7205|7206|7209|7221|7224|7238|7256|7269|7270|7281|7302|7305|7320|7345|7346|7352|7356|7357|7362|7363|7365|7371|7374|7391|7398|7408|7409|7417|7431|7439|7445|7449|7455|7466|7467|7477|7480|7481|7482|7489|7497|7515|7527|7536|7546|7552|7557|7574|7581|7584|7595|7609|7610|7612|7614|7619|7621|7625|7631|7633|7634|7638|7639|7642|7652|7655|7662|7668|7680|7681|7685|7691|7699|7702|7703|7716|7719|7722|7732|7742|7787|7789|7794|7795|7798|7799|7830|7833|7848|7867|7868|7877|7880|7885|7887|7916|7928|7932|7933|7948|7960|7963|7970|7973|7994|8005|8018|8034|8059|8060|8071|8081|8085|8090|8095|8110|8115|8136|8142|8147|8155|8163|8167|8170|8183|8192|8193|8204|8217|8229|8237|8241|8257|8260|8269|8283|8284|8291|8295|8320|8322|8323|8347|8350|8373|8385|8390|8391|8408|8411|8415|8422|8436|8439|8440|8448|8449|8450|8452|8459|8460|8471|8473|8485|8507|8514|8527|8528|8541|8564|8567|8575|8577|8581|8585|8586|8590|8593|8598|8599|8601|8611|8613|8629|8630|8633|8636|8638|8662|8664|8673|8692|8695|8700|8709|8722|8724|8730|8734|8744|8745|8755|8767|8768|8771|8805|8819|8832|8849|8854|8863|8892|8905|8915|8918|8921|8935|8948|8952|8956|8967|8980|8981|8982|8987|9004|9009|9012|9017|9025|9028|9029|9030|9035|9036|9037|9040|9041|9045|9049|9057|9064|9079|9092|9094|9095|9096|9098|9119|9129|9131|9137|9139|9152|9178|9186|9189|9190|9195|9200|9203|9210|9225|9228|9230|9246|9247|9254|9255|9268|9277|9294|9296|9314|9319|9327|9330|9334|9335|9345|9346|9364|9366|9371|9373|9391|9392|9395|9398|9406|9410|9412|9425|9428|9449|9454|9464|9466|9493|9497|9499|9505|9516|9519|9521|9526|9528|9542|9550|9552|9556|9557|9559|9563|9564|9580|9587|9593|9605|9608|9610|9611|9618|9623|9628|9636|9639|9646|9662|9672|9674|9717|9729|9740|9749|9753|9760|9777|9789|9792|9793|9795|9807|9808|9817|9823|9843|9852|9865|9873|9881|9890|9906|9910|9912|9915|9919|9920|9922|9924|9927|9930|9942|9945|9952|9962|9966|9968|9996|10010|10012|10021|10026|10030|10046|10057|10058|10059|10076|10081|10083|10091|10101|10103|10118|10119|10126|10130|10137|10152|10162|10171|10172|10181|10184|10185|10200|10213|10225|10231|10245|10247|10249|10250|10255|10293|10297|10310|10311|10313|10322|10328|10357|10359|10366|10368|10379|10384|10385|10399|10411|10418|10427|10433|10434|10435|10449|10450|10458|10475|10487|10507|10517|10524|10532|10538|10549|10550|10553|10554|10555|10557|10566|10568|10569|10602|10621|10623|10626|10646|10648|10653|10661|10674|10686|10719|10721|10726|10727|10733|10734|10739|10740|10743|10745|10747|10754|10780|10784|10789|10790|10793|10802|10813|10817|10832|10837|10845|10850|10882|10885|10920|10934|10945|10948|10949|10954|10955|10967|10968|10970|10971|10978|10980|10983|10987|10989|11004|11006|11018|11041|11044|11046|11051|11052|11062|11071|11076|11078|11083|11094|11112|11124|11134|11136|11143|11164|11192|11203|11204|11205|11207|11211|11215|11219|11220|11223|11229|11236|11256|11259|11274|11276|11277|11278|11282|11293|11304|11307|11314|11344|11350|11371|11376|11386|11397|11438|11467|11468|11476|11478|11486|11506|11512|11515|11530|11542|11546|11552|11554|11564|11573|11576|11577|11580|11582|11585|11587|11598|11600|11603|11607|11609|11632|11653|11672|11690|11691|11707|11716|11720|11729|11733|11734|11738|11740|11741|11744|11752|11759|11769|11775|11776|11783|11792|11801|11809|11811|11814|11816|11837|11841|11847|11848|11868|11871|11875|11877|11884|11890|11929|11931|11933|11937|11945|11948|11955|11956|11960|11973|11974|11994|12016|12037|12039|12040|12041|12044|12060|12072|12079|12083|12085|12088|12100|12104|12114|12116|12127|12128|12135|12138|12142|12147|12154|12170|12176|12178|12192|12197|12200|12213|12218|12224|12246|12250|12256|12257|12262|12265|12269|12278|12307|12309|12322|12326|12331|12333|12346|12369|12374|12376|12377|12378|12379|12386,98|398|76|11|2|69|53|140|384|1|26,15|22|25|29|32|35|41|43|53|55|66|77|84|91|98|109|115|116|127|134|149|161|166|181|189|194|202|205|208|210|213|214|217|219|221|232|239|243|257|264|265|266|272|277|290|302|306|319|340|344|346|354|365|375|385|406|407|408|418|421|435|443|455|458|461|467|476|486|493|494|509|515|518|525|542|549|554|559|571|581|598|617|626|633|637|639|643|660|669|680|683|687|689|692|696|708|711|714|717|719|721|723|728|736|741|745|748|760|762|768|775|785|793|798|800|803|812|815|820|827|838|840|857|858|859|863|873|895|900|915|918|921|928|930|935|937|940|946|961|962|981|994|995|1000|1003|1006|1012|1031|1050|1051|1059|1075|1087|1093|1094|1096|1102|1105|1117|1121|1125|1143|1160|1162|1163|1164|1173|1183|1192|1195|1197|1220|1222|1227|1229|1231|1234|1249|1263|1272|1278|1281|1287|1302|1313|1325|1330|1341|1346|1350|1355|1361|1369|1370|1371|1377|1378|1387|1389|1392|1395|1401|1411|1413|1420|1422|1434|1436|1441|1445|1451|1456|1460|1466|1469|1483|1488|1496|1500|1502|1522|1530|1533|1550|1551|1560|1561|1563|1566|1577|1578|1590|1592|1600|1616|1621|1622|1624|1627|1628|1632|1635|1637|1644|1648|1659|1678|1687|1689|1698|1699|1706|1708|1743|1744|1752|1763|1791|1792|1806|1811|1815|1818|1823|1847|1854|1857|1866|1867|1875|1881|1900|1907|1915|1919|1922|1931|1932|1933|1936|1938|1956|1967|1969|1978|1981|1985|1988|1991|1992|1995|2022|2026|2040|2045|2055|2066|2069|2078|2084|2087|2099|2123|2129|2131|2133|2134|2137|2140|2149|2150|2153|2160|2167|2168|2180|2181|2185|2186|2192|2195|2206|2207|2211|2215|2244|2248|2249|2257|2265|2272|2273|2286|2292|2293|2296|2300|2301|2349|2358|2365|2369|2383|2390|2399|2403|2417|2420|2429|2434|2437|2439|2441|2451|2454|2457|2461|2470|2480|2485|2493|2494|2500|2505|2511|2526|2528|2530|2531|2532|2542|2549|2554|2556|2561|2563|2570|2577|2584|2589|2596|2597|2612|2614|2642|2643|2652|2657|2666|2684|2703|2705|2708|2710|2717|2720|2726|2728|2730|2731|2743|2762|2768|2771|2772|2781|2791|2801|2808|2809|2822|2834|2858|2876|2881|2890|2893|2900|2901|2910|2930|2932|2938|2943|2944|2945|2957|2966|2972|2974|2981|2996|3003|3008|3015|3018|3043|3055|3080|3085|3087|3092|3095|3100|3101|3103|3105|3117|3118|3128|3136|3143|3157|3163|3164|3167|3173|3175|3179|3180|3184|3198|3206|3217|3234|3236|3245|3246|3247|3258|3268|3272|3281|3284|3297|3313|3316|3317|3322|3333|3341|3343|3355|3360|3373|3375|3380|3385|3399|3403|3407|3411|3420|3422|3424|3425|3428|3435|3437|3442|3444|3452|3465|3467|3476|3478|3487|3493|3499|3500|3502|3504|3513|3515|3522|3524|3530|3538|3546|3560|3565|3568|3570|3586|3587|3588|3589|3598|3599|3615|3617|3627|3631|3637|3643|3656|3657|3703|3715|3718|3727|3729|3742|3747|3749|3754|3756|3758|3761|3781|3798|3802|3808|3812|3823|3834|3839|3845|3854|3857|3859|3862|3883|3890|3893|3899|3903|3924|3926|3935|3939|3943|3977|3982|3990|3992|3995|3999|4004|4012|4029|4034|4035|4046|4051|4075|4080|4089|4124|4126|4134|4137|4153|4155|4162|4163|4173|4181|4185|4189|4194|4200|4209|4211|4212|4236|4238|4249|4257|4259|4261|4263|4278|4294|4298|4299|4300|4306|4307|4308|4310|4326|4330|4333|4339|4352|4355|4356|4358|4373|4380|4382|4387|4395|4396|4405|4408|4409|4411|4427|4428|4445|4448|4451|4454|4473|4475|4490|4494|4508|4524|4536|4542|4547|4554|4561|4565|4580|4581|4592|4594|4613|4616|4619|4620|4627|4632|4637|4653|4658|4659|4662|4687|4706|4707|4712|4716|4724|4729|4740|4742|4743|4744|4747|4770|4782|4783|4788|4792|4796|4800|4805|4811|4818|4819|4823|4824|4829|4833|4843|4845|4847|4851|4861|4870|4872|4878|4882|4883|4890|4892|4895|4898|4902|4906|4923|4949|4956|4965|4972|4983|4987|4991|4994|4999|5006|5023|5027|5031|5034|5038|5052|5068|5079|5097|5098|5109|5110|5113|5118|5126|5131|5133|5136|5141|5143|5147|5153|5163|5165|5166|5172|5208|5209|5233|5235|5243|5246|5247|5262|5263|5267|5282|5283|5284|5287|5292|5310|5312|5320|5323|5325|5330|5337|5343|5346|5387|5389|5398|5401|5414|5415|5421|5429|5446|5461|5469|5472|5480|5496|5510|5521|5536|5540|5544|5556|5558|5560|5573|5582|5589|5615|5617|5626|5633|5641|5648|5656|5658|5660|5676|5679|5682|5689|5692|5695|5698|5703|5709|5713|5722|5724|5725|5732|5737|5746|5747|5754|5778|5785|5810|5813|5817|5819|5825|5831|5832|5838|5848|5851|5852|5864|5869|5875|5876|5882|5884|5899|5902|5906|5926|5946|5967|5970|5972|5996|6039|6040|6049|6065|6069|6073|6074|6080|6094|6095|6103|6106|6107|6117|6125|6135|6143|6145|6150|6156|6162|6175|6180|6183|6187|6189|6190|6194|6195|6199|6217|6223|6238|6239|6245|6246|6253|6259|6263|6268|6272|6278|6289|6298|6314|6318|6324|6325|6326|6331|6344|6347|6350|6356|6362|6389|6414|6416|6417|6426|6428|6434|6435|6436|6449|6468|6479|6484|6486|6487|6492|6493|6501|6511|6512|6525|6529|6532|6534|6555|6559|6565|6566|6573|6574|6575|6592|6623|6629|6630|6642|6655|6656|6669|6671|6698|6711|6716|6728|6735|6737|6740|6749|6759|6764|6766|6770|6782|6793|6795|6801|6805|6806|6815|6819|6825|6832|6839|6845|6848|6856|6870|6872|6874|6891|6898|6914|6917|6959|6964|6975|6977|6979|6980|6994|6997|7009|7019|7031|7039|7044|7045|7058|7067|7068|7072|7073|7079|7084|7096|7104|7106|7116|7124|7125|7131|7132|7143|7154|7164|7170|7173|7175|7185|7189|7198|7206|7208|7211|7212|7217|7220|7234|7255|7258|7265|7275|7276|7285|7291|7307|7333|7338|7342|7343|7345|7355|7361|7363|7365|7387|7393|7420|7421|7429|7436|7439|7456|7457|7458|7461|7462|7466|7477|7491|7497|7524|7526|7530|7532|7564|7569|7570|7571|7574|7577|7582|7588|7609|7612|7613|7618|7624|7640|7656|7667|7669|7670|7677|7691|7704|7712|7721|7724|7728|7732|7749|7751|7763|7765|7767|7780|7781|7782|7786|7789|7793|7806|7811|7817|7819|7863|7865|7866|7867|7870|7875|7876|7881|7884|7887|7890|7892|7893|7899|7902|7912|7917|7919|7920|7927|7930|7935|7940|7948|7950|7961|7976|7995|7998|8003|8006|8009|8019|8020|8028|8034|8035|8036|8043|8052|8074|8078|8081|8082|8089|8102|8103|8106|8109|8110|8126|8146|8149|8161|8162|8170|8178|8206|8216|8220|8222|8226|8231|8234|8243|8247|8252|8261|8280|8293|8302|8315|8322|8328|8331|8342|8343|8351|8357|8361|8363|8366|8368|8369|8378|8387|8391|8398|8399|8411|8413|8423|8426|8436|8444|8468|8477|8479|8495|8496|8516|8531|8536|8546|8547|8549|8555|8558|8570|8587|8592|8599|8602|8606|8609|8612|8613|8636|8639|8642|8646|8649|8657|8669|8674|8675|8685|8693|8700|8721|8722|8725|8731|8741|8758|8765|8772|8776|8784|8808|8814|8818|8841|8851|8853|8860|8863|8865|8867|8873|8880|8888|8902|8905|8907|8910|8912|8922|8930|8936|8944|8948|8949|8962|8968|8974|8978|8984|8993|8996|9008|9011|9014|9015|9016|9020|9022|9023|9040|9041|9048|9051|9055|9057|9067|9072|9075|9088|9089|9100|9111|9117|9125|9133|9138|9141|9145|9154|9163|9186|9189|9192|9212|9239|9241|9243|9244|9246|9250|9252|9253|9258|9266|9270|9273|9276|9292|9302|9310|9313|9319|9323|9328|9330|9339|9353|9355|9359|9360|9365|9373|9375|9379|9381|9385|9408|9426|9434|9441|9443|9445|9451|9453|9464|9468|9472|9489|9492|9533|9541|9542|9559|9568|9578|9589|9593|9601|9608|9610|9623|9629|9643|9644|9653|9666|9669|9675|9680|9684|9692|9714|9726|9729|9739|9750|9758|9760|9769|9775|9791|9794|9802|9804|9806|9818|9822|9823|9824|9830|9844|9851|9855|9873|9877|9879|9891|9899|9901|9911|9913|9917|9919|9922|9950|9968|9975|10006|10010|10015|10017|10018|10024|10027|10030|10041|10042|10048|10063|10072|10088|10110|10113|10130|10134|10140|10141|10143|10151|10156|10166|10171|10185|10186|10192|10198|10203|10207|10216|10222|10223|10232|10244|10245|10252|10257|10258|10260|10265|10266|10268|10286|10287|10295|10302|10303|10305|10313|10314|10331|10345|10367|10373|10376|10386|10389|10391|10397|10405|10415|10421|10431|10433|10458|10466|10470|10473|10486|10498|10499|10508|10524|10534|10536|10543|10550|10554|10556|10560|10578|10588|10590|10602|10611|10621|10642|10648|10658|10675|10703|10719|10737|10741|10748|10758|10772|10773|10776|10781|10786|10787|10798|10801|10803|10806|10809|10816|10825|10832|10834|10840|10845|10848|10850|10852|10856|10870|10876|10880|10889|10895|10900|10904|10906|10908|10913|10915|10924|10934|10941|10955|10963|10968,177.36363636363637,True
instance_0014.txt,af_useful_order-null_prune-multi,1784,11,1549,8005|698|3548|5239|984|7546|6948|9131|9345|3262|10817|5033|6989|10010|4263|7417|3478|5560|2700|7012|2131|9244|862|9623|6049|7408|1931|2662|3526|6558|2468|5297|11600|6733|6137|2275|2320|4539|7610|157|6466|8451|8629|1536|9104|9139|4029|7019|117|4178|8700|3077|806|3267|11716|8471|708|8638|9521|8854|1743|2018|7928|2103|11783|3901|10081|5915|859|11635|8662|6424|8192|8322|7536|7974|7190|2160|952|2060|4731|4545|5049|7302|8085|2981|9319|3929|7502|9410|2894|5144|1020|8722|6025|3914|385|1818|1950|7007|6793|10026|5735|12192|102|2772|8459|4158|9873|9526|5636|7965|2319|5759|10313|3512|9753|11203|1706|2442|10418|8819|9428|7515|3931|11134|10119|912|11884|1118|4269|3125|173|6311|7183|3617|4722|34|7557|4978|2220|2729|7320|6918|10592|1924|53|2407|6212|10782|4131|11046|11051|1681|6704|10524|1646|2100|3039|10547|935|3944|10593|8567|2484|9608|6124|1764|12262|1425|6837|7238|5112|5471|4080|10945|2501|8863|6994|11076|9079|3570|3155|7069|383|7146|1888|8956|9795|2095|5314|7527|7281|8528|10719|10235|6469|257|624|8887|9760|6107|8849|4492|7652|10989|2336|10845|6097|10021|123|492|7614|3162|1659|803|542|3451|7719|3589|3332|5447|8967|149|9040|3067|10184|294|2560|9924|7373|9505|11690|5837|6833|6592|143|3810|4364|9035|8237|8805|8415|12135|784|1990|11585|7798|10658|11530|9228|12309|1641|154|3578|11841|6547|9190|938|7668|1617|7022|4857|6602|3836|9499|5337|5301|5128|2223|11220|10538|10980|6831|5461|6815|7398|6672|11304|3468|2461|8450|1077|6566|10957|2665|8411|1965|11940|3329|481|7048|2851|7867|11554|11707|6534|12294|11778|8611|5355|8473|8832|6425|968|6805|10725|7350|10357|6510|4331|2363|2640|2034|6026|4962|3326|2142|7653|1701|3422|6766|2133|857|674|6763|428|10250|2259|3442|6939|9247|10171|7449|476|1579|6421|1618|9952|5660|3154|1698|1457|610|4673|9210|11691|11720|5075|1559|5551|5724|9519|6915|9559|3891|310|11776|5080|5879|1169|1705|5213|6420|11412|571|2296|9464|1073|464|11811|7877|11094|9818|3794|1775|3701|2365|9045|10311|7256|11868|10385|11293|3467|5141|3403|9843|5390|10012|12376|3426|10549|12218|4988|2194|5699|6589|1573|3720|1062|733|9119|8601|7482|6923|4296|11672|9730|2543|330|7621|1335|1065|8136|5786|7371|10674|1730|10954|11468|1620|1100|5310|5381|11307|540|6489|5027|5788|12263|11044|9922|5108|12138|8227|3411|7581|3153|9012|3249|8507|4651|9962|7634|5970|8935|5964|12041|6932|11192|6488|3241|6770|3992|1387|900|9674|9915|4788|7960|11952|11564|11616|4775|7868|8745|9230|4953|3320|2381|6597|7481|11816|6676|3563|956|963|1324|7356|11956|2767|7477|12256|1045|10016|7033|7073|3781|9808|8018|10557|11749|11748|5952|10172|7639|10623|3103|4143|2459|2551|3884|7374|298|8981|8347|4289|5296|3960|2072|1110|9881|3186|4889|136|2579|2369|4645|10832|3406|6377|7140|81|11018|9470|8892|10790|2331|6343|2828|2599|584|4043|692|7787|12331|405|6445|3288|1155|10978|1889|5414|772|12039|1715|6149|6894|633|7352|6940|6736|8982|5901|7595|3171|2758|7970|6941|12224|5863|9129|4406|4756|5883|3172|3768|4795|2738|8581|6119|11512|10566|379|965|5822|8081|9371|1993|127|778|6372|7885|4602|11973|4078|7685|888|5346|9036|12016|10920|904|6757|8524|12333|1153|10532|8952|7209|4727|1037|9912|3608|12240|9564|1966|6237|5971|5583|7887|8664|2276|9254|2016|5963|3722|1689|6194|11344|5474|6192|9096|1862|2169|3566|397|9662|1873|4771|6392|1121|2252|12002|10247|4546|7466|11775|3471|787|5185|1749|8734|10225|9004|6257|7346|672|6981|9789|9639|4750|10185|2988|2502|6344|10057|11506|10297|7391|12178|9749|334|5044|1063|3212|3433|7625|2241|4463|12351|3310|10449|11994|8110|10727|907|9296|11314|10517|972|6612|2054|2955|12278|8744|11848|7732|11090|6370|480|3731|4702|5444|11282|1906|5382|11467|12114|6627|5072|2359|1520|11933|1160|5178|5433|12265|2140|1450|2410|1018|10162|5043|915|3932|12374|5002|11792|11515|3963|3323|2967|10106|10626|11603|75|10178|6393|7699|12037|6241|12083|1277|3430|1405|10983|6601|576|2938|4939|1253|5668|687|10734|2177|501|4427|10487|1702|3435|10128|9497|7655|9314|2203|8059|4084|3538|9395|7691|11259|832|3823|11083|11773|11607|1384|573|5259|5005|11577|9449|2535|5800|10411|12213|8575|11729|4821|8577|7155|9868|1096|9516|10568|11276|908|12377|11386|2552|12153|4242|1411|11569|4283|3713|12368|9092|6080|10572|9878|10646|4907|9373|5529|3620|8915|2577|3139|281|3275|5179|8391|1410|8373|5514|8090|4108|5053|8918|7107|7789|9186|9246|6997|2375|196|8155|5123|6073|3793|11204|3855|3400|3432|1083|7584|11350|11752|4600|4732|11376|9552|4820|7194|12104|5738|1703|6731|3919|8217|6483|6242|928|6991|11278|9910|5679|2196|5860|2408|4465|7224|3459|5173|7681|7199|7067|1672|3954|3773|9605|7722|5428|5691|11955|3461|423|1720|2831|5231|9906|2469|9406|854|10091|2299|879|3958|2712|1353|9025|10829|8514|5568|9364|10569|8966|11071|4419|10789|9094|6405|3023|4594|7188|2482|4543|7632|8709|579|10844|5309|6243|5859|8980|3655|7357|5843|2670|8633|4173|4626|10507|12369|11744|3237|8460|10968|3037|586|1654|2202|4861|5897|3926|8767|4117|8193|7633|7631|11769|4791|6264|8350|10934|9294|2908|2321|7703|1845|12246|10987|5912|931|12147|119|11478|7916|3542|9009|1678|5152|9037|5189|686|4405|7830|9717|6887|813|5754|2084|7948|47|8095|8295|2737|7345|985|3030|2304|8977|1044|12044|387|3456|9890|9391|12250|2863|5698|489|10368|5733|10293|8269|10103|4698|1299|6962|8147|6245|10475|5504|12200|11062|10328|774|5869|1448|3882|7794|1338|6679|6493|11277|335|2947|77|9587|4401|9041|12386|8226|10272|3046|56|4729|6663|5203|4358|4162|9493|8440|7702|11555|6349|3315|7497|7269|4235|388|6655|11734|11143|2845|3119|11207|8183|9152|12197|3307|10200|3763|2609|6646|7638|6586|2637|9268|9200|12116|8987|1900|8241|10083|1394|3660|1508|5468|2834|7060|7553|9137|2792|2997|11397|6884|10555|3351|2342|4858|9610|7680|6064|8320|3776|2335|5957|537|9255|9927|5099|7126|2035|8291|2447|9178|10686|6293|6968|11219|9300|8541|9049|6760|6580|1148|2902|4133|12060|3640|429|4404|9740|1091|6432|4147|11078|11809|9563|10813|11740|9392|7642|1539|12379|4661|3144|1167|9686|9057|4672|10137|4575|4653|9466|1735|12088|266|1386|6482|1227|10105|1158|3434|4784|10970|1916|2111|4652|10384|6864|5313|9398|7993|12142|10118|10784|5729|10733|7174|8408|10249|3392|4118|6722|11112|3491|10427|10550|9945|2899|8527|5200|2841|9852|3939|7053|3120|3707|8730|8692|8034|6102|12040|12127|2942|12257|4818|11229|6630|4432|249|5413|5028|621|8948|3649|5305|2889|9095|5792|4139|6587|2279|5159|9793|4483|9729|2858|2935|10152|3754|2678|5987|8646|8673|6619|6431|9611|2171|1786|6262|7206|4238|5457|12322|10101|5010|228|2173|5634|6254|7021|410|6427|11837|11948|274|3483|4883|4297|5969|6688|3662|9968|9189|8724|5502|6350|11546|7362|1407|3482|2930|11931|3950|7716|5845|6821|12378|434|2460|9792|7799|3942|11847|4571|9528|3753|6703|1473|8060|7609|2865|3766|7409|5961|11236|4566|5576|10379|12154|3297|10882|10181|11136|1028|7305|3225|1109|11576|10030|10434|2441|2742|8142|4410|5172|4302|3365|9580|8613|6047|4212|3592|8755|7205|10554|1239|8071|8204|11877|6577|5131|11164|6799|10458|7994|9777|3791|10743|4669|10967|4425|10740|6795|7431|5441|4876|5201|4586|8586|2936|5815|4699|5988|1113|5770|5274|3231|11371|4445|3715|6379|1022|975|4365|15|5595|135|1957|5847|7933|11274|10435|1606|6773|2113|9412|12072|9966|10322|7742|8436|7616|11211|721|805|11733|4957|7043|5267|12326|11580|5389|10245|10802|11871|512|6814|3555|3756|9555|762|10739|7221|6067|5526|6631|11632|977|4134|11738|8115|9807|5862|1437|8385|2987|2522|4311|12269|7050|9930|7045|4494|1596|9550|9290|10948|3274|8564|7662|6121|5924|2895|3136|10836|7833|12128|6203|4640|5307|2413|11875|1248|3132|5671|4605|10046|9195|4129|1722|11573|7365|3097|7795|8284|7574|3362|3510|5852|11598|3263|4581|6177|10076|10955|6550|10747|8452|8260|804|7932|10850|3166|4203|9618|11124|11929|1081|9865|10310|5335|4132|4184|8715|2452|9593|5554|12176|3106|12346|11205|2900|5931|11486|11609|1760|1257|4893|3122|9920|5350|3304|12079|651|5748|2789|9823|1286|12170|5218|4416|9628|4386|5365|10126|4867|1981|9346|2798|1217|11945|12307|2801|4396|7498|7489|9335|4010|2722|10726|459|2993|6811|9646|2463|2509|1|10359|11215|8905|8257|9225|5985|48|5054|9366|3496|8068|11552|1497|2948|1470|1612|1844|9327|10213|7133|4572|10754|6506|2428|3056|7405|6857|4917|4328|11542|4886|4150|9029|11041|9919|9849|8921|9672|6043|2882|1879|10366|10793|8599|6993|5162|11974|4515|6816|2117|11587|6185|11021|8593|1039|10837|897|6376|6360|6363|962|8439|9028|321|8283|2773|3261|10653|10780|770|11463|2324|1443|11801|4528|1598|417|284|11256|5336|2206|3054|6740|9203|3934|5434|4384|8167|2427|5270|1390|1334|4164|373|11438|9557|5584|562|7480|6538|4522|3730|3885|6808|4719|9636|1963|6218|6917|1137|11814|10255|6009|2333|2787|8598|2687|11741|2562|8323|2826|11|10745|5763|1901|5938|9556|10648|11582|5089|251|782|6624|3208|9942|9542|7439|8448|12100|11006|4241|8585|3537|8449|1801|8771|5885|4675|1658|8695|9454|9017|10433|10885|7848|7445|1432|8390|7467|11052|9064|5188|1375|5229|6164|11890|3007|1103|7880|8630|6249|8220|10721|5509|11653|4429|125|6772|7211|10661|337|11571|10130|1774|4366|7093|1796|9337|2029|10553|2047|7182|11476|9098|9817|3787|10736|7270|533|2532|6106|2756|4245|10949|697|3465|10059|3295|10399|2012|5423|6984|1249|7973|10621|8485|2925|2556|2143|4937|2984|6351|5977|5265|8170|6867|7963|11960|3790|1445|10450|5046|10608|5380|241|9277|3636|10971|12085|3076|5685|11223|11759|5570|4243|2401|8768|10892|6798|5923|4866|2733|10602|2715|2886|10231|8422|8163|11004,98|398|76|11|2|69|53|140|384|1|26,15|22|25|29|32|35|41|43|53|55|66|77|84|91|98|109|115|116|127|134|149|161|166|181|189|194|202|205|208|210|213|214|217|219|221|232|239|243|257|264|265|266|272|277|290|302|306|319|340|344|346|354|365|375|385|406|407|408|418|421|435|443|455|458|461|467|476|486|493|494|509|515|518|525|542|549|554|559|571|581|598|617|626|633|637|639|643|660|669|680|683|687|689|692|696|708|711|714|717|719|721|723|728|736|741|745|748|760|762|768|775|785|793|798|800|803|812|815|820|827|838|840|857|858|859|863|873|895|900|915|918|921|928|930|935|937|940|946|961|962|981|994|995|1000|1003|1006|1012|1031|1050|1051|1059|1075|1087|1093|1094|1096|1102|1105|1117|1121|1125|1143|1160|1162|1163|1164|1173|1183|1192|1195|1197|1220|1222|1227|1229|1231|1234|1249|1263|1272|1278|1281|1287|1302|1313|1325|1330|1341|1346|1350|1355|1361|1369|1370|1371|1377|1378|1387|1389|1392|1395|1401|1411|1413|1420|1422|1434|1436|1441|1445|1451|1456|1460|1466|1469|1483|1488|1496|1500|1502|1522|1530|1533|1550|1551|1560|1561|1563|1566|1577|1578|1590|1592|1600|1616|1621|1622|1624|1627|1628|1632|1635|1637|1644|1648|1659|1678|1687|1689|1698|1699|1706|1708|1743|1744|1752|1763|1791|1792|1806|1811|1815|1818|1823|1847|1854|1857|1866|1867|1875|1881|1900|1907|1915|1919|1922|1931|1932|1933|1936|1938|1956|1967|1969|1978|1981|1985|1988|1991|1992|1995|2022|2026|2040|2045|2055|2066|2069|2078|2084|2087|2099|2123|2129|2131|2133|2134|2137|2140|2149|2150|2153|2160|2167|2168|2180|2181|2185|2186|2192|2195|2206|2207|2211|2215|2244|2248|2249|2257|2265|2272|2273|2286|2292|2293|2296|2300|2301|2349|2358|2365|2369|2383|2390|2399|2403|2417|2420|2429|2434|2437|2439|2441|2451|2454|2457|2461|2470|2480|2485|2493|2494|2500|2505|2511|2526|2528|2530|2531|2532|2542|2549|2554|2556|2561|2563|2570|2577|2584|2589|2596|2597|2612|2614|2642|2643|2652|2657|2666|2684|2703|2705|2708|2710|2717|2720|2726|2728|2730|2731|2743|2762|2768|2771|2772|2781|2791|2801|2808|2809|2822|2834|2858|2876|2881|2890|2893|2900|2901|2910|2930|2932|2938|2943|2944|2945|2957|2966|2972|2974|2981|2996|3003|3008|3015|3018|3043|3055|3080|3085|3087|3092|3095|3100|3101|3103|3105|3117|3118|3128|3136|3143|3157|3163|3164|3167|3173|3175|3179|3180|3184|3198|3206|3217|3234|3236|3245|3246|3247|3258|3268|3272|3281|3284|3297|3313|3316|3317|3322|3333|3341|3343|3355|3360|3373|3375|3380|3385|3399|3403|3407|3411|3420|3422|3424|3425|3428|3435|3437|3442|3444|3452|3465|3467|3476|3478|3487|3493|3499|3500|3502|3504|3513|3515|3522|3524|3530|3538|3546|3560|3565|3568|3570|3586|3587|3588|3589|3598|3599|3615|3617|3627|3631|3637|3643|3656|3657|3703|3715|3718|3727|3729|3742|3747|3749|3754|3756|3758|3761|3781|3798|3802|3808|3812|3823|3834|3839|3845|3854|3857|3859|3862|3883|3890|3893|3899|3903|3924|3926|3935|3939|3943|3977|3982|3990|3992|3995|3999|4004|4012|4029|4034|4035|4046|4051|4075|4080|4089|4124|4126|4134|4137|4153|4155|4162|4163|4173|4181|4185|4189|4194|4200|4209|4211|4212|4236|4238|4249|4257|4259|4261|4263|4278|4294|4298|4299|4300|4306|4307|4308|4310|4326|4330|4333|4339|4352|4355|4356|4358|4373|4380|4382|4387|4395|4396|4405|4408|4409|4411|4427|4428|4445|4448|4451|4454|4473|4475|4490|4494|4508|4524|4536|4542|4547|4554|4561|4565|4580|4581|4592|4594|4613|4616|4619|4620|4627|4632|4637|4653|4658|4659|4662|4687|4706|4707|4712|4716|4724|4729|4740|4742|4743|4744|4747|4770|4782|4783|4788|4792|4796|4800|4805|4811|4818|4819|4823|4824|4829|4833|4843|4845|4847|4851|4861|4870|4872|4878|4882|4883|4890|4892|4895|4898|4902|4906|4923|4949|4956|4965|4972|4983|4987|4991|4994|4999|5006|5023|5027|5031|5034|5038|5052|5068|5079|5097|5098|5109|5110|5113|5118|5126|5131|5133|5136|5141|5143|5147|5153|5163|5165|5166|5172|5208|5209|5233|5235|5243|5246|5247|5262|5263|5267|5282|5283|5284|5287|5292|5310|5312|5320|5323|5325|5330|5337|5343|5346|5387|5389|5398|5401|5414|5415|5421|5429|5446|5461|5469|5472|5480|5496|5510|5521|5536|5540|5544|5556|5558|5560|5573|5582|5589|5615|5617|5626|5633|5641|5648|5656|5658|5660|5676|5679|5682|5689|5692|5695|5698|5703|5709|5713|5722|5724|5725|5732|5737|5746|5747|5754|5778|5785|5810|5813|5817|5819|5825|5831|5832|5838|5848|5851|5852|5864|5869|5875|5876|5882|5884|5899|5902|5906|5926|5946|5967|5970|5972|5996|6039|6040|6049|6065|6069|6073|6074|6080|6094|6095|6103|6106|6107|6117|6125|6135|6143|6145|6150|6156|6162|6175|6180|6183|6187|6189|6190|6194|6195|6199|6217|6223|6238|6239|6245|6246|6253|6259|6263|6268|6272|6278|6289|6298|6314|6318|6324|6325|6326|6331|6344|6347|6350|6356|6362|6389|6414|6416|6417|6426|6428|6434|6435|6436|6449|6468|6479|6484|6486|6487|6492|6493|6501|6511|6512|6525|6529|6532|6534|6555|6559|6565|6566|6573|6574|6575|6592|6623|6629|6630|6642|6655|6656|6669|6671|6698|6711|6716|6728|6735|6737|6740|6749|6759|6764|6766|6770|6782|6793|6795|6801|6805|6806|6815|6819|6825|6832|6839|6845|6848|6856|6870|6872|6874|6891|6898|6914|6917|6959|6964|6975|6977|6979|6980|6994|6997|7009|7019|7031|7039|7044|7045|7058|7067|7068|7072|7073|7079|7084|7096|7104|7106|7116|7124|7125|7131|7132|7143|7154|7164|7170|7173|7175|7185|7189|7198|7206|7208|7211|7212|7217|7220|7234|7255|7258|7265|7275|7276|7285|7291|7307|7333|7338|7342|7343|7345|7355|7361|7363|7365|7387|7393|7420|7421|7429|7436|7439|7456|7457|7458|7461|7462|7466|7477|7491|7497|7524|7526|7530|7532|7564|7569|7570|7571|7574|7577|7582|7588|7609|7612|7613|7618|7624|7640|7656|7667|7669|7670|7677|7691|7704|7712|7721|7724|7728|7732|7749|7751|7763|7765|7767|7780|7781|7782|7786|7789|7793|7806|7811|7817|7819|7863|7865|7866|7867|7870|7875|7876|7881|7884|7887|7890|7892|7893|7899|7902|7912|7917|7919|7920|7927|7930|7935|7940|7948|7950|7961|7976|7995|7998|8003|8006|8009|8019|8020|8028|8034|8035|8036|8043|8052|8074|8078|8081|8082|8089|8102|8103|8106|8109|8110|8126|8146|8149|8161|8162|8170|8178|8206|8216|8220|8222|8226|8231|8234|8243|8247|8252|8261|8280|8293|8302|8315|8322|8328|8331|8342|8343|8351|8357|8361|8363|8366|8368|8369|8378|8387|8391|8398|8399|8411|8413|8423|8426|8436|8444|8468|8477|8479|8495|8496|8516|8531|8536|8546|8547|8549|8555|8558|8570|8587|8592|8599|8602|8606|8609|8612|8613|8636|8639|8642|8646|8649|8657|8669|8674|8675|8685|8693|8700|8721|8722|8725|8731|8741|8758|8765|8772|8776|8784|8808|8814|8818|8841|8851|8853|8860|8863|8865|8867|8873|8880|8888|8902|8905|8907|8910|8912|8922|8930|8936|8944|8948|8949|8962|8968|8974|8978|8984|8993|8996|9008|9011|9014|9015|9016|9020|9022|9023|9040|9041|9048|9051|9055|9057|9067|9072|9075|9088|9089|9100|9111|9117|9125|9133|9138|9141|9145|9154|9163|9186|9189|9192|9212|9239|9241|9243|9244|9246|9250|9252|9253|9258|9266|9270|9273|9276|9292|9302|9310|9313|9319|9323|9328|9330|9339|9353|9355|9359|9360|9365|9373|9375|9379|9381|9385|9408|9426|9434|9441|9443|9445|9451|9453|9464|9468|9472|9489|9492|9533|9541|9542|9559|9568|9578|9589|9593|9601|9608|9610|9623|9629|9643|9644|9653|9666|9669|9675|9680|9684|9692|9714|9726|9729|9739|9750|9758|9760|9769|9775|9791|9794|9802|9804|9806|9818|9822|9823|9824|9830|9844|9851|9855|9873|9877|9879|9891|9899|9901|9911|9913|9917|9919|9922|9950|9968|9975|10006|10010|10015|10017|10018|10024|10027|10030|10041|10042|10048|10063|10072|10088|10110|10113|10130|10134|10140|10141|10143|10151|10156|10166|10171|10185|10186|10192|10198|10203|10207|10216|10222|10223|10232|10244|10245|10252|10257|10258|10260|10265|10266|10268|10286|10287|10295|10302|10303|10305|10313|10314|10331|10345|10367|10373|10376|10386|10389|10391|10397|10405|10415|10421|10431|10433|10458|10466|10470|10473|10486|10498|10499|10508|10524|10534|10536|10543|10550|10554|10556|10560|10578|10588|10590|10602|10611|10621|10642|10648|10658|10675|10703|10719|10737|10741|10748|10758|10772|10773|10776|10781|10786|10787|10798|10801|10803|10806|10809|10816|10825|10832|10834|10840|10845|10848|10850|10852|10856|10870|10876|10880|10889|10895|10900|10904|10906|10908|10913|10915|10924|10934|10941|10955|10963|10968,177.27272727272728,True
instance_0014.txt,afe_useful_order-desc_prune-multi,1784,11,1549,1|11|15|34|47|48|53|56|75|77|81|102|117|119|123|125|127|135|136|143|154|157|173|196|228|241|249|251|257|266|274|281|284|294|298|310|321|330|334|335|337|373|379|383|387|388|397|405|410|417|423|428|429|434|459|464|476|480|481|489|492|533|537|540|542|562|571|576|579|584|586|610|621|624|633|651|672|674|686|687|697|698|721|733|762|770|772|774|778|782|784|787|803|804|805|806|813|832|854|859|879|888|897|900|907|908|912|928|931|935|938|956|962|963|965|968|972|977|984|985|1018|1022|1028|1037|1039|1044|1045|1062|1073|1081|1083|1091|1096|1100|1103|1109|1110|1113|1118|1121|1137|1153|1155|1158|1160|1167|1169|1217|1227|1239|1248|1249|1253|1257|1277|1286|1299|1324|1334|1335|1338|1353|1359|1375|1384|1386|1387|1390|1394|1405|1407|1410|1411|1425|1432|1437|1443|1445|1448|1450|1457|1470|1473|1497|1508|1515|1520|1536|1559|1573|1579|1596|1598|1606|1612|1617|1618|1620|1641|1654|1658|1659|1672|1678|1681|1689|1698|1701|1702|1703|1705|1706|1715|1720|1722|1735|1743|1749|1760|1774|1775|1786|1796|1801|1818|1844|1845|1862|1873|1879|1888|1889|1900|1901|1906|1916|1924|1963|1966|1981|1990|1993|2012|2016|2018|2029|2034|2035|2054|2060|2084|2100|2103|2111|2113|2117|2131|2133|2140|2142|2143|2160|2169|2171|2173|2177|2192|2194|2196|2202|2203|2206|2220|2223|2241|2252|2259|2275|2276|2279|2296|2299|2304|2320|2321|2324|2331|2333|2335|2336|2342|2359|2363|2365|2369|2375|2381|2401|2407|2408|2410|2413|2417|2427|2428|2441|2447|2452|2459|2460|2461|2463|2468|2469|2482|2484|2501|2502|2509|2522|2532|2535|2538|2543|2551|2552|2556|2560|2562|2577|2579|2599|2609|2637|2640|2662|2665|2670|2678|2687|2712|2715|2722|2733|2737|2738|2742|2756|2758|2767|2772|2773|2787|2789|2792|2798|2801|2826|2828|2831|2834|2841|2845|2851|2858|2863|2882|2886|2889|2892|2894|2895|2899|2900|2902|2908|2925|2930|2935|2936|2938|2942|2947|2948|2955|2967|2981|2984|2987|2988|2993|2997|3007|3023|3030|3037|3039|3046|3054|3056|3067|3076|3077|3097|3103|3106|3119|3120|3122|3125|3132|3136|3139|3144|3153|3154|3155|3162|3166|3171|3172|3186|3208|3212|3225|3231|3237|3240|3241|3249|3261|3262|3263|3274|3275|3288|3295|3297|3304|3307|3310|3315|3320|3323|3326|3329|3332|3351|3362|3365|3392|3400|3403|3406|3411|3422|3426|3430|3432|3433|3434|3435|3442|3451|3456|3459|3461|3465|3467|3468|3471|3478|3482|3483|3491|3496|3510|3512|3526|3537|3538|3542|3548|3555|3563|3566|3570|3578|3589|3592|3608|3617|3620|3636|3640|3649|3655|3660|3662|3701|3707|3709|3713|3715|3720|3722|3730|3731|3753|3754|3756|3763|3766|3768|3773|3776|3786|3787|3790|3791|3793|3794|3810|3817|3823|3836|3855|3882|3884|3885|3891|3901|3919|3926|3929|3931|3932|3934|3939|3942|3944|3950|3954|3958|3960|3963|3992|4010|4029|4043|4078|4080|4084|4096|4108|4117|4118|4129|4131|4132|4133|4134|4139|4143|4147|4150|4158|4162|4164|4173|4178|4184|4203|4212|4216|4235|4238|4241|4242|4243|4245|4269|4283|4289|4296|4297|4302|4311|4328|4331|4358|4364|4365|4366|4384|4386|4396|4401|4404|4405|4406|4410|4416|4419|4425|4427|4429|4432|4445|4463|4465|4483|4492|4515|4522|4528|4539|4543|4545|4546|4566|4571|4572|4575|4581|4586|4594|4600|4602|4605|4626|4640|4645|4651|4652|4661|4669|4672|4673|4675|4698|4699|4702|4719|4722|4729|4731|4732|4750|4771|4775|4784|4788|4791|4795|4818|4820|4821|4838|4857|4858|4861|4866|4867|4876|4883|4886|4889|4893|4907|4917|4937|4939|4957|4962|4978|4988|5002|5005|5010|5027|5028|5033|5043|5044|5046|5049|5053|5054|5072|5075|5089|5099|5108|5112|5123|5128|5131|5141|5144|5152|5159|5162|5172|5173|5178|5179|5185|5188|5189|5200|5201|5203|5213|5218|5229|5231|5259|5265|5267|5270|5274|5296|5297|5301|5302|5305|5307|5309|5310|5313|5314|5335|5336|5337|5346|5350|5355|5365|5368|5380|5381|5382|5389|5390|5413|5414|5423|5428|5433|5434|5441|5444|5447|5457|5461|5468|5471|5472|5474|5502|5504|5508|5509|5514|5526|5529|5551|5554|5560|5568|5570|5576|5583|5584|5595|5634|5636|5660|5668|5671|5679|5685|5691|5698|5699|5724|5729|5733|5735|5738|5748|5754|5759|5763|5770|5786|5788|5792|5800|5815|5822|5837|5843|5845|5847|5850|5852|5859|5860|5862|5863|5869|5879|5880|5883|5885|5897|5901|5912|5915|5923|5924|5931|5938|5952|5957|5961|5963|5964|5969|5970|5971|5977|5985|5987|5988|6009|6025|6026|6043|6047|6049|6064|6067|6073|6080|6097|6102|6106|6107|6119|6121|6124|6137|6149|6164|6177|6185|6192|6194|6203|6212|6218|6237|6241|6243|6245|6249|6254|6257|6262|6264|6293|6311|6343|6344|6349|6350|6351|6360|6363|6370|6372|6376|6377|6379|6392|6393|6405|6420|6421|6424|6425|6427|6431|6432|6445|6466|6469|6482|6483|6488|6489|6493|6506|6510|6534|6536|6538|6547|6550|6558|6566|6577|6580|6586|6587|6589|6592|6597|6601|6602|6612|6619|6624|6627|6630|6631|6646|6655|6663|6672|6676|6679|6688|6703|6704|6721|6722|6731|6733|6736|6740|6757|6760|6763|6766|6770|6772|6773|6793|6795|6798|6799|6805|6808|6814|6815|6816|6821|6831|6833|6837|6857|6864|6867|6884|6887|6894|6915|6917|6918|6923|6925|6932|6939|6940|6941|6948|6962|6968|6981|6984|6989|6991|6993|6994|6997|7007|7012|7019|7021|7022|7024|7033|7043|7045|7048|7050|7053|7060|7067|7069|7073|7093|7107|7126|7133|7140|7146|7155|7174|7182|7183|7188|7190|7194|7199|7205|7206|7209|7211|7221|7224|7238|7256|7269|7270|7281|7302|7305|7320|7345|7346|7350|7352|7356|7357|7362|7363|7365|7371|7373|7374|7391|7398|7405|7408|7417|7431|7439|7445|7449|7466|7467|7477|7480|7481|7482|7489|7497|7498|7502|7515|7527|7536|7546|7552|7553|7557|7564|7574|7581|7584|7595|7609|7610|7614|7616|7621|7625|7631|7632|7633|7634|7638|7639|7642|7652|7653|7655|7662|7668|7680|7681|7685|7691|7699|7702|7703|7716|7719|7722|7732|7742|7787|7789|7794|7795|7798|7799|7830|7833|7848|7868|7877|7880|7885|7887|7916|7928|7932|7933|7948|7960|7963|7965|7970|7973|7974|7993|7994|8005|8018|8034|8059|8060|8068|8071|8081|8085|8090|8095|8110|8115|8136|8142|8147|8155|8163|8167|8170|8183|8192|8193|8204|8217|8220|8226|8227|8237|8238|8241|8257|8269|8283|8284|8291|8295|8320|8322|8323|8347|8350|8373|8385|8390|8391|8408|8411|8415|8422|8436|8439|8440|8448|8449|8450|8452|8459|8460|8471|8473|8485|8507|8514|8524|8527|8528|8541|8557|8564|8567|8575|8577|8581|8585|8586|8593|8598|8599|8601|8611|8613|8629|8630|8633|8634|8636|8638|8646|8662|8664|8673|8692|8695|8700|8701|8709|8715|8722|8730|8734|8744|8745|8755|8767|8768|8771|8805|8819|8832|8849|8854|8863|8887|8892|8905|8915|8918|8921|8935|8948|8949|8952|8956|8963|8966|8967|8977|8980|8981|8982|8987|9004|9009|9012|9017|9025|9028|9029|9035|9036|9037|9040|9041|9045|9049|9057|9064|9079|9092|9094|9095|9096|9098|9104|9119|9129|9131|9137|9139|9152|9178|9186|9189|9190|9195|9200|9203|9206|9210|9225|9228|9230|9246|9247|9254|9255|9268|9277|9290|9294|9296|9300|9314|9319|9327|9328|9335|9337|9345|9346|9364|9366|9373|9388|9391|9392|9395|9398|9406|9410|9412|9425|9428|9449|9454|9464|9466|9470|9493|9497|9499|9505|9516|9519|9521|9526|9528|9542|9550|9552|9555|9556|9557|9559|9563|9564|9573|9580|9587|9593|9605|9608|9610|9611|9618|9623|9628|9636|9639|9646|9662|9665|9672|9674|9684|9686|9717|9729|9730|9740|9749|9753|9760|9768|9777|9789|9792|9793|9795|9807|9808|9817|9818|9823|9843|9849|9852|9865|9868|9873|9878|9881|9890|9906|9910|9912|9915|9919|9920|9922|9924|9927|9930|9942|9945|9952|9962|9966|9968|9990|10010|10012|10016|10021|10026|10030|10046|10057|10059|10076|10081|10083|10091|10101|10103|10105|10106|10118|10119|10126|10128|10130|10137|10152|10160|10162|10171|10172|10178|10181|10184|10185|10200|10204|10211|10213|10225|10231|10235|10245|10247|10249|10250|10255|10272|10293|10297|10310|10311|10313|10322|10328|10357|10359|10366|10368|10379|10384|10385|10399|10411|10418|10427|10433|10434|10435|10449|10450|10458|10475|10487|10507|10517|10524|10532|10538|10547|10549|10550|10553|10554|10555|10557|10566|10568|10569|10572|10592|10593|10602|10608|10621|10623|10626|10646|10648|10653|10658|10661|10674|10686|10719|10721|10725|10726|10727|10733|10734|10736|10739|10740|10743|10745|10747|10754|10780|10782|10784|10789|10790|10793|10796|10802|10813|10817|10829|10832|10836|10837|10844|10845|10850|10882|10885|10892|10920|10934|10945|10948|10949|10954|10955|10957|10967|10968|10970|10971|10978|10980|10983|10987|10989|11004|11006|11009|11018|11021|11041|11044|11046|11051|11052|11062|11071|11076|11078|11083|11090|11094|11112|11124|11134|11136|11143|11164|11192|11203|11204|11205|11207|11211|11215|11219|11220|11223|11229|11236|11256|11259|11274|11276|11277|11278|11282|11293|11304|11307|11314|11344|11350|11371|11376|11386|11397|11412|11438|11463|11467|11468|11476|11478|11486|11506|11512|11515|11530|11542|11546|11552|11554|11555|11564|11569|11571|11573|11576|11577|11580|11582|11585|11587|11598|11600|11603|11607|11609|11616|11632|11653|11672|11690|11691|11707|11716|11720|11729|11733|11734|11738|11740|11741|11744|11748|11749|11752|11759|11769|11773|11775|11776|11778|11783|11792|11801|11809|11811|11814|11816|11819|11837|11841|11847|11848|11857|11868|11871|11875|11877|11884|11890|11929|11931|11933|11940|11945|11948|11952|11955|11956|11960|11973|11974|11994|12002|12016|12037|12039|12040|12041|12044|12051|12060|12072|12079|12083|12085|12088|12095|12100|12104|12114|12116|12127|12128|12135|12138|12142|12147|12153|12154|12170|12176|12178|12192|12197|12200|12213|12218|12224|12240|12246|12250|12256|12257|12262|12263|12265|12269|12278|12281|12289|12294|12303|12307|12309|12322|12326|12327|12331|12333|12346|12351|12368|12369|12374|12376|12377|12378|12379|12386,98|398|76|11|2|69|53|140|384|1|26,15|22|25|29|32|35|41|43|53|55|66|77|84|91|98|109|115|116|127|134|149|161|166|181|189|194|202|205|208|210|213|214|217|219|221|232|239|243|257|264|265|266|272|277|290|302|306|319|340|344|346|354|365|375|385|406|407|408|418|421|435|443|455|458|461|467|476|486|493|494|509|515|518|525|542|549|554|559|571|581|598|617|626|633|637|639|643|660|669|680|683|687|689|692|696|708|711|714|717|719|721|723|728|736|741|745|748|760|762|768|775|785|793|798|800|803|812|815|820|827|838|840|857|858|859|863|873|895|900|915|918|921|928|930|935|937|940|946|961|962|981|994|995|1000|1003|1006|1012|1031|1050|1051|1059|1075|1087|1093|1094|1096|1102|1105|1117|1121|1125|1143|1160|1162|1163|1164|1173|1183|1192|1195|1197|1220|1222|1227|1229|1231|1234|1249|1263|1272|1278|1281|1287|1302|1313|1325|1330|1341|1346|1350|1355|1361|1369|1370|1371|1377|1378|1387|1389|1392|1395|1401|1411|1413|1420|1422|1434|1436|1441|1445|1451|1456|1460|1466|1469|1483|1488|1496|1500|1502|1522|1530|1533|1550|1551|1560|1561|1563|1566|1577|1578|1590|1592|1600|1616|1621|1622|1624|1627|1628|1632|1635|1637|1644|1648|1659|1678|1687|1689|1698|1699|1706|1708|1743|1744|1752|1763|1791|1792|1806|1811|1815|1818|1823|1847|1854|1857|1866|1867|1875|1881|1900|1907|1915|1919|1922|1931|1932|1933|1936|1938|1956|1967|1969|1978|1981|1985|1988|1991|1992|1995|2022|2026|2040|2045|2055|2066|2069|2078|2084|2087|2099|2123|2129|2131|2133|2134|2137|2140|2149|2150|2153|2160|2167|2168|2180|2181|2185|2186|2192|2195|2206|2207|2211|2215|2244|2248|2249|2257|2265|2272|2273|2286|2292|2293|2296|2300|2301|2349|2358|2365|2369|2383|2390|2399|2403|2417|2420|2429|2434|2437|2439|2441|2451|2454|2457|2461|2470|2480|2485|2493|2494|2500|2505|2511|2526|2528|2530|2531|2532|2542|2549|2554|2556|2561|2563|2570|2577|2584|2589|2596|2597|2612|2614|2642|2643|2652|2657|2666|2684|2703|2705|2708|2710|2717|2720|2726|2728|2730|2731|2743|2762|2768|2771|2772|2781|2791|2801|2808|2809|2822|2834|2858|2876|2881|2890|2893|2900|2901|2910|2930|2932|2938|2943|2944|2945|2957|2966|2972|2974|2981|2996|3003|3008|3015|3018|3043|3055|3080|3085|3087|3092|3095|3100|3101|3103|3105|3117|3118|3128|3136|3143|3157|3163|3164|3167|3173|3175|3179|3180|3184|3198|3206|3217|3234|3236|3245|3246|3247|3258|3268|3272|3281|3284|3297|3313|3316|3317|3322|3333|3341|3343|3355|3360|3373|3375|3380|3385|3399|3403|3407|3411|3420|3422|3424|3425|3428|3435|3437|3442|3444|3452|3465|3467|3476|3478|3487|3493|3499|3500|3502|3504|3513|3515|3522|3524|3530|3538|3546|3560|3565|3568|3570|3586|3587|3588|3589|3598|3599|3615|3617|3627|3631|3637|3643|3656|3657|3703|3715|3718|3727|3729|3742|3747|3749|3754|3756|3758|3761|3781|3798|3802|3808|3812|3823|3834|3839|3845|3854|3857|3859|3862|3883|3890|3893|3899|3903|3924|3926|3935|3939|3943|3977|3982|3990|3992|3995|3999|4004|4012|4029|4034|4035|4046|4051|4075|4080|4089|4124|4126|4134|4137|4153|4155|4162|4163|4173|4181|4185|4189|4194|4200|4209|4211|4212|4236|4238|4249|4257|4259|4261|4263|4278|4294|4298|4299|4300|4306|4307|4308|4310|4326|4330|4333|4339|4352|4355|4356|4358|4373|4380|4382|4387|4395|4396|4405|4408|4409|4411|4427|4428|4445|4448|4451|4454|4473|4475|4490|4494|4508|4524|4536|4542|4547|4554|4561|4565|4580|4581|4592|4594|4613|4616|4619|4620|4627|4632|4637|4653|4658|4659|4662|4687|4706|4707|4712|4716|4724|4729|4740|4742|4743|4744|4747|4770|4782|4783|4788|4792|4796|4800|4805|4811|4818|4819|4823|4824|4829|4833|4843|4845|4847|4851|4861|4870|4872|4878|4882|4883|4890|4892|4895|4898|4902|4906|4923|4949|4956|4965|4972|4983|4987|4991|4994|4999|5006|5023|5027|5031|5034|5038|5052|5068|5079|5097|5098|5109|5110|5113|5118|5126|5131|5133|5136|5141|5143|5147|5153|5163|5165|5166|5172|5208|5209|5233|5235|5243|5246|5247|5262|5263|5267|5282|5283|5284|5287|5292|5310|5312|5320|5323|5325|5330|5337|5343|5346|5387|5389|5398|5401|5414|5415|5421|5429|5446|5461|5469|5472|5480|5496|5510|5521|5536|5540|5544|5556|5558|5560|5573|5582|5589|5615|5617|5626|5633|5641|5648|5656|5658|5660|5676|5679|5682|5689|5692|5695|5698|5703|5709|5713|5722|5724|5725|5732|5737|5746|5747|5754|5778|5785|5810|5813|5817|5819|5825|5831|5832|5838|5848|5851|5852|5864|5869|5875|5876|5882|5884|5899|5902|5906|5926|5946|5967|5970|5972|5996|6039|6040|6049|6065|6069|6073|6074|6080|6094|6095|6103|6106|6107|6117|6125|6135|6143|6145|6150|6156|6162|6175|6180|6183|6187|6189|6190|6194|6195|6199|6217|6223|6238|6239|6245|6246|6253|6259|6263|6268|6272|6278|6289|6298|6314|6318|6324|6325|6326|6331|6344|6347|6350|6356|6362|6389|6414|6416|6417|6426|6428|6434|6435|6436|6449|6468|6479|6484|6486|6487|6492|6493|6501|6511|6512|6525|6529|6532|6534|6555|6559|6565|6566|6573|6574|6575|6592|6623|6629|6630|6642|6655|6656|6669|6671|6698|6711|6716|6728|6735|6737|6740|6749|6759|6764|6766|6770|6782|6793|6795|6801|6805|6806|6815|6819|6825|6832|6839|6845|6848|6856|6870|6872|6874|6891|6898|6914|6917|6959|6964|6975|6977|6979|6980|6994|6997|7009|7019|7031|7039|7044|7045|7058|7067|7068|7072|7073|7079|7084|7096|7104|7106|7116|7124|7125|7131|7132|7143|7154|7164|7170|7173|7175|7185|7189|7198|7206|7208|7211|7212|7217|7220|7234|7255|7258|7265|7275|7276|7285|7291|7307|7333|7338|7342|7343|7345|7355|7361|7363|7365|7387|7393|7420|7421|7429|7436|7439|7456|7457|7458|7461|7462|7466|7477|7491|7497|7524|7526|7530|7532|7564|7569|7570|7571|7574|7577|7582|7588|7609|7612|7613|7618|7624|7640|7656|7667|7669|7670|7677|7691|7704|7712|7721|7724|7728|7732|7749|7751|7763|7765|7767|7780|7781|7782|7786|7789|7793|7806|7811|7817|7819|7863|7865|7866|7867|7870|7875|7876|7881|7884|7887|7890|7892|7893|7899|7902|7912|7917|7919|7920|7927|7930|7935|7940|7948|7950|7961|7976|7995|7998|8003|8006|8009|8019|8020|8028|8034|8035|8036|8043|8052|8074|8078|8081|8082|8089|8102|8103|8106|8109|8110|8126|8146|8149|8161|8162|8170|8178|8206|8216|8220|8222|8226|8231|8234|8243|8247|8252|8261|8280|8293|8302|8315|8322|8328|8331|8342|8343|8351|8357|8361|8363|8366|8368|8369|8378|8387|8391|8398|8399|8411|8413|8423|8426|8436|8444|8468|8477|8479|8495|8496|8516|8531|8536|8546|8547|8549|8555|8558|8570|8587|8592|8599|8602|8606|8609|8612|8613|8636|8639|8642|8646|8649|8657|8669|8674|8675|8685|8693|8700|8721|8722|8725|8731|8741|8758|8765|8772|8776|8784|8808|8814|8818|8841|8851|8853|8860|8863|8865|8867|8873|8880|8888|8902|8905|8907|8910|8912|8922|8930|8936|8944|8948|8949|8962|8968|8974|8978|8984|8993|8996|9008|9011|9014|9015|9016|9020|9022|9023|9040|9041|9048|9051|9055|9057|9067|9072|9075|9088|9089|9100|9111|9117|9125|9133|9138|9141|9145|9154|9163|9186|9189|9192|9212|9239|9241|9243|9244|9246|9250|9252|9253|9258|9266|9270|9273|9276|9292|9302|9310|9313|9319|9323|9328|9330|9339|9353|9355|9359|9360|9365|9373|9375|9379|9381|9385|9408|9426|9434|9441|9443|9445|9451|9453|9464|9468|9472|9489|9492|9533|9541|9542|9559|9568|9578|9589|9593|9601|9608|9610|9623|9629|9643|9644|9653|9666|9669|9675|9680|9684|9692|9714|9726|9729|9739|9750|9758|9760|9769|9775|9791|9794|9802|9804|9806|9818|9822|9823|9824|9830|9844|9851|9855|9873|9877|9879|9891|9899|9901|9911|9913|9917|9919|9922|9950|9968|9975|10006|10010|10015|10017|10018|10024|10027|10030|10041|10042|10048|10063|10072|10088|10110|10113|10130|10134|10140|10141|10143|10151|10156|10166|10171|10185|10186|10192|10198|10203|10207|10216|10222|10223|10232|10244|10245|10252|10257|10258|10260|10265|10266|10268|10286|10287|10295|10302|10303|10305|10313|10314|10331|10345|10367|10373|10376|10386|10389|10391|10397|10405|10415|10421|10431|10433|10458|10466|10470|10473|10486|10498|10499|10508|10524|10534|10536|10543|10550|10554|10556|10560|10578|10588|10590|10602|10611|10621|10642|10648|10658|10675|10703|10719|10737|10741|10748|10758|10772|10773|10776|10781|10786|10787|10798|10801|10803|10806|10809|10816|10825|10832|10834|10840|10845|10848|10850|10852|10856|10870|10876|10880|10889|10895|10900|10904|10906|10908|10913|10915|10924|10934|10941|10955|10963|10968,177.36363636363637,True
instance_0014.txt,afe_useful_order-null_prune-multi,1784,11,1549,1|11|15|34|47|48|53|56|75|77|81|102|117|119|123|125|127|135|136|143|154|157|173|196|228|241|249|251|257|266|274|281|284|294|298|310|321|330|334|335|337|373|379|383|387|388|397|405|410|417|423|428|429|434|459|464|476|480|481|489|492|533|537|540|542|562|571|576|579|584|586|610|621|624|633|651|672|674|686|687|697|698|721|733|762|770|774|778|782|784|787|803|804|805|806|813|832|854|859|879|888|897|900|907|908|912|928|931|935|938|956|962|963|965|968|972|977|984|985|1018|1022|1028|1037|1039|1044|1045|1062|1073|1081|1083|1091|1096|1100|1103|1109|1110|1113|1118|1121|1137|1153|1155|1158|1160|1167|1169|1217|1227|1239|1248|1249|1253|1257|1277|1286|1299|1324|1334|1335|1338|1353|1359|1375|1384|1386|1387|1390|1394|1405|1407|1410|1411|1425|1432|1437|1443|1445|1448|1450|1457|1470|1473|1497|1508|1515|1520|1536|1559|1573|1579|1596|1598|1606|1612|1617|1618|1620|1641|1654|1658|1659|1672|1678|1681|1689|1698|1701|1702|1703|1705|1706|1715|1720|1722|1735|1743|1749|1760|1774|1775|1786|1796|1801|1818|1844|1845|1862|1873|1879|1888|1889|1900|1901|1906|1916|1924|1963|1966|1981|1990|1993|2012|2016|2018|2029|2034|2035|2054|2060|2084|2100|2103|2111|2113|2117|2131|2133|2140|2142|2143|2160|2169|2171|2173|2177|2192|2194|2196|2202|2203|2206|2220|2223|2241|2252|2259|2275|2276|2279|2296|2299|2304|2320|2321|2324|2331|2333|2335|2336|2342|2359|2363|2365|2369|2375|2381|2401|2407|2408|2410|2413|2417|2427|2428|2441|2447|2452|2459|2460|2461|2463|2468|2469|2482|2484|2501|2502|2509|2522|2532|2535|2538|2543|2551|2552|2556|2560|2562|2577|2579|2599|2609|2637|2640|2662|2665|2670|2678|2687|2712|2715|2722|2733|2737|2738|2742|2756|2758|2767|2772|2773|2787|2789|2792|2798|2801|2826|2828|2831|2834|2841|2845|2851|2858|2863|2882|2886|2889|2892|2894|2895|2899|2900|2902|2908|2925|2930|2935|2936|2938|2942|2947|2948|2955|2967|2981|2984|2987|2988|2993|2997|3007|3023|3030|3037|3039|3046|3054|3056|3067|3076|3077|3097|3103|3106|3119|3120|3122|3125|3132|3136|3139|3144|3153|3154|3155|3162|3166|3171|3172|3186|3208|3212|3225|3231|3237|3240|3241|3249|3261|3262|3263|3274|3275|3288|3295|3297|3304|3307|3310|3315|3320|3323|3326|3329|3332|3351|3362|3365|3392|3400|3403|3406|3411|3422|3426|3430|3432|3433|3434|3435|3442|3451|3456|3459|3461|3465|3467|3468|3471|3478|3482|3483|3491|3496|3510|3512|3526|3537|3538|3542|3548|3555|3563|3566|3570|3578|3589|3592|3608|3617|3620|3636|3640|3649|3655|3660|3662|3701|3707|3709|3713|3715|3720|3722|3730|3731|3753|3754|3756|3763|3766|3768|3773|3776|3786|3787|3790|3791|3793|3794|3810|3817|3823|3836|3855|3882|3884|3885|3891|3901|3919|3926|3929|3931|3932|3934|3939|3942|3944|3950|3954|3958|3960|3963|3992|4010|4029|4043|4078|4080|4084|4096|4108|4117|4118|4129|4131|4132|4133|4134|4139|4143|4147|4150|4158|4162|4164|4173|4178|4184|4203|4212|4216|4235|4238|4241|4242|4243|4245|4269|4283|4289|4296|4297|4302|4311|4328|4331|4358|4364|4365|4366|4384|4386|4396|4401|4404|4405|4406|4410|4416|4419|4425|4427|4429|4432|4445|4463|4465|4483|4492|4515|4522|4528|4539|4543|4545|4546|4566|4571|4572|4575|4581|4586|4594|4600|4602|4605|4626|4640|4645|4651|4652|4661|4669|4672|4673|4675|4698|4699|4702|4719|4722|4729|4731|4732|4750|4771|4775|4784|4788|4791|4795|4818|4820|4821|4838|4857|4858|4861|4866|4867|4876|4883|4886|4889|4893|4907|4917|4937|4939|4957|4962|4978|4988|5002|5005|5010|5027|5028|5033|5043|5044|5046|5049|5053|5054|5072|5075|5089|5099|5108|5112|5123|5128|5131|5141|5144|5152|5159|5162|5172|5173|5178|5179|5185|5188|5189|5200|5201|5203|5213|5218|5229|5231|5259|5265|5267|5270|5274|5296|5297|5301|5302|5305|5307|5309|5310|5313|5314|5335|5336|5337|5346|5350|5355|5365|5368|5380|5381|5382|5389|5390|5413|5414|5423|5428|5433|5434|5441|5444|5447|5457|5461|5468|5471|5472|5474|5502|5504|5508|5509|5514|5526|5529|5551|5554|5560|5568|5570|5576|5583|5584|5595|5634|5636|5660|5668|5671|5679|5685|5691|5698|5699|5724|5729|5733|5735|5738|5748|5754|5759|5763|5770|5786|5788|5792|5800|5815|5822|5837|5843|5845|5847|5850|5852|5859|5860|5862|5863|5869|5879|5880|5883|5885|5897|5901|5912|5915|5923|5924|5931|5938|5952|5957|5961|5963|5964|5969|5970|5971|5977|5985|5987|5988|6009|6025|6026|6043|6047|6049|6064|6067|6073|6080|6097|6102|6106|6107|6119|6121|6124|6137|6149|6164|6177|6185|6192|6194|6203|6212|6218|6237|6241|6243|6245|6249|6254|6257|6262|6264|6293|6311|6343|6344|6349|6350|6351|6360|6363|6370|6372|6376|6377|6379|6392|6393|6405|6420|6421|6424|6425|6427|6431|6432|6445|6466|6469|6482|6483|6488|6489|6493|6506|6510|6534|6536|6538|6547|6550|6558|6566|6577|6580|6586|6587|6589|6592|6597|6601|6602|6612|6619|6624|6627|6630|6631|6646|6655|6663|6672|6676|6679|6688|6703|6704|6721|6722|6731|6733|6736|6740|6757|6760|6763|6766|6770|6772|6773|6793|6795|6798|6799|6805|6808|6814|6815|6816|6821|6831|6833|6837|6857|6864|6867|6884|6887|6894|6915|6917|6918|6923|6925|6932|6939|6940|6941|6948|6962|6968|6981|6984|6989|6991|6993|6994|6997|7007|7012|7019|7021|7022|7024|7033|7043|7045|7048|7050|7053|7060|7067|7069|7073|7093|7107|7126|7133|7140|7146|7155|7174|7182|7183|7188|7190|7194|7199|7205|7206|7209|7211|7221|7224|7238|7256|7269|7270|7281|7302|7305|7320|7345|7346|7350|7352|7356|7357|7362|7363|7365|7371|7373|7374|7391|7398|7405|7408|7417|7431|7439|7445|7449|7466|7467|7477|7480|7481|7482|7489|7497|7498|7502|7515|7527|7536|7546|7552|7553|7557|7564|7574|7581|7584|7595|7609|7610|7614|7616|7621|7625|7631|7632|7633|7634|7638|7639|7642|7652|7653|7655|7662|7668|7680|7681|7685|7691|7699|7702|7703|7716|7719|7722|7732|7742|7787|7789|7794|7795|7798|7799|7830|7833|7848|7867|7868|7877|7880|7885|7887|7916|7928|7932|7933|7948|7960|7963|7965|7970|7973|7974|7993|7994|8005|8018|8034|8059|8060|8068|8071|8081|8085|8090|8095|8110|8115|8136|8142|8147|8155|8163|8167|8170|8183|8192|8193|8204|8217|8220|8226|8227|8237|8238|8241|8257|8269|8283|8284|8291|8295|8320|8322|8323|8347|8350|8373|8385|8390|8391|8408|8411|8415|8422|8436|8439|8440|8448|8449|8450|8452|8459|8460|8471|8473|8485|8507|8514|8524|8527|8528|8541|8557|8564|8567|8575|8577|8581|8585|8586|8593|8598|8599|8601|8611|8613|8629|8630|8633|8634|8636|8638|8646|8662|8664|8673|8692|8695|8700|8701|8709|8715|8722|8730|8734|8744|8745|8755|8767|8768|8771|8805|8819|8832|8849|8854|8863|8887|8892|8905|8915|8918|8921|8935|8948|8949|8952|8956|8963|8966|8967|8977|8980|8981|8982|8987|9004|9009|9012|9017|9025|9028|9029|9035|9036|9037|9040|9041|9045|9049|9057|9064|9079|9092|9094|9095|9096|9098|9104|9119|9129|9131|9137|9139|9152|9178|9186|9189|9190|9195|9200|9203|9206|9210|9225|9228|9230|9246|9247|9254|9255|9268|9277|9290|9294|9296|9300|9314|9319|9327|9328|9335|9337|9345|9346|9364|9366|9373|9388|9391|9392|9395|9398|9406|9410|9412|9425|9428|9449|9454|9464|9466|9470|9493|9497|9499|9505|9516|9519|9521|9526|9528|9542|9550|9552|9555|9556|9557|9559|9563|9564|9573|9580|9587|9593|9605|9608|9610|9611|9618|9623|9628|9636|9639|9646|9662|9665|9672|9674|9684|9686|9717|9729|9730|9740|9749|9753|9760|9768|9777|9789|9792|9793|9795|9807|9808|9817|9818|9823|9843|9849|9852|9865|9868|9873|9878|9881|9890|9906|9910|9912|9915|9919|9920|9922|9924|9927|9930|9942|9945|9952|9962|9966|9968|9990|10010|10012|10016|10021|10026|10030|10046|10057|10059|10076|10081|10083|10091|10101|10103|10105|10106|10118|10119|10126|10128|10130|10137|10152|10160|10162|10171|10172|10178|10181|10184|10185|10200|10204|10211|10213|10225|10231|10235|10245|10247|10249|10250|10255|10272|10293|10297|10310|10311|10313|10322|10328|10357|10359|10366|10368|10379|10384|10385|10399|10411|10418|10427|10433|10434|10435|10449|10450|10458|10475|10487|10507|10517|10524|10532|10538|10547|10549|10550|10553|10554|10555|10557|10566|10568|10569|10572|10592|10593|10602|10608|10621|10623|10626|10646|10648|10653|10658|10661|10674|10686|10719|10721|10725|10726|10727|10733|10734|10736|10739|10740|10743|10745|10747|10754|10780|10782|10784|10789|10790|10793|10796|10802|10813|10817|10829|10832|10836|10837|10844|10845|10850|10882|10885|10892|10920|10934|10945|10948|10949|10954|10955|10957|10967|10968|10970|10971|10978|10980|10983|10987|10989|11004|11006|11009|11018|11021|11041|11044|11046|11051|11052|11062|11071|11076|11078|11083|11090|11094|11112|11124|11134|11136|11143|11164|11192|11203|11204|11205|11207|11211|11215|11219|11220|11223|11229|11236|11256|11259|11274|11276|11277|11278|11282|11293|11304|11307|11314|11344|11350|11371|11376|11386|11397|11412|11438|11463|11467|11468|11476|11478|11486|11506|11512|11515|11530|11542|11546|11552|11554|11555|11564|11569|11571|11573|11576|11577|11580|11582|11585|11587|11598|11600|11603|11607|11609|11616|11632|11653|11672|11690|11691|11707|11716|11720|11729|11733|11734|11738|11740|11741|11744|11748|11749|11752|11759|11769|11773|11775|11776|11778|11783|11792|11801|11809|11811|11814|11816|11819|11837|11841|11847|11848|11857|11868|11871|11875|11877|11884|11890|11929|11931|11933|11940|11945|11948|11952|11955|11956|11960|11973|11974|11994|12002|12016|12037|12039|12040|12041|12044|12051|12060|12072|12079|12083|12085|12088|12095|12100|12104|12114|12116|12127|12128|12135|12138|12142|12147|12153|12154|12170|12176|12178|12192|12197|12200|12213|12218|12224|12240|12246|12250|12256|12257|12262|12263|12265|12269|12278|12281|12289|12294|12303|12307|12309|12322|12326|12327|12331|12333|12346|12351|12368|12369|12374|12376|12377|12378|12379|12386,98|398|76|11|2|69|53|140|384|1|26,15|22|25|29|32|35|41|43|53|55|66|77|84|91|98|109|115|116|127|134|149|161|166|181|189|194|202|205|208|210|213|214|217|219|221|232|239|243|257|264|265|266|272|277|290|302|306|319|340|344|346|354|365|375|385|406|407|408|418|421|435|443|455|458|461|467|476|486|493|494|509|515|518|525|542|549|554|559|571|581|598|617|626|633|637|639|643|660|669|680|683|687|689|692|696|708|711|714|717|719|721|723|728|736|741|745|748|760|762|768|775|785|793|798|800|803|812|815|820|827|838|840|857|858|859|863|873|895|900|915|918|921|928|930|935|937|940|946|961|962|981|994|995|1000|1003|1006|1012|1031|1050|1051|1059|1075|1087|1093|1094|1096|1102|1105|1117|1121|1125|1143|1160|1162|1163|1164|1173|1183|1192|1195|1197|1220|1222|1227|1229|1231|1234|1249|1263|1272|1278|1281|1287|1302|1313|1325|1330|1341|1346|1350|1355|1361|1369|1370|1371|1377|1378|1387|1389|1392|1395|1401|1411|1413|1420|1422|1434|1436|1441|1445|1451|1456|1460|1466|1469|1483|1488|1496|1500|1502|1522|1530|1533|1550|1551|1560|1561|1563|1566|1577|1578|1590|1592|1600|1616|1621|1622|1624|1627|1628|1632|1635|1637|1644|1648|1659|1678|1687|1689|1698|1699|1706|1708|1743|1744|1752|1763|1791|1792|1806|1811|1815|1818|1823|1847|1854|1857|1866|1867|1875|1881|1900|1907|1915|1919|1922|1931|1932|1933|1936|1938|1956|1967|1969|1978|1981|1985|1988|1991|1992|1995|2022|2026|2040|2045|2055|2066|2069|2078|2084|2087|2099|2123|2129|2131|2133|2134|2137|2140|2149|2150|2153|2160|2167|2168|2180|2181|2185|2186|2192|2195|2206|2207|2211|2215|2244|2248|2249|2257|2265|2272|2273|2286|2292|2293|2296|2300|2301|2349|2358|2365|2369|2383|2390|2399|2403|2417|2420|2429|2434|2437|2439|2441|2451|2454|2457|2461|2470|2480|2485|2493|2494|2500|2505|2511|2526|2528|2530|2531|2532|2542|2549|2554|2556|2561|2563|2570|2577|2584|2589|2596|2597|2612|2614|2642|2643|2652|2657|2666|2684|2703|2705|2708|2710|2717|2720|2726|2728|2730|2731|2743|2762|2768|2771|2772|2781|2791|2801|2808|2809|2822|2834|2858|2876|2881|2890|2893|2900|2901|2910|2930|2932|2938|2943|2944|2945|2957|2966|2972|2974|2981|2996|3003|3008|3015|3018|3043|3055|3080|3085|3087|3092|3095|3100|3101|3103|3105|3117|3118|3128|3136|3143|3157|3163|3164|3167|3173|3175|3179|3180|3184|3198|3206|3217|3234|3236|3245|3246|3247|3258|3268|3272|3281|3284|3297|3313|3316|3317|3322|3333|3341|3343|3355|3360|3373|3375|3380|3385|3399|3403|3407|3411|3420|3422|3424|3425|3428|3435|3437|3442|3444|3452|3465|3467|3476|3478|3487|3493|3499|3500|3502|3504|3513|3515|3522|3524|3530|3538|3546|3560|3565|3568|3570|3586|3587|3588|3589|3598|3599|3615|3617|3627|3631|3637|3643|3656|3657|3703|3715|3718|3727|3729|3742|3747|3749|3754|3756|3758|3761|3781|3798|3802|3808|3812|3823|3834|3839|3845|3854|3857|3859|3862|3883|3890|3893|3899|3903|3924|3926|3935|3939|3943|3977|3982|3990|3992|3995|3999|4004|4012|4029|4034|4035|4046|4051|4075|4080|4089|4124|4126|4134|4137|4153|4155|4162|4163|4173|4181|4185|4189|4194|4200|4209|4211|4212|4236|4238|4249|4257|4259|4261|4263|4278|4294|4298|4299|4300|4306|4307|4308|4310|4326|4330|4333|4339|4352|4355|4356|4358|4373|4380|4382|4387|4395|4396|4405|4408|4409|4411|4427|4428|4445|4448|4451|4454|4473|4475|4490|4494|4508|4524|4536|4542|4547|4554|4561|4565|4580|4581|4592|4594|4613|4616|4619|4620|4627|4632|4637|4653|4658|4659|4662|4687|4706|4707|4712|4716|4724|4729|4740|4742|4743|4744|4747|4770|4782|4783|4788|4792|4796|4800|4805|4811|4818|4819|4823|4824|4829|4833|4843|4845|4847|4851|4861|4870|4872|4878|4882|4883|4890|4892|4895|4898|4902|4906|4923|4949|4956|4965|4972|4983|4987|4991|4994|4999|5006|5023|5027|5031|5034|5038|5052|5068|5079|5097|5098|5109|5110|5113|5118|5126|5131|5133|5136|5141|5143|5147|5153|5163|5165|5166|5172|5208|5209|5233|5235|5243|5246|5247|5262|5263|5267|5282|5283|5284|5287|5292|5310|5312|5320|5323|5325|5330|5337|5343|5346|5387|5389|5398|5401|5414|5415|5421|5429|5446|5461|5469|5472|5480|5496|5510|5521|5536|5540|5544|5556|5558|5560|5573|5582|5589|5615|5617|5626|5633|5641|5648|5656|5658|5660|5676|5679|5682|5689|5692|5695|5698|5703|5709|5713|5722|5724|5725|5732|5737|5746|5747|5754|5778|5785|5810|5813|5817|5819|5825|5831|5832|5838|5848|5851|5852|5864|5869|5875|5876|5882|5884|5899|5902|5906|5926|5946|5967|5970|5972|5996|6039|6040|6049|6065|6069|6073|6074|6080|6094|6095|6103|6106|6107|6117|6125|6135|6143|6145|6150|6156|6162|6175|6180|6183|6187|6189|6190|6194|6195|6199|6217|6223|6238|6239|6245|6246|6253|6259|6263|6268|6272|6278|6289|6298|6314|6318|6324|6325|6326|6331|6344|6347|6350|6356|6362|6389|6414|6416|6417|6426|6428|6434|6435|6436|6449|6468|6479|6484|6486|6487|6492|6493|6501|6511|6512|6525|6529|6532|6534|6555|6559|6565|6566|6573|6574|6575|6592|6623|6629|6630|6642|6655|6656|6669|6671|6698|6711|6716|6728|6735|6737|6740|6749|6759|6764|6766|6770|6782|6793|6795|6801|6805|6806|6815|6819|6825|6832|6839|6845|6848|6856|6870|6872|6874|6891|6898|6914|6917|6959|6964|6975|6977|6979|6980|6994|6997|7009|7019|7031|7039|7044|7045|7058|7067|7068|7072|7073|7079|7084|7096|7104|7106|7116|7124|7125|7131|7132|7143|7154|7164|7170|7173|7175|7185|7189|7198|7206|7208|7211|7212|7217|7220|7234|7255|7258|7265|7275|7276|7285|7291|7307|7333|7338|7342|7343|7345|7355|7361|7363|7365|7387|7393|7420|7421|7429|7436|7439|7456|7457|7458|7461|7462|7466|7477|7491|7497|7524|7526|7530|7532|7564|7569|7570|7571|7574|7577|7582|7588|7609|7612|7613|7618|7624|7640|7656|7667|7669|7670|7677|7691|7704|7712|7721|7724|7728|7732|7749|7751|7763|7765|7767|7780|7781|7782|7786|7789|7793|7806|7811|7817|7819|7863|7865|7866|7867|7870|7875|7876|7881|7884|7887|7890|7892|7893|7899|7902|7912|7917|7919|7920|7927|7930|7935|7940|7948|7950|7961|7976|7995|7998|8003|8006|8009|8019|8020|8028|8034|8035|8036|8043|8052|8074|8078|8081|8082|8089|8102|8103|8106|8109|8110|8126|8146|8149|8161|8162|8170|8178|8206|8216|8220|8222|8226|8231|8234|8243|8247|8252|8261|8280|8293|8302|8315|8322|8328|8331|8342|8343|8351|8357|8361|8363|8366|8368|8369|8378|8387|8391|8398|8399|8411|8413|8423|8426|8436|8444|8468|8477|8479|8495|8496|8516|8531|8536|8546|8547|8549|8555|8558|8570|8587|8592|8599|8602|8606|8609|8612|8613|8636|8639|8642|8646|8649|8657|8669|8674|8675|8685|8693|8700|8721|8722|8725|8731|8741|8758|8765|8772|8776|8784|8808|8814|8818|8841|8851|8853|8860|8863|8865|8867|8873|8880|8888|8902|8905|8907|8910|8912|8922|8930|8936|8944|8948|8949|8962|8968|8974|8978|8984|8993|8996|9008|9011|9014|9015|9016|9020|9022|9023|9040|9041|9048|9051|9055|9057|9067|9072|9075|9088|9089|9100|9111|9117|9125|9133|9138|9141|9145|9154|9163|9186|9189|9192|9212|9239|9241|9243|9244|9246|9250|9252|9253|9258|9266|9270|9273|9276|9292|9302|9310|9313|9319|9323|9328|9330|9339|9353|9355|9359|9360|9365|9373|9375|9379|9381|9385|9408|9426|9434|9441|9443|9445|9451|9453|9464|9468|9472|9489|9492|9533|9541|9542|9559|9568|9578|9589|9593|9601|9608|9610|9623|9629|9643|9644|9653|9666|9669|9675|9680|9684|9692|9714|9726|9729|9739|9750|9758|9760|9769|9775|9791|9794|9802|9804|9806|9818|9822|9823|9824|9830|9844|9851|9855|9873|9877|9879|9891|9899|9901|9911|9913|9917|9919|9922|9950|9968|9975|10006|10010|10015|10017|10018|10024|10027|10030|10041|10042|10048|10063|10072|10088|10110|10113|10130|10134|10140|10141|10143|10151|10156|10166|10171|10185|10186|10192|10198|10203|10207|10216|10222|10223|10232|10244|10245|10252|10257|10258|10260|10265|10266|10268|10286|10287|10295|10302|10303|10305|10313|10314|10331|10345|10367|10373|10376|10386|10389|10391|10397|10405|10415|10421|10431|10433|10458|10466|10470|10473|10486|10498|10499|10508|10524|10534|10536|10543|10550|10554|10556|10560|10578|10588|10590|10602|10611|10621|10642|10648|10658|10675|10703|10719|10737|10741|10748|10758|10772|10773|10776|10781|10786|10787|10798|10801|10803|10806|10809|10816|10825|10832|10834|10840|10845|10848|10850|10852|10856|10870|10876|10880|10889|10895|10900|10904|10906|10908|10913|10915|10924|10934|10941|10955|10963|10968,177.36363636363637,True
instance_0015.txt,af_useful_order-desc_prune-multi,382,3,337,5532|1573|5169|5594|1605|1727|3360|4181|4489|6129|6224|41|415|1269|1296|2122|2788|2938|3593|3612|3860|3877|4237|4515|4605|4660|5105|5307|5312|5463|5623|5945|6173|6558|6895|6938|1|16|20|44|52|78|80|109|135|153|188|204|228|250|270|294|299|316|338|360|362|364|410|414|474|497|535|536|551|584|595|608|620|674|717|719|723|729|735|740|741|742|749|780|799|811|823|833|858|870|883|895|915|918|961|980|983|1015|1020|1028|1029|1032|1075|1086|1094|1112|1167|1182|1198|1204|1211|1250|1255|1282|1315|1354|1422|1429|1463|1503|1528|1535|1541|1597|1642|1648|1677|1699|1745|1761|1768|1771|1789|1804|1807|1822|1839|1903|1923|1940|1986|1987|2013|2068|2076|2093|2105|2137|2171|2180|2184|2201|2245|2249|2271|2285|2323|2324|2343|2349|2353|2474|2490|2548|2595|2599|2624|2648|2681|2707|2736|2791|2801|2820|2831|2897|2929|2970|2986|3006|3067|3131|3142|3159|3170|3189|3201|3239|3240|3308|3355|3368|3376|3402|3410|3446|3479|3488|3495|3505|3524|3538|3562|3578|3602|3603|3615|3622|3632|3650|3658|3695|3702|3703|3713|3727|3738|3760|3772|3775|3791|3814|3818|3821|3839|3869|3935|3937|3960|3961|3970|4004|4014|4036|4094|4107|4112|4231|4254|4269|4290|4305|4321|4336|4338|4349|4359|4365|4374|4379|4403|4439|4462|4467|4484|4492|4521|4529|4530|4554|4564|4569|4573|4627|4636|4642|4649|4657|4665|4673|4717|4722|4742|4801|4869|4873|4906|4912|4932|4969|4999|5025|5027|5056|5067|5123|5147|5155|5162|5163|5166|5177|5195|5205|5265|5323|5389|5390|5393|5423|5451|5453|5478|5494|5503|5525|5548|5606|5625|5682|5688|5748|5772|5778|5837|5857|5859|5867|5890|5904|5926|5953|5982|6038|6048|6058|6059|6074|6138|6147|6159|6246|6262|6315|6348|6366|6406|6456|6462|6477|6511|6530|6538|6540|6571|6580|6610|6622|6633|6648|6652|6663|6686|6706|6720|6725|6731|6739|6778|6801|6837|6873|6876|6904|6956|6976|7004|7013|7057|7062|7138|7141|7178|7185|7188|7189|7248|7286|7288|7289|7296|7314|7327|7330|7355|7356,10|386|27,69|79|96|124|131|151|153|165|191|202|225|248|259|294|303|322|406|437|454|473|519|525|529|532|546|578|616|661|665|671|673|677|685|739|753|762|766|777|778|797|826|831|834|843|853|854|870|890|900|911|945|985|1033|1043|1066|1074|1085|1101|1120|1135|1141|1164|1222|1228|1266|1272|1292|1323|1344|1393|1403|1454|1466|1491|1520|1532|1572|1615|1644|1649|1660|1695|1701|1730|1735|1746|1757|1759|1773|1784|1785|1810|1835|1873|1877|1900|1917|1926|1943|2023|2028|2029|2060|2095|2098|2101|2169|2174|2207|2221|2231|2253|2254|2273|2276|2344|2350|2410|2411|2420|2426|2439|2512|2520|2528|2529|2584|2599|2620|2648|2680|2687|2688|2691|2737|2758|2792|2826|2843|2848|2853|2860|2868|2899|2901|2902|2942|2947|2948|2954|2965|2991|2999|3007|3012|3016|3049|3109|3122|3146|3166|3202|3211|3227|3243|3246|3254|3283|3295|3343|3391|3402|3458|3464|3467|3486|3495|3570|3584|3599|3629|3632|3650|3651|3653|3665|3679|3696|3699|3704|3712|3718|3764|3766|3810|3826|3828|3865|3902|3919|3924|3972|3991|4011|4035|4081|4094|4110|4122|4138|4242|4268|4283|4287|4309|4326|4327|4353|4361|4363|4378|4381|4402|4416|4418|4510|4546|4581|4587|4629|4652|4667|4689|4715|4723|4727|4747|4749|4751|4800|4801|4841|4844|4848|4880|4881|4905|4948|4951|4954|4959|4988|5000|5007|5030|5037|5050|5058|5079|5093|5097|5101|5110|5111|5164|5189|5202|5211|5242|5255|5264|5269|5306|5314|5315|5317|5334|5339|5371|5375|5393|5403|5453|5479|5501|5527|5566|5576|5577|5578|5585|5641|5652|5666|5692|5735|5818|5824|5859|5875|5890|6016|6058|6085|6100|6120|6143|6151|6155|6158|6167|6182|6205|6273|6311|6320|6325|6333|6338|6345|6347|6401|6405|6418|6424|6444|6462|6468|6482|6495|6508|6536|6552|6556|6562|6573|6594,147.0,True
instance_0015.txt,af_useful_order-null_prune-multi,383,3,337,723|5340|429|415|1198|1597|1761|3775|6462|5778|3738|5123|7004|3650|5953|3612|6038|1648|5163|3446|7286|7178|4336|5548|2648|6059|5025|2249|4181|4269|4717|2093|4649|536|5688|5323|7141|535|1711|5307|833|2801|270|5451|2929|7057|3615|6074|883|7355|153|3240|1987|3713|1296|3170|16|6837|2595|4722|5837|4237|4660|7330|7013|5494|2788|1856|3603|5147|6511|362|5453|1429|5389|1182|2013|4374|1573|5748|6129|2599|3308|584|1940|2349|980|3760|3360|4338|5772|5672|2323|1605|5682|5423|3006|3695|3839|620|1789|918|3376|5867|6048|2076|3495|4564|5594|5177|5312|1204|4004|6348|228|6224|6720|6246|1708|6147|1028|3189|6976|5162|1642|5525|740|2324|3355|717|3860|7327|6580|1541|4014|7288|2986|6725|2068|52|5982|7238|4636|4305|78|915|4489|3905|1|870|6663|4657|6138|3632|5205|6778|7062|4439|5859|5169|4529|1094|474|6571|595|3402|6477|6801|3703|7138|7185|1250|3535|1923|4999|299|3524|2707|5027|6406|6456|3368|6648|80|1075|5904|6366|3658|6622|1463|5155|811|1282|4484|6610|3937|2105|3961|1015|1167|2490|4321|4467|5303|1255|4554|3818|3131|1807|741|1112|3538|3821|204|4627|1086|2201|4349|6938|5067|2791|3410|135|4365|6489|7289|3505|5166|3488|3970|5105|5195|5623|7296|3201|4605|6540|1269|2245|1029|2897|414|3877|4912|5184|3814|7248|858|2548|4932|4515|6706|1422|3239|5890|3869|6262|5945|4290|5056|4642|4573|823|2184|4673|608|1677|294|4036|4569|4492|4112|364|2820|4379|3794|3562|2285|719|735|1822|5393|6058|3702|6315|6558|3159|5478|4530|6956|2271|5390|4359|3772|799|3960|3602|2474|4254|3142|6876|6538|5625|2831|4801|6530|4462|6904|1211|6686|5857|4869|6652|3593|250|4969|3935|3791|5606|1903|1727|6895|1745|1771|5503|729|1768|3622|6159|3727|961|4873|7356|316|7189|2736|6633|1503|551|6173|2180|749|983|4906|2624|895|360|188|4908|7188|2122|1839|2171|674|2938|5463|2353|5532|2970|4094|2137|3067|4231|4665|1986|4742|7314|4107|497|6739|4403|2681|6731|20|3479|338|4521|410|5926|6873|1528|1315|1020,10|386|27,69|79|96|124|131|151|153|165|191|202|225|248|259|294|303|322|406|437|454|473|519|525|529|532|546|578|616|661|665|671|673|677|685|739|753|762|766|777|778|797|826|831|834|843|853|854|870|890|900|911|945|985|1033|1043|1066|1074|1085|1101|1120|1135|1141|1164|1222|1228|1266|1272|1292|1323|1344|1393|1403|1454|1466|1491|1520|1532|1572|1615|1644|1649|1660|1695|1701|1730|1735|1746|1757|1759|1773|1784|1785|1810|1835|1873|1877|1900|1917|1926|1943|2023|2028|2029|2060|2095|2098|2101|2169|2174|2207|2221|2231|2253|2254|2273|2276|2344|2350|2410|2411|2420|2426|2439|2512|2520|2528|2529|2584|2599|2620|2648|2680|2687|2688|2691|2737|2758|2792|2826|2843|2848|2853|2860|2868|2899|2901|2902|2942|2947|2948|2954|2965|2991|2999|3007|3012|3016|3049|3109|3122|3146|3166|3202|3211|3227|3243|3246|3254|3283|3295|3343|3391|3402|3458|3464|3467|3486|3495|3570|3584|3599|3629|3632|3650|3651|3653|3665|3679|3696|3699|3704|3712|3718|3764|3766|3810|3826|3828|3865|3902|3919|3924|3972|3991|4011|4035|4081|4094|4110|4122|4138|4242|4268|4283|4287|4309|4326|4327|4353|4361|4363|4378|4381|4402|4416|4418|4510|4546|4581|4587|4629|4652|4667|4689|4715|4723|4727|4747|4749|4751|4800|4801|4841|4844|4848|4880|4881|4905|4948|4951|4954|4959|4988|5000|5007|5030|5037|5050|5058|5079|5093|5097|5101|5110|5111|5164|5189|5202|5211|5242|5255|5264|5269|5306|5314|5315|5317|5334|5339|5371|5375|5393|5403|5453|5479|5501|5527|5566|5576|5577|5578|5585|5641|5652|5666|5692|5735|5818|5824|5859|5875|5890|6016|6058|6085|6100|6120|6143|6151|6155|6158|6167|6182|6205|6273|6311|6320|6325|6333|6338|6345|6347|6401|6405|6418|6424|6444|6462|6468|6482|6495|6508|6536|6552|6556|6562|6573|6594,147.0,True
instance_0015.txt,afe_useful_order-desc_prune-multi,382,3,337,16|20|41|52|78|80|135|153|188|204|228|250|270|294|299|316|338|360|364|410|414|415|474|497|535|536|551|584|595|674|717|719|723|729|735|740|741|749|799|811|823|833|858|870|883|895|915|918|961|980|983|1015|1020|1028|1029|1032|1075|1086|1094|1112|1167|1182|1198|1204|1211|1250|1255|1269|1282|1296|1315|1393|1422|1429|1463|1503|1528|1541|1573|1597|1605|1642|1648|1677|1708|1711|1727|1745|1768|1771|1789|1807|1822|1839|1856|1903|1923|1940|1986|1987|2013|2068|2076|2093|2105|2122|2137|2171|2180|2184|2201|2245|2271|2285|2323|2324|2349|2353|2474|2490|2548|2595|2599|2624|2648|2681|2707|2736|2788|2791|2801|2814|2820|2831|2897|2929|2933|2938|2970|2986|3006|3067|3131|3142|3159|3170|3189|3201|3239|3240|3308|3355|3360|3368|3376|3402|3410|3446|3479|3488|3524|3535|3538|3562|3577|3593|3602|3603|3612|3615|3622|3632|3650|3658|3695|3702|3703|3713|3727|3738|3760|3772|3791|3814|3818|3821|3839|3860|3869|3877|3905|3935|3937|3960|3961|3970|4004|4014|4036|4094|4107|4112|4181|4231|4237|4254|4269|4290|4305|4321|4336|4338|4349|4359|4360|4365|4374|4379|4403|4462|4467|4484|4489|4492|4515|4521|4529|4554|4564|4569|4573|4605|4627|4636|4642|4649|4657|4660|4665|4673|4717|4722|4742|4801|4869|4873|4906|4908|4912|4932|4969|4999|5004|5025|5027|5056|5067|5105|5123|5147|5155|5162|5163|5166|5169|5177|5184|5195|5205|5303|5307|5312|5323|5389|5390|5393|5423|5436|5451|5453|5463|5478|5494|5503|5525|5532|5548|5594|5602|5606|5623|5625|5672|5682|5688|5748|5772|5778|5837|5857|5859|5867|5890|5904|5926|5945|5953|5982|6038|6048|6058|6059|6074|6129|6138|6147|6159|6173|6224|6246|6262|6315|6348|6366|6406|6456|6462|6477|6489|6511|6530|6538|6540|6558|6571|6580|6610|6622|6633|6648|6652|6663|6686|6706|6720|6725|6731|6739|6778|6801|6837|6873|6876|6895|6904|6909|6938|6956|6976|7004|7013|7057|7062|7138|7141|7178|7179|7185|7188|7189|7238|7248|7286|7288|7289|7296|7314|7327|7330|7347|7355|7356,10|386|27,69|79|96|124|131|151|153|165|191|202|225|248|259|294|303|322|406|437|454|473|519|525|529|532|546|578|616|661|665|671|673|677|685|739|753|762|766|777|778|797|826|831|834|843|853|854|870|890|900|911|945|985|1033|1043|1066|1074|1085|1101|1120|1135|1141|1164|1222|1228|1266|1272|1292|1323|1344|1393|1403|1454|1466|1491|1520|1532|1572|1615|1644|1649|1660|1695|1701|1730|1735|1746|1757|1759|1773|1784|1785|1810|1835|1873|1877|1900|1917|1926|1943|2023|2028|2029|2060|2095|2098|2101|2169|2174|2207|2221|2231|2253|2254|2273|2276|2344|2350|2410|2411|2420|2426|2439|2512|2520|2528|2529|2584|2599|2620|2648|2680|2687|2688|2691|2737|2758|2792|2826|2843|2848|2853|2860|2868|2899|2901|2902|2942|2947|2948|2954|2965|2991|2999|3007|3012|3016|3049|3109|3122|3146|3166|3202|3211|3227|3243|3246|3254|3283|3295|3343|3391|3402|3458|3464|3467|3486|3495|3570|3584|3599|3629|3632|3650|3651|3653|3665|3679|3696|3699|3704|3712|3718|3764|3766|3810|3826|3828|3865|3902|3919|3924|3972|3991|4011|4035|4081|4094|4110|4122|4138|4242|4268|4283|4287|4309|4326|4327|4353|4361|4363|4378|4381|4402|4416|4418|4510|4546|4581|4587|4629|4652|4667|4689|4715|4723|4727|4747|4749|4751|4800|4801|4841|4844|4848|4880|4881|4905|4948|4951|4954|4959|4988|5000|5007|5030|5037|5050|5058|5079|5093|5097|5101|5110|5111|5164|5189|5202|5211|5242|5255|5264|5269|5306|5314|5315|5317|5334|5339|5371|5375|5393|5403|5453|5479|5501|5527|5566|5576|5577|5578|5585|5641|5652|5666|5692|5735|5818|5824|5859|5875|5890|6016|6058|6085|6100|6120|6143|6151|6155|6158|6167|6182|6205|6273|6311|6320|6325|6333|6338|6345|6347|6401|6405|6418|6424|6444|6462|6468|6482|6495|6508|6536|6552|6556|6562|6573|6594,147.0,True
instance_0015.txt,afe_useful_order-null_prune-multi,382,3,337,16|20|41|52|78|80|135|153|188|204|228|250|270|294|299|316|338|360|364|410|414|415|474|497|535|536|551|584|595|674|717|719|723|729|735|740|741|749|799|811|823|833|858|870|883|895|915|918|961|980|983|1015|1020|1028|1029|1032|1075|1086|1094|1112|1167|1182|1198|1204|1211|1250|1255|1269|1282|1296|1315|1393|1422|1429|1463|1503|1528|1541|1573|1597|1605|1642|1648|1677|1708|1711|1727|1745|1768|1771|1789|1807|1822|1839|1856|1903|1923|1940|1986|1987|2013|2068|2076|2093|2105|2122|2137|2171|2180|2184|2201|2245|2271|2285|2323|2324|2349|2353|2474|2490|2548|2595|2599|2624|2648|2681|2707|2736|2788|2791|2801|2814|2820|2831|2897|2929|2933|2938|2970|2986|3006|3067|3131|3142|3159|3170|3189|3201|3239|3240|3308|3355|3360|3368|3376|3402|3410|3446|3479|3488|3524|3535|3538|3562|3577|3593|3602|3603|3612|3615|3622|3632|3650|3658|3695|3702|3703|3713|3727|3738|3760|3772|3791|3814|3818|3821|3839|3860|3869|3877|3905|3935|3937|3960|3961|3970|4004|4014|4036|4094|4107|4112|4181|4231|4237|4254|4269|4290|4305|4321|4336|4338|4349|4359|4360|4365|4374|4379|4403|4462|4467|4484|4489|4492|4515|4521|4529|4554|4564|4569|4573|4605|4627|4636|4642|4649|4657|4660|4665|4673|4717|4722|4742|4801|4869|4873|4906|4908|4912|4932|4969|4999|5004|5025|5027|5056|5067|5105|5123|5147|5155|5162|5163|5166|5169|5177|5184|5195|5205|5303|5307|5312|5323|5389|5390|5393|5423|5436|5451|5453|5463|5478|5494|5503|5525|5532|5548|5594|5602|5606|5623|5625|5672|5682|5688|5748|5772|5778|5837|5857|5859|5867|5890|5904|5926|5945|5953|5982|6038|6048|6058|6059|6074|6129|6138|6147|6159|6173|6224|6246|6262|6315|6348|6366|6406|6456|6462|6477|6489|6511|6530|6538|6540|6558|6571|6580|6610|6622|6633|6648|6652|6663|6686|6706|6720|6725|6731|6739|6778|6801|6837|6873|6876|6895|6904|6909|6938|6956|6976|7004|7013|7057|7062|7138|7141|7178|7179|7185|7188|7189|7238|7248|7286|7288|7289|7296|7314|7327|7330|7347|7355|7356,10|386|27,69|79|96|124|131|151|153|165|191|202|225|248|259|294|303|322|406|437|454|473|519|525|529|532|546|578|616|661|665|671|673|677|685|739|753|762|766|777|778|797|826|831|834|843|853|854|870|890|900|911|945|985|1033|1043|1066|1074|1085|1101|1120|1135|1141|1164|1222|1228|1266|1272|1292|1323|1344|1393|1403|1454|1466|1491|1520|1532|1572|1615|1644|1649|1660|1695|1701|1730|1735|1746|1757|1759|1773|1784|1785|1810|1835|1873|1877|1900|1917|1926|1943|2023|2028|2029|2060|2095|2098|2101|2169|2174|2207|2221|2231|2253|2254|2273|2276|2344|2350|2410|2411|2420|2426|2439|2512|2520|2528|2529|2584|2599|2620|2648|2680|2687|2688|2691|2737|2758|2792|2826|2843|2848|2853|2860|2868|2899|2901|2902|2942|2947|2948|2954|2965|2991|2999|3007|3012|3016|3049|3109|3122|3146|3166|3202|3211|3227|3243|3246|3254|3283|3295|3343|3391|3402|3458|3464|3467|3486|3495|3570|3584|3599|3629|3632|3650|3651|3653|3665|3679|3696|3699|3704|3712|3718|3764|3766|3810|3826|3828|3865|3902|3919|3924|3972|3991|4011|4035|4081|4094|4110|4122|4138|4242|4268|4283|4287|4309|4326|4327|4353|4361|4363|4378|4381|4402|4416|4418|4510|4546|4581|4587|4629|4652|4667|4689|4715|4723|4727|4747|4749|4751|4800|4801|4841|4844|4848|4880|4881|4905|4948|4951|4954|4959|4988|5000|5007|5030|5037|5050|5058|5079|5093|5097|5101|5110|5111|5164|5189|5202|5211|5242|5255|5264|5269|5306|5314|5315|5317|5334|5339|5371|5375|5393|5403|5453|5479|5501|5527|5566|5576|5577|5578|5585|5641|5652|5666|5692|5735|5818|5824|5859|5875|5890|6016|6058|6085|6100|6120|6143|6151|6155|6158|6167|6182|6205|6273|6311|6320|6325|6333|6338|6345|6347|6401|6405|6418|6424|6444|6462|6468|6482|6495|6508|6536|6552|6556|6562|6573|6594,147.0,True
instance_0016.txt,af_useful_order-desc_prune-multi,170,2,158,0|1|7|12|15|17|18|24|25|35|37|41|42|45|47|53|57|59|63|67|69|71|84|89|98|107|120|126|129|133|140|141|144|146|150|152|162|172|184|185|189|191|193|200|202|214|221|224|232|238|240|245|260|268|272|283|287|290|305|316|318|325|326|333|346|349|350|358|365|384|392|398|417|424|441|449|460|461|519|524|532|534|538|540|549|551|561|563|569|570|574|575|577|579|580|581|585|589|598|601|612|629|642|644|655|661|664|677|683|696|701|720|729|732|741|756|764|767|769|778|779|786|794|797|798|800|810|811|814|819|823|826|829|846|847|849|861|863|868|878|882|887|893|899|911|914|917|920|923|926|941|947|965|972|973|977|989|995|1007|1011|1015|1021|1040|1051|1071|1075|1076|1089|1097|1098,35|53,9|34|45|47|49|58|69|93|98|104|114|117|124|133|138|145|147|169|172|186|189|194|213|216|217|226|228|240|250|253|257|274|276|285|293|298|303|308|314|315|327|334|348|355|367|368|373|376|390|393|402|404|409|413|414|437|439|441|444|447|452|455|462|467|474|481|482|492|498|499|504|507|512|529|539|540|544|553|554|557|570|572|579|580|587|596|597|599|604|611|615|629|633|634|644|647|659|668|669|674|675|677|684|685|693|709|725|727|733|737|738|743|749|757|759|761|783|786|791|793|796|802|804|820|824|841|845|875|878|884|886|897|904|906|907|910|912|923|930|937|940|969|971|972|973|974|977|983|992|996|997|998|1001|1003|1010|1015|1028|1046,85.0,True
instance_0016.txt,af_useful_order-null_prune-multi,170,2,158,193|1021|1071|202|767|1051|913|37|977|589|878|1075|17|577|12|823|534|89|911|461|849|779|107|184|720|926|67|53|732|287|57|63|954|144|200|349|18|524|923|460|984|629|798|575|756|98|585|1089|701|973|601|655|325|185|221|538|1007|272|1097|579|581|417|914|729|769|35|814|917|129|1040|232|863|886|84|1011|172|458|214|1015|238|868|570|120|365|140|398|392|126|384|162|612|424|47|150|887|290|941|561|800|829|920|316|847|532|1|260|786|741|71|24|358|25|366|42|152|268|133|283|794|882|683|989|240|677|15|819|661|441|69|947|893|540|580|59|245|826|899|972|0|797|861|305|519|549|965|995|811|642|141|224|598|764|551|574|810|644|1098|664|350|146|333|1076|778|189|318|696|326|569|191|563,35|53,9|34|45|47|49|58|69|93|98|104|114|117|124|133|138|145|147|169|172|186|189|194|213|216|217|226|228|240|250|253|257|274|276|285|293|298|303|308|314|315|327|334|348|355|367|368|373|376|390|393|402|404|409|413|414|437|439|441|444|447|452|455|462|467|474|481|482|492|498|499|504|507|512|529|539|540|544|553|554|557|570|572|579|580|587|596|597|599|604|611|615|629|633|634|644|647|659|668|669|674|675|677|684|685|693|709|725|727|733|737|738|743|749|757|759|761|783|786|791|793|796|802|804|820|824|841|845|875|878|884|886|897|904|906|907|910|912|923|930|937|940|969|971|972|973|974|977|983|992|996|997|998|1001|1003|1010|1015|1028|1046,85.0,True
instance_0016.txt,afe_useful_order-desc_prune-multi,170,2,158,0|1|12|15|17|18|24|25|35|37|42|47|53|57|59|63|67|69|71|84|89|98|107|120|126|129|133|140|141|144|146|150|152|162|172|184|185|189|191|193|200|202|214|221|224|232|238|240|245|260|268|272|283|287|290|305|316|318|325|326|333|349|350|358|365|366|384|392|398|417|424|441|460|461|519|524|532|534|538|540|549|551|561|563|569|570|574|575|577|579|580|581|585|589|598|601|612|629|642|644|655|661|664|677|683|696|701|720|729|732|741|756|764|767|769|778|779|786|794|797|798|800|810|811|814|819|823|826|829|832|847|849|861|863|868|878|882|887|893|899|911|913|914|917|920|923|926|941|947|954|965|972|973|977|984|989|995|1007|1011|1015|1021|1023|1040|1051|1071|1075|1076|1089|1097|1098,35|53,9|34|45|47|49|58|69|93|98|104|114|117|124|133|138|145|147|169|172|186|189|194|213|216|217|226|228|240|250|253|257|274|276|285|293|298|303|308|314|315|327|334|348|355|367|368|373|376|390|393|402|404|409|413|414|437|439|441|444|447|452|455|462|467|474|481|482|492|498|499|504|507|512|529|539|540|544|553|554|557|570|572|579|580|587|596|597|599|604|611|615|629|633|634|644|647|659|668|669|674|675|677|684|685|693|709|725|727|733|737|738|743|749|757|759|761|783|786|791|793|796|802|804|820|824|841|845|875|878|884|886|897|904|906|907|910|912|923|930|937|940|969|971|972|973|974|977|983|992|996|997|998|1001|1003|1010|1015|1028|1046,85.0,True
instance_0016.txt,afe_useful_order-null_prune-multi,170,2,158,0|1|12|15|17|18|24|25|35|37|42|47|53|57|59|63|67|69|71|84|89|98|107|120|126|129|133|140|141|144|146|150|152|162|172|184|185|189|191|193|200|202|214|221|224|232|238|240|245|260|268|272|283|287|290|305|316|318|325|326|333|349|350|358|365|366|384|392|398|417|424|441|460|461|519|524|532|534|538|540|549|551|561|563|569|570|574|575|577|579|580|581|585|589|598|601|612|629|642|644|655|661|664|677|683|696|701|720|729|732|741|756|764|767|769|778|779|786|794|797|798|800|810|811|814|819|823|826|829|832|847|849|861|863|868|878|882|887|893|899|911|913|914|917|920|923|926|941|947|954|965|972|973|977|984|989|995|1007|1011|1015|1021|1023|1040|1051|1071|1075|1076|1089|1097|1098,35|53,9|34|45|47|49|58|69|93|98|104|114|117|124|133|138|145|147|169|172|186|189|194|213|216|217|226|228|240|250|253|257|274|276|285|293|298|303|308|314|315|327|334|348|355|367|368|373|376|390|393|402|404|409|413|414|437|439|441|444|447|452|455|462|467|474|481|482|492|498|499|504|507|512|529|539|540|544|553|554|557|570|572|579|580|587|596|597|599|604|611|615|629|633|634|644|647|659|668|669|674|675|677|684|685|693|709|725|727|733|737|738|743|749|757|759|761|783|786|791|793|796|802|804|820|824|841|845|875|878|884|886|897|904|906|907|910|912|923|930|937|940|969|971|972|973|974|977|983|992|996|997|998|1001|1003|1010|1015|1028|1046,85.0,True
instance_0017.txt,af_useful_order-desc_prune-multi,73,2,73,0|3|16|26|27|33|44|45|47|49|52|64|78|84|85|92|93|101|103|106|109|110|113|114|127|128|136|138|152|153|154|155|171|183|192|201|203|209|213|217|221|222|227|232|239|241|257|264|266|268|288|290|291|312|316|318|328|331|333|335|343|350|356|364|368|369|374|377|381|398|411|412|416,18|1,0|9|22|29|36|37|39|43|55|67|71|82|84|97|98|101|105|107|111|117|120|124|125|127|133|134|140|151|155|161|163|164|173|182|189|190|194|195|197|201|212|216|219|220|224|225|226|238|244|249|266|278|284|292|298|299|301|305|323|336|339|343|352|361|365|368|374|378|380|388|390|392|395,36.5,True
instance_0017.txt,af_useful_order-null_prune-multi,73,2,73,335|109|416|45|153|318|364|209|127|154|203|85|26|268|201|241|64|106|266|93|217|257|213|227|350|381|192|113|368|291|369|27|103|374|333|221|84|328|171|264|155|412|92|0|288|152|222|128|239|78|356|312|290|33|138|343|411|331|136|232|316|183|49|398|110|3|101|47|16|44|52|377|114,18|1,0|9|22|29|36|37|39|43|55|67|71|82|84|97|98|101|105|107|111|117|120|124|125|127|133|134|140|151|155|161|163|164|173|182|189|190|194|195|197|201|212|216|219|220|224|225|226|238|244|249|266|278|284|292|298|299|301|305|323|336|339|343|352|361|365|368|374|378|380|388|390|392|395,36.5,True
instance_0017.txt,afe_useful_order-desc_prune-multi,73,2,73,0|3|16|26|27|33|44|45|47|49|52|64|78|84|85|92|93|101|103|106|109|110|113|114|128|136|138|152|153|154|155|171|183|192|201|203|209|213|217|221|222|227|232|239|241|257|264|266|268|288|290|291|312|316|318|328|331|333|335|343|350|353|356|364|368|369|374|377|381|398|411|412|416,18|1,0|9|22|29|36|37|39|43|55|67|71|82|84|97|98|101|105|107|111|117|120|124|125|127|133|134|140|151|155|161|163|164|173|182|189|190|194|195|197|201|212|216|219|220|224|225|226|238|244|249|266|278|284|292|298|299|301|305|323|336|339|343|352|361|365|368|374|378|380|388|390|392|395,36.5,True
instance_0017.txt,afe_useful_order-null_prune-multi,73,2,73,0|3|16|26|27|33|44|45|47|49|52|64|78|84|85|92|93|101|103|106|109|110|113|114|128|136|138|152|153|154|155|171|183|192|201|203|209|213|217|221|222|227|232|239|241|257|264|266|268|288|290|291|312|316|318|328|331|333|335|343|350|353|356|364|368|369|374|377|381|398|411|412|416,18|1,0|9|22|29|36|37|39|43|55|67|71|82|84|97|98|101|105|107|111|117|120|124|125|127|133|134|140|151|155|161|163|164|173|182|189|190|194|195|197|201|212|216|219|220|224|225|226|238|244|249|266|278|284|292|298|299|301|305|323|336|339|343|352|361|365|368|374|378|380|388|390|392|395,36.5,True
instance_0018.txt,af_useful_order-desc_prune-multi,497,5,439,239|19|956|1921|1135|1787|2549|630|664|665|832|1192|1231|2017|2259|53|103|114|362|388|409|525|614|847|875|1006|1215|1250|1253|1266|1297|1446|1537|1570|1867|1880|2066|2204|2234|2266|2533|2582|2654|5|14|17|18|23|30|38|44|45|55|60|61|62|63|65|67|69|73|76|84|92|94|95|101|107|110|112|113|121|126|133|143|147|157|158|159|162|167|172|175|184|191|194|198|207|212|224|225|227|233|237|265|267|275|277|281|283|290|293|298|299|304|305|309|311|313|316|318|334|337|338|354|357|359|368|372|373|375|377|380|398|400|401|403|405|406|424|425|432|435|436|437|455|458|462|465|476|484|508|520|523|527|529|535|536|542|544|558|559|571|576|595|598|610|612|622|637|640|642|663|677|679|684|689|696|706|708|710|711|713|720|725|729|732|738|739|745|760|763|765|768|773|776|782|783|785|787|802|813|818|823|827|829|834|840|843|856|864|868|871|873|905|912|921|922|925|928|930|934|940|949|952|960|968|973|978|999|1002|1004|1007|1015|1021|1033|1040|1050|1052|1058|1064|1077|1079|1080|1102|1122|1131|1136|1142|1144|1152|1155|1165|1169|1170|1171|1173|1182|1184|1188|1198|1209|1220|1226|1234|1237|1240|1246|1247|1260|1278|1292|1298|1304|1305|1306|1311|1322|1342|1343|1344|1358|1362|1365|1367|1370|1372|1374|1382|1385|1386|1392|1399|1403|1405|1406|1407|1412|1413|1414|1416|1418|1420|1422|1448|1453|1457|1461|1464|1471|1472|1474|1479|1480|1481|1501|1510|1513|1514|1515|1527|1532|1544|1546|1547|1549|1560|1561|1563|1566|1574|1579|1588|1590|1594|1605|1606|1609|1611|1617|1621|1625|1628|1631|1655|1656|1667|1674|1676|1688|1690|1700|1708|1712|1727|1733|1738|1751|1752|1760|1768|1770|1777|1778|1783|1785|1794|1799|1817|1818|1819|1822|1824|1828|1840|1845|1850|1856|1859|1863|1885|1892|1898|1903|1911|1915|1923|1939|1941|1950|1952|1955|1959|1973|1989|1996|1997|2004|2015|2031|2041|2054|2081|2083|2086|2095|2103|2114|2116|2125|2126|2130|2131|2146|2151|2152|2165|2168|2176|2183|2185|2190|2195|2198|2207|2209|2211|2215|2223|2224|2237|2238|2239|2246|2247|2265|2283|2292|2297|2302|2304|2311|2317|2319|2323|2338|2343|2349|2363|2369|2383|2390|2391|2392|2403|2413|2416|2418|2421|2423|2424|2425|2429|2436|2441|2444|2447|2449|2453|2456|2462|2465|2472|2474|2485|2488|2489|2498|2510|2515|2520|2524|2525|2538|2545|2561|2563|2570|2571|2573|2576|2583|2586|2588|2593|2601|2603|2604|2610|2611|2621|2634|2636|2642|2661|2664|2673,37|55|78|8|13,7|9|13|15|19|26|27|28|34|37|48|50|53|55|61|67|69|76|82|91|96|99|102|110|119|127|130|133|141|151|160|168|174|184|186|189|197|204|212|216|218|219|222|226|242|247|248|250|253|255|257|262|268|271|272|275|283|284|286|293|295|306|307|325|330|342|343|346|348|365|366|378|386|387|395|397|404|405|407|409|421|423|425|443|456|458|461|487|494|500|515|517|519|521|523|530|531|535|541|544|550|560|571|583|585|596|597|605|607|612|614|622|626|627|633|634|639|640|651|659|666|675|676|682|683|690|692|695|702|703|706|713|715|717|718|719|740|744|745|763|766|777|789|794|803|804|814|817|818|825|826|827|831|848|853|855|858|859|866|872|878|888|889|891|892|895|897|906|913|915|916|923|926|931|938|939|944|948|953|956|958|959|960|964|965|967|978|982|985|986|991|993|994|995|999|1004|1016|1019|1021|1028|1030|1039|1042|1046|1049|1052|1053|1063|1064|1075|1079|1085|1086|1087|1102|1103|1104|1106|1108|1110|1111|1113|1118|1127|1131|1147|1153|1156|1159|1167|1179|1181|1182|1184|1186|1187|1188|1189|1195|1197|1199|1205|1216|1222|1226|1228|1233|1241|1242|1256|1259|1264|1268|1271|1277|1286|1301|1303|1305|1308|1316|1318|1327|1331|1337|1341|1343|1344|1352|1356|1368|1369|1384|1388|1389|1390|1394|1398|1401|1406|1417|1418|1423|1425|1429|1482|1485|1486|1487|1498|1499|1503|1513|1517|1519|1523|1535|1538|1544|1551|1553|1562|1563|1567|1572|1580|1590|1591|1606|1607|1612|1613|1628|1630|1632|1639|1650|1653|1657|1665|1667|1674|1683|1694|1696|1704|1708|1717|1719|1722|1736|1738|1742|1743|1746|1750|1753|1757|1773|1775|1780|1781|1782|1788|1795|1797|1800|1809|1814|1816|1817|1818|1827|1833|1846|1850|1851|1855|1859|1861|1862|1864|1870|1871|1876|1905|1910|1911|1916|1917|1919|1920|1929|1933|1939|1940|1947|1952|1954|1964|1965|1971|1977|1985|1994|2013|2016|2024|2025|2026|2029|2037|2040|2069|2077|2080|2084|2086|2088|2098|2112|2115|2116|2119|2122|2132|2152|2153|2157|2168|2171|2172|2179|2186|2198|2200|2202|2211|2214|2220|2222|2226|2228|2231|2232|2246|2248|2250|2255|2256|2259|2266|2268|2269|2294|2295|2298|2303|2306,115.4,True
instance_0018.txt,af_useful_order-null_prune-multi,498,5,439,1367|1532|2304|2017|17|61|2311|1434|267|2237|1824|437|1511|2317|773|1590|2146|1856|2485|732|1777|782|1311|1362|642|2004|1080|2224|1052|2114|476|1543|2549|710|940|1911|2215|956|121|224|1631|2474|2439|398|1240|338|1169|818|912|275|2131|1234|1625|400|2563|2423|576|406|1950|1298|2583|2414|1827|856|2610|1406|2195|1514|1464|1343|265|2008|1392|65|143|2489|2673|834|23|55|334|2462|973|1708|2572|2538|1182|2239|1144|1738|1700|2570|1305|1867|126|1817|1446|1136|1358|1676|1278|2416|2436|215|2588|2604|172|1768|1845|1184|354|1828|2168|1304|614|1397|745|930|1247|455|1570|708|713|689|1231|768|2126|1611|840|1674|1594|1155|375|1370|2066|2498|1032|2081|1997|729|2265|484|949|1480|1996|45|595|765|2116|1690|69|1173|684|191|1461|527|2573|2634|637|1880|966|630|2095|2130|2545|2444|1546|2488|380|2031|1606|1253|1915|1955|1923|1188|373|738|1617|1412|1605|1657|1921|2165|18|1006|95|934|1959|1064|2054|1752|1574|2429|1547|1727|337|2642|2664|1050|1472|2190|1342|2363|921|157|1192|2621|309|362|1403|299|2247|1386|1501|1819|829|159|1237|1122|1374|523|112|1079|227|167|318|2611|2343|2198|1609|53|212|1898|2211|1579|763|1840|640|194|928|2125|1973|63|2593|2510|925|2019|2329|2636|107|663|1822|30|225|357|2151|103|388|2246|67|1260|277|76|92|2461|2449|760|2083|1422|813|1544|1385|1830|558|359|1628|2601|198|1818|44|1561|868|612|1850|19|1365|2015|520|293|1399|783|368|2183|114|664|94|2383|1297|480|73|2176|1471|2238|1418|316|1479|1077|1892|679|2041|2424|1783|1171|2456|706|2185|696|1040|1770|2571|1453|1246|2447|1859|1549|2524|827|2515|2391|1420|843|1799|1198|905|2223|1165|2283|544|405|2582|1407|5|432|425|1515|922|2441|1588|462|1142|508|1152|305|1405|1007|133|233|377|1778|1306|598|739|465|2302|1413|1560|677|1527|871|2319|1416|1457|1322|1414|2349|832|1474|175|1941|1058|1220|529|776|2103|1102|1655|2403|313|711|84|2525|311|1537|1510|2204|1939|2369|2152|2520|1033|2654|1382|110|2661|1656|2421|1785|960|1170|1135|1903|720|436|999|298|2425|1372|2576|2292|785|1266|1787|113|2086|1344|1250|1885|158|1566|101|1688|725|665|1448|1760|147|2234|610|2297|1751|2259|535|14|424|1226|1513|281|542|409|38|536|1621|162|1952|2392|239|1215|1863|875|1989|968|60|401|1667|2338|290|1015|1794|823|1733|525|283|2586|237|458|2453|2209|2561|435|2266|1563|372|2390|2207|2323|864|1002|2603|787|1481|2533|2472|2413|2465|952|2418|571,37|55|78|8|13,7|9|13|15|19|26|27|28|34|37|48|50|53|55|61|67|69|76|82|91|96|99|102|110|119|127|130|133|141|151|160|168|174|184|186|189|197|204|212|216|218|219|222|226|242|247|248|250|253|255|257|262|268|271|272|275|283|284|286|293|295|306|307|325|330|342|343|346|348|365|366|378|386|387|395|397|404|405|407|409|421|423|425|443|456|458|461|487|494|500|515|517|519|521|523|530|531|535|541|544|550|560|571|583|585|596|597|605|607|612|614|622|626|627|633|634|639|640|651|659|666|675|676|682|683|690|692|695|702|703|706|713|715|717|718|719|740|744|745|763|766|777|789|794|803|804|814|817|818|825|826|827|831|848|853|855|858|859|866|872|878|888|889|891|892|895|897|906|913|915|916|923|926|931|938|939|944|948|953|956|958|959|960|964|965|967|978|982|985|986|991|993|994|995|999|1004|1016|1019|1021|1028|1030|1039|1042|1046|1049|1052|1053|1063|1064|1075|1079|1085|1086|1087|1102|1103|1104|1106|1108|1110|1111|1113|1118|1127|1131|1147|1153|1156|1159|1167|1179|1181|1182|1184|1186|1187|1188|1189|1195|1197|1199|1205|1216|1222|1226|1228|1233|1241|1242|1256|1259|1264|1268|1271|1277|1286|1301|1303|1305|1308|1316|1318|1327|1331|1337|1341|1343|1344|1352|1356|1368|1369|1384|1388|1389|1390|1394|1398|1401|1406|1417|1418|1423|1425|1429|1482|1485|1486|1487|1498|1499|1503|1513|1517|1519|1523|1535|1538|1544|1551|1553|1562|1563|1567|1572|1580|1590|1591|1606|1607|1612|1613|1628|1630|1632|1639|1650|1653|1657|1665|1667|1674|1683|1694|1696|1704|1708|1717|1719|1722|1736|1738|1742|1743|1746|1750|1753|1757|1773|1775|1780|1781|1782|1788|1795|1797|1800|1809|1814|1816|1817|1818|1827|1833|1846|1850|1851|1855|1859|1861|1862|1864|1870|1871|1876|1905|1910|1911|1916|1917|1919|1920|1929|1933|1939|1940|1947|1952|1954|1964|1965|1971|1977|1985|1994|2013|2016|2024|2025|2026|2029|2037|2040|2069|2077|2080|2084|2086|2088|2098|2112|2115|2116|2119|2122|2132|2152|2153|2157|2168|2171|2172|2179|2186|2198|2200|2202|2211|2214|2220|2222|2226|2228|2231|2232|2246|2248|2250|2255|2256|2259|2266|2268|2269|2294|2295|2298|2303|2306,115.4,True
instance_0018.txt,afe_useful_order-desc_prune-multi,497,5,439,5|14|17|18|19|23|30|38|44|45|53|55|60|61|63|65|67|69|73|76|84|92|94|95|101|103|107|110|112|113|114|121|133|143|147|157|158|159|162|167|172|191|194|198|212|215|224|225|227|233|237|239|265|267|275|277|281|283|290|293|298|299|305|309|311|313|316|318|334|337|338|354|357|359|362|368|372|373|375|377|380|388|398|400|401|405|406|409|424|425|432|435|436|437|455|458|462|465|476|484|508|520|523|525|527|529|535|536|542|544|558|571|576|595|598|610|612|614|622|630|637|640|642|663|664|665|677|679|684|689|696|706|708|710|711|713|720|725|729|732|738|739|745|760|763|765|768|773|776|782|783|785|787|802|813|818|823|827|829|832|834|840|843|847|856|864|868|871|875|905|912|921|922|925|928|930|934|940|949|952|956|960|968|973|999|1002|1006|1007|1015|1016|1032|1033|1040|1050|1052|1058|1064|1077|1079|1080|1102|1135|1136|1142|1144|1152|1155|1165|1169|1170|1171|1173|1182|1184|1188|1192|1198|1215|1220|1226|1231|1234|1237|1240|1246|1247|1250|1253|1260|1266|1278|1297|1298|1304|1305|1306|1311|1322|1342|1343|1344|1358|1365|1367|1370|1372|1374|1382|1385|1386|1392|1397|1399|1403|1405|1406|1407|1412|1413|1414|1416|1418|1420|1422|1446|1448|1453|1457|1461|1464|1471|1472|1474|1479|1480|1481|1501|1510|1513|1514|1515|1527|1532|1537|1543|1544|1546|1547|1549|1560|1561|1563|1566|1570|1574|1579|1588|1590|1594|1605|1606|1609|1611|1617|1621|1625|1628|1631|1655|1656|1667|1674|1676|1688|1690|1700|1708|1727|1733|1738|1751|1752|1756|1760|1768|1770|1777|1778|1783|1785|1787|1794|1799|1801|1817|1818|1819|1822|1824|1827|1828|1830|1840|1845|1850|1856|1859|1863|1867|1880|1885|1892|1898|1903|1911|1915|1921|1923|1938|1939|1941|1950|1952|1955|1959|1973|1989|1996|1997|2004|2008|2015|2017|2019|2031|2041|2054|2066|2081|2083|2086|2095|2103|2114|2116|2125|2126|2130|2131|2151|2152|2158|2165|2168|2169|2176|2183|2185|2190|2195|2198|2204|2207|2209|2211|2215|2223|2224|2234|2237|2238|2239|2247|2259|2265|2266|2283|2292|2297|2302|2304|2311|2317|2319|2323|2329|2338|2343|2349|2363|2369|2383|2390|2391|2392|2403|2413|2414|2416|2418|2421|2423|2424|2425|2429|2436|2439|2441|2444|2447|2449|2452|2453|2456|2461|2462|2465|2472|2474|2485|2488|2489|2498|2510|2515|2520|2524|2525|2533|2538|2545|2549|2561|2563|2570|2571|2572|2573|2576|2582|2583|2586|2588|2593|2601|2603|2604|2610|2611|2621|2634|2636|2642|2654|2661|2664|2673,37|55|78|8|13,7|9|13|15|19|26|27|28|34|37|48|50|53|55|61|67|69|76|82|91|96|99|102|110|119|127|130|133|141|151|160|168|174|184|186|189|197|204|212|216|218|219|222|226|242|247|248|250|253|255|257|262|268|271|272|275|283|284|286|293|295|306|307|325|330|342|343|346|348|365|366|378|386|387|395|397|404|405|407|409|421|423|425|443|456|458|461|487|494|500|515|517|519|521|523|530|531|535|541|544|550|560|571|583|585|596|597|605|607|612|614|622|626|627|633|634|639|640|651|659|666|675|676|682|683|690|692|695|702|703|706|713|715|717|718|719|740|744|745|763|766|777|789|794|803|804|814|817|818|825|826|827|831|848|853|855|858|859|866|872|878|888|889|891|892|895|897|906|913|915|916|923|926|931|938|939|944|948|953|956|958|959|960|964|965|967|978|982|985|986|991|993|994|995|999|1004|1016|1019|1021|1028|1030|1039|1042|1046|1049|1052|1053|1063|1064|1075|1079|1085|1086|1087|1102|1103|1104|1106|1108|1110|1111|1113|1118|1127|1131|1147|1153|1156|1159|1167|1179|1181|1182|1184|1186|1187|1188|1189|1195|1197|1199|1205|1216|1222|1226|1228|1233|1241|1242|1256|1259|1264|1268|1271|1277|1286|1301|1303|1305|1308|1316|1318|1327|1331|1337|1341|1343|1344|1352|1356|1368|1369|1384|1388|1389|1390|1394|1398|1401|1406|1417|1418|1423|1425|1429|1482|1485|1486|1487|1498|1499|1503|1513|1517|1519|1523|1535|1538|1544|1551|1553|1562|1563|1567|1572|1580|1590|1591|1606|1607|1612|1613|1628|1630|1632|1639|1650|1653|1657|1665|1667|1674|1683|1694|1696|1704|1708|1717|1719|1722|1736|1738|1742|1743|1746|1750|1753|1757|1773|1775|1780|1781|1782|1788|1795|1797|1800|1809|1814|1816|1817|1818|1827|1833|1846|1850|1851|1855|1859|1861|1862|1864|1870|1871|1876|1905|1910|1911|1916|1917|1919|1920|1929|1933|1939|1940|1947|1952|1954|1964|1965|1971|1977|1985|1994|2013|2016|2024|2025|2026|2029|2037|2040|2069|2077|2080|2084|2086|2088|2098|2112|2115|2116|2119|2122|2132|2152|2153|2157|2168|2171|2172|2179|2186|2198|2200|2202|2211|2214|2220|2222|2226|2228|2231|2232|2246|2248|2250|2255|2256|2259|2266|2268|2269|2294|2295|2298|2303|2306,115.4,True
instance_0018.txt,afe_useful_order-null_prune-multi,499,5,439,5|14|17|18|19|23|30|38|44|45|53|55|60|61|63|65|67|69|73|76|84|92|94|95|101|103|107|110|112|113|114|121|133|143|147|157|158|159|162|167|172|191|194|198|212|215|224|225|227|233|237|239|265|267|275|277|281|283|290|293|298|299|305|309|311|313|316|318|334|337|338|354|357|359|362|368|372|373|375|377|380|388|398|400|401|405|406|409|424|425|432|435|436|437|455|458|462|465|476|480|484|508|520|523|525|527|529|535|536|542|544|558|571|576|595|598|610|612|614|622|630|637|640|642|663|664|665|677|679|684|689|696|706|708|710|711|713|720|725|729|732|738|739|745|760|763|765|768|773|776|782|783|785|787|802|813|818|823|827|829|832|834|840|843|856|864|868|871|875|905|912|921|922|925|928|930|934|940|949|952|956|960|968|973|999|1002|1006|1007|1015|1016|1032|1033|1040|1050|1052|1058|1064|1077|1079|1080|1102|1135|1136|1142|1144|1152|1155|1165|1169|1170|1171|1173|1182|1184|1188|1192|1198|1215|1220|1226|1231|1234|1237|1240|1246|1247|1250|1253|1260|1266|1278|1297|1298|1304|1305|1306|1311|1322|1342|1343|1344|1358|1365|1367|1370|1372|1374|1382|1385|1386|1392|1397|1399|1403|1405|1406|1407|1412|1413|1414|1416|1418|1420|1422|1446|1448|1453|1457|1461|1464|1471|1472|1474|1479|1480|1481|1497|1501|1510|1513|1514|1515|1527|1532|1537|1543|1544|1546|1547|1549|1560|1561|1563|1566|1570|1574|1579|1588|1590|1594|1605|1606|1609|1611|1617|1621|1625|1628|1631|1655|1656|1667|1674|1676|1688|1690|1700|1708|1727|1733|1738|1751|1752|1756|1760|1768|1770|1777|1778|1783|1785|1787|1794|1799|1801|1817|1818|1819|1822|1824|1827|1828|1830|1840|1845|1850|1856|1859|1863|1880|1885|1892|1898|1903|1911|1915|1921|1923|1938|1939|1941|1950|1952|1955|1959|1973|1989|1996|1997|2004|2008|2015|2017|2019|2031|2041|2054|2066|2081|2083|2086|2095|2103|2114|2116|2125|2126|2130|2131|2146|2151|2152|2158|2165|2168|2169|2176|2183|2185|2190|2195|2198|2204|2207|2209|2211|2215|2223|2224|2234|2237|2238|2239|2246|2247|2259|2265|2266|2283|2292|2297|2302|2304|2311|2317|2319|2323|2329|2338|2343|2349|2363|2369|2383|2390|2391|2392|2403|2413|2414|2416|2418|2421|2423|2424|2425|2429|2436|2439|2441|2444|2447|2449|2452|2453|2456|2461|2462|2465|2472|2474|2485|2488|2489|2498|2510|2515|2520|2524|2525|2533|2538|2545|2549|2561|2563|2570|2571|2572|2573|2576|2582|2583|2586|2588|2593|2601|2603|2604|2610|2611|2621|2634|2636|2642|2654|2661|2664|2673,37|55|78|8|13,7|9|13|15|19|26|27|28|34|37|48|50|53|55|61|67|69|76|82|91|96|99|102|110|119|127|130|133|141|151|160|168|174|184|186|189|197|204|212|216|218|219|222|226|242|247|248|250|253|255|257|262|268|271|272|275|283|284|286|293|295|306|307|325|330|342|343|346|348|365|366|378|386|387|395|397|404|405|407|409|421|423|425|443|456|458|461|487|494|500|515|517|519|521|523|530|531|535|541|544|550|560|571|583|585|596|597|605|607|612|614|622|626|627|633|634|639|640|651|659|666|675|676|682|683|690|692|695|702|703|706|713|715|717|718|719|740|744|745|763|766|777|789|794|803|804|814|817|818|825|826|827|831|848|853|855|858|859|866|872|878|888|889|891|892|895|897|906|913|915|916|923|926|931|938|939|944|948|953|956|958|959|960|964|965|967|978|982|985|986|991|993|994|995|999|1004|1016|1019|1021|1028|1030|1039|1042|1046|1049|1052|1053|1063|1064|1075|1079|1085|1086|1087|1102|1103|1104|1106|1108|1110|1111|1113|1118|1127|1131|1147|1153|1156|1159|1167|1179|1181|1182|1184|1186|1187|1188|1189|1195|1197|1199|1205|1216|1222|1226|1228|1233|1241|1242|1256|1259|1264|1268|1271|1277|1286|1301|1303|1305|1308|1316|1318|1327|1331|1337|1341|1343|1344|1352|1356|1368|1369|1384|1388|1389|1390|1394|1398|1401|1406|1417|1418|1423|1425|1429|1482|1485|1486|1487|1498|1499|1503|1513|1517|1519|1523|1535|1538|1544|1551|1553|1562|1563|1567|1572|1580|1590|1591|1606|1607|1612|1613|1628|1630|1632|1639|1650|1653|1657|1665|1667|1674|1683|1694|1696|1704|1708|1717|1719|1722|1736|1738|1742|1743|1746|1750|1753|1757|1773|1775|1780|1781|1782|1788|1795|1797|1800|1809|1814|1816|1817|1818|1827|1833|1846|1850|1851|1855|1859|1861|1862|1864|1870|1871|1876|1905|1910|1911|1916|1917|1919|1920|1929|1933|1939|1940|1947|1952|1954|1964|1965|1971|1977|1985|1994|2013|2016|2024|2025|2026|2029|2037|2040|2069|2077|2080|2084|2086|2088|2098|2112|2115|2116|2119|2122|2132|2152|2153|2157|2168|2171|2172|2179|2186|2198|2200|2202|2211|2214|2220|2222|2226|2228|2231|2232|2246|2248|2250|2255|2256|2259|2266|2268|2269|2294|2295|2298|2303|2306,115.4,True
instance_0019.txt,af_useful_order-desc_prune-multi,184,1,169,1661|178|1183|24|634|676|985|1703|1806|1954|2025|2110|2149|2199|12|14|20|34|60|81|87|107|108|132|141|144|179|215|243|248|282|296|301|318|334|339|340|341|352|356|366|375|389|393|402|428|431|449|460|475|487|501|513|520|524|534|536|537|543|547|555|565|586|600|608|623|681|708|710|722|729|744|756|760|774|799|801|806|807|817|825|826|829|831|842|857|947|957|962|979|984|988|1002|1016|1045|1046|1065|1069|1119|1124|1131|1145|1167|1178|1182|1199|1219|1227|1231|1237|1254|1258|1275|1282|1315|1331|1340|1353|1361|1377|1382|1384|1394|1395|1412|1414|1431|1454|1468|1477|1479|1484|1485|1509|1527|1542|1544|1553|1587|1616|1625|1645|1653|1688|1708|1733|1737|1746|1750|1764|1777|1778|1820|1830|1868|1883|1910|1939|1966|1976|1981|2019|2030|2037|2043|2060|2070|2094|2095|2099|2114|2122|2128|2131|2132|2150|2156|2182|2185|2191|2209|2211|2219|2222,38,25|26|30|32|47|57|74|83|88|96|106|122|123|126|132|139|154|156|166|189|201|203|224|241|248|256|258|267|279|280|284|290|293|298|309|314|315|330|341|379|381|394|401|415|416|445|454|458|478|483|494|500|533|559|566|571|586|601|640|642|656|669|693|698|701|717|786|789|802|852|862|883|885|890|903|921|948|965|966|976|977|990|1001|1005|1021|1036|1063|1066|1067|1074|1085|1128|1132|1149|1154|1165|1178|1183|1188|1195|1196|1201|1218|1230|1239|1257|1263|1279|1285|1298|1312|1328|1371|1380|1390|1392|1399|1417|1442|1448|1452|1454|1497|1503|1520|1586|1589|1602|1608|1623|1627|1657|1659|1668|1671|1672|1687|1701|1744|1763|1780|1788|1825|1831|1848|1857|1867|1882|1893|1894|1905|1911|1939|1946|1960|1968|1983|1997|2000|2006|2020|2023|2034|2039|2042|2058|2066|2072|2091,202.0,True
instance_0019.txt,af_useful_order-null_prune-multi,184,1,169,722|107|2043|1737|1183|1777|1318|60|1688|2209|1394|2095|1275|352|1227|586|402|1395|215|375|1182|1237|2025|2004|1468|1065|24|1910|537|817|2099|1703|1778|2150|393|1764|555|1708|1258|1883|1485|2222|428|1868|829|2122|801|1553|1199|774|1587|1315|132|979|2149|1431|2094|623|1974|1542|2019|1119|87|1479|681|710|1231|729|1412|857|1069|487|243|366|178|1939|2114|341|984|282|1145|2110|1282|1653|744|760|634|1544|1981|842|1454|14|947|144|1527|825|513|179|334|34|2030|1045|2060|2199|1016|520|475|600|1820|1616|1589|547|296|1477|988|1750|1124|1806|1645|2185|339|1484|962|608|2191|1976|1661|2211|2132|20|565|1167|141|1414|524|1331|806|957|2156|12|1254|1219|1178|501|301|460|1377|1625|1046|1340|831|1830|1509|2070|389|1954|2037|1966|1131|536|431|318|2131|2219|756|2182|534|81|826|1382|1746|2128|543|799|985|340|248|1353|1384|1733|676|1002|108|356,38,25|26|30|32|47|57|74|83|88|96|106|122|123|126|132|139|154|156|166|189|201|203|224|241|248|256|258|267|279|280|284|290|293|298|309|314|315|330|341|379|381|394|401|415|416|445|454|458|478|483|494|500|533|559|566|571|586|601|640|642|656|669|693|698|701|717|786|789|802|852|862|883|885|890|903|921|948|965|966|976|977|990|1001|1005|1021|1036|1063|1066|1067|1074|1085|1128|1132|1149|1154|1165|1178|1183|1188|1195|1196|1201|1218|1230|1239|1257|1263|1279|1285|1298|1312|1328|1371|1380|1390|1392|1399|1417|1442|1448|1452|1454|1497|1503|1520|1586|1589|1602|1608|1623|1627|1657|1659|1668|1671|1672|1687|1701|1744|1763|1780|1788|1825|1831|1848|1857|1867|1882|1893|1894|1905|1911|1939|1946|1960|1968|1983|1997|2000|2006|2020|2023|2034|2039|2042|2058|2066|2072|2091,202.0,True
instance_0019.txt,afe_useful_order-desc_prune-multi,184,1,169,14|20|24|34|81|87|107|108|132|141|144|178|179|215|243|248|282|296|301|318|334|339|340|341|352|356|366|375|389|393|428|431|460|475|487|501|513|520|524|534|536|537|543|547|555|565|586|600|608|623|634|676|681|710|722|729|732|744|756|760|774|799|801|806|817|825|826|829|831|842|857|947|957|962|979|984|985|988|1002|1016|1045|1046|1065|1069|1119|1124|1131|1145|1167|1178|1182|1183|1199|1219|1227|1231|1237|1254|1258|1275|1282|1315|1331|1340|1353|1361|1377|1382|1384|1394|1395|1412|1414|1431|1454|1468|1477|1479|1484|1485|1509|1527|1542|1544|1553|1587|1589|1612|1616|1625|1626|1645|1653|1661|1688|1703|1708|1733|1737|1746|1750|1764|1777|1778|1806|1820|1830|1868|1883|1910|1939|1954|1966|1974|1976|1981|2004|2019|2025|2030|2037|2043|2060|2070|2094|2095|2099|2110|2114|2122|2128|2131|2132|2149|2150|2156|2182|2185|2191|2209|2211|2214|2219|2222,38,25|26|30|32|47|57|74|83|88|96|106|122|123|126|132|139|154|156|166|189|201|203|224|241|248|256|258|267|279|280|284|290|293|298|309|314|315|330|341|379|381|394|401|415|416|445|454|458|478|483|494|500|533|559|566|571|586|601|640|642|656|669|693|698|701|717|786|789|802|852|862|883|885|890|903|921|948|965|966|976|977|990|1001|1005|1021|1036|1063|1066|1067|1074|1085|1128|1132|1149|1154|1165|1178|1183|1188|1195|1196|1201|1218|1230|1239|1257|1263|1279|1285|1298|1312|1328|1371|1380|1390|1392|1399|1417|1442|1448|1452|1454|1497|1503|1520|1586|1589|1602|1608|1623|1627|1657|1659|1668|1671|1672|1687|1701|1744|1763|1780|1788|1825|1831|1848|1857|1867|1882|1893|1894|1905|1911|1939|1946|1960|1968|1983|1997|2000|2006|2020|2023|2034|2039|2042|2058|2066|2072|2091,202.0,True
instance_0019.txt,afe_useful_order-null_prune-multi,184,1,169,14|20|24|34|81|87|107|108|132|141|144|178|179|215|243|248|282|296|301|318|334|339|340|341|352|356|366|375|389|393|428|431|460|475|487|501|513|520|524|534|536|537|543|547|555|565|586|600|608|623|634|676|681|710|722|729|732|744|756|760|774|799|801|806|817|825|826|829|831|842|857|947|957|962|979|984|985|988|1002|1016|1045|1046|1065|1069|1119|1124|1131|1145|1167|1178|1182|1183|1199|1219|1227|1231|1237|1254|1258|1275|1282|1315|1331|1340|1353|1361|1377|1382|1384|1394|1395|1412|1414|1431|1454|1468|1477|1479|1484|1485|1509|1527|1542|1544|1553|1587|1589|1612|1616|1625|1626|1645|1653|1661|1688|1703|1708|1733|1737|1746|1750|1764|1777|1778|1806|1820|1830|1868|1883|1910|1939|1954|1966|1974|1976|1981|2004|2019|2025|2030|2037|2043|2060|2070|2094|2095|2099|2110|2114|2122|2128|2131|2132|2149|2150|2156|2182|2185|2191|2209|2211|2214|2219|2222,38,25|26|30|32|47|57|74|83|88|96|106|122|123|126|132|139|154|156|166|189|201|203|224|241|248|256|258|267|279|280|284|290|293|298|309|314|315|330|341|379|381|394|401|415|416|445|454|458|478|483|494|500|533|559|566|571|586|601|640|642|656|669|693|698|701|717|786|789|802|852|862|883|885|890|903|921|948|965|966|976|977|990|1001|1005|1021|1036|1063|1066|1067|1074|1085|1128|1132|1149|1154|1165|1178|1183|1188|1195|1196|1201|1218|1230|1239|1257|1263|1279|1285|1298|1312|1328|1371|1380|1390|1392|1399|1417|1442|1448|1452|1454|1497|1503|1520|1586|1589|1602|1608|1623|1627|1657|1659|1668|1671|1672|1687|1701|1744|1763|1780|1788|1825|1831|1848|1857|1867|1882|1893|1894|1905|1911|1939|1946|1960|1968|1983|1997|2000|2006|2020|2023|2034|2039|2042|2058|2066|2072|2091,202.0,True
instance_0020.txt,af_useful_order-desc_prune-multi,3,2,5,3|2|4,4|0,0|1|2|3|4,4.5,True
instance_0020.txt,af_useful_order-null_prune-multi,4,2,5,1|4|2|0,1|3,0|1|2|3|4,5.0,True
instance_0020.txt,afe_useful_order-desc_prune-multi,3,2,5,2|3|4,4|0,0|1|2|3|4,4.5,True
instance_0020.txt,afe_useful_order-null_prune-multi,3,2,5,2|3|4,4|0,0|1|2|3|4,4.5,True
