instance,algorithm_left,algorithm_right,orders_jaccard,aisles_jaccard,items_jaccard,orders_overlap,aisles_overlap,items_overlap
instance_0001.txt,aisle_cluster_expansion,aisle_first_asc,0.7692307692307693,0.5,0.7333333333333333,10,2,22
instance_0001.txt,aisle_cluster_expansion,aisle_first_desc,0.7692307692307693,0.5,0.7333333333333333,10,2,22
instance_0001.txt,aisle_cluster_expansion,aisle_first_random,0.7692307692307693,0.5,0.7333333333333333,10,2,22
instance_0001.txt,aisle_cluster_expansion,column_generation,0.75,0.6,0.7368421052631579,12,3,28
instance_0001.txt,aisle_cluster_expansion,diff,0.0,0.08333333333333333,0.0,0,2,0
instance_0001.txt,aisle_cluster_expansion,diff_multi,0.2,0.14285714285714285,0.23333333333333334,5,3,14
instance_0001.txt,aisle_cluster_expansion,greedy_set_cover,0.6666666666666666,0.5,0.5116279069767442,10,3,22
instance_0001.txt,aisle_cluster_expansion,lagrangian_relaxation,0.75,0.6666666666666666,0.6428571428571429,9,2,18
instance_0001.txt,aisle_cluster_expansion,lp_aisle_focus,0.75,0.6,0.7368421052631579,12,3,28
instance_0001.txt,aisle_cluster_expansion,min_aisle_cover,0.10526315789473684,0.23076923076923078,0.10909090909090909,2,3,6
instance_0001.txt,aisle_cluster_expansion,similar,0.19230769230769232,0.13636363636363635,0.18032786885245902,5,3,11
instance_0001.txt,aisle_cluster_expansion,similar_multi,0.1,0.08695652173913043,0.1232876712328767,3,2,9
instance_0001.txt,aisle_cluster_expansion,simple,0.19230769230769232,0.125,0.1875,5,3,12
instance_0001.txt,aisle_cluster_expansion,simple_multi,0.14814814814814814,0.13043478260869565,0.12857142857142856,4,3,9
instance_0001.txt,aisle_first_asc,aisle_first_desc,1.0,1.0,1.0,11,3,24
instance_0001.txt,aisle_first_asc,aisle_first_random,1.0,1.0,1.0,11,3,24
instance_0001.txt,aisle_first_asc,column_generation,0.5882352941176471,0.3333333333333333,0.55,10,2,22
instance_0001.txt,aisle_first_asc,diff,0.04,0.08333333333333333,0.031746031746031744,1,2,2
instance_0001.txt,aisle_first_asc,diff_multi,0.11538461538461539,0.09090909090909091,0.12903225806451613,3,2,8
instance_0001.txt,aisle_first_asc,greedy_set_cover,0.5,0.2857142857142857,0.35555555555555557,8,2,16
instance_0001.txt,aisle_first_asc,lagrangian_relaxation,0.8181818181818182,0.6666666666666666,0.75,9,2,18
instance_0001.txt,aisle_first_asc,lp_aisle_focus,0.5882352941176471,0.3333333333333333,0.55,10,2,22
instance_0001.txt,aisle_first_asc,min_aisle_cover,0.05263157894736842,0.14285714285714285,0.03636363636363636,1,2,2
instance_0001.txt,aisle_first_asc,similar,0.2,0.08695652173913043,0.19298245614035087,5,2,11
instance_0001.txt,aisle_first_asc,similar_multi,0.10344827586206896,0.08695652173913043,0.13043478260869565,3,2,9
instance_0001.txt,aisle_first_asc,simple,0.2,0.125,0.2,5,3,12
instance_0001.txt,aisle_first_asc,simple_multi,0.07142857142857142,0.13043478260869565,0.041666666666666664,2,3,3
instance_0001.txt,aisle_first_desc,aisle_first_random,1.0,1.0,1.0,11,3,24
instance_0001.txt,aisle_first_desc,column_generation,0.5882352941176471,0.3333333333333333,0.55,10,2,22
instance_0001.txt,aisle_first_desc,diff,0.04,0.08333333333333333,0.031746031746031744,1,2,2
instance_0001.txt,aisle_first_desc,diff_multi,0.11538461538461539,0.09090909090909091,0.12903225806451613,3,2,8
instance_0001.txt,aisle_first_desc,greedy_set_cover,0.5,0.2857142857142857,0.35555555555555557,8,2,16
instance_0001.txt,aisle_first_desc,lagrangian_relaxation,0.8181818181818182,0.6666666666666666,0.75,9,2,18
instance_0001.txt,aisle_first_desc,lp_aisle_focus,0.5882352941176471,0.3333333333333333,0.55,10,2,22
instance_0001.txt,aisle_first_desc,min_aisle_cover,0.05263157894736842,0.14285714285714285,0.03636363636363636,1,2,2
instance_0001.txt,aisle_first_desc,similar,0.2,0.08695652173913043,0.19298245614035087,5,2,11
instance_0001.txt,aisle_first_desc,similar_multi,0.10344827586206896,0.08695652173913043,0.13043478260869565,3,2,9
instance_0001.txt,aisle_first_desc,simple,0.2,0.125,0.2,5,3,12
instance_0001.txt,aisle_first_desc,simple_multi,0.07142857142857142,0.13043478260869565,0.041666666666666664,2,3,3
instance_0001.txt,aisle_first_random,column_generation,0.5882352941176471,0.3333333333333333,0.55,10,2,22
instance_0001.txt,aisle_first_random,diff,0.04,0.08333333333333333,0.031746031746031744,1,2,2
instance_0001.txt,aisle_first_random,diff_multi,0.11538461538461539,0.09090909090909091,0.12903225806451613,3,2,8
instance_0001.txt,aisle_first_random,greedy_set_cover,0.5,0.2857142857142857,0.35555555555555557,8,2,16
instance_0001.txt,aisle_first_random,lagrangian_relaxation,0.8181818181818182,0.6666666666666666,0.75,9,2,18
instance_0001.txt,aisle_first_random,lp_aisle_focus,0.5882352941176471,0.3333333333333333,0.55,10,2,22
instance_0001.txt,aisle_first_random,min_aisle_cover,0.05263157894736842,0.14285714285714285,0.03636363636363636,1,2,2
instance_0001.txt,aisle_first_random,similar,0.2,0.08695652173913043,0.19298245614035087,5,2,11
instance_0001.txt,aisle_first_random,similar_multi,0.10344827586206896,0.08695652173913043,0.13043478260869565,3,2,9
instance_0001.txt,aisle_first_random,simple,0.2,0.125,0.2,5,3,12
instance_0001.txt,aisle_first_random,simple_multi,0.07142857142857142,0.13043478260869565,0.041666666666666664,2,3,3
instance_0001.txt,column_generation,diff,0.03333333333333333,0.16666666666666666,0.05333333333333334,1,4,4
instance_0001.txt,column_generation,diff_multi,0.21428571428571427,0.18181818181818182,0.23529411764705882,6,4,16
instance_0001.txt,column_generation,greedy_set_cover,0.6111111111111112,0.375,0.5306122448979592,11,3,26
instance_0001.txt,column_generation,lagrangian_relaxation,0.5625,0.4,0.47368421052631576,9,2,18
instance_0001.txt,column_generation,lp_aisle_focus,1.0,1.0,1.0,16,5,38
instance_0001.txt,column_generation,min_aisle_cover,0.13636363636363635,0.38461538461538464,0.16393442622950818,3,5,10
instance_0001.txt,column_generation,similar,0.25,0.17391304347826086,0.22388059701492538,7,4,15
instance_0001.txt,column_generation,similar_multi,0.15625,0.125,0.16455696202531644,5,3,13
instance_0001.txt,column_generation,simple,0.16666666666666666,0.11538461538461539,0.16216216216216217,5,3,12
instance_0001.txt,column_generation,simple_multi,0.12903225806451613,0.12,0.1125,4,3,9
instance_0001.txt,diff,diff_multi,0.1,0.2222222222222222,0.12987012987012986,3,8,10
instance_0001.txt,diff,greedy_set_cover,0.07692307692307693,0.20833333333333334,0.08333333333333333,2,5,6
instance_0001.txt,diff,lagrangian_relaxation,0.0,0.041666666666666664,0.0,0,1,0
instance_0001.txt,diff,lp_aisle_focus,0.03333333333333333,0.16666666666666666,0.05333333333333334,1,4,4
instance_0001.txt,diff,min_aisle_cover,0.2,0.2857142857142857,0.1935483870967742,4,8,12
instance_0001.txt,diff,similar,0.1724137931034483,0.21621621621621623,0.18055555555555555,5,8,13
instance_0001.txt,diff,similar_multi,0.16129032258064516,0.36363636363636365,0.14457831325301204,5,12,12
instance_0001.txt,diff,simple,0.13333333333333333,0.23684210526315788,0.09876543209876543,4,9,8
instance_0001.txt,diff,simple_multi,0.0967741935483871,0.21052631578947367,0.08235294117647059,3,8,7
instance_0001.txt,diff_multi,greedy_set_cover,0.10714285714285714,0.17391304347826086,0.10666666666666667,3,4,8
instance_0001.txt,diff_multi,lagrangian_relaxation,0.125,0.09523809523809523,0.14285714285714285,3,2,8
instance_0001.txt,diff_multi,lp_aisle_focus,0.21428571428571427,0.18181818181818182,0.23529411764705882,6,4,16
instance_0001.txt,diff_multi,min_aisle_cover,0.125,0.36,0.14492753623188406,3,9,10
instance_0001.txt,diff_multi,similar,0.27586206896551724,0.3870967741935484,0.2857142857142857,8,12,20
instance_0001.txt,diff_multi,similar_multi,0.14705882352941177,0.2647058823529412,0.12359550561797752,5,9,11
instance_0001.txt,diff_multi,simple,0.08823529411764706,0.2857142857142857,0.10588235294117647,3,10,9
instance_0001.txt,diff_multi,simple_multi,0.27586206896551724,0.3333333333333333,0.24358974358974358,8,11,19
instance_0001.txt,greedy_set_cover,lagrangian_relaxation,0.4666666666666667,0.3333333333333333,0.27906976744186046,7,2,12
instance_0001.txt,greedy_set_cover,lp_aisle_focus,0.6111111111111112,0.375,0.5306122448979592,11,3,26
instance_0001.txt,greedy_set_cover,min_aisle_cover,0.29411764705882354,0.46153846153846156,0.42857142857142855,5,6,21
instance_0001.txt,greedy_set_cover,similar,0.10344827586206896,0.12,0.06578947368421052,3,3,5
instance_0001.txt,greedy_set_cover,similar_multi,0.0967741935483871,0.12,0.19736842105263158,3,3,15
instance_0001.txt,greedy_set_cover,simple,0.18518518518518517,0.1111111111111111,0.1643835616438356,5,3,12
instance_0001.txt,greedy_set_cover,simple_multi,0.18518518518518517,0.16,0.2571428571428571,5,4,18
instance_0001.txt,lagrangian_relaxation,lp_aisle_focus,0.5625,0.4,0.47368421052631576,9,2,18
instance_0001.txt,lagrangian_relaxation,min_aisle_cover,0.058823529411764705,0.15384615384615385,0.04081632653061224,1,2,2
instance_0001.txt,lagrangian_relaxation,similar,0.21739130434782608,0.09090909090909091,0.21568627450980393,5,2,11
instance_0001.txt,lagrangian_relaxation,similar_multi,0.07142857142857142,0.043478260869565216,0.07462686567164178,2,1,5
instance_0001.txt,lagrangian_relaxation,simple,0.16666666666666666,0.08333333333333333,0.13793103448275862,4,2,8
instance_0001.txt,lagrangian_relaxation,simple_multi,0.07692307692307693,0.08695652173913043,0.045454545454545456,2,2,3
instance_0001.txt,lp_aisle_focus,min_aisle_cover,0.13636363636363635,0.38461538461538464,0.16393442622950818,3,5,10
instance_0001.txt,lp_aisle_focus,similar,0.25,0.17391304347826086,0.22388059701492538,7,4,15
instance_0001.txt,lp_aisle_focus,similar_multi,0.15625,0.125,0.16455696202531644,5,3,13
instance_0001.txt,lp_aisle_focus,simple,0.16666666666666666,0.11538461538461539,0.16216216216216217,5,3,12
instance_0001.txt,lp_aisle_focus,simple_multi,0.12903225806451613,0.12,0.1125,4,3,9
instance_0001.txt,min_aisle_cover,similar,0.12,0.20689655172413793,0.08450704225352113,3,6,6
instance_0001.txt,min_aisle_cover,similar_multi,0.1111111111111111,0.25,0.17567567567567569,3,7,13
instance_0001.txt,min_aisle_cover,simple,0.07692307692307693,0.1935483870967742,0.08,2,6,6
instance_0001.txt,min_aisle_cover,simple_multi,0.12,0.125,0.21739130434782608,3,4,15
instance_0001.txt,similar,similar_multi,0.21212121212121213,0.29411764705882354,0.225,7,10,18
instance_0001.txt,similar,simple,0.22580645161290322,0.3142857142857143,0.19480519480519481,7,11,15
instance_0001.txt,similar,simple_multi,0.15151515151515152,0.3235294117647059,0.13095238095238096,5,11,11
instance_0001.txt,similar_multi,simple,0.14285714285714285,0.21052631578947367,0.1590909090909091,5,8,14
instance_0001.txt,similar_multi,simple_multi,0.21212121212121213,0.25,0.26506024096385544,7,9,22
instance_0001.txt,simple,simple_multi,0.22580645161290322,0.34285714285714286,0.2375,7,12,19
instance_0002.txt,aisle_cluster_expansion,aisle_first_asc,0.0,0.0,0.0,0,0,0
instance_0002.txt,aisle_cluster_expansion,aisle_first_desc,0.0,0.0,0.0,0,0,0
instance_0002.txt,aisle_cluster_expansion,aisle_first_random,0.0,0.0,0.0,0,0,0
instance_0002.txt,aisle_cluster_expansion,column_generation,0.0,0.0,0.0,0,0,0
instance_0002.txt,aisle_cluster_expansion,diff,0.0,0.0,0.0,0,0,0
instance_0002.txt,aisle_cluster_expansion,diff_multi,0.0,0.0,0.0,0,0,0
instance_0002.txt,aisle_cluster_expansion,greedy_set_cover,0.0,0.0,0.0,0,0,0
instance_0002.txt,aisle_cluster_expansion,lagrangian_relaxation,0.0,0.0,0.0,0,0,0
instance_0002.txt,aisle_cluster_expansion,lp_aisle_focus,0.0,0.0,0.0,0,0,0
instance_0002.txt,aisle_cluster_expansion,min_aisle_cover,0.0,0.0,0.0,0,0,0
instance_0002.txt,aisle_cluster_expansion,similar,0.0,0.0,0.0,0,0,0
instance_0002.txt,aisle_cluster_expansion,similar_multi,0.0,0.0,0.0,0,0,0
instance_0002.txt,aisle_cluster_expansion,simple,1.0,1.0,1.0,1,1,1
instance_0002.txt,aisle_cluster_expansion,simple_multi,1.0,1.0,1.0,1,1,1
instance_0002.txt,aisle_first_asc,aisle_first_desc,1.0,0.0,1.0,1,0,1
instance_0002.txt,aisle_first_asc,aisle_first_random,1.0,0.0,1.0,1,0,1
instance_0002.txt,aisle_first_asc,column_generation,1.0,0.0,1.0,1,0,1
instance_0002.txt,aisle_first_asc,diff,0.0,0.0,0.0,0,0,0
instance_0002.txt,aisle_first_asc,diff_multi,0.0,0.0,0.0,0,0,0
instance_0002.txt,aisle_first_asc,greedy_set_cover,1.0,1.0,1.0,1,1,1
instance_0002.txt,aisle_first_asc,lagrangian_relaxation,1.0,1.0,1.0,1,1,1
instance_0002.txt,aisle_first_asc,lp_aisle_focus,1.0,0.0,1.0,1,0,1
instance_0002.txt,aisle_first_asc,min_aisle_cover,1.0,1.0,1.0,1,1,1
instance_0002.txt,aisle_first_asc,similar,1.0,1.0,1.0,1,1,1
instance_0002.txt,aisle_first_asc,similar_multi,0.0,0.0,0.0,0,0,0
instance_0002.txt,aisle_first_asc,simple,0.0,0.0,0.0,0,0,0
instance_0002.txt,aisle_first_asc,simple_multi,0.0,0.0,0.0,0,0,0
instance_0002.txt,aisle_first_desc,aisle_first_random,1.0,1.0,1.0,1,1,1
instance_0002.txt,aisle_first_desc,column_generation,1.0,0.0,1.0,1,0,1
instance_0002.txt,aisle_first_desc,diff,0.0,0.0,0.0,0,0,0
instance_0002.txt,aisle_first_desc,diff_multi,0.0,0.0,0.0,0,0,0
instance_0002.txt,aisle_first_desc,greedy_set_cover,1.0,0.0,1.0,1,0,1
instance_0002.txt,aisle_first_desc,lagrangian_relaxation,1.0,0.0,1.0,1,0,1
instance_0002.txt,aisle_first_desc,lp_aisle_focus,1.0,0.0,1.0,1,0,1
instance_0002.txt,aisle_first_desc,min_aisle_cover,1.0,0.0,1.0,1,0,1
instance_0002.txt,aisle_first_desc,similar,1.0,0.0,1.0,1,0,1
instance_0002.txt,aisle_first_desc,similar_multi,0.0,0.0,0.0,0,0,0
instance_0002.txt,aisle_first_desc,simple,0.0,0.0,0.0,0,0,0
instance_0002.txt,aisle_first_desc,simple_multi,0.0,0.0,0.0,0,0,0
instance_0002.txt,aisle_first_random,column_generation,1.0,0.0,1.0,1,0,1
instance_0002.txt,aisle_first_random,diff,0.0,0.0,0.0,0,0,0
instance_0002.txt,aisle_first_random,diff_multi,0.0,0.0,0.0,0,0,0
instance_0002.txt,aisle_first_random,greedy_set_cover,1.0,0.0,1.0,1,0,1
instance_0002.txt,aisle_first_random,lagrangian_relaxation,1.0,0.0,1.0,1,0,1
instance_0002.txt,aisle_first_random,lp_aisle_focus,1.0,0.0,1.0,1,0,1
instance_0002.txt,aisle_first_random,min_aisle_cover,1.0,0.0,1.0,1,0,1
instance_0002.txt,aisle_first_random,similar,1.0,0.0,1.0,1,0,1
instance_0002.txt,aisle_first_random,similar_multi,0.0,0.0,0.0,0,0,0
instance_0002.txt,aisle_first_random,simple,0.0,0.0,0.0,0,0,0
instance_0002.txt,aisle_first_random,simple_multi,0.0,0.0,0.0,0,0,0
instance_0002.txt,column_generation,diff,0.0,0.5,0.0,0,1,0
instance_0002.txt,column_generation,diff_multi,0.0,0.5,0.0,0,1,0
instance_0002.txt,column_generation,greedy_set_cover,1.0,0.0,1.0,1,0,1
instance_0002.txt,column_generation,lagrangian_relaxation,1.0,0.0,1.0,1,0,1
instance_0002.txt,column_generation,lp_aisle_focus,1.0,1.0,1.0,1,1,1
instance_0002.txt,column_generation,min_aisle_cover,1.0,0.0,1.0,1,0,1
instance_0002.txt,column_generation,similar,1.0,0.0,1.0,1,0,1
instance_0002.txt,column_generation,similar_multi,0.0,0.0,0.0,0,0,0
instance_0002.txt,column_generation,simple,0.0,0.0,0.0,0,0,0
instance_0002.txt,column_generation,simple_multi,0.0,0.0,0.0,0,0,0
instance_0002.txt,diff,diff_multi,0.3333333333333333,0.3333333333333333,0.3333333333333333,1,1,1
instance_0002.txt,diff,greedy_set_cover,0.0,0.0,0.0,0,0,0
instance_0002.txt,diff,lagrangian_relaxation,0.0,0.0,0.0,0,0,0
instance_0002.txt,diff,lp_aisle_focus,0.0,0.5,0.0,0,1,0
instance_0002.txt,diff,min_aisle_cover,0.0,0.0,0.0,0,0,0
instance_0002.txt,diff,similar,0.0,0.0,0.0,0,0,0
instance_0002.txt,diff,similar_multi,0.0,0.0,0.0,0,0,0
instance_0002.txt,diff,simple,0.0,0.0,0.0,0,0,0
instance_0002.txt,diff,simple_multi,0.0,0.0,0.0,0,0,0
instance_0002.txt,diff_multi,greedy_set_cover,0.0,0.0,0.0,0,0,0
instance_0002.txt,diff_multi,lagrangian_relaxation,0.0,0.0,0.0,0,0,0
instance_0002.txt,diff_multi,lp_aisle_focus,0.0,0.5,0.0,0,1,0
instance_0002.txt,diff_multi,min_aisle_cover,0.0,0.0,0.0,0,0,0
instance_0002.txt,diff_multi,similar,0.0,0.0,0.0,0,0,0
instance_0002.txt,diff_multi,similar_multi,0.3333333333333333,0.3333333333333333,0.3333333333333333,1,1,1
instance_0002.txt,diff_multi,simple,0.0,0.0,0.0,0,0,0
instance_0002.txt,diff_multi,simple_multi,0.0,0.0,0.0,0,0,0
instance_0002.txt,greedy_set_cover,lagrangian_relaxation,1.0,1.0,1.0,1,1,1
instance_0002.txt,greedy_set_cover,lp_aisle_focus,1.0,0.0,1.0,1,0,1
instance_0002.txt,greedy_set_cover,min_aisle_cover,1.0,1.0,1.0,1,1,1
instance_0002.txt,greedy_set_cover,similar,1.0,1.0,1.0,1,1,1
instance_0002.txt,greedy_set_cover,similar_multi,0.0,0.0,0.0,0,0,0
instance_0002.txt,greedy_set_cover,simple,0.0,0.0,0.0,0,0,0
instance_0002.txt,greedy_set_cover,simple_multi,0.0,0.0,0.0,0,0,0
instance_0002.txt,lagrangian_relaxation,lp_aisle_focus,1.0,0.0,1.0,1,0,1
instance_0002.txt,lagrangian_relaxation,min_aisle_cover,1.0,1.0,1.0,1,1,1
instance_0002.txt,lagrangian_relaxation,similar,1.0,1.0,1.0,1,1,1
instance_0002.txt,lagrangian_relaxation,similar_multi,0.0,0.0,0.0,0,0,0
instance_0002.txt,lagrangian_relaxation,simple,0.0,0.0,0.0,0,0,0
instance_0002.txt,lagrangian_relaxation,simple_multi,0.0,0.0,0.0,0,0,0
instance_0002.txt,lp_aisle_focus,min_aisle_cover,1.0,0.0,1.0,1,0,1
instance_0002.txt,lp_aisle_focus,similar,1.0,0.0,1.0,1,0,1
instance_0002.txt,lp_aisle_focus,similar_multi,0.0,0.0,0.0,0,0,0
instance_0002.txt,lp_aisle_focus,simple,0.0,0.0,0.0,0,0,0
instance_0002.txt,lp_aisle_focus,simple_multi,0.0,0.0,0.0,0,0,0
instance_0002.txt,min_aisle_cover,similar,1.0,1.0,1.0,1,1,1
instance_0002.txt,min_aisle_cover,similar_multi,0.0,0.0,0.0,0,0,0
instance_0002.txt,min_aisle_cover,simple,0.0,0.0,0.0,0,0,0
instance_0002.txt,min_aisle_cover,simple_multi,0.0,0.0,0.0,0,0,0
instance_0002.txt,similar,similar_multi,0.0,0.0,0.0,0,0,0
instance_0002.txt,similar,simple,0.0,0.0,0.0,0,0,0
instance_0002.txt,similar,simple_multi,0.0,0.0,0.0,0,0,0
instance_0002.txt,similar_multi,simple,0.0,0.0,0.0,0,0,0
instance_0002.txt,similar_multi,simple_multi,0.0,0.0,0.0,0,0,0
instance_0002.txt,simple,simple_multi,1.0,1.0,1.0,1,1,1
instance_0003.txt,aisle_cluster_expansion,aisle_first_asc,0.36363636363636365,0.3333333333333333,0.3,4,2,9
instance_0003.txt,aisle_cluster_expansion,aisle_first_desc,0.36363636363636365,0.3333333333333333,0.3,4,2,9
instance_0003.txt,aisle_cluster_expansion,aisle_first_random,0.36363636363636365,0.3333333333333333,0.3,4,2,9
instance_0003.txt,aisle_cluster_expansion,column_generation,0.46153846153846156,0.375,0.46875,6,3,15
instance_0003.txt,aisle_cluster_expansion,diff,0.07142857142857142,0.06451612903225806,0.04597701149425287,2,2,4
instance_0003.txt,aisle_cluster_expansion,diff_multi,0.13333333333333333,0.058823529411764705,0.0989010989010989,4,2,9
instance_0003.txt,aisle_cluster_expansion,greedy_set_cover,0.18181818181818182,0.07692307692307693,0.2,4,1,12
instance_0003.txt,aisle_cluster_expansion,lagrangian_relaxation,0.3333333333333333,0.25,0.3,4,2,9
instance_0003.txt,aisle_cluster_expansion,lp_aisle_focus,0.46153846153846156,0.375,0.46875,6,3,15
instance_0003.txt,aisle_cluster_expansion,min_aisle_cover,0.1,0.1111111111111111,0.08,1,1,2
instance_0003.txt,aisle_cluster_expansion,similar,0.09375,0.05555555555555555,0.07368421052631578,3,2,7
instance_0003.txt,aisle_cluster_expansion,similar_multi,0.03225806451612903,0.08108108108108109,0.020618556701030927,1,3,2
instance_0003.txt,aisle_cluster_expansion,simple,0.07407407407407407,0.05714285714285714,0.04938271604938271,2,2,4
instance_0003.txt,aisle_cluster_expansion,simple_multi,0.0625,0.0967741935483871,0.053763440860215055,2,3,5
instance_0003.txt,aisle_first_asc,aisle_first_desc,1.0,1.0,1.0,8,4,19
instance_0003.txt,aisle_first_asc,aisle_first_random,1.0,1.0,1.0,8,4,19
instance_0003.txt,aisle_first_asc,column_generation,0.5384615384615384,0.375,0.5333333333333333,7,3,16
instance_0003.txt,aisle_first_asc,diff,0.10714285714285714,0.13793103448275862,0.0975609756097561,3,4,8
instance_0003.txt,aisle_first_asc,diff_multi,0.12903225806451613,0.125,0.08791208791208792,4,4,8
instance_0003.txt,aisle_first_asc,greedy_set_cover,0.2857142857142857,0.2727272727272727,0.24561403508771928,6,3,14
instance_0003.txt,aisle_first_asc,lagrangian_relaxation,0.3076923076923077,0.25,0.35714285714285715,4,2,10
instance_0003.txt,aisle_first_asc,lp_aisle_focus,0.5384615384615384,0.375,0.5333333333333333,7,3,16
instance_0003.txt,aisle_first_asc,min_aisle_cover,0.09090909090909091,0.1111111111111111,0.08333333333333333,1,1,2
instance_0003.txt,aisle_first_asc,similar,0.16129032258064516,0.11764705882352941,0.1348314606741573,5,4,12
instance_0003.txt,aisle_first_asc,similar_multi,0.06451612903225806,0.1111111111111111,0.0425531914893617,2,4,4
instance_0003.txt,aisle_first_asc,simple,0.1111111111111111,0.12121212121212122,0.09090909090909091,3,4,7
instance_0003.txt,aisle_first_asc,simple_multi,0.09375,0.13333333333333333,0.07777777777777778,3,4,7
instance_0003.txt,aisle_first_desc,aisle_first_random,1.0,1.0,1.0,8,4,19
instance_0003.txt,aisle_first_desc,column_generation,0.5384615384615384,0.375,0.5333333333333333,7,3,16
instance_0003.txt,aisle_first_desc,diff,0.10714285714285714,0.13793103448275862,0.0975609756097561,3,4,8
instance_0003.txt,aisle_first_desc,diff_multi,0.12903225806451613,0.125,0.08791208791208792,4,4,8
instance_0003.txt,aisle_first_desc,greedy_set_cover,0.2857142857142857,0.2727272727272727,0.24561403508771928,6,3,14
instance_0003.txt,aisle_first_desc,lagrangian_relaxation,0.3076923076923077,0.25,0.35714285714285715,4,2,10
instance_0003.txt,aisle_first_desc,lp_aisle_focus,0.5384615384615384,0.375,0.5333333333333333,7,3,16
instance_0003.txt,aisle_first_desc,min_aisle_cover,0.09090909090909091,0.1111111111111111,0.08333333333333333,1,1,2
instance_0003.txt,aisle_first_desc,similar,0.16129032258064516,0.11764705882352941,0.1348314606741573,5,4,12
instance_0003.txt,aisle_first_desc,similar_multi,0.06451612903225806,0.1111111111111111,0.0425531914893617,2,4,4
instance_0003.txt,aisle_first_desc,simple,0.1111111111111111,0.12121212121212122,0.09090909090909091,3,4,7
instance_0003.txt,aisle_first_desc,simple_multi,0.09375,0.13333333333333333,0.07777777777777778,3,4,7
instance_0003.txt,aisle_first_random,column_generation,0.5384615384615384,0.375,0.5333333333333333,7,3,16
instance_0003.txt,aisle_first_random,diff,0.10714285714285714,0.13793103448275862,0.0975609756097561,3,4,8
instance_0003.txt,aisle_first_random,diff_multi,0.12903225806451613,0.125,0.08791208791208792,4,4,8
instance_0003.txt,aisle_first_random,greedy_set_cover,0.2857142857142857,0.2727272727272727,0.24561403508771928,6,3,14
instance_0003.txt,aisle_first_random,lagrangian_relaxation,0.3076923076923077,0.25,0.35714285714285715,4,2,10
instance_0003.txt,aisle_first_random,lp_aisle_focus,0.5384615384615384,0.375,0.5333333333333333,7,3,16
instance_0003.txt,aisle_first_random,min_aisle_cover,0.09090909090909091,0.1111111111111111,0.08333333333333333,1,1,2
instance_0003.txt,aisle_first_random,similar,0.16129032258064516,0.11764705882352941,0.1348314606741573,5,4,12
instance_0003.txt,aisle_first_random,similar_multi,0.06451612903225806,0.1111111111111111,0.0425531914893617,2,4,4
instance_0003.txt,aisle_first_random,simple,0.1111111111111111,0.12121212121212122,0.09090909090909091,3,4,7
instance_0003.txt,aisle_first_random,simple_multi,0.09375,0.13333333333333333,0.07777777777777778,3,4,7
instance_0003.txt,column_generation,diff,0.12903225806451613,0.16129032258064516,0.10112359550561797,4,5,9
instance_0003.txt,column_generation,diff_multi,0.18181818181818182,0.14705882352941177,0.12631578947368421,6,5,12
instance_0003.txt,column_generation,greedy_set_cover,0.4090909090909091,0.4166666666666667,0.31666666666666665,9,5,19
instance_0003.txt,column_generation,lagrangian_relaxation,0.4,0.4444444444444444,0.3939393939393939,6,4,13
instance_0003.txt,column_generation,lp_aisle_focus,1.0,1.0,1.0,12,7,27
instance_0003.txt,column_generation,min_aisle_cover,0.14285714285714285,0.3,0.13333333333333333,2,3,4
instance_0003.txt,column_generation,similar,0.17647058823529413,0.10810810810810811,0.14736842105263157,6,4,14
instance_0003.txt,column_generation,similar_multi,0.08823529411764706,0.10256410256410256,0.06,3,4,6
instance_0003.txt,column_generation,simple,0.1724137931034483,0.17647058823529413,0.12195121951219512,5,6,10
instance_0003.txt,column_generation,simple_multi,0.11428571428571428,0.1935483870967742,0.09375,4,6,9
instance_0003.txt,diff,diff_multi,0.19047619047619047,0.32608695652173914,0.1984126984126984,8,15,25
instance_0003.txt,diff,greedy_set_cover,0.2,0.21875,0.25510204081632654,7,7,25
instance_0003.txt,diff,lagrangian_relaxation,0.14285714285714285,0.16666666666666666,0.1111111111111111,4,5,9
instance_0003.txt,diff,lp_aisle_focus,0.12903225806451613,0.16129032258064516,0.10112359550561797,4,5,9
instance_0003.txt,diff,min_aisle_cover,0.125,0.16666666666666666,0.08333333333333333,3,5,6
instance_0003.txt,diff,similar,0.13333333333333333,0.3404255319148936,0.11678832116788321,6,16,16
instance_0003.txt,diff,similar_multi,0.17073170731707318,0.3,0.19047619047619047,7,15,24
instance_0003.txt,diff,simple,0.3235294117647059,0.5121951219512195,0.3076923076923077,11,21,32
instance_0003.txt,diff,simple_multi,0.21951219512195122,0.40476190476190477,0.25210084033613445,9,17,30
instance_0003.txt,diff_multi,greedy_set_cover,0.15,0.23529411764705882,0.11864406779661017,6,8,14
instance_0003.txt,diff_multi,lagrangian_relaxation,0.09090909090909091,0.11764705882352941,0.06451612903225806,3,4,6
instance_0003.txt,diff_multi,lp_aisle_focus,0.18181818181818182,0.14705882352941177,0.12631578947368421,6,5,12
instance_0003.txt,diff_multi,min_aisle_cover,0.03333333333333333,0.05555555555555555,0.023529411764705882,1,2,2
instance_0003.txt,diff_multi,similar,0.27906976744186046,0.5,0.2857142857142857,12,22,36
instance_0003.txt,diff_multi,similar_multi,0.18181818181818182,0.3877551020408163,0.2230769230769231,8,19,29
instance_0003.txt,diff_multi,simple,0.2564102564102564,0.4444444444444444,0.3063063063063063,10,20,34
instance_0003.txt,diff_multi,simple_multi,0.3170731707317073,0.55,0.3389830508474576,13,22,40
instance_0003.txt,greedy_set_cover,lagrangian_relaxation,0.3333333333333333,0.45454545454545453,0.24561403508771928,7,5,14
instance_0003.txt,greedy_set_cover,lp_aisle_focus,0.4090909090909091,0.4166666666666667,0.31666666666666665,9,5,19
instance_0003.txt,greedy_set_cover,min_aisle_cover,0.15,0.3333333333333333,0.09259259259259259,3,4,5
instance_0003.txt,greedy_set_cover,similar,0.14634146341463414,0.15789473684210525,0.11666666666666667,6,6,14
instance_0003.txt,greedy_set_cover,similar_multi,0.1282051282051282,0.12195121951219512,0.11965811965811966,5,5,14
instance_0003.txt,greedy_set_cover,simple,0.17142857142857143,0.22857142857142856,0.125,6,8,13
instance_0003.txt,greedy_set_cover,simple_multi,0.21052631578947367,0.2903225806451613,0.22641509433962265,8,9,24
instance_0003.txt,lagrangian_relaxation,lp_aisle_focus,0.4,0.4444444444444444,0.3939393939393939,6,4,13
instance_0003.txt,lagrangian_relaxation,min_aisle_cover,0.3,0.5,0.23809523809523808,3,4,5
instance_0003.txt,lagrangian_relaxation,similar,0.12121212121212122,0.1111111111111111,0.09782608695652174,4,4,9
instance_0003.txt,lagrangian_relaxation,similar_multi,0.0625,0.07692307692307693,0.0425531914893617,2,3,4
instance_0003.txt,lagrangian_relaxation,simple,0.10714285714285714,0.14705882352941177,0.07692307692307693,3,5,6
instance_0003.txt,lagrangian_relaxation,simple_multi,0.09090909090909091,0.16129032258064516,0.07777777777777778,3,5,7
instance_0003.txt,lp_aisle_focus,min_aisle_cover,0.14285714285714285,0.3,0.13333333333333333,2,3,4
instance_0003.txt,lp_aisle_focus,similar,0.17647058823529413,0.10810810810810811,0.14736842105263157,6,4,14
instance_0003.txt,lp_aisle_focus,similar_multi,0.08823529411764706,0.10256410256410256,0.06,3,4,6
instance_0003.txt,lp_aisle_focus,simple,0.1724137931034483,0.17647058823529413,0.12195121951219512,5,6,10
instance_0003.txt,lp_aisle_focus,simple_multi,0.11428571428571428,0.1935483870967742,0.09375,4,6,9
instance_0003.txt,min_aisle_cover,similar,0.0,0.05263157894736842,0.0,0,2,0
instance_0003.txt,min_aisle_cover,similar_multi,0.03571428571428571,0.05,0.023809523809523808,1,2,2
instance_0003.txt,min_aisle_cover,simple,0.13043478260869565,0.14705882352941177,0.09090909090909091,3,5,6
instance_0003.txt,min_aisle_cover,simple_multi,0.03333333333333333,0.09090909090909091,0.024096385542168676,1,3,2
instance_0003.txt,similar,similar_multi,0.17777777777777778,0.34615384615384615,0.17518248175182483,8,18,24
instance_0003.txt,similar,simple,0.21951219512195122,0.45652173913043476,0.2457627118644068,9,21,29
instance_0003.txt,similar,simple_multi,0.2222222222222222,0.45454545454545453,0.20300751879699247,10,20,27
instance_0003.txt,similar_multi,simple,0.23684210526315788,0.35294117647058826,0.2972972972972973,9,18,33
instance_0003.txt,similar_multi,simple_multi,0.20930232558139536,0.40425531914893614,0.18045112781954886,9,19,24
instance_0003.txt,simple,simple_multi,0.16666666666666666,0.4,0.19166666666666668,7,18,23
instance_0004.txt,aisle_cluster_expansion,aisle_first_asc,0.0,0.0,0.0,0,0,0
instance_0004.txt,aisle_cluster_expansion,aisle_first_desc,0.0,0.0,0.0,0,0,0
instance_0004.txt,aisle_cluster_expansion,aisle_first_random,0.0,0.0,0.0,0,0,0
instance_0004.txt,aisle_cluster_expansion,column_generation,1.0,0.3333333333333333,1.0,1,1,3
instance_0004.txt,aisle_cluster_expansion,diff,0.1,0.09090909090909091,0.09090909090909091,1,2,3
instance_0004.txt,aisle_cluster_expansion,diff_multi,0.09090909090909091,0.09523809523809523,0.09090909090909091,1,2,3
instance_0004.txt,aisle_cluster_expansion,greedy_set_cover,1.0,1.0,1.0,1,2,3
instance_0004.txt,aisle_cluster_expansion,lagrangian_relaxation,1.0,0.3333333333333333,1.0,1,1,3
instance_0004.txt,aisle_cluster_expansion,lp_aisle_focus,1.0,0.3333333333333333,1.0,1,1,3
instance_0004.txt,aisle_cluster_expansion,min_aisle_cover,1.0,1.0,1.0,1,2,3
instance_0004.txt,aisle_cluster_expansion,similar,0.1,0.1,0.09090909090909091,1,2,3
instance_0004.txt,aisle_cluster_expansion,similar_multi,0.0,0.09090909090909091,0.0,0,2,0
instance_0004.txt,aisle_cluster_expansion,simple,0.1111111111111111,0.09090909090909091,0.1,1,2,3
instance_0004.txt,aisle_cluster_expansion,simple_multi,0.0,0.08695652173913043,0.0,0,2,0
instance_0004.txt,aisle_first_asc,aisle_first_desc,1.0,1.0,1.0,0,0,0
instance_0004.txt,aisle_first_asc,aisle_first_random,1.0,1.0,1.0,0,0,0
instance_0004.txt,aisle_first_asc,column_generation,0.0,0.0,0.0,0,0,0
instance_0004.txt,aisle_first_asc,diff,0.0,0.0,0.0,0,0,0
instance_0004.txt,aisle_first_asc,diff_multi,0.0,0.0,0.0,0,0,0
instance_0004.txt,aisle_first_asc,greedy_set_cover,0.0,0.0,0.0,0,0,0
instance_0004.txt,aisle_first_asc,lagrangian_relaxation,0.0,0.0,0.0,0,0,0
instance_0004.txt,aisle_first_asc,lp_aisle_focus,0.0,0.0,0.0,0,0,0
instance_0004.txt,aisle_first_asc,min_aisle_cover,0.0,0.0,0.0,0,0,0
instance_0004.txt,aisle_first_asc,similar,0.0,0.0,0.0,0,0,0
instance_0004.txt,aisle_first_asc,similar_multi,0.0,0.0,0.0,0,0,0
instance_0004.txt,aisle_first_asc,simple,0.0,0.0,0.0,0,0,0
instance_0004.txt,aisle_first_asc,simple_multi,0.0,0.0,0.0,0,0,0
instance_0004.txt,aisle_first_desc,aisle_first_random,1.0,1.0,1.0,0,0,0
instance_0004.txt,aisle_first_desc,column_generation,0.0,0.0,0.0,0,0,0
instance_0004.txt,aisle_first_desc,diff,0.0,0.0,0.0,0,0,0
instance_0004.txt,aisle_first_desc,diff_multi,0.0,0.0,0.0,0,0,0
instance_0004.txt,aisle_first_desc,greedy_set_cover,0.0,0.0,0.0,0,0,0
instance_0004.txt,aisle_first_desc,lagrangian_relaxation,0.0,0.0,0.0,0,0,0
instance_0004.txt,aisle_first_desc,lp_aisle_focus,0.0,0.0,0.0,0,0,0
instance_0004.txt,aisle_first_desc,min_aisle_cover,0.0,0.0,0.0,0,0,0
instance_0004.txt,aisle_first_desc,similar,0.0,0.0,0.0,0,0,0
instance_0004.txt,aisle_first_desc,similar_multi,0.0,0.0,0.0,0,0,0
instance_0004.txt,aisle_first_desc,simple,0.0,0.0,0.0,0,0,0
instance_0004.txt,aisle_first_desc,simple_multi,0.0,0.0,0.0,0,0,0
instance_0004.txt,aisle_first_random,column_generation,0.0,0.0,0.0,0,0,0
instance_0004.txt,aisle_first_random,diff,0.0,0.0,0.0,0,0,0
instance_0004.txt,aisle_first_random,diff_multi,0.0,0.0,0.0,0,0,0
instance_0004.txt,aisle_first_random,greedy_set_cover,0.0,0.0,0.0,0,0,0
instance_0004.txt,aisle_first_random,lagrangian_relaxation,0.0,0.0,0.0,0,0,0
instance_0004.txt,aisle_first_random,lp_aisle_focus,0.0,0.0,0.0,0,0,0
instance_0004.txt,aisle_first_random,min_aisle_cover,0.0,0.0,0.0,0,0,0
instance_0004.txt,aisle_first_random,similar,0.0,0.0,0.0,0,0,0
instance_0004.txt,aisle_first_random,similar_multi,0.0,0.0,0.0,0,0,0
instance_0004.txt,aisle_first_random,simple,0.0,0.0,0.0,0,0,0
instance_0004.txt,aisle_first_random,simple_multi,0.0,0.0,0.0,0,0,0
instance_0004.txt,column_generation,diff,0.1,0.09090909090909091,0.09090909090909091,1,2,3
instance_0004.txt,column_generation,diff_multi,0.09090909090909091,0.09523809523809523,0.09090909090909091,1,2,3
instance_0004.txt,column_generation,greedy_set_cover,1.0,0.3333333333333333,1.0,1,1,3
instance_0004.txt,column_generation,lagrangian_relaxation,1.0,1.0,1.0,1,2,3
instance_0004.txt,column_generation,lp_aisle_focus,1.0,1.0,1.0,1,2,3
instance_0004.txt,column_generation,min_aisle_cover,1.0,0.3333333333333333,1.0,1,1,3
instance_0004.txt,column_generation,similar,0.1,0.1,0.09090909090909091,1,2,3
instance_0004.txt,column_generation,similar_multi,0.0,0.09090909090909091,0.0,0,2,0
instance_0004.txt,column_generation,simple,0.1111111111111111,0.09090909090909091,0.1,1,2,3
instance_0004.txt,column_generation,simple_multi,0.0,0.08695652173913043,0.0,0,2,0
instance_0004.txt,diff,diff_multi,0.6153846153846154,0.4827586206896552,0.5,8,14,22
instance_0004.txt,diff,greedy_set_cover,0.1,0.09090909090909091,0.09090909090909091,1,2,3
instance_0004.txt,diff,lagrangian_relaxation,0.1,0.09090909090909091,0.09090909090909091,1,2,3
instance_0004.txt,diff,lp_aisle_focus,0.1,0.09090909090909091,0.09090909090909091,1,2,3
instance_0004.txt,diff,min_aisle_cover,0.1,0.09090909090909091,0.09090909090909091,1,2,3
instance_0004.txt,diff,similar,0.42857142857142855,0.4,0.375,6,12,18
instance_0004.txt,diff,similar_multi,0.35714285714285715,0.4666666666666667,0.28846153846153844,5,14,15
instance_0004.txt,diff,simple,0.26666666666666666,0.3333333333333333,0.16666666666666666,4,11,9
instance_0004.txt,diff,simple_multi,0.5384615384615384,0.5517241379310345,0.48936170212765956,7,16,23
instance_0004.txt,diff_multi,greedy_set_cover,0.09090909090909091,0.09523809523809523,0.09090909090909091,1,2,3
instance_0004.txt,diff_multi,lagrangian_relaxation,0.09090909090909091,0.09523809523809523,0.09090909090909091,1,2,3
instance_0004.txt,diff_multi,lp_aisle_focus,0.09090909090909091,0.09523809523809523,0.09090909090909091,1,2,3
instance_0004.txt,diff_multi,min_aisle_cover,0.09090909090909091,0.09523809523809523,0.09090909090909091,1,2,3
instance_0004.txt,diff_multi,similar,0.75,0.7083333333333334,0.7837837837837838,9,17,29
instance_0004.txt,diff_multi,similar_multi,0.42857142857142855,0.4827586206896552,0.3673469387755102,6,14,18
instance_0004.txt,diff_multi,simple,0.42857142857142855,0.3870967741935484,0.3125,6,12,15
instance_0004.txt,diff_multi,simple_multi,0.5,0.41935483870967744,0.34615384615384615,7,13,18
instance_0004.txt,greedy_set_cover,lagrangian_relaxation,1.0,0.3333333333333333,1.0,1,1,3
instance_0004.txt,greedy_set_cover,lp_aisle_focus,1.0,0.3333333333333333,1.0,1,1,3
instance_0004.txt,greedy_set_cover,min_aisle_cover,1.0,1.0,1.0,1,2,3
instance_0004.txt,greedy_set_cover,similar,0.1,0.1,0.09090909090909091,1,2,3
instance_0004.txt,greedy_set_cover,similar_multi,0.0,0.09090909090909091,0.0,0,2,0
instance_0004.txt,greedy_set_cover,simple,0.1111111111111111,0.09090909090909091,0.1,1,2,3
instance_0004.txt,greedy_set_cover,simple_multi,0.0,0.08695652173913043,0.0,0,2,0
instance_0004.txt,lagrangian_relaxation,lp_aisle_focus,1.0,1.0,1.0,1,2,3
instance_0004.txt,lagrangian_relaxation,min_aisle_cover,1.0,0.3333333333333333,1.0,1,1,3
instance_0004.txt,lagrangian_relaxation,similar,0.1,0.1,0.09090909090909091,1,2,3
instance_0004.txt,lagrangian_relaxation,similar_multi,0.0,0.09090909090909091,0.0,0,2,0
instance_0004.txt,lagrangian_relaxation,simple,0.1111111111111111,0.09090909090909091,0.1,1,2,3
instance_0004.txt,lagrangian_relaxation,simple_multi,0.0,0.08695652173913043,0.0,0,2,0
instance_0004.txt,lp_aisle_focus,min_aisle_cover,1.0,0.3333333333333333,1.0,1,1,3
instance_0004.txt,lp_aisle_focus,similar,0.1,0.1,0.09090909090909091,1,2,3
instance_0004.txt,lp_aisle_focus,similar_multi,0.0,0.09090909090909091,0.0,0,2,0
instance_0004.txt,lp_aisle_focus,simple,0.1111111111111111,0.09090909090909091,0.1,1,2,3
instance_0004.txt,lp_aisle_focus,simple_multi,0.0,0.08695652173913043,0.0,0,2,0
instance_0004.txt,min_aisle_cover,similar,0.1,0.1,0.09090909090909091,1,2,3
instance_0004.txt,min_aisle_cover,similar_multi,0.0,0.09090909090909091,0.0,0,2,0
instance_0004.txt,min_aisle_cover,simple,0.1111111111111111,0.09090909090909091,0.1,1,2,3
instance_0004.txt,min_aisle_cover,simple_multi,0.0,0.08695652173913043,0.0,0,2,0
instance_0004.txt,similar,similar_multi,0.46153846153846156,0.5555555555555556,0.425531914893617,6,15,20
instance_0004.txt,similar,simple,0.5833333333333334,0.4482758620689655,0.4318181818181818,7,13,19
instance_0004.txt,similar,simple_multi,0.3333333333333333,0.30303030303030304,0.25,5,10,14
instance_0004.txt,similar_multi,simple,0.38461538461538464,0.4666666666666667,0.391304347826087,5,14,18
instance_0004.txt,similar_multi,simple_multi,0.46153846153846156,0.45161290322580644,0.39215686274509803,6,14,20
instance_0004.txt,simple,simple_multi,0.35714285714285715,0.5517241379310345,0.3673469387755102,5,16,18
instance_0005.txt,aisle_cluster_expansion,aisle_first_asc,1.0,1.0,1.0,0,0,0
instance_0005.txt,aisle_cluster_expansion,aisle_first_desc,1.0,1.0,1.0,0,0,0
instance_0005.txt,aisle_cluster_expansion,aisle_first_random,1.0,1.0,1.0,0,0,0
instance_0005.txt,aisle_cluster_expansion,column_generation,1.0,1.0,1.0,0,0,0
instance_0005.txt,aisle_cluster_expansion,diff,0.0,0.0,0.0,0,0,0
instance_0005.txt,aisle_cluster_expansion,diff_multi,0.0,0.0,0.0,0,0,0
instance_0005.txt,aisle_cluster_expansion,greedy_set_cover,1.0,1.0,1.0,0,0,0
instance_0005.txt,aisle_cluster_expansion,lagrangian_relaxation,1.0,1.0,1.0,0,0,0
instance_0005.txt,aisle_cluster_expansion,lp_aisle_focus,1.0,1.0,1.0,0,0,0
instance_0005.txt,aisle_cluster_expansion,min_aisle_cover,1.0,1.0,1.0,0,0,0
instance_0005.txt,aisle_cluster_expansion,similar,0.0,0.0,0.0,0,0,0
instance_0005.txt,aisle_cluster_expansion,similar_multi,0.0,0.0,0.0,0,0,0
instance_0005.txt,aisle_cluster_expansion,simple,0.0,0.0,0.0,0,0,0
instance_0005.txt,aisle_cluster_expansion,simple_multi,0.0,0.0,0.0,0,0,0
instance_0005.txt,aisle_first_asc,aisle_first_desc,1.0,1.0,1.0,0,0,0
instance_0005.txt,aisle_first_asc,aisle_first_random,1.0,1.0,1.0,0,0,0
instance_0005.txt,aisle_first_asc,column_generation,1.0,1.0,1.0,0,0,0
instance_0005.txt,aisle_first_asc,diff,0.0,0.0,0.0,0,0,0
instance_0005.txt,aisle_first_asc,diff_multi,0.0,0.0,0.0,0,0,0
instance_0005.txt,aisle_first_asc,greedy_set_cover,1.0,1.0,1.0,0,0,0
instance_0005.txt,aisle_first_asc,lagrangian_relaxation,1.0,1.0,1.0,0,0,0
instance_0005.txt,aisle_first_asc,lp_aisle_focus,1.0,1.0,1.0,0,0,0
instance_0005.txt,aisle_first_asc,min_aisle_cover,1.0,1.0,1.0,0,0,0
instance_0005.txt,aisle_first_asc,similar,0.0,0.0,0.0,0,0,0
instance_0005.txt,aisle_first_asc,similar_multi,0.0,0.0,0.0,0,0,0
instance_0005.txt,aisle_first_asc,simple,0.0,0.0,0.0,0,0,0
instance_0005.txt,aisle_first_asc,simple_multi,0.0,0.0,0.0,0,0,0
instance_0005.txt,aisle_first_desc,aisle_first_random,1.0,1.0,1.0,0,0,0
instance_0005.txt,aisle_first_desc,column_generation,1.0,1.0,1.0,0,0,0
instance_0005.txt,aisle_first_desc,diff,0.0,0.0,0.0,0,0,0
instance_0005.txt,aisle_first_desc,diff_multi,0.0,0.0,0.0,0,0,0
instance_0005.txt,aisle_first_desc,greedy_set_cover,1.0,1.0,1.0,0,0,0
instance_0005.txt,aisle_first_desc,lagrangian_relaxation,1.0,1.0,1.0,0,0,0
instance_0005.txt,aisle_first_desc,lp_aisle_focus,1.0,1.0,1.0,0,0,0
instance_0005.txt,aisle_first_desc,min_aisle_cover,1.0,1.0,1.0,0,0,0
instance_0005.txt,aisle_first_desc,similar,0.0,0.0,0.0,0,0,0
instance_0005.txt,aisle_first_desc,similar_multi,0.0,0.0,0.0,0,0,0
instance_0005.txt,aisle_first_desc,simple,0.0,0.0,0.0,0,0,0
instance_0005.txt,aisle_first_desc,simple_multi,0.0,0.0,0.0,0,0,0
instance_0005.txt,aisle_first_random,column_generation,1.0,1.0,1.0,0,0,0
instance_0005.txt,aisle_first_random,diff,0.0,0.0,0.0,0,0,0
instance_0005.txt,aisle_first_random,diff_multi,0.0,0.0,0.0,0,0,0
instance_0005.txt,aisle_first_random,greedy_set_cover,1.0,1.0,1.0,0,0,0
instance_0005.txt,aisle_first_random,lagrangian_relaxation,1.0,1.0,1.0,0,0,0
instance_0005.txt,aisle_first_random,lp_aisle_focus,1.0,1.0,1.0,0,0,0
instance_0005.txt,aisle_first_random,min_aisle_cover,1.0,1.0,1.0,0,0,0
instance_0005.txt,aisle_first_random,similar,0.0,0.0,0.0,0,0,0
instance_0005.txt,aisle_first_random,similar_multi,0.0,0.0,0.0,0,0,0
instance_0005.txt,aisle_first_random,simple,0.0,0.0,0.0,0,0,0
instance_0005.txt,aisle_first_random,simple_multi,0.0,0.0,0.0,0,0,0
instance_0005.txt,column_generation,diff,0.0,0.0,0.0,0,0,0
instance_0005.txt,column_generation,diff_multi,0.0,0.0,0.0,0,0,0
instance_0005.txt,column_generation,greedy_set_cover,1.0,1.0,1.0,0,0,0
instance_0005.txt,column_generation,lagrangian_relaxation,1.0,1.0,1.0,0,0,0
instance_0005.txt,column_generation,lp_aisle_focus,1.0,1.0,1.0,0,0,0
instance_0005.txt,column_generation,min_aisle_cover,1.0,1.0,1.0,0,0,0
instance_0005.txt,column_generation,similar,0.0,0.0,0.0,0,0,0
instance_0005.txt,column_generation,similar_multi,0.0,0.0,0.0,0,0,0
instance_0005.txt,column_generation,simple,0.0,0.0,0.0,0,0,0
instance_0005.txt,column_generation,simple_multi,0.0,0.0,0.0,0,0,0
instance_0005.txt,diff,diff_multi,0.21203638908327502,0.9647887323943662,0.29669749009247026,303,137,1123
instance_0005.txt,diff,greedy_set_cover,0.0,0.0,0.0,0,0,0
instance_0005.txt,diff,lagrangian_relaxation,0.0,0.0,0.0,0,0,0
instance_0005.txt,diff,lp_aisle_focus,0.0,0.0,0.0,0,0,0
instance_0005.txt,diff,min_aisle_cover,0.0,0.0,0.0,0,0,0
instance_0005.txt,diff,similar,0.2087205146533238,0.9787234042553191,0.28639872238488157,292,138,1076
instance_0005.txt,diff,similar_multi,0.20883820384889523,0.9574468085106383,0.2862483311081442,293,135,1072
instance_0005.txt,diff,simple,0.20141843971631207,0.9507042253521126,0.27691107644305774,284,135,1065
instance_0005.txt,diff,simple_multi,0.20014144271570014,0.916083916083916,0.27071391349661283,283,131,1039
instance_0005.txt,diff_multi,greedy_set_cover,0.0,0.0,0.0,0,0,0
instance_0005.txt,diff_multi,lagrangian_relaxation,0.0,0.0,0.0,0,0,0
instance_0005.txt,diff_multi,lp_aisle_focus,0.0,0.0,0.0,0,0,0
instance_0005.txt,diff_multi,min_aisle_cover,0.0,0.0,0.0,0,0,0
instance_0005.txt,diff_multi,similar,0.1885593220338983,0.9436619718309859,0.26358624310842743,267,134,1004
instance_0005.txt,diff_multi,similar_multi,0.19886363636363635,0.95,0.2836499866202836,280,133,1060
instance_0005.txt,diff_multi,simple,0.18732394366197183,0.9295774647887324,0.2684128630705394,266,132,1035
instance_0005.txt,diff_multi,simple_multi,0.19532908704883228,0.9084507042253521,0.26385636221701797,276,129,1014
instance_0005.txt,greedy_set_cover,lagrangian_relaxation,1.0,1.0,1.0,0,0,0
instance_0005.txt,greedy_set_cover,lp_aisle_focus,1.0,1.0,1.0,0,0,0
instance_0005.txt,greedy_set_cover,min_aisle_cover,1.0,1.0,1.0,0,0,0
instance_0005.txt,greedy_set_cover,similar,0.0,0.0,0.0,0,0,0
instance_0005.txt,greedy_set_cover,similar_multi,0.0,0.0,0.0,0,0,0
instance_0005.txt,greedy_set_cover,simple,0.0,0.0,0.0,0,0,0
instance_0005.txt,greedy_set_cover,simple_multi,0.0,0.0,0.0,0,0,0
instance_0005.txt,lagrangian_relaxation,lp_aisle_focus,1.0,1.0,1.0,0,0,0
instance_0005.txt,lagrangian_relaxation,min_aisle_cover,1.0,1.0,1.0,0,0,0
instance_0005.txt,lagrangian_relaxation,similar,0.0,0.0,0.0,0,0,0
instance_0005.txt,lagrangian_relaxation,similar_multi,0.0,0.0,0.0,0,0,0
instance_0005.txt,lagrangian_relaxation,simple,0.0,0.0,0.0,0,0,0
instance_0005.txt,lagrangian_relaxation,simple_multi,0.0,0.0,0.0,0,0,0
instance_0005.txt,lp_aisle_focus,min_aisle_cover,1.0,1.0,1.0,0,0,0
instance_0005.txt,lp_aisle_focus,similar,0.0,0.0,0.0,0,0,0
instance_0005.txt,lp_aisle_focus,similar_multi,0.0,0.0,0.0,0,0,0
instance_0005.txt,lp_aisle_focus,simple,0.0,0.0,0.0,0,0,0
instance_0005.txt,lp_aisle_focus,simple_multi,0.0,0.0,0.0,0,0,0
instance_0005.txt,min_aisle_cover,similar,0.0,0.0,0.0,0,0,0
instance_0005.txt,min_aisle_cover,similar_multi,0.0,0.0,0.0,0,0,0
instance_0005.txt,min_aisle_cover,simple,0.0,0.0,0.0,0,0,0
instance_0005.txt,min_aisle_cover,simple_multi,0.0,0.0,0.0,0,0,0
instance_0005.txt,similar,similar_multi,0.19002890173410406,0.95,0.2789815817984832,263,133,1030
instance_0005.txt,similar,simple,0.1851585014409222,0.9432624113475178,0.2822151224707135,257,133,1060
instance_0005.txt,similar,simple_multi,0.1873198847262248,0.9084507042253521,0.2640761300555115,260,129,999
instance_0005.txt,similar_multi,simple,0.18705035971223022,0.9357142857142857,0.26916975145425703,260,131,1018
instance_0005.txt,similar_multi,simple_multi,0.18920863309352517,0.9280575539568345,0.27093333333333336,263,129,1016
instance_0005.txt,simple,simple_multi,0.192057761732852,0.9078014184397163,0.2755905511811024,266,128,1050
instance_0006.txt,aisle_cluster_expansion,aisle_first_asc,0.9436893203883495,1.0,1.0,486,1,326
instance_0006.txt,aisle_cluster_expansion,aisle_first_desc,1.0,1.0,1.0,497,1,326
instance_0006.txt,aisle_cluster_expansion,aisle_first_random,0.9607843137254902,1.0,1.0,490,1,326
instance_0006.txt,aisle_cluster_expansion,column_generation,0.0,0.0,0.0,0,0,0
instance_0006.txt,aisle_cluster_expansion,diff,0.03899009268136785,0.00684931506849315,0.0485207100591716,122,1,123
instance_0006.txt,aisle_cluster_expansion,diff_multi,0.041990668740279936,0.007142857142857143,0.050940438871473356,135,1,130
instance_0006.txt,aisle_cluster_expansion,greedy_set_cover,0.0,0.0,0.0,0,0,0
instance_0006.txt,aisle_cluster_expansion,lagrangian_relaxation,0.0,0.0,0.0,0,0,0
instance_0006.txt,aisle_cluster_expansion,lp_aisle_focus,0.0,0.0,0.0,0,0,0
instance_0006.txt,aisle_cluster_expansion,min_aisle_cover,0.0,0.0,0.0,0,0,0
instance_0006.txt,aisle_cluster_expansion,similar,0.04538241827991114,0.006666666666666667,0.05306930693069307,143,1,134
instance_0006.txt,aisle_cluster_expansion,similar_multi,0.05246422893481717,0.006896551724137931,0.05926809864757359,165,1,149
instance_0006.txt,aisle_cluster_expansion,simple,0.04443734015345269,0.0070921985815602835,0.04925137903861308,139,1,125
instance_0006.txt,aisle_cluster_expansion,simple_multi,0.038508934072704865,0.006993006993006993,0.04712244109694863,125,1,122
instance_0006.txt,aisle_first_asc,aisle_first_desc,0.9436893203883495,1.0,1.0,486,1,326
instance_0006.txt,aisle_first_asc,aisle_first_random,0.9745098039215686,1.0,1.0,497,1,326
instance_0006.txt,aisle_first_asc,column_generation,0.0,0.0,0.0,0,0,0
instance_0006.txt,aisle_first_asc,diff,0.04089456869009585,0.00684931506849315,0.0485207100591716,128,1,123
instance_0006.txt,aisle_first_asc,diff_multi,0.043843283582089554,0.007142857142857143,0.050940438871473356,141,1,130
instance_0006.txt,aisle_first_asc,greedy_set_cover,0.0,0.0,0.0,0,0,0
instance_0006.txt,aisle_first_asc,lagrangian_relaxation,0.0,0.0,0.0,0,0,0
instance_0006.txt,aisle_first_asc,lp_aisle_focus,0.0,0.0,0.0,0,0,0
instance_0006.txt,aisle_first_asc,min_aisle_cover,0.0,0.0,0.0,0,0,0
instance_0006.txt,aisle_first_asc,similar,0.04693942277196321,0.006666666666666667,0.05306930693069307,148,1,134
instance_0006.txt,aisle_first_asc,similar_multi,0.05401970130282809,0.006896551724137931,0.05926809864757359,170,1,149
instance_0006.txt,aisle_first_asc,simple,0.04433811802232855,0.0070921985815602835,0.04925137903861308,139,1,125
instance_0006.txt,aisle_first_asc,simple_multi,0.03874538745387454,0.006993006993006993,0.04712244109694863,126,1,122
instance_0006.txt,aisle_first_desc,aisle_first_random,0.9607843137254902,1.0,1.0,490,1,326
instance_0006.txt,aisle_first_desc,column_generation,0.0,0.0,0.0,0,0,0
instance_0006.txt,aisle_first_desc,diff,0.03899009268136785,0.00684931506849315,0.0485207100591716,122,1,123
instance_0006.txt,aisle_first_desc,diff_multi,0.041990668740279936,0.007142857142857143,0.050940438871473356,135,1,130
instance_0006.txt,aisle_first_desc,greedy_set_cover,0.0,0.0,0.0,0,0,0
instance_0006.txt,aisle_first_desc,lagrangian_relaxation,0.0,0.0,0.0,0,0,0
instance_0006.txt,aisle_first_desc,lp_aisle_focus,0.0,0.0,0.0,0,0,0
instance_0006.txt,aisle_first_desc,min_aisle_cover,0.0,0.0,0.0,0,0,0
instance_0006.txt,aisle_first_desc,similar,0.04538241827991114,0.006666666666666667,0.05306930693069307,143,1,134
instance_0006.txt,aisle_first_desc,similar_multi,0.05246422893481717,0.006896551724137931,0.05926809864757359,165,1,149
instance_0006.txt,aisle_first_desc,simple,0.04443734015345269,0.0070921985815602835,0.04925137903861308,139,1,125
instance_0006.txt,aisle_first_desc,simple_multi,0.038508934072704865,0.006993006993006993,0.04712244109694863,125,1,122
instance_0006.txt,aisle_first_random,column_generation,0.0,0.0,0.0,0,0,0
instance_0006.txt,aisle_first_random,diff,0.04024273395081444,0.00684931506849315,0.0485207100591716,126,1,123
instance_0006.txt,aisle_first_random,diff_multi,0.043207957724588124,0.007142857142857143,0.050940438871473356,139,1,130
instance_0006.txt,aisle_first_random,greedy_set_cover,0.0,0.0,0.0,0,0,0
instance_0006.txt,aisle_first_random,lagrangian_relaxation,0.0,0.0,0.0,0,0,0
instance_0006.txt,aisle_first_random,lp_aisle_focus,0.0,0.0,0.0,0,0,0
instance_0006.txt,aisle_first_random,min_aisle_cover,0.0,0.0,0.0,0,0,0
instance_0006.txt,aisle_first_random,similar,0.046622264509990484,0.006666666666666667,0.05306930693069307,147,1,134
instance_0006.txt,aisle_first_random,similar_multi,0.05303270879644331,0.006896551724137931,0.05926809864757359,167,1,149
instance_0006.txt,aisle_first_random,simple,0.044685604851579956,0.0070921985815602835,0.04925137903861308,140,1,125
instance_0006.txt,aisle_first_random,simple_multi,0.03811865969873963,0.006993006993006993,0.04712244109694863,124,1,122
instance_0006.txt,column_generation,diff,0.0,0.0,0.0,0,0,0
instance_0006.txt,column_generation,diff_multi,0.0,0.0,0.0,0,0,0
instance_0006.txt,column_generation,greedy_set_cover,1.0,1.0,1.0,0,0,0
instance_0006.txt,column_generation,lagrangian_relaxation,1.0,1.0,1.0,0,0,0
instance_0006.txt,column_generation,lp_aisle_focus,1.0,1.0,1.0,0,0,0
instance_0006.txt,column_generation,min_aisle_cover,1.0,1.0,1.0,0,0,0
instance_0006.txt,column_generation,similar,0.0,0.0,0.0,0,0,0
instance_0006.txt,column_generation,similar_multi,0.0,0.0,0.0,0,0,0
instance_0006.txt,column_generation,simple,0.0,0.0,0.0,0,0,0
instance_0006.txt,column_generation,simple_multi,0.0,0.0,0.0,0,0,0
instance_0006.txt,diff,diff_multi,0.14522058823529413,0.8571428571428571,0.2281896777574011,711,132,871
instance_0006.txt,diff,greedy_set_cover,0.0,0.0,0.0,0,0,0
instance_0006.txt,diff,lagrangian_relaxation,0.0,0.0,0.0,0,0,0
instance_0006.txt,diff,lp_aisle_focus,0.0,0.0,0.0,0,0,0
instance_0006.txt,diff,min_aisle_cover,0.0,0.0,0.0,0,0,0
instance_0006.txt,diff,similar,0.15477428749739963,0.8974358974358975,0.24433182181915178,744,140,916
instance_0006.txt,diff,similar_multi,0.14406083025071928,0.8896103896103896,0.22642500656685055,701,137,862
instance_0006.txt,diff,simple,0.15710096355257647,0.8881578947368421,0.23977695167286245,750,135,903
instance_0006.txt,diff,simple_multi,0.15945611866501855,0.8766233766233766,0.24164253750987102,774,135,918
instance_0006.txt,diff_multi,greedy_set_cover,0.0,0.0,0.0,0,0,0
instance_0006.txt,diff_multi,lagrangian_relaxation,0.0,0.0,0.0,0,0,0
instance_0006.txt,diff_multi,lp_aisle_focus,0.0,0.0,0.0,0,0,0
instance_0006.txt,diff_multi,min_aisle_cover,0.0,0.0,0.0,0,0,0
instance_0006.txt,diff_multi,similar,0.16183425868805265,0.8831168831168831,0.2480702688315145,787,136,932
instance_0006.txt,diff_multi,similar_multi,0.15727124183006536,0.9,0.24482758620689654,770,135,923
instance_0006.txt,diff_multi,simple,0.16514711976792373,0.8859060402684564,0.25481283422459894,797,132,953
instance_0006.txt,diff_multi,simple_multi,0.15907710989678203,0.8741721854304636,0.24305191400104878,786,132,927
instance_0006.txt,greedy_set_cover,lagrangian_relaxation,1.0,1.0,1.0,0,0,0
instance_0006.txt,greedy_set_cover,lp_aisle_focus,1.0,1.0,1.0,0,0,0
instance_0006.txt,greedy_set_cover,min_aisle_cover,1.0,1.0,1.0,0,0,0
instance_0006.txt,greedy_set_cover,similar,0.0,0.0,0.0,0,0,0
instance_0006.txt,greedy_set_cover,similar_multi,0.0,0.0,0.0,0,0,0
instance_0006.txt,greedy_set_cover,simple,0.0,0.0,0.0,0,0,0
instance_0006.txt,greedy_set_cover,simple_multi,0.0,0.0,0.0,0,0,0
instance_0006.txt,lagrangian_relaxation,lp_aisle_focus,1.0,1.0,1.0,0,0,0
instance_0006.txt,lagrangian_relaxation,min_aisle_cover,1.0,1.0,1.0,0,0,0
instance_0006.txt,lagrangian_relaxation,similar,0.0,0.0,0.0,0,0,0
instance_0006.txt,lagrangian_relaxation,similar_multi,0.0,0.0,0.0,0,0,0
instance_0006.txt,lagrangian_relaxation,simple,0.0,0.0,0.0,0,0,0
instance_0006.txt,lagrangian_relaxation,simple_multi,0.0,0.0,0.0,0,0,0
instance_0006.txt,lp_aisle_focus,min_aisle_cover,1.0,1.0,1.0,0,0,0
instance_0006.txt,lp_aisle_focus,similar,0.0,0.0,0.0,0,0,0
instance_0006.txt,lp_aisle_focus,similar_multi,0.0,0.0,0.0,0,0,0
instance_0006.txt,lp_aisle_focus,simple,0.0,0.0,0.0,0,0,0
instance_0006.txt,lp_aisle_focus,simple_multi,0.0,0.0,0.0,0,0,0
instance_0006.txt,min_aisle_cover,similar,0.0,0.0,0.0,0,0,0
instance_0006.txt,min_aisle_cover,similar_multi,0.0,0.0,0.0,0,0,0
instance_0006.txt,min_aisle_cover,simple,0.0,0.0,0.0,0,0,0
instance_0006.txt,min_aisle_cover,simple_multi,0.0,0.0,0.0,0,0,0
instance_0006.txt,similar,similar_multi,0.1557478368355995,0.9155844155844156,0.2367584745762712,756,141,894
instance_0006.txt,similar,simple,0.15810276679841898,0.9019607843137255,0.24070138150903295,760,138,906
instance_0006.txt,similar,simple_multi,0.16209016393442624,0.8782051282051282,0.23994743758212878,791,137,913
instance_0006.txt,similar_multi,simple,0.16118968386023294,0.9194630872483222,0.24906467129877072,775,137,932
instance_0006.txt,similar_multi,simple_multi,0.16227263437563866,0.9072847682119205,0.23937007874015748,794,137,912
instance_0006.txt,simple,simple_multi,0.15537359263050154,0.8807947019867549,0.24067262217551236,759,133,916
instance_0007.txt,aisle_cluster_expansion,aisle_first_asc,0.3080094228504123,0.125,0.301255230125523,523,1,360
instance_0007.txt,aisle_cluster_expansion,aisle_first_desc,0.30737463126843656,0.125,0.301255230125523,521,1,360
instance_0007.txt,aisle_cluster_expansion,aisle_first_random,0.30796460176991153,0.125,0.301255230125523,522,1,360
instance_0007.txt,aisle_cluster_expansion,column_generation,0.0,0.0,0.0,0,0,0
instance_0007.txt,aisle_cluster_expansion,diff,0.11108048511576626,0.026845637583892617,0.12202908832919475,403,4,344
instance_0007.txt,aisle_cluster_expansion,diff_multi,0.10530702973048069,0.027972027972027972,0.12301587301587301,379,4,341
instance_0007.txt,aisle_cluster_expansion,greedy_set_cover,0.0,0.0,0.0,0,0,0
instance_0007.txt,aisle_cluster_expansion,lagrangian_relaxation,0.0,0.0,0.0,0,0,0
instance_0007.txt,aisle_cluster_expansion,lp_aisle_focus,0.0,0.0,0.0,0,0,0
instance_0007.txt,aisle_cluster_expansion,min_aisle_cover,0.0,0.0,0.0,0,0,0
instance_0007.txt,aisle_cluster_expansion,similar,0.10205198358413133,0.027777777777777776,0.11694258541740049,373,4,332
instance_0007.txt,aisle_cluster_expansion,similar_multi,0.10736613210111444,0.027777777777777776,0.12014010507880911,395,4,343
instance_0007.txt,aisle_cluster_expansion,simple,0.1062342745317305,0.02702702702702703,0.12309920347574221,380,4,340
instance_0007.txt,aisle_cluster_expansion,simple_multi,0.10174102285092491,0.027586206896551724,0.11844863731656184,374,4,339
instance_0007.txt,aisle_first_asc,aisle_first_desc,0.9890387858347386,1.0,1.0,1173,5,827
instance_0007.txt,aisle_first_asc,aisle_first_random,0.9915611814345991,1.0,1.0,1175,5,827
instance_0007.txt,aisle_first_asc,column_generation,0.0,0.0,0.0,0,0,0
instance_0007.txt,aisle_first_asc,diff,0.11217692512656541,0.03355704697986577,0.1244398483281627,421,5,361
instance_0007.txt,aisle_first_asc,diff_multi,0.12319433088034887,0.03496503496503497,0.13981547196593327,452,5,394
instance_0007.txt,aisle_first_asc,greedy_set_cover,0.0,0.0,0.0,0,0,0
instance_0007.txt,aisle_first_asc,lagrangian_relaxation,0.0,0.0,0.0,0,0,0
instance_0007.txt,aisle_first_asc,lp_aisle_focus,0.0,0.0,0.0,0,0,0
instance_0007.txt,aisle_first_asc,min_aisle_cover,0.0,0.0,0.0,0,0,0
instance_0007.txt,aisle_first_asc,similar,0.11524064171122994,0.034722222222222224,0.12564543889845095,431,5,365
instance_0007.txt,aisle_first_asc,similar_multi,0.11590367822175178,0.034722222222222224,0.1260245901639344,438,5,369
instance_0007.txt,aisle_first_asc,simple,0.11292073832790445,0.033783783783783786,0.13109540636042402,416,5,371
instance_0007.txt,aisle_first_asc,simple_multi,0.11397449521785334,0.034482758620689655,0.13091158327621658,429,5,382
instance_0007.txt,aisle_first_desc,aisle_first_random,0.9974554707379135,1.0,1.0,1176,5,827
instance_0007.txt,aisle_first_desc,column_generation,0.0,0.0,0.0,0,0,0
instance_0007.txt,aisle_first_desc,diff,0.11262343207899653,0.03355704697986577,0.1244398483281627,422,5,361
instance_0007.txt,aisle_first_desc,diff_multi,0.12305593451568896,0.03496503496503497,0.13981547196593327,451,5,394
instance_0007.txt,aisle_first_desc,greedy_set_cover,0.0,0.0,0.0,0,0,0
instance_0007.txt,aisle_first_desc,lagrangian_relaxation,0.0,0.0,0.0,0,0,0
instance_0007.txt,aisle_first_desc,lp_aisle_focus,0.0,0.0,0.0,0,0,0
instance_0007.txt,aisle_first_desc,min_aisle_cover,0.0,0.0,0.0,0,0,0
instance_0007.txt,aisle_first_desc,similar,0.11420165819737897,0.034722222222222224,0.12564543889845095,427,5,365
instance_0007.txt,aisle_first_desc,similar_multi,0.11664899257688228,0.034722222222222224,0.1260245901639344,440,5,369
instance_0007.txt,aisle_first_desc,simple,0.11246943765281174,0.033783783783783786,0.13109540636042402,414,5,371
instance_0007.txt,aisle_first_desc,simple_multi,0.11323763955342903,0.034482758620689655,0.13091158327621658,426,5,382
instance_0007.txt,aisle_first_random,column_generation,0.0,0.0,0.0,0,0,0
instance_0007.txt,aisle_first_random,diff,0.11259338313767342,0.03355704697986577,0.1244398483281627,422,5,361
instance_0007.txt,aisle_first_random,diff_multi,0.12271611671666212,0.03496503496503497,0.13981547196593327,450,5,394
instance_0007.txt,aisle_first_random,greedy_set_cover,0.0,0.0,0.0,0,0,0
instance_0007.txt,aisle_first_random,lagrangian_relaxation,0.0,0.0,0.0,0,0,0
instance_0007.txt,aisle_first_random,lp_aisle_focus,0.0,0.0,0.0,0,0,0
instance_0007.txt,aisle_first_random,min_aisle_cover,0.0,0.0,0.0,0,0,0
instance_0007.txt,aisle_first_random,similar,0.1141711229946524,0.034722222222222224,0.12564543889845095,427,5,365
instance_0007.txt,aisle_first_random,similar_multi,0.11632220455749867,0.034722222222222224,0.1260245901639344,439,5,369
instance_0007.txt,aisle_first_random,simple,0.11304347826086956,0.033783783783783786,0.13109540636042402,416,5,371
instance_0007.txt,aisle_first_random,simple_multi,0.11350345560871877,0.034482758620689655,0.13091158327621658,427,5,382
instance_0007.txt,column_generation,diff,0.0,0.0,0.0,0,0,0
instance_0007.txt,column_generation,diff_multi,0.0,0.0,0.0,0,0,0
instance_0007.txt,column_generation,greedy_set_cover,1.0,1.0,1.0,0,0,0
instance_0007.txt,column_generation,lagrangian_relaxation,1.0,1.0,1.0,0,0,0
instance_0007.txt,column_generation,lp_aisle_focus,1.0,1.0,1.0,0,0,0
instance_0007.txt,column_generation,min_aisle_cover,1.0,1.0,1.0,0,0,0
instance_0007.txt,column_generation,similar,0.0,0.0,0.0,0,0,0
instance_0007.txt,column_generation,similar_multi,0.0,0.0,0.0,0,0,0
instance_0007.txt,column_generation,simple,0.0,0.0,0.0,0,0,0
instance_0007.txt,column_generation,simple_multi,0.0,0.0,0.0,0,0,0
instance_0007.txt,diff,diff_multi,0.213876381498158,0.9337748344370861,0.29639591178052715,1045,141,1102
instance_0007.txt,diff,greedy_set_cover,0.0,0.0,0.0,0,0,0
instance_0007.txt,diff,lagrangian_relaxation,0.0,0.0,0.0,0,0,0
instance_0007.txt,diff,lp_aisle_focus,0.0,0.0,0.0,0,0,0
instance_0007.txt,diff,min_aisle_cover,0.0,0.0,0.0,0,0,0
instance_0007.txt,diff,similar,0.21048370775146732,0.9403973509933775,0.2980308674827036,1040,142,1120
instance_0007.txt,diff,similar_multi,0.22375634517766496,0.9403973509933775,0.3083488930381435,1102,142,1156
instance_0007.txt,diff,simple,0.21830550401978974,0.9668874172185431,0.3036053130929791,1059,146,1120
instance_0007.txt,diff,simple_multi,0.21937842778793418,0.9342105263157895,0.2984126984126984,1080,142,1128
instance_0007.txt,diff_multi,greedy_set_cover,0.0,0.0,0.0,0,0,0
instance_0007.txt,diff_multi,lagrangian_relaxation,0.0,0.0,0.0,0,0,0
instance_0007.txt,diff_multi,lp_aisle_focus,0.0,0.0,0.0,0,0,0
instance_0007.txt,diff_multi,min_aisle_cover,0.0,0.0,0.0,0,0,0
instance_0007.txt,diff_multi,similar,0.21425645227365833,0.9261744966442953,0.30451229397460144,1046,138,1127
instance_0007.txt,diff_multi,similar_multi,0.22845979847830558,0.9261744966442953,0.3189350719913067,1111,138,1174
instance_0007.txt,diff_multi,simple,0.21087450899317758,0.9144736842105263,0.29531845400108875,1020,139,1085
instance_0007.txt,diff_multi,simple_multi,0.22528830313014828,0.92,0.30521225147770015,1094,138,1136
instance_0007.txt,greedy_set_cover,lagrangian_relaxation,1.0,1.0,1.0,0,0,0
instance_0007.txt,greedy_set_cover,lp_aisle_focus,1.0,1.0,1.0,0,0,0
instance_0007.txt,greedy_set_cover,min_aisle_cover,1.0,1.0,1.0,0,0,0
instance_0007.txt,greedy_set_cover,similar,0.0,0.0,0.0,0,0,0
instance_0007.txt,greedy_set_cover,similar_multi,0.0,0.0,0.0,0,0,0
instance_0007.txt,greedy_set_cover,simple,0.0,0.0,0.0,0,0,0
instance_0007.txt,greedy_set_cover,simple_multi,0.0,0.0,0.0,0,0,0
instance_0007.txt,lagrangian_relaxation,lp_aisle_focus,1.0,1.0,1.0,0,0,0
instance_0007.txt,lagrangian_relaxation,min_aisle_cover,1.0,1.0,1.0,0,0,0
instance_0007.txt,lagrangian_relaxation,similar,0.0,0.0,0.0,0,0,0
instance_0007.txt,lagrangian_relaxation,similar_multi,0.0,0.0,0.0,0,0,0
instance_0007.txt,lagrangian_relaxation,simple,0.0,0.0,0.0,0,0,0
instance_0007.txt,lagrangian_relaxation,simple_multi,0.0,0.0,0.0,0,0,0
instance_0007.txt,lp_aisle_focus,min_aisle_cover,1.0,1.0,1.0,0,0,0
instance_0007.txt,lp_aisle_focus,similar,0.0,0.0,0.0,0,0,0
instance_0007.txt,lp_aisle_focus,similar_multi,0.0,0.0,0.0,0,0,0
instance_0007.txt,lp_aisle_focus,simple,0.0,0.0,0.0,0,0,0
instance_0007.txt,lp_aisle_focus,simple_multi,0.0,0.0,0.0,0,0,0
instance_0007.txt,min_aisle_cover,similar,0.0,0.0,0.0,0,0,0
instance_0007.txt,min_aisle_cover,similar_multi,0.0,0.0,0.0,0,0,0
instance_0007.txt,min_aisle_cover,simple,0.0,0.0,0.0,0,0,0
instance_0007.txt,min_aisle_cover,simple_multi,0.0,0.0,0.0,0,0,0
instance_0007.txt,similar,similar_multi,0.22414143466775047,0.9459459459459459,0.30664893617021277,1103,140,1153
instance_0007.txt,similar,simple,0.21343467543138867,0.9466666666666667,0.2994335041812787,1039,142,1110
instance_0007.txt,similar,simple_multi,0.2197601138442773,0.9266666666666666,0.31373597006948156,1081,139,1174
instance_0007.txt,similar_multi,simple,0.22238193018480493,0.959731543624161,0.31380526173040413,1083,143,1157
instance_0007.txt,similar_multi,simple_multi,0.22537494933117147,0.9395973154362416,0.3160276890308839,1112,140,1187
instance_0007.txt,simple,simple_multi,0.22702814569536423,0.9533333333333334,0.31035414977020814,1097,143,1148
instance_0008.txt,aisle_cluster_expansion,aisle_first_asc,1.0,1.0,1.0,0,0,0
instance_0008.txt,aisle_cluster_expansion,aisle_first_desc,1.0,1.0,1.0,0,0,0
instance_0008.txt,aisle_cluster_expansion,aisle_first_random,1.0,1.0,1.0,0,0,0
instance_0008.txt,aisle_cluster_expansion,column_generation,1.0,1.0,1.0,0,0,0
instance_0008.txt,aisle_cluster_expansion,diff,0.0,0.0,0.0,0,0,0
instance_0008.txt,aisle_cluster_expansion,diff_multi,0.0,0.0,0.0,0,0,0
instance_0008.txt,aisle_cluster_expansion,greedy_set_cover,1.0,1.0,1.0,0,0,0
instance_0008.txt,aisle_cluster_expansion,lagrangian_relaxation,0.0,0.0,0.0,0,0,0
instance_0008.txt,aisle_cluster_expansion,lp_aisle_focus,1.0,1.0,1.0,0,0,0
instance_0008.txt,aisle_cluster_expansion,min_aisle_cover,1.0,1.0,1.0,0,0,0
instance_0008.txt,aisle_cluster_expansion,similar,0.0,0.0,0.0,0,0,0
instance_0008.txt,aisle_cluster_expansion,similar_multi,0.0,0.0,0.0,0,0,0
instance_0008.txt,aisle_cluster_expansion,simple,0.0,0.0,0.0,0,0,0
instance_0008.txt,aisle_cluster_expansion,simple_multi,0.0,0.0,0.0,0,0,0
instance_0008.txt,aisle_first_asc,aisle_first_desc,1.0,1.0,1.0,0,0,0
instance_0008.txt,aisle_first_asc,aisle_first_random,1.0,1.0,1.0,0,0,0
instance_0008.txt,aisle_first_asc,column_generation,1.0,1.0,1.0,0,0,0
instance_0008.txt,aisle_first_asc,diff,0.0,0.0,0.0,0,0,0
instance_0008.txt,aisle_first_asc,diff_multi,0.0,0.0,0.0,0,0,0
instance_0008.txt,aisle_first_asc,greedy_set_cover,1.0,1.0,1.0,0,0,0
instance_0008.txt,aisle_first_asc,lagrangian_relaxation,0.0,0.0,0.0,0,0,0
instance_0008.txt,aisle_first_asc,lp_aisle_focus,1.0,1.0,1.0,0,0,0
instance_0008.txt,aisle_first_asc,min_aisle_cover,1.0,1.0,1.0,0,0,0
instance_0008.txt,aisle_first_asc,similar,0.0,0.0,0.0,0,0,0
instance_0008.txt,aisle_first_asc,similar_multi,0.0,0.0,0.0,0,0,0
instance_0008.txt,aisle_first_asc,simple,0.0,0.0,0.0,0,0,0
instance_0008.txt,aisle_first_asc,simple_multi,0.0,0.0,0.0,0,0,0
instance_0008.txt,aisle_first_desc,aisle_first_random,1.0,1.0,1.0,0,0,0
instance_0008.txt,aisle_first_desc,column_generation,1.0,1.0,1.0,0,0,0
instance_0008.txt,aisle_first_desc,diff,0.0,0.0,0.0,0,0,0
instance_0008.txt,aisle_first_desc,diff_multi,0.0,0.0,0.0,0,0,0
instance_0008.txt,aisle_first_desc,greedy_set_cover,1.0,1.0,1.0,0,0,0
instance_0008.txt,aisle_first_desc,lagrangian_relaxation,0.0,0.0,0.0,0,0,0
instance_0008.txt,aisle_first_desc,lp_aisle_focus,1.0,1.0,1.0,0,0,0
instance_0008.txt,aisle_first_desc,min_aisle_cover,1.0,1.0,1.0,0,0,0
instance_0008.txt,aisle_first_desc,similar,0.0,0.0,0.0,0,0,0
instance_0008.txt,aisle_first_desc,similar_multi,0.0,0.0,0.0,0,0,0
instance_0008.txt,aisle_first_desc,simple,0.0,0.0,0.0,0,0,0
instance_0008.txt,aisle_first_desc,simple_multi,0.0,0.0,0.0,0,0,0
instance_0008.txt,aisle_first_random,column_generation,1.0,1.0,1.0,0,0,0
instance_0008.txt,aisle_first_random,diff,0.0,0.0,0.0,0,0,0
instance_0008.txt,aisle_first_random,diff_multi,0.0,0.0,0.0,0,0,0
instance_0008.txt,aisle_first_random,greedy_set_cover,1.0,1.0,1.0,0,0,0
instance_0008.txt,aisle_first_random,lagrangian_relaxation,0.0,0.0,0.0,0,0,0
instance_0008.txt,aisle_first_random,lp_aisle_focus,1.0,1.0,1.0,0,0,0
instance_0008.txt,aisle_first_random,min_aisle_cover,1.0,1.0,1.0,0,0,0
instance_0008.txt,aisle_first_random,similar,0.0,0.0,0.0,0,0,0
instance_0008.txt,aisle_first_random,similar_multi,0.0,0.0,0.0,0,0,0
instance_0008.txt,aisle_first_random,simple,0.0,0.0,0.0,0,0,0
instance_0008.txt,aisle_first_random,simple_multi,0.0,0.0,0.0,0,0,0
instance_0008.txt,column_generation,diff,0.0,0.0,0.0,0,0,0
instance_0008.txt,column_generation,diff_multi,0.0,0.0,0.0,0,0,0
instance_0008.txt,column_generation,greedy_set_cover,1.0,1.0,1.0,0,0,0
instance_0008.txt,column_generation,lagrangian_relaxation,0.0,0.0,0.0,0,0,0
instance_0008.txt,column_generation,lp_aisle_focus,1.0,1.0,1.0,0,0,0
instance_0008.txt,column_generation,min_aisle_cover,1.0,1.0,1.0,0,0,0
instance_0008.txt,column_generation,similar,0.0,0.0,0.0,0,0,0
instance_0008.txt,column_generation,similar_multi,0.0,0.0,0.0,0,0,0
instance_0008.txt,column_generation,simple,0.0,0.0,0.0,0,0,0
instance_0008.txt,column_generation,simple_multi,0.0,0.0,0.0,0,0,0
instance_0008.txt,diff,diff_multi,0.13800904977375567,0.9290780141843972,0.1991392801251956,122,131,509
instance_0008.txt,diff,greedy_set_cover,0.0,0.0,0.0,0,0,0
instance_0008.txt,diff,lagrangian_relaxation,0.11569148936170212,0.14814814814814814,0.15864440078585462,87,20,323
instance_0008.txt,diff,lp_aisle_focus,0.0,0.0,0.0,0,0,0
instance_0008.txt,diff,min_aisle_cover,0.0,0.0,0.0,0,0,0
instance_0008.txt,diff,similar,0.13023255813953488,0.920863309352518,0.1882307092751364,112,128,483
instance_0008.txt,diff,similar_multi,0.13942857142857143,0.8992805755395683,0.21569400630914826,122,125,547
instance_0008.txt,diff,simple,0.14352941176470588,0.9492753623188406,0.21756487025948104,122,131,545
instance_0008.txt,diff,simple_multi,0.12470588235294118,0.920863309352518,0.1918876755070203,106,128,492
instance_0008.txt,diff_multi,greedy_set_cover,0.0,0.0,0.0,0,0,0
instance_0008.txt,diff_multi,lagrangian_relaxation,0.11360634081902246,0.145985401459854,0.15779467680608364,86,20,332
instance_0008.txt,diff_multi,lp_aisle_focus,0.0,0.0,0.0,0,0,0
instance_0008.txt,diff_multi,min_aisle_cover,0.0,0.0,0.0,0,0,0
instance_0008.txt,diff_multi,similar,0.13356562137049943,0.9078014184397163,0.2,115,128,521
instance_0008.txt,diff_multi,similar_multi,0.1310734463276836,0.9,0.19561104805145668,116,126,517
instance_0008.txt,diff_multi,simple,0.1283236994219653,0.9357142857142857,0.19670876387294298,111,131,514
instance_0008.txt,diff_multi,simple_multi,0.13744075829383887,0.9078014184397163,0.2054636398614852,116,128,534
instance_0008.txt,greedy_set_cover,lagrangian_relaxation,0.0,0.0,0.0,0,0,0
instance_0008.txt,greedy_set_cover,lp_aisle_focus,1.0,1.0,1.0,0,0,0
instance_0008.txt,greedy_set_cover,min_aisle_cover,1.0,1.0,1.0,0,0,0
instance_0008.txt,greedy_set_cover,similar,0.0,0.0,0.0,0,0,0
instance_0008.txt,greedy_set_cover,similar_multi,0.0,0.0,0.0,0,0,0
instance_0008.txt,greedy_set_cover,simple,0.0,0.0,0.0,0,0,0
instance_0008.txt,greedy_set_cover,simple_multi,0.0,0.0,0.0,0,0,0
instance_0008.txt,lagrangian_relaxation,lp_aisle_focus,0.0,0.0,0.0,0,0,0
instance_0008.txt,lagrangian_relaxation,min_aisle_cover,0.0,0.0,0.0,0,0,0
instance_0008.txt,lagrangian_relaxation,similar,0.09472259810554803,0.15151515151515152,0.1496437054631829,70,20,315
instance_0008.txt,lagrangian_relaxation,similar_multi,0.11051930758988016,0.15503875968992248,0.15103189493433397,83,20,322
instance_0008.txt,lagrangian_relaxation,simple,0.10821917808219178,0.14925373134328357,0.14090480678605088,79,20,299
instance_0008.txt,lagrangian_relaxation,simple_multi,0.09228650137741047,0.15151515151515152,0.14050751879699247,67,20,299
instance_0008.txt,lp_aisle_focus,min_aisle_cover,1.0,1.0,1.0,0,0,0
instance_0008.txt,lp_aisle_focus,similar,0.0,0.0,0.0,0,0,0
instance_0008.txt,lp_aisle_focus,similar_multi,0.0,0.0,0.0,0,0,0
instance_0008.txt,lp_aisle_focus,simple,0.0,0.0,0.0,0,0,0
instance_0008.txt,lp_aisle_focus,simple_multi,0.0,0.0,0.0,0,0,0
instance_0008.txt,min_aisle_cover,similar,0.0,0.0,0.0,0,0,0
instance_0008.txt,min_aisle_cover,similar_multi,0.0,0.0,0.0,0,0,0
instance_0008.txt,min_aisle_cover,simple,0.0,0.0,0.0,0,0,0
instance_0008.txt,min_aisle_cover,simple_multi,0.0,0.0,0.0,0,0,0
instance_0008.txt,similar,similar_multi,0.1430260047281324,0.8913043478260869,0.220023282887078,121,123,567
instance_0008.txt,similar,simple,0.10823529411764705,0.9136690647482014,0.1739622641509434,92,127,461
instance_0008.txt,similar,simple_multi,0.12515188335358446,0.8723404255319149,0.19425287356321838,103,123,507
instance_0008.txt,similar_multi,simple,0.1205098493626883,0.8920863309352518,0.1881375141669815,104,124,498
instance_0008.txt,similar_multi,simple_multi,0.1214622641509434,0.8642857142857143,0.19582542694497154,103,121,516
instance_0008.txt,simple,simple_multi,0.1278928136419001,0.9,0.2024681835711531,105,126,525
instance_0009.txt,aisle_cluster_expansion,aisle_first_asc,0.0,0.0,0.0,0,0,0
instance_0009.txt,aisle_cluster_expansion,aisle_first_desc,0.0,0.0,0.0,0,0,0
instance_0009.txt,aisle_cluster_expansion,aisle_first_random,0.0,0.0,0.0,0,0,0
instance_0009.txt,aisle_cluster_expansion,column_generation,0.36,0.22,0.31313131313131315,9,11,31
instance_0009.txt,aisle_cluster_expansion,diff,0.13513513513513514,0.15789473684210525,0.08888888888888889,5,12,12
instance_0009.txt,aisle_cluster_expansion,diff_multi,0.06818181818181818,0.14102564102564102,0.09420289855072464,3,11,13
instance_0009.txt,aisle_cluster_expansion,greedy_set_cover,0.0,0.0,0.0,0,0,0
instance_0009.txt,aisle_cluster_expansion,lagrangian_relaxation,0.0,0.0,0.0,0,0,0
instance_0009.txt,aisle_cluster_expansion,lp_aisle_focus,0.36,0.22,0.31313131313131315,9,11,31
instance_0009.txt,aisle_cluster_expansion,min_aisle_cover,0.2222222222222222,0.3333333333333333,0.22916666666666666,4,14,22
instance_0009.txt,aisle_cluster_expansion,similar,0.0851063829787234,0.12941176470588237,0.07432432432432433,4,11,11
instance_0009.txt,aisle_cluster_expansion,similar_multi,0.0851063829787234,0.14102564102564102,0.13380281690140844,4,11,19
instance_0009.txt,aisle_cluster_expansion,simple,0.061224489795918366,0.12222222222222222,0.05,3,11,8
instance_0009.txt,aisle_cluster_expansion,simple_multi,0.15384615384615385,0.14473684210526316,0.12307692307692308,6,11,16
instance_0009.txt,aisle_first_asc,aisle_first_desc,1.0,1.0,1.0,0,0,0
instance_0009.txt,aisle_first_asc,aisle_first_random,1.0,1.0,1.0,0,0,0
instance_0009.txt,aisle_first_asc,column_generation,0.0,0.0,0.0,0,0,0
instance_0009.txt,aisle_first_asc,diff,0.0,0.0,0.0,0,0,0
instance_0009.txt,aisle_first_asc,diff_multi,0.0,0.0,0.0,0,0,0
instance_0009.txt,aisle_first_asc,greedy_set_cover,1.0,1.0,1.0,0,0,0
instance_0009.txt,aisle_first_asc,lagrangian_relaxation,1.0,1.0,1.0,0,0,0
instance_0009.txt,aisle_first_asc,lp_aisle_focus,0.0,0.0,0.0,0,0,0
instance_0009.txt,aisle_first_asc,min_aisle_cover,0.0,0.0,0.0,0,0,0
instance_0009.txt,aisle_first_asc,similar,0.0,0.0,0.0,0,0,0
instance_0009.txt,aisle_first_asc,similar_multi,0.0,0.0,0.0,0,0,0
instance_0009.txt,aisle_first_asc,simple,0.0,0.0,0.0,0,0,0
instance_0009.txt,aisle_first_asc,simple_multi,0.0,0.0,0.0,0,0,0
instance_0009.txt,aisle_first_desc,aisle_first_random,1.0,1.0,1.0,0,0,0
instance_0009.txt,aisle_first_desc,column_generation,0.0,0.0,0.0,0,0,0
instance_0009.txt,aisle_first_desc,diff,0.0,0.0,0.0,0,0,0
instance_0009.txt,aisle_first_desc,diff_multi,0.0,0.0,0.0,0,0,0
instance_0009.txt,aisle_first_desc,greedy_set_cover,1.0,1.0,1.0,0,0,0
instance_0009.txt,aisle_first_desc,lagrangian_relaxation,1.0,1.0,1.0,0,0,0
instance_0009.txt,aisle_first_desc,lp_aisle_focus,0.0,0.0,0.0,0,0,0
instance_0009.txt,aisle_first_desc,min_aisle_cover,0.0,0.0,0.0,0,0,0
instance_0009.txt,aisle_first_desc,similar,0.0,0.0,0.0,0,0,0
instance_0009.txt,aisle_first_desc,similar_multi,0.0,0.0,0.0,0,0,0
instance_0009.txt,aisle_first_desc,simple,0.0,0.0,0.0,0,0,0
instance_0009.txt,aisle_first_desc,simple_multi,0.0,0.0,0.0,0,0,0
instance_0009.txt,aisle_first_random,column_generation,0.0,0.0,0.0,0,0,0
instance_0009.txt,aisle_first_random,diff,0.0,0.0,0.0,0,0,0
instance_0009.txt,aisle_first_random,diff_multi,0.0,0.0,0.0,0,0,0
instance_0009.txt,aisle_first_random,greedy_set_cover,1.0,1.0,1.0,0,0,0
instance_0009.txt,aisle_first_random,lagrangian_relaxation,1.0,1.0,1.0,0,0,0
instance_0009.txt,aisle_first_random,lp_aisle_focus,0.0,0.0,0.0,0,0,0
instance_0009.txt,aisle_first_random,min_aisle_cover,0.0,0.0,0.0,0,0,0
instance_0009.txt,aisle_first_random,similar,0.0,0.0,0.0,0,0,0
instance_0009.txt,aisle_first_random,similar_multi,0.0,0.0,0.0,0,0,0
instance_0009.txt,aisle_first_random,simple,0.0,0.0,0.0,0,0,0
instance_0009.txt,aisle_first_random,simple_multi,0.0,0.0,0.0,0,0,0
instance_0009.txt,column_generation,diff,0.3488372093023256,0.3448275862068966,0.36942675159235666,15,30,58
instance_0009.txt,column_generation,diff_multi,0.3125,0.3258426966292135,0.4503311258278146,15,29,68
instance_0009.txt,column_generation,greedy_set_cover,0.0,0.0,0.0,0,0,0
instance_0009.txt,column_generation,lagrangian_relaxation,0.0,0.0,0.0,0,0,0
instance_0009.txt,column_generation,lp_aisle_focus,1.0,1.0,1.0,25,45,99
instance_0009.txt,column_generation,min_aisle_cover,0.4074074074074074,0.46551724137931033,0.5245901639344263,11,27,64
instance_0009.txt,column_generation,similar,0.2641509433962264,0.3157894736842105,0.24043715846994534,14,30,44
instance_0009.txt,column_generation,similar_multi,0.24074074074074073,0.3111111111111111,0.3795180722891566,13,28,63
instance_0009.txt,column_generation,simple,0.21428571428571427,0.3,0.2620320855614973,12,30,49
instance_0009.txt,column_generation,simple_multi,0.32608695652173914,0.3333333333333333,0.40789473684210525,15,29,62
instance_0009.txt,diff,diff_multi,0.33962264150943394,0.3942307692307692,0.36416184971098264,18,41,63
instance_0009.txt,diff,greedy_set_cover,0.0,0.0,0.0,0,0,0
instance_0009.txt,diff,lagrangian_relaxation,0.0,0.0,0.0,0,0,0
instance_0009.txt,diff,lp_aisle_focus,0.3488372093023256,0.3448275862068966,0.36942675159235666,15,30,58
instance_0009.txt,diff,min_aisle_cover,0.21052631578947367,0.3176470588235294,0.38095238095238093,8,27,56
instance_0009.txt,diff,similar,0.29310344827586204,0.38181818181818183,0.31891891891891894,17,42,59
instance_0009.txt,diff,similar_multi,0.36363636363636365,0.3425925925925926,0.3442622950819672,20,37,63
instance_0009.txt,diff,simple,0.4074074074074074,0.4537037037037037,0.4970414201183432,22,49,84
instance_0009.txt,diff,simple_multi,0.3269230769230769,0.3619047619047619,0.3352601156069364,17,38,58
instance_0009.txt,diff_multi,greedy_set_cover,0.0,0.0,0.0,0,0,0
instance_0009.txt,diff_multi,lagrangian_relaxation,0.0,0.0,0.0,0,0,0
instance_0009.txt,diff_multi,lp_aisle_focus,0.3125,0.3258426966292135,0.4503311258278146,15,29,68
instance_0009.txt,diff_multi,min_aisle_cover,0.21428571428571427,0.313953488372093,0.33548387096774196,9,27,52
instance_0009.txt,diff_multi,similar,0.3114754098360656,0.4036697247706422,0.2916666666666667,19,44,56
instance_0009.txt,diff_multi,similar_multi,0.42857142857142855,0.5051546391752577,0.44508670520231214,24,49,77
instance_0009.txt,diff_multi,simple,0.39655172413793105,0.4107142857142857,0.3967391304347826,23,46,73
instance_0009.txt,diff_multi,simple_multi,0.39622641509433965,0.46938775510204084,0.4779874213836478,21,46,76
instance_0009.txt,greedy_set_cover,lagrangian_relaxation,1.0,1.0,1.0,0,0,0
instance_0009.txt,greedy_set_cover,lp_aisle_focus,0.0,0.0,0.0,0,0,0
instance_0009.txt,greedy_set_cover,min_aisle_cover,0.0,0.0,0.0,0,0,0
instance_0009.txt,greedy_set_cover,similar,0.0,0.0,0.0,0,0,0
instance_0009.txt,greedy_set_cover,similar_multi,0.0,0.0,0.0,0,0,0
instance_0009.txt,greedy_set_cover,simple,0.0,0.0,0.0,0,0,0
instance_0009.txt,greedy_set_cover,simple_multi,0.0,0.0,0.0,0,0,0
instance_0009.txt,lagrangian_relaxation,lp_aisle_focus,0.0,0.0,0.0,0,0,0
instance_0009.txt,lagrangian_relaxation,min_aisle_cover,0.0,0.0,0.0,0,0,0
instance_0009.txt,lagrangian_relaxation,similar,0.0,0.0,0.0,0,0,0
instance_0009.txt,lagrangian_relaxation,similar_multi,0.0,0.0,0.0,0,0,0
instance_0009.txt,lagrangian_relaxation,simple,0.0,0.0,0.0,0,0,0
instance_0009.txt,lagrangian_relaxation,simple_multi,0.0,0.0,0.0,0,0,0
instance_0009.txt,lp_aisle_focus,min_aisle_cover,0.4074074074074074,0.46551724137931033,0.5245901639344263,11,27,64
instance_0009.txt,lp_aisle_focus,similar,0.2641509433962264,0.3157894736842105,0.24043715846994534,14,30,44
instance_0009.txt,lp_aisle_focus,similar_multi,0.24074074074074073,0.3111111111111111,0.3795180722891566,13,28,63
instance_0009.txt,lp_aisle_focus,simple,0.21428571428571427,0.3,0.2620320855614973,12,30,49
instance_0009.txt,lp_aisle_focus,simple_multi,0.32608695652173914,0.3333333333333333,0.40789473684210525,15,29,62
instance_0009.txt,min_aisle_cover,similar,0.12244897959183673,0.30434782608695654,0.2647058823529412,6,28,45
instance_0009.txt,min_aisle_cover,similar_multi,0.12244897959183673,0.24175824175824176,0.2471264367816092,6,22,43
instance_0009.txt,min_aisle_cover,simple,0.07692307692307693,0.20192307692307693,0.23076923076923078,4,21,42
instance_0009.txt,min_aisle_cover,simple_multi,0.1951219512195122,0.26136363636363635,0.27044025157232704,8,23,43
instance_0009.txt,similar,similar_multi,0.47368421052631576,0.44339622641509435,0.3945945945945946,27,47,73
instance_0009.txt,similar,simple,0.46551724137931033,0.5420560747663551,0.4887640449438202,27,58,87
instance_0009.txt,similar,simple_multi,0.3,0.42452830188679247,0.2994652406417112,18,45,56
instance_0009.txt,similar_multi,simple,0.46551724137931033,0.39823008849557523,0.4052631578947368,27,45,77
instance_0009.txt,similar_multi,simple_multi,0.3448275862068966,0.4117647058823529,0.40804597701149425,20,42,71
instance_0009.txt,simple,simple_multi,0.43636363636363634,0.41818181818181815,0.44,24,46,77
instance_0010.txt,aisle_cluster_expansion,aisle_first_asc,1.0,1.0,1.0,0,0,0
instance_0010.txt,aisle_cluster_expansion,aisle_first_desc,1.0,1.0,1.0,0,0,0
instance_0010.txt,aisle_cluster_expansion,aisle_first_random,1.0,1.0,1.0,0,0,0
instance_0010.txt,aisle_cluster_expansion,column_generation,1.0,1.0,1.0,0,0,0
instance_0010.txt,aisle_cluster_expansion,diff,0.0,0.0,0.0,0,0,0
instance_0010.txt,aisle_cluster_expansion,diff_multi,0.0,0.0,0.0,0,0,0
instance_0010.txt,aisle_cluster_expansion,greedy_set_cover,1.0,1.0,1.0,0,0,0
instance_0010.txt,aisle_cluster_expansion,lagrangian_relaxation,0.0,0.0,0.0,0,0,0
instance_0010.txt,aisle_cluster_expansion,lp_aisle_focus,1.0,1.0,1.0,0,0,0
instance_0010.txt,aisle_cluster_expansion,min_aisle_cover,1.0,1.0,1.0,0,0,0
instance_0010.txt,aisle_cluster_expansion,similar,0.0,0.0,0.0,0,0,0
instance_0010.txt,aisle_cluster_expansion,similar_multi,0.0,0.0,0.0,0,0,0
instance_0010.txt,aisle_cluster_expansion,simple,0.0,0.0,0.0,0,0,0
instance_0010.txt,aisle_cluster_expansion,simple_multi,0.0,0.0,0.0,0,0,0
instance_0010.txt,aisle_first_asc,aisle_first_desc,1.0,1.0,1.0,0,0,0
instance_0010.txt,aisle_first_asc,aisle_first_random,1.0,1.0,1.0,0,0,0
instance_0010.txt,aisle_first_asc,column_generation,1.0,1.0,1.0,0,0,0
instance_0010.txt,aisle_first_asc,diff,0.0,0.0,0.0,0,0,0
instance_0010.txt,aisle_first_asc,diff_multi,0.0,0.0,0.0,0,0,0
instance_0010.txt,aisle_first_asc,greedy_set_cover,1.0,1.0,1.0,0,0,0
instance_0010.txt,aisle_first_asc,lagrangian_relaxation,0.0,0.0,0.0,0,0,0
instance_0010.txt,aisle_first_asc,lp_aisle_focus,1.0,1.0,1.0,0,0,0
instance_0010.txt,aisle_first_asc,min_aisle_cover,1.0,1.0,1.0,0,0,0
instance_0010.txt,aisle_first_asc,similar,0.0,0.0,0.0,0,0,0
instance_0010.txt,aisle_first_asc,similar_multi,0.0,0.0,0.0,0,0,0
instance_0010.txt,aisle_first_asc,simple,0.0,0.0,0.0,0,0,0
instance_0010.txt,aisle_first_asc,simple_multi,0.0,0.0,0.0,0,0,0
instance_0010.txt,aisle_first_desc,aisle_first_random,1.0,1.0,1.0,0,0,0
instance_0010.txt,aisle_first_desc,column_generation,1.0,1.0,1.0,0,0,0
instance_0010.txt,aisle_first_desc,diff,0.0,0.0,0.0,0,0,0
instance_0010.txt,aisle_first_desc,diff_multi,0.0,0.0,0.0,0,0,0
instance_0010.txt,aisle_first_desc,greedy_set_cover,1.0,1.0,1.0,0,0,0
instance_0010.txt,aisle_first_desc,lagrangian_relaxation,0.0,0.0,0.0,0,0,0
instance_0010.txt,aisle_first_desc,lp_aisle_focus,1.0,1.0,1.0,0,0,0
instance_0010.txt,aisle_first_desc,min_aisle_cover,1.0,1.0,1.0,0,0,0
instance_0010.txt,aisle_first_desc,similar,0.0,0.0,0.0,0,0,0
instance_0010.txt,aisle_first_desc,similar_multi,0.0,0.0,0.0,0,0,0
instance_0010.txt,aisle_first_desc,simple,0.0,0.0,0.0,0,0,0
instance_0010.txt,aisle_first_desc,simple_multi,0.0,0.0,0.0,0,0,0
instance_0010.txt,aisle_first_random,column_generation,1.0,1.0,1.0,0,0,0
instance_0010.txt,aisle_first_random,diff,0.0,0.0,0.0,0,0,0
instance_0010.txt,aisle_first_random,diff_multi,0.0,0.0,0.0,0,0,0
instance_0010.txt,aisle_first_random,greedy_set_cover,1.0,1.0,1.0,0,0,0
instance_0010.txt,aisle_first_random,lagrangian_relaxation,0.0,0.0,0.0,0,0,0
instance_0010.txt,aisle_first_random,lp_aisle_focus,1.0,1.0,1.0,0,0,0
instance_0010.txt,aisle_first_random,min_aisle_cover,1.0,1.0,1.0,0,0,0
instance_0010.txt,aisle_first_random,similar,0.0,0.0,0.0,0,0,0
instance_0010.txt,aisle_first_random,similar_multi,0.0,0.0,0.0,0,0,0
instance_0010.txt,aisle_first_random,simple,0.0,0.0,0.0,0,0,0
instance_0010.txt,aisle_first_random,simple_multi,0.0,0.0,0.0,0,0,0
instance_0010.txt,column_generation,diff,0.0,0.0,0.0,0,0,0
instance_0010.txt,column_generation,diff_multi,0.0,0.0,0.0,0,0,0
instance_0010.txt,column_generation,greedy_set_cover,1.0,1.0,1.0,0,0,0
instance_0010.txt,column_generation,lagrangian_relaxation,0.0,0.0,0.0,0,0,0
instance_0010.txt,column_generation,lp_aisle_focus,1.0,1.0,1.0,0,0,0
instance_0010.txt,column_generation,min_aisle_cover,1.0,1.0,1.0,0,0,0
instance_0010.txt,column_generation,similar,0.0,0.0,0.0,0,0,0
instance_0010.txt,column_generation,similar_multi,0.0,0.0,0.0,0,0,0
instance_0010.txt,column_generation,simple,0.0,0.0,0.0,0,0,0
instance_0010.txt,column_generation,simple_multi,0.0,0.0,0.0,0,0,0
instance_0010.txt,diff,diff_multi,0.2615859938208033,0.8018018018018018,0.27505422993492407,254,267,634
instance_0010.txt,diff,greedy_set_cover,0.0,0.0,0.0,0,0,0
instance_0010.txt,diff,lagrangian_relaxation,0.21729237770193402,0.3223684210526316,0.22161080540270134,191,98,443
instance_0010.txt,diff,lp_aisle_focus,0.0,0.0,0.0,0,0,0
instance_0010.txt,diff,min_aisle_cover,0.0,0.0,0.0,0,0,0
instance_0010.txt,diff,similar,0.240532241555783,0.8475609756097561,0.2640176600441501,235,278,598
instance_0010.txt,diff,similar_multi,0.24695121951219512,0.8090909090909091,0.27009507346586,243,267,625
instance_0010.txt,diff,simple,0.2448559670781893,0.8303030303030303,0.2569686411149826,238,274,590
instance_0010.txt,diff,simple_multi,0.23785425101214575,0.8048780487804879,0.25259515570934254,235,264,584
instance_0010.txt,diff_multi,greedy_set_cover,0.0,0.0,0.0,0,0,0
instance_0010.txt,diff_multi,lagrangian_relaxation,0.19623059866962306,0.2929936305732484,0.2014423076923077,177,92,419
instance_0010.txt,diff_multi,lp_aisle_focus,0.0,0.0,0.0,0,0,0
instance_0010.txt,diff_multi,min_aisle_cover,0.0,0.0,0.0,0,0,0
instance_0010.txt,diff_multi,similar,0.20295566502463055,0.8047337278106509,0.2253462022660512,206,272,537
instance_0010.txt,diff_multi,similar_multi,0.23476523476523475,0.8212121212121212,0.267879813796022,235,271,633
instance_0010.txt,diff_multi,simple,0.27244258872651356,0.8368580060422961,0.29305799648506153,261,277,667
instance_0010.txt,diff_multi,simple_multi,0.2406847935548842,0.7951807228915663,0.2646680942184154,239,264,618
instance_0010.txt,greedy_set_cover,lagrangian_relaxation,0.0,0.0,0.0,0,0,0
instance_0010.txt,greedy_set_cover,lp_aisle_focus,1.0,1.0,1.0,0,0,0
instance_0010.txt,greedy_set_cover,min_aisle_cover,1.0,1.0,1.0,0,0,0
instance_0010.txt,greedy_set_cover,similar,0.0,0.0,0.0,0,0,0
instance_0010.txt,greedy_set_cover,similar_multi,0.0,0.0,0.0,0,0,0
instance_0010.txt,greedy_set_cover,simple,0.0,0.0,0.0,0,0,0
instance_0010.txt,greedy_set_cover,simple_multi,0.0,0.0,0.0,0,0,0
instance_0010.txt,lagrangian_relaxation,lp_aisle_focus,0.0,0.0,0.0,0,0,0
instance_0010.txt,lagrangian_relaxation,min_aisle_cover,0.0,0.0,0.0,0,0,0
instance_0010.txt,lagrangian_relaxation,similar,0.20998864926220204,0.31210191082802546,0.22065491183879093,185,98,438
instance_0010.txt,lagrangian_relaxation,similar_multi,0.21188340807174888,0.3256578947368421,0.21961932650073207,189,99,450
instance_0010.txt,lagrangian_relaxation,simple,0.1941638608305275,0.3141025641025641,0.19667318982387474,173,98,402
instance_0010.txt,lagrangian_relaxation,simple_multi,0.19666666666666666,0.31353135313531355,0.19980459208597948,177,95,409
instance_0010.txt,lp_aisle_focus,min_aisle_cover,1.0,1.0,1.0,0,0,0
instance_0010.txt,lp_aisle_focus,similar,0.0,0.0,0.0,0,0,0
instance_0010.txt,lp_aisle_focus,similar_multi,0.0,0.0,0.0,0,0,0
instance_0010.txt,lp_aisle_focus,simple,0.0,0.0,0.0,0,0,0
instance_0010.txt,lp_aisle_focus,simple_multi,0.0,0.0,0.0,0,0,0
instance_0010.txt,min_aisle_cover,similar,0.0,0.0,0.0,0,0,0
instance_0010.txt,min_aisle_cover,similar_multi,0.0,0.0,0.0,0,0,0
instance_0010.txt,min_aisle_cover,simple,0.0,0.0,0.0,0,0,0
instance_0010.txt,min_aisle_cover,simple_multi,0.0,0.0,0.0,0,0,0
instance_0010.txt,similar,similar_multi,0.2416243654822335,0.8173652694610778,0.27233115468409586,238,273,625
instance_0010.txt,similar,simple,0.22810590631364563,0.8438438438438438,0.2432784041630529,224,281,561
instance_0010.txt,similar,simple_multi,0.2489754098360656,0.7970149253731343,0.26239578762615184,243,267,598
instance_0010.txt,similar_multi,simple,0.23959390862944163,0.811377245508982,0.2668962548428756,236,271,620
instance_0010.txt,similar_multi,simple_multi,0.24520686175580222,0.7915407854984894,0.25659574468085106,243,262,603
instance_0010.txt,simple,simple_multi,0.23553299492385787,0.7964071856287425,0.25324114088159033,232,266,586
instance_0011.txt,aisle_cluster_expansion,aisle_first_asc,1.0,1.0,1.0,0,0,0
instance_0011.txt,aisle_cluster_expansion,aisle_first_desc,1.0,1.0,1.0,0,0,0
instance_0011.txt,aisle_cluster_expansion,aisle_first_random,1.0,1.0,1.0,0,0,0
instance_0011.txt,aisle_cluster_expansion,column_generation,1.0,1.0,1.0,0,0,0
instance_0011.txt,aisle_cluster_expansion,diff,0.0,0.0,0.0,0,0,0
instance_0011.txt,aisle_cluster_expansion,diff_multi,0.0,0.0,0.0,0,0,0
instance_0011.txt,aisle_cluster_expansion,greedy_set_cover,1.0,1.0,1.0,0,0,0
instance_0011.txt,aisle_cluster_expansion,lagrangian_relaxation,0.0,0.0,0.0,0,0,0
instance_0011.txt,aisle_cluster_expansion,lp_aisle_focus,1.0,1.0,1.0,0,0,0
instance_0011.txt,aisle_cluster_expansion,min_aisle_cover,1.0,1.0,1.0,0,0,0
instance_0011.txt,aisle_cluster_expansion,similar,0.0,0.0,0.0,0,0,0
instance_0011.txt,aisle_cluster_expansion,similar_multi,0.0,0.0,0.0,0,0,0
instance_0011.txt,aisle_cluster_expansion,simple,0.0,0.0,0.0,0,0,0
instance_0011.txt,aisle_cluster_expansion,simple_multi,0.0,0.0,0.0,0,0,0
instance_0011.txt,aisle_first_asc,aisle_first_desc,1.0,1.0,1.0,0,0,0
instance_0011.txt,aisle_first_asc,aisle_first_random,1.0,1.0,1.0,0,0,0
instance_0011.txt,aisle_first_asc,column_generation,1.0,1.0,1.0,0,0,0
instance_0011.txt,aisle_first_asc,diff,0.0,0.0,0.0,0,0,0
instance_0011.txt,aisle_first_asc,diff_multi,0.0,0.0,0.0,0,0,0
instance_0011.txt,aisle_first_asc,greedy_set_cover,1.0,1.0,1.0,0,0,0
instance_0011.txt,aisle_first_asc,lagrangian_relaxation,0.0,0.0,0.0,0,0,0
instance_0011.txt,aisle_first_asc,lp_aisle_focus,1.0,1.0,1.0,0,0,0
instance_0011.txt,aisle_first_asc,min_aisle_cover,1.0,1.0,1.0,0,0,0
instance_0011.txt,aisle_first_asc,similar,0.0,0.0,0.0,0,0,0
instance_0011.txt,aisle_first_asc,similar_multi,0.0,0.0,0.0,0,0,0
instance_0011.txt,aisle_first_asc,simple,0.0,0.0,0.0,0,0,0
instance_0011.txt,aisle_first_asc,simple_multi,0.0,0.0,0.0,0,0,0
instance_0011.txt,aisle_first_desc,aisle_first_random,1.0,1.0,1.0,0,0,0
instance_0011.txt,aisle_first_desc,column_generation,1.0,1.0,1.0,0,0,0
instance_0011.txt,aisle_first_desc,diff,0.0,0.0,0.0,0,0,0
instance_0011.txt,aisle_first_desc,diff_multi,0.0,0.0,0.0,0,0,0
instance_0011.txt,aisle_first_desc,greedy_set_cover,1.0,1.0,1.0,0,0,0
instance_0011.txt,aisle_first_desc,lagrangian_relaxation,0.0,0.0,0.0,0,0,0
instance_0011.txt,aisle_first_desc,lp_aisle_focus,1.0,1.0,1.0,0,0,0
instance_0011.txt,aisle_first_desc,min_aisle_cover,1.0,1.0,1.0,0,0,0
instance_0011.txt,aisle_first_desc,similar,0.0,0.0,0.0,0,0,0
instance_0011.txt,aisle_first_desc,similar_multi,0.0,0.0,0.0,0,0,0
instance_0011.txt,aisle_first_desc,simple,0.0,0.0,0.0,0,0,0
instance_0011.txt,aisle_first_desc,simple_multi,0.0,0.0,0.0,0,0,0
instance_0011.txt,aisle_first_random,column_generation,1.0,1.0,1.0,0,0,0
instance_0011.txt,aisle_first_random,diff,0.0,0.0,0.0,0,0,0
instance_0011.txt,aisle_first_random,diff_multi,0.0,0.0,0.0,0,0,0
instance_0011.txt,aisle_first_random,greedy_set_cover,1.0,1.0,1.0,0,0,0
instance_0011.txt,aisle_first_random,lagrangian_relaxation,0.0,0.0,0.0,0,0,0
instance_0011.txt,aisle_first_random,lp_aisle_focus,1.0,1.0,1.0,0,0,0
instance_0011.txt,aisle_first_random,min_aisle_cover,1.0,1.0,1.0,0,0,0
instance_0011.txt,aisle_first_random,similar,0.0,0.0,0.0,0,0,0
instance_0011.txt,aisle_first_random,similar_multi,0.0,0.0,0.0,0,0,0
instance_0011.txt,aisle_first_random,simple,0.0,0.0,0.0,0,0,0
instance_0011.txt,aisle_first_random,simple_multi,0.0,0.0,0.0,0,0,0
instance_0011.txt,column_generation,diff,0.0,0.0,0.0,0,0,0
instance_0011.txt,column_generation,diff_multi,0.0,0.0,0.0,0,0,0
instance_0011.txt,column_generation,greedy_set_cover,1.0,1.0,1.0,0,0,0
instance_0011.txt,column_generation,lagrangian_relaxation,0.0,0.0,0.0,0,0,0
instance_0011.txt,column_generation,lp_aisle_focus,1.0,1.0,1.0,0,0,0
instance_0011.txt,column_generation,min_aisle_cover,1.0,1.0,1.0,0,0,0
instance_0011.txt,column_generation,similar,0.0,0.0,0.0,0,0,0
instance_0011.txt,column_generation,similar_multi,0.0,0.0,0.0,0,0,0
instance_0011.txt,column_generation,simple,0.0,0.0,0.0,0,0,0
instance_0011.txt,column_generation,simple_multi,0.0,0.0,0.0,0,0,0
instance_0011.txt,diff,diff_multi,0.4026128266033254,0.8312883435582822,0.4244288224956063,339,271,966
instance_0011.txt,diff,greedy_set_cover,0.0,0.0,0.0,0,0,0
instance_0011.txt,diff,lagrangian_relaxation,0.2828146143437077,0.3311897106109325,0.2595226003047232,209,103,511
instance_0011.txt,diff,lp_aisle_focus,0.0,0.0,0.0,0,0,0
instance_0011.txt,diff,min_aisle_cover,0.0,0.0,0.0,0,0,0
instance_0011.txt,diff,similar,0.41408114558472553,0.8622754491017964,0.43051890941073,347,288,979
instance_0011.txt,diff,similar_multi,0.39693757361601884,0.8083832335329342,0.41112559756627554,337,270,946
instance_0011.txt,diff,simple,0.3911525029103609,0.8408408408408409,0.41745894554883317,336,280,966
instance_0011.txt,diff,simple_multi,0.4149821640903686,0.8328267477203647,0.4180939833113746,349,274,952
instance_0011.txt,diff_multi,greedy_set_cover,0.0,0.0,0.0,0,0,0
instance_0011.txt,diff_multi,lagrangian_relaxation,0.27479892761394104,0.34797297297297297,0.2546201232032854,205,103,496
instance_0011.txt,diff_multi,lp_aisle_focus,0.0,0.0,0.0,0,0,0
instance_0011.txt,diff_multi,min_aisle_cover,0.0,0.0,0.0,0,0,0
instance_0011.txt,diff_multi,similar,0.4092526690391459,0.8338368580060423,0.42597517730496454,345,276,961
instance_0011.txt,diff_multi,similar_multi,0.3988235294117647,0.8463949843260188,0.40956979806848115,339,270,933
instance_0011.txt,diff_multi,simple,0.4381752701080432,0.823170731707317,0.4392191659272405,365,270,990
instance_0011.txt,diff_multi,simple_multi,0.4085005903187721,0.8204334365325078,0.41596452328159644,346,265,938
instance_0011.txt,greedy_set_cover,lagrangian_relaxation,0.0,0.0,0.0,0,0,0
instance_0011.txt,greedy_set_cover,lp_aisle_focus,1.0,1.0,1.0,0,0,0
instance_0011.txt,greedy_set_cover,min_aisle_cover,1.0,1.0,1.0,0,0,0
instance_0011.txt,greedy_set_cover,similar,0.0,0.0,0.0,0,0,0
instance_0011.txt,greedy_set_cover,similar_multi,0.0,0.0,0.0,0,0,0
instance_0011.txt,greedy_set_cover,simple,0.0,0.0,0.0,0,0,0
instance_0011.txt,greedy_set_cover,simple_multi,0.0,0.0,0.0,0,0,0
instance_0011.txt,lagrangian_relaxation,lp_aisle_focus,0.0,0.0,0.0,0,0,0
instance_0011.txt,lagrangian_relaxation,min_aisle_cover,0.0,0.0,0.0,0,0,0
instance_0011.txt,lagrangian_relaxation,similar,0.297554347826087,0.3333333333333333,0.2674238513164688,219,106,518
instance_0011.txt,lagrangian_relaxation,similar_multi,0.28667563930013457,0.35785953177257523,0.27286902286902287,213,107,525
instance_0011.txt,lagrangian_relaxation,simple,0.28324468085106386,0.3387096774193548,0.25353535353535356,213,105,502
instance_0011.txt,lagrangian_relaxation,simple_multi,0.285140562248996,0.34551495016611294,0.2563307493540052,213,104,496
instance_0011.txt,lp_aisle_focus,min_aisle_cover,1.0,1.0,1.0,0,0,0
instance_0011.txt,lp_aisle_focus,similar,0.0,0.0,0.0,0,0,0
instance_0011.txt,lp_aisle_focus,similar_multi,0.0,0.0,0.0,0,0,0
instance_0011.txt,lp_aisle_focus,simple,0.0,0.0,0.0,0,0,0
instance_0011.txt,lp_aisle_focus,simple_multi,0.0,0.0,0.0,0,0,0
instance_0011.txt,min_aisle_cover,similar,0.0,0.0,0.0,0,0,0
instance_0011.txt,min_aisle_cover,similar_multi,0.0,0.0,0.0,0,0,0
instance_0011.txt,min_aisle_cover,simple,0.0,0.0,0.0,0,0,0
instance_0011.txt,min_aisle_cover,simple_multi,0.0,0.0,0.0,0,0,0
instance_0011.txt,similar,similar_multi,0.41854934601664684,0.8383233532934131,0.41688654353562005,352,280,948
instance_0011.txt,similar,simple,0.41578327444051827,0.8541666666666666,0.4313984168865435,353,287,981
instance_0011.txt,similar,simple_multi,0.42840095465393796,0.8408408408408409,0.42844404814979936,359,280,961
instance_0011.txt,similar_multi,simple,0.4203069657615112,0.8333333333333334,0.4268774703557312,356,275,972
instance_0011.txt,similar_multi,simple_multi,0.39789964994165694,0.8307692307692308,0.3958969882147534,341,270,907
instance_0011.txt,simple,simple_multi,0.4233490566037736,0.8470948012232415,0.4353620613060862,359,277,980
instance_0012.txt,aisle_cluster_expansion,aisle_first_asc,0.0,0.0,0.0,0,0,0
instance_0012.txt,aisle_cluster_expansion,aisle_first_desc,0.0,0.0,0.0,0,0,0
instance_0012.txt,aisle_cluster_expansion,aisle_first_random,0.0,0.0,0.0,0,0,0
instance_0012.txt,aisle_cluster_expansion,column_generation,0.4444444444444444,0.3333333333333333,0.4117647058823529,4,2,7
instance_0012.txt,aisle_cluster_expansion,diff,0.05555555555555555,0.04878048780487805,0.046511627906976744,3,4,6
instance_0012.txt,aisle_cluster_expansion,diff_multi,0.021739130434782608,0.029411764705882353,0.023622047244094488,1,2,3
instance_0012.txt,aisle_cluster_expansion,greedy_set_cover,0.0,0.0,0.0,0,0,0
instance_0012.txt,aisle_cluster_expansion,lagrangian_relaxation,1.0,1.0,1.0,5,4,10
instance_0012.txt,aisle_cluster_expansion,lp_aisle_focus,0.0,0.0,0.0,0,0,0
instance_0012.txt,aisle_cluster_expansion,min_aisle_cover,0.1,0.0,0.06666666666666667,1,0,1
instance_0012.txt,aisle_cluster_expansion,similar,0.06976744186046512,0.027777777777777776,0.047619047619047616,3,2,5
instance_0012.txt,aisle_cluster_expansion,similar_multi,0.018867924528301886,0.013888888888888888,0.024793388429752067,1,1,3
instance_0012.txt,aisle_cluster_expansion,simple,0.038461538461538464,0.04938271604938271,0.07142857142857142,2,4,9
instance_0012.txt,aisle_cluster_expansion,simple_multi,0.08333333333333333,0.05263157894736842,0.05982905982905983,4,4,7
instance_0012.txt,aisle_first_asc,aisle_first_desc,1.0,1.0,1.0,0,0,0
instance_0012.txt,aisle_first_asc,aisle_first_random,1.0,1.0,1.0,0,0,0
instance_0012.txt,aisle_first_asc,column_generation,0.0,0.0,0.0,0,0,0
instance_0012.txt,aisle_first_asc,diff,0.0,0.0,0.0,0,0,0
instance_0012.txt,aisle_first_asc,diff_multi,0.0,0.0,0.0,0,0,0
instance_0012.txt,aisle_first_asc,greedy_set_cover,1.0,1.0,1.0,0,0,0
instance_0012.txt,aisle_first_asc,lagrangian_relaxation,0.0,0.0,0.0,0,0,0
instance_0012.txt,aisle_first_asc,lp_aisle_focus,1.0,1.0,1.0,0,0,0
instance_0012.txt,aisle_first_asc,min_aisle_cover,0.0,0.0,0.0,0,0,0
instance_0012.txt,aisle_first_asc,similar,0.0,0.0,0.0,0,0,0
instance_0012.txt,aisle_first_asc,similar_multi,0.0,0.0,0.0,0,0,0
instance_0012.txt,aisle_first_asc,simple,0.0,0.0,0.0,0,0,0
instance_0012.txt,aisle_first_asc,simple_multi,0.0,0.0,0.0,0,0,0
instance_0012.txt,aisle_first_desc,aisle_first_random,1.0,1.0,1.0,0,0,0
instance_0012.txt,aisle_first_desc,column_generation,0.0,0.0,0.0,0,0,0
instance_0012.txt,aisle_first_desc,diff,0.0,0.0,0.0,0,0,0
instance_0012.txt,aisle_first_desc,diff_multi,0.0,0.0,0.0,0,0,0
instance_0012.txt,aisle_first_desc,greedy_set_cover,1.0,1.0,1.0,0,0,0
instance_0012.txt,aisle_first_desc,lagrangian_relaxation,0.0,0.0,0.0,0,0,0
instance_0012.txt,aisle_first_desc,lp_aisle_focus,1.0,1.0,1.0,0,0,0
instance_0012.txt,aisle_first_desc,min_aisle_cover,0.0,0.0,0.0,0,0,0
instance_0012.txt,aisle_first_desc,similar,0.0,0.0,0.0,0,0,0
instance_0012.txt,aisle_first_desc,similar_multi,0.0,0.0,0.0,0,0,0
instance_0012.txt,aisle_first_desc,simple,0.0,0.0,0.0,0,0,0
instance_0012.txt,aisle_first_desc,simple_multi,0.0,0.0,0.0,0,0,0
instance_0012.txt,aisle_first_random,column_generation,0.0,0.0,0.0,0,0,0
instance_0012.txt,aisle_first_random,diff,0.0,0.0,0.0,0,0,0
instance_0012.txt,aisle_first_random,diff_multi,0.0,0.0,0.0,0,0,0
instance_0012.txt,aisle_first_random,greedy_set_cover,1.0,1.0,1.0,0,0,0
instance_0012.txt,aisle_first_random,lagrangian_relaxation,0.0,0.0,0.0,0,0,0
instance_0012.txt,aisle_first_random,lp_aisle_focus,1.0,1.0,1.0,0,0,0
instance_0012.txt,aisle_first_random,min_aisle_cover,0.0,0.0,0.0,0,0,0
instance_0012.txt,aisle_first_random,similar,0.0,0.0,0.0,0,0,0
instance_0012.txt,aisle_first_random,similar_multi,0.0,0.0,0.0,0,0,0
instance_0012.txt,aisle_first_random,simple,0.0,0.0,0.0,0,0,0
instance_0012.txt,aisle_first_random,simple_multi,0.0,0.0,0.0,0,0,0
instance_0012.txt,column_generation,diff,0.07142857142857142,0.04878048780487805,0.06923076923076923,4,4,9
instance_0012.txt,column_generation,diff_multi,0.041666666666666664,0.029411764705882353,0.03076923076923077,2,2,4
instance_0012.txt,column_generation,greedy_set_cover,0.0,0.0,0.0,0,0,0
instance_0012.txt,column_generation,lagrangian_relaxation,0.4444444444444444,0.3333333333333333,0.4117647058823529,4,2,7
instance_0012.txt,column_generation,lp_aisle_focus,0.0,0.0,0.0,0,0,0
instance_0012.txt,column_generation,min_aisle_cover,0.07692307692307693,0.0,0.05263157894736842,1,0,1
instance_0012.txt,column_generation,similar,0.08888888888888889,0.05714285714285714,0.08571428571428572,4,4,9
instance_0012.txt,column_generation,similar_multi,0.07547169811320754,0.028169014084507043,0.06666666666666667,4,2,8
instance_0012.txt,column_generation,simple,0.03636363636363636,0.04938271604938271,0.061068702290076333,2,4,8
instance_0012.txt,column_generation,simple_multi,0.1,0.05263157894736842,0.07563025210084033,5,4,9
instance_0012.txt,diff,diff_multi,0.11904761904761904,0.2032520325203252,0.09375,10,25,21
instance_0012.txt,diff,greedy_set_cover,0.0,0.0,0.0,0,0,0
instance_0012.txt,diff,lagrangian_relaxation,0.05555555555555555,0.04878048780487805,0.046511627906976744,3,4,6
instance_0012.txt,diff,lp_aisle_focus,0.0,0.0,0.0,0,0,0
instance_0012.txt,diff,min_aisle_cover,0.05454545454545454,0.07142857142857142,0.0234375,3,6,3
instance_0012.txt,diff,similar,0.19230769230769232,0.23577235772357724,0.21621621621621623,15,29,40
instance_0012.txt,diff,similar_multi,0.2948717948717949,0.3853211009174312,0.2712765957446808,23,42,51
instance_0012.txt,diff,simple,0.2948717948717949,0.35833333333333334,0.26262626262626265,23,43,52
instance_0012.txt,diff,simple_multi,0.2375,0.3504273504273504,0.23195876288659795,19,41,45
instance_0012.txt,diff_multi,greedy_set_cover,0.0,0.0,0.0,0,0,0
instance_0012.txt,diff_multi,lagrangian_relaxation,0.021739130434782608,0.029411764705882353,0.023622047244094488,1,2,3
instance_0012.txt,diff_multi,lp_aisle_focus,0.0,0.0,0.0,0,0,0
instance_0012.txt,diff_multi,min_aisle_cover,0.043478260869565216,0.0136986301369863,0.016129032258064516,2,1,2
instance_0012.txt,diff_multi,similar,0.10666666666666667,0.23636363636363636,0.1,8,26,20
instance_0012.txt,diff_multi,similar_multi,0.2465753424657534,0.27358490566037735,0.24468085106382978,18,29,46
instance_0012.txt,diff_multi,simple,0.21333333333333335,0.2457627118644068,0.23737373737373738,16,29,47
instance_0012.txt,diff_multi,simple_multi,0.12658227848101267,0.24561403508771928,0.10900473933649289,10,28,23
instance_0012.txt,greedy_set_cover,lagrangian_relaxation,0.0,0.0,0.0,0,0,0
instance_0012.txt,greedy_set_cover,lp_aisle_focus,1.0,1.0,1.0,0,0,0
instance_0012.txt,greedy_set_cover,min_aisle_cover,0.0,0.0,0.0,0,0,0
instance_0012.txt,greedy_set_cover,similar,0.0,0.0,0.0,0,0,0
instance_0012.txt,greedy_set_cover,similar_multi,0.0,0.0,0.0,0,0,0
instance_0012.txt,greedy_set_cover,simple,0.0,0.0,0.0,0,0,0
instance_0012.txt,greedy_set_cover,simple_multi,0.0,0.0,0.0,0,0,0
instance_0012.txt,lagrangian_relaxation,lp_aisle_focus,0.0,0.0,0.0,0,0,0
instance_0012.txt,lagrangian_relaxation,min_aisle_cover,0.1,0.0,0.06666666666666667,1,0,1
instance_0012.txt,lagrangian_relaxation,similar,0.06976744186046512,0.027777777777777776,0.047619047619047616,3,2,5
instance_0012.txt,lagrangian_relaxation,similar_multi,0.018867924528301886,0.013888888888888888,0.024793388429752067,1,1,3
instance_0012.txt,lagrangian_relaxation,simple,0.038461538461538464,0.04938271604938271,0.07142857142857142,2,4,9
instance_0012.txt,lagrangian_relaxation,simple_multi,0.08333333333333333,0.05263157894736842,0.05982905982905983,4,4,7
instance_0012.txt,lp_aisle_focus,min_aisle_cover,0.0,0.0,0.0,0,0,0
instance_0012.txt,lp_aisle_focus,similar,0.0,0.0,0.0,0,0,0
instance_0012.txt,lp_aisle_focus,similar_multi,0.0,0.0,0.0,0,0,0
instance_0012.txt,lp_aisle_focus,simple,0.0,0.0,0.0,0,0,0
instance_0012.txt,lp_aisle_focus,simple_multi,0.0,0.0,0.0,0,0,0
instance_0012.txt,min_aisle_cover,similar,0.021739130434782608,0.05405405405405406,0.009523809523809525,1,4,1
instance_0012.txt,min_aisle_cover,similar_multi,0.0784313725490196,0.08450704225352113,0.034482758620689655,4,6,4
instance_0012.txt,min_aisle_cover,simple,0.03773584905660377,0.047058823529411764,0.0234375,2,4,3
instance_0012.txt,min_aisle_cover,simple_multi,0.06,0.037037037037037035,0.02564102564102564,3,3,3
instance_0012.txt,similar,similar_multi,0.16883116883116883,0.25225225225225223,0.2159090909090909,13,28,38
instance_0012.txt,similar,simple,0.16883116883116883,0.24793388429752067,0.16580310880829016,13,30,32
instance_0012.txt,similar,simple_multi,0.23943661971830985,0.2920353982300885,0.2159090909090909,17,33,38
instance_0012.txt,similar_multi,simple,0.30666666666666664,0.3157894736842105,0.29891304347826086,23,36,55
instance_0012.txt,similar_multi,simple_multi,0.21518987341772153,0.2608695652173913,0.20634920634920634,17,30,39
instance_0012.txt,simple,simple_multi,0.23076923076923078,0.3652173913043478,0.2712765957446808,18,42,51
instance_0013.txt,aisle_cluster_expansion,aisle_first_asc,1.0,1.0,1.0,0,0,0
instance_0013.txt,aisle_cluster_expansion,aisle_first_desc,1.0,1.0,1.0,0,0,0
instance_0013.txt,aisle_cluster_expansion,aisle_first_random,1.0,1.0,1.0,0,0,0
instance_0013.txt,aisle_cluster_expansion,column_generation,1.0,1.0,1.0,0,0,0
instance_0013.txt,aisle_cluster_expansion,diff,0.0,0.0,0.0,0,0,0
instance_0013.txt,aisle_cluster_expansion,diff_multi,0.0,0.0,0.0,0,0,0
instance_0013.txt,aisle_cluster_expansion,greedy_set_cover,1.0,1.0,1.0,0,0,0
instance_0013.txt,aisle_cluster_expansion,lagrangian_relaxation,1.0,1.0,1.0,0,0,0
instance_0013.txt,aisle_cluster_expansion,lp_aisle_focus,1.0,1.0,1.0,0,0,0
instance_0013.txt,aisle_cluster_expansion,min_aisle_cover,1.0,1.0,1.0,0,0,0
instance_0013.txt,aisle_cluster_expansion,similar,0.0,0.0,0.0,0,0,0
instance_0013.txt,aisle_cluster_expansion,similar_multi,0.0,0.0,0.0,0,0,0
instance_0013.txt,aisle_cluster_expansion,simple,0.0,0.0,0.0,0,0,0
instance_0013.txt,aisle_cluster_expansion,simple_multi,0.0,0.0,0.0,0,0,0
instance_0013.txt,aisle_first_asc,aisle_first_desc,1.0,1.0,1.0,0,0,0
instance_0013.txt,aisle_first_asc,aisle_first_random,1.0,1.0,1.0,0,0,0
instance_0013.txt,aisle_first_asc,column_generation,1.0,1.0,1.0,0,0,0
instance_0013.txt,aisle_first_asc,diff,0.0,0.0,0.0,0,0,0
instance_0013.txt,aisle_first_asc,diff_multi,0.0,0.0,0.0,0,0,0
instance_0013.txt,aisle_first_asc,greedy_set_cover,1.0,1.0,1.0,0,0,0
instance_0013.txt,aisle_first_asc,lagrangian_relaxation,1.0,1.0,1.0,0,0,0
instance_0013.txt,aisle_first_asc,lp_aisle_focus,1.0,1.0,1.0,0,0,0
instance_0013.txt,aisle_first_asc,min_aisle_cover,1.0,1.0,1.0,0,0,0
instance_0013.txt,aisle_first_asc,similar,0.0,0.0,0.0,0,0,0
instance_0013.txt,aisle_first_asc,similar_multi,0.0,0.0,0.0,0,0,0
instance_0013.txt,aisle_first_asc,simple,0.0,0.0,0.0,0,0,0
instance_0013.txt,aisle_first_asc,simple_multi,0.0,0.0,0.0,0,0,0
instance_0013.txt,aisle_first_desc,aisle_first_random,1.0,1.0,1.0,0,0,0
instance_0013.txt,aisle_first_desc,column_generation,1.0,1.0,1.0,0,0,0
instance_0013.txt,aisle_first_desc,diff,0.0,0.0,0.0,0,0,0
instance_0013.txt,aisle_first_desc,diff_multi,0.0,0.0,0.0,0,0,0
instance_0013.txt,aisle_first_desc,greedy_set_cover,1.0,1.0,1.0,0,0,0
instance_0013.txt,aisle_first_desc,lagrangian_relaxation,1.0,1.0,1.0,0,0,0
instance_0013.txt,aisle_first_desc,lp_aisle_focus,1.0,1.0,1.0,0,0,0
instance_0013.txt,aisle_first_desc,min_aisle_cover,1.0,1.0,1.0,0,0,0
instance_0013.txt,aisle_first_desc,similar,0.0,0.0,0.0,0,0,0
instance_0013.txt,aisle_first_desc,similar_multi,0.0,0.0,0.0,0,0,0
instance_0013.txt,aisle_first_desc,simple,0.0,0.0,0.0,0,0,0
instance_0013.txt,aisle_first_desc,simple_multi,0.0,0.0,0.0,0,0,0
instance_0013.txt,aisle_first_random,column_generation,1.0,1.0,1.0,0,0,0
instance_0013.txt,aisle_first_random,diff,0.0,0.0,0.0,0,0,0
instance_0013.txt,aisle_first_random,diff_multi,0.0,0.0,0.0,0,0,0
instance_0013.txt,aisle_first_random,greedy_set_cover,1.0,1.0,1.0,0,0,0
instance_0013.txt,aisle_first_random,lagrangian_relaxation,1.0,1.0,1.0,0,0,0
instance_0013.txt,aisle_first_random,lp_aisle_focus,1.0,1.0,1.0,0,0,0
instance_0013.txt,aisle_first_random,min_aisle_cover,1.0,1.0,1.0,0,0,0
instance_0013.txt,aisle_first_random,similar,0.0,0.0,0.0,0,0,0
instance_0013.txt,aisle_first_random,similar_multi,0.0,0.0,0.0,0,0,0
instance_0013.txt,aisle_first_random,simple,0.0,0.0,0.0,0,0,0
instance_0013.txt,aisle_first_random,simple_multi,0.0,0.0,0.0,0,0,0
instance_0013.txt,column_generation,diff,0.0,0.0,0.0,0,0,0
instance_0013.txt,column_generation,diff_multi,0.0,0.0,0.0,0,0,0
instance_0013.txt,column_generation,greedy_set_cover,1.0,1.0,1.0,0,0,0
instance_0013.txt,column_generation,lagrangian_relaxation,1.0,1.0,1.0,0,0,0
instance_0013.txt,column_generation,lp_aisle_focus,1.0,1.0,1.0,0,0,0
instance_0013.txt,column_generation,min_aisle_cover,1.0,1.0,1.0,0,0,0
instance_0013.txt,column_generation,similar,0.0,0.0,0.0,0,0,0
instance_0013.txt,column_generation,similar_multi,0.0,0.0,0.0,0,0,0
instance_0013.txt,column_generation,simple,0.0,0.0,0.0,0,0,0
instance_0013.txt,column_generation,simple_multi,0.0,0.0,0.0,0,0,0
instance_0013.txt,diff,diff_multi,0.3073097961213327,0.9230769230769231,0.33550606554408835,1854,348,1853
instance_0013.txt,diff,greedy_set_cover,0.0,0.0,0.0,0,0,0
instance_0013.txt,diff,lagrangian_relaxation,0.0,0.0,0.0,0,0,0
instance_0013.txt,diff,lp_aisle_focus,0.0,0.0,0.0,0,0,0
instance_0013.txt,diff,min_aisle_cover,0.0,0.0,0.0,0,0,0
instance_0013.txt,diff,similar,0.3213213213213213,0.9496021220159151,0.3494897959183674,1926,358,1918
instance_0013.txt,diff,similar_multi,0.304059652029826,0.9363395225464191,0.3309222423146474,1835,353,1830
instance_0013.txt,diff,simple,0.31403714237911995,0.9521276595744681,0.3408924652523775,1877,358,1864
instance_0013.txt,diff,simple_multi,0.300761841669427,0.936,0.329889432662679,1816,351,1820
instance_0013.txt,diff_multi,greedy_set_cover,0.0,0.0,0.0,0,0,0
instance_0013.txt,diff_multi,lagrangian_relaxation,0.0,0.0,0.0,0,0,0
instance_0013.txt,diff_multi,lp_aisle_focus,0.0,0.0,0.0,0,0,0
instance_0013.txt,diff_multi,min_aisle_cover,0.0,0.0,0.0,0,0,0
instance_0013.txt,diff_multi,similar,0.30854587611791984,0.9259259259259259,0.3365783306291689,1863,350,1867
instance_0013.txt,diff_multi,similar_multi,0.30871811968661445,0.928,0.3386627906976744,1852,348,1864
instance_0013.txt,diff_multi,simple,0.31173614599028965,0.9232804232804233,0.3401497169983568,1862,349,1863
instance_0013.txt,diff_multi,simple_multi,0.30735858501585184,0.9432432432432433,0.33886255924170616,1842,349,1859
instance_0013.txt,greedy_set_cover,lagrangian_relaxation,1.0,1.0,1.0,0,0,0
instance_0013.txt,greedy_set_cover,lp_aisle_focus,1.0,1.0,1.0,0,0,0
instance_0013.txt,greedy_set_cover,min_aisle_cover,1.0,1.0,1.0,0,0,0
instance_0013.txt,greedy_set_cover,similar,0.0,0.0,0.0,0,0,0
instance_0013.txt,greedy_set_cover,similar_multi,0.0,0.0,0.0,0,0,0
instance_0013.txt,greedy_set_cover,simple,0.0,0.0,0.0,0,0,0
instance_0013.txt,greedy_set_cover,simple_multi,0.0,0.0,0.0,0,0,0
instance_0013.txt,lagrangian_relaxation,lp_aisle_focus,1.0,1.0,1.0,0,0,0
instance_0013.txt,lagrangian_relaxation,min_aisle_cover,1.0,1.0,1.0,0,0,0
instance_0013.txt,lagrangian_relaxation,similar,0.0,0.0,0.0,0,0,0
instance_0013.txt,lagrangian_relaxation,similar_multi,0.0,0.0,0.0,0,0,0
instance_0013.txt,lagrangian_relaxation,simple,0.0,0.0,0.0,0,0,0
instance_0013.txt,lagrangian_relaxation,simple_multi,0.0,0.0,0.0,0,0,0
instance_0013.txt,lp_aisle_focus,min_aisle_cover,1.0,1.0,1.0,0,0,0
instance_0013.txt,lp_aisle_focus,similar,0.0,0.0,0.0,0,0,0
instance_0013.txt,lp_aisle_focus,similar_multi,0.0,0.0,0.0,0,0,0
instance_0013.txt,lp_aisle_focus,simple,0.0,0.0,0.0,0,0,0
instance_0013.txt,lp_aisle_focus,simple_multi,0.0,0.0,0.0,0,0,0
instance_0013.txt,min_aisle_cover,similar,0.0,0.0,0.0,0,0,0
instance_0013.txt,min_aisle_cover,similar_multi,0.0,0.0,0.0,0,0,0
instance_0013.txt,min_aisle_cover,simple,0.0,0.0,0.0,0,0,0
instance_0013.txt,min_aisle_cover,simple_multi,0.0,0.0,0.0,0,0,0
instance_0013.txt,similar,similar_multi,0.3118136439267887,0.9598930481283422,0.3397319811662441,1874,359,1876
instance_0013.txt,similar,simple,0.31002331002331,0.9497354497354498,0.33441969943871086,1862,359,1847
instance_0013.txt,similar,simple_multi,0.3159391202542231,0.9388297872340425,0.3438411078717201,1889,353,1887
instance_0013.txt,similar_multi,simple,0.3148335015136226,0.9313984168865436,0.3411463101995971,1872,353,1863
instance_0013.txt,similar_multi,simple_multi,0.29673245977774093,0.946236559139785,0.32435851102276836,1789,352,1795
instance_0013.txt,simple,simple_multi,0.302939211756847,0.9413333333333334,0.3286624203821656,1814,353,1806
instance_0014.txt,aisle_cluster_expansion,aisle_first_asc,1.0,1.0,1.0,0,0,0
instance_0014.txt,aisle_cluster_expansion,aisle_first_desc,1.0,1.0,1.0,0,0,0
instance_0014.txt,aisle_cluster_expansion,aisle_first_random,1.0,1.0,1.0,0,0,0
instance_0014.txt,aisle_cluster_expansion,column_generation,1.0,1.0,1.0,0,0,0
instance_0014.txt,aisle_cluster_expansion,diff,0.0,0.0,0.0,0,0,0
instance_0014.txt,aisle_cluster_expansion,diff_multi,0.0,0.0,0.0,0,0,0
instance_0014.txt,aisle_cluster_expansion,greedy_set_cover,1.0,1.0,1.0,0,0,0
instance_0014.txt,aisle_cluster_expansion,lagrangian_relaxation,1.0,1.0,1.0,0,0,0
instance_0014.txt,aisle_cluster_expansion,lp_aisle_focus,1.0,1.0,1.0,0,0,0
instance_0014.txt,aisle_cluster_expansion,min_aisle_cover,1.0,1.0,1.0,0,0,0
instance_0014.txt,aisle_cluster_expansion,similar,0.0,0.0,0.0,0,0,0
instance_0014.txt,aisle_cluster_expansion,similar_multi,0.0,0.0,0.0,0,0,0
instance_0014.txt,aisle_cluster_expansion,simple,0.0,0.0,0.0,0,0,0
instance_0014.txt,aisle_cluster_expansion,simple_multi,0.0,0.0,0.0,0,0,0
instance_0014.txt,aisle_first_asc,aisle_first_desc,1.0,1.0,1.0,0,0,0
instance_0014.txt,aisle_first_asc,aisle_first_random,1.0,1.0,1.0,0,0,0
instance_0014.txt,aisle_first_asc,column_generation,1.0,1.0,1.0,0,0,0
instance_0014.txt,aisle_first_asc,diff,0.0,0.0,0.0,0,0,0
instance_0014.txt,aisle_first_asc,diff_multi,0.0,0.0,0.0,0,0,0
instance_0014.txt,aisle_first_asc,greedy_set_cover,1.0,1.0,1.0,0,0,0
instance_0014.txt,aisle_first_asc,lagrangian_relaxation,1.0,1.0,1.0,0,0,0
instance_0014.txt,aisle_first_asc,lp_aisle_focus,1.0,1.0,1.0,0,0,0
instance_0014.txt,aisle_first_asc,min_aisle_cover,1.0,1.0,1.0,0,0,0
instance_0014.txt,aisle_first_asc,similar,0.0,0.0,0.0,0,0,0
instance_0014.txt,aisle_first_asc,similar_multi,0.0,0.0,0.0,0,0,0
instance_0014.txt,aisle_first_asc,simple,0.0,0.0,0.0,0,0,0
instance_0014.txt,aisle_first_asc,simple_multi,0.0,0.0,0.0,0,0,0
instance_0014.txt,aisle_first_desc,aisle_first_random,1.0,1.0,1.0,0,0,0
instance_0014.txt,aisle_first_desc,column_generation,1.0,1.0,1.0,0,0,0
instance_0014.txt,aisle_first_desc,diff,0.0,0.0,0.0,0,0,0
instance_0014.txt,aisle_first_desc,diff_multi,0.0,0.0,0.0,0,0,0
instance_0014.txt,aisle_first_desc,greedy_set_cover,1.0,1.0,1.0,0,0,0
instance_0014.txt,aisle_first_desc,lagrangian_relaxation,1.0,1.0,1.0,0,0,0
instance_0014.txt,aisle_first_desc,lp_aisle_focus,1.0,1.0,1.0,0,0,0
instance_0014.txt,aisle_first_desc,min_aisle_cover,1.0,1.0,1.0,0,0,0
instance_0014.txt,aisle_first_desc,similar,0.0,0.0,0.0,0,0,0
instance_0014.txt,aisle_first_desc,similar_multi,0.0,0.0,0.0,0,0,0
instance_0014.txt,aisle_first_desc,simple,0.0,0.0,0.0,0,0,0
instance_0014.txt,aisle_first_desc,simple_multi,0.0,0.0,0.0,0,0,0
instance_0014.txt,aisle_first_random,column_generation,1.0,1.0,1.0,0,0,0
instance_0014.txt,aisle_first_random,diff,0.0,0.0,0.0,0,0,0
instance_0014.txt,aisle_first_random,diff_multi,0.0,0.0,0.0,0,0,0
instance_0014.txt,aisle_first_random,greedy_set_cover,1.0,1.0,1.0,0,0,0
instance_0014.txt,aisle_first_random,lagrangian_relaxation,1.0,1.0,1.0,0,0,0
instance_0014.txt,aisle_first_random,lp_aisle_focus,1.0,1.0,1.0,0,0,0
instance_0014.txt,aisle_first_random,min_aisle_cover,1.0,1.0,1.0,0,0,0
instance_0014.txt,aisle_first_random,similar,0.0,0.0,0.0,0,0,0
instance_0014.txt,aisle_first_random,similar_multi,0.0,0.0,0.0,0,0,0
instance_0014.txt,aisle_first_random,simple,0.0,0.0,0.0,0,0,0
instance_0014.txt,aisle_first_random,simple_multi,0.0,0.0,0.0,0,0,0
instance_0014.txt,column_generation,diff,0.0,0.0,0.0,0,0,0
instance_0014.txt,column_generation,diff_multi,0.0,0.0,0.0,0,0,0
instance_0014.txt,column_generation,greedy_set_cover,1.0,1.0,1.0,0,0,0
instance_0014.txt,column_generation,lagrangian_relaxation,1.0,1.0,1.0,0,0,0
instance_0014.txt,column_generation,lp_aisle_focus,1.0,1.0,1.0,0,0,0
instance_0014.txt,column_generation,min_aisle_cover,1.0,1.0,1.0,0,0,0
instance_0014.txt,column_generation,similar,0.0,0.0,0.0,0,0,0
instance_0014.txt,column_generation,similar_multi,0.0,0.0,0.0,0,0,0
instance_0014.txt,column_generation,simple,0.0,0.0,0.0,0,0,0
instance_0014.txt,column_generation,simple_multi,0.0,0.0,0.0,0,0,0
instance_0014.txt,diff,diff_multi,0.36146981627296587,0.9538461538461539,0.39473990457349006,3443,372,3392
instance_0014.txt,diff,greedy_set_cover,0.0,0.0,0.0,0,0,0
instance_0014.txt,diff,lagrangian_relaxation,0.0,0.0,0.0,0,0,0
instance_0014.txt,diff,lp_aisle_focus,0.0,0.0,0.0,0,0,0
instance_0014.txt,diff,min_aisle_cover,0.0,0.0,0.0,0,0,0
instance_0014.txt,diff,similar,0.3552714315657095,0.9540816326530612,0.39291109819872166,3390,374,3381
instance_0014.txt,diff,similar_multi,0.3545634301175981,0.9386189258312021,0.39151052509831136,3407,367,3385
instance_0014.txt,diff,simple,0.3563446475195822,0.9588688946015425,0.3916415836999305,3412,373,3383
instance_0014.txt,diff,simple_multi,0.3515714733214994,0.9564102564102565,0.38879240477017485,3367,373,3358
instance_0014.txt,diff_multi,greedy_set_cover,0.0,0.0,0.0,0,0,0
instance_0014.txt,diff_multi,lagrangian_relaxation,0.0,0.0,0.0,0,0,0
instance_0014.txt,diff_multi,lp_aisle_focus,0.0,0.0,0.0,0,0,0
instance_0014.txt,diff_multi,min_aisle_cover,0.0,0.0,0.0,0,0,0
instance_0014.txt,diff_multi,similar,0.3510016694490818,0.9538461538461539,0.38293696605864697,3364,372,3317
instance_0014.txt,diff_multi,similar_multi,0.3573586084782835,0.9333333333333333,0.38701118929518974,3431,364,3355
instance_0014.txt,diff_multi,simple,0.3557501824627255,0.9485861182519281,0.38890173410404627,3412,369,3364
instance_0014.txt,diff_multi,simple_multi,0.35479824378005437,0.9561855670103093,0.38959081952011126,3394,371,3361
instance_0014.txt,greedy_set_cover,lagrangian_relaxation,1.0,1.0,1.0,0,0,0
instance_0014.txt,greedy_set_cover,lp_aisle_focus,1.0,1.0,1.0,0,0,0
instance_0014.txt,greedy_set_cover,min_aisle_cover,1.0,1.0,1.0,0,0,0
instance_0014.txt,greedy_set_cover,similar,0.0,0.0,0.0,0,0,0
instance_0014.txt,greedy_set_cover,similar_multi,0.0,0.0,0.0,0,0,0
instance_0014.txt,greedy_set_cover,simple,0.0,0.0,0.0,0,0,0
instance_0014.txt,greedy_set_cover,simple_multi,0.0,0.0,0.0,0,0,0
instance_0014.txt,lagrangian_relaxation,lp_aisle_focus,1.0,1.0,1.0,0,0,0
instance_0014.txt,lagrangian_relaxation,min_aisle_cover,1.0,1.0,1.0,0,0,0
instance_0014.txt,lagrangian_relaxation,similar,0.0,0.0,0.0,0,0,0
instance_0014.txt,lagrangian_relaxation,similar_multi,0.0,0.0,0.0,0,0,0
instance_0014.txt,lagrangian_relaxation,simple,0.0,0.0,0.0,0,0,0
instance_0014.txt,lagrangian_relaxation,simple_multi,0.0,0.0,0.0,0,0,0
instance_0014.txt,lp_aisle_focus,min_aisle_cover,1.0,1.0,1.0,0,0,0
instance_0014.txt,lp_aisle_focus,similar,0.0,0.0,0.0,0,0,0
instance_0014.txt,lp_aisle_focus,similar_multi,0.0,0.0,0.0,0,0,0
instance_0014.txt,lp_aisle_focus,simple,0.0,0.0,0.0,0,0,0
instance_0014.txt,lp_aisle_focus,simple_multi,0.0,0.0,0.0,0,0,0
instance_0014.txt,min_aisle_cover,similar,0.0,0.0,0.0,0,0,0
instance_0014.txt,min_aisle_cover,similar_multi,0.0,0.0,0.0,0,0,0
instance_0014.txt,min_aisle_cover,simple,0.0,0.0,0.0,0,0,0
instance_0014.txt,min_aisle_cover,simple_multi,0.0,0.0,0.0,0,0,0
instance_0014.txt,similar,similar_multi,0.3545966228893058,0.958656330749354,0.38824751789425077,3402,371,3363
instance_0014.txt,similar,simple,0.34848169717138106,0.9438775510204082,0.38437608019357067,3351,370,3336
instance_0014.txt,similar,simple_multi,0.35443303290714734,0.9664948453608248,0.3918040399349896,3382,375,3375
instance_0014.txt,similar_multi,simple,0.36061301084236863,0.9483204134366925,0.3956717972456892,3459,367,3419
instance_0014.txt,similar_multi,simple_multi,0.3610965784241917,0.9458762886597938,0.3981642848843964,3451,367,3427
instance_0014.txt,simple,simple_multi,0.3587730318257956,0.9461538461538461,0.39521930842422837,3427,369,3406
instance_0015.txt,aisle_cluster_expansion,aisle_first_asc,0.0,0.0,0.0,0,0,0
instance_0015.txt,aisle_cluster_expansion,aisle_first_desc,0.0,0.0,0.0,0,0,0
instance_0015.txt,aisle_cluster_expansion,aisle_first_random,0.0,0.0,0.0,0,0,0
instance_0015.txt,aisle_cluster_expansion,column_generation,1.0,1.0,1.0,0,0,0
instance_0015.txt,aisle_cluster_expansion,diff,0.0,0.0,0.0,0,0,0
instance_0015.txt,aisle_cluster_expansion,diff_multi,0.0,0.0,0.0,0,0,0
instance_0015.txt,aisle_cluster_expansion,greedy_set_cover,1.0,1.0,1.0,0,0,0
instance_0015.txt,aisle_cluster_expansion,lagrangian_relaxation,1.0,1.0,1.0,0,0,0
instance_0015.txt,aisle_cluster_expansion,lp_aisle_focus,1.0,1.0,1.0,0,0,0
instance_0015.txt,aisle_cluster_expansion,min_aisle_cover,1.0,1.0,1.0,0,0,0
instance_0015.txt,aisle_cluster_expansion,similar,0.0,0.0,0.0,0,0,0
instance_0015.txt,aisle_cluster_expansion,similar_multi,0.0,0.0,0.0,0,0,0
instance_0015.txt,aisle_cluster_expansion,simple,0.0,0.0,0.0,0,0,0
instance_0015.txt,aisle_cluster_expansion,simple_multi,0.0,0.0,0.0,0,0,0
instance_0015.txt,aisle_first_asc,aisle_first_desc,0.9942196531791907,1.0,1.0,344,3,292
instance_0015.txt,aisle_first_asc,aisle_first_random,0.9942196531791907,1.0,1.0,344,3,292
instance_0015.txt,aisle_first_asc,column_generation,0.0,0.0,0.0,0,0,0
instance_0015.txt,aisle_first_asc,diff,0.04127465857359636,0.0084985835694051,0.04038772213247173,136,3,125
instance_0015.txt,aisle_first_asc,diff_multi,0.046625766871165646,0.008547008547008548,0.04548429319371728,152,3,139
instance_0015.txt,aisle_first_asc,greedy_set_cover,0.0,0.0,0.0,0,0,0
instance_0015.txt,aisle_first_asc,lagrangian_relaxation,0.0,0.0,0.0,0,0,0
instance_0015.txt,aisle_first_asc,lp_aisle_focus,0.0,0.0,0.0,0,0,0
instance_0015.txt,aisle_first_asc,min_aisle_cover,0.0,0.0,0.0,0,0,0
instance_0015.txt,aisle_first_asc,similar,0.05131337813072694,0.008426966292134831,0.05017921146953405,168,3,154
instance_0015.txt,aisle_first_asc,similar_multi,0.039401343921808184,0.008547008547008548,0.03812316715542522,129,3,117
instance_0015.txt,aisle_first_asc,simple,0.04254658385093168,0.0084985835694051,0.04363636363636364,137,3,132
instance_0015.txt,aisle_first_asc,simple_multi,0.040147103892123816,0.008595988538681949,0.04218443427076521,131,3,129
instance_0015.txt,aisle_first_desc,aisle_first_random,1.0,1.0,1.0,345,3,292
instance_0015.txt,aisle_first_desc,column_generation,0.0,0.0,0.0,0,0,0
instance_0015.txt,aisle_first_desc,diff,0.04095873786407767,0.0084985835694051,0.04038772213247173,135,3,125
instance_0015.txt,aisle_first_desc,diff_multi,0.046304814474087706,0.008547008547008548,0.04548429319371728,151,3,139
instance_0015.txt,aisle_first_desc,greedy_set_cover,0.0,0.0,0.0,0,0,0
instance_0015.txt,aisle_first_desc,lagrangian_relaxation,0.0,0.0,0.0,0,0,0
instance_0015.txt,aisle_first_desc,lp_aisle_focus,0.0,0.0,0.0,0,0,0
instance_0015.txt,aisle_first_desc,min_aisle_cover,0.0,0.0,0.0,0,0,0
instance_0015.txt,aisle_first_desc,similar,0.05131337813072694,0.008426966292134831,0.05017921146953405,168,3,154
instance_0015.txt,aisle_first_desc,similar_multi,0.039401343921808184,0.008547008547008548,0.03812316715542522,129,3,117
instance_0015.txt,aisle_first_desc,simple,0.04222291213908724,0.0084985835694051,0.04363636363636364,136,3,132
instance_0015.txt,aisle_first_desc,simple_multi,0.0404659717964439,0.008595988538681949,0.04218443427076521,132,3,129
instance_0015.txt,aisle_first_random,column_generation,0.0,0.0,0.0,0,0,0
instance_0015.txt,aisle_first_random,diff,0.04095873786407767,0.0084985835694051,0.04038772213247173,135,3,125
instance_0015.txt,aisle_first_random,diff_multi,0.046304814474087706,0.008547008547008548,0.04548429319371728,151,3,139
instance_0015.txt,aisle_first_random,greedy_set_cover,0.0,0.0,0.0,0,0,0
instance_0015.txt,aisle_first_random,lagrangian_relaxation,0.0,0.0,0.0,0,0,0
instance_0015.txt,aisle_first_random,lp_aisle_focus,0.0,0.0,0.0,0,0,0
instance_0015.txt,aisle_first_random,min_aisle_cover,0.0,0.0,0.0,0,0,0
instance_0015.txt,aisle_first_random,similar,0.05131337813072694,0.008426966292134831,0.05017921146953405,168,3,154
instance_0015.txt,aisle_first_random,similar_multi,0.039401343921808184,0.008547008547008548,0.03812316715542522,129,3,117
instance_0015.txt,aisle_first_random,simple,0.04222291213908724,0.0084985835694051,0.04363636363636364,136,3,132
instance_0015.txt,aisle_first_random,simple_multi,0.0404659717964439,0.008595988538681949,0.04218443427076521,132,3,129
instance_0015.txt,column_generation,diff,0.0,0.0,0.0,0,0,0
instance_0015.txt,column_generation,diff_multi,0.0,0.0,0.0,0,0,0
instance_0015.txt,column_generation,greedy_set_cover,1.0,1.0,1.0,0,0,0
instance_0015.txt,column_generation,lagrangian_relaxation,1.0,1.0,1.0,0,0,0
instance_0015.txt,column_generation,lp_aisle_focus,1.0,1.0,1.0,0,0,0
instance_0015.txt,column_generation,min_aisle_cover,1.0,1.0,1.0,0,0,0
instance_0015.txt,column_generation,similar,0.0,0.0,0.0,0,0,0
instance_0015.txt,column_generation,similar_multi,0.0,0.0,0.0,0,0,0
instance_0015.txt,column_generation,simple,0.0,0.0,0.0,0,0,0
instance_0015.txt,column_generation,simple_multi,0.0,0.0,0.0,0,0,0
instance_0015.txt,diff,diff_multi,0.26189499589827725,0.9027027027027027,0.29175897208684093,1277,334,1317
instance_0015.txt,diff,greedy_set_cover,0.0,0.0,0.0,0,0,0
instance_0015.txt,diff,lagrangian_relaxation,0.0,0.0,0.0,0,0,0
instance_0015.txt,diff,lp_aisle_focus,0.0,0.0,0.0,0,0,0
instance_0015.txt,diff,min_aisle_cover,0.0,0.0,0.0,0,0,0
instance_0015.txt,diff,similar,0.2644171779141104,0.9214092140921409,0.2959522229595222,1293,340,1338
instance_0015.txt,diff,similar_multi,0.27548266555947687,0.9130434782608695,0.30860867610699033,1327,336,1373
instance_0015.txt,diff,simple,0.27573221757322175,0.9289617486338798,0.30678998420933906,1318,340,1360
instance_0015.txt,diff,simple_multi,0.2582034454470878,0.9180327868852459,0.2857142857142857,1259,336,1294
instance_0015.txt,diff_multi,greedy_set_cover,0.0,0.0,0.0,0,0,0
instance_0015.txt,diff_multi,lagrangian_relaxation,0.0,0.0,0.0,0,0,0
instance_0015.txt,diff_multi,lp_aisle_focus,0.0,0.0,0.0,0,0,0
instance_0015.txt,diff_multi,min_aisle_cover,0.0,0.0,0.0,0,0,0
instance_0015.txt,diff_multi,similar,0.2683127572016461,0.9159891598915989,0.29702089817696753,1304,338,1336
instance_0015.txt,diff_multi,similar_multi,0.26785344649140963,0.9024390243902439,0.29919318691169877,1294,333,1335
instance_0015.txt,diff_multi,simple,0.2523691800576844,0.8975741239892183,0.28063943161634103,1225,333,1264
instance_0015.txt,diff_multi,simple_multi,0.26181142975036104,0.912568306010929,0.29390760990850257,1269,334,1317
instance_0015.txt,greedy_set_cover,lagrangian_relaxation,1.0,1.0,1.0,0,0,0
instance_0015.txt,greedy_set_cover,lp_aisle_focus,1.0,1.0,1.0,0,0,0
instance_0015.txt,greedy_set_cover,min_aisle_cover,1.0,1.0,1.0,0,0,0
instance_0015.txt,greedy_set_cover,similar,0.0,0.0,0.0,0,0,0
instance_0015.txt,greedy_set_cover,similar_multi,0.0,0.0,0.0,0,0,0
instance_0015.txt,greedy_set_cover,simple,0.0,0.0,0.0,0,0,0
instance_0015.txt,greedy_set_cover,simple_multi,0.0,0.0,0.0,0,0,0
instance_0015.txt,lagrangian_relaxation,lp_aisle_focus,1.0,1.0,1.0,0,0,0
instance_0015.txt,lagrangian_relaxation,min_aisle_cover,1.0,1.0,1.0,0,0,0
instance_0015.txt,lagrangian_relaxation,similar,0.0,0.0,0.0,0,0,0
instance_0015.txt,lagrangian_relaxation,similar_multi,0.0,0.0,0.0,0,0,0
instance_0015.txt,lagrangian_relaxation,simple,0.0,0.0,0.0,0,0,0
instance_0015.txt,lagrangian_relaxation,simple_multi,0.0,0.0,0.0,0,0,0
instance_0015.txt,lp_aisle_focus,min_aisle_cover,1.0,1.0,1.0,0,0,0
instance_0015.txt,lp_aisle_focus,similar,0.0,0.0,0.0,0,0,0
instance_0015.txt,lp_aisle_focus,similar_multi,0.0,0.0,0.0,0,0,0
instance_0015.txt,lp_aisle_focus,simple,0.0,0.0,0.0,0,0,0
instance_0015.txt,lp_aisle_focus,simple_multi,0.0,0.0,0.0,0,0,0
instance_0015.txt,min_aisle_cover,similar,0.0,0.0,0.0,0,0,0
instance_0015.txt,min_aisle_cover,similar_multi,0.0,0.0,0.0,0,0,0
instance_0015.txt,min_aisle_cover,simple,0.0,0.0,0.0,0,0,0
instance_0015.txt,min_aisle_cover,simple_multi,0.0,0.0,0.0,0,0,0
instance_0015.txt,similar,similar_multi,0.26828765711930763,0.9005376344086021,0.2996430165104864,1302,335,1343
instance_0015.txt,similar,simple,0.2627118644067797,0.9318801089918256,0.2925958965209634,1271,342,1312
instance_0015.txt,similar,simple_multi,0.2664331341438286,0.9157608695652174,0.2932297447280799,1293,337,1321
instance_0015.txt,similar_multi,simple,0.27067196985555786,0.8873994638069705,0.30678466076696165,1293,331,1352
instance_0015.txt,similar_multi,simple_multi,0.2540041067761807,0.9073569482288828,0.28245458573327425,1237,333,1275
instance_0015.txt,simple,simple_multi,0.2535677352637022,0.9128065395095368,0.2842809364548495,1226,335,1275
instance_0016.txt,aisle_cluster_expansion,aisle_first_asc,0.0,0.0,0.0,0,0,0
instance_0016.txt,aisle_cluster_expansion,aisle_first_desc,0.0,0.0,0.0,0,0,0
instance_0016.txt,aisle_cluster_expansion,aisle_first_random,0.0,0.0,0.0,0,0,0
instance_0016.txt,aisle_cluster_expansion,column_generation,0.0,0.0,0.0,0,0,0
instance_0016.txt,aisle_cluster_expansion,diff,0.0,0.0,0.0,0,0,0
instance_0016.txt,aisle_cluster_expansion,diff_multi,0.0,0.0,0.0,0,0,0
instance_0016.txt,aisle_cluster_expansion,greedy_set_cover,1.0,1.0,1.0,0,0,0
instance_0016.txt,aisle_cluster_expansion,lagrangian_relaxation,0.0,0.0,0.0,0,0,0
instance_0016.txt,aisle_cluster_expansion,lp_aisle_focus,0.0,0.0,0.0,0,0,0
instance_0016.txt,aisle_cluster_expansion,min_aisle_cover,1.0,1.0,1.0,0,0,0
instance_0016.txt,aisle_cluster_expansion,similar,0.0,0.0,0.0,0,0,0
instance_0016.txt,aisle_cluster_expansion,similar_multi,0.0,0.0,0.0,0,0,0
instance_0016.txt,aisle_cluster_expansion,simple,0.0,0.0,0.0,0,0,0
instance_0016.txt,aisle_cluster_expansion,simple_multi,0.0,0.0,0.0,0,0,0
instance_0016.txt,aisle_first_asc,aisle_first_desc,1.0,1.0,1.0,150,2,138
instance_0016.txt,aisle_first_asc,aisle_first_random,1.0,1.0,1.0,150,2,138
instance_0016.txt,aisle_first_asc,column_generation,0.1797752808988764,0.0,0.17338709677419356,48,0,43
instance_0016.txt,aisle_first_asc,diff,0.11615487316421896,0.02702702702702703,0.11814345991561181,87,2,84
instance_0016.txt,aisle_first_asc,diff_multi,0.11615487316421896,0.028169014084507043,0.1168289290681502,87,2,84
instance_0016.txt,aisle_first_asc,greedy_set_cover,0.0,0.0,0.0,0,0,0
instance_0016.txt,aisle_first_asc,lagrangian_relaxation,0.16556291390728478,0.0,0.14736842105263157,50,0,42
instance_0016.txt,aisle_first_asc,lp_aisle_focus,0.1797752808988764,0.0,0.17338709677419356,48,0,43
instance_0016.txt,aisle_first_asc,min_aisle_cover,0.0,0.0,0.0,0,0,0
instance_0016.txt,aisle_first_asc,similar,0.11615487316421896,0.02631578947368421,0.11781206171107994,87,2,84
instance_0016.txt,aisle_first_asc,similar_multi,0.12064343163538874,0.028985507246376812,0.11838440111420613,90,2,85
instance_0016.txt,aisle_first_asc,simple,0.1221476510067114,0.02666666666666667,0.12535211267605634,91,2,89
instance_0016.txt,aisle_first_asc,simple_multi,0.11615487316421896,0.028985507246376812,0.11484593837535013,87,2,82
instance_0016.txt,aisle_first_desc,aisle_first_random,1.0,1.0,1.0,150,2,138
instance_0016.txt,aisle_first_desc,column_generation,0.1797752808988764,0.0,0.17338709677419356,48,0,43
instance_0016.txt,aisle_first_desc,diff,0.11615487316421896,0.02702702702702703,0.11814345991561181,87,2,84
instance_0016.txt,aisle_first_desc,diff_multi,0.11615487316421896,0.028169014084507043,0.1168289290681502,87,2,84
instance_0016.txt,aisle_first_desc,greedy_set_cover,0.0,0.0,0.0,0,0,0
instance_0016.txt,aisle_first_desc,lagrangian_relaxation,0.16556291390728478,0.0,0.14736842105263157,50,0,42
instance_0016.txt,aisle_first_desc,lp_aisle_focus,0.1797752808988764,0.0,0.17338709677419356,48,0,43
instance_0016.txt,aisle_first_desc,min_aisle_cover,0.0,0.0,0.0,0,0,0
instance_0016.txt,aisle_first_desc,similar,0.11615487316421896,0.02631578947368421,0.11781206171107994,87,2,84
instance_0016.txt,aisle_first_desc,similar_multi,0.12064343163538874,0.028985507246376812,0.11838440111420613,90,2,85
instance_0016.txt,aisle_first_desc,simple,0.1221476510067114,0.02666666666666667,0.12535211267605634,91,2,89
instance_0016.txt,aisle_first_desc,simple_multi,0.11615487316421896,0.028985507246376812,0.11484593837535013,87,2,82
instance_0016.txt,aisle_first_random,column_generation,0.1797752808988764,0.0,0.17338709677419356,48,0,43
instance_0016.txt,aisle_first_random,diff,0.11615487316421896,0.02702702702702703,0.11814345991561181,87,2,84
instance_0016.txt,aisle_first_random,diff_multi,0.11615487316421896,0.028169014084507043,0.1168289290681502,87,2,84
instance_0016.txt,aisle_first_random,greedy_set_cover,0.0,0.0,0.0,0,0,0
instance_0016.txt,aisle_first_random,lagrangian_relaxation,0.16556291390728478,0.0,0.14736842105263157,50,0,42
instance_0016.txt,aisle_first_random,lp_aisle_focus,0.1797752808988764,0.0,0.17338709677419356,48,0,43
instance_0016.txt,aisle_first_random,min_aisle_cover,0.0,0.0,0.0,0,0,0
instance_0016.txt,aisle_first_random,similar,0.11615487316421896,0.02631578947368421,0.11781206171107994,87,2,84
instance_0016.txt,aisle_first_random,similar_multi,0.12064343163538874,0.028985507246376812,0.11838440111420613,90,2,85
instance_0016.txt,aisle_first_random,simple,0.1221476510067114,0.02666666666666667,0.12535211267605634,91,2,89
instance_0016.txt,aisle_first_random,simple_multi,0.11615487316421896,0.028985507246376812,0.11484593837535013,87,2,82
instance_0016.txt,column_generation,diff,0.14381720430107528,0.02702702702702703,0.1456859971711457,107,2,103
instance_0016.txt,column_generation,diff_multi,0.1301460823373174,0.028169014084507043,0.1376912378303199,98,2,99
instance_0016.txt,column_generation,greedy_set_cover,0.0,0.0,0.0,0,0,0
instance_0016.txt,column_generation,lagrangian_relaxation,0.14330218068535824,0.0,0.14381270903010032,46,0,43
instance_0016.txt,column_generation,lp_aisle_focus,1.0,1.0,1.0,165,2,153
instance_0016.txt,column_generation,min_aisle_cover,0.0,0.0,0.0,0,0,0
instance_0016.txt,column_generation,similar,0.11973684210526316,0.02631578947368421,0.12,91,2,87
instance_0016.txt,column_generation,similar_multi,0.12417437252311757,0.028985507246376812,0.1313969571230982,94,2,95
instance_0016.txt,column_generation,simple,0.1392235609103079,0.02666666666666667,0.13846153846153847,104,2,99
instance_0016.txt,column_generation,simple_multi,0.13315579227696406,0.028985507246376812,0.12952646239554316,100,2,93
instance_0016.txt,diff,diff_multi,0.4503171247357294,0.9333333333333333,0.46238938053097345,426,70,418
instance_0016.txt,diff,greedy_set_cover,0.0,0.0,0.0,0,0,0
instance_0016.txt,diff,lagrangian_relaxation,0.15324675324675324,0.04054054054054054,0.16049382716049382,118,3,117
instance_0016.txt,diff,lp_aisle_focus,0.14381720430107528,0.02702702702702703,0.1456859971711457,107,2,103
instance_0016.txt,diff,min_aisle_cover,0.0,0.0,0.0,0,0,0
instance_0016.txt,diff,similar,0.4595744680851064,0.9736842105263158,0.46711259754738016,432,74,419
instance_0016.txt,diff,similar_multi,0.464247598719317,0.9066666666666666,0.4770949720670391,435,68,427
instance_0016.txt,diff,simple,0.45493107104984093,0.9605263157894737,0.47262569832402235,429,73,423
instance_0016.txt,diff,simple_multi,0.45493107104984093,0.881578947368421,0.46763392857142855,429,67,419
instance_0016.txt,diff_multi,greedy_set_cover,0.0,0.0,0.0,0,0,0
instance_0016.txt,diff_multi,lagrangian_relaxation,0.14728682170542637,0.04225352112676056,0.14939434724091522,114,3,111
instance_0016.txt,diff_multi,lp_aisle_focus,0.1301460823373174,0.028169014084507043,0.1376912378303199,98,2,99
instance_0016.txt,diff_multi,min_aisle_cover,0.0,0.0,0.0,0,0,0
instance_0016.txt,diff_multi,similar,0.4564755838641189,0.9090909090909091,0.4711111111111111,430,70,424
instance_0016.txt,diff_multi,similar_multi,0.4442105263157895,0.8666666666666667,0.45993413830954993,422,65,419
instance_0016.txt,diff_multi,simple,0.45185185185185184,0.9466666666666667,0.47333333333333333,427,71,426
instance_0016.txt,diff_multi,simple_multi,0.4411764705882353,0.8666666666666667,0.45704845814977973,420,65,415
instance_0016.txt,greedy_set_cover,lagrangian_relaxation,0.0,0.0,0.0,0,0,0
instance_0016.txt,greedy_set_cover,lp_aisle_focus,0.0,0.0,0.0,0,0,0
instance_0016.txt,greedy_set_cover,min_aisle_cover,1.0,1.0,1.0,0,0,0
instance_0016.txt,greedy_set_cover,similar,0.0,0.0,0.0,0,0,0
instance_0016.txt,greedy_set_cover,similar_multi,0.0,0.0,0.0,0,0,0
instance_0016.txt,greedy_set_cover,simple,0.0,0.0,0.0,0,0,0
instance_0016.txt,greedy_set_cover,simple_multi,0.0,0.0,0.0,0,0,0
instance_0016.txt,lagrangian_relaxation,lp_aisle_focus,0.14330218068535824,0.0,0.14381270903010032,46,0,43
instance_0016.txt,lagrangian_relaxation,min_aisle_cover,0.0,0.0,0.0,0,0,0
instance_0016.txt,lagrangian_relaxation,similar,0.14877102199223805,0.039473684210526314,0.15061058344640435,115,3,111
instance_0016.txt,lagrangian_relaxation,similar_multi,0.17305151915455746,0.043478260869565216,0.1746905089408528,131,3,127
instance_0016.txt,lagrangian_relaxation,simple,0.16382699868938402,0.04,0.16598079561042525,125,3,121
instance_0016.txt,lagrangian_relaxation,simple_multi,0.1577574967405476,0.043478260869565216,0.15868673050615595,121,3,116
instance_0016.txt,lp_aisle_focus,min_aisle_cover,0.0,0.0,0.0,0,0,0
instance_0016.txt,lp_aisle_focus,similar,0.11973684210526316,0.02631578947368421,0.12,91,2,87
instance_0016.txt,lp_aisle_focus,similar_multi,0.12417437252311757,0.028985507246376812,0.1313969571230982,94,2,95
instance_0016.txt,lp_aisle_focus,simple,0.1392235609103079,0.02666666666666667,0.13846153846153847,104,2,99
instance_0016.txt,lp_aisle_focus,simple_multi,0.13315579227696406,0.028985507246376812,0.12952646239554316,100,2,93
instance_0016.txt,min_aisle_cover,similar,0.0,0.0,0.0,0,0,0
instance_0016.txt,min_aisle_cover,similar_multi,0.0,0.0,0.0,0,0,0
instance_0016.txt,min_aisle_cover,simple,0.0,0.0,0.0,0,0,0
instance_0016.txt,min_aisle_cover,simple_multi,0.0,0.0,0.0,0,0,0
instance_0016.txt,similar,similar_multi,0.42767950052029136,0.9078947368421053,0.4422657952069717,411,69,406
instance_0016.txt,similar,simple,0.4705251875669882,0.961038961038961,0.4798206278026906,439,74,428
instance_0016.txt,similar,simple_multi,0.43664921465968587,0.8831168831168831,0.4456641053787047,417,68,406
instance_0016.txt,similar_multi,simple,0.46112886048988283,0.92,0.4716981132075472,433,69,425
instance_0016.txt,similar_multi,simple_multi,0.43966421825813223,0.8648648648648649,0.45704845814977973,419,64,415
instance_0016.txt,simple,simple_multi,0.43664921465968587,0.92,0.45424476295479604,417,69,412
instance_0017.txt,aisle_cluster_expansion,aisle_first_asc,0.0,0.0,0.0,0,0,0
instance_0017.txt,aisle_cluster_expansion,aisle_first_desc,0.0,0.0,0.0,0,0,0
instance_0017.txt,aisle_cluster_expansion,aisle_first_random,0.0,0.0,0.0,0,0,0
instance_0017.txt,aisle_cluster_expansion,column_generation,0.0,0.0,0.0,0,0,0
instance_0017.txt,aisle_cluster_expansion,diff,0.0,0.0,0.0,0,0,0
instance_0017.txt,aisle_cluster_expansion,diff_multi,0.0,0.0,0.0,0,0,0
instance_0017.txt,aisle_cluster_expansion,greedy_set_cover,1.0,1.0,1.0,0,0,0
instance_0017.txt,aisle_cluster_expansion,lagrangian_relaxation,0.0,0.0,0.0,0,0,0
instance_0017.txt,aisle_cluster_expansion,lp_aisle_focus,0.0,0.0,0.0,0,0,0
instance_0017.txt,aisle_cluster_expansion,min_aisle_cover,0.0,0.0,0.0,0,0,0
instance_0017.txt,aisle_cluster_expansion,similar,0.0,0.0,0.0,0,0,0
instance_0017.txt,aisle_cluster_expansion,similar_multi,0.0,0.0,0.0,0,0,0
instance_0017.txt,aisle_cluster_expansion,simple,0.0,0.0,0.0,0,0,0
instance_0017.txt,aisle_cluster_expansion,simple_multi,0.0,0.0,0.0,0,0,0
instance_0017.txt,aisle_first_asc,aisle_first_desc,1.0,1.0,1.0,63,2,63
instance_0017.txt,aisle_first_asc,aisle_first_random,1.0,1.0,1.0,63,2,63
instance_0017.txt,aisle_first_asc,column_generation,0.5,0.3333333333333333,0.5057471264367817,44,1,44
instance_0017.txt,aisle_first_asc,diff,0.12796208530805686,0.0425531914893617,0.12796208530805686,27,2,27
instance_0017.txt,aisle_first_asc,diff_multi,0.1553398058252427,0.021739130434782608,0.1553398058252427,32,1,32
instance_0017.txt,aisle_first_asc,greedy_set_cover,0.0,0.0,0.0,0,0,0
instance_0017.txt,aisle_first_asc,lagrangian_relaxation,0.5287356321839081,0.3333333333333333,0.5348837209302325,46,1,46
instance_0017.txt,aisle_first_asc,lp_aisle_focus,0.5,0.3333333333333333,0.5057471264367817,44,1,44
instance_0017.txt,aisle_first_asc,min_aisle_cover,0.13875598086124402,0.043478260869565216,0.13942307692307693,29,2,29
instance_0017.txt,aisle_first_asc,similar,0.11214953271028037,0.0392156862745098,0.11214953271028037,24,2,24
instance_0017.txt,aisle_first_asc,similar_multi,0.14423076923076922,0.04081632653061224,0.14423076923076922,30,2,30
instance_0017.txt,aisle_first_asc,simple,0.13333333333333333,0.04081632653061224,0.1339712918660287,28,2,28
instance_0017.txt,aisle_first_asc,simple_multi,0.1497584541062802,0.021739130434782608,0.1497584541062802,31,1,31
instance_0017.txt,aisle_first_desc,aisle_first_random,1.0,1.0,1.0,63,2,63
instance_0017.txt,aisle_first_desc,column_generation,0.5,0.3333333333333333,0.5057471264367817,44,1,44
instance_0017.txt,aisle_first_desc,diff,0.12796208530805686,0.0425531914893617,0.12796208530805686,27,2,27
instance_0017.txt,aisle_first_desc,diff_multi,0.1553398058252427,0.021739130434782608,0.1553398058252427,32,1,32
instance_0017.txt,aisle_first_desc,greedy_set_cover,0.0,0.0,0.0,0,0,0
instance_0017.txt,aisle_first_desc,lagrangian_relaxation,0.5287356321839081,0.3333333333333333,0.5348837209302325,46,1,46
instance_0017.txt,aisle_first_desc,lp_aisle_focus,0.5,0.3333333333333333,0.5057471264367817,44,1,44
instance_0017.txt,aisle_first_desc,min_aisle_cover,0.13875598086124402,0.043478260869565216,0.13942307692307693,29,2,29
instance_0017.txt,aisle_first_desc,similar,0.11214953271028037,0.0392156862745098,0.11214953271028037,24,2,24
instance_0017.txt,aisle_first_desc,similar_multi,0.14423076923076922,0.04081632653061224,0.14423076923076922,30,2,30
instance_0017.txt,aisle_first_desc,simple,0.13333333333333333,0.04081632653061224,0.1339712918660287,28,2,28
instance_0017.txt,aisle_first_desc,simple_multi,0.1497584541062802,0.021739130434782608,0.1497584541062802,31,1,31
instance_0017.txt,aisle_first_random,column_generation,0.5,0.3333333333333333,0.5057471264367817,44,1,44
instance_0017.txt,aisle_first_random,diff,0.12796208530805686,0.0425531914893617,0.12796208530805686,27,2,27
instance_0017.txt,aisle_first_random,diff_multi,0.1553398058252427,0.021739130434782608,0.1553398058252427,32,1,32
instance_0017.txt,aisle_first_random,greedy_set_cover,0.0,0.0,0.0,0,0,0
instance_0017.txt,aisle_first_random,lagrangian_relaxation,0.5287356321839081,0.3333333333333333,0.5348837209302325,46,1,46
instance_0017.txt,aisle_first_random,lp_aisle_focus,0.5,0.3333333333333333,0.5057471264367817,44,1,44
instance_0017.txt,aisle_first_random,min_aisle_cover,0.13875598086124402,0.043478260869565216,0.13942307692307693,29,2,29
instance_0017.txt,aisle_first_random,similar,0.11214953271028037,0.0392156862745098,0.11214953271028037,24,2,24
instance_0017.txt,aisle_first_random,similar_multi,0.14423076923076922,0.04081632653061224,0.14423076923076922,30,2,30
instance_0017.txt,aisle_first_random,simple,0.13333333333333333,0.04081632653061224,0.1339712918660287,28,2,28
instance_0017.txt,aisle_first_random,simple_multi,0.1497584541062802,0.021739130434782608,0.1497584541062802,31,1,31
instance_0017.txt,column_generation,diff,0.14553990610328638,0.0425531914893617,0.14622641509433962,31,2,31
instance_0017.txt,column_generation,diff_multi,0.15639810426540285,0.044444444444444446,0.15714285714285714,33,2,33
instance_0017.txt,column_generation,greedy_set_cover,0.0,0.0,0.0,0,0,0
instance_0017.txt,column_generation,lagrangian_relaxation,0.5108695652173914,0.3333333333333333,0.5054945054945055,47,1,46
instance_0017.txt,column_generation,lp_aisle_focus,1.0,1.0,1.0,69,2,68
instance_0017.txt,column_generation,min_aisle_cover,0.17307692307692307,0.043478260869565216,0.17475728155339806,36,2,36
instance_0017.txt,column_generation,similar,0.11926605504587157,0.0392156862745098,0.11981566820276497,26,2,26
instance_0017.txt,column_generation,similar_multi,0.1674641148325359,0.04081632653061224,0.16826923076923078,35,2,35
instance_0017.txt,column_generation,simple,0.1509433962264151,0.04081632653061224,0.14691943127962084,32,2,31
instance_0017.txt,column_generation,simple_multi,0.17307692307692307,0.044444444444444446,0.17391304347826086,36,2,36
instance_0017.txt,diff,diff_multi,0.25,0.6428571428571429,0.25448028673835127,70,36,71
instance_0017.txt,diff,greedy_set_cover,0.0,0.0,0.0,0,0,0
instance_0017.txt,diff,lagrangian_relaxation,0.13953488372093023,0.0425531914893617,0.14018691588785046,30,2,30
instance_0017.txt,diff,lp_aisle_focus,0.14553990610328638,0.0425531914893617,0.14622641509433962,31,2,31
instance_0017.txt,diff,min_aisle_cover,0.25448028673835127,0.7547169811320755,0.259927797833935,71,40,72
instance_0017.txt,diff,similar,0.3157894736842105,0.7192982456140351,0.3157894736842105,84,41,84
instance_0017.txt,diff,similar_multi,0.2962962962962963,0.7454545454545455,0.2962962962962963,80,41,80
instance_0017.txt,diff,simple,0.23674911660777384,0.7142857142857143,0.2375886524822695,67,40,67
instance_0017.txt,diff,simple_multi,0.24555160142348753,0.6428571428571429,0.25,69,36,70
instance_0017.txt,diff_multi,greedy_set_cover,0.0,0.0,0.0,0,0,0
instance_0017.txt,diff_multi,lagrangian_relaxation,0.14485981308411214,0.044444444444444446,0.14553990610328638,31,2,31
instance_0017.txt,diff_multi,lp_aisle_focus,0.15639810426540285,0.044444444444444446,0.15714285714285714,33,2,33
instance_0017.txt,diff_multi,min_aisle_cover,0.30111524163568776,0.625,0.30711610486891383,81,35,82
instance_0017.txt,diff_multi,similar,0.25448028673835127,0.6842105263157895,0.2589928057553957,71,39,72
instance_0017.txt,diff_multi,similar_multi,0.30111524163568776,0.7090909090909091,0.30597014925373134,81,39,82
instance_0017.txt,diff_multi,simple,0.2589928057553957,0.7090909090909091,0.259927797833935,72,39,72
instance_0017.txt,diff_multi,simple_multi,0.24555160142348753,0.6666666666666666,0.25,69,36,70
instance_0017.txt,greedy_set_cover,lagrangian_relaxation,0.0,0.0,0.0,0,0,0
instance_0017.txt,greedy_set_cover,lp_aisle_focus,0.0,0.0,0.0,0,0,0
instance_0017.txt,greedy_set_cover,min_aisle_cover,0.0,0.0,0.0,0,0,0
instance_0017.txt,greedy_set_cover,similar,0.0,0.0,0.0,0,0,0
instance_0017.txt,greedy_set_cover,similar_multi,0.0,0.0,0.0,0,0,0
instance_0017.txt,greedy_set_cover,simple,0.0,0.0,0.0,0,0,0
instance_0017.txt,greedy_set_cover,simple_multi,0.0,0.0,0.0,0,0,0
instance_0017.txt,lagrangian_relaxation,lp_aisle_focus,0.5108695652173914,0.3333333333333333,0.5054945054945055,47,1,46
instance_0017.txt,lagrangian_relaxation,min_aisle_cover,0.1778846153846154,0.043478260869565216,0.1796116504854369,37,2,37
instance_0017.txt,lagrangian_relaxation,similar,0.12903225806451613,0.0392156862745098,0.12962962962962962,28,2,28
instance_0017.txt,lagrangian_relaxation,similar_multi,0.16113744075829384,0.04081632653061224,0.1619047619047619,34,2,34
instance_0017.txt,lagrangian_relaxation,simple,0.1722488038277512,0.04081632653061224,0.16826923076923078,36,2,35
instance_0017.txt,lagrangian_relaxation,simple_multi,0.16666666666666666,0.044444444444444446,0.1674641148325359,35,2,35
instance_0017.txt,lp_aisle_focus,min_aisle_cover,0.17307692307692307,0.043478260869565216,0.17475728155339806,36,2,36
instance_0017.txt,lp_aisle_focus,similar,0.11926605504587157,0.0392156862745098,0.11981566820276497,26,2,26
instance_0017.txt,lp_aisle_focus,similar_multi,0.1674641148325359,0.04081632653061224,0.16826923076923078,35,2,35
instance_0017.txt,lp_aisle_focus,simple,0.1509433962264151,0.04081632653061224,0.14691943127962084,32,2,31
instance_0017.txt,lp_aisle_focus,simple_multi,0.17307692307692307,0.044444444444444446,0.17391304347826086,36,2,36
instance_0017.txt,min_aisle_cover,similar,0.2152777777777778,0.6724137931034483,0.2202797202797203,62,39,63
instance_0017.txt,min_aisle_cover,similar_multi,0.2727272727272727,0.7272727272727273,0.2737226277372263,75,40,75
instance_0017.txt,min_aisle_cover,simple,0.2915129151291513,0.6101694915254238,0.2936802973977695,79,36,79
instance_0017.txt,min_aisle_cover,simple_multi,0.30111524163568776,0.6851851851851852,0.30711610486891383,81,37,82
instance_0017.txt,similar,similar_multi,0.2867647058823529,0.7241379310344828,0.2915129151291513,78,42,79
instance_0017.txt,similar,simple,0.21951219512195122,0.7241379310344828,0.22887323943661972,63,42,65
instance_0017.txt,similar,simple_multi,0.22807017543859648,0.5737704918032787,0.23674911660777384,65,35,67
instance_0017.txt,similar_multi,simple,0.28205128205128205,0.7192982456140351,0.28308823529411764,77,41,77
instance_0017.txt,similar_multi,simple_multi,0.30597014925373134,0.6785714285714286,0.31086142322097376,82,38,83
instance_0017.txt,simple,simple_multi,0.26353790613718414,0.7090909090909091,0.2644927536231884,73,39,73
instance_0018.txt,aisle_cluster_expansion,aisle_first_asc,0.0,0.0,0.0,0,0,0
instance_0018.txt,aisle_cluster_expansion,aisle_first_desc,0.0,0.0,0.0,0,0,0
instance_0018.txt,aisle_cluster_expansion,aisle_first_random,0.0,0.0,0.0,0,0,0
instance_0018.txt,aisle_cluster_expansion,column_generation,0.5074183976261127,0.375,0.49,342,3,294
instance_0018.txt,aisle_cluster_expansion,diff,0.1497134670487106,0.07228915662650602,0.15692554043234588,209,6,196
instance_0018.txt,aisle_cluster_expansion,diff_multi,0.1552346570397112,0.07407407407407407,0.1606133979015335,215,6,199
instance_0018.txt,aisle_cluster_expansion,greedy_set_cover,0.0,0.0,0.0,0,0,0
instance_0018.txt,aisle_cluster_expansion,lagrangian_relaxation,0.38303693570451436,0.2222222222222222,0.37209302325581395,280,2,240
instance_0018.txt,aisle_cluster_expansion,lp_aisle_focus,0.5074183976261127,0.375,0.49,342,3,294
instance_0018.txt,aisle_cluster_expansion,min_aisle_cover,0.0,0.0,0.0,0,0,0
instance_0018.txt,aisle_cluster_expansion,similar,0.15384615384615385,0.0759493670886076,0.16419141914191418,208,6,199
instance_0018.txt,aisle_cluster_expansion,similar_multi,0.15728715728715728,0.075,0.17019543973941367,218,6,209
instance_0018.txt,aisle_cluster_expansion,simple,0.16568047337278108,0.0759493670886076,0.17540983606557378,224,6,214
instance_0018.txt,aisle_cluster_expansion,simple_multi,0.15080527086383602,0.07058823529411765,0.16625716625716624,206,6,203
instance_0018.txt,aisle_first_asc,aisle_first_desc,1.0,1.0,1.0,0,0,0
instance_0018.txt,aisle_first_asc,aisle_first_random,1.0,1.0,1.0,0,0,0
instance_0018.txt,aisle_first_asc,column_generation,0.0,0.0,0.0,0,0,0
instance_0018.txt,aisle_first_asc,diff,0.0,0.0,0.0,0,0,0
instance_0018.txt,aisle_first_asc,diff_multi,0.0,0.0,0.0,0,0,0
instance_0018.txt,aisle_first_asc,greedy_set_cover,1.0,1.0,1.0,0,0,0
instance_0018.txt,aisle_first_asc,lagrangian_relaxation,0.0,0.0,0.0,0,0,0
instance_0018.txt,aisle_first_asc,lp_aisle_focus,0.0,0.0,0.0,0,0,0
instance_0018.txt,aisle_first_asc,min_aisle_cover,1.0,1.0,1.0,0,0,0
instance_0018.txt,aisle_first_asc,similar,0.0,0.0,0.0,0,0,0
instance_0018.txt,aisle_first_asc,similar_multi,0.0,0.0,0.0,0,0,0
instance_0018.txt,aisle_first_asc,simple,0.0,0.0,0.0,0,0,0
instance_0018.txt,aisle_first_asc,simple_multi,0.0,0.0,0.0,0,0,0
instance_0018.txt,aisle_first_desc,aisle_first_random,1.0,1.0,1.0,0,0,0
instance_0018.txt,aisle_first_desc,column_generation,0.0,0.0,0.0,0,0,0
instance_0018.txt,aisle_first_desc,diff,0.0,0.0,0.0,0,0,0
instance_0018.txt,aisle_first_desc,diff_multi,0.0,0.0,0.0,0,0,0
instance_0018.txt,aisle_first_desc,greedy_set_cover,1.0,1.0,1.0,0,0,0
instance_0018.txt,aisle_first_desc,lagrangian_relaxation,0.0,0.0,0.0,0,0,0
instance_0018.txt,aisle_first_desc,lp_aisle_focus,0.0,0.0,0.0,0,0,0
instance_0018.txt,aisle_first_desc,min_aisle_cover,1.0,1.0,1.0,0,0,0
instance_0018.txt,aisle_first_desc,similar,0.0,0.0,0.0,0,0,0
instance_0018.txt,aisle_first_desc,similar_multi,0.0,0.0,0.0,0,0,0
instance_0018.txt,aisle_first_desc,simple,0.0,0.0,0.0,0,0,0
instance_0018.txt,aisle_first_desc,simple_multi,0.0,0.0,0.0,0,0,0
instance_0018.txt,aisle_first_random,column_generation,0.0,0.0,0.0,0,0,0
instance_0018.txt,aisle_first_random,diff,0.0,0.0,0.0,0,0,0
instance_0018.txt,aisle_first_random,diff_multi,0.0,0.0,0.0,0,0,0
instance_0018.txt,aisle_first_random,greedy_set_cover,1.0,1.0,1.0,0,0,0
instance_0018.txt,aisle_first_random,lagrangian_relaxation,0.0,0.0,0.0,0,0,0
instance_0018.txt,aisle_first_random,lp_aisle_focus,0.0,0.0,0.0,0,0,0
instance_0018.txt,aisle_first_random,min_aisle_cover,1.0,1.0,1.0,0,0,0
instance_0018.txt,aisle_first_random,similar,0.0,0.0,0.0,0,0,0
instance_0018.txt,aisle_first_random,similar_multi,0.0,0.0,0.0,0,0,0
instance_0018.txt,aisle_first_random,simple,0.0,0.0,0.0,0,0,0
instance_0018.txt,aisle_first_random,simple_multi,0.0,0.0,0.0,0,0,0
instance_0018.txt,column_generation,diff,0.12781408859840232,0.060240963855421686,0.1348497156783103,176,5,166
instance_0018.txt,column_generation,diff_multi,0.150074294205052,0.06172839506172839,0.15833333333333333,202,5,190
instance_0018.txt,column_generation,greedy_set_cover,0.0,0.0,0.0,0,0,0
instance_0018.txt,column_generation,lagrangian_relaxation,0.41863905325443784,0.25,0.4114671163575042,283,2,244
instance_0018.txt,column_generation,lp_aisle_focus,1.0,1.0,1.0,482,5,423
instance_0018.txt,column_generation,min_aisle_cover,0.0,0.0,0.0,0,0,0
instance_0018.txt,column_generation,similar,0.13213213213213212,0.06329113924050633,0.14345637583892618,176,5,171
instance_0018.txt,column_generation,similar_multi,0.14792899408284024,0.0625,0.16331658291457288,200,5,195
instance_0018.txt,column_generation,simple,0.1493212669683258,0.06329113924050633,0.16080402010050251,198,5,192
instance_0018.txt,column_generation,simple_multi,0.13179448994787787,0.058823529411764705,0.14096185737976782,177,5,170
instance_0018.txt,diff,diff_multi,0.26524570751924215,0.9523809523809523,0.3000669792364367,448,80,448
instance_0018.txt,diff,greedy_set_cover,0.0,0.0,0.0,0,0,0
instance_0018.txt,diff,lagrangian_relaxation,0.12581818181818183,0.060240963855421686,0.13121434392828035,173,5,161
instance_0018.txt,diff,lp_aisle_focus,0.12781408859840232,0.060240963855421686,0.1348497156783103,176,5,166
instance_0018.txt,diff,min_aisle_cover,0.0,0.0,0.0,0,0,0
instance_0018.txt,diff,similar,0.2255990648743425,0.9285714285714286,0.25921052631578945,386,78,394
instance_0018.txt,diff,similar_multi,0.2579318448883666,0.9176470588235294,0.28732581287325815,439,78,433
instance_0018.txt,diff,simple,0.24440518256772673,0.9058823529411765,0.2819324950363997,415,77,426
instance_0018.txt,diff,simple_multi,0.2449822904368359,0.9534883720930233,0.2753143613500993,415,82,416
instance_0018.txt,diff_multi,greedy_set_cover,0.0,0.0,0.0,0,0,0
instance_0018.txt,diff_multi,lagrangian_relaxation,0.14381022979985175,0.06172839506172839,0.15564853556485356,194,5,186
instance_0018.txt,diff_multi,lp_aisle_focus,0.150074294205052,0.06172839506172839,0.15833333333333333,202,5,190
instance_0018.txt,diff_multi,min_aisle_cover,0.0,0.0,0.0,0,0,0
instance_0018.txt,diff_multi,similar,0.2371377882909521,0.8823529411764706,0.26964047936085217,401,75,405
instance_0018.txt,diff_multi,similar_multi,0.24403028538147933,0.872093023255814,0.27843915343915343,419,75,421
instance_0018.txt,diff_multi,simple,0.24365781710914455,0.8823529411764706,0.28324468085106386,413,75,426
instance_0018.txt,diff_multi,simple_multi,0.2553699284009546,0.9302325581395349,0.285140562248996,428,80,426
instance_0018.txt,greedy_set_cover,lagrangian_relaxation,0.0,0.0,0.0,0,0,0
instance_0018.txt,greedy_set_cover,lp_aisle_focus,0.0,0.0,0.0,0,0,0
instance_0018.txt,greedy_set_cover,min_aisle_cover,1.0,1.0,1.0,0,0,0
instance_0018.txt,greedy_set_cover,similar,0.0,0.0,0.0,0,0,0
instance_0018.txt,greedy_set_cover,similar_multi,0.0,0.0,0.0,0,0,0
instance_0018.txt,greedy_set_cover,simple,0.0,0.0,0.0,0,0,0
instance_0018.txt,greedy_set_cover,simple_multi,0.0,0.0,0.0,0,0,0
instance_0018.txt,lagrangian_relaxation,lp_aisle_focus,0.41863905325443784,0.25,0.4114671163575042,283,2,244
instance_0018.txt,lagrangian_relaxation,min_aisle_cover,0.0,0.0,0.0,0,0,0
instance_0018.txt,lagrangian_relaxation,similar,0.13433962264150942,0.06329113924050633,0.1455160744500846,178,5,172
instance_0018.txt,lagrangian_relaxation,similar_multi,0.1375,0.0625,0.14904246461282264,187,5,179
instance_0018.txt,lagrangian_relaxation,simple,0.15250379362670713,0.06329113924050633,0.17091836734693877,201,5,201
instance_0018.txt,lagrangian_relaxation,simple_multi,0.12891207153502235,0.058823529411764705,0.14393305439330545,173,5,172
instance_0018.txt,lp_aisle_focus,min_aisle_cover,0.0,0.0,0.0,0,0,0
instance_0018.txt,lp_aisle_focus,similar,0.13213213213213212,0.06329113924050633,0.14345637583892618,176,5,171
instance_0018.txt,lp_aisle_focus,similar_multi,0.14792899408284024,0.0625,0.16331658291457288,200,5,195
instance_0018.txt,lp_aisle_focus,simple,0.1493212669683258,0.06329113924050633,0.16080402010050251,198,5,192
instance_0018.txt,lp_aisle_focus,simple_multi,0.13179448994787787,0.058823529411764705,0.14096185737976782,177,5,170
instance_0018.txt,min_aisle_cover,similar,0.0,0.0,0.0,0,0,0
instance_0018.txt,min_aisle_cover,similar_multi,0.0,0.0,0.0,0,0,0
instance_0018.txt,min_aisle_cover,simple,0.0,0.0,0.0,0,0,0
instance_0018.txt,min_aisle_cover,simple_multi,0.0,0.0,0.0,0,0,0
instance_0018.txt,similar,similar_multi,0.2649366324683162,0.8928571428571429,0.2922033898305085,439,75,431
instance_0018.txt,similar,simple,0.24428399518652227,0.8809523809523809,0.27889784946236557,406,74,415
instance_0018.txt,similar,simple_multi,0.22130177514792898,0.9069767441860465,0.2578073089700997,374,78,388
instance_0018.txt,similar_multi,simple,0.2639138240574506,0.8928571428571429,0.2998652291105121,441,75,445
instance_0018.txt,similar_multi,simple_multi,0.2458628841607565,0.896551724137931,0.28447121820615795,416,78,425
instance_0018.txt,simple,simple_multi,0.247750449910018,0.8850574712643678,0.28418230563002683,413,77,424
instance_0019.txt,aisle_cluster_expansion,aisle_first_asc,1.0,1.0,1.0,184,1,169
instance_0019.txt,aisle_cluster_expansion,aisle_first_desc,1.0,1.0,1.0,184,1,169
instance_0019.txt,aisle_cluster_expansion,aisle_first_random,1.0,1.0,1.0,184,1,169
instance_0019.txt,aisle_cluster_expansion,column_generation,0.0,0.0,0.0,0,0,0
instance_0019.txt,aisle_cluster_expansion,diff,0.07112970711297072,0.009523809523809525,0.07540983606557378,68,1,69
instance_0019.txt,aisle_cluster_expansion,diff_multi,0.0644468313641246,0.009345794392523364,0.06802721088435375,60,1,60
instance_0019.txt,aisle_cluster_expansion,greedy_set_cover,0.0,0.0,0.0,0,0,0
instance_0019.txt,aisle_cluster_expansion,lagrangian_relaxation,0.6594982078853047,0.5,0.6550387596899225,184,1,169
instance_0019.txt,aisle_cluster_expansion,lp_aisle_focus,0.0,0.0,0.0,0,0,0
instance_0019.txt,aisle_cluster_expansion,min_aisle_cover,0.0,0.0,0.0,0,0,0
instance_0019.txt,aisle_cluster_expansion,similar,0.07089947089947089,0.00909090909090909,0.07497243660418963,67,1,68
instance_0019.txt,aisle_cluster_expansion,similar_multi,0.06398348813209494,0.009708737864077669,0.06903991370010787,62,1,64
instance_0019.txt,aisle_cluster_expansion,simple,0.06566200215285253,0.009615384615384616,0.07297605473204105,61,1,64
instance_0019.txt,aisle_cluster_expansion,simple_multi,0.06354166666666666,0.009523809523809525,0.064340239912759,61,1,59
instance_0019.txt,aisle_first_asc,aisle_first_desc,1.0,1.0,1.0,184,1,169
instance_0019.txt,aisle_first_asc,aisle_first_random,1.0,1.0,1.0,184,1,169
instance_0019.txt,aisle_first_asc,column_generation,0.0,0.0,0.0,0,0,0
instance_0019.txt,aisle_first_asc,diff,0.07112970711297072,0.009523809523809525,0.07540983606557378,68,1,69
instance_0019.txt,aisle_first_asc,diff_multi,0.0644468313641246,0.009345794392523364,0.06802721088435375,60,1,60
instance_0019.txt,aisle_first_asc,greedy_set_cover,0.0,0.0,0.0,0,0,0
instance_0019.txt,aisle_first_asc,lagrangian_relaxation,0.6594982078853047,0.5,0.6550387596899225,184,1,169
instance_0019.txt,aisle_first_asc,lp_aisle_focus,0.0,0.0,0.0,0,0,0
instance_0019.txt,aisle_first_asc,min_aisle_cover,0.0,0.0,0.0,0,0,0
instance_0019.txt,aisle_first_asc,similar,0.07089947089947089,0.00909090909090909,0.07497243660418963,67,1,68
instance_0019.txt,aisle_first_asc,similar_multi,0.06398348813209494,0.009708737864077669,0.06903991370010787,62,1,64
instance_0019.txt,aisle_first_asc,simple,0.06566200215285253,0.009615384615384616,0.07297605473204105,61,1,64
instance_0019.txt,aisle_first_asc,simple_multi,0.06354166666666666,0.009523809523809525,0.064340239912759,61,1,59
instance_0019.txt,aisle_first_desc,aisle_first_random,1.0,1.0,1.0,184,1,169
instance_0019.txt,aisle_first_desc,column_generation,0.0,0.0,0.0,0,0,0
instance_0019.txt,aisle_first_desc,diff,0.07112970711297072,0.009523809523809525,0.07540983606557378,68,1,69
instance_0019.txt,aisle_first_desc,diff_multi,0.0644468313641246,0.009345794392523364,0.06802721088435375,60,1,60
instance_0019.txt,aisle_first_desc,greedy_set_cover,0.0,0.0,0.0,0,0,0
instance_0019.txt,aisle_first_desc,lagrangian_relaxation,0.6594982078853047,0.5,0.6550387596899225,184,1,169
instance_0019.txt,aisle_first_desc,lp_aisle_focus,0.0,0.0,0.0,0,0,0
instance_0019.txt,aisle_first_desc,min_aisle_cover,0.0,0.0,0.0,0,0,0
instance_0019.txt,aisle_first_desc,similar,0.07089947089947089,0.00909090909090909,0.07497243660418963,67,1,68
instance_0019.txt,aisle_first_desc,similar_multi,0.06398348813209494,0.009708737864077669,0.06903991370010787,62,1,64
instance_0019.txt,aisle_first_desc,simple,0.06566200215285253,0.009615384615384616,0.07297605473204105,61,1,64
instance_0019.txt,aisle_first_desc,simple_multi,0.06354166666666666,0.009523809523809525,0.064340239912759,61,1,59
instance_0019.txt,aisle_first_random,column_generation,0.0,0.0,0.0,0,0,0
instance_0019.txt,aisle_first_random,diff,0.07112970711297072,0.009523809523809525,0.07540983606557378,68,1,69
instance_0019.txt,aisle_first_random,diff_multi,0.0644468313641246,0.009345794392523364,0.06802721088435375,60,1,60
instance_0019.txt,aisle_first_random,greedy_set_cover,0.0,0.0,0.0,0,0,0
instance_0019.txt,aisle_first_random,lagrangian_relaxation,0.6594982078853047,0.5,0.6550387596899225,184,1,169
instance_0019.txt,aisle_first_random,lp_aisle_focus,0.0,0.0,0.0,0,0,0
instance_0019.txt,aisle_first_random,min_aisle_cover,0.0,0.0,0.0,0,0,0
instance_0019.txt,aisle_first_random,similar,0.07089947089947089,0.00909090909090909,0.07497243660418963,67,1,68
instance_0019.txt,aisle_first_random,similar_multi,0.06398348813209494,0.009708737864077669,0.06903991370010787,62,1,64
instance_0019.txt,aisle_first_random,simple,0.06566200215285253,0.009615384615384616,0.07297605473204105,61,1,64
instance_0019.txt,aisle_first_random,simple_multi,0.06354166666666666,0.009523809523809525,0.064340239912759,61,1,59
instance_0019.txt,column_generation,diff,0.0,0.0,0.0,0,0,0
instance_0019.txt,column_generation,diff_multi,0.0,0.0,0.0,0,0,0
instance_0019.txt,column_generation,greedy_set_cover,1.0,1.0,1.0,0,0,0
instance_0019.txt,column_generation,lagrangian_relaxation,0.0,0.0,0.0,0,0,0
instance_0019.txt,column_generation,lp_aisle_focus,1.0,1.0,1.0,0,0,0
instance_0019.txt,column_generation,min_aisle_cover,1.0,1.0,1.0,0,0,0
instance_0019.txt,column_generation,similar,0.0,0.0,0.0,0,0,0
instance_0019.txt,column_generation,similar_multi,0.0,0.0,0.0,0,0,0
instance_0019.txt,column_generation,simple,0.0,0.0,0.0,0,0,0
instance_0019.txt,column_generation,simple_multi,0.0,0.0,0.0,0,0,0
instance_0019.txt,diff,diff_multi,0.2154981549815498,0.8596491228070176,0.23868954758190328,292,98,306
instance_0019.txt,diff,greedy_set_cover,0.0,0.0,0.0,0,0,0
instance_0019.txt,diff,lagrangian_relaxation,0.0949119373776908,0.01904761904761905,0.10277492291880781,97,2,100
instance_0019.txt,diff,lp_aisle_focus,0.0,0.0,0.0,0,0,0
instance_0019.txt,diff,min_aisle_cover,0.0,0.0,0.0,0,0,0
instance_0019.txt,diff,similar,0.23190546528803546,0.8220338983050848,0.2536736272235112,314,97,328
instance_0019.txt,diff,similar_multi,0.2198120028922632,0.808695652173913,0.24297646165527714,304,93,320
instance_0019.txt,diff,simple,0.24226415094339623,0.8495575221238938,0.26252983293556087,321,96,330
instance_0019.txt,diff,simple_multi,0.2240875912408759,0.8584070796460177,0.24291187739463602,307,97,317
instance_0019.txt,diff_multi,greedy_set_cover,0.0,0.0,0.0,0,0,0
instance_0019.txt,diff_multi,lagrangian_relaxation,0.10030395136778116,0.018691588785046728,0.10267379679144385,99,2,96
instance_0019.txt,diff_multi,lp_aisle_focus,0.0,0.0,0.0,0,0,0
instance_0019.txt,diff_multi,min_aisle_cover,0.0,0.0,0.0,0,0,0
instance_0019.txt,diff_multi,similar,0.2111111111111111,0.8547008547008547,0.22498060512024826,285,100,290
instance_0019.txt,diff_multi,similar_multi,0.22700296735905046,0.8103448275862069,0.24414976599063962,306,94,313
instance_0019.txt,diff_multi,simple,0.19658753709198812,0.8189655172413793,0.21176470588235294,265,95,270
instance_0019.txt,diff_multi,simple_multi,0.22686567164179106,0.8275862068965517,0.24311565696302123,304,96,309
instance_0019.txt,greedy_set_cover,lagrangian_relaxation,0.0,0.0,0.0,0,0,0
instance_0019.txt,greedy_set_cover,lp_aisle_focus,1.0,1.0,1.0,0,0,0
instance_0019.txt,greedy_set_cover,min_aisle_cover,1.0,1.0,1.0,0,0,0
instance_0019.txt,greedy_set_cover,similar,0.0,0.0,0.0,0,0,0
instance_0019.txt,greedy_set_cover,similar_multi,0.0,0.0,0.0,0,0,0
instance_0019.txt,greedy_set_cover,simple,0.0,0.0,0.0,0,0,0
instance_0019.txt,greedy_set_cover,simple_multi,0.0,0.0,0.0,0,0,0
instance_0019.txt,lagrangian_relaxation,lp_aisle_focus,0.0,0.0,0.0,0,0,0
instance_0019.txt,lagrangian_relaxation,min_aisle_cover,0.0,0.0,0.0,0,0,0
instance_0019.txt,lagrangian_relaxation,similar,0.1036889332003988,0.01818181818181818,0.11064718162839249,104,2,106
instance_0019.txt,lagrangian_relaxation,similar_multi,0.09426627793974733,0.019417475728155338,0.10204081632653061,97,2,100
instance_0019.txt,lagrangian_relaxation,simple,0.10040567951318459,0.019230769230769232,0.10752688172043011,99,2,100
instance_0019.txt,lagrangian_relaxation,simple_multi,0.0984251968503937,0.01904761904761905,0.10248447204968944,100,2,99
instance_0019.txt,lp_aisle_focus,min_aisle_cover,1.0,1.0,1.0,0,0,0
instance_0019.txt,lp_aisle_focus,similar,0.0,0.0,0.0,0,0,0
instance_0019.txt,lp_aisle_focus,similar_multi,0.0,0.0,0.0,0,0,0
instance_0019.txt,lp_aisle_focus,simple,0.0,0.0,0.0,0,0,0
instance_0019.txt,lp_aisle_focus,simple_multi,0.0,0.0,0.0,0,0,0
instance_0019.txt,min_aisle_cover,similar,0.0,0.0,0.0,0,0,0
instance_0019.txt,min_aisle_cover,similar_multi,0.0,0.0,0.0,0,0,0
instance_0019.txt,min_aisle_cover,simple,0.0,0.0,0.0,0,0,0
instance_0019.txt,min_aisle_cover,simple_multi,0.0,0.0,0.0,0,0,0
instance_0019.txt,similar,similar_multi,0.2708649468892261,0.8205128205128205,0.2849250197316496,357,96,361
instance_0019.txt,similar,simple,0.2112676056338028,0.7983193277310925,0.22801556420233463,285,95,293
instance_0019.txt,similar,simple_multi,0.22246696035242292,0.8067226890756303,0.234123947972456,303,96,306
instance_0019.txt,similar_multi,simple,0.2199261992619926,0.8,0.23565891472868217,298,92,304
instance_0019.txt,similar_multi,simple_multi,0.22561863173216884,0.7777777777777778,0.24067022086824066,310,91,316
instance_0019.txt,simple,simple_multi,0.2334834834834835,0.8495575221238938,0.24723538704581358,311,96,313
instance_0020.txt,aisle_cluster_expansion,aisle_first_asc,1.0,1.0,1.0,4,2,5
instance_0020.txt,aisle_cluster_expansion,aisle_first_desc,0.5,0.0,0.8,2,0,4
instance_0020.txt,aisle_cluster_expansion,aisle_first_random,1.0,1.0,1.0,4,2,5
instance_0020.txt,aisle_cluster_expansion,column_generation,1.0,1.0,1.0,4,2,5
instance_0020.txt,aisle_cluster_expansion,diff,1.0,0.25,1.0,4,1,5
instance_0020.txt,aisle_cluster_expansion,diff_multi,0.4,0.25,0.8,2,1,4
instance_0020.txt,aisle_cluster_expansion,greedy_set_cover,0.5,0.0,0.8,2,0,4
instance_0020.txt,aisle_cluster_expansion,lagrangian_relaxation,1.0,1.0,1.0,4,2,5
instance_0020.txt,aisle_cluster_expansion,lp_aisle_focus,1.0,1.0,1.0,4,2,5
instance_0020.txt,aisle_cluster_expansion,min_aisle_cover,1.0,1.0,1.0,4,2,5
instance_0020.txt,aisle_cluster_expansion,similar,0.4,0.25,0.8,2,1,4
instance_0020.txt,aisle_cluster_expansion,similar_multi,1.0,1.0,1.0,4,2,5
instance_0020.txt,aisle_cluster_expansion,simple,0.6,0.25,1.0,3,1,5
instance_0020.txt,aisle_cluster_expansion,simple_multi,1.0,1.0,1.0,4,2,5
instance_0020.txt,aisle_first_asc,aisle_first_desc,0.5,0.0,0.8,2,0,4
instance_0020.txt,aisle_first_asc,aisle_first_random,1.0,1.0,1.0,4,2,5
instance_0020.txt,aisle_first_asc,column_generation,1.0,1.0,1.0,4,2,5
instance_0020.txt,aisle_first_asc,diff,1.0,0.25,1.0,4,1,5
instance_0020.txt,aisle_first_asc,diff_multi,0.4,0.25,0.8,2,1,4
instance_0020.txt,aisle_first_asc,greedy_set_cover,0.5,0.0,0.8,2,0,4
instance_0020.txt,aisle_first_asc,lagrangian_relaxation,1.0,1.0,1.0,4,2,5
instance_0020.txt,aisle_first_asc,lp_aisle_focus,1.0,1.0,1.0,4,2,5
instance_0020.txt,aisle_first_asc,min_aisle_cover,1.0,1.0,1.0,4,2,5
instance_0020.txt,aisle_first_asc,similar,0.4,0.25,0.8,2,1,4
instance_0020.txt,aisle_first_asc,similar_multi,1.0,1.0,1.0,4,2,5
instance_0020.txt,aisle_first_asc,simple,0.6,0.25,1.0,3,1,5
instance_0020.txt,aisle_first_asc,simple_multi,1.0,1.0,1.0,4,2,5
instance_0020.txt,aisle_first_desc,aisle_first_random,0.5,0.0,0.8,2,0,4
instance_0020.txt,aisle_first_desc,column_generation,0.5,0.0,0.8,2,0,4
instance_0020.txt,aisle_first_desc,diff,0.5,0.3333333333333333,0.8,2,1,4
instance_0020.txt,aisle_first_desc,diff_multi,0.25,0.3333333333333333,0.6,1,1,3
instance_0020.txt,aisle_first_desc,greedy_set_cover,1.0,1.0,1.0,2,1,4
instance_0020.txt,aisle_first_desc,lagrangian_relaxation,0.5,0.0,0.8,2,0,4
instance_0020.txt,aisle_first_desc,lp_aisle_focus,0.5,0.0,0.8,2,0,4
instance_0020.txt,aisle_first_desc,min_aisle_cover,0.5,0.0,0.8,2,0,4
instance_0020.txt,aisle_first_desc,similar,0.25,0.3333333333333333,0.6,1,1,3
instance_0020.txt,aisle_first_desc,similar_multi,0.5,0.0,0.8,2,0,4
instance_0020.txt,aisle_first_desc,simple,0.5,0.3333333333333333,0.8,2,1,4
instance_0020.txt,aisle_first_desc,simple_multi,0.5,0.0,0.8,2,0,4
instance_0020.txt,aisle_first_random,column_generation,1.0,1.0,1.0,4,2,5
instance_0020.txt,aisle_first_random,diff,1.0,0.25,1.0,4,1,5
instance_0020.txt,aisle_first_random,diff_multi,0.4,0.25,0.8,2,1,4
instance_0020.txt,aisle_first_random,greedy_set_cover,0.5,0.0,0.8,2,0,4
instance_0020.txt,aisle_first_random,lagrangian_relaxation,1.0,1.0,1.0,4,2,5
instance_0020.txt,aisle_first_random,lp_aisle_focus,1.0,1.0,1.0,4,2,5
instance_0020.txt,aisle_first_random,min_aisle_cover,1.0,1.0,1.0,4,2,5
instance_0020.txt,aisle_first_random,similar,0.4,0.25,0.8,2,1,4
instance_0020.txt,aisle_first_random,similar_multi,1.0,1.0,1.0,4,2,5
instance_0020.txt,aisle_first_random,simple,0.6,0.25,1.0,3,1,5
instance_0020.txt,aisle_first_random,simple_multi,1.0,1.0,1.0,4,2,5
instance_0020.txt,column_generation,diff,1.0,0.25,1.0,4,1,5
instance_0020.txt,column_generation,diff_multi,0.4,0.25,0.8,2,1,4
instance_0020.txt,column_generation,greedy_set_cover,0.5,0.0,0.8,2,0,4
instance_0020.txt,column_generation,lagrangian_relaxation,1.0,1.0,1.0,4,2,5
instance_0020.txt,column_generation,lp_aisle_focus,1.0,1.0,1.0,4,2,5
instance_0020.txt,column_generation,min_aisle_cover,1.0,1.0,1.0,4,2,5
instance_0020.txt,column_generation,similar,0.4,0.25,0.8,2,1,4
instance_0020.txt,column_generation,similar_multi,1.0,1.0,1.0,4,2,5
instance_0020.txt,column_generation,simple,0.6,0.25,1.0,3,1,5
instance_0020.txt,column_generation,simple_multi,1.0,1.0,1.0,4,2,5
instance_0020.txt,diff,diff_multi,0.4,1.0,0.8,2,3,4
instance_0020.txt,diff,greedy_set_cover,0.5,0.3333333333333333,0.8,2,1,4
instance_0020.txt,diff,lagrangian_relaxation,1.0,0.25,1.0,4,1,5
instance_0020.txt,diff,lp_aisle_focus,1.0,0.25,1.0,4,1,5
instance_0020.txt,diff,min_aisle_cover,1.0,0.25,1.0,4,1,5
instance_0020.txt,diff,similar,0.4,1.0,0.8,2,3,4
instance_0020.txt,diff,similar_multi,1.0,0.25,1.0,4,1,5
instance_0020.txt,diff,simple,0.6,0.5,1.0,3,2,5
instance_0020.txt,diff,simple_multi,1.0,0.25,1.0,4,1,5
instance_0020.txt,diff_multi,greedy_set_cover,0.25,0.3333333333333333,0.6,1,1,3
instance_0020.txt,diff_multi,lagrangian_relaxation,0.4,0.25,0.8,2,1,4
instance_0020.txt,diff_multi,lp_aisle_focus,0.4,0.25,0.8,2,1,4
instance_0020.txt,diff_multi,min_aisle_cover,0.4,0.25,0.8,2,1,4
instance_0020.txt,diff_multi,similar,1.0,1.0,1.0,3,3,4
instance_0020.txt,diff_multi,similar_multi,0.4,0.25,0.8,2,1,4
instance_0020.txt,diff_multi,simple,0.4,0.5,0.8,2,2,4
instance_0020.txt,diff_multi,simple_multi,0.4,0.25,0.8,2,1,4
instance_0020.txt,greedy_set_cover,lagrangian_relaxation,0.5,0.0,0.8,2,0,4
instance_0020.txt,greedy_set_cover,lp_aisle_focus,0.5,0.0,0.8,2,0,4
instance_0020.txt,greedy_set_cover,min_aisle_cover,0.5,0.0,0.8,2,0,4
instance_0020.txt,greedy_set_cover,similar,0.25,0.3333333333333333,0.6,1,1,3
instance_0020.txt,greedy_set_cover,similar_multi,0.5,0.0,0.8,2,0,4
instance_0020.txt,greedy_set_cover,simple,0.5,0.3333333333333333,0.8,2,1,4
instance_0020.txt,greedy_set_cover,simple_multi,0.5,0.0,0.8,2,0,4
instance_0020.txt,lagrangian_relaxation,lp_aisle_focus,1.0,1.0,1.0,4,2,5
instance_0020.txt,lagrangian_relaxation,min_aisle_cover,1.0,1.0,1.0,4,2,5
instance_0020.txt,lagrangian_relaxation,similar,0.4,0.25,0.8,2,1,4
instance_0020.txt,lagrangian_relaxation,similar_multi,1.0,1.0,1.0,4,2,5
instance_0020.txt,lagrangian_relaxation,simple,0.6,0.25,1.0,3,1,5
instance_0020.txt,lagrangian_relaxation,simple_multi,1.0,1.0,1.0,4,2,5
instance_0020.txt,lp_aisle_focus,min_aisle_cover,1.0,1.0,1.0,4,2,5
instance_0020.txt,lp_aisle_focus,similar,0.4,0.25,0.8,2,1,4
instance_0020.txt,lp_aisle_focus,similar_multi,1.0,1.0,1.0,4,2,5
instance_0020.txt,lp_aisle_focus,simple,0.6,0.25,1.0,3,1,5
instance_0020.txt,lp_aisle_focus,simple_multi,1.0,1.0,1.0,4,2,5
instance_0020.txt,min_aisle_cover,similar,0.4,0.25,0.8,2,1,4
instance_0020.txt,min_aisle_cover,similar_multi,1.0,1.0,1.0,4,2,5
instance_0020.txt,min_aisle_cover,simple,0.6,0.25,1.0,3,1,5
instance_0020.txt,min_aisle_cover,simple_multi,1.0,1.0,1.0,4,2,5
instance_0020.txt,similar,similar_multi,0.4,0.25,0.8,2,1,4
instance_0020.txt,similar,simple,0.4,0.5,0.8,2,2,4
instance_0020.txt,similar,simple_multi,0.4,0.25,0.8,2,1,4
instance_0020.txt,similar_multi,simple,0.6,0.25,1.0,3,1,5
instance_0020.txt,similar_multi,simple_multi,1.0,1.0,1.0,4,2,5
instance_0020.txt,simple,simple_multi,0.6,0.25,1.0,3,1,5
